Original,Perturbed,Is_Equivalent
(+-2.28-8.71+2.13)-1.19/7.9*8.42+3.33+(6.26-9.45+4.57+(3.55/7.26)+0.75)*6.88,(+-2.28-8.71+2.13)-1.19/7.9*8.42+3.33+(6.26-9.45+4.57+(3.55/7.26)+0.75)*6.88,False
7.73/1.54+6.96+2.17*4.95///(1.52*4.91)*(1.84-0.27/7.82+(0.3-6.39*(2.13+5.72))),7.73/1.54+6.96+2.17*4.95///(1.52*4.91)*(1.84-0.27/7.82+(0.3-6.39*(2.13+5.72))),True
9.12-(5.81*(7.4+6.15*8.11*8.18+0.86)+0.98*(+/(8.08*5.05)-3.97-5.09*1.57-0.11)),9.12-(5.81*(7.4+6.15*8.11*8.18+0.86)+0.98*(+/(8.08*5.05)-3.97-5.09*1.57-0.11)),False
7.28+//8.36-7.2+1.92-5.91+6.46*3.37-4.58-(9.2/1.51/3.51-1.38/(1.71-9.24)),7.28+//8.36-7.2+1.92-5.91+6.46*3.37-4.58-(9.2/1.51/3.51-1.38/(1.71-9.24)),True
6.72+2.24+4.45/4.89+8.62/5.76*1.92*2.51**+1.07+4.62*2.34/7.49-(0.47*2.09),6.72+2.24+4.45/4.89+8.62/5.76*1.92*2.51**+1.07+4.62*2.34/7.49-(0.47*2.09),False
0.5-(6.7*3.87*5.53/(6.49/1.35)-5.8*7.88/1.91/4.6)-0.54*6.04+5.34+6.06+5.45,0.5-(6.7*3.87*5.53/(6.49/1.35)-5.8*7.88/1.91/4.6)-0.54*6.04+5.34+6.06+5.45,True
4.56-(7.55/+)*4.29+5.04*5.11+6.87+5.34/7.09/7.08/3.38/1.99/3.07/4.65*4.46,4.56-(7.55/+)*4.29+5.04*5.11+6.87+5.34/7.09/7.08/3.38/1.99/3.07/4.65*4.46,True
1.74+3.02*-+8.81-2.87/(5.12/8.04*0.52+8.95-2.08/1.14*9.22*8.6/8.48+4.0),1.74+3.02*-+8.81-2.87/(5.12/8.04*0.52+8.95-2.08/1.14*9.22*8.6/8.48+4.0),False
8.78+4.47/6.74-7.27+0.52-7.4/7.4/4.62+(7.5+6.61/(9.95/9.17+9.38+9.26*7.96)),8.78+4.47/6.74-7.27+0.52-7.4/7.4/4.62+(7.5+6.61/(9.95/9.17+9.38+9.26*7.96)),False
4.37*0.84/(5.56+5.69/8.7/6.33*9.04*(0.56-5.07/9.94*5.41)-(8.42*7.54)*9.29-0.7),4.37*0.84/(5.56+5.69/8.7/6.33*9.04*(0.56-5.07/9.94*5.41)-(8.42*7.54)*9.29-0.7),True
2.49+-+3.96/(3.74/9.59/2.44+7.84+-+3.34-2.35/7.47/2.49/6.59+0.98)-(3.15),2.49+-+3.96/(3.74/9.59/2.44+7.84+-+3.34-2.35/7.47/2.49/6.59+0.98)-(3.15),False
(8.06/5.94*0.46+(9.71-1.04/5.18-7.75)+0.91*3.59*++3.71+0.59)/6.27/2.25/(2.95),(8.06/5.94*0.46+(9.71-1.04/5.18-7.75)+0.91*3.59*++3.71+0.59)/6.27/2.25/(2.95),False
(0.87/8.03-(9.53*3.27)+(5.96/1.67+(8.86+/-7.94*9.16+7.96/6.75*2.89-1.75+(7.14)))),(0.87/8.03-(9.53*3.27)+(5.96/1.67+(8.86+/-7.94*9.16+7.96/6.75*2.89-1.75+(7.14)))),False
5.22*0.51-3.6-1.63+9.85+(5.93+(1.3/5.4-2.23/-)/4.25*(3.75*8.57*6.5)-8.86),5.22*0.51-3.6-1.63+9.85+(5.93+(1.3/5.4-2.23/-)/4.25*(3.75*8.57*6.5)-8.86),False
(3.13/1.94)+2.81+1.2*5.99*1.01-4.5+7.6-3.99/7.44/(3.77/9.73-7.46-7.38-2.17),(3.13/1.94)+2.81+1.2*5.99*1.01-4.5+7.6-3.99/7.44/(3.77/9.73-7.46-7.38-2.17),True
1.69+4.97*3.66/2.53*1.38-9.14*(3.14*7.95-0.68-7.1)+2.26*(+-4.96+4.28*8.83),1.69+4.97*3.66/2.53*1.38-9.14*(3.14*7.95-0.68-7.1)+2.26*(+-4.96+4.28*8.83),True
0.64/1.79-1.54+(3.12*(7.72*3.98/4.06*(1.81-8.89/(5.93-3.75-3.56/7.35+9.25)*3.85))),0.64/1.79-1.54+(3.12*(7.72*3.98/4.06*(1.81-8.89/(5.93-3.75-3.56/7.35+9.25)*3.85))),False
7.68+7.42/8.55-4.2-8.45-9.86-1.31*4.7/(3.11+6.4/8.27/0.24/6.88+6.89/3.83),7.68+7.42/8.55-4.2-8.45-9.86-1.31*4.7/(3.11+6.4/8.27/0.24/6.88+6.89/3.83),True
2.23*0.09*(8.23+0.38/2.67+3.01-5.06-8.71)-6.62-*/(0.24+(4.07*4.89//)*7.61),2.23*0.09*(8.23+0.38/2.67+3.01-5.06-8.71)-6.62-*/(0.24+(4.07*4.89//)*7.61),False
2.65-(0.86-6.74-3.42*6.15*6.33+(5.39*-)*6.31/0.44*+-4.44*5.37)*1.01/2.44,2.65-(0.86-6.74-3.42*6.15*6.33+(5.39*-)*6.31/0.44*+-4.44*5.37)*1.01/2.44,False
3.8/8.65+1.74*(3.26+5.24)/(5.73+9.06/7.83*9.19*(5.12+6.43/9.91)/(1.4*(0.03*-))),3.8/8.65+1.74*(3.26+5.24)/(5.73+9.06/7.83*9.19*(5.12+6.43/9.91)/(1.4*(0.03*-))),False
4.91*6.8*0.7+(6.94+(7.1*(5.06+7.26*7.69-1.7-0.74*5.85-6.92+4.88/0.4*7.67))),4.91*6.8*0.7+(6.94+(7.1*(5.06+7.26*7.69-1.7-0.74*5.85-6.92+4.88/0.4*7.67))),True
(6.44+6.37/2.56)-1.06/9.22*(6.78*7.42*6.3/1.4+(7.7-7.92+6.17)-6.98+5.08-8.83),(6.44+6.37/2.56)-1.06/9.22*(6.78*7.42*6.3/1.4+(7.7-7.92+6.17)-6.98+5.08-8.83),True
9.66+5.23/9.92/7.98-4.96-0.5-9.02-5.18+7.73+4.61-(0.04*6.12)*0.37*1.14-(1.55),9.66+5.23/9.92/7.98-4.96-0.5-9.02-5.18+7.73+4.61-(0.04*6.12)*0.37*1.14-(1.55),False
1.83-1.15+(7.18+2.04*3.34+6.2+0.57/4.26+4.04-+/0.33+4.93)+0.87/(4.03/2.66),1.83-1.15+(7.18+2.04*3.34+6.2+0.57/4.26+4.04-+/0.33+4.93)+0.87/(4.03/2.66),False
7.16+(1.62+4.78*4.78/(9.23/1.98-9.71+(4.04/3.94+(6.85+1.87/3.45+-)+0.49-(7.74)))),7.16+(1.62+4.78*4.78/(9.23/1.98-9.71+(4.04/3.94+(6.85+1.87/3.45+-)+0.49-(7.74)))),True
2.08/2.08/6.78*7.47/(3.36+1.54+5.85+5.43*2.6-9.43--/5.56)+6.55/(7.66/6.11),2.08/2.08/6.78*7.47/(3.36+1.54+5.85+5.43*2.6-9.43--/5.56)+6.55/(7.66/6.11),False
(0.17-4.21)/5.02+1.1+0.26-9.77+4.98/7.28*7.08*7.05/3.5*4.78+(8.78+/+2.39),(0.17-4.21)/5.02+1.1+0.26-9.77+4.98/7.28*7.08*7.05/3.5*4.78+(8.78+/+2.39),False
6.64*3.65/7.65+5.69-1.46--*(7.15+6.49-5.45-6.1+8.11)*2.35-(6.31/9.59)+7.9,6.64*3.65/7.65+5.69-1.46--*(7.15+6.49-5.45-6.1+8.11)*2.35-(6.31/9.59)+7.9,False
6.76+7.22*7.48*7.92*5.54+7.37+/+3.86+8.98*0.06+1.5+2.61*3.37*4.73+5.68,6.76+7.22*7.48*7.92*5.54+7.37+/+3.86+8.98*0.06+1.5+2.61*3.37*4.73+5.68,True
7.0/2.73/0.39//-1.45-4.73+1.51+(3.65+(4.55*8.56)/5.79/6.3)*6.64+9.59*(9.5),7.0/2.73/0.39//-1.45-4.73+1.51+(3.65+(4.55*8.56)/5.79/6.3)*6.64+9.59*(9.5),False
6.4-(2.21-0.4)-(1.87-8.58+3.63*+)+0.94+8.9/(8.98+6.59/7.33/7.45*9.4-7.5),6.4-(2.21-0.4)-(1.87-8.58+3.63*+)+0.94+8.9/(8.98+6.59/7.33/7.45*9.4-7.5),False
6.18-(0.84*6.15-5.18)/7.38-3.25-(/-9.12*1.42)*(9.38*4.7-5.27*2.61-7.0-9.07),6.18-(0.84*6.15-5.18)/7.38-3.25-(/-9.12*1.42)*(9.38*4.7-5.27*2.61-7.0-9.07),True
6.11/3.75/0.45*8.48/(7.65+(8.08*2.02*0.32*/)+6.57-5.47+3.45-7.27*8.05+(3.91)),6.11/3.75/0.45*8.48/(7.65+(8.08*2.02*0.32*/)+6.57-5.47+3.45-7.27*8.05+(3.91)),True
8.13/2.64/7.57-8.69+(1.15*3.48-7.33/2.66+9.33)*4.73**+(7.34/6.33)*(8.09+9.41),8.13/2.64/7.57-8.69+(1.15*3.48-7.33/2.66+9.33)*4.73**+(7.34/6.33)*(8.09+9.41),False
(1.41*3.85+8.09)-6.33*3.56/6.4*1.42*9.35+8.66+5.27-3.8/(6.73-7.9-(1.79*0.7)),(1.41*3.85+8.09)-6.33*3.56/6.4*1.42*9.35+8.66+5.27-3.8/(6.73-7.9-(1.79*0.7)),True
9.0*(3.04/9.86+1.9)/9.91*9.05-9.18/8.36*(3.39*7.42)*4.25*9.85*+-2.25*(2.93),9.0*(3.04/9.86+1.9)/9.91*9.05-9.18/8.36*(3.39*7.42)*4.25*9.85*+-2.25*(2.93),True
5.83-2.67-9.56+3.93*6.4*0.86*9.04/5.49+//(--5.49/6.38)+1.34+(4.31-(9.39)),5.83-2.67-9.56+3.93*6.4*0.86*9.04/5.49+//(--5.49/6.38)+1.34+(4.31-(9.39)),True
3.7+7.77*4.2/7.68/0.25*9.64-(9.39+(3.5/4.06)*9.67-6.71/(0.63-8.55*4.03*4.0)),3.7+7.77*4.2/7.68/0.25*9.64-(9.39+(3.5/4.06)*9.67-6.71/(0.63-8.55*4.03*4.0)),True
(4.02+5.08*0.04-6.21+(5.14-(3.13/4.42/1.01+1.14*3.3+7.35)-++0.06/8.34/+)),(4.02+5.08*0.04-6.21+(5.14-(3.13/4.42/1.01+1.14*3.3+7.35)-++0.06/8.34/+)),False
8.43-0.32*1.7-8.24-8.99-6.05-9.1-0.01+6.26-0.27*2.58/9.33+5.08+1.84*2.88,8.43-0.32*1.7-8.24-8.99-6.05-9.1-0.01+6.26-0.27*2.58/9.33+5.08+1.84*2.88,True
6.72/3.9+5.41+4.99+(//6.48+7.73*(1.11/2.48+3.76-2.19*0.52*9.58)/(---)),6.72/3.9+5.41+4.99+(//6.48+7.73*(1.11/2.48+3.76-2.19*0.52*9.58)/(---)),False
8.76-5.16+7.55-3.74/7.17-3.9-4.43-0.86-5.86+4.4*6.61/4.34*(8.43-(1.99-3.44)),8.76-5.16+7.55-3.74/7.17-3.9-4.43-0.86-5.86+4.4*6.61/4.34*(8.43-(1.99-3.44)),False
7.39/3.42/7.18*4.78-4.76/(1.59-6.61/++3.1-0.67/8.33-4.31+(7.31*6.86*8.66)),7.39/3.42/7.18*4.78-4.76/(1.59-6.61/++3.1-0.67/8.33-4.31+(7.31*6.86*8.66)),False
0.83-(0.23-2.66/(9.6+8.15+0.22-3.45-9.55-6.17/5.47+(9.93+9.97+8.66/3.61-4.58))),0.83-(0.23-2.66/(9.6+8.15+0.22-3.45-9.55-6.17/5.47+(9.93+9.97+8.66/3.61-4.58))),True
5.61*2.41+6.19/(7.42+9.81*1.43/9.38)+2.51-8.12+(6.34-1.16+-*2.87+4.05+9.31),5.61*2.41+6.19/(7.42+9.81*1.43/9.38)+2.51-8.12+(6.34-1.16+-*2.87+4.05+9.31),True
3.77+9.61-0.88-8.78/8.18/(3.03+6.25-3.23-2.98)*7.28*0.36/0.7++-7.14-(3.82),3.77+9.61-0.88-8.78/8.18/(3.03+6.25-3.23-2.98)*7.28*0.36/0.7++-7.14-(3.82),False
5.75+1.07+3.58*2.81-1.7-7.3/8.65+4.4/3.39-4.83/9.06-3.89+(9.05-1.43-2.5),5.75+1.07+3.58*2.81-1.7-7.3/8.65+4.4/3.39-4.83/9.06-3.89+(9.05-1.43-2.5),True
7.38***6.42-6.99/(7.46-(6.81/(7.93-0.72+9.01/5.51)*4.79*(8.1*+/(9.87*4.21)))),7.38***6.42-6.99/(7.46-(6.81/(7.93-0.72+9.01/5.51)*4.79*(8.1*+/(9.87*4.21)))),True
(+/(1.13/5.26*9.26+2.52//*5.28+2.48+2.89*6.66-3.11+8.03/3.01*9.82)/1.36),(+/(1.13/5.26*9.26+2.52//*5.28+2.48+2.89*6.66-3.11+8.03/3.01*9.82)/1.36),False
9.66*0.1*6.09+3.5*8.63*3.92/6.56-2.8-1.94*9.5+7.39*(5.79/9.84*0.14-5.39),9.66*0.1*6.09+3.5*8.63*3.92/6.56-2.8-1.94*9.5+7.39*(5.79/9.84*0.14-5.39),True
4.68-4.53-4.02-2.41-1.48+3.93/9.94+1.64*6.18-6.41*4.86/5.23+9.93-0.82/6.73,4.68-4.53-4.02-2.41-1.48+3.93/9.94+1.64*6.18-6.41*4.86/5.23+9.93-0.82/6.73,True
(8.97+7.22+5.04+0.58+0.32-(9.81/7.73*5.92/0.82)+2.92+8.65-4.84*(5.34-9.66/4.72)),(8.97+7.22+5.04+0.58+0.32-(9.81/7.73*5.92/0.82)+2.92+8.65-4.84*(5.34-9.66/4.72)),True
9.23/0.79+4.62/3.45*5.55-3.51+8.48+(7.0+(2.38+0.56+0.04/(8.07*7.15/4.71+8.89))),9.23/0.79+4.62/3.45*5.55-3.51+8.48+(7.0+(2.38+0.56+0.04/(8.07*7.15/4.71+8.89))),True
1.07/6.31/9.19/7.74+(3.07/0.78-3.31-1.26+8.43-5.46)*(7.5-3.34*4.34*(-+(*))),1.07/6.31/9.19/7.74+(3.07/0.78-3.31-1.26+8.43-5.46)*(7.5-3.34*4.34*(-+(*))),False
(7.56/(3.31*(9.78*0.44)/2.66)*4.66*-)*(6.27*4.64)*7.67-0.57-8.16*4.75-1.57*8.64,(7.56/(3.31*(9.78*0.44)/2.66)*4.66*-)*(6.27*4.64)*7.67-0.57-8.16*4.75-1.57*8.64,True
(6.38/7.75)-5.27*0.02-6.59*6.23*2.63-8.76*(9.64+6.06*8.91-(3.23+2.29-2.1-1.47)),(6.38/7.75)-5.27*0.02-6.59*6.23*2.63-8.76*(9.64+6.06*8.91-(3.23+2.29-2.1-1.47)),True
8.35/3.77-4.73*5.28*(1.23*8.87+4.3+0.69/0.18)*4.58+2.1*2.12*9.89-6.66/0.58,8.35/3.77-4.73*5.28*(1.23*8.87+4.3+0.69/0.18)*4.58+2.1*2.12*9.89-6.66/0.58,False
(9.12*(1.39*3.7+6.85-2.02/8.02-0.39*4.87/3.95+--(6.99/6.27*7.85+9.23*8.69))),(9.12*(1.39*3.7+6.85-2.02/8.02-0.39*4.87/3.95+--(6.99/6.27*7.85+9.23*8.69))),False
(1.05/(9.66*2.84*4.73+6.65+6.05*9.01)-(1.88+6.17-5.35-(4.81/3.13)+8.62*6.56*(0.7))),(1.05/(9.66*2.84*4.73+6.65+6.05*9.01)-(1.88+6.17-5.35-(4.81/3.13)+8.62*6.56*(0.7))),False
8.21/(8.9/3.22+(4.4-(3.88/3.49+--6.33/1.58)/3.18/+/1.64*(7.48/(7.81-8.86)))),8.21/(8.9/3.22+(4.4-(3.88/3.49+--6.33/1.58)/3.18/+/1.64*(7.48/(7.81-8.86)))),False
3.62-7.44/4.11+9.89-7.55+(2.0/(7.6*7.62+(2.36-(8.29*1.75/5.59)+9.18+9.45/(0.95)))),3.62-7.44/4.11+9.89-7.55+(2.0/(7.6*7.62+(2.36-(8.29*1.75/5.59)+9.18+9.45/(0.95)))),False
5.78+(2.91/5.35)-(1.23/8.77)+7.29+0.97+6.09*1.02+7.3+4.42-7.53*4.0/1.81-2.46,5.78+(2.91/5.35)-(1.23/8.77)+7.29+0.97+6.09*1.02+7.3+4.42-7.53*4.0/1.81-2.46,True
5.17+4.43-2.17**+1.9*3.59*4.99/(4.8*2.47-6.1*(4.01*(0.47/5.6*5.41)-6.24)),5.17+4.43-2.17**+1.9*3.59*4.99/(4.8*2.47-6.1*(4.01*(0.47/5.6*5.41)-6.24)),False
(2.18+(9.91*9.68-0.14*1.85+4.67-3.81*(4.84+3.62)*8.16/(//3.03*4.18)*5.47+5.14)),(2.18+(9.91*9.68-0.14*1.85+4.67-3.81*(4.84+3.62)*8.16/(//3.03*4.18)*5.47+5.14)),True
4.9*9.97*5.11/1.66+2.51*(5.41/(/-4.58*2.36)*4.31)*4.97/(2.57/4.18)-1.54/8.15,4.9*9.97*5.11/1.66+2.51*(5.41/(/-4.58*2.36)*4.31)*4.97/(2.57/4.18)-1.54/8.15,True
(7.01*/-0.03+1.98/8.76-(6.31+1.96*5.59*5.25-4.5/-*7.39+1.08*2.73+0.97)),(7.01*/-0.03+1.98/8.76-(6.31+1.96*5.59*5.25-4.5/-*7.39+1.08*2.73+0.97)),False
3.7+(3.29*3.8-3.28-2.74+0.09*2.84+8.73)-(0.28*5.07)*(1.38*4.58+(5.25-9.88/(3.89))),3.7+(3.29*3.8-3.28-2.74+0.09*2.84+8.73)-(0.28*5.07)*(1.38*4.58+(5.25-9.88/(3.89))),False
7.15*(3.34-7.57/5.7)*1.0*2.55*1.51+(3.94/3.46-3.81*3.86/0.72)+(1.5*4.22-2.92),7.15*(3.34-7.57/5.7)*1.0*2.55*1.51+(3.94/3.46-3.81*3.86/0.72)+(1.5*4.22-2.92),True
4.76/3.87-7.87*5.21*0.29/(0.44/6.92)-5.81*2.14+3.84/1.1//-7.11*(2.85/2.94),4.76/3.87-7.87*5.21*0.29/(0.44/6.92)-5.81*2.14+3.84/1.1//-7.11*(2.85/2.94),False
2.39/9.42*9.82*6.85-1.16/2.62/1.75+7.45-2.17/3.6/4.11*+*8.81+7.43-1.57,2.39/9.42*9.82*6.85-1.16/2.62/1.75+7.45-2.17/3.6/4.11*+*8.81+7.43-1.57,False
5.74/(3.23+7.58-5.65)*(6.84*(3.64*0.51-(4.72-5.37+0.47)/+-(9.47*6.84*2.33/8.4))),5.74/(3.23+7.58-5.65)*(6.84*(3.64*0.51-(4.72-5.37+0.47)/+-(9.47*6.84*2.33/8.4))),False
(4.73+(9.69*7.74/4.11-++5.37)*1.74+0.76/1.02+(8.36-+*1.75*0.33/4.94/0.04)),(4.73+(9.69*7.74/4.11-++5.37)*1.74+0.76/1.02+(8.36-+*1.75*0.33/4.94/0.04)),False
8.59*5.26*4.13-0.86*1.69*4.69*0.36/4.53/(5.56-7.3-7.35+6.54-2.65+(1.02*8.69)),8.59*5.26*4.13-0.86*1.69*4.69*0.36/4.53/(5.56-7.3-7.35+6.54-2.65+(1.02*8.69)),True
(1.63*8.13)-8.7+8.02-4.3+0.42*/-0.48/0.45-4.21/1.01+6.09*7.68+9.5-8.93,(1.63*8.13)-8.7+8.02-4.3+0.42*/-0.48/0.45-4.21/1.01+6.09*7.68+9.5-8.93,False
3.76-0.6+(7.37/3.81-8.22+3.38/7.81*2.75)*(3.78++/7.39-1.21+0.27-2.83*9.25),3.76-0.6+(7.37/3.81-8.22+3.38/7.81*2.75)*(3.78++/7.39-1.21+0.27-2.83*9.25),True
0.9/6.13/6.45/3.22+6.93+*+9.43+4.13/3.7*5.82*5.11-6.67-1.4*4.62+1.87,0.9/6.13/6.45/3.22+6.93+*+9.43+4.13/3.7*5.82*5.11-6.67-1.4*4.62+1.87,False
(9.01*(0.76/8.79)*5.72-3.07)*1.3-0.49-(7.34*(9.19+7.52+4.06)/(8.54*1.87-(3.7/0.9))),(9.01*(0.76/8.79)*5.72-3.07)*1.3-0.49-(7.34*(9.19+7.52+4.06)/(8.54*1.87-(3.7/0.9))),True
6.82-10.0/9.33*1.56/3.84+*+0.94/5.73*-+9.72+8.57*8.48+6.72+7.36/9.01,6.82-10.0/9.33*1.56/3.84+*+0.94/5.73*-+9.72+8.57*8.48+6.72+7.36/9.01,False
(2.67+3.38*5.4/1.5/5.79)/1.29/1.43/6.56/(6.62+4.1*4.82)-*-6.06+0.27+1.91,(2.67+3.38*5.4/1.5/5.79)/1.29/1.43/6.56/(6.62+4.1*4.82)-*-6.06+0.27+1.91,False
6.83-2.05*6.66/2.49*0.31+2.95/(6.1/(4.77*(8.47+(9.39-6.36/6.79+4.16-3.51+5.9)))),6.83-2.05*6.66/2.49*0.31+2.95/(6.1/(4.77*(8.47+(9.39-6.36/6.79+4.16-3.51+5.9)))),True
4.37+3.31-4.41/4.58-(6.94-0.17-2.58)+(7.3*3.08/1.88/2.27+2.28/6.46*8.59+(9.58)),4.37+3.31-4.41/4.58-(6.94-0.17-2.58)+(7.3*3.08/1.88/2.27+2.28/6.46*8.59+(9.58)),True
3.71*2.01*1.27+9.75+(6.52*2.56)*2.01-0.84+(7.01-(6.08-8.48-7.72*9.36)-9.1)/1.43,3.71*2.01*1.27+9.75+(6.52*2.56)*2.01-0.84+(7.01-(6.08-8.48-7.72*9.36)-9.1)/1.43,True
7.72+3.05-5.69*6.9/6.01+*/7.57/(2.11/(+-6.9/4.33-5.46-2.2*0.75/5.25)),7.72+3.05-5.69*6.9/6.01+*/7.57/(2.11/(+-6.9/4.33-5.46-2.2*0.75/5.25)),False
4.78-2.88/7.03/7.03/9.22+(7.57-3.85-5.63-8.74)*(7.77/-*7.44/0.26-9.47/9.35),4.78-2.88/7.03/7.03/9.22+(7.57-3.85-5.63-8.74)*(7.77/-*7.44/0.26-9.47/9.35),True
0.35*8.74+2.5/1.01+3.23+1.34-7.28-(2.85*4.93/(7.26*5.57*5.69*3.93+5.35*7.55)),0.35*8.74+2.5/1.01+3.23+1.34-7.28-(2.85*4.93/(7.26*5.57*5.69*3.93+5.35*7.55)),True
5.28/4.93+5.51+8.26-(3.38/9.93)-8.98*4.1-2.78-7.87+2.89*8.87*1.02+1.45-1.39,5.28/4.93+5.51+8.26-(3.38/9.93)-8.98*4.1-2.78-7.87+2.89*8.87*1.02+1.45-1.39,True
6.69-9.33+6.67/3.05+9.95+(7.83+(**(0.75/5.13*6.08*(1.52-3.81*3.16)-(9.3+0.27)))),6.69-9.33+6.67/3.05+9.95+(7.83+(**(0.75/5.13*6.08*(1.52-3.81*3.16)-(9.3+0.27)))),False
(8.66-5.43*(1.0*4.73)-8.62+4.97/1.73*9.34-5.18/7.29/5.88)-9.28*9.22+8.49*(2.91),(8.66-5.43*(1.0*4.73)-8.62+4.97/1.73*9.34-5.18/7.29/5.88)-9.28*9.22+8.49*(2.91),True
6.85-6.38-0.55-(9.92*4.74)+0.24/(9.31*(0.48*2.34-9.7-8.27/9.5)*3.45)+4.89*6.66,6.85-6.38-0.55-(9.92*4.74)+0.24/(9.31*(0.48*2.34-9.7-8.27/9.5)*3.45)+4.89*6.66,True
(6.16+8.91)/6.61-9.16*4.18*2.6-7.42*5.46-2.27+3.01*(**9.22*8.27/(6.53+0.79)),(6.16+8.91)/6.61-9.16*4.18*2.6-7.42*5.46-2.27+3.01*(**9.22*8.27/(6.53+0.79)),False
5.06*0.6+9.11*4.11*3.25*2.54*6.64-8.87*(1.59/6.74+6.73)-4.96*+-4.53-(6.65),5.06*0.6+9.11*4.11*3.25*2.54*6.64-8.87*(1.59/6.74+6.73)-4.96*+-4.53-(6.65),True
9.57/7.1-3.22+1.03-0.6-4.65-4.59+0.7/(9.36*2.56-1.27/7.16-3.31)-6.22/1.03,9.57/7.1-3.22+1.03-0.6-4.65-4.59+0.7/(9.36*2.56-1.27/7.16-3.31)-6.22/1.03,False
9.92*5.94-5.5+1.86/+/1.77+9.43*1.66+4.34-5.87/1.67/(6.8/4.7)+4.18*(1.33),9.92*5.94-5.5+1.86/+/1.77+9.43*1.66+4.34-5.87/1.67/(6.8/4.7)+4.18*(1.33),True
3.48*6.49*7.7+2.79+(5.97*8.46/0.56)-(0.77**+(7.55-4.75*9.86+9.59)+8.08-4.81),3.48*6.49*7.7+2.79+(5.97*8.46/0.56)-(0.77**+(7.55-4.75*9.86+9.59)+8.08-4.81),False
8.9+(8.09-6.06+2.08+(9.99-7.6)+8.42+0.14-1.47)*1.14+2.49-(4.27+4.77*0.77/8.3),8.9+(8.09-6.06+2.08+(9.99-7.6)+8.42+0.14-1.47)*1.14+2.49-(4.27+4.77*0.77/8.3),False
0.19*7.48/7.76-2.26+6.83-9.48+5.84*9.82*(1.91-(6.18*2.32*4.7)+3.5/7.49-7.26),0.19*7.48/7.76-2.26+6.83-9.48+5.84*9.82*(1.91-(6.18*2.32*4.7)+3.5/7.49-7.26),True
4.7-(2.0-5.01*10.0-(6.57+4.03*7.04*1.03-3.56)+3.76/9.65/(0.23/3.38*8.31*1.47)),4.7-(2.0-5.01*10.0-(6.57+4.03*7.04*1.03-3.56)+3.76/9.65/(0.23/3.38*8.31*1.47)),True
(7.19-8.93-5.84+9.25/8.55/6.58+4.02)-6.32+8.1/9.2-7.57+2.9/0.75-6.49*2.38,(7.19-8.93-5.84+9.25/8.55/6.58+4.02)-6.32+8.1/9.2-7.57+2.9/0.75-6.49*2.38,False
6.64+0.57/5.09+9.68*2.13-5.93-8.5+2.65+(5.36*(4.34*9.99+(5.57/4.36/6.8)+9.83)),6.64+0.57/5.09+9.68*2.13-5.93-8.5+2.65+(5.36*(4.34*9.99+(5.57/4.36/6.8)+9.83)),True
6.16*(1.77-8.44)+2.11/7.86-2.48*4.4-2.43*9.57-5.2+0.18+5.06*8.68/6.57*1.28,6.16*(1.77-8.44)+2.11/7.86-2.48*4.4-2.43*9.57-5.2+0.18+5.06*8.68/6.57*1.28,False
0.55/4.05*8.74-9.93*7.15/1.26/5.45-2.32+1.73+6.61*8.45/6.95-9.47/8.39*6.48,0.55/4.05*8.74-9.93*7.15/1.26/5.45-2.32+1.73+6.61*8.45/6.95-9.47/8.39*6.48,True
8.35*4.58+7.73-4.04+5.4*5.58+6.16/(4.15*3.05+(6.0/(4.82+/)/(0.82-(4.36+2.33)))),8.35*4.58+7.73-4.04+5.4*5.58+6.16/(4.15*3.05+(6.0/(4.82+/)/(0.82-(4.36+2.33)))),False
3.03*(7.72-+*(8.64-1.25+9.73*1.85*(3.42*1.75+-+4.98*3.62*(6.98/3.0/2.33)))),3.03*(7.72-+*(8.64-1.25+9.73*1.85*(3.42*1.75+-+4.98*3.62*(6.98/3.0/2.33)))),False
(2.08-(8.94/0.85-7.11/0.23-(6.58+0.64)/0.13/5.61*0.97*2.24*7.58*1.3-*)-(5.03)),(2.08-(8.94/0.85-7.11/0.23-(6.58+0.64)/0.13/5.61*0.97*2.24*7.58*1.3-*)-(5.03)),False
4.96*2.9*3.69-(2.66*9.75*(0.3-9.81*(5.05-2.78/4.54*(5.45*4.74-++4.49/8.51)))),4.96*2.9*3.69-(2.66*9.75*(0.3-9.81*(5.05-2.78/4.54*(5.45*4.74-++4.49/8.51)))),False
(4.7-+/2.71+(8.4-5.59*7.52*(9.3-4.86)+7.95*6.14/7.79*9.76)*2.01+(3.67*4.72)),(4.7-+/2.71+(8.4-5.59*7.52*(9.3-4.86)+7.95*6.14/7.79*9.76)*2.01+(3.67*4.72)),True
4.51/2.88*(8.65*3.0-2.14*3.11)*(2.21+0.43/(4.54-8.83)-6.11)/7.82-7.94-1.24+(1.69),4.51/2.88*(8.65*3.0-2.14*3.11)*(2.21+0.43/(4.54-8.83)-6.11)/7.82-7.94-1.24+(1.69),True
9.27*6.77/9.79/4.62+(1.73+4.91*/*9.54/7.04)-3.84+1.06+1.24-2.09-3.83+8.53,9.27*6.77/9.79/4.62+(1.73+4.91*/*9.54/7.04)-3.84+1.06+1.24-2.09-3.83+8.53,True
*-4.61/2.2/1.06*4.68-(6.76*9.29)/(0.89*0.61)*3.16-3.36+(7.83*0.49+5.19*3.97),*-4.61/2.2/1.06*4.68-(6.76*9.29)/(0.89*0.61)*3.16-3.36+(7.83*0.49+5.19*3.97),True
(2.43-9.99+(3.31-6.13++*-/6.74)-9.78+(7.51*2.21)*4.75*4.31-4.06-++5.97),(2.43-9.99+(3.31-6.13++*-/6.74)-9.78+(7.51*2.21)*4.75*4.31-4.06-++5.97),False
2.15/6.82+2.44--/(8.91*2.07/0.35+2.22+4.83+7.48-3.68-4.85-0.81)*(8.5/1.47),2.15/6.82+2.44--/(8.91*2.07/0.35+2.22+4.83+7.48-3.68-4.85-0.81)*(8.5/1.47),False
+-9.49-9.96*8.24-6.29*7.71+9.83-6.97*9.47-5.47*0.91-8.18-5.16/3.31+9.86,+-9.49-9.96*8.24-6.29*7.71+9.83-6.97*9.47-5.47*0.91-8.18-5.16/3.31+9.86,False
7.21-9.2+6.35+4.07-3.92-5.78-6.83-2.74/*/*+0.11-3.91+8.02+2.41-5.07,7.21-9.2+6.35+4.07-3.92-5.78-6.83-2.74/*/*+0.11-3.91+8.02+2.41-5.07,True
3.11*2.67/0.21-(5.98-7.24*(8.18/8.53*(/-2.57/0.59/4.71/0.73*7.52+3.16-4.12))),3.11*2.67/0.21-(5.98-7.24*(8.18/8.53*(/-2.57/0.59/4.71/0.73*7.52+3.16-4.12))),True
5.8+9.35*7.51--/8.15*9.07-0.34/4.2+2.74/2.17+3.11*6.66-3.62+4.06*6.05,5.8+9.35*7.51--/8.15*9.07-0.34/4.2+2.74/2.17+3.11*6.66-3.62+4.06*6.05,False
5.62+(8.25-8.28*(7.12-2.26+(6.18/8.78/7.22-0.35/(1.47*0.56*8.99+8.2+(7.45+9.44))))),5.62+(8.25-8.28*(7.12-2.26+(6.18/8.78/7.22-0.35/(1.47*0.56*8.99+8.2+(7.45+9.44))))),False
(3.15+6.59)-9.92-0.53*(6.67/5.32)/5.56+3.59/(*-6.59-7.81+9.35)/3.26+9.47*6.76,(3.15+6.59)-9.92-0.53*(6.67/5.32)/5.56+3.59/(*-6.59-7.81+9.35)/3.26+9.47*6.76,False
5.34/4.38*1.15/8.37*9.29-0.08/3.57+2.8-6.84+4.6-5.33-5.63-/+(+*(7.83)),5.34/4.38*1.15/8.37*9.29-0.08/3.57+2.8-6.84+4.6-5.33-5.63-/+(+*(7.83)),False
1.05/1.48*6.68/6.4*7.57*8.24+7.87-6.88-8.27*9.88/0.15/0.03+6.9-8.93+(7.14),1.05/1.48*6.68/6.4*7.57*8.24+7.87-6.88-8.27*9.88/0.15/0.03+6.9-8.93+(7.14),True
9.34-6.15-6.5*9.3/6.83+2.52-7.89+0.37/6.19+4.58+7.26+0.75/5.81/(8.16-2.83),9.34-6.15-6.5*9.3/6.83+2.52-7.89+0.37/6.19+4.58+7.26+0.75/5.81/(8.16-2.83),True
4.94*8.64+2.01-0.29*6.95*-/9.55/4.91/8.54-8.88/8.5/2.11*2.37+1.67+(9.99),4.94*8.64+2.01-0.29*6.95*-/9.55/4.91/8.54-8.88/8.5/2.11*2.37+1.67+(9.99),True
1.76*8.39-9.32/(/*8.16*7.64/7.16/8.08/0.02)/4.58-5.68+(4.9*2.39-0.9)*7.71,1.76*8.39-9.32/(/*8.16*7.64/7.16/8.08/0.02)/4.58-5.68+(4.9*2.39-0.9)*7.71,False
0.12-6.71/7.36-0.71+2.12*7.26*6.81-(--3.93/6.43)*8.51+-*7.31/7.42+5.42,0.12-6.71/7.36-0.71+2.12*7.26*6.81-(--3.93/6.43)*8.51+-*7.31/7.42+5.42,False
1.3-(6.68*4.22-(1.32+2.9-9.92/3.91/7.91-3.14)-6.18-1.23*6.96+1.96+4.27+8.17),1.3-(6.68*4.22-(1.32+2.9-9.92/3.91/7.91-3.14)-6.18-1.23*6.96+1.96+4.27+8.17),False
9.28*1.33-4.99/7.1+9.05/5.39-3.19/9.45-2.43+1.34/+/(8.72+0.68+0.8)+0.55,9.28*1.33-4.99/7.1+9.05/5.39-3.19/9.45-2.43+1.34/+/(8.72+0.68+0.8)+0.55,False
(6.57+(9.17+9.33-9.56)*8.52-3.35+*)+//4.86-4.67*6.3*6.35-3.64/0.68-4.73,(6.57+(9.17+9.33-9.56)*8.52-3.35+*)+//4.86-4.67*6.3*6.35-3.64/0.68-4.73,True
6.24-9.46*--6.64/7.74/8.54/0.96+9.11*0.62+(2.95/5.36)+1.68-8.55-3.02-1.79,6.24-9.46*--6.64/7.74/8.54/0.96+9.11*0.62+(2.95/5.36)+1.68-8.55-3.02-1.79,True
8.12*7.0-5.23-5.37/(9.45-0.56-(0.96-6.81*3.21+9.18*5.73*7.61+(2.2+(0.86+7.15)))),8.12*7.0-5.23-5.37/(9.45-0.56-(0.96-6.81*3.21+9.18*5.73*7.61+(2.2+(0.86+7.15)))),True
1.22+3.34-(6.85-(7.32*(2.89+(6.47+9.68*8.15/1.33)-4.71*3.38)+9.2*3.16-5.5/6.75)),1.22+3.34-(6.85-(7.32*(2.89+(6.47+9.68*8.15/1.33)-4.71*3.38)+9.2*3.16-5.5/6.75)),True
6.49+2.04-1.46*1.87/(7.11+2.75+2.8/(5.93+5.71)*3.21)-1.13-3.24/1.55+8.87+4.79,6.49+2.04-1.46*1.87/(7.11+2.75+2.8/(5.93+5.71)*3.21)-1.13-3.24/1.55+8.87+4.79,True
(6.97/2.98+0.5+2.0*5.25*(**+/4.43*3.67/2.62/8.67-9.62)-1.7/6.8*9.53),(6.97/2.98+0.5+2.0*5.25*(**+/4.43*3.67/2.62/8.67-9.62)-1.7/6.8*9.53),False
8.35+1.1-(4.62-(7.49+6.04+3.5/8.76)+3.98/1.93-5.34-5.22/5.22+9.24+(5.74*(3.91))),8.35+1.1-(4.62-(7.49+6.04+3.5/8.76)+3.98/1.93-5.34-5.22/5.22+9.24+(5.74*(3.91))),False
3.84*7.26-(4.64*7.88)+2.23+4.07/7.48-0.82*7.43+2.74-7.99/7.27+(0.52*6.89//),3.84*7.26-(4.64*7.88)+2.23+4.07/7.48-0.82*7.43+2.74-7.99/7.27+(0.52*6.89//),False
(0.68-6.32/6.3*0.15*(6.35*7.96-7.74+(++3.33+4.93)-1.48/(3.76*9.91/5.26*1.7))),(0.68-6.32/6.3*0.15*(6.35*7.96-7.74+(++3.33+4.93)-1.48/(3.76*9.91/5.26*1.7))),True
9.09*(8.29/9.95+5.49+6.46)/4.43-6.78*2.48+3.43*1.73+6.31-7.51-*/4.45+9.41,9.09*(8.29/9.95+5.49+6.46)/4.43-6.78*2.48+3.43*1.73+6.31-7.51-*/4.45+9.41,True
0.66/3.63*6.74*0.37*0.42-1.8/8.5-6.2+5.92-6.68/9.59+7.97/(1.58*6.02*5.31),0.66/3.63*6.74*0.37*0.42-1.8/8.5-6.2+5.92-6.68/9.59+7.97/(1.58*6.02*5.31),True
6.49/6.88-0.51-0.92*(5.62*5.26/2.37/1.64+3.93*4.58-(1.37-(7.9/0.67+/-6.64))),6.49/6.88-0.51-0.92*(5.62*5.26/2.37/1.64+3.93*4.58-(1.37-(7.9/0.67+/-6.64))),True
1.69-8.15-5.61/0.33-3.64*7.42+9.46/9.71-(7.6/2.68*(1.01-(2.62-6.16-4.87*4.38))),1.69-8.15-5.61/0.33-3.64*7.42+9.46/9.71-(7.6/2.68*(1.01-(2.62-6.16-4.87*4.38))),True
8.3*0.77*(8.18/7.85-4.5)-3.93-(0.83+2.18/2.7*1.5+2.21*7.09-3.2+5.46-6.05),8.3*0.77*(8.18/7.85-4.5)-3.93-(0.83+2.18/2.7*1.5+2.21*7.09-3.2+5.46-6.05),True
5.52/0.62-4.88-3.25-6.27/(2.36/(6.86*3.05*7.88)*6.81/3.9-0.15/8.78/(+-8.24)),5.52/0.62-4.88-3.25-6.27/(2.36/(6.86*3.05*7.88)*6.81/3.9-0.15/8.78/(+-8.24)),False
8.59/3.34/4.9+(3.56-7.78+5.22*(6.12/(6.57/8.25)+8.21+2.5)*2.55+5.51-2.22*3.78),8.59/3.34/4.9+(3.56-7.78+5.22*(6.12/(6.57/8.25)+8.21+2.5)*2.55+5.51-2.22*3.78),False
5.18*6.36+8.53-0.19/3.22+9.93-6.47+4.14-(5.44*3.05/(0.55*3.09-3.15)/(1.1-8.13)),5.18*6.36+8.53-0.19/3.22+9.93-6.47+4.14-(5.44*3.05/(0.55*3.09-3.15)/(1.1-8.13)),True
1.67/0.05*(8.39/1.04)+4.81+4.84/4.72+(7.35*2.3-4.62*6.4/(0.88*(8.64-(0.19-8.49)))),1.67/0.05*(8.39/1.04)+4.81+4.84/4.72+(7.35*2.3-4.62*6.4/(0.88*(8.64-(0.19-8.49)))),True
6.98+(2.78+(8.36+(/*8.53*5.35-2.08*0.87+3.49*5.4-1.94+1.97*7.43/5.61*9.69))),6.98+(2.78+(8.36+(/*8.53*5.35-2.08*0.87+3.49*5.4-1.94+1.97*7.43/5.61*9.69))),True
5.65*5.41+8.51/*-*+(7.76/(4.15/1.04)-9.44+7.53)*1.75/2.11/1.91/(8.78*3.58),5.65*5.41+8.51/*-*+(7.76/(4.15/1.04)-9.44+7.53)*1.75/2.11/1.91/(8.78*3.58),False
(4.86*(++5.95+7.77)-8.06*1.31)-(2.58/3.49+3.5)+9.15+9.56/0.07+2.26/6.92+0.49,(4.86*(++5.95+7.77)-8.06*1.31)-(2.58/3.49+3.5)+9.15+9.56/0.07+2.26/6.92+0.49,True
5.61/(8.25/5.41+5.94+7.0/4.46/0.24+9.6*8.77+/*(1.14+8.08/2.8+0.42)*9.37),5.61/(8.25/5.41+5.94+7.0/4.46/0.24+9.6*8.77+/*(1.14+8.08/2.8+0.42)*9.37),True
1.59-7.06*(5.24*6.36+2.72+7.59/0.98)-4.88+1.15/(7.54+2.64+9.2+3.11*0.9+7.99),1.59-7.06*(5.24*6.36+2.72+7.59/0.98)-4.88+1.15/(7.54+2.64+9.2+3.11*0.9+7.99),False
5.91+1.77/1.91*1.81/2.66/1.81/8.31+1.44*-/0.08/2.47-9.1+(2.69*9.74)/0.01,5.91+1.77/1.91*1.81/2.66/1.81/8.31+1.44*-/0.08/2.47-9.1+(2.69*9.74)/0.01,False
2.88-(5.02-7.49+5.7)-(5.31*2.39/5.03-++3.56/6.82)/2.36-(7.17+(9.26-1.07-(4.26))),2.88-(5.02-7.49+5.7)-(5.31*2.39/5.03-++3.56/6.82)/2.36-(7.17+(9.26-1.07-(4.26))),False
(5.99/7.29-1.58/5.28*(5.22*(0.38+(4.05*5.81+5.96-7.22-5.22-2.0-6.69-7.98/(8.88))))),(5.99/7.29-1.58/5.28*(5.22*(0.38+(4.05*5.81+5.96-7.22-5.22-2.0-6.69-7.98/(8.88))))),False
(2.98-1.89/2.83/0.68+9.11*8.48)+3.31-7.63+8.64+5.63*4.8-9.24*1.76+9.21-6.27,(2.98-1.89/2.83/0.68+9.11*8.48)+3.31-7.63+8.64+5.63*4.8-9.24*1.76+9.21-6.27,False
1.35-2.67/3.56*3.98-(9.22*4.06-3.5/-+7.54)/6.96+0.85+3.48/5.39*(2.24+0.05),1.35-2.67/3.56*3.98-(9.22*4.06-3.5/-+7.54)/6.96+0.85+3.48/5.39*(2.24+0.05),False
5.98+7.62-8.61-2.54*4.5/6.45+9.17*1.1-(4.68-8.97-(5.69+/)+7.28+4.76)/6.12,5.98+7.62-8.61-2.54*4.5/6.45+9.17*1.1-(4.68-8.97-(5.69+/)+7.28+4.76)/6.12,True
3.82+0.19-5.26-(8.48-5.74/2.09*6.59/1.83-4.64/1.22/-*8.44+7.52+(4.39*3.41)),3.82+0.19-5.26-(8.48-5.74/2.09*6.59/1.83-4.64/1.22/-*8.44+7.52+(4.39*3.41)),True
9.81/8.13+3.65*4.75/1.98-5.68+5.72*(/*4.16*8.03-(0.03/6.58/8.56)*3.77/7.8),9.81/8.13+3.65*4.75/1.98-5.68+5.72*(/*4.16*8.03-(0.03/6.58/8.56)*3.77/7.8),False
(2.32-6.07/(6.7-6.01-4.01+2.46)+(3.72+6.86+9.71*7.64*1.86+6.88*1.2)+0.01/7.31),(2.32-6.07/(6.7-6.01-4.01+2.46)+(3.72+6.86+9.71*7.64*1.86+6.88*1.2)+0.01/7.31),True
9.27+(4.68+7.15-4.49-(6.81+3.72*3.51+0.9-0.9/5.27)-5.19-3.14/(9.49+5.83)/7.32),9.27+(4.68+7.15-4.49-(6.81+3.72*3.51+0.9-0.9/5.27)-5.19-3.14/(9.49+5.83)/7.32),True
(3.11-(6.53+6.81*2.05+9.88+6.44+0.54*8.61-5.61/1.09*-*(2.24-4.61-5.6/(*)))),(3.11-(6.53+6.81*2.05+9.88+6.44+0.54*8.61-5.61/1.09*-*(2.24-4.61-5.6/(*)))),False
1.21+4.07+8.71*6.91+8.72/1.56/4.6*5.95*0.45+(4.97+8.47-0.65-9.17-(0.59*(3.4))),1.21+4.07+8.71*6.91+8.72/1.56/4.6*5.95*0.45+(4.97+8.47-0.65-9.17-(0.59*(3.4))),True
6.36/9.09/(9.51/9.7-9.43-4.43)*2.96-(3.01/1.45+(0.13-0.43+4.51)/9.2/(9.67*9.74)),6.36/9.09/(9.51/9.7-9.43-4.43)*2.96-(3.01/1.45+(0.13-0.43+4.51)/9.2/(9.67*9.74)),True
(-/(9.67+(4.48/5.27-3.45*9.26)*4.05+1.58/(9.77-9.49+0.41)*(3.65/(1.66/1.64/8.28)))),(-/(9.67+(4.48/5.27-3.45*9.26)*4.05+1.58/(9.77-9.49+0.41)*(3.65/(1.66/1.64/8.28)))),False
9.93+(6.0+(0.98*7.04)+5.37+8.34-0.06)*4.63*1.83+2.43*2.53*(8.27/5.31+7.52-(7.18)),9.93+(6.0+(0.98*7.04)+5.37+8.34-0.06)*4.63*1.83+2.43*2.53*(8.27/5.31+7.52-(7.18)),True
9.1-9.14+5.05/9.36/4.46*7.8+8.23*3.58+8.08/2.27/7.27/7.43+1.71-1.67/5.98,9.1-9.14+5.05/9.36/4.46*7.8+8.23*3.58+8.08/2.27/7.27/7.43+1.71-1.67/5.98,False
5.97/(4.48+7.82-3.52-(0.25/0.2)-5.34-3.65+9.57)/(/-2.77*(1.97-9.41+(4.58/0.28))),5.97/(4.48+7.82-3.52-(0.25/0.2)-5.34-3.65+9.57)/(/-2.77*(1.97-9.41+(4.58/0.28))),False
3.74-8.98-5.91*7.22/1.02*7.5-2.57/8.79/(8.65/8.08*0.07)-3.14/3.53*4.49-9.18,3.74-8.98-5.91*7.22/1.02*7.5-2.57/8.79/(8.65/8.08*0.07)-3.14/3.53*4.49-9.18,True
0.45/5.31-/+(9.34-9.51*5.59*(2.44/8.17+8.93-4.83+1.57)+3.68)+2.87/8.62/(2.1),0.45/5.31-/+(9.34-9.51*5.59*(2.44/8.17+8.93-4.83+1.57)+3.68)+2.87/8.62/(2.1),False
7.52-(4.65*3.45-(7.27*4.76+4.16-0.32+4.88/(3.53*9.08*0.03/4.95)-4.73+4.19-/)),7.52-(4.65*3.45-(7.27*4.76+4.16-0.32+4.88/(3.53*9.08*0.03/4.95)-4.73+4.19-/)),False
9.16/(0.8/(2.81+5.43/2.13-8.87)+2.27)-6.41-5.37/(6.6+8.76+3.72*8.02-(+*1.99)),9.16/(0.8/(2.81+5.43/2.13-8.87)+2.27)-6.41-5.37/(6.6+8.76+3.72*8.02-(+*1.99)),False
2.15-3.96+9.84*9.86*0.83-2.11+6.53/3.4-8.13/2.76+*-8.59*6.58+++9.38,2.15-3.96+9.84*9.86*0.83-2.11+6.53/3.4-8.13/2.76+*-8.59*6.58+++9.38,False
7.44/0.59-(4.64-8.38)-7.38/3.21+5.96/5.47*(0.4+8.72)/9.76+5.99/(4.72/(2.93-5.18)),7.44/0.59-(4.64-8.38)-7.38/3.21+5.96/5.47*(0.4+8.72)/9.76+5.99/(4.72/(2.93-5.18)),True
(2.48-0.15+0.18*7.96/6.67-8.53)+(3.75+3.28*4.58+*+7.59+1.32*4.9)/4.75/7.1,(2.48-0.15+0.18*7.96/6.67-8.53)+(3.75+3.28*4.58+*+7.59+1.32*4.9)/4.75/7.1,True
0.16*9.02-8.5-2.52-8.88+4.52-7.15-3.32+3.71-(5.43*6.68)/6.46+6.28*8.2/8.16,0.16*9.02-8.5-2.52-8.88+4.52-7.15-3.32+3.71-(5.43*6.68)/6.46+6.28*8.2/8.16,True
8.48/8.19/0.04+(6.58+9.68)*1.11+8.44/(9.91-1.57/7.14-4.02*8.95/9.85-2.15/-),8.48/8.19/0.04+(6.58+9.68)*1.11+8.44/(9.91-1.57/7.14-4.02*8.95/9.85-2.15/-),True
2.32*6.89*(0.89-3.02-4.9/6.61)-2.15/3.62*(/*4.21)-(4.07/4.59-(9.33*9.72/6.0)),2.32*6.89*(0.89-3.02-4.9/6.61)-2.15/3.62*(/*4.21)-(4.07/4.59-(9.33*9.72/6.0)),False
6.8+(8.13*0.15*9.27/8.35)/1.17*(7.82/0.12/5.21)/4.28*4.52/2.61/7.74/4.11-7.51,6.8+(8.13*0.15*9.27/8.35)/1.17*(7.82/0.12/5.21)/4.28*4.52/2.61/7.74/4.11-7.51,True
(7.99-2.73-2.3*(5.82/2.26/4.69*(0.8+2.67/(4.94*2.64/3.36/(6.25/4.31+6.47)-3.19)))),(7.99-2.73-2.3*(5.82/2.26/4.69*(0.8+2.67/(4.94*2.64/3.36/(6.25/4.31+6.47)-3.19)))),False
8.68+8.15/(3.86-0.23-(6.96*7.93*8.3/9.17/8.62)/(4.42*1.68-5.54-1.61/3.93)*5.15),8.68+8.15/(3.86-0.23-(6.96*7.93*8.3/9.17/8.62)/(4.42*1.68-5.54-1.61/3.93)*5.15),True
4.3-2.1*2.22+3.64/5.46/2.96/4.06-**(4.37+0.52-9.91*9.71+9.75)*6.29**,4.3-2.1*2.22+3.64/5.46/2.96/4.06-**(4.37+0.52-9.91*9.71+9.75)*6.29**,False
(8.82/7.92-6.05-1.62-0.65+4.72-4.81*7.24-6.11+9.76/2.44*2.55-7.49+3.38)-6.52,(8.82/7.92-6.05-1.62-0.65+4.72-4.81*7.24-6.11+9.76/2.44*2.55-7.49+3.38)-6.52,False
(1.83+3.19/7.32/9.83-1.84*7.61/1.87/7.57)+0.1+7.79*8.52-1.37/(0.62/(9.38-5.76)),(1.83+3.19/7.32/9.83-1.84*7.61/1.87/7.57)+0.1+7.79*8.52-1.37/(0.62/(9.38-5.76)),True
9.6+0.28-(**8.41-7.62-7.4+2.2)+0.41*3.58-9.93-8.13/5.42+0.58*1.67*8.4,9.6+0.28-(**8.41-7.62-7.4+2.2)+0.41*3.58-9.93-8.13/5.42+0.58*1.67*8.4,False
8.6/4.12+7.17+8.23*(7.68*7.6*1.32+8.3+4.69/(5.07-/*(9.24/6.62*3.52+6.86))),8.6/4.12+7.17+8.23*(7.68*7.6*1.32+8.3+4.69/(5.07-/*(9.24/6.62*3.52+6.86))),False
*/7.84-8.88-8.97*7.63*4.47+1.67-6.12-4.84+2.81*3.36+8.73+3.19/0.86*9.5,*/7.84-8.88-8.97*7.63*4.47+1.67-6.12-4.84+2.81*3.36+8.73+3.19/0.86*9.5,False
3.5+//6.28/2.81/3.99*4.26/9.47/5.63-4.55+8.32/9.13*(2.36*/+2.9)+3.41,3.5+//6.28/2.81/3.99*4.26/9.47/5.63-4.55+8.32/9.13*(2.36*/+2.9)+3.41,False
3.55/1.17/3.15+8.46-3.41/4.55+5.23+(1.95*0.11-4.93+4.86+3.57/7.14-7.87+7.85),3.55/1.17/3.15+8.46-3.41/4.55+5.23+(1.95*0.11-4.93+4.86+3.57/7.14-7.87+7.85),True
(1.16*5.49*8.87+0.75)*6.0-2.59*8.3*-+(5.45/5.32-9.25)/(9.3*0.9+5.89+2.71),(1.16*5.49*8.87+0.75)*6.0-2.59*8.3*-+(5.45/5.32-9.25)/(9.3*0.9+5.89+2.71),True
7.58+0.57*(7.51*8.13)-1.45/6.93*6.14+(7.12/4.1/0.45+6.92/5.18-4.91*4.67+1.66),7.58+0.57*(7.51*8.13)-1.45/6.93*6.14+(7.12/4.1/0.45+6.92/5.18-4.91*4.67+1.66),False
8.7*1.16+(8.53/4.64-7.14)*2.52*1.1/7.29/8.71+6.67*5.42*2.69/1.1*(8.63/2.99),8.7*1.16+(8.53/4.64-7.14)*2.52*1.1/7.29/8.71+6.67*5.42*2.69/1.1*(8.63/2.99),True
/-8.05+3.49/1.95/0.56+7.61/(9.81*6.49-4.31+4.99-3.91*0.22/(4.78/4.01+8.76)),/-8.05+3.49/1.95/0.56+7.61/(9.81*6.49-4.31+4.99-3.91*0.22/(4.78/4.01+8.76)),True
3.81+1.87*7.64/(4.41/3.48)*9.64/3.0-4.41*6.24/(4.62*5.28+7.77)*(6.67*3.65)/5.24,3.81+1.87*7.64/(4.41/3.48)*9.64/3.0-4.41*6.24/(4.62*5.28+7.77)*(6.67*3.65)/5.24,True
8.97/9.81+(8.85*8.46-2.17)+(8.13-1.16+8.93*9.27)/6.48/9.48/4.44/7.52*(1.23+2.31),8.97/9.81+(8.85*8.46-2.17)+(8.13-1.16+8.93*9.27)/6.48/9.48/4.44/7.52*(1.23+2.31),True
7.55*4.09-0.85/8.45/9.75/7.22+7.81/5.4*0.09*0.66/(9.7*1.83/2.36*4.55)-1.55,7.55*4.09-0.85/8.45/9.75/7.22+7.81/5.4*0.09*0.66/(9.7*1.83/2.36*4.55)-1.55,True
5.96+++0.96*5.23-5.77*(5.09*0.89*5.0)/4.33*0.75*8.16*6.72-4.59*5.45*2.82,5.96+++0.96*5.23-5.77*(5.09*0.89*5.0)/4.33*0.75*8.16*6.72-4.59*5.45*2.82,True
5.81/5.31-1.03-8.99-6.32-3.74*4.04*9.57+5.63/7.89-8.57*4.69/0.46*1.15+2.7,5.81/5.31-1.03-8.99-6.32-3.74*4.04*9.57+5.63/7.89-8.57*4.69/0.46*1.15+2.7,True
3.68/(3.58-3.57)*0.14*9.93-3.94-0.3/6.61+6.98*0.66/3.46*9.43*8.43+4.42*/,3.68/(3.58-3.57)*0.14*9.93-3.94-0.3/6.61+6.98*0.66/3.46*9.43*8.43+4.42*/,False
9.33*0.73-1.91*1.23+(6.67*7.3)-(/+-+(9.04*2.77*7.76)/4.46+0.2/7.1/6.32),9.33*0.73-1.91*1.23+(6.67*7.3)-(/+-+(9.04*2.77*7.76)/4.46+0.2/7.1/6.32),False
5.52+9.7+9.04+9.88/6.44-5.93/4.96*3.23*0.71/5.63+(0.81/9.7*5.18)/7.19*(3.13),5.52+9.7+9.04+9.88/6.44-5.93/4.96*3.23*0.71/5.63+(0.81/9.7*5.18)/7.19*(3.13),True
1.27-9.75+2.32-(3.12*5.46)-0.61/4.34/4.9*4.04/9.09+(8.92*3.15-6.27+5.95*-),1.27-9.75+2.32-(3.12*5.46)-0.61/4.34/4.9*4.04/9.09+(8.92*3.15-6.27+5.95*-),False
3.36/2.68+7.31+4.05*8.49-(2.17-9.97-4.21+3.24)-8.4+8.21/7.29+2.24+(6.71+0.55),3.36/2.68+7.31+4.05*8.49-(2.17-9.97-4.21+3.24)-8.4+8.21/7.29+2.24+(6.71+0.55),True
**3.47+7.9-9.26-0.49/4.19-6.71*+-0.64+4.72*(7.35/3.7/8.1)*3.71+(6.41),**3.47+7.9-9.26-0.49/4.19-6.71*+-0.64+4.72*(7.35/3.7/8.1)*3.71+(6.41),True
3.07+8.2/0.92/7.03/4.89/(5.66*9.53-9.9)-(7.94*5.65+8.95*1.59/8.23)+7.84*7.69,3.07+8.2/0.92/7.03/4.89/(5.66*9.53-9.9)-(7.94*5.65+8.95*1.59/8.23)+7.84*7.69,True
2.21+++8.79/(2.24*1.66+4.93/8.76*7.43-4.04)*8.58//-2.48//-3.31+5.4,2.21+++8.79/(2.24*1.66+4.93/8.76*7.43-4.04)*8.58//-2.48//-3.31+5.4,False
8.26/(4.46-4.78)+7.63+3.4+7.35/7.03*6.21/3.02+6.2/(1.93+5.62*1.68/(1.58-(9.22))),8.26/(4.46-4.78)+7.63+3.4+7.35/7.03*6.21/3.02+6.2/(1.93+5.62*1.68/(1.58-(9.22))),True
/+3.34+4.57/5.92-8.98*5.58*5.37*2.23+(1.06-(7.85+9.95/7.39---3.89*5.61)),/+3.34+4.57/5.92-8.98*5.58*5.37*2.23+(1.06-(7.85+9.95/7.39---3.89*5.61)),False
1.93*/*(4.52-0.38)*0.28*2.91-5.67+5.41/6.85-0.78/9.56-2.79+8.52++/2.91,1.93*/*(4.52-0.38)*0.28*2.91-5.67+5.41/6.85-0.78/9.56-2.79+8.52++/2.91,True
7.23-2.41+9.64-6.16*7.75*2.51/9.2+8.42+5.69/8.08*9.13-(7.02*9.9/(6.53/7.78)),7.23-2.41+9.64-6.16*7.75*2.51/9.2+8.42+5.69/8.08*9.13-(7.02*9.9/(6.53/7.78)),True
6.01+(0.19/5.42*6.18/4.64-9.14/4.15-3.94-7.26)*4.35-4.52-*-(5.21*0.23)-(0.21),6.01+(0.19/5.42*6.18/4.64-9.14/4.15-3.94-7.26)*4.35-4.52-*-(5.21*0.23)-(0.21),True
8.09/7.59*4.03*8.71+1.33-(4.63+(1.27+3.42-(6.57/9.27+(7.62-(6.05/(3.98-5.7++)))))),8.09/7.59*4.03*8.71+1.33-(4.63+(1.27+3.42-(6.57/9.27+(7.62-(6.05/(3.98-5.7++)))))),False
7.61/7.28/(6.14/8.83-(8.09/4.78/6.58+(2.23/3.41+6.4)+6.07+(8.77*6.02+0.47+9.53))),7.61/7.28/(6.14/8.83-(8.09/4.78/6.58+(2.23/3.41+6.4)+6.07+(8.77*6.02+0.47+9.53))),False
6.66*4.1/9.67*6.58/(3.68*7.33/7.95*7.21*6.99/5.84-6.1-4.55)///8.91-(2.84),6.66*4.1/9.67*6.58/(3.68*7.33/7.95*7.21*6.99/5.84-6.1-4.55)///8.91-(2.84),False
6.37-5.07/5.92*(8.19-8.91/(0.17-8.65-2.33-(0.97*(6.04/0.97-1.95)-3.92*0.71/9.55))),6.37-5.07/5.92*(8.19-8.91/(0.17-8.65-2.33-(0.97*(6.04/0.97-1.95)-3.92*0.71/9.55))),True
6.62+5.09*5.59*4.32/8.48+(6.81*(3.13*3.09+8.67/2.02+4.53-0.98/3.23/(1.69+8.69))),6.62+5.09*5.59*4.32/8.48+(6.81*(3.13*3.09+8.67/2.02+4.53-0.98/3.23/(1.69+8.69))),True
7.53*4.87-8.99+8.2*5.34/7.73/1.98*5.59*6.89/2.31*0.01*1.67/6.11-/*4.22,7.53*4.87-8.99+8.2*5.34/7.73/1.98*5.59*6.89/2.31*0.01*1.67/6.11-/*4.22,False
2.73-0.07-(5.8+2.98-(1.23+3.09/2.77+(6.94/2.05)/5.96/8.75/5.85/2.89*8.34+(2.63))),2.73-0.07-(5.8+2.98-(1.23+3.09/2.77+(6.94/2.05)/5.96/8.75/5.85/2.89*8.34+(2.63))),True
6.68+5.53+3.0*6.75-6.31+9.5-3.84*5.39+5.27*(2.71-7.2-(3.27/(6.4/4.01-3.58))),6.68+5.53+3.0*6.75-6.31+9.5-3.84*5.39+5.27*(2.71-7.2-(3.27/(6.4/4.01-3.58))),False
0.31/1.06/8.83*6.19*6.0/1.22+2.04*+/2.56+8.02+1.33*7.88*6.32/8.34/2.96,0.31/1.06/8.83*6.19*6.0/1.22+2.04*+/2.56+8.02+1.33*7.88*6.32/8.34/2.96,False
(4.62-6.76//-1.77*2.19+6.38/7.46/(*/6.35+5.2+3.68*3.51-2.48)/1.93/5.41),(4.62-6.76//-1.77*2.19+6.38/7.46/(*/6.35+5.2+3.68*3.51-2.48)/1.93/5.41),True
5.56+4.68+1.3/0.52-6.35-4.4-(8.69/2.85/(5.91-0.24/2.69+8.56-4.39-+)+0.67),5.56+4.68+1.3/0.52-6.35-4.4-(8.69/2.85/(5.91-0.24/2.69+8.56-4.39-+)+0.67),True
4.37*8.4/7.83*5.95-1.67+0.98-2.77-5.92+3.34-2.6*2.35+4.81+1.56/0.01*-,4.37*8.4/7.83*5.95-1.67+0.98-2.77-5.92+3.34-2.6*2.35+4.81+1.56/0.01*-,True
7.02+5.02/7.73+6.13+8.32*9.57+7.38*2.73/8.28-4.19*9.4*(3.93*(9.36/7.77)+1.82),7.02+5.02/7.73+6.13+8.32*9.57+7.38*2.73/8.28-4.19*9.4*(3.93*(9.36/7.77)+1.82),False
0.77*5.57/6.43/(5.64/2.45*9.35*6.09/9.22*0.61-8.95+9.49-9.19-7.11-7.9)*7.38,0.77*5.57/6.43/(5.64/2.45*9.35*6.09/9.22*0.61-8.95+9.49-9.19-7.11-7.9)*7.38,True
(7.78/6.61*2.86-8.52*4.93*2.5/0.43)/3.54*7.47/9.92+2.12*(1.45+0.34-1.14-6.13),(7.78/6.61*2.86-8.52*4.93*2.5/0.43)/3.54*7.47/9.92+2.12*(1.45+0.34-1.14-6.13),True
9.07/3.21/5.26*6.83-0.5/(7.6+3.51)-6.24+9.54+(0.67-(2.97*(9.31*3.53-7.51)*(*))),9.07/3.21/5.26*6.83-0.5/(7.6+3.51)-6.24+9.54+(0.67-(2.97*(9.31*3.53-7.51)*(*))),False
(1.25*5.7/9.34-6.8-3.26*5.9-//3.29/3.31+1.48*2.19/1.1/5.99+0.97+3.38),(1.25*5.7/9.34-6.8-3.26*5.9-//3.29/3.31+1.48*2.19/1.1/5.99+0.97+3.38),False
3.05*0.12/(3.35/0.84/4.65*2.5/(0.47+2.1)*0.82)*(9.63+(3.32/1.38/1.56/(0.38-6.76))),3.05*0.12/(3.35/0.84/4.65*2.5/(0.47+2.1)*0.82)*(9.63+(3.32/1.38/1.56/(0.38-6.76))),False
2.1+7.08+3.94*3.58*4.06/3.44*5.67+7.94/(9.06/2.22-5.64*7.15)*(7.14+1.92/(7.67)),2.1+7.08+3.94*3.58*4.06/3.44*5.67+7.94/(9.06/2.22-5.64*7.15)*(7.14+1.92/(7.67)),False
/+9.48-1.78*8.29+7.61/6.28+3.97+8.14/7.4-5.11*0.11-(-/8.46//)-3.91,/+9.48-1.78*8.29+7.61/6.28+3.97+8.14/7.4-5.11*0.11-(-/8.46//)-3.91,False
1.52/6.31+4.26-6.54-6.76/9.79-1.36*4.78*(8.0*8.17*1.29/10.0/2.76/3.49+3.36),1.52/6.31+4.26-6.54-6.76/9.79-1.36*4.78*(8.0*8.17*1.29/10.0/2.76/3.49+3.36),True
4.73-5.36/6.59/2.25+0.16+0.94*(5.68+5.89-7.36-5.97)*8.22+2.17/(4.83/7.39+4.23),4.73-5.36/6.59/2.25+0.16+0.94*(5.68+5.89-7.36-5.97)*8.22+2.17/(4.83/7.39+4.23),False
(0.48-2.96+8.32+4.04)/(6.7+2.75+7.6)+8.14/2.57-6.48*(1.01/(9.1-7.5*1.06+8.78)),(0.48-2.96+8.32+4.04)/(6.7+2.75+7.6)+8.14/2.57-6.48*(1.01/(9.1-7.5*1.06+8.78)),True
9.91-3.86/1.98*5.95+6.43/0.53*4.55+(1.91/2.54-6.49*6.24-7.12-0.42*6.78-3.05),9.91-3.86/1.98*5.95+6.43/0.53*4.55+(1.91/2.54-6.49*6.24-7.12-0.42*6.78-3.05),True
1.39+9.42*8.14-5.3+4.99-8.83/(9.36-(6.89/7.63*0.06/1.63*(0.42/8.55-7.85)*(4.32))),1.39+9.42*8.14-5.3+4.99-8.83/(9.36-(6.89/7.63*0.06/1.63*(0.42/8.55-7.85)*(4.32))),True
3.76/(//3.13)+8.38+7.76/2.05-0.83+4.27-3.24+8.68+-+8.92+7.5*6.36-1.53,3.76/(//3.13)+8.38+7.76/2.05-0.83+4.27-3.24+8.68+-+8.92+7.5*6.36-1.53,False
3.97+6.18*9.33+0.98-0.3/(8.47+4.01/4.38)-7.91*(1.77/9.55*4.4/0.86*(9.48*(2.15))),3.97+6.18*9.33+0.98-0.3/(8.47+4.01/4.38)-7.91*(1.77/9.55*4.4/0.86*(9.48*(2.15))),True
2.62*1.99+(0.36/5.9*5.62+4.29+6.7)+1.26+1.99/3.46*1.59/3.09/4.84*1.81+4.05,2.62*1.99+(0.36/5.9*5.62+4.29+6.7)+1.26+1.99/3.46*1.59/3.09/4.84*1.81+4.05,True
(1.56*9.78-++2.99-1.74-8.91/3.74/6.78)*1.61+(7.18/1.84-3.15-5.57)/0.74+6.26,(1.56*9.78-++2.99-1.74-8.91/3.74/6.78)*1.61+(7.18/1.84-3.15-5.57)/0.74+6.26,False
(5.33*9.6*7.21-5.42-9.62+++5.31-8.4+7.77/(1.8-1.54)*4.08-6.15-0.57-8.36),(5.33*9.6*7.21-5.42-9.62+++5.31-8.4+7.77/(1.8-1.54)*4.08-6.15-0.57-8.36),True
2.39*7.68-2.23*(-+2.18/(2.68-(2.79-4.8)*3.78/2.73/5.55*0.2*1.61+(9.17-4.66))),2.39*7.68-2.23*(-+2.18/(2.68-(2.79-4.8)*3.78/2.73/5.55*0.2*1.61+(9.17-4.66))),True
0.02/6.04-(1.06-1.1-8.54+(3.3+1.8)+8.8+(9.27*7.94*8.57/2.84)/6.7/2.05)-7.54,0.02/6.04-(1.06-1.1-8.54+(3.3+1.8)+8.8+(9.27*7.94*8.57/2.84)/6.7/2.05)-7.54,False
8.66-(2.83-3.71/8.13*0.75-8.59-(7.72/(7.7*(4.69/1.11*1.19+5.85*5.53+2.44)-1.51))),8.66-(2.83-3.71/8.13*0.75-8.59-(7.72/(7.7*(4.69/1.11*1.19+5.85*5.53+2.44)-1.51))),True
1.7+3.26/1.57/(4.39-4.38)-7.98+8.94-8.55*2.52+2.35-2.59/1.72+9.44*9.38/0.99,1.7+3.26/1.57/(4.39-4.38)-7.98+8.94-8.55*2.52+2.35-2.59/1.72+9.44*9.38/0.99,True
(9.82/0.76)/3.39+8.07-3.4+3.17-8.22+3.5+(8.72/3.72*4.58+(8.23*8.13-4.48/2.98)),(9.82/0.76)/3.39+8.07-3.4+3.17-8.22+3.5+(8.72/3.72*4.58+(8.23*8.13-4.48/2.98)),False
2.69+1.18-7.92/2.77/(6.8+0.94+4.61)+0.44-7.13/2.11+4.01/4.9+(3.73+(3.38*(0.26))),2.69+1.18-7.92/2.77/(6.8+0.94+4.61)+0.44-7.13/2.11+4.01/4.9+(3.73+(3.38*(0.26))),True
0.56+0.18+4.4+0.25/2.92+(6.07+7.22*9.73+9.66/(7.52+(8.08-4.88*9.99+9.51+(8.38)))),0.56+0.18+4.4+0.25/2.92+(6.07+7.22*9.73+9.66/(7.52+(8.08-4.88*9.99+9.51+(8.38)))),True
1.76/1.58/9.96+9.65*1.63+8.03-4.27*4.63*2.02*(1.09/(5.23*6.25-2.71-8.45*7.8)),1.76/1.58/9.96+9.65*1.63+8.03-4.27*4.63*2.02*(1.09/(5.23*6.25-2.71-8.45*7.8)),True
8.25+(6.09-1.09)+5.27/7.89*3.65-9.61+5.4*6.09+6.92+2.57/2.95+6.42*5.84*5.12,8.25+(6.09-1.09)+5.27/7.89*3.65-9.61+5.4*6.09+6.92+2.57/2.95+6.42*5.84*5.12,True
(3.85/(5.77-2.93/7.55)-3.6)+1.57+3.32*9.54/1.7*6.55+(7.96-6.06)*(5.42-4.27*5.82),(3.85/(5.77-2.93/7.55)-3.6)+1.57+3.32*9.54/1.7*6.55+(7.96-6.06)*(5.42-4.27*5.82),True
5.35/4.6+2.34+5.33-9.7*4.26/5.69*4.59*1.9/9.06-9.14+6.36*1.26-5.62-4.81,5.35/4.6+2.34+5.33-9.7*4.26/5.69*4.59*1.9/9.06-9.14+6.36*1.26-5.62-4.81,True
(5.8+5.69)+6.16+1.48-5.64*4.64-(7.3/2.06/3.4/3.75/(5.74-0.62*4.71+(6.47+2.22))),(5.8+5.69)+6.16+1.48-5.64*4.64-(7.3/2.06/3.4/3.75/(5.74-0.62*4.71+(6.47+2.22))),True
6.76+6.36*6.08/8.83/(6.52+6.92-(0.13+8.63)-0.78)/6.04/7.2-0.2*0.5*4.94+1.12,6.76+6.36*6.08/8.83/(6.52+6.92-(0.13+8.63)-0.78)/6.04/7.2-0.2*0.5*4.94+1.12,True
(6.74/4.75+5.14*2.39+6.35+(5.8+(7.43+6.67/9.26-5.97)-+)+6.5/(2.56/3.18)/0.49),(6.74/4.75+5.14*2.39+6.35+(5.8+(7.43+6.67/9.26-5.97)-+)+6.5/(2.56/3.18)/0.49),False
8.92/2.1-+-2.77-4.55-3.01+7.75+7.24-6.75+8.58-7.81*4.84-(1.07*8.43/3.78),8.92/2.1-+-2.77-4.55-3.01+7.75+7.24-6.75+8.58-7.81*4.84-(1.07*8.43/3.78),False
7.12/6.66/(-+5.68/7.54)-9.88/1.63+1.27-(2.54/5.06-7.23*(6.75-8.74)/9.04/0.72),7.12/6.66/(-+5.68/7.54)-9.88/1.63+1.27-(2.54/5.06-7.23*(6.75-8.74)/9.04/0.72),True
8.12-8.74*0.24+0.66/5.7*7.51+9.0/0.45-1.17+4.32*5.57+8.53-8.17*5.49/(0.24),8.12-8.74*0.24+0.66/5.7*7.51+9.0/0.45-1.17+4.32*5.57+8.53-8.17*5.49/(0.24),True
(4.99/5.65*6.23-6.22-4.46)+(7.9-2.19-2.49-/+9.93*4.29-1.3-(6.23/6.41*5.64)),(4.99/5.65*6.23-6.22-4.46)+(7.9-2.19-2.49-/+9.93*4.29-1.3-(6.23/6.41*5.64)),True
(4.76+2.39*5.48/4.5/(5.55-8.37/5.8+5.55*+*5.9-7.26+7.68-2.48+3.71+(+))),(4.76+2.39*5.48/4.5/(5.55-8.37/5.8+5.55*+*5.9-7.26+7.68-2.48+3.71+(+))),False
7.93+0.34*5.62/(1.57*8.85*8.99)+8.37/(8.09/0.98/6.3*8.55--/7.01*(4.0-(0.63))),7.93+0.34*5.62/(1.57*8.85*8.99)+8.37/(8.09/0.98/6.3*8.55--/7.01*(4.0-(0.63))),True
5.75-3.69/7.99/1.99*5.07/2.96*4.65*2.37+8.05*4.64+2.97+(8.81/4.17+6.71+2.85),5.75-3.69/7.99/1.99*5.07/2.96*4.65*2.37+8.05*4.64+2.97+(8.81/4.17+6.71+2.85),True
(9.52/9.68/7.9*0.8-6.12-8.1-8.63/1.32)+7.47+8.7+0.35+0.06//+1.7+(4.24),(9.52/9.68/7.9*0.8-6.12-8.1-8.63/1.32)+7.47+8.7+0.35+0.06//+1.7+(4.24),True
3.84/3.58/(7.52/6.67-(2.84*1.13*6.86+0.68*4.35)/5.48+1.17/(6.49*4.28/(8.14-7.6))),3.84/3.58/(7.52/6.67-(2.84*1.13*6.86+0.68*4.35)/5.48+1.17/(6.49*4.28/(8.14-7.6))),True
3.69*2.75*4.05+9.78+6.2*9.09/8.75*9.56/(0.96/9.97/6.92/(4.94-1.99--*4.13)),3.69*2.75*4.05+9.78+6.2*9.09/8.75*9.56/(0.96/9.97/6.92/(4.94-1.99--*4.13)),True
2.66+--(7.35/1.32-3.38)+0.22*2.54*0.79/2.16/7.08+(3.2*7.18++/9.02)+(3.67),2.66+--(7.35/1.32-3.38)+0.22*2.54*0.79/2.16/7.08+(3.2*7.18++/9.02)+(3.67),False
3.74+1.23*1.6/5.83-(7.95+7.62/*/0.03)+4.77*8.2+6.38*1.66/6.11+7.43/3.45,3.74+1.23*1.6/5.83-(7.95+7.62/*/0.03)+4.77*8.2+6.38*1.66/6.11+7.43/3.45,True
8.2-7.09*6.45-4.93+9.08/3.01/(6.71-(6.22-9.95*9.35-(7.34/(4.3-7.05)*6.21-9.79))),8.2-7.09*6.45-4.93+9.08/3.01/(6.71-(6.22-9.95*9.35-(7.34/(4.3-7.05)*6.21-9.79))),True
(0.22-2.01)/2.61+(3.8-5.79/1.48-(6.25*(/-7.02/8.04*7.51+4.6-++9.66)/1.59)),(0.22-2.01)/2.61+(3.8-5.79/1.48-(6.25*(/-7.02/8.04*7.51+4.6-++9.66)/1.59)),False
6.9/5.44*1.23/(3.43*8.97+0.58-2.67/**5.98-1.63/6.13+1.53*1.67-1.67*5.45),6.9/5.44*1.23/(3.43*8.97+0.58-2.67/**5.98-1.63/6.13+1.53*1.67-1.67*5.45),False
1.92/5.29*6.76+4.59/9.68/9.82-3.28-1.54+3.52+3.55*9.0*4.45*1.47*9.98-(1.67),1.92/5.29*6.76+4.59/9.68/9.82-3.28-1.54+3.52+3.55*9.0*4.45*1.47*9.98-(1.67),False
1.31/2.07*5.98*6.03*2.41/6.54+3.54*5.12/6.27-4.6*6.35*+-3.91/(6.03+6.32),1.31/2.07*5.98*6.03*2.41/6.54+3.54*5.12/6.27-4.6*6.35*+-3.91/(6.03+6.32),False
--6.64/9.87+5.42+(5.3*7.81*6.32-(2.69*7.98*1.89+7.54*(1.33/1.52)*7.79*(+))),--6.64/9.87+5.42+(5.3*7.81*6.32-(2.69*7.98*1.89+7.54*(1.33/1.52)*7.79*(+))),True
3.76/1.45+2.46/(4.65+7.41-0.12/9.91/*-5.85-(0.35/5.93+(8.59*9.3)/0.17*(4.72))),3.76/1.45+2.46/(4.65+7.41-0.12/9.91/*-5.85-(0.35/5.93+(8.59*9.3)/0.17*(4.72))),False
(0.1*/)-9.77+7.44*7.43+5.13-4.4/8.27-6.02/4.1-0.18+(7.45/(9.01+2.48*8.29)),(0.1*/)-9.77+7.44*7.43+5.13-4.4/8.27-6.02/4.1-0.18+(7.45/(9.01+2.48*8.29)),False
6.86+9.3+1.23+4.05-3.46+1.31+8.04-3.81+(0.98*7.13*1.3/8.8+8.71*4.16-4.2),6.86+9.3+1.23+4.05-3.46+1.31+8.04-3.81+(0.98*7.13*1.3/8.8+8.71*4.16-4.2),False
2.41+1.33-8.22*3.19+//0.3-9.03+6.16-4.99/(2.46+(9.78+6.22-2.16-8.66+9.27)),2.41+1.33-8.22*3.19+//0.3-9.03+6.16-4.99/(2.46+(9.78+6.22-2.16-8.66+9.27)),False
9.84-9.23-9.74*10.0*8.22*8.43*5.87-8.91/9.73/1.25/(6.19*9.36/0.72-2.94*3.44),9.84-9.23-9.74*10.0*8.22*8.43*5.87-8.91/9.73/1.25/(6.19*9.36/0.72-2.94*3.44),True
2.43/0.02-6.76+5.81-8.23*8.14*4.63-1.55+4.46/6.34-1.46+8.31+(5.24+9.56)*+,2.43/0.02-6.76+5.81-8.23*8.14*4.63-1.55+4.46/6.34-1.46+8.31+(5.24+9.56)*+,False
2.34*2.81-1.15-4.01/1.8+1.48/(7.42*4.77-5.4/8.77*9.84*5.55+6.83/8.03/(3.08)),2.34*2.81-1.15-4.01/1.8+1.48/(7.42*4.77-5.4/8.77*9.84*5.55+6.83/8.03/(3.08)),True
5.04*3.0+6.34*0.27+2.73+3.93-4.61+1.7*6.57+1.89*8.92*3.91++/(5.51+(8.21)),5.04*3.0+6.34*0.27+2.73+3.93-4.61+1.7*6.57+1.89*8.92*3.91++/(5.51+(8.21)),True
9.2+7.18/5.05/8.97+0.63*(4.69-2.2)/(4.08-6.42*1.56*2.52*2.79/(+/9.22-*)),9.2+7.18/5.05/8.97+0.63*(4.69-2.2)/(4.08-6.42*1.56*2.52*2.79/(+/9.22-*)),False
5.29*4.17*(8.2/3.24-8.14-+*8.68-7.31)/8.24/2.89/(4.83-1.6-6.48-2.51*0.75),5.29*4.17*(8.2/3.24-8.14-+*8.68-7.31)/8.24/2.89/(4.83-1.6-6.48-2.51*0.75),False
4.01/9.85/6.55-6.82+2.31/2.91/6.26*0.3-4.7/(3.43/5.02/5.5-9.24*4.82/5.19),4.01/9.85/6.55-6.82+2.31/2.91/6.26*0.3-4.7/(3.43/5.02/5.5-9.24*4.82/5.19),True
(0.34+8.72)/4.11-9.54*0.67/0.06-4.97+3.16*4.46-(1.61/8.57/2.3+7.86*(0.02*9.46)),(0.34+8.72)/4.11-9.54*0.67/0.06-4.97+3.16*4.46-(1.61/8.57/2.3+7.86*(0.02*9.46)),False
9.97/4.59/6.63+4.07+(5.15+(4.83*7.16-7.06-4.58*5.43-*-(5.18-3.48*(*-(6.94))))),9.97/4.59/6.63+4.07+(5.15+(4.83*7.16-7.06-4.58*5.43-*-(5.18-3.48*(*-(6.94))))),False
(1.55-5.58/1.86*++8.55*1.78+9.59)*2.75*0.01-(7.65//*7.35+6.93*7.57*7.77),(1.55-5.58/1.86*++8.55*1.78+9.59)*2.75*0.01-(7.65//*7.35+6.93*7.57*7.77),False
3.56+4.04+(9.45/8.0+4.96+(8.98/8.27+1.27-9.71-9.11-8.94)+8.13/+*7.36-7.15),3.56+4.04+(9.45/8.0+4.96+(8.98/8.27+1.27-9.71-9.11-8.94)+8.13/+*7.36-7.15),False
7.14/(2.6/1.5/5.95)*9.44*1.65/--6.39-5.29/9.83-3.67/8.12+1.65+(3.65+2.09),7.14/(2.6/1.5/5.95)*9.44*1.65/--6.39-5.29/9.83-3.67/8.12+1.65+(3.65+2.09),False
(0.57-4.98*8.97/2.8/0.25*0.66+3.37*5.23+6.73/3.75)*7.33-1.96-+-0.88-1.24,(0.57-4.98*8.97/2.8/0.25*0.66+3.37*5.23+6.73/3.75)*7.33-1.96-+-0.88-1.24,True
6.66+2.92/(8.7-3.81*7.43+6.58/6.67*0.67)-9.95-7.09+(1.69-9.78+4.49*6.18+1.72),6.66+2.92/(8.7-3.81*7.43+6.58/6.67*0.67)-9.95-7.09+(1.69-9.78+4.49*6.18+1.72),False
9.21*(3.73/(6.33-9.32*5.22*4.68+-)+1.46-6.94*8.23*2.18/-+4.85+(8.17/5.27)),9.21*(3.73/(6.33-9.32*5.22*4.68+-)+1.46-6.94*8.23*2.18/-+4.85+(8.17/5.27)),False
2.8/6.63+5.09*4.75-0.49*5.88+8.26+9.3/*+2.33/(5.9*0.82-2.33-5.97/(-)),2.8/6.63+5.09*4.75-0.49*5.88+8.26+9.3/*+2.33/(5.9*0.82-2.33-5.97/(-)),True
4.74*3.91+5.82-(1.58+5.37)-1.93+6.53+(/-4.18)+1.54*1.49*0.55-0.13*3.82*9.07,4.74*3.91+5.82-(1.58+5.37)-1.93+6.53+(/-4.18)+1.54*1.49*0.55-0.13*3.82*9.07,False
7.34*(5.07+(0.52*1.5*5.41-(1.62/5.03*2.65*4.19*(1.29-0.15-6.55+(*/9.13+*))))),7.34*(5.07+(0.52*1.5*5.41-(1.62/5.03*2.65*4.19*(1.29-0.15-6.55+(*/9.13+*))))),False
0.79*(5.3+3.72/0.72*(7.24/(*/6.37*4.31/3.62/3.48)-8.38*8.25)*6.94*4.65/8.09),0.79*(5.3+3.72/0.72*(7.24/(*/6.37*4.31/3.62/3.48)-8.38*8.25)*6.94*4.65/8.09),False
3.78-4.93/(2.05+*/1.1)-9.92+(3.28+(0.47/7.04*2.56*-*8.88-5.77*9.14+(1.85))),3.78-4.93/(2.05+*/1.1)-9.92+(3.28+(0.47/7.04*2.56*-*8.88-5.77*9.14+(1.85))),False
0.13/3.77+3.83-3.51-9.37+7.89*2.64/7.64*2.49/4.42/7.92*8.65*8.37/9.38-4.47,0.13/3.77+3.83-3.51-9.37+7.89*2.64/7.64*2.49/4.42/7.92*8.65*8.37/9.38-4.47,False
3.44/7.48*8.88+1.72+6.0-9.39-6.04-0.73*8.99+3.38*0.76+(4.21-1.5)/6.09+(5.96),3.44/7.48*8.88+1.72+6.0-9.39-6.04-0.73*8.99+3.38*0.76+(4.21-1.5)/6.09+(5.96),False
2.91-9.76/6.11-2.51-9.37-7.27/2.98-7.34-4.01*0.69-3.08*0.98-7.97*(+/1.22),2.91-9.76/6.11-2.51-9.37-7.27/2.98-7.34-4.01*0.69-3.08*0.98-7.97*(+/1.22),True
8.45-+-3.67+7.05/2.49-2.18+2.51-0.95-4.3/7.47-0.75*(4.67+1.15)*8.26/9.47,8.45-+-3.67+7.05/2.49-2.18+2.51-0.95-4.3/7.47-0.75*(4.67+1.15)*8.26/9.47,True
0.28/9.5*9.96-8.57+4.55/2.73*9.98-0.96-1.41+(9.33/8.78-0.26/0.95*9.79)+5.58,0.28/9.5*9.96-8.57+4.55/2.73*9.98-0.96-1.41+(9.33/8.78-0.26/0.95*9.79)+5.58,True
7.93/6.8-3.88+9.81*6.75*2.73+2.8/2.16+6.61+(5.5-9.09/2.62/(4.53+7.7)-3.1),7.93/6.8-3.88+9.81*6.75*2.73+2.8/2.16+6.61+(5.5-9.09/2.62/(4.53+7.7)-3.1),False
6.23+3.24/1.69/+*1.95*0.94//*6.16+2.53-3.63-5.91+8.22/4.92/6.24*(2.2),6.23+3.24/1.69/+*1.95*0.94//*6.16+2.53-3.63-5.91+8.22/4.92/6.24*(2.2),False
1.14+8.93/6.57-0.16-(1.73+2.1/5.38+9.96/1.95-1.13*3.6+6.04+8.78/1.91)/(6.06),1.14+8.93/6.57-0.16-(1.73+2.1/5.38+9.96/1.95-1.13*3.6+6.04+8.78/1.91)/(6.06),False
8.74-3.3*8.53-8.32-6.63/(1.04/3.7)-(4.27+0.79*/*5.84)+9.91+(3.83*(0.78/(5.03))),8.74-3.3*8.53-8.32-6.63/(1.04/3.7)-(4.27+0.79*/*5.84)+9.91+(3.83*(0.78/(5.03))),True
2.97-4.91*9.33+1.24*7.53*/*9.43+1.16+9.35+4.47/1.72-(3.29/6.37*(3.67/7.87)),2.97-4.91*9.33+1.24*7.53*/*9.43+1.16+9.35+4.47/1.72-(3.29/6.37*(3.67/7.87)),True
7.57-0.65*6.73-5.83*0.88+6.26/8.23/5.95/1.53+(7.89/(8.21/6.28-4.67-(3.65*0.61))),7.57-0.65*6.73-5.83*0.88+6.26/8.23/5.95/1.53+(7.89/(8.21/6.28-4.67-(3.65*0.61))),True
0.15/9.45+7.71-4.79-1.96/8.9+9.45/(7.45-5.69//-3.49+9.36)+7.89*1.15*(4.44),0.15/9.45+7.71-4.79-1.96/8.9+9.45/(7.45-5.69//-3.49+9.36)+7.89*1.15*(4.44),False
1.34*(2.27*(1.19+(7.35/5.85-9.7-5.81-(3.22/6.26*2.64-0.18-5.49+5.1)+5.19)*6.39)),1.34*(2.27*(1.19+(7.35/5.85-9.7-5.81-(3.22/6.26*2.64-0.18-5.49+5.1)+5.19)*6.39)),True
2.11-7.09*+-0.76*5.83+1.13*2.78-7.62+5.4+7.33-(5.23*7.15-6.75-5.75*0.58),2.11-7.09*+-0.76*5.83+1.13*2.78-7.62+5.4+7.33-(5.23*7.15-6.75-5.75*0.58),False
4.38*--2.07*7.33-(6.37-/+1.99+8.59)/8.77+0.16/7.3+(9.31+7.37/*)-1.11,4.38*--2.07*7.33-(6.37-/+1.99+8.59)/8.77+0.16/7.3+(9.31+7.37/*)-1.11,False
6.6+3.32*(1.87/(6.2+6.04-7.37/6.56)-0.88-5.33*6.33/(9.72/5.76-4.68)+2.64/6.85),6.6+3.32*(1.87/(6.2+6.04-7.37/6.56)-0.88-5.33*6.33/(9.72/5.76-4.68)+2.64/6.85),True
4.13*(8.0*1.97/(0.79*8.2*2.49/8.65+1.44-3.95/5.8+8.45)*(1.08+-+4.81)/9.47),4.13*(8.0*1.97/(0.79*8.2*2.49/8.65+1.44-3.95/5.8+8.45)*(1.08+-+4.81)/9.47),True
(3.67+/*(5.94-5.61*0.51)/3.93/6.31+6.35*(2.02-7.68/9.49*8.26)+3.52+3.38*3.52),(3.67+/*(5.94-5.61*0.51)/3.93/6.31+6.35*(2.02-7.68/9.49*8.26)+3.52+3.38*3.52),True
/-2.13*1.02+/+1.66/5.79*8.79+5.82/(5.63*(1.74/(9.56/4.12)/3.16+6.65/1.31)),/-2.13*1.02+/+1.66/5.79*8.79+5.82/(5.63*(1.74/(9.56/4.12)/3.16+6.65/1.31)),False
4.35*8.33*(8.47*3.77*8.84-0.48+6.93*5.8*5.87)+8.84-3.32-3.35-1.77/(2.46*4.75),4.35*8.33*(8.47*3.77*8.84-0.48+6.93*5.8*5.87)+8.84-3.32-3.35-1.77/(2.46*4.75),True
0.99/(2.61*0.5-(1.28+0.11/*/9.39)/8.91)-7.55*(2.2/0.36/7.8*2.5)/9.65*0.46,0.99/(2.61*0.5-(1.28+0.11/*/9.39)/8.91)-7.55*(2.2/0.36/7.8*2.5)/9.65*0.46,True
2.59*9.22/9.97-9.66/(9.39*8.78)-7.29/+/(0.94-0.01+0.82/0.71+(6.12*(4.41+6.47))),2.59*9.22/9.97-9.66/(9.39*8.78)-7.29/+/(0.94-0.01+0.82/0.71+(6.12*(4.41+6.47))),True
5.36/8.09*3.12/(5.27/(1.0/5.24/3.65/3.53)*6.42/2.32*9.18*4.83+(3.19*0.86*5.54)),5.36/8.09*3.12/(5.27/(1.0/5.24/3.65/3.53)*6.42/2.32*9.18*4.83+(3.19*0.86*5.54)),True
2.3*3.99/7.06-4.13+6.64+3.61/4.99/-+1.91+5.64*4.29+(5.25+1.77*8.45/5.45),2.3*3.99/7.06-4.13+6.64+3.61/4.99/-+1.91+5.64*4.29+(5.25+1.77*8.45/5.45),False
5.23+9.6*5.65-5.23+5.22+9.65*6.05-4.51*2.11-0.13*/+3.15/9.23-8.94+(1.23),5.23+9.6*5.65-5.23+5.22+9.65*6.05-4.51*2.11-0.13*/+3.15/9.23-8.94+(1.23),True
9.03+3.24-6.8+0.72*7.42-3.89+4.85*4.6-8.05-2.66*2.43*9.76*0.11/8.5+(/),9.03+3.24-6.8+0.72*7.42-3.89+4.85*4.6-8.05-2.66*2.43*9.76*0.11/8.5+(/),False
(6.43-6.23*1.47)*1.59/(2.69/8.42+(6.42*4.49/5.32)+6.48/2.62+3.7)*10.0/8.33*(2.53),(6.43-6.23*1.47)*1.59/(2.69/8.42+(6.42*4.49/5.32)+6.48/2.62+3.7)*10.0/8.33*(2.53),True
0.07+4.01+8.72*7.61/6.56/1.68/+/7.23*1.75+1.18*9.36*3.8/6.6*1.96*4.03,0.07+4.01+8.72*7.61/6.56/1.68/+/7.23*1.75+1.18*9.36*3.8/6.6*1.96*4.03,True
8.48-5.45/(6.09/5.02+1.83)/1.54-(2.63*7.61+9.69-7.95+9.55)+5.69*4.69+7.95+8.43,8.48-5.45/(6.09/5.02+1.83)/1.54-(2.63*7.61+9.69-7.95+9.55)+5.69*4.69+7.95+8.43,True
4.61+4.12+1.27*8.52/8.97-(2.64*0.75+1.55/9.33)+0.24+4.88-8.65*(1.35/(8.54-2.18)),4.61+4.12+1.27*8.52/8.97-(2.64*0.75+1.55/9.33)+0.24+4.88-8.65*(1.35/(8.54-2.18)),True
5.16*9.42+*-7.84*(0.46*8.09-5.73-4.01)*4.0/(/*3.72+1.49+8.06)/(1.5-5.78),5.16*9.42+*-7.84*(0.46*8.09-5.73-4.01)*4.0/(/*3.72+1.49+8.06)/(1.5-5.78),True
4.71+8.05-6.13/1.96/(8.37/7.35/7.19-5.98-(1.07-+-2.91+3.41-6.35-*+0.85)),4.71+8.05-6.13/1.96/(8.37/7.35/7.19-5.98-(1.07-+-2.91+3.41-6.35-*+0.85)),False
(7.49/(5.91-++9.35*-+4.96/3.48/4.73)/7.05)+4.78/4.16/9.59+6.63-4.63/7.74,(7.49/(5.91-++9.35*-+4.96/3.48/4.73)/7.05)+4.78/4.16/9.59+6.63-4.63/7.74,False
(1.35-5.79)-(8.26-3.76)-3.3*3.93+7.42-8.61/0.84+2.45/(5.16*0.11/4.17+7.78-9.24),(1.35-5.79)-(8.26-3.76)-3.3*3.93+7.42-8.61/0.84+2.45/(5.16*0.11/4.17+7.78-9.24),False
(8.94-6.98)+0.52/6.61*3.4/3.9-7.66*(1.54+1.63+2.27+2.79*(8.4+(9.25/7.74*(5.9)))),(8.94-6.98)+0.52/6.61*3.4/3.9-7.66*(1.54+1.63+2.27+2.79*(8.4+(9.25/7.74*(5.9)))),True
3.12+(5.5/5.43/2.23+0.97/2.07-0.37-8.19/2.39*(8.16/(5.09-5.16)/2.41/3.92*5.07)),3.12+(5.5/5.43/2.23+0.97/2.07-0.37-8.19/2.39*(8.16/(5.09-5.16)/2.41/3.92*5.07)),False
8.79-6.4-1.74*1.22*(2.28+5.59+8.96)-(8.51/6.25*-)+2.86-3.71+(9.24-4.25-3.12),8.79-6.4-1.74*1.22*(2.28+5.59+8.96)-(8.51/6.25*-)+2.86-3.71+(9.24-4.25-3.12),False
*+7.51-(**4.21+(1.05-(5.57+1.93-(2.73-1.81/(3.81/5.77+1.62/2.43+5.74*0.22))))),*+7.51-(**4.21+(1.05-(5.57+1.93-(2.73-1.81/(3.81/5.77+1.62/2.43+5.74*0.22))))),False
9.68/(6.38/5.58*(1.91*0.62-0.64+(9.77*2.71+(7.96/8.76)/6.28)+(5.14*4.57-7.83*2.54))),9.68/(6.38/5.58*(1.91*0.62-0.64+(9.77*2.71+(7.96/8.76)/6.28)+(5.14*4.57-7.83*2.54))),True
5.0*(7.68*(8.43*(4.39/7.88)-6.63+7.57+8.54+1.55)-4.31)/6.36-2.27+0.95+(6.74/(3.63)),5.0*(7.68*(8.43*(4.39/7.88)-6.63+7.57+8.54+1.55)-4.31)/6.36-2.27+0.95+(6.74/(3.63)),False
9.15*5.42*(6.11/3.89)*8.52-5.3*0.21-3.19+(4.27/1.61-(5.0+8.66)-3.75-1.37-4.21),9.15*5.42*(6.11/3.89)*8.52-5.3*0.21-3.19+(4.27/1.61-(5.0+8.66)-3.75-1.37-4.21),True
0.13/(4.14/4.11-8.0+8.66+0.87/-)/(4.58-9.53+4.27+8.43*6.27+7.62+8.71)/6.79,0.13/(4.14/4.11-8.0+8.66+0.87/-)/(4.58-9.53+4.27+8.43*6.27+7.62+8.71)/6.79,False
8.75+(4.88-5.8)+4.56+(5.62/0.57/5.45/6.76/7.14+6.71+(5.76+0.34+9.57*5.56*8.15)),8.75+(4.88-5.8)+4.56+(5.62/0.57/5.45/6.76/7.14+6.71+(5.76+0.34+9.57*5.56*8.15)),False
(5.78-(9.41*2.96+8.46+6.86+7.88*3.23/8.19)+6.96-7.88)*4.35*9.42-8.89+2.88+1.61,(5.78-(9.41*2.96+8.46+6.86+7.88*3.23/8.19)+6.96-7.88)*4.35*9.42-8.89+2.88+1.61,True
(2.47/7.66+(5.75+*+5.59)+8.33*(8.24/6.7/7.43)-7.75+1.23/0.29)*--(9.06+8.14),(2.47/7.66+(5.75+*+5.59)+8.33*(8.24/6.7/7.43)-7.75+1.23/0.29)*--(9.06+8.14),False
1.45*8.38-4.94/9.4*7.43/5.87-(7.57*0.54*0.02/8.92)-1.69*4.77*7.98+7.73*(8.42),1.45*8.38-4.94/9.4*7.43/5.87-(7.57*0.54*0.02/8.92)-1.69*4.77*7.98+7.73*(8.42),True
(0.89-4.69-1.76/5.51)+(-*3.9/7.63-(2.33-4.13/5.93+2.75+2.07*1.95+3.6-6.05)),(0.89-4.69-1.76/5.51)+(-*3.9/7.63-(2.33-4.13/5.93+2.75+2.07*1.95+3.6-6.05)),True
1.34*7.39/(3.31*0.54*(9.77+6.17+(0.13*1.73+3.7/8.21/8.73)*7.86+4.82)/9.81*3.69),1.34*7.39/(3.31*0.54*(9.77+6.17+(0.13*1.73+3.7/8.21/8.73)*7.86+4.82)/9.81*3.69),False
8.99-3.13/0.04+2.16+4.5*2.49-1.65*0.09+6.58*5.27/9.03/0.73**+6.02/(4.44),8.99-3.13/0.04+2.16+4.5*2.49-1.65*0.09+6.58*5.27/9.03/0.73**+6.02/(4.44),False
(4.6+5.35*5.08)-6.37+7.17-(6.49***(6.59-0.05-0.34/1.05/3.3-9.49/1.26*0.29)),(4.6+5.35*5.08)-6.37+7.17-(6.49***(6.59-0.05-0.34/1.05/3.3-9.49/1.26*0.29)),False
9.84*0.51-9.94-6.99/5.19*2.52+(6.67+0.95*7.11-(1.32/(5.85*1.38*6.94-(0.99*1.04)))),9.84*0.51-9.94-6.99/5.19*2.52+(6.67+0.95*7.11-(1.32/(5.85*1.38*6.94-(0.99*1.04)))),True
10.0+2.12*9.16+8.54+(1.49-8.32)-1.69*6.9*5.47*6.62*6.07-1.69+4.85/5.91--,10.0+2.12*9.16+8.54+(1.49-8.32)-1.69*6.9*5.47*6.62*6.07-1.69+4.85/5.91--,True
7.64/2.18+(8.19*8.57)-5.51*7.13*(6.0-(7.39*9.21)+5.83/1.66*9.1+7.66*8.21*0.66),7.64/2.18+(8.19*8.57)-5.51*7.13*(6.0-(7.39*9.21)+5.83/1.66*9.1+7.66*8.21*0.66),True
5.43/5.67+8.3/2.01-0.81*7.94*0.17-4.45/(8.99+0.11/7.63-1.89)/7.99-2.82/-,5.43/5.67+8.3/2.01-0.81*7.94*0.17-4.45/(8.99+0.11/7.63-1.89)/7.99-2.82/-,False
0.94*5.46-2.4+1.68-2.9-3.17+3.57/(2.85+5.43/7.64+9.29)/1.97+3.18-2.99-3.22,0.94*5.46-2.4+1.68-2.9-3.17+3.57/(2.85+5.43/7.64+9.29)/1.97+3.18-2.99-3.22,True
8.26-8.76+2.89+3.15-*+8.36-3.77+1.07*7.91+(9.83-(4.73+6.66/8.31*0.48)*(5.78)),8.26-8.76+2.89+3.15-*+8.36-3.77+1.07*7.91+(9.83-(4.73+6.66/8.31*0.48)*(5.78)),True
5.31/9.05-4.51*5.13+(4.67-6.25)-8.59-1.18/7.63*2.65+2.08+0.43--+4.56-4.92,5.31/9.05-4.51*5.13+(4.67-6.25)-8.59-1.18/7.63*2.65+2.08+0.43--+4.56-4.92,False
(9.94+1.36+3.97/1.21-1.17/2.98-5.36)-6.01-0.92-8.94/1.62-7.42+3.95-(+/3.28),(9.94+1.36+3.97/1.21-1.17/2.98-5.36)-6.01-0.92-8.94/1.62-7.42+3.95-(+/3.28),False
(2.48*4.44/2.81*2.76+5.5*6.29*1.63+8.31/(2.58/3.35)*9.5+0.95)*7.94/6.41/5.92,(2.48*4.44/2.81*2.76+5.5*6.29*1.63+8.31/(2.58/3.35)*9.5+0.95)*7.94/6.41/5.92,True
5.65-3.17-(3.08*4.73-(3.79-//7.63*2.33+5.49)/(1.91*0.2-(9.87-9.92)-8.62)*(1.65)),5.65-3.17-(3.08*4.73-(3.79-//7.63*2.33+5.49)/(1.91*0.2-(9.87-9.92)-8.62)*(1.65)),False
8.94+8.8-9.8/8.11+4.96-8.06+2.46+(7.58/(9.68/*-8.4*0.99)/0.33*3.61-5.38),8.94+8.8-9.8/8.11+4.96-8.06+2.46+(7.58/(9.68/*-8.4*0.99)/0.33*3.61-5.38),True
4.01-3.86+(4.2-(9.24+(7.46-(1.83+0.97-8.63)*5.54/8.93/3.07-(2.67-(9.55+8.0*9.03))))),4.01-3.86+(4.2-(9.24+(7.46-(1.83+0.97-8.63)*5.54/8.93/3.07-(2.67-(9.55+8.0*9.03))))),True
4.81-+-5.96+5.21/2.01/3.27/(2.13+6.97+0.37-(1.24//+2.06+5.58)*3.38+9.73),4.81-+-5.96+5.21/2.01/3.27/(2.13+6.97+0.37-(1.24//+2.06+5.58)*3.38+9.73),False
7.75+0.74-8.38-(0.86+5.12-7.05-(2.64/3.66-0.03/6.78-6.17*5.99+7.66)+9.59*1.13),7.75+0.74-8.38-(0.86+5.12-7.05-(2.64/3.66-0.03/6.78-6.17*5.99+7.66)+9.59*1.13),True
(6.23/-+2.27/3.99+(2.7*(9.98*3.18*9.12/1.93)+7.5+5.72/4.76)*4.8-2.63/7.26),(6.23/-+2.27/3.99+(2.7*(9.98*3.18*9.12/1.93)+7.5+5.72/4.76)*4.8-2.63/7.26),False
3.66/0.71*4.55/4.24+(8.84-(1.42/3.16+8.9/3.92*(9.26+7.71)-8.99/7.4/0.36+6.66)),3.66/0.71*4.55/4.24+(8.84-(1.42/3.16+8.9/3.92*(9.26+7.71)-8.99/7.4/0.36+6.66)),True
3.3+7.73/8.52-4.22*3.33*7.18-4.85*1.42*(5.0/5.11)-5.03*3.19*4.21+//4.39,3.3+7.73/8.52-4.22*3.33*7.18-4.85*1.42*(5.0/5.11)-5.03*3.19*4.21+//4.39,True
9.81-(5.87*9.14+4.53/0.51-(0.68+4.91-(7.95*5.08-9.56)/3.9*3.07*6.6)/(8.14+2.68)),9.81-(5.87*9.14+4.53/0.51-(0.68+4.91-(7.95*5.08-9.56)/3.9*3.07*6.6)/(8.14+2.68)),True
3.31*-/2.18*2.78/1.92+9.34*2.27-2.97/5.8/6.02**+(3.32/(8.86/9.69)/7.61),3.31*-/2.18*2.78/1.92+9.34*2.27-2.97/5.8/6.02**+(3.32/(8.86/9.69)/7.61),True
1.0-9.21*8.21-3.27*0.4/2.32-5.88-5.25**+0.53+1.42*8.54/4.41/2.9+2.58,1.0-9.21*8.21-3.27*0.4/2.32-5.88-5.25**+0.53+1.42*8.54/4.41/2.9+2.58,True
5.81-0.53+6.34+3.26/+/7.32+4.24+7.47+0.98+5.2+3.06*4.12-0.34*3.0-(1.86),5.81-0.53+6.34+3.26/+/7.32+4.24+7.47+0.98+5.2+3.06*4.12-0.34*3.0-(1.86),True
1.82-7.97+0.68+7.71+4.43*7.86-(6.72+1.76*8.3+5.79+1.85/(7.05*7.74+4.43+1.59)),1.82-7.97+0.68+7.71+4.43*7.86-(6.72+1.76*8.3+5.79+1.85/(7.05*7.74+4.43+1.59)),False
8.54-6.28*3.42*7.96+(6.8/0.53*6.25*2.97*8.12*(5.86/3.44*2.43+1.13-7.15*4.45)),8.54-6.28*3.42*7.96+(6.8/0.53*6.25*2.97*8.12*(5.86/3.44*2.43+1.13-7.15*4.45)),True
6.79-1.37-5.59/3.85-2.44-(7.46-1.7-1.22**+8.94+0.98-7.36/5.84)-4.2/8.4,6.79-1.37-5.59/3.85-2.44-(7.46-1.7-1.22**+8.94+0.98-7.36/5.84)-4.2/8.4,False
6.4-6.21/5.11-9.75-**+*3.54+4.71+9.73/9.04/(0.89-6.31+(0.99*7.57/3.83)),6.4-6.21/5.11-9.75-**+*3.54+4.71+9.73/9.04/(0.89-6.31+(0.99*7.57/3.83)),False
0.41/6.77+8.66+1.72*(3.11/(1.94/4.93*2.61)-8.66-9.39*5.66)*2.04/(0.32/(4.88*6.28)),0.41/6.77+8.66+1.72*(3.11/(1.94/4.93*2.61)-8.66-9.39*5.66)*2.04/(0.32/(4.88*6.28)),True
6.61/1.18-*+1.56/9.22-3.3/8.08+4.3+3.9+(4.0+(1.48*7.5*5.91/(6.16*8.97))),6.61/1.18-*+1.56/9.22-3.3/8.08+4.3+3.9+(4.0+(1.48*7.5*5.91/(6.16*8.97))),False
9.87+3.89/8.7+6.6+3.38/5.69/3.96+0.58*3.96+0.48-3.0/1.83*8.78/3.14/(1.31),9.87+3.89/8.7+6.6+3.38/5.69/3.96+0.58*3.96+0.48-3.0/1.83*8.78/3.14/(1.31),False
6.49/(1.69+0.68-5.0-(4.74/(3.51*7.08+7.84-8.63*4.9*4.17)*1.2/5.18-9.69+2.26)),6.49/(1.69+0.68-5.0-(4.74/(3.51*7.08+7.84-8.63*4.9*4.17)*1.2/5.18-9.69+2.26)),True
8.01/9.21-9.27+4.41+9.12-(6.83-6.74)-6.11/3.73*4.21/2.32+(5.9-1.58+(0.55+0.37)),8.01/9.21-9.27+4.41+9.12-(6.83-6.74)-6.11/3.73*4.21/2.32+(5.9-1.58+(0.55+0.37)),True
7.82/9.04*9.75-7.94*1.07*7.97+7.54-7.89+(//4.16-1.92/1.09+5.86+2.28+0.15),7.82/9.04*9.75-7.94*1.07*7.97+7.54-7.89+(//4.16-1.92/1.09+5.86+2.28+0.15),False
6.22-2.81*8.16-3.85+3.92/2.37-(0.93---4.94*7.35/9.31*0.61)/5.53*(0.51*9.64),6.22-2.81*8.16-3.85+3.92/2.37-(0.93---4.94*7.35/9.31*0.61)/5.53*(0.51*9.64),False
3.82/7.51-(0.21/3.67)*0.82+(3.2/4.27+7.2/(5.82*6.35/0.12)-5.28)-0.17-7.94+2.49,3.82/7.51-(0.21/3.67)*0.82+(3.2/4.27+7.2/(5.82*6.35/0.12)-5.28)-0.17-7.94+2.49,True
5.8+7.3-9.33/0.15-0.22-(4.09-8.53)+9.18-6.17*3.99-8.64+5.03+4.91*8.29/8.43,5.8+7.3-9.33/0.15-0.22-(4.09-8.53)+9.18-6.17*3.99-8.64+5.03+4.91*8.29/8.43,False
//5.52*1.44*3.63*7.08+4.17*(0.16/3.2)+6.09/4.95-(4.88-//(4.98-6.76*+)),//5.52*1.44*3.63*7.08+4.17*(0.16/3.2)+6.09/4.95-(4.88-//(4.98-6.76*+)),False
5.74-1.44*(2.83/(0.95/6.1/4.48/3.62*+/2.51/5.19/3.12/1.27)/7.04/5.24*1.52),5.74-1.44*(2.83/(0.95/6.1/4.48/3.62*+/2.51/5.19/3.12/1.27)/7.04/5.24*1.52),True
4.46*8.64/4.56+3.49/3.43/(9.47-8.94/7.7+(8.53*8.37)/9.11)/5.85+6.57+9.56/2.63,4.46*8.64/4.56+3.49/3.43/(9.47-8.94/7.7+(8.53*8.37)/9.11)/5.85+6.57+9.56/2.63,True
(1.34/6.43/(5.58*4.62+5.68)+*)+(2.45+(7.28/5.27/6.87/4.53-(5.14+*)*3.4+4.47)),(1.34/6.43/(5.58*4.62+5.68)+*)+(2.45+(7.28/5.27/6.87/4.53-(5.14+*)*3.4+4.47)),False
3.74+7.78/(6.6-4.1*9.66-2.66/9.5/-+(3.76/(2.88*2.41*3.52-4.65*3.22/0.7))),3.74+7.78/(6.6-4.1*9.66-2.66/9.5/-+(3.76/(2.88*2.41*3.52-4.65*3.22/0.7))),True
3.78/1.67/4.78*5.24+3.09+(4.7+8.47-(3.36*1.42+(4.07+3.87*(9.77*9.71*5.91*(3.04))))),3.78/1.67/4.78*5.24+3.09+(4.7+8.47-(3.36*1.42+(4.07+3.87*(9.77*9.71*5.91*(3.04))))),False
3.76*2.31-1.87/8.19-(3.38+7.26/5.83-9.44-2.91)+7.85/3.25/2.98*4.89-8.57-+,3.76*2.31-1.87/8.19-(3.38+7.26/5.83-9.44-2.91)+7.85/3.25/2.98*4.89-8.57-+,True
+/2.51*(3.69*7.0)/(3.97-7.45-(8.85+7.82/4.94)/7.38*(7.58-5.23)/(4.41+4.76*4.66)),+/2.51*(3.69*7.0)/(3.97-7.45-(8.85+7.82/4.94)/7.38*(7.58-5.23)/(4.41+4.76*4.66)),False
6.67-4.33/7.54*1.08-3.51-7.75-7.84-9.79*9.83/7.23*(6.42-5.83/4.31+(2.2+8.32)),6.67-4.33/7.54*1.08-3.51-7.75-7.84-9.79*9.83/7.23*(6.42-5.83/4.31+(2.2+8.32)),True
8.39-8.8+3.62+5.1+5.43+3.75++*4.02*1.59**-5.51+7.31/3.44-1.69+8.26,8.39-8.8+3.62+5.1+5.43+3.75++*4.02*1.59**-5.51+7.31/3.44-1.69+8.26,False
7.45*1.71-8.22/4.69+9.56*8.7+5.26*(6.25-8.97+4.63*8.09*0.66*4.32-(3.18+2.37)),7.45*1.71-8.22/4.69+9.56*8.7+5.26*(6.25-8.97+4.63*8.09*0.66*4.32-(3.18+2.37)),True
4.67/7.04-++8.37*6.95-9.79-(2.76+4.46/3.28*4.39+(1.24*5.19*5.92*(3.51/0.15))),4.67/7.04-++8.37*6.95-9.79-(2.76+4.46/3.28*4.39+(1.24*5.19*5.92*(3.51/0.15))),True
1.33-(5.14*3.98*2.79*4.82+**7.84)+6.05-(1.49+(9.99*0.68+3.21+4.03+7.29)*(*)),1.33-(5.14*3.98*2.79*4.82+**7.84)+6.05-(1.49+(9.99*0.68+3.21+4.03+7.29)*(*)),False
9.38+6.75-9.99+8.37/5.56/(0.48/(5.93/9.62)/9.8-5.44*4.06-/*9.75)+3.09+4.69,9.38+6.75-9.99+8.37/5.56/(0.48/(5.93/9.62)/9.8-5.44*4.06-/*9.75)+3.09+4.69,False
2.52/4.6-5.53+8.75-8.22*2.07+4.08/*/(0.92+5.02)-7.29/3.47/9.81-3.07-*,2.52/4.6-5.53+8.75-8.22*2.07+4.08/*/(0.92+5.02)-7.29/3.47/9.81-3.07-*,False
6.89*5.22/8.23+(3.62-(9.5*7.24-1.53-(6.34/4.05/2.99/5.85-4.16+2.07*+-2.52))),6.89*5.22/8.23+(3.62-(9.5*7.24-1.53-(6.34/4.05/2.99/5.85-4.16+2.07*+-2.52))),True
0.59/0.96/5.56+2.8/3.44-1.41+2.2*0.01-8.67-1.37/7.61-2.23-3.82/1.68-(3.61),0.59/0.96/5.56+2.8/3.44-1.41+2.2*0.01-8.67-1.37/7.61-2.23-3.82/1.68-(3.61),True
6.81*(3.6*//9.35-0.74/7.3*(8.45+(4.66*5.59/4.81/(8.21/4.73-(6.71+0.12)/5.04)))),6.81*(3.6*//9.35-0.74/7.3*(8.45+(4.66*5.59/4.81/(8.21/4.73-(6.71+0.12)/5.04)))),True
(1.24-/-0.84)*3.92/6.7/3.08+(5.16+(8.9*2.28/4.43+(3.76*3.17-9.41-7.27+8.18))),(1.24-/-0.84)*3.92/6.7/3.08+(5.16+(8.9*2.28/4.43+(3.76*3.17-9.41-7.27+8.18))),False
(8.11*0.77+9.13)+0.03-2.47-7.33/4.29*4.33*(4.76+(8.84*(+-0.57-2.78/6.5-/))),(8.11*0.77+9.13)+0.03-2.47-7.33/4.29*4.33*(4.76+(8.84*(+-0.57-2.78/6.5-/))),False
0.2/8.71-1.05/9.29/9.9-9.34*7.47*5.44+4.98+9.08-4.38*4.82*(9.29-6.29+(8.38)),0.2/8.71-1.05/9.29/9.9-9.34*7.47*5.44+4.98+9.08-4.38*4.82*(9.29-6.29+(8.38)),True
1.34*5.56*9.16+/-2.97-4.07-(6.01/(7.17/0.47/(5.77*3.75+4.29*1.32/5.08)/4.72)),1.34*5.56*9.16+/-2.97-4.07-(6.01/(7.17/0.47/(5.77*3.75+4.29*1.32/5.08)/4.72)),False
0.77/3.54*5.98+5.83*2.15+1.94-2.69*5.35*0.29*9.63*2.8*1.64/5.37-6.95-9.42,0.77/3.54*5.98+5.83*2.15+1.94-2.69*5.35*0.29*9.63*2.8*1.64/5.37-6.95-9.42,False
1.37-2.13-2.44/9.82/3.05-(5.69/4.29+0.11+2.51/2.88-1.84-(4.12*(0.22-5.54/8.8))),1.37-2.13-2.44/9.82/3.05-(5.69/4.29+0.11+2.51/2.88-1.84-(4.12*(0.22-5.54/8.8))),True
*-5.0*6.82*8.88+(9.03*1.11/1.81/(2.62-6.45)*5.81-8.11*5.71-4.17*5.11-4.55),*-5.0*6.82*8.88+(9.03*1.11/1.81/(2.62-6.45)*5.81-8.11*5.71-4.17*5.11-4.55),False
1.93*4.47+(3.25-(2.46+/*0.46)-9.74+6.77+(9.15+9.11/0.89*2.32-0.56*9.54/0.61)),1.93*4.47+(3.25-(2.46+/*0.46)-9.74+6.77+(9.15+9.11/0.89*2.32-0.56*9.54/0.61)),False
4.0-(9.48/1.2-7.06-9.98)-(9.68+2.64/3.89*0.56)-7.69+2.09+5.76+3.7/9.16*0.6,4.0-(9.48/1.2-7.06-9.98)-(9.68+2.64/3.89*0.56)-7.69+2.09+5.76+3.7/9.16*0.6,True
2.32+8.97/(3.62/6.4)-(9.64+0.48/(5.71/(7.16*5.01/9.19/1.79/2.14*8.15)/7.43-(8.35))),2.32+8.97/(3.62/6.4)-(9.64+0.48/(5.71/(7.16*5.01/9.19/1.79/2.14*8.15)/7.43-(8.35))),False
7.02*8.46*3.59+2.33/4.99/4.19*9.7-5.4-0.97*(4.08+++(2.9+9.82+-*6.47)),7.02*8.46*3.59+2.33/4.99/4.19*9.7-5.4-0.97*(4.08+++(2.9+9.82+-*6.47)),True
9.66+8.86--*0.31-2.67/3.9-5.15/(0.85*0.37/6.65/4.96+7.66/6.4-4.89)-(1.57),9.66+8.86--*0.31-2.67/3.9-5.15/(0.85*0.37/6.65/4.96+7.66/6.4-4.89)-(1.57),True
4.52-7.61/9.07+5.46-9.65*7.65-6.02+(4.63*9.26-1.66/(3.37-3.51)*9.65)+(8.64**),4.52-7.61/9.07+5.46-9.65*7.65-6.02+(4.63*9.26-1.66/(3.37-3.51)*9.65)+(8.64**),True
5.31+4.9+1.62*0.69+6.48*6.77+0.53-(7.88+4.32*9.12/7.44+4.21-9.26+6.29-4.09),5.31+4.9+1.62*0.69+6.48*6.77+0.53-(7.88+4.32*9.12/7.44+4.21-9.26+6.29-4.09),False
0.61-2.69/(7.65/3.26+4.34/4.71-5.73)/0.11+6.75/4.65-2.1/2.61/(7.46-(6.32*1.66)),0.61-2.69/(7.65/3.26+4.34/4.71-5.73)/0.11+6.75/4.65-2.1/2.61/(7.46-(6.32*1.66)),True
9.72/5.25+3.58-7.4*8.21*8.53/6.13+5.01*(7.59+7.21/4.31)+2.29-4.18/5.56*(1.65),9.72/5.25+3.58-7.4*8.21*8.53/6.13+5.01*(7.59+7.21/4.31)+2.29-4.18/5.56*(1.65),False
7.18-1.81*9.23-4.76+4.06-5.91-6.5*2.97*0.45+0.4-8.46/0.3-4.09-5.49+8.4,7.18-1.81*9.23-4.76+4.06-5.91-6.5*2.97*0.45+0.4-8.46/0.3-4.09-5.49+8.4,True
6.54+3.52-2.12*8.81+8.93*4.09*3.46*(0.3-7.67)/6.43/(1.94*(7.0/1.69)-8.92)-*,6.54+3.52-2.12*8.81+8.93*4.09*3.46*(0.3-7.67)/6.43/(1.94*(7.0/1.69)-8.92)-*,False
0.95-8.31-3.63+4.34/6.76*0.41-9.13/3.58+1.39+9.77*4.03/2.22+5.93-1.99+0.55,0.95-8.31-3.63+4.34/6.76*0.41-9.13/3.58+1.39+9.77*4.03/2.22+5.93-1.99+0.55,True
8.48+1.58/(4.73*5.18/0.39)*(8.87/6.72/7.02+2.01)*(2.91-/+*/1.71-6.48*4.97),8.48+1.58/(4.73*5.18/0.39)*(8.87/6.72/7.02+2.01)*(2.91-/+*/1.71-6.48*4.97),False
-/(5.79-9.24/8.42+(9.58+9.46)*(3.8-8.21/7.44/9.34+1.78-1.2)+4.9)+2.55*0.35,-/(5.79-9.24/8.42+(9.58+9.46)*(3.8-8.21/7.44/9.34+1.78-1.2)+4.9)+2.55*0.35,False
(-/2.18-1.5+4.48*7.61+(6.7-7.07-2.33*6.19)/0.52/(6.78*7.88-3.01/1.32-1.02)),(-/2.18-1.5+4.48*7.61+(6.7-7.07-2.33*6.19)/0.52/(6.78*7.88-3.01/1.32-1.02)),True
3.65+0.03+7.42*0.78-2.96-6.4/(3.97*8.61-0.44/1.56*5.26/(0.83+(4.45+8.02-9.72))),3.65+0.03+7.42*0.78-2.96-6.4/(3.97*8.61-0.44/1.56*5.26/(0.83+(4.45+8.02-9.72))),False
7.37++/9.15+(7.25+5.22+(2.51/9.29)-8.81+4.34/7.1*1.95+3.22/1.37)/4.03-7.06,7.37++/9.15+(7.25+5.22+(2.51/9.29)-8.81+4.34/7.1*1.95+3.22/1.37)/4.03-7.06,True
2.59/1.58/8.87*(9.38+1.12+7.76+8.97+5.0+2.44/(9.71-1.43+9.65)/*+8.25*0.77),2.59/1.58/8.87*(9.38+1.12+7.76+8.97+5.0+2.44/(9.71-1.43+9.65)/*+8.25*0.77),True
5.66*7.34-4.23+8.35/(8.33/6.99-(6.88*(6.69*5.51*6.0*1.01-0.36/1.62)*4.2*(9.11))),5.66*7.34-4.23+8.35/(8.33/6.99-(6.88*(6.69*5.51*6.0*1.01-0.36/1.62)*4.2*(9.11))),False
2.59*(1.07*7.34/(4.28/8.0*(0.07/8.55)*8.79)/2.6/4.32+0.66*6.88-8.94-4.54*(6.12)),2.59*(1.07*7.34/(4.28/8.0*(0.07/8.55)*8.79)/2.6/4.32+0.66*6.88-8.94-4.54*(6.12)),True
4.61-*+2.72-(4.42*0.88+3.71-8.02*(2.85/3.18+3.52*0.65-(5.5*2.28+6.58)/0.25)),4.61-*+2.72-(4.42*0.88+3.71-8.02*(2.85/3.18+3.52*0.65-(5.5*2.28+6.58)/0.25)),True
4.7*7.58+8.14-(1.33-4.55-5.42/3.73-6.36+3.23+0.6+2.47)+6.13-(5.89*(//*)),4.7*7.58+8.14-(1.33-4.55-5.42/3.73-6.36+3.23+0.6+2.47)+6.13-(5.89*(//*)),True
6.17/4.48/9.23/(6.53*0.39+(4.96*2.13/8.74-0.87*6.7)-8.72)/0.13-8.02*0.04/8.42,6.17/4.48/9.23/(6.53*0.39+(4.96*2.13/8.74-0.87*6.7)-8.72)/0.13-8.02*0.04/8.42,False
7.73*1.74-5.86/0.6/6.67-3.8+7.49+5.58*9.28-3.55-(3.11-8.91+*)*9.46/(4.12),7.73*1.74-5.86/0.6/6.67-3.8+7.49+5.58*9.28-3.55-(3.11-8.91+*)*9.46/(4.12),True
2.36/2.77-8.67/0.3*4.52*4.72-7.98+5.81+5.96*7.76/9.36+4.93/4.05-4.41+(2.97),2.36/2.77-8.67/0.3*4.52*4.72-7.98+5.81+5.96*7.76/9.36+4.93/4.05-4.41+(2.97),False
3.92+6.79/(4.57+2.32)+7.99+(5.98/6.93+6.06-7.07-6.48+2.82/7.35+(7.58*(3.65-8.35))),3.92+6.79/(4.57+2.32)+7.99+(5.98/6.93+6.06-7.07-6.48+2.82/7.35+(7.58*(3.65-8.35))),True
4.54/(4.18-4.5/4.47+7.36/(2.11+4.29*5.76*4.72//*8.82-2.68*2.08-0.93/9.94)),4.54/(4.18-4.5/4.47+7.36/(2.11+4.29*5.76*4.72//*8.82-2.68*2.08-0.93/9.94)),False
0.56*(5.44*7.21*8.02*(7.26*1.11-7.72)/4.93-(3.52*9.4/-/(3.36*5.92+4.78-5.53))),0.56*(5.44*7.21*8.02*(7.26*1.11-7.72)/4.93-(3.52*9.4/-/(3.36*5.92+4.78-5.53))),False
(4.62-7.28*6.47-1.65*1.23+*/4.01+2.47/6.9+3.1*9.33/9.36+(5.66+4.6*1.37)),(4.62-7.28*6.47-1.65*1.23+*/4.01+2.47/6.9+3.1*9.33/9.36+(5.66+4.6*1.37)),False
7.24/8.27+2.93+2.34*0.95-4.47*0.74*1.15*3.24*9.57*3.94+8.29+(5.05+6.56+(2.25)),7.24/8.27+2.93+2.34*0.95-4.47*0.74*1.15*3.24*9.57*3.94+8.29+(5.05+6.56+(2.25)),True
9.98/6.93*7.49/1.58+6.41/7.25*8.97*6.18*5.06*0.44/4.45/4.13+2.33*9.47-3.36,9.98/6.93*7.49/1.58+6.41/7.25*8.97*6.18*5.06*0.44/4.45/4.13+2.33*9.47-3.36,True
(9.26/4.84)+0.59+5.96*4.5+7.12/9.54/4.55*5.24*(7.0*7.3-(5.45*(4.39-+-*))),(9.26/4.84)+0.59+5.96*4.5+7.12/9.54/4.55*5.24*(7.0*7.3-(5.45*(4.39-+-*))),False
4.14/9.82*3.02-1.63*(4.12+(5.96/1.36/1.04)*1.07*5.17/*+5.56+2.92)/9.01*9.89,4.14/9.82*3.02-1.63*(4.12+(5.96/1.36/1.04)*1.07*5.17/*+5.56+2.92)/9.01*9.89,False
3.76+(5.61+-*9.29-0.49*6.48)-3.08*0.87*(6.31+4.37-4.33/6.07+5.03)*5.91*7.94,3.76+(5.61+-*9.29-0.49*6.48)-3.08*0.87*(6.31+4.37-4.33/6.07+5.03)*5.91*7.94,False
8.19*6.45+1.09-(4.92+4.15+3.66)*9.71+/-7.0*8.18+0.75/7.32*5.2-(1.31/5.56),8.19*6.45+1.09-(4.92+4.15+3.66)*9.71+/-7.0*8.18+0.75/7.32*5.2-(1.31/5.56),True
8.32+1.05+9.61-8.83/3.51+2.11-1.45/9.18/0.21+(2.37/9.21+5.36-5.01/0.57/7.4),8.32+1.05+9.61-8.83/3.51+2.11-1.45/9.18/0.21+(2.37/9.21+5.36-5.01/0.57/7.4),False
/-(0.48+*)*6.86-1.13*8.99+(5.29-+-6.21)/0.57+6.4/7.49/(1.18+9.11+(0.38)),/-(0.48+*)*6.86-1.13*8.99+(5.29-+-6.21)/0.57+6.4/7.49/(1.18+9.11+(0.38)),False
1.61+(2.84/5.48/6.13-6.73/0.61+5.45/8.87+(5.29-3.06+2.07-8.79-(--8.46+(3.86)))),1.61+(2.84/5.48/6.13-6.73/0.61+5.45/8.87+(5.29-3.06+2.07-8.79-(--8.46+(3.86)))),True
(*/2.05)+6.29*8.97-*/2.84-4.44+(8.42-1.51-1.85/(5.64*6.77-2.45-3.49*6.9)),(*/2.05)+6.29*8.97-*/2.84-4.44+(8.42-1.51-1.85/(5.64*6.77-2.45-3.49*6.9)),False
(0.89/8.82*(3.65-4.48/6.71+(0.75-9.42*8.83/4.14-9.36)-4.88)/1.87*(-+1.27/5.2)),(0.89/8.82*(3.65-4.48/6.71+(0.75-9.42*8.83/4.14-9.36)-4.88)/1.87*(-+1.27/5.2)),True
5.29+7.78/8.27/0.15*3.81+3.28*8.98+0.57+3.07*5.77*(9.19-5.85/5.69*6.93)+5.62,5.29+7.78/8.27/0.15*3.81+3.28*8.98+0.57+3.07*5.77*(9.19-5.85/5.69*6.93)+5.62,True
2.79-7.64/8.19-8.63-3.91/9.57-9.26+0.25/8.09-8.45*1.41/7.66/0.93+7.69/(4.06),2.79-7.64/8.19-8.63-3.91/9.57-9.26+0.25/8.09-8.45*1.41/7.66/0.93+7.69/(4.06),True
(5.77++-/+(6.95-9.11*+*9.97*(6.02*(5.61*9.89)-8.02)*6.41*8.27*8.36+3.2)),(5.77++-/+(6.95-9.11*+*9.97*(6.02*(5.61*9.89)-8.02)*6.41*8.27*8.36+3.2)),False
6.11+4.26/4.7-2.1*3.88/3.52*1.05+-/9.76+1.11+(9.33+2.21)/2.43-3.15+1.32,6.11+4.26/4.7-2.1*3.88/3.52*1.05+-/9.76+1.11+(9.33+2.21)/2.43-3.15+1.32,True
4.67-9.88/1.73/9.99+3.35/1.8*7.87-4.03+(2.51/2.87-2.93-(5.49-4.43)-8.77-6.4),4.67-9.88/1.73/9.99+3.35/1.8*7.87-4.03+(2.51/2.87-2.93-(5.49-4.43)-8.77-6.4),False
7.73*2.1+9.39*9.29+5.43-4.72-1.72+0.39-1.82/9.97+(4.87-(+*6.52-/+3.28)),7.73*2.1+9.39*9.29+5.43-4.72-1.72+0.39-1.82/9.97+(4.87-(+*6.52-/+3.28)),False
0.11+5.01-*+9.45+3.67+5.2-7.37/1.24/3.0+2.98+1.08/(5.54+(9.25-//3.22)),0.11+5.01-*+9.45+3.67+5.2-7.37/1.24/3.0+2.98+1.08/(5.54+(9.25-//3.22)),True
(6.99/5.77/(2.51/6.48+6.38)+6.31-4.98-2.18)+(1.52/2.76+0.92*7.76/0.82*5.4/(4.69)),(6.99/5.77/(2.51/6.48+6.38)+6.31-4.98-2.18)+(1.52/2.76+0.92*7.76/0.82*5.4/(4.69)),True
1.5-6.9-7.61-(7.96*7.49*3.35*1.4+8.36+6.84*(8.88-4.57//)-5.04*(4.38+5.53)),1.5-6.9-7.61-(7.96*7.49*3.35*1.4+8.36+6.84*(8.88-4.57//)-5.04*(4.38+5.53)),True
2.82*2.31*1.05/6.2-4.34+1.26/4.81*9.51*7.3*9.27-(5.84/2.79)+2.19*7.01*4.15,2.82*2.31*1.05/6.2-4.34+1.26/4.81*9.51*7.3*9.27-(5.84/2.79)+2.19*7.01*4.15,True
7.66+4.46-0.67*7.41-9.13/(9.16-7.71)*0.82+4.39+8.82+1.42--/0.53/1.66/3.74,7.66+4.46-0.67*7.41-9.13/(9.16-7.71)*0.82+4.39+8.82+1.42--/0.53/1.66/3.74,False
(4.14+2.52/(3.98*4.61)*1.24+5.08+5.54-(3.54*2.08/(*+9.4*7.48-4.46+/*3.71))),(4.14+2.52/(3.98*4.61)*1.24+5.08+5.54-(3.54*2.08/(*+9.4*7.48-4.46+/*3.71))),True
(6.74-5.53*8.94*1.46+8.5+8.31+2.13/0.49/4.6-(8.82-(6.58+9.58+9.17+5.19+-))),(6.74-5.53*8.94*1.46+8.5+8.31+2.13/0.49/4.6-(8.82-(6.58+9.58+9.17+5.19+-))),False
1.49*(4.49+5.2*1.16/4.38/8.74/4.73)+9.46*8.84/2.61/4.8*8.42-3.7*4.75+1.4,1.49*(4.49+5.2*1.16/4.38/8.74/4.73)+9.46*8.84/2.61/4.8*8.42-3.7*4.75+1.4,False
0.41/3.07/5.82/5.72/7.99-3.31+2.09-5.59*5.69-(0.17/(7.59/(5.64/1.05)*6.46/8.5)),0.41/3.07/5.82/5.72/7.99-3.31+2.09-5.59*5.69-(0.17/(7.59/(5.64/1.05)*6.46/8.5)),True
5.28+7.92+6.43*8.42+(9.12-2.99)*0.29*5.4/(-/(9.42+0.23*4.29)/6.99-8.16+5.94),5.28+7.92+6.43*8.42+(9.12-2.99)*0.29*5.4/(-/(9.42+0.23*4.29)/6.99-8.16+5.94),False
1.36+2.03/7.91+6.44+8.01/4.6-6.82+(6.27+(9.32*(5.18/8.5/9.62*4.56)+3.09+0.01)),1.36+2.03/7.91+6.44+8.01/4.6-6.82+(6.27+(9.32*(5.18/8.5/9.62*4.56)+3.09+0.01)),True
(9.07*3.72/(5.51-8.15-7.38*(3.5/0.7+-*2.93-9.09+1.43/2.3)+6.3-(4.76-2.96))),(9.07*3.72/(5.51-8.15-7.38*(3.5/0.7+-*2.93-9.09+1.43/2.3)+6.3-(4.76-2.96))),False
4.36/0.34/6.88*7.56-8.47+++(1.52-2.85-7.05)-6.85*4.49+6.25/1.6+2.97/2.51,4.36/0.34/6.88*7.56-8.47+++(1.52-2.85-7.05)-6.85*4.49+6.25/1.6+2.97/2.51,False
(8.83+(7.88+3.33-6.7/6.38/4.38/8.29/5.49)-(5.26-3.36/1.41**)-2.87*0.68+0.61),(8.83+(7.88+3.33-6.7/6.38/4.38/8.29/5.49)-(5.26-3.36/1.41**)-2.87*0.68+0.61),False
9.31+2.78+3.9*7.71+/*5.58/5.6+1.74/5.69-1.76/(7.06-8.34/6.52)-4.5/5.67,9.31+2.78+3.9*7.71+/*5.58/5.6+1.74/5.69-1.76/(7.06-8.34/6.52)-4.5/5.67,False
(0.91*3.92+/-1.81)/+-1.15*(3.78+(7.83+1.28+1.19/(7.13+4.32+9.75/6.45)*7.81)),(0.91*3.92+/-1.81)/+-1.15*(3.78+(7.83+1.28+1.19/(7.13+4.32+9.75/6.45)*7.81)),False
4.55-7.14+3.8*1.37/1.58+5.8*2.09*4.54*/*5.95-(8.16-3.67*9.74)+(8.41/5.41),4.55-7.14+3.8*1.37/1.58+5.8*2.09*4.54*/*5.95-(8.16-3.67*9.74)+(8.41/5.41),True
7.31/2.43+8.49+(5.41/-)/1.76*2.09/4.3*1.69-1.74+3.47+0.75+4.24-3.19/0.44,7.31/2.43+8.49+(5.41/-)/1.76*2.09/4.3*1.69-1.74+3.47+0.75+4.24-3.19/0.44,False
6.97/1.7+(1.32+8.25-4.38--/4.12)**/4.17-2.43/(4.98/3.38)*5.97*1.05-3.75,6.97/1.7+(1.32+8.25-4.38--/4.12)**/4.17-2.43/(4.98/3.38)*5.97*1.05-3.75,False
9.74-5.64*9.8-7.75*5.22+4.76/(6.78*6.03)/7.07+*+5.34-2.19-/+7.7+0.84,9.74-5.64*9.8-7.75*5.22+4.76/(6.78*6.03)/7.07+*+5.34-2.19-/+7.7+0.84,False
3.72*(1.1+(*+4.53*6.45-(9.52+(6.88+2.21*7.66*4.15+7.5)/(6.01-9.35/(5.92/7.99))))),3.72*(1.1+(*+4.53*6.45-(9.52+(6.88+2.21*7.66*4.15+7.5)/(6.01-9.35/(5.92/7.99))))),True
0.22*1.94-4.17/2.2+9.83*6.45+1.02-(4.05/6.66*(9.14/1.34/3.49/8.92-4.92-0.89)),0.22*1.94-4.17/2.2+9.83*6.45+1.02-(4.05/6.66*(9.14/1.34/3.49/8.92-4.92-0.89)),True
9.25*7.38-5.49+(5.94*0.02-3.57)-0.68/6.42-8.16/(9.97+2.91+5.93*(8.73+-)/1.24),9.25*7.38-5.49+(5.94*0.02-3.57)-0.68/6.42-8.16/(9.97+2.91+5.93*(8.73+-)/1.24),False
3.34+4.44-5.48*(3.3-4.7+*-6.14*(8.62*5.19/4.88+6.66-(4.79*(5.89-7.26)+2.57))),3.34+4.44-5.48*(3.3-4.7+*-6.14*(8.62*5.19/4.88+6.66-(4.79*(5.89-7.26)+2.57))),False
7.16*--0.21+3.35-(8.28+7.05*(0.26/2.53+0.34*2.04*(9.47-1.36/(1.04+(5.87*6.93))))),7.16*--0.21+3.35-(8.28+7.05*(0.26/2.53+0.34*2.04*(9.47-1.36/(1.04+(5.87*6.93))))),False
++5.73*3.23*6.82*2.51+7.56/5.2/5.2+6.9/(0.11+0.47*8.44)-(0.87-1.15-7.41),++5.73*3.23*6.82*2.51+7.56/5.2/5.2+6.9/(0.11+0.47*8.44)-(0.87-1.15-7.41),False
7.73*2.18*8.12+(0.61+0.36-7.3*0.52/(1.29/1.36*8.56*4.77+9.46+5.84-4.41-8.99)),7.73*2.18*8.12+(0.61+0.36-7.3*0.52/(1.29/1.36*8.56*4.77+9.46+5.84-4.41-8.99)),False
8.58/7.84*8.89/6.73/3.08+(4.14*1.57/1.35)/0.94*4.79+8.31*(9.31*3.02-5.85-7.79),8.58/7.84*8.89/6.73/3.08+(4.14*1.57/1.35)/0.94*4.79+8.31*(9.31*3.02-5.85-7.79),False
5.98***4.53+0.37-4.43*8.54+(4.51*8.03+9.93*6.87*6.52*(2.16-(0.59-0.93/3.96))),5.98***4.53+0.37-4.43*8.54+(4.51*8.03+9.93*6.87*6.52*(2.16-(0.59-0.93/3.96))),True
2.8/2.47+9.13+4.41-(5.11+0.01)/1.91-9.46-7.4+5.57-(0.79*3.58-9.8/*-7.73),2.8/2.47+9.13+4.41-(5.11+0.01)/1.91-9.46-7.4+5.57-(0.79*3.58-9.8/*-7.73),False
1.21+(1.57-7.63-3.37*4.22*2.12)-(9.42/8.12-9.17+(4.46*(//9.11)+1.05+7.5-6.1)),1.21+(1.57-7.63-3.37*4.22*2.12)-(9.42/8.12-9.17+(4.46*(//9.11)+1.05+7.5-6.1)),False
8.49/2.58-5.48+5.12-9.11+(6.41+(6.99+1.9)+(1.01/7.3/6.67+4.09*3.22+9.64*+)),8.49/2.58-5.48+5.12-9.11+(6.41+(6.99+1.9)+(1.01/7.3/6.67+4.09*3.22+9.64*+)),False
0.22-(5.83/(7.35*4.53/6.7*2.9+2.2-9.46/9.94/2.41*(0.66-/)*0.23*6.13+2.33)),0.22-(5.83/(7.35*4.53/6.7*2.9+2.2-9.46/9.94/2.41*(0.66-/)*0.23*6.13+2.33)),True
7.81-(4.22*5.34)/6.24*9.95/8.67*(0.37+5.33/(0.87+3.42+7.89)/-/1.68*5.65)+8.46,7.81-(4.22*5.34)/6.24*9.95/8.67*(0.37+5.33/(0.87+3.42+7.89)/-/1.68*5.65)+8.46,False
(6.51-2.48+5.81-0.2+3.76)/(3.0--/7.85)/(4.47/0.25)-(1.75/8.54+6.13/8.35*2.21),(6.51-2.48+5.81-0.2+3.76)/(3.0--/7.85)/(4.47/0.25)-(1.75/8.54+6.13/8.35*2.21),False
5.9*5.71+7.29+0.32/(4.12-(9.62-9.8/(2.61/6.83+4.78/3.82+3.68)/7.92)*3.41-9.67),5.9*5.71+7.29+0.32/(4.12-(9.62-9.8/(2.61/6.83+4.78/3.82+3.68)/7.92)*3.41-9.67),True
(9.44-(7.13+4.12/1.97*+)-5.34*(7.29+1.57*-+(9.55-9.55/7.27)/0.17+7.62-0.39)),(9.44-(7.13+4.12/1.97*+)-5.34*(7.29+1.57*-+(9.55-9.55/7.27)/0.17+7.62-0.39)),False
0.99-5.36*2.51*4.55-3.21*8.3-(7.76+3.66-(3.29--+5.38+(1.45+(0.86+2.2+4.33)))),0.99-5.36*2.51*4.55-3.21*8.3-(7.76+3.66-(3.29--+5.38+(1.45+(0.86+2.2+4.33)))),True
1.84+5.14/2.48-3.39-3.71/4.75/(5.28+9.24*(--(8.15*5.8+6.5*(8.62/6.01-0.29)))),1.84+5.14/2.48-3.39-3.71/4.75/(5.28+9.24*(--(8.15*5.8+6.5*(8.62/6.01-0.29)))),False
4.93+(2.91+2.01-9.97*3.16+5.48/(4.76/8.68+(1.66*8.62+(4.77/8.14)-1.72/5.46+4.2))),4.93+(2.91+2.01-9.97*3.16+5.48/(4.76/8.68+(1.66*8.62+(4.77/8.14)-1.72/5.46+4.2))),True
7.37*1.23*7.39-4.14/4.3-8.17-6.4*2.74/7.94-0.09/5.76-7.43-9.19-3.75+7.17,7.37*1.23*7.39-4.14/4.3-8.17-6.4*2.74/7.94-0.09/5.76-7.43-9.19-3.75+7.17,False
3.94*4.84/8.42-2.26/3.63+6.98/9.19+1.56-/-9.32/1.48-2.06-7.75-4.94+9.91,3.94*4.84/8.42-2.26/3.63+6.98/9.19+1.56-/-9.32/1.48-2.06-7.75-4.94+9.91,False
6.59-9.19+7.38/3.5*8.14*3.15*(0.97*5.85)-(1.11/9.79+0.1)*8.5*9.44-6.03*1.79,6.59-9.19+7.38/3.5*8.14*3.15*(0.97*5.85)-(1.11/9.79+0.1)*8.5*9.44-6.03*1.79,False
8.7-5.87/6.65*4.78*3.55*8.0/5.97/2.83*4.78/8.07-(+/0.81-5.18/4.18/2.59),8.7-5.87/6.65*4.78*3.55*8.0/5.97/2.83*4.78/8.07-(+/0.81-5.18/4.18/2.59),True
9.7*7.18+1.51-4.87/*/6.24+3.4*1.15-2.12+8.75+9.67*8.77-4.53+7.33+4.91,9.7*7.18+1.51-4.87/*/6.24+3.4*1.15-2.12+8.75+9.67*8.77-4.53+7.33+4.91,True
8.2*(0.59*(8.21/0.47)+8.96/(9.59-3.62*1.75)*6.55/7.48-(1.36-8.84*8.95*4.49/6.36)),8.2*(0.59*(8.21/0.47)+8.96/(9.59-3.62*1.75)*6.55/7.48-(1.36-8.84*8.95*4.49/6.36)),True
6.14+9.41+6.01/0.33*5.48-9.86/0.73*(1.19/5.01+6.29)+1.74*6.45+0.4/(6.75-6.84),6.14+9.41+6.01/0.33*5.48-9.86/0.73*(1.19/5.01+6.29)+1.74*6.45+0.4/(6.75-6.84),False
4.89*8.19*8.87/9.16-8.3+1.11-8.06/7.72+(5.04+//-+7.54)/7.15-4.12+(2.96),4.89*8.19*8.87/9.16-8.3+1.11-8.06/7.72+(5.04+//-+7.54)/7.15-4.12+(2.96),False
2.1/5.06*8.98+3.51-9.84+3.24+/-5.17-5.61-8.37+9.79/3.21*(6.32-0.93+7.52),2.1/5.06*8.98+3.51-9.84+3.24+/-5.17-5.61-8.37+9.79/3.21*(6.32-0.93+7.52),False
9.01-3.08+4.58-1.8*7.89*9.51*3.02-9.01*9.62/9.6/2.16*6.02-5.44-9.98+6.99,9.01-3.08+4.58-1.8*7.89*9.51*3.02-9.01*9.62/9.6/2.16*6.02-5.44-9.98+6.99,True
5.69-6.14*3.99-1.38+6.65+8.97/8.14+0.74*6.69*8.14+5.84+--8.69+9.36/(5.58),5.69-6.14*3.99-1.38+6.65+8.97/8.14+0.74*6.69*8.14+5.84+--8.69+9.36/(5.58),False
8.49+3.16*2.1-2.62+5.13+(0.27+8.62-1.13+4.04+6.39)-(4.57/0.15*5.24)*0.64/6.76,8.49+3.16*2.1-2.62+5.13+(0.27+8.62-1.13+4.04+6.39)-(4.57/0.15*5.24)*0.64/6.76,True
9.67*8.76-(2.83-9.49)/0.42-1.71+6.74/7.91*6.33-1.05-8.14/6.26*8.7+7.11/2.8,9.67*8.76-(2.83-9.49)/0.42-1.71+6.74/7.91*6.33-1.05-8.14/6.26*8.7+7.11/2.8,True
(9.0-1.21)/2.9-6.2/4.72+(1.63+4.08+0.71/0.48/9.14*3.87-9.58/8.43/5.44-(5.47)),(9.0-1.21)/2.9-6.2/4.72+(1.63+4.08+0.71/0.48/9.14*3.87-9.58/8.43/5.44-(5.47)),False
3.25/4.03+5.1-4.72+3.72-2.32/4.77*8.28+5.71*4.4-4.05-1.94/3.3+7.93-9.31,3.25/4.03+5.1-4.72+3.72-2.32/4.77*8.28+5.71*4.4-4.05-1.94/3.3+7.93-9.31,False
9.24*(1.61+(2.63+5.87+1.91-4.51+9.65+(7.01/8.18/2.85*6.63-0.9+7.37*+-0.09))),9.24*(1.61+(2.63+5.87+1.91-4.51+9.65+(7.01/8.18/2.85*6.63-0.9+7.37*+-0.09))),True
6.01/4.52+2.36+2.3-5.47-9.1*4.96/(--7.18)/4.7/9.89+2.26+0.32+4.88-7.91,6.01/4.52+2.36+2.3-5.47-9.1*4.96/(--7.18)/4.7/9.89+2.26+0.32+4.88-7.91,False
**(3.24/3.52/7.92*5.51)/1.24+3.89-7.08-(4.16-9.04*2.18/9.1/2.48*(0.63*4.52)),**(3.24/3.52/7.92*5.51)/1.24+3.89-7.08-(4.16-9.04*2.18/9.1/2.48*(0.63*4.52)),False
9.73-9.0+8.49-1.29-9.12-0.04*4.97+9.88-3.24*6.31-9.01-(0.12+0.29)-6.03/3.5,9.73-9.0+8.49-1.29-9.12-0.04*4.97+9.88-3.24*6.31-9.01-(0.12+0.29)-6.03/3.5,True
5.85/(9.45-(9.46+4.22/1.57/2.38+3.44+2.34*3.38+-/9.7*1.47/5.48*5.23/(2.26))),5.85/(9.45-(9.46+4.22/1.57/2.38+3.44+2.34*3.38+-/9.7*1.47/5.48*5.23/(2.26))),True
0.98-0.82/9.21-5.82+6.14/4.38-(5.34/(0.9+(5.04*3.98+7.13-1.91-6.33-6.96)*(9.37))),0.98-0.82/9.21-5.82+6.14/4.38-(5.34/(0.9+(5.04*3.98+7.13-1.91-6.33-6.96)*(9.37))),False
(8.89+(4.35/4.75*9.43-1.45*3.9+(5.09-7.45+9.99)/7.86*5.53)-(2.76+3.99+3.28/0.48)),(8.89+(4.35/4.75*9.43-1.45*3.9+(5.09-7.45+9.99)/7.86*5.53)-(2.76+3.99+3.28/0.48)),True
2.14*1.85*3.64+3.49-5.24/8.82-0.58*2.31*0.5*(++9.07+(9.44*3.79+(8.22/1.4))),2.14*1.85*3.64+3.49-5.24/8.82-0.58*2.31*0.5*(++9.07+(9.44*3.79+(8.22/1.4))),False
(5.53*0.29)/6.22*9.74/3.0-(9.1/(1.45-1.74)+6.59/9.21+(+*(9.25+6.42)-7.39)/+),(5.53*0.29)/6.22*9.74/3.0-(9.1/(1.45-1.74)+6.59/9.21+(+*(9.25+6.42)-7.39)/+),False
4.13-(5.56*3.96+(7.09*2.69)*(0.17*8.14/(1.33*1.31/4.72/1.49)-3.08-/)/2.61*8.33),4.13-(5.56*3.96+(7.09*2.69)*(0.17*8.14/(1.33*1.31/4.72/1.49)-3.08-/)/2.61*8.33),True
2.73-(9.59+*+(7.98+9.83*3.92/0.65*6.9+(--(8.37/8.61/8.69-(4.06*7.1+0.05))))),2.73-(9.59+*+(7.98+9.83*3.92/0.65*6.9+(--(8.37/8.61/8.69-(4.06*7.1+0.05))))),False
3.13-6.89-5.38*7.69/4.88*2.55*2.59*0.77/9.46/5.51-0.15*7.59/7.62-8.19+3.31,3.13-6.89-5.38*7.69/4.88*2.55*2.59*0.77/9.46/5.51-0.15*7.59/7.62-8.19+3.31,False
5.16*+/(4.18/(1.69-8.19/(0.68*7.86)-7.14*0.51-5.46+3.74-6.85-(3.82*(8.09-(1.28))))),5.16*+/(4.18/(1.69-8.19/(0.68*7.86)-7.14*0.51-5.46+3.74-6.85-(3.82*(8.09-(1.28))))),False
(3.86-5.83/1.92*8.7/2.64+1.73)/9.28*2.94+2.38-1.99+6.49*6.64+6.23/8.93/7.43,(3.86-5.83/1.92*8.7/2.64+1.73)/9.28*2.94+2.38-1.99+6.49*6.64+6.23/8.93/7.43,True
9.51/7.32+3.38+7.96+(0.9-3.65)/8.35*(2.37-7.15)*5.42*2.34+2.54*9.01*6.35-0.61,9.51/7.32+3.38+7.96+(0.9-3.65)/8.35*(2.37-7.15)*5.42*2.34+2.54*9.01*6.35-0.61,False
7.26*9.6+2.93/2.78+3.95-6.01/1.42*4.44-7.05-7.81*(4.06-2.14-1.75/(5.02+8.35)),7.26*9.6+2.93/2.78+3.95-6.01/1.42*4.44-7.05-7.81*(4.06-2.14-1.75/(5.02+8.35)),False
4.7+1.42*1.86+6.52/0.41-9.45-2.84*0.93+(5.72*2.6-0.7+(0.74/0.71*5.47+3.39)),4.7+1.42*1.86+6.52/0.41-9.45-2.84*0.93+(5.72*2.6-0.7+(0.74/0.71*5.47+3.39)),True
3.59/3.78*(5.92+6.54*2.02-2.93-6.04*0.6*6.78/(1.33/(3.23*4.31-4.49*8.29/(9.22)))),3.59/3.78*(5.92+6.54*2.02-2.93-6.04*0.6*6.78/(1.33/(3.23*4.31-4.49*8.29/(9.22)))),False
8.02-5.48/1.0/6.57+5.08/4.91/5.73/2.18/9.08/4.32/6.8-4.08*2.47-0.83-3.85,8.02-5.48/1.0/6.57+5.08/4.91/5.73/2.18/9.08/4.32/6.8-4.08*2.47-0.83-3.85,True
0.42*1.14/(3.09+2.56-4.23*(8.7*4.1-1.93+5.96+--9.36/8.6/5.23/3.52)/4.42),0.42*1.14/(3.09+2.56-4.23*(8.7*4.1-1.93+5.96+--9.36/8.6/5.23/3.52)/4.42),False
6.96+(1.24*5.05-(2.64-1.0/8.8/6.49-3.4)+8.75)+8.0/9.32+9.19-1.95*6.32+1.12,6.96+(1.24*5.05-(2.64-1.0/8.8/6.49-3.4)+8.75)+8.0/9.32+9.19-1.95*6.32+1.12,True
(9.03+4.57*7.24+9.55-7.76-3.35/(0.2+4.99*(4.6*9.38+8.85-3.02/6.82+*/(5.67)))),(9.03+4.57*7.24+9.55-7.76-3.35/(0.2+4.99*(4.6*9.38+8.85-3.02/6.82+*/(5.67)))),False
0.05*3.05+1.8*0.42*(2.11/2.38*(8.88/2.4-(9.49+9.29/6.45)/6.22*5.71-7.75*8.83)),0.05*3.05+1.8*0.42*(2.11/2.38*(8.88/2.4-(9.49+9.29/6.45)/6.22*5.71-7.75*8.83)),True
(5.09/0.98/8.57*9.16+(3.32/6.9/1.68)/3.11-(8.04*8.41*+)/0.89-6.33/2.83/4.81),(5.09/0.98/8.57*9.16+(3.32/6.9/1.68)/3.11-(8.04*8.41*+)/0.89-6.33/2.83/4.81),True
1.27+2.22+9.5+3.16+5.2*0.97*8.78+-/5.68-5.83-(2.45+5.96)-2.32/2.13+9.74,1.27+2.22+9.5+3.16+5.2*0.97*8.78+-/5.68-5.83-(2.45+5.96)-2.32/2.13+9.74,False
4.21*6.06/7.71-5.1/5.6*3.56-6.97+3.0-8.93*6.5/0.95*(-*9.44-4.51*1.82),4.21*6.06/7.71-5.1/5.6*3.56-6.97+3.0-8.93*6.5/0.95*(-*9.44-4.51*1.82),True
3.76+9.0*8.86-9.6/3.66+9.56/0.59-(3.08+5.95*4.26)*6.15-6.1+2.09*4.86-5.31,3.76+9.0*8.86-9.6/3.66+9.56/0.59-(3.08+5.95*4.26)*6.15-6.1+2.09*4.86-5.31,True
9.8+2.66/(4.33*9.84)-0.02-3.49*6.01-/-(7.1-5.05*1.97*6.61-6.39-2.39-5.55),9.8+2.66/(4.33*9.84)-0.02-3.49*6.01-/-(7.1-5.05*1.97*6.61-6.39-2.39-5.55),True
1.75/0.55-4.41*1.05-6.55+3.91/0.54-0.23/7.06+1.88*(8.32/0.83)+1.12/6.25/2.32,1.75/0.55-4.41*1.05-6.55+3.91/0.54-0.23/7.06+1.88*(8.32/0.83)+1.12/6.25/2.32,True
*-5.93-0.28/4.36/9.14-4.88-3.25***4.67/1.23/2.11-0.88/6.45+9.42/8.06,*-5.93-0.28/4.36/9.14-4.88-3.25***4.67/1.23/2.11-0.88/6.45+9.42/8.06,False
0.38+(6.73+6.59*3.9+0.67+2.55)+(3.13-7.28*1.15+8.87-5.04-4.54/0.95//-3.26),0.38+(6.73+6.59*3.9+0.67+2.55)+(3.13-7.28*1.15+8.87-5.04-4.54/0.95//-3.26),True
5.63-6.65/1.46/5.61+2.06+7.43*0.19*(7.79+1.01/(4.68-0.73+1.8+8.01+9.69+(5.84))),5.63-6.65/1.46/5.61+2.06+7.43*0.19*(7.79+1.01/(4.68-0.73+1.8+8.01+9.69+(5.84))),False
0.21*4.67+4.05-(1.0*7.6*9.96/(1.7+5.62)+(4.18*2.25+6.35)-9.41*1.67*9.74*(0.9)),0.21*4.67+4.05-(1.0*7.6*9.96/(1.7+5.62)+(4.18*2.25+6.35)-9.41*1.67*9.74*(0.9)),True
2.66*(1.71+5.75*3.61/2.65)*1.72-5.33*8.78/5.12+2.86-(9.34+4.82/8.89-5.88/4.29),2.66*(1.71+5.75*3.61/2.65)*1.72-5.33*8.78/5.12+2.86-(9.34+4.82/8.89-5.88/4.29),False
9.27-8.84/1.44+0.13/4.3+(6.0*4.08-4.94-9.18-8.5-7.24/7.85+8.1)/2.98+1.62,9.27-8.84/1.44+0.13/4.3+(6.0*4.08-4.94-9.18-8.5-7.24/7.85+8.1)/2.98+1.62,False
(6.63*(5.88-5.89/8.69-1.3)+9.17)/5.77*(+*5.03-5.92/8.29/+)*1.94*2.35+1.78,(6.63*(5.88-5.89/8.69-1.3)+9.17)/5.77*(+*5.03-5.92/8.29/+)*1.94*2.35+1.78,False
3.61+3.37-6.23/8.66/6.02/(3.81*3.98)-/*0.2*(9.22/1.02+9.19*(0.86+0.4)+(1.95)),3.61+3.37-6.23/8.66/6.02/(3.81*3.98)-/*0.2*(9.22/1.02+9.19*(0.86+0.4)+(1.95)),True
3.88*1.5-9.56/5.29+7.27-++6.83*1.3*2.95*7.05/3.73-(3.22*(0.91+4.69/6.79)),3.88*1.5-9.56/5.29+7.27-++6.83*1.3*2.95*7.05/3.73-(3.22*(0.91+4.69/6.79)),False
9.29+2.98-(5.38*5.72-0.05+9.26+6.1/7.31*(2.1/1.54+7.44-1.24*9.03+7.56)-5.91),9.29+2.98-(5.38*5.72-0.05+9.26+6.1/7.31*(2.1/1.54+7.44-1.24*9.03+7.56)-5.91),True
(5.41-(8.2/5.71/2.33/2.01+8.5-4.41+2.46*0.53+7.82/3.84*6.58/3.42-6.38)-1.35),(5.41-(8.2/5.71/2.33/2.01+8.5-4.41+2.46*0.53+7.82/3.84*6.58/3.42-6.38)-1.35),True
6.83+(7.06/*)-3.81/1.91*2.86+7.31+4.84+6.57/4.64+2.69*8.76/0.79/2.58-(5.5),6.83+(7.06/*)-3.81/1.91*2.86+7.31+4.84+6.57/4.64+2.69*8.76/0.79/2.58-(5.5),True
(3.99+(6.08-2.56*(4.23-0.63*9.27+0.16*6.25*3.51/(0.82*9.83/3.3/-)*4.88)-6.29)),(3.99+(6.08-2.56*(4.23-0.63*9.27+0.16*6.25*3.51/(0.82*9.83/3.3/-)*4.88)-6.29)),False
7.22-4.98-*/2.28+8.06+4.71+0.91/0.33-4.42+0.9+4.0*6.58*9.76*(9.42/6.28),7.22-4.98-*/2.28+8.06+4.71+0.91/0.33-4.42+0.9+4.0*6.58*9.76*(9.42/6.28),True
1.45-0.86-7.64/7.97-3.16-*+7.78+(4.9+3.69*9.75*5.09)-9.85*3.26-7.4*-,1.45-0.86-7.64/7.97-3.16-*+7.78+(4.9+3.69*9.75*5.09)-9.85*3.26-7.4*-,False
5.1+8.84-9.7-0.3+9.78*2.85/6.78+0.78/0.3/5.34/4.41+7.28-(0.38*4.48/(3.66)),5.1+8.84-9.7-0.3+9.78*2.85/6.78+0.78/0.3/5.34/4.41+7.28-(0.38*4.48/(3.66)),True
(2.36+2.27-3.58/9.12-5.81+5.77-3.34+1.09*6.32+2.3+7.14-6.48-7.04-(3.85+8.86)),(2.36+2.27-3.58/9.12-5.81+5.77-3.34+1.09*6.32+2.3+7.14-6.48-7.04-(3.85+8.86)),True
7.58-(9.81+1.29)*7.8+6.38/(2.97-8.18*2.57*6.55/0.75/0.76/4.95*6.71/2.4/(0.61)),7.58-(9.81+1.29)*7.8+6.38/(2.97-8.18*2.57*6.55/0.75/0.76/4.95*6.71/2.4/(0.61)),True
8.13+5.58-(0.81/8.55*3.4*4.4-9.71/8.12-(7.45*0.08-2.94-(0.76/4.72***9.29))),8.13+5.58-(0.81/8.55*3.4*4.4-9.71/8.12-(7.45*0.08-2.94-(0.76/4.72***9.29))),True
+-5.67*1.34*6.34+2.93/8.4*7.87+(1.97+5.72/8.49-8.82-3.88+1.74*0.65-4.15),+-5.67*1.34*6.34+2.93/8.4*7.87+(1.97+5.72/8.49-8.82-3.88+1.74*0.65-4.15),False
5.77+9.3*(7.91/8.48*5.78/8.12)*5.34*8.29*7.53-5.94+6.57-6.63-9.33*9.87-1.53,5.77+9.3*(7.91/8.48*5.78/8.12)*5.34*8.29*7.53-5.94+6.57-6.63-9.33*9.87-1.53,True
7.05*(-/(5.12*5.82*6.18/7.15*6.73)*3.74-3.91+0.74)*3.68*(6.87+9.63/5.37+3.03),7.05*(-/(5.12*5.82*6.18/7.15*6.73)*3.74-3.91+0.74)*3.68*(6.87+9.63/5.37+3.03),False
2.86-1.16*7.22-2.21/6.41/(4.65-9.29/7.19)-4.72-0.21-3.42*(4.99+5.74/5.23-0.53),2.86-1.16*7.22-2.21/6.41/(4.65-9.29/7.19)-4.72-0.21-3.42*(4.99+5.74/5.23-0.53),False
9.45/(2.54/7.63*0.61+(9.58-1.33+4.57+(8.67/7.87)*6.86+(0.11/+*6.62+8.27-4.29))),9.45/(2.54/7.63*0.61+(9.58-1.33+4.57+(8.67/7.87)*6.86+(0.11/+*6.62+8.27-4.29))),True
1.75+8.59/8.55-8.5---6.6+1.71*6.16*8.63*(0.59/8.16)/*-5.73+9.37*6.49,1.75+8.59/8.55-8.5---6.6+1.71*6.16*8.63*(0.59/8.16)/*-5.73+9.37*6.49,False
(7.62/4.35+2.71+7.49)-3.21+(7.42*1.94+7.93-6.21-1.82-7.06/2.17)-3.17+6.38+(0.2),(7.62/4.35+2.71+7.49)-3.21+(7.42*1.94+7.93-6.21-1.82-7.06/2.17)-3.17+6.38+(0.2),True
8.84*4.9/3.69/3.79*(2.46*6.37*9.83)/10.0*1.62/4.87*3.64*5.78/1.19-(9.19/4.11),8.84*4.9/3.69/3.79*(2.46*6.37*9.83)/10.0*1.62/4.87*3.64*5.78/1.19-(9.19/4.11),True
+-8.16+9.08/(9.6/(0.76/(1.96-6.19+2.87*9.74)/2.02)-6.18+0.57*4.33*2.87/2.43),+-8.16+9.08/(9.6/(0.76/(1.96-6.19+2.87*9.74)/2.02)-6.18+0.57*4.33*2.87/2.43),False
3.21+4.13*5.58*0.99+7.23*1.86-8.38/1.38/0.54/**7.61+6.53/8.07+6.97+4.13,3.21+4.13*5.58*0.99+7.23*1.86-8.38/1.38/0.54/**7.61+6.53/8.07+6.97+4.13,False
6.72*5.35*9.87*9.43-9.23-6.75/4.36-5.47+(0.6-7.32*8.43*4.09)-0.61+5.43*(+),6.72*5.35*9.87*9.43-9.23-6.75/4.36-5.47+(0.6-7.32*8.43*4.09)-0.61+5.43*(+),False
3.01/3.72*6.66-1.27-3.27-(2.33+4.86+6.78+7.03*2.59-(2.25/(1.23-0.11*7.27*0.7))),3.01/3.72*6.66-1.27-3.27-(2.33+4.86+6.78+7.03*2.59-(2.25/(1.23-0.11*7.27*0.7))),True
2.76/8.73-7.16*4.3-8.01*(7.51/1.09+(3.69/8.18+(2.45-(5.31/6.16)*3.69+8.65*7.01))),2.76/8.73-7.16*4.3-8.01*(7.51/1.09+(3.69/8.18+(2.45-(5.31/6.16)*3.69+8.65*7.01))),True
3.67/7.26*2.63*9.6+(1.78*3.03-0.59-(0.28/2.34/1.14)*8.82)*(2.46-2.99/(9.54+8.73)),3.67/7.26*2.63*9.6+(1.78*3.03-0.59-(0.28/2.34/1.14)*8.82)*(2.46-2.99/(9.54+8.73)),False
(8.9/4.48+(0.36/(6.0-3.26)-//7.21)-2.31)-5.94-8.4+5.1+6.31/7.67/7.54-0.07,(8.9/4.48+(0.36/(6.0-3.26)-//7.21)-2.31)-5.94-8.4+5.1+6.31/7.67/7.54-0.07,True
3.71-0.98*5.58+(2.97*1.21-(-*1.89*8.19*1.04-(6.1+0.27/5.52/(6.95/0.19*(6.44))))),3.71-0.98*5.58+(2.97*1.21-(-*1.89*8.19*1.04-(6.1+0.27/5.52/(6.95/0.19*(6.44))))),True
5.76-7.8-0.02*4.05-4.51/(4.65+0.93-8.72/3.59/9.0)+9.59*5.78-(8.3*(0.94/4.13)),5.76-7.8-0.02*4.05-4.51/(4.65+0.93-8.72/3.59/9.0)+9.59*5.78-(8.3*(0.94/4.13)),True
7.59+7.98-4.8-3.86/0.08+3.31*1.97/5.07+5.72/2.08-7.86*2.72-(5.7*0.95-8.12),7.59+7.98-4.8-3.86/0.08+3.31*1.97/5.07+5.72/2.08-7.86*2.72-(5.7*0.95-8.12),True
3.63+(0.97/9.07*(8.2+5.86/7.13/4.35+2.47)/0.81-7.22)/4.55/2.52/8.02/6.9/3.34,3.63+(0.97/9.07*(8.2+5.86/7.13/4.35+2.47)/0.81-7.22)/4.55/2.52/8.02/6.9/3.34,True
9.29/5.87/5.51/--7.63-6.35/1.47*5.7-9.89-5.11+4.8*9.58/(6.91*(6.26-5.15)),9.29/5.87/5.51/--7.63-6.35/1.47*5.7-9.89-5.11+4.8*9.58/(6.91*(6.26-5.15)),True
4.6*0.16-**3.21/0.9+4.19+4.09/4.49*9.24/9.36*3.33*1.19-4.68/4.77-1.69,4.6*0.16-**3.21/0.9+4.19+4.09/4.49*9.24/9.36*3.33*1.19-4.68/4.77-1.69,False
(0.74/0.58+5.56)+4.13+6.37-4.42*1.82+4.74/1.6-3.27*-*(0.59/3.37/(9.94--)),(0.74/0.58+5.56)+4.13+6.37-4.42*1.82+4.74/1.6-3.27*-*(0.59/3.37/(9.94--)),False
(0.5/6.47*4.95/9.76-0.27*(5.59/5.4-0.64*9.45-6.59+6.17)-(8.89-5.83-0.92-5.93)),(0.5/6.47*4.95/9.76-0.27*(5.59/5.4-0.64*9.45-6.59+6.17)-(8.89-5.83-0.92-5.93)),True
+/4.25*7.45*3.77/0.66/+/(9.7*7.91-6.3+3.75-4.74-7.42+5.49/(9.47/3.33)),+/4.25*7.45*3.77/0.66/+/(9.7*7.91-6.3+3.75-4.74-7.42+5.49/(9.47/3.33)),False
(1.25*(9.96/(1.27+7.99)-6.71)*9.61-6.23/(1.69+0.17-(6.8+2.34)/(9.84+9.67-1.07/2.53))),(1.25*(9.96/(1.27+7.99)-6.71)*9.61-6.23/(1.69+0.17-(6.8+2.34)/(9.84+9.67-1.07/2.53))),True
(8.57*1.98/(7.72*6.88-(9.59-9.33+(6.5+5.58/3.92*6.07/4.51/9.88-(1.35-1.17-2.53))))),(8.57*1.98/(7.72*6.88-(9.59-9.33+(6.5+5.58/3.92*6.07/4.51/9.88-(1.35-1.17-2.53))))),True
6.54+(-/7.75*1.01-2.49)+0.56+2.09/7.73+1.96/0.59*1.0/9.66*2.7-(2.28+(5.36)),6.54+(-/7.75*1.01-2.49)+0.56+2.09/7.73+1.96/0.59*1.0/9.66*2.7-(2.28+(5.36)),True
9.95/5.29*2.39+(3.43/9.55+6.79*6.83)/(9.8-5.64/4.45/2.36-8.1)*2.74/8.86/9.77,9.95/5.29*2.39+(3.43/9.55+6.79*6.83)/(9.8-5.64/4.45/2.36-8.1)*2.74/8.86/9.77,True
6.41+0.53-0.96+5.14/3.79*2.28-(3.84*8.93*4.13*4.41-8.54)+(8.64+5.77+2.01-0.91),6.41+0.53-0.96+5.14/3.79*2.28-(3.84*8.93*4.13*4.41-8.54)+(8.64+5.77+2.01-0.91),True
3.24-6.41+0.06-8.41+(4.84*2.83/3.01)+7.47-9.67/0.34+(3.0/10.0-(4.47/0.65-4.23)),3.24-6.41+0.06-8.41+(4.84*2.83/3.01)+7.47-9.67/0.34+(3.0/10.0-(4.47/0.65-4.23)),True
7.21/(**/+5.75)+7.44-0.39*3.23/3.4*4.87*7.31/2.61*6.08+(0.96/5.62*7.35),7.21/(**/+5.75)+7.44-0.39*3.23/3.4*4.87*7.31/2.61*6.08+(0.96/5.62*7.35),True
7.68-0.29*6.33-(1.09/2.56*3.56/8.88/8.47*9.67/1.16/0.01/3.26/6.62*7.22-1.3),7.68-0.29*6.33-(1.09/2.56*3.56/8.88/8.47*9.67/1.16/0.01/3.26/6.62*7.22-1.3),True
6.56-8.68*3.76-(3.39-0.14*6.99-(9.03+2.31/5.1)-6.88*+)/9.37*3.61/(1.56/0.82),6.56-8.68*3.76-(3.39-0.14*6.99-(9.03+2.31/5.1)-6.88*+)/9.37*3.61/(1.56/0.82),True
(2.93*(7.45/2.12*5.91/7.84+1.09)*0.02)+1.55-2.74/9.98+3.07+(3.06+3.55*7.94/3.45),(2.93*(7.45/2.12*5.91/7.84+1.09)*0.02)+1.55-2.74/9.98+3.07+(3.06+3.55*7.94/3.45),True
8.6*6.73/0.53*6.13+1.27-4.54*9.06*+-(3.16-9.01/0.68+4.46+3.0)+1.01-4.49,8.6*6.73/0.53*6.13+1.27-4.54*9.06*+-(3.16-9.01/0.68+4.46+3.0)+1.01-4.49,False
(8.63*7.86*(6.29+0.52*2.05*1.91*5.17)-(7.7-1.68+1.14+7.85*3.88+(/-(3.37-2.75)))),(8.63*7.86*(6.29+0.52*2.05*1.91*5.17)-(7.7-1.68+1.14+7.85*3.88+(/-(3.37-2.75)))),False
6.55+1.11/0.54-0.51*9.71/3.98-5.29+0.94-1.23+6.63+5.02+2.76/1.93*6.17+(7.15),6.55+1.11/0.54-0.51*9.71/3.98-5.29+0.94-1.23+6.63+5.02+2.76/1.93*6.17+(7.15),False
2.35-1.91+(8.55/5.49)+(0.37*9.96)*2.43*-/0.8/8.16+5.96-1.16/(2.57-(6.24*6.46)),2.35-1.91+(8.55/5.49)+(0.37*9.96)*2.43*-/0.8/8.16+5.96-1.16/(2.57-(6.24*6.46)),True
(1.06-5.11+*)///1.23-2.32-(4.14+1.87/(2.76+3.67)/5.43/6.12*9.09+6.2*8.83),(1.06-5.11+*)///1.23-2.32-(4.14+1.87/(2.76+3.67)/5.43/6.12*9.09+6.2*8.83),False
//9.6+4.54+0.87+4.39+5.2*7.08+9.8/5.96*(8.27/9.71*6.8-7.66)/3.69-5.09,//9.6+4.54+0.87+4.39+5.2*7.08+9.8/5.96*(8.27/9.71*6.8-7.66)/3.69-5.09,False
(1.01+5.84+8.21)/7.2/0.41*5.39*7.58/4.34+3.65+5.38+(7.01/(/-7.17+1.16/9.48)),(1.01+5.84+8.21)/7.2/0.41*5.39*7.58/4.34+3.65+5.38+(7.01/(/-7.17+1.16/9.48)),False
5.47-5.81-3.12+(8.36+2.67-5.19-9.25+2.96)-8.8/1.74+4.77+6.93/**9.62/7.99,5.47-5.81-3.12+(8.36+2.67-5.19-9.25+2.96)-8.8/1.74+4.77+6.93/**9.62/7.99,True
2.19-9.13-9.17-0.98-9.45+(2.42+4.53-2.68)+(4.17*+/-/2.27*1.88+8.26+5.32),2.19-9.13-9.17-0.98-9.45+(2.42+4.53-2.68)+(4.17*+/-/2.27*1.88+8.26+5.32),False
6.99/5.46*8.83/5.68/1.45+9.63/5.17-8.29-4.33+-+7.08-4.98/1.49+7.78/2.71,6.99/5.46*8.83/5.68/1.45+9.63/5.17-8.29-4.33+-+7.08-4.98/1.49+7.78/2.71,False
(4.88*9.36-1.7/5.07*3.46+8.58/(7.1*3.61+//0.83+0.74/(3.38*6.71-*)+6.73)),(4.88*9.36-1.7/5.07*3.46+8.58/(7.1*3.61+//0.83+0.74/(3.38*6.71-*)+6.73)),True
5.82+3.23/9.88-7.24*2.69++*7.22-6.35-(1.74+2.59-9.39/9.83/4.23*6.74)+(6.29),5.82+3.23/9.88-7.24*2.69++*7.22-6.35-(1.74+2.59-9.39/9.83/4.23*6.74)+(6.29),False
(6.94*(4.55/5.5)*0.6*0.69*3.01-5.25+6.74-2.82*8.99*6.32-(2.0/3.93-7.07)*5.95),(6.94*(4.55/5.5)*0.6*0.69*3.01-5.25+6.74-2.82*8.99*6.32-(2.0/3.93-7.07)*5.95),True
(5.72-6.77-(2.67+4.97+2.04/6.09+3.19/(7.02+8.68/2.35*5.37-5.02-6.21-0.15-*))),(5.72-6.77-(2.67+4.97+2.04/6.09+3.19/(7.02+8.68/2.35*5.37-5.02-6.21-0.15-*))),False
6.88+*-9.21-5.38+4.43+2.68+8.09/1.81-2.42+1.72*9.99-4.08-3.66/3.57-9.99,6.88+*-9.21-5.38+4.43+2.68+8.09/1.81-2.42+1.72*9.99-4.08-3.66/3.57-9.99,True
(6.1+3.29+0.49)-9.12-3.15//*3.45/(*-1.98/2.23-0.92+2.87*8.36+6.83-8.42),(6.1+3.29+0.49)-9.12-3.15//*3.45/(*-1.98/2.23-0.92+2.87*8.36+6.83-8.42),False
1.88+8.18*3.69-5.45/(2.25-(1.18-0.95/0.98+4.14-2.68*(4.06*9.81+5.75-(3.32-1.13)))),1.88+8.18*3.69-5.45/(2.25-(1.18-0.95/0.98+4.14-2.68*(4.06*9.81+5.75-(3.32-1.13)))),True
(2.69+2.8+7.2/4.05+(1.36*6.67/3.39*0.82*6.8/0.36*0.3-5.4-5.76)+2.37*4.19),(2.69+2.8+7.2/4.05+(1.36*6.67/3.39*0.82*6.8/0.36*0.3-5.4-5.76)+2.37*4.19),True
0.42*5.55*7.75-3.59/(4.44/(3.77+8.91/2.16/6.31*6.67-0.06*8.44*6.27+8.07+4.59)),0.42*5.55*7.75-3.59/(4.44/(3.77+8.91/2.16/6.31*6.67-0.06*8.44*6.27+8.07+4.59)),True
5.89*(7.57-2.15*3.73+4.1-5.34)*(2.68*7.4)*(0.74+7.7*7.33/9.87/4.19+(9.28+1.71)),5.89*(7.57-2.15*3.73+4.1-5.34)*(2.68*7.4)*(0.74+7.7*7.33/9.87/4.19+(9.28+1.71)),False
7.25*9.54*3.75-(*-2.51)*(2.06*9.25/1.19-0.27+7.31+3.35*0.68)*8.57/1.76+(5.78),7.25*9.54*3.75-(*-2.51)*(2.06*9.25/1.19-0.27+7.31+3.35*0.68)*8.57/1.76+(5.78),False
8.12*5.5+3.68/4.29*7.77+4.6+2.92-4.73-8.02-6.63*2.69/4.75-1.55*2.18+/,8.12*5.5+3.68/4.29*7.77+4.6+2.92-4.73-8.02-6.63*2.69/4.75-1.55*2.18+/,True
(3.98*1.1)/(9.8+7.63/0.58+7.47+7.04)+++(0.95-8.43)+9.07/8.25-1.32*(2.44-(0.54)),(3.98*1.1)/(9.8+7.63/0.58+7.47+7.04)+++(0.95-8.43)+9.07/8.25-1.32*(2.44-(0.54)),False
6.49*(4.21*8.41/3.47+8.76-4.79/7.98)-9.75-9.4-8.89+7.98-8.9+3.08-5.14/2.87,6.49*(4.21*8.41/3.47+8.76-4.79/7.98)-9.75-9.4-8.89+7.98-8.9+3.08-5.14/2.87,True
2.61-7.7+9.61-3.83/1.97*8.47-3.22/1.27-1.1*0.36+7.65+9.2+8.07-6.69-5.47,2.61-7.7+9.61-3.83/1.97*8.47-3.22/1.27-1.1*0.36+7.65+9.2+8.07-6.69-5.47,True
1.16+7.69*(6.93*0.54/1.74)-8.1+9.14-5.25-(1.84/4.4*0.94+6.52/8.56/9.83-4.81),1.16+7.69*(6.93*0.54/1.74)-8.1+9.14-5.25-(1.84/4.4*0.94+6.52/8.56/9.83-4.81),True
(0.44-1.84-7.55/2.42-6.28-4.11)*7.04/8.3+4.86+9.78*(2.54+0.2-7.22)*1.86/3.37,(0.44-1.84-7.55/2.42-6.28-4.11)*7.04/8.3+4.86+9.78*(2.54+0.2-7.22)*1.86/3.37,True
6.23+4.83+8.77+5.93*3.71/4.4/2.52+3.44*3.65-(1.59/3.45-(3.05*6.56/4.19-2.62)),6.23+4.83+8.77+5.93*3.71/4.4/2.52+3.44*3.65-(1.59/3.45-(3.05*6.56/4.19-2.62)),True
5.03-5.49*(2.15-9.23+8.34/6.85-0.53)*6.44/0.67+2.8-3.61*8.2/10.0-(3.37/1.66),5.03-5.49*(2.15-9.23+8.34/6.85-0.53)*6.44/0.67+2.8-3.61*8.2/10.0-(3.37/1.66),True
4.84+7.08*(9.25/(1.01+6.81)/6.6)-9.05*4.59-(9.46/2.4-0.16/7.54+4.8+0.32)*0.77,4.84+7.08*(9.25/(1.01+6.81)/6.6)-9.05*4.59-(9.46/2.4-0.16/7.54+4.8+0.32)*0.77,True
7.33*4.9/3.57-2.94+2.21-1.26/--5.67-0.2/3.43-1.34+(1.99+2.6+4.48)/1.7,7.33*4.9/3.57-2.94+2.21-1.26/--5.67-0.2/3.43-1.34+(1.99+2.6+4.48)/1.7,True
8.25-1.35-1.25/9.17+9.4/3.24+5.85-1.7-(0.25/6.43-5.49+3.06/5.08+(8.87+/)),8.25-1.35-1.25/9.17+9.4/3.24+5.85-1.7-(0.25/6.43-5.49+3.06/5.08+(8.87+/)),True
0.46+0.24-3.8*0.98*4.87/7.94*(2.92-5.76+7.27-6.13*/)/9.01+3.98*7.91*2.6,0.46+0.24-3.8*0.98*4.87/7.94*(2.92-5.76+7.27-6.13*/)/9.01+3.98*7.91*2.6,False
4.23/*-7.79+(7.25+4.54)*2.33/3.37-4.53*9.82+0.15++*8.77-3.85+7.36-(6.37),4.23/*-7.79+(7.25+4.54)*2.33/3.37-4.53*9.82+0.15++*8.77-3.85+7.36-(6.37),True
8.94/(6.71*7.81*3.06)+8.84+3.55+(8.84*3.52/5.62/*/1.22)-0.3+3.13*+/0.92,8.94/(6.71*7.81*3.06)+8.84+3.55+(8.84*3.52/5.62/*/1.22)-0.3+3.13*+/0.92,True
9.5-8.88-1.25/5.35+*+5.14*(2.56-6.64+8.77/7.18-*+0.22*--3.19-3.48),9.5-8.88-1.25/5.35+*+5.14*(2.56-6.64+8.77/7.18-*+0.22*--3.19-3.48),False
1.16-9.83*8.95+(*/8.44+(0.97--*6.32+4.61)*8.64-9.25/2.3/0.08-9.76)/(5.28),1.16-9.83*8.95+(*/8.44+(0.97--*6.32+4.61)*8.64-9.25/2.3/0.08-9.76)/(5.28),False
6.83-(0.58/1.8---(6.16/8.52/3.05/8.74)+5.12*1.88-2.18/1.83)+1.33*6.53-(2.77),6.83-(0.58/1.8---(6.16/8.52/3.05/8.74)+5.12*1.88-2.18/1.83)+1.33*6.53-(2.77),True
*+4.44/8.28*6.08+3.09/6.95*3.07-9.93*2.16+4.55+4.88/(4.92+(5.35-0.44)*2.94),*+4.44/8.28*6.08+3.09/6.95*3.07-9.93*2.16+4.55+4.88/(4.92+(5.35-0.44)*2.94),False
(9.28*6.05/5.18-(1.61*7.07-6.99*(0.89+1.99*3.01)-(2.02*9.57/4.65*7.95)*9.72*7.38)),(9.28*6.05/5.18-(1.61*7.07-6.99*(0.89+1.99*3.01)-(2.02*9.57/4.65*7.95)*9.72*7.38)),True
*/6.69-4.89+8.61*5.94*2.84+(0.14-4.12-6.81+(5.77*4.84-5.8)/0.56+5.25)*3.68,*/6.69-4.89+8.61*5.94*2.84+(0.14-4.12-6.81+(5.77*4.84-5.8)/0.56+5.25)*3.68,False
2.64-6.13/9.61+3.45/5.36*(9.13-2.33*9.54-(1.08-6.25*(4.69-(0.49*2.45-(9.13-4.32))))),2.64-6.13/9.61+3.45/5.36*(9.13-2.33*9.54-(1.08-6.25*(4.69-(0.49*2.45-(9.13-4.32))))),True
6.93/3.87+2.03/5.29-2.38/4.98/7.47+1.45-6.9*6.12-7.21/(1.47*9.34)*7.98+2.32,6.93/3.87+2.03/5.29-2.38/4.98/7.47+1.45-6.9*6.12-7.21/(1.47*9.34)*7.98+2.32,True
1.36+/++-5.33*2.96*8.94*(7.8/(2.12*1.88)-7.93/2.85*1.0*(2.37-(7.26+2.79))),1.36+/++-5.33*2.96*8.94*(7.8/(2.12*1.88)-7.93/2.85*1.0*(2.37-(7.26+2.79))),False
7.07//-2.51/(/*2.05)/6.72*8.9+7.19+(1.81-6.66)/9.31/3.87-0.73*(9.29-5.2),7.07//-2.51/(/*2.05)/6.72*8.9+7.19+(1.81-6.66)/9.31/3.87-0.73*(9.29-5.2),True
2.79*6.19+1.17/0.46+0.76+8.5+0.38-1.89*8.98*(3.17/9.5*6.2)*9.67*5.3+5.61,2.79*6.19+1.17/0.46+0.76+8.5+0.38-1.89*8.98*(3.17/9.5*6.2)*9.67*5.3+5.61,True
1.36-0.67+0.76+/-5.44+3.73/4.72*(5.6/7.18-6.02*0.51+5.7)*0.04*9.75*5.88,1.36-0.67+0.76+/-5.44+3.73/4.72*(5.6/7.18-6.02*0.51+5.7)*0.04*9.75*5.88,True
5.32+0.12+(4.62-1.17)-6.72-7.6+7.7+1.74/3.41*3.69+3.75+5.42/3.27+5.87/0.32,5.32+0.12+(4.62-1.17)-6.72-7.6+7.7+1.74/3.41*3.69+3.75+5.42/3.27+5.87/0.32,True
0.55/7.78/6.66--+(5.31+6.24-6.46/(3.47-8.04/2.53*0.83+8.52*/-7.38-(7.38))),0.55/7.78/6.66--+(5.31+6.24-6.46/(3.47-8.04/2.53*0.83+8.52*/-7.38-(7.38))),True
2.27*8.31//-8.83+7.22+8.47+3.96*2.75*(*/(7.79/7.26/6.84/3.56/(8.98*6.62))),2.27*8.31//-8.83+7.22+8.47+3.96*2.75*(*/(7.79/7.26/6.84/3.56/(8.98*6.62))),False
9.33+6.73*5.86*2.2+8.02+0.11-2.98*(7.85/(3.38-3.07*9.9+7.9/7.31+7.97/6.15)),9.33+6.73*5.86*2.2+8.02+0.11-2.98*(7.85/(3.38-3.07*9.9+7.9/7.31+7.97/6.15)),True
4.29-6.89*6.47-4.51+7.28-6.77-0.71-6.33/7.74/1.49-3.76*8.11+7.91+(5.79*3.47),4.29-6.89*6.47-4.51+7.28-6.77-0.71-6.33/7.74/1.49-3.76*8.11+7.91+(5.79*3.47),False
0.28/6.54+(4.81-1.44/4.28-2.91*2.07+3.5/6.02+2.15+1.91+(*+3.35)/8.18-5.06),0.28/6.54+(4.81-1.44/4.28-2.91*2.07+3.5/6.02+2.15+1.91+(*+3.35)/8.18-5.06),False
8.89*8.4-(6.42*(3.78*0.59+4.86+5.56*6.85*5.67-7.33*2.31*(9.82/0.18+4.68-9.29))),8.89*8.4-(6.42*(3.78*0.59+4.86+5.56*6.85*5.67-7.33*2.31*(9.82/0.18+4.68-9.29))),True
7.17/3.25+7.98/5.44*1.15*(4.14+6.26*2.01/(2.65/0.84+(7.75-8.54)-(3.15-6.08+/))),7.17/3.25+7.98/5.44*1.15*(4.14+6.26*2.01/(2.65/0.84+(7.75-8.54)-(3.15-6.08+/))),False
6.04-(6.16/9.45+7.51+2.24*3.76-(4.31*8.56+(5.83+0.61*8.51*7.77+4.82-(7.87+6.38)))),6.04-(6.16/9.45+7.51+2.24*3.76-(4.31*8.56+(5.83+0.61*8.51*7.77+4.82-(7.87+6.38)))),True
7.67+*+(9.08/5.8+6.6/5.21*3.44*0.82*1.32-(6.91/8.79/(0.99*7.09-(6.17/(5.79))))),7.67+*+(9.08/5.8+6.6/5.21*3.44*0.82*1.32-(6.91/8.79/(0.99*7.09-(6.17/(5.79))))),False
(4.76*1.19+(1.19/4.22-(2.07*7.66-4.03/(1.13-/-(4.06+4.54-9.81*1.64+2.35+6.51))))),(4.76*1.19+(1.19/4.22-(2.07*7.66-4.03/(1.13-/-(4.06+4.54-9.81*1.64+2.35+6.51))))),False
*/0.41-6.8/1.62+7.71*9.32*9.54+(1.75*6.81-3.32+2.19-(8.55*(1.26-9.26-4.61))),*/0.41-6.8/1.62+7.71*9.32*9.54+(1.75*6.81-3.32+2.19-(8.55*(1.26-9.26-4.61))),False
3.19+8.58/5.69*+*6.62/5.27-(5.98-7.14)-2.86+7.65-4.21/1.7+(5.98/6.65-1.39),3.19+8.58/5.69*+*6.62/5.27-(5.98-7.14)-2.86+7.65-4.21/1.7+(5.98/6.65-1.39),True
5.43+6.12/7.99-(4.34/2.12)+2.19/4.92/7.93-2.44+1.0*3.49-*+(1.3+3.21/(8.78)),5.43+6.12/7.99-(4.34/2.12)+2.19/4.92/7.93-2.44+1.0*3.49-*+(1.3+3.21/(8.78)),False
9.1+4.13*8.08*(4.32-5.3+9.41/1.93+5.5+3.47+(1.65*3.71+(2.42-4.04*7.09**))),9.1+4.13*8.08*(4.32-5.3+9.41/1.93+5.5+3.47+(1.65*3.71+(2.42-4.04*7.09**))),True
4.46/9.91+5.79+7.68+4.95+4.36*/*1.81*0.12-9.03++*5.49*6.69-4.65*1.89,4.46/9.91+5.79+7.68+4.95+4.36*/*1.81*0.12-9.03++*5.49*6.69-4.65*1.89,False
3.15*5.26/2.76*9.06+4.65+2.73+6.12/4.32-2.17*3.2+6.7+(4.84+8.09/(0.35-(0.54))),3.15*5.26/2.76*9.06+4.65+2.73+6.12/4.32-2.17*3.2+6.7+(4.84+8.09/(0.35-(0.54))),False
3.02*5.09+1.29+(1.49/(1.97*1.95+3.64/8.73*2.32*(9.48/-)+(1.49/4.36+8.29*7.58))),3.02*5.09+1.29+(1.49/(1.97*1.95+3.64/8.73*2.32*(9.48/-)+(1.49/4.36+8.29*7.58))),False
6.38+8.68/3.34*3.13*0.39+7.14+5.19*3.29/(7.55/9.36-9.5-7.51)///++6.03,6.38+8.68/3.34*3.13*0.39+7.14+5.19*3.29/(7.55/9.36-9.5-7.51)///++6.03,False
9.34*5.59*(1.36*0.53/2.05)/2.76-9.35/6.4-8.4-9.72*9.52-5.42*2.7/3.26/0.11,9.34*5.59*(1.36*0.53/2.05)/2.76-9.35/6.4-8.4-9.72*9.52-5.42*2.7/3.26/0.11,True
6.11*3.92-1.02+(9.73*1.43-7.04*0.86)-1.02*9.61*0.45/6.47/3.57*7.15-1.41-2.77,6.11*3.92-1.02+(9.73*1.43-7.04*0.86)-1.02*9.61*0.45/6.47/3.57*7.15-1.41-2.77,False
8.83/8.77/2.0/1.84/(7.18*9.02+7.93/6.39+1.62-2.46-(4.12-2.35-9.33+(1.81+7.73))),8.83/8.77/2.0/1.84/(7.18*9.02+7.93/6.39+1.62-2.46-(4.12-2.35-9.33+(1.81+7.73))),True
5.94/6.76*1.13+1.42-4.38/6.77/9.05/5.45-6.56+2.96+5.96-8.54/8.21-6.12/2.14,5.94/6.76*1.13+1.42-4.38/6.77/9.05/5.45-6.56+2.96+5.96-8.54/8.21-6.12/2.14,True
4.33+(3.92*6.51/-/9.86-5.3-2.71*9.47)/(3.0*(5.1/(2.41+8.55-9.03/0.98+8.51))),4.33+(3.92*6.51/-/9.86-5.3-2.71*9.47)/(3.0*(5.1/(2.41+8.55-9.03/0.98+8.51))),False
2.03-5.63-1.21*2.55/(9.16-/*6.09-6.46+0.25-1.4)-5.18*6.95*6.86*3.26+3.64,2.03-5.63-1.21*2.55/(9.16-/*6.09-6.46+0.25-1.4)-5.18*6.95*6.86*3.26+3.64,True
3.25+4.33*0.56/*/0.7-0.06-9.79+4.72+(3.24*3.76/(2.73*(7.87+2.66/1.17+4.76))),3.25+4.33*0.56/*/0.7-0.06-9.79+4.72+(3.24*3.76/(2.73*(7.87+2.66/1.17+4.76))),False
+*9.71-4.68/6.54+1.0+(6.88*(3.64/9.16)+1.95)+0.69/2.53*(4.79/6.7)*1.61*8.89,+*9.71-4.68/6.54+1.0+(6.88*(3.64/9.16)+1.95)+0.69/2.53*(4.79/6.7)*1.61*8.89,False
1.19+8.9*4.49+0.54-(3.45/4.35+6.98-2.07)-4.18-8.3+-+(1.46+1.84-5.23+9.2),1.19+8.9*4.49+0.54-(3.45/4.35+6.98-2.07)-4.18-8.3+-+(1.46+1.84-5.23+9.2),True
8.69/(4.76/7.17)+(9.32+1.52-7.31)+0.08-7.0+(3.34+5.43/9.69/2.64*5.71*3.05/(7.96)),8.69/(4.76/7.17)+(9.32+1.52-7.31)+0.08-7.0+(3.34+5.43/9.69/2.64*5.71*3.05/(7.96)),False
6.98-3.26-1.18*0.76-5.86*(5.99*(6.4+(4.0+(0.24*0.09+1.89+9.95)-7.63)*6.12*8.91)),6.98-3.26-1.18*0.76-5.86*(5.99*(6.4+(4.0+(0.24*0.09+1.89+9.95)-7.63)*6.12*8.91)),True
7.02*3.69/(2.28/7.56*(1.5/(5.24*//8.65)+6.57-(1.87+1.76*3.12*1.5-5.85*(9.78)))),7.02*3.69/(2.28/7.56*(1.5/(5.24*//8.65)+6.57-(1.87+1.76*3.12*1.5-5.85*(9.78)))),True
9.58-9.58*/+9.15+9.72-*+6.58-1.58*7.97+(7.62+(0.26*1.25)*8.2-4.5-4.71),9.58-9.58*/+9.15+9.72-*+6.58-1.58*7.97+(7.62+(0.26*1.25)*8.2-4.5-4.71),True
7.51*2.56*0.59*(6.45*3.63)//*(7.07+(0.59+6.98+4.71/0.53)/(9.21+(0.86+8.64-/))),7.51*2.56*0.59*(6.45*3.63)//*(7.07+(0.59+6.98+4.71/0.53)/(9.21+(0.86+8.64-/))),False
0.83-9.72*(0.08*4.14+8.69+0.59-(3.87-8.33-5.82+(3.99*(6.45-3.46+1.94)*9.59/(2.07)))),0.83-9.72*(0.08*4.14+8.69+0.59-(3.87-8.33-5.82+(3.99*(6.45-3.46+1.94)*9.59/(2.07)))),False
2.47/--6.69*4.54*9.01*6.36/8.92-8.48/8.26-3.76+4.43*6.84/1.35*3.09+(7.45),2.47/--6.69*4.54*9.01*6.36/8.92-8.48/8.26-3.76+4.43*6.84/1.35*3.09+(7.45),True
2.65-(6.7-6.34/3.76+1.38/8.25+8.65+7.29)+1.85*0.27-4.72+0.01+7.75+4.43*5.03,2.65-(6.7-6.34/3.76+1.38/8.25+8.65+7.29)+1.85*0.27-4.72+0.01+7.75+4.43*5.03,True
9.92*6.17+(5.73+0.12-9.69-2.16+3.01)/(4.74*2.95*8.78*(8.75/9.45*3.18/6.87/(4.31))),9.92*6.17+(5.73+0.12-9.69-2.16+3.01)/(4.74*2.95*8.78*(8.75/9.45*3.18/6.87/(4.31))),True
++9.92*7.54/5.08+5.65-9.75+(6.17-(1.73*0.51-6.51-(7.9-3.51)*4.39/8.28/(5.44))),++9.92*7.54/5.08+5.65-9.75+(6.17-(1.73*0.51-6.51-(7.9-3.51)*4.39/8.28/(5.44))),True
6.22--/4.56-0.63*5.52+0.68+(8.61-0.44)/1.55+6.84/3.46+2.22-(2.78+9.46-(6.36)),6.22--/4.56-0.63*5.52+0.68+(8.61-0.44)/1.55+6.84/3.46+2.22-(2.78+9.46-(6.36)),True
2.12*3.73*7.29-9.33-9.7*0.21/0.6-5.47/4.51-(6.9-(4.93*0.48-/*0.63-4.74)),2.12*3.73*7.29-9.33-9.7*0.21/0.6-5.47/4.51-(6.9-(4.93*0.48-/*0.63-4.74)),False
2.56-0.09-6.21*8.21-(5.58+6.33*(1.75/2.22/9.53)-7.61/6.69+0.53)-3.23*6.51/4.12,2.56-0.09-6.21*8.21-(5.58+6.33*(1.75/2.22/9.53)-7.61/6.69+0.53)-3.23*6.51/4.12,False
3.13/9.92/(7.12/3.22/(4.16/1.08/(7.9/6.03/1.24*0.18/(2.53*5.54+2.42)+2.23/4.99))),3.13/9.92/(7.12/3.22/(4.16/1.08/(7.9/6.03/1.24*0.18/(2.53*5.54+2.42)+2.23/4.99))),True
9.84/2.97*(2.27+(4.31+4.56)/3.21)+3.02/9.99+5.48-0.23*(3.67/9.42)+0.04/7.4-1.3,9.84/2.97*(2.27+(4.31+4.56)/3.21)+3.02/9.99+5.48-0.23*(3.67/9.42)+0.04/7.4-1.3,False
//2.23-7.15+**3.22*9.28-(1.53-8.1)+1.05/3.78/3.44+3.31/5.01+2.14*0.15,//2.23-7.15+**3.22*9.28-(1.53-8.1)+1.05/3.78/3.44+3.31/5.01+2.14*0.15,False
(5.27+4.06*3.28)-4.64*7.57/8.83*1.41-7.44/6.3-0.67*5.12/6.11/5.17-9.71+1.34,(5.27+4.06*3.28)-4.64*7.57/8.83*1.41-7.44/6.3-0.67*5.12/6.11/5.17-9.71+1.34,True
6.89-6.11+1.57+1.96*6.84+0.61-8.33+2.32*6.78*1.4+0.18+1.99*9.75-(2.21+7.88),6.89-6.11+1.57+1.96*6.84+0.61-8.33+2.32*6.78*1.4+0.18+1.99*9.75-(2.21+7.88),True
2.38-8.7*1.96/4.09*(5.15+(4.1/3.91+9.25+3.28)/(1.11*-/4.65)+7.61/9.98/1.2),2.38-8.7*1.96/4.09*(5.15+(4.1/3.91+9.25+3.28)/(1.11*-/4.65)+7.61/9.98/1.2),False
1.53/6.08+5.75/5.49/4.97-3.62-3.0/4.9-1.8*0.46*8.58*(6.71+(3.29+7.11*3.5)),1.53/6.08+5.75/5.49/4.97-3.62-3.0/4.9-1.8*0.46*8.58*(6.71+(3.29+7.11*3.5)),True
6.14+1.38-(1.7-9.67)*5.1*+-1.26*5.41*8.41+0.43/2.03/8.01-7.18*(5.6-4.58),6.14+1.38-(1.7-9.67)*5.1*+-1.26*5.41*8.41+0.43/2.03/8.01-7.18*(5.6-4.58),True
--(0.68*1.21-4.86)+5.26*8.16*(2.99+(6.02*1.99)*3.35-1.08-3.98*/-6.71*(6.49)),--(0.68*1.21-4.86)+5.26*8.16*(2.99+(6.02*1.99)*3.35-1.08-3.98*/-6.71*(6.49)),False
0.24+6.94*5.26-1.76+0.9+(5.53/7.43/1.83)+(0.92*7.69+2.18/6.08)/7.94+8.95-9.39,0.24+6.94*5.26-1.76+0.9+(5.53/7.43/1.83)+(0.92*7.69+2.18/6.08)/7.94+8.95-9.39,False
9.88-7.81/0.22+(**4.11+2.63/(5.95*2.43*(0.01*0.62/1.79*(0.43*2.38-2.0*4.3)))),9.88-7.81/0.22+(**4.11+2.63/(5.95*2.43*(0.01*0.62/1.79*(0.43*2.38-2.0*4.3)))),False
1.34/7.46+*-7.89-3.73+9.41+2.65-(7.9+1.08*(3.91/7.34*8.37-5.55)-(3.96+2.93)),1.34/7.46+*-7.89-3.73+9.41+2.65-(7.9+1.08*(3.91/7.34*8.37-5.55)-(3.96+2.93)),False
3.55/-/0.25/7.58-8.02-6.69/(5.38/3.11+(5.08/3.13*7.63)/8.55/3.41-1.18)-9.42,3.55/-/0.25/7.58-8.02-6.69/(5.38/3.11+(5.08/3.13*7.63)/8.55/3.41-1.18)-9.42,False
1.9-6.66-7.29/6.56*5.93*5.68/1.2*6.06*(1.2/8.89/1.55*4.98+2.82+9.97+5.67),1.9-6.66-7.29/6.56*5.93*5.68/1.2*6.06*(1.2/8.89/1.55*4.98+2.82+9.97+5.67),False
(1.03+9.62+0.79*9.62/3.18)/8.47+(5.91/1.32/2.2+9.02/6.6+0.03)*-/0.56*4.79,(1.03+9.62+0.79*9.62/3.18)/8.47+(5.91/1.32/2.2+9.02/6.6+0.03)*-/0.56*4.79,False
8.62/0.8+6.3-8.21+(3.07*7.22*(7.18-0.23+5.96-1.8/(8.52*7.14/0.57)+(8.06*3.28))),8.62/0.8+6.3-8.21+(3.07*7.22*(7.18-0.23+5.96-1.8/(8.52*7.14/0.57)+(8.06*3.28))),False
3.1-6.11*7.9/8.4/7.19+5.48*1.69-7.64*9.73*5.92*8.26+7.14+0.43-0.41+6.77,3.1-6.11*7.9/8.4/7.19+5.48*1.69-7.64*9.73*5.92*8.26+7.14+0.43-0.41+6.77,False
0.41+1.3+8.5+8.02/-*0.53*3.84-8.28/9.57-2.83+7.05/4.87+1.97-6.86-1.84,0.41+1.3+8.5+8.02/-*0.53*3.84-8.28/9.57-2.83+7.05/4.87+1.97-6.86-1.84,True
5.41/(5.58/0.85+6.22+2.86/9.45*3.64)*3.03+8.53+3.78-4.4*(8.96/3.41*7.82-8.62),5.41/(5.58/0.85+6.22+2.86/9.45*3.64)*3.03+8.53+3.78-4.4*(8.96/3.41*7.82-8.62),True
8.67/8.68+5.26-3.48*0.62*5.02*5.04/3.82+4.95*(9.87/(0.53+(4.78+9.07+7.02+1.87))),8.67/8.68+5.26-3.48*0.62*5.02*5.04/3.82+4.95*(9.87/(0.53+(4.78+9.07+7.02+1.87))),True
(2.37-6.26-3.36*4.74-7.39+8.34)+9.4+0.74-1.8*0.72/(5.6*6.86-10.0+0.18)/4.81,(2.37-6.26-3.36*4.74-7.39+8.34)+9.4+0.74-1.8*0.72/(5.6*6.86-10.0+0.18)/4.81,True
4.44-9.59+(7.85*8.25-6.66*(3.88-9.88-(3.35*3.98+3.55)+7.72)-0.06)-3.72*9.68-5.35,4.44-9.59+(7.85*8.25-6.66*(3.88-9.88-(3.35*3.98+3.55)+7.72)-0.06)-3.72*9.68-5.35,True
8.55/2.18-0.61+5.35-4.64/2.6*2.74+7.02+8.81/7.9*3.09*7.14*4.9+4.72-4.26,8.55/2.18-0.61+5.35-4.64/2.6*2.74+7.02+8.81/7.9*3.09*7.14*4.9+4.72-4.26,True
4.23*++(3.12-9.64-6.88+(4.3-2.82*3.93/1.26*1.01-8.1/8.82/5.98/1.26+4.0)),4.23*++(3.12-9.64-6.88+(4.3-2.82*3.93/1.26*1.01-8.1/8.82/5.98/1.26+4.0)),False
8.79/1.94*6.34*6.54+(5.22-7.1+3.76)/0.62*4.82/(+*7.42/1.04-3.11+0.27*(0.67)),8.79/1.94*6.34*6.54+(5.22-7.1+3.76)/0.62*4.82/(+*7.42/1.04-3.11+0.27*(0.67)),False
7.69/1.3*1.66-(3.35/(3.57/5.11/0.84/1.24)/--9.16*(7.52/(*+0.02)*(2.3+(0.88)))),7.69/1.3*1.66-(3.35/(3.57/5.11/0.84/1.24)/--9.16*(7.52/(*+0.02)*(2.3+(0.88)))),False
7.87+8.39/3.58*8.35+5.17/(5.84/3.57/9.15)-1.57-3.09*9.15/2.81-5.99--/-,7.87+8.39/3.58*8.35+5.17/(5.84/3.57/9.15)-1.57-3.09*9.15/2.81-5.99--/-,True
3.67*(1.02-1.0*3.21)/6.48-1.08-5.86-(8.23-0.86*8.85+8.0-(8.45-0.41/8.18/3.55)),3.67*(1.02-1.0*3.21)/6.48-1.08-5.86-(8.23-0.86*8.85+8.0-(8.45-0.41/8.18/3.55)),True
2.67/3.73*3.34-//7.37*(4.97*1.13-(1.26+1.73-7.99-5.99*3.55-6.23-2.05-1.39)),2.67/3.73*3.34-//7.37*(4.97*1.13-(1.26+1.73-7.99-5.99*3.55-6.23-2.05-1.39)),False
2.18*4.8*6.39+(5.85/(7.69-(9.58*4.19)-7.46)-8.47+4.82*(1.86*7.3-4.54/0.75/3.94)),2.18*4.8*6.39+(5.85/(7.69-(9.58*4.19)-7.46)-8.47+4.82*(1.86*7.3-4.54/0.75/3.94)),True
++0.59+2.69+/*(7.21*7.53/7.78/2.63*7.37*5.54+-+3.42/1.76+0.58+4.51),++0.59+2.69+/*(7.21*7.53/7.78/2.63*7.37*5.54+-+3.42/1.76+0.58+4.51),False
8.12*5.71-3.84*8.74-(8.18+8.11-(1.7-2.69+1.29/8.2/3.23)-6.47+(8.7*7.37-2.46)),8.12*5.71-3.84*8.74-(8.18+8.11-(1.7-2.69+1.29/8.2/3.23)-6.47+(8.7*7.37-2.46)),False
9.11+0.85*(7.0*9.72*7.3*(9.66/0.52+(0.82*2.22/5.8*3.19*(8.37*(1.86+2.26-5.4))))),9.11+0.85*(7.0*9.72*7.3*(9.66/0.52+(0.82*2.22/5.8*3.19*(8.37*(1.86+2.26-5.4))))),True
7.79-(4.93*1.94+6.56/3.5-*+1.11*8.79+(9.47/0.43+8.9-3.73*9.92/2.09-3.54)),7.79-(4.93*1.94+6.56/3.5-*+1.11*8.79+(9.47/0.43+8.9-3.73*9.92/2.09-3.54)),False
9.71+9.51+7.4+(5.22+**3.8)+1.16+(8.58/5.38-1.89)+7.76/4.92/1.55+7.55+3.53,9.71+9.51+7.4+(5.22+**3.8)+1.16+(8.58/5.38-1.89)+7.76/4.92/1.55+7.55+3.53,True
0.06/4.68/0.9-(6.11/1.0+2.57+8.88-9.22+4.28+5.01/2.91/*-(7.78*3.94/(7.04))),0.06/4.68/0.9-(6.11/1.0+2.57+8.88-9.22+4.28+5.01/2.91/*-(7.78*3.94/(7.04))),False
(6.76-3.22)/8.34-2.02/4.53/8.9/1.04-(4.19*5.18)/9.68-8.25-6.72+8.1+1.28*(5.21),(6.76-3.22)/8.34-2.02/4.53/8.9/1.04-(4.19*5.18)/9.68-8.25-6.72+8.1+1.28*(5.21),False
4.18-9.7-5.89+8.4-8.13/4.64+2.87*6.24+(9.68/(3.31/0.59-1.49*3.96/2.67/3.5)),4.18-9.7-5.89+8.4-8.13/4.64+2.87*6.24+(9.68/(3.31/0.59-1.49*3.96/2.67/3.5)),True
(6.88-(4.77+3.71+9.72*0.45/(9.4+(7.65/3.42+4.26)/9.72*6.51)/**1.8*(5.61*2.27))),(6.88-(4.77+3.71+9.72*0.45/(9.4+(7.65/3.42+4.26)/9.72*6.51)/**1.8*(5.61*2.27))),False
2.41*4.96-9.97*0.08-9.55*(4.37*0.02+5.1+7.74*(7.92+1.96+1.35-6.23*0.73/2.2)),2.41*4.96-9.97*0.08-9.55*(4.37*0.02+5.1+7.74*(7.92+1.96+1.35-6.23*0.73/2.2)),False
6.75/(4.5/9.05-6.6*7.14-0.18)-3.94*0.22+(5.28/1.25-8.94*4.64*7.33*5.46-2.65),6.75/(4.5/9.05-6.6*7.14-0.18)-3.94*0.22+(5.28/1.25-8.94*4.64*7.33*5.46-2.65),True
8.02-2.34+2.54*0.39/0.05+9.28+0.38+2.15*6.42*9.1/(7.66*2.12)/3.76+6.83+4.76,8.02-2.34+2.54*0.39/0.05+9.28+0.38+2.15*6.42*9.1/(7.66*2.12)/3.76+6.83+4.76,True
0.88*(5.94/0.67/+)+5.37*2.45*2.84/7.01*3.72/0.03-(7.8*2.84*6.6-2.35*8.88),0.88*(5.94/0.67/+)+5.37*2.45*2.84/7.01*3.72/0.03-(7.8*2.84*6.6-2.35*8.88),False
8.68/9.84*-/9.69-2.39+4.93+6.97*1.96*2.96-6.78+2.56*5.57+1.33-(9.63/7.44),8.68/9.84*-/9.69-2.39+4.93+6.97*1.96*2.96-6.78+2.56*5.57+1.33-(9.63/7.44),False
4.73-(3.73/(2.75*8.27*2.8)-/-(2.28*(2.43-(8.38/2.14/3.72+7.07/7.88+4.09+(8.0))))),4.73-(3.73/(2.75*8.27*2.8)-/-(2.28*(2.43-(8.38/2.14/3.72+7.07/7.88+4.09+(8.0))))),True
5.61***1.07*8.61-5.16+7.9+6.74-1.18/0.51-6.29//+2.68/(7.2+(5.61*2.29)),5.61***1.07*8.61-5.16+7.9+6.74-1.18/0.51-6.29//+2.68/(7.2+(5.61*2.29)),False
(6.26-0.63*8.93)-9.69+5.62/5.86-8.4-2.78/0.88+2.57/4.15+0.69*2.89/1.52*8.28,(6.26-0.63*8.93)-9.69+5.62/5.86-8.4-2.78/0.88+2.57/4.15+0.69*2.89/1.52*8.28,True
(6.24+(5.73/7.3*0.06*9.11/0.95+0.27-++4.75-2.29)+(6.71+8.99*6.74-(2.66+9.5))),(6.24+(5.73/7.3*0.06*9.11/0.95+0.27-++4.75-2.29)+(6.71+8.99*6.74-(2.66+9.5))),True
1.46+(5.52+8.58*9.57*(9.28*2.08)/6.1)+(7.47+0.39*(2.52*3.05*9.32*(9.46/+-8.83))),1.46+(5.52+8.58*9.57*(9.28*2.08)/6.1)+(7.47+0.39*(2.52*3.05*9.32*(9.46/+-8.83))),True
3.34*1.73+(0.52-2.31-2.43/--1.71)/6.37*6.11+6.6+0.1+2.16-6.84-1.81*4.77,3.34*1.73+(0.52-2.31-2.43/--1.71)/6.37*6.11+6.6+0.1+2.16-6.84-1.81*4.77,True
3.53/9.93+6.47-6.15*1.21+6.66*3.33/(9.04*9.95/7.84/2.8)*4.62-2.61*3.84/(0.73),3.53/9.93+6.47-6.15*1.21+6.66*3.33/(9.04*9.95/7.84/2.8)*4.62-2.61*3.84/(0.73),False
2.58-(7.19*9.99+++3.54+6.15)*9.75-6.82-0.76+7.22*(5.28*9.78+3.39+5.87-(1.62)),2.58-(7.19*9.99+++3.54+6.15)*9.75-6.82-0.76+7.22*(5.28*9.78+3.39+5.87-(1.62)),False
(**9.03*8.99*3.27-9.69)/(4.77+7.79)-7.92/3.35+3.43-(6.63-2.17+5.6+8.64-1.54),(**9.03*8.99*3.27-9.69)/(4.77+7.79)-7.92/3.35+3.43-(6.63-2.17+5.6+8.64-1.54),False
2.81-3.99/0.29/9.41+0.07+0.11+(3.53/7.12+(1.77+(6.63+7.73/9.55-2.23+5.86/4.24))),2.81-3.99/0.29/9.41+0.07+0.11+(3.53/7.12+(1.77+(6.63+7.73/9.55-2.23+5.86/4.24))),True
0.26+3.02/6.76+9.78+4.79*5.48/(9.64/(7.23-+)+4.44*9.47/(3.79-1.52-1.73-(2.99))),0.26+3.02/6.76+9.78+4.79*5.48/(9.64/(7.23-+)+4.44*9.47/(3.79-1.52-1.73-(2.99))),True
7.32/7.25*5.42--/1.4*1.6/2.23+6.67-8.67+(0.33+5.39*(1.3-2.52-1.38-5.82)),7.32/7.25*5.42--/1.4*1.6/2.23+6.67-8.67+(0.33+5.39*(1.3-2.52-1.38-5.82)),False
8.05*8.15/4.73***0.73+(5.94*6.03/2.23/3.91+4.83)*9.16-2.27*7.8*9.66/7.55,8.05*8.15/4.73***0.73+(5.94*6.03/2.23/3.91+4.83)*9.16-2.27*7.8*9.66/7.55,False
6.95+3.85+8.2-/-(1.85+0.85/7.71)-8.58+(2.89-9.94*6.61+3.93)+(0.48+(4.77/5.53)),6.95+3.85+8.2-/-(1.85+0.85/7.71)-8.58+(2.89-9.94*6.61+3.93)+(0.48+(4.77/5.53)),True
/*4.69*7.74+7.17*2.02-4.04*9.25/5.45/1.43-8.84/3.75-7.91-9.12*(8.05-3.92),/*4.69*7.74+7.17*2.02-4.04*9.25/5.45/1.43-8.84/3.75-7.91-9.12*(8.05-3.92),False
0.52+(1.35*1.2)/9.89+(8.21-(3.01/3.4/4.31-4.93-6.26/2.97/5.73+2.56/3.95/7.72)),0.52+(1.35*1.2)/9.89+(8.21-(3.01/3.4/4.31-4.93-6.26/2.97/5.73+2.56/3.95/7.72)),False
2.53/8.02-7.45+(2.58/1.58+0.93/4.9*4.09)-6.08-(0.75*7.46)+(8.03/3.85)/9.62+-,2.53/8.02-7.45+(2.58/1.58+0.93/4.9*4.09)-6.08-(0.75*7.46)+(8.03/3.85)/9.62+-,False
(7.74/(0.38-8.75)/(1.54-(5.21*(2.38/(4.71-2.56)*0.59+6.28+9.68/6.49)-(2.15*7.94)*0.21))),(7.74/(0.38-8.75)/(1.54-(5.21*(2.38/(4.71-2.56)*0.59+6.28+9.68/6.49)-(2.15*7.94)*0.21))),False
6.84-9.06+0.3-0.56/0.9+9.3-0.39-5.16-1.05/-+2.8*4.46*/-7.87*5.6,6.84-9.06+0.3-0.56/0.9+9.3-0.39-5.16-1.05/-+2.8*4.46*/-7.87*5.6,False
2.38/(0.11-6.9*0.19+8.9*3.24/1.04+(5.73/4.65/5.81*1.95)-9.09-3.19)*4.27+5.71,2.38/(0.11-6.9*0.19+8.9*3.24/1.04+(5.73/4.65/5.81*1.95)-9.09-3.19)*4.27+5.71,True
(4.08/6.12+2.1)-(3.36*8.65-6.29-8.59/5.0)/5.28/1.75+9.5*0.38-2.61-1.41+7.24,(4.08/6.12+2.1)-(3.36*8.65-6.29-8.59/5.0)/5.28/1.75+9.5*0.38-2.61-1.41+7.24,True
5.96/0.81*7.28-(8.12*5.44/(0.43-/)+8.1+9.34-4.65)-0.57*4.87*3.82+(9.14-(0.81)),5.96/0.81*7.28-(8.12*5.44/(0.43-/)+8.1+9.34-4.65)-0.57*4.87*3.82+(9.14-(0.81)),True
7.27+4.67-3.22+9.21-(8.69/3.24-7.42+5.23)+3.85*8.43*(5.56/6.87/1.08-5.07+(6.33)),7.27+4.67-3.22+9.21-(8.69/3.24-7.42+5.23)+3.85*8.43*(5.56/6.87/1.08-5.07+(6.33)),True
2.84/6.36+1.13+6.89-(3.96+/+9.25/3.3/4.59-4.82+**4.19+5.99)+9.06+9.05,2.84/6.36+1.13+6.89-(3.96+/+9.25/3.3/4.59-4.82+**4.19+5.99)+9.06+9.05,False
8.04+7.45+1.37*0.59+3.55/2.39+(7.37+0.58+0.83-5.29)/4.4*(4.94/0.75/0.5-7.78),8.04+7.45+1.37*0.59+3.55/2.39+(7.37+0.58+0.83-5.29)/4.4*(4.94/0.75/0.5-7.78),True
2.15-*/3.15**-(8.23-6.91/(4.15-**0.56-0.54/3.3)+7.87)*1.76/5.38/2.82,2.15-*/3.15**-(8.23-6.91/(4.15-**0.56-0.54/3.3)+7.87)*1.76/5.38/2.82,False
(7.67-1.07)+(0.49/1.39)+0.99+6.52+3.81-2.75-7.21+(8.76/(8.09-1.15/6.7-1.24+5.77)),(7.67-1.07)+(0.49/1.39)+0.99+6.52+3.81-2.75-7.21+(8.76/(8.09-1.15/6.7-1.24+5.77)),True
(-/8.97*--0.33+1.84)/(1.8/1.97/(3.62+5.15)/0.85-3.6/6.56*1.62+5.51/5.16),(-/8.97*--0.33+1.84)/(1.8/1.97/(3.62+5.15)/0.85-3.6/6.56*1.62+5.51/5.16),True
1.28/9.69+3.02-(7.12-1.53/6.02+9.24/9.56+(0.96/5.12)+(5.36*2.1/1.74-4.78)*9.44),1.28/9.69+3.02-(7.12-1.53/6.02+9.24/9.56+(0.96/5.12)+(5.36*2.1/1.74-4.78)*9.44),True
6.03*7.35/(/*2.69/(4.98*6.99+3.61)*7.53)-(4.78-4.72/9.89*5.3*4.98*2.9+(6.04)),6.03*7.35/(/*2.69/(4.98*6.99+3.61)*7.53)-(4.78-4.72/9.89*5.3*4.98*2.9+(6.04)),True
1.92+4.8+8.86+(5.88-6.31*2.76/6.14-9.49/8.05---9.86/9.69+7.96)-3.6-8.76,1.92+4.8+8.86+(5.88-6.31*2.76/6.14-9.49/8.05---9.86/9.69+7.96)-3.6-8.76,False
4.92+(5.01+1.77)/4.41/8.5+1.19/(5.18/2.75*8.41-6.57-2.64*3.38+1.46+(8.18+8.05)),4.92+(5.01+1.77)/4.41/8.5+1.19/(5.18/2.75*8.41-6.57-2.64*3.38+1.46+(8.18+8.05)),True
8.76+5.5-6.4+6.0*-*(9.61*5.82*9.1/3.95/6.2*2.67/6.57/7.48-1.72+2.37),8.76+5.5-6.4+6.0*-*(9.61*5.82*9.1/3.95/6.2*2.67/6.57/7.48-1.72+2.37),False
4.85+1.21-4.61/5.13-4.13/8.66+7.46-9.34-4.76-7.32+5.33/7.43*1.13*5.33/2.45,4.85+1.21-4.61/5.13-4.13/8.66+7.46-9.34-4.76-7.32+5.33/7.43*1.13*5.33/2.45,False
1.66/7.21/9.07+6.49+8.17+9.72+5.45-4.89-4.03-4.63-2.2/-/8.62-1.02-3.96,1.66/7.21/9.07+6.49+8.17+9.72+5.45-4.89-4.03-4.63-2.2/-/8.62-1.02-3.96,True
2.53-4.06*1.09-6.85-8.46+(3.86*1.54)*(2.18/1.34)*9.52+5.66*(6.58/9.39*8.41-8.43),2.53-4.06*1.09-6.85-8.46+(3.86*1.54)*(2.18/1.34)*9.52+5.66*(6.58/9.39*8.41-8.43),True
8.4+5.18/6.3-4.71-9.26+0.29+9.16*6.62*/*7.67-3.02/(5.73+8.12*3.09*1.0),8.4+5.18/6.3-4.71-9.26+0.29+9.16*6.62*/*7.67-3.02/(5.73+8.12*3.09*1.0),True
*-8.83*7.92+(4.0-9.24/(3.71/0.73-(8.88*(9.26/(2.46+(5.73*(9.32*2.82/8.78)/+)))))),*-8.83*7.92+(4.0-9.24/(3.71/0.73-(8.88*(9.26/(2.46+(5.73*(9.32*2.82/8.78)/+)))))),False
2.41+5.52++*3.49+(9.61+9.15)-4.85+5.62-6.51-0.74*2.33/0.84+6.05/4.92/4.79,2.41+5.52++*3.49+(9.61+9.15)-4.85+5.62-6.51-0.74*2.33/0.84+6.05/4.92/4.79,False
(7.76*8.65)/+*(6.36/8.23*9.13)+4.85+8.07-7.99-9.89-6.63*3.36/0.51+9.63*(3.84),(7.76*8.65)/+*(6.36/8.23*9.13)+4.85+8.07-7.99-9.89-6.63*3.36/0.51+9.63*(3.84),False
7.4/1.65-5.19*1.88-2.47*7.89+2.38/2.86-5.08-9.27*8.54++-8.09*3.34*2.84,7.4/1.65-5.19*1.88-2.47*7.89+2.38/2.86-5.08-9.27*8.54++-8.09*3.34*2.84,True
7.6+3.19+3.66-6.05/7.22*1.29*2.19*9.95-2.92-8.5/9.54-3.05*0.75+6.5-8.36,7.6+3.19+3.66-6.05/7.22*1.29*2.19*9.95-2.92-8.5/9.54-3.05*0.75+6.5-8.36,False
1.94*2.35*1.39-3.26+7.95+1.99*3.97-7.79+(1.64+0.64+3.89*7.43/8.9*8.24*7.45),1.94*2.35*1.39-3.26+7.95+1.99*3.97-7.79+(1.64+0.64+3.89*7.43/8.9*8.24*7.45),True
0.36/9.44-/-(2.41+3.82/5.57+6.55/2.38-(7.61+7.06+9.26)*3.75-5.59/8.52*(6.21)),0.36/9.44-/-(2.41+3.82/5.57+6.55/2.38-(7.61+7.06+9.26)*3.75-5.59/8.52*(6.21)),True
4.08*(4.35-4.49/6.18*2.59)/4.0-(9.01+9.04)-+*3.53+5.18+5.21+1.28-9.91+2.18,4.08*(4.35-4.49/6.18*2.59)/4.0-(9.01+9.04)-+*3.53+5.18+5.21+1.28-9.91+2.18,True
7.16*(8.8*5.98*5.1)+9.88-3.43*0.2/+/6.27/1.21+1.54-9.43*3.36/1.66-8.43,7.16*(8.8*5.98*5.1)+9.88-3.43*0.2/+/6.27/1.21+1.54-9.43*3.36/1.66-8.43,True
1.95+0.38*(4.97/-+4.29-6.98-1.42*(2.98-9.9*7.01/5.0*/)+8.05+3.08)*(6.98),1.95+0.38*(4.97/-+4.29-6.98-1.42*(2.98-9.9*7.01/5.0*/)+8.05+3.08)*(6.98),False
(8.04+6.29+(*-(+-6.16*1.27)-8.74/1.62/5.85*6.79-7.44*(2.74/4.73)+(4.2+6.84))),(8.04+6.29+(*-(+-6.16*1.27)-8.74/1.62/5.85*6.79-7.44*(2.74/4.73)+(4.2+6.84))),True
1.45+2.98-1.69/*+*-8.45/(3.55+8.14+5.88*(3.52+(7.52/2.6-1.81+4.05*5.44))),1.45+2.98-1.69/*+*-8.45/(3.55+8.14+5.88*(3.52+(7.52/2.6-1.81+4.05*5.44))),False
3.57/4.49+3.7-(6.68/6.92)/(3.44-(3.83/5.42+6.33-3.63+7.3-3.03)*6.24-(4.49-4.6)),3.57/4.49+3.7-(6.68/6.92)/(3.44-(3.83/5.42+6.33-3.63+7.3-3.03)*6.24-(4.49-4.6)),False
2.74*8.41*(6.1+8.98*3.82)-2.19+(8.03/5.63+6.19*5.42-5.74+8.74*1.36/0.84/+),2.74*8.41*(6.1+8.98*3.82)-2.19+(8.03/5.63+6.19*5.42-5.74+8.74*1.36/0.84/+),True
5.82*2.13/8.37-(3.18*3.4+2.81)*9.34-8.79/2.84/9.58-9.51+5.43+2.87/(+/9.45),5.82*2.13/8.37-(3.18*3.4+2.81)*9.34-8.79/2.84/9.58-9.51+5.43+2.87/(+/9.45),True
9.79+7.12/5.98*6.46+9.09*9.72*9.07/9.31-(4.14*3.51-8.0*1.45)/(6.12/6.03-5.0),9.79+7.12/5.98*6.46+9.09*9.72*9.07/9.31-(4.14*3.51-8.0*1.45)/(6.12/6.03-5.0),False
(8.93*1.84+9.11-(0.14*6.36+7.34/0.11)/4.9/6.83)-3.77+6.94//-8.96*6.3*6.24,(8.93*1.84+9.11-(0.14*6.36+7.34/0.11)/4.9/6.83)-3.77+6.94//-8.96*6.3*6.24,False
0.4*6.16/9.39-1.08-0.16*3.0/(1.91*0.3-7.18+0.11-9.71/1.83/0.4+1.15-2.41),0.4*6.16/9.39-1.08-0.16*3.0/(1.91*0.3-7.18+0.11-9.71/1.83/0.4+1.15-2.41),True
3.0+(1.73/(8.58+7.55)/7.89-3.61+8.19)-8.85+6.51*(*/(3.51-7.58+6.26*6.47-(7.06))),3.0+(1.73/(8.58+7.55)/7.89-3.61+8.19)-8.85+6.51*(*/(3.51-7.58+6.26*6.47-(7.06))),True
7.19/(3.15+5.88)*(9.05-7.48+3.17*6.17)-(-+3.93*4.69)*4.47+7.81-6.38+(9.35+5.89),7.19/(3.15+5.88)*(9.05-7.48+3.17*6.17)-(-+3.93*4.69)*4.47+7.81-6.38+(9.35+5.89),False
0.5+2.22*3.89-2.95-1.48-+*8.57/(6.71+9.34-7.46)-5.92/(0.67-7.86*0.37)-3.81,0.5+2.22*3.89-2.95-1.48-+*8.57/(6.71+9.34-7.46)-5.92/(0.67-7.86*0.37)-3.81,True
(*-9.07-3.49+5.51/3.77-3.21)+6.07*0.4/5.54-9.58*5.52*4.88-0.7/0.01-(5.31),(*-9.07-3.49+5.51/3.77-3.21)+6.07*0.4/5.54-9.58*5.52*4.88-0.7/0.01-(5.31),True
(8.58-2.31/0.83*8.95*3.42)/7.51*2.51/4.53*3.95++-9.79+1.01-++(4.63/9.56),(8.58-2.31/0.83*8.95*3.42)/7.51*2.51/4.53*3.95++-9.79+1.01-++(4.63/9.56),False
2.94+(3.73/0.92-(9.79/6.63-+)+1.19-0.31*(0.73-2.74+1.2+1.18*2.99-7.67+7.42)),2.94+(3.73/0.92-(9.79/6.63-+)+1.19-0.31*(0.73-2.74+1.2+1.18*2.99-7.67+7.42)),True
6.6/9.0+2.05+9.26*2.8/9.17-3.5*(0.97/1.97/(0.78+9.79)/7.7-3.91*2.34*2.91),6.6/9.0+2.05+9.26*2.8/9.17-3.5*(0.97/1.97/(0.78+9.79)/7.7-3.91*2.34*2.91),True
0.8/7.74/0.59-6.6+2.08+(1.45*(+*1.27/6.33-5.7+5.55-(7.45/1.73)+8.49*4.52)),0.8/7.74/0.59-6.6+2.08+(1.45*(+*1.27/6.33-5.7+5.55-(7.45/1.73)+8.49*4.52)),True
2.14*(2.69-1.57/8.45*3.37+(2.76+0.09)/8.29*0.97)-0.84-1.45-4.62+5.74*6.22+6.52,2.14*(2.69-1.57/8.45*3.37+(2.76+0.09)/8.29*0.97)-0.84-1.45-4.62+5.74*6.22+6.52,False
7.55*3.51/8.39*9.12-(2.6*1.39*0.75*8.51*+/6.31+5.56-(8.62+8.24)-8.03*9.74),7.55*3.51/8.39*9.12-(2.6*1.39*0.75*8.51*+/6.31+5.56-(8.62+8.24)-8.03*9.74),False
2.81/(5.69-6.83)-7.58*7.1+2.58*(7.31*7.59)*4.7-8.55*7.94-3.14-8.38/8.13-6.63,2.81/(5.69-6.83)-7.58*7.1+2.58*(7.31*7.59)*4.7-8.55*7.94-3.14-8.38/8.13-6.63,True
0.16+6.23+(7.41/3.42/(1.59-7.25/(0.32*2.01/(1.75+3.83*8.97/8.2+1.8*2.15/9.8)))),0.16+6.23+(7.41/3.42/(1.59-7.25/(0.32*2.01/(1.75+3.83*8.97/8.2+1.8*2.15/9.8)))),True
(1.68/0.66)+2.48-1.45/6.9*(9.79-4.54-(0.56-5.15*4.98/5.23/4.56*2.12*(8.29/(1.05)))),(1.68/0.66)+2.48-1.45/6.9*(9.79-4.54-(0.56-5.15*4.98/5.23/4.56*2.12*(8.29/(1.05)))),False
3.39+3.69/2.49+--8.64*6.73-4.93*9.17-9.72-(3.64+4.59+2.15)+3.22-(1.12-4.87),3.39+3.69/2.49+--8.64*6.73-4.93*9.17-9.72-(3.64+4.59+2.15)+3.22-(1.12-4.87),True
1.12*5.15+5.52/0.88*6.75/8.67*(7.97-6.37)*5.25/1.06/(7.65/0.62-9.45*2.95-3.35),1.12*5.15+5.52/0.88*6.75/8.67*(7.97-6.37)*5.25/1.06/(7.65/0.62-9.45*2.95-3.35),True
0.69*8.8-9.28+5.09+9.82*3.1/7.18+(2.29*-+(1.65+9.61/(7.0-0.01-5.19*3.77))),0.69*8.8-9.28+5.09+9.82*3.1/7.18+(2.29*-+(1.65+9.61/(7.0-0.01-5.19*3.77))),True
(9.13-1.16/3.92+3.64/(7.88+9.75-0.86/3.69-8.88-8.61+6.91-1.3/9.48+6.54-8.29)),(9.13-1.16/3.92+3.64/(7.88+9.75-0.86/3.69-8.88-8.61+6.91-1.3/9.48+6.54-8.29)),False
5.38+(0.47*(1.83*6.38)/5.5+3.8)/9.52/1.22*8.49*++4.86*8.56+1.71*4.7*0.23,5.38+(0.47*(1.83*6.38)/5.5+3.8)/9.52/1.22*8.49*++4.86*8.56+1.71*4.7*0.23,True
4.63*3.51/8.55+8.04*2.32+7.59/3.27-(8.77-2.43*7.17)-/+*-5.93*1.25+6.07,4.63*3.51/8.55+8.04*2.32+7.59/3.27-(8.77-2.43*7.17)-/+*-5.93*1.25+6.07,False
2.71+(1.61/(2.44/2.27-6.28+4.03/**1.27)+2.03*3.32)-**7.07-(7.31/4.29/5.84),2.71+(1.61/(2.44/2.27-6.28+4.03/**1.27)+2.03*3.32)-**7.07-(7.31/4.29/5.84),False
9.28*0.4/3.21+5.88/3.22-8.05*7.27-/+(5.89/0.08*9.32+7.26*9.78/3.01/2.56),9.28*0.4/3.21+5.88/3.22-8.05*7.27-/+(5.89/0.08*9.32+7.26*9.78/3.01/2.56),True
7.63+2.04*9.06-(9.95+1.08/9.58+8.75-9.59-5.24*5.06/6.88-8.95+7.56+6.97)/9.45,7.63+2.04*9.06-(9.95+1.08/9.58+8.75-9.59-5.24*5.06/6.88-8.95+7.56+6.97)/9.45,False
7.27-9.77+4.44*2.24+3.87/(6.71-9.35*2.3-9.14/4.91+5.94)/7.76+(2.94*(7.74/5.45)),7.27-9.77+4.44*2.24+3.87/(6.71-9.35*2.3-9.14/4.91+5.94)/7.76+(2.94*(7.74/5.45)),True
5.37/7.5/4.94/7.89-3.39+8.26*2.45-3.98-0.42-2.02*1.27/0.31/4.8+8.54-(3.54),5.37/7.5/4.94/7.89-3.39+8.26*2.45-3.98-0.42-2.02*1.27/0.31/4.8+8.54-(3.54),True
*/9.7-2.6+1.75-6.02+9.48/4.98*8.56+0.27+5.2*1.95*5.05/4.52*1.12*1.71,*/9.7-2.6+1.75-6.02+9.48/4.98*8.56+0.27+5.2*1.95*5.05/4.52*1.12*1.71,False
9.55+0.13+9.78/(4.18*2.23-0.61+4.29+8.68)-1.78*5.93/5.13+5.52-2.48*9.96*8.39,9.55+0.13+9.78/(4.18*2.23-0.61+4.29+8.68)-1.78*5.93/5.13+5.52-2.48*9.96*8.39,True
9.1*2.78+2.86*4.33/9.63+6.03+8.85/9.08-8.85*4.89+(7.75*5.84)+1.22*9.73*8.03,9.1*2.78+2.86*4.33/9.63+6.03+8.85/9.08-8.85*4.89+(7.75*5.84)+1.22*9.73*8.03,True
9.71/8.85+4.94-6.35+4.65/+*3.43+7.11*(3.22*7.48+5.98)+5.61*2.64-6.55+7.96,9.71/8.85+4.94-6.35+4.65/+*3.43+7.11*(3.22*7.48+5.98)+5.61*2.64-6.55+7.96,True
7.4*(7.83*9.4/(8.05/1.49)/0.51)*1.78*(-/5.97*2.71)+9.78+1.16+6.97*5.92/9.79,7.4*(7.83*9.4/(8.05/1.49)/0.51)*1.78*(-/5.97*2.71)+9.78+1.16+6.97*5.92/9.79,True
0.06+9.83*(9.63*6.29+8.62+7.95-1.42-5.73*7.92+5.6/4.74-1.36/6.61+5.77**),0.06+9.83*(9.63*6.29+8.62+7.95-1.42-5.73*7.92+5.6/4.74-1.36/6.61+5.77**),False
5.28-(5.75-8.33*0.37/2.3+8.65)+9.35+6.43*9.45/9.46*2.55+2.07*1.8/0.52+0.79,5.28-(5.75-8.33*0.37/2.3+8.65)+9.35+6.43*9.45/9.46*2.55+2.07*1.8/0.52+0.79,True
(4.62/2.61/2.03)/7.86+7.98*6.96/(3.35-6.11)-(0.42-1.84/8.7/7.01+0.83/(7.48*5.31)),(4.62/2.61/2.03)/7.86+7.98*6.96/(3.35-6.11)-(0.42-1.84/8.7/7.01+0.83/(7.48*5.31)),True
1.17//*5.03*0.48-0.74*7.08+6.05/*-4.32/0.91+9.32*0.56+6.54*7.08-8.22,1.17//*5.03*0.48-0.74*7.08+6.05/*-4.32/0.91+9.32*0.56+6.54*7.08-8.22,False
4.19-1.94*8.82-7.03-2.51*(1.91/5.25+9.36/2.74+1.52/(9.28*0.57-(9.08*2.4*6.18))),4.19-1.94*8.82-7.03-2.51*(1.91/5.25+9.36/2.74+1.52/(9.28*0.57-(9.08*2.4*6.18))),True
1.3/3.59+7.82/4.22*0.64*6.67+7.23/(2.84+(5.68*4.22)/(6.14*8.39*4.64)+5.69/8.63),1.3/3.59+7.82/4.22*0.64*6.67+7.23/(2.84+(5.68*4.22)/(6.14*8.39*4.64)+5.69/8.63),True
(2.29*5.4-4.83/3.09+5.95-(7.48*2.31/7.94)*(1.52*9.03*(7.94/1.84+1.28*1.68/8.96))),(2.29*5.4-4.83/3.09+5.95-(7.48*2.31/7.94)*(1.52*9.03*(7.94/1.84+1.28*1.68/8.96))),True
4.24*6.2+1.19/**1.22-3.33+*-(9.91-6.56)-2.97+7.6/1.61+0.45*3.75*5.54,4.24*6.2+1.19/**1.22-3.33+*-(9.91-6.56)-2.97+7.6/1.61+0.45*3.75*5.54,True
3.67-4.72-8.53/8.46/(9.77/7.99)/4.78+2.33/0.65-3.97*7.73/5.47-(8.45*9.39)+9.22,3.67-4.72-8.53/8.46/(9.77/7.99)/4.78+2.33/0.65-3.97*7.73/5.47-(8.45*9.39)+9.22,False
(7.97/-+3.09*5.41+5.72-(7.2+4.09)*3.97-2.51/4.65)*5.46+++8.55-2.43-0.43,(7.97/-+3.09*5.41+5.72-(7.2+4.09)*3.97-2.51/4.65)*5.46+++8.55-2.43-0.43,False
6.36/7.19/(7.94-2.34-8.83-(9.65-7.07+6.43)*0.07-(4.51*6.75)+(9.88+(0.72*1.76*1.89))),6.36/7.19/(7.94-2.34-8.83-(9.65-7.07+6.43)*0.07-(4.51*6.75)+(9.88+(0.72*1.76*1.89))),False
(4.82*6.09*9.21/1.81+2.29)*(0.1+0.48+(1.12+(9.98-6.22-7.46*(0.32-2.27-(5.45/(1.8)))))),(4.82*6.09*9.21/1.81+2.29)*(0.1+0.48+(1.12+(9.98-6.22-7.46*(0.32-2.27-(5.45/(1.8)))))),True
9.1/9.22+0.59-(5.6-(--8.7-1.59)+(9.22/9.43)+6.77+6.81/(3.36*8.95/2.34*3.54)),9.1/9.22+0.59-(5.6-(--8.7-1.59)+(9.22/9.43)+6.77+6.81/(3.36*8.95/2.34*3.54)),True
3.29+*-6.91+0.27-4.8*3.74-4.3+5.62+(++5.35++-5.39+4.33+(7.44*5.85)),3.29+*-6.91+0.27-4.8*3.74-4.3+5.62+(++5.35++-5.39+4.33+(7.44*5.85)),False
0.54+2.34/7.66-8.42/9.21*(3.32*(6.87/(6.17*7.45)+1.43-3.04-9.98+3.0)/6.18+2.7),0.54+2.34/7.66-8.42/9.21*(3.32*(6.87/(6.17*7.45)+1.43-3.04-9.98+3.0)/6.18+2.7),False
6.99+9.51-5.87/2.73-2.47/9.01++/8.35/1.91+(1.35*4.5/2.85/1.89-6.49)*4.03,6.99+9.51-5.87/2.73-2.47/9.01++/8.35/1.91+(1.35*4.5/2.85/1.89-6.49)*4.03,True
4.97*1.74*3.81+0.29+/-(4.76/(9.48+(0.88-4.77*-+(4.21-9.12-0.23*8.01-0.19)))),4.97*1.74*3.81+0.29+/-(4.76/(9.48+(0.88-4.77*-+(4.21-9.12-0.23*8.01-0.19)))),True
0.36-(5.98/2.74*4.39)/7.06+3.49-*+8.27/1.46-4.47+0.36-0.16+2.2-(0.5-9.62),0.36-(5.98/2.74*4.39)/7.06+3.49-*+8.27/1.46-4.47+0.36-0.16+2.2-(0.5-9.62),False
1.57*0.99+3.2+(8.5*9.96/4.59)+(1.41*6.68+1.09*(3.58+9.53+8.01-3.55)*7.27*(3.13)),1.57*0.99+3.2+(8.5*9.96/4.59)+(1.41*6.68+1.09*(3.58+9.53+8.01-3.55)*7.27*(3.13)),True
1.87-0.99*1.75/4.08*7.35-0.52+9.45*-*2.3/0.93-2.95+(6.25-(5.59-6.54+(1.91))),1.87-0.99*1.75/4.08*7.35-0.52+9.45*-*2.3/0.93-2.95+(6.25-(5.59-6.54+(1.91))),False
2.44-6.64+7.19*-*9.93*(0.82/0.43-0.76+9.25//-2.78/(6.28*0.63/7.95*0.37)),2.44-6.64+7.19*-*9.93*(0.82/0.43-0.76+9.25//-2.78/(6.28*0.63/7.95*0.37)),False
(6.46*8.21*4.18/(7.65+(7.32-9.99-6.7+0.32)/(7.69/3.5*3.73)-0.06)/7.18/8.13*6.6),(6.46*8.21*4.18/(7.65+(7.32-9.99-6.7+0.32)/(7.69/3.5*3.73)-0.06)/7.18/8.13*6.6),True
8.93+9.52-7.24/2.44*4.57*0.5*(1.76*2.22+6.06+(9.94+1.96-(6.58+8.86*4.36-7.31))),8.93+9.52-7.24/2.44*4.57*0.5*(1.76*2.22+6.06+(9.94+1.96-(6.58+8.86*4.36-7.31))),False
1.19+8.39+0.15+3.2-9.65-(3.51/6.23)+1.78*--9.85-6.07+4.59-7.62-(4.34+5.13),1.19+8.39+0.15+3.2-9.65-(3.51/6.23)+1.78*--9.85-6.07+4.59-7.62-(4.34+5.13),False
5.54/(8.36-5.6-5.68)+(8.57/(1.31+0.35*(2.7*4.6+2.88-1.25-7.16/0.07++*2.78))),5.54/(8.36-5.6-5.68)+(8.57/(1.31+0.35*(2.7*4.6+2.88-1.25-7.16/0.07++*2.78))),True
7.79-4.03-0.48-2.15*//+-1.37-7.46*5.26-0.65-3.21+1.82/2.98-9.74-8.58,7.79-4.03-0.48-2.15*//+-1.37-7.46*5.26-0.65-3.21+1.82/2.98-9.74-8.58,False
(6.99-8.43-6.33+8.81/3.33*2.29+(5.76*9.7-(1.91/3.99*4.62/5.88)-9.56)+3.78*7.3),(6.99-8.43-6.33+8.81/3.33*2.29+(5.76*9.7-(1.91/3.99*4.62/5.88)-9.56)+3.78*7.3),True
5.02/9.68/1.5*8.88/(9.34*4.49*3.45+5.81/4.77-9.15*(1.05*1.25-*)-6.48-8.69),5.02/9.68/1.5*8.88/(9.34*4.49*3.45+5.81/4.77-9.15*(1.05*1.25-*)-6.48-8.69),False
7.32/4.57*0.12+7.96+9.49*7.33*(1.11+(6.22+9.87*8.71*6.46*(2.68/8.56-1.69)*(7.09))),7.32/4.57*0.12+7.96+9.49*7.33*(1.11+(6.22+9.87*8.71*6.46*(2.68/8.56-1.69)*(7.09))),False
1.14*(2.18*5.82-6.99+4.35+0.76+3.87*5.51-6.53*8.28*8.46/7.53-(5.49+0.55/8.74)),1.14*(2.18*5.82-6.99+4.35+0.76+3.87*5.51-6.53*8.28*8.46/7.53-(5.49+0.55/8.74)),True
7.23/8.65+--9.29*(9.1/6.38)*7.63+(0.93-1.04-(9.57+3.67*-*5.6-(9.84/4.11))),7.23/8.65+--9.29*(9.1/6.38)*7.63+(0.93-1.04-(9.57+3.67*-*5.6-(9.84/4.11))),False
(9.17*(+*8.03)-7.09)+5.3-2.77/3.35+1.26+9.07-5.38-1.75/3.61+//4.09-6.8,(9.17*(+*8.03)-7.09)+5.3-2.77/3.35+1.26+9.07-5.38-1.75/3.61+//4.09-6.8,False
6.5+1.02-8.07*0.82*3.35+0.22/3.94*3.88*//4.7-4.97+5.42-(1.64+3.97-1.04),6.5+1.02-8.07*0.82*3.35+0.22/3.94*3.88*//4.7-4.97+5.42-(1.64+3.97-1.04),False
8.74/(7.56-9.89/4.8*(5.51-6.29-5.35*4.53)*2.55+0.99*7.95-2.14/3.05-8.56/(8.22)),8.74/(7.56-9.89/4.8*(5.51-6.29-5.35*4.53)*2.55+0.99*7.95-2.14/3.05-8.56/(8.22)),False
5.03*0.6/7.57*7.04*9.63-(4.87*2.93*9.92*3.19+8.2*1.44/(3.03+0.51*3.79+1.62)),5.03*0.6/7.57*7.04*9.63-(4.87*2.93*9.92*3.19+8.2*1.44/(3.03+0.51*3.79+1.62)),False
(8.78+3.76*8.52-5.86+4.74+(0.16+2.16)*2.16-(9.36+4.72+7.54+(6.83+1.36*7.31/4.55))),(8.78+3.76*8.52-5.86+4.74+(0.16+2.16)*2.16-(9.36+4.72+7.54+(6.83+1.36*7.31/4.55))),True
7.76-7.48+6.15-7.38+(8.62-8.81-2.16)/1.35/9.44/0.79/5.07/4.37*3.78+2.28*7.46,7.76-7.48+6.15-7.38+(8.62-8.81-2.16)/1.35/9.44/0.79/5.07/4.37*3.78+2.28*7.46,False
5.41+3.84+4.51-6.23/4.36*(2.96*3.61+7.85)-7.91-7.44/3.95+2.49/9.87/0.48-2.83,5.41+3.84+4.51-6.23/4.36*(2.96*3.61+7.85)-7.91-7.44/3.95+2.49/9.87/0.48-2.83,False
4.61-2.41*9.2*2.19/9.81*+/1.15+2.93+7.49*2.79-3.09*6.66+3.86+4.31*2.41,4.61-2.41*9.2*2.19/9.81*+/1.15+2.93+7.49*2.79-3.09*6.66+3.86+4.31*2.41,False
2.36*4.04-8.87-9.9/1.57-(9.75+*-0.95*4.98/(8.45+2.31-5.76/6.19*(8.65+(6.43)))),2.36*4.04-8.87-9.9/1.57-(9.75+*-0.95*4.98/(8.45+2.31-5.76/6.19*(8.65+(6.43)))),False
(5.1-0.97*0.21/2.36/9.87+8.74+3.32*1.36+4.9-8.11-5.46)+*/1.71**-7.7,(5.1-0.97*0.21/2.36/9.87+8.74+3.32*1.36+4.9-8.11-5.46)+*/1.71**-7.7,False
8.8*(3.37+2.96-6.29*6.53)/2.69-5.55+1.12+7.16-**6.68/0.37*4.39///9.09,8.8*(3.37+2.96-6.29*6.53)/2.69-5.55+1.12+7.16-**6.68/0.37*4.39///9.09,False
4.24+2.9*0.36+*+5.17*3.36/8.07+9.62+(6.54-9.11+0.17-0.55)*3.12*2.19+1.2,4.24+2.9*0.36+*+5.17*3.36/8.07+9.62+(6.54-9.11+0.17-0.55)*3.12*2.19+1.2,True
(7.8/1.4/5.44-0.11*5.87-6.61-8.88/4.47*(2.23-1.08*/*7.74)+2.22-5.86-9.58),(7.8/1.4/5.44-0.11*5.87-6.61-8.88/4.47*(2.23-1.08*/*7.74)+2.22-5.86-9.58),False
0.04*3.0/5.94*(9.02/(4.75*8.62/4.57/(0.3-(2.14+0.81)+(2.21*6.33+0.74)/6.12/0.79))),0.04*3.0/5.94*(9.02/(4.75*8.62/4.57/(0.3-(2.14+0.81)+(2.21*6.33+0.74)/6.12/0.79))),True
3.99*(7.6*3.56-0.11)/(9.3-8.59/7.06)-(7.63-4.67-(8.68*4.34-9.47+0.75+2.89-6.98)),3.99*(7.6*3.56-0.11)/(9.3-8.59/7.06)-(7.63-4.67-(8.68*4.34-9.47+0.75+2.89-6.98)),False
2.07+2.83+4.35*9.88-2.1+(7.88-(8.54-(3.87-0.24+4.44+3.37)*5.88)-(2.22*8.28*5.02)),2.07+2.83+4.35*9.88-2.1+(7.88-(8.54-(3.87-0.24+4.44+3.37)*5.88)-(2.22*8.28*5.02)),True
4.33/5.3-4.83-4.29+1.65-(8.38*6.95/(+/7.2)-4.85+6.32-0.51/6.96+8.91/0.4),4.33/5.3-4.83-4.29+1.65-(8.38*6.95/(+/7.2)-4.85+6.32-0.51/6.96+8.91/0.4),False
4.77+8.55-5.18/7.67-8.29-6.26+8.38*2.01*3.56-0.6*(7.03/2.99+(8.35/0.45+3.0)),4.77+8.55-5.18/7.67-8.29-6.26+8.38*2.01*3.56-0.6*(7.03/2.99+(8.35/0.45+3.0)),False
(7.68*4.17-7.85+9.42)*9.29+8.14*7.52+7.93*3.02+5.25-8.59/1.22*3.64+0.54/*,(7.68*4.17-7.85+9.42)*9.29+8.14*7.52+7.93*3.02+5.25-8.59/1.22*3.64+0.54/*,False
2.8-8.22*(3.49*6.95-8.41+1.18-7.32)/(2.45+4.13+9.75-+/9.42-6.22)+5.05-9.14,2.8-8.22*(3.49*6.95-8.41+1.18-7.32)/(2.45+4.13+9.75-+/9.42-6.22)+5.05-9.14,True
2.24+2.24+//(9.63/7.93)/(5.07/1.62+//6.45/6.42/3.89)+(7.14/5.04-0.51/5.68),2.24+2.24+//(9.63/7.93)/(5.07/1.62+//6.45/6.42/3.89)+(7.14/5.04-0.51/5.68),False
6.83+5.5+3.55+3.22-8.61-2.15+(0.53*4.29+8.41*(3.21+*/2.74+9.5*7.79/6.13)),6.83+5.5+3.55+3.22-8.61-2.15+(0.53*4.29+8.41*(3.21+*/2.74+9.5*7.79/6.13)),False
7.68-0.15*4.48+7.13/9.0-(/-1.23/3.86+3.31+1.98-(7.47*3.31/7.53*9.88+9.18)),7.68-0.15*4.48+7.13/9.0-(/-1.23/3.86+3.31+1.98-(7.47*3.31/7.53*9.88+9.18)),True
9.6-7.65*(4.32+(1.59/6.13+1.35)*(/*7.77+1.34+8.29*3.06-7.17-6.62)*2.86)-9.38,9.6-7.65*(4.32+(1.59/6.13+1.35)*(/*7.77+1.34+8.29*3.06-7.17-6.62)*2.86)-9.38,False
1.76+7.77+6.18*(7.85/3.11+*+7.89-0.05)+9.46*4.93*1.55/4.36-1.68/(5.87*0.52),1.76+7.77+6.18*(7.85/3.11+*+7.89-0.05)+9.46*4.93*1.55/4.36-1.68/(5.87*0.52),True
0.08/(4.57+1.72/5.03*5.85)/6.9*5.96/0.32/(--5.9-5.6/+)/(6.4+(5.34*8.95)),0.08/(4.57+1.72/5.03*5.85)/6.9*5.96/0.32/(--5.9-5.6/+)/(6.4+(5.34*8.95)),False
8.04--/(7.61+3.6)*5.1-(6.37*5.36)/0.35/5.64*(7.38*(1.34*1.27*4.48/0.14-(6.41))),8.04--/(7.61+3.6)*5.1-(6.37*5.36)/0.35/5.64*(7.38*(1.34*1.27*4.48/0.14-(6.41))),True
9.41-0.78*+/7.04*8.91-1.71+6.94+1.46/3.83+(0.6*1.14*8.47-2.25)-5.99*5.66,9.41-0.78*+/7.04*8.91-1.71+6.94+1.46/3.83+(0.6*1.14*8.47-2.25)-5.99*5.66,False
3.44*6.31+3.99*0.36-5.96+4.78+4.53+(6.66+(4.98-3.85+0.71-6.99)+3.33*(2.22+9.59)),3.44*6.31+3.99*0.36-5.96+4.78+4.53+(6.66+(4.98-3.85+0.71-6.99)+3.33*(2.22+9.59)),True
5.17*2.68+5.0/9.59*7.79*6.93*8.79*3.06-5.26/3.72+5.42*4.73-2.4*7.65+(7.22),5.17*2.68+5.0/9.59*7.79*6.93*8.79*3.06-5.26/3.72+5.42*4.73-2.4*7.65+(7.22),True
2.9-8.27-6.49/(4.37+5.89-3.89-6.27+9.01-1.69*2.92+7.5*4.22-3.25*9.42*0.72),2.9-8.27-6.49/(4.37+5.89-3.89-6.27+9.01-1.69*2.92+7.5*4.22-3.25*9.42*0.72),False
3.03/4.07*(0.39/4.18+(0.16*0.86/0.78+6.65)-(2.95+(9.25*6.2+4.42*4.52/6.88)*0.32)),3.03/4.07*(0.39/4.18+(0.16*0.86/0.78+6.65)-(2.95+(9.25*6.2+4.42*4.52/6.88)*0.32)),False
(5.26/(9.1/7.2/3.45-5.29-0.09/0.23*1.23+(5.07-4.63+9.07)/3.9)/7.56-6.94**),(5.26/(9.1/7.2/3.45-5.29-0.09/0.23*1.23+(5.07-4.63+9.07)/3.9)/7.56-6.94**),True
0.69+1.01/8.25+9.17*2.32-4.36/8.45+1.02-(5.54*3.41)*(2.44+(7.88*(0.86+0.94)/2.08)),0.69+1.01/8.25+9.17*2.32-4.36/8.45+1.02-(5.54*3.41)*(2.44+(7.88*(0.86+0.94)/2.08)),True
1.7*(5.92*8.4/7.0/4.66-3.91*9.34)*4.39/4.43*9.05+6.01/2.29-5.6*(1.94-8.43),1.7*(5.92*8.4/7.0/4.66-3.91*9.34)*4.39/4.43*9.05+6.01/2.29-5.6*(1.94-8.43),True
7.82-5.72+*-9.14/(5.06*0.62//-(7.13*(7.36/2.39-4.58/7.77/1.99*(5.33-0.37)))),7.82-5.72+*-9.14/(5.06*0.62//-(7.13*(7.36/2.39-4.58/7.77/1.99*(5.33-0.37)))),False
5.21-7.43-3.17/(3.41+0.96-(2.75+7.63)+7.62+4.25)/7.57*/*2.72*//3.18-8.15,5.21-7.43-3.17/(3.41+0.96-(2.75+7.63)+7.62+4.25)/7.57*/*2.72*//3.18-8.15,False
4.0/5.98*5.3/--2.83*7.02*5.34/1.95-7.82-6.38/(8.61/(4.08/0.66+(0.43+2.51))),4.0/5.98*5.3/--2.83*7.02*5.34/1.95-7.82-6.38/(8.61/(4.08/0.66+(0.43+2.51))),False
(1.68-7.81)-8.42/(8.28*2.54/1.78-7.87)+(1.87/6.51*1.83-1.6+0.69+5.06/5.74*4.79),(1.68-7.81)-8.42/(8.28*2.54/1.78-7.87)+(1.87/6.51*1.83-1.6+0.69+5.06/5.74*4.79),False
+-4.79*2.79+(6.77*0.58*5.46/3.13-9.15/0.38-0.48*6.02+8.72*5.25+*/0.65),+-4.79*2.79+(6.77*0.58*5.46/3.13-9.15/0.38-0.48*6.02+8.72*5.25+*/0.65),False
3.26+1.95/3.15/6.86***6.91*1.9/5.22*(7.81-0.29/(7.27+8.16+3.37*8.76*9.29)),3.26+1.95/3.15/6.86***6.91*1.9/5.22*(7.81-0.29/(7.27+8.16+3.37*8.76*9.29)),True
9.76-7.66+2.77+7.94+(7.5+(6.73*9.88*(2.14*9.99*8.75)*6.57/5.51*4.32*1.0+7.03)),9.76-7.66+2.77+7.94+(7.5+(6.73*9.88*(2.14*9.99*8.75)*6.57/5.51*4.32*1.0+7.03)),True
5.31-2.74+3.27*3.0*1.46**-++4.28-1.37/5.13/4.07*4.49+7.69*7.33+2.74,5.31-2.74+3.27*3.0*1.46**-++4.28-1.37/5.13/4.07*4.49+7.69*7.33+2.74,True
0.67*7.38*(5.89-0.38*2.69-5.5)*4.95-0.11+3.05-6.68+7.61+6.1/2.44*//1.87,0.67*7.38*(5.89-0.38*2.69-5.5)*4.95-0.11+3.05-6.68+7.61+6.1/2.44*//1.87,True
3.89/5.81*0.27-1.05/3.77*3.45+1.42+(1.95/(1.75*(0.73+5.14-3.8)/2.85)+7.29/3.26),3.89/5.81*0.27-1.05/3.77*3.45+1.42+(1.95/(1.75*(0.73+5.14-3.8)/2.85)+7.29/3.26),False
1.83+0.06/0.53+5.02*1.89-2.5/4.85+1.72*0.14+(0.12+4.04+(0.58*5.13+8.12/(8.62))),1.83+0.06/0.53+5.02*1.89-2.5/4.85+1.72*0.14+(0.12+4.04+(0.58*5.13+8.12/(8.62))),True
8.96-(0.35/8.81/9.44+4.32*7.71*9.19+3.66*7.37-0.44)*7.26/5.02-0.65+1.71/(0.5),8.96-(0.35/8.81/9.44+4.32*7.71*9.19+3.66*7.37-0.44)*7.26/5.02-0.65+1.71/(0.5),True
(5.2-9.88+1.95+6.21)*(0.04-5.47*0.96/1.29/(1.89+(7.83-5.24/9.13*(1.4*(9.66/7.23))))),(5.2-9.88+1.95+6.21)*(0.04-5.47*0.96/1.29/(1.89+(7.83-5.24/9.13*(1.4*(9.66/7.23))))),True
7.22*7.54+3.88/(9.4-7.19+3.97-9.84)/6.88+(8.97+0.16)/7.82/(7.73-(6.17-*/2.16)),7.22*7.54+3.88/(9.4-7.19+3.97-9.84)/6.88+(8.97+0.16)/7.82/(7.73-(6.17-*/2.16)),True
3.67*(5.57-8.29/4.12+(0.86*9.85-4.67)*3.46/5.17+4.84-3.39/0.22/4.22/0.8*1.06),3.67*(5.57-8.29/4.12+(0.86*9.85-4.67)*3.46/5.17+4.84-3.39/0.22/4.22/0.8*1.06),True
(4.0-(4.28-1.13/3.43-2.23+6.46*9.86)+8.16)/7.88/(7.23/7.42/4.92)/7.24-(9.37+0.96),(4.0-(4.28-1.13/3.43-2.23+6.46*9.86)+8.16)/7.88/(7.23/7.42/4.92)/7.24-(9.37+0.96),False
9.04+9.69*2.41+**(1.54/(9.56+8.84+9.07/6.28+(3.28-6.02*7.78*3.76*4.77*7.86))),9.04+9.69*2.41+**(1.54/(9.56+8.84+9.07/6.28+(3.28-6.02*7.78*3.76*4.77*7.86))),True
3.2/7.68+5.32*(2.3/3.55/9.55-9.88-5.44+(7.96/4.35/(0.5+9.84*5.67/6.43/4.35))),3.2/7.68+5.32*(2.3/3.55/9.55-9.88-5.44+(7.96/4.35/(0.5+9.84*5.67/6.43/4.35))),False
(3.29/2.54/1.89)/-+1.06/1.4+8.98-1.51+3.71/7.09+(2.01-7.19+1.89+9.02-2.47),(3.29/2.54/1.89)/-+1.06/1.4+8.98-1.51+3.71/7.09+(2.01-7.19+1.89+9.02-2.47),False
3.07*7.43/(7.6-8.71)-3.13/2.14-0.06-6.53/4.05-4.58-8.48/7.45*3.22/8.07/6.85,3.07*7.43/(7.6-8.71)-3.13/2.14-0.06-6.53/4.05-4.58-8.48/7.45*3.22/8.07/6.85,True
(0.04-(6.53+3.68+1.76*2.5-2.11)/1.47)-8.72*5.7+7.1/9.7///(5.78-8.56-3.76),(0.04-(6.53+3.68+1.76*2.5-2.11)/1.47)-8.72*5.7+7.1/9.7///(5.78-8.56-3.76),True
(4.34+4.77+2.77/2.39/4.68/9.37-1.62*6.48/6.63/7.35/8.98+(9.61+6.18*7.26)-7.7),(4.34+4.77+2.77/2.39/4.68/9.37-1.62*6.48/6.63/7.35/8.98+(9.61+6.18*7.26)-7.7),True
(-*9.47/5.29+4.44-3.38*(1.34-5.4-2.41)*5.93)*5.35+3.62/2.44-(6.82/2.07*4.22),(-*9.47/5.29+4.44-3.38*(1.34-5.4-2.41)*5.93)*5.35+3.62/2.44-(6.82/2.07*4.22),False
6.73-1.53/1.1*1.95-6.23+7.23+(5.28/(2.8*7.0+4.59+1.06/6.25)*-)+0.26/(4.11),6.73-1.53/1.1*1.95-6.23+7.23+(5.28/(2.8*7.0+4.59+1.06/6.25)*-)+0.26/(4.11),True
1.76-2.97+9.84+(4.67/(6.7+6.38+4.61+8.87*8.08*3.54)*7.61*7.52/7.54+--2.3),1.76-2.97+9.84+(4.67/(6.7+6.38+4.61+8.87*8.08*3.54)*7.61*7.52/7.54+--2.3),True
7.4-(1.85/0.74)/0.76/7.71/7.72-9.77/5.81/*+7.51*4.19-5.39+9.16*(0.98+9.21),7.4-(1.85/0.74)/0.76/7.71/7.72-9.77/5.81/*+7.51*4.19-5.39+9.16*(0.98+9.21),True
7.67/9.24*3.65*2.46+0.22+0.73+7.87-6.91/9.12-4.45+4.92--/7.93*5.25*4.46,7.67/9.24*3.65*2.46+0.22+0.73+7.87-6.91/9.12-4.45+4.92--/7.93*5.25*4.46,False
(1.09-7.91/1.74)*(5.28*7.42+7.04-7.07+6.45*(3.49-1.24*2.44-(0.81+9.54+0.84/0.23))),(1.09-7.91/1.74)*(5.28*7.42+7.04-7.07+6.45*(3.49-1.24*2.44-(0.81+9.54+0.84/0.23))),True
5.91+3.01-3.69/8.85-0.39*7.23/0.46*8.97-1.08/2.16+4.33+7.38+(2.76*9.98)*5.28,5.91+3.01-3.69/8.85-0.39*7.23/0.46*8.97-1.08/2.16+4.33+7.38+(2.76*9.98)*5.28,False
0.42+++2.46-7.3*8.9-0.12-8.81+(1.72-6.66*7.33-8.84-0.78+7.64)/6.68*7.85,0.42+++2.46-7.3*8.9-0.12-8.81+(1.72-6.66*7.33-8.84-0.78+7.64)/6.68*7.85,True
4.24/9.43/-*4.29/(0.05*5.98)*4.63/8.81/2.39/5.8/0.58+1.88/(7.08/(3.46-9.36)),4.24/9.43/-*4.29/(0.05*5.98)*4.63/8.81/2.39/5.8/0.58+1.88/(7.08/(3.46-9.36)),False
3.15*8.76/2.9*4.89/(2.25-6.04*(2.72/+*8.82*(6.33-(1.94/4.04/(0.21-4.73)+3.17)))),3.15*8.76/2.9*4.89/(2.25-6.04*(2.72/+*8.82*(6.33-(1.94/4.04/(0.21-4.73)+3.17)))),True
6.44*0.61*(/+6.41)/(3.19*(7.87*3.56)*7.12-3.2*2.78)-5.09-7.32+(9.96-7.78/3.47),6.44*0.61*(/+6.41)/(3.19*(7.87*3.56)*7.12-3.2*2.78)-5.09-7.32+(9.96-7.78/3.47),True
5.3/3.91+4.7*8.7/1.26-2.33*5.9/0.07*4.28/(1.55-(8.32-8.05+8.32*7.73-5.36)),5.3/3.91+4.7*8.7/1.26-2.33*5.9/0.07*4.28/(1.55-(8.32-8.05+8.32*7.73-5.36)),False
0.17-9.5//-(7.0+6.96*7.25-4.75+2.38//-2.83)+8.21+8.2*(6.66+(6.45+8.92)),0.17-9.5//-(7.0+6.96*7.25-4.75+2.38//-2.83)+8.21+8.2*(6.66+(6.45+8.92)),False
6.55*8.49+7.22/5.26*5.94/2.35*4.36*0.35*5.91*7.74-(3.38*7.4-5.9*(6.36/5.76)),6.55*8.49+7.22/5.26*5.94/2.35*4.36*0.35*5.91*7.74-(3.38*7.4-5.9*(6.36/5.76)),True
3.22-(8.27/(4.72+4.29-3.68/5.35/6.09/9.19/1.13*4.88)/1.51)+5.18/0.8+5.07/5.04,3.22-(8.27/(4.72+4.29-3.68/5.35/6.09/9.19/1.13*4.88)/1.51)+5.18/0.8+5.07/5.04,True
3.65+0.47/5.78/(8.13-2.47-(5.33/8.39+*-2.47-(4.19*2.79*3.37)/4.39-5.41-2.1)),3.65+0.47/5.78/(8.13-2.47-(5.33/8.39+*-2.47-(4.19*2.79*3.37)/4.39-5.41-2.1)),False
2.09-6.91+9.98-(4.64*1.38*(1.56/9.64)+2.34+5.03)+-/6.61+5.36*(6.37/2.63-5.41),2.09-6.91+9.98-(4.64*1.38*(1.56/9.64)+2.34+5.03)+-/6.61+5.36*(6.37/2.63-5.41),True
6.48/(1.76-4.47-3.32-3.93)/(6.41+9.24+8.07)+1.35-(8.69+0.67+1.45/5.53+0.58/4.27),6.48/(1.76-4.47-3.32-3.93)/(6.41+9.24+8.07)+1.35-(8.69+0.67+1.45/5.53+0.58/4.27),True
3.56-7.88/9.55*5.8*1.27-**5.57+3.66-4.47-4.89/9.52-(4.07*(6.23+6.34-4.73)),3.56-7.88/9.55*5.8*1.27-**5.57+3.66-4.47-4.89/9.52-(4.07*(6.23+6.34-4.73)),True
7.67*10.0/7.98-2.88+/*0.53+1.05+6.22/(8.26+1.64/1.5/-/1.71-6.61/(2.59)),7.67*10.0/7.98-2.88+/*0.53+1.05+6.22/(8.26+1.64/1.5/-/1.71-6.61/(2.59)),False
(2.37-6.73-1.97)*/+4.12*(1.88+7.86-6.17/6.46-4.52*/-2.87+5.82+(7.55/5.76)),(2.37-6.73-1.97)*/+4.12*(1.88+7.86-6.17/6.46-4.52*/-2.87+5.82+(7.55/5.76)),False
6.84/4.94+(8.04/5.21*(5.67*0.77)+(4.31*1.18/(8.56*(4.52/6.01/8.85)+5.27)*3.05+(1.85))),6.84/4.94+(8.04/5.21*(5.67*0.77)+(4.31*1.18/(8.56*(4.52/6.01/8.85)+5.27)*3.05+(1.85))),True
2.74+4.69*(7.69*4.59-6.0/7.84/0.16/2.46+9.05*7.88-1.17*8.76**-8.66/9.15),2.74+4.69*(7.69*4.59-6.0/7.84/0.16/2.46+9.05*7.88-1.17*8.76**-8.66/9.15),True
8.24*(6.81*4.58-7.75/7.57/9.49-5.63*1.25-(*+8.84/3.82/0.43-9.86)-9.21)*6.22,8.24*(6.81*4.58-7.75/7.57/9.49-5.63*1.25-(*+8.84/3.82/0.43-9.86)-9.21)*6.22,False
10.0-(9.7/3.25+(7.99-1.45+1.14*6.77*(4.76+(3.35/7.51+3.02*6.82-0.19-2.24+(8.13))))),10.0-(9.7/3.25+(7.99-1.45+1.14*6.77*(4.76+(3.35/7.51+3.02*6.82-0.19-2.24+(8.13))))),True
(2.31-4.39)/(8.88--+9.96+0.86*6.86*(0.55-4.48)/6.69/6.89-2.92/7.18*8.03/8.36),(2.31-4.39)/(8.88--+9.96+0.86*6.86*(0.55-4.48)/6.69/6.89-2.92/7.18*8.03/8.36),True
9.17+(3.95+4.69-/-2.23/6.5/5.72/2.12/1.04-6.59*8.31-8.53)/1.45*1.42-7.55,9.17+(3.95+4.69-/-2.23/6.5/5.72/2.12/1.04-6.59*8.31-8.53)/1.45*1.42-7.55,False
8.95-5.55-8.0/2.94-1.37+4.25/(5.12/3.62/8.87/4.78)*7.81/0.47-4.81+5.93*(5.91),8.95-5.55-8.0/2.94-1.37+4.25/(5.12/3.62/8.87/4.78)*7.81/0.47-4.81+5.93*(5.91),True
5.43+8.62/6.8-(*+0.85*(9.47-(7.16*1.96+5.8-3.54+(6.66/6.1-6.03+7.89-0.99)))),5.43+8.62/6.8-(*+0.85*(9.47-(7.16*1.96+5.8-3.54+(6.66/6.1-6.03+7.89-0.99)))),True
4.44/8.01/3.05+3.89/-/4.93*4.11*(2.51*0.24/0.08/6.16*1.73/(0.77-1.55+3.01)),4.44/8.01/3.05+3.89/-/4.93*4.11*(2.51*0.24/0.08/6.16*1.73/(0.77-1.55+3.01)),False
2.77*(2.42*9.62-0.96*(1.26*9.46-9.06*2.97/1.46*5.1)+7.38+(-*1.3/8.19-(3.92))),2.77*(2.42*9.62-0.96*(1.26*9.46-9.06*2.97/1.46*5.1)+7.38+(-*1.3/8.19-(3.92))),False
3.88/3.41*2.23-8.23+1.3+7.9/0.78-0.06*(3.45+(3.82/2.31)*3.53+6.28-8.43)-3.74,3.88/3.41*2.23-8.23+1.3+7.9/0.78-0.06*(3.45+(3.82/2.31)*3.53+6.28-8.43)-3.74,True
5.17**/2.71-6.51/5.41*1.38+1.0*5.98+4.33+(5.39+5.62)+5.65+0.4*(0.42-1.24),5.17**/2.71-6.51/5.41*1.38+1.0*5.98+4.33+(5.39+5.62)+5.65+0.4*(0.42-1.24),False
8.77*6.78/9.0+(8.94/8.78**-7.44-5.66)+7.2/9.41*5.58/5.05*8.0-4.81*3.89,8.77*6.78/9.0+(8.94/8.78**-7.44-5.66)+7.2/9.41*5.58/5.05*8.0-4.81*3.89,False
3.82+0.32-2.26/7.32/(3.32+4.66/0.42)*(3.18/(1.19-8.99)+7.58+(**4.18*5.34+7.87)),3.82+0.32-2.26/7.32/(3.32+4.66/0.42)*(3.18/(1.19-8.99)+7.58+(**4.18*5.34+7.87)),False
6.27+9.0*8.43-6.95/0.67/6.0*3.9*7.82*3.02+3.05+9.24+/*4.29*0.22*0.13,6.27+9.0*8.43-6.95/0.67/6.0*3.9*7.82*3.02+3.05+9.24+/*4.29*0.22*0.13,True
0.58-0.19-(8.77-6.15/2.09*4.56-5.82/0.11-7.71/1.51/5.79+7.93+1.41/0.87/0.27),0.58-0.19-(8.77-6.15/2.09*4.56-5.82/0.11-7.71/1.51/5.79+7.93+1.41/0.87/0.27),True
8.48/1.31-7.17/8.26/5.8-(8.89+3.59+6.8/6.84-4.11/1.27)*(9.32/5.08)+1.74+0.78,8.48/1.31-7.17/8.26/5.8-(8.89+3.59+6.8/6.84-4.11/1.27)*(9.32/5.08)+1.74+0.78,True
(3.58/3.31-5.62-2.16-7.35+(1.16+5.39/(7.98-5.17-(7.52+4.95/2.45)*5.05/6.63/9.89))),(3.58/3.31-5.62-2.16-7.35+(1.16+5.39/(7.98-5.17-(7.52+4.95/2.45)*5.05/6.63/9.89))),False
1.58-9.21*(0.55-6.2-1.06/(2.82-9.58-(6.29+0.83-1.31-6.65+4.17)+9.12-0.89/0.99)),1.58-9.21*(0.55-6.2-1.06/(2.82-9.58-(6.29+0.83-1.31-6.65+4.17)+9.12-0.89/0.99)),True
8.42-3.33+3.12+2.69*1.23/4.62*1.84*(0.88+4.62*3.21)/+-8.85/7.99/9.82+-,8.42-3.33+3.12+2.69*1.23/4.62*1.84*(0.88+4.62*3.21)/+-8.85/7.99/9.82+-,False
5.79+9.94/5.5*(7.22/(0.12/5.54*1.92/3.87/5.22*(3.52/5.46//+5.15/2.99/9.84))),5.79+9.94/5.5*(7.22/(0.12/5.54*1.92/3.87/5.22*(3.52/5.46//+5.15/2.99/9.84))),True
0.35*6.99+8.11-5.0*6.85+6.73/1.58-8.04*(2.43*9.21-2.58+5.48)-8.51+9.22+3.93,0.35*6.99+8.11-5.0*6.85+6.73/1.58-8.04*(2.43*9.21-2.58+5.48)-8.51+9.22+3.93,True
3.42-1.08/8.0/0.57*6.78/3.79+6.57-6.77+6.0/(7.95+5.05)+(0.87/1.68/-)/5.96,3.42-1.08/8.0/0.57*6.78/3.79+6.57-6.77+6.0/(7.95+5.05)+(0.87/1.68/-)/5.96,False
6.99*3.88+*-(0.21/2.58)/2.96-3.3*9.82-7.59+1.02-1.54*3.65*6.33/5.33-9.63,6.99*3.88+*-(0.21/2.58)/2.96-3.3*9.82-7.59+1.02-1.54*3.65*6.33/5.33-9.63,False
2.01*7.5/3.1*2.41-4.02+2.31/8.68-7.49/3.69/9.51/0.16-8.82/8.04-(2.59-6.17),2.01*7.5/3.1*2.41-4.02+2.31/8.68-7.49/3.69/9.51/0.16-8.82/8.04-(2.59-6.17),True
5.98-9.39*9.25+(1.07+0.74)*5.59+//*/8.96-1.89-/-6.94/8.11+8.46/2.3,5.98-9.39*9.25+(1.07+0.74)*5.59+//*/8.96-1.89-/-6.94/8.11+8.46/2.3,False
4.59/3.02-6.31/*/6.15+(7.99/1.08-3.67/9.64/2.27/4.32-2.1+5.6)+9.84*2.12,4.59/3.02-6.31/*/6.15+(7.99/1.08-3.67/9.64/2.27/4.32-2.1+5.6)+9.84*2.12,False
(7.96/(3.71/5.27+(8.17-(9.52-9.18-(9.71*0.84/2.69)*(//(3.53+(5.19*6.78-0.35*2.47))))))),(7.96/(3.71/5.27+(8.17-(9.52-9.18-(9.71*0.84/2.69)*(//(3.53+(5.19*6.78-0.35*2.47))))))),False
7.52+2.98/0.99*1.13*6.72-1.46++/7.67/8.48+9.69*8.51+3.04-4.04*4.0+7.82,7.52+2.98/0.99*1.13*6.72-1.46++/7.67/8.48+9.69*8.51+3.04-4.04*4.0+7.82,True
1.99-9.42-1.77/(9.39/2.23*5.44*5.87-3.81-(1.79-0.66+3.05-7.17-6.12+0.01*0.1)),1.99-9.42-1.77/(9.39/2.23*5.44*5.87-3.81-(1.79-0.66+3.05-7.17-6.12+0.01*0.1)),False
3.74/6.57*(7.68-(4.55/9.93/6.0)*2.4*2.43-9.36)+2.51*4.75+2.82*(10.0+3.9/3.49),3.74/6.57*(7.68-(4.55/9.93/6.0)*2.4*2.43-9.36)+2.51*4.75+2.82*(10.0+3.9/3.49),False
5.12*9.96+0.26+8.66+9.84*4.31*(**2.22*(8.97*6.58/5.75+1.96-3.8-6.02-8.65)),5.12*9.96+0.26+8.66+9.84*4.31*(**2.22*(8.97*6.58/5.75+1.96-3.8-6.02-8.65)),False
(4.47*(7.13-(5.07-9.65/-+6.58)/4.59/(9.82/(6.67-0.47)/1.37-6.03-8.36*7.53)+6.53)),(4.47*(7.13-(5.07-9.65/-+6.58)/4.59/(9.82/(6.67-0.47)/1.37-6.03-8.36*7.53)+6.53)),True
(4.55+(-++)*(4.17-8.88-2.73/(8.13/3.94-7.51+8.05)*7.98-1.68*6.96+(9.69-9.91))),(4.55+(-++)*(4.17-8.88-2.73/(8.13/3.94-7.51+8.05)*7.98-1.68*6.96+(9.69-9.91))),False
5.2*(2.04-3.16/1.71-(7.13-6.04*9.91-(*/(5.15/(9.87/7.96-(1.44/5.2/3.45*0.45)))))),5.2*(2.04-3.16/1.71-(7.13-6.04*9.91-(*/(5.15/(9.87/7.96-(1.44/5.2/3.45*0.45)))))),True
2.38/3.09-(3.05-1.9*(8.58*9.05-9.36-7.71)-0.24*6.6/6.15-(8.23/2.23/-/(8.78))),2.38/3.09-(3.05-1.9*(8.58*9.05-9.36-7.71)-0.24*6.6/6.15-(8.23/2.23/-/(8.78))),False
5.37/4.0+1.54-8.81-6.6+4.45-6.09*6.16-7.09*8.76+0.31+(2.3*8.3*2.87-9.74),5.37/4.0+1.54-8.81-6.6+4.45-6.09*6.16-7.09*8.76+0.31+(2.3*8.3*2.87-9.74),True
1.36-4.99-8.36-(2.9*8.8*2.96)/3.28-5.48*1.32-4.81+(4.37+//0.27/6.79-8.8),1.36-4.99-8.36-(2.9*8.8*2.96)/3.28-5.48*1.32-4.81+(4.37+//0.27/6.79-8.8),False
6.38/5.25-7.12/5.05/6.07/8.5/8.29*7.21/3.26-5.52*2.68*1.65/(2.44-7.59)+6.91,6.38/5.25-7.12/5.05/6.07/8.5/8.29*7.21/3.26-5.52*2.68*1.65/(2.44-7.59)+6.91,False
2.28/6.17+2.51-2.16+++6.66*(7.92-5.95)-(9.94/3.09*8.19-(8.3-9.8)/3.65*3.16),2.28/6.17+2.51-2.16+++6.66*(7.92-5.95)-(9.94/3.09*8.19-(8.3-9.8)/3.65*3.16),False
(4.0*1.99)+4.67-(2.27-9.96*5.06-(3.59/7.01/5.76-(1.47-4.67-8.17)*5.37+3.18*9.04)),(4.0*1.99)+4.67-(2.27-9.96*5.06-(3.59/7.01/5.76-(1.47-4.67-8.17)*5.37+3.18*9.04)),True
5.76-2.96*3.04+7.83*2.13/7.56*4.28*4.34+3.22/4.78/3.32/8.07/8.66*6.47/3.92,5.76-2.96*3.04+7.83*2.13/7.56*4.28*4.34+3.22/4.78/3.32/8.07/8.66*6.47/3.92,True
6.65-2.3-7.8-6.17+1.92+(8.59*3.7-8.82)/6.53*4.96+3.49+5.55*7.39*0.52-8.35,6.65-2.3-7.8-6.17+1.92+(8.59*3.7-8.82)/6.53*4.96+3.49+5.55*7.39*0.52-8.35,True
5.59*5.66*7.74*7.77-8.56/6.6+6.98-8.87*3.78/9.48*(7.66+5.49-1.19*5.25)*-,5.59*5.66*7.74*7.77-8.56/6.6+6.98-8.87*3.78/9.48*(7.66+5.49-1.19*5.25)*-,False
(1.64/2.38/6.84*0.88+(0.92*6.48)+3.12-(9.62+(7.89/(-*(8.59/8.69)*2.78)/1.21*4.84))),(1.64/2.38/6.84*0.88+(0.92*6.48)+3.12-(9.62+(7.89/(-*(8.59/8.69)*2.78)/1.21*4.84))),True
8.06/4.96*4.96-(1.69-7.84*1.49-4.34/3.21-(9.07+7.88/6.11+(3.18*(7.03+1.62+6.89)))),8.06/4.96*4.96-(1.69-7.84*1.49-4.34/3.21-(9.07+7.88/6.11+(3.18*(7.03+1.62+6.89)))),False
5.81-7.48-*-5.56-1.24*(8.74/2.24/*)*9.07-5.0+2.01/1.7/6.96+6.95/5.62,5.81-7.48-*-5.56-1.24*(8.74/2.24/*)*9.07-5.0+2.01/1.7/6.96+6.95/5.62,False
7.27+5.9*6.44*5.73/6.84+2.98/(9.36-2.2)/6.67/6.06*4.25-4.4*8.46-3.68+3.15,7.27+5.9*6.44*5.73/6.84+2.98/(9.36-2.2)/6.67/6.06*4.25-4.4*8.46-3.68+3.15,False
4.46/++5.11-9.38+/+5.92*9.41+6.97-(1.25-9.55-4.07/2.66-9.4)+(2.86*7.6),4.46/++5.11-9.38+/+5.92*9.41+6.97-(1.25-9.55-4.07/2.66-9.4)+(2.86*7.6),False
2.11*(7.13-6.31+1.4)-*-7.83-(8.25/7.79/2.87)*7.01+0.7*0.27-6.72-5.95+3.38,2.11*(7.13-6.31+1.4)-*-7.83-(8.25/7.79/2.87)*7.01+0.7*0.27-6.72-5.95+3.38,False
9.26*(1.87*0.74-7.99/1.74-7.74/(7.69*3.68+2.03+(3.23-3.25)/1.14-6.08-2.8)+(7.32)),9.26*(1.87*0.74-7.99/1.74-7.74/(7.69*3.68+2.03+(3.23-3.25)/1.14-6.08-2.8)+(7.32)),True
2.0+5.49-7.1/3.43-9.91*8.13*(3.12+(7.57/8.88)-0.41+3.5*7.93)+(5.44/8.0*(+)),2.0+5.49-7.1/3.43-9.91*8.13*(3.12+(7.57/8.88)-0.41+3.5*7.93)+(5.44/8.0*(+)),False
2.41*9.85*4.95-4.26-2.0-0.47-6.19+0.23-9.38*9.83-(--4.71/(3.51*8.84*6.16)),2.41*9.85*4.95-4.26-2.0-0.47-6.19+0.23-9.38*9.83-(--4.71/(3.51*8.84*6.16)),True
0.28*0.02-3.53-5.79-(4.67*2.63-4.32/(-/(9.03+3.62*3.15-3.55)-7.47/0.12+1.0)),0.28*0.02-3.53-5.79-(4.67*2.63-4.32/(-/(9.03+3.62*3.15-3.55)-7.47/0.12+1.0)),True
0.26+9.89/4.27+1.66/6.63-2.26+3.22+3.17+9.98-2.39+5.74+(7.87+4.32)/9.26+2.73,0.26+9.89/4.27+1.66/6.63-2.26+3.22+3.17+9.98-2.39+5.74+(7.87+4.32)/9.26+2.73,False
4.84/1.64+8.74+3.41+5.27-2.34*(10.0+*/7.23*5.85)+4.7+(8.67/8.73/8.12/8.67),4.84/1.64+8.74+3.41+5.27-2.34*(10.0+*/7.23*5.85)+4.7+(8.67/8.73/8.12/8.67),False
1.84-3.47-7.77/7.97+6.1-7.6/2.6-4.61*2.83-4.43*3.49+5.01*(4.31-(2.68+2.9)),1.84-3.47-7.77/7.97+6.1-7.6/2.6-4.61*2.83-4.43*3.49+5.01*(4.31-(2.68+2.9)),True
4.97/6.21+5.17-(9.72*(1.72*3.03/1.87)/6.07)+7.26**+7.52*9.99*1.62*(6.82+7.29),4.97/6.21+5.17-(9.72*(1.72*3.03/1.87)/6.07)+7.26**+7.52*9.99*1.62*(6.82+7.29),True
5.2+2.17-0.76-4.59+7.16+7.29+3.26+0.85+3.18+6.93-4.48-9.35*3.7+5.94/2.97,5.2+2.17-0.76-4.59+7.16+7.29+3.26+0.85+3.18+6.93-4.48-9.35*3.7+5.94/2.97,True
5.66/(3.63/8.87-8.48+0.77*7.97)-7.83/1.28/1.73/1.81-9.94*6.75/4.02/4.86/1.89,5.66/(3.63/8.87-8.48+0.77*7.97)-7.83/1.28/1.73/1.81-9.94*6.75/4.02/4.86/1.89,False
8.29-1.33+9.55*2.46-7.56+6.58+3.63-*+(8.32*9.75-0.76-0.4)*(7.51+(7.17*8.85)),8.29-1.33+9.55*2.46-7.56+6.58+3.63-*+(8.32*9.75-0.76-0.4)*(7.51+(7.17*8.85)),False
(7.24+(5.39+**-/4.46+7.04*2.55-5.35*(4.46*4.02+(5.21-8.2)+5.6*4.21)/(1.18))),(7.24+(5.39+**-/4.46+7.04*2.55-5.35*(4.46*4.02+(5.21-8.2)+5.6*4.21)/(1.18))),False
1.99-(2.44+6.67*3.92-4.78-8.57+(7.0/(1.85+(0.47*(8.57-5.18)+(5.61-3.37-++7.16))))),1.99-(2.44+6.67*3.92-4.78-8.57+(7.0/(1.85+(0.47*(8.57-5.18)+(5.61-3.37-++7.16))))),False
8.36*6.68/(5.6-1.22+4.65*(2.94+(++4.05/8.18*9.54*9.68)-6.92-1.99*0.02+(0.89))),8.36*6.68/(5.6-1.22+4.65*(2.94+(++4.05/8.18*9.54*9.68)-6.92-1.99*0.02+(0.89))),False
/-8.18-1.52-3.08/(9.37-7.35+7.95+2.59)*4.56+9.72*0.26-4.13+6.5-(7.04-6.94),/-8.18-1.52-3.08/(9.37-7.35+7.95+2.59)*4.56+9.72*0.26-4.13+6.5-(7.04-6.94),False
9.46*0.95/0.05/3.4/5.46+2.49+(1.8-8.56/4.03)*9.78+9.42/7.97+2.47/9.43*3.87,9.46*0.95/0.05/3.4/5.46+2.49+(1.8-8.56/4.03)*9.78+9.42/7.97+2.47/9.43*3.87,False
1.45/0.8+5.32+8.61/6.98+5.16-5.21+(4.58*9.24/(9.37-9.91*4.48-4.48/-*3.54)),1.45/0.8+5.32+8.61/6.98+5.16-5.21+(4.58*9.24/(9.37-9.91*4.48-4.48/-*3.54)),False
4.45-7.98-5.43/5.0*9.05/0.45+6.28-2.87-4.98+1.28*5.79+0.6-(7.69-7.34+(/)),4.45-7.98-5.43/5.0*9.05/0.45+6.28-2.87-4.98+1.28*5.79+0.6-(7.69-7.34+(/)),False
3.77/5.91+9.59*2.31*3.07/(9.07/(6.75*(7.49-2.19-7.11*0.13+1.76/9.5+9.54*4.67))),3.77/5.91+9.59*2.31*3.07/(9.07/(6.75*(7.49-2.19-7.11*0.13+1.76/9.5+9.54*4.67))),False
(4.0+7.35)+6.47*(4.38-(6.75*0.03+4.79*8.05-(0.5*+-(5.92-7.66/3.13+8.23)+0.95))),(4.0+7.35)+6.47*(4.38-(6.75*0.03+4.79*8.05-(0.5*+-(5.92-7.66/3.13+8.23)+0.95))),False
(0.94+3.49+4.55)+6.52*4.63*1.22*++3.03*(7.37+7.08)+(6.32-3.97+0.38+7.92+(8.03)),(0.94+3.49+4.55)+6.52*4.63*1.22*++3.03*(7.37+7.08)+(6.32-3.97+0.38+7.92+(8.03)),True
(4.8*(0.39+(7.34+0.44*(1.09-(1.1+3.21)-4.39/1.34/5.26*(3.52-1.42-5.58)*2.24/4.67)))),(4.8*(0.39+(7.34+0.44*(1.09-(1.1+3.21)-4.39/1.34/5.26*(3.52-1.42-5.58)*2.24/4.67)))),True
8.59+3.38-7.07-0.21-2.64*4.49/1.91*5.52/0.93/4.64*5.66*1.28-0.81-4.95+2.65,8.59+3.38-7.07-0.21-2.64*4.49/1.91*5.52/0.93/4.64*5.66*1.28-0.81-4.95+2.65,True
6.9/(2.33-(4.06/7.08)/7.22+4.09-9.99)+7.41/4.69*4.94-3.16*0.04*0.02+(6.8*1.53),6.9/(2.33-(4.06/7.08)/7.22+4.09-9.99)+7.41/4.69*4.94-3.16*0.04*0.02+(6.8*1.53),False
9.11+0.98/(8.28+4.49)-6.89*+*7.65+1.36-3.92+0.52+7.66+8.85-(5.53+1.32-8.36),9.11+0.98/(8.28+4.49)-6.89*+*7.65+1.36-3.92+0.52+7.66+8.85-(5.53+1.32-8.36),True
9.92/3.2+2.75/7.14-0.03/0.35*3.28+3.32-2.91+4.56/8.41-0.99+2.87-6.26+(1.49),9.92/3.2+2.75/7.14-0.03/0.35*3.28+3.32-2.91+4.56/8.41-0.99+2.87-6.26+(1.49),True
9.41-9.33*6.87-(5.45*9.72-(10.0*4.29+(0.09*7.75/8.84/6.04-3.29*8.34)/+/8.38)),9.41-9.33*6.87-(5.45*9.72-(10.0*4.29+(0.09*7.75/8.84/6.04-3.29*8.34)/+/8.38)),True
2.1/3.17+1.07-3.34*2.33-1.87/8.89/4.13+6.0+9.82*8.04///(0.11*8.41+1.43),2.1/3.17+1.07-3.34*2.33-1.87/8.89/4.13+6.0+9.82*8.04///(0.11*8.41+1.43),True
(1.58-(7.26-4.88-7.68-5.69-2.85/4.43-5.02/(1.69*5.11)+(1.9/4.69+1.13*4.87)*8.35)),(1.58-(7.26-4.88-7.68-5.69-2.85/4.43-5.02/(1.69*5.11)+(1.9/4.69+1.13*4.87)*8.35)),False
(2.84-1.44/(6.02/1.22+2.06*8.1*6.59/6.18+5.89+-/(5.74/10.0)-3.61-5.33*7.83)),(2.84-1.44/(6.02/1.22+2.06*8.1*6.59/6.18+5.89+-/(5.74/10.0)-3.61-5.33*7.83)),True
5.02*1.81+6.12+0.27-(0.18-0.94*2.87/4.17+2.78+3.92-3.23)+2.25*4.16/+/8.53,5.02*1.81+6.12+0.27-(0.18-0.94*2.87/4.17+2.78+3.92-3.23)+2.25*4.16/+/8.53,True
(8.36-(6.39+9.72/2.88+4.74-++(8.72+4.26-8.35+4.06/1.93+1.0-5.68-4.37+3.78))),(8.36-(6.39+9.72/2.88+4.74-++(8.72+4.26-8.35+4.06/1.93+1.0-5.68-4.37+3.78))),True
2.82-9.68-8.18*7.53-(5.38+(0.58+1.41-7.43)-9.1*(0.56/7.47+6.69+9.15)-3.87-5.14),2.82-9.68-8.18*7.53-(5.38+(0.58+1.41-7.43)-9.1*(0.56/7.47+6.69+9.15)-3.87-5.14),True
2.36+2.42-1.51/(4.28+6.2*3.74/0.64)-8.77-6.95/1.58*9.05-7.73+4.23/3.15/9.5,2.36+2.42-1.51/(4.28+6.2*3.74/0.64)-8.77-6.95/1.58*9.05-7.73+4.23/3.15/9.5,True
2.25*4.08-*-9.46+5.35/2.27*3.51/6.64*5.7+3.93*2.92*9.08*8.88+5.79-3.69,2.25*4.08-*-9.46+5.35/2.27*3.51/6.64*5.7+3.93*2.92*9.08*8.88+5.79-3.69,False
8.51/0.35*6.91+**6.71*2.15*4.64*6.2*3.58/4.79/6.28+0.16*5.24-6.56-2.13,8.51/0.35*6.91+**6.71*2.15*4.64*6.2*3.58/4.79/6.28+0.16*5.24-6.56-2.13,False
(*+8.87+4.1*6.68*3.72)+9.55*(0.81/(2.46*3.07+3.42+7.74+3.53+3.64)+0.02+6.65),(*+8.87+4.1*6.68*3.72)+9.55*(0.81/(2.46*3.07+3.42+7.74+3.53+3.64)+0.02+6.65),False
1.77-1.66+4.13-9.17*8.04-5.49-5.47*3.46+1.79-1.17-7.31-8.84-7.43*7.81*8.57,1.77-1.66+4.13-9.17*8.04-5.49-5.47*3.46+1.79-1.17-7.31-8.84-7.43*7.81*8.57,True
