Original,Perturbed,Is_Equivalent
(-11-11)*(11--17-45--40*79-16--62*50--79--2/(-43/32+4)),*--1111-------11-17-70*-407916*-6250-79/-2+/-43324,True
89+-24*65^1+9*57*15^88-(17*-73)--98^2--42*64/-37,--++89*-24^651**957^15-45**17-73^-982/*-4264-37,False
8+(14+-37--54--76)-94*80*98-74*97/-79+(80*38)+-63+43,+++--+8-+-72*-61-54-76**948098/*7497-79*8038-6343,False
4^2+53+-98/(-40-16^2+-62+-92*50*87)--73+-15/6+37,++-++^28253/-98++--40^162-62**-925087-73/-15671,True
57-32*66+17*-93*0+(-25^1-27/(43*-19-88/19^-59-(52))),++-57*-8466**17-930-^-251/27--*43-19/88^19152,True
-96-24--86--22^2-59--17+73/-10^2-(64*-53/(-80*-42--5)),-+------9624-86^-22233-17/73^-3585/*64-53-*-80-42-5,False
-69/-24--39*58/64^1+-80/-15*-71^2+-16^1-17+-42^1,+-++--/-69-24*-3958^641*/-80-70^-712^-16117^-421,False
-65/15*3-36/90--20-75+-8/(69+-19+-13^2+25)*-10^2,+----/-65153/3690-2075*/-8-++69-19^-13225^-102,False
90^2-65*41/34*-74--9+-97--32^2--29-(-53^1-81-30),---+--^-382*/*654134-74-9-97^-322-29--^-5318130,True
(-86-(22+-64^1+-87/-70+24^1-17*47+-29/32/(-11+88*33))),--86+-+++22^-641/-87-70^24-75*1747//932+-11*8833,False
1+10^1-0-77^1-68^1-(36*(-4^2-41*(-91*89)--88)),----+1^1010^771^681*36--^-42*41*-9189-88,True
81+80^2-32--9+86^2--88^2-(72+-91/-59-53+-77^1),--+--+81^51232-9^862^-882+-+89/-91-59-9^-771,False
-57/99^62+-14/(66/-32+-40*-100^1+-78*53*34/-52/78*42),++-57^992/-14++/66-32*-40^-1001+//**-785334-527842,True
-84^1--78+4+-58*-50/13^2-18/35/45*6-83+-60*-86,+--++-^-84134/*-58-50^132*//183545662*-60-86,False
-18/(-66/89--39*-92+-88^1-33--16^1+-80-47+(-43+-45/49)),/-18+/+--+-/-6689*-39-92^-88133^721-8047+-43/-4549,True
82/99-(11^2-42+66^1+78*97-97^-91*-81+33-42)--71,--/8299^+--++/^11242^661*78-1697*-91-813342-71,False
34^2+-45+12*39/-62^1/(61*61/-83)^2-46+-90^1+-70,++-+++^342-45/*1239^-621^/*-4861-83246^-901-70,True
-13/80+50*-64+(70*-78^1-9^2+-43/99*42-62^-52+-73),++/-13-93*50-64+-+-*70^-781^92*/-439942^142-73,False
-99--41+39/(-94+86)^1-86*-43+83^2+94--58*(-74*-59/-4),-++-+--99-41/39^+-94741*86-43^832-89*-58/*-74-59-4,False
60-(58*(-44*-13^1--89^2+(11+-48)*-90^1--66)-1--32/60),--66-*58^-+-*-44^-131^-892*+11-48^-901-661/-3260,False
-75*-36^1+-85+32^2--95*-30+83-36^2+(77*-28^2-9),+-+-++*-75^-361-85^322*-95-3083^362-/77^-2829,True
-16+-65*-13+38+7^1--99/(-85^1-(-89*-33)^2-84)^2+-5,+-+++-16*-65-1338^71/-99^--^-851^*-89-332842-5,True
0/-24*(45*-42+-50-40--23)/62*-8*24/97^1+(74/-80/89),+/**/*/0-24--+*45-42-5040-2362-824^971//72-8089,False
85*-7*11+-89/-37*-93/-75-94/-21^-90+-30/-43^2-(63+-57),-+-+**85-711/*/-89-37-93-75/94^-211/-30^-432+63-57,False
-76/-88/69-(94/(61*-36+64)/-76-65)^1+-69*58/-35^1-(-24),-+-//-76-88-44^-//94+-61-3664-76651/*-6958^-351-24,False
-50^2--63+46/-92^2+9+-67*(-18*51+18^1--50*-35/-98),++-^-502//-6346^-9229*-67-/*-1856^181/*-50-35-98,False
-14/71*-2-24+(-61/-29)/-70/-3/47^1-(81/25)+48^24+69,++-+-*/-1471-224////-61-29-7080^471/8125^48269,False
97^1-(47*-15^2-92--68/-41)^1-24--3-83/81--93-(75),+^----^971^--*47^-15292*-68-41124-3/8381-9375,False
-77--40+88^2--61^2+29*-30+47-87/10/-93^1--22*-90,--++-+--77-40^882^-612*29-3047//8710^-931*-22-90,True
-59+-45-96--94/61*14-(-71^2-(36^1--26/-10/-56)-(42*27)),---+-59-4596*/-946114--^-712-^361//-26-10-56*4227,True
-91+-37--86/-78/-77*89-42^2-98^2+-100^2+-44+97+53,++*+---+-91-37*//-86-78-7789^-382^982^-1002-449753,True
(75*78*(97/96)*-82/-31*39-(-14^1+-23+73^2+(16^2-18))),-*/***7578/9796-82-3139*++^-141-23^732-^16218,True
-4^1-28/24+-23--56/-65^2+(-46/-2/-47*-19+15*-28+(10)),--+-^-41/2824-23/-56^-652++*//-46-2-47-19*15-1110,False
-16*(-84/(58*87*-39/8+-18-37)/-55--74*42*-31/-27*17*67),*-16-//-84-+/**-2887-3989437-55**/**-7442-31-741767,False
-16*-26+72/(30+-62)/(67-94+-17-74)+28*(-93+(-84/96)+20^1),++*-16-26//72+3022-+-6794-1774*28---93/-8496^201,False
-94^13+21/14*-69+-23-51*(-9--87-(-64^2+(9*(60^1+-1)))),-++^932*/2114-69-23*51---9-87+^-642*9+^60-60-1,True
-75--83^1+(-35+-98*(-17^1--30-(-56+(57/-9-73^2+-12+22)))),+--75^-831+-35*-98--*-171-30+-56++-/57-9^152-1222,True
-82-83/(-34+-65)^2--80+55*(71^1+-74-35^1+-42-48*(52)),+---82/83^+-34-652-80*55-+-+^711-74-351-42*-1352,True
54*-12--25+87^2-59^1+-2^1--28-(29-80)+(7*-31/-39),+--+-+-*54-12-25^872^591^-21-28-2980-7/-31-39,True
(-67*93*19*-19*66)/-47/44/(-11--15)--96*(0*(96/-92)*-54--77),-///***+-679319-1966-4744--11-15*-96-**0/96-92-54-77,False
-73+(16^2+1/51-91/6*-75*-30--62*(-26^2+-8^1-87)),+-73--+^162/151**/916-75-30*44-+^-262^-8187,True
-27^1-66/23-19+89^2-27/-81/71/77*77+29*(22+-66),+-+--^-271/662319^892*//*27-81717777*29+22-66,True
-39+-45^2--90^1--10/-53-34^2+41*-84^2-91+59+15,++-+---+-39^-202^-901/-10-53^342*41^-842915915,False
86^1-(-69/98*52+92*(-67+2*88^2-65/(-96+-81*14*(-72)))),-^861+*/-699852*92++-2*2^882/65+-96**-8114-72,False
-85+44^2+-91*-46*37+-5*32*(-37+-37--71/91^2-43^-46),+++-85^442**-91-4637**-532--+-37-37/-71^912*43-46,True
17*-96+83/(91--22^2-(73-(-29^1+-68*(-90/-5*-35-59)/(75)))),+*17-96/83--91^-222-41+^-291/*-68-*/-90-5165975,False
-89/-53*25--16^2+-48--69^1+61--87+(36--93^1-54-(55)),+-+-+-*/-64-5325^-162-48^-69161-87--*36^-9315455,False
91/9--28--64/25/20*-96^1-(9+88/1+59)+-88/70--64,-+--^/91998*//-642520^-961++9/88159/-8870-64,True
-6*86/(-97^45+(33+(-78/-71-13+-29+99/-5^2+-88+-39--14))),/*3786+^-972+33-++++-/-78-7113-29/99^-52-88-39-14,False
31--66/(28+-53+31/30*84-92*60*-71+-8^1--96*-98--56),-31/-66--+---+28-53*/31308492*60-71^-81*-96-98-56,False
93-27/(81--74+39^1+-61+82)+86+(-30/96/83)--78-99+-34,+--+-93//27+++-81-74^391-61-9686//-30-1083-7899-34,False
-85+85*-28*54+-26+-28/(-94*70-(47/77)+97)+(-88*52^1+42),++++-85**85-2854-26/-28+-*-9470/477797+*42^52142,False
-34/5+-56^1+23+-40-50^1+(-15--92-46)-(22^2+-9+-55),-+-+++/-935^-56123-40^501---15-9246++^222-9-55,False
(70--30*-8/-87*8*-6/-76)-59+19+(21^2-49^1--36^2),++--70/**/*-30-8-878-6-765919-^^212^491^-362,True
27+36^2+18/-90^2-(-67^1*64/63/-24*(54-41^1+63)),-++27^3655/18^-902-^-671*//6463-24+-54^41163,False
(-2^2-70^2-(9*-69+-77*99+10+-79^1+37*(-48-(55-53)))),--^-22^702++++*9-69*-779910^-791*37--48-5553,False
30--63/84^2-96*-15*(-45+84/68)*(-75-41^1^-2+-14+65),--30/-63^842***96-15+-45/8468+++--75^411-25665,False
65+50^2-(-3^1+-4*-82+(-73*(5*-55+4*65+(34/(44*-66))))),-+65^382++^-31*-4-82*-73*+*5-55*465/34*44-66,True
-94^1+-91+-29*96/-38/5/-1-41-8/31+-9+97^2--10,-+++--++^-941-91///*-2996-385-141831-9^972-10,False
(-48^1-(27+(5-(-98+68/-72)*41*-63/-6-44+13+(42^2-13)))),-^-481+27+^--5/**+-98/68-7241-63-64413-^422-73,False
15*(-64-49*27^43--73--20)-3*55*-70+-17*98/-19^2--52,-+-*15----64*49^272-73-20**355-70/*-1798^162-52,False
24--75^2+-57+27+-17^2+71^2+-2*69*-67^2+-52+-72,+++++-+-24^-752-5727^-172^712**9169^-672-52-72,True
75*-18^64+34--26*-40/-38*74*84/90^1+-8+-84*-93--33,-++-+*75^-185034/**/*-26-40-387410^901-8*-84-93-33,False
-25-(-45/24/17^1--76)/40+-22--88-80/-89+33^2+98^2,++/-+--25/-//-4524^171-7640-22-88/80-89^332^982,True
2*-29-93*58/-98*-56*2+-58*65--67+64^1+(-20--78+99),++-+-*2-81*/*9358-98^-562*-5834-67^641+--20-7899,True
69+69^1--55--74*13/(19^2-2*-67-98)/46--84^1+51,^---+69^691-55//*-7413--^192*2-679846^-84151,True
(98^2+-70-55-49*-81^2+-72-(-76^1+-94/32-96-(-4/99))),-+^-+^982-7055*49^-812-72--+^-761/-943296^-499,False
56*12^2-8+-97^1+51^1-71/75+97/59/(85/43/-82),+-++-*56^122-38^-971^511/7175//9759//8543-82,False
35*78-(-30+47/(-38+21-(-64+7*(52/-18+-18-(-35/-13)^1--76)))),-*3578+-30-47-+-3821+-100*7+-+/52-18-18^/-35-131-76,False
85*0+(-44--38^2--29*79^1+-82+69--57/30+(-100^2-(78))),+*850--++---44^-382*-29^791-8269/-5730-^-100278,True
51+49+-6+98^1--6--42*-89^2-74*(54*-21^1-92-(85)),---+++5149-6^981-6*-42^-892+-67-**54^-2119285,True
-72^2+-14/-79*69+(-58*-68/25^1+-10)/(-46/-5/-83--28*72),++^-722*/-14-7969/+/*-58-68^25142-//-46-5-83*-2872,True
78*61/-2+(76*-86)*25/71-(62*-28--40-38/-27+65^1--34),-+/*7861-2/**76-862571-+-**62-28-40/-100-27^651-34,False
42*27/77--58*-40+-91/74*50^1+38--94*(72+-74*-61-(27)),-++-/*422777*83-40*/-9174^50138*-94-+72*-74-6127,False
-100--95/(94^2--44/-82+13^1-(-20*86)/-68*(-68^1--40+40)),--22/-95-+-^942+-44-82^131*/*-2086-68+-^211-4040,True
52^1--58-51*83+-94*94--76/-68*80^1+25^1-97/-13,-+-+--^521-58*5183*-9494*/-76-68^-31^251/97-13,True
-14*-100--63*60/-59*2--62+-34*11+74-31/15-50+72*-100,+--++--*-14-100*/*-6360-592-62*-341174/311550^72-100,True
(-59^1-66*82*45--3*-71+51*-57*94)^6+-12+-78--99+22,+-++^+--^-591**668245*-3-71**51-57941-39-78-9922,False
-86-(-38+-66+(34*-6^2-59)/-67)/(81+67^2--81)/(67^1-26),--86//++-38-66/-*34^-6259-67-+81^67-61-81-^67126,True
22-88^2+57^1+-60*-70/8+-95/(-59/26)--30+-9--78+-9,+-+--+++-22^882^571/*-60-708-95/-8926-30-9-78-9,True
-5--68+-33+22/56*-75--8/2*-91^2+-6*(44+71--11*-91),+-++--5-68-33*/2256-75*/-82^-912*-6-+4471*-11-91,True
64^1-34+-35-(41+51)/10/-17^(93*(-6*-88)*-57/-20+4)-(-7),----^641*34-35//+415110-17+/**93*-6-88-57-20-51-7,False
-20^2-58/53*-94-16*-37^2+-26/-87*1--12/48^1+(99),+-+--^-202*/5853-94*16^-372^-26^-87-39/-12^48199,True
-42--97*(-93--80-(41/-98)/-70*-11*-74^1-(-25^2+-65/84^2)),--42*-97+---93-80**//41-98-70-11^-741+^-252/-65^842,False
33/83*-2^1*11^2-77-(90^1-(68+16*-47)*-46+-2+49),--++33*83^-21^11277++-^901*+68*16-47-46-249,False
-79--51*45*-79-15+-8^2+(-21/3+-49*82-15)+-2+74*73,++++---20**-5145-7915^-82-+/-213*-498215-2*7473,False
(67*0*64*27-58)--34-(8/-97+-13--87*(-10+83-26)--59/28),---***670642758-34--+/8-70-13*-87-+-108326/-5928,True
-77+(-71*-39--42-68-83--81*-100-50+29)/7+18+10--2+67,+-+++-77/+-----*-71-39-836883*-81-100502971810-267,False
(-41/(-64*(-58*-39^1--58^1-96/(-43*70/12*1*20*81-23)))),/-41*-64--*-58^-391^-581/96-**-//-4370121208123,False
38/8*-46+2/19*(-44--79/-48*10--49+25+-77/68-39--28),+*/388-46*/219--++---44*/48-4810-4925/-776839-28,False
23^1+-93*(-81-94/-18+(-63+(-14-49/74)*8*-6*-43)*-47/(-69)),+^231*-93+--81/94-18/*+-63***--14/49748-6-43-47-69,True
-73*-46*(12--8/-81+-35/-47/-28*-41^2-28/-16/86^2--1),**-73-46--+-12/-8-81*//-35-47-28^-412//28-31^862-1,True
88^2-70+(96*2+67+-96/71^2--9^1+53+59/9+(-29)),+-^88270+++-++^96267/-96^712^-9153/599-29,True
(-66^1+(73+(35^2+55)^2+9/-20-35^1--2+-62/76)/-9),+^-661/+--/+73^+^352552/9-20^351-2/-6276-9,True
83+67+-93^1+26--50/36*-85*(22-53/-99-(-71/91*-48)--51),-+++8367^-93126**/-5036-85+--18/53-99*/-7191-48-51,True
-92--59*26^2+-2+59-71+-16*-94^1-79+21--85--77+-53,+--+-+-++--92*-59^262-25971*-16^-9417921-8-77-53,True
21*(83*(3-62*86--77-(-18/53-7+-32^1-41)/(11/57-91))),*21*83---3*-4486-77/-+-/-18537^-321-42-/115791,True
-65+-49/5*-19--93+61+-19--51*-50--14/21+-10^-37-(2+79),-+--++-+-65*/-495-19-9361-19*-51-50/4221^-101+279,True
-88*-39-70+45^1+-50^81^1--95+-48+-88+76*(81+(-38+-65)),+++-++-^-88-3970^451*-50^811-95-48-88*76+81+-38-65,True
52+-100*82/50+-55/-5/98--87/42--91-(-56-(20/-87+(85/67))),---++52/*-1008250//-55-598/-8742-91--56+/20-87/8567,True
68+84/67+33^2--84+-42*(7-(20*-24--17)-39)-43/-23/-57,-+-++68*8467+332-84*-42--7-*20-24-1739//43-23-57,True
-13-(-8--11*(25^2*-5+9^2-(73/41)+-9^2-(-56/-85^2))),--13--8*-11-+-++^252-5^9-75/7341^-92/-56+-852,False
79+97-84/-7/-17--99/19-55-46/-39/30*-77^2+-66*-80,++----+7997//84-7-17/-991955//46-9230^-772*-66-80,False
-59*87-55+(-72-66*-45)/-62*65+55^2-14/-80/39^1-99,--++-*-598755*/--72*66-45-6265^552//14-80^22199,False
-22+39+-20--58+-91/-76^2--23--49+77^1-78^2-(-38--41),--+--+-++-2239-20-58/-91^932-60-49^771^782--38-41,True
41--39*(56+-93-(-93+(74^2--41*-5^1-89^-3*26*-89*43))),-41*-39-+56-93+-93+--^742*-41*-5189***-326-8943,True
-40+95+58^2--57+(-47+(-49/45+86*20)+53^1+73+-67/(44)),+-++-4095^582-57++++-47+/-4945*8620^53173/-6744,False
42+-25+-3*(-47^1-67*91/87/(-66-36+75*-57^2+35*79)),++42-25*-3-^-471//*679187++--6636*-100^-572*35-19,False
-6*(-61/39+87^1+-65/25-(-95--14^2+-42+(-58/-66+-43/77))),--6-++/-6139^871/-6525++--95^-142-42+/-42-66/-43-1,False
(-33/53^1-15/-76^1-(81+-70^2+67--51--22^1+29+(3))),----33^531/-5^-761++--++81^-70267-51^731293,False
83^1+2*93/43-(-56*-16*86/-12+-4)*62/-11*-19^2+10,+-+^831/*29343*/*+/**-56-1686-12-462-11^-19210,True
69-22^2+78/(-27+-20*-96)-76-89--21^1+-50^2--54/-99,-+---+-69^222/78+-27*-20-967689^-211^-502/-54-85,True
-78/(34-66^1+25)-27/-56/8/46*-19*(-24--93+0+53^56),-/-78+-34^66125**///27-56846-19++--24-930/5356,True
-41+-69^1+38+71*(-31^2+23*-78+30+(44+-6+-50^-18+-31)),+++-41^-69138*71+++^-312*23-7830+++44-6^-501-31,True
17+56-39*-76/-93^1-85^2--7*47/-28--73/90^-31-83,-----+1756/*39-76^-931^852/*-747-28/-73^90283,False
-30^1+92+(-99/(4-29/-12+-43+-16+(72^2+22*-26*60/-71))),+/^-30192/-99+++-4/29-12-43-28+^722/**22-2660-71,False
-14--52*34^2+(25+-60*66+(6/-80/88^1--96)*-23/78^2),+*-14*-52^342++25*-6066/*-//12-80^881-96-23^782,False
42/-26--22--14--42/71/-15/63/-53*33*(-25*-8)-(-84^2+40),----/42-26-22-14**////-6471-1563-5333*-25-8++-84240,False
-17/-7+-90+-18/(40+-28-71)+27+(29/-30-(71^1+(-25*37*4))),++++/-17-7-90/-18-+37-287127-/29-30+^71-13**-25374,False
-46^2-55/-84+(5--2)*1/-13+61+-71-41*-38/-70/-32+61,+-+++-^-462/55-84/*-5-21-1361-71//*41-38-70-3261,True
-31*12^1--33-19--19+74/-86+93/-45*-84*-56^2-75+10,+-++---*-31^121-3319-19/74-86**/93-45-84^-5627510,True
-72-(43/78+-82+(-88+69^2-13--85*-21/(-50--10+(22*7/(45))))),--72++/4378-82-/+-88^69213/*-85-21+-57-10/*22745,False
-38^2--83/-29/-22*-15/7--47+63/-47^1-86--12+(29*94),+/-+---^-382//-83-29-22+-157-47/63^-47186-12*2994,False
-73*-65-3+-18*12+82/(69/-35)-98+29/-41^1--88^1-19,---+-++-*-73-653*-1812/82/69-359829^-411+-88130,False
-41/-55^2-65/-81^2--9^1-76*-70^2-(-12-86)-38/16,-----/-41^-552/65^-812^-751*76^-702--1286/3816,True
32+22/90*-1-90^2-7-(77/-6/83*(31/48)*83-55/18),---+32*/9090-1^9027-**//77-618/314883*5518,True
58+-72--89-78-90/-54/-45+-34/-38--64--8^2-3*21*51,---+---+58-72-8978//90-54-45/-34-38-64^-82**32151,False
-40+18*99*-80*23+27/-55+-46*(-64+-42/64/(-36/-75+53^1)),+++-40***1899-8023/27-55*-46+44//-4264+/-36-75^531,True
24*-72--84^1+35*-44^1+-63^2-52+11*-41*51^2+10,++-++-*24-72^-841*35^-441^-63-3852**11-41^51210,True
32-28^1+99--91/(-89+10/-6)*-100+-65/(18--69/57/-30)^2,+-+-32^28199*/-91+-89/10-6-100/-65^-18//-6957-302,False
-52/-29*(-1^1-46/13/75-25*-61--43--72+(85*60)/-58^1),*/-52-29+----^-11//461375*25-61-43-72/*8560^-581,False
-38^2--78^1+59^1--36--73^1+(29^2+-37^2--69^1),+--+-^792^-781^591-36^-731-++292^-372^-691,False
72+40-23*83^2+(76--16/12*-85-43--61+(57+(-70-53-(-32)))),+-+7240*23^832+----99*/-1612-8543-61+-95---7053-32,False
-11--36+-33*-8^1+-33-24*-71*87*20*-51*74^1--26/(12),--++--11-36*-33^-81-33*****24-718720-51^741/-26-18,False
-59-50+30*96/-78/26+-30^2-(-100+88/(57/-3^1+-60-11)),-++--5950//*3096-7826^-302+-100/88-+/57^-31-6011,False
-63*69^17+78*69^2+-72+-67*-67+(-37/-58)/56/(-33-55*9),++++*-63^691*78^692-72*-67-67*//-373456--33*559,True
-32*-14/1/73*(-78*50/22-71--93--49)*(76*-78--89/-3^2),**//*-32-14173---/*-7850227144-49-*76-78/25^-32,True
(-36/71/96-54/10^1--41^75+-20-97*-35/(88-1-77--85)),-+--//-367196/54^101^-411-20/*97-35--^88177-85,False
10^1+-55^2+-9/93^2+-43+(73/62^2-(78^1+-36*-62)),++++^101^-552/-9^932-43-/73^622+^781*-36-62,True
25+-42/(-44*-43*-92+92)^1+-63--59+-32+-47+20-(17/90+-85),-++++++25/-42^+**37-43-92921-63-59-323120+/1790-85,False
-26*94--14*-10+-47^2-89/39/80--27/98+-21*-75^1--88,-+-^+-*-7094*-14-10^-472//893980/-2798*-21^-751-88,False
74^2+63--32--38*94+(-56*-93/-12*24--61+58--66*-10/-39),+-+^742/6360*-3894-+-*/*-56-93-7024-6158/*-66-10-39,False
-42*46/-25*-69--44/12-35*10*35*-15-35/(66+-89-93+43),---*/*-4246-25-69/-4412***351035-15/35+^+66-899343,True
-29--54^1+43--35+-93*-41+(-84*-85*78^1--55+-77)^2+32,+++-+--29^-54143-35*-93-41^+-**-84-85^78-27-55-772-68,True
-35*-50+-29^2+28+18^2+73^2-52^1-42-23*88/45,+-^-++++*-35-50^-29228^182^732^52142*238845,True
66*97/-70^2-54+(-41*-92+5/-37/(-96+-71)+-40/-52)^1--89,-+-/*6697^-70254^++*-41-92//5-37+-96-71/-40-521-89,True
36*-16^1+55/27--52*-52+-12^1--1--71*71^1+(-32/-85),+--+-+*36^-161/5527*-52-52^-121-1*-71^441/-32-85,True
88*-32-15+98*-33^1+(-86+84)/(-3--29^2+87-(85*(-83--34))),++-*88-3215*98*-331/+-8684-+--3^21287--85--83-34,False
(39-(22*44+77)-32*-48/-51-50)--99-41+-69^2+-28*10*-78,++-----39+*-584477/*32-16-5150-9941^-692**-2810-78,False
(97*-98/-48^1+-12/-56*31/12--98--78-(8^1--99)/89/-80),---++97/-98^-481/*/-12-563112-98-78//-^81-99-54-80,True
-61/1-20*-73--97+-39-4^2+-63+-71/(87^2+-58)--23+-9,+-+--+--/-611*20-73-97-39^42-63/-71+^872-58-23-9,False
94+-27--26/(27^1--30/-46/-31/3^2-58^2+90+25+-28),-+94-27/-26+++--^271///-30-46-31^32^5829025-28,True
73*-94+88*(69/13/-34-(81*41^1+-2+6)+27+-27*-37*-70),++*73-9488++-//6913-34++*81^411-2627**-27-37-70,False
49*99^2^(-66*23*-78)+-15*(16*-58)*-11^1-9+(68/-62*32),+-++*49^992**-6623-78**-15*16-58^-1119*/68-6232,True
-78/86--14*50*-92^2^-8/-51-62/24/(60+20)/55*-16/85,---/-7886**-1450^-922/-8-51/*///6224-602055-1685,False
-68^2+-42/3+73^2+-34--19/-31^-85*34+-61^1+38*45,++-+++^-68-54/-423^732-34**/-19-31-8534^-531*38-45,False
(-3*(-72-27/-46/-45^2+-89/-98-52+49)^2*31+27)+-9--28,-++-*-3^+-+--72//27-46^-452/-89-9852-6823127-9-28,False
52+(18+(58--64--5*23-(-22^2+61)^1--28)*5*54-(77^1)),+52-+18/*----58-64*-523^+^-222611-28554^771,True
(41-(-67-(86--19-(-10/66*61+(-94-64-0/(41/89+63+(97^2))))))),-41--67^-86-19+*/-106661---9464/0++/418963^972,True
-56+(30^2+-29^-92--18^2-1^1+(-43^2+-80^1--81--29)),+-56+--+^302/-29-92^-18-71^11--+^-432^-801-81-29,False
-91/79/85+11/54+-8^-6+14+-82-95*26-(32+(27*-63+-89)),---++++//-917985/1154^-8114-829526+32+*27-63-89,False
-51--66/-98^2-(96*(-34-64-(-71*-62+43+-27/-67)/34*63+56)),---51/-66^-982*96+---3464*/++*-31-6243/-27-67346356,True
-23*74/24+1^1+-71^1+-90--26*44-44^2+-95--67^1,-+--+-+/*-237424^11^-711-90*-2644^442-95^-671,True
-16*78/38/(-54^1+82-55*-79+(-82/-68+-65+74-(38+-41/-17))),//*-167838+-+^-54182*-1883-++/-82-68-6574+38/-41-17,False
-44*87/-23^2+-70/43^2+-19*57^-47+40*-17-68^1--99,--+-++/*-4487^-2334/56^432*-19-13-47*40-17^681-99,False
-20*81-61^2--41-32-2-79/75+(-59-11-30*16/-3^2),+----*6081^61217^322/7975---5911/*3016--32,False
-36*(27/12-10)^2+69*73*45/(23--48)-72+90+95+-75/-10,+++-+*-36^-/2712102/**927345-23-48729095/-75-10,True
-48*0/2--82/-79/-59*-93^1+-33/-85+-61+39/4/34--66,--+++-*-48^02*//-82-79-59^-931^-33-85-61/39434-66,False
18--99*49^1-(-5*92*-81+-100--31*8)--38-60^2--7*9,-----18*-99^501-+**-592-8181*-318-38^602*-79,False
-34*-53-94+(85--90/-98+-50--62^2+-33^1+(72+4+64-(82))),+-*-34-5394++-+-85/-90-98-50^-622--331-++7246482,True
-56/(-44*-48+-56)^2-41+-69+68+62/82*39--75+15--36--68,^-+-+++-/-56^+*-44-48-56241-6968*/628239-7515-36-68,True
-14+-5+-99/-49^2+(6+-26/82)^2+-44-92--90--3/-69^2,---++++-14-5/-99^-492^+6/-26822-4492-90/-3^-692,True
71/(-86^1+-64)*29-70^2^28*92+99+40-5+53--61/-55,^+-+++-*/71+^-861-6429^702*289299405-43/-61-55,False
(-57*-44+-54--31+83/20)^2+-42^2--56+-81-70^1--93--27,---+-+^-+*-57-44-54/*-3183202^942-83-81^701-93-27,False
90+(-90-2+(-64/93)-(2^2+42/4)*31*-84)^2+(-14*-3^2),++90^+-+^-902/-6420+^22/424*31-842*-14^-32,False
-12+14/-41*-100*51*53*(40+-29-4^2+-99)^1-71/-81/59,++-12****/14-41-1005178^+-+40-29^4261//71-8159,False
(-39*-74+-60)+-94/-94^2+61/-74*45^-27^1+(-6^2--47--41),++++*-39-74-60/-94^-942/*/619545^-271--^82-47-41,False
-5+(99-17+-90^2+-69^1-12)--76/77/44/-61/-14*76/29,-+98-++-99-89^-902^-69112/*////-767744-61-147629,True
(9*(88--18)--92--85+52*(-34/(50*-64^2-38*-55^2+68*46))),+--*9-88-83-92-85*52/-34+-*50^-642*38/-552*-1146,False
-49+-25/(-70-(77-25^2--26+-92*-56+25+(-71-39-(-76^1-55)))),+-49/-25--70++-+-+77^252-26-92-5625---7139-^-76155,True
81-45*(83+51+-11)/-36/59*22--39--79^1-66--85/-68^1,-----81*//*45++835142-365922-39^-79166/-85^-6853,False
-72/-4+(-19^2+(63/-62)^1+-23*6^2+94)/(-93^-71+44-61),*/-72-4/+++^-192^/63-621*-23^6294-+^-9314461,False
-2+-40+20/-93+-93-57^2--85*(88-99^2+(-25*67/-99*34)),--+++-2-40/20-93-93^572*-85+-88^992*/*-2567-9934,True
39*67^1-87+-34^1+(-36--73/-59/69-95--10/2+(7+13)),++-*39^67187^-341+----36//40-596995^-1078-713,False
34--83+-3+-74+(94+(-43+93+-54+9^1-6/34+(70*(92--4)))),+++-34-83-3-74+94+-+++-4393-54^91/634*70-92-4,True
-44*-12*57+2+(-91*90)^2+(-35^2+(70*88*6+-93+-50)^1),+++**-44-12572^*-91902+^-352^++**70886-93-501,True
96/-12-7^1+9-28-61*29-52^2+72*(-81*77+(-61+-74)),+---+^/96-12^71928*6129^522*72+^-8177+-61-74,True
42*-33*4-35^2--3*-94/-85^1+-73+18*94/(-42-52)+-42,+++--**42-334^352/*-3-94*-851-73/*1894--4257-46,False
-61--75--19*-78*(-35^1--56^2*69*23^1+-83+10/37*(12)),---61-75**-19-78^+--^-351^-562*69^231-83*/103712,True
-11/5/-43+-14*42*78--29--96*44--63^1-84-(54^2+-52),-----+//-115-43**-144278-29*-9644^-63184+^542-52,True
73/17-29*-19*64*63*63+-68/27+90-(-100^2--5-35/-61),-+/-/7317****29-19646363/12790*-^-1002-5/35-61,False
(-90/-4^2-53)+(-54--56/50-74--13)/-44--63*51^1+94--68,-+-+-/-90^-4253/---76/-35074-13-44*-63^51194-68,False
70*-61*-64+31*86+-59*-71^1+(98-29)+-23*-67*41+-11*-90,+++++**70-61-64*7486*-59^-711-98-72+*-23-6741*-11-90,False
62*35^2--67+36^1+83*-34/37-70*-21-(4+-14--13/-91),--++-*62^352-67^361/*83-3455*70-21-+445/-1375,False
-42*3+35^1-60+(97^2--43)--28+-28*(22-48--38)/65^1,+-+-+*-263^35160-^972-43-28/*-28--9148-38^651,False
13^1+0/(75^70--87/-51*13^2/79^1+-2^2-27^2),+^131/0-+--^751*/-87-51^132^791^-22^272,False
-12*99+10/-3^1+-83*70*-93+-4-72/-21*-58*21*-45/55,-+++*-12-40/10^-31*/-8369-93-4/***/72-21-5821-4555,False
-43/-26^2-12^2+44*-5^15/93^2+-85+10+30+96^1,++++-+-/-43^-262^122*70-5/15^932-851030^961,True
-96*46*(61*(91/2+-37/(49^1-(74/58)-91)^1--3*-99*-21)),+-96*46*61-+^912/-37^-+^491/7458911**-3-99-21,False
-97+-56+31^1-(-55--5*-70*39)--34*14+-29/-79--16/83*-56,-+--++-97-56^311--55**-5-7039*-3414/-41-79*/-1683-56,True
-83/89*(-61--93*78*-90^2-2)+-75-46--32/-94-87^2--67,---+*/7689---61**-9378^-9022-97/*46-32-94^872-67,True
-78/-54-1+95+-26/33-(-52+71/-90+34-62)^2+15-72/35,-+-^+-+-7867195/-2633^-++-52/71-903462215/7235,True
77--79-41*45/(-94+(-75-55-96*55*-78)--61^2+-69/-31*1),--77-64/*4145+-+-94---7555**9655-78^-612--69^-311,True
-71+6^2--18/98--7+31/-26^1-25/-94+-2/-70+(-11*46),++-+--+-71^-612/-1898-7/31^-261/25-94/-2-70*-1146,True
-78^2-(-64-63/-11-27^1-47+-24*2--39)^2-99-(68^2),---^-782^-+----64/63-11^27147^-242-39299^682,True
-5^1--76+-29^1+-16+62^1+91+-13--91--47^1+-15+65,++--+++++-^-51-76^-291-16^621-59-13-91^-471-1565,True
-54-41/95--75+17*-39*90/22^1--11/12--24*85*-12*-45,-++---54/4195-75/**17-7190^221/-1112***-2485-12-45,True
86^2--65-(-78/22^2+2+-21/-57--73)/26+86^2+(52+-18),++--^862-65/-++/-78^2222/-21-57-7326^862/5297,True
-16/-97/27*48^39^2--62*-84/(49/-89*-79)^1-25*-11/-57,---*//-16-972748^392/*-62-84^*/491-791/*25-11-57,True
4+2+(-75-(-57*(-94+-48+87--89/-30*-37+-71*-84)*62+-100^1)),+^42--75+**-57+-++-94-4887*/-89-100-37*-71-8462^-1001,False
(-96^1--3)^1--81+(-43+-94^2+88^2-64)-40/-58*-16*40,-+-^-^-961-31-81-++-43^-942^88264**/40-58-1640,True
-49^11*99--1--54*60^1+(-97*-2*11)-(33/-41^-21-89+-15),-+--**-491199-1*-54^601**-97-211+-/33^-41289-15,False
-3-60*(88/89+-55+-83+(53/-12/74+(-23--23/-49/9)-86*(-95))),--3*60+++/8889-55-83-+//53-1274--23//-23-499*93-95,True
74*8^1--39/23*(-73^-12+-37*(67*-44*-16*-22+(42*28-(35)))),-*74^81*/-3923+^-731--37+***67-44-16-22+*422835,False
48/-51^2-20+-16*(74-74/-26*(66+39/-45^2-36+92+-86)),+-/48^-50220*-16-74*/74-26++-+66/39^-4523592-86,False
17*23--97+14^2--53--48^2+30/-42/-20^1--59-99+(-64),+--+--+-*1723-97^892-53^-482//30-42^-201-5999-64,False
-65/(34/36^1--37/-52)^1+-8^2--12/-75+-76^-44-(34--44),-+-+/-65^-/34^361/-37-521^-82/-12-75^-761-34-44,True
-27/35/-36+-63--31*-58-42*-75/3--22^2--30/6*67+-9,+----+//-2735-36-63--31-58/*42273^-222*/-3066753,True
-84/(63+89)+20+-63+-4+(22^2-3)-28+10--53^39--34*-85,--++++++/-84+638920-63-4-^94232810^-532*-34-85,False
-48^1+-22/-64+3+-17-28--58+(93+-90-42/-43/13^1+65),+--+++^-481/-22-6497-1728-58+-+93-90//42-43^13151,False
27*53*-98/85/(-8+75+-46^1--23/-48-(1+-88)^-29--49+73),//**2753-9885+--/++-875^-461/-23-48*+1-88-29-4973,True
71^1+(48+75-14^2-69*34+-85/-59/-53*90*(-91/52--40)),+^711+--+4875^142*-6734**//-85-59-5390-/-9152-40,False
88-96*62*-67^2--97/-22^1+(73^1+(-82*-63+36-43/76)),+--88**9662^-672/-97^-221+^731-+--82-6336/1476,False
-26*52^1+-79--80-58*(42+27^95--86+21^1-74^1+87),--+*-81^-191-79-80*58+-+-+42^271-86^211^74187,False
(94-65)/(19-(-85/7)+72-(90/-13^1+-31+88)*-29/(2/58/92)),/-9465-+-19/-85772/*+-/90^-131-3188-29//25892,False
63-39^1*-64-67-4-55*20--76--77/-57+13^2--1+(12),+-+-------63^39-38-64674*5520-76/-77-57^132-112,False
96^2--36/(19*-88*9*(57/(17+29+(0^2+-25)*45*66-70))),-^962/-36***19-889/57+++1729**+^02-25456670,False
(63-66/52--100/(-78^1--7*(89-12*-58)^1-(35*-2-(-14*(86))))),--63/6552/-100--^-781*36^-89*12-581-*35-2*-1486,False
-86^1--74^1+28+-3^1-(-58/(-55+60+-48*98-15--97)--50),-++-^-861+-74128^-31-/-58-++-5560**-489815-97-50,False
65-80^1+79+-24-(-100--86/-43*(-38/(-78/98/-88+70^2-94))),+++-65^-84179-24--100*/-86-43/-38-+//-7898-88^58294,False
7/92/-83*-55*-70-(-12^2--48+83^2+-37)*-77+51*9^1,+-**//792-83-55-70*++-^-122-48^832-37-77*51*91,True
41+-69^96-62^2+24*57/5^2-9*26/(1--41+-56/-87),-+-+41*-6996^622/*4657^52//926+-1-41/-56-87,True
-33/-45^1+-19+-79/74/90/(92-59/-97-1+(21+-59+98^1)),++/-33^-451-19///-797490+-92/59^521++21-59^9828,False
5*(91--82-(-63-36--79--95*81+71^2-2^1--67/31*-32)),*5--91-82/-+----6336-79*-9581^712^21*/-6731-32,True
-49+(-64^2+-61/58--38^2--3+2-76)*-34-31^1-80*-72,+-+-49*---+^-642/-6158^-382^-3276-34^311*80-72,True
-59^2+5^1+2/85+77/24--52*(89/-54)*-71*90+-3*-96,+^+++^-592^51/285/7724***-52/89-54-7190*-3-96,True
-10--1^2+-68*9^2*-57+77*(-77*-67)^2+89-71^2--74,--++-+--10^-12*-68^632-57*77^*-77-67289^712-74,False
-40--85-65*-49--7--36--1*-60^2+-96^2--3/-1^1+23,+-+------40-85*65-49-7-36*-1^-602^-962/-3^-1123,False
23/-46*-14/-96/(-20+68--10*98*-4-65/6--65)-(-64^1+84),-//*/23-46-14-96---+-2068**-1098-4/656-65+^-25184,True
-48--27--7^1+15-28/-79^2-32/(39/63-13/-50/14/74),--+---89-27^-7115/28^-7974/32-/3963///13-501474,False
-77^1+33^1--88*9+67/-52-(96^1-33)*4*-50^2*-72,+-+-+^-771^111*-889/67-80**-^961334^-502-72,False
92+-64^2-34--75+96/64-32/85-29*-100/96^2+71*-78,+--+--+92^-64234-75/9664/3285/*29-100^962*71-78,True
41*12/-47^2--37*93+-13*15*-4--41^2+(32/-19--49^2),+-+-/*4112^-472*-3793**-1315-4^-412+/-99-19^-492,False
-13/-67-30+-55-(41*-32--74^2--50^82+-18-(92/87+14+-89)),-+-*-13-6730-55-++--*41-32^-742-5082-18++/928714-89,False
64^1+(-16^2+11*-89-(-22^-36+-100--51)/12+86+-42^2-(-5)),+^641-++-+^-162*11-88/-+^-222-100-511286^-422-5,True
97*26-(-8*44)*(-63*-2/-86*-83/27^2+-37--82/(59--75*65)),-*9726**-8-10-+/*/*-63-2-86-83^27290/-82-59*-3565,False
46--4+-84^1+(-63^1+29)/-51+19^1-(-68+82+42*-70*-31),-+++-46-4^-841/+^-63129-51^901++-6882**42-70-31,True
-50+-6^2--91^1+-99--78+92*-47*(21^1+(-6/-54)-1--91),+-+-+-50^-62^-911-99-78**92-47-+^211^/-80-541-91,False
-61^1-92+(18*76/-26--23/-23^1^98+-82+50^1+-42^1),^-^14192+++--/*1876-26/-23^-23198-82^501^-421,False
73*41/62+84^2+-43^1+-82--86*(-71*26^1--41^2-77),-+++/*734162^842^-431-82*-86--*-71^261^-41277,True
3*82-94+23-89^1--98^2--78+-29-57/84*-11^2+-39,+-+---+-*3829423^891^-982-78-29*/5784^-112-39,False
-74+-44/-43/-68*49*-27*23/66/23^2-47*-65/(44/33^1),-+-74//***//-12-43-6849-272366^232/*47-65/-45^331,False
-90/-41+60*48-99^1-86^1--8/73^1+(44^-83-(-40+(-50))),+---+/-90-41*607^991^861/-8^731-^442+-40-50,False
-66+(-66^1--18^1+53/(94/97*7^1+-64+-6+-66)/50*66),+-66+-^-661^251*//53+++*/9497^71-64-6-665066,False
-95*-29^1-72/-73^2-0-10/15+-89+73/63*90+56+24,++++---*-95^-291/72^-7320/1015-89-/7363905624,True
(-62-(67^2-69^64+(53/-35-59--23*56/94/-26+89/16^1))),--62+-^-552*6964+--/53-3559//*-23569458/89^161,False
84--46*0/-57--22/78^29+51/-66^1+-81^2--32^1-94,--++--84/*-460-57/-22^782/51^-661^-812^-321-14,False
-52^2--18*93-76^2+91^1+-90/-9/87/37--8^2+-74,+-++--^-522*-1893+762^911///-90-98737^-82-74,True
8^2-(-16+-44^1+-57)^1-22+15-50/62*92+-69*-39^1,+--+--^82^++-16^-441-5712215/506292*-69*-391,False
47^1-(64+51^2-(8^1--3)-86-29+(0^1+13/38/22)),-^471+----64^512-^81-38629-^01//133822,False
27^1-5*-46+-62*-82*-15+(52/-80+(18^2-87/51*(66/(-7)))),++-^271*5-46**-62-82-15+/52-80-^182**8751/66-7,False
48*(-85^1-35*-60^1-60/80/-43-0/67-63^2-(-60+86)),*48-----^-851*35^-601//6080-43/-767^632+-6086,True
62--86*(77+-67/-60/-3*-94--81*83+(77--54^2-4/23^2)),-62*-86+-+77*//-67-48-3-94*-81-10--77^-262/4^232,True
-80/16*77*19*2+40^2+88*-51^1--43--79*-62*-34--39,--/+++-80**1677^192^402*88^-511-43**-79-62-34-39,False
-27/81--14*38--23^9--81^2+-100^1+59--58^1+35^2,+-++---/-2781*-1438^-231^-812*-100159^-581^352,True
-21*(-33+84^1+-60/-31/14^2+(-78+-19)/80)--41/60-(-7/-58),--*-21+++-33^841//80-31^142/+-78-1980/-41-20/-7-58,False
-33*69/96-23+95+(-37--93/-81-(87+87+66-89*-16-7^2)),++-/*-3369962395-+-37/-93-81--++878761*89-16^72,False
-48/-71/75/-10/55-50-57/-31/-33+42+4+-32+-67/-91*-33,+++--////-48-7175-105550*//57-31-33424-20*/-67-91-33,False
-68+63+-33*(-70/90--78/61+-31)*(61+-42/(-95+89^1-17+3)),++-6863**-33+-/-7090/-7861-31+61/-42+-+-95^89117-39,True
(23/-3-38--78-(81^2-(-98+(-51+51^1--65/-82*(99+71^1))))),---/23-338-78-^812+-98-+-51^2130*/-65-82+99^711,False
77*32+-38/(-49/(96/-68)/98+60^1-(81-(-70-(63+(43+-79-(91)))))),+-7732/-38-+//-49/96-6898^601-81--70+63-+437891,True
-96--73*3*-87/-34*-27/-74+(-86^1-63^25+(86^2-64*-3)),+--96/*/**-733-87-34-27-74+-^-861^63-90-^862*64-3,False
-64+-13/-100*-52-19/(33-69)-40^1/-2/58/61-48-25-68,---+----64*/-49-100-52/19-3369^401//-25861482568,False
97^1-50^2+86-77+98-18--26*40*60--15/98-(-79/52),--/-+-+-^971^50286779818^*-264060/-1574/-7952,False
2+73^1+25+35^1+75--64+11*86*-48+(98*(-54/-61*(33))),++-++++2^73125^35175-64**-6486-48*98*/-54-6133,True
25+-7--61/76*26+-42^2--90+63/85--37+67-(87^2+-71),-+-+-+-+25-7*/-617626^122-90/6385-3767+^872-71,True
(-62--49-(88/-71--75--77+-2^2+88--83*-73*-47-88)+99--95),-+---62-49--++--/88-71-75-77^-2288**-83-73-478899-95,True
-13^1+-19/55+-89/-98/-63-31^1+40+(-28/(50/10^1--32)),++-++^-131/-1955//-89-98-63^31140/-28-/50^101-32,True
51+36+2+66^2--99^1--86+-71-38+97^1-27^1+-46,+-+-+--+^+51362^662^-991-86-7138^971^271-46,True
21*(99+-75)/77*-70+-55-(-68*-22^-74^1+6)/17-59+95*-50,+--+*/*21+99-7577-70-55^+/*71-22^-74161759*95-50,False
(89/-72*-7+56/97^1--95)--85+-55+-36/-34^1--67--42+-92,/--++--+*/89-72-7/56^971-95-85-55/-36^-341-67-42-92,True
-17^2-(-80+-74/-24*78/-35-55/-30/60)+-9--91/36^-22^1,-+-^-172-+-80/*/-74-2478-35//55-30-17-9//-9136^-221,False
65+-17+-66*-3+-1/-82^1-(-86*-75)^1+-83*-87--68-98*-21,--+-+++-90-17*-66-3/-1^-821^*-86-751*-83-87-68*98-21,True
-24^1+-58^2+-62*-7+85+-66+-33/70/(99/-91+-51^2--79),-++++^-241^-582*-62-4085-66//-3070-+/99-91^-512-79,False
91^1-30+(88/1)^2+-87+17*85*-6-74^2-90/86^1,--+++-^91130^*8812-87**1785-6^742/90^861,False
98-26+(-63+4+52/-66^1-32+-81/83)^2+70+-41/87/12,+++-9826^+^++-244/52^-66132/-7183270//-418712,False
-51/-20/-94+29*5*(-78-9^2+-31^1+-61--60+11*67^2),+//-51-20-94*/295+-++--78^92^-311-61-60/11^672,True
-3-2+-12-34+-79/66^1-(78^2-7/-60-9*-39/-99*-84),-+-+--162-1234/-79^661-/^782/7-60*/*9-39-99-84,True
-74^1+(0-26^1+-92)+39-79+(93^2+-14^2+-22*33-82),+-++^-741+-0^261-923979-++^332^-142*-223382,True
(-88/-17--65+-66+9+-67*33+-50)*-32+12-59^-13--24^2+5,+--+*++++-/-88-17-65-669*-673393-32-78^591^-2425,False
73^1-28+-97--73*23+-4+83+17+-18+-67*(-88/-92)^-65/18,+++++-+-^73128-97*-7323408317-18/**-67/-88-92-6518,False
-74^1+69+-74*-42/74^1+91*16+27^1+6^2+17--69,-+++++^^-74169/*-74-42^741*9116^271^6217-69,True
91+75+-31+(-10/-91-(-75*(77+-98^2+-60^1--71-(82^2-73)))),+++91-67-31-/-10-91*-75--++77^-982^-601-71-^82284,False
-20^2+87+90*37--91-99^1+70+-24^2--7/81+46^1,+-++--++^-20-8387*9037-91^99170^-242/-781^461,True
14+-9/64^1+35/22+77*4--10-(-26^1+46+6/70--65),--+++14/-9^641/3522*774-10-++^-26146/670-65,True
(61^2+-83^2+(15*-35/45--11+34*(1--8/38/-32)+32-(-39))),+^^612^-832-++-/*158945-11*34-1//-838-3232-39,False
23+-74-(-49^2+91/-54/90^2--45*38--22/18/(21*-76/-84)),-+23-74--+^-492//91-54^902*-4538//-2218/*21-10-84,True
-48-(98/(-66*-40+33^2--19/-50/-10+96^1+-23/-90-92+46)),--48/98+-++-+*-66-40^332//-19-50-10^9643/-23-909246,True
38*(83--82)^1+97/40-33^1+-20^2+-57--59*-80/10^1,-++-+*38^--8-821/9740/331^-202-57/*99-80^101,False
(57+(12*-91^2+-50/50^2-(-34^1+84^1-(64+60-35+-100)))),+57-+*12^-912/-50^502-+^-341^841+-+646096-100,True
28/12*-79^2--13*(57+12--35+-27^2--45/-74^2+37*-94),-*/2812^-792*28+-+-+5712-35^122/-45/-742*37-94,False
23-45+82/(67^2+-15*30/(60/-60+(11/-44^1-87^2-42))),+-2345/82+^672/*-1530+/60-60-+/11^-441^87242,False
-58^2-24^1-58+49*-43/-9^2+(-30/-87^2--22)*-17+51,++++--^-582^2615849/-43^-92*-/-30^-872-22-1751,False
42/-56^2+(-35/46)-30^2-77+19^2-39^1-71^2-41,---+--+/42^-562/-3546^30277^192^391^71241,True
38*71/-7^2+56/1*-99+83--77^1+(-61^1+(64-1+-49)),+*++/*3871^-72*/561-9983^-771+^121+-641-49,False
26*(-1*92^2-25/11)/-40*81*17/-1*-8^2+49+65-35,-++-*/*26**-1+922/2511-4081*/17-1^-422496535,False
-41^2-84*91*(-90+-37-74)+(-73^2+(-46^1+-89^1+-65/79)),+-^-412/*8491-+-90-3774+^-732++^-461^-891/-6579,True
-49/60*51/37*(-65-21*(-18/49*34+-20-90--54*73-79+43)),*/**-49605137--65*21+---+*/-184934-2090*-54737943,True
-24*94-73*-14^1--15--77/14+13^1--92+-11+-99-22/51,-++-+---*-2494*-3^-141-15/-7714^131-92-11-99/2251,True
-63^2*-3--57+10*-87^1+-71-78+-56^1-62/-98*42/-66,-+-++-+^-632-3-57*10^-171-7178^-561/*/62-9842-66,False
46*73^2+62+(64+47/88+-41*-89-25-83/-33^1+65-(-23)),++*46^73262-+--++64/47-38*-41-8925/83^-33165-23,False
-90+53--38*83*-86/9^2-(-7/-48/15^2-24^1+7/-87),--+5153/**-3883-86^92+-//-7-100^452^241/7-87,False
-14+81-16^65+7*87^1+44/90+-92/-86/79^1--56+-53,+-+++-+-1481^161-7^871/444//-9293^791-56-53,False
52^1^(40+-85-(-80^1+80+-49^1+(-96-9*-100+(-82/-42)/-10))),-^521^+40-85+++^-80180^-491+--96*9-100//-82-42-10,False
(-79--36^1--63+-8^2+(-98+-100)/-61-26)-43+-48*11^1+-1,++--++---79^-36123^-82/+-98-100-612643*-48^111-1,True
-46*(-71*-25)*25^1-33-72/78--81+-96--27/43*-23+-97*-75,+-+---**-46*-7174^25133/7278-81-96*+-2743-23*-97-75,False
-61/(-64*(-48/11--89-(55/2-2/83*-30/8)+57+41^1+-98)),/-61*-64+++--/-4811-89--552/*/283-30857+411-98,False
-62+35--11*-3/17*(42*61)*75--62*87*37--36^1-63+-43,-----+-6235+*/*-11-317*426175**-628737^-36163-43,False
-85^2--26*46+88*9/-19-25*-77^2-96/-67^1+82^1,+--+-^-852*-2646/*889-19*25^-772/56^121^821,False
98+(-41+-92)*-10^2-19-6/-3/34^2--11-22/(87-3*17),----+98*+-41-92^-10219//6-3^342-11/22-87*317,True
26/86/(-88*71)*84-98+(48/95--75^1+12--62+1/-100^1),+-*//2686*-88718498+-+--48-48^-75112-62/1^-1001,False
-4^1--17*90*-7+81^1-8--100-55/97/-89/10/61/-23,---+-^-41**-1790-7^8118-100/////5597-891061-23,True
-41+-2+(-19--59)--43^-19-44-12^2+-15+-61/31^2+42-32,-+++---++-41-2--19-59^-43244^122-15/-61^31824232,True
-46--85*99-32^1-(99^2+5*-50*24)-4^2-56-(-88^2),-------46*-8599^321+^992**5-5024^4256^-882,True
-16+-16/60-68^1+6*12*-64^1-15/58*-84^2+-70^1,+-+-+-16/-1660^681**612^-641*/1558^-842^-701,True
84^2+22+-6*-58+-75*-99+80/(28--81*-35--78/87--30-37),+^++^84222*-6-58*-75-99/80----28+-81-35/-7887-3037,True
3^2--56^2--29/-10/-59*76*-63/-84-34^1-54/-85*(-68),----^32^-562/**//-29-10-5976-63-84^341*/54-85-68,True
-99-(47*99*-49*-61+-55/92*(-84/-42^2*62-93--28--86^2)),--99+***4799-49-61**-5592---+/-84^-4226293-28^-862,True
1+-1+(32-(91*30^2-69^1+-10*-94+44^2+18--55+34)),++1-1-32+-+++-*91^302^691*9-94^44218-5534,True
85*-75*-9/(21/-100^1--79^1-18--46+(60^2-(88/-85*(-51)))),/**85-75-9+---/21^-1001^-79118-46-^602*/88-85-51,True
24-82+-19-61^2--18/-22*92*98*91+-71--66+4/-33/-69,+-+--+-2482-19^612+**/-18-22929891-71-66//4-33-69,True
2+-53^2-63*73-93*83-28/11*-7/20-(80+(-66-(39-97))),----+2^-532*6373*9383/*/28118820*80--66-3997,False
56^2+(-17*-69-(85+-25+55)^2-(83/-18*-37^1+9^1--41)),+^562--*-17-69^++85-255518-+*/83-18^-371^91-41,True
20/-15^1+(47*-57+-50)*-42-(94+81-88+-67+-16*(-60--38^1)),-+/20^-151*+*47-57-50-42+-+9481*88-67*-16--60^-381,True
73-46+-71+3+29/(-78/-90/-72*85^2+(59^1--78/31)-(-28)),++-73/46-713/29-+*/+-78-90-72^852-^591/-7831-28,False
(91/55/-50+4^1-9/65*70-(5/95+-72*-65+-24*37^1)),--+//9155-50^41**96570++/595*-72-65*-24^371,True
-96+-77*-77^2--62--83+(-7/2-70)/23-90+-68^1-1^1,-+-+--+-96*-77^-772-62-83/-^-72702390^-681^11,True
75+-5+-28*-18+-45^72/-96+68^1--49*56+(-71+-24+-18^1),+-++++75-5*-28-18//-4572-96^681*-4356++-71-24^-181,False
3+-2/-28/(28+-52)--77/-34^1--97-2--6/(71+-29^2+-64),---+3/^-2-28+28-52/-77^-341^-462/-6++71^-292-64,False
-5^-76-(-16--20/88)/-44/(-53*84/-21/-87--37^1+-63^2+-8),-^-52//--16/-2088-44++-//*-5384-21-87*-371^-632-8,False
9+-89/74^2+-8/52/(33^1+46+-36+96-65--68/(-87/(16))),++9/-89^742//-852--+++^33146-379665/-68/-8716,True
18-(94/-28--84)^2--32-(-7-63/-15)^2+58--3+(6^1+-37),+-+---18^*/94-28-842-32^--7/63-15258-3+^61-37,True
-90*-10^2*-28^2+(12^1--74-(-25-46/-79^2+-48*30--43)),++*-90^-102^-282--^121-74-+--25/46^-792*-4830-43,True
33/-8--26^2+95*10-48^2-13/86^2+-61*(-86*35*98),+--+-/3392^-262*9510^482/13^862*-61**-8635-67,False
28/-29^1-60-(92/28*(-12/-52^2-62^2--95*-53+-97)--90),--/28^-29160-*/9228+/-/-12^-522^622*-95-53-97-90,True
-66*-99/-27*-10--31--24--97+63/-85-56*(-37*(67--35+85-5)),-+---*/*-66-99-27-10-3126-97/63-85*56*57-+-67-35855,False
(-88/-75*52+46*-79+-22+(56-81--38)--78+-92)/32-11+25^2,+-/+-+++*/-30-7552*46-79-22--5681-38-78-923211^252,True
-24*73^1-97+45*40-(-88^1-(28*31^2+48+-99^2--53)),-+-*-24^73197*4540-^-881-*+*91^31248^252-53,False
-84+(-77*95/-15^1-(-62^1--65)--8)+-64^2-72*-98+54-74,-+-++-84--/*-7795^-151-^-621-65-8^-642*72-982074,True
-43*-49*-76+61*-21--15+-29/66+(9/-69^1+-3^1+31^2),++-+**-43-49-76*28-21-15/-2966++/9^-691^-31^312,False
-2^2-57+-41^1+-2*37+-18*-89+85*86*46+-71+51-36,-++-+++-^-22*57^-411*-237*-18-89*858646-715199,False
26^2+-38+-63-(24^1-5)-12^1+-91*-14+39+78*52/(-27),+++--++^26260-63+^2415^121*-91-1439/*7852-27,False
54*-51/98^2--8/(49^1+2^2+15+-18--83)-(69-9+-79),--/*54-51^982/-8-+++^491^2215-18-83+*69910,False
(70/29*-47)-25-(-70--22/-36/-16*-22-(13*(-20^1+13-81^1))),--*/7029-4725---50*-/-22-36-16-22*13-+^-20113^811,True
53-27*-83+(77^1--30--99-99/58--63--88^1+-60)*(84^1),+-53*27-83*+-----^771-30-99/9958-63--881-60^8425,True
(-72^1+-62-(-12/66^1-60*(92^52*-44+54^1/91*(78-15)))),-+^-72-66-62-/-12^661*60-+-92*52-44^541*91-7815,False
-94+(-45--92/(-8*-1-74^2+-1)--18*(-89*45+-99)/(-16^2-74)),+-3---45/-92+-*-8-1^742-1/*-18+*-8945-99-^-16274,True
43*-43^2+(53^2+88-98)*83/-4/-80*-88--42+(-39/39-27),+-+*43^-432*//*-+^532889883-4-80-88-42-/-393927,True
29^2-48--43^1-62^2-(91+70^2+(-59+-74--77^2--38)),----^29248^-431^792++91^7043--+-59-74^-772-38,True
-7--22+-67*-89/97/57/-16+(-69/(59*-10*68-(36^1+-84+77))),++--7-22/^/*-67-899757-16/-56--59*-1068++^361-8477,False
89*88-78*-39--33--52^1-(44/17^1^(46--95/-99/(-88/67))),----*8988*78-39-33^-521+/44^171-46//-95-99/-8867,True
20/94/72-86*-61*-10-97^1+81+56-56/-51--52^2-(-7),---++--//209472**86-61-10^9718156/56-51^-762-7,True
28*76*-95*(2+-32*-38^1-(-45^2-70)^2+7)+(41*-2*-1),+***2876-95+-+2^-91^-381^-^-5727027**-73-2-1,False
-77^1-(80-82/-11/71*-97^1-(2-78^1+-6/(-88^2-81))),-^-771--80*//82-1171^-971+-2^781/51+^-88281,False
80*1-62/-37-49--32/-78+87^1+(28/37*-58^2--87-45),++---^801/62-3749/-32-78^871--*/2837^-582-8745,False
-60--68/-2+63/16/87*-50^1-(20--100^2+-77^2^-61/(85)),-+--60/-68-2*//631687^-501++-20^-1002^-772/-6185,True
-47-(91^1+(-15+-34-37+-100/47*(14*36^2+20)^2+85)^-55),--47+^911^+/-+-19-34-20*/-10047^+*14^362202852,False
6-(-8-(-67/71)^1+-61*-73*(-4-63)/99/5-77^1-13--33),-6---+--8^/-67711//**-61-73--4639941^77113-33,True
71/49-82*-2*4*(92/(-26^2-23--7-98^2+54-88^2)),-/7149***82-24/92-+---^-5223-7^98254^882,False
-61+30/(40/-32*1-8^2+-25)-1--68+-88/94--64*95--85,---+-+-61/30^+-*/40-321^82-251-68/-8894-6495-85,False
-82/-25^1+-43^-7/63*97*87^1-(-34--35)^2+(-41--21)^1,+-+/-82^-251**/*-43-76397^871^--34-352^-57-211,True
35+73*-89/55-29*-61--91-88-86^1--20/49^2-21/54,------+35/*73-8955*29-61-9188^861/-73^492/70-35,False
-26-(70^2+80^1+22^2+28)-37*90*41^1+-16/-92*(-94),+-*-26+++^702^801^22228**3790^411*/-16-92-94,True
-7/-49+-10^2-(4*-51*(98^2+40*38/-93*26^1+-49)--3),-+/9-49^-102-**4-51++^982*/*4038-93^261-49-3,True
-60^1+8-46^2--23--23*(91*18+47^2-23/-51*21*95),---+^-6018^462-23*69-+*9118^472***23-512195,False
-16/-11+-94+61+-85*49+20-(39*-54--84*(21*-27^1--13^2)),-++++/-16-11-9461*-8549-81-*39-54*-84-*21^-271^-132,True
-69/-75+44+(72/(-38*-3*-11-21*20^2+(-50*8+15)+73+-8)),++/-69-7544/72+++-**-38-3-11*21^202+*-5081573-8,True
-34/-41*82*-16/51+-9+(33/56)+-80/-91/(79-(98--39)^1--60),+++/**/-34-4182-1651-9/3356//-80-91--79^-98-39189,False
(98+31*(95/40-62--52+-3)^1-15-2--25*77+63*-26^1),+/+-+-10*31^+--/954035-52-31152*-2577*63^-261,False
-78+39/-82+74+46+-49*62/23*93--92/46^2+-33^1--69,/+-++++-78/39-827490*/*-49622393/-92^462^-331-69,False
38*16--2/-36+0--53+46/-77*(11/-92/52/-78+-43^1-37),+-+-*3816/-2-360-53*/46-77-+///11-9252-78^-43137,True
89^2+-34/-40/61*-58*-67+46--58^1--63-89/-17^1--23,--+-+-+^892*//-34-4061-58-6746^-581-63/89^-1713,True
90*-65^2--74*52*53^1--22^2--91^2--51*-52*99+16,+--*-*68^-652**3552^531^-222^-912**-51-529916,False
-36*11^1-63*17-38+-47^1+73*-27+(3^2--72-46)-14,-+++--*54^111*631738^-471*73-27--^572-724614,False
68-90^2-(-87/2*-80--74)^2-7/-84+2^1-62-75/-35,--++---68^902^-+/-872-80-7427-84^2162^75-35,False
(-64--35^1--94/-77--41^2-(36^1+93^1--88*-29)^2+-71),+-----64^-351/-94-77^-412^-+^361^931*-88-292-71,True
(5+-19--58+61+24+-50*-2^2+-70*-36^2+-18*-53+-67*11),++++++-+28-19-586124*-50^-22*-70^-362*-18-53+-6711,False
-21/61/(52--47)^2-68*65-44*32-10--76/-68*(-84^1+74),----//-2161^-52-472*6865*447110*/-76-68+^-84174,True
75/-11/(69*29+-82/30^1-12^1--59)/22^2+-19^1-(37),-+///75-11--+*6929/-82^301^121-59-222^-19137,True
83*-64*-23+53^2+-88/36-53/-48+20/44+97/30*81^2,++-++**83-64-23^532/-8836/53-48/2044*/9730^812,True
48+-100/65*(-29--57^1--13)^1+3^2+-62^2--95^1+23,+-+/+48*/-10065^---29^-571-131^32^-622^-955923,True
52^1--88*-2/48*(65-83/-2/85*-65^1-44/87*10*-42),-^521*/*-88-248--65*//83-285^-651/*/44-1410-42,False
54*-94/21--57-56*-84+-89^2--81*73/42^2+-34^1+-2,++-+*-/*54-9421-57*56-84^-892/+-8173^422^-341-2,True
-85+-46/30+-94/(-27+49+-22+51-38--51/90+11)-(46+18*-95),-++-85/-4630/-94+--+++-2749-165138/-519011+46*-51-95,True
(68/-81+96^1--16-94*-10+2)^1+81*-6-(8^1-11-79),-+^+--*/68-81^961-16*94-1021*81-6--^811179,True
-71+12^2--14-4+41*(43*62/-3*76^2+-76/(84^2+-4)),+--+-71^282-144*41+*/*4362-3^762/-76+^842-4,True
50+-7+89*-61/-93/(67+63)-(-18*18^-92+-69/84)*56^2-(-37),--*+50-7//*89-61-93+6763*+*-97^182^-6984^562-37,False
28+29--97/17^1-13--70+22+24--1*44/(-68+-5--34--2),-++---+2829/-97^17113-702224/*-144----68-5-34-33,False
(67^1-73/43^2-37+95/(-90^1--28+99^2+-31-(-41*-32))),+--^671/73^43237/-9-++-^-901-28^99-39-31*-29-32,False
-53-1/15+(-47^1+28^2+(-88^1--35+-54/-29^1-(63^2))),+-58/115++^251^-712-+-^-881-35/-54^-291^632,False
(-21-(-32/-11^1-(-93/8/(-84^1-(-62^9-83*26-(-98^2+(58))))))),--21-/-32^-111//-938-^-841--/-629*8326+^-98258,False
92^1+-44+47--52*(62*-71+75+84/(96--28/-24--57^1-(-51))),-++^921-4447*-52++*62-71-35/84--*96/-28-24^-571-51,True
-52^1+6*-38*-32+-20/-52*-78+-12-69/(-88-1*4+91*-46),-+++*-521**6-38-32*/-20-52-78-12/69+--88*14*91-46,False
63/-52*1^1+70/48^2--81^2--53*42/-84+81*52/39,+-++*/63-52^11/70^482^-812/*-5342-84/*815239,True
61/-11-(41*16*(3+(-98+-36^2--22/-72^1+43)^1-(91/-14))),-/61-11**4116-+87++-+-98^-902/-22^-721431/91-14,False
(-73*-53+1+-78+15--94)^2+(55--82/38-87+-19/97)/91*71,+^-++*-73^681-7815-942*/+--55/-823887/-19979171,False
48/-77+31^1--51+-60^2--69*44+-17*36*-64--31^2--76,--+/+-+/48-77^311-51^-602*-6926**-1736-64^-312-76,True
-88-(68^1+36/7*-64--8-1+74*(67*-81-(-42^1+-64^2))),--88+-+^68-59*/367-64^-81*74-*67-81+^-421^-642,False
98+-18/18--36-61/-29-96-62-(-48+62/87)*-51+20+-25^2,++----+98/-1870-36/61-2996**62+-48/6287-5120^-252,False
-58--66*-6^2+38^2-9/69*30^1--67/-91+-91-50+38,+-+--+--58*-66^-642^382**969^301*-67-91-915038,False
-96/85/-79-4*-94^2+(-92^2+71^1-67+(89^2--29*71)),+-//-9665-79*4^-942+-+^-922^71167-^892*-2971,True
-30*-68*-56-53/16/(-10--32)--41+25^2-(76-28--2^2-39),-+--**-30-68-56//5316--10-32-41^252---7628^-2239,True
-2^2+50/91+-19^2-39--77/-8/-11/-82--12^1--21^2,----++^-22*5091^-19239///-77-8-11-82^-121^-212,True
-19--95^1-(9^2+45/41/4+-55*-55--70)--59*20^2--55,-----19^-951-++^92//45414*-55-55-70*-59^492-55,False
-99-(-30+-80/79+-72-66/42)/(78+-5+50--7+-29*-85+-45^2),--99/-++-30/-807955/6642++-++78-550-7*-29-85^-452,True
71*-93/42^1-(51/52+45)/-16-70-(-10/80^1+37+-64+(-8)),---/*71-47^421/+/515245-1670+++/-10^80137-64-8,True
1+-52*(-29--59+37*(-67/6/77)^1+84-99)/(83--90-50^2),+1/*-52-++--29-59*37^//-6767718499-+83-90^502,False
-68*-38+88+99^1--18*19/68--83+36+77-(66^1-30^2),/++--++*-68-3888^991/*-181968-833677-^661^302,True
83+7/(-8+(-93*57)+-33--31-16-71/-72*66/-22^2+-25/-1),+83/7+--++-8*-9357*-33-3116/*/71-7266^-222/-25-1,False
-55^2+68-41*-84+70*57--28+45/-24+-61*-94/-30*-40/73,++-+-+^-552-22/41-84*7057-28/45-24/*/*-61-49-30-4073,False
1*-54*-43/35^1+-100+22^2+(75^2-0*(-87-45)^1-87),+++/^*1-54-43^351-100^222--^752*0^--8745187,True
-25^-10+38+77/59^2-(31+54^1-22-30)*(10-(-79-(-53^2))),-++^-25238/77^592*--+31^5412230-10--79^-532,False
58+-24-1/13*8-(-32*30-70+93*85/(-93*(-81*48+-100/39))),--+588*/1138+-*-323070/*9385*-6+*-8148/-10039,False
95*(-65--30--65-(-59+-100/-50^1--81--74)+0*78^1+(29*70)),*95++---35-30-65--+13/-100^-501-81-74*-46^781*2970,False
-45*96+(-25--51*-100^1-36/-10/-52+75*-100^1+73/56^1),+*-4596+^---25*-51^-1001//36-10-52*95^-1001/73^561,False
70/-56-49-95*(-18+(82*-17*(-73^2+30^1+(-95*-85*38*90)))),--/-12-5649*95+-18**82-17++^-732^301***-95-853890,True
-78+73^2+96*28/-31--78*-51--71^1--26+82+2--52^2,-+----+-78^732/*9628-31*-78-51^-711-26^822^-522,False
29--43^2+-21-(72+-40*73)*(-11/-78^(48*-75*87+12+49)-(20)),^+-29^-132-21*+72*-4073-*/-11-78++**48-7587124920,True
38^1--96--6+21^1+70--9^1+(47/13*-45+-63)+90*-77,++-++--^381-96-6^21170^-91+*/47766-63*90-77,True
28^2+-80/-68/(94-95^1+(28*(-95+-87--14)+33/-22)/-60/-65),+^282//-80-68+-94^95-28//+*28-+-95-8715/33-22-60-65,True
12*69+92/-15/-15/5/-95*-37/87^1-23*-37*39*-36-(73),--+*1269/*////92-15-155-95-37^871***232239-3673,True
5^1--9^2+-54+70*-76+53--93/22--68*-12^1-35^1,--+++-^51^-92-54*70-76//53-9322*-68^-121^351,False
-98+(-30*82/-34^1+79-29)-32/(-49/36^1+-53)-(36/26/-61),--+-98-+/*-3082^-34-487929/32+/-49^361-53//9626-61,False
46--36/71-23*(-72-2/84*49/-44)+96+-85*-36^1+-32^2,+++--46/-3671*23--96/*/28449-4496*-85+-361^-322,True
-17^2-89-(6^1+18+-41/-92/-22^2--3)*44^1--67/-16,---^-17289*-++^6118-/91-92^-152-3^441/-67-16,False
(-93^1+(-7^1+-83--92+93*25)+-31*-43/(-32*-45^1+(-34^1))),+-^-931+-+^-71-35-92*9325/*-31-43+*-32^-451^-341,False
-18*-64-2^1+95-88^2+-33--45^2-68^2+92^1+92,++--+-+-*-18-64^2-9227^882-33^-452^682^92192,False
(-95^1+-72^2-(-26/-46^2+59/29^2+36*-6^85+87/-77)),-+^-951^-142+++/-26^-462/59^292*36^-62/87-77,False
82-95*-94/90/48^2+59^2+-81*76-63^1+2/90+-30,^+--++-82//*95-9490^482^592-8176^631/290-30,True
-6^2-14--93/-31+-95+17^2-35+-48+50-43*-52*(-46--91),-++-++--^-6214/47-31-95^172-86-4850**43-52^-46-91,False
92*4*(73+7^2-81/62^2+-84)+-69+51+-46/-54/-62/-80,+++^*924+-+73^72/81^-362-84-6951///-46-54-62-80,False
77+68/-56/-44+72--51*-21^2+13/19^2+-75*-27*29/-61,++--///7768-56-4472*91^-212/13^192/**-75-2729-61,False
49^1+24/55^1+-71*-94-(79--31)+43+-82-14/-26+(-78/(35)),+-++-++^491/24^551*-71-94-79-311-82/14-26/-7835,False
8-73^1-16^2-49*-84^1+70^1--29-37/62^2^98,---+---8^731^162+49^-841^701-29/37^62298,False
(-16+34-28--24)/-85/52*69+70--14*80-98^2^-1^1-38,-+--+*//--+-163428-24-85526943*-1480^982^-14238,False
89*56*89*-8-(-50+-53+-71/80+-81/-25+96+(94/37^1-63)),-***895689-8+++++-50-53/-7140/-81-2596-/94^37163,False
-19*5+60/-7-85*-91*-45^-57+-56^2+-3+61/-40+91^1,++++--+*-19560-7**85-91^-451^-562-3/61-40^911,False
-26-4*-89+(12+-37/76^1--21*-38/-25+(19^2-(-24*(82*-98)))),+--26*4-89+-+12/-37^761/*-21-38-25-^192*-24*82-98,True
28+-70/-76/36*41-(97-95/22+-13*2+37+74/-6^2+71),-+28*//-70-763641+++--97/9522^-13237/74^-6271,True
(-37^2-(-12/-96)-87/-99^1+(97^1--60-84*82*(35*-67^63))),+--^-372-68-96/87^-991--^971-60**8482*35^-671,False
(-74+92/-3+5*91-66--81^1--74/79/(-19^1-15)/97--87),----+++-74/92-3*59166^-811//-7479-^-191159754,False
-74^1+-61+-6--35^1+79*-73^2+-100/63+25*(-53-2-24),+++-++^-741-61-6^-351*79^-732/-10063*25-^-53224,False
39^2-7+(-74*-20--50*-80^1-62-(41*62+30^1--75--78)),+-^3927---*-74-20*-50^84162--+*2662^301-75-78,False
-92+(-2*(6^1+41)/97^1+-45)/-48^2+-74--1+-48/-92/38,+-++-92/+/+-2+^87141^971-45^-482-74-1//-48-9238,True
-48-64/-74/-96*(-45^2+-26+7+60-(74*50)*77--68/-95^1),--48*//64-7491--+++^-452-26760**745077/-68^-401,False
-37+-91^1-(-19+29*-78+18^1+58+38-25/19--19/23^1),-+-5^-911--++++-19*29-78^1815838/2519/-19^231,True
-84*-63+(15+-68^2-46/54--71*4^2+-55/(65+-26)+-77^1),+*-84-63++--+15^-682/4654*-71^42/0/65-26^-771,True
47/-84-83+-58-26^2+-98^-80-95+(51--77/-10)/83*-32/41,+-+-+-/47-8483-58^262*-98-8095/*/-62/-774183-3241,False
65--48^-86^1-29+-58-63-(35+67+-96-3+90+12^2--62),--+---65-48^-86129-5863-++-++3567-96390^122-62,True
23*-79+-76+25*54/72+-17^2+-72^1+-38*-62*(-50/14+-18),+++++*23-79-76/*255472^-172^-721**-38-62+/-5014-18,True
77^1-27*-85+34-(-30*41/-59/29*97)--46/(95^1+42)+67,+--+-^771*276934*//*-3041-592997/-46/^9514267,True
73*8^1-(-99--69)*46-79/47+-26*(78^2--97--58/-50^1),+--*73^81*--99-69-27/7947*-26--^782-97/-58^-501,False
-97^2+57+6--27--58-29/-23-94/86^1+-49+-51/36+98,+++----++^-972576-27-58/29-23/94^861-49/-513698,True
-53*80/38^2--54/(-22+45)^1-(-62--61/(11+-55/-46*45--30)),--/*-5380/382/-54^+-22451+-62/-61-+11*/-55-4645-30,True
-1--83*-27/71/-41-9/70/-57/79/68*2+-60/16*(80*97),+----1//*-83-2771-41/970*//-5779682*/-6016*8097,False
-7-50+-4^1-(-99*26*82)+33/-35+-89*39^1-77+-53*90,+--+-+--750^-41**-992682/33-35/-89^39177*-5390,False
16*81-(68+-70)*84+-64-67--17*-30+(-4-35+95*-81+-79/(37)),+--+-*1681*+68-7084-7767*-17-30++--435*95-81/-7937,True
34^1-12*-5+-54/-35^1--45/67/31-8*3^2+(-24+33),+--+-^3454*12-28/-54^-351//-456731*99^32+-2433,False
57*-79-38/-90+-21*(91-(33^1+73/-12/-99-(53^2+-9+-12))),+-*57-79/38-21*-21-30-+^331//7342-99++^532-936,False
-2-34^2+-83-62^1+(-17*-95-38^2-98)^2+-80+1/-27,+++-+--2^342-83^621^--*-17-95^382982-80/1-27,True
-92^2+30/24^2+24^1+-67/-77+2+(-86+-4^71*(-5+23)),+++++^-922/30^242^241/-67-772++-86-4*71+-523,False
-38^2-86*24*-29--45+92+-92+(66+5/-38+-68+11+13)/-18,++---^-382**8624-16-4592-92/++++66/5-38-681113-18,False
-92/(36-2+57+(5^1--44-(-42^64+79/94)+-40)^1+41+-25),/-92-+++^36257^+---51-44+^-422/7994-40141-25,False
-70*-20--99-77*94+-50/-65^2-68/46^1--65*96^2--7,---+--*-70-20-99*7794/-50^-652/68^461*-65^962-7,True
88^2-(-86-19*2+-42*63--50*45+-98-30)^1+82/98--63,-+-^882^-+-+--86^192*-4263*-5045-98301/8298-63,True
-79+-15/-38/-33/-94^1--93*67*-41*-95^2+43+-24/94-19,-++-+-79///-15-38-33^-941*^*-9367-41^-95243/-249419,True
-44/97/66*-26-26*98*-23^1-43^-100--15-85*0/-99/(-62),----*^/-449766-26**2698^-231^432-15//*850-99-62,False
(-1*5+-59+80*(-81/-26+-47^1-9)--39-(73+54-4--56)^32),--++*-15-59*80-+/-81-39^-4719-39^--+73544-561,False
93*-40--73*-74^2^62/94+-64+-31--79^2+(-3*-10-86^1),+-+++-*93-40*-73^-742/629430-31^-792-*-3-10^861,False
45/-60^2+75+-44--33/64-86*-13^1/65+17*52^1-(-47),-++--++/-88^-60275-44/-33-52*86^-13165*17^521-47,False
-25^2*45*60^2-68^1-28/-1/45^2-17/-64*(37/(-44)),----^-252*45^602^11//28-1^452*/17-64/37-44,False
-59/93+95^2--39^2--36+32+(93+-12/(-27-19^2-50*44)),++-/+/-5993^952^-392-3632+93/-12---27^562*5044,True
33*85^1-33/(-60^1+-93*-15/15--44*(-65/22--41-93/26)),-*33^-701/33-+^-601/*-93-1515*-44--/-6598-41/9326,False
-45^1+0+-27/-54/-29^1+(97/99)/44/-14^2+-74*76^2,++++^110//-18-54^-291///863444^-142*-74^762,False
55+71*-36--85*83^1+-20+30^2-56*78^1-29*-40-97,---++-+55*71-36*-85^831-20^302*56^781*29-4097,True
-7^2+(-15--4*-85^2-(15*19*-56+10+73--89^1-32^2)),+^-72-+--15-4^-852--++**1519-561073^-891^322,False
-49-4+46/12/-94-(-97--97^2^-94*(-40--52*-11)--54*-16+-80),-+--494//4612-94+-+--97^-9758*-94--40*-52-11*-54-16-80,False
45*65*(77^8-84+-11-(82^2+62^2-23/-79+22*-81*94)),**4565-+-^77284-47+-+^822^622/23-79**22-8194,False
-68*-90/(-9-5)*-73/2+69*94--98^1-3-71/-15^1-28,----+*/*-68-90--95^-732*6994^-9813/71^-15128,False
62+(-7+(45+-40*23^2+75-60*91+67*43+65/51)-77/-9),+62^+-7++-++45*-40^23275*6091*6743/6551/-48-9,False
(23+-33/-87^2+-37*-92^1--28/78/86/-51+95--48^2+84),+-+-++23/-33^-872*-37^-921///-287886-5195^-48284,False
58-12/-49*(-31-20*-9*82)*(82*69^1--93+32/-45*-14--81),-58**/12-49--31**20-982-+-*82^69-77-25*/32-45-14-81,True
-69--35^2-43/-62^2+-26-86^1+-54*-62+(-34^1+-33*-72),++-+---69^-352/43^-622-26^861/-54-62+--341*-33-72,False
96^2--86*88-42--20-59*-91*63^2/-48*82*-57/-10-15,-+----^962*-8688-17-20**-92-91^632/**-4882-57-1015,False
-81^2-27-0^2--92+(48/-10-(17^1+(-59*-89--45/5/-23))),++--^-81227^02-92-/48-10+^171-*-29-89//-455-23,False
68*(13^2--58-(-13+-32)^2--93*6*-37^1-7/17/-35+59),*68+--^-^132-58^+-13-322**-936^-371//717-3559,True
(70--29--71^1-12--18/37)*98/(-10^2-97/5+79/5^2),/*----70-29^-71112/-183798*-^-102/975/79^52,False
-88/-34+-18+63*76*46+-55*(50+-4/-63--65-(-9^2-38+(-58))),+++/-88-34-18**637646*-55--+50/-4-63-65+-^-9238-58,True
-24+97*-89+(-93--85*83*-56/(70/68+-39^1--55/(26--72--62))),++-24*97-89--93/**-8583-56--/7068^-391/-55--26-72-62,True
94/64*-55+90+-75+-26^2+45*44/-85/68+-28*52*-23+18,++++++*/9464-5590-75^-262+/*4544-8568**-2852-2318,True
2*74*(-96^2-39/74-34*-25*(-11*-32--10)+11)+-74^2+0,++**274+--^-962/3974**34-25-*-11-326311^-7420,True
81^1+-81+91-5-(61*15*-54)^1+24-(-97/8^2-34+-89),-+--++^811-81915^**6115-54124+-*-97^8234-89,False
(-49*-54)/-41+70^1+12*(-61-(-25/-50*-42/33+17^1+61)+-6),++/*-49-54-20^701*12+--61+*/*/-25-50-4233^17161-6,True
34/-62/-78-78/7^(4/-70+-10)*96^1-(43*-44*(-83+-6*-21)),--//34-62-78*//787+/29-70-10^961^*43-44+-83*-6-21,False
(-86+-50)+3+-73^2+(95-(97*-91-(-34+5-33+(33*85+28)+-17))),++++-65-503^202-95-*97-91++-+-34533+*338528-17,True
1^1--11/56*76^2+52/-83/23*53^2+4/-50^1+9,*++-^131*/3056^762*//52-8323^532/4^-5019,False
66/(89-89--79*56^1+-17+20^2+-93*-24*87-(81+-56/52)),/66-+++--8989*-79^561-17^202**-933887+81/-5652,True
-85*-9*(70/-16-11/84-64/11)*33+94--26*-28+64^1--43,-+-+***-85-9--/70-2/1184/6411-5094*-26-28^641-43,True
(-47^1-68*-71)*-46^1--42^1+(-16/44^-24/-70^2--19^1),+-*-^-471*68-71^-461^-421-+/-1644/-24^-702^-191,True
(40+1+(53^(7-63^1-(47+54)^2+(39*-90/(97^1+81-92))))),+^401+53+--7^631^+47542/*39-90-+^9718136,False
-13-(-79/-82+-58+31*64*(30-68*73^1-47^2-86-63-85)),--13++/-7994-58**3164----30*68^731^47286/6385,False
60^1+(-75+10*-96*-57-97)-67*-95+-74-28+-10^1-(-27*-26),-+-+-+^601++-75**10-96-5797*67-95-7428^-101*-27-26,False
86^2+-49*7/81*23^2-21/-83^1+23-95/39--99*-78,--+-+^862*/*-49781^82/21^-83123^9539*-99-78,False
-91+(-4-15^1+(-9/58--16/67^1--40+-3/-93/(-31^2-43))),+-91---4^151+--/-978/-16^671-40//-3-93-^-31243,True
78-99+(31+47/(56^1--37*89-12^1+-55--12^2+51+-99)),+-7899+31/47++----^161*-3789^121-55^-12251-99,True
6+-72*92/(87/-37-(-96*-74)/42-71-52)/-93/14/70*57+65,++31/////*-7292---/87-48/*-96-74427152-9314705765,False
-20*2*-21*32+-3*-79^1+37+60*69+8--36/-52*-37^2,-++++***-202-2132*-3^-69137*60698*/-36-52^-372,True
23+-73+(55^1--95^1+53-(90^2*(-60*90-9+-33*-77*68))),++23-73-+-/551^-95153-^902+-*-60909**-33-7768,False
50*89^2+-95--79+(60-(31+-49^-10--89/-70/65*1/37*-83)),+-+*50^892-95-79-60-+31*-49-10*/*//-89-706513731,False
-98+-55+75/-70+79*-39*91^1+(52/(-54^2+90/-60)/(-98--56)),++++-98-55/75-70**79-39^911//52+^-542/90-60--98-56,True
-28--6^2-(-78*88+(45--44/-31*50*64^1--8/11^1*(96))),---28^-62+*-7888---45*-/-44-3150^641/-8^11196,True
(-2*24+-33/(-61*17*-2*-98/-11)*21--96^2-(-38/90/38^1)),--+*-224*/-33/***-6117-259-1121^52//-3890^381,False
-5^2+23*(55*33+-34--62-36*-66--66-4*59*62/-48+73),+^-52*23+----+*5542-34-62*36-66-66/**45962-4829,True
97^2-87+46^2--21-56^1-44-63^2-14+-93+-37--94,-++-----+-^97287^462-21^56144^63214-93-37-94,True
7^2+-19/-28/63-8--93^1+84*(-8-80/98^2+78*-34),+--+^72//-19-28638^-931*84-+-10/80^982-68-34,False
(96*-48)/-74+74*-8*38+18*-87^2-94^2-(21-19--4-8),--++/*96-48-74**-46-838*18^-872^9418---2119-48,False
-22/38*81*-36^2--64*-27^2+-54--39-13/49--19+87--9,-+--/+-**/-223881^-362*-64^-272-54-39/1349-1987-9,True
58/(1/84/-42+-85)*-78/-72*(-32--11-88*(71*-76+-61^2-76)),*-*/58+//113-42-85-78-72---32-11*88-+*71-76^-61276,False
-81^2+-20^1-(-10+-46*34-88/(-96^1-51--67+71^2-40)),-+^-812^-201-+-10*-4634/88-+--^-6151-67^71240,True
-88/29/-42--70+-11/-20*70*-67+-12--25*33/-49*13-68^1,-+++-//-8868-42-70**/-11-2070-67-12*/*-2533-4913^681,False
55^1+-48^2--65*-62+33+69*48/8-10/-11*25+36*-55,+--+-+^551^-482*-65-6233/*69488*/10-1125*36-55,False
-45-(-9^1--66-67*-82/-17/71+-71*-92)/(49*-10)*12*-14-29,-**//-45+--^-91-38//*67-82-1771*-71-92*49-1012-1429,True
-19*-14*-12/-84-(14-17--38*70)*14/-65+10-2--34*71^2,--+-/**-19-14-12-84/*--14-62*-387014-65102*-34^712,True
-62-32+-62*-17*(-4-(75*56/45^1+-83*-28/28*43+23-13)),+--6232**-62-17--4++**7556^451*/*61-282843/2357,False
13^2+12^1+(-97^1+19/(-69^1-98^2+94--7*8--22)),++^132^121+^-971/34--+-^-691^98294*-78-22,True
-40+-92/-74/3+-37+(-45*28+7)/-92^2-90-92+-21--61*(96),-+/-+++-40*/-92-743-37/+*-45287^-922909284*-6196,False
91/-48+-92-1--1*-57-(-87-89+47+25^2+-73-9)-(98-70),---+/91-48^-921*-1-57-+++--878947^252-739-9870,True
7/-92/-85*(75+-58/(19/38^1--87^2-99*-57)*-22^2+-64),*//7-92-85++75*/-58--/19^381^-872*99-57^-222-31,True
57*56--20/53--56-53^2-(80^1+-73/-17-50-74/-56)*28,----*57-15/-2053-56^532*--+^801/-73-1750/74-5628,True
-45^1-82-68/41/89--47*-22*-24*82*55+-77-12-(11*47),--++--^-45182//684189****-47-22-248255-7712*1147,False
95+58/-56/62+-72+(-22+(-18*11/30)^1-24/(55/92*-71)/50),+++95//58-5662-73-+-22^/*-1811301//24*/5592-7150,True
20/5*12*29-64+-69+-49-62/26--98+71^1-(26+(-65^2)),-+--++--/205*122964-69-49/6226-98^711+26^-652,True
-11*(-21/77/26+91*51/-24*-96*-64+-30*-16)/-52^1-69^1,-/*-11++//-217726+*/*9151-24-96-64*-30-16^-521^5252,True
87*-59^2-10/34^(-77^1+8-24)/74-97/-10-(-57+-39--20),---*87^-592/*/1034-+^-77182474/97-10-+-57-39-20,False
3*-83*-74-(-43^2+72-10+31+25^2--12-48^2-90)^2,-**3-83-74^---++-+^-432721031^252-12^482902,True
-14+(-95*-2^1--90*52+(92-(17*-15/-51)*-68*(-56^2+-72/(62)))),+-14+/*-95^-21*-9015-92**/*17-15-51-68+^-562/-7262,True
17^-94^2-45/(-56^1+-9)/-44^1+(79+(97+63--97+-84/75)),+--17^-942//45+^-561-9^-4431+79+-+9763-97/-8475,True
-29^2+82-(62/-33*70+36--24*3^1-99*66)^2+-53-65,-+-+^-29282^--+*/62-337036*-24^31*99662-53-30,False
-1/-76+-25/-62+(23/12/(-28+(49*18/-91-19^2--19-66^68))),++/-1-76/-25-62//2312+-87+---/*1618-91^192-196668,False
-68+0/(90/99+-82*-81+(4+-76)-42^1+-54*-65+-22+-9+(-73)),+-68/0++++-++/9099*-8224+4-76^421*-54-65-22-9-73,True
(-52+-55-12)/-99/-30--72*-65-(-19-99-(-65/1*30^1+39--57)),--//-+-52-5512-99-30*-72-65---1985-+*/-651^30139-57,False
-67^1--87-96^2+-14/13/(49^2-24)*39--56+10*51/34,+-+--^-671-87^962*//-1413-^4922439-56/*105134,True
-66*75*(34--5*(-42+51*19+-36+-63+-13/-100--60+-69--19+(65))),**-6675-34*-5+-+-++++-42*5119-36-63/-13-100-60-27-9265,True
48/-55*92^-87+-35+-18+-22*(-11*-10/-26/(-59+-12^2+81)+7),+++*/71-55^922-35-18*-22+//*-11-10-26++-59^-122817,True
73^1+-18^1-(-55^2+-27+-79/-88^1+(-20+14^1-14+-36)),-+^731^-181+++^-552-27/-79^-881+-+-20^14114-80,False
50+(94/-31*95/96)^1+49*68/-30*-95^1+(-35^1-0^2),-++50^/*/94-3195961*/*4968-30^-951-^-351^02,True
-46--30+36/(-26*91*-3-23)+(-89/51)*13-38*18+-52+-32^1,++-++--41-30/-87-**-2691-323*/-895113*3818-52^-321,False
23-7+-47^2-58*(-81^1-96*(61*-74)*41/-46--34/-1)+33,+-+-237^-472*58--^-811/**96^61-7441-62*-34-133,True
-82^2+-84*59*71-83^2--98+-71/-27*-69^1+53^2+52,++++--+*-822**-845971^832-98/-71-27--691^53252,False
-2+-20^1+62*-95/-16+-46*34+-1-(11/-44/-18/(-68*80^1)),-++++-2^-57-64/*62-95-16*9134-1///11-44-18*-68^801,False
(69-29^1+-48/95/96^2+(-91/-88*59^2-0-30-70*-30)),++-47^291//-4895^962---*/-91-88^592030*70-30,True
-86*(-51*-90/-95--68+22-93--61+66--96/-3*-10*39)/(43*-88),/*-86-+--+*/*-51-90-95-682293-6166**/-96-3-1039*43-88,True
13^1+-100*78--3/-22*22--74/60--85^1+79/-87^1-22,-+---+^131*-10078*/-3-2222^-7460^-851/79^-3122,True
-27--95+-92*28+-57-40*-58^2+76+-50--51^1--17^-75-8,---++-++--27-95*-9228-57*40^-48276-50^-511^-1728,False
-58^1+-97+(-62-48-95)^1+1^1--2/33-27^2-93+-68,+---+++^-581-97^---6248951^11/-233^-85293-68,False
-62^2--49+5/2*(59/94)*-1+33*22+45+-63^2--39^2,-++++-^-622-49*+/52/599415*332245^-632^-392,True
(-66/-71+(-93--2*-82^2+87/-8+-82)+-14)+19-(42--100*97/56),-+++/-66-71++--93*-2^-822^87-8-82-1419-42/*-1009756,True
-56^1-63*-29+-78--66+53^67/-43/-47^1+(93*-12*(19*-56)),+-+-+-^-971*63-29-78-6653//67-43^-471**93-12*19-56,True
-46*-88/-97^2--2*32+20^2-(-78/44/15+-4/-13-18*-52),-+//*-46-88^-972*-232^2013-+//-784415/-4-13*18-52,True
-98^2--19*-76*11-52-95/-1*3^2+-42--67--46/(34^2),--+---^592**-19-761152*/95-1^622-42-67/-46^342,False
88/-77+(41--53/-79+-11-(-27+-18^1+-30+-48*21*-77^2-85)),+/88-77-+-41/-53-79-11-+-+-27^-181-30**-4821^-77285,True
-75^1-(34+-70^1--4^2--41^1+-24^35--11/4)+(30^96),+-^-751-+--+34^-701^-42^-411^-241/-504^302,False
62*-6+(-13+-34)/-73-8-45*(6+-50--19)-(13*-61*-88+64--19),---+*62-6/+-13-34-738*45-+6-50-19+**-54-61-88^64-19,False
(50+-94-(-85+-91*-97)^2--89+34)--63*34+-74^2--27/76+-100,+-*-+--+50-94^+-85*-91-972-8934*-6334^-742/-27769,True
-31^2--48^1-(76^1+-58)+65*-96/30*31^1-(15+-96--47),-+--^-312^-4895+^761-58*/*65-9630^311-+15-96-47,True
6+-48/87--92^2-76/82--46^2-(-27/89)*12*76-35+54,+-----+6/-4887^-922/7682^-462**/-278912763554,True
-97*44+12^2+12/(93*(-100+-97*(73-60--72--40)/10*-93+1)),+**-9744^122/12*93++-100*/--97---7360-72-8710-931,False
10+40*-56-65/(47^1-36*(63+(5*-34/3/-55/54*-88^2))),-+10*40-56/-5-^471*36+63*///*5-3435354^-882,False
32*2^-47+-5+-47+28+-47^1-19/-55/90+67--14/86-39,---++++**322-47-5-4728/-471*//19-559067/-148639,False
2+80^2+87^1--77-45+-72*43*13/(-82^2-28--59--13),+-/++2^802^871-7745/**-724313---^-82228-59-13,True
16+-65/-5^1+-81^2+-10-52/-31/(-98+23+67*-81--88/-7),-+++16/-65^-51^-812-10//52-31-/+-9823*-76-81/-88-54,False
9/-78/-4*44/-60+14+15+-16--6-0^2-(-28^1-73+-79),---+++/*//9-78-444-6014-30-16-6^02+-^-28173-79,True
-9^1-1*-13*90+32+11-64^1+-39--11/-35^1+-11+41,++-+-++-^-91**1-29903211^641-39/-11^-351-1141,True
-32^1-15/62-56^1+(-40*-8)+-57--3-(74-31/(-10/-24)*-77),--++-^^-321/1562^561*-40-8-57-3-74*/-38/-10-24-77,False
-11-73/-6/32/85*38^2--78^2+-23^2+35/-16/-68/85,++---11*///73-63285^382^-782^-232///35-16-68-68,True
-20-72+(-47-23/-98/6+-58-(8^2-(98/-95/-96-37*-9)-(-66))),+--2072-+-97//23-986-58--^82-//-87-95-96*37-9-66,True
95*33+92*-26^2+2^1-26/-58+97/-22^2--94-7/-87,--+-++*9533*92^-262^21/26-58/97^-222-94/7-87,True
72-17-(-76*45/-5--78)+-92*27+-2^1-(60+(59/(-89^1+36))),-++--7217*/*-7645-5-78*1427^-21+60/59+^-89136,True
1+21^1-72/-58*-7/-10-74/-4--95*-5*35*15/-82*(-12),--+^+1^211/72-58/-92-10/74-4*/***-95-53515-82-79,False
76--87*(-73*-22/-38^2-95*-60*50*-9^2+-47-43)^2+83,+-76*-87^-+-/*-73-22^-382***95-6050^-92-4743283,True
42*-1-54^1-31+76^2+-23+-37-96+29+71/-78+(-26^1),-++-++^---42-1^54131^762-23-379629/71-78^-261,False
-4^1+-31*21*-15*96+-96+7+-54*(63*-51+88--97/-50-28),++++^-41***-3121-1596-967*-54--+*-37-5188/-97-5028,True
-48^1+22/75-95+5--98+11*78*-43^1+-69+64*-81^2,+++---+^-481/2275-82-31-98**1178^-431-69*64^-812,False
91+-41--52/-81+65/-26+20*-47^1-8/21--89*-80^1-(94),---++-+91-41/-52-81/65-26*20^-471/821*-89^-80194,True
-51+64+-85-(-8/-17+1-82+-76^2+(-90-99)/-28-54)+73^2,+++-5164/-85-++-/-8^-17182^-762/--9099-2854^-942,False
-52*42^1+60/-91--95*78+-66*85/1+-10*-18*-52^2+-96,+++-+*-52^421/60-91*-9578/*-66-991**-10-18^-52-90-96,False
-31^2--77-36+97-2+-28+-95*-21+48*(41^1+(90^1--43)),+++-+--^-312-77369762-28*-95-21*-14+*411-^901-43,False
42^2-1^2+-98^1+83+62+99^1+51^2-44+47--62,-+-++++--^422^12^-9818358^991^5124447-62,True
-11^2+73--42/(97/20^2--66/40^2/-64*-98)+-16/97^2,+-+^-113173/-42+-/97^202/-66^402*-64-98/-16^972,True
-27/73--3+(30^2--20^2-39*14*(-58--94-20^1-(26/-36))),+-/-2773-3--^302^-202**3914----58-94^201/26-36,False
58-68^2+-61*22*41+-37^1--87^2+(-90*6*-32+17)^1,+-++-58^682**-612241^-3776^-872^+**556-32171,True
73+(-87*91--1/32*(11/(91-95--15-98-(-89/(-83/-44-62/-90))))),+73-*-8791*/-132/11----9195-1598/-89-/-83-44/62-90,True
-68+49/-99*(-69/-79^1+-91+-90-(-42+-89)*0/89-95^1-(9)),+55*/49-99----++/-69^-791-49-90+-42-99/089^9519,False
(-87^1+-65--89)^1--63*(-64^1-33*-31^1+(-83*-64^1+28)),-^-+^-87-23-65-891*-63+---641*33^-311+*-83^-64128,True
-89*-7*99+-89*(-41^63-69/(-90^2+-19/-70*-14^1+72-26)),+*/-89-799*-89-^-411/69-++^-902*/-19-70^-1417226,False
70^2-67+-7--30+71/-74^2-(-57*96+9--59/-64*90+-23),-+-+-^70267-7-30/71^-742+-+*-57969*/-59-6490-23,True
94^2--34^1-21--52/58+5-99/56+-37+33^1-47/-70,-++-+---^942^-34121/-52585/995676^331/47-70,False
-55*(-8-31^1+-99^2+78^2--28+-62)/86+78+(74*-35^1),++/*-55+-++--8^311^-992^782-28368678*74^-351,True
-24+-16^1--31-31^2--74^1*51--83*-64/41*30/63/60,-----+-24^-161-31^312^-74151//*/*-834041306360,True
(34^2+70/-63*92+-41--61^2-86/-78+58/-23)/(38/(-48--55)),/+--++^342*/70-6392-41+-612/86-78/58-23/38--48-55,True
74--72^2+-89+-62^-68+-79+(45+-97/61*23)--30--53+-6+(55),++--++++-74^-722-89*-62-68-79+45*/-97-2923-30-53-655,True
81*-50*(-58*42*2)^1+82/6*-14+66-49^1+-28^2+-39,++-+++**81-50^**-584221/826-1466^491^-282-39,False
32*22--33+(53+(2*-62+-38)/-51-(0^2-14^1--7)/10+2),+-^3222-33+-+53/+*74-62-38-51/--^02^141-7102,True
44+(-86^1^91+45*49^1+(53+45*17*-78/-45^1+29/-40)),+44+++^32191*45^491^+53/**4517-78^-451/29-40,True
12--13/(95/(-57*(20/(-40+5)*-90^1+74+-93-67)+-11*43+78)),-12/-13/95++*-57-++//20+-405^-90174-9367*-114378,False
68-44-(13+72*-3*-80-37^2+-39--59/-58+85+-20^(-39-8)),--6844++-+-+13**72-3-80^372-39/-59-5885*-20--398,True
-81^-43--35--42-(-39*0-(-45*3/-20*-97^2+61*-69/6)--93),---^-812-35-42--*-390+*/*-353-20^-972/*61-696-93,False
-75^1+30/-76^1--36--55-26*-43+-2+-60+-23--31*-96--31,--+++---+^-751/30^-761-36-55*26-43-2-60-23*-17-94-31,True
-57--3+-97/-58*15/95/-49-19*-99+13+4^1+(-82^2+27),+++-*--57-3//*/-97-581595-49*41-9913^41+^-82227,True
54/66*(52/(40+-2+61^2+41)*68/-52^1-(10+44+-26*47)),*/5466--52/*+++40-2^6124168^-521++1044*-2647,False
-28^2+-88*(-65-52-55--58/-14-(69/(-27--59--91-(-3^1-62)))),+^-282*-88-----655255/88-14/69----27-79-91-^-3162,True
83*-66*88*37^1+-10^1-28--49+70*(-90^2+29^2-(-5)),+--+***837888^371^-101-41-49*70-+^232^292-5,False
49/(-3/-23^2+-91^1+-47^2-(-51/-13/-61--86)/(-14/57^1)),/49-++/-3^-212^-911^-472/-+-51/-13-61-86/-14^571,False
-16/-1-37*-29/-79*(89+-1/(-29-(-38+(48/19^2+-83+65-80)))),-/-161*/*29-29-79+89/-1--29+-38-++/-61^192-836580,False
38^1-69^2-16/(43-86+(99^-13+35)^1+68)-(39--75^2),---^381^692*62++-43-58^+-99-1335168-39^-752,False
80^2+(-6--87^2+(55-77)--99-(-73+-45*56+-19*-27+(33^2))),+^802--+--6^-432-5577-99+++-73*-4556*-19-27^33-83,True
17/47/-21*-84-83^1--12+-38*(-81/52^1+52-37^2+-28),+--*//-6247-21-84^831-12*-38+-+/21^52152^372-28,True
-97*(-61/87^2+12/(78+35/-40/(45*(89*-92^1+-14*-69+44)))),*-97+/-61^872/12+-77/+35-40*45++*89^-921*-14-69-61,True
(39/88/-74--37+69*-30/-49/-60+-67^2--59^1-(-9^1+-53)),--++-//3988-74-57//+69-30-49-60^-672^-591+^-91-53,False
57^2+82+-74*-34+(-18-58/(25+-44/96)/75+(5-(-13*(49+(-15))))),+++^-77282*-7442+--18//58+25/-4496-47-5*-13+49-15,False
16--15/-57^2+53*(-87-67/20+-41--86*(6*-79/6*37)*1),+-16/-15^-572*53-+--87/6720-41*-86^*/*6306371,False
58+(39/-9+-96+-43*(-54+2+-56)^1-43+-18*-4^1-(91^2)),+58-+-++/40-9-96*-43^+^-542-56143*-18^-41^912,False
63^2-(40-14/(59+69--66*(-18+26)+-2+22^1+-76^1+56)),-^632-40/14++++-+-6969*-66+-1826-2^221^-76156,False
-70+-25-(20^2--34--68+-6)*-54/47/-83/-21+40--31/94+(-24),+-+-+-70-25///*+--^202-34-68-6-5447-83-2140/-3148-24,True
58+-65+-88/-64-97^-99+-94-80/(-85^2+-3-(58^1+-28+-38)),-+++/58-65/-88-64^971-94/80-+^-852-3++^581-28-38,False
93--46^1-15^1+37+64-(-84-(99/-91-11/26^1-8*-83)),-++--93^-461^15-763764--84--/99-91/11^261*8-83,True
-95-95*-93+37/84-98/27^82/-17^1-2-9-29+28/-37,+---+-+--95*95-93/3784/9827/82^-1712929/28-37,False
-77+-79*22+-75*-92^1+29^1+-14*4--7-77*-79-(-51/86),---++++-77*-7922*-75^-921^291*-144-7*41-79/-5186,False
-2/-90*-77-92-86^1-62*78/-81^52+26-7+-60+(-67/10),++-+---*/-2-90-7792^861/*8178^-811267-60/-6710,True
52-44+-34^1+(9*-94+-47-36--63+83)/45^2+(78/-25*-93),+++-5244^-341/+--+*-17-94-4736-6383^452*/78-25-93,False
-75^2+6^40+18--34-(54*(-22^2--44)-41+-34+-47*-88^2),--++*-752*174018-34++-*54-^-222-4441-34*-47^-882,False
-54-71--56*-75--29*91/-62/(85^2-45)+51^77^2--54^2,--+----5471*-56-5//*-2991-62-^8524551^772^-542,False
(96--5^1+-55*-80)^1--99+(-59+-27*-40--50/-26-(-45*27^2)),+-^+-96^-51*-55-801-99-+-59*-27-40*/-503*-45^272,False
45-76^2-58+18+(-15+97)--31*-4/-4--26--78*-34--79+67,+----++--45^7625818+-1597**-31-4-4-26*-78-34-79-11,False
-74/-67/-33^2--88+-68^2-(-77*(50+-65+34^2+-95*-28/-86)),--//-74-67^-332/-88^-682*-77+++50-65^152/*-95-28-86,True
47*-86/5/(10/(-44/35^2--45^1--2)*-47*(20--86+-24+59)),//*47-865**/10--/-44^352^-451-2-47++-20-86-2459,True
-89*-36/29/11*5--82*93+(66*-87*-96/(79*31)^2-69+(-20)),+-*//*-89-3629115*-8293+-/**66-87-96^*7931269-20,True
63+25*15+(20+-22)*-82/(-73^1+-57^2--2-(95/4)+-39/12),++63*2515/*+20-22-82+--+^-731^-572-2/-734/-3912,False
70--48+84*4/-76+62*-45+32+(-54^2--45/-81+66)*(-59*(-43)),++-++-70-48/*844-7662-4532*+-^-542/-45-8166*-59-43,False
-53--40-70--62^1+(76--1+-4--39-44*40*76^1+-55)--52,-+----53-4070^-621+--+-76-1-86-39**4440^761-55-52,True
(85/-29--11-71*-33*26+-39^1--23^1+67^2-92--39/57),--+-+--/8596-11**71-3326^-391^-231^67292/-3957,True
81+-68--18*64^2-(33*45+-60+84*19^1+-5+-75*-7+28),--+12-68*-18^642+++++*334543*84^191-5*-75-728,False
-9/(71+40+67)*-84--54/-87*(-70-40)^1-80*7*95+-33-87,-+-/*/-9++714067-84*/-54-87^--70561**80795-3387,True
(-12^2--77-23^(78^1-76+66*-64^2+-80--9/(77-(20+-66)))),--^582-77/23-++-^782676*66^-642-80/-9-77+20-66,False
-78-31/9^2+-3/45*90^4+-6^1-80/-35+-49-(93/(-68)),-+-+++--78+31^92*/-345904^-61/80-35-49/93-68,False
-38*42*(10+33^1+(-24*-78*-31*3)*10^1+-31/51--65--8),**-5042--+++10^331****-24-78-313^101/53-81-65-8,False
10*-86/72+(59*(-48+-33)--76*97+-31)+58+-99/-87/17^1/62,-++/*10-8672/+-*59+-48-33*-7697-3158//-99-87^17162,False
39+8+-46-(1+69--8--86+-69*-68-81/-83/(-76^1+73-37)),-++398-46-+--+169-8-86*-69-68//8191-+^-7617337,False
20--60/1--97^2--64--87+39--46*-34*25*81^2+-2^2,+-+----20^-601^-972-64-8739***-46-3425^812^-22,True
-21*55^2+-92*-84*-57+96/18/35^1-(93+-8*-17*-40/28),-++*-21^552**-92-84-57//9618^351+93/**-8-17-4028,True
64/-1/-4*-72/-68+34^1-6^2-26/56/-80*28-53/19,+--+/*//-9-1-4-72-68^341^62*//2656-8028/5319,False
-38*(-16^2+-1/-28*91/-19)/44^1+-79-51*-56+60/77^1,+-+/*-38+^-1632/*/3-2891-19^441-79*51-56/60^771,True
44+-71--11/25^2+71*-80*13+97+99/(62^1--18)--99/-32,-+++-+44-71/-11^252**71-801397/99-^621-18/-99-32,True
-13+24--42^2-13*(23+-56)*86^1-(-86/50+27^2+27-(-16)),---+-1324^-422**13+23-56^861-++/-8626^27227-16,False
-67-40-(78*-36*47^2-5^1-60*(44--78+84/(-82/-24-24))),---6740--**78-36^62^51*60+-44-78/84-/-82-2424,True
(-94--60*-15--87^1-39+-93)/-97*(-72*-20)-2/32--14*52/-15,--*/+----94*-60-15^-87139-93-97*-72-20/232/*-5952-15,True
(52--29/-27^1--58--49--55^1+-22)*32-22^1-(7^1+-71),--*+----52/-29^-271-58-49^-551-22-2^221+^71-71,False
-47*95+85*76/34--90-(-17*-17^2-53+99*83^2+(-63/15)),--+*-4748/*857634-90++-*-17^-17253*99^832/-6315,True
37*-36+34+57--62+81/45+46+(-56/-91^1+-35/-57^1--91),+^+-++*37-363457-62/814546-+/-56^-914/-35^-571-91,True
5-30+8--20/84/62--56^1-(20+(-77^1-5+-20-57^1)),--+-+-5308/-208462^-561+20-+-^-7715-20^571,True
(-34+-24-46*(-36-53)/-26+83/-29--21*-82*(-88^2+-35*-81/-24)),-+-+-34-24/*46--5353-26/83-29**-21-82+^-882/*-35-81-24,False
63^1+-73+(34/-25-5^2-14*11*-77)*(-54*-85^1--24/-83),++^631-73*--/34-25^52**1411-77-*-54^-851/-12-83,False
64/15-(21--45^1+74/-75^1+16+(-92+67+-49^1+-52*92)),-/6415+++-21^-451/74^-75116+++-267^-491*-5219,True
(-98--22--20^2/-47*-68^1+-27)--75--97^2+71*(-27--92)+-89,++--++---98-22^-202*-47^-681-27-75^-972*71--27-53-89,False
(60+-96+31+-61)/49--66^1-80-70*-49^1+16^1/(-41*-2),++---/+++60-9631-6149^-66180*70^-491^161*-41-2,False
82*52+-98+61--37^1-26*(-22^1+-43*46+61*98)/-56-90,---++*8252-9861^-371/*26++^-221*-4346*6198-5690,True
70^2+23*68*-88^2+-66^1--59^2+13+-53^1-5+64,+--+-++^702**2368^-882^-661^-59261^-531564,True
26/-66/-80/11+(87-36+66-28)+-1*(23+63*79)*60/-1*76,++///26-66-8011-+-8736-8328*/**-1+23*637960-176,True
96/-96/(-57+93^2-72/4^2-42+(-58-95/(1/43+71)*60)),//96-96+--+-57^932/72^4242--58*/95+/1437160,True
74*(74--30-(-12-31)*12^1+-63)/37+(92^2+-39*89--70*-17),+/*74+--74-30*--1231^121-6371-+^922*-3989*-70-17,False
-25^-55+4*-40*4-49-1-55-(-24-1--48/90+-58+-19-3),---+^-251**4-404*49155-++---241/-489086-193,False
(-63--28^2+-43)+60--52+64-68^2--74/25-94^2--78+63,+----+-++--11^-282-4360-5264^6836/-7425^942-7863,True
-90--26*1--17*(59/18)/53--13+-35+30+-96--25*(-34/-4)+-94,+-+++----90--261/*36/591853-13-3530-96*-25/-34-4-94,False
-25*-10+7^1+49^2+-89*71+-51^-25+-94/-4--10+79^1,+-+++++*-25-10^71^492*-8971^-512/-9425-10^791,True
-95*27+2+(15^2+94/19--91*(-21/41/26--73-45+(29--5))),**-95^272-+^152/9419*-91+--//-214126-7345+29-5,False
-36--38*33/-93/-13*4^2+-100+-86*70^2--36+42^1-35,-+-+--36*//*-3833-93-13^42**-100-86^7081-36^42135,True
-23^2+-13/(-70+48--99*33/-36^1--32--29--59-83/-19/76),+^-232/-13-----+-7048/*-9983^-771-32-29-59//83-1976,True
7*-37+48+-82/-3^1--38^2+-91*86*22/-87*17/13*(-57),+-++*7-3748/-82^-31^-382*/*/**-918622-871713-57,False
-66^-73-61+-84/87/-66+(-77*-16^1+15-(-31--4+-46--40)/-65),++-^-66261//-8487-66-+*-77^-16115/-+--31-4-46-40-65,True
(56*-51)^2+88/-8^1-(6/84*-43^1+64/12^2+(13-94)),--^*56-512/88^-81^+*/684^-431/64^122-1394,True
(17-99*89^2+-52--30/-87--10-66*(99+(46+96*36)-25-96)),---+-17*99^892-52/-30-87-10*66--+99+46*963625-4,False
78-80/-36^1+-76+27/-94+57/(55+(-9^2+-3*24-33-(-100))),+++-78/80^-361-76/-18-94/-23+55--+^-92*-32433-100,False
-51/72^2--75/47^1--38^1--14+-100*87^2-45+-67-15,-+-+---/-51^722/-75^471^-38-31-14*-100^87245-6715,True
96-(-40^1-53-89+59)-34+(-66--44/-60)^1-9/18*93-35,*-+--96+--^-40153895934^--66/-44-601*/9189335,True
29*42--43/41--30*-71+52^2+-53--1*59*46+(20+-100--23),+*++--*2942/-4341*-30-71^412-53**-15946-+20-100-23,True
44/42+-7^2--68^2+2--37-26^1--64+81*31-51^1,-+---+-+/4442^-72^-6822-37^261-6*8131^511,False
78-86/5--11-46/85*2+2/-17^2+(-11/(-8*(-61/80*77))),++---78/865-11/46^852/2^-172/-11^-8*/-61-4177,False
-87/84--52-61^2+68-21-60/-55^2--31-35*99+-25+-97,++----+--+-8784-52^6126821/60^-552-31*3599-25-97,True
42-(-92^2-48^2+13)+(39/90-(-37--74/54--89^2+53+67)),+-42+-^-202^48213-/3990++*--37/9254^-8925367,True
88+58+61/4/50/-41*-25+-27^1+-63^2--100/-70-86/98,--++++8858*///617850-41-25^-271^-632/-100-37/8698,False
40^1+-60+24/-5--93*-18-49/-82+-27^1+89--51*-22/-36,-+++-++^401-60/2436*-93-18*49-82^-27189/*-51-22-36,False
-47-5--5+60^1-0*-9/-48*-35^2+61--29/17/-64/-43,-+-+---475-5^601***0-9-48^-35261///-2917-64-43,True
-50*-78+-74--47/14^2+-70*82/-88*96^29-77^2--16^2,--+-+*-50-16-74/-47^142*/*-70-57-88^962^772^-162,False
(-42/-33^1--96/33*78*6/52)*-26-78^2+52^2+55/35,++-*-/-42^-331/**/-963378652-26^782^522/55-41,False
52/-6^2-44*-26*-4^49+6*46+4^2+31+67^2+42,+++++-/52^-62**44-26^-41*4746^4231^67242,False
74+-26+98-65+(-9--92^2-(14-(-94--48*28)^1-(-20+6^1))),+-++74-269865---9^-922--14^--94*-48-391+-79^6-30,True
90-89^2--65--75^1-(25/76*-84/36^1--27/-51)/(-18-83),----90^892-65^-751/-/*/2576-84^361/-27-51--1883,True
-100+-91/-22--50-36/91^2+-47+34*42--6^2+75/78+-86,+--++--+-100/-91-22-50/36^912-47*34-9^-62/7578-86,True
-26/-38^2+14*-59+1*(83^35+92)-18-(-3^1+-42-93*-21),--++/-26^-382*14-59*1+^8319218-+^-31-42*93-21,True
47^1+63+21/-60/76*-49+-10-84+-96-68*62-(46+85)-57,---+-+++^47163*//21-6076-49-1084-96*6862+468557,True
1*24--44*21^2--40*-65+-90*78/-5/-45^2+-95*-58--83,-++--*124*-44^212*-40-65//*-9078-5^-452*-95-58-83,True
39/-60/75+-73/(-20+13+(14^1+(15^1-(69*98*(-76/-54/-51))))),^//39-6075/-73++-2013+-141-^151**6998//-76-54-51,True
32/-24*69/82+43*94/-9/-30^2-35--86-(30+24+-89*-56),---+/*/32-2469-34//*4394-9^-30235-86++3024*-89-56,False
-8+-91^2-(-51*87+32--25)/(-83--63-64*-100+-100+-58+(-25*-21)),-+-8^-912/-+*178732-25+++---83-63*64-100-100-58*-25-21,False
-63/-2*43/-15/10-62-95-77*-92+12/(10+-62/94)-91-60,-++---//*/-63-243-15106295*77-92/12+10/-62949460,False
18/(-30/-80)+-68/(-62+30+83+(-10+61*-66^2+-99-(-69-76)*-94)),+/18/51-80/-68+++-623083-++-10*61^-662-99*--6976-94,True
-64^1+-14^1--46--80-(84/-6)--62^2-44/-49--51+68^2,+------+^-641^-141-46-80/84-6^-622/44-49-51^362,True
-70*18+(36*(52/-36/71/52^2--27*-64^1+-27+97/-33/97)),+*-7018*36++-///52-3671/522*-27^-641-27//97-3397,True
-37^2--24^2-79-1+-24*-90*(18/35^2+69/24)/-78/-74,+--^52/-242^791//**-24-90+/18^352/-2724-78-74,False
78/-14/-30*15^1+49*18^1--37-(-99+96+74-59/-72+56),--+*//786-30^661*49^18189+-++-999674/59-7256,False
(7-98)+95/(-36*9+(-82-96/-25^1+37/(-94/(29^1+33/-46)))),+-798/95+*-369+--82/96^881*37/-94+^291/33-46,True
(97*-58+-33-69*-70*52)+(97*-51/(13--34/94^1+-65^1+68)),+++*97-58-33**69-7052-*97-51-+-13/-34^941^-65168,False
-86/(5/32^2-45--95*43*-76)-(87^2-42)^1+-89+-28+22,+++-/-86--/44^32245**-9543-76^-^872421-89-2822,True
-48-1^1-(34*-8/3/6)+53/84+33/-87^1--85+6^2,+-+^---48^601//*34-836/5384/44^-871-85^62,True
-92+-77+-1^2+8-0^2+(37+56-(-53+27*-43--44+-33--9)),+-+++-92-77^-128^02-+3728-+-+-53*27-43-23-33-9,False
-23*58^2-(92/3--91^1-6)+-55^1-43*(-3+-42*-100*72),-+-*-23^582--/923^-91116^-551*43+-3**-42-10072,True
-21*-20+2^65+(84--66)+-70--68--62/-95^1^-88+-73-39*(58),-++--+++*-21-20*265-8423-70-68/-62^-9546-88-73*3958,False
55/-68-10^1-(-32+-80)^2+60*(19+92/-66--68-15--73+-58),+--/55-68^101^+-55-802*60+---+19/92-66-6815-73-58,False
-24-77/56+80*95/55^1+(64*3*46^2+-98^1-40/-95),++--24/7756/*8095^551-+**-563^462^-981/40-95,True
-38/16*-3*-94/6+58*64*-17/-34+58-1-(-47+36)/(68*-69),-++/**/8116-3-946/**5864-17-34^581/+-4736*68-69,True
-23-(37+-8-6--27*(42-56^2-86)/97*-65*-88^1+-40*86),--23+--+37-86**/*-27--42^5628697-65^-881*-8086,True
-78/94+(-12--93)*-57^2-0+(-82+(68-96/(-88*-76)+77/-85^28)),+-+/-10094*--12-93^-5720+-82+-68/96/-8827*/77-8528,False
1*-43*18--38/46*(-14+-73)+-70--99*34--97^2+(-36*63*(-61)),+/-/-**1-4318*/1246+-14-73-70*-9934^-972**-3663-61,False
(-63^2-3^2+-2^-84-23^2+(-56/(68^2--82-(77-49+16)))),+-+-^-632/32^-21^232/-56--^682-82+*774916,False
24/39*-6-63-75^1-(67^2+-92*32/83-17)/-12^2--28,----*/2439-663^751/+^672//*-92328317^-122-28,False
56^1-0^1--6^2-(24+33^1+6)^1+-57^1-85^1,-+---^561^01^-62^++24+33161^-571^851,True
-48*34-91+67^1--27*-36+37*56+-93--13*(4/-97*80^2),-++--*-4834*91^671*-27-36*3756-93*-13**4-97^8098,True
(-45*38)/-44-82+-80/-33*(-75--52/-56/-92^1-(19*67^2+-69)),+-/*-4538-4482*/-80-33---75//-52-56^-921+*99^672-69,False
-77-58/-91^1--88/-8--9+79-11+-31/-86/77*17^1-73,-+-++---77/93^-911/-88-8-97911*//-31-8677^17173,False
72/30-44/-89+8-(-78^2+(81*-17--6*-52+63^2--87-15)),-+-/7230/44-898+^-782--+/*81-17*-6-52^632-8715,True
82/39^-89-82*-50^1*-65/38^1+-12*-25-96^2-61^2,--+--/82^392*82^-501/-65^381*-12-25^962^612,False
69--97-84+74--15--56+(-61+-75/65--96-(64-26^65--58*-75)),+--+--69-978474-15-56--+-61/-7565-96--64^262*-58-75,True
-56+69--97--29+34^38+26^2--20--6*94/44+2--13+34,+---++*-*-5669-97-29^341^262-20/*-694^442-1334,False
-52+6/57--31/-32+-100/-60*4/60+-95/-90/-93*62*50^1,++---52/657/-31-88/*/-100-60460**//-95-90-9362^501,True
(-66/52-40-15)^1+(36*(-13/1--9/(98+-2)--48+73^1+-44)),+^--/-665240151*36++--^-131/-9+98-2-48^731-44,True
-68^1+66*17^2-48*22/-79^(89+(-10*39--38*33-36*-11)),+-+^-681*66-322/*4822-79+89--*-1039*-3833*36-11,False
-28*-81/-49/-63^2+94+-28-61+-80/93^1+72-(55^2-45),-++-++//*-28-81-44^-632946161/-80^93172-^55245,False
18/-38*68+-81/2+-34+89-18*(-65*-22/-80)/-9+(-85+(-95-52)),+-++-*/18-3868^-812-3489/*18/*-65-22-80-9+-85--9552,True
-93/-43+-47-54+57*87/47^1-(75+(57--42)^1+(-49^1-(-88))),-+-+/-93-43-4754/*5760^471++75^-57-421-^511-88,False
92^2--55/-23-(-57-15)^-96--79*(-83^1-(6*-84^1--67/14)),---^922/-55-23^--57152*-79-^-831-*6^-841/-6714,False
-14*27^1--65+99-94^2-8+(-85-70/68^1--32)+5--77,-++--+-*-14^271-6599^9428---95/70^681-325-77,True
-15/-20*-80*(39*67)-(81*96)/-7+44-23*74--84/82*0-54,---+---15**-20-80*3967^*8196-744*2374*/-8482054,False
47/-49-88--78*23--45+(87/-70--32*-65^2-(71^1+52*49)),+---/47-4988*-78-50-45--/87-70*-32^-652+^711*2449,False
87-82*-99^2-92-(68/35/-27/-62--39--21-88*-65-22/-76),---87*82*-99292----///6835-27-62-39-21*88-65/22-76,True
-2-90*-75-18^2+-75+-45/77--27/18--89/-64--28-(-26^2),----++---2*90-75^182-75/-45-16--2718/-89-64-28^-262,False
-56+12*(13/66+-84*15+-49-(-25*(-37*(-34*8+20^2+-6^2)))),+-56*12-++/-8666*-8415-49*-25*-37++*-348^202^-62,True
-47--4^2+58/93-97^1+-27*-84+(-52*-70/39/85+53+-79),++-+--47^-466/5893^971*-27-84++//*-52-70398553-79,True
97^1-2-71/-23+-92/8^1-5+-48/1-37*61^1-12,--+-+--^9712/-49-23/-92*815^-481*37^61112,False
-52^2--85--11^2-(87+(25+94^1+59^1--31+72+42^1)),---^-522-85^-1137+87++-++25^9488^591-3172^421,True
-66--23/37+28+85^1+(28-(0*-59-10/11/-13^1--19+61)),++--66//-233728^851-28+--*0-59//1011^-131-1961,False
-88-80-(-44^2--81/61+-60)*-100-(-94-95--4^9--70--91^2),----8880*+-^-442/-8161-60-100-----9495^-41-70^-912,False
77+-27+-64*-64*52^1-81+83^1--99^98/-77/-3*(-33^1),-+-++77-27**-64-64^52193^831*///-9998-77-50^-331,True
-18*84-80^2-(-67*-34/-16*(-26*56)*(-97^1+(-57-46^91/(-69)))),--*-1884^802**/*-67-34-25*-2656+^-971---5746/91-69,True
(-87-(74--18+(-72^1--94*82/(60-(-54-(41/-10^1-(31^2+85))))))),/-87+-74-18-^-721/*-9482-60--54-/41+-10-12+^31285,True
73^2-27+(-97/-54--81^1*-34)^1-64^1+8*-94*-88*(-15),+-+-^73227/--/-97-54^-811-341^641***8-94-88-15,False
70+-29+96--28+(-79+-2)+94*-23*-65^88+(3/-19^1--97--89),+++-++70-2996-28+-79-2**94-23^-651--/3^-191-4-92,False
88+0+93^2+15^2-77^2--97/-75--80+-46*56*38--20,-+---+++880^932*152^-682/28-75-80**-465638-20,False
-39^-37--68*6+-99/-69+99-2*81^1+82--58/-78^2+(-58),+-+-++-/-391*-686/-99-6999*2^81182/-58^-782-58,False
-18^1+-41+97+90^-2--48*87^2--36-(-31/(42*99*41*98)),---+++^-181-8797/902*-48^872-36/-31***42994198,False
-6--98*16^2--82/94^2--31*64*98^1-(30+-70)/22^2,-----6*-98^162/-82^942**-3164^981/+3015^222,False
14/-71^2-91--43+-98/40/-91+-85^2+57*(-31*17)/89*-57,++--/14^-71291//*-43-9840-91^-852*/*57*-311789-57,False
82*-10+(15+-67^1+82/10/-20^2+31^2+-9+-80/-79^2),+*82-10+++++15^-671//8210^-202^312-9/-80^-792,True
-49*-66+22--43--28*(-71/42^1--34*-20*61*(19--84^1-(35))),--+^-49-6622-43*-28-/-71^421***1-2061+-19^-84135,True
(3--96)^2-50^2--25+0--55^1--71--37*52+-60/-84+-39,++---+--^--49-962^502-250^-551-71*-3752^70-84-39,False
0*-27*-16*-55+-48-59+-78+(53+-43/11*(50/-93^16+-16*-99)),++-++**0-27-16-55-4859-78+53*/-4311+/50--932*-16-99,False
-56-35*-49/(68/46/(-13/76*-87*-48+16/-61*(63+3+-84*81))),--56/+35-8//6846+**/-1376-87-48*/-37-61++633*-8481,False
25-(-64-10--51)*-16--35/24/-44^2-14-48*-59^1+-39+-88,++----25*---6410-51-16//-3524^-54214*48^-591-39-88,False
(-28-40^1--89/-71)^1-31^2+66^1-35*-4/4-55^1,--+-^---28^401/-89-711^312^991/*35-44^551,True
22/-77+11--95^1+45-(-68-7*10/(65-(79*(42/36/66+49)))),-+-+/22-7711^-95145--68+*710-65*79+//42366649,True
72--41--80--37-20*-90+2*-27-(-24^1-78-68)^2+27^1,+-+----72-41-80-37*12-90*2-27^--^-241-50682^271,False
59/-2^1-(-80+57/-1)+-71+(2*57^1+-3^1+-95)*91/92,++-/59^-21+-80/57-125/*++*2^571^-31-959192,True
62--57-(-78^1+31*-20-26/(-95*-74+(-12--11-69+(43*54*95)))),--21-57-+^-781*31-20^26+*-95-74---12-11*69**435495,False
96/95+33+(25+(-71+-23--71^1+46)/40*-14/-96)*27--100+(-59),+-++/-599533^+25/*/+-+-71-23^-7114640-14-9627-100-74,True
-55+-83*-40/2+61/-13--42*-89^1+-35*(86^2+-73/30*90),+-++-55/*-83-40-39/61-13*-42^-911*-35+^862*/-733090,True
(37+73/(-68+80+-80^2-30-79)/-79--66+27-(87*-30*-18^1)),-+-+37//73--++-6880^-8023079-79-6627**87-30^-181,True
-20+-33^2+97+-76--46-79^1-14-(-97^2-93^1--67)/-11,----+++-20^-33297-76-46^79114/--^-972^9319-98,True
-51-(-72/-74-73)--50*-78+83*(-24^1-22)--9*40-58+-3*-9,+-+---51//-72-7473*-50-78***83---24122-94058*-3-9,False
(59+(-13-13/-81*73*-76+-75)/-77-16/-83^54+(43/-4+-72)*59),+-+59/+--13**/13-81-76-76-75-77/16^-832*+/43-4-7259,False
-54--29*74+97+(-88^2--32^2+13/13*77^2--26-53/83),++**-54-297497-++-^-882^-322*/6513^772-26/5383,False
-64^2-25--17/-42+-19/15*(-28+(-84^1+-29/(-2/81)-(56^1))),+--^-64225/-17-42^/-1915+-28-+^-841/-29/-281^561,True
(-25^2+-21*89+-10*-15)+-11^1-53*30--10-83^2+29+-14,+++--++^-252/**-2189-10-15^-111*5330-10^83229-14,False
-64^2+-24--26^1--29*29^1+-8^1+-11/40*(-64/-46*(96)),++*-+^-642-24^-261*-29^291^-81*/-1140*/-64-4696,True
85+(4+-15^1+4+-100/-8/-42+56+61+-9^2--28*44*-39),*85-++++++4^-1514//-100-8-425661^802**-2844-39,True
-56--83--16/(38-57^1--33*(-55^1+91^2+-28^2+52-3)),---56-83/-16--38^571*-33-+++^-551^912^-282-103,True
-17-62*18^2-89*(-65^1+-3^2-20--93+96/(-58*83+-46)),--13*62^182*89++--^-651^-46220-93/96+*-5883-46,False
-86^2+70^1+-42+17/-39-(3^2-48^1-(50+-48^1+13)),-+++^-862^701-42/17-39--^32^481^+50+-48113,True
-92--70+86^2+-17/-80+-17-1+-65--67*(-21--96)^1--87/(29),--+-+++--92-70^862/-17-80-171-65*-67^--21-961/-8729,True
-98/-50/19--20*-90^2-53*-90+-65--99+9^1+-62+(-56^2),+++-+--//-98-5019*-20^-902*53-90-65-99^91-62^-56-99,True
-61+-28-7^1+40*-74+95+92*6*-21/(-98/(43*-84*(13+4))),+++-+-61-28^71*40-7495/*/926-21/71**43-84+134,True
-39*(55--27*(39*38^2+-14)-85--99)^2+-47/2*-75^2-74,-+*-39*---55*-27+*39^382-1485-992*/-472^482-93,True
39^2-92^2+42/-81-20*-30^2+-70^2+-23-13/44/16,-+^-+-^392^922/4214*20^-302^-702-23//13-116,False
(-31^2--92^1+-74+-74*72+(65*-25+-43)/63)-(-5+99*(-2--34)),-+++-^-312^-921-74*-7472/+*65-25-4363+-5*-22--2-34,True
56^2+-73*-87^2--52^1+75/9*2+(16^1-(36^2--24)),++-+^562*-73^-872^-521/75^92-^161-^362-24,True
(8/58+61^2+-67*-22)/96^2+-58^2--42^1-60--12--10,----+/++/858^612*-67-22+962^-582^-42160-12-10,True
-7--62/80/(38--52*33+(-53--13*44+76+42)*39+(50*(-46--64))),--7//-6280++-38*-5233*++--53*-1344764239/50--46-64,True
(-22*-96+-9/3/-28^2/-50^2+96*(35^2--9)*34*80*-52),+++*-22-96//-93^-282^-502****96-^352-9348049,False
58^1+65--58+-50^2+65/-48/48-23*(-91*-23)+-85-(-47*0),-+-++-+^58165-58^-502//65-4848*23*44-23-85*-470,False
83/-63*64/87--70*-60+48--38+89--42*-14/-62^-93*-41+-2,+-+-/-/*/46-636487*-70-6048-3889*/+*-42-14-62-93-41-2,False
(32^1+-39^1--48)*-24-16/43*37^2--71-10--57^2-24,-----*-+^321^-391-48-24*/-4743^372-71-27^-44224,False
-81*73*-94*(-27+49)^2+-15^2+-71-39/83-79-(82-17*-13),----+***-8150-94^+-27492^-152-71/398379/-52*17-13,False
34--74-3/-87/-1*-48-17+82*92+57--24-1--7/-55+-92,+-^-++---34-74*//3-87-1-4817*829257-241/-7-55-92,True
95/7*-3+3-34*9+-74*-1+61/2--21^1-38-41^2,---++-+*/957-33*349*-74-1^612^-21138^412,False
-40/-64^2-70--33^2-74*-26*-77^2/-79*(-30/19+62^1),----/-40^-64270^-332++74-26^-772*-79+/-3019^621,True
-40^2+25/-56+84^2+19*(-4+83+67+57+-100^-92-3^2),+++^-402/25-56^842*19-++++-4836757^761^32,True
84--13^1+48+-57*54+27-41/-93--63^1-62+-48--14+(-10),+-+---++--84^-13148*-575427/41-93^-63162-48-79-10,True
48^1-(-41+50)^1+(23+-26+13+76)*37/(98*-58-82*(12^2)),+-^481^+15501/*+++23-26137637-*98-58*82^122,True
28-82*62/66*-5^(-88/-80*-100*-86+57--67^2--83-(25--77)),+--82*/*826266-11---+**/-88-80-100-8657^-672-83-25-77,False
58--14*17-50-75*96/(44*-6/4*-86/-21-(28/-32*(22^1))),---58*-141750/*7596-/*/^44-64-86-54*/28-32/221,True
12+20/(-70/(-73*15^2+48^1--51+16)-11*8^1+6^1),+12-20+-/-70+-+*-73^152^481-5116*11^81^61,True
-97/51--53*-12^2+(-76*78)*1-29-(50+-38/38^2--96/17),-+-/-9751*-53^-122**-76781/29-+50/-38^382/-9617,False
3^1+-69*-86*76*(-41*-97-53+89*-18)+49--71+-63/-97^2,+-++^31***-69-8676+-*-41-9753*-11-1849-71/-63^-9733,False
(52^1--69-72-(-40+(35*-96/88^1-(-63/-100+68*-94-19^1)))),-+-/521-6972+-40-/*35-96^881-+/-63-100*6858^191,False
(-23--34^2+39)+10*56--32--19--78-64-(87*-46)*-5/-21+96,+-----++--23^-34239*1056-32-19-7864***87-46-5-2196,True
90--75-87+-86--40^2--30-(-68+-27)^2--18+11*1*15*-17,+----+--90-5287-86^-402-30^+-68-272-18***11115-17,True
(-40^1-11+36+-52--57)-76+-34/(20+-97-91+61)^2+78/62,++*-++-^-4011136-52-5776/-12^+-+20-9791612/7862,False
46+(88*-59^1+70--37^2-(-93+-61/(89^2--91/11^2*-42))),+46--+*88^-59170^-372+-93/-61+-^892/-91^112-42,False
-18--8*86+88^2+-56*-72*-96--27/-67/-98--83^2--5/48,---++--18/-886^882**-56-72-96//23-67-98^-832/-548,False
62/-45*56+(30*-100)^2-42+82/72/-87^50--3*-7--63/-54,--+-+*/62-4556^*-5-100242//8272^-872--3-7/93-54,False
-94+47+55+-1^1--6--42*(-67/(76*-74*-21)+98-(23+65*-36)),--+++-944755^-11-6*67-+/13**76-74-2198+23*65-36,True
-80*(86+28*(11/(25/-69*-19*-56^2--48^2+-36^2-70*-92))),*-80+86*28/11-+-**/25-69-19^-562^-482^-362*70-92,True
-54--24-63*47^1--2/-60--1^2+-35^2+43+23--65*15,-+++--+--54-24*6^471/-2-60^-12^-3524323*-6515,False
-35^1--94*(57+(84+11^1-28)+-4^2+75^2+-48^2-(-77)),-^-351*-75-++++57-+84^11128^-42^752^-482-77,True
55/-60-76+-90*-94--56*-54+(6/77-(30^2+27--67*-50+(-22))),+-+//55-6076*-90-94*-56-54-/677+-+^-80227*-67-50-22,False
98/29^2+(0*-12/-62)+-8*(-48/-98*9^2--6/45/94/-65),++/98^-62/*0-12-62*-8-*/-488^92///-64594-65,False
8-73-19--70*-26/(-35--18+95-49/59^1-(45^1--41/-87)),---87319/*-70-26--+--35-1895/49-591-^451/-41-87,True
(95+42^2--86)-3+37^2--15/-88*-42+20--52*52^1--93,--+-+--+45^422-863^372*/-15-88-4220*-52^52174,False
63^2-38*-47-32^1+-94*-71*9*-46+23/83^2+-33^1,+-+--^632*38-47^321***-94-719-46/23-832^-331,True
98--67*-63/-84/86+-59/-29*-19/-54--27-(-85/90^1--43)^2,*-+-98//*-67-63-8486/*/-59-29-19-54-27^-+-85^901-432,False
50+34*31-45^1-33--56^1+-66/27/-5/78--72+48^2,+-+---+50*3431^45133^-56-17///-6627-57829^482,True
-18+-19/91*(18-(10^2+57+-13/(-79+(-21/-84)^2+19/-21--99))),+-18*/-1991-18++^10257/-13-++-79^/-21-842/19-21-99,True
-84+-100*61*-65+39/-18-49^2+90*8/83-1^2-2+29,+--+-++-84**-10061-65/39-18^492/*28887^12229,True
86-13^1--70*9^1+72+13--50/-25/77^1--82+-60^2,+--++--86-131*-70^917213*/-50-25^771-82^-602,False
31*(45+22*(58+-35/-21*(64-57-(-95+-49-62)/-14+60-54^2))),*31+45*22+58^/-35-21-++-6457/-+-95-4962-1460^542,True
23--95+-11/96+-66*-30^2+82^1-(26/57-(-75+75^2-80)),-+++-23-95/-1196*-66^-812^8290-/2657-+-75^75280,True
(38^1+22/34*2-65/21-31+-60)/59*31+(-99+(-66+-86*22)),+*/+---+^38122^342*652131-605931+-99+-66*-8622,False
46/9/-94+3-(81+31)-(-42*37)/2*4/64/83*37--78/15,---+//469-943+8131*//*/*-423724548337/-7815,True
-1*-12^2-61/-25*-86+20+3*52/85+5+43^-19+42^-83,++++++-*-34^-122*/61-25-8620/*352855^43142-83,False
-8+-38^1+29/-1+(78+-46)/-97*69+(88+(-32+5+94+29)+66),++++-8^-381/23-1*/+78-46-9769++88+++-325942966,False
-20+66+(-78/(-75^2--99--40--34/-19^2--95-47)/(-80^2+76)),++-2066//-78-----^-752-99-42/-34^-192-9547+^-80276,True
-71--72^1-(-2+67*(57/-98-90--23--94^2+-46*-55^1--78)),---71^-721^-2*37-+---/57-9890-23^-942*-46^-551-78,False
-38+72*15-29-92*-54^2--99-89*21--76+52^1+5+-37,^++-----+-38*721529*92^-542-99*8921-76^5215-37,True
-64--9/40*12^2--10^2-44*-40+94+9*-42--14-66+71,+--++----64*/-940^1229^-102*44-4094*9-42-146671,False
56^1-(29/-18/(22/-55*(67+-81+-12+-68^1+78/22)*-73*-8)),-^561//29-18***/22-55++++7-81-12^-681/78-2-73-8,True
-17*(11/-54--42*-44-(83^2+6)--31*26/(90*(43/-14^2+-86))),*-17---/11-54*-42-44+^8326/*-3126*90+/43^-142-86,True
-49/(-5^2+(33--11^1--88/-87/-82-(-65*-14-(77^2+-98+(-27))))),/-49+^-52---33^-111//-8887-82-*-65-14++^-852-98-27,True
-16^1+-29^1-92/-72/1+30--54/92^1-84*8--28^2,---+-+^-161^-291/92--72130/-54^921*848^-282,False
76*43/10/26/-95-(-60/91+0^1--62-(-85*-64^1+50*85)),-///*764310-30-95--+/-6091^01-62+*-85^-641*50-78,False
15^2--90+(41/-6+47/84*73--15)+84/-60+-1+-53-35/-91,-++++-^152-90-+/41-6*/478473-15/84-60-1-53/3534,True
99+13^1+-74*-26--19+40*89+57+46^2-62/-70^1-92,--+++-+*99^131*-73-26-19*408957^462/62^-70192,True
37/-36^1+34*78--37/-58+98*16/2--100^1-23/18-6,---+-+/37^-361*3478/-37-58*98^-402^-1001/23-216,False
-49-56--88/-46*63^2+5+4*-58/-71^1+53/-31*73+-84,++++---4956*/-88-46^6325/*427^-711*-53-3173-84,True
10^14--63^2+(42*50/(-27*-28-64+-40^1+-99-(-90*64+-19))),+--1014^-632/^42-75-++-*-27-2864^-401-99+*-9064-19,False
-15--75--22/-29-(74*(24*78)/-6)^2--86^1+-69--54+-18^2,-+-*---15-75/-22-29^/*74*2478-62^-861-69/-54^-182,False
(27*-7/8/-47^2-(87--85/33^2--46-(-73/-54^2+-52+(-84)))),-//*27-78^-472---87/-85^332-46++--73^-542-52-84,True
-44--28*(3*12/-17+-83)^1-(36/51--52-39--15/50-35-(38)),---44*-28^+/*312-17-831-----/3651-5239/-15503538,True
13^2+-2^2-(25^1-4+81^2--49-(-56*-80/(-21^2-55))),-+^132^-22--+-^2514^812-49/*-56-80-^-21255,True
-38*(96+-49*-29/(71^1--51+-91)/(12+-35^1-(-26+(86+58*82)))),*-38+96//*-4996+-^711-51-91-+12^-351+-26+86*58-20,True
-75*-52-(86+-25/(31/-64--30/52/-11^1--61+43/-62--75)^2),-*-75-52+86/-25^-+--/31-64//-3052^-111-61/43-62-752,True
(-4*6/-84+-17+-66+-69)*-27--100/-15+-52^1-7+-83+15+-63,+++-+-*+++**-46-84-85-66-6988/-100-15^-5217-8315-63,False
(43+-89*-14^1+-99+61/21)^2+(71*39*(66+(66+17+72--93))),+^+++43*-89^-141-99/61212**7139+66-++661772-93,True
71^1--18/-44+1+-46/4*-93/-23+(-71-87*1+-98-23-94),++-^711/-18^-441/*/-464-93-23--+--71*871-982394,False
69+79^1+-1^1+-60/-93*-67*(72-51-64)^2-(-56+(-57--59)),-+++69^981^-11**/-60-93-67^--7251642+-56-56-59,True
(71*-95-96)*98+-77+-23*46^1+8/60^2+46/58-(36+46),-++++*-*71-959698-77*-23^461/8^602/46-88+36-87,False
-40+94--35/34*(49--4+(43*(50/-6^2+-45)+-48--78*1*73)),-+6894*/-3534+-49-4-+*43+/50^-62-45-48**-78173,True
-88*26^1-8+-25+-39+-21-17+-3+36^1-98/-3^1-68,--++++++-*-88^2618-25-39-2117-3^361/98^-3168,True
60/65/21-(-60/-21-(-24-30-71^1-15+-14*-17+59--79+-10)),-//606521-/-60-21+-++----2430^711-42*-14-17-28-79-10,False
8-73+89*2-80-19-89*-7+52^2+-69+(67*-59^2+-14),+++---+-873^8928019*89-7^52-64-69+*67^-592-14,False
47+28-34--100/3/31--5+-15*-27-(87/-66)--85+(48/-1/31),+--+-/-/472834//-100331-5*-15-27/87-66-85//48-1-82,False
58-89*94+-31-64*66^1--50/94*19^2+(73^1+(-15+-64)),+--+-58*8994-31*64^661*/-50-34^302+^731+-15-64,False
16^1+4-(-58/98-(59+(-93+44^1+14^2--92*22-98)/74)),-+^1614^/-5898+59/---+-93^441^142*-92229874,True
71*57/65^1--66/-19*(5^1+-45--83*(63+(-38/41/-62^1))),-/*7157^651*/-66-19-+^51-45*-83+63//-3841^-621,True
48*48*70^2+-28+99^1+62*-10^2+-72/11-89*63^2,-+++***4848^702-28^991*62^-102/-72-23*89^632,False
65-85/-3*-66/74/47--60*-69-29+-60*-68^2-70^2+-31,+-+---65//*/8573-667480*-60-6929*-60^-682^702-31,True
-80^2+-20*97*25-6/(67^1+56--53*(35^1+(-7-(-4^1)))),-+^-802**-209725/6-+^67156*-53+^351--7^-691,False
-21/78+-96*62^2+-27+24^2--77-58^2-33*13+(-94-99),+---+++/-2178*-96^622-27^242-77^582*3313--94-84,True
-49+(84-57+-90/36/(-46-65*-50+(59*-10)*(-16*-16+99^2+(-85)))),+79+-8457//-9036+--46*65-50**59-10++*-16-16^992-85,True
-79-9^1--46^2+-51*2-85+(-6*(94*81+50+-14^2+(88))),+-*---79^91^-462^-51285*-6+*+*948150^-14288,True
20--16--8*-44-56+-62-(-33-37)/-90^1+22+-51-18/72-14,--++-+---20-16*-8-4456-62/--33-76^-90122-51/1872-3,False
30*-57^1+20*-64*72-(49/32*(-11--53*(-86^1+44/-68*-68))),-+-*30^-571*20-6472*/4932--11--53+^-861*/44-68-68,False
(71-(56+-63^1-97+22^1--93-63-24/(-37-91-(32^2-81)))),-71---+-+56^-63197^471-9363/24---3791-^32281,False
-57--55--10^2+-34-47*-88+(-24*-29)/89^1-(73^1+24/-53),-+-+---57-55^-102-34*47-88/*-24-51^891+^731/2419,False
46^2--32-88^1-12^2-42^2-13+(-87^2+66-(-34--65)),+-----/462-32^881^122^42213-+^-87266--34-65,False
-94^1--51*70^1+-59--93/-87--49-78^1+-13^2+42/20,++---^-^-941/-51^701-59/-93-87-49^781^-132/4220,False
-67-27-95/57+-9^2+75/-74/43^2--27*37^1+-43+86,++-++---6727/9557^-92//75-74^432*-27^371-4386,True
-100-32+-21*(20*-72^2--74/-85)-71/(-61/(51*-17*-64)+16/(-69)),-+--10032*-21+*20^-722/-74-85/71*+-61*/51-17-64/16-69,False
-98*80-(-46/-72+82)+-100/(-33+49*29^2+59--87*-27^2-1),+-*-9880+/-46-7282/-100--++56*49+292-73*-87^-2721,False
-75-1-52+-34*-42/25/-22*(-33+58+-68+-80-30--66^2-(-43)),+---75152*//*-34-42-36-22---++-33/58-68-8030^-662-43,True
-96/41*-45-(49/(90+(66+15)^1+75/-61+81--77+-16-14--9)),-*/-9641-45/-34-+-+++90^+66151^75-6181-77-16*14-9,False
58^1-91^1--64^1-48-51+3^1+89+-72+57^2-30,-++++----^581^911^-6414851^3189-72^57230,False
-93*(28^2-24/-11^1+(-35^1-8*-77)^1+(-100+-74--39/6)),*-93++-^282/24^-111^-^-351*8901-+-100-74/-396,True
54+-7--89+-23/-20+23*-59-(-85+51^2/6/20--48*80)/(24),-++-+54-7-89/-23-20*23-59*-++-85^512/620*-48-3024,False
49+-31^1+-38*74-90^2+-34+2-97*-99--8/4/-99/-12,/-++-++49^-311*6474^902-342*97-99///-84-99-12,False
-31--4/-27+-53+39*38--54*-44^2+-67^1+38^2-57/-14,-++-++--31/-4-27-67*3938*-54^-442^-671^382/57-14,True
94^1-21-33*54*(-86/-70)+69*1--33*-51*-24/44+-14--41,-+*+--^94121**3354/-86-70^691/**-33-51-2444-14-41,True
-7*(-66-53*-89*-37)/54/52^1+-58--83/40/-49*3^2+53,+-++*-7--66**53-89-37/54+521-15*//-8340-49^3253,False
24^1+90*-31+-71+20+-53--53--52--48*13*-65--29-21/-32,*---+++++^-441*90-31-7120-53-53-52**-4813-65-29/21-32,False
-29*84+-71*(86/65^1--21)/1^69-53*-37/56/-19/-4+(88),+-+*-2930*/*-71-/86^651-21169///*53-3756-19-488,True
91*-21/9*-69--20-(-49+80+69^1--2/-40*-32)^2+66*86,+--*-*21-219-69-20^-++-4980^691*/-2-40-322*6686,False
-73/85+-36-35^2+83+14^2-82+69*-12^2-81^2-1,--+/++-+/-7385-36^35283^14282+69^-122^8121,True
36*-100+(23/-40*(-4-(52^1+-56+49-(27+37^60-(4-(-89^2)))))),+*36-100*/23-40--4-++^521-5649-^27^371-4^-892,True
-75--66^2-39-80^2+-23*-49-3--72+(-10*8-41*-2)+-34,+--+----75^-66239^802*-23-493/-72-*-108+41-2-34,True
43*39/92^2+5^1-72-(54-48/36+91^2+-58--34/4),--+/*4339^922^5472-++-54/6636^912-58/-344,False
-77+43/-7/4-28/-19-3--99/-2*(-93-87)*-93*-53^1-13,----+-77//43-764/28-193**-/-99-2--9387-93^-53113,False
92^1--36/-80/25+87+(-44*-87^2--4)--92+-61/-34/84+-77,++-++-^921//-36-802587-*-44^-872-4-92*/-61-3484-77,True
-37*-57*63*35^1-(69/54*62^1-61*31-(-3-92)+-76)+-89,+-***-37-5763^351+--*/6954^621*6131--392-76-89,True
85^1-(64^1+13)+29/-42*53+-100^2--7-2/(-62-72-93),--++-^851+^64113*/-97-4253^-100266/2---627293,False
-96+21/-26/83^2+64^1+72^2+88-89*48^2+(21/7),+-+++--96//21-26^492^641^72288*89^482/217,False
64*(-16*(18-38*-2)/58/1-35^2-9+85+17)+-51/(11+(50)),+*64++--/*-16-18*38-2^581^35294417/-51+8950,False
38*21-42^-2^2+(92+-97+-8^2+-22/54+87^2-50--89),+-*3821*42^-22--++++92-97^-82/-2254^87250-89,True
-71-(-55*74--49*82^1--1+-38+-93/41)^1-79+22*-96/-15,+---71^++--*-5574*95^821-1-38/-9341179/*2268-15,True
(-23--40)-37*-97^2-(-75^1+-8*-48)-92/(-46^2--55-45-(92)),-----23-40*37^-972+^-751*-10-48/92---^-462-554592,False
-19/(-70^1+(-12+10+-93+-74--57+-49+(-46-(-48*32^1+80*58)))),/-19+^-701++-+++-121031-74-23-49--46+^-48^321*8058,False
60*(59/(57^2--27*-2--92^2--43^1+42--24+13)/-5*-97),*60*//59+-+---^452/-27-2^-922^-43142-2413-5-97,False
-100-45/-49--41*57--10-48/-50-(69/-29^1+62^1--15+-25),---*-100/45-49*-4157/*-1048-17+-+/69^-291^621-15-25,False
-17*-6+22/-27/71*47*9/46--18/49+92^1+-36-25/-33,-+-+*-17-6/**//22-277147946*/-1849^651-36/25-1,False
-85+-65*(66--26^2--54*-78--71/-9)-88/46*75^2-(46/(-76)),--+-1*-65---66^-262+-54-78/-71-9*/8846^752/46-76,True
-22^38+-90^2--9^1--31+-68*-71--33/10/2^1+50/56,+-+--+^-222^-902^-91-31*-68-71//-33-42^21/5056,True
-54*(-6--57^1--96/-81)-57/(22/19)/87+18*29-48*55/(62),-+-*-54---6^-571/-96-81//-70/223487*1829/*485562,True
-23*(13-67/65--76*44-58-51*65)/-22/42--94^1-(-87+-8),--//*-23----13/6765+-764458*5165-2242^-941+-87-8,True
(78^2-92+47^1--71)+(-67*-77-1/19*90^1-7*-4*86),+--^782*92^471-71--*-52-77*/119^901**7-486,False
-73*(77^2+-45)+-15*-38^2-97^2+-62--8/-99^81+-70/-52,+-+-+*-73+^772-45*-15^-382^972-62/-8^-992/-7055,False
71/-98^2-0/(-87^2-18*29)/(-26^1+88+-75^2--82^1),-/71^-982/+0-^-872-1829-++^-26188^-752^-821,True
-64/39*54*(38-(-84--61*32^2+-73/-10*23*35+-28+87^1)),**/-643954-38+++--84*-61^322**/-73882335-28^871,False
(-38*-97*-42)*25/12--87*-51/-52^1+-79^1-2-47-92*-2,---+-/***-38-97-42-212/*-87-51^-521^-791247*92-2,False
89*10--21/60-(15+3)^-44*74/-86/-25/77/(-18/56-(81*86)),+--*8910/-2160^+1532////74-86-2577-/-1856*8186,False
-91-16^2+-49+(91^2-46-92--82/-84*-88)^1-38^1-1,--++--91^162-49^---^9124692*/-82-84-881^3811,True
-2^2--63^2--52+-15-(-63+97)+84-19*(27+-14+15/32-92),+-+--^-22^-632-52-15+-6376**8419-++27-14/833292,False
83^2-(95^2-91^1+-68)-(-73*-63*63-83)*-16*(40^2+-30),--^832+-^-182^911-68**-**-73-636383-16+^402-86,True
40/69^2+77*-60*(-94--92-(-51*87/98*54/69)*-88^1+30),+/40^692-*77-60+---94-92*/*/+-5187985469^-88130,True
63*-10-(42/-41^1+-69/88--85+-92+32)+(63+-81/-3^2--47),+-*79-10++-+*42^-411/-6988-85-9232-+63/-81^-32-47,False
-83+62--54/-73*-92^2+93/(93/-17+96-18+94-75-55)^1,+-+-83-93*/-54-73^-922/93^^-+-+/93-17961894-24551,False
3-24--88+-82+21+-84/70+-81^1+80+74*-69+-78-(74/11),-++/+++--324-88-8221*/-8470^-7180*74-69-78/7411,False
79*-9--10^2-52+66^2--88-71--25^1+(-25^1+(50^2)),+---+-^*79-9^-10252^662-8871^-251+^-251^502,True
-90/-5^2+(5/-6/-4/-10-48+88)/68+45+-3*(1--45+-11),+++/24^-52/+-///5-690-1048886845*-3+-1-45-11,False
-96--51^1--41--25+92+2/-48+70/(-12*-98*54+-72/-41*48),+++----96^-511-419292/2-48/70+**-12-9854*/-72-4148,False
(56/-6^2+0)/-94^1-18+-52/(5^2-(41+-46)/2^2-92),+-/+/56^-620^-94118/-52--^52/+41-46^2292,True
-4/73/42+97/-21^2+-84*-38*-13^2--13^1-56-48*89,---+*//-47342/97^-212**-84-38^-132^-13156*4889,True
(48*61/21+-34*94-20-32^1-91)^2-81/(53/-98+20-(8)),-^---+/*486121*-349420^3219184/81-+/53-98208,True
-87^2*80+-41-(84--94+-49+71+(51^54+-28*-5*(-74+-39*18))),-++^-87280-41+++-84-94-4971+^511**-28-5+-74*-3918,False
92+(54+(66/-29/-78)*-99^2+-27/2-(85^2+(54+42+-88)*(-53))),+92-++76*//66-29-78^-992^-272+^852*++5442-88-53,True
43*-51^1+-40--96+3+-37^2--14+-28+-4*86--16*39*16,-++-++-+*-49^-511-40-963^-372-14-28*-486**-163916,True
-95/-9/-54/-97+48-39^1+73+-81-60^1+-76+-81^2+-37,+++-++*+///-95-9-54-9748^39173-81^601-76^-532-37,True
13^1+70^1+(34+71--49*-41)^2-89/52^1-70^2+-39,+--++^131^701^-/3471*-49-412/89^521^712-39,True
-75^2-92+-83-89*(71--12*46*40*45)*80^1+36+72+-40,+++--+-^-75292-8389*--12***-12464045^8013672-40,False
31/57*-7*46^1+80^2-4^1-44/-24^1-55*-15+43,+---+**/-8557-7^771^802^41/44^-24-14*55-1543,False
-33--96+-5-(53-1--16/-55^1--48*25-98+-16+19/30*-28),++-44-96-5++---^531/-16^-551*-482598-16*/1930-28,False
-45*26+70*(17/-41*-14^2+-70)*-50+41-3^2-(19*-91*78),-+-*-4526**70+*/17-41^-852-70-50*41^32**19-9178,False
65*-30-77-46^1+(46*-34/-79*66--10+25^1+(34^1-(38))),+--*65-3077^461++-*/-46-34-7966-10^251-^34138,False
-58*-62-21+(-64+27^1-10+(75^1-82--16)*(-64^2-89--33)),+-*-58-6221+---64^27110*--^75182-16--^-64289-33,True
(19--10*-13/74^2-(-81/-21^1+17*(7*(22^2--11+-2*-99)))),--19/*-10-13^742+/-81^-2189*17*7+-^-812-90*-2-99,False
33^1--9*(71-92*89*97)^2-49/(-45*-87+-69-64+(-3*55)),--^331*-9^-71**9289972/49--+*-45-87-6964*-355,False
-29^2--91*(9^1+37--23-92/(-20+-7-17^1-81^2+(-43))),-+^-292-91*-+^9137-23/92+--+-20-7^171^812-43,True
-1^1--77--9*-64*(50-13)^1^10^1--59^1-22+(11^2),+--+--^91-77**-9-64^-50131^101^-59122^112,True
(-81/-94+-50+(-47-42*(-95/8^2-55^1--21)^1--68)-61^1),-++/-81-94-50---47*42^--/-95^82^-361-211-68^611,True
-25-58*37*14-(49+-3*(-29-(10--60*(46+36)*-21/-98+38*38))),---25**583714+49*-3--29+-10/**-60+4636-21-98*3838,True
33--18+-28/(-31-62-(-8/-36--6--18^1+89-(90*(78/-83)/35))),+-3372/-28---3162-+--/-8-36-6^-18189/*90/78-8335,False
-3*18/11+-86-(-36/(16^1--69+-13^2+-87)^1^10)*43^1,/+^*-31811-86*+/-36^++-^161-69^-132-87110^431,True
-62*(53*29/8/75+39/(1+52)*79^1--93/11-6/(-31+(19))),*-62--+//*5329875*/39+152^791/-9311/6+6319,True
83^2+73/-56--57+7*-17--5+19^2--38+50/-8-73*-56,-+--+-+^832/73-56-57*7-17/-5^192-38/5031*73-56,False
-78*(24/60-76+-72+70*64/-99/-74-54*-31+47*1+-39--22),/-78-++-++-/246076-72//*7064-99-74*54-31^471-39-22,False
(-13^1-20+30--37--92-57*56/-76+43-52^2-50-(30-(97))),---+-----^-1312030-37-92//5756-7643^52250-3097,True
-90-16+72/(-18*-48)*-49/-26-23--38--75*(17--39*28*-88*-97),---+--9016/*/72*-18-48-49-2623-38*-75-17***-3928-8855,False
21^2+-99-91-29+(74/-34*(52-70/93--21+-41)+-63^1+0),+--+^212-999129++*/74-34+--52/7093-21-41^-6310,True
84*70*-47/(-22/83+-35^2+6/44+84^2--82)+-51/44/-79,+/**8470-47-+++/-2283^-352/644^842-82//-5144-21,True
68*92-(81+72+82*49-60)--34*-91*39--4^2-(49-48^2),----*6892-++-4472*824960**-34-9139^-42-49^802,True
-13/96+10^2-79*-97--81/54/-87/58^2+21+-21*-49^1,^^--+/-1396^102*79-97///-8154-87^58221*-21^-491,True
-17+48+88*62*61*5*77+10^2+-46-3*12+77/-64+(7),++-++++-1748****886261577^512-46*312/77-647,True
71/51*72*(-8/-68+(-1^2--60)^1-20*78-(93/-67)/-8*5),**/715172--+/-834^-^-12-601*2078///93-67-85,False
57^2--64^1+-88/(11*96--77+-53)+99-67^2--15+-85^2,+--++-^572^-641/-88+-*1196-77-5399*672-15^-852,True
7+-41^92^1+18--11/67/33--2*1^2+(53^2+-43)+-90,++--+++7-41^92118/*-116733*-2^12+^532-43-90,False
69-31-50/(78^2--94)^1+12+-79--43*(-8+-58^2+-78/-92),-++--6931/-48^-^782-94112-79*-43++-8^-582/-78-92,True
58+-53*2^1+9+11/-39+73*(95^45)/-68+4^2--62/86,+++++-58*-53^219/11-39/*73*9545-68^42/-6286,False
71^1--63/6^2-36/-32*-66/-29+92^1+-21/-87/71--67,-++--^711/-63^62/*/36-32-66-29-921//-21-8771-67,True
-47^2+36*83^1-5-(28+-46)-24/(6+-61+-32*(90^1--81)),---+^-472*36^8315+28-46/24++6-61*-32-^901-81,True
-19^2--30+(-69^1+-97/-18)^2+5*12^1+-46+17^1+-42,+++++-^-192-30^+^-691/-97-462*5^121-46^501-42,True
96+67+36^2-34--93+39+(71-77+-49^1+54)*-20^1+(-82),+++--++9667^362-51-9339*++-6277^-49154^-201-82,False
56--20/-46/-28-32/(71*91)^2--62*-87+87+-30/-69+64-88,-+++---56//64-46-28/32^*71912*-62-8787/-30-696488,False
-57+-65*48/76^1+89/26*-85^1--39+-80+46*73-81+-17,+-++-+-+-57*-6548^761*/8926^-851-39-80*467381-17,True
-97/9+-48--44+83-87^1+2+-42+47^2-19+-5/53*-96,+-+++-+-+/-979-48-4483^8712-42^474319*/-553-96,True
17*78^1+-93^2-63^1--28+-99^2--80+12/-31+94*16,++-+--+*17^781^472^631-28^-992-80/12-31*9416,False
56*57-(69+-38/29/-73+77^1+(37+72*-10^2-(64*-54-64))),-*5657+++69//-3829-73^771-+37*72^-102-*64-5464,True
65/-94/95--8*-62+-53^1+22-1+(-22--60^2--24*5/91),+++-//65-9495*-8-57^-531^221---22^-602/*-24591,False
(4*32+40+97-18--86^1+80/-24^1+-1/7^1+67+39),++++--++*450409718^-861/80^-241/-1^7856739,False
-44-(81-22*54+89/-72+23*(1^2+-70-(-65^2-16/-75*-3))),--44++-81/2254/89-8*23-+^12-70-^-652*^16-75-3,False
73+12*-94*1+-63^-18-67+11+37^1+-38/62^1+95/8,++++--++73*12^-941-63736711^371/-38^621*958,False
-7--98*61--59*(65-37*-21)/-78+-34+-30^1+-56^2-95^2,-+++---7*-9861/*-59-65*37-21-7849^-301^-562-952,True
-48/(-71^2-34^1--1+88-(-79+69/38/-55+40+56^2-39)),/-48-+--^-712^341-188-+++-79//6938-5540^-3239,False
(24+(-98/80-4-(-59*-56/-49)^2-(-78*(-58^2--41*-92^1-72)))),+24---^-98804^/*-59-56-492*-78--^-582*-41^-925172,True
30^2+-84*(91--3-(-1*-22)^1-70-93*-50^84*-65^1+73),+^302*-84++----14-3^--1-22170*93-50*84^-651-35,False
-84*(12-87/(15^1-66+-2)--25*-44*-35*-48)*76/63/29*5,*//**-84--12/87+-^15166-2***-25-44-35-487663295,True
