Original,Perturbed,Is_Equivalent
-92.67+(93.58^2--+-11.47+(55.96*86.94-11.5^2-97.52^62.98+-11.03*20.31*(-48.97*-24.34))),-92.67+(93.58^2--+-11.47+(55.96*86.94-11.5^2-97.52^62.98+-11.03*20.31*(-48.97*-24.34))),False
-7.52^1+95.43/12.51*/+87.12^1-54.05*(++-68.84+-9.92)--57.59^2+96.72^2,-7.52^1+95.43/12.51*/+87.12^1-54.05*(++-68.84+-9.92)--57.59^2+96.72^2,False
5.93--72.85-60.48-^-95.31/-41.06+-66.18/-31.9/21.11*(-64.3+-11.32+14.42+-36.42^1+52.76),5.93--72.85-60.48-^-95.31/-41.06+-66.18/-31.9/21.11*(-64.3+-11.32+14.42+-36.42^1+52.76),False
63.78^1-90.86*(-53.83*(-71.83--92.96+-43.5-/+-87.98-(-6.07-(56.96+-22.21)^1+-43.22)+-73.77)),63.78^1-90.86*(-53.83*(-71.83--92.96+-43.5-/+-87.98-(-6.07-(56.96+-22.21)^1+-43.22)+-73.77)),True
73.85*67.88/76.42-84.89--44.27^1-(-30.55^2+64.18+-46.24/-15.12-+/81.9*(2.05^1)),73.85*67.88/76.42-84.89--44.27^1-(-30.55^2+64.18+-46.24/-15.12-+/81.9*(2.05^1)),True
-59.64+(-89.89/-16.7/-19.73+-58.68)*-72.32--70.41^2--81.97--5.84*44.47-(49.27-68.72/-52.63--37.88),-59.64+(-89.89/-16.7/-19.73+-58.68)*-72.32--70.41^2--81.97--5.84*44.47-(49.27-68.72/-52.63--37.88),True
(-56.58/77.27)^2+-37.26-93.58*30.67^2-81.55^1-49.92+-14.15+-41.41+-21.27-63.06-+,(-56.58/77.27)^2+-37.26-93.58*30.67^2-81.55^1-49.92+-14.15+-41.41+-21.27-63.06-+,False
51.1^2+-21.07^1+98.81-25.9^2+26.29^2--45.5+//-91.2+-67.36-(44.8*-10.85),51.1^2+-21.07^1+98.81-25.9^2+26.29^2--45.5+//-91.2+-67.36-(44.8*-10.85),True
(14.76-98.06^1+-62.97)*(-/44.01/-93.29*-59.84*54.6^2--44.93*+)/-76.55^1-56.82,(14.76-98.06^1+-62.97)*(-/44.01/-93.29*-59.84*54.6^2--44.93*+)/-76.55^1-56.82,True
-35.59+(-93.38*-34.24*-79.48^1+(-12.58*2.24+1--10.12--28.42^2--*63.56)*-25.53-(-23.71)),-35.59+(-93.38*-34.24*-79.48^1+(-12.58*2.24+1--10.12--28.42^2--*63.56)*-25.53-(-23.71)),True
-81.76/40.65/-48.67+*+33.95+-39.2-36.67/85.11^1+53.62^1-90.85*73.95-26.19/12.52,-81.76/40.65/-48.67+*+33.95+-39.2-36.67/85.11^1+53.62^1-90.85*73.95-26.19/12.52,False
-70.84--8.43*61.69*-32.08*(69.55*(-22.52^1-(+*27.55^1+34.64+(39.98--76.76)*67.35*63.53))),-70.84--8.43*61.69*-32.08*(69.55*(-22.52^1-(+*27.55^1+34.64+(39.98--76.76)*67.35*63.53))),False
/*1.58-56.45*-14.0-33.52--99.89*-92.0/(23.72-(-56.19/-69.96-/-44.19+20.42+85.38*(-9.07))),/*1.58-56.45*-14.0-33.52--99.89*-92.0/(23.72-(-56.19/-69.96-/-44.19+20.42+85.38*(-9.07))),False
10.44+(21.92/94.46+38.09*89.55+48.84+-15.21-(65.0+-16.27-15.89+21.92+**-86.69--88.79--63.34)),10.44+(21.92/94.46+38.09*89.55+48.84+-15.21-(65.0+-16.27-15.89+21.92+**-86.69--88.79--63.34)),True
26.07+13.6+62.92+-81.38^1+-55.65*-75.43+86.88+45.19--96.68^1--16.58*66.35*-81.97-(25.81),26.07+13.6+62.92+-81.38^1+-55.65*-75.43+86.88+45.19--96.68^1--16.58*66.35*-81.97-(25.81),True
-62.64-81.63-(96.03/63.85)-57.11+-10.86/(47.53*//-80.88^2--4.74*-25.63--14.38/-10.12-68.64),-62.64-81.63-(96.03/63.85)-57.11+-10.86/(47.53*//-80.88^2--4.74*-25.63--14.38/-10.12-68.64),True
-92.54*78.47/66.29^1+77.1/-23.03/96.6+-19.96^2--46.2^2+-67.9*(-47.17+-4.0/(65.26)),-92.54*78.47/66.29^1+77.1/-23.03/96.6+-19.96^2--46.2^2+-67.9*(-47.17+-4.0/(65.26)),False
-16.53^27.71^2+65.8/97.67^2-(-0.18^2--51.62+(97.41+-20.89*44.3)/27.23)+(-/-20.29),-16.53^27.71^2+65.8/97.67^2-(-0.18^2--51.62+(97.41+-20.89*44.3)/27.23)+(-/-20.29),True
71.24+-32.15+10.82^1+(65.63*47.83^2--14.39+53.23+(-59.44--89.45*-66.32*41.16^2+-64.58)),71.24+-32.15+10.82^1+(65.63*47.83^2--14.39+53.23+(-59.44--89.45*-66.32*41.16^2+-64.58)),True
-98.41/-44.62*-56.6+-75.83^2+15.41^2-88.4+-16.91/-94.25-28.59+/*-16.93/38.36--86.58,-98.41/-44.62*-56.6+-75.83^2+15.41^2-88.4+-16.91/-94.25-28.59+/*-16.93/38.36--86.58,True
-31.78-36.16-78.59/56.55-(90.01-(-12.48*75.96^1--87.97)+2.22*-39.69^2--3.22^2--20.14),-31.78-36.16-78.59/56.55-(90.01-(-12.48*75.96^1--87.97)+2.22*-39.69^2--3.22^2--20.14),True
59.66/-6.23*-79.39/79.0+2+88.46+-40.1-*^1-62.44+-30.85--36.52+-61.77/69.41^1,59.66/-6.23*-79.39/79.0+2+88.46+-40.1-*^1-62.44+-30.85--36.52+-61.77/69.41^1,False
12.59^2+92.21^21.49-46.86-75.03+(//(-82.95^1--87.87)*89.44/(72.65*0.66*-15.14/-16.43)),12.59^2+92.21^21.49-46.86-75.03+(//(-82.95^1--87.87)*89.44/(72.65*0.66*-15.14/-16.43)),False
-65.5^1-90.16+-66.76^1--57.04+94.26^2+57.57-84.06--8.97/51.13/(42.3-48.99+-98.79),-65.5^1-90.16+-66.76^1--57.04+94.26^2+57.57-84.06--8.97/51.13/(42.3-48.99+-98.79),False
/*3.68*-15.0-46.21-32.9^1+-26.75+16.43/81.63^2+/*10.54^2+-40.19*78.14,/*3.68*-15.0-46.21-32.9^1+-26.75+16.43/81.63^2+/*10.54^2+-40.19*78.14,True
16.19+15.89/-75.72+(51.63^1--36.78*36.16-80.04)--46.78^1/57.43*-50.34^-74.43+-55.82/55.19,16.19+15.89/-75.72+(51.63^1--36.78*36.16-80.04)--46.78^1/57.43*-50.34^-74.43+-55.82/55.19,False
-56.28*-77.97^1+35.77+(83.34*(62.18*14.86^2-(-3.08^2-48.14/(-90.55*-56.86/54.14+-95.75)))),-56.28*-77.97^1+35.77+(83.34*(62.18*14.86^2-(-3.08^2-48.14/(-90.55*-56.86/54.14+-95.75)))),True
(4.3^-84.37--35.92^1+(76.86--58.97)+/+-43.12)^1+10.01^1-96.57^2--66.71^-11.95,(4.3^-84.37--35.92^1+(76.86--58.97)+/+-43.12)^1+10.01^1-96.57^2--66.71^-11.95,False
-37.38*-11.44--48.0+-^2-56.22-(6.41+-95.53--18.56^1+-10.61*-8.92)^2+27.41^2,-37.38*-11.44--48.0+-^2-56.22-(6.41+-95.53--18.56^1+-10.61*-8.92)^2+27.41^2,False
-75.16/-^2+24.1--26.91/-24.4/72.63+-71.34--29.71^2+30.75^+-(11.81^1-84.41),-75.16/-^2+24.1--26.91/-24.4/72.63+-71.34--29.71^2+30.75^+-(11.81^1-84.41),False
(-97.29*(55.11*10.58*-56.64)-94.16-36.0+*/-61.2+12.87*-42.98+40.21^2--16.37*-28.17*69.34),(-97.29*(55.11*10.58*-56.64)-94.16-36.0+*/-61.2+12.87*-42.98+40.21^2--16.37*-28.17*69.34),True
38.58*66.48*28.24^1--44.6+(-91.68/40.72*10.06+(-78.91+90.49)+-88.56-90.27+-82.39-(9.2^2)),38.58*66.48*28.24^1--44.6+(-91.68/40.72*10.06+(-78.91+90.49)+-88.56-90.27+-82.39-(9.2^2)),False
-40.78--71.63^2--96.41^1-(-79.16/(78.01*75.71+13.81)-40.34--22.59/-71.7*14.28*-18.3^-51.44),-40.78--71.63^2--96.41^1-(-79.16/(78.01*75.71+13.81)-40.34--22.59/-71.7*14.28*-18.3^-51.44),True
-22.85-1--74.05/30.4+-/(-4.26--79.47/1.07+84.62/(45.62-16.51^2+-43.86--25.48^2)),-22.85-1--74.05/30.4+-/(-4.26--79.47/1.07+84.62/(45.62-16.51^2+-43.86--25.48^2)),True
19.65^1-92.83-16.18*61.8-7.9*-7.37-77.25--7.23+74.35+71.74/(63.7/-52.31*87.39^1),19.65^1-92.83-16.18*61.8-7.9*-7.37-77.25--7.23+74.35+71.74/(63.7/-52.31*87.39^1),True
90.03*-39.3+2+99.28*-/-97.87/7.62/54.16*22.39+-85.73+-54.26^1+-43.65--48.76+-74.4,90.03*-39.3+2+99.28*-/-97.87/7.62/54.16*22.39+-85.73+-54.26^1+-43.65--48.76+-74.4,False
---14.78+-14.46--54.81+(-5.16^2+-33.46+58.84*-10.63-34.97/57.65-9.46^2+80.59-80.6),---14.78+-14.46--54.81+(-5.16^2+-33.46+58.84*-10.63-34.97/57.65-9.46^2+80.59-80.6),True
(-99.73+85.16^1+17.98*47.24/1-63.58+-72.32)+47.73/-96.63/81.44+-2.06*-19.69+-53.92^2,(-99.73+85.16^1+17.98*47.24/1-63.58+-72.32)+47.73/-96.63/81.44+-2.06*-19.69+-53.92^2,False
91.69/-61.73^1+-8.83*12.06+(79.79^1+80.6--55.63*(-15.45^2--7.0/31.93^1+-44.75)),91.69/-61.73^1+-8.83*12.06+(79.79^1+80.6--55.63*(-15.45^2--7.0/31.93^1+-44.75)),True
5.4/-27.13/33.31--11.48-(-67.0/2.85-28.76+(23.1^1+67.16/-94.07)^2--10.24^25.06+84.52),5.4/-27.13/33.31--11.48-(-67.0/2.85-28.76+(23.1^1+67.16/-94.07)^2--10.24^25.06+84.52),True
18.06*(39.33^1+65.83-/^-23.72+94.7/-93.43-47.7)-30.42*-95.98^1+-24.53^1-97.86,18.06*(39.33^1+65.83-/^-23.72+94.7/-93.43-47.7)-30.42*-95.98^1+-24.53^1-97.86,False
-72.35+-9.17-73.73^2--87.7/20.14^2--24.92^-60.66--8.41^2--*53.92/86.72+75.65,-72.35+-9.17-73.73^2--87.7/20.14^2--24.92^-60.66--8.41^2--*53.92/86.72+75.65,False
26.96*-37.62^1+34.57*(65.37*81.6*58.21*(55.36^2-51.76+87.47+-/-80.8*43.64+(42.14))),26.96*-37.62^1+34.57*(65.37*81.6*58.21*(55.36^2-51.76+87.47+-/-80.8*43.64+(42.14))),True
-12.69/-36.84/-85.53+13.77*-58.04+-42.6/-57.75*-45.86^2+(-29.26--79.25)^2+-46.54/-86.88-16.6,-12.69/-36.84/-85.53+13.77*-58.04+-42.6/-57.75*-45.86^2+(-29.26--79.25)^2+-46.54/-86.88-16.6,False
91.57+42.42+--55.69/-30.35^2-62.13/-84.31^1-(69.04/-60.12*-77.39-/^1+(-93.54)),91.57+42.42+--55.69/-30.35^2-62.13/-84.31^1-(69.04/-60.12*-77.39-/^1+(-93.54)),False
69.94*^+-82.95^2/83.6/-50.82^2-34.89^-41.75+39.89/98.98+-22.51+53.05/-53.38*-83.99,69.94*^+-82.95^2/83.6/-50.82^2-34.89^-41.75+39.89/98.98+-22.51+53.05/-53.38*-83.99,False
1.7/27.72^2--94.35+-7.32+^-37.05/84.76*-74.01--89.25+-*/+-0.46/12.04*89.48,1.7/27.72^2--94.35+-7.32+^-37.05/84.76*-74.01--89.25+-*/+-0.46/12.04*89.48,False
75.78+-+-50.69/-4.57+9.62*-2.47/-72.56^1+30.25-10.93-54.26-1-36.53*-25.49^2,75.78+-+-50.69/-4.57+9.62*-2.47/-72.56^1+30.25-10.93-54.26-1-36.53*-25.49^2,True
-66.28+10.19+-55.49/(1.68+36.31*-96.71-88.0)+21.01^1-65.84*-99.05/-3.41*-60.59^1+(-20.32),-66.28+10.19+-55.49/(1.68+36.31*-96.71-88.0)+21.01^1-65.84*-99.05/-3.41*-60.59^1+(-20.32),True
-61.16+/*(23.42/2+(56.03*-95.92^2+-76.61/82.42+68.44++^1--54.17/-23.4-97.09)),-61.16+/*(23.42/2+(56.03*-95.92^2+-76.61/82.42+68.44++^1--54.17/-23.4-97.09)),False
-3.48+^*58.5*-65.88^-11.77+73.28^2--22.55/44.82*-67.8+67.04*-64.99^2--81.64/-39.56,-3.48+^*58.5*-65.88^-11.77+73.28^2--22.55/44.82*-67.8+67.04*-64.99^2--81.64/-39.56,True
-11.07*3.85-25.85+0.99^1+99.95*(-93.35+-25.51+-5.32*25.0-/)/-34.83^1+35.9-20.71,-11.07*3.85-25.85+0.99^1+99.95*(-93.35+-25.51+-5.32*25.0-/)/-34.83^1+35.9-20.71,False
^^1-//63.9--43.87*-5.84+-21.57+-4.82+38.71*39.84^1+-93.43+-70.83+-93.69/5.89,^^1-//63.9--43.87*-5.84+-21.57+-4.82+38.71*39.84^1+-93.43+-70.83+-93.69/5.89,False
33.04*-57.26-42.63*98.11/17.06/74.71^2+(-98.73+-50.04+-75.65/-67.38*-64.08^2+-14.61^2),33.04*-57.26-42.63*98.11/17.06/74.71^2+(-98.73+-50.04+-75.65/-67.38*-64.08^2+-14.61^2),True
37.84/-79.45/-98.65+-88.41+-1.72^1--71.5+-48.11*-30.01+-96.19*-20.89--70.8+13.76*73.72-38.97,37.84/-79.45/-98.65+-88.41+-1.72^1--71.5+-48.11*-30.01+-96.19*-20.89--70.8+13.76*73.72-38.97,True
-68.05-(0.17*-18.59+63.44-21.09--4.21)*-77.36/88.56^2--10.76/1+4.57+(23.13*-28.15+-36.19),-68.05-(0.17*-18.59+63.44-21.09--4.21)*-77.36/88.56^2--10.76/1+4.57+(23.13*-28.15+-36.19),False
(-88.69^2--33.35^1+10.78)-(27.45*-37.28+(-39.58^2+-60.36+-60.39--24.47+-8.9+33.07/39.51)),(-88.69^2--33.35^1+10.78)-(27.45*-37.28+(-39.58^2+-60.36+-60.39--24.47+-8.9+33.07/39.51)),False
6.29--75.18-88.52/47.71*^--26.58^1+82.48+87.29/-67.27^1-(67.9*-11.82*70.09^1),6.29--75.18-88.52/47.71*^--26.58^1+82.48+87.29/-67.27^1-(67.9*-11.82*70.09^1),True
57.77/-16.72+29.44^2--15.38/(-50.9^2-92.1-(-38.55/-77.18^2--85.61+1+98.09)+67.55),57.77/-16.72+29.44^2--15.38/(-50.9^2-92.1-(-38.55/-77.18^2--85.61+1+98.09)+67.55),True
-1.83^1+-^1--41.8+-52.38^1+(-47.34/-15.76)^1-85.93/-23.58+-83.24/-41.57+-88.36,-1.83^1+-^1--41.8+-52.38^1+(-47.34/-15.76)^1-85.93/-23.58+-83.24/-41.57+-88.36,True
80.44+57.14/-99.74+73.17^1+(-21.79^2--56.14+-13.75^1-85.83)--26.14*-89.18*(16.83^1),80.44+57.14/-99.74+73.17^1+(-21.79^2--56.14+-13.75^1-85.83)--26.14*-89.18*(16.83^1),True
28.52*75.8/-26.12+(-86.94--55.72*30.17*-77.16--63.04*-21.57/*+61.27-52.15/-48.62--0.09)+7.32,28.52*75.8/-26.12+(-86.94--55.72*30.17*-77.16--63.04*-21.57/*+61.27-52.15/-48.62--0.09)+7.32,False
-58.47-88.78--38.5*6.29/(42.15*-79.19^2+26.88)^2-12.31-(-42.45^2+*)-2.69--87.75,-58.47-88.78--38.5*6.29/(42.15*-79.19^2+26.88)^2-12.31-(-42.45^2+*)-2.69--87.75,True
-30.4-52.1/-57.9/29.49*13.43^1+57.48*(96.43--3.13)/17.06/-35.41/-30.51-4.75/(67.61--34.34),-30.4-52.1/-57.9/29.49*13.43^1+57.48*(96.43--3.13)/17.06/-35.41/-30.51-4.75/(67.61--34.34),True
76.86^1-19.09-36.05*(-66.44^1--53.48)--72.33***-35.71^2-38.67*46.29-50.83^1,76.86^1-19.09-36.05*(-66.44^1--53.48)--72.33***-35.71^2-38.67*46.29-50.83^1,True
-66.16*26.51--20.63/87.54*-75.41*(49.47-+)+-59.48/-97.03^2+-84.11*54.03*64.23+9.09-61.41,-66.16*26.51--20.63/87.54*-75.41*(49.47-+)+-59.48/-97.03^2+-84.11*54.03*64.23+9.09-61.41,False
-70.54^53.24/4.59/(-84.47-(7.18*97.2)--75.42^2-96.12^1+12.94^1-96.91+72.22--93.31),-70.54^53.24/4.59/(-84.47-(7.18*97.2)--75.42^2-96.12^1+12.94^1-96.91+72.22--93.31),False
-99.69-62.38+**72.74-(11.47-35.72/-56.64/-49.62--56.31+7.49^1+(20.51/47.99/-15.19)*15.0),-99.69-62.38+**72.74-(11.47-35.72/-56.64/-49.62--56.31+7.49^1+(20.51/47.99/-15.19)*15.0),True
-18.81*89.75+//64.86^1-(66.21/87.82)-12.53--99.98*(90.93^1+38.07/-20.33--77.51^2),-18.81*89.75+//64.86^1-(66.21/87.82)-12.53--99.98*(90.93^1+38.07/-20.33--77.51^2),False
79.98+34.12+23.69+-54.83*-18.36*10.59+-10.2*41.13--18.45^1--+82.46-93.76--23.02/65.07,79.98+34.12+23.69+-54.83*-18.36*10.59+-10.2*41.13--18.45^1--+82.46-93.76--23.02/65.07,False
72.65+-61.7*-5.35*-60.88-73.78+60.98-^*-52.53-(-59.63--34.65*88.25*0.65*3.25^2+91.86),72.65+-61.7*-5.35*-60.88-73.78+60.98-^*-52.53-(-59.63--34.65*88.25*0.65*3.25^2+91.86),False
*-+-44.87--69.92+11.26+(-39.32^1+(15.81--6.01*-70.36+57.75^2-68.12-31.1*+)),*-+-44.87--69.92+11.26+(-39.32^1+(15.81--6.01*-70.36+57.75^2-68.12-31.1*+)),False
8.54*-39.13+-13.89--78.05--80.5+18.6+21.57/-46.47/-57.93*(33.0/14.76^1+(60.8--25.14+33.1)),8.54*-39.13+-13.89--78.05--80.5+18.6+21.57/-46.47/-57.93*(33.0/14.76^1+(60.8--25.14+33.1)),True
12.49*51.58*-34.49*-49.89--69.29^2+42.88--85.37-(89.97*36.99+50.58*-73.6/66.17/(-78.41/(-92.88))),12.49*51.58*-34.49*-49.89--69.29^2+42.88--85.37-(89.97*36.99+50.58*-73.6/66.17/(-78.41/(-92.88))),True
-8.58--8.38/-11.27^1--56.67/-58.21+(77.9/-8.31*-15.98/-10.93)/-85.76/-14.38*68.34--69.61*68.46,-8.58--8.38/-11.27^1--56.67/-58.21+(77.9/-8.31*-15.98/-10.93)/-85.76/-14.38*68.34--69.61*68.46,True
-20.99+(79.59/-30.77*-26.15*-50.55*44.44^2+-52.41/32.77-(79.6*-48.63^1-55.27/21.71/44.93)),-20.99+(79.59/-30.77*-26.15*-50.55*44.44^2+-52.41/32.77-(79.6*-48.63^1-55.27/21.71/44.93)),True
20.45/-18.88*(-60.49+*^2-(87.68+32.94)^2+59.98)^2--83.82^2+64.06+-35.95--62.01,20.45/-18.88*(-60.49+*^2-(87.68+32.94)^2+59.98)^2--83.82^2+64.06+-35.95--62.01,True
-19.09*-73.31/(39.5-32.19+-51.39-31.58/7.75)*18.54+-41.09/-98.1*38.51^1+6.95/17.79/52.09,-19.09*-73.31/(39.5-32.19+-51.39-31.58/7.75)*18.54+-41.09/-98.1*38.51^1+6.95/17.79/52.09,False
-69.05*-28.91*47.66--34.79*(-77.75/(-52.36*24.63^1--32.71^2+33.75*84.96)/-2.79+60.94)/93.65,-69.05*-28.91*47.66--34.79*(-77.75/(-52.36*24.63^1--32.71^2+33.75*84.96)/-2.79+60.94)/93.65,False
-12.37--29.36*8.5*-50.84^1+-44.4+-1.72-1+-22.58-21.31--82.44+57.95+77.87*(-43.25--55.44),-12.37--29.36*8.5*-50.84^1+-44.4+-1.72-1+-22.58-21.31--82.44+57.95+77.87*(-43.25--55.44),True
31.77--95.71/15.82^1-53.1*76.77+44.41^2+(16.15+60.37/-71.78+-37.25/51.4^1+16.85),31.77--95.71/15.82^1-53.1*76.77+44.41^2+(16.15+60.37/-71.78+-37.25/51.4^1+16.85),True
-93.6*78.43^2-(-66.16^2--53.32*-45.38--22.39/35.72-1.21*32.92*18.28+-11.98)+-11.5*39.45,-93.6*78.43^2-(-66.16^2--53.32*-45.38--22.39/35.72-1.21*32.92*18.28+-11.98)+-11.5*39.45,True
1.07/36.26+59.24*/+83.27^1+88.62+88.41+-29.71-43.86--27.72+29.41*13.66^2+37.48,1.07/36.26+59.24*/+83.27^1+88.62+88.41+-29.71-43.86--27.72+29.41*13.66^2+37.48,True
-54.53^-89.51+76.5/(-38.76*26.93+79.12)-//46.48*(-18.74*18.73^2+2.55/-88.22^2-19.49),-54.53^-89.51+76.5/(-38.76*26.93+79.12)-//46.48*(-18.74*18.73^2+2.55/-88.22^2-19.49),True
+^2+(-66.45--28.37^1+-93.39)^1-77.39^1+77.28^2+78.43--86.83/(-69.57--77.07),+^2+(-66.45--28.37^1+-93.39)^1-77.39^1+77.28^2+78.43--86.83/(-69.57--77.07),False
+^1-89.61*0.35+(6.09*21.65)^2+8.88+-99.41+-28.13+-46.65^1+-97.54^1+-71.74,+^1-89.61*0.35+(6.09*21.65)^2+8.88+-99.41+-28.13+-46.65^1+-97.54^1+-71.74,True
-16.23+66.32**+16.9^1-(57.16*81.45*-52.75--53.86+(-41.96--63.41+76.71+-56.04^2--47.25)),-16.23+66.32**+16.9^1-(57.16*81.45*-52.75--53.86+(-41.96--63.41+76.71+-56.04^2--47.25)),False
48.06-56.5--0.55+-18.28/-23.12+-63.87^1+23.81+(79.4*-19.35--93.83)/(-72.78/-90.39^2+3.81),48.06-56.5--0.55+-18.28/-23.12+-63.87^1+23.81+(79.4*-19.35--93.83)/(-72.78/-90.39^2+3.81),False
37.27-(4.55*-20.64^1+40.44*-36.11*2-75.26^1+-25.07+71.96*-52.24/96.23^2+-62.81),37.27-(4.55*-20.64^1+40.44*-36.11*2-75.26^1+-25.07+71.96*-52.24/96.23^2+-62.81),False
(28.52^2+-3.43/(11.65+(^+(70.92/37.18-97.26*(-57.96*-76.35^1-67.02/14.54*-39.89/76.96))))),(28.52^2+-3.43/(11.65+(^+(70.92/37.18-97.26*(-57.96*-76.35^1-67.02/14.54*-39.89/76.96))))),True
(-74.34-58.47^2+-43.75^1+-0.66--99.13)^2+-+37.96/41.93+-67.1--83.58/50.72-98.48,(-74.34-58.47^2+-43.75^1+-0.66--99.13)^2+-+37.96/41.93+-67.1--83.58/50.72-98.48,True
51.52+92.38/20.93/28.79/22.0+-33.83-75.08+-55.49^1+85.22+20.53^1*99.57/7.07+(-4.11),51.52+92.38/20.93/28.79/22.0+-33.83-75.08+-55.49^1+85.22+20.53^1*99.57/7.07+(-4.11),False
36.97--40.0^2+72.03/-6.75+-1.34--54.12/-52.62^2--95.24-33.18/88.97^-6.94+72.13*51.47,36.97--40.0^2+72.03/-6.75+-1.34--54.12/-52.62^2--95.24-33.18/88.97^-6.94+72.13*51.47,False
-50.3^2--23.41/-77.16*78.1^2+42.32/53.76*-97.72--82.36+-15.07*-89.41+64.97^2+(-51.29),-50.3^2--23.41/-77.16*78.1^2+42.32/53.76*-97.72--82.36+-15.07*-89.41+64.97^2+(-51.29),True
(-60.72/-21.03--27.13-(79.18/27.06)+38.77)/*+86.79+-83.63/36.61-(-87.25+(35.0-96.59*-20.28/53.99)),(-60.72/-21.03--27.13-(79.18/27.06)+38.77)/*+86.79+-83.63/36.61-(-87.25+(35.0-96.59*-20.28/53.99)),True
-11.5*(-45.74--74.03-9.16*48.92^1+89.42)/-80.6^2+45.16*-16.38-42.21*-64.76/-39.41--23.62,-11.5*(-45.74--74.03-9.16*48.92^1+89.42)/-80.6^2+45.16*-16.38-42.21*-64.76/-39.41--23.62,False
0.1/58.62+(33.07^2--24.32*-10.2*-72.7+-5.36*73.91/65.26*-7.07--98.61--34.69^2+52.0),0.1/58.62+(33.07^2--24.32*-10.2*-72.7+-5.36*73.91/65.26*-7.07--98.61--34.69^2+52.0),True
*/17.66-(70.72-13.37^1-14.58^1+-58.39*-5.54+17.42--97.81+66.49+42.11)/-64.07*(-12.91),*/17.66-(70.72-13.37^1-14.58^1+-58.39*-5.54+17.42--97.81+66.49+42.11)/-64.07*(-12.91),False
-39.0+9.43/95.05*-30.69/++(94.07--8.77+19.16+65.88)+37.42+-9.43/77.6*(-89.85+-40.63--39.56),-39.0+9.43/95.05*-30.69/++(94.07--8.77+19.16+65.88)+37.42+-9.43/77.6*(-89.85+-40.63--39.56),True
-68.62*-60.48^-48.42+-42.1*(-40.1*5.61/2.67^1--90.26)^2-(31.47^95.77-30.94*-71.96-20.47),-68.62*-60.48^-48.42+-42.1*(-40.1*5.61/2.67^1--90.26)^2-(31.47^95.77-30.94*-71.96-20.47),False
(88.5*-34.72/92.93-32.34*(36.72^1-73.59)*63.32^2-**(72.77-38.48--85.58^2+81.62)),(88.5*-34.72/92.93-32.34*(36.72^1-73.59)*63.32^2-**(72.77-38.48--85.58^2+81.62)),False
38.09^2+58.62/53.38-69.95--66.11^2+78.31*/-20.79--*95.14/52.52^2+81.87,38.09^2+58.62/53.38-69.95--66.11^2+78.31*/-20.79--*95.14/52.52^2+81.87,False
-49.32^2+59.09^1--98.33/56.72-95.6+(8.76-1.46^1-18.96*(-63.0*-24.1-33.68^67.73)),-49.32^2+59.09^1--98.33/56.72-95.6+(8.76-1.46^1-18.96*(-63.0*-24.1-33.68^67.73)),True
-/-97.64+12.5-(17.33*82.67--35.67^1.63--59.25--2.55--49.52*-92.61^2+11.25)*(-36.64-85.69),-/-97.64+12.5-(17.33*82.67--35.67^1.63--59.25--2.55--49.52*-92.61^2+11.25)*(-36.64-85.69),False
-3.95/-91.4/-30.88/(-81.25--14.43/(63.61--42.79)/67.11*-10.46^2+-86.36^88.51^2+89.63)*/,-3.95/-91.4/-30.88/(-81.25--14.43/(63.61--42.79)/67.11*-10.46^2+-86.36^88.51^2+89.63)*/,False
-62.11^1+-53.61+-72.66-3.06-19.46+(2.45-72.45/-65.89*27.63--94.85^2+-4.69-44.41*-92.56),-62.11^1+-53.61+-72.66-3.06-19.46+(2.45-72.45/-65.89*27.63--94.85^2+-4.69-44.41*-92.56),True
(24.29--0.21/-22.54^1+89.71/2-32.66*33.85--11.76*11.16/60.07)/-5.02--85.79^1+-65.97,(24.29--0.21/-22.54^1+89.71/2-32.66*33.85--11.76*11.16/60.07)/-5.02--85.79^1+-65.97,True
-39.65*-17.49/-70.17/-14.15-42.89-83.67+-41.15*13.73-16.3^2-87.84+^*(-14.75*6.59*-90.22),-39.65*-17.49/-70.17/-14.15-42.89-83.67+-41.15*13.73-16.3^2-87.84+^*(-14.75*6.59*-90.22),False
-47.16+/+-59.63/30.56^2+-18.15-(68.56^1-70.17^2-(80.59-(24.02/97.23*93.4^2))),-47.16+/+-59.63/30.56^2+-18.15-(68.56^1-70.17^2-(80.59-(24.02/97.23*93.4^2))),True
-42.29/5.56/89.0^2--58.44*-68.22+-71.24--24.14*85.26--16.22+90.7*-27.15/-2.93/-66.98/-36.11,-42.29/5.56/89.0^2--58.44*-68.22+-71.24--24.14*85.26--16.22+90.7*-27.15/-2.93/-66.98/-36.11,True
-96.88*5.96/94.32+44.18*-73.83*54.13*-15.72+8.78*-93.2*-29.94/-94.35/-3.39/-19.56/24.6^2,-96.88*5.96/94.32+44.18*-73.83*54.13*-15.72+8.78*-93.2*-29.94/-94.35/-3.39/-19.56/24.6^2,False
53.01-(-58.96+-37.58)/44.79*54.12--85.12-94.82+(-15.98^1--68.72)/81.13*-75.41^1+-76.73+11.12,53.01-(-58.96+-37.58)/44.79*54.12--85.12-94.82+(-15.98^1--68.72)/81.13*-75.41^1+-76.73+11.12,True
-58.84-(-54.86/59.7^1+60.51-38.45+-72.34+(97.06^1--56.0^2--43.26-75.56^2+^)),-58.84-(-54.86/59.7^1+60.51-38.45+-72.34+(97.06^1--56.0^2--43.26-75.56^2+^)),True
63.55*-93.18-99.04/-9.03^1+-*-2.02*47.54^2+56.75/(6.42^1-32.92^2--98.01),63.55*-93.18-99.04/-9.03^1+-*-2.02*47.54^2+56.75/(6.42^1-32.92^2--98.01),True
/+-57.8/31.32-/+76.51/-21.71--61.35^1+77.37--87.74*50.49*(0.99*83.02*-27.47*21.98),/+-57.8/31.32-/+76.51/-21.71--61.35^1+77.37--87.74*50.49*(0.99*83.02*-27.47*21.98),False
-26.17/82.45^2+40.46+(55.15^2-10.56^1--22.83*-30.57//*81.56-2.99)/-30.12^1,-26.17/82.45^2+40.46+(55.15^2-10.56^1--22.83*-30.57//*81.56-2.99)/-30.12^1,True
-0.1+-39.71-+^2+^/(23.44/22.47)-79.04--2.33--93.99^1+-5.13/-93.94*(89.9*-32.79),-0.1+-39.71-+^2+^/(23.44/22.47)-79.04--2.33--93.99^1+-5.13/-93.94*(89.9*-32.79),False
3.48*/*83.13+-23.42*(31.47*-5.64*(-33.11^2+-9.54*(-45.08*35.71-96.33^95.3+11.25+85.62))),3.48*/*83.13+-23.42*(31.47*-5.64*(-33.11^2+-9.54*(-45.08*35.71-96.33^95.3+11.25+85.62))),True
43.3^1+80.08/-79.89+-38.83/-53.4-(-25.43/64.86)/-94.99/-88.07*-40.04^1--80.43-*^2,43.3^1+80.08/-79.89+-38.83/-53.4-(-25.43/64.86)/-94.99/-88.07*-40.04^1--80.43-*^2,False
-91.0^1+68.5+(-89.01+40.67^2+-72.37)^2-*-54.03+++30.29*73.29*47.89+(81.78),-91.0^1+68.5+(-89.01+40.67^2+-72.37)^2-*-54.03+++30.29*73.29*47.89+(81.78),False
-95.04/20.24*88.49/9.79+-50.99/71.68+76.94*-0.78^2-49.45^2^(49.27-(75.11-45.07*-23.96)),-95.04/20.24*88.49/9.79+-50.99/71.68+76.94*-0.78^2-49.45^2^(49.27-(75.11-45.07*-23.96)),True
-55.08--21.28/7.96^1-32.75/(-51.09/-77.54)^2-40.96/-10.58+-99.29*12.84^1--52.62-99.99,-55.08--21.28/7.96^1-32.75/(-51.09/-77.54)^2-40.96/-10.58+-99.29*12.84^1--52.62-99.99,True
34.7--57.3/-25.81-(15.88^1+84.78/57.85*(23.01/86.51-20.46+59.15*-47.33*84.3-32.66)+43.15),34.7--57.3/-25.81-(15.88^1+84.78/57.85*(23.01/86.51-20.46+59.15*-47.33*84.3-32.66)+43.15),False
63.39-82.28/52.83^2--76.33^2+-13.42+48.46^-23.03--55.83+38.94*-26.25--54.06^2+(-22.36),63.39-82.28/52.83^2--76.33^2+-13.42+48.46^-23.03--55.83+38.94*-26.25--54.06^2+(-22.36),True
-66.64-3.14/(22.66+24.07/95.04/21.16/12.35*95.9/-^2--27.91-87.1+-52.44/42.48^1),-66.64-3.14/(22.66+24.07/95.04/21.16/12.35*95.9/-^2--27.91-87.1+-52.44/42.48^1),True
(-23.64^2+63.99+-89.72-^/15.84^2--22.72+23.74*-2.52/-75.1/96.65+-41.01*53.16/-82.86),(-23.64^2+63.99+-89.72-^/15.84^2--22.72+23.74*-2.52/-75.1/96.65+-41.01*53.16/-82.86),False
44.61/26.66^1--7.88^1--65.47/-36.51*-20.35*-2.71*-59.14+54.52-40.08*-70.22*69.66--92.39,44.61/26.66^1--7.88^1--65.47/-36.51*-20.35*-2.71*-59.14+54.52-40.08*-70.22*69.66--92.39,False
-48.74/-+84.99--9.78+49.31/58.31^1+89.54/32.03/30.98+(-7.3^1-83.35/(-83.08*25.11)),-48.74/-+84.99--9.78+49.31/58.31^1+89.54/32.03/30.98+(-7.3^1-83.35/(-83.08*25.11)),True
46.26-63.72--+-96.85*(97.64/(-7.98/86.88/(-19.59*56.05)/(64.15--4.33*-42.93^1-(16.08^2)))),46.26-63.72--+-96.85*(97.64/(-7.98/86.88/(-19.59*56.05)/(64.15--4.33*-42.93^1-(16.08^2)))),True
-0.81-25.03*61.9^46.16+(-0.57--47.43)^1+86.6*28.3--76.75/23.87^2-(20.48+-81.49--25.74),-0.81-25.03*61.9^46.16+(-0.57--47.43)^1+86.6*28.3--76.75/23.87^2-(20.48+-81.49--25.74),True
-84.5*39.31/-89.75^2+++66.85*(-88.84^2--45.94-(-90.35*(-77.6^2+-12.71*81.66/(39.5)))),-84.5*39.31/-89.75^2+++66.85*(-88.84^2--45.94-(-90.35*(-77.6^2+-12.71*81.66/(39.5)))),False
40.35/-58.81^1+-2.65+68.34/-86.26^1-85.87+-82.9*72.61++^1-42.4*58.11+-97.81,40.35/-58.81^1+-2.65+68.34/-86.26^1-85.87+-82.9*72.61++^1-42.4*58.11+-97.81,True
-91.7+98.79^53.61^2--/92.48/(-22.55*-47.76--25.82^1--42.98+-74.36-49.52^2+-35.93),-91.7+98.79^53.61^2--/92.48/(-22.55*-47.76--25.82^1--42.98+-74.36-49.52^2+-35.93),True
15.66+-44.23+99.78--15.45/-32.7^1--46.9-60.71+79.18--29.54^1+-85.23/-15.6*-22.36^2,15.66+-44.23+99.78--15.45/-32.7^1--46.9-60.71+79.18--29.54^1+-85.23/-15.6*-22.36^2,False
27.43*-29.39--18.68+-8.01*-49.98*-98.85+12.21+98.28^54.47-99.28+(-92.24+-)/-97.36-11.03/-45.02,27.43*-29.39--18.68+-8.01*-49.98*-98.85+12.21+98.28^54.47-99.28+(-92.24+-)/-97.36-11.03/-45.02,False
-12.32*2+(3.68/1--79.44)-40.6-20.9*-40.53-7.75^1-/*-52.75^1-50.09-37.11,-12.32*2+(3.68/1--79.44)-40.6-20.9*-40.53-7.75^1-/*-52.75^1-50.09-37.11,False
-65.52^1-38.09/-77.43*32.17/27.26+^*30.87--91.03-(56.49/-91.83*-31.06)-(//29.98)--4.08,-65.52^1-38.09/-77.43*32.17/27.26+^*30.87--91.03-(56.49/-91.83*-31.06)-(//29.98)--4.08,False
-12.69/71.52-(60.13^1-83.29+/^1+-57.07+^-26.92*(-48.86/86.51*46.01/73.43)+-14.98),-12.69/71.52-(60.13^1-83.29+/^1+-57.07+^-26.92*(-48.86/86.51*46.01/73.43)+-14.98),False
-32.24-(-10.48/72.16)^2/28.03*(97.76--13.06*-60.09^-51.87--80.96^2+33.74+33.61--21.86-76.99),-32.24-(-10.48/72.16)^2/28.03*(97.76--13.06*-60.09^-51.87--80.96^2+33.74+33.61--21.86-76.99),True
-31.75+-94.37/83.93/-72.86^1-47.87-53.27+93.2^1+-10.91*1.95*21.92-3.64/8.0+20.12,-31.75+-94.37/83.93/-72.86^1-47.87-53.27+93.2^1+-10.91*1.95*21.92-3.64/8.0+20.12,True
-44.33^1-7.14--74.35-30.31-33.7/32.37+-60.05-58.43^1+**-57.67+-77.87+61.78/(72.13),-44.33^1-7.14--74.35-30.31-33.7/32.37+-60.05-58.43^1+**-57.67+-77.87+61.78/(72.13),False
23.4-/*43.67/(24.43^2+64.52-83.77^1--65.89/-58.84^2+-58.74^2*82.63-2.71),23.4-/*43.67/(24.43^2+64.52-83.77^1--65.89/-58.84^2+-58.74^2*82.63-2.71),False
-84.79^1+(-99.24*59.06*-53.28--41.08/48.21/(94.34/68.96)+/*-97.83+(7.19/76.11)/-90.69--52.23),-84.79^1+(-99.24*59.06*-53.28--41.08/48.21/(94.34/68.96)+/*-97.83+(7.19/76.11)/-90.69--52.23),True
-28.03/51.06--50.84+18.58^92.73+(^+-9.37*-21.27^2-46.55--0.06+72.91^2--64.13/(56.47)),-28.03/51.06--50.84+18.58^92.73+(^+-9.37*-21.27^2-46.55--0.06+72.91^2--64.13/(56.47)),True
(-97.57*-23.97)+-52.18/27.11-24.43^1+63.55/(-78.02^1-(-42.68^2-1.88--58.47^1+-46.6)),(-97.57*-23.97)+-52.18/27.11-24.43^1+63.55/(-78.02^1-(-42.68^2-1.88--58.47^1+-46.6)),True
59.22*24.89+72.37*-26.73/-57.74*33.65--35.82-/+-82.88*-33.35/53.42/73.9/19.51*75.82+-8.78,59.22*24.89+72.37*-26.73/-57.74*33.65--35.82-/+-82.88*-33.35/53.42/73.9/19.51*75.82+-8.78,False
-19.71+^+-85.32^1-55.18*23.4*49.72--45.09/-83.14^1+77.34*-45.46^2-29.5/-53.52,-19.71+^+-85.32^1-55.18*23.4*49.72--45.09/-83.14^1+77.34*-45.46^2-29.5/-53.52,False
46.16/(-87.14/(-52.05+80.36^1-98.87^51.15^2+-1.87+1--52.65*-47.86^1--25.36+-18.41)),46.16/(-87.14/(-52.05+80.36^1-98.87^51.15^2+-1.87+1--52.65*-47.86^1--25.36+-18.41)),True
(-61.82/60.9/-20.06--34.24+-52.0/73.07)/(-1.37*-21.42-(63.63*12.57)--79.55/39.4+(-94.12-28.33+-68.04)),(-61.82/60.9/-20.06--34.24+-52.0/73.07)/(-1.37*-21.42-(63.63*12.57)--79.55/39.4+(-94.12-28.33+-68.04)),True
-44.66--81.75^2+17.12*-64.61^1-47.91^-53.72+(53.03+61.22^2-75.95^1--77.09/-81.39),-44.66--81.75^2+17.12*-64.61^1-47.91^-53.72+(53.03+61.22^2-75.95^1--77.09/-81.39),True
-72.41--11.93+-3.21+-89.16*-26.31-62.21^2+16.77/-99.99+87.07/0.6+-1.18--55.54/46.19^5.43,-72.41--11.93+-3.21+-89.16*-26.31-62.21^2+16.77/-99.99+87.07/0.6+-1.18--55.54/46.19^5.43,False
-89.04^2-44.38--50.96^1--86.73^1--96.3/-22.12/85.65^1-45.17*-14.41*(54.39/-8.98),-89.04^2-44.38--50.96^1--86.73^1--96.3/-22.12/85.65^1-45.17*-14.41*(54.39/-8.98),False
-94.88/1+-52.82+(56.24/49.51*-93.89/-96.77*-89.66^2+0.57^1-+)*64.34*-35.9/-1.83,-94.88/1+-52.82+(56.24/49.51*-93.89/-96.77*-89.66^2+0.57^1-+)*64.34*-35.9/-1.83,True
-29.87^1-48.06*-68.28*97.53^1-(+*-49.34+-49.34-72.28--28.89^2--62.71/(65.03/78.15)),-29.87^1-48.06*-68.28*97.53^1-(+*-49.34+-49.34-72.28--28.89^2--62.71/(65.03/78.15)),True
18.12--68.81+50.59*(11.95^1+-*18.73+(22.28-91.94*-19.65^2+-17.18*-2.13)/-73.27/-77.47),18.12--68.81+50.59*(11.95^1+-*18.73+(22.28-91.94*-19.65^2+-17.18*-2.13)/-73.27/-77.47),True
/*-77.44/0.73*-65.33/*^2+-31.17^2+-80.78*69.65-30.37*87.15+27.04^1-9.3,/*-77.44/0.73*-65.33/*^2+-31.17^2+-80.78*69.65-30.37*87.15+27.04^1-9.3,False
27.86-68.48--65.44+71.37/(-8.67/10.49)+45.61^2-70.46--51.87--54.13*86.41+13.53^1+(71.12),27.86-68.48--65.44+71.37/(-8.67/10.49)+45.61^2-70.46--51.87--54.13*86.41+13.53^1+(71.12),True
98.5+87.86*-40.84*-61.43/-90.99^1--93.62^68.02+-78.57+12.22+-40.17*-23.73+-22.51--73.45*31.42,98.5+87.86*-40.84*-61.43/-90.99^1--93.62^68.02+-78.57+12.22+-40.17*-23.73+-22.51--73.45*31.42,True
(-40.79+69.61--42.89/-37.38*(75.44*43.66/40.02/-74.88/^/28.86^2-40.81)^1+-0.17+53.01),(-40.79+69.61--42.89/-37.38*(75.44*43.66/40.02/-74.88/^/28.86^2-40.81)^1+-0.17+53.01),False
0.85*(14.85--54.69)+25.26*9.84*-90.52+-56.69/80.17/-99.22^(-33.15+-31.21-78.76*(29.52--61.63^1)),0.85*(14.85--54.69)+25.26*9.84*-90.52+-56.69/80.17/-99.22^(-33.15+-31.21-78.76*(29.52--61.63^1)),True
71.37*54.78+35.13^2-(3.72^1+-70.71--54.89+(-28.43^2--41.14-29.47)/(-32.53-69.22*26.8)),71.37*54.78+35.13^2-(3.72^1+-70.71--54.89+(-28.43^2--41.14-29.47)/(-32.53-69.22*26.8)),True
(-85.48+(-42.09/95.38^1+55.34-44.26^2+(50.65*4.26^2+53.6*-43.41)*-10.8+-41.72-42.79)),(-85.48+(-42.09/95.38^1+55.34-44.26^2+(50.65*4.26^2+53.6*-43.41)*-10.8+-41.72-42.79)),False
-46.65+(61.38//--60.5-66.33-(-8.88+-82.62*75.22^1+-4.17)^1-^/-67.85-80.97)--33.69,-46.65+(61.38//--60.5-66.33-(-8.88+-82.62*75.22^1+-4.17)^1-^/-67.85-80.97)--33.69,False
(56.58-79.07+87.1--65.36*32.25+52.24-88.83/-35.28)*14.89+-35.8/(-49.96^2+/-(66.43/21.26)),(56.58-79.07+87.1--65.36*32.25+52.24-88.83/-35.28)*14.89+-35.8/(-49.96^2+/-(66.43/21.26)),False
16.57^1--18.0*-97.6/69.96^1--25.8*55.27^+^1-26.15+(-74.18+-21.66/-5.36+(-71.7)),16.57^1--18.0*-97.6/69.96^1--25.8*55.27^+^1-26.15+(-74.18+-21.66/-5.36+(-71.7)),False
-96.15^2-(53.84/-47.99)*41.67/-90.52--70.99-37.82-(+^2+-50.42^2--58.14*(-32.27/-72.06)),-96.15^2-(53.84/-47.99)*41.67/-90.52--70.99-37.82-(+^2+-50.42^2--58.14*(-32.27/-72.06)),False
-44.85*47.3-2+-78.43+57.96+-91.32^2+-28.02*58.26/(-99.0^2+20.6-(49.72-(83.45*81.09))),-44.85*47.3-2+-78.43+57.96+-91.32^2+-28.02*58.26/(-99.0^2+20.6-(49.72-(83.45*81.09))),False
4.61+*^1-^^2--52.35^1-60.05*39.37--76.16*85.49*(90.74*-29.33/63.71-88.6),4.61+*^1-^^2--52.35^1-60.05*39.37--76.16*85.49*(90.74*-29.33/63.71-88.6),False
-25.35+-47.97+29.89/-89.0*97.35/(97.24*33.63)--37.25/-80.67-97.61^1+(-61.54+40.35+-73.32-21.24),-25.35+-47.97+29.89/-89.0*97.35/(97.24*33.63)--37.25/-80.67-97.61^1+(-61.54+40.35+-73.32-21.24),True
(-43.02+-30.61/-49.02+67.37)^1+-82.23*2-(94.25+1.65^2-^+(-5.77--13.64-81.61*-88.35)),(-43.02+-30.61/-49.02+67.37)^1+-82.23*2-(94.25+1.65^2-^+(-5.77--13.64-81.61*-88.35)),False
-2.15/-6.38+(-38.74+(79.74*-49.01-(-40.27*-85.75^1-*^1+**85.79*(-52.22+-18.98*70.51)))),-2.15/-6.38+(-38.74+(79.74*-49.01-(-40.27*-85.75^1-*^1+**85.79*(-52.22+-18.98*70.51)))),False
(-38.16/(81.57^(83.88/(-66.19/(-62.99+11.17)+44.48/-86.31/54.88*10.15)-42.31/-74.87^1+-69.64-32.54))),(-38.16/(81.57^(83.88/(-66.19/(-62.99+11.17)+44.48/-86.31/54.88*10.15)-42.31/-74.87^1+-69.64-32.54))),False
-54.31--96.65*(-5.64*(-99.12/-11.61--31.84^1--95.78*32.47*68.12+-*15.15*86.73*(96.05/36.71))),-54.31--96.65*(-5.64*(-99.12/-11.61--31.84^1--95.78*32.47*68.12+-*15.15*86.73*(96.05/36.71))),False
11.82--14.39+-71.11*-56.2^1--25.96+36.42*91.22+16.53*27.63*77.11+49.18*/^1-18.41,11.82--14.39+-71.11*-56.2^1--25.96+36.42*91.22+16.53*27.63*77.11+49.18*/^1-18.41,False
-12.74/(-51.88^2-95.84*-8.56*54.01)/1+(31.14--58.5)+16.3^1-90.49/-50.79/-61.91-^,-12.74/(-51.88^2-95.84*-8.56*54.01)/1+(31.14--58.5)+16.3^1-90.49/-50.79/-61.91-^,False
-8.44^1/-6.03--49.65/-24.31--58.37^1+63.98+90.24^98.7-(-25.57+-53.26^1-14.46^2),-8.44^1/-6.03--49.65/-24.31--58.37^1+63.98+90.24^98.7-(-25.57+-53.26^1-14.46^2),False
-12.48*-94.45^1-*^1--45.73^2-22.84--72.31+(//-91.03^1-(26.24+(-55.35^2))),-12.48*-94.45^1-*^1--45.73^2-22.84--72.31+(//-91.03^1-(26.24+(-55.35^2))),True
39.08+1-33.3+-25.7/-47.84/(-82.13+64.83^2+/*33.05-53.66^2-*-37.06)*32.81,39.08+1-33.3+-25.7/-47.84/(-82.13+64.83^2+/*33.05-53.66^2-*-37.06)*32.81,False
28.59/-59.54/2.64+61.94^1+42.87/(86.52/(/*57.27+-74.11-44.1--9.12*37.47^2--66.14)),28.59/-59.54/2.64+61.94^1+42.87/(86.52/(/*57.27+-74.11-44.1--9.12*37.47^2--66.14)),False
-67.09/(74.82/-71.64-3.7^2--29.91///-28.04*96.08/50.13^1+41.08*-88.45^1+(-12.3)),-67.09/(74.82/-71.64-3.7^2--29.91///-28.04*96.08/50.13^1+41.08*-88.45^1+(-12.3)),False
-38.26+72.0*(-7.44*48.34^2+-89.63)*-37.52--65.86/36.53*78.24+92.9--17.78-79.73^2-19.07,-38.26+72.0*(-7.44*48.34^2+-89.63)*-37.52--65.86/36.53*78.24+92.9--17.78-79.73^2-19.07,True
-8.09+47.77/-27.33*74.28--68.32/92.73/-12.52+67.78+(24.61/(86.54-(-*(91.18+95.75+89.51*36.66)))),-8.09+47.77/-27.33*74.28--68.32/92.73/-12.52+67.78+(24.61/(86.54-(-*(91.18+95.75+89.51*36.66)))),True
91.77-2+-6.54+-61.65/64.75*-70.57*-47.9^1--63.47*64.75+-75.58*64.99-26.32*11.63--65.05,91.77-2+-6.54+-61.65/64.75*-70.57*-47.9^1--63.47*64.75+-75.58*64.99-26.32*11.63--65.05,True
-89.8+-4.31+69.05/53.02--14.13-/^1+(94.78^1--3.3)+99.16-15.19/-30.11/-49.11^1,-89.8+-4.31+69.05/53.02--14.13-/^1+(94.78^1--3.3)+99.16-15.19/-30.11/-49.11^1,False
11.68*2--3.61-18.72/46.04+36.67-9.73+(-96.05-22.01*(-33.62*4.48)*-18.68/35.11/-59.43--97.32),11.68*2--3.61-18.72/46.04+36.67-9.73+(-96.05-22.01*(-33.62*4.48)*-18.68/35.11/-59.43--97.32),True
-+38.72+-32.21^1+-24.87^1+(-37.87/11.51+(65.54/-96.98/21.15+-54.13/-13.58)^2-63.97),-+38.72+-32.21^1+-24.87^1+(-37.87/11.51+(65.54/-96.98/21.15+-54.13/-13.58)^2-63.97),True
22.75+38.25+34.51/-0.31/(-53.97/54.81/53.67+5.84*(57.94+86.69*76.72)-(5.52/86.99)*-55.47+2.92),22.75+38.25+34.51/-0.31/(-53.97/54.81/53.67+5.84*(57.94+86.69*76.72)-(5.52/86.99)*-55.47+2.92),True
(27.31+-88.52^2--85.83)/66.62+(-49.27/70.9^1+42.37^2^18.94)+-40.3+-43.13/(22.16^2),(27.31+-88.52^2--85.83)/66.62+(-49.27/70.9^1+42.37^2^18.94)+-40.3+-43.13/(22.16^2),True
-95.25*-39.76-54.65+-92.48^1--32.79-89.3+87.16/-69.97-84.52^2--16.08/56.5-44.63/93.0,-95.25*-39.76-54.65+-92.48^1--32.79-89.3+87.16/-69.97-84.52^2--16.08/56.5-44.63/93.0,True
1.11-76.86*34.8/3.44+-32.12^1-(74.6/(5.72*-31.8--12.03*-84.47/-4.86^2-29.95-1)),1.11-76.86*34.8/3.44+-32.12^1-(74.6/(5.72*-31.8--12.03*-84.47/-4.86^2-29.95-1)),False
-6.13/-36.37+98.34*43.39--8.58/20.26/70.79^2+39.92/(50.58-77.77+64.75/-92.15--8.27*39.22),-6.13/-36.37+98.34*43.39--8.58/20.26/70.79^2+39.92/(50.58-77.77+64.75/-92.15--8.27*39.22),True
^^1--72.1+-5.39--89.77*-87.51--41.66/(70.04^1-34.07)^2--5.68/-89.54/99.96^2,^^1--72.1+-5.39--89.77*-87.51--41.66/(70.04^1-34.07)^2--5.68/-89.54/99.96^2,False
-12.43+26.57+16.92^2-46.0*(-6.74--8.1/6.92*-42.7*50.79/-1.18+79.85*88.53^1-7.0),-12.43+26.57+16.92^2-46.0*(-6.74--8.1/6.92*-42.7*50.79/-1.18+79.85*88.53^1-7.0),True
(-66.88*-20.96+-62.51/72.34^1+59.14/1.35^1+-/46.37^1+-13.87-^^2--75.95),(-66.88*-20.96+-62.51/72.34^1+59.14/1.35^1+-/46.37^1+-13.87-^^2--75.95),True
-55.45*-86.52^2+(-63.58/(-45.29^2+-97.23+-9.48^1--3.61+-27.55*-77.3^1+-26.25*89.53)),-55.45*-86.52^2+(-63.58/(-45.29^2+-97.23+-9.48^1--3.61+-27.55*-77.3^1+-26.25*89.53)),False
76.47+-1.12+74.55-26.27+3.54*-16.95/29.0/90.42+55.68/(95.41+43.88+94.21/70.6--96.94*-78.54),76.47+-1.12+74.55-26.27+3.54*-16.95/29.0/90.42+55.68/(95.41+43.88+94.21/70.6--96.94*-78.54),True
-12.67^93.57+(90.59^1-70.06*45.35*11.26)/64.08+-70.0^2+86.61-(2.26^1+-63.95/-83.65),-12.67^93.57+(90.59^1-70.06*45.35*11.26)/64.08+-70.0^2+86.61-(2.26^1+-63.95/-83.65),True
-72.33+(47.03/-^2+-65.76--26.54--84.79-6.93/57.93^1+(-2.35*-16.22+96.15-63.31*-42.36)),-72.33+(47.03/-^2+-65.76--26.54--84.79-6.93/57.93^1+(-2.35*-16.22+96.15-63.31*-42.36)),False
78.07+37.08*-2.32--89.21^(-53.78+11.35+5.1/-77.91+85.79-*/-0.28--72.39)/-52.02^2-/,78.07+37.08*-2.32--89.21^(-53.78+11.35+5.1/-77.91+85.79-*/-0.28--72.39)/-52.02^2-/,False
80.96*-54.17^1--41.88-(-49.37--10.18^1+-79.31^2+64.77)+-1.68/(-54.24-(-85.76*-50.04--10.03)),80.96*-54.17^1--41.88-(-49.37--10.18^1+-79.31^2+64.77)+-1.68/(-54.24-(-85.76*-50.04--10.03)),True
92.65/-30.66^2-(19.62+-51.47^1+-48.43/-41.59)/-96.58/12.49--1.01*-33.04-40.58*(0.25^2),92.65/-30.66^2-(19.62+-51.47^1+-48.43/-41.59)/-96.58/12.49--1.01*-33.04-40.58*(0.25^2),True
-87.98-(0.38--12.84/91.04-+^1+51.69-67.01^2-(-39.9*(5.87^-98.32*1+-44.74-47.47))),-87.98-(0.38--12.84/91.04-+^1+51.69-67.01^2-(-39.9*(5.87^-98.32*1+-44.74-47.47))),False
-29.58*95.38--75.26*28.87^2-47.56-71.06+82.6-92.25-30.43*-54.28-(13.21^1-99.79/89.82),-29.58*95.38--75.26*28.87^2-47.56-71.06+82.6-92.25-30.43*-54.28-(13.21^1-99.79/89.82),False
56.01*(-9.28+-17.81*-18.65)+^*-76.75+59.19*-75.86^1-51.23^(25.11^1+(-16.36-93.45+50.89)),56.01*(-9.28+-17.81*-18.65)+^*-76.75+59.19*-75.86^1-51.23^(25.11^1+(-16.36-93.45+50.89)),False
-89.05--0.85*-97.68*-92.27^1+32.09^2-79.37^2+32.41*-43.42+(65.75--37.57^2^48.3),-89.05--0.85*-97.68*-92.27^1+32.09^2-79.37^2+32.41*-43.42+(65.75--37.57^2^48.3),False
*/83.2--19.53^2-23.46^2--75.84*-35.22*-51.76-(19.38+77.47+-0.85/82.58)+-24.96*^,*/83.2--19.53^2-23.46^2--75.84*-35.22*-51.76-(19.38+77.47+-0.85/82.58)+-24.96*^,True
*+74.59/-33.59*(59.29^2--40.04*-12.19^2+61.17)+-27.97+-6.73+-17.56-71.69+73.65^1,*+74.59/-33.59*(59.29^2--40.04*-12.19^2+61.17)+-27.97+-6.73+-17.56-71.69+73.65^1,False
60.07-(47.84+7.87/38.86*72.07++^1-(80.43^2--2.87-45.22/20.15/98.03^2+71.84)),60.07-(47.84+7.87/38.86*72.07++^1-(80.43^2--2.87-45.22/20.15/98.03^2+71.84)),True
-12.02^1+-22.0/21.04-20.34/46.74*-18.06+-69.61-**-71.66-(38.28+-32.8^1-(-50.18*/)),-12.02^1+-22.0/21.04-20.34/46.74*-18.06+-69.61-**-71.66-(38.28+-32.8^1-(-50.18*/)),True
(-76.74--82.28/-54.06+-28.22^1-33.59--99.99^2+^^2+-4.13/98.48/32.98*-12.56+-78.71),(-76.74--82.28/-54.06+-28.22^1-33.59--99.99^2+^^2+-4.13/98.48/32.98*-12.56+-78.71),True
56.97/87.88^1+-95.85*-11.5*51.18+15.38/(92.52+52.7*+)^1+-54.4^-77.53+17.48/45.46,56.97/87.88^1+-95.85*-11.5*51.18+15.38/(92.52+52.7*+)^1+-54.4^-77.53+17.48/45.46,True
-61.71^1+-39.22+58.82+36.61+13.42/-54.45/(14.26*5.77)^1--97.37/50.15-98.27^1--89.99,-61.71^1+-39.22+58.82+36.61+13.42/-54.45/(14.26*5.77)^1--97.37/50.15-98.27^1--89.99,True
71.64+-92.03+28.58-40.52^1-12.1/16.94*32.84-59.66/29.12/81.13^1--77.24^1-44.76,71.64+-92.03+28.58-40.52^1-12.1/16.94*32.84-59.66/29.12/81.13^1--77.24^1-44.76,True
-26.92/-4.34*-68.69/61.28^2-(66.2^1-(64.36^1+7.5/-75.09/(-27.87+(*+93.19^-55.45)))),-26.92/-4.34*-68.69/61.28^2-(66.2^1-(64.36^1+7.5/-75.09/(-27.87+(*+93.19^-55.45)))),False
49.35*-57.98--79.68^1-^*-49.03*/*69.05-58.32+76.99+-98.8+27.78*-34.24^2--31.79,49.35*-57.98--79.68^1-^*-49.03*/*69.05-58.32+76.99+-98.8+27.78*-34.24^2--31.79,False
92.19--49.74*-37.49--99.33/94.32^-30.69--72.42*-55.39+-20.29/72.77^-31.46^1+35.58*97.43*(85.24),92.19--49.74*-37.49--99.33/94.32^-30.69--72.42*-55.39+-20.29/72.77^-31.46^1+35.58*97.43*(85.24),False
-7.02^1--86.88^1+-92.15*-1.63+78.02/(-1.88+76.58/32.03)/83.98-57.11*-58.13/-68.81*93.0,-7.02^1--86.88^1+-92.15*-1.63+78.02/(-1.88+76.58/32.03)/83.98-57.11*-58.13/-68.81*93.0,True
63.12-24.71^2+53.89/65.47-75.92/45.92^1-(31.25-46.35^-51.37+(-20.12+59.69*51.82^2)),63.12-24.71^2+53.89/65.47-75.92/45.92^1-(31.25-46.35^-51.37+(-20.12+59.69*51.82^2)),True
63.14*40.71/-18.43/(^^2-48.02+-72.99^2+-14.61/-2.27/-78.73+-74.66/70.57--67.36--),63.14*40.71/-18.43/(^^2-48.02+-72.99^2+-14.61/-2.27/-78.73+-74.66/70.57--67.36--),False
86.76/60.67^2-6.2^1-7.34/-96.27/(74.54--17.02/41.99--88.91+86.92)--45.05+-20.5/(-45.99),86.76/60.67^2-6.2^1-7.34/-96.27/(74.54--17.02/41.99--88.91+86.92)--45.05+-20.5/(-45.99),True
-89.04*-76.42/40.65/(46.03-29.01*-10.09/-85.33*80.86/(-73.02-//38.4/50.87-(-42.8+**30.06))),-89.04*-76.42/40.65/(46.03-29.01*-10.09/-85.33*80.86/(-73.02-//38.4/50.87-(-42.8+**30.06))),False
82.11^2--98.92/10.49*-55.02*-11.23/44.84*41.84^2-84.79^2*80.38+-39.98^2+(8.88),82.11^2--98.92/10.49*-55.02*-11.23/44.84*41.84^2-84.79^2*80.38+-39.98^2+(8.88),False
(42.97^2+-56.92)+-19.36--29.66--92.17^2-74.63^2--6.03/-45.11-(-81.36^(-73.63+-12.91^2)),(42.97^2+-56.92)+-19.36--29.66--92.17^2-74.63^2--6.03/-45.11-(-81.36^(-73.63+-12.91^2)),True
16.07*(-43.42^1+6.69^2+^*94.7+61.31)/-96.59*85.39+-+86.32+-93.54/-92.78*60.35,16.07*(-43.42^1+6.69^2+^*94.7+61.31)/-96.59*85.39+-+86.32+-93.54/-92.78*60.35,True
-59.77^2-54.2/-80.91+(-58.37^2--24.07/-8.85+-80.68)--71.51^2+37.52/-16.8/-9.73/6.28,-59.77^2-54.2/-80.91+(-58.37^2--24.07/-8.85+-80.68)--71.51^2+37.52/-16.8/-9.73/6.28,False
-60.52+35.91*//(-6.91/-64.83+(3.34*(-31.98*-58.98^1--75.44*-11.08^1-68.53+73.8+92.06))),-60.52+35.91*//(-6.91/-64.83+(3.34*(-31.98*-58.98^1--75.44*-11.08^1-68.53+73.8+92.06))),True
-24.39+2+67.43+88.34+-6.7/72.02+67.92+-10.13-22.3+71.04+20.99/54.34/-16.53--^2,-24.39+2+67.43+88.34+-6.7/72.02+67.92+-10.13-22.3+71.04+20.99/54.34/-16.53--^2,False
63.42+-92.76^-26.9+-30.5/-82.87+24.62^2-93.24^2+-36.87/-81.88*-69.38^1-(-26.13/40.4),63.42+-92.76^-26.9+-30.5/-82.87+24.62^2-93.24^2+-36.87/-81.88*-69.38^1-(-26.13/40.4),True
38.36/1+88.0^2+-66.9^2+-71.27-*-31.88^1-39.22/6.5+-18.04--60.98*(58.69),38.36/1+88.0^2+-66.9^2+-71.27-*-31.88^1-39.22/6.5+-18.04--60.98*(58.69),False
-55.03/-28.08-38.45/95.99*-62.4*-14.02^1--1.33*2+54.63/-9.28+(-41.35*51.59+17.02-15.67),-55.03/-28.08-38.45/95.99*-62.4*-14.02^1--1.33*2+54.63/-9.28+(-41.35*51.59+17.02-15.67),True
-88.28/5.55+*--14.03^2--13.83-^*-0.23-2.55/-17.38+95.14--52.83^1+40.65-95.83,-88.28/5.55+*--14.03^2--13.83-^*-0.23-2.55/-17.38+95.14--52.83^1+40.65-95.83,False
90.35/2+0.87+-44.16*23.93+11.03+-28.35-66.37*27.37/-54.88+-37.7*(-59.38^2+(63.2/33.79)),90.35/2+0.87+-44.16*23.93+11.03+-28.35-66.37*27.37/-54.88+-37.7*(-59.38^2+(63.2/33.79)),True
20.91/94.94*-89.19+(-57.27/21.79)+-42.8/-10.89--25.55/-28.94*43.25^2-30.66--6.19*(-47.85^1),20.91/94.94*-89.19+(-57.27/21.79)+-42.8/-10.89--25.55/-28.94*43.25^2-30.66--6.19*(-47.85^1),False
-71.21+68.12*-70.45/55.77-39.29*58.73+33.02^2-18.46^2-81.36^1+(-19.02+46.41)-49.32,-71.21+68.12*-70.45/55.77-39.29*58.73+33.02^2-18.46^2-81.36^1+(-19.02+46.41)-49.32,False
5.35+(41.07/23.91+-23.55)^1+(91.82-17.48+50.71--37.19*69.98^-20.77*-61.85/-2.35*(---61.94)),5.35+(41.07/23.91+-23.55)^1+(91.82-17.48+50.71--37.19*69.98^-20.77*-61.85/-2.35*(---61.94)),True
2.57*-32.47-35.77/(-^1-43.83^2-41.63--59.36)-60.15/-7.59^1--95.87+-21.8/75.92,2.57*-32.47-35.77/(-^1-43.83^2-41.63--59.36)-60.15/-7.59^1--95.87+-21.8/75.92,True
(92.5+99.42/-30.81-78.09)*80.18/48.41+-*-42.58+-1.47/61.85-2--37.01+50.62-82.85^1,(92.5+99.42/-30.81-78.09)*80.18/48.41+-*-42.58+-1.47/61.85-2--37.01+50.62-82.85^1,False
-77.24-(-63.76/59.89*(-19.66^2*64.63*15.28*13.44*-74.53)/48.76*-97.75+-0.94--91.63)^2+47.41,-77.24-(-63.76/59.89*(-19.66^2*64.63*15.28*13.44*-74.53)/48.76*-97.75+-0.94--91.63)^2+47.41,True
12.33^2+-22.04/48.17+-61.17/(85.42*30.71/(-36.42^2+-91.43)*-23.9-(31.79/14.58-3.92-48.69)),12.33^2+-22.04/48.17+-61.17/(85.42*30.71/(-36.42^2+-91.43)*-23.9-(31.79/14.58-3.92-48.69)),True
-4.37^1+(-83.25-83.57^1+(-49.21+29.39/(-14.49+-7.52^2+15.03^1-19.02)/-42.68/-79.91)),-4.37^1+(-83.25-83.57^1+(-49.21+29.39/(-14.49+-7.52^2+15.03^1-19.02)/-42.68/-79.91)),False
71.28/32.84-42.84^2+-4.62--12.76*60.57*(-66.34+-51.09^1--71.98*-44.16)+(^*-77.84^1),71.28/32.84-42.84^2+-4.62--12.76*60.57*(-66.34+-51.09^1--71.98*-44.16)+(^*-77.84^1),False
-20.69+91.82*71.28-3.59^2+1.6-44.8*-18.63/53.95/35.62*-22.69/-92.38+2.72-(-62.72^1),-20.69+91.82*71.28-3.59^2+1.6-44.8*-18.63/53.95/35.62*-22.69/-92.38+2.72-(-62.72^1),False
95.09+54.37--57.43*(-73.39+-53.64/71.3*(-70.46--14.42*84.81/-69.04)+38.07^2+-35.38^1--66.49),95.09+54.37--57.43*(-73.39+-53.64/71.3*(-70.46--14.42*84.81/-69.04)+38.07^2+-35.38^1--66.49),True
-73.0/95.0/-21.35/54.93+87.56--76.29+(-28.19^1+(-5.44^1-73.31/64.44)*-83.6^2+-23.44),-73.0/95.0/-21.35/54.93+87.56--76.29+(-28.19^1+(-5.44^1-73.31/64.44)*-83.6^2+-23.44),True
(40.09/(^-47.62/72.76-13.1^-70.26)/88.66^2+19.91/13.4+65.02*(-18.82+-54.34*51.31*8.1)),(40.09/(^-47.62/72.76-13.1^-70.26)/88.66^2+19.91/13.4+65.02*(-18.82+-54.34*51.31*8.1)),False
42.09*55.5*75.01*-57.83^1-58.25/68.66--98.01*-20.35///-64.21+(33.5**--78.17*(83.31)),42.09*55.5*75.01*-57.83^1-58.25/68.66--98.01*-20.35///-64.21+(33.5**--78.17*(83.31)),True
-80.45/30.67/-22.24/38.25+-70.44-(-43.86+49.9+-)*57.22*-17.94^2+(98.04*29.66/74.56/5.34),-80.45/30.67/-22.24/38.25+-70.44-(-43.86+49.9+-)*57.22*-17.94^2+(98.04*29.66/74.56/5.34),True
-2.96+(-58.8^1-(86.81/+*30.37*0.46^1-32.1+-59.97^1+20.48/34.24-23.16)^2),-2.96+(-58.8^1-(86.81/+*30.37*0.46^1-32.1+-59.97^1+20.48/34.24-23.16)^2),True
(67.84*62.89+54.78)--27.89/-96.52--66.21^1--8.57^1+-47.05^1-49.53/-86.15+-48.15+-21.93,(67.84*62.89+54.78)--27.89/-96.52--66.21^1--8.57^1+-47.05^1-49.53/-86.15+-48.15+-21.93,True
/-(39.37+-17.63*-30.49^2-/^1--99.16)/17.6/-89.86*1.22+-76.31*80.78-(-76.31+-68.18),/-(39.37+-17.63*-30.49^2-/^1--99.16)/17.6/-89.86*1.22+-76.31*80.78-(-76.31+-68.18),False
-4.68--7.28+/--35.96/25.81+(-+-3.34+-35.36/-47.81^2-39.69*-0.5-54.99+5.96+-15.31),-4.68--7.28+/--35.96/25.81+(-+-3.34+-35.36/-47.81^2-39.69*-0.5-54.99+5.96+-15.31),False
-97.54+20.77*65.68/-31.01-(-23.5+76.44^2+-1.33*32.63+-6.55)/(-70.95/2-20.15-26.13/92.23),-97.54+20.77*65.68/-31.01-(-23.5+76.44^2+-1.33*32.63+-6.55)/(-70.95/2-20.15-26.13/92.23),False
(-0.31+-*-57.9)-31.83^1+-68.61+(-37.23*-89.93)-*^2+44.56^2--27.33*2.63+76.88,(-0.31+-*-57.9)-31.83^1+-68.61+(-37.23*-89.93)-*^2+44.56^2--27.33*2.63+76.88,False
75.63^2-32.02^1+-69.94-99.76-5.28-(-28.67-(95.54^1--97.55/24.65--/62.56+80.67)),75.63^2-32.02^1+-69.94-99.76-5.28-(-28.67-(95.54^1--97.55/24.65--/62.56+80.67)),True
-15.15+-92.97--20.94^2--25.41*14.0^1--16.87--10.46^2-(73.56--1.2--65.21+72.66)*1,-15.15+-92.97--20.94^2--25.41*14.0^1--16.87--10.46^2-(73.56--1.2--65.21+72.66)*1,True
27.55/64.61--20.65-3.28+-10.29/-86.0-95.55+29.53/33.35^2+98.31--7.54--88.2/7.52*(-55.81),27.55/64.61--20.65-3.28+-10.29/-86.0-95.55+29.53/33.35^2+98.31--7.54--88.2/7.52*(-55.81),True
-93.63+-24.51/(0.58+-24.08/52.72+57.09/-1.49-62.98)^1-40.11+-81.6^1-10.58/27.17^2,-93.63+-24.51/(0.58+-24.08/52.72+57.09/-1.49-62.98)^1-40.11+-81.6^1-10.58/27.17^2,True
(-84.13/(61.65*-72.93+(54.56/(96.4^1-*/-22.75)-78.44^2+28.02+(-25.42*-43.57^1+-18.23)))),(-84.13/(61.65*-72.93+(54.56/(96.4^1-*/-22.75)-78.44^2+28.02+(-25.42*-43.57^1+-18.23)))),True
-29.19+-8.87-67.6/-57.01+55.56--51.45-(55.53*(-86.54^2--66.98/(71.41^2-51.64-76.94)^-99.17)),-29.19+-8.87-67.6/-57.01+55.56--51.45-(55.53*(-86.54^2--66.98/(71.41^2-51.64-76.94)^-99.17)),True
-31.32/1.91-14.64/2.65-98.67--76.19+97.36+65.88*-30.97^2+56.55--76.7-/--59.73*(21.69),-31.32/1.91-14.64/2.65-98.67--76.19+97.36+65.88*-30.97^2+56.55--76.7-/--59.73*(21.69),True
-2.64^1+*+18.57*-56.37+69.7^2+14.18*85.61-(21.63*-71.48/-80.0--91.4/24.38)/-96.49,-2.64^1+*+18.57*-56.37+69.7^2+14.18*85.61-(21.63*-71.48/-80.0--91.4/24.38)/-96.49,True
-41.13+51.12+-46.7^2-67.97+94.5-47.98+34.89^1--49.88-(75.34-(53.28/+^1-49.4)),-41.13+51.12+-46.7^2-67.97+94.5-47.98+34.89^1--49.88-(75.34-(53.28/+^1-49.4)),False
-82.61/16.89^2+30.81/-/42.91^1-(27.53^1/(-26.66+-13.4)-(-93.07+-21.77+-77.28/28.05)),-82.61/16.89^2+30.81/-/42.91^1-(27.53^1/(-26.66+-13.4)-(-93.07+-21.77+-77.28/28.05)),False
32.96^1--+(-41.72+-42.29--91.27+-82.67/77.13+-8.31-16.85/*+-4.1+-64.35)--83.61--52.42,32.96^1--+(-41.72+-42.29--91.27+-82.67/77.13+-8.31-16.85/*+-4.1+-64.35)--83.61--52.42,False
9.23/34.91^2--32.8/15.67**/-10.01/92.07/2-87.67+(-45.05*77.99*91.47/37.33^2),9.23/34.91^2--32.8/15.67**/-10.01/92.07/2-87.67+(-45.05*77.99*91.47/37.33^2),False
61.98--82.99/55.52--13.23+96.36/-25.16^2+-49.65^1-7.37-^-31.56/82.56/94.1*-80.87,61.98--82.99/55.52--13.23+96.36/-25.16^2+-49.65^1-7.37-^-31.56/82.56/94.1*-80.87,True
-61.17*2+-40.35*-13.36^1+-90.7*(-1.1-84.53)-(-78.29/20.38//*95.35)/(11.89-12.43--98.55),-61.17*2+-40.35*-13.36^1+-90.7*(-1.1-84.53)-(-78.29/20.38//*95.35)/(11.89-12.43--98.55),False
8.2-86.85--56.6*38.76+-85.41+32.98--65.62^1-23.56+-83.98^1--64.52+(-80.07^2-59.75),8.2-86.85--56.6*38.76+-85.41+32.98--65.62^1-23.56+-83.98^1--64.52+(-80.07^2-59.75),False
-27.73+-83.52+58.21+80.33*43.78*82.69*-26.78+-67.0+-95.4+-87.58-(94.5-83.31-17.68)--94.39-51.33,-27.73+-83.52+58.21+80.33*43.78*82.69*-26.78+-67.0+-95.4+-87.58-(94.5-83.31-17.68)--94.39-51.33,False
-43.61*21.49*69.54--45.23-88.55*71.79/-96.33+-2.49+21.66+-41.42+-71.82*19.65+-40.99-49.14*83.72,-43.61*21.49*69.54--45.23-88.55*71.79/-96.33+-2.49+21.66+-41.42+-71.82*19.65+-40.99-49.14*83.72,True
-21.81^2--25.45--23.93^1--96.45*22.92-85.2+-49.32/(12.84-87.83/8.08+92.02*-80.23-15.07),-21.81^2--25.45--23.93^1--96.45*22.92-85.2+-49.32/(12.84-87.83/8.08+92.02*-80.23-15.07),True
18.64/85.15^1+(-49.93--91.93)+62.29+54.89+75.3^2^-16.52--32.22+27.08-(+/-41.58/68.08),18.64/85.15^1+(-49.93--91.93)+62.29+54.89+75.3^2^-16.52--32.22+27.08-(+/-41.58/68.08),False
23.17+-26.66*0.51-37.82-45.2-20.75+11.59*51.25^2+(5.02^1--57.81^2+19.55^1),23.17+-26.66*0.51-37.82-45.2-20.75+11.59*51.25^2+(5.02^1--57.81^2+19.55^1),True
37.02+-39.04/67.24/16.45/-96.07+2.97*56.29^1+-33.18-64.15^1^82.61/(9.62/-41.57^1),37.02+-39.04/67.24/16.45/-96.07+2.97*56.29^1+-33.18-64.15^1^82.61/(9.62/-41.57^1),False
(71.46--19.04)+(35.9+-48.84^2+87.68--52.34*-7.27^2-84.63-92.23/-51.83*24.68)^74.18^2,(71.46--19.04)+(35.9+-48.84^2+87.68--52.34*-7.27^2-84.63-92.23/-51.83*24.68)^74.18^2,False
41.41-97.63*-42.97*75.68^1+73.83--68.79^1-(-61.02*-60.26)*70.26/-16.39/-19.38-78.3/59.3,41.41-97.63*-42.97*75.68^1+73.83--68.79^1-(-61.02*-60.26)*70.26/-16.39/-19.38-78.3/59.3,True
-5.32+-63.86-79.39*26.12^1-(46.75/4.13*23.49^1--71.68--46.53)^2--24.9*-9.14-+,-5.32+-63.86-79.39*26.12^1-(46.75/4.13*23.49^1--71.68--46.53)^2--24.9*-9.14-+,True
-63.38^2+-35.88/-83.84*33.46/-34.27-72.84*-11.6/-68.76/(14.96-(-89.0/-26.67/-92.69+85.47^1)),-63.38^2+-35.88/-83.84*33.46/-34.27-72.84*-11.6/-68.76/(14.96-(-89.0/-26.67/-92.69+85.47^1)),True
(-68.72^2+94.91)/19.05+-64.66/(-19.74/53.8*(87.07^2-^-7.49*(92.49-71.08*1+(-55.59)))),(-68.72^2+94.91)/19.05+-64.66/(-19.74/53.8*(87.07^2-^-7.49*(92.49-71.08*1+(-55.59)))),False
-12.62*16.54--23.12*-51.03^2+-59.92^1-1.02/(51.41*(-55.13+-50.69^1-73.93^2+/)),-12.62*16.54--23.12*-51.03^2+-59.92^1-1.02/(51.41*(-55.13+-50.69^1-73.93^2+/)),True
-45.78-58.39^1+-6.02+0.46/73.91*-7.88+59.67^2+39.35+57.23/-11.76*-52.71^1-(47.81),-45.78-58.39^1+-6.02+0.46/73.91*-7.88+59.67^2+39.35+57.23/-11.76*-52.71^1-(47.81),True
-45.51-25.7*72.34^1-(50.8^2+5.79^1+16.86-79.58+(-12.78--40.99-69.88)^2-/),-45.51-25.7*72.34^1-(50.8^2+5.79^1+16.86-79.58+(-12.78--40.99-69.88)^2-/),True
-72.41--80.3^1-67.25*-94.18^1+72.65/-26.14^1+-31.66--41.82+-81.38^1--32.79+-,-72.41--80.3^1-67.25*-94.18^1+72.65/-26.14^1+-31.66--41.82+-81.38^1--32.79+-,False
(75.94^2+(24.12^1+1.47-79.55)^2+17.82^1/-67.23--27.6*-11.45*41.33*91.48+-67.7),(75.94^2+(24.12^1+1.47-79.55)^2+17.82^1/-67.23--27.6*-11.45*41.33*91.48+-67.7),True
(-20.44/84.37-^+(-45.09^1-0.19/27.46^1--19.01+38.91-(-16.45/15.9/69.31/58.06^2))),(-20.44/84.37-^+(-45.09^1-0.19/27.46^1--19.01+38.91-(-16.45/15.9/69.31/58.06^2))),True
-46.26/67.79*-55.48/73.45*16.15-(76.99-(-3.07-/+-35.56+-46.26+-27.3/-5.32^1+-50.41/-18.43)),-46.26/67.79*-55.48/73.45*16.15-(76.99-(-3.07-/+-35.56+-46.26+-27.3/-5.32^1+-50.41/-18.43)),False
/+98.55^2+-92.94-56.79+-17.44-21.1*19.89/-21.95^1+46.43+(78.9--78.27--74.01/-93.64),/+98.55^2+-92.94-56.79+-17.44-21.1*19.89/-21.95^1+46.43+(78.9--78.27--74.01/-93.64),False
69.12/(8.1/-53.93^2+-85.17+-98.35/6.4+(-88.13+96.71-20.16--22.93+71.74-(-94.56--43.58)^1)),69.12/(8.1/-53.93^2+-85.17+-98.35/6.4+(-88.13+96.71-20.16--22.93+71.74-(-94.56--43.58)^1)),True
-58.29-46.85*45.72/(-42.12/80.49--11.33+-2.69-+/-53.87/90.76*11.82--43.15/-30.06)/-39.97/10.33,-58.29-46.85*45.72/(-42.12/80.49--11.33+-2.69-+/-53.87/90.76*11.82--43.15/-30.06)/-39.97/10.33,True
-14.92/(-27.19*^^2--8.48-37.64^1+(-52.43-18.53)*-57.39^2-40.42*77.78/94.74/72.85),-14.92/(-27.19*^^2--8.48-37.64^1+(-52.43-18.53)*-57.39^2-40.42*77.78/94.74/72.85),True
-62.96+43.28/^+90.44--64.91^1-9.46^2+(85.55^1-32.57/-67.09/80.98^1+-89.96),-62.96+43.28/^+90.44--64.91^1-9.46^2+(85.55^1-32.57/-67.09/80.98^1+-89.96),True
16.45--19.06^2--96.82-47.85*-65.65+-98.67--71.1+-9.64-50.33+28.79*(94.7-60.13*(-50.98/-26.73)),16.45--19.06^2--96.82-47.85*-65.65+-98.67--71.1+-9.64-50.33+28.79*(94.7-60.13*(-50.98/-26.73)),True
61.07*/*-65.14/-71.33+^^1--98.05/-34.95/-96.07/-64.78/64.04--3.39^2+(-88.09/-71.35),61.07*/*-65.14/-71.33+^^1--98.05/-34.95/-96.07/-64.78/64.04--3.39^2+(-88.09/-71.35),True
(56.18*-18.1/(24.21*30.36^2+-79.25/-41.31^1--29.39*93.83/80.08+-84.58/1.52/60.14/69.47)),(56.18*-18.1/(24.21*30.36^2+-79.25/-41.31^1--29.39*93.83/80.08+-84.58/1.52/60.14/69.47)),True
-72.13*-31.0+45.52//-62.37/-92.61*6.57^1-80.8+6.71+^+51.91-(-18.39+12.44)*-31.32,-72.13*-31.0+45.52//-62.37/-92.61*6.57^1-80.8+6.71+^+51.91-(-18.39+12.44)*-31.32,True
(-46.17--81.51+24.22+(84.69*60.19^2/-66.29+-22.24*-53.99/-20.24-5.27+-0.54--15.54)/(-^2)),(-46.17--81.51+24.22+(84.69*60.19^2/-66.29+-22.24*-53.99/-20.24-5.27+-0.54--15.54)/(-^2)),False
85.04--30.44*-30.9--25.99^1+(-43.27/(-23.2+(+*-99.3-(-73.89--45.24^1+-32.98*-47.06^1)))),85.04--30.44*-30.9--25.99^1+(-43.27/(-23.2+(+*-99.3-(-73.89--45.24^1+-32.98*-47.06^1)))),False
90.1--22.02+27.48*43.47*-86.6+94.38--+(-18.55/-58.88/-15.48/-9.63/-9.78/--57.81+52.02),90.1--22.02+27.48*43.47*-86.6+94.38--+(-18.55/-58.88/-15.48/-9.63/-9.78/--57.81+52.02),False
(-8.61-35.07)/-47.69+(-63.09--11.0*-50.49^2+72.3*(37.59^2+63.57)^(-89.68+72.12*-13.92^2)),(-8.61-35.07)/-47.69+(-63.09--11.0*-50.49^2+72.3*(37.59^2+63.57)^(-89.68+72.12*-13.92^2)),False
-53.88-15.72--19.48^1+57.67*-24.91/2--5.68+82.66*47.97*-64.6+(-97.96^2-(98.69^1)),-53.88-15.72--19.48^1+57.67*-24.91/2--5.68+82.66*47.97*-64.6+(-97.96^2-(98.69^1)),False
15.05+-12.01*28.14+45.78^2-(-29.53+49.97/36.47/27.82^2+29.61+*/-89.02)--17.46*(94.65),15.05+-12.01*28.14+45.78^2-(-29.53+49.97/36.47/27.82^2+29.61+*/-89.02)--17.46*(94.65),True
-26.54*-27.17/71.02/(43.92*57.25^-93.54+-56.34)-75.97+(63.79+-7.67*28.24-36.87*11.99)^2+(-11.69),-26.54*-27.17/71.02/(43.92*57.25^-93.54+-56.34)-75.97+(63.79+-7.67*28.24-36.87*11.99)^2+(-11.69),True
47.53+-28.46+-70.03+-63.33*+*-0.93/-59.72*57.49-57.98-15.51/84.76/(-26.77+(12.59+-80.13/92.11)),47.53+-28.46+-70.03+-63.33*+*-0.93/-59.72*57.49-57.98-15.51/84.76/(-26.77+(12.59+-80.13/92.11)),True
-8.23*-82.55-23.64^2+(-56.44*48.8--97.91--74.71/-0.88)*(70.8/26.46+(-29.15*44.66+-95.64^2)),-8.23*-82.55-23.64^2+(-56.44*48.8--97.91--74.71/-0.88)*(70.8/26.46+(-29.15*44.66+-95.64^2)),True
-83.88+-32.84/88.54/-23.24+-61.99+-71.17^2/(-63.97-*)-34.45*0.57+-82.72/-45.02-72.77*-43.83,-83.88+-32.84/88.54/-23.24+-61.99+-71.17^2/(-63.97-*)-34.45*0.57+-82.72/-45.02-72.77*-43.83,True
7.47*69.08-^+-29.26^1+(82.39+72.25*58.21)+59.7^2-(-55.71--83.94*-6.71*-38.47/44.59),7.47*69.08-^+-29.26^1+(82.39+72.25*58.21)+59.7^2-(-55.71--83.94*-6.71*-38.47/44.59),True
58.49-(-18.86*52.19)^1--53.08-82.82+-+-11.55^2--67.52-10.56^2-40.55+-19.93*82.75,58.49-(-18.86*52.19)^1--53.08-82.82+-+-11.55^2--67.52-10.56^2-40.55+-19.93*82.75,True
(34.15/29.51/-18.87)*-90.36-47.84/95.91+99.47-74.04^1-61.86*33.71^1+*+1.7/99.53,(34.15/29.51/-18.87)*-90.36-47.84/95.91+99.47-74.04^1-61.86*33.71^1+*+1.7/99.53,False
53.38-(39.37*-68.2/-26.47)+-32.99/-99.96^1^49.78*-33.75*7.96-(93.81--57.94)*30.59--26.89^2,53.38-(39.37*-68.2/-26.47)+-32.99/-99.96^1^49.78*-33.75*7.96-(93.81--57.94)*30.59--26.89^2,False
4.89^2+-62.35^2+-9.85/(19.9*-53.12/(-87.09*/^1+-19.99/61.04+64.61/-68.35*36.16)),4.89^2+-62.35^2+-9.85/(19.9*-53.12/(-87.09*/^1+-19.99/61.04+64.61/-68.35*36.16)),True
70.63*44.57-93.21+0.13/-23.51*97.19/35.98--92.08+83.02^1+3.04/(-77.72+-54.82+-83.17^1),70.63*44.57-93.21+0.13/-23.51*97.19/35.98--92.08+83.02^1+3.04/(-77.72+-54.82+-83.17^1),True
7.77-//-60.97-(-68.98+20.28*-85.5+98.79+-9.37-11.63--85.13)*33.5-14.16*-10.21^2*-40.65,7.77-//-60.97-(-68.98+20.28*-85.5+98.79+-9.37-11.63--85.13)*33.5-14.16*-10.21^2*-40.65,True
-17.16/-80.27^2+92.0/(-78.6^2----86.47-80.05-2-36.73^91.6/88.26^1--70.15),-17.16/-80.27^2+92.0/(-78.6^2----86.47-80.05-2-36.73^91.6/88.26^1--70.15),False
-61.36/-98.97-(-47.91/75.32/6.58*55.17)^2+-30.6+++94.42+79.73-24.67-(-26.45-(-57.62-27.64)),-61.36/-98.97-(-47.91/75.32/6.58*55.17)^2+-30.6+++94.42+79.73-24.67-(-26.45-(-57.62-27.64)),True
-22.63/26.54/+^1--91.53/-63.33/-68.14+41.92/78.12^1-(-89.44*-72.55*-36.54*-46.16-69.52),-22.63/26.54/+^1--91.53/-63.33/-68.14+41.92/78.12^1-(-89.44*-72.55*-36.54*-46.16-69.52),True
^/1+-28.43*-99.83*-23.45^2+-52.81^1+36.86+-69.22/35.23*10.3+(-81.11/81.84^1),^/1+-28.43*-99.83*-23.45^2+-52.81^1+36.86+-69.22/35.23*10.3+(-81.11/81.84^1),False
87.06+(82.69/(-90.72/(6.29^2*70.83*75.11^1+-33.01/**-8.04^1--32.75)/-67.57)--84.72),87.06+(82.69/(-90.72/(6.29^2*70.83*75.11^1+-33.01/**-8.04^1--32.75)/-67.57)--84.72),False
42.95*-92.81+(-71.8/26.12*61.17-55.73/-39.04-42.48)-18.72/(-31.47^-23.88*5.12^2-(-82.2^1)),42.95*-92.81+(-71.8/26.12*61.17-55.73/-39.04-42.48)-18.72/(-31.47^-23.88*5.12^2-(-82.2^1)),False
91.59*(-3.02^2-(41.95^-20.57+-41.51*-79.61-1+(41.95^1--97.6--38.61)^1--52.08)*-7.78),91.59*(-3.02^2-(41.95^-20.57+-41.51*-79.61-1+(41.95^1--97.6--38.61)^1--52.08)*-7.78),False
-93.6+-12.3/-35.77-93.46-13.56-98.49+-99.77^2/-7.61/-5.18/-51.06^1+30.48--95.48*-67.71,-93.6+-12.3/-35.77-93.46-13.56-98.49+-99.77^2/-7.61/-5.18/-51.06^1+30.48--95.48*-67.71,True
-29.32*88.65/11.56+(34.91*-32.01-3.44^1+47.21+93.11^-22.24--58.99+-67.24*-38.46)--27.34/(/),-29.32*88.65/11.56+(34.91*-32.01-3.44^1+47.21+93.11^-22.24--58.99+-67.24*-38.46)--27.34/(/),False
(-54.44/^^1-11.98/(86.7+61.22-20.16/(10.94+-41.83*-97.01-49.98)*-34.59)^1-37.87^2),(-54.44/^^1-11.98/(86.7+61.22-20.16/(10.94+-41.83*-97.01-49.98)*-34.59)^1-37.87^2),True
-54.65^88.47+46.31/66.13/-83.77/-29.19/3.53*43.53-86.93*(77.78-(-9.89+-32.77)/14.28*-61.56^2),-54.65^88.47+46.31/66.13/-83.77/-29.19/3.53*43.53-86.93*(77.78-(-9.89+-32.77)/14.28*-61.56^2),False
65.57^1+-26.41/(-34.42^1+-76.97*-62.59/36.86+46.85/(-4.46*61.11)/32.55*73.93^1--71.12),65.57^1+-26.41/(-34.42^1+-76.97*-62.59/36.86+46.85/(-4.46*61.11)/32.55*73.93^1--71.12),True
50.23*-54.92-16.62-(-75.51/30.86^1*61.5/98.69)*65.38^2-65.11^2+(*/-4.27+(-52.14)),50.23*-54.92-16.62-(-75.51/30.86^1*61.5/98.69)*65.38^2-65.11^2+(*/-4.27+(-52.14)),True
41.03/-87.94--31.85-46.13-57.04^1-38.06-**-99.24/-31.47-(-28.82--95.61/-18.25^2+(-2.17)),41.03/-87.94--31.85-46.13-57.04^1-38.06-**-99.24/-31.47-(-28.82--95.61/-18.25^2+(-2.17)),False
47.63/-53.2+86.23+2--99.85+53.49/-14.44*6.69+-77.61*(39.01/23.11^2--55.8/76.81*(77.46)),47.63/-53.2+86.23+2--99.85+53.49/-14.44*6.69+-77.61*(39.01/23.11^2--55.8/76.81*(77.46)),False
59.65-*-98.76^49.3--18.36--5.63*96.22*88.73-68.64+14.07+-45.74--14.65/-67.82-(-89.7^2),59.65-*-98.76^49.3--18.36--5.63*96.22*88.73-68.64+14.07+-45.74--14.65/-67.82-(-89.7^2),False
-69.18+-93.11+(-52.05*46.49-1-31.19+-88.21*-89.08)/26.94+99.7/79.09--83.96^2+(19.91+(-)),-69.18+-93.11+(-52.05*46.49-1-31.19+-88.21*-89.08)/26.94+99.7/79.09--83.96^2+(19.91+(-)),False
59.86/89.91*11.26/46.63*-13.37+9.36/16.99*(-14.09^2-^^-70.69--77.79+/^1+(2.89)),59.86/89.91*11.26/46.63*-13.37+9.36/16.99*(-14.09^2-^^-70.69--77.79+/^1+(2.89)),False
-94.71*20.91+(72.18--85.87+47.6^1-(8.84^89.66+6.43^1-76.24--27.76+-91.52-13.42)-(-49.02)),-94.71*20.91+(72.18--85.87+47.6^1-(8.84^89.66+6.43^1-76.24--27.76+-91.52-13.42)-(-49.02)),True
-18.91-(95.6+-99.71-38.51*-36.82*17.3+-71.53*87.24+-39.09+94.37-+)^2+-10.61+84.69^1,-18.91-(95.6+-99.71-38.51*-36.82*17.3+-71.53*87.24+-39.09+94.37-+)^2+-10.61+84.69^1,True
8.7+84.27*(-4.02^1+45.8*(81.68*48.11*4.37^1+^/39.04*-40.44-35.67*-24.97+45.23)),8.7+84.27*(-4.02^1+45.8*(81.68*48.11*4.37^1+^/39.04*-40.44-35.67*-24.97+45.23)),True
-0.6^1+-42.07*89.36*-95.53*-23.3--61.34+-59.56^2+-+89.49*(74.07/(-42.25*70.17+50.59)),-0.6^1+-42.07*89.36*-95.53*-23.3--61.34+-59.56^2+-+89.49*(74.07/(-42.25*70.17+50.59)),False
(-46.56*(-51.09--0.98)+-40.3*-11.23^76.14-19.78^1+-75.82/74.09^1-(82.27^1+++(74.49))),(-46.56*(-51.09--0.98)+-40.3*-11.23^76.14-19.78^1+-75.82/74.09^1-(82.27^1+++(74.49))),False
(56.12^2--/4.87)^1-15.86^2-44.29/(-94.82*57.47+-8.94/71.45-90.94+74.61--99.78),(56.12^2--/4.87)^1-15.86^2-44.29/(-94.82*57.47+-8.94/71.45-90.94+74.61--99.78),True
9.47^1+71.28^1-96.75/(++52.24*-66.03/^--8.89*-71.03)--9.11+(-36.99/69.41/27.2),9.47^1+71.28^1-96.75/(++52.24*-66.03/^--8.89*-71.03)--9.11+(-36.99/69.41/27.2),True
-86.14+-9.17*-87.47/-56.94/(-92.07-*-69.44/-13.29--1.26-77.89*15.91)*-74.27+-73.94+(79.15/2),-86.14+-9.17*-87.47/-56.94/(-92.07-*-69.44/-13.29--1.26-77.89*15.91)*-74.27+-73.94+(79.15/2),False
-^1--36.96+59.7+-21.64+60.44+-45.13*82.11*(-13.18*(48.42--88.03+0.32)^2-65.66^2),-^1--36.96+59.7+-21.64+60.44+-45.13*82.11*(-13.18*(48.42--88.03+0.32)^2-65.66^2),True
-11.72+-4.57*67.67*-33.47*2+---25.86/-6.24+-69.93^2--95.15*-17.81--27.32--14.13-(-57.18),-11.72+-4.57*67.67*-33.47*2+---25.86/-6.24+-69.93^2--95.15*-17.81--27.32--14.13-(-57.18),False
54.81*-61.51+67.57*63.22--9.25--69.56+-67.99*29.58+69.74*97.17-60.63+-23.21^1+25.13/(72.96),54.81*-61.51+67.57*63.22--9.25--69.56+-67.99*29.58+69.74*97.17-60.63+-23.21^1+25.13/(72.96),False
0.28+-9.46^(77.67--48.16/-17.24/-84.87--90.3-(64.57*(63.36+-64.39^2-14.69)+96.42^2-52.38)),0.28+-9.46^(77.67--48.16/-17.24/-84.87--90.3-(64.57*(63.36+-64.39^2-14.69)+96.42^2-52.38)),True
(-*-75.91/-29.79/^^2+-36.94/-62.89*(-59.63--22.48*44.91/19.88*51.54--42.38)*16.17^1),(-*-75.91/-29.79/^^2+-36.94/-62.89*(-59.63--22.48*44.91/19.88*51.54--42.38)*16.17^1),True
-75.41*-35.9+(-26.6/-24.45+-84.37^33.63)^1+28.1/*--90.38^2+86.16+-35.34/12.7/-71.89,-75.41*-35.9+(-26.6/-24.45+-84.37^33.63)^1+28.1/*--90.38^2+86.16+-35.34/12.7/-71.89,False
-34.97*-24.23--87.47-(-48.17--34.59)^2+-43.24*68.7*14.6+70.54+33.47-(83.83+(27.95^1--73.02)),-34.97*-24.23--87.47-(-48.17--34.59)^2+-43.24*68.7*14.6+70.54+33.47-(83.83+(27.95^1--73.02)),True
88.77*(35.27/48.11/-9.37*-41.24/-77.56)-74.53^1+17.77*35.67-84.89^2-7.41*43.08*-2.76,88.77*(35.27/48.11/-9.37*-41.24/-77.56)-74.53^1+17.77*35.67-84.89^2-7.41*43.08*-2.76,True
-36.2/-47.93/-82.56^1+(-15.09+-20.6/40.32)*-59.44/-45.41--45.52+-67.57/62.65/15.44+(-23.82*-16.14),-36.2/-47.93/-82.56^1+(-15.09+-20.6/40.32)*-59.44/-45.41--45.52+-67.57/62.65/15.44+(-23.82*-16.14),True
75.58*-92.17*64.01-74.66/-23.75-(-8.66+(63.1/87.11*77.82/74.46^1+(60.64*-47.52)^2-91.12)),75.58*-92.17*64.01-74.66/-23.75-(-8.66+(63.1/87.11*77.82/74.46^1+(60.64*-47.52)^2-91.12)),True
-98.72^1-39.24+(-65.91*(58.59/-8.39/*--36.55+56.79+48.92/-92.97+69.75--55.83/-42.19)^1),-98.72^1-39.24+(-65.91*(58.59/-8.39/*--36.55+56.79+48.92/-92.97+69.75--55.83/-42.19)^1),False
-63.59^2+-29.83/7.25+(92.29-88.55--53.54/-61.54/-64.21/(50.6^2--87.14)*(-37.46+2.63-^)),-63.59^2+-29.83/7.25+(92.29-88.55--53.54/-61.54/-64.21/(50.6^2--87.14)*(-37.46+2.63-^)),False
-14.86--10.57-56.09--67.21-30.71/-38.46+-75.59+-71.8-66.57+78.95*35.1-47.91-(-1.35/2--46.37),-14.86--10.57-56.09--67.21-30.71/-38.46+-75.59+-71.8-66.57+78.95*35.1-47.91-(-1.35/2--46.37),True
(-41.51/(99.19-6.64)-23.94)^2-^*(67.01/-81.09)*5.27--99.98^1+-46.57^1--74.79+-62.71,(-41.51/(99.19-6.64)-23.94)^2-^*(67.01/-81.09)*5.27--99.98^1+-46.57^1--74.79+-62.71,False
-32.61^1/-73.54--61.14*12.21*-86.98*-18.55-42.13*72.67^2--90.6*-35.98--82.34+82.69-30.56,-32.61^1/-73.54--61.14*12.21*-86.98*-18.55-42.13*72.67^2--90.6*-35.98--82.34+82.69-30.56,True
-/(-88.98--20.16-97.04)+65.63*(-14.3^1--9.62*-80.25^1--55.08^2+-54.37)*60.23*-4.63,-/(-88.98--20.16-97.04)+65.63*(-14.3^1--9.62*-80.25^1--55.08^2+-54.37)*60.23*-4.63,True
-31.67/-22.74*30.3^2+-19.58-*+28.99*86.29+8.12^1+(-23.67^2-2.05/-33.65*(20.6)),-31.67/-22.74*30.3^2+-19.58-*+28.99*86.29+8.12^1+(-23.67^2-2.05/-33.65*(20.6)),False
39.6*-87.41/-15.07+-28.76^2-73.38^1-50.65--90.53-*-98.32*(-96.58^2-55.96+-80.43),39.6*-87.41/-15.07+-28.76^2-73.38^1-50.65--90.53-*-98.32*(-96.58^2-55.96+-80.43),True
60.84--82.25-80.72*-38.11/66.64/(-54.13/-32.97)+-56.07+80.48/13.71+(99.93/(-29.32-(32.28^2+(-15.31)))),60.84--82.25-80.72*-38.11/66.64/(-54.13/-32.97)+-56.07+80.48/13.71+(99.93/(-29.32-(32.28^2+(-15.31)))),True
(-8.67*(92.5-52.19^2-95.9-++39.53+30.47)^2-(-91.82*(34.86*(*-81.05--5.0/(15.32))))),(-8.67*(92.5-52.19^2-95.9-++39.53+30.47)^2-(-91.82*(34.86*(*-81.05--5.0/(15.32))))),False
-98.11+95.78^-41.46-58.49+(54.59-7.99^2+-88.05)*98.3-80.11*-6.97+27.57-*^2--62.9,-98.11+95.78^-41.46-58.49+(54.59-7.99^2+-88.05)*98.3-80.11*-6.97+27.57-*^2--62.9,False
64.68+50.19--27.01/(-0.96*-50.79/-61.62/*)+33.93--69.93-*^2--73.57--7.12/48.08/(30.54),64.68+50.19--27.01/(-0.96*-50.79/-61.62/*)+33.93--69.93-*^2--73.57--7.12/48.08/(30.54),False
-63.06-50.43-(63.27/-54.74-**+*(14.24-*^1+57.97--22.92--86.55^2--78.12+-69.02)),-63.06-50.43-(63.27/-54.74-**+*(14.24-*^1+57.97--22.92--86.55^2--78.12+-69.02)),False
-19.73^1+(-90.89/+/-66.93*-67.45/69.27^2+(-93.46/67.25)+50.81^2+86.9+24.54)-82.26,-19.73^1+(-90.89/+/-66.93*-67.45/69.27^2+(-93.46/67.25)+50.81^2+86.9+24.54)-82.26,True
-33.0/-38.84--52.16+^+27.11/24.21^2+-52.17+(-85.73--23.24+-23.15/99.55/-59.43+-9.74^2),-33.0/-38.84--52.16+^+27.11/24.21^2+-52.17+(-85.73--23.24+-23.15/99.55/-59.43+-9.74^2),False
-17.82/*--5.68/1.55^1--49.26/17.56+-77.14--99.36*38.07^1-99.63+10.63^2-^,-17.82/*--5.68/1.55^1--49.26/17.56+-77.14--99.36*38.07^1-99.63+10.63^2-^,False
-88.3+-84.41*-7.13^-80.02+-4.47--30.47+-16.75*91.27/-5.55+-10.89^2+94.35/(-45.71*-1.54^1),-88.3+-84.41*-7.13^-80.02+-4.47--30.47+-16.75*91.27/-5.55+-10.89^2+94.35/(-45.71*-1.54^1),True
-91.16--78.68-11.0*-13.35^1+(93.74+-22.49--0.52*-95.38^1+42.63^1+-13.48)--27.87/(29.3),-91.16--78.68-11.0*-13.35^1+(93.74+-22.49--0.52*-95.38^1+42.63^1+-13.48)--27.87/(29.3),True
-27.59^1--47.24-(11.07^1+-59.59)^1--0.15--69.39^2+24.22^-32.67+(-64.73^-14.21^1),-27.59^1--47.24-(11.07^1+-59.59)^1--0.15--69.39^2+24.22^-32.67+(-64.73^-14.21^1),False
-43.54-52.74+32.71-16.77/-34.78*-55.26-45.56*(4.46*-18.38/-16.03)*-30.44/52.65-87.57^1+-60.37,-43.54-52.74+32.71-16.77/-34.78*-55.26-45.56*(4.46*-18.38/-16.03)*-30.44/52.65-87.57^1+-60.37,True
80.16/-9.0--57.66--53.98/7.56+-29.44-(-35.54--49.57*48.7/-85.16)^1+-89.33^20.03+-85.84-(20.64),80.16/-9.0--57.66--53.98/7.56+-29.44-(-35.54--49.57*48.7/-85.16)^1+-89.33^20.03+-85.84-(20.64),False
7.0--80.5^1+-27.72^2*-37.12*-92.4/(^*-5.93+-58.53+52.4/-91.97)*(95.31*52.75)/84.3,7.0--80.5^1+-27.72^2*-37.12*-92.4/(^*-5.93+-58.53+52.4/-91.97)*(95.31*52.75)/84.3,False
(-95.57*-67.23)^1--54.31^1+-32.14/-92.66/35.6+22.25/2.83*-39.25^1+(89.15^91.79-(20.95)),(-95.57*-67.23)^1--54.31^1+-32.14/-92.66/35.6+22.25/2.83*-39.25^1+(89.15^91.79-(20.95)),True
^*-97.47^1+0.41/23.83*46.21+-33.61/-19.0/3.42+53.39/4.82/-81.4*(66.81^1+-69.83),^*-97.47^1+0.41/23.83*46.21+-33.61/-19.0/3.42+53.39/4.82/-81.4*(66.81^1+-69.83),True
(68.31+17.12+(-5.18/3.99*(*+-20.48)--65.9--92.46-(2.84+53.77-+/(-98.79/-90.64+-80.44/-12.96)))),(68.31+17.12+(-5.18/3.99*(*+-20.48)--65.9--92.46-(2.84+53.77-+/(-98.79/-90.64+-80.44/-12.96)))),False
-74.27^2--47.97/(19.06+-82.04^1+38.38*35.52/-83.97+21.67+-48.44)+-26.79/++7.7+-55.02,-74.27^2--47.97/(19.06+-82.04^1+38.38*35.52/-83.97+21.67+-48.44)+-26.79/++7.7+-55.02,True
(60.31/61.14-54.19*(-55.93-44.02/-90.96--79.45/(-26.32-80.63*-66.59/-80.88^1+-38.43+-45.97--76.65))),(60.31/61.14-54.19*(-55.93-44.02/-90.96--79.45/(-26.32-80.63*-66.59/-80.88^1+-38.43+-45.97--76.65))),True
98.04/-52.85^1+98.87+-86.86*11.0/-85.04/(29.28^2-36.13)^2-1.19^1--88.91/19.5,98.04/-52.85^1+98.87+-86.86*11.0/-85.04/(29.28^2-36.13)^2-1.19^1--88.91/19.5,True
7.4^1-63.73*-67.52--85.72+85.05+88.4^2-38.38+55.07^2--^-78.45/(69.94*72.08),7.4^1-63.73*-67.52--85.72+85.05+88.4^2-38.38+55.07^2--^-78.45/(69.94*72.08),False
5.76^1^(-58.54^1+61.37+-40.71-17.68^1--39.8+90.8-1+-58.07+-38.69*-82.28^2),5.76^1^(-58.54^1+61.37+-40.71-17.68^1--39.8+90.8-1+-58.07+-38.69*-82.28^2),False
^+48.25/-35.43^2+-62.65^1+-25.25/42.67-33.45-1+-52.64^2-99.59/15.5^1,^+48.25/-35.43^2+-62.65^1+-25.25/42.67-33.45-1+-52.64^2-99.59/15.5^1,False
(-41.77-(+^-21.7+27.11*-91.95^1-53.6)-33.79--99.12^1+-26.21)--28.33/-80.08^2-17.46,(-41.77-(+^-21.7+27.11*-91.95^1-53.6)-33.79--99.12^1+-26.21)--28.33/-80.08^2-17.46,False
50.54*53.98*1--16.58/2.63/-49.72--75.29+40.23/70.57^2-98.8/18.42*-83.83+-46.24-82.02,50.54*53.98*1--16.58/2.63/-49.72--75.29+40.23/70.57^2-98.8/18.42*-83.83+-46.24-82.02,False
63.52/-3.68*18.51-(-74.21^2*66.34-32.36^1--6.27-36.2)^1--10.01/-23.25*-79.06+3.83,63.52/-3.68*18.51-(-74.21^2*66.34-32.36^1--6.27-36.2)^1--10.01/-23.25*-79.06+3.83,False
-94.99+-55.27/-66.56-^--11.27/15.8-3.52^1-48.95+(-80.45/-92.48)+37.18+-26.38+(76.94/(-53.04)),-94.99+-55.27/-66.56-^--11.27/15.8-3.52^1-48.95+(-80.45/-92.48)+37.18+-26.38+(76.94/(-53.04)),True
-1.95/81.89/92.33-68.89/-63.04/-67.7--14.14-53.81--85.66/-94.72+98.97--66.21/-56.77+15.98^1,-1.95/81.89/92.33-68.89/-63.04/-67.7--14.14-53.81--85.66/-94.72+98.97--66.21/-56.77+15.98^1,True
-42.0/(41.76^2-12.42*-66.24*(42.28*(67.86*71.13+50.08+53.65^71.79--92.37^10.98-14.15+-7.73))),-42.0/(41.76^2-12.42*-66.24*(42.28*(67.86*71.13+50.08+53.65^71.79--92.37^10.98-14.15+-7.73))),False
94.16*62.86/-33.89^2+51.31+51.53-59.95/-61.32^-22.89--16.14^2-2.65^2+22.42/35.5,94.16*62.86/-33.89^2+51.31+51.53-59.95/-61.32^-22.89--16.14^2-2.65^2+22.42/35.5,True
-17.72*41.7+40.49--41.56--58.44/-46.3^2-(-69.83^2+-46.88+1-80.97+-75.1-13.65+-42.26),-17.72*41.7+40.49--41.56--58.44/-46.3^2-(-69.83^2+-46.88+1-80.97+-75.1-13.65+-42.26),False
-49.64/-7.08--81.86*-25.24/*+14.1--99.72^2--88.59^1+30.91*-13.5+2.07+(25.33-94.11),-49.64/-7.08--81.86*-25.24/*+14.1--99.72^2--88.59^1+30.91*-13.5+2.07+(25.33-94.11),False
57.95+-55.88*82.28*-89.84/83.69+(-23.26-60.93^2--80.1-72.87+-34.29+30.09/-*-76.96/-58.92),57.95+-55.88*82.28*-89.84/83.69+(-23.26-60.93^2--80.1-72.87+-34.29+30.09/-*-76.96/-58.92),False
68.36*(-49.87/-70.87*-6.21/15.06+-63.31^45.63*74.13+84.51/-2.91*(64.83*(*^2--26.27+-52.11))),68.36*(-49.87/-70.87*-6.21/15.06+-63.31^45.63*74.13+84.51/-2.91*(64.83*(*^2--26.27+-52.11))),False
29.89+-86.43-12.78*74.5^1+-77.48^1+-50.74/-11.11*-60.81-74.37+97.11-79.53-0.65+68.4,29.89+-86.43-12.78*74.5^1+-77.48^1+-50.74/-11.11*-60.81-74.37+97.11-79.53-0.65+68.4,False
-50.52+-80.4/(70.56/-48.66*-3.59--94.02)^2+10.23+(85.79/-72.31-(-86.11*(-97.5/-7.34)-75.91+40.22)),-50.52+-80.4/(70.56/-48.66*-3.59--94.02)^2+10.23+(85.79/-72.31-(-86.11*(-97.5/-7.34)-75.91+40.22)),False
26.8^1+-13.12*42.39/39.17+62.02+84.44/-24.27+73.57*95.64^2+72.61^2+-64.49+52.37,26.8^1+-13.12*42.39/39.17+62.02+84.44/-24.27+73.57*95.64^2+72.61^2+-64.49+52.37,True
-99.96/(-76.41^1+-69.45/66.7+-39.73*-96.76+1.74+64.84/11.65^1-63.67^2--74.84)--42.46,-99.96/(-76.41^1+-69.45/66.7+-39.73*-96.76+1.74+64.84/11.65^1-63.67^2--74.84)--42.46,True
18.11-(-11.68+(44.05/-14.39-15.49--88.74-(20.53/-10.79--27.22^2+-*-2.55+92.79--67.95*-21.88))),18.11-(-11.68+(44.05/-14.39-15.49--88.74-(20.53/-10.79--27.22^2+-*-2.55+92.79--67.95*-21.88))),False
59.78^2--7.26^1+-87.08^-58.7/3.97^2+99.59*22.11/73.33^1+-65.18^1-5.87,59.78^2--7.26^1+-87.08^-58.7/3.97^2+99.59*22.11/73.33^1+-65.18^1-5.87,False
70.58*-77.06/**-16.73*3.62+-86.22/-70.54*-70.49/-78.63*-65.03+4.27/-76.52^2+14.04-25.12,70.58*-77.06/**-16.73*3.62+-86.22/-70.54*-70.49/-78.63*-65.03+4.27/-76.52^2+14.04-25.12,True
-17.21/(-41.51+31.1+-4.92)*(83.39*-2.26+80.85^1--72.68)--66.27^2-41.47+(-30.59^2-(-63.75)),-17.21/(-41.51+31.1+-4.92)*(83.39*-2.26+80.85^1--72.68)--66.27^2-41.47+(-30.59^2-(-63.75)),True
23.77^2+11.56*70.57/90.93*(35.29/-76.77-49.1*(53.62^2--45.51)*61.74/-75.42*39.49+23.57),23.77^2+11.56*70.57/90.93*(35.29/-76.77-49.1*(53.62^2--45.51)*61.74/-75.42*39.49+23.57),False
60.73^1-8.05+-48.72*97.42+-9.74+62.88+9.0/(16.19/14.59-(3.99-22.2^5.91+54.79*17.47)),60.73^1-8.05+-48.72*97.42+-9.74+62.88+9.0/(16.19/14.59-(3.99-22.2^5.91+54.79*17.47)),False
93.63^2-50.76^2+4.62*-16.65/-56.54/40.35/(-66.5/-79.95+-96.73-(-61.62/-38.69)/(5.78/-44.86)),93.63^2-50.76^2+4.62*-16.65/-56.54/40.35/(-66.5/-79.95+-96.73-(-61.62/-38.69)/(5.78/-44.86)),False
59.76-45.85/-63.72+25.96+74.02*-0.02^2--64.21*3.29/(-10.47^2+96.57/-6.16+-)-(8.83),59.76-45.85/-63.72+25.96+74.02*-0.02^2--64.21*3.29/(-10.47^2+96.57/-6.16+-)-(8.83),True
-18.91-49.83/71.65+73.61-92.82+67.3-94.39-94.98*84.91*-97.5+-10.42/-17.21*(-36.24+++1.84),-18.91-49.83/71.65+73.61-92.82+67.3-94.39-94.98*84.91*-97.5+-10.42/-17.21*(-36.24+++1.84),False
91.28*72.53*-96.75^2+(-^2+-75.85-35.63*24.75)+48.63+-33.16-95.32-23.43-6.67/^,91.28*72.53*-96.75^2+(-^2+-75.85-35.63*24.75)+48.63+-33.16-95.32-23.43-6.67/^,False
58.31^2+-71.31/(76.57/-39.75-47.68*29.78^1+76.32*6.11*(-57.98/22.96+-53.43/65.99+(-32.16))),58.31^2+-71.31/(76.57/-39.75-47.68*29.78^1+76.32*6.11*(-57.98/22.96+-53.43/65.99+(-32.16))),True
20.03/-82.56*(-18.08/-90.58)/-10.57+77.83^2-54.87*67.11+*+-90.36+77.73^1--14.25/76.09,20.03/-82.56*(-18.08/-90.58)/-10.57+77.83^2-54.87*67.11+*+-90.36+77.73^1--14.25/76.09,False
**50.99^1+(-52.68^1--32.35)/84.83/-11.5-9.14--79.53--43.14+62.76-(-95.44+(-64.78*-32.5)),**50.99^1+(-52.68^1--32.35)/84.83/-11.5-9.14--79.53--43.14+62.76-(-95.44+(-64.78*-32.5)),True
1.93^2--37.74^2--70.47--94.38--92.73-1.1*-59.19*-80.47*89.57-51.38*81.33/(89.92/(-23.59)),1.93^2--37.74^2--70.47--94.38--92.73-1.1*-59.19*-80.47*89.57-51.38*81.33/(89.92/(-23.59)),True
12.56+(72.45/29.58)-92.5*10.13+(-89.22^1+79.3/83.69)+-40.71*57.49*-31.0--64.26^1-45.06,12.56+(72.45/29.58)-92.5*10.13+(-89.22^1+79.3/83.69)+-40.71*57.49*-31.0--64.26^1-45.06,True
-47.41-4.09--12.34--88.22*-*-8.55^2+-46.36--60.03-43.77^1+37.03^2-97.76+12.7,-47.41-4.09--12.34--88.22*-*-8.55^2+-46.36--60.03-43.77^1+37.03^2-97.76+12.7,False
47.99+-16.25/74.11/-94.66/-42.54+-+-46.14*-50.53+-75.99--77.44^1-25.84/-65.01+33.06*-15.7,47.99+-16.25/74.11/-94.66/-42.54+-+-46.14*-50.53+-75.99--77.44^1-25.84/-65.01+33.06*-15.7,True
54.91+21.67^0.48/-92.2^-69.79+-84.12^75.8^2--50.46+(35.0*-52.36--63.28-(-54.87*18.1/-37.06)),54.91+21.67^0.48/-92.2^-69.79+-84.12^75.8^2--50.46+(35.0*-52.36--63.28-(-54.87*18.1/-37.06)),False
37.68+-82.92/(49.23^2+-52.05)*(-49.5+26.37/(85.92+-12.92)*7.99)+-70.08/-38.44/-40.75^1+(12.88),37.68+-82.92/(49.23^2+-52.05)*(-49.5+26.37/(85.92+-12.92)*7.99)+-70.08/-38.44/-40.75^1+(12.88),True
(-64.41--74.24^2+-30.38^1--47.87)/-8.6/-62.93*-63.26*68.22^2-28.78+-96.44**^2,(-64.41--74.24^2+-30.38^1--47.87)/-8.6/-62.93*-63.26*68.22^2-28.78+-96.44**^2,True
4.0^1+-82.88*-43.18*68.91^2+-45.98--70.63/-75.51*-8.79/91.01^1-*^2+-24.12,4.0^1+-82.88*-43.18*68.91^2+-45.98--70.63/-75.51*-8.79/91.01^1-*^2+-24.12,False
-14.25+-21.6*-14.05*90.2+-15.67--30.32+15.11--6.01^2--21.18--98.33+48.51^2+-75.17-86.87,-14.25+-21.6*-14.05*90.2+-15.67--30.32+15.11--6.01^2--21.18--98.33+48.51^2+-75.17-86.87,True
-55.61*-20.3^2+(24.25^2+-24.62/53.34-26.04+-45.35/98.44*-80.11)/80.97--15.44/61.95/-75.81,-55.61*-20.3^2+(24.25^2+-24.62/53.34-26.04+-45.35/98.44*-80.11)/80.97--15.44/61.95/-75.81,True
76.68*^*-83.45+65.8-24.49/-20.64^1+-0.97^1+3.29--93.48*(51.98-(-10.37+-54.67-10.16)),76.68*^*-83.45+65.8-24.49/-20.64^1+-0.97^1+3.29--93.48*(51.98-(-10.37+-54.67-10.16)),True
77.35*-5.65*-29.27**+(-14.93-(+*87.51^2+59.78/99.2-22.29*-87.29^2+(-47.4+65.69))),77.35*-5.65*-29.27**+(-14.93-(+*87.51^2+59.78/99.2-22.29*-87.29^2+(-47.4+65.69))),False
55.7/-27.11^2+-41.73/36.8^1/40.39^1-63.45--/-83.7--81.19^1--77.02+-56.12,55.7/-27.11^2+-41.73/36.8^1/40.39^1-63.45--/-83.7--81.19^1--77.02+-56.12,False
5.82/-15.23--7.35--77.44--88.92+44.75+46.41--5.66*/^2+12.77-(-58.66*1--7.87*-30.62),5.82/-15.23--7.35--77.44--88.92+44.75+46.41--5.66*/^2+12.77-(-58.66*1--7.87*-30.62),False
-0.02-/*62.53+(63.43+-18.59+*+18.6^1+/^1--83.11*77.24)--65.07*-20.29/41.98,-0.02-/*62.53+(63.43+-18.59+*+18.6^1+/^1--83.11*77.24)--65.07*-20.29/41.98,False
-0.49^1--47.47*4.19^17.91+6.26*-84.57+99.94-69.73*-74.26--28.41+87.44^-34.52-8.67^1,-0.49^1--47.47*4.19^17.91+6.26*-84.57+99.94-69.73*-74.26--28.41+87.44^-34.52-8.67^1,False
64.64^2+7.99--74.24*53.19^2-(19.46/(86.72^1-66.81^1+74.91--9.36/-39.62+-26.04)),64.64^2+7.99--74.24*53.19^2-(19.46/(86.72^1-66.81^1+74.91--9.36/-39.62+-26.04)),False
-94.73^2-^-11.32^1+-93.36*(73.38/50.18+43.64)+-69.48+-1.14*-14.22-(-91.74/-31.0-86.49),-94.73^2-^-11.32^1+-93.36*(73.38/50.18+43.64)+-69.48+-1.14*-14.22-(-91.74/-31.0-86.49),False
-39.72^2--56.23-3.21*(-86.38+-13.51--74.23/-66.02)*94.34-33.35*80.47--48.73^2+-53.02^2,-39.72^2--56.23-3.21*(-86.38+-13.51--74.23/-66.02)*94.34-33.35*80.47--48.73^2+-53.02^2,True
-64.79+2-2.08*-77.41+86.4--82.65^1--41.89*42.98^1+(65.32^2-53.12+-82.74-(-99.4)),-64.79+2-2.08*-77.41+86.4--82.65^1--41.89*42.98^1+(65.32^2-53.12+-82.74-(-99.4)),True
6.13/-17.99*+*65.89--68.69--26.36*40.9/71.73*56.11+48.94*78.25^1+16.34-16.08*47.1,6.13/-17.99*+*65.89--68.69--26.36*40.9/71.73*56.11+48.94*78.25^1+16.34-16.08*47.1,True
93.26*3.81/31.02*25.9+44.86/-63.14^2-90.71/-57.81/20.53/-/3.59^1--0.78/80.1,93.26*3.81/31.02*25.9+44.86/-63.14^2-90.71/-57.81/20.53/-/3.59^1--0.78/80.1,False
-88.14+75.26/-18.3-62.55^1+-26.91/-70.36/84.76^51.82/-20.93--11.99+(-84.99^2+76.34)/10.47,-88.14+75.26/-18.3-62.55^1+-26.91/-70.36/84.76^51.82/-20.93--11.99+(-84.99^2+76.34)/10.47,True
-68.62-16.21+-57.71+49.42+-93.29*-61.79^2+-54.43^1+-5.08-**-72.81*-68.24*15.32+-23.59,-68.62-16.21+-57.71+49.42+-93.29*-61.79^2+-54.43^1+-5.08-**-72.81*-68.24*15.32+-23.59,False
-53.67+79.18-^^1+42.98-(-13.4*98.96/4.96/80.17^2-90.32+51.82*56.64/-45.98/5.94),-53.67+79.18-^^1+42.98-(-13.4*98.96/4.96/80.17^2-90.32+51.82*56.64/-45.98/5.94),True
(69.39^1--7.05+-31.2+-40.38)*8.92-37.76^2--38.19--10.47--67.19/21.45+15.96//-(-31.96),(69.39^1--7.05+-31.2+-40.38)*8.92-37.76^2--38.19--10.47--67.19/21.45+15.96//-(-31.96),False
4.69+-88.05*-79.27+(-62.3*-30.69+13.24)+99.18-2+-77.62*97.63+8.59+30.78/-31.25/-38.2^2,4.69+-88.05*-79.27+(-62.3*-30.69+13.24)+99.18-2+-77.62*97.63+8.59+30.78/-31.25/-38.2^2,True
40.67+-8.67-(-25.84-60.86--+(-3.36+-60.37*-64.42/-8.54*67.44^13.35+(22.6/87.03*78.13+30.81))),40.67+-8.67-(-25.84-60.86--+(-3.36+-60.37*-64.42/-8.54*67.44^13.35+(22.6/87.03*78.13+30.81))),True
11.2--97.97^2+28.62/(-25.78*-65.76-70.64*50.07/99.86-57.56*(-90.76+-92.36-1-(+/75.33))),11.2--97.97^2+28.62/(-25.78*-65.76-70.64*50.07/99.86-57.56*(-90.76+-92.36-1-(+/75.33))),False
30.69*(11.5/-40.94*-96.02*-87.12*-53.77)/-30.41+-30.11/48.35+10.63^2--72.03^1-88.53/+,30.69*(11.5/-40.94*-96.02*-87.12*-53.77)/-30.41+-30.11/48.35+10.63^2--72.03^1-88.53/+,False
11.38***-9.99^2-(1.76/-79.75+(-44.99/-80.26*51.06/14.44*-13.43)^1+-91.29*14.29/29.04),11.38***-9.99^2-(1.76/-79.75+(-44.99/-80.26*51.06/14.44*-13.43)^1+-91.29*14.29/29.04),False
70.5-34.11+(2.05/-81.22*4.65)//^1--34.1+18.61+(14.52*9.15/(*-(-4.93+-42.52*1.28))),70.5-34.11+(2.05/-81.22*4.65)//^1--34.1+18.61+(14.52*9.15/(*-(-4.93+-42.52*1.28))),False
90.86^2+-96.28/-14.66-28.57*93.49--92.41-(-86.88+(-20.37*93.43-(72.05/-74.93^1++*63.85))),90.86^2+-96.28/-14.66-28.57*93.49--92.41-(-86.88+(-20.37*93.43-(72.05/-74.93^1++*63.85))),True
95.57/88.65-(-24.82/(15.53*^--80.85)*84.83+-46.64+(-61.5+(-62.39+-25.51--2.53+-0.94/-63.93*-57.99))),95.57/88.65-(-24.82/(15.53*^--80.85)*84.83+-46.64+(-61.5+(-62.39+-25.51--2.53+-0.94/-63.93*-57.99))),True
-27.48/-82.49^2+84.7-54.2/(-87.41/56.78+-16.48/55.95-1.63-58.52^1+85.32*-33.27/88.89),-27.48/-82.49^2+84.7-54.2/(-87.41/56.78+-16.48/55.95-1.63-58.52^1+85.32*-33.27/88.89),False
(0.1/-63.09/8.59^2-31.44/-66.68)*^+-34.18/72.78+55.18^2+-6.46^2-(44.44*64.8),(0.1/-63.09/8.59^2-31.44/-66.68)*^+-34.18/72.78+55.18^2+-6.46^2-(44.44*64.8),True
-57.97+-76.4^2+*^1+40.78/-94.69^1+-23.19*-41.16--32.0-0.33*(*+11.57+42.24),-57.97+-76.4^2+*^1+40.78/-94.69^1+-23.19*-41.16--32.0-0.33*(*+11.57+42.24),True
-91.89+-79.54+(7.79*28.98/58.09+(-27.42+-25.18*-29.92)/-65.26*-64.71*57.41+74.58/-42.42+53.52^2),-91.89+-79.54+(7.79*28.98/58.09+(-27.42+-25.18*-29.92)/-65.26*-64.71*57.41+74.58/-42.42+53.52^2),True
-42.02+76.91*73.32/-6.15+-53.85--89.48-(34.4/2-65.86/56.32*-14.67*(85.57+9.86^2+-34.12)),-42.02+76.91*73.32/-6.15+-53.85--89.48-(34.4/2-65.86/56.32*-14.67*(85.57+9.86^2+-34.12)),True
46.89+-8.46+20.67^1--41.65-43.46-40.37+49.96+26.31/80.55*17.79/14.61^1^-64.67--36.34,46.89+-8.46+20.67^1--41.65-43.46-40.37+49.96+26.31/80.55*17.79/14.61^1^-64.67--36.34,True
30.27*^+83.88/2.67+-71.11/(-37.91/69.8^2--48.97-5.91+-77.83-(72.24^1+-4.53-40.13)),30.27*^+83.88/2.67+-71.11/(-37.91/69.8^2--48.97-5.91+-77.83-(72.24^1+-4.53-40.13)),True
49.85^2--90.53/2+97.68^1/32.19-39.9^2+-76.67+(19.43+-15.44+80.78*48.95*95.86),49.85^2--90.53/2+97.68^1/32.19-39.9^2+-76.67+(19.43+-15.44+80.78*48.95*95.86),True
-44.46*43.76/13.85^1+-15.01^2--14.07/3.86--+42.03*82.56+79.94/84.58*-85.25/(50.49),-44.46*43.76/13.85^1+-15.01^2--14.07/3.86--+42.03*82.56+79.94/84.58*-85.25/(50.49),False
-71.79+-98.96/(-48.61+9.15/41.79-51.05-21.16*75.41-(-57.14-81.49)-49.52*57.39^2-74.39--69.57),-71.79+-98.96/(-48.61+9.15/41.79-51.05-21.16*75.41-(-57.14-81.49)-49.52*57.39^2-74.39--69.57),True
-14.87-(45.64+-59.41+-33.21*-38.49-14.2)+-39.33+^-3.62--46.17*37.5/47.86*-5.82+-15.98+-19.7,-14.87-(45.64+-59.41+-33.21*-38.49-14.2)+-39.33+^-3.62--46.17*37.5/47.86*-5.82+-15.98+-19.7,True
13.55+(*^1-74.54)+46.52+-70.9--32.15--30.97*21.69*-29.18++-30.29*44.01-95.35-25.58,13.55+(*^1-74.54)+46.52+-70.9--32.15--30.97*21.69*-29.18++-30.29*44.01-95.35-25.58,False
-78.26+45.73-46.07--80.63^1+38.72+(90.67*(-70.14/-55.94)^1+15.29/(54.52+(43.71^2-7.47))),-78.26+45.73-46.07--80.63^1+38.72+(90.67*(-70.14/-55.94)^1+15.29/(54.52+(43.71^2-7.47))),True
51.79*-12.47*(44.06+(-12.76+81.27*(53.95--+67.13/-62.19/(-71.12+-80.85^2+28.75*-84.56/59.0)))),51.79*-12.47*(44.06+(-12.76+81.27*(53.95--+67.13/-62.19/(-71.12+-80.85^2+28.75*-84.56/59.0)))),True
64.08*-30.81*(-77.6*26.38**)/47.05/82.49+-62.07+2+-83.77^1-24.63-(41.65^2--99.14),64.08*-30.81*(-77.6*26.38**)/47.05/82.49+-62.07+2+-83.77^1-24.63-(41.65^2--99.14),False
-92.38*26.89+78.4-55.42*(-3.3*-43.95^1-+/-3.52+-68.69/-3.43+-89.69+10.96^1+-1.83),-92.38*26.89+78.4-55.42*(-3.3*-43.95^1-+/-3.52+-68.69/-3.43+-89.69+10.96^1+-1.83),True
-52.62/-69.03^2+-12.95/^*-42.82*1.86-50.64*^^82.93+65.87+39.63/-27.05+-17.34/(90.39),-52.62/-69.03^2+-12.95/^*-42.82*1.86-50.64*^^82.93+65.87+39.63/-27.05+-17.34/(90.39),False
60.81^23.77--53.17+-52.88/-95.29^2-(-72.95/-93.37/(-40.46^2--45.22-53.39*74.7^1-14.25)),60.81^23.77--53.17+-52.88/-95.29^2-(-72.95/-93.37/(-40.46^2--45.22-53.39*74.7^1-14.25)),True
2.35-88.94+32.97/(31.01^1+-10.93+78.59)-64.39*(-41.64^1+31.92+57.16+(-46.89^-32.16^2)),2.35-88.94+32.97/(31.01^1+-10.93+78.59)-64.39*(-41.64^1+31.92+57.16+(-46.89^-32.16^2)),False
(-0.56/(-53.64/51.92)+19.52)-(-51.51+65.06*-39.29--9.55*5.66^2--81.39^2+91.89*-3.04+-56.73),(-0.56/(-53.64/51.92)+19.52)-(-51.51+65.06*-39.29--9.55*5.66^2--81.39^2+91.89*-3.04+-56.73),False
6.38+-86.51-59.42*-14.27/-29.27/-96.94^2+23.52-49.05/-57.15-28.92*-25.66^1--35.49/(22.87),6.38+-86.51-59.42*-14.27/-29.27/-96.94^2+23.52-49.05/-57.15-28.92*-25.66^1--35.49/(22.87),True
-87.94-20.93-54.79-57.95-(-62.0-14.02-22.17^2+59.95/^+(-71.88/13.97/51.04^2+(-28.59))),-87.94-20.93-54.79-57.95-(-62.0-14.02-22.17^2+59.95/^+(-71.88/13.97/51.04^2+(-28.59))),True
84.16-(82.04*66.43)^2-39.84+1-(-86.43*25.74*-15.35+-48.78+54.05-(-65.57^-28.54+-51.18-(42.31))),84.16-(82.04*66.43)^2-39.84+1-(-86.43*25.74*-15.35+-48.78+54.05-(-65.57^-28.54+-51.18-(42.31))),True
-36.65+31.11+-78.42--87.01^1+55.83+19.19-/+-60.84/(31.92/55.5+38.01-48.79/-14.69+-65.47),-36.65+31.11+-78.42--87.01^1+55.83+19.19-/+-60.84/(31.92/55.5+38.01-48.79/-14.69+-65.47),False
73.95--64.0-(79.23*1+9.72+(2.12--61.52--82.86-73.45*-29.88^2--66.58-17.13)/-34.82--37.52),73.95--64.0-(79.23*1+9.72+(2.12--61.52--82.86-73.45*-29.88^2--66.58-17.13)/-34.82--37.52),True
-48.95--56.95/86.6/-88.81-97.38+-71.4-53.71/56.72*(-17.56*+*-29.96/-28.64+(-65.26*77.45*-42.79)),-48.95--56.95/86.6/-88.81-97.38+-71.4-53.71/56.72*(-17.56*+*-29.96/-28.64+(-65.26*77.45*-42.79)),True
65.96--72.96/(45.23^2--34.91-99.88*-77.86^2-12.61^2--43.85--63.01^2+-71.19/48.91),65.96--72.96/(45.23^2--34.91-99.88*-77.86^2-12.61^2--43.85--63.01^2+-71.19/48.91),True
-86.27/-77.63*-42.98/-99.46+-57.67-(-58.22--84.25)^2--73.13--55.7*(-4.42*77.33/^^1--78.43),-86.27/-77.63*-42.98/-99.46+-57.67-(-58.22--84.25)^2--73.13--55.7*(-4.42*77.33/^^1--78.43),False
-5.52*63.13/-4.9+(39.08*-3.96)+-9.15^2--42.63^1+75.91--30.04+-81.36*26.59*-30.95/-11.91,-5.52*63.13/-4.9+(39.08*-3.96)+-9.15^2--42.63^1+75.91--30.04+-81.36*26.59*-30.95/-11.91,True
-44.4+-15.38--42.69^2-41.95+66.38^1+62.89/29.01+-69.18^1--0.79-60.11/91.35-(10.19),-44.4+-15.38--42.69^2-41.95+66.38^1+62.89/29.01+-69.18^1--0.79-60.11/91.35-(10.19),False
64.76^2--5.72-3.35/29.02*97.11+-53.78^1-32.29*-43.88*(26.56^2-98.38+-22.42+-80.4),64.76^2--5.72-3.35/29.02*97.11+-53.78^1-32.29*-43.88*(26.56^2-98.38+-22.42+-80.4),False
(//0.63*99.3^2+(-76.55^2+71.28--57.56-62.01-93.78-(-62.41^1--1.9*(-91.0+-86.32)))),(//0.63*99.3^2+(-76.55^2+71.28--57.56-62.01-93.78-(-62.41^1--1.9*(-91.0+-86.32)))),True
60.03/-85.18/-86.94-72.14-(20.94/(*^2+9.96+*)+(-7.38/-1.8-37.78+29.16*77.07--89.35)),60.03/-85.18/-86.94-72.14-(20.94/(*^2+9.96+*)+(-7.38/-1.8-37.78+29.16*77.07--89.35)),False
-78.78+21.8/(57.16-67.3)-(-17.18/19.3^1+28.29*(33.55*-53.06+2.41+(33.82^-51.57)^(65.55*(-77.41)))),-78.78+21.8/(57.16-67.3)-(-17.18/19.3^1+28.29*(33.55*-53.06+2.41+(33.82^-51.57)^(65.55*(-77.41)))),False
-96.11*77.7+68.34-28.97^2+-69.53/-14.0-+^1+3.64^1--93.97+-23.96--1.19+-44.28,-96.11*77.7+68.34-28.97^2+-69.53/-14.0-+^1+3.64^1--93.97+-23.96--1.19+-44.28,False
(+*(68.51^1-22.37)*72.4/-11.96+61.69)/^+9.99/96.67^1+(-82.61/-40.44+-29.42/-44.88),(+*(68.51^1-22.37)*72.4/-11.96+61.69)/^+9.99/96.67^1+(-82.61/-40.44+-29.42/-44.88),False
-92.66^2+91.07-78.04^1+-39.52+34.1/16.76^1+96.54+(15.66+-76.91^-57.34+32.84/+),-92.66^2+91.07-78.04^1+-39.52+34.1/16.76^1+96.54+(15.66+-76.91^-57.34+32.84/+),True
-5.33^1-61.33^1+-31.62/44.41--25.58+-64.42^73.47---18.47/(-51.22*17.34/-3.07+-95.13),-5.33^1-61.33^1+-31.62/44.41--25.58+-64.42^73.47---18.47/(-51.22*17.34/-3.07+-95.13),True
--29.05--99.55/-19.48/(65.55--97.3*-86.26)-(-97.49/-91.13+(76.24^2-(12.65^2+-73.15/(11.47)))),--29.05--99.55/-19.48/(65.55--97.3*-86.26)-(-97.49/-91.13+(76.24^2-(12.65^2+-73.15/(11.47)))),True
70.5^1-38.89*-63.25-(86.57/-8.66)/85.72+(-89.12+(-27.99--72.32/-35.91*-6.91)-48.19*(-85.26^2)),70.5^1-38.89*-63.25-(86.57/-8.66)/85.72+(-89.12+(-27.99--72.32/-35.91*-6.91)-48.19*(-85.26^2)),True
(2.62/-83.34/-33.88^1-72.42^2+-47.06*-56.29^2--95.25)*-9.49*10.14/-25.62+-54.66*-44.42,(2.62/-83.34/-33.88^1-72.42^2+-47.06*-56.29^2--95.25)*-9.49*10.14/-25.62+-54.66*-44.42,True
36.46-43.22-82.84+37.53*-63.37-(++-32.14-58.88+-40.65*97.58+-57.03*(-30.87-75.26*(-64.4*-))),36.46-43.22-82.84+37.53*-63.37-(++-32.14-58.88+-40.65*97.58+-57.03*(-30.87-75.26*(-64.4*-))),False
53.9/-67.79-53.13*12.5^2^4.38+-77.14/(12.96-19.06*-40.12*-32.19)/88.51//^2+(-81.19),53.9/-67.79-53.13*12.5^2^4.38+-77.14/(12.96-19.06*-40.12*-32.19)/88.51//^2+(-81.19),True
49.52/-75.32--93.94^1--66.94+-55.51*-63.97^58.53^2--67.0+-55.58--11.84*-74.2/-21.64^1,49.52/-75.32--93.94^1--66.94+-55.51*-63.97^58.53^2--67.0+-55.58--11.84*-74.2/-21.64^1,True
-97.94-*^1-(-89.78^1--3.49/51.78-1.79^2-74.22*70.05^1--51.94+-20.4)/61.62,-97.94-*^1-(-89.78^1--3.49/51.78-1.79^2-74.22*70.05^1--51.94+-20.4)/61.62,True
19.5^2+8.77/(83.09+49.85^1-12.55)+(-28.23+-30.75)-72.19+22.27-56.73-36.8--95.58*6.3,19.5^2+8.77/(83.09+49.85^1-12.55)+(-28.23+-30.75)-72.19+22.27-56.73-36.8--95.58*6.3,True
-3.42+(18.56-51.62-20.95-16.13--62.28/-26.68/-2.51+-5.71-2--75.57-(90.93^1--44.62)+(56.46)),-3.42+(18.56-51.62-20.95-16.13--62.28/-26.68/-2.51+-5.71-2--75.57-(90.93^1--44.62)+(56.46)),False
99.78+(52.5/-47.68-55.39--20.74*-97.23+(45.52/(*/(5.58+-15.91-61.31-3.84^1--88.3*-98.8)))),99.78+(52.5/-47.68-55.39--20.74*-97.23+(45.52/(*/(5.58+-15.91-61.31-3.84^1--88.3*-98.8)))),True
*/-20.22/42.6^1+19.09/34.62+-29.74/21.33+-27.68*4.84^1-90.19*-80.12/28.73^2,*/-20.22/42.6^1+19.09/34.62+-29.74/21.33+-27.68*4.84^1-90.19*-80.12/28.73^2,True
-32.72*-73.32-75.74*(-83.6^2+6.95--17.95*43.42)/35.32+61.91^3.57^1-43.34^2--79.23,-32.72*-73.32-75.74*(-83.6^2+6.95--17.95*43.42)/35.32+61.91^3.57^1-43.34^2--79.23,True
4.13-/+-64.65/-1.77/71.06*-7.3+99.52+(98.12*^--97.25*57.39/-37.86*(-10.24/-65.89/82.1)),4.13-/+-64.65/-1.77/71.06*-7.3+99.52+(98.12*^--97.25*57.39/-37.86*(-10.24/-65.89/82.1)),False
78.53*-78.56^2+(^+50.48)*56.24/39.75^2+32.31+-28.41^2+60.5+74.46*-46.55--86.93,78.53*-78.56^2+(^+50.48)*56.24/39.75^2+32.31+-28.41^2+60.5+74.46*-46.55--86.93,False
(32.93*-48.55*56.91/-42.24*-5.46--9.93^2-27.41-12.39*-33.28-63.22)+32.3*-45.08-(-98.26--62.0),(32.93*-48.55*56.91/-42.24*-5.46--9.93^2-27.41-12.39*-33.28-63.22)+32.3*-45.08-(-98.26--62.0),False
20.57*-16.11-83.36^1+-77.73+61.02^2-(^/-99.61/(-50.49--98.29*48.02--4.75/(81.26--98.09))),20.57*-16.11-83.36^1+-77.73+61.02^2-(^/-99.61/(-50.49--98.29*48.02--4.75/(81.26--98.09))),True
+-(-44.55/-28.68)*13.71/-15.08/36.25--*55.18+21.7-(-86.9^1--43.38--5.99/(-19.43*21.14)),+-(-44.55/-28.68)*13.71/-15.08/36.25--*55.18+21.7-(-86.9^1--43.38--5.99/(-19.43*21.14)),False
1.55+-91.21/(-22.19^2^6.23)-86.97--41.92--38.94*37.67/-57.94--55.91--30.16+-69.83-30.12--95.58,1.55+-91.21/(-22.19^2^6.23)-86.97--41.92--38.94*37.67/-57.94--55.91--30.16+-69.83-30.12--95.58,False
(-40.76^2+-66.1^2+(-70.19+-46.82/34.49)*-16.24^2-26.66*-98.83/-69.52/-27.72+70.13-(-63.06)),(-40.76^2+-66.1^2+(-70.19+-46.82/34.49)*-16.24^2-26.66*-98.83/-69.52/-27.72+70.13-(-63.06)),True
38.13*-2.47*-31.41+4.81^1-(^/90.24*(-64.67+-18.35^2+*/47.95-50.39*88.46-47.3)),38.13*-2.47*-31.41+4.81^1-(^/90.24*(-64.67+-18.35^2+*/47.95-50.39*88.46-47.3)),False
-14.79*97.58*-98.02/-53.68/6.25--3.67--87.42+85.32*-50.81/10.11--70.1^1--77.98^-13.37^1,-14.79*97.58*-98.02/-53.68/6.25--3.67--87.42+85.32*-50.81/10.11--70.1^1--77.98^-13.37^1,True
-97.23--14.97+-77.19*-63.72--90.86+49.74^2+76.21^2+-12.92+-95.48/90.93*31.97+(23.71--77.03),-97.23--14.97+-77.19*-63.72--90.86+49.74^2+76.21^2+-12.92+-95.48/90.93*31.97+(23.71--77.03),True
(-5.51*1+98.27+-90.46-0.13*(-61.05/-29.54+-24.19+^+34.29+58.05)+17.57+81.24)+-31.43^2,(-5.51*1+98.27+-90.46-0.13*(-61.05/-29.54+-24.19+^+34.29+58.05)+17.57+81.24)+-31.43^2,True
70.63*17.64/-63.27^1+-88.52*++-71.57+-71.76*-32.65^2--72.15+88.57*88.63*70.87-10.22,70.63*17.64/-63.27^1+-88.52*++-71.57+-71.76*-32.65^2--72.15+88.57*88.63*70.87-10.22,True
(99.48^1+51.58/(95.98+17.84/-7.99/(-37.66/-46.49+-45.43)*^)/-12.96+49.82^2+-26.37+(-65.56)),(99.48^1+51.58/(95.98+17.84/-7.99/(-37.66/-46.49+-45.43)*^)/-12.96+49.82^2+-26.37+(-65.56)),True
89.7^1+15.29*(29.36/(-35.49/-26.28^1--79.92-8.18)^2--17.97+-44.99/13.13/(-39.35^1)),89.7^1+15.29*(29.36/(-35.49/-26.28^1--79.92-8.18)^2--17.97+-44.99/13.13/(-39.35^1)),True
-36.2^2--66.02/-64.28-26.73*-1.14/-57.84*^*68.64*-22.02/-73.77*-53.78+40.35/(18.8^2),-36.2^2--66.02/-64.28-26.73*-1.14/-57.84*^*68.64*-22.02/-73.77*-53.78+40.35/(18.8^2),False
-40.16^1--77.92*3.94^1+53.0+88.88-21.6--54.66+-1.05*12.96--76.85-41.37^1*-31.4,-40.16^1--77.92*3.94^1+53.0+88.88-21.6--54.66+-1.05*12.96--76.85-41.37^1*-31.4,False
13.92*0.54/-83.79^2-68.08/73.53^2--86.99*(85.4+80.31/92.26/57.5^1+-2.28--80.97),13.92*0.54/-83.79^2-68.08/73.53^2--86.99*(85.4+80.31/92.26/57.5^1+-2.28--80.97),False
36.05*-87.78+16.99^1+-66.41/-65.44*(-87.76/-78.51)+18.74/-64.22-(64.67+-28.91-41.59--18.69+82.5),36.05*-87.78+16.99^1+-66.41/-65.44*(-87.76/-78.51)+18.74/-64.22-(64.67+-28.91-41.59--18.69+82.5),True
-28.76*(30.42*(77.38*62.86--61.23/-11.92/-45.45^2+-97.01^1+89.65^2--88.52/-49.48/15.22)),-28.76*(30.42*(77.38*62.86--61.23/-11.92/-45.45^2+-97.01^1+89.65^2--88.52/-49.48/15.22)),True
74.42*-31.64*98.79*96.72/(3.35**-93.49)*(-66.05+(19.54^2+-90.68+-86.62^2+-67.6^2)),74.42*-31.64*98.79*96.72/(3.35**-93.49)*(-66.05+(19.54^2+-90.68+-86.62^2+-67.6^2)),True
-1.27+-29.49+82.23^1+40.96/(-*/^2+37.74)--39.33/25.73/(-75.12*41.68/-89.54^2),-1.27+-29.49+82.23^1+40.96/(-*/^2+37.74)--39.33/25.73/(-75.12*41.68/-89.54^2),False
-81.71^1+-63.19--71.76/-^1+33.0+-0.73^1-(-24.19+42.11/-30.21+1+-58.1)/35.74,-81.71^1+-63.19--71.76/-^1+33.0+-0.73^1-(-24.19+42.11/-30.21+1+-58.1)/35.74,False
-45.8^2--64.0-(-/-36.52^2-71.77--64.36+-44.23)/-90.26*-79.26*80.87^1-34.02^2,-45.8^2--64.0-(-/-36.52^2-71.77--64.36+-44.23)/-90.26*-79.26*80.87^1-34.02^2,True
20.1^2-38.33--88.24-58.28*(43.18/-6.44/22.28-9.17/-75.32-81.39)+-70.97--16.1*10.13^1,20.1^2-38.33--88.24-58.28*(43.18/-6.44/22.28-9.17/-75.32-81.39)+-70.97--16.1*10.13^1,True
-33.77^2--25.45*-63.48-*--16.67-(-13.34+64.9--88.96/72.05*(-14.97*78.3-52.03)/47.83^1),-33.77^2--25.45*-63.48-*--16.67-(-13.34+64.9--88.96/72.05*(-14.97*78.3-52.03)/47.83^1),False
(-42.26/-6.16)-^/11.49^1-48.31^1--21.53/11.14--21.82*63.07^2+-88.5--68.17^2,(-42.26/-6.16)-^/11.49^1-48.31^1--21.53/11.14--21.82*63.07^2+-88.5--68.17^2,False
-12.29/91.53+-72.83^2-(-58.96+63.01)*-91.28+-10.06+(-87.1-1--65.99+-41.56/59.03^2+(-75.33)),-12.29/91.53+-72.83^2-(-58.96+63.01)*-91.28+-10.06+(-87.1-1--65.99+-41.56/59.03^2+(-75.33)),False
-42.98^-68.34+41.23+-10.49-57.81+-87.02+(-37.85/7.42--26.36^2/-21.94*93.56/56.26--67.24-12.27),-42.98^-68.34+41.23+-10.49-57.81+-87.02+(-37.85/7.42--26.36^2/-21.94*93.56/56.26--67.24-12.27),True
-84.01+88.17^-8.2--9.18+-/-8.14^2+-97.33-80.75*-78.84/(8.62-93.0)--74.71*48.36+75.24,-84.01+88.17^-8.2--9.18+-/-8.14^2+-97.33-80.75*-78.84/(8.62-93.0)--74.71*48.36+75.24,True
98.19+11.05/-79.27/22.19^2-83.79/99.17*37.58-67.22+36.58^1+-2.3^2+42.51+-91.59,98.19+11.05/-79.27/22.19^2-83.79/99.17*37.58-67.22+36.58^1+-2.3^2+42.51+-91.59,True
-1.19^1+28.76+-7.1--91.73+-47.73/-8.6+(-80.32-(-39.11^1-(26.41^2-9.47/15.95/(-13.58)))),-1.19^1+28.76+-7.1--91.73+-47.73/-8.6+(-80.32-(-39.11^1-(26.41^2-9.47/15.95/(-13.58)))),True
63.33+-72.61*^*-33.52^1+36.52*-48.4-(31.37/-2.4)^1-58.02^2.52+-78.88/20.69/44.33,63.33+-72.61*^*-33.52^1+36.52*-48.4-(31.37/-2.4)^1-58.02^2.52+-78.88/20.69/44.33,False
-63.14+63.56*49.44+-92.15*12.54/7.02/-68.17-10.91-64.69+14.95*71.05--37.58/-62.26^1+-69.73,-63.14+63.56*49.44+-92.15*12.54/7.02/-68.17-10.91-64.69+14.95*71.05--37.58/-62.26^1+-69.73,False
5.1^2+-7.36-(47.79-(-19.6*-20.31*51.04*(-28.54-(-97.41^2+59.36^2--71.43*67.02^1)))),5.1^2+-7.36-(47.79-(-19.6*-20.31*51.04*(-28.54-(-97.41^2+59.36^2--71.43*67.02^1)))),True
(11.52+-62.39-99.76*-65.3+-13.48/-71.39--30.79/-60.01)*92.43/24.79/-29.9^2+-38.22-5.18/-38.66,(11.52+-62.39-99.76*-65.3+-13.48/-71.39--30.79/-60.01)*92.43/24.79/-29.9^2+-38.22-5.18/-38.66,True
27.97+-15.52*-83.68*20.42+*^1--23.88*-26.51--73.9^1-(-91.66//+6.08+-30.15/90.5),27.97+-15.52*-83.68*20.42+*^1--23.88*-26.51--73.9^1-(-91.66//+6.08+-30.15/90.5),False
-97.04--36.94^2*-11.84+-88.31/94.02*-33.6/(-79.79*34.95-29.78*-70.86*(57.67*-27.78)+28.74--26.18),-97.04--36.94^2*-11.84+-88.31/94.02*-33.6/(-79.79*34.95-29.78*-70.86*(57.67*-27.78)+28.74--26.18),True
84.74+-19.7+(29.98*-41.97-(14.71*78.15*-1.6^2-74.13*88.97+(-26.04+-61.84-47.86^2-(-6.72)))),84.74+-19.7+(29.98*-41.97-(14.71*78.15*-1.6^2-74.13*88.97+(-26.04+-61.84-47.86^2-(-6.72)))),True
81.97-53.05*-17.84^2--99.77+6.56-89.86+19.49*82.84*96.81--98.26/-63.63/(-41.87^-2.72)--9.65,81.97-53.05*-17.84^2--99.77+6.56-89.86+19.49*82.84*96.81--98.26/-63.63/(-41.87^-2.72)--9.65,False
40.39*21.09-1.37-58.33^1+(90.63+(11.7/-98.72+(-83.06+22.71*57.7--56.39--25.27)*-24.04+-55.01)),40.39*21.09-1.37-58.33^1+(90.63+(11.7/-98.72+(-83.06+22.71*57.7--56.39--25.27)*-24.04+-55.01)),True
94.46--98.85+**-^2+50.08+(-97.21-(70.22+94.3*0.65+3.55*93.53^2-50.89)/74.15),94.46--98.85+**-^2+50.08+(-97.21-(70.22+94.3*0.65+3.55*93.53^2-50.89)/74.15),False
-91.55+-97.85+51.02+31.1*-56.28/-13.11--16.14/-67.35/-21.45-86.3/18.44^1--76.45^1+99.64,-91.55+-97.85+51.02+31.1*-56.28/-13.11--16.14/-67.35/-21.45-86.3/18.44^1--76.45^1+99.64,True
-83.88*(-83.7-36.75+6.18+-40.86)^1+-67.95+-20.76/-20.06*-94.34--62.45**+-12.46+-83.62*(-65.87),-83.88*(-83.7-36.75+6.18+-40.86)^1+-67.95+-20.76/-20.06*-94.34--62.45**+-12.46+-83.62*(-65.87),True
-6.37*74.42--46.02^1+62.78^2--50.6-(60.19-14.15+^)--49.49^1--12.93-(35.71+(-29.36)),-6.37*74.42--46.02^1+62.78^2--50.6-(60.19-14.15+^)--49.49^1--12.93-(35.71+(-29.36)),True
(-67.29--58.39*-75.4*-77.76)-16.29+1.49*32.95^1^31.79+84.73+24.72/-98.97^2++-59.44,(-67.29--58.39*-75.4*-77.76)-16.29+1.49*32.95^1^31.79+84.73+24.72/-98.97^2++-59.44,False
-6.02+81.06^-60.96-12.55+-42.63+-82.02*26.91/65.17*94.74+-34.42+//(71.1*-66.04+7.05--12.18),-6.02+81.06^-60.96-12.55+-42.63+-82.02*26.91/65.17*94.74+-34.42+//(71.1*-66.04+7.05--12.18),False
32.24*12.68-(/-4.94)-24.46*7.63^2+-7.85/(58.67/-16.23/32.6)/(-12.6^1--39.72+-17.55),32.24*12.68-(/-4.94)-24.46*7.63^2+-7.85/(58.67/-16.23/32.6)/(-12.6^1--39.72+-17.55),True
-0.65/(-31.05+-45.91--59.64^1-(58.55+-32.28/(-96.32--70.62^2--61.18)*(52.17*-37.21^2+15.8))),-0.65/(-31.05+-45.91--59.64^1-(58.55+-32.28/(-96.32--70.62^2--61.18)*(52.17*-37.21^2+15.8))),True
91.13/32.98*35.22+(74.2*-17.49^1-43.73/14.69/48.0/-10.22^1--95.73/-94.62-(^--65.42)),91.13/32.98*35.22+(74.2*-17.49^1-43.73/14.69/48.0/-10.22^1--95.73/-94.62-(^--65.42)),False
-75.0/(-62.41^2-73.1/-76.62^2--27.1+80.55*-1.82*-42.21*(+--2.17)--79.16/86.14*31.6),-75.0/(-62.41^2-73.1/-76.62^2--27.1+80.55*-1.82*-42.21*(+--2.17)--79.16/86.14*31.6),True
87.29+58.74-3.56^2--33.88+91.03+64.03+-90.08*(0.48+(89.03+47.01*-67.32*10.34+86.19^2)),87.29+58.74-3.56^2--33.88+91.03+64.03+-90.08*(0.48+(89.03+47.01*-67.32*10.34+86.19^2)),True
-79.39/-19.42-44.95*69.81+-19.78/-17.82*-18.11--39.13-(53.2+-99.78--34.51/-56.34/76.0*-12.03/-47.23),-79.39/-19.42-44.95*69.81+-19.78/-17.82*-18.11--39.13-(53.2+-99.78--34.51/-56.34/76.0*-12.03/-47.23),False
27.77+-98.96/19.98*(95.34+67.26^1+-39.43--76.27+1-78.44-(21.05+30.88/-54.4+-2.27+50.34)),27.77+-98.96/19.98*(95.34+67.26^1+-39.43--76.27+1-78.44-(21.05+30.88/-54.4+-2.27+50.34)),True
72.33-(-19.19+8.29-(-99.1*-78.81)^1--76.39+(31.6/-64.43*17.05)+8.44-9.93^(-28.77-53.12*(-94.33))),72.33-(-19.19+8.29-(-99.1*-78.81)^1--76.39+(31.6/-64.43*17.05)+8.44-9.93^(-28.77-53.12*(-94.33))),False
-17.0^2-^+74.76-67.71*-71.41/81.37+-42.91/-40.16*-6.06^1+(95.57/73.49--84.34*-66.52),-17.0^2-^+74.76-67.71*-71.41/81.37+-42.91/-40.16*-6.06^1+(95.57/73.49--84.34*-66.52),True
-22.61^1+-75.18+-91.47--22.44+-8.78/(41.88+16.35)*-12.51+-54.12+20.55-8.77*-84.93^1+-7.98,-22.61^1+-75.18+-91.47--22.44+-8.78/(41.88+16.35)*-12.51+-54.12+20.55-8.77*-84.93^1+-7.98,True
51.88/84.34^2--97.26^1+-58.01^1+76.79-21.42/-15.53+(-88.03/27.85+(78.06^1-90.37)),51.88/84.34^2--97.26^1+-58.01^1+76.79-21.42/-15.53+(-88.03/27.85+(78.06^1-90.37)),True
(2.62+41.19*(-98.99+24.17/(33.86/19.59-27.8^1+-84.24)/-9.44+34.43/1.01*-94.49/1--10.66)),(2.62+41.19*(-98.99+24.17/(33.86/19.59-27.8^1+-84.24)/-9.44+34.43/1.01*-94.49/1--10.66)),True
-73.1+-16.23--68.18+(75.39-7.77/48.76+-29.62)/47.03-37.98+-65.73/(73.36*76.3)+60.65*-91.34*-23.03,-73.1+-16.23--68.18+(75.39-7.77/48.76+-29.62)/47.03-37.98+-65.73/(73.36*76.3)+60.65*-91.34*-23.03,False
-86.75-58.41+51.34/-26.39^1/-50.96^1+-44.48*-92.31*-*-98.68*-60.5--72.56+-6.8--82.99,-86.75-58.41+51.34/-26.39^1/-50.96^1+-44.48*-92.31*-*-98.68*-60.5--72.56+-6.8--82.99,False
22.01-63.55/-85.7+-38.7*-41.29/-29.76/(-58.72/-66.1*70.43^1+-32.97+-92.67*-84.47)^1+-67.83,22.01-63.55/-85.7+-38.7*-41.29/-29.76/(-58.72/-66.1*70.43^1+-32.97+-92.67*-84.47)^1+-67.83,True
-32.9-1.63*-2.57--8.87/77.71/35.24*-60.96/-91.6+-28.54/49.65--78.14*-34.21/(-99.22^97.26/(-7.61)),-32.9-1.63*-2.57--8.87/77.71/35.24*-60.96/-91.6+-28.54/49.65--78.14*-34.21/(-99.22^97.26/(-7.61)),True
-95.35-1-6.33+45.63--27.72+2.98*-7.41+46.99-33.71-(-60.4*-84.41-70.51*--73.14)/(57.91),-95.35-1-6.33+45.63--27.72+2.98*-7.41+46.99-33.71-(-60.4*-84.41-70.51*--73.14)/(57.91),False
-67.21+96.97^1--53.75--50.46*39.88--24.51+-79.43*-43.46^1+(-40.39+74.7-(82.47/-89.5^2)),-67.21+96.97^1--53.75--50.46*39.88--24.51+-79.43*-43.46^1+(-40.39+74.7-(82.47/-89.5^2)),True
22.45*-73.71--9.33+(-71.14-33.27)*1.92+(-6.48+5.89+-90.48/-30.8^-60.39+-59.53*-96.33-(+*13.33)),22.45*-73.71--9.33+(-71.14-33.27)*1.92+(-6.48+5.89+-90.48/-30.8^-60.39+-59.53*-96.33-(+*13.33)),False
-7.38/67.88+/+(10.81-(88.28--26.75/25.91)*-6.53*-27.12/-37.23)-(44.36*14.47*-90.27/-8.3^1),-7.38/67.88+/+(10.81-(88.28--26.75/25.91)*-6.53*-27.12/-37.23)-(44.36*14.47*-90.27/-8.3^1),False
7.96--59.98/(-47.44/(-55.19^2+67.83*-70.41^38.13--78.27+-68.43-74.85)+(18.49/-68.39^1--11.77)),7.96--59.98/(-47.44/(-55.19^2+67.83*-70.41^38.13--78.27+-68.43-74.85)+(18.49/-68.39^1--11.77)),True
(-44.46+-42.02^5.24+88.7/81.48/-69.98-30.88+-48.85+-81.84^2+-75.23^1+12.95*21.52+-35.22),(-44.46+-42.02^5.24+88.7/81.48/-69.98-30.88+-48.85+-81.84^2+-75.23^1+12.95*21.52+-35.22),True
-14.7/57.16^1+-15.84^1-64.56--59.25--41.86-4.8/40.24*88.45+-99.89*83.33/-50.38--8.38,-14.7/57.16^1+-15.84^1-64.56--59.25--41.86-4.8/40.24*88.45+-99.89*83.33/-50.38--8.38,False
-76.87*68.29+77.6^1+(66.26*5.89)--8.58*-20.81*-36.67-95.09/-43.79--51.51*-38.84+-84.72*18.32,-76.87*68.29+77.6^1+(66.26*5.89)--8.58*-20.81*-36.67-95.09/-43.79--51.51*-38.84+-84.72*18.32,True
(14.76-17.46)/(-7.64+28.28*36.48+-20.65^2--84.11/-78.98*66.71/-+83.35*-25.91+-22.46)-95.39,(14.76-17.46)/(-7.64+28.28*36.48+-20.65^2--84.11/-78.98*66.71/-+83.35*-25.91+-22.46)-95.39,False
(-39.17-(-13.2+84.76^1+(-86.99-46.42--54.77/-93.0^1+(53.86*77.31+20.76^2+-*1.61)))),(-39.17-(-13.2+84.76^1+(-86.99-46.42--54.77/-93.0^1+(53.86*77.31+20.76^2+-*1.61)))),True
-83.58+-91.93^2-61.61+(41.57/(-46.76^1--13.31^1--4.14-(-23.95*71.23*24.64^1+36.54))),-83.58+-91.93^2-61.61+(41.57/(-46.76^1--13.31^1--4.14-(-23.95*71.23*24.64^1+36.54))),True
90.36+36.49+-98.86-41.45*-0.4+-2.56+-63.39^1+81.48--94.21*50.72/58.47*24.95--5.4^-56.04,90.36+36.49+-98.86-41.45*-0.4+-2.56+-63.39^1+81.48--94.21*50.72/58.47*24.95--5.4^-56.04,False
60.06+-1.22/-39.39+45.99*17.52--32.32^1-53.17/-37.19^2-46.45-85.69/-79.76-12.58*(-55.97),60.06+-1.22/-39.39+45.99*17.52--32.32^1-53.17/-37.19^2-46.45-85.69/-79.76-12.58*(-55.97),True
20.07+63.81-12.13/(28.41--99.84)+-16.37+-54.55^2--45.86/33.13/-45.7/59.96+25.83-**-53.75,20.07+63.81-12.13/(28.41--99.84)+-16.37+-54.55^2--45.86/33.13/-45.7/59.96+25.83-**-53.75,True
60.17+6.34+*/(-51.83--56.62/(-65.81+93.83*(1.59+-8.56*27.21^1-19.17)*99.5^2+-9.47)),60.17+6.34+*/(-51.83--56.62/(-65.81+93.83*(1.59+-8.56*27.21^1-19.17)*99.5^2+-9.47)),True
91.01/46.5-64.53^2-86.14/(-40.69^2+-87.93/39.07^1+42.39*1-^)--25.82+67.3,91.01/46.5-64.53^2-86.14/(-40.69^2+-87.93/39.07^1+42.39*1-^)--25.82+67.3,True
-55.9--76.91^1--78.47-54.86^1+-72.4/-90.46/-56.97--35.63-52.05/-80.03*(-73.4*46.27^2),-55.9--76.91^1--78.47-54.86^1+-72.4/-90.46/-56.97--35.63-52.05/-80.03*(-73.4*46.27^2),False
46.19+(-52.94-56.49*1+68.22*75.97+-77.03/-99.34*47.18+-81.41^2+2.4/59.84^1+-87.5),46.19+(-52.94-56.49*1+68.22*75.97+-77.03/-99.34*47.18+-81.41^2+2.4/59.84^1+-87.5),True
-14.05^2+24.39*(52.8/33.46)^2--72.5+(-56.14--87.1)+44.05^-78.8+2.13-34.35-44.06/11.4,-14.05^2+24.39*(52.8/33.46)^2--72.5+(-56.14--87.1)+44.05^-78.8+2.13-34.35-44.06/11.4,False
16.54-53.9/19.53-20.48+99.0-20.39^1-37.44+43.72*-91.19-34.28/-63.53--39.02/(-20.14*-63.77),16.54-53.9/19.53-20.48+99.0-20.39^1-37.44+43.72*-91.19-34.28/-63.53--39.02/(-20.14*-63.77),True
(79.99/-2.47/18.01+47.62^2-/*-55.38/(81.4/24.73^2--8.0+-0.18)*-28.33^2+81.35),(79.99/-2.47/18.01+47.62^2-/*-55.38/(81.4/24.73^2--8.0+-0.18)*-28.33^2+81.35),True
(92.3^2*-76.66*-53.03+91.52)+(-72.49+60.12)/87.43*21.27*83.39^1+(93.12--63.29/(52.13*/)),(92.3^2*-76.66*-53.03+91.52)+(-72.49+60.12)/87.43*21.27*83.39^1+(93.12--63.29/(52.13*/)),False
54.84/-0.39*-48.21^1+68.71^1+-65.96^2+-59.68^1/-96.47+(84.01--9.76/-72.09*-76.54),54.84/-0.39*-48.21^1+68.71^1+-65.96^2+-59.68^1/-96.47+(84.01--9.76/-72.09*-76.54),True
-14.6^1-*-(7.86*-37.69)/-48.65*-95.42*-66.65*92.03+7.46--81.17^2+-11.83^1-96.88,-14.6^1-*-(7.86*-37.69)/-48.65*-95.42*-66.65*92.03+7.46--81.17^2+-11.83^1-96.88,True
-5.66/53.09*-80.35*38.12^2+43.21/^*(32.67/4.1+80.2-98.95/-94.19^1--60.15^1),-5.66/53.09*-80.35*38.12^2+43.21/^*(32.67/4.1+80.2-98.95/-94.19^1--60.15^1),False
80.6/-68.5/26.13-++74.75/-80.51*-75.92--24.47/(-82.13--83.29/50.59^2--56.44+48.98+-80.34),80.6/-68.5/26.13-++74.75/-80.51*-75.92--24.47/(-82.13--83.29/50.59^2--56.44+48.98+-80.34),True
15.88-(44.12*-72.84^1-59.55*27.72+-7.29)^2+-7.15*-97.72/1+-99.67--0.96*-74.36--89.17,15.88-(44.12*-72.84^1-59.55*27.72+-7.29)^2+-7.15*-97.72/1+-99.67--0.96*-74.36--89.17,False
(-18.67*-47.79-32.05/24.49)+-26.24/-82.5--43.62-4.51/37.23/-79.93/40.51+21.69*23.93-11.41/-89.8,(-18.67*-47.79-32.05/24.49)+-26.24/-82.5--43.62-4.51/37.23/-79.93/40.51+21.69*23.93-11.41/-89.8,True
9.82+16.41^2-(26.34--81.86/-38.57+(^+(66.61--54.75*3.09)/43.17^2-6.65-87.53*-62.46)),9.82+16.41^2-(26.34--81.86/-38.57+(^+(66.61--54.75*3.09)/43.17^2-6.65-87.53*-62.46)),False
48.01*8.49/-11.23*97.65^1+60.82*96.65-74.91^2-40.38^1+82.75/-55.83--86.62^1,48.01*8.49/-11.23*97.65^1+60.82*96.65-74.91^2-40.38^1+82.75/-55.83--86.62^1,True
++(-74.52^2+78.61^2+(41.99/-40.57)/-79.48^1*95.99/-8.72^1-88.08+-38.42--68.11),++(-74.52^2+78.61^2+(41.99/-40.57)/-79.48^1*95.99/-8.72^1-88.08+-38.42--68.11),False
-58.82^1-21.14+-74.95^2+43.25/13.04^1-21.98*(-11.27--38.09)*-5.68-95.33-62.35-98.86,-58.82^1-21.14+-74.95^2+43.25/13.04^1-21.98*(-11.27--38.09)*-5.68-95.33-62.35-98.86,True
-59.39+-64.7*7.48--44.53^1+15.41*57.07-(-21.93/34.09--62.91)/11.81^2+(77.82--91.6/47.95),-59.39+-64.7*7.48--44.53^1+15.41*57.07-(-21.93/34.09--62.91)/11.81^2+(77.82--91.6/47.95),True
++-59.27/-63.67+-76.77^2-95.64+(-18.67*-37.34^2+(-36.91-(-63.16*28.84-+)+-6.29^2)),++-59.27/-63.67+-76.77^2-95.64+(-18.67*-37.34^2+(-36.91-(-63.16*28.84-+)+-6.29^2)),False
7.67/55.78--41.1+34.83^2-(55.67-(-64.37-96.06*93.72*-14.19*-6.09)+61.85+(+--41.23-31.17)),7.67/55.78--41.1+34.83^2-(55.67-(-64.37-96.06*93.72*-14.19*-6.09)+61.85+(+--41.23-31.17)),False
85.11*1-(32.53--33.84*-41.68--24.18)*45.08+70.21--41.31*-33.39--49.39^2+55.44+(-78.17+-71.85),85.11*1-(32.53--33.84*-41.68--24.18)*45.08+70.21--41.31*-33.39--49.39^2+55.44+(-78.17+-71.85),True
-96.18^58.78-36.07^1-29.52*18.33*(-56.98-95.62-(70.95/8.65+-1.55^1+-10.09/-81.22^2)),-96.18^58.78-36.07^1-29.52*18.33*(-56.98-95.62-(70.95/8.65+-1.55^1+-10.09/-81.22^2)),False
7.91*69.51^1--46.18^2-(99.97/-78.5/48.37-25.3/---5.6--79.52/-53.21)*86.72^1,7.91*69.51^1--46.18^2-(99.97/-78.5/48.37-25.3/---5.6--79.52/-53.21)*86.72^1,True
79.52/50.56+39.08-25.16+26.94*(78.41+60.67)^2+(21.07*(-98.7*-10.28*52.98/57.37/71.25)-46.94),79.52/50.56+39.08-25.16+26.94*(78.41+60.67)^2+(21.07*(-98.7*-10.28*52.98/57.37/71.25)-46.94),True
(-45.35^2+66.36/(28.09/38.58)*40.18+-25.91*-32.28^2--61.3^1--69.3/0.87)/(51.9*26.62),(-45.35^2+66.36/(28.09/38.58)*40.18+-25.91*-32.28^2--61.3^1--69.3/0.87)/(51.9*26.62),False
(0.39^2-32.25--91.88)^2-11.43/-93.0*-44.01+60.99-90.03-55.7*/--14.76/-2.88/59.49,(0.39^2-32.25--91.88)^2-11.43/-93.0*-44.01+60.99-90.03-55.7*/--14.76/-2.88/59.49,True
(-19.59^2--2.43^1+-31.59^2--16.21^1-31.17^2*-34.45)^1+13.22-94.78^1,(-19.59^2--2.43^1+-31.59^2--16.21^1-31.17^2*-34.45)^1+13.22-94.78^1,False
78.48--13.88*//-90.94-28.07*97.82/(-88.57+-63.32-32.47^1-21.75/-0.42)/62.41^2-30.31,78.48--13.88*//-90.94-28.07*97.82/(-88.57+-63.32-32.47^1-21.75/-0.42)/62.41^2-30.31,True
-76.15^2+-60.91*(-87.76^2+-8.11*(-92.21+46.11/22.23+-11.6^1--76.92-91.06/77.86/88.94)),-76.15^2+-60.91*(-87.76^2+-8.11*(-92.21+46.11/22.23+-11.6^1--76.92-91.06/77.86/88.94)),True
42.46^1--82.7+-29.32/14.35/35.88-81.44-82.6-40.05^2+5.96/-65.33^-45.78+(-51.07*-97.18),42.46^1--82.7+-29.32/14.35/35.88-81.44-82.6-40.05^2+5.96/-65.33^-45.78+(-51.07*-97.18),True
(61.02^2--71.09^-70.97)*^/11.55/-43.11+39.49*(28.46*-33.4/(-37.88^1+-48.56)^(79.38+80.86)),(61.02^2--71.09^-70.97)*^/11.55/-43.11+39.49*(28.46*-33.4/(-37.88^1+-48.56)^(79.38+80.86)),False
79.59-(-3.82/88.89+(-39.78-(71.15/-63.95)+-25.99)/80.93)/-5.94-(-51.98*73.14+-42.19/-72.42--41.8*-8.51),79.59-(-3.82/88.89+(-39.78-(71.15/-63.95)+-25.99)/80.93)/-5.94-(-51.98*73.14+-42.19/-72.42--41.8*-8.51),False
92.49-55.91^2+-95.81--54.03*35.38+77.7/-65.2+5.91/27.21--37.84^1+(66.4^1+-41.91),92.49-55.91^2+-95.81--54.03*35.38+77.7/-65.2+5.91/27.21--37.84^1+(66.4^1+-41.91),True
-32.44+(-26.72+(*^2+(*+(22.5*-90.62/-25.6--83.93/42.77+-31.91-29.45*19.3+(-85.24+57.59))))),-32.44+(-26.72+(*^2+(*+(22.5*-90.62/-25.6--83.93/42.77+-31.91-29.45*19.3+(-85.24+57.59))))),False
59.09-21.79+4.93+-51.71^2+77.3-27.09/64.57*-88.23-**83.1/52.67+34.68*11.55/-5.2,59.09-21.79+4.93+-51.71^2+77.3-27.09/64.57*-88.23-**83.1/52.67+34.68*11.55/-5.2,False
27.43^2+-30.55*20.91--68.81^1+-7.85-12.88+17.5/-11.15/-88.52+-42.1/40.28/-45.5*-94.52,27.43^2+-30.55*20.91--68.81^1+-7.85-12.88+17.5/-11.15/-88.52+-42.1/40.28/-45.5*-94.52,True
99.99+-53.18-74.0/57.31-29.59+91.33///-17.07--43.33*-28.74^2-69.42*24.15-(-88.28^2),99.99+-53.18-74.0/57.31-29.59+91.33///-17.07--43.33*-28.74^2-69.42*24.15-(-88.28^2),False
42.73*57.67^2-14.97^2-39.35+(-41.18+(0.46*(59.65*-94.57+(-62.34--27.61)/(-74.64/(38.75/-10.49))))),42.73*57.67^2-14.97^2-39.35+(-41.18+(0.46*(59.65*-94.57+(-62.34--27.61)/(-74.64/(38.75/-10.49))))),True
91.43/(42.53^2+-54.37)/-50.75^(96.02^1--2.59^2--72.49/-3.87)^-55.77+-67.94^1+86.37,91.43/(42.53^2+-54.37)/-50.75^(96.02^1--2.59^2--72.49/-3.87)^-55.77+-67.94^1+86.37,True
-66.2+73.75*-83.01+-97.95*6.32*-50.71*-41.86+10.85/-46.76-(-53.79+-45.05+(62.6^2+26.27--96.74)),-66.2+73.75*-83.01+-97.95*6.32*-50.71*-41.86+10.85/-46.76-(-53.79+-45.05+(62.6^2+26.27--96.74)),True
-94.08^1-51.06+11.32/89.02/-97.87^2+67.33/42.5/-69.76*9.02+46.71*21.28/-99.78/*,-94.08^1-51.06+11.32/89.02/-97.87^2+67.33/42.5/-69.76*9.02+46.71*21.28/-99.78/*,True
-21.56/-52.28/79.26*3.74^2+17.8+2.92^1--79.27*-61.77+24.98*(-97.86--71.19/51.02)^2,-21.56/-52.28/79.26*3.74^2+17.8+2.92^1--79.27*-61.77+24.98*(-97.86--71.19/51.02)^2,True
-33.33^1+23.57*-18.0-94.51^1^13.37+(+*11.21--69.08/-38.31^1+(10.28^2-(92.29))),-33.33^1+23.57*-18.0-94.51^1^13.37+(+*11.21--69.08/-38.31^1+(10.28^2-(92.29))),False
70.67+-97.15^2--90.54+-98.2^2/43.32^1+30.93/-13.39/-76.88/23.46*-37.08-75.88/(-25.75),70.67+-97.15^2--90.54+-98.2^2/43.32^1+30.93/-13.39/-76.88/23.46*-37.08-75.88/(-25.75),True
(58.46*49.78*79.14/-30.09)^1--3.64^2+81.37-(55.73/64.9^2-(-84.76+^^2+(-69.9))),(58.46*49.78*79.14/-30.09)^1--3.64^2+81.37-(55.73/64.9^2-(-84.76+^^2+(-69.9))),True
-51.77^2+89.74^2--18.9*---68.09^1+-69.48*-45.07*79.36-(9.66/61.72/34.45)/-58.62,-51.77^2+89.74^2--18.9*---68.09^1+-69.48*-45.07*79.36-(9.66/61.72/34.45)/-58.62,True
-23.37/4.19/56.85^1-19.34^2+-77.07/(-0.5^1--46.61/29.35)^1--67.05-(-40.37^2),-23.37/4.19/56.85^1-19.34^2+-77.07/(-0.5^1--46.61/29.35)^1--67.05-(-40.37^2),True
4.61^1+-57.68-88.62/-33.69^1+24.35-90.65*23.13--51.34--93.52/29.56/38.93/94.33^77.66,4.61^1+-57.68-88.62/-33.69^1+24.35-90.65*23.13--51.34--93.52/29.56/38.93/94.33^77.66,False
83.6^1-26.42/-38.87/(94.82--^2+-36.36^1+17.96/86.45+-37.2)*-9.18/67.34+65.09,83.6^1-26.42/-38.87/(94.82--^2+-36.36^1+17.96/86.45+-37.2)*-9.18/67.34+65.09,False
51.01+-33.03+-16.49+20.23-73.49--80.77*-21.46^1+-41.95^2+89.16+-79.55-41.75/++11.6,51.01+-33.03+-16.49+20.23-73.49--80.77*-21.46^1+-41.95^2+89.16+-79.55-41.75/++11.6,False
89.34+92.69*-63.29--88.22^18.39/++49.47^2+73.01+40.79+78.14+-11.34^1-(-67.44/-66.03),89.34+92.69*-63.29--88.22^18.39/++49.47^2+73.01+40.79+78.14+-11.34^1-(-67.44/-66.03),False
(11.94+81.44/-92.74*-87.69+-86.71)-27.39+57.62/11.34--49.88/-12.27^2++/2+(2.34^2),(11.94+81.44/-92.74*-87.69+-86.71)-27.39+57.62/11.34--49.88/-12.27^2++/2+(2.34^2),False
(90.3^1+64.84*(-33.5^-1.95--76.88/(70.8/(-8.0/-41.2^1-(46.01^1--81.25+-0.82)--45.82)))),(90.3^1+64.84*(-33.5^-1.95--76.88/(70.8/(-8.0/-41.2^1-(46.01^1--81.25+-0.82)--45.82)))),True
59.02*-11.34+62.32+-86.95/38.5^1+-12.37-42.98/2-49.4*65.78^1/-8.25*-19.9+98.83,59.02*-11.34+62.32+-86.95/38.5^1+-12.37-42.98/2-49.4*65.78^1/-8.25*-19.9+98.83,False
-88.93*49.07/-79.25/97.14+34.88^2+-22.7^-1.27^1-84.58*-86.41--21.86--51.58*-65.66^1,-88.93*49.07/-79.25/97.14+34.88^2+-22.7^-1.27^1-84.58*-86.41--21.86--51.58*-65.66^1,True
-96.58+62.97+-49.91^2+-23.14^1+60.59/-35.35^1+22.62*-51.17*-45.13+-12.83^2+11.53,-96.58+62.97+-49.91^2+-23.14^1+60.59/-35.35^1+22.62*-51.17*-45.13+-12.83^2+11.53,True
-46.36^2+1.66+-69.72^1-33.76-11.44--91.93*-70.03+57.76-43.45*-28.13-46.94/-87.57*35.91,-46.36^2+1.66+-69.72^1-33.76-11.44--91.93*-70.03+57.76-43.45*-28.13-46.94/-87.57*35.91,True
-75.14/-^1--10.07/-25.68--84.27^2--65.01--88.94--62.58-29.98/29.36--1.12^2--68.77,-75.14/-^1--10.07/-25.68--84.27^2--65.01--88.94--62.58-29.98/29.36--1.12^2--68.77,True
-22.78/-73.14-34.35--46.22/-70.31/(2.08--57.12*9.28+-21.25+-66.21)/29.83--38.27^1-70.57*(-6.43),-22.78/-73.14-34.35--46.22/-70.31/(2.08--57.12*9.28+-21.25+-66.21)/29.83--38.27^1-70.57*(-6.43),True
-29.7/-57.61/-33.86-11.96/51.39*-47.45+-12.09*12.44/27.57^1--41.84^1--84.91^1-39.84,-29.7/-57.61/-33.86-11.96/51.39*-47.45+-12.09*12.44/27.57^1--41.84^1--84.91^1-39.84,False
30.87--30.94*-15.48^1+-60.54-87.78^2-(48.4/-41.82^-14.54+(57.6^1+-82.89-32.8/74.52)),30.87--30.94*-15.48^1+-60.54-87.78^2-(48.4/-41.82^-14.54+(57.6^1+-82.89-32.8/74.52)),True
38.48--67.09+-49.4--32.87^1-//-93.61/(-36.86-(40.02/-40.12)-23.59)-79.49^2+-51.81-7.73,38.48--67.09+-49.4--32.87^1-//-93.61/(-36.86-(40.02/-40.12)-23.59)-79.49^2+-51.81-7.73,False
96.35^2+75.08+(-26.03/-18.34/-74.31/94.76)*-66.1-(25.29+-7.56-14.32+92.18)*-3.78+29.28^2,96.35^2+75.08+(-26.03/-18.34/-74.31/94.76)*-66.1-(25.29+-7.56-14.32+92.18)*-3.78+29.28^2,True
85.19-(-61.75-49.98^2-34.02/82.74/-46.87+57.49^1+-53.07^2+(61.43*45.58*87.53+31.88)),85.19-(-61.75-49.98^2-34.02/82.74/-46.87+57.49^1+-53.07^2+(61.43*45.58*87.53+31.88)),True
-57.01*0.43*1-93.79+-29.24*-57.51--79.22*-4.01^2-(92.44*-90.29-73.06)+-65.55/(-59.78/(71.48)),-57.01*0.43*1-93.79+-29.24*-57.51--79.22*-4.01^2-(92.44*-90.29-73.06)+-65.55/(-59.78/(71.48)),True
^^2+48.86-84.4-3.64^2+99.98/8.24+(16.79*-4.51^1--85.2+-50.67--41.57/-65.11),^^2+48.86-84.4-3.64^2+99.98/8.24+(16.79*-4.51^1--85.2+-50.67--41.57/-65.11),True
(-46.3^2+(2.95/38.01^1*(32.35^20.03)/11.62+/-(-62.04^2+36.96-0.1/2.48*71.49))),(-46.3^2+(2.95/38.01^1*(32.35^20.03)/11.62+/-(-62.04^2+36.96-0.1/2.48*71.49))),False
-73.42-(48.7+57.87+34.28--6.66)*(-91.96/82.54-(34.15+-75.25)+-38.04*-24.29)--43.07^-13.47+-99.32*-97.69,-73.42-(48.7+57.87+34.28--6.66)*(-91.96/82.54-(34.15+-75.25)+-38.04*-24.29)--43.07^-13.47+-99.32*-97.69,False
80.69*89.82^2-*/-66.5/62.22^2-31.2*94.69*62.53-88.46^1+12.8/-70.76^1,80.69*89.82^2-*/-66.5/62.22^2-31.2*94.69*62.53-88.46^1+12.8/-70.76^1,True
-24.28-(-95.61^2+-5.58*94.33+-40.78++*-40.99)/-23.54*-6.48*-58.02+-31.94*-32.66^1--2.24,-24.28-(-95.61^2+-5.58*94.33+-40.78++*-40.99)/-23.54*-6.48*-58.02+-31.94*-32.66^1--2.24,True
95.97/-16.9+-26.62^1-77.75*(72.73*35.82-14.56/4.5-48.86+(-18.88*(62.49*5.31)*-^1)),95.97/-16.9+-26.62^1-77.75*(72.73*35.82-14.56/4.5-48.86+(-18.88*(62.49*5.31)*-^1)),False
73.51+-49.16+-3.37+45.01--26.63/-51.14*-95.79-40.6*15.31+9.05/86.41+44.68+3.61/**20.97,73.51+-49.16+-3.37+45.01--26.63/-51.14*-95.79-40.6*15.31+9.05/86.41+44.68+3.61/**20.97,True
/*-19.41/(-21.52^33.52^2+1.89^2--36.11/84.7^1+-73.1^2+78.99*-80.97+(40.04)),/*-19.41/(-21.52^33.52^2+1.89^2--36.11/84.7^1+-73.1^2+78.99*-80.97+(40.04)),True
(-61.11+-21.39^2+(-89.77*-34.36+-61.4/-94.94)^2-99.24-50.05-**-76.76)--24.86/93.3^1,(-61.11+-21.39^2+(-89.77*-34.36+-61.4/-94.94)^2-99.24-50.05-**-76.76)--24.86/93.3^1,True
-83.14^2-(52.05/40.38*-95.76/*+(-6.61/16.21^1-73.56+-33.09+-67.06/64.06*48.66--75.31)),-83.14^2-(52.05/40.38*-95.76/*+(-6.61/16.21^1-73.56+-33.09+-67.06/64.06*48.66--75.31)),True
97.01/88.31^2-*-69.83-(-93.13^1+(-6.06*13.09/54.93*97.3+20.37^1--53.32+-30.32)),97.01/88.31^2-*-69.83-(-93.13^1+(-6.06*13.09/54.93*97.3+20.37^1--53.32+-30.32)),False
-68.23*(-1.12-75.93)-89.34*(-40.19//)-6.48^2/40.38^2+71.2*92.24*(-73.37+-2.46^1),-68.23*(-1.12-75.93)-89.34*(-40.19//)-6.48^2/40.38^2+71.2*92.24*(-73.37+-2.46^1),False
35.16^1+^/-92.29/83.52/-10.33*-9.09-//(-10.16/-81.36^1+-64.03+60.42/-24.03--30.11),35.16^1+^/-92.29/83.52/-10.33*-9.09-//(-10.16/-81.36^1+-64.03+60.42/-24.03--30.11),False
-14.91--84.04/97.54+90.24*89.8+-14.85*20.33^1--44.06/-71.63*-72.07/74.02*-85.69+-80.57*(41.04),-14.91--84.04/97.54+90.24*89.8+-14.85*20.33^1--44.06/-71.63*-72.07/74.02*-85.69+-80.57*(41.04),True
-24.03^1+(75.89-84.26)^1-(18.68*32.1*(-79.2*-45.45)^1-10.07+-63.12)-4.3^2--9.38,-24.03^1+(75.89-84.26)^1-(18.68*32.1*(-79.2*-45.45)^1-10.07+-63.12)-4.3^2--9.38,True
-51.16^2--77.98+-44.4/(-68.14+-45.5/(97.34^1+-56.9--68.21^1+-85.03^36.92/-91.11)--50.82),-51.16^2--77.98+-44.4/(-68.14+-45.5/(97.34^1+-56.9--68.21^1+-85.03^36.92/-91.11)--50.82),False
49.54*-9.65-12.54-43.15+74.66^1-65.06^1+20.14*55.74+-56.0+-91.91+72.67-14.62*(53.66),49.54*-9.65-12.54-43.15+74.66^1-65.06^1+20.14*55.74+-56.0+-91.91+72.67-14.62*(53.66),True
0.02^2+55.67+-85.54+62.51*54.21/+--3.58+95.64/13.0/-33.15^1--37.53+-2.86-34.27,0.02^2+55.67+-85.54+62.51*54.21/+--3.58+95.64/13.0/-33.15^1--37.53+-2.86-34.27,True
92.83--2.56+-11.48/-80.94^2/(97.36-10.68+0.48/20.93^52.93--59.93^2-71.49-6.57-12.71),92.83--2.56+-11.48/-80.94^2/(97.36-10.68+0.48/20.93^52.93--59.93^2-71.49-6.57-12.71),False
-70.25+-17.42*-49.99*(45.71*(-96.19*-12.65^2--81.6+31.48^1-39.46-0.39/(2.86*66.25+69.26))),-70.25+-17.42*-49.99*(45.71*(-96.19*-12.65^2--81.6+31.48^1-39.46-0.39/(2.86*66.25+69.26))),True
(-67.05/-27.63)^1+53.18*42.4*-67.48*-+(^*(17.02--88.38)*47.91/(40.94*77.68-77.86*99.57)),(-67.05/-27.63)^1+53.18*42.4*-67.48*-+(^*(17.02--88.38)*47.91/(40.94*77.68-77.86*99.57)),False
80.37-67.75+(-1.32^2+97.89-/)^1+(66.73+-6.69+(34.57^2-92.25/-68.13^2--15.96)),80.37-67.75+(-1.32^2+97.89-/)^1+(66.73+-6.69+(34.57^2-92.25/-68.13^2--15.96)),True
76.75^1+80.81*61.08-84.29--53.76*-14.1^1+(47.61+59.49+1.34*36.33*-+40.93)*-14.48,76.75^1+80.81*61.08-84.29--53.76*-14.1^1+(47.61+59.49+1.34*36.33*-+40.93)*-14.48,False
(75.87^2*-39.07/8.46^2+25.08)+-65.48-//1.72-1.22^1-38.91^2+0.09/10.2,(75.87^2*-39.07/8.46^2+25.08)+-65.48-//1.72-1.22^1-38.91^2+0.09/10.2,False
-41.74-92.08*-18.15-/+-11.14+42.39+-80.92*20.74^1--61.22+-7.77^1-99.94^1-(-75.89),-41.74-92.08*-18.15-/+-11.14+42.39+-80.92*20.74^1--61.22+-7.77^1-99.94^1-(-75.89),False
-23.51*(11.99/-11.56*/+-72.45--59.17+-1.45*68.68*(-67.66+-60.99^2-39.48*17.04)^1-(46.45)),-23.51*(11.99/-11.56*/+-72.45--59.17+-1.45*68.68*(-67.66+-60.99^2-39.48*17.04)^1-(46.45)),True
73.23/(-61.43^1+-41.71*92.96-69.07+(64.15*62.21+82.7/-77.86--2.06--45.71--90.4/25.37/(27.82))),73.23/(-61.43^1+-41.71*92.96-69.07+(64.15*62.21+82.7/-77.86--2.06--45.71--90.4/25.37/(27.82))),True
-71.7+(-80.32^1-30.21--12.71^1+38.66-98.94)*-58.77/(-50.78-*^1+32.95+-56.15/58.39),-71.7+(-80.32^1-30.21--12.71^1+38.66-98.94)*-58.77/(-50.78-*^1+32.95+-56.15/58.39),True
75.8*21.86/-73.96*(-2.94+-25.69-2-8.04*-44.63*72.67)^30.05--10.4^2+56.79/-21.88^2,75.8*21.86/-73.96*(-2.94+-25.69-2-8.04*-44.63*72.67)^30.05--10.4^2+56.79/-21.88^2,True
-29.57/-27.88^2+(-16.92-64.88)/(-13.34^1+78.5^2+(-84.03^2--25.68^-43.15-33.97*33.0)),-29.57/-27.88^2+(-16.92-64.88)/(-13.34^1+78.5^2+(-84.03^2--25.68^-43.15-33.97*33.0)),False
-78.61*45.71+20.8-(78.48/53.82*-36.64*2+-38.7^2+15.1-78.2+-52.39)*87.94/-20.82/-84.83,-78.61*45.71+20.8-(78.48/53.82*-36.64*2+-38.7^2+15.1-78.2+-52.39)*87.94/-20.82/-84.83,False
67.04^1+-10.55^1/(51.04/(48.3/28.5/-77.0)+(-22.34+73.99-86.42)^2-33.09-(-88.69*74.5)),67.04^1+-10.55^1/(51.04/(48.3/28.5/-77.0)+(-22.34+73.99-86.42)^2-33.09-(-88.69*74.5)),False
(-43.82/(-9.79+58.4^1+51.36-98.82^2+15.23*9.41--56.22/-4.41)*46.78/(43.45^1-(-7.38))),(-43.82/(-9.79+58.4^1+51.36-98.82^2+15.23*9.41--56.22/-4.41)*46.78/(43.45^1-(-7.38))),True
3.02-29.65+54.57/(87.36-19.67-49.34*-20.07^-63.41-(85.82*-70.94-(-^1-31.79-47.98*28.51))),3.02-29.65+54.57/(87.36-19.67-49.34*-20.07^-63.41-(85.82*-70.94-(-^1-31.79-47.98*28.51))),False
48.52/(-96.15/-41.33)/34.42*49.75+-6.97/-54.62*-60.91/21.44+19.93/72.03+80.11/98.75/-2.96^2,48.52/(-96.15/-41.33)/34.42*49.75+-6.97/-54.62*-60.91/21.44+19.93/72.03+80.11/98.75/-2.96^2,True
-67.42^2+-15.49^1-(-15.31*^^1+-14.17)^2--21.12-(-38.66+-40.85^1+59.81*(54.03)),-67.42^2+-15.49^1-(-15.31*^^1+-14.17)^2--21.12-(-38.66+-40.85^1+59.81*(54.03)),True
(-40.34^1--7.88)/89.05^1+-89.15-23.1/4.11***5.06*93.54+(-30.02--70.89^2-54.7),(-40.34^1--7.88)/89.05^1+-89.15-23.1/4.11***5.06*93.54+(-30.02--70.89^2-54.7),True
25.01^1--30.19-(-10.07*39.14/25.12*-75.83*(-^2+29.82+24.68+62.48+(40.18-56.39*-27.5))),25.01^1--30.19-(-10.07*39.14/25.12*-75.83*(-^2+29.82+24.68+62.48+(40.18-56.39*-27.5))),True
36.0+63.89+13.87/2.56-56.02*58.5/(-25.52+99.75^1+-96.41*69.04^1+21.76/36.51^1),36.0+63.89+13.87/2.56-56.02*58.5/(-25.52+99.75^1+-96.41*69.04^1+21.76/36.51^1),False
60.82+34.25-96.34/-55.81+91.65^1*21.17^1+83.59+80.29*18.05+93.94^2+-35.6^2,60.82+34.25-96.34/-55.81+91.65^1*21.17^1+83.59+80.29*18.05+93.94^2+-35.6^2,True
26.38+-44.62+-74.02*92.49^2+-12.12-(95.14/10.58^2+-39.9+-86.69+-21.96*79.48)*89.22--97.14,26.38+-44.62+-74.02*92.49^2+-12.12-(95.14/10.58^2+-39.9+-86.69+-21.96*79.48)*89.22--97.14,True
-68.3*85.07+57.65/(24.72*(69.63^1-62.93^-4.07+(27.67*-35.91)+13.59^1+-21.52)-46.2--71.2),-68.3*85.07+57.65/(24.72*(69.63^1-62.93^-4.07+(27.67*-35.91)+13.59^1+-21.52)-46.2--71.2),True
-99.4-(56.54/-6.97^2-59.68^2+(-14.93*+)+-66.0*-16.4^2+-95.22--1.02*(-30.47-(80.82))),-99.4-(56.54/-6.97^2-59.68^2+(-14.93*+)+-66.0*-16.4^2+-95.22--1.02*(-30.47-(80.82))),False
46.48*(14.82/-63.1/97.64^1-77.08/38.87/-28.83*12.92+1--98.68)+-70.21*-55.05^2-1.44,46.48*(14.82/-63.1/97.64^1-77.08/38.87/-28.83*12.92+1--98.68)+-70.21*-55.05^2-1.44,False
(70.55/-99.52/-42.29*-41.77)+(8.23+-10.26-+)-52.3+-82.08+-73.1^2--81.31/15.66+-43.77^2,(70.55/-99.52/-42.29*-41.77)+(8.23+-10.26-+)-52.3+-82.08+-73.1^2--81.31/15.66+-43.77^2,False
-24.01^1-11.41^1+54.8/23.35*71.65^1-(4.43^2+-60.6-29.72+(69.88^/+-20.48)),-24.01^1-11.41^1+54.8/23.35*71.65^1-(4.43^2+-60.6-29.72+(69.88^/+-20.48)),True
--69.14+-50.74+42.21^2+46.91+42.93*60.32/(-9.38--14.31--45.07--62.02^1--13.12)-64.34,--69.14+-50.74+42.21^2+46.91+42.93*60.32/(-9.38--14.31--45.07--62.02^1--13.12)-64.34,True
-0.7^1+85.05^1-71.31*20.0/-81.51--13.82+53.28*17.17+95.03/43.48*6.38^2-23.54,-0.7^1+85.05^1-71.31*20.0/-81.51--13.82+53.28*17.17+95.03/43.48*6.38^2-23.54,False
-64.52/-71.75*17.15+//-31.73*(63.4^1+57.3)*12.26/62.27+-25.85-8.81^1+21.0+11.23,-64.52/-71.75*17.15+//-31.73*(63.4^1+57.3)*12.26/62.27+-25.85-8.81^1+21.0+11.23,False
(-62.43-92.95/99.49/*+5.11*30.7+82.38+(24.71^64.34^2--99.92*-98.55)/(-2.82/18.72+0.93)),(-62.43-92.95/99.49/*+5.11*30.7+82.38+(24.71^64.34^2--99.92*-98.55)/(-2.82/18.72+0.93)),True
-3.35-66.59-20.61-59.92-50.31+-86.34^2--9.0+78.16*-51.57/-51.83^2--99.57*62.18^1,-3.35-66.59-20.61-59.92-50.31+-86.34^2--9.0+78.16*-51.57/-51.83^2--99.57*62.18^1,True
-26.46----25.55+-38.68/74.32^1+-78.72/(6.73-(-21.46-44.0/77.68*/)/(70.0/98.25--10.71)),-26.46----25.55+-38.68/74.32^1+-78.72/(6.73-(-21.46-44.0/77.68*/)/(70.0/98.25--10.71)),False
60.63*94.95^1--21.68-(52.62--88.01+-26.11--37.05+70.3/28.28/86.09*41.3+0.88)-80.84+31.25,60.63*94.95^1--21.68-(52.62--88.01+-26.11--37.05+70.3/28.28/86.09*41.3+0.88)-80.84+31.25,True
64.49/-86.3-65.1*-44.71-28.25*(82.57*81.71-91.11/84.8^2+(-88.81--63.17+4.3--65.99)/-30.1),64.49/-86.3-65.1*-44.71-28.25*(82.57*81.71-91.11/84.8^2+(-88.81--63.17+4.3--65.99)/-30.1),True
-59.21*(-6.19+-35.95/4.87*19.01*93.64)^1-32.57+-91.41--64.58*47.5-75.76/(-72.13*94.39/-90.83),-59.21*(-6.19+-35.95/4.87*19.01*93.64)^1-32.57+-91.41--64.58*47.5-75.76/(-72.13*94.39/-90.83),True
-93.24+-33.3/73.04+-95.36^29.2--82.87--36.57++/(-3.99--4.82/49.64-16.89^2--7.45)^1,-93.24+-33.3/73.04+-95.36^29.2--82.87--36.57++/(-3.99--4.82/49.64-16.89^2--7.45)^1,False
81.7--77.74^2-29.76-21.68+-73.09^1-49.18+86.66^2++^2--73.07+-28.42+-17.44,81.7--77.74^2-29.76-21.68+-73.09^1-49.18+86.66^2++^2--73.07+-28.42+-17.44,False
-89.4+98.67^2+-34.23-98.82/88.73^1-^/-52.01*12.62-(43.97+-45.67+-89.76)^2--55.03,-89.4+98.67^2+-34.23-98.82/88.73^1-^/-52.01*12.62-(43.97+-45.67+-89.76)^2--55.03,False
-34.95+47.39+-70.32+-46.48***25.1/26.9+32.93*-50.82/-13.72--81.91^1--68.49*-49.85/-83.8,-34.95+47.39+-70.32+-46.48***25.1/26.9+32.93*-50.82/-13.72--81.91^1--68.49*-49.85/-83.8,True
37.14*-35.75+80.02*-80.2+-55.31/1.27^51.05+46.22^2+-*72.51*(87.32+-35.51-19.17+71.42),37.14*-35.75+80.02*-80.2+-55.31/1.27^51.05+46.22^2+-*72.51*(87.32+-35.51-19.17+71.42),True
-79.55/47.26*-52.0*-62.48--79.89/-70.84/-78.85-(-77.91/-6.09^2--47.82**+-32.73^1-(43.96)),-79.55/47.26*-52.0*-62.48--79.89/-70.84/-78.85-(-77.91/-6.09^2--47.82**+-32.73^1-(43.96)),True
0.27*-67.34/4.53+12.27*/*24.76-92.89-64.42/-73.26^1-38.87+(-83.51/(-25.22^2--84.65)),0.27*-67.34/4.53+12.27*/*24.76-92.89-64.42/-73.26^1-38.87+(-83.51/(-25.22^2--84.65)),False
80.38-82.89--21.86/-56.22+/+-42.91^1-28.53/-55.91/-80.18+57.51^1+(-58.35+9.06^1),80.38-82.89--21.86/-56.22+/+-42.91^1-28.53/-55.91/-80.18+57.51^1+(-58.35+9.06^1),True
-45.0^1+-74.89^49.36*49.76+(*/21.63^1-84.16+-38.79)^2+12.44/26.65/73.52^1,-45.0^1+-74.89^49.36*49.76+(*/21.63^1-84.16+-38.79)^2+12.44/26.65/73.52^1,False
5.57+92.86*-23.06*(56.17+48.79)^34.32+-53.64+72.02^1/89.28+10.17*-11.31/49.21-7.67^1,5.57+92.86*-23.06*(56.17+48.79)^34.32+-53.64+72.02^1/89.28+10.17*-11.31/49.21-7.67^1,False
67.39/81.97*1.52^2+-50.78^1+(-12.09--8.62--21.35*72.65)-++(-51.68^-71.97-74.13)--46.79,67.39/81.97*1.52^2+-50.78^1+(-12.09--8.62--21.35*72.65)-++(-51.68^-71.97-74.13)--46.79,False
79.29--27.38/29.61+-23.14/(-85.52+-44.33+44.08/-44.91^1+-2.23)--96.7+-34.6--86.71*74.31+-37.07,79.29--27.38/29.61+-23.14/(-85.52+-44.33+44.08/-44.91^1+-2.23)--96.7+-34.6--86.71*74.31+-37.07,True
25.74-(-59.97-90.48^1+10.75*29.96*-72.94/62.35/-4.18/51.32/(-26.68-(57.22*^+36.56*22.26))),25.74-(-59.97-90.48^1+10.75*29.96*-72.94/62.35/-4.18/51.32/(-26.68-(57.22*^+36.56*22.26))),False
-44.89--57.79^2+/+14.9*41.65/-50.65/58.14/(39.9^2+-53.41/88.44+-38.15)*29.1*(-28.5),-44.89--57.79^2+/+14.9*41.65/-50.65/58.14/(39.9^2+-53.41/88.44+-38.15)*29.1*(-28.5),False
-10.11*60.58*//(6.74/58.4/(**-36.21)-1.03)/-60.65+**47.84*(44.97^1+27.15/26.32),-10.11*60.58*//(6.74/58.4/(**-36.21)-1.03)/-60.65+**47.84*(44.97^1+27.15/26.32),False
-97.62--83.62^2-(96.58+-99.09/44.89*-14.04/-*-66.65)+57.58/22.66--55.54*(26.37+-25.47+(-12.67)),-97.62--83.62^2-(96.58+-99.09/44.89*-14.04/-*-66.65)+57.58/22.66--55.54*(26.37+-25.47+(-12.67)),True
(30.74/-92.73)+-+-51.8^1-/-17.66*61.16+-26.5+-18.81/-27.65/34.98/-69.63+-33.53+1.26,(30.74/-92.73)+-+-51.8^1-/-17.66*61.16+-26.5+-18.81/-27.65/34.98/-69.63+-33.53+1.26,False
(14.29+^-(-91.19/-59.48*25.54^1-85.89--55.37-9.69)-18.98)-42.26/91.21+9.46*-98.0--66.19,(14.29+^-(-91.19/-59.48*25.54^1-85.89--55.37-9.69)-18.98)-42.26/91.21+9.46*-98.0--66.19,False
(-2.7*-90.17/44.15*57.64)-5.88+-60.36--16.6--8.81-(31.99*65.48-(-13.14/(-87.97^2-(43.64*-70.02)))),(-2.7*-90.17/44.15*57.64)-5.88+-60.36--16.6--8.81-(31.99*65.48-(-13.14/(-87.97^2-(43.64*-70.02)))),True
-71.56--97.67+72.08/-36.8^2/-34.11-3.57+-36.19-(73.42+18.1-29.55*75.81+-0.63*-97.85*-68.31),-71.56--97.67+72.08/-36.8^2/-34.11-3.57+-36.19-(73.42+18.1-29.55*75.81+-0.63*-97.85*-68.31),True
-87.87-90.34+43.07/(13.99+60.06)*32.95/-43.72^1-40.84*-13.38+(-27.79/34.97)^1-91.71*(57.69),-87.87-90.34+43.07/(13.99+60.06)*32.95/-43.72^1-40.84*-13.38+(-27.79/34.97)^1-91.71*(57.69),True
16.57*-95.16+-35.9*-17.03^1+18.54-70.51*62.04*-40.04-18.79*52.98+(-*-17.76^1-(-15.55)),16.57*-95.16+-35.9*-17.03^1+18.54-70.51*62.04*-40.04-18.79*52.98+(-*-17.76^1-(-15.55)),True
(-9.5*44.7--93.97/10.29*-85.53-46.54*61.22*-31.58/-0.4+-23.87*(-56.71*(72.01/19.52)+-10.26^1)),(-9.5*44.7--93.97/10.29*-85.53-46.54*61.22*-31.58/-0.4+-23.87*(-56.71*(72.01/19.52)+-10.26^1)),False
10.74^2+91.43-32.92^2-16.14*31.29+69.46^2+2.3*19.9+(92.47^1*16.58^1),10.74^2+91.43-32.92^2-16.14*31.29+69.46^2+2.3*19.9+(92.47^1*16.58^1),True
-+65.15--11.92*-56.61+63.34--29.37*-61.02*-39.97/85.02^2--47.73^1-99.62-46.11^1,-+65.15--11.92*-56.61+63.34--29.37*-61.02*-39.97/85.02^2--47.73^1-99.62-46.11^1,True
(-78.07^2-38.48+36.92*95.91/82.63^1--77.87^2+51.74/-19.96)--90.25^1--15.38^1,(-78.07^2-38.48+36.92*95.91/82.63^1--77.87^2+51.74/-19.96)--90.25^1--15.38^1,False
57.25/-63.42^2+8.71^2-16.95-68.61^2--51.79/-49.71*-62.44^2+65.79+-3.07+-98.39,57.25/-63.42^2+8.71^2-16.95-68.61^2--51.79/-49.71*-62.44^2+65.79+-3.07+-98.39,True
-45.46/-18.97-(-99.76/67.59/-86.46^2+76.53^2--27.95*73.55^1+(26.66/69.56+(-89.66-26.18))),-45.46/-18.97-(-99.76/67.59/-86.46^2+76.53^2--27.95*73.55^1+(26.66/69.56+(-89.66-26.18))),True
82.36*-70.44*+^1+-67.3*-18.76/(-73.86--16.43^1-84.29--)+(89.93*80.75*68.78+75.18),82.36*-70.44*+^1+-67.3*-18.76/(-73.86--16.43^1-84.29--)+(89.93*80.75*68.78+75.18),False
-72.78^1-^^1+22.88^1-(57.98/(-89.61-14.48-(81.17/(-72.71-(45.32*-45.52+(22.67-*)))))),-72.78^1-^^1+22.88^1-(57.98/(-89.61-14.48-(81.17/(-72.71-(45.32*-45.52+(22.67-*)))))),False
-25.53-(-91.52-1.08+-37.77^2+-62.76)+79.97/(32.37+34.26+40.98^1+(-96.33*35.88-98.44*^)),-25.53-(-91.52-1.08+-37.77^2+-62.76)+79.97/(32.37+34.26+40.98^1+(-96.33*35.88-98.44*^)),True
9.01--77.3*-13.54+-50.6+-66.39/15.51+-8.31/81.81^2-98.62^2+34.83--0.71+16.64-24.82,9.01--77.3*-13.54+-50.6+-66.39/15.51+-8.31/81.81^2-98.62^2+34.83--0.71+16.64-24.82,True
-37.47+15.37-72.92^1*-63.55^2-23.8+94.28/57.74+25.23--44.53-(88.05/48.87^2-(68.35)),-37.47+15.37-72.92^1*-63.55^2-23.8+94.28/57.74+25.23--44.53-(88.05/48.87^2-(68.35)),True
-1.34*51.39^2+92.14/57.23+-14.85--23.1*-66.56+-70.03*-85.95/-19.84-(-98.81*12.29)/5.12--22.01,-1.34*51.39^2+92.14/57.23+-14.85--23.1*-66.56+-70.03*-85.95/-19.84-(-98.81*12.29)/5.12--22.01,False
54.73^2+76.62*81.04--52.28+26.08-89.45+(14.61--12.26)/-1.41+96.06*(-12.87/81.63)+(-99.96^2),54.73^2+76.62*81.04--52.28+26.08-89.45+(14.61--12.26)/-1.41+96.06*(-12.87/81.63)+(-99.96^2),False
-39.81-37.1--36.19-93.25-62.22--77.67/-12.05/8.95*36.61*-52.17+-30.0^13.03+28.5--75.66--39.59,-39.81-37.1--36.19-93.25-62.22--77.67/-12.05/8.95*36.61*-52.17+-30.0^13.03+28.5--75.66--39.59,True
-79.22^2-(-79.21*41.29/(74.82/81.15)+(-^1-59.88)^2+-53.95*49.52/-54.15--6.37^2),-79.22^2-(-79.21*41.29/(74.82/81.15)+(-^1-59.88)^2+-53.95*49.52/-54.15--6.37^2),True
-^1^43.73+77.67*(57.62^2-5.66)--19.06*-25.57^1+-82.58^1-(42.54+-6.83--35.53),-^1^43.73+77.67*(57.62^2-5.66)--19.06*-25.57^1+-82.58^1-(42.54+-6.83--35.53),True
-30.53--70.16^1+-21.76*8.75--/(-89.55^1+7.12^1+(-43.07/-2.74+-17.4/(31.55+-86.48))),-30.53--70.16^1+-21.76*8.75--/(-89.55^1+7.12^1+(-43.07/-2.74+-17.4/(31.55+-86.48))),False
26.24/(-88.11+60.3)*97.01*//-18.45/(-66.32/30.81+41.76*41.6--58.09/18.74^2+-16.86*-88.39),26.24/(-88.11+60.3)*97.01*//-18.45/(-66.32/30.81+41.76*41.6--58.09/18.74^2+-16.86*-88.39),False
93.26-40.94^2+78.92*85.15-49.45+-17.34+53.24+//96.46*80.84^2+-79.95/94.19--,93.26-40.94^2+78.92*85.15-49.45+-17.34+53.24+//96.46*80.84^2+-79.95/94.19--,False
47.79-6.93/-36.14/-84.76-2+-50.76^2-5.21/-67.34/60.61^2+28.85+-11.43*11.16/74.22,47.79-6.93/-36.14/-84.76-2+-50.76^2-5.21/-67.34/60.61^2+28.85+-11.43*11.16/74.22,True
58.0+7.96/(60.73/23.55)/96.39+++-10.6^1++--39.22^1-70.98*14.0/12.2--99.83,58.0+7.96/(60.73/23.55)/96.39+++-10.6^1++--39.22^1-70.98*14.0/12.2--99.83,False
-77.93^-78.75/13.65+96.14/-53.25^1-/*58.81/-85.53+59.41^2-97.21^1+18.62--68.36,-77.93^-78.75/13.65+96.14/-53.25^1-/*58.81/-85.53+59.41^2-97.21^1+18.62--68.36,False
14.26+89.85*(48.09^2+13.76)^-18.82--14.04*(-51.57/(-20.46/73.86)*38.76*(-39.24/-66.41/45.88+-1.35)),14.26+89.85*(48.09^2+13.76)^-18.82--14.04*(-51.57/(-20.46/73.86)*38.76*(-39.24/-66.41/45.88+-1.35)),True
-47.48*-98.68^1--49.74+96.89*4.53+-93.01^2+37.19^2+-43.93+38.95*-14.17^1--59.08,-47.48*-98.68^1--49.74+96.89*4.53+-93.01^2+37.19^2+-43.93+38.95*-14.17^1--59.08,True
(-76.36--66.25*-80.98/-86.61)/-50.65+-85.93*84.06-51.1-94.05/21.19*65.57/-39.89+6.3--98.1*-7.65,(-76.36--66.25*-80.98/-86.61)/-50.65+-85.93*84.06-51.1-94.05/21.19*65.57/-39.89+6.3--98.1*-7.65,True
-31.38-(86.14/46.49*35.63)^1-(*-(21.91+-39.55)-^--25.75*(-60.38*(-22.52/66.54*(-34.37/-47.92)))),-31.38-(86.14/46.49*35.63)^1-(*-(21.91+-39.55)-^--25.75*(-60.38*(-22.52/66.54*(-34.37/-47.92)))),False
49.39*40.27+4.82-(-72.73*85.65+9.69/-68.59--29.59^2-97.41--60.06)+(-58.44*-54.32+46.59--9.76),49.39*40.27+4.82-(-72.73*85.65+9.69/-68.59--29.59^2-97.41--60.06)+(-58.44*-54.32+46.59--9.76),True
8.76^1-37.83+55.03+-64.98--19.31/24.13^2-(-21.98--44.51^2+26.52)/0.86/1.11+72.0,8.76^1-37.83+55.03+-64.98--19.31/24.13^2-(-21.98--44.51^2+26.52)/0.86/1.11+72.0,True
-62.89--83.53+-98.76+31.39/56.96--37.36/34.9*-79.61--71.52*(-77.56^2+-67.64-89.43)+93.05/-52.81,-62.89--83.53+-98.76+31.39/56.96--37.36/34.9*-79.61--71.52*(-77.56^2+-67.64-89.43)+93.05/-52.81,True
-/(-28.9/-91.65^2-+)^2+-9.13+90.18*-24.23-44.5^1+-85.36*97.32+17.48^2,-/(-28.9/-91.65^2-+)^2+-9.13+90.18*-24.23-44.5^1+-85.36*97.32+17.48^2,False
-33.45+54.52*-76.63--11.08--29.36+-0.52+(42.82-*^2--83.29^2+-60.88--89.53--84.83/29.15),-33.45+54.52*-76.63--11.08--29.36+-0.52+(42.82-*^2--83.29^2+-60.88--89.53--84.83/29.15),True
-88.31^-78.21--64.56-**89.32*(34.38/70.34/-8.35-87.98^1+15.81-(10.74*-86.94^66.17^2)),-88.31^-78.21--64.56-**89.32*(34.38/70.34/-8.35-87.98^1+15.81-(10.74*-86.94^66.17^2)),False
-81.2^2+-62.81+(-58.12^2--70.81-/)/(-33.63^2+53.17^1+96.9)+39.36^2-(97.4),-81.2^2+-62.81+(-58.12^2--70.81-/)/(-33.63^2+53.17^1+96.9)+39.36^2-(97.4),True
(-68.3-^^2-97.8/96.12-(78.92*50.38+-71.55^2-90.26+2.91+43.86)*(-30.59+15.8*-8.08)),(-68.3-^^2-97.8/96.12-(78.92*50.38+-71.55^2-90.26+2.91+43.86)*(-30.59+15.8*-8.08)),False
13.76/-81.83*-56.22-(85.04^2+(^--94.45*-42.7-41.4^2+(78.88*6.01*16.82)/90.89/50.13)),13.76/-81.83*-56.22-(85.04^2+(^--94.45*-42.7-41.4^2+(78.88*6.01*16.82)/90.89/50.13)),True
60.3+80.72+(38.56*73.83*-38.43--53.92^2-10.1^1-(-39.03*(-42.73--6.59*-94.72^1-80.36))),60.3+80.72+(38.56*73.83*-38.43--53.92^2-10.1^1-(-39.03*(-42.73--6.59*-94.72^1-80.36))),True
-73.76*50.65--59.89/-33.69^1-42.47+(-11.94^1-17.9*(77.67*67.09^20.44^1--93.39)+-81.04),-73.76*50.65--59.89/-33.69^1-42.47+(-11.94^1-17.9*(77.67*67.09^20.44^1--93.39)+-81.04),True
-34.65*-69.49+58.4*-39.84^2-75.29/(-67.43-74.35/93.32+90.18^2+45.01--58.65^67.38--52.44),-34.65*-69.49+58.4*-39.84^2-75.29/(-67.43-74.35/93.32+90.18^2+45.01--58.65^67.38--52.44),True
0.15--90.99+-98.59+91.28+80.46*53.2--89.21*52.01/(-70.65-(-57.1--29.12-9.39*-13.77/(69.91*-56.49))),0.15--90.99+-98.59+91.28+80.46*53.2--89.21*52.01/(-70.65-(-57.1--29.12-9.39*-13.77/(69.91*-56.49))),True
--(68.66--36.63*-89.2/-44.49/-48.9*-50.54+-63.07)/-97.14*67.81*66.6^2-20.63/-51.54/11.24,--(68.66--36.63*-89.2/-44.49/-48.9*-50.54+-63.07)/-97.14*67.81*66.6^2-20.63/-51.54/11.24,True
(99.76+86.28+-22.09^1--23.84/-91.83/-3.87)--23.67*29.56/32.91--4.23^1*/--94.58^1,(99.76+86.28+-22.09^1--23.84/-91.83/-3.87)--23.67*29.56/32.91--4.23^1*/--94.58^1,True
64.91--60.75^2+-34.12*53.49+-43.9+-3.75++-54.81-71.09/(-80.29+9.56-27.82/29.65*-63.47),64.91--60.75^2+-34.12*53.49+-43.9+-3.75++-54.81-71.09/(-80.29+9.56-27.82/29.65*-63.47),False
-59.11/-84.29*-53.58*39.26/96.16/-62.72-68.27--55.43-15.98/(21.57+-3.93*22.88--51.12*28.68*79.81),-59.11/-84.29*-53.58*39.26/96.16/-62.72-68.27--55.43-15.98/(21.57+-3.93*22.88--51.12*28.68*79.81),False
-87.05*41.89-(47.9-(80.55*43.52)+-34.6-56.37^15.86+-72.76+-54.48)^2+77.32^2+-4.6+(-50.67),-87.05*41.89-(47.9-(80.55*43.52)+-34.6-56.37^15.86+-72.76+-54.48)^2+77.32^2+-4.6+(-50.67),False
15.95^2+-59.87+65.33*-41.41^1-16.63+(-92.03*29.4^1--35.9+-55.41+33.72)/-48.41/56.58,15.95^2+-59.87+65.33*-41.41^1-16.63+(-92.03*29.4^1--35.9+-55.41+33.72)/-48.41/56.58,True
74.16*77.01^1/(-75.37*-78.09^2--51.29*-56.45)^1+-37.19--74.49/68.83^2+^-41.54,74.16*77.01^1/(-75.37*-78.09^2--51.29*-56.45)^1+-37.19--74.49/68.83^2+^-41.54,False
-73.24^2*68.95*-21.69^2--91.48*-47.36^2+92.71*16.33^1-(59.08+-72.41*(-98.77*68.21)),-73.24^2*68.95*-21.69^2--91.48*-47.36^2+92.71*16.33^1-(59.08+-72.41*(-98.77*68.21)),True
1.23/-68.78*44.09/-37.02^2-77.92*^-56.55+-61.93*76.42/-54.59^1+(15.87*8.21+8.38),1.23/-68.78*44.09/-37.02^2-77.92*^-56.55+-61.93*76.42/-54.59^1+(15.87*8.21+8.38),False
(63.66^2+21.32*-45.84)/-93.63--36.61/70.56/-13.16*-76.78*43.95-77.83/-56.4/(-72.01/-48.83^1),(63.66^2+21.32*-45.84)/-93.63--36.61/70.56/-13.16*-76.78*43.95-77.83/-56.4/(-72.01/-48.83^1),False
(-87.74^1-66.79-59.45*-3.28-(-40.14/19.1--36.08-(54.68--45.28/(-65.49*-84.12^1+-32.76^2)))),(-87.74^1-66.79-59.45*-3.28-(-40.14/19.1--36.08-(54.68--45.28/(-65.49*-84.12^1+-32.76^2)))),True
68.36/2.92^1+-3.96*8.6-60.01-40.82+67.51/28.05*-55.89*35.54^24.15*-20.72*56.78^1,68.36/2.92^1+-3.96*8.6-60.01-40.82+67.51/28.05*-55.89*35.54^24.15*-20.72*56.78^1,True
41.03-37.24*15.61/88.81-36.5*64.13/-75.87^1+^-35.2+-42.55*75.82-60.39+2+44.32,41.03-37.24*15.61/88.81-36.5*64.13/-75.87^1+^-35.2+-42.55*75.82-60.39+2+44.32,False
-31.49*(11.93/37.84+2+-46.45-(-44.51/-72.44^2+(68.8^2+^--97.22*-80.47)/38.54^2)),-31.49*(11.93/37.84+2+-46.45-(-44.51/-72.44^2+(68.8^2+^--97.22*-80.47)/38.54^2)),False
-82.41/40.94^1-73.61*(-9.89+-80.08-//^^1+63.09/62.08^1+-69.19+-0.38+24.97),-82.41/40.94^1-73.61*(-9.89+-80.08-//^^1+63.09/62.08^1+-69.19+-0.38+24.97),False
-15.9-70.17^1+-45.3+20.36*50.98/35.02-4.28*76.36/15.52-^/89.5+(-11.19/-52.35)/(57.63),-15.9-70.17^1+-45.3+20.36*50.98/35.02-4.28*76.36/15.52-^/89.5+(-11.19/-52.35)/(57.63),True
76.26*(-14.89--74.13--19.39-90.62+87.78)*-92.18-2+-6.9+67.92*78.41*39.69/-73.3^2+-95.87,76.26*(-14.89--74.13--19.39-90.62+87.78)*-92.18-2+-6.9+67.92*78.41*39.69/-73.3^2+-95.87,False
-22.87-17.63/(-47.44^1-+/27.15^1+-13.66)/-76.15^2/87.52*-51.86--82.69+-67.22*-49.39,-22.87-17.63/(-47.44^1-+/27.15^1+-13.66)/-76.15^2/87.52*-51.86--82.69+-67.22*-49.39,False
-3.66+91.73^2-68.65+-33.57-26.86+51.3^1+92.33*(^*46.77^2+(-74.18--70.75/66.88)),-3.66+91.73^2-68.65+-33.57-26.86+51.3^1+92.33*(^*46.77^2+(-74.18--70.75/66.88)),False
-84.75^2-34.26-7.19*(-93.11+99.08/72.26*79.46--31.44^2--49.76*(-55.54/-65.86^2-(-18.35))),-84.75^2-34.26-7.19*(-93.11+99.08/72.26*79.46--31.44^2--49.76*(-55.54/-65.86^2-(-18.35))),False
(-35.37*52.08)*-86.17^2--33.48/-73.29*-98.08^-63.84^1--94.78+-74.66+29.96*(-*-74.2)/80.01,(-35.37*52.08)*-86.17^2--33.48/-73.29*-98.08^-63.84^1--94.78+-74.66+29.96*(-*-74.2)/80.01,False
-49.21+69.23^1--99.04^1--71.83*(-3.59+-58.19^1+88.66/-52.54/-26.24)*35.58*-64.07+(+),-49.21+69.23^1--99.04^1--71.83*(-3.59+-58.19^1+88.66/-52.54/-26.24)*35.58*-64.07+(+),False
-5.81+62.35/80.24/(-34.38+24.79)/*^2+95.99*-82.85+2.38-48.71*-60.28/-62.99+78.72*-57.65,-5.81+62.35/80.24/(-34.38+24.79)/*^2+95.99*-82.85+2.38-48.71*-60.28/-62.99+78.72*-57.65,False
(91.82^1+(-37.53*-23.3)^2-15.95)*-31.47+41.17^1--54.71^1--91.79--21.92^2--48.26,(91.82^1+(-37.53*-23.3)^2-15.95)*-31.47+41.17^1--54.71^1--91.79--21.92^2--48.26,True
12.47^1-45.9-69.86^-76.5-^-(86.94+-6.97)*-42.36+-59.12--56.45*(50.25--93.59^1--97.46),12.47^1-45.9-69.86^-76.5-^-(86.94+-6.97)*-42.36+-59.12--56.45*(50.25--93.59^1--97.46),False
69.12*88.85--19.79^(-19.14-94.68-(-23.91^1--2.67/75.03--51.96/-97.95*-61.61+-15.18/-34.57/21.37)),69.12*88.85--19.79^(-19.14-94.68-(-23.91^1--2.67/75.03--51.96/-97.95*-61.61+-15.18/-34.57/21.37)),False
(13.53/-67.97*64.3-(-74.7^-74.51)/-63.16*-11.9+-30.63*-66.9--58.97*-27.45/-42.36/-68.81*-68.02+70.81),(13.53/-67.97*64.3-(-74.7^-74.51)/-63.16*-11.9+-30.63*-66.9--58.97*-27.45/-42.36/-68.81*-68.02+70.81),False
-74.98+-12.6+(70.1+-24.84)/-57.48*-30.76-75.89-32.85-39.07+51.34+-44.28-17.26^-12.87+/-16.15,-74.98+-12.6+(70.1+-24.84)/-57.48*-30.76-75.89-32.85-39.07+51.34+-44.28-17.26^-12.87+/-16.15,False
64.42/-45.28--56.32*91.51+50.96^2+-92.37--5.82^1+47.94+-45.32+40.52*(-*97.56+(88.04)),64.42/-45.28--56.32*91.51+50.96^2+-92.37--5.82^1+47.94+-45.32+40.52*(-*97.56+(88.04)),False
-80.18*-90.52*(-93.53-11.85+24.37+-10.74/28.22/-76.5+88.0^2+48.05/-47.81/-33.51+-23.24/21.68),-80.18*-90.52*(-93.53-11.85+24.37+-10.74/28.22/-76.5+88.0^2+48.05/-47.81/-33.51+-23.24/21.68),True
+-(-59.9*-29.34/-84.14^2--92.82+41.06--23.36/53.7)+58.03+-57.79--93.94^2-83.94/18.87,+-(-59.9*-29.34/-84.14^2--92.82+41.06--23.36/53.7)+58.03+-57.79--93.94^2-83.94/18.87,False
76.79+-31.72/28.05*(-30.68-(-62.6^1--53.56-51.83+(59.76+-80.69*-62.62-63.72^2-+--))),76.79+-31.72/28.05*(-30.68-(-62.6^1--53.56-51.83+(59.76+-80.69*-62.62-63.72^2-+--))),False
5.83*47.65^1--96.63-87.52^1--78.81-90.08-53.42/-14.47/74.54^2--86.34-72.53-13.24,5.83*47.65^1--96.63-87.52^1--78.81-90.08-53.42/-14.47/74.54^2--86.34-72.53-13.24,False
57.1/-0.34/99.52*75.45/(-67.14--67.53+(-42.62/-98.65+22.19^1+32.66+-34.82)+(30.04*-73.45^1)),57.1/-0.34/99.52*75.45/(-67.14--67.53+(-42.62/-98.65+22.19^1+32.66+-34.82)+(30.04*-73.45^1)),True
41.42/-2.22-+^2+71.88+-97.53+6.0*-/(-90.99^1-15.22+18.19)^-20.29+0.54^1,41.42/-2.22-+^2+71.88+-97.53+6.0*-/(-90.99^1-15.22+18.19)^-20.29+0.54^1,False
-24.78+64.43+33.63^1+92.96/(-89.67-3.89)--55.83*91.06*-2.06^2-33.04+^*95.01^2,-24.78+64.43+33.63^1+92.96/(-89.67-3.89)--55.83*91.06*-2.06^2-33.04+^*95.01^2,True
-32.61^66.52+-90.02+/--53.06+89.15+-69.49+66.97/-12.26+(61.14/-57.44)/-58.15-80.73*70.94/10.18,-32.61^66.52+-90.02+/--53.06+89.15+-69.49+66.97/-12.26+(61.14/-57.44)/-58.15-80.73*70.94/10.18,False
12.72*52.14/31.88/-18.24+-48.85*-42.43/(50.44/37.13/-49.58*40.9--43.89)-1+80.76/-58.1^1,12.72*52.14/31.88/-18.24+-48.85*-42.43/(50.44/37.13/-49.58*40.9--43.89)-1+80.76/-58.1^1,False
-68.93+-81.07/81.41*-78.14-(-73.83^2--0.22)+39.54/(27.94-(25.56*(72.53^2+-88.69*45.52/97.89))),-68.93+-81.07/81.41*-78.14-(-73.83^2--0.22)+39.54/(27.94-(25.56*(72.53^2+-88.69*45.52/97.89))),True
46.8--59.55/-96.61+50.72*43.57-33.72+27.19/17.58^2+32.22+(75.01/30.53-73.41+-13.92+(2.6)),46.8--59.55/-96.61+50.72*43.57-33.72+27.19/17.58^2+32.22+(75.01/30.53-73.41+-13.92+(2.6)),True
+^1+-30.83-66.28^1+29.47^2+-46.46--20.88+16.83/-48.29/^--95.01^1+21.94,+^1+-30.83-66.28^1+29.47^2+-46.46--20.88+16.83/-48.29/^--95.01^1+21.94,True
-93.79-9.78--63.78--59.41-69.45/-58.64-3.91^2-77.98-90.91*(76.38+-^1+-20.54/(34.63)),-93.79-9.78--63.78--59.41-69.45/-58.64-3.91^2-77.98-90.91*(76.38+-^1+-20.54/(34.63)),True
-79.82*-8.86--51.66-1+(-50.93-^)/85.64--53.75+-15.03+48.39*83.22^2+55.92+98.59/-60.82,-79.82*-8.86--51.66-1+(-50.93-^)/85.64--53.75+-15.03+48.39*83.22^2+55.92+98.59/-60.82,True
-33.55^2+(-^2+86.81^1-72.39^1+24.19+58.93-0.87*-44.49/(87.08--56.93+-61.53)),-33.55^2+(-^2+86.81^1-72.39^1+24.19+58.93-0.87*-44.49/(87.08--56.93+-61.53)),True
-60.55+-64.9*91.56/*/13.84^2+-94.81^2--52.95^2-(-93.41/(16.86*-2.79)/74.12/14.19),-60.55+-64.9*91.56/*/13.84^2+-94.81^2--52.95^2-(-93.41/(16.86*-2.79)/74.12/14.19),True
(-36.39-78.5)^1+-62.6*8.06*-51.15--26.71--43.65*-74.0/(3.06/40.29*(67.31*80.04^2-41.5)),(-36.39-78.5)^1+-62.6*8.06*-51.15--26.71--43.65*-74.0/(3.06/40.29*(67.31*80.04^2-41.5)),True
-84.29--69.72*-11.13+(39.83^2-(95.25*69.61*-64.74+27.71*45.57+-45.33+-/-70.38^1+/)),-84.29--69.72*-11.13+(39.83^2-(95.25*69.61*-64.74+27.71*45.57+-45.33+-/-70.38^1+/)),False
-85.23/(-82.07^60.05/(-9.15/-33.87/-30.26)+(91.16/12.52^1+75.93)--57.18^2+11.44*-39.05/-95.2),-85.23/(-82.07^60.05/(-9.15/-33.87/-30.26)+(91.16/12.52^1+75.93)--57.18^2+11.44*-39.05/-95.2),False
52.63-72.55/(-20.17^76.43+60.09)/18.94-1--48.27-(53.68^2+-2.21-83.22-46.07^1--5.05),52.63-72.55/(-20.17^76.43+60.09)/18.94-1--48.27-(53.68^2+-2.21-83.22-46.07^1--5.05),False
2.4--50.15/-81.56--53.45*-20.1*55.98--0.53--63.38-(46.25+(-12.93+66.89/88.42^2+-76.89^2)),2.4--50.15/-81.56--53.45*-20.1*55.98--0.53--63.38-(46.25+(-12.93+66.89/88.42^2+-76.89^2)),False
(39.85--8.09-(92.74+-10.29/-84.92-98.79+(-85.9+65.58*92.16)*(-22.83+80.73/89.29/-71.55/-26.86/-85.15))),(39.85--8.09-(92.74+-10.29/-84.92-98.79+(-85.9+65.58*92.16)*(-22.83+80.73/89.29/-71.55/-26.86/-85.15))),True
-33.47^2+(12.54/15.75+94.71+80.71)^2+-15.12/-+-62.19*78.44-85.81+(87.38/49.13^2),-33.47^2+(12.54/15.75+94.71+80.71)^2+-15.12/-+-62.19*78.44-85.81+(87.38/49.13^2),True
(86.11//+-89.68-2.55+29.41/-96.34--66.96--70.91-(29.3*-69.63)+9.88*-91.74*(98.31--9.89)--30.17),(86.11//+-89.68-2.55+29.41/-96.34--66.96--70.91-(29.3*-69.63)+9.88*-91.74*(98.31--9.89)--30.17),False
(-23.45--54.46+^/98.38)*-80.01/95.11*-45.01*(50.63-1.53/-30.74*51.38*1.18*17.31^1--70.99),(-23.45--54.46+^/98.38)*-80.01/95.11*-45.01*(50.63-1.53/-30.74*51.38*1.18*17.31^1--70.99),False
-95.63-25.88-1--15.8*42.53-(79.5*-22.22)/-25.01+(66.71/-11.69/-47.97-(-60.04*(79.73+(-91.9--13.82)))),-95.63-25.88-1--15.8*42.53-(79.5*-22.22)/-25.01+(66.71/-11.69/-47.97-(-60.04*(79.73+(-91.9--13.82)))),False
55.41^2+-22.38+44.4+11.35/53.3/4.5-29.98/-77.71-^-7.96*-67.44+-12.15^2-(55.04),55.41^2+-22.38+44.4+11.35/53.3/4.5-29.98/-77.71-^-7.96*-67.44+-12.15^2-(55.04),True
-11.09+-31.33^2--24.84+-49.16+67.26*4.57+12.59-34.08*-3.77--60.31-4.68+18.87*90.3--98.83,-11.09+-31.33^2--24.84+-49.16+67.26*4.57+12.59-34.08*-3.77--60.31-4.68+18.87*90.3--98.83,True
-84.61/-47.25/-76.98--77.81/-17.51/99.7--46.83+-36.89^2+-55.07^1-34.38^1-19.39-61.06,-84.61/-47.25/-76.98--77.81/-17.51/99.7--46.83+-36.89^2+-55.07^1-34.38^1-19.39-61.06,False
-86.48*-*99.84--27.28/74.67^2+-26.99^2-29.46*(63.28^1+---81.62--86.8^2),-86.48*-*99.84--27.28/74.67^2+-26.99^2-29.46*(63.28^1+---81.62--86.8^2),False
25.7+(-8.04+-31.25)/25.94-2-53.53*40.68-52.45-74.4/86.04^1-14.67-(39.52*-88.3^2),25.7+(-8.04+-31.25)/25.94-2-53.53*40.68-52.45-74.4/86.04^1-14.67-(39.52*-88.3^2),False
10.31/-46.39*32.46--87.87^1--9.27+18.38--39.23*95.88----47.06^2+(89.49^2+-27.53),10.31/-46.39*32.46--87.87^1--9.27+18.38--39.23*95.88----47.06^2+(89.49^2+-27.53),False
63.19-12.32^2+-40.06*34.17*-15.91--20.16-(-89.02*84.04+4.89--38.74*81.44+-65.16*-^2),63.19-12.32^2+-40.06*34.17*-15.91--20.16-(-89.02*84.04+4.89--38.74*81.44+-65.16*-^2),False
-41.65*52.67/(43.01-79.72-7.6*11.55)/94.76-(66.96--26.95)-18.9/(69.81^1^39.49)-(-45.31+-57.44),-41.65*52.67/(43.01-79.72-7.6*11.55)/94.76-(66.96--26.95)-18.9/(69.81^1^39.49)-(-45.31+-57.44),True
(-76.87^2--74.94^2+(-13.33^2--44.51*-38.6-43.98/-^2+87.46+96.95)/(-90.27^2)),(-76.87^2--74.94^2+(-13.33^2--44.51*-38.6-43.98/-^2+87.46+96.95)/(-90.27^2)),False
(-85.42/-27.22)--98.83/-50.25^1+(51.54-53.49+77.55/-64.75--30.02/-98.22+95.02)+-67.78^2+-46.0,(-85.42/-27.22)--98.83/-50.25^1+(51.54-53.49+77.55/-64.75--30.02/-98.22+95.02)+-67.78^2+-46.0,False
52.33-27.13+*/72.87*-49.12*-58.09/-42.22/-39.71^2+98.54*72.38^2+13.63^2--68.57,52.33-27.13+*/72.87*-49.12*-58.09/-42.22/-39.71^2+98.54*72.38^2+13.63^2--68.57,True
-72.66^1+95.51/-44.99^1+/^2+42.29/94.8--24.77^1+-67.18-6.03/-79.24+-24.26,-72.66^1+95.51/-44.99^1+/^2+42.29/94.8--24.77^1+-67.18-6.03/-79.24+-24.26,False
61.72^2+-25.06^1--53.49+-73.85--18.15*48.28/13.39*-64.77-49.95+(66.48/42.78+63.14/68.03),61.72^2+-25.06^1--53.49+-73.85--18.15*48.28/13.39*-64.77-49.95+(66.48/42.78+63.14/68.03),False
-96.47^1+-70.97/94.61+18.08+-41.71+41.23/91.26*-21.09/2.27/46.93/-45.48^71.45+21.73*-43.67,-96.47^1+-70.97/94.61+18.08+-41.71+41.23/91.26*-21.09/2.27/46.93/-45.48^71.45+21.73*-43.67,True
41.18^1+-45.37^-99.55-(84.81--67.7*-91.08+23.17-24.43/8.95+37.65*7.54/(-30.85-89.63^1)),41.18^1+-45.37^-99.55-(84.81--67.7*-91.08+23.17-24.43/8.95+37.65*7.54/(-30.85-89.63^1)),False
-57.69^1+34.11-(-24.68*-53.85-/*32.02)*-45.08^1+//50.09*71.1*-69.68-63.23/-46.63,-57.69^1+34.11-(-24.68*-53.85-/*32.02)*-45.08^1+//50.09*71.1*-69.68-63.23/-46.63,False
-30.16*6.05^2+-87.51/70.38*-90.09^1+^**-(58.13*(-31.29^2/-44.83*(-11.57/-64.33))),-30.16*6.05^2+-87.51/70.38*-90.09^1+^**-(58.13*(-31.29^2/-44.83*(-11.57/-64.33))),False
-52.33/52.53-18.81+-35.94/40.94*-30.88-40.19/-48.58--35.83+90.97--78.25+86.28/84.75^1-(-58.35),-52.33/52.53-18.81+-35.94/40.94*-30.88-40.19/-48.58--35.83+90.97--78.25+86.28/84.75^1-(-58.35),True
81.36-*/-37.91*55.34^2-(-0.29/40.34)*66.78^2+-61.67+80.08--35.46-88.45+(25.99+23.61),81.36-*/-37.91*55.34^2-(-0.29/40.34)*66.78^2+-61.67+80.08--35.46-88.45+(25.99+23.61),True
(58.67^2+14.32*-25.96/-48.06)^1*86.49+47.34--73.18+(19.54/93.86)^2+-61.82^1+-60.86,(58.67^2+14.32*-25.96/-48.06)^1*86.49+47.34--73.18+(19.54/93.86)^2+-61.82^1+-60.86,True
9.36+-13.46*16.96-46.56*-70.27*(64.08+61.31^2-50.09-72.06*-60.72+-4.7-56.43^2-/),9.36+-13.46*16.96-46.56*-70.27*(64.08+61.31^2-50.09-72.06*-60.72+-4.7-56.43^2-/),True
-55.07^1-66.38^1-3.39+82.08*-80.8+-9.83+(/*-12.84-44.2+-57.53*-28.5^-86.18--24.06),-55.07^1-66.38^1-3.39+82.08*-80.8+-9.83+(/*-12.84-44.2+-57.53*-28.5^-86.18--24.06),False
(67.99^2+-31.0--94.64+-62.91)--3.51^1-(80.61*40.68+(24.23+5.58/3.44*94.33^1-(*))),(67.99^2+-31.0--94.64+-62.91)--3.51^1-(80.61*40.68+(24.23+5.58/3.44*94.33^1-(*))),True
(61.76/-19.64^76.7)+41.66/57.56-(66.82-(2.78-21.75*81.7/(90.63^-32.58/5.54-(12.29^1+52.96)))),(61.76/-19.64^76.7)+41.66/57.56-(66.82-(2.78-21.75*81.7/(90.63^-32.58/5.54-(12.29^1+52.96)))),False
16.48-15.82*2.79-76.41^1-(-92.4--9.92-78.52)--94.12/-7.23+47.79+-58.43-29.42*(36.53--44.75),16.48-15.82*2.79-76.41^1-(-92.4--9.92-78.52)--94.12/-7.23+47.79+-58.43-29.42*(36.53--44.75),True
55.42^2--68.26-(^-1.82^65.74/67.72^2-+^2-(-1.36*84.42+47.09^1-16.18)),55.42^2--68.26-(^-1.82^65.74/67.72^2-+^2-(-1.36*84.42+47.09^1-16.18)),False
62.86-0.56/-89.33*-20.1^2-+^1-20.97+-93.25/2-(-97.56/+)/-83.55*76.0^1,62.86-0.56/-89.33*-20.1^2-+^1-20.97+-93.25/2-(-97.56/+)/-83.55*76.0^1,False
(67.13+-6.91--15.03)--5.55+(-99.17+-16.45+(41.3^2+73.21)--20.7+1+-67.85-85.85/16.2*19.99),(67.13+-6.91--15.03)--5.55+(-99.17+-16.45+(41.3^2+73.21)--20.7+1+-67.85-85.85/16.2*19.99),False
---73.75*73.55+-35.57+28.97*-69.52*7.61/-92.91^2+-88.56*(-39.83^1+-46.92)^2+91.69,---73.75*73.55+-35.57+28.97*-69.52*7.61/-92.91^2+-88.56*(-39.83^1+-46.92)^2+91.69,False
-2.41/(-55.25/37.21^2-41.72+-50.11)/-82.08-13.66+17.24+-7.41+-13.91+-6.37^75.4^1-22.38,-2.41/(-55.25/37.21^2-41.72+-50.11)/-82.08-13.66+17.24+-7.41+-13.91+-6.37^75.4^1-22.38,False
-41.7/-11.37--22.02^2+64.29-5.21*49.53^1-88.22+-12.35/4.98+-25.9+-16.81^2+6.46,-41.7/-11.37--22.02^2+64.29-5.21*49.53^1-88.22+-12.35/4.98+-25.9+-16.81^2+6.46,True
-91.51/-29.11*56.63^2+-21.31+-50.79*-93.79-*+-78.18-(-59.38--20.71*-62.07/-0.84+-36.24--70.67),-91.51/-29.11*56.63^2+-21.31+-50.79*-93.79-*+-78.18-(-59.38--20.71*-62.07/-0.84+-36.24--70.67),False
-5.15+-28.15+^+-35.71-58.96*42.42^1-48.93^1+-45.58^1+2.11/97.3^1-5.25,-5.15+-28.15+^+-35.71-58.96*42.42^1-48.93^1+-45.58^1+2.11/97.3^1-5.25,False
17.51/-34.46^1+9.58*82.73^2--8.01+17.42/3.69*-66.78/69.28+44.58^1-98.87/-45.47,17.51/-34.46^1+9.58*82.73^2--8.01+17.42/3.69*-66.78/69.28+44.58^1-98.87/-45.47,False
(-53.58-16.87^2--1.67+(27.17+(74.52-2-29.25*-54.99^1--70.49+85.46+-89.62/43.52*-))),(-53.58-16.87^2--1.67+(27.17+(74.52-2-29.25*-54.99^1--70.49+85.46+-89.62/43.52*-))),False
24.68-(26.96/-90.58)/64.96^2+32.69*24.13-1-(-75.86*4.6)*(-45.78^2+15.91^1--),24.68-(26.96/-90.58)/64.96^2+32.69*24.13-1-(-75.86*4.6)*(-45.78^2+15.91^1--),True
-86.65*-58.67*57.73/92.01-+-98.45*44.7*84.72/23.12*-90.11+(-10.05--46.95-57.04*-57.12-94.75),-86.65*-58.67*57.73/92.01-+-98.45*44.7*84.72/23.12*-90.11+(-10.05--46.95-57.04*-57.12-94.75),True
(--14.6*-31.44+(-84.78*31.54)^1--81.14)*24.93--35.87^2+(-28.93^1--47.74)^2--59.47,(--14.6*-31.44+(-84.78*31.54)^1--81.14)*24.93--35.87^2+(-28.93^1--47.74)^2--59.47,True
37.68-29.0*(-47.47^2--83.05--75.73)/-48.97+-60.98^1-81.33*-15.63+-12.63*-24.34*-19.77^2,37.68-29.0*(-47.47^2--83.05--75.73)/-48.97+-60.98^1-81.33*-15.63+-12.63*-24.34*-19.77^2,False
(-33.28-28.28-9.3^-86.27--94.1*-37.7)-57.69/69.32*-16.08-46.88-79.38-88.6^2+21.41--85.45,(-33.28-28.28-9.3^-86.27--94.1*-37.7)-57.69/69.32*-16.08-46.88-79.38-88.6^2+21.41--85.45,True
(-26.18/(77.14^2-25.45--92.29+(56.34*21.15+(-93.37+42.62+-48.06^1-68.87*(-99.03+43.62)*-77.27)))),(-26.18/(77.14^2-25.45--92.29+(56.34*21.15+(-93.37+42.62+-48.06^1-68.87*(-99.03+43.62)*-77.27)))),True
1.86+19.91/-52.38^1+79.67*-49.8--25.71/-+1+-33.34^1+84.93+52.85+(-36.1-15.37),1.86+19.91/-52.38^1+79.67*-49.8--25.71/-+1+-33.34^1+84.93+52.85+(-36.1-15.37),False
-60.48+16.98-(13.79/(26.21^2--69.1-(-22.38+(77.77+*/96.31+-55.84)*58.31*91.42+(2.29-63.21)))),-60.48+16.98-(13.79/(26.21^2--69.1-(-22.38+(77.77+*/96.31+-55.84)*58.31*91.42+(2.29-63.21)))),False
32.6/-12.43^1+-71.69^2+2.15/-48.02^1-^/(-88.08^-88.46-(-51.95+-81.85/79.81^2)),32.6/-12.43^1+-71.69^2+2.15/-48.02^1-^/(-88.08^-88.46-(-51.95+-81.85/79.81^2)),False
-82.48-(-75.42*22.0*-16.3--72.48/65.17-76.52*97.88*-67.54+-92.99*-98.74^1^84.34+94.81)*-92.48,-82.48-(-75.42*22.0*-16.3--72.48/65.17-76.52*97.88*-67.54+-92.99*-98.74^1^84.34+94.81)*-92.48,True
26.81+(-84.17^1-9.56+**1.65)-95.48*15.13+(-77.66-0.64^1+/+(-19.51^1+-73.73)),26.81+(-84.17^1-9.56+**1.65)-95.48*15.13+(-77.66-0.64^1+/+(-19.51^1+-73.73)),False
36.9--73.63--11.0*28.98+35.02+-79.93-3.84*50.05+84.15/42.76+77.38^1-87.29/-44.98*80.06,36.9--73.63--11.0*28.98+35.02+-79.93-3.84*50.05+84.15/42.76+77.38^1-87.29/-44.98*80.06,True
-25.94+(-62.38/-75.41*56.45)^2+(-78.15/-34.46)--30.26/-41.18-8.59*66.98*-64.87/-7.75*(-40.57^1),-25.94+(-62.38/-75.41*56.45)^2+(-78.15/-34.46)--30.26/-41.18-8.59*66.98*-64.87/-7.75*(-40.57^1),True
(-8.63^2--87.88^2+30.24+31.03^2--30.05-61.37+93.94)+66.76+(-59.99--24.04-(33.41-27.76)),(-8.63^2--87.88^2+30.24+31.03^2--30.05-61.37+93.94)+66.76+(-59.99--24.04-(33.41-27.76)),True
35.36-(95.01/15.11--82.54^1^74.95--30.73^2+-28.09/-12.84+-39.73^2+(-79.73^2+-33.41)),35.36-(95.01/15.11--82.54^1^74.95--30.73^2+-28.09/-12.84+-39.73^2+(-79.73^2+-33.41)),False
-67.19+43.84-96.4/-50.2--49.2*55.3*55.54^2+-96.79--67.11+-6.27-61.47+-45.74-66.0^2,-67.19+43.84-96.4/-50.2--49.2*55.3*55.54^2+-96.79--67.11+-6.27-61.47+-45.74-66.0^2,False
-85.08-13.37^2+-92.28/54.58-66.08/-60.39/54.03*-33.99//^1+94.34--91.31*30.42^2,-85.08-13.37^2+-92.28/54.58-66.08/-60.39/54.03*-33.99//^1+94.34--91.31*30.42^2,True
62.43^1+3.06--38.61*^^1+-88.93+-30.0*2-47.3/13.69--9.69-3.73^2-41.18,62.43^1+3.06--38.61*^^1+-88.93+-30.0*2-47.3/13.69--9.69-3.73^2-41.18,False
-67.05--91.23*-63.71*-77.45/75.0*12.0--77.32+66.49/-91.29-(81.09*71.86+23.42*-1.61*(-12.94^1)),-67.05--91.23*-63.71*-77.45/75.0*12.0--77.32+66.49/-91.29-(81.09*71.86+23.42*-1.61*(-12.94^1)),False
8.48+-69.4**^2+87.87*4.8+-7.75^2-^+53.13*14.4/35.22+-59.8*(73.8^2),8.48+-69.4**^2+87.87*4.8+-7.75^2-^+53.13*14.4/35.22+-59.8*(73.8^2),True
-10.11*-70.39^2+-97.32/-57.22+92.68+-54.21/-68.11+(-43.85^2--56.31/89.49/47.78+(/-(-77.93))),-10.11*-70.39^2+-97.32/-57.22+92.68+-54.21/-68.11+(-43.85^2--56.31/89.49/47.78+(/-(-77.93))),False
(+*-46.78/16.94)*92.47^2+-21.91*(79.91-94.45^2+(-5.17--)+-82.48*14.74)/(78.45/76.24),(+*-46.78/16.94)*92.47^2+-21.91*(79.91-94.45^2+(-5.17--)+-82.48*14.74)/(78.45/76.24),False
-69.74/-47.48/-62.6+90.4^2-88.68/-98.34*7.98-93.53/-78.9*-72.52/-57.12+//28.84^1,-69.74/-47.48/-62.6+90.4^2-88.68/-98.34*7.98-93.53/-78.9*-72.52/-57.12+//28.84^1,True
(-35.19+85.18)*56.98*16.75+96.69/62.03/57.69+2-84.13/-44.15+-43.87+-79.01---91.47^-62.14,(-35.19+85.18)*56.98*16.75+96.69/62.03/57.69+2-84.13/-44.15+-43.87+-79.01---91.47^-62.14,False
-2.47--33.2-34.8^2--81.53^-68.45+-25.29+99.0^2-(^*68.07*-49.11/-72.97+51.69)+-39.16,-2.47--33.2-34.8^2--81.53^-68.45+-25.29+99.0^2-(^*68.07*-49.11/-72.97+51.69)+-39.16,True
23.54^2-74.42^2+-3.24*-32.78/68.84/64.16/(58.74+-71.58^2+^*-31.35-1.65--77.04),23.54^2-74.42^2+-3.24*-32.78/68.84/64.16/(58.74+-71.58^2+^*-31.35-1.65--77.04),False
25.79*-98.47+-9.42+-37.03^2-72.58^2+38.57^1--78.66*91.81*-9.29*-11.13/-72.97^1,25.79*-98.47+-9.42+-37.03^2-72.58^2+38.57^1--78.66*91.81*-9.29*-11.13/-72.97^1,True
(41.27^(37.02-88.0--92.83*-61.69/-22.83^1+51.88*98.96*(81.01+19.5)+-62.87*(-30.42^1+-9.65))),(41.27^(37.02-88.0--92.83*-61.69/-22.83^1+51.88*98.96*(81.01+19.5)+-62.87*(-30.42^1+-9.65))),False
-68.81^1--9.78+88.06/(-38.79^1+-2.86+-52.12*(-91.43+87.92+-38.2^2--75.73)-73.41+16.87),-68.81^1--9.78+88.06/(-38.79^1+-2.86+-52.12*(-91.43+87.92+-38.2^2--75.73)-73.41+16.87),False
-65.39-(89.63/29.05^2+74.11)-(-92.25/^-19.33+-)*(86.37^2+-61.12^2+36.5)*33.81,-65.39-(89.63/29.05^2+74.11)-(-92.25/^-19.33+-)*(86.37^2+-61.12^2+36.5)*33.81,False
-10.94+79.21^2-89.54^1--46.96^2--94.98*-45.91+(94.6^1-45.53/(94.53^1+-71.66)),-10.94+79.21^2-89.54^1--46.96^2--94.98*-45.91+(94.6^1-45.53/(94.53^1+-71.66)),True
-58.43--87.62*-16.05^2-36.09/81.49--65.71^-94.6^2-35.15--34.44/-97.18+0.34/(-47.65/-30.08),-58.43--87.62*-16.05^2-36.09/81.49--65.71^-94.6^2-35.15--34.44/-97.18+0.34/(-47.65/-30.08),True
3.66^1+19.19*62.79*-16.52^2+-39.66^2+0.76^1+64.27^38.42-98.56-59.56-45.05,3.66^1+19.19*62.79*-16.52^2+-39.66^2+0.76^1+64.27^38.42-98.56-59.56-45.05,True
-86.69--87.54*26.44+86.65+-72.47/-81.17-(27.81^1+-40.12)+91.58^1-26.03/-84.06^1+-43.05,-86.69--87.54*26.44+86.65+-72.47/-81.17-(27.81^1+-40.12)+91.58^1-26.03/-84.06^1+-43.05,True
35.11^2+(-80.66*-83.82*(-99.8+-50.59*36.71*-16.73+-28.77--93.18*-0.87+(11.31/-76.58+(29.02/41.15)))),35.11^2+(-80.66*-83.82*(-99.8+-50.59*36.71*-16.73+-28.77--93.18*-0.87+(11.31/-76.58+(29.02/41.15)))),True
76.25+84.98+4.01^1+-89.39-38.66/-95.64*-26.74^1-87.38*-94.02^1--54.29^+-78.52,76.25+84.98+4.01^1+-89.39-38.66/-95.64*-26.74^1-87.38*-94.02^1--54.29^+-78.52,True
-73.22+-61.58^10.18+90.17/29.47*77.64/-64.58+-81.56--71.96^1-(-29.53/-18.08/-23.21--42.67/64.3),-73.22+-61.58^10.18+90.17/29.47*77.64/-64.58+-81.56--71.96^1-(-29.53/-18.08/-23.21--42.67/64.3),True
-55.4*-*18.41/51.16-35.78-65.68*(-95.46^-9.46)-(1.23*(17.22*(44.88*9.64*36.84)^2+-67.88)),-55.4*-*18.41/51.16-35.78-65.68*(-95.46^-9.46)-(1.23*(17.22*(44.88*9.64*36.84)^2+-67.88)),False
-92.47*-67.79/99.14^2+71.62/51.0/-81.4/55.93*99.0*-54.34--61.16*(-93.69^2+(-36.07--7.31)),-92.47*-67.79/99.14^2+71.62/51.0/-81.4/55.93*99.0*-54.34--61.16*(-93.69^2+(-36.07--7.31)),True
45.84*+/24.29^2+-43.6^2+-49.23/-96.36*34.31--8.93/-92.18/-25.68--91.18--90.1--64.88,45.84*+/24.29^2+-43.6^2+-49.23/-96.36*34.31--8.93/-92.18/-25.68--91.18--90.1--64.88,True
(80.39*1.14/97.87/(-14.89/40.76+-65.79^2--13.41)^1-76.37-10.95/30.23/95.7)*76.25+85.92,(80.39*1.14/97.87/(-14.89/40.76+-65.79^2--13.41)^1-76.37-10.95/30.23/95.7)*76.25+85.92,False
(-*-20.49--34.56*8.32)^1+(-31.04+-20.87*74.37/-7.18*+^-95.6--37.02+25.75*79.1-98.67),(-*-20.49--34.56*8.32)^1+(-31.04+-20.87*74.37/-7.18*+^-95.6--37.02+25.75*79.1-98.67),False
42.37+15.65--24.48+1+36.52^1+11.87^2+24.74-(^-4.55)*-12.08^1-64.25/26.09,42.37+15.65--24.48+1+36.52^1+11.87^2+24.74-(^-4.55)*-12.08^1-64.25/26.09,True
-63.58+-18.19^-43.57-54.83+42.06+61.67+15.39^2+-80.93^1--64.34/27.99/(26.15-(70.51*/)),-63.58+-18.19^-43.57-54.83+42.06+61.67+15.39^2+-80.93^1--64.34/27.99/(26.15-(70.51*/)),False
-83.49^1+-64.81^2+-49.16/49.99--40.15--22.41+44.34/14.82/23.45/-38.49/-12.54-13.03^2,-83.49^1+-64.81^2+-49.16/49.99--40.15--22.41+44.34/14.82/23.45/-38.49/-12.54-13.03^2,True
62.52+-+-66.12^2--51.47--69.29+56.1^13.6-13.75/4.27*-27.65*-63.71^1+-33.46/19.05,62.52+-+-66.12^2--51.47--69.29+56.1^13.6-13.75/4.27*-27.65*-63.71^1+-33.46/19.05,False
46.79^2+0.92-69.94^-94.18--18.25*40.04^2--27.27-66.95^1+29.17*-95.83^1+95.06,46.79^2+0.92-69.94^-94.18--18.25*40.04^2--27.27-66.95^1+29.17*-95.83^1+95.06,False
-73.81-(70.73--89.62)^1--75.18^2-0.47^2-23.35*22.11/-99.34^-74.16^1+-77.36/(9.44),-73.81-(70.73--89.62)^1--75.18^2-0.47^2-23.35*22.11/-99.34^-74.16^1+-77.36/(9.44),False
18.46*-57.83+29.76*-54.72+-/12.18^1--61.63/81.47*-63.3-97.47*81.95/(44.79/-59.91)/-25.88,18.46*-57.83+29.76*-54.72+-/12.18^1--61.63/81.47*-63.3-97.47*81.95/(44.79/-59.91)/-25.88,True
84.97*-47.17+60.04-26.31--37.88^2--31.05-(-85.36-^)-(82.27+22.94*74.35--32.4+75.24+-90.75),84.97*-47.17+60.04-26.31--37.88^2--31.05-(-85.36-^)-(82.27+22.94*74.35--32.4+75.24+-90.75),True
-3.11-(-59.41-(-15.71-(76.44/94.6+-64.57-(69.36*-42.29/52.81^2+(64.01*43.38)--70.14)/-29.63--67.63))),-3.11-(-59.41-(-15.71-(76.44/94.6+-64.57-(69.36*-42.29/52.81^2+(64.01*43.38)--70.14)/-29.63--67.63))),True
+-92.43+-20.35*-93.7*41.88+7.62+-72.12*-66.61--65.09/60.08*94.01*20.08^2+64.81-(-40.66),+-92.43+-20.35*-93.7*41.88+7.62+-72.12*-66.61--65.09/60.08*94.01*20.08^2+64.81-(-40.66),False
84.96+-26.5/(98.25-93.93-+^2+-62.06+27.5*-40.78/47.94*50.68^2+-65.12)--83.94+-33.32,84.96+-26.5/(98.25-93.93-+^2+-62.06+27.5*-40.78/47.94*50.68^2+-65.12)--83.94+-33.32,False
-41.04**+-80.79/-53.83+(-58.0^2--/(-42.59+-8.57+75.23*-28.3)-12.08^1+53.23--75.88),-41.04**+-80.79/-53.83+(-58.0^2--/(-42.59+-8.57+75.23*-28.3)-12.08^1+53.23--75.88),False
41.23/-47.6--18.01/-59.0^1+(57.65*-56.63/-20.77)*70.1*-95.51^2-92.41^1--9.67*78.46,41.23/-47.6--18.01/-59.0^1+(57.65*-56.63/-20.77)*70.1*-95.51^2-92.41^1--9.67*78.46,False
-56.54/84.86^-38.25-96.49*64.56*(60.76*-40.37+(-48.47^2-51.32)*(42.71+85.35*30.21*19.87+-15.71)),-56.54/84.86^-38.25-96.49*64.56*(60.76*-40.37+(-48.47^2-51.32)*(42.71+85.35*30.21*19.87+-15.71)),True
-76.64/(-48.73^1--73.5)/85.53/24.26+52.01+-57.61*(*--6.53--28.57/(88.08*(-/94.41)*-81.29)),-76.64/(-48.73^1--73.5)/85.53/24.26+52.01+-57.61*(*--6.53--28.57/(88.08*(-/94.41)*-81.29)),False
-75.91^1+3.0-88.72--37.53^63.0-4.36+(-19.14^2+41.63+64.88/49.41*90.97)+88.92/(29.32),-75.91^1+3.0-88.72--37.53^63.0-4.36+(-19.14^2+41.63+64.88/49.41*90.97)+88.92/(29.32),True
++-26.53/(41.56--65.96--21.9)/57.66/33.09^2--93.34-(2.74/82.04-56.55/97.0*-43.26^1),++-26.53/(41.56--65.96--21.9)/57.66/33.09^2--93.34-(2.74/82.04-56.55/97.0*-43.26^1),False
(-60.32*-50.21--14.81+26.74*-37.52-(-44.19*24.29+18.93/(-54.37^1+86.83-11.66*-19.15)--95.32^1)),(-60.32*-50.21--14.81+26.74*-37.52-(-44.19*24.29+18.93/(-54.37^1+86.83-11.66*-19.15)--95.32^1)),True
-90.73*97.71*-71.66/51.71^1--59.37^1+-88.65*-14.89-(-46.24^-26.26*-87.11*28.55+15.63)+7.65,-90.73*97.71*-71.66/51.71^1--59.37^1+-88.65*-14.89-(-46.24^-26.26*-87.11*28.55+15.63)+7.65,False
27.77/98.98+7.39*//48.5+-10.09*13.47+(-37.79*(^+-45.72)/(70.26*-55.38^1+-28.59)+42.54),27.77/98.98+7.39*//48.5+-10.09*13.47+(-37.79*(^+-45.72)/(70.26*-55.38^1+-28.59)+42.54),False
18.84-(69.22^1+62.97+-41.57+(^+(20.02^-40.84+72.11+-38.51^2+70.46^1--81.27^2))),18.84-(69.22^1+62.97+-41.57+(^+(20.02^-40.84+72.11+-38.51^2+70.46^1--81.27^2))),True
-55.32+11.72*80.82-23.86-79.11--87.04+(75.66-(-80.54^1+40.06+-63.12*(96.96^2+84.55^46.43))),-55.32+11.72*80.82-23.86-79.11--87.04+(75.66-(-80.54^1+40.06+-63.12*(96.96^2+84.55^46.43))),False
-38.49/52.73--81.49^2+67.99*22.37*44.76^1+(10.75^1/12.46*56.55)^1*36.34^2,-38.49/52.73--81.49^2+67.99*22.37*44.76^1+(10.75^1/12.46*56.55)^1*36.34^2,True
(95.43+-74.09/(32.46+(43.79-78.64^2^(92.85^1--39.65/-91.26/47.49^1-(82.35*(21.34-51.0)))))),(95.43+-74.09/(32.46+(43.79-78.64^2^(92.85^1--39.65/-91.26/47.49^1-(82.35*(21.34-51.0)))))),True
61.63**--32.92+63.89^1-(16.75*+^2+-84.55)+-10.17+(22.62/-47.21*42.64+21.24)--42.2,61.63**--32.92+63.89^1-(16.75*+^2+-84.55)+-10.17+(22.62/-47.21*42.64+21.24)--42.2,False
-11.27*87.78+75.68*(-34.35/-65.1+73.01)/-59.39*-26.41*-35.35+//(-71.96^1--65.84+-74.65*+),-11.27*87.78+75.68*(-34.35/-65.1+73.01)/-59.39*-26.41*-35.35+//(-71.96^1--65.84+-74.65*+),False
(-65.34/-96.31+/+49.96)*37.35-87.63--82.8+-72.05-36.31/(-45.1--35.27+7.11*72.96/-59.85+1.93),(-65.34/-96.31+/+49.96)*37.35-87.63--82.8+-72.05-36.31/(-45.1--35.27+7.11*72.96/-59.85+1.93),False
-13.81+34.03*-83.49^1-63.7+-15.5*(-51.41*18.01*98.87/(33.2-73.92)^1+-12.98^2--43.48),-13.81+34.03*-83.49^1-63.7+-15.5*(-51.41*18.01*98.87/(33.2-73.92)^1+-12.98^2--43.48),True
-86.5--58.4^1-64.57*-12.16+-24.08+(72.18-(27.27/*-97.8/-77.2--25.94*-54.04^2-65.2)),-86.5--58.4^1-64.57*-12.16+-24.08+(72.18-(27.27/*-97.8/-77.2--25.94*-54.04^2-65.2)),False
-12.48*75.17*/^2-73.02^2+89.49-89.1/63.54-51.27^1+86.19*23.04*90.86*-68.56,-12.48*75.17*/^2-73.02^2+89.49-89.1/63.54-51.27^1+86.19*23.04*90.86*-68.56,False
(-90.63*16.35)--29.75-81.82^2-27.96*-86.71^86.41+/^2-73.9/96.51*-69.83*82.02+(30.02),(-90.63*16.35)--29.75-81.82^2-27.96*-86.71^86.41+/^2-73.9/96.51*-69.83*82.02+(30.02),False
-82.55+-73.6/(-77.07+76.86--12.86^2--11.82^2+92.97+-12.78*-47.45+-71.99)/83.55+-36.88*-97.17,-82.55+-73.6/(-77.07+76.86--12.86^2--11.82^2+92.97+-12.78*-47.45+-71.99)/83.55+-36.88*-97.17,True
19.03*6.83+73.51^1--1.52/90.95+-34.68-40.56+-45.85^1-9.67/-12.1*64.69+-76.88+(22.87),19.03*6.83+73.51^1--1.52/90.95+-34.68-40.56+-45.85^1-9.67/-12.1*64.69+-76.88+(22.87),True
35.12*/^2--28.97/62.18^1+-99.81/-34.61+-89.37^1+-40.58+54.45^2--22.92^2,35.12*/^2--28.97/62.18^1+-99.81/-34.61+-89.37^1+-40.58+54.45^2--22.92^2,True
(64.81^1+(-99.57/-86.87*80.35)-70.77)*18.63-40.73*14.57//+92.2/62.29^2--26.26*-7.1,(64.81^1+(-99.57/-86.87*80.35)-70.77)*18.63-40.73*14.57//+92.2/62.29^2--26.26*-7.1,True
-57.24-32.18-52.84/(32.33^1-33.13^2+35.8--22.4/3.98-66.61*70.33/(-94.45-80.47*38.67)),-57.24-32.18-52.84/(32.33^1-33.13^2+35.8--22.4/3.98-66.61*70.33/(-94.45-80.47*38.67)),True
85.06^2--53.85+(-0.94*-36.71*19.85+63.88/30.88)^2/(-50.62^2+-98.57*67.62^2+(-14.02)),85.06^2--53.85+(-0.94*-36.71*19.85+63.88/30.88)^2/(-50.62^2+-98.57*67.62^2+(-14.02)),True
31.23*-75.74*29.28/78.5/-92.87+-23.66-44.44+(62.85*(-27.88/-11.93+-62.03/^*38.6-39.39^2)),31.23*-75.74*29.28/78.5/-92.87+-23.66-44.44+(62.85*(-27.88/-11.93+-62.03/^*38.6-39.39^2)),False
69.46^2--7.01-99.69+55.06--87.45+38.61/-44.22*1+-33.84-60.52--83.01/19.08+95.06^1,69.46^2--7.01-99.69+55.06--87.45+38.61/-44.22*1+-33.84-60.52--83.01/19.08+95.06^1,True
(-92.28*-15.03++^1+-91.67*-90.85*-91.82+58.58^2-*+(-7.56^2+-16.63+48.74)^1),(-92.28*-15.03++^1+-91.67*-90.85*-91.82+58.58^2-*+(-7.56^2+-16.63+48.74)^1),True
-0.73^2+86.06^1-94.95^1-/-96.01--37.25/-^1-88.53-51.89*-38.7--17.17,-0.73^2+86.06^1-94.95^1-/-96.01--37.25/-^1-88.53-51.89*-38.7--17.17,True
(87.84-2+(-28.12/-85.69)*87.32*-35.88+(19.79--48.02+-26.08+-26.74-32.58/69.87+(77.8^1-27.34))),(87.84-2+(-28.12/-85.69)*87.32*-35.88+(19.79--48.02+-26.08+-26.74-32.58/69.87+(77.8^1-27.34))),True
-39.59-(-11.06/10.7+-37.72^1-27.45*-91.81--12.1*-2.78-6.93/--11.48/-46.35/-62.69+71.78),-39.59-(-11.06/10.7+-37.72^1-27.45*-91.81--12.1*-2.78-6.93/--11.48/-46.35/-62.69+71.78),False
90.72+-41.5^1*(-26.53+-31.46--17.45)*7.81*6.93-62.31+-51.05*-11.55/-12.38^2-(-90.77/35.58),90.72+-41.5^1*(-26.53+-31.46--17.45)*7.81*6.93-62.31+-51.05*-11.55/-12.38^2-(-90.77/35.58),False
67.28/-71.0^2-77.24*61.0/-0.71^1--64.16-72.54-90.5*21.47+2+-46.37^1+(-28.75),67.28/-71.0^2-77.24*61.0/-0.71^1--64.16-72.54-90.5*21.47+2+-46.37^1+(-28.75),True
*/61.48+-51.38/78.29--86.21/-16.12^2--43.25-(-39.49//*(16.91-52.11)+-22.99-^--72.88),*/61.48+-51.38/78.29--86.21/-16.12^2--43.25-(-39.49//*(16.91-52.11)+-22.99-^--72.88),False
-55.94*39.37+-55.46/-64.91+-40.81^1+73.29+-87.49-18.08-92.61*(*+43.39+4.07+41.78^2),-55.94*39.37+-55.46/-64.91+-40.81^1+73.29+-87.49-18.08-92.61*(*+43.39+4.07+41.78^2),True
24.38+1.08^88.65+-5.83/-7.31/31.17--51.64-79.52^1+-68.62^1+34.02-74.58+59.63*85.22,24.38+1.08^88.65+-5.83/-7.31/31.17--51.64-79.52^1+-68.62^1+34.02-74.58+59.63*85.22,True
9.89+13.46/51.26*(-35.51-16.75-1.11/-30.91*91.49^2^23.64^1-(40.98^32.93*-51.21-(-5.46))),9.89+13.46/51.26*(-35.51-16.75-1.11/-30.91*91.49^2^23.64^1-(40.98^32.93*-51.21-(-5.46))),False
89.83-11.25^1-(+-(-13.23^1--18.8)*(-96.51--95.98^1--56.69/(+*43.47)/-91.3*-90.37)),89.83-11.25^1-(+-(-13.23^1--18.8)*(-96.51--95.98^1--56.69/(+*43.47)/-91.3*-90.37)),False
-1.15^2+(8.99^2+-17.81+90.07)--80.17+(50.55/57.38)+-72.01*-3.21^2+91.09*-68.8^1,-1.15^2+(8.99^2+-17.81+90.07)--80.17+(50.55/57.38)+-72.01*-3.21^2+91.09*-68.8^1,True
-54.69*-48.34-74.66^2+-61.54/(-25.2/14.12*-73.67)+-99.62^2--42.42-22.63/-89.11*81.36*(-77.29),-54.69*-48.34-74.66^2+-61.54/(-25.2/14.12*-73.67)+-99.62^2--42.42-22.63/-89.11*81.36*(-77.29),True
-97.97/-4.27+-1.24-17.98-44.82^(-62.51^2--53.85*-0.34--49.59--44.93*-10.33/97.19/-29.9^2),-97.97/-4.27+-1.24-17.98-44.82^(-62.51^2--53.85*-0.34--49.59--44.93*-10.33/97.19/-29.9^2),True
79.26/-14.68+-34.45+(-28.32-(81.52/34.14-(-47.36*-73.7^1+-99.63+73.2)/-71.82)--62.77/99.58)*-27.71,79.26/-14.68+-34.45+(-28.32-(81.52/34.14-(-47.36*-73.7^1+-99.63+73.2)/-71.82)--62.77/99.58)*-27.71,True
49.1*-82.77/1-(-43.42+-40.38+43.15/-89.49+-41.34/3.15/66.69^2-1.03*65.69^-88.28-(-90.35)),49.1*-82.77/1-(-43.42+-40.38+43.15/-89.49+-41.34/3.15/66.69^2-1.03*65.69^-88.28-(-90.35)),True
-12.45*76.72+-47.42*(-22.77-62.9)+0.98^1.79/-48.01+-83.5/(/^2+-21.33^(83.76^1+86.55)),-12.45*76.72+-47.42*(-22.77-62.9)+0.98^1.79/-48.01+-83.5/(/^2+-21.33^(83.76^1+86.55)),False
-68.11^1-25.1+-61.24*-+(-87.38^2--63.04/-85.84*-32.05+-35.35)*(42.05+(41.54^1-(-0.64))),-68.11^1-25.1+-61.24*-+(-87.38^2--63.04/-85.84*-32.05+-35.35)*(42.05+(41.54^1-(-0.64))),True
10.99*26.36+-12.43+50.75^1--67.96^1--7.22--10.73-(-+-88.28)+24.26^1+-*(-61.39),10.99*26.36+-12.43+50.75^1--67.96^1--7.22--10.73-(-+-88.28)+24.26^1+-*(-61.39),True
//86.25+34.19+(-79.65^2+34.61)*-21.65/14.16+12.08/-49.59/92.44-/+-18.68--49.89^1,//86.25+34.19+(-79.65^2+34.61)*-21.65/14.16+12.08/-49.59/92.44-/+-18.68--49.89^1,False
4.76-^*-95.51/-84.1/-98.73-74.81+4.39^2--23.1-92.7/-87.06/25.69*-91.35/76.55/-0.7,4.76-^*-95.51/-84.1/-98.73-74.81+4.39^2--23.1-92.7/-87.06/25.69*-91.35/76.55/-0.7,False
58.46-1.13-91.02/30.58^1--55.0*89.66+(/*-4.96+58.0--16.69/-76.62+(-77.57/3.78-44.53)),58.46-1.13-91.02/30.58^1--55.0*89.66+(/*-4.96+58.0--16.69/-76.62+(-77.57/3.78-44.53)),False
-6.95--36.57*(47.52/61.11+44.37^1+-24.63*(50.8*(95.44--83.95)-15.49^2--89.15^2-61.16)),-6.95--36.57*(47.52/61.11+44.37^1+-24.63*(50.8*(95.44--83.95)-15.49^2--89.15^2-61.16)),True
29.83+-45.88-(85.29--82.94^1-89.97^1+(49.25-5.61^1--42.74)^85.68-^*(35.25+-51.32)),29.83+-45.88-(85.29--82.94^1-89.97^1+(49.25-5.61^1--42.74)^85.68-^*(35.25+-51.32)),False
-39.49+(-32.51+-^1-(-80.94*-89.37^2-31.24^-82.58-18.1)*(6.49/-53.54*29.0-10.42*(90.05))),-39.49+(-32.51+-^1-(-80.94*-89.37^2-31.24^-82.58-18.1)*(6.49/-53.54*29.0-10.42*(90.05))),False
98.35+-86.62+-38.84^2+13.16*(64.36+-44.53--22.47^2-(-80.32*(-4.9/-^1+91.97)/-76.01)),98.35+-86.62+-38.84^2+13.16*(64.36+-44.53--22.47^2-(-80.32*(-4.9/-^1+91.97)/-76.01)),False
(22.27+5.87)^2+3.89^12.23^29.96-82.55--93.3^1+37.96+99.42*31.59+-72.79^2--22.03,(22.27+5.87)^2+3.89^12.23^29.96-82.55--93.3^1+37.96+99.42*31.59+-72.79^2--22.03,True
-37.67+68.03+91.23*(-9.58--78.94--44.85*-40.15+55.83)-5.68+-65.72/2-19.98+81.47^1--98.89,-37.67+68.03+91.23*(-9.58--78.94--44.85*-40.15+55.83)-5.68+-65.72/2-19.98+81.47^1--98.89,True
71.57+-61.54^1+84.6/-23.16/-98.17^(1.13/-88.07+-34.13)*68.24^2--98.74^1--91.25/33.01,71.57+-61.54^1+84.6/-23.16/-98.17^(1.13/-88.07+-34.13)*68.24^2--98.74^1--91.25/33.01,False
-16.24^1--9.99*31.04+-51.75-47.67^2+-14.63--99.47*//-50.72*87.8*50.81+-8.19*-74.95,-16.24^1--9.99*31.04+-51.75-47.67^2+-14.63--99.47*//-50.72*87.8*50.81+-8.19*-74.95,True
-34.88+-47.49/(-24.77^2--38.69^2--44.7)+78.57*-85.74*(28.33*10.53^1+-28.23+41.62+-88.73),-34.88+-47.49/(-24.77^2--38.69^2--44.7)+78.57*-85.74*(28.33*10.53^1+-28.23+41.62+-88.73),True
//-85.74+-2.61--95.27/35.16-(-36.07/-53.08^2-66.27+-61.65-52.93/73.0-(81.09^2--93.61)),//-85.74+-2.61--95.27/35.16-(-36.07/-53.08^2-66.27+-61.65-52.93/73.0-(81.09^2--93.61)),False
-25.86/-50.22-62.67/-58.67+41.97*69.06+-44.39*-48.02--18.81*62.61+-33.37^-89.12+15.51^2+(-6.53),-25.86/-50.22-62.67/-58.67+41.97*69.06+-44.39*-48.02--18.81*62.61+-33.37^-89.12+15.51^2+(-6.53),False
17.88^1^82.73/-35.1/-5.77/77.16*5.96-13.59-(-94.74^2--42.95+-90.06-(57.91/61.72)/-38.0),17.88^1^82.73/-35.1/-5.77/77.16*5.96-13.59-(-94.74^2--42.95+-90.06-(57.91/61.72)/-38.0),True
(-29.14*(11.59/56.13+-57.23--13.78^1-51.2*71.43*32.95)+98.41+29.67/92.51-/-32.67--43.94),(-29.14*(11.59/56.13+-57.23--13.78^1-51.2*71.43*32.95)+98.41+29.67/92.51-/-32.67--43.94),False
(-45.53/-70.58/(-81.52-37.76+29.05-5.39)^1-81.57^-55.56--33.63^2--91.6+99.9*71.53)^1,(-45.53/-70.58/(-81.52-37.76+29.05-5.39)^1-81.57^-55.56--33.63^2--91.6+99.9*71.53)^1,True
-19.49^1--95.38-64.57*14.97*-50.76^2+79.11/-50.22*-41.81^9.98-(11.15-90.93)+62.13/-2.57,-19.49^1--95.38-64.57*14.97*-50.76^2+79.11/-50.22*-41.81^9.98-(11.15-90.93)+62.13/-2.57,False
-66.02*-96.85*13.95*-85.46/-88.14*-90.03+-12.05/95.6+72.07/-86.53*58.37-72.7-69.04+38.34*36.25,-66.02*-96.85*13.95*-85.46/-88.14*-90.03+-12.05/95.6+72.07/-86.53*58.37-72.7-69.04+38.34*36.25,True
79.01*-66.75-75.11*33.13/-38.57-63.45+5.88^2+77.44*-94.02*60.64+-48.07^1+6.38+-81.99,79.01*-66.75-75.11*33.13/-38.57-63.45+5.88^2+77.44*-94.02*60.64+-48.07^1+6.38+-81.99,False
26.14--34.83+56.73/(90.63*-27.04--89.28*-47.37/*--39.34^1-10.15/68.83*81.39-(-0.93-81.87)),26.14--34.83+56.73/(90.63*-27.04--89.28*-47.37/*--39.34^1-10.15/68.83*81.39-(-0.93-81.87)),False
75.35^1+-24.93+93.15-79.15^1+3.33^1--17.47^1+65.64--47.05^2--75.77/-7.17,75.35^1+-24.93+93.15-79.15^1+3.33^1--17.47^1+65.64--47.05^2--75.77/-7.17,True
(-67.2^2-(-56.99*12.77^2+(47.47*63.86-33.03-19.45^1+(-36.19^2+7.08)-35.41-^))),(-67.2^2-(-56.99*12.77^2+(47.47*63.86-33.03-19.45^1+(-36.19^2+7.08)-35.41-^))),True
88.76/-66.24/(4.02^1-39.36^2-20.48^1*-34.79+90.01*31.01-(88.21/67.53)+2--91.1),88.76/-66.24/(4.02^1-39.36^2-20.48^1*-34.79+90.01*31.01-(88.21/67.53)+2--91.1),True
-29.35--22.58*14.67/-0.66/71.26*-12.11^2+^^2-37.39/75.43*39.47--75.17-81.05+19.47,-29.35--22.58*14.67/-0.66/71.26*-12.11^2+^^2-37.39/75.43*39.47--75.17-81.05+19.47,True
-4.21-30.2+-26.08+(65.56^2--78.07)+-98.07+59.24/-24.26/-46.83*2+34.95-6.05+18.37*-67.36,-4.21-30.2+-26.08+(65.56^2--78.07)+-98.07+59.24/-24.26/-46.83*2+34.95-6.05+18.37*-67.36,False
-64.17-30.67-17.84*79.79^2^-52.6^2-59.65--46.74+27.93^2+(-31.04*-49.64)^1+29.34,-64.17-30.67-17.84*79.79^2^-52.6^2-59.65--46.74+27.93^2+(-31.04*-49.64)^1+29.34,False
71.5^2-32.63+(77.04/59.99+-73.13/87.05-(-2.39*84.27*72.99+(39.2-(37.81--34.91)*-14.34+0.9))),71.5^2-32.63+(77.04/59.99+-73.13/87.05-(-2.39*84.27*72.99+(39.2-(37.81--34.91)*-14.34+0.9))),False
(-0.02-29.21*29.21/(53.7/35.45/(57.83^2-(-89.87--17.45)+22.55)--35.04-(37.43--51.65/99.82^2))),(-0.02-29.21*29.21/(53.7/35.45/(57.83^2-(-89.87--17.45)+22.55)--35.04-(37.43--51.65/99.82^2))),True
-30.94*-70.14^-39.21+81.28/92.45*^-95.94*-91.78^2--23.8/-96.89*9.32^2-(72.58*93.7),-30.94*-70.14^-39.21+81.28/92.45*^-95.94*-91.78^2--23.8/-96.89*9.32^2-(72.58*93.7),False
-68.26^2-87.97-28.61+-30.54*88.63*-99.71+-83.95--24.11*(-96.87*(25.49^2--94.41^2+(-56.48))),-68.26^2-87.97-28.61+-30.54*88.63*-99.71+-83.95--24.11*(-96.87*(25.49^2--94.41^2+(-56.48))),True
(-22.53+-94.88^2-31.74*(7.24+++-8.76)-54.52*22.86*(-67.04^1--58.71*-66.72^1--77.83)),(-22.53+-94.88^2-31.74*(7.24+++-8.76)-54.52*22.86*(-67.04^1--58.71*-66.72^1--77.83)),False
-76.64-30.11^1+52.36--86.47^2-(16.31+(-14.75/(//-14.39)/(-94.18*9.28+97.28)^1+57.94)),-76.64-30.11^1+52.36--86.47^2-(16.31+(-14.75/(//-14.39)/(-94.18*9.28+97.28)^1+57.94)),True
(8.81+-60.55*-51.09-*)^1--68.4*67.07*-47.04*6.89^1+54.62^1+71.73+-93.19+43.05,(8.81+-60.55*-51.09-*)^1--68.4*67.07*-47.04*6.89^1+54.62^1+71.73+-93.19+43.05,False
-97.62*14.47^1+9.04^2--^2+89.46/(34.05/-23.98/(-59.15^2+-69.43)^2+-92.2),-97.62*14.47^1+9.04^2--^2+89.46/(34.05/-23.98/(-59.15^2+-69.43)^2+-92.2),False
72.69*20.64-79.85--17.76/-9.75/2+79.82+70.23^2-39.61--93.15*(-98.18*57.96^2--16.43),72.69*20.64-79.85--17.76/-9.75/2+79.82+70.23^2-39.61--93.15*(-98.18*57.96^2--16.43),True
-85.69^2--66.88+9.44/-35.08-38.24-(6.04-(-86.2+-29.85^2-(-20.49^2+-36.04+17.61^2))),-85.69^2--66.88+9.44/-35.08-38.24-(6.04-(-86.2+-29.85^2-(-20.49^2+-36.04+17.61^2))),True
-41.56^-34.0--46.62-69.95/41.41/-65.99^2+26.81/-51.19^2-30.66/-42.67^2+-21.09^2,-41.56^-34.0--46.62-69.95/41.41/-65.99^2+26.81/-51.19^2-30.66/-42.67^2+-21.09^2,False
77.55/50.29*-59.45+23.29*(-69.57^2+-56.41*-64.6*-59.33)+66.58+-30.38*(-51.5^1+-71.05/-36.84),77.55/50.29*-59.45+23.29*(-69.57^2+-56.41*-64.6*-59.33)+66.58+-30.38*(-51.5^1+-71.05/-36.84),True
(75.69+-54.3*25.78+(-17.29^1+-66.37)-86.66/47.82+(-88.53^1-89.91^-73.44--77.62/63.01/-77.76)),(75.69+-54.3*25.78+(-17.29^1+-66.37)-86.66/47.82+(-88.53^1-89.91^-73.44--77.62/63.01/-77.76)),False
-95.99/(-10.74^1+-54.38)^2+-92.76/1-46.21+(-36.58*3.25+14.09-(-91.01/46.24^-96.71--99.18)),-95.99/(-10.74^1+-54.38)^2+-92.76/1-46.21+(-36.58*3.25+14.09-(-91.01/46.24^-96.71--99.18)),True
-1.56^2+68.58^1+-6.01+-15.67*-78.96*-44.11+-87.64--26.24^-38.19--62.48-1-37.88*-99.96,-1.56^2+68.58^1+-6.01+-15.67*-78.96*-44.11+-87.64--26.24^-38.19--62.48-1-37.88*-99.96,False
-72.54+29.81^1-96.71^2--36.01+(-60.18+79.69-91.83/64.02+(47.49-92.51)--13.88--97.65+7.75),-72.54+29.81^1-96.71^2--36.01+(-60.18+79.69-91.83/64.02+(47.49-92.51)--13.88--97.65+7.75),True
(-31.0^1--3.86^-32.61-65.67^1--38.96)-54.36/-74.53**^2+-57.32*-90.24^2-57.02,(-31.0^1--3.86^-32.61-65.67^1--38.96)-54.36/-74.53**^2+-57.32*-90.24^2-57.02,False
(-71.66-1.9+/)^2-10.3^2-+*97.36^1+(90.15/-34.09^1--33.12-43.95-8.07),(-71.66-1.9+/)^2-10.3^2-+*97.36^1+(90.15/-34.09^1--33.12-43.95-8.07),False
(*/-0.12+70.18*6.15)^2-+/57.46^1--62.0+57.06*11.23*-66.71/-27.79+69.02-26.52,(*/-0.12+70.18*6.15)^2-+/57.46^1--62.0+57.06*11.23*-66.71/-27.79+69.02-26.52,True
30.3^2/(97.09--53.25^2-24.96*69.81^1-(-32.87+-47.11+55.54*22.47^1+45.79+10.97)),30.3^2/(97.09--53.25^2-24.96*69.81^1-(-32.87+-47.11+55.54*22.47^1+45.79+10.97)),False
-62.16+-85.4-(87.86*-32.97^1+48.69--71.85+62.91/-24.59/98.98)^0.61-10.98*(-32.45+-23.79)+25.77,-62.16+-85.4-(87.86*-32.97^1+48.69--71.85+62.91/-24.59/98.98)^0.61-10.98*(-32.45+-23.79)+25.77,False
65.65^1+-47.42+13.49/41.18/(60.57+-73.42/93.64/(-96.62/(93.95--54.25*^/-64.85/-11.39)*-77.43)),65.65^1+-47.42+13.49/41.18/(60.57+-73.42/93.64/(-96.62/(93.95--54.25*^/-64.85/-11.39)*-77.43)),False
(42.79+-35.15/-/-17.16)^1+76.63+91.53/-13.85*-93.99+22.73-18.76--34.98/41.4/-2.79/18.96,(42.79+-35.15/-/-17.16)^1+76.63+91.53/-13.85*-93.99+22.73-18.76--34.98/41.4/-2.79/18.96,False
57.85/59.33*60.84+-72.33/(17.66/66.57)+3.3*-94.38-42.69/++33.0--32.14^1--80.89-66.87,57.85/59.33*60.84+-72.33/(17.66/66.57)+3.3*-94.38-42.69/++33.0--32.14^1--80.89-66.87,False
-87.18--15.19--93.56-92.98+67.38/46.24^2--54.62*(76.88+-62.73)^1+(-10.04+-89.55/62.56/-50.79),-87.18--15.19--93.56-92.98+67.38/46.24^2--54.62*(76.88+-62.73)^1+(-10.04+-89.55/62.56/-50.79),False
48.69-/--32.68*-83.49/34.13-64.3/(-93.6+-0.89^1+-)*-12.89^2+-64.0+91.49--73.58,48.69-/--32.68*-83.49/34.13-64.3/(-93.6+-0.89^1+-)*-12.89^2+-64.0+91.49--73.58,False
^*68.1--68.91/31.57/(-99.5/(-42.86/27.62^1+20.94-76.59-(*+-75.65*90.01-(-65.63/(-12.41))))),^*68.1--68.91/31.57/(-99.5/(-42.86/27.62^1+20.94-76.59-(*+-75.65*90.01-(-65.63/(-12.41))))),False
--35.73+-75.95-1.24*-68.25+-56.23*36.45+18.32^2--80.41*-40.73/-65.31--77.16--22.82+-87.83,--35.73+-75.95-1.24*-68.25+-56.23*36.45+18.32^2--80.41*-40.73/-65.31--77.16--22.82+-87.83,False
(22.16^2-(-38.34^1-75.13*14.21^1+(-63.75^2++*++-74.89^2+40.89--81.78))),(22.16^2-(-38.34^1-75.13*14.21^1+(-63.75^2++*++-74.89^2+40.89--81.78))),False
79.73*77.2/-53.44^2--64.86-(-45.55^2-(13.39^1--16.81)*-63.0)/-82.45^1^73.76-91.88,79.73*77.2/-53.44^2--64.86-(-45.55^2-(13.39^1--16.81)*-63.0)/-82.45^1^73.76-91.88,False
-57.73+91.73/35.55--44.05--25.53^1-87.71+57.4^2.06+(-40.8^2--38.8^1+-67.18^73.99),-57.73+91.73/35.55--44.05--25.53^1-87.71+57.4^2.06+(-40.8^2--38.8^1+-67.18^73.99),False
-99.58-15.36--89.78*72.42*88.59/(6.93*71.84/58.98)+-57.06*69.82/-72.3^1--61.05----76.68,-99.58-15.36--89.78*72.42*88.59/(6.93*71.84/58.98)+-57.06*69.82/-72.3^1--61.05----76.68,False
65.68/-87.42+-80.04--30.77*-48.77/-73.8-^^1+-0.71+-30.94/-80.97-//(63.06+81.72+-85.8),65.68/-87.42+-80.04--30.77*-48.77/-73.8-^^1+-0.71+-30.94/-80.97-//(63.06+81.72+-85.8),False
-73.6+-2.08--7.62//--83.09+(84.52-(-44.07*-93.92+57.09-21.71/43.37+8.34--92.74+77.44^2)),-73.6+-2.08--7.62//--83.09+(84.52-(-44.07*-93.92+57.09-21.71/43.37+8.34--92.74+77.44^2)),False
