Original,Perturbed,Is_Equivalent
-52.43--88.04+(-41.91+-1.77)+57.48+(-48.98+39.29/23.04)/24.8/-32.89,-52.43--88.04+(-41.91+-1.77)+57.48+(-48.98+39.29/23.04)/24.8/-32.89,False
1.55**+(-11.67*34.49)-(6.69-5.44+68.63*1.01-99.2)-26.07,1.55**+(-11.67*34.49)-(6.69-5.44+68.63*1.01-99.2)-26.07,True
-53.84-(++-73.0--50.64*-52.89)-42.26/-10.98*(91.06/(-77.25*/)),-53.84-(++-73.0--50.64*-52.89)-42.26/-10.98*(91.06/(-77.25*/)),False
-/-38.68/68.09/52.95*5.2+14.56-93.48/40.31-30.62+-29.92,-/-38.68/68.09/52.95*5.2+14.56-93.48/40.31-30.62+-29.92,True
---8.36+37.82*22.81*44.86+89.58/63.55+-59.65*65.21*(31.76),---8.36+37.82*22.81*44.86+89.58/63.55+-59.65*65.21*(31.76),False
30.56*-71.89+(32.46/96.18/-65.17)+*/-79.03/-94.34/-91.14+80.15,30.56*-71.89+(32.46/96.18/-65.17)+*/-79.03/-94.34/-91.14+80.15,True
-46.07*-16.53+(-79.47+17.86/23.78+84.6*-14.48)/-14.96+-12.74-63.7,-46.07*-16.53+(-79.47+17.86/23.78+84.6*-14.48)/-14.96+-12.74-63.7,False
51.23/-24.41-85.26/(-58.03*+*-1.46--1.0--20.69)+66.62-(-54.42),51.23/-24.41-85.26/(-58.03*+*-1.46--1.0--20.69)+66.62-(-54.42),False
-91.25/92.3+(/*36.49-30.05)-(//-36.3/-87.27+-44.95*-61.28),-91.25/92.3+(/*36.49-30.05)-(//-36.3/-87.27+-44.95*-61.28),False
(65.75+-43.29)+27.74*20.91+(-99.49+29.61*33.33)+(15.58--71.9/-97.67),(65.75+-43.29)+27.74*20.91+(-99.49+29.61*33.33)+(15.58--71.9/-97.67),False
-7.47*(64.44+-48.37*79.71+-68.41)/-72.96*-97.86/-52.75*16.17*-48.23,-7.47*(64.44+-48.37*79.71+-68.41)/-72.96*-97.86/-52.75*16.17*-48.23,True
25.63+64.54/-1.62*(-65.58+36.66)+81.88--69.36*71.44*-79.1/51.52,25.63+64.54/-1.62*(-65.58+36.66)+81.88--69.36*71.44*-79.1/51.52,False
51.37*60.57/26.04/50.38*-95.6-42.28*-48.84+89.54/(80.95+34.96),51.37*60.57/26.04/50.38*-95.6-42.28*-48.84+89.54/(80.95+34.96),True
81.25/40.66*-39.03*/*47.52*(-80.5-46.05)/(83.55*60.92)/76.97,81.25/40.66*-39.03*/*47.52*(-80.5-46.05)/(83.55*60.92)/76.97,True
-55.5/(-56.74--92.34*-67.89)--81.14-(-69.02+/*(56.48+(-75.93+34.94))),-55.5/(-56.74--92.34*-67.89)--81.14-(-69.02+/*(56.48+(-75.93+34.94))),False
6.95+*+/*48.26+-28.49*-29.02/(60.31-74.06-(-96.72/-3.25)),6.95+*+/*48.26+-28.49*-29.02/(60.31-74.06-(-96.72/-3.25)),False
42.83+56.62/-46.31*++(58.93--22.83*(70.18--65.02)+(-47.06/97.16)),42.83+56.62/-46.31*++(58.93--22.83*(70.18--65.02)+(-47.06/97.16)),False
-53.01*-56.88-(29.91+(29.15/15.65-(83.5/42.57-(-14.76/-33.57--56.24)))),-53.01*-56.88-(29.91+(29.15/15.65-(83.5/42.57-(-14.76/-33.57--56.24)))),True
(-84.42+-16.97)*41.23/18.14--32.84-59.84-3.32-(46.26*64.94+-),(-84.42+-16.97)*41.23/18.14--32.84-59.84-3.32-(46.26*64.94+-),True
37.39/-56.86-*+-9.7*-77.17--81.81+-23.6/98.83*-79.09+-1.98,37.39/-56.86-*+-9.7*-77.17--81.81+-23.6/98.83*-79.09+-1.98,False
(*+33.72--0.17--58.88-(19.15+-39.49/-85.62)*45.69)/62.05-(-74.97),(*+33.72--0.17--58.88-(19.15+-39.49/-85.62)*45.69)/62.05-(-74.97),False
-59.78*(53.56--18.4-40.37)-(-33.6-44.94-+)/13.95/-78.89--27.21,-59.78*(53.56--18.4-40.37)-(-33.6-44.94-+)/13.95/-78.89--27.21,False
29.03--96.31*-56.89-66.81*(68.71-22.08*73.22)*-90.71--12.35*-2.23,29.03--96.31*-56.89-66.81*(68.71-22.08*73.22)*-90.71--12.35*-2.23,True
4.25-5.86*-36.11--44.0--1.88--84.8-0.03+(8.53*22.42+-97.2),4.25-5.86*-36.11--44.0--1.88--84.8-0.03+(8.53*22.42+-97.2),True
-58.22*-57.25-(25.03/-51.4+-70.02*-90.36)--57.51+-91.54/72.65/78.58,-58.22*-57.25-(25.03/-51.4+-70.02*-90.36)--57.51+-91.54/72.65/78.58,True
66.31/55.95+72.08+56.48*/-(-63.47/-64.81)/-98.03*+-71.67,66.31/55.95+72.08+56.48*/-(-63.47/-64.81)/-98.03*+-71.67,False
(-98.14/-75.51)+39.7+30.71/79.38--7.6*(-39.01+/)/-22.44/-31.52,(-98.14/-75.51)+39.7+30.71/79.38--7.6*(-39.01+/)/-22.44/-31.52,False
84.26+-12.15+-19.18*55.8**/-71.94-(-12.98*-75.13+-1.62/-16.81),84.26+-12.15+-19.18*55.8**/-71.94-(-12.98*-75.13+-1.62/-16.81),False
46.46--3.4-29.62*80.89*+/(36.94+75.29/6.38*-11.26--97.57),46.46--3.4-29.62*80.89*+/(36.94+75.29/6.38*-11.26--97.57),False
-92.21/5.02**-97.41-66.89/-39.72/2.22+9.91/75.09+22.64,-92.21/5.02**-97.41-66.89/-39.72/2.22+9.91/75.09+22.64,True
-96.8+(17.96-(-99.88/99.19*1.83)*29.18+72.41)/17.36*+*62.51,-96.8+(17.96-(-99.88/99.19*1.83)*29.18+72.41)/17.36*+*62.51,True
(69.4--13.33--43.29+-60.93/55.52+(36.66*-)+-38.85)-(*+51.71),(69.4--13.33--43.29+-60.93/55.52+(36.66*-)+-38.85)-(*+51.71),False
(-/-4.17*-36.49--2.25)+-73.49**+61.4*-81.27+(65.02/-73.25),(-/-4.17*-36.49--2.25)+-73.49**+61.4*-81.27+(65.02/-73.25),False
55.33/12.27+56.38--94.68-72.2--4.56/(-80.53//*32.44-3.08),55.33/12.27+56.38--94.68-72.2--4.56/(-80.53//*32.44-3.08),False
1.4/-78.7-78.86*4.18*-78.01-80.66/(**25.24+(57.51+71.12)),1.4/-78.7-78.86*4.18*-78.01-80.66/(**25.24+(57.51+71.12)),True
20.27/-55.8*-45.73/20.99*-80.18+-33.29+36.25*95.44/-60.4/-10.76,20.27/-55.8*-45.73/20.99*-80.18+-33.29+36.25*95.44/-60.4/-10.76,True
-87.21--20.46/24.94+-66.55+-72.42/-92.71-55.1-13.92/-77.23--16.48,-87.21--20.46/24.94+-66.55+-72.42/-92.71-55.1-13.92/-77.23--16.48,True
(2.36*-54.32*92.61--66.22*-76.13)*-79.82+66.15+-14.9+-52.4/99.27,(2.36*-54.32*92.61--66.22*-76.13)*-79.82+66.15+-14.9+-52.4/99.27,False
30.82-21.77/79.42*-55.39*23.21*-60.69/-33.47--24.28-98.41-*,30.82-21.77/79.42*-55.39*23.21*-60.69/-33.47--24.28-98.41-*,False
(-54.96*+*58.48*-85.11)+(-2.2/95.46)*59.73+(-4.22-(**33.71)),(-54.96*+*58.48*-85.11)+(-2.2/95.46)*59.73+(-4.22-(**33.71)),False
84.97*-81.0*14.59/-39.81/(7.81--17.45)--21.69/4.71-*+-64.76,84.97*-81.0*14.59/-39.81/(7.81--17.45)--21.69/4.71-*+-64.76,False
-6.03*-98.7+-20.56/34.63+99.24+(5.85+-23.25+(25.42+(-20.07+91.69))),-6.03*-98.7+-20.56/34.63+99.24+(5.85+-23.25+(25.42+(-20.07+91.69))),True
(51.48-24.92)+**15.83*-46.79-/*/+-40.3/-69.6*(3.72),(51.48-24.92)+**15.83*-46.79-/*/+-40.3/-69.6*(3.72),False
(-1.8+10.65*(10.01*35.87+11.94/-18.99)+-44.09+-)*(-81.62*-16.38),(-1.8+10.65*(10.01*35.87+11.94/-18.99)+-44.09+-)*(-81.62*-16.38),False
-16.07/(-79.52/(84.21/37.21/25.68/-55.5*-89.28*82.66)+(/+(44.85))),-16.07/(-79.52/(84.21/37.21/25.68/-55.5*-89.28*82.66)+(/+(44.85))),False
-37.41-(-96.64+-45.25+-97.18-91.9-62.9)-25.33/45.55-33.19/-90.65,-37.41-(-96.64+-45.25+-97.18-91.9-62.9)-25.33/45.55-33.19/-90.65,False
41.91*83.07*73.51/12.56/-16.39+88.45+92.55/65.14-94.26/93.3,41.91*83.07*73.51/12.56/-16.39+88.45+92.55/65.14-94.26/93.3,True
54.79-(67.58/(**-9.56+80.26*-83.36+73.91*0.96)-78.64/17.81),54.79-(67.58/(**-9.56+80.26*-83.36+73.91*0.96)-78.64/17.81),True
32.13--38.93*25.09/-48.28*(29.85/(17.27+(40.47--51.75+29.28)*-64.92)),32.13--38.93*25.09/-48.28*(29.85/(17.27+(40.47--51.75+29.28)*-64.92)),True
(-54.11//)/(50.97--24.0*-0.18/49.47)-57.09+9.31/27.53*61.47,(-54.11//)/(50.97--24.0*-0.18/49.47)-57.09+9.31/27.53*61.47,False
6.37+(42.54*-54.79)+-53.61+(-27.3///-13.77-90.25/-0.09+97.88),6.37+(42.54*-54.79)+-53.61+(-27.3///-13.77-90.25/-0.09+97.88),True
63.73+-41.13--8.62/4.0*-83.89+-1.41*-42.71+/+-10.81+-28.86,63.73+-41.13--8.62/4.0*-83.89+-1.41*-42.71+/+-10.81+-28.86,False
(75.41-(-19.33-60.21*-41.08)+-43.38+-27.57-80.22)-47.44-72.92+31.3,(75.41-(-19.33-60.21*-41.08)+-43.38+-27.57-80.22)-47.44-72.92+31.3,True
-27.85/-23.03*(-7.49+-6.62/-21.04*37.14+-63.43+79.24*62.11)-/,-27.85/-23.03*(-7.49+-6.62/-21.04*37.14+-63.43+79.24*62.11)-/,True
40.09*(-*-61.6*-48.3+(36.12+24.17*-46.0-64.04)+50.45*-80.49),40.09*(-*-61.6*-48.3+(36.12+24.17*-46.0-64.04)+50.45*-80.49),False
-20.81*5.6/-49.34-18.36/-45.32*47.27*8.37/-89.25--23.04--33.69,-20.81*5.6/-49.34-18.36/-45.32*47.27*8.37/-89.25--23.04--33.69,True
62.04+12.88/(59.84--15.79)+-59.75+-18.72/49.24-(43.88/-11.32*26.06),62.04+12.88/(59.84--15.79)+-59.75+-18.72/49.24-(43.88/-11.32*26.06),True
75.4*32.18+94.68/-47.11*60.39*76.44+71.48+46.57+-41.18-(-14.55),75.4*32.18+94.68/-47.11*60.39*76.44+71.48+46.57+-41.18-(-14.55),False
39.94*-62.53*99.44-39.4+-2.55+42.42+-12.21*-41.12+94.8+-31.16,39.94*-62.53*99.44-39.4+-2.55+42.42+-12.21*-41.12+94.8+-31.16,False
96.08*-2.93*//-32.33+20.3--21.58+*+64.15/(29.26+-7.27),96.08*-2.93*//-32.33+20.3--21.58+*+64.15/(29.26+-7.27),False
(10.78+68.2*56.57)-97.09-*+55.87/-+70.7*(**-34.08),(10.78+68.2*56.57)-97.09-*+55.87/-+70.7*(**-34.08),False
-54.73+-70.89+-99.88+(25.79-75.65/-87.27)+-4.49/-0.1+(33.68*-),-54.73+-70.89+-99.88+(25.79-75.65/-87.27)+-4.49/-0.1+(33.68*-),False
-41.42--90.04/8.06/51.93*14.99-90.67+*+36.92/91.96/(50.76),-41.42--90.04/8.06/51.93*14.99-90.67+*+36.92/91.96/(50.76),False
(91.59*-81.32)--9.84--86.3/37.41+-50.98-94.87+-90.57*-0.67+-40.06,(91.59*-81.32)--9.84--86.3/37.41+-50.98-94.87+-90.57*-0.67+-40.06,True
37.47+45.43*94.3/-21.34--51.3--3.09*-15.2/-71.62+60.81+-,37.47+45.43*94.3/-21.34--51.3--3.09*-15.2/-71.62+60.81+-,False
-25.72/(35.35+-21.64+(-52.03+93.07-46.35/-36.04/-33.31*(-45.87+-51.47))),-25.72/(35.35+-21.64+(-52.03+93.07-46.35/-36.04/-33.31*(-45.87+-51.47))),True
-62.92*66.66+-63.9*-48.85+(-26.28+-69.83+-60.76+26.95-3.06/*),-62.92*66.66+-63.9*-48.85+(-26.28+-69.83+-60.76+26.95-3.06/*),True
38.61-60.93+(-19.06/55.87*92.37)-7.27+74.58+-25.39*-98.41*(-62.55),38.61-60.93+(-19.06/55.87*92.37)-7.27+74.58+-25.39*-98.41*(-62.55),False
31.06*50.16/-53.75*-77.31*42.5*2.52+(*/-3.05-(91.88+17.8)),31.06*50.16/-53.75*-77.31*42.5*2.52+(*/-3.05-(91.88+17.8)),False
57.62-35.41+**11.41/+*58.39/85.24--79.42*-31.93+-24.48,57.62-35.41+**11.41/+*58.39/85.24--79.42*-31.93+-24.48,False
(29.72--82.39+46.13)+-55.94--45.25+-58.07-69.58/22.78+-57.6*(-44.71),(29.72--82.39+46.13)+-55.94--45.25+-58.07-69.58/22.78+-57.6*(-44.71),True
80.65/-78.39*-59.01*6.6-65.99/35.92*(87.89*(*--69.07)/-68.29),80.65/-78.39*-59.01*6.6-65.99/35.92*(87.89*(*--69.07)/-68.29),True
(**23.41/4.89+87.31+-51.22+-59.49)*36.59+75.46+51.3*-95.51,(**23.41/4.89+87.31+-51.22+-59.49)*36.59+75.46+51.3*-95.51,False
+-(78.79-61.6/-76.29+(-13.46/-10.71*40.29)/79.6)*-13.46-66.31,+-(78.79-61.6/-76.29+(-13.46/-10.71*40.29)/79.6)*-13.46-66.31,True
40.53+(+----80.29+(30.87--28.27)*(53.1--94.5-12.44*(-83.63))),40.53+(+----80.29+(30.87--28.27)*(53.1--94.5-12.44*(-83.63))),False
-77.15+(88.28*-88.39)/-19.28/(-53.86-94.44/-82.2-24.81/(98.55/-91.99)),-77.15+(88.28*-88.39)/-19.28/(-53.86-94.44/-82.2-24.81/(98.55/-91.99)),True
-90.55*46.5*52.25*-59.73/(62.2+46.87)*44.76-99.65-7.22-17.57,-90.55*46.5*52.25*-59.73/(62.2+46.87)*44.76-99.65-7.22-17.57,True
(-23.32/-85.11*-39.1/0.89--4.29+-91.4+77.36/23.04+-68.84*-76.7),(-23.32/-85.11*-39.1/0.89--4.29+-91.4+77.36/23.04+-68.84*-76.7),True
37.76+(-80.48-82.05--13.39+93.16+(-29.88/-63.66-(31.78-5.25*/))),37.76+(-80.48-82.05--13.39+93.16+(-29.88/-63.66-(31.78-5.25*/))),False
-63.44+-55.3*33.52*(31.2-82.29)*8.04/(-70.49/-94.85)*(-78.93*-26.15),-63.44+-55.3*33.52*(31.2-82.29)*8.04/(-70.49/-94.85)*(-78.93*-26.15),False
(90.17/(50.54+(77.63-(//(76.03-60.8)*(30.98/51.04-37.1*-81.4))))),(90.17/(50.54+(77.63-(//(76.03-60.8)*(30.98/51.04-37.1*-81.4))))),False
98.75*74.67*25.27*-/-47.13-(-33.62+49.13+70.35-1.93)+86.92,98.75*74.67*25.27*-/-47.13-(-33.62+49.13+70.35-1.93)+86.92,False
(-25.2+(-36.22*83.01*-56.86-78.04+21.73*-59.66)+/*-41.5)-71.99,(-25.2+(-36.22*83.01*-56.86-78.04+21.73*-59.66)+/*-41.5)-71.99,False
-77.96*-18.02/*/-85.28/-85.58*92.82--34.2/(75.49/-36.5/9.1),-77.96*-18.02/*/-85.28/-85.58*92.82--34.2/(75.49/-36.5/9.1),False
(-59.19+37.89/-77.93+-86.58)/(-65.76/*--86.01/25.06--56.2)-47.72,(-59.19+37.89/-77.93+-86.58)/(-65.76/*--86.01/25.06--56.2)-47.72,False
-68.85+-62.45*76.69-*+54.37-65.21/(-41.58+-72.58/86.51*81.45),-68.85+-62.45*76.69-*+54.37-65.21/(-41.58+-72.58/86.51*81.45),False
-6.22-70.43/-13.91*++-9.82+-42.07-(-91.21-(80.12+(18.5/85.85))),-6.22-70.43/-13.91*++-9.82+-42.07-(-91.21-(80.12+(18.5/85.85))),False
-98.22--47.03*-71.69+-16.96--76.21/-42.67*-2.19*44.18+-18.42+-6.55,-98.22--47.03*-71.69+-16.96--76.21/-42.67*-2.19*44.18+-18.42+-6.55,True
+-63.33*78.12/(-60.33-50.05)/36.41+-22.25-91.4+-93.36/51.58,+-63.33*78.12/(-60.33-50.05)/36.41+-22.25-91.4+-93.36/51.58,False
0.84*58.34/++-18.2/54.61-22.86+-92.0+(-8.99/(0.82+-47.33)),0.84*58.34/++-18.2/54.61-22.86+-92.0+(-8.99/(0.82+-47.33)),False
(-64.09*(73.52+-82.49-(-19.38/14.78/6.0/28.82--77.99+19.29-(-36.53)))),(-64.09*(73.52+-82.49-(-19.38/14.78/6.0/28.82--77.99+19.29-(-36.53)))),True
42.94*75.24+(60.92+(25.89*26.56+89.58/-76.77/-81.93*52.13-+)),42.94*75.24+(60.92+(25.89*26.56+89.58/-76.77/-81.93*52.13-+)),False
-/39.0/-25.27-(-18.31--91.5-(-3.66+(*+-89.29*/)+-32.88)),-/39.0/-25.27-(-18.31--91.5-(-3.66+(*+-89.29*/)+-32.88)),False
-11.58*-5.9*50.81*88.39*-55.3+4.8/-49.67-(*/-37.04)-(59.59),-11.58*-5.9*50.81*88.39*-55.3+4.8/-49.67-(*/-37.04)-(59.59),False
41.99+98.6*29.9--24.2/82.55+(65.03/-30.61)+49.3-(*/27.15),41.99+98.6*29.9--24.2/82.55+(65.03/-30.61)+49.3-(*/27.15),False
-92.73+64.55--31.23*-34.17+26.2*88.09+-75.72-(-45.06-8.17*(93.55)),-92.73+64.55--31.23*-34.17+26.2*88.09+-75.72-(-45.06-8.17*(93.55)),False
60.86/(-44.61*-54.16-*+(-88.65/-63.0)+(99.24*8.43/20.28/74.79)),60.86/(-44.61*-54.16-*+(-88.65/-63.0)+(99.24*8.43/20.28/74.79)),False
(67.2*(68.59--54.41*-87.98--32.8/-79.82*-72.66*(-+30.29-(-99.33)))),(67.2*(68.59--54.41*-87.98--32.8/-79.82*-72.66*(-+30.29-(-99.33)))),False
97.7*32.33+-7.34+8.93+-34.53-62.18+(-4.55/-75.1/62.11/+),97.7*32.33+-7.34+8.93+-34.53-62.18+(-4.55/-75.1/62.11/+),False
-3.3--77.96-98.18+83.24/-83.11*-81.66*(30.59*96.04)+93.57*91.68,-3.3--77.96-98.18+83.24/-83.11*-81.66*(30.59*96.04)+93.57*91.68,False
77.29/+--57.48*(26.69+-79.66--32.48)*3.4/9.09+18.07+-99.69,77.29/+--57.48*(26.69+-79.66--32.48)*3.4/9.09+18.07+-99.69,False
-68.09+/+-84.4/(49.18-/)-31.95/21.44+-48.15+-55.01/90.16,-68.09+/+-84.4/(49.18-/)-31.95/21.44+-48.15+-55.01/90.16,False
-66.02/60.79-84.12/49.13/++41.2*-15.89+(-98.17+53.27-98.0),-66.02/60.79-84.12/49.13/++41.2*-15.89+(-98.17+53.27-98.0),False
-95.0+*/23.25/-13.09*-26.85/-87.13+(-2.7/-6.92/-24.28)*-79.1,-95.0+*/23.25/-13.09*-26.85/-87.13+(-2.7/-6.92/-24.28)*-79.1,True
45.23+43.46-51.35*-86.69*95.42*-35.89+37.48*37.38--53.02/77.7,45.23+43.46-51.35*-86.69*95.42*-35.89+37.48*37.38--53.02/77.7,False
-24.87++/13.72--36.19*50.24***-46.72--49.49-44.23+-99.05,-24.87++/13.72--36.19*50.24***-46.72--49.49-44.23+-99.05,False
9.85/(79.84*-3.3-71.21)*65.54+(21.01--7.97*84.8+(-53.15+73.78)),9.85/(79.84*-3.3-71.21)*65.54+(21.01--7.97*84.8+(-53.15+73.78)),False
-71.26+54.48+(-37.81--9.52/(-97.33*33.13+-31.93/*)--54.56/32.2),-71.26+54.48+(-37.81--9.52/(-97.33*33.13+-31.93/*)--54.56/32.2),False
73.8--69.29/-60.74/89.44/-87.76+-85.38-30.77+-91.0+-43.19-80.06,73.8--69.29/-60.74/89.44/-87.76+-85.38-30.77+-91.0+-43.19-80.06,True
-46.53*54.61+90.93/(-38.81--90.31)*-69.87/-13.9-38.52/38.36*-32.02,-46.53*54.61+90.93/(-38.81--90.31)*-69.87/-13.9-38.52/38.36*-32.02,True
-2.66-8.6--*(-57.09+75.64*/*26.42/-76.83*(-32.4+24.23)),-2.66-8.6--*(-57.09+75.64*/*26.42/-76.83*(-32.4+24.23)),True
/--78.82-52.68*-96.47+-33.05+42.46/-80.35-94.98*45.58+-24.15,/--78.82-52.68*-96.47+-33.05+42.46/-80.35-94.98*45.58+-24.15,False
-91.25+-8.02+81.16*-40.73/-26.69+79.79+82.72++/74.34+(-88.54),-91.25+-8.02+81.16*-40.73/-26.69+79.79+82.72++/74.34+(-88.54),False
-13.16*(88.08-7.94-24.82/80.98--74.45/-47.88+(-79.1-(22.7+42.78))),-13.16*(88.08-7.94-24.82/80.98--74.45/-47.88+(-79.1-(22.7+42.78))),True
-96.22*+/46.75+-23.02+(-84.44-96.92*-68.48/46.03)+61.8-2.58,-96.22*+/46.75+-23.02+(-84.44-96.92*-68.48/46.03)+61.8-2.58,False
-27.46-82.59/93.56/-96.86*-60.72*22.67+-99.67/(-92.41/(94.39+-40.32)),-27.46-82.59/93.56/-96.86*-60.72*22.67+-99.67/(-92.41/(94.39+-40.32)),True
88.51*0.73+(-74.39*(-40.62+-37.73)+/--96.99)+-85.46-8.62+-99.61,88.51*0.73+(-74.39*(-40.62+-37.73)+/--96.99)+-85.46-8.62+-99.61,False
34.65-(-52.49+-90.97+62.27+-49.71/-35.29/-80.53)--69.65-38.49+-75.14,34.65-(-52.49+-90.97+62.27+-49.71/-35.29/-80.53)--69.65-38.49+-75.14,True
-98.41-18.57+(41.39-+-(+*(-61.85-60.44+66.6+77.02--76.98))),-98.41-18.57+(41.39-+-(+*(-61.85-60.44+66.6+77.02--76.98))),False
-6.4*-89.17*96.91/-13.82/15.96-99.73/84.62-11.58--67.26+5.09,-6.4*-89.17*96.91/-13.82/15.96-99.73/84.62-11.58--67.26+5.09,True
-29.33/93.08+-45.1--47.87-(97.37--95.5--53.78--93.04+-25.68*(88.17)),-29.33/93.08+-45.1--47.87-(97.37--95.5--53.78--93.04+-25.68*(88.17)),True
92.73/-60.46-54.55+-35.21/(-61.98--92.95/38.81-45.46*0.39/67.83),92.73/-60.46-54.55+-35.21/(-61.98--92.95/38.81-45.46*0.39/67.83),False
+*-72.45/-35.27/88.95/-50.99/-7.98--91.61*9.63+48.79*86.18,+*-72.45/-35.27/88.95/-50.99/-7.98--91.61*9.63+48.79*86.18,True
75.73+-83.88+(-35.24/-8.67--43.99/40.74/67.15+(2.59/54.07+-78.63)),75.73+-83.88+(-35.24/-8.67--43.99/40.74/67.15+(2.59/54.07+-78.63)),False
-4.71+-6.66*89.8-56.32-(-6.79/(14.18+50.39+(64.83+-71.49*(-19.73)))),-4.71+-6.66*89.8-56.32-(-6.79/(14.18+50.39+(64.83+-71.49*(-19.73)))),True
-27.24--57.46/(-47.14++/67.49*-38.86*90.39--38.76)-(-55.84*9.59),-27.24--57.46/(-47.14++/67.49*-38.86*90.39--38.76)-(-55.84*9.59),True
51.02/-49.32*+-47.49/35.29+64.39--54.6/-84.17*1.03-33.37,51.02/-49.32*+-47.49/35.29+64.39--54.6/-84.17*1.03-33.37,False
(45.01*90.86+-49.57/-86.82/(13.98+0.42*-40.44)--95.69-0.18+34.59),(45.01*90.86+-49.57/-86.82/(13.98+0.42*-40.44)--95.69-0.18+34.59),True
(+*99.04--72.47-(-5.09/(-71.18+16.76)--29.76-37.2)+(83.67+(-83.64))),(+*99.04--72.47-(-5.09/(-71.18+16.76)--29.76-37.2)+(83.67+(-83.64))),False
-44.95*76.13/96.16*-9.09*-57.52*-52.05/13.11-63.41+65.2/-54.1,-44.95*76.13/96.16*-9.09*-57.52*-52.05/13.11-63.41+65.2/-54.1,False
38.13/-62.19/-21.62*56.78+--2.29*0.45-(15.74-48.12/*),38.13/-62.19/-21.62*56.78+--2.29*0.45-(15.74-48.12/*),False
99.26/-30.61-93.81/-88.95/(58.94+/)-9.26+(53.63-(-41.48+20.58)),99.26/-30.61-93.81/-88.95/(58.94+/)-9.26+(53.63-(-41.48+20.58)),True
-29.2+-75.48+(-55.34*71.78+46.34+(-30.8-25.05+-74.7-90.97-65.35)),-29.2+-75.48+(-55.34*71.78+46.34+(-30.8-25.05+-74.7-90.97-65.35)),True
94.3+9.8*-62.44+77.18+(89.52*-14.55)+37.26/(75.54/48.0)-(-76.46),94.3+9.8*-62.44+77.18+(89.52*-14.55)+37.26/(75.54/48.0)-(-76.46),False
(-42.33+(-63.46+42.55-56.9*(-32.58+(60.99/39.56+(3.61--31.17/-10.24))))),(-42.33+(-63.46+42.55-56.9*(-32.58+(60.99/39.56+(3.61--31.17/-10.24))))),True
48.9*73.06--67.67/-27.51+37.88*(-70.36*-13.27)+67.89+26.45/(61.58),48.9*73.06--67.67/-27.51+37.88*(-70.36*-13.27)+67.89+26.45/(61.58),True
71.64+57.16+(/-(-96.68*(31.17-34.09*-35.33*25.25*93.72--41.28))),71.64+57.16+(/-(-96.68*(31.17-34.09*-35.33*25.25*93.72--41.28))),True
36.68+5.46++/-65.38--92.59+99.45-7.59+-35.3--0.85-91.89,36.68+5.46++/-65.38--92.59+99.45-7.59+-35.3--0.85-91.89,False
-13.41*-50.81/-86.19+13.62+-46.24*-38.03*3.04*99.51*//(-50.19),-13.41*-50.81/-86.19+13.62+-46.24*-38.03*3.04*99.51*//(-50.19),False
-23.71--23.2-0.38/-41.69+52.28--67.4+-37.78*(-53.09*(+*82.62)),-23.71--23.2-0.38/-41.69+52.28--67.4+-37.78*(-53.09*(+*82.62)),False
//63.89*-47.54--75.92+-85.11--42.43/-25.42+86.22*56.89-(45.27),//63.89*-47.54--75.92+-85.11--42.43/-25.42+86.22*56.89-(45.27),False
36.33/31.01*53.18--80.75-99.57+(-75.71*-8.37)-25.86/-64.04/49.62,36.33/31.01*53.18--80.75-99.57+(-75.71*-8.37)-25.86/-64.04/49.62,True
89.23--25.73*//(76.15-94.98)--57.0*-34.28*-91.02*-38.75/81.31,89.23--25.73*//(76.15-94.98)--57.0*-34.28*-91.02*-38.75/81.31,False
-/-28.56*64.6-53.0/-56.67/97.54--47.72+74.87-75.86+13.73,-/-28.56*64.6-53.0/-56.67/97.54--47.72+74.87-75.86+13.73,True
72.17+23.01/*/8.52/54.19+14.52--16.6*-11.52--40.62-(48.08),72.17+23.01/*/8.52/54.19+14.52--16.6*-11.52--40.62-(48.08),True
83.27+41.39+8.81--93.19-10.31+65.35***(14.72/-77.43*-75.83),83.27+41.39+8.81--93.19-10.31+65.35***(14.72/-77.43*-75.83),False
85.43/-63.02/-20.02*81.57/-75.88--98.39*88.71+-53.94*(99.2+-14.76),85.43/-63.02/-20.02*81.57/-75.88--98.39*88.71+-53.94*(99.2+-14.76),True
-64.1/47.42*-6.43--34.82/-1.74/-62.33/36.75+79.31+77.12-68.57,-64.1/47.42*-6.43--34.82/-1.74/-62.33/36.75+79.31+77.12-68.57,True
(++(-36.02--46.51)--2.78*20.39-(-7.69+69.11-(/+-10.44-61.3))),(++(-36.02--46.51)--2.78*20.39-(-7.69+69.11-(/+-10.44-61.3))),False
(-40.83*(-2.36/+-8.56+48.03*14.61)/-70.6--98.72)*28.68//,(-40.83*(-2.36/+-8.56+48.03*14.61)/-70.6--98.72)*28.68//,False
51.94*(15.98/(48.64*-38.74)*(-1.74/9.66/59.5/42.93*-66.03*-23.2)),51.94*(15.98/(48.64*-38.74)*(-1.74/9.66/59.5/42.93*-66.03*-23.2)),True
(68.98/83.35*-38.52)/15.34+(91.45+-98.94/13.41/55.35-(-63.79/-8.19)),(68.98/83.35*-38.52)/15.34+(91.45+-98.94/13.41/55.35-(-63.79/-8.19)),True
21.73-(-82.08+55.58-(46.94/**21.93+-30.37+20.97-83.27/+)),21.73-(-82.08+55.58-(46.94/**21.93+-30.37+20.97-83.27/+)),False
-48.65/-76.49/-76.17/53.28/32.53*-69.27+(-33.76+/+-89.54--57.86),-48.65/-76.49/-76.17/53.28/32.53*-69.27+(-33.76+/+-89.54--57.86),True
(6.5--37.9*(19.58/28.9-(**57.2+(-99.7+-74.59/22.27/-86.53)))),(6.5--37.9*(19.58/28.9-(**57.2+(-99.7+-74.59/22.27/-86.53)))),False
27.92+-35.16/42.09/81.51*(+-96.85/99.47/-86.14/-93.26*87.59),27.92+-35.16/42.09/81.51*(+-96.85/99.47/-86.14/-93.26*87.59),False
42.6+-82.36-2.62+-0.96--66.82*-39.85/16.57--33.63/-13.46+-33.95,42.6+-82.36-2.62+-0.96--66.82*-39.85/16.57--33.63/-13.46+-33.95,True
56.4-(6.87/27.59+-26.06+26.74/-53.72-*/(38.19--26.96+82.8)),56.4-(6.87/27.59+-26.06+26.74/-53.72-*/(38.19--26.96+82.8)),False
-62.29/35.84+-3.55/-59.84/-41.2--7.45/-7.27/-25.61-22.01*86.49,-62.29/35.84+-3.55/-59.84/-41.2--7.45/-7.27/-25.61-22.01*86.49,True
-39.96+-23.89+-69.98-(-1.49/81.52*(6.15/90.1-(1.41/(-40.29/-56.26)))),-39.96+-23.89+-69.98-(-1.49/81.52*(6.15/90.1-(1.41/(-40.29/-56.26)))),True
-62.55//**/(65.57/53.03*-10.23-(74.62+50.5*53.75*(-91.86))),-62.55//**/(65.57/53.03*-10.23-(74.62+50.5*53.75*(-91.86))),False
-39.59*13.37--*79.95*58.05-26.13+45.86+20.78--31.15*12.19,-39.59*13.37--*79.95*58.05-26.13+45.86+20.78--31.15*12.19,False
26.29+(41.25-22.91+33.95*3.33)/-6.72**+(-46.14/(20.85--5.0)),26.29+(41.25-22.91+33.95*3.33)/-6.72**+(-46.14/(20.85--5.0)),True
51.41*-81.57+-55.69*80.89--92.58-30.7+-30.49+(94.94-(35.39+62.47)),51.41*-81.57+-55.69*80.89--92.58-30.7+-30.49+(94.94-(35.39+62.47)),True
58.73/-13.78/-0.09*(11.45+-66.85--4.5--72.36--44.59--17.26*-53.09),58.73/-13.78/-0.09*(11.45+-66.85--4.5--72.36--44.59--17.26*-53.09),True
48.53+-97.36*50.57-37.51-*/15.79-(44.09/49.76*95.07+60.93),48.53+-97.36*50.57-37.51-*/15.79-(44.09/49.76*95.07+60.93),True
1.6-(*+(-81.32-(-42.27+-92.99--32.44/60.52)/-92.58/(-9.4/17.92))),1.6-(*+(-81.32-(-42.27+-92.99--32.44/60.52)/-92.58/(-9.4/17.92))),True
58.58/(+--93.79-(20.3-83.5+(84.39*-80.51/89.9*-70.74*96.0))),58.58/(+--93.79-(20.3-83.5+(84.39*-80.51/89.9*-70.74*96.0))),False
59.19+1.88+(-89.74*(75.7*-51.12*-81.84--32.28*40.2*75.39-(64.07))),59.19+1.88+(-89.74*(75.7*-51.12*-81.84--32.28*40.2*75.39-(64.07))),False
*+79.36/79.24/-45.32--17.94*-74.09+-72.6*(-42.66/-67.84/(-42.42)),*+79.36/79.24/-45.32--17.94*-74.09+-72.6*(-42.66/-67.84/(-42.42)),True
23.12+-60.05/-69.48/-28.22/31.2+-60.77*(75.35*(-30.31+-7.22)+(11.52)),23.12+-60.05/-69.48/-28.22/31.2+-60.77*(75.35*(-30.31+-7.22)+(11.52)),True
-35.84*-71.86+-95.72*-55.75*-36.58-61.55+-53.13+79.87*-40.17+66.47,-35.84*-71.86+-95.72*-55.75*-36.58-61.55+-53.13+79.87*-40.17+66.47,False
26.84+*+-66.54/27.19-64.47/-17.07*-60.48/21.53+58.51/*,26.84+*+-66.54/27.19-64.47/-17.07*-60.48/21.53+58.51/*,True
-34.57+79.65+-57.26-*/16.68*-3.76*-17.21-11.86++/-14.14,-34.57+79.65+-57.26-*/16.68*-3.76*-17.21-11.86++/-14.14,False
36.06+(-48.75/70.13-(10.48*-58.93/5.62-6.05+-47.04+(41.93/45.92))),36.06+(-48.75/70.13-(10.48*-58.93/5.62-6.05+-47.04+(41.93/45.92))),False
49.22+-25.27*59.98*(77.05+-43.69*11.2-41.11+-84.37/-81.46//),49.22+-25.27*59.98*(77.05+-43.69*11.2-41.11+-84.37/-81.46//),False
10.98-52.2/-61.34+46.51--68.0/(62.07+-45.65*-75.76--77.97+/),10.98-52.2/-61.34+46.51--68.0/(62.07+-45.65*-75.76--77.97+/),False
41.09+-83.4+-47.0*-73.02+-94.18-86.9-6.62*23.15+16.28-(93.09),41.09+-83.4+-47.0*-73.02+-94.18-86.9-6.62*23.15+16.28-(93.09),False
29.27+56.81/(15.3-38.88/50.97*51.75*-83.09/60.87/10.96/88.51),29.27+56.81/(15.3-38.88/50.97*51.75*-83.09/60.87/10.96/88.51),True
17.36-32.86--79.72/83.92*50.27-16.25*-52.4-75.26/-59.74/(89.19),17.36-32.86--79.72/83.92*50.27-16.25*-52.4-75.26/-59.74/(89.19),True
(-10.55+(4.68+-35.59--82.28/-44.5-(-6.49+32.59)+-99.87-40.82/(-87.56))),(-10.55+(4.68+-35.59--82.28/-44.5-(-6.49+32.59)+-99.87-40.82/(-87.56))),False
-73.48/-20.76-(45.68/(*+-31.81-78.88/72.07*-14.63)+38.45/+),-73.48/-20.76-(45.68/(*+-31.81-78.88/72.07*-14.63)+38.45/+),False
-48.64+52.19*++(-47.26+-9.38-5.53)*(19.95--5.36)--92.87/52.59,-48.64+52.19*++(-47.26+-9.38-5.53)*(19.95--5.36)--92.87/52.59,False
-2.89+(-88.9/-57.42*-49.44--17.83+13.11)///55.6+96.64*-79.88,-2.89+(-88.9/-57.42*-49.44--17.83+13.11)///55.6+96.64*-79.88,False
-25.4*23.74--94.91*-6.48-85.44/19.53*4.03/-46.85+43.37-63.68,-25.4*23.74--94.91*-6.48-85.44/19.53*4.03/-46.85+43.37-63.68,False
59.33/-7.84/(84.17-(-42.74+(7.3-90.0/17.92*-56.14/99.88)-(-74.11))),59.33/-7.84/(84.17-(-42.74+(7.3-90.0/17.92*-56.14/99.88)-(-74.11))),True
(63.3+43.24-53.86)-72.81*25.34-7.84/79.45/82.5+62.75+-52.56,(63.3+43.24-53.86)-72.81*25.34-7.84/79.45/82.5+62.75+-52.56,True
74.34-41.8+-14.93-15.58+//-9.24+90.62*(-93.61+-25.84/22.13),74.34-41.8+-14.93-15.58+//-9.24+90.62*(-93.61+-25.84/22.13),True
-90.38+52.71*-32.92+-24.14+-25.53*-98.86+-55.84-77.25-(64.79-52.58),-90.38+52.71*-32.92+-24.14+-25.53*-98.86+-55.84-77.25-(64.79-52.58),True
50.67+-86.45+-8.82*30.05-(20.83/-89.51*-2.51/-76.11/30.52*14.14),50.67+-86.45+-8.82*30.05-(20.83/-89.51*-2.51/-76.11/30.52*14.14),False
-58.21/(-71.95+50.17/-98.01+*+-56.56)/-24.85--68.97-86.16-93.63,-58.21/(-71.95+50.17/-98.01+*+-56.56)/-24.85--68.97-86.16-93.63,True
-86.16-37.27+-36.92*-3.6+-4.52+(-40.65-(74.02*85.57)//)+29.1,-86.16-37.27+-36.92*-3.6+-4.52+(-40.65-(74.02*85.57)//)+29.1,False
-19.73/-7.19+-65.91--51.71--73.98+9.91/-30.83--46.1-37.17--94.09,-19.73/-7.19+-65.91--51.71--73.98+9.91/-30.83--46.1-37.17--94.09,False
6.96/(70.06/93.33/(-93.05-/+-21.83/15.9*56.98)--80.84+-14.29),6.96/(70.06/93.33/(-93.05-/+-21.83/15.9*56.98)--80.84+-14.29),False
-43.28*(-14.82+29.22/-37.67/20.68-*/-25.93--67.11)-78.95*-24.82,-43.28*(-14.82+29.22/-37.67/20.68-*/-25.93--67.11)-78.95*-24.82,True
13.21--48.57*-99.76+-68.61*-97.64+-32.17*(47.36*81.02+-8.94-(-85.62)),13.21--48.57*-99.76+-68.61*-97.64+-32.17*(47.36*81.02+-8.94-(-85.62)),True
-77.69*-98.91+-86.37-55.37+46.78--27.05/-73.4--11.16/96.94/(-49.35),-77.69*-98.91+-86.37-55.37+46.78--27.05/-73.4--11.16/96.94/(-49.35),False
/--88.02+(21.25+78.71*(19.81-93.5--93.07+/)/96.56)*-6.2,/--88.02+(21.25+78.71*(19.81-93.5--93.07+/)/96.56)*-6.2,False
(-78.37+-11.77/50.23-(*+-49.22+66.9--99.31*(31.99*-11.4-40.0))),(-78.37+-11.77/50.23-(*+-49.22+66.9--99.31*(31.99*-11.4-40.0))),True
-65.17-48.11+/-66.48-64.09*-77.06-3.87*-42.23*(40.06*-27.89),-65.17-48.11+/-66.48-64.09*-77.06-3.87*-42.23*(40.06*-27.89),False
-88.33*-1.55/-20.68/-97.78/92.21--24.46/-16.65*-12.29-59.9--13.04,-88.33*-1.55/-20.68/-97.78/92.21--24.46/-16.65*-12.29-59.9--13.04,False
-13.4/(-92.48-53.95--22.75+-73.19+-27.78)*0.89+80.28--68.81*-2.38,-13.4/(-92.48-53.95--22.75+-73.19+-27.78)*0.89+80.28--68.81*-2.38,False
-69.87/-30.02*(-13.68*(-33.91/-24.72/14.63-(-51.67+(//1.05/-77.91)))),-69.87/-30.02*(-13.68*(-33.91/-24.72/14.63-(-51.67+(//1.05/-77.91)))),True
4.43-/*24.82-5.99-65.54--74.43/98.5/-97.93*-29.31*(-8.07),4.43-/*24.82-5.99-65.54--74.43/98.5/-97.93*-29.31*(-8.07),False
//42.4-40.69+(82.94--57.22-21.68/78.5)/-90.58-//85.6,//42.4-40.69+(82.94--57.22-21.68/78.5)/-90.58-//85.6,False
47.15-21.09*87.59/(13.54+-2.46*28.96+67.1)/53.03/62.19-(94.07),47.15-21.09*87.59/(13.54+-2.46*28.96+67.1)/53.03/62.19-(94.07),True
42.71-(36.57*97.61*(-24.29/85.3/-98.94)*-41.33/98.09+-14.58+(-4.18)),42.71-(36.57*97.61*(-24.29/85.3/-98.94)*-41.33/98.09+-14.58+(-4.18)),True
17.46+(71.56-29.58-32.92+-68.76)+(78.05+(46.28*(22.78-86.5)+(21.13))),17.46+(71.56-29.58-32.92+-68.76)+(78.05+(46.28*(22.78-86.5)+(21.13))),True
-23.85*76.36-(-65.15*-86.13*-61.81+2.08+83.47/84.75)-(30.46--4.39),-23.85*76.36-(-65.15*-86.13*-61.81+2.08+83.47/84.75)-(30.46--4.39),True
94.77--16.1/(1.04/-34.45)-1.72*-48.78-93.44+-93.29/46.89*8.18,94.77--16.1/(1.04/-34.45)-1.72*-48.78-93.44+-93.29/46.89*8.18,True
(84.43*-43.93+-8.92-29.33/89.74*21.37*-16.68+11.75)*72.29*4.01,(84.43*-43.93+-8.92-29.33/89.74*21.37*-16.68+11.75)*72.29*4.01,True
-60.33+71.93/(-37.37*(89.89+18.63*(-12.68/11.01*82.48/(36.63-18.55)))),-60.33+71.93/(-37.37*(89.89+18.63*(-12.68/11.01*82.48/(36.63-18.55)))),True
(-4.79-(46.95-(-3.69+-31.35*57.76-67.91-(-28.86+-6.55*87.49)/(0.51)))),(-4.79-(46.95-(-3.69+-31.35*57.76-67.91-(-28.86+-6.55*87.49)/(0.51)))),True
-71.46*(-91.71+71.5)-46.52/(-25.02/44.39/-10.11--64.03+(30.18/-8.09)),-71.46*(-91.71+71.5)-46.52/(-25.02/44.39/-10.11--64.03+(30.18/-8.09)),True
-12.55*+*-5.73/-70.83/-92.78+-46.52+43.36/-36.77*93.64+*,-12.55*+*-5.73/-70.83/-92.78+-46.52+43.36/-36.77*93.64+*,False
33.24*(12.55/(4.48+(86.95+42.58)+-53.31/-83.07)/**-59.86/(-45.96)),33.24*(12.55/(4.48+(86.95+42.58)+-53.31/-83.07)/**-59.86/(-45.96)),True
-97.1+(-28.07*-84.75*-83.07)*91.14*-28.4+-8.12/-43.53+-61.17*+,-97.1+(-28.07*-84.75*-83.07)*91.14*-28.4+-8.12/-43.53+-61.17*+,False
-19.94+-48.81/69.85+10.04+-/21.75--67.94+33.56*-+-42.27,-19.94+-48.81/69.85+10.04+-/21.75--67.94+33.56*-+-42.27,False
(++(-12.27+-8.45*32.82)+(-*-46.32+36.11-74.39/-67.08+(39.33))),(++(-12.27+-8.45*32.82)+(-*-46.32+36.11-74.39/-67.08+(39.33))),True
-4.61*77.31/(-97.98*(2.0--64.41*-*37.18+-0.81/-7.41*-84.76)),-4.61*77.31/(-97.98*(2.0--64.41*-*37.18+-0.81/-7.41*-84.76)),True
-54.77/(30.66*48.01+-47.79)+61.17/-93.11+73.42/-83.88+-40.08*(+),-54.77/(30.66*48.01+-47.79)+61.17/-93.11+73.42/-83.88+-40.08*(+),False
19.17-(-/-32.89)+33.99-36.87*95.63+(57.35--83.5/(20.33*1.76)),19.17-(-/-32.89)+33.99-36.87*95.63+(57.35--83.5/(20.33*1.76)),True
-7.8*26.09*-26.46*75.38+52.19-64.91--35.71/-25.85-(-75.41+-92.06),-7.8*26.09*-26.46*75.38+52.19-64.91--35.71/-25.85-(-75.41+-92.06),True
-48.85/-26.2/-42.4*-11.39/(33.72+31.18)*-43.81+-21.58*-5.13+-23.08,-48.85/-26.2/-42.4*-11.39/(33.72+31.18)*-43.81+-21.58*-5.13+-23.08,True
(15.44-29.14//--90.53*86.65/-81.01+84.29/-30.94/(-35.81*0.01)),(15.44-29.14//--90.53*86.65/-81.01+84.29/-30.94/(-35.81*0.01)),False
98.8+-41.45*31.58/98.08*92.3/-22.7-13.02*-24.37*-17.88+(22.6),98.8+-41.45*31.58/98.08*92.3/-22.7-13.02*-24.37*-17.88+(22.6),True
(38.59+(15.25-17.35+-16.9+(72.18*(-72.06+39.32+0.84+(58.04*-79.06))))),(38.59+(15.25-17.35+-16.9+(72.18*(-72.06+39.32+0.84+(58.04*-79.06))))),True
25.47--11.5/-97.76-(-78.83-64.65-38.48*-19.64*19.73)/-/(*),25.47--11.5/-97.76-(-78.83-64.65-38.48*-19.64*19.73)/-/(*),False
(18.65/-25.02+-15.49+(+/37.59/+*-31.41*-93.58/74.8-76.61)),(18.65/-25.02+-15.49+(+/37.59/+*-31.41*-93.58/74.8-76.61)),False
1.18+91.52/80.24*/-97.11-15.82+-8.09+*+89.36*47.09,1.18+91.52/80.24*/-97.11-15.82+-8.09+*+89.36*47.09,False
-0.02*(-37.24+-14.93)/83.77--91.99++*29.89+88.37+85.14/-42.15,-0.02*(-37.24+-14.93)/83.77--91.99++*29.89+88.37+85.14/-42.15,True
77.17/-16.52-51.88+(1.7/41.82/53.98/71.58*-45.91)+-38.35+72.61,77.17/-16.52-51.88+(1.7/41.82/53.98/71.58*-45.91)+-38.35+72.61,True
-7.26-67.45-37.22-33.21--43.82/-73.7/(-73.1*-12.91+42.61/-63.5),-7.26-67.45-37.22-33.21--43.82/-73.7/(-73.1*-12.91+42.61/-63.5),False
86.17*57.62-13.0+2.22+31.08+14.94*-0.8+-54.07+26.82*53.84,86.17*57.62-13.0+2.22+31.08+14.94*-0.8+-54.07+26.82*53.84,True
19.94/(-30.03+18.5)/-18.15--90.44--17.47-77.97*(2.85+(*/47.28)),19.94/(-30.03+18.5)/-18.15--90.44--17.47-77.97*(2.85+(*/47.28)),True
9.6/(-76.69*(63.3*-68.2*74.26*-)/-8.3*10.43)/-25.8-(-40.66),9.6/(-76.69*(63.3*-68.2*74.26*-)/-8.3*10.43)/-25.8-(-40.66),True
47.86+(-45.55/-84.39+-5.42+-45.83/(-84.28+33.08*-64.05*(71.92*-61.85))),47.86+(-45.55/-84.39+-5.42+-45.83/(-84.28+33.08*-64.05*(71.92*-61.85))),False
(83.73/-76.05)*33.85*-67.57/-94.58+-52.32--1.66*-55.7-56.76+-40.04,(83.73/-76.05)*33.85*-67.57/-94.58+-52.32--1.66*-55.7-56.76+-40.04,True
-17.06/99.35/+/18.33/-80.03+(14.33*-22.1+60.28/-85.3)+/,-17.06/99.35/+/18.33/-80.03+(14.33*-22.1+60.28/-85.3)+/,False
53.96+(-91.83/-72.83/-82.66)*-85.58+-0.53+40.23-66.23+-65.57/88.63,53.96+(-91.83/-72.83/-82.66)*-85.58+-0.53+40.23-66.23+-65.57/88.63,True
-94.77/73.26+(*+84.78/96.43)*-0.98-67.06+-+-33.54-84.34,-94.77/73.26+(*+84.78/96.43)*-0.98-67.06+-+-33.54-84.34,False
-74.56/-66.99/-63.06-89.33-4.24--52.83*(70.89-55.29*87.85+(-24.45)),-74.56/-66.99/-63.06-89.33-4.24--52.83*(70.89-55.29*87.85+(-24.45)),True
7.92*75.79+(-28.91+-25.11)*(-34.84-45.89)/76.83-53.67-39.01/44.79,7.92*75.79+(-28.91+-25.11)*(-34.84-45.89)/76.83-53.67-39.01/44.79,True
-0.49--4.38*(-73.03*-76.11/---63.52+56.29/67.42-(37.47*-31.39)),-0.49--4.38*(-73.03*-76.11/---63.52+56.29/67.42-(37.47*-31.39)),False
-71.23*-99.17++/-31.67+14.39*-98.52+(88.95*(25.82*(*+(53.31)))),-71.23*-99.17++/-31.67+14.39*-98.52+(88.95*(25.82*(*+(53.31)))),False
-10.94/-24.41*-89.01*-38.73/-40.43/-74.15-64.9+69.62-(*-(-54.24)),-10.94/-24.41*-89.01*-38.73/-40.43/-74.15-64.9+69.62-(*-(-54.24)),False
65.81/-23.82+-92.12*99.12--74.59+++68.14*-83.88/36.23+88.28,65.81/-23.82+-92.12*99.12--74.59+++68.14*-83.88/36.23+88.28,True
-63.62+81.58*-9.21+-37.94--17.09*3.97*40.79*-73.74-45.98*(-31.05),-63.62+81.58*-9.21+-37.94--17.09*3.97*40.79*-73.74-45.98*(-31.05),False
-35.64/-8.37--93.57/(-4.13+/+-19.14+44.66/88.19)/73.79+65.4,-35.64/-8.37--93.57/(-4.13+/+-19.14+44.66/88.19)/73.79+65.4,False
20.68/15.41*-*(-68.0*(-19.3--65.02+-76.91)*45.94/39.11+-32.18),20.68/15.41*-*(-68.0*(-19.3--65.02+-76.91)*45.94/39.11+-32.18),False
72.53+-72.22/(-49.58/-97.51+-98.69*77.8*21.82/71.32*-25.07)*(50.26),72.53+-72.22/(-49.58/-97.51+-98.69*77.8*21.82/71.32*-25.07)*(50.26),True
98.08*-57.05*-79.73/-99.85*46.19-15.48/14.35+-42.91/64.79-59.76,98.08*-57.05*-79.73/-99.85*46.19-15.48/14.35+-42.91/64.79-59.76,True
43.58/20.67-(27.24*94.06--16.1)//+-12.82+-51.16*-42.29/(-12.66),43.58/20.67-(27.24*94.06--16.1)//+-12.82+-51.16*-42.29/(-12.66),True
-+-10.96+(/*-99.14+-40.46*25.99/(81.22*55.07--53.64--58.1)),-+-10.96+(/*-99.14+-40.46*25.99/(81.22*55.07--53.64--58.1)),False
67.05+62.66/63.68*(74.23--77.66++--65.86+-69.6/(-40.22-22.01)),67.05+62.66/63.68*(74.23--77.66++--65.86+-69.6/(-40.22-22.01)),False
-3.23+-69.67--8.73*(12.44+/-85.29+-16.99*(35.13*18.92*89.71)),-3.23+-69.67--8.73*(12.44+/-85.29+-16.99*(35.13*18.92*89.71)),True
/-36.63--19.85/-25.15+40.62/(-46.76/-25.63*-60.73*10.33+-53.95),/-36.63--19.85/-25.15+40.62/(-46.76/-25.63*-60.73*10.33+-53.95),True
64.67-**-39.28+9.15+-5.75*-81.21*1.7*40.21+-40.92*72.16,64.67-**-39.28+9.15+-5.75*-81.21*1.7*40.21+-40.92*72.16,False
-90.88+33.28--23.96+-80.09/-50.09-50.25--15.98/80.24/(75.72--14.55),-90.88+33.28--23.96+-80.09/-50.09-50.25--15.98/80.24/(75.72--14.55),True
-6.12+-99.26--95.23--39.49/-90.06+(-15.36*-25.35*88.51/-54.96/-71.07),-6.12+-99.26--95.23--39.49/-90.06+(-15.36*-25.35*88.51/-54.96/-71.07),True
78.51--90.01*(-94.67/-94.26-11.43)--56.16/-89.98--62.29--64.73/50.97,78.51--90.01*(-94.67/-94.26-11.43)--56.16/-89.98--62.29--64.73/50.97,True
10.26-**17.66*60.71+19.9-(-93.34--46.11*-64.64*-44.26)+50.17,10.26-**17.66*60.71+19.9-(-93.34--46.11*-64.64*-44.26)+50.17,False
3.53-71.53/19.73--78.97*-16.68/(94.52/-6.21+45.65)--33.5-36.64,3.53-71.53/19.73--78.97*-16.68/(94.52/-6.21+45.65)--33.5-36.64,True
66.41-23.45/42.93*(86.74+-35.87)-4.41-95.18+-80.77/+-55.21,66.41-23.45/42.93*(86.74+-35.87)-4.41-95.18+-80.77/+-55.21,True
94.58*-0.69+7.35*(65.61/-82.49--63.04)-93.04+14.47*(-9.04+-81.26),94.58*-0.69+7.35*(65.61/-82.49--63.04)-93.04+14.47*(-9.04+-81.26),False
-1.26+-98.68/29.71/(-28.35/27.38+-89.54/-3.43)-14.29+-43.23+2.61,-1.26+-98.68/29.71/(-28.35/27.38+-89.54/-3.43)-14.29+-43.23+2.61,True
96.4*-82.48*30.49*63.96*-80.45+-0.37/-67.46/6.72/-60.84+(17.45),96.4*-82.48*30.49*63.96*-80.45+-0.37/-67.46/6.72/-60.84+(17.45),True
0.16/(**(16.98+-2.6*99.25-14.65*44.22/51.19*9.05/(20.52))),0.16/(**(16.98+-2.6*99.25-14.65*44.22/51.19*9.05/(20.52))),True
-17.24/(78.02--26.67--9.05/++14.92-18.86)-25.62+72.74*+,-17.24/(78.02--26.67--9.05/++14.92-18.86)-25.62+72.74*+,False
14.11+54.39/(-27.88*97.3/-77.61*-46.06)/58.6--22.83/-/0.88,14.11+54.39/(-27.88*97.3/-77.61*-46.06)/58.6--22.83/-/0.88,False
90.65/-38.31+/+-84.01+95.07*(26.57/2.99/-90.48--52.69+51.54),90.65/-38.31+/+-84.01+95.07*(26.57/2.99/-90.48--52.69+51.54),False
90.95+31.49+-+56.62--83.21*-30.85/77.96*(-91.74*24.64/13.51),90.95+31.49+-+56.62--83.21*-30.85/77.96*(-91.74*24.64/13.51),True
44.31-26.33/(-97.49-(44.67*98.58+-89.17+-+10.9/59.53/32.42)),44.31-26.33/(-97.49-(44.67*98.58+-89.17+-+10.9/59.53/32.42)),False
92.93--92.38--30.0/35.08--71.78+80.05+0.15*-61.47*(82.79/(-5.13)),92.93--92.38--30.0/35.08--71.78+80.05+0.15*-61.47*(82.79/(-5.13)),True
94.13+-8.35--93.01+61.7***(83.82/*/-61.86-68.54+9.27),94.13+-8.35--93.01+61.7***(83.82/*/-61.86-68.54+9.27),False
-60.48-(-14.02*47.55)/92.84+(-6.08--21.25--20.17)/46.69/63.85+-5.35,-60.48-(-14.02*47.55)/92.84+(-6.08--21.25--20.17)/46.69/63.85+-5.35,True
-17.73/-86.67*-42.36/-9.3--80.26/-68.64+22.91+(-/-61.26/-70.62),-17.73/-86.67*-42.36/-9.3--80.26/-68.64+22.91+(-/-61.26/-70.62),True
(51.28/-60.69+45.53--90.33--49.38/(42.54-56.05+(-84.44/68.81*-82.83))),(51.28/-60.69+45.53--90.33--49.38/(42.54-56.05+(-84.44/68.81*-82.83))),True
29.2-(60.14*(*/14.15)-12.54+-57.96*33.76)--29.17-11.2*57.68,29.2-(60.14*(*/14.15)-12.54+-57.96*33.76)--29.17-11.2*57.68,True
53.54*---*-4.29*85.92/-42.44*-0.5--87.03*(-84.08-51.37),53.54*---*-4.29*85.92/-42.44*-0.5--87.03*(-84.08-51.37),False
-12.91*-13.74--87.28-(-72.55-18.39*10.04*(--65.33)/25.71)/48.95,-12.91*-13.74--87.28-(-72.55-18.39*10.04*(--65.33)/25.71)/48.95,False
(34.01-59.77+15.1-60.11*(30.46-69.47/(-74.38+-85.48/-71.92+-))),(34.01-59.77+15.1-60.11*(30.46-69.47/(-74.38+-85.48/-71.92+-))),True
72.06*-44.82--46.53-90.15/-56.46**/-97.29+35.88-17.34--85.72,72.06*-44.82--46.53-90.15/-56.46**/-97.29+35.88-17.34--85.72,False
-17.39+33.19*-2.15*48.39-34.02*54.59+92.14/12.49--94.63*49.86,-17.39+33.19*-2.15*48.39-34.02*54.59+92.14/12.49--94.63*49.86,False
9.63+-93.28+(-85.33-78.14)*-58.58+(+-(//-+61.01/(56.66))),9.63+-93.28+(-85.33-78.14)*-58.58+(+-(//-+61.01/(56.66))),False
35.14*20.74--22.9+18.85/-73.19-(95.05/34.91)-28.88+(-58.24/-2.37),35.14*20.74--22.9+18.85/-73.19-(95.05/34.91)-28.88+(-58.24/-2.37),True
-36.71/(-25.62*-61.23+*+44.59)+(-43.23*-69.81+79.84)--7.0/35.97,-36.71/(-25.62*-61.23+*+44.59)+(-43.23*-69.81+79.84)--7.0/35.97,True
85.81/-56.66+-8.94--43.38+-72.52*(6.29/1.57*(28.47-**-40.17)),85.81/-56.66+-8.94--43.38+-72.52*(6.29/1.57*(28.47-**-40.17)),False
-75.57/+*-56.53--38.52*-62.09+99.65/24.85+-86.78+-/-91.7,-75.57/+*-56.53--38.52*-62.09+99.65/24.85+-86.78+-/-91.7,False
-50.56--40.08+32.77*-28.22/59.58/-41.04--92.64*-75.58--7.67-9.23,-50.56--40.08+32.77*-28.22/59.58/-41.04--92.64*-75.58--7.67-9.23,False
(36.88*(73.18/-75.27*-29.62*(-34.75/-67.42+(34.52*91.02+(34.64-30.39))))),(36.88*(73.18/-75.27*-29.62*(-34.75/-67.42+(34.52*91.02+(34.64-30.39))))),True
-66.91*10.38*3.1--9.5+(-25.66-88.11/-61.38/-)/-46.16+32.92,-66.91*10.38*3.1--9.5+(-25.66-88.11/-61.38/-)/-46.16+32.92,False
-79.93/(*--35.06+(68.01/74.41/-43.48+-29.24)-(-7.43/**-77.42)),-79.93/(*--35.06+(68.01/74.41/-43.48+-29.24)-(-7.43/**-77.42)),False
-91.72+-3.25-2.49-6.6+(-55.09+-80.97+(-98.21/93.19/-17.94/28.74)),-91.72+-3.25-2.49-6.6+(-55.09+-80.97+(-98.21/93.19/-17.94/28.74)),True
26.91/+/-96.15*92.81+53.58/99.71/-83.57+-65.1/-49.26-(-58.89),26.91/+/-96.15*92.81+53.58/99.71/-83.57+-65.1/-49.26-(-58.89),False
-84.96/-32.93/-41.11/36.66-(-54.83*-75.29-98.95+69.98*-53.36*-65.62),-84.96/-32.93/-41.11/36.66-(-54.83*-75.29-98.95+69.98*-53.36*-65.62),True
-62.4*2.84*29.88+18.45*40.13*95.24/97.1--92.53*22.3/-17.7,-62.4*2.84*29.88+18.45*40.13*95.24/97.1--92.53*22.3/-17.7,False
-2.21+42.98+74.5+2.5*50.93*-93.91----9.37/(59.78+-74.24),-2.21+42.98+74.5+2.5*50.93*-93.91----9.37/(59.78+-74.24),False
-92.17-(-81.54*54.74/-11.45-83.02+-41.73/-63.45*92.78+(81.09*58.04)),-92.17-(-81.54*54.74/-11.45-83.02+-41.73/-63.45*92.78+(81.09*58.04)),True
-38.29/77.39+31.83+49.15+-99.13/11.26+-7.64--93.88/52.03--59.74,-38.29/77.39+31.83+49.15+-99.13/11.26+-7.64--93.88/52.03--59.74,False
-90.07+88.05/53.01+(++37.58*9.44/-62.57*-76.95*-3.66--47.16),-90.07+88.05/53.01+(++37.58*9.44/-62.57*-76.95*-3.66--47.16),False
(-85.67+(98.09+51.82*14.58-24.39-(-57.05/-80.95)*-68.94)/29.13--43.49),(-85.67+(98.09+51.82*14.58-24.39-(-57.05/-80.95)*-68.94)/29.13--43.49),False
94.52*(++35.42+(-52.82-40.85)*-68.73/21.69)/-71.9+42.09/-8.91,94.52*(++35.42+(-52.82-40.85)*-68.73/21.69)/-71.9+42.09/-8.91,False
46.52+61.76-28.05--50.08+(56.23--48.12*++88.84-82.84+(-19.02)),46.52+61.76-28.05--50.08+(56.23--48.12*++88.84-82.84+(-19.02)),False
-85.85*(-56.12-41.49*29.26+-21.69+-88.62+-30.36*(-87.35+7.44+-31.97)),-85.85*(-56.12-41.49*29.26+-21.69+-88.62+-30.36*(-87.35+7.44+-31.97)),False
-98.21/(-79.77*9.3)/48.62+-89.14***(+-46.14+-42.19)/*,-98.21/(-79.77*9.3)/48.62+-89.14***(+-46.14+-42.19)/*,False
46.01+-85.62/+/85.92*8.74*-42.5/96.38/(-65.78/--(57.56)),46.01+-85.62/+/85.92*8.74*-42.5/96.38/(-65.78/--(57.56)),False
-86.23-83.27+47.19+-3.74**+-29.0-++-12.95/5.59+27.71,-86.23-83.27+47.19+-3.74**+-29.0-++-12.95/5.59+27.71,True
(-47.79-36.49--18.81)*-38.0*21.04+51.28/93.86+11.35/(+*-86.35),(-47.79-36.49--18.81)*-38.0*21.04+51.28/93.86+11.35/(+*-86.35),False
-18.31-75.79+-22.75--33.84-36.79+-99.56-37.33+//-22.36-22.14,-18.31-75.79+-22.75--33.84-36.79+-99.56-37.33+//-22.36-22.14,False
61.14-*/25.1+-45.93--97.32*46.04*-35.01--12.28/92.65/-0.68,61.14-*/25.1+-45.93--97.32*46.04*-35.01--12.28/92.65/-0.68,True
(48.55-(-0.2-(75.53/9.87+75.9*-6.07/-47.44-(++-80.61/65.87)))),(48.55-(-0.2-(75.53/9.87+75.9*-6.07/-47.44-(++-80.61/65.87)))),False
-2.45+46.05/+--14.61/91.6*29.24/91.05+-43.87-93.13--50.59,-2.45+46.05/+--14.61/91.6*29.24/91.05+-43.87-93.13--50.59,False
-89.93--61.22*-55.27*-93.83/63.28-9.19/1.24--67.75/57.28/51.15,-89.93--61.22*-55.27*-93.83/63.28-9.19/1.24--67.75/57.28/51.15,True
-70.02+(-4.71+-48.91/-80.67/-21.68*(86.13-63.42)*23.17*-92.54+82.51),-70.02+(-4.71+-48.91/-80.67/-21.68*(86.13-63.42)*23.17*-92.54+82.51),True
10.17-46.83+50.0--+37.45*-19.88*-39.72*-43.54*-99.65/(50.21),10.17-46.83+50.0--+37.45*-19.88*-39.72*-43.54*-99.65/(50.21),True
-4.54-50.74/76.81*27.23+-77.82+67.5+-91.37+80.31+*+12.93,-4.54-50.74/76.81*27.23+-77.82+67.5+-91.37+80.31+*+12.93,True
-/91.32-64.76*68.46*-65.39*-8.3-/*-66.44+-75.52*39.54,-/91.32-64.76*68.46*-65.39*-8.3-/*-66.44+-75.52*39.54,False
(+--17.8-(-65.91+-10.7--76.34--+30.31)*80.62+-8.08)/-24.19,(+--17.8-(-65.91+-10.7--76.34--+30.31)*80.62+-8.08)/-24.19,False
51.46--30.17+(-80.33-5.64+(-52.58/**56.3-+--27.08+1.23)),51.46--30.17+(-80.33-5.64+(-52.58/**56.3-+--27.08+1.23)),False
55.92+67.05*19.52/-18.42+-36.44-(-20.66-60.12/*/30.41/-58.49),55.92+67.05*19.52/-18.42+-36.44-(-20.66-60.12/*/30.41/-58.49),True
-60.95+32.71+57.48/-14.65/(-96.72--61.04-84.97+-95.71+49.28+70.23),-60.95+32.71+57.48/-14.65/(-96.72--61.04-84.97+-95.71+49.28+70.23),False
(41.56*-47.58+-30.65+-38.9+-58.38-43.49)--28.73+(-18.0/28.23*46.73),(41.56*-47.58+-30.65+-38.9+-58.38-43.49)--28.73+(-18.0/28.23*46.73),False
-32.98*-43.77-44.26/32.73--63.74+66.28-(-92.19*-71.34//*-50.17),-32.98*-43.77-44.26/32.73--63.74+66.28-(-92.19*-71.34//*-50.17),True
-22.64+-85.81*-35.24*(22.84--84.91)-(-3.79/**42.77-(-20.05+-55.35)),-22.64+-85.81*-35.24*(22.84--84.91)-(-3.79/**42.77-(-20.05+-55.35)),False
51.56/-71.2*-93.65/-36.1-//-*-/81.61+-20.87/-8.16,51.56/-71.2*-93.65/-36.1-//-*-/81.61+-20.87/-8.16,False
-28.29/50.02-81.93+-87.63*82.66-21.48--41.56*-35.66*(-41.36*(18.98)),-28.29/50.02-81.93+-87.63*82.66-21.48--41.56*-35.66*(-41.36*(18.98)),False
-43.81-(10.34*78.98-//(-32.63/30.43-(35.16*(-94.92*-5.22+-77.41)))),-43.81-(10.34*78.98-//(-32.63/30.43-(35.16*(-94.92*-5.22+-77.41)))),False
(-81.83/-75.31/35.09*-91.08/-3.63+-96.14)-(63.0-36.72+-18.77-57.94),(-81.83/-75.31/35.09*-91.08/-3.63+-96.14)-(63.0-36.72+-18.77-57.94),True
56.65--35.79--9.48++/-68.33/42.94/8.25+(58.13-63.83*(42.76)),56.65--35.79--9.48++/-68.33/42.94/8.25+(58.13-63.83*(42.76)),False
++75.69+10.74--14.34*76.0+(-4.32*5.92)*49.9+-35.69+(-19.87),++75.69+10.74--14.34*76.0+(-4.32*5.92)*49.9+-35.69+(-19.87),True
-83.73/15.15+-29.56-97.5-42.22+75.31+-78.61*85.83+-+-73.49,-83.73/15.15+-29.56-97.5-42.22+75.31+-78.61*85.83+-+-73.49,True
-96.59/2.69-66.06*(+/(17.71--29.77+(51.37*+-(29.56/-75.76)))),-96.59/2.69-66.06*(+/(17.71--29.77+(51.37*+-(29.56/-75.76)))),False
(--90.94--75.97/-26.17*-68.98/65.49)/65.61*-49.18-82.66--93.04,(--90.94--75.97/-26.17*-68.98/65.49)/65.61*-49.18-82.66--93.04,True
-60.06/-49.7/17.98+-35.05+-53.28/-8.63+98.83/(-48.61+/*97.39),-60.06/-49.7/17.98+-35.05+-53.28/-8.63+98.83/(-48.61+/*97.39),False
--47.96--44.19+36.89+15.68-*+-53.33+-28.06/22.36--43.15,--47.96--44.19+36.89+15.68-*+-53.33+-28.06/22.36--43.15,False
52.53/-58.43*43.05/-15.25+85.25/-62.01--2.64/59.44/(85.44+-70.96),52.53/-58.43*43.05/-15.25+85.25/-62.01--2.64/59.44/(85.44+-70.96),True
12.16--74.09--55.39--76.93*84.52/85.46*-7.11/-51.84/-67.21/-68.68,12.16--74.09--55.39--76.93*84.52/85.46*-7.11/-51.84/-67.21/-68.68,True
90.82-(-59.61+0.36-62.11-72.35)*25.83-92.5/-23.17+-56.19*-14.84,90.82-(-59.61+0.36-62.11-72.35)*25.83-92.5/-23.17+-56.19*-14.84,True
-39.18/(-40.65/73.77*-17.12*-20.82)+(95.35*-92.92+-62.56-**+),-39.18/(-40.65/73.77*-17.12*-20.82)+(95.35*-92.92+-62.56-**+),False
88.61----54.05*(-14.13+-93.3/-33.88)/-72.65/-61.9/16.36+22.41,88.61----54.05*(-14.13+-93.3/-33.88)/-72.65/-61.9/16.36+22.41,False
-27.51-(-3.24*10.34-15.17+16.76/(-13.93+-17.21/70.09**++)),-27.51-(-3.24*10.34-15.17+16.76/(-13.93+-17.21/70.09**++)),False
70.61/-/(42.16*-33.92)+-67.42--45.43/(-0.01+40.98/-36.39*-56.05),70.61/-/(42.16*-33.92)+-67.42--45.43/(-0.01+40.98/-36.39*-56.05),True
10.83+-76.74--85.55*93.47-13.63-2.45+3.07*73.34**+-,10.83+-76.74--85.55*93.47-13.63-2.45+3.07*73.34**+-,False
//-43.37--37.52+-32.87*-81.6*79.39+-26.6/(-55.54+3.6/-25.14),//-43.37--37.52+-32.87*-81.6*79.39+-26.6/(-55.54+3.6/-25.14),True
73.3*75.09+-43.53--79.77*-28.78-91.68+-97.7*80.05-+*(-80.71),73.3*75.09+-43.53--79.77*-28.78-91.68+-97.7*80.05-+*(-80.71),True
(-41.29/(*--35.95*68.65+(-68.06/(12.01*0.46+-52.76/82.29)*67.29))),(-41.29/(*--35.95*68.65+(-68.06/(12.01*0.46+-52.76/82.29)*67.29))),False
95.1*(-17.65/(-6.27/(2.71--12.48)*60.15/39.33--78.95*88.78*53.57)),95.1*(-17.65/(-6.27/(2.71--12.48)*60.15/39.33--78.95*88.78*53.57)),True
35.47/+--20.51/0.16/(-24.04*6.19+-95.89+11.5*-86.38-1.67),35.47/+--20.51/0.16/(-24.04*6.19+-95.89+11.5*-86.38-1.67),False
-88.82/53.89*-17.92+-21.28/-30.19+-38.19/(-96.45+-71.97)-(-73.94*(-41.73)),-88.82/53.89*-17.92+-21.28/-30.19+-38.19/(-96.45+-71.97)-(-73.94*(-41.73)),False
77.3+-22.01+16.16--83.82/8.71/-47.3+44.91+74.83*(14.9*-64.54),77.3+-22.01+16.16--83.82/8.71/-47.3+44.91+74.83*(14.9*-64.54),True
99.43*67.26/-46.43*(-84.44+99.82/-21.51)+(17.37+(-14.83-34.75)+-57.86),99.43*67.26/-46.43*(-84.44+99.82/-21.51)+(17.37+(-14.83-34.75)+-57.86),True
77.94+-52.61/-71.0/(-86.8-82.4)+(-81.09*1.16+29.94*22.93+98.07),77.94+-52.61/-71.0/(-86.8-82.4)+(-81.09*1.16+29.94*22.93+98.07),True
29.31+-86.18+-42.6-/+21.59-66.81*(-62.94/(24.31*13.12)+7.44),29.31+-86.18+-42.6-/+21.59-66.81*(-62.94/(24.31*13.12)+7.44),False
19.97*21.11*-27.86+27.21*-15.72+60.5+-25.84*-66.34/-49.9//,19.97*21.11*-27.86+27.21*-15.72+60.5+-25.84*-66.34/-49.9//,True
-34.17/-75.23+-98.9/-12.17--53.66/29.13*-15.12+(*/28.02*(48.45)),-34.17/-75.23+-98.9/-12.17--53.66/29.13*-15.12+(*/28.02*(48.45)),False
-3.64--66.89--11.28*10.31/53.43*-16.8-+/46.07--76.81+*,-3.64--66.89--11.28*10.31/53.43*-16.8-+/46.07--76.81+*,False
31.45+52.47*-63.69*38.14*-78.3*-35.42+-97.68+67.22+54.64*79.81,31.45+52.47*-63.69*38.14*-78.3*-35.42+-97.68+67.22+54.64*79.81,True
-29.24--44.16--53.73+70.67*-4.06+7.71--57.16*-35.57+-77.37/-20.28,-29.24--44.16--53.73+70.67*-4.06+7.71--57.16*-35.57+-77.37/-20.28,True
(59.96*36.28/(**-51.39/21.76*-40.83)*84.57/-84.87/-17.87)/24.95,(59.96*36.28/(**-51.39/21.76*-40.83)*84.57/-84.87/-17.87)/24.95,False
-14.6--99.48-68.39*49.59+/--32.49/(9.63-75.85-27.47/-47.58),-14.6--99.48-68.39*49.59+/--32.49/(9.63-75.85-27.47/-47.58),True
-/(-86.63--50.15--91.5*84.1)-88.03*-61.22+-83.32+-94.67--36.15,-/(-86.63--50.15--91.5*84.1)-88.03*-61.22+-83.32+-94.67--36.15,True
-73.86+-1.01+(74.84-81.65)-++-87.18/-67.96*-70.99+(53.87--72.89),-73.86+-1.01+(74.84-81.65)-++-87.18/-67.96*-70.99+(53.87--72.89),True
39.42-(-45.98+-40.48//*-49.09+-61.48+-34.44+18.48+(59.41/-13.9)),39.42-(-45.98+-40.48//*-49.09+-61.48+-34.44+18.48+(59.41/-13.9)),False
-23.78+13.31*(-*43.94--3.65+-26.05+86.23/24.73/65.47-16.15),-23.78+13.31*(-*43.94--3.65+-26.05+86.23/24.73/65.47-16.15),True
-83.66*(33.78*45.97+13.87/-61.97-69.47-12.55-(40.89+(33.94+-91.82))),-83.66*(33.78*45.97+13.87/-61.97-69.47-12.55-(40.89+(33.94+-91.82))),False
(-74.19+1.68/46.55*-2.75/0.34)--33.92----75.61/84.16-53.14,(-74.19+1.68/46.55*-2.75/0.34)--33.92----75.61/84.16-53.14,False
-0.98/-76.37*67.44/35.56--94.77+-27.33--28.86/27.32*30.69*-95.93,-0.98/-76.37*67.44/35.56--94.77+-27.33--28.86/27.32*30.69*-95.93,True
-35.28+30.74--59.06-15.05*-14.42+-95.48*(++72.43*26.74*-73.54),-35.28+30.74--59.06-15.05*-14.42+-95.48*(++72.43*26.74*-73.54),True
-76.82*(/+-76.24)/(80.13**+22.95*-29.77*-78.59/53.65--68.38),-76.82*(/+-76.24)/(80.13**+22.95*-29.77*-78.59/53.65--68.38),False
81.89*94.96*/+/+84.08-73.61--3.43/-81.33/83.96/11.64,81.89*94.96*/+/+84.08-73.61--3.43/-81.33/83.96/11.64,False
-/(-98.44*(-41.35/-87.89+(58.92/-94.71*71.42)/(-75.77*40.67)+90.75)),-/(-98.44*(-41.35/-87.89+(58.92/-94.71*71.42)/(-75.77*40.67)+90.75)),False
99.57+-37.63*-20.92*(**-41.97-31.99-/)*-49.69-36.31--46.56,99.57+-37.63*-20.92*(**-41.97-31.99-/)*-49.69-36.31--46.56,False
/+(-38.88+*+34.09*45.71/19.86*59.01*64.93+-3.82/-35.13),/+(-38.88+*+34.09*45.71/19.86*59.01*64.93+-3.82/-35.13),False
-17.45+(49.41/82.73)*76.66+-13.34/-67.5/15.51--92.64+-6.82+47.96,-17.45+(49.41/82.73)*76.66+-13.34/-67.5/15.51--92.64+-6.82+47.96,False
23.14-(97.59/98.54*42.22+-71.41)-+--28.36-45.67*-93.36*-79.41,23.14-(97.59/98.54*42.22+-71.41)-+--28.36-45.67*-93.36*-79.41,True
43.32+(65.16*-89.21/-2.0)*-95.34-(-3.86--91.22--55.35+56.9)+-31.57,43.32+(65.16*-89.21/-2.0)*-95.34-(-3.86--91.22--55.35+56.9)+-31.57,False
-50.22--*-56.37+62.57/-74.05/48.31-20.56*-4.46**//,-50.22--*-56.37+62.57/-74.05/48.31-20.56*-4.46**//,False
-57.04/-42.87+-32.47/-75.17+72.69*92.58*-49.38-39.92+-59.24/99.59,-57.04/-42.87+-32.47/-75.17+72.69*92.58*-49.38-39.92+-59.24/99.59,True
-98.29*-90.09+67.47--63.95/77.21-*--83.36*98.48/(-97.68--79.74),-98.29*-90.09+67.47--63.95/77.21-*--83.36*98.48/(-97.68--79.74),True
-83.83*-15.98-(8.58-67.47-1.74*-54.25)/++-8.51/69.27*3.08,-83.83*-15.98-(8.58-67.47-1.74*-54.25)/++-8.51/69.27*3.08,False
(-48.72/17.64-(-66.82-33.01)/18.99)--84.96-76.89+92.72/59.59--31.07,(-48.72/17.64-(-66.82-33.01)/18.99)--84.96-76.89+92.72/59.59--31.07,False
(44.67/76.7)*-93.81/47.4/60.26--75.38**+-48.94/59.09+-41.87,(44.67/76.7)*-93.81/47.4/60.26--75.38**+-48.94/59.09+-41.87,False
-48.84--71.26--64.05/-40.85*2.13*(-0.55/48.83/76.3-39.74*-),-48.84--71.26--64.05/-40.85*2.13*(-0.55/48.83/76.3-39.74*-),True
*/79.8/-45.21*14.07//-81.8*-81.15*-4.55--51.77*(43.2),*/79.8/-45.21*14.07//-81.8*-81.15*-4.55--51.77*(43.2),False
45.55+68.74+/--20.84/(97.59+-26.69)+(24.07-79.71+21.22/2.49),45.55+68.74+/--20.84/(97.59+-26.69)+(24.07-79.71+21.22/2.49),False
-46.19--7.05-(/-94.45/4.59+27.87-9.2)--11.08/17.95/17.69,-46.19--7.05-(/-94.45/4.59+27.87-9.2)--11.08/17.95/17.69,False
/*16.1/-29.47/(-90.53+/*-42.63-(-86.74+46.14+-83.97/90.74)),/*16.1/-29.47/(-90.53+/*-42.63-(-86.74+46.14+-83.97/90.74)),True
(-72.63-50.44/53.48+42.05*-93.28*-62.12/-42.28+87.85+*)-30.09,(-72.63-50.44/53.48+42.05*-93.28*-62.12/-42.28+87.85+*)-30.09,True
-93.9/71.38--88.23+-62.17/-35.38*-33.47--11.61*-30.86*-84.42/-62.53,-93.9/71.38--88.23+-62.17/-35.38*-33.47--11.61*-30.86*-84.42/-62.53,True
(-49.31/-77.05*58.54/60.58+21.24-0.3/(-77.37/-79.8*(-24.75--93.34))),(-49.31/-77.05*58.54/60.58+21.24-0.3/(-77.37/-79.8*(-24.75--93.34))),True
80.09/-28.69/(-45.41*94.31-75.07)/15.84*-65.49/(-61.11*-0.18+78.29),80.09/-28.69/(-45.41*94.31-75.07)/15.84*-65.49/(-61.11*-0.18+78.29),True
37.07--46.84--76.95--34.5*//(-66.53+(43.82/(-24.78*(60.72+72.25)))),37.07--46.84--76.95--34.5*//(-66.53+(43.82/(-24.78*(60.72+72.25)))),True
(20.8--52.46*11.7*-+-70.19+0.96+-65.37+63.27)/-6.26/*,(20.8--52.46*11.7*-+-70.19+0.96+-65.37+63.27)/-6.26/*,False
-+57.39--81.87-(63.5+84.49)-92.48+-76.92--97.12-83.78/(61.56),-+57.39--81.87-(63.5+84.49)-92.48+-76.92--97.12-83.78/(61.56),True
84.01/+/(-+(-9.37*18.93-(70.97--65.07+-53.49/-38.65+(7.82)))),84.01/+/(-+(-9.37*18.93-(70.97--65.07+-53.49/-38.65+(7.82)))),False
++-97.32-76.59+(-80.92+19.69/5.37/-53.43+72.91/-66.63-78.44),++-97.32-76.59+(-80.92+19.69/5.37/-53.43+72.91/-66.63-78.44),True
-16.34*73.84--41.23*-96.14+-2.11*-54.34+-59.54+8.8/(10.53*(66.36)),-16.34*73.84--41.23*-96.14+-2.11*-54.34+-59.54+8.8/(10.53*(66.36)),True
54.94/(17.18--79.61)--18.43-25.91+(73.36+-81.17-(51.07*86.17/-90.49)),54.94/(17.18--79.61)--18.43-25.91+(73.36+-81.17-(51.07*86.17/-90.49)),True
3.54-97.08*46.47/(89.69/90.35+50.89)*--86.99+++10.32,3.54-97.08*46.47/(89.69/90.35+50.89)*--86.99+++10.32,True
-20.4/(52.47/-36.99-(31.69--54.33+-32.57+-22.61+-45.23/96.17--28.42)),-20.4/(52.47/-36.99-(31.69--54.33+-32.57+-22.61+-45.23/96.17--28.42)),True
-78.28/(64.7+-26.89--37.13--94.63)/-20.27*-57.48**--51.07-64.41,-78.28/(64.7+-26.89--37.13--94.63)/-20.27*-57.48**--51.07-64.41,False
62.99*-28.17--63.72*(-96.88*-66.67*49.32-93.23-(-24.58*92.7*37.62)),62.99*-28.17--63.72*(-96.88*-66.67*49.32-93.23-(-24.58*92.7*37.62)),False
-18.69--91.25/(28.77+58.08)/26.61/-27.05-*-88.47--/40.4,-18.69--91.25/(28.77+58.08)/26.61/-27.05-*-88.47--/40.4,True
94.55-87.58-42.8/-75.59*-75.67--83.95-(-69.56-36.98)/66.03*-57.4,94.55-87.58-42.8/-75.59*-75.67--83.95-(-69.56-36.98)/66.03*-57.4,True
-42.19*(96.17--14.72+-58.72/98.74)--29.68*57.5--8.0-(82.13-33.72),-42.19*(96.17--14.72+-58.72/98.74)--29.68*57.5--8.0-(82.13-33.72),False
92.2/58.31-/*30.03/-75.19-10.95*42.25/-89.97*-96.49-25.55,92.2/58.31-/*30.03/-75.19-10.95*42.25/-89.97*-96.49-25.55,False
(83.45+-45.3+-1.85)-87.35*-6.68-(-81.54*(-64.05/-34.6/-68.18/-83.68)),(83.45+-45.3+-1.85)-87.35*-6.68-(-81.54*(-64.05/-34.6/-68.18/-83.68)),True
73.25-(-78.1+-2.15)+28.5+-86.66--64.09-38.24--69.98-74.33/63.11,73.25-(-78.1+-2.15)+28.5+-86.66--64.09-38.24--69.98-74.33/63.11,True
-82.1+42.62*29.43/-60.12*-15.26*-28.62*-30.66/32.31**/(97.12),-82.1+42.62*29.43/-60.12*-15.26*-28.62*-30.66/32.31**/(97.12),False
91.26-29.42--24.17-86.96-34.96+(-9.17/10.86)*-21.4+(-93.86/26.81),91.26-29.42--24.17-86.96-34.96+(-9.17/10.86)*-21.4+(-93.86/26.81),True
-30.43-11.2*88.13+-3.58/-64.59--78.35-10.1/99.81*(30.56+9.76),-30.43-11.2*88.13+-3.58/-64.59--78.35-10.1/99.81*(30.56+9.76),True
14.01*23.72+97.02*55.54*-98.11--10.0*-58.44/-87.83*-38.66+-0.65,14.01*23.72+97.02*55.54*-98.11--10.0*-58.44/-87.83*-38.66+-0.65,True
-64.88-32.21-53.28/53.26--51.99*80.2+(-69.77*(47.67*-10.19--56.58)),-64.88-32.21-53.28/53.26--51.99*80.2+(-69.77*(47.67*-10.19--56.58)),True
-12.54-(-77.37*-79.29-90.51+-1.24)+-21.81*78.81-87.46/(+//),-12.54-(-77.37*-79.29-90.51+-1.24)+-21.81*78.81-87.46/(+//),True
20.06*0.45/-61.86/67.19/(78.36/(-17.12/-83.53)+-42.6+-17.89*-53.64),20.06*0.45/-61.86/67.19/(78.36/(-17.12/-83.53)+-42.6+-17.89*-53.64),True
(-30.12/(-91.96/-60.08)*-98.41/-64.4)*64.56+-82.23--9.51+-3.35--61.08,(-30.12/(-91.96/-60.08)*-98.41/-64.4)*64.56+-82.23--9.51+-3.35--61.08,True
-41.44+65.12--32.92*-91.12/-73.41*12.63*-+71.23*42.64/77.85,-41.44+65.12--32.92*-91.12/-73.41*12.63*-+71.23*42.64/77.85,True
-39.41+94.05+-47.27-64.48*-23.41-24.79+(39.71+-47.17-(42.7+69.05)),-39.41+94.05+-47.27-64.48*-23.41-24.79+(39.71+-47.17-(42.7+69.05)),True
-83.07/-86.32/17.8-(-27.89--14.28-18.97+-59.13--91.49/65.42/(-76.47)),-83.07/-86.32/17.8-(-27.89--14.28-18.97+-59.13--91.49/65.42/(-76.47)),False
89.52-(-52.17-*+3.36/90.26-49.39*89.28+76.52+(97.34+-84.79)),89.52-(-52.17-*+3.36/90.26-49.39*89.28+76.52+(97.34+-84.79)),True
-8.88+17.08--74.84++--78.51+24.9*33.47/1.4+36.27+-87.49,-8.88+17.08--74.84++--78.51+24.9*33.47/1.4+36.27+-87.49,False
55.94+14.87/18.45+(-35.56+-25.04-10.79)/-35.66+-2.97--97.2+39.85,55.94+14.87/18.45+(-35.56+-25.04-10.79)/-35.66+-2.97--97.2+39.85,False
87.01/98.48/(*/-58.83/-4.11+-83.08*73.7)*79.86+-2.85*-29.05,87.01/98.48/(*/-58.83/-4.11+-83.08*73.7)*79.86+-2.85*-29.05,False
99.64*(93.38+(-49.55+-94.64+(3.71*-75.77)-27.2/+/(53.41-(-2.44)))),99.64*(93.38+(-49.55+-94.64+(3.71*-75.77)-27.2/+/(53.41-(-2.44)))),True
40.0-(-50.05+**86.42/41.03--24.76)/41.37/86.21+83.79--88.0,40.0-(-50.05+**86.42/41.03--24.76)/41.37/86.21+83.79--88.0,False
-96.9*(-95.33/-15.96/-35.71*-92.72)*-20.53-11.47+-81.83*(-21.9/41.82),-96.9*(-95.33/-15.96/-35.71*-92.72)*-20.53-11.47+-81.83*(-21.9/41.82),True
-67.73-19.21+-49.85+58.28*67.16+88.22+67.8*(-66.66-38.02*-83.86),-67.73-19.21+-49.85+58.28*67.16+88.22+67.8*(-66.66-38.02*-83.86),False
96.34*-95.73-(50.18+39.26*-94.43)/-36.3--37.67/58.32+(34.17-15.32),96.34*-95.73-(50.18+39.26*-94.43)/-36.3--37.67/58.32+(34.17-15.32),False
19.72-(93.41*(-0.32+-11.78*-76.26)/27.27*79.56)--75.74*-73.72--33.92,19.72-(93.41*(-0.32+-11.78*-76.26)/27.27*79.56)--75.74*-73.72--33.92,False
(87.93/22.5+53.55)/13.45/54.94/(67.82/94.69+-42.56*-*-75.57),(87.93/22.5+53.55)/13.45/54.94/(67.82/94.69+-42.56*-*-75.57),True
14.17*-21.92--93.34*(81.44--37.38-(47.73*-18.99+(-93.58*15.04*(-37.89)))),14.17*-21.92--93.34*(81.44--37.38-(47.73*-18.99+(-93.58*15.04*(-37.89)))),True
-39.89/-93.65/-63.06/66.97+(93.94*50.87+27.21)*(-20.84/(75.9--87.17)),-39.89/-93.65/-63.06/66.97+(93.94*50.87+27.21)*(-20.84/(75.9--87.17)),False
-7.14*13.37--66.49*76.33+*+(-49.95*(-8.8*13.64/-20.07/-2.65)),-7.14*13.37--66.49*76.33+*+(-49.95*(-8.8*13.64/-20.07/-2.65)),True
-34.13*-29.77--96.06*93.64/38.62*//68.38+-64.67/43.25+(-38.7),-34.13*-29.77--96.06*93.64/38.62*//68.38+-64.67/43.25+(-38.7),False
-39.75+22.25-32.84*+*-23.77*-84.26-30.26+/*10.54/(-48.85),-39.75+22.25-32.84*+*-23.77*-84.26-30.26+/*10.54/(-48.85),True
-73.98-93.49/89.89--86.25-74.48*(84.61/64.4)+26.9*36.79+-54.56,-73.98-93.49/89.89--86.25-74.48*(84.61/64.4)+26.9*36.79+-54.56,False
-46.98+97.16*-19.55/-38.82/-70.92/-79.88+-31.75*(4.35*-84.13-76.78),-46.98+97.16*-19.55/-38.82/-70.92/-79.88+-31.75*(4.35*-84.13-76.78),True
65.3+32.13/57.57-66.09--4.53+-60.11--28.2-56.17+-62.07+-6.33,65.3+32.13/57.57-66.09--4.53+-60.11--28.2-56.17+-62.07+-6.33,True
*+33.34*-34.76+-1.22/4.12*-25.13-30.01*-65.26/67.27*-97.74,*+33.34*-34.76+-1.22/4.12*-25.13-30.01*-65.26/67.27*-97.74,False
(-37.17+-97.95+75.32+75.26*97.36)-*-23.86--99.32+-87.77/46.96,(-37.17+-97.95+75.32+75.26*97.36)-*-23.86--99.32+-87.77/46.96,False
(81.22/-93.0+(38.53--18.84*(62.72--99.66)--32.54/-39.58-11.35+-46.53)),(81.22/-93.0+(38.53--18.84*(62.72--99.66)--32.54/-39.58-11.35+-46.53)),True
59.89/-89.97-32.43*-19.03*(49.65/19.17+-22.62)/(20.75/-24.84+(88.37)),59.89/-89.97-32.43*-19.03*(49.65/19.17+-22.62)/(20.75/-24.84+(88.37)),True
-81.21/(+*8.35*87.69/-15.15-(1.81/98.75)+52.58)+97.9+80.41,-81.21/(+*8.35*87.69/-15.15-(1.81/98.75)+52.58)+97.9+80.41,False
82.2+2.15+-96.45/77.56--84.61/(-45.34/-13.16/(-24.62/-*(12.11))),82.2+2.15+-96.45/77.56--84.61/(-45.34/-13.16/(-24.62/-*(12.11))),False
(57.76--25.19)+-41.26*89.61*-46.05/-41.66+(98.34/-93.54--83.61*11.18),(57.76--25.19)+-41.26*89.61*-46.05/-41.66+(98.34/-93.54--83.61*11.18),True
(43.4/(47.46*36.47+3.4+45.94*62.08+-9.24--19.78*(15.76+-98.14))),(43.4/(47.46*36.47+3.4+45.94*62.08+-9.24--19.78*(15.76+-98.14))),True
57.36/57.83*1.7/(-68.8*86.62)+70.02+(-40.62*(26.2+**24.9)),57.36/57.83*1.7/(-68.8*86.62)+70.02+(-40.62*(26.2+**24.9)),False
29.12*-65.47*(-6.56-88.6)*(65.23*-4.83-9.91)+98.48+79.53/71.61,29.12*-65.47*(-6.56-88.6)*(65.23*-4.83-9.91)+98.48+79.53/71.61,True
(-10.96*66.76--49.82/(15.89*-90.07)/-24.71--1.39*-30.41/-53.84/-63.79),(-10.96*66.76--49.82/(15.89*-90.07)/-24.71--1.39*-30.41/-53.84/-63.79),True
71.2*0.57+(-18.05--62.03/-35.5/-35.62/--20.2+46.27)*(1.92),71.2*0.57+(-18.05--62.03/-35.5/-35.62/--20.2+46.27)*(1.92),True
(72.55/59.95/86.34+72.78)+-60.98+++-54.14+-*43.69*1.79,(72.55/59.95/86.34+72.78)+-60.98+++-54.14+-*43.69*1.79,False
32.27*33.92/(-13.56+89.96/-82.43--91.67*30.15/-94.53--27.68)/-,32.27*33.92/(-13.56+89.96/-82.43--91.67*30.15/-94.53--27.68)/-,False
-45.34/-98.97/24.66+2.87*25.91-20.86+62.05-1.63-97.71-+,-45.34/-98.97/24.66+2.87*25.91-20.86+62.05-1.63-97.71-+,False
(71.55-(-41.98*44.82*-/-11.87*-4.34)*-41.18*88.86--78.44)+-41.27,(71.55-(-41.98*44.82*-/-11.87*-4.34)*-41.18*88.86--78.44)+-41.27,False
8.78--31.29/(66.29/81.82+47.6/-48.27+96.6+18.55)*(-32.84*53.29),8.78--31.29/(66.29/81.82+47.6/-48.27+96.6+18.55)*(-32.84*53.29),False
(68.88+(-7.78/54.95-(28.17-+/-28.09/-15.41+-67.93)/-+-27.83)),(68.88+(-7.78/54.95-(28.17-+/-28.09/-15.41+-67.93)/-+-27.83)),False
(19.67*(41.24*67.13-45.48/-80.97+-81.81)--95.67*-32.84)-66.27/-71.84,(19.67*(41.24*67.13-45.48/-80.97+-81.81)--95.67*-32.84)-66.27/-71.84,True
(-2.16++)+-82.42-3.24/(/-19.95/45.35+28.17)+66.77+-89.2,(-2.16++)+-82.42-3.24/(/-19.95/45.35+28.17)+66.77+-89.2,False
32.07*/*-15.89/-39.15/-64.3+40.4-+/-20.41+-43.99--92.52,32.07*/*-15.89/-39.15/-64.3+40.4-+/-20.41+-43.99--92.52,False
-15.53/(3.93+-14.91++*54.04*-86.9*34.27/80.76/1.92)-60.34,-15.53/(3.93+-14.91++*54.04*-86.9*34.27/80.76/1.92)-60.34,True
68.52+54.7*(51.14**/-26.88/30.5-22.63/39.53+-47.24/34.52),68.52+54.7*(51.14**/-26.88/30.5-22.63/39.53+-47.24/34.52),False
80.54/-24.93-43.85*-78.4*93.0+-40.08*4.49/5.18+93.28*23.36,80.54/-24.93-43.85*-78.4*93.0+-40.08*4.49/5.18+93.28*23.36,True
(-49.1/-34.58*-80.54+40.51/94.66*90.35-(10.21/-)*8.25*88.75),(-49.1/-34.58*-80.54+40.51/94.66*90.35-(10.21/-)*8.25*88.75),True
47.63+(-24.99/-91.83)/-93.61*-97.3*(49.0--99.55+-3.17+0.62)*(-99.25),47.63+(-24.99/-91.83)/-93.61*-97.3*(49.0--99.55+-3.17+0.62)*(-99.25),True
59.18-58.25*56.48--26.38+32.82*-71.8*91.77+-34.51/94.64--6.56,59.18-58.25*56.48--26.38+32.82*-71.8*91.77+-34.51/94.64--6.56,True
-97.33-+-35.44*-96.35/35.79*(95.7**/-33.42+57.21/19.3),-97.33-+-35.44*-96.35/35.79*(95.7**/-33.42+57.21/19.3),False
-88.23+(-8.02/-58.81)-(-92.74-(21.5/-74.92)/74.53+41.74)/5.36/78.63,-88.23+(-8.02/-58.81)-(-92.74-(21.5/-74.92)/74.53+41.74)/5.36/78.63,False
-34.28+-51.17-(41.69/-91.31/63.51)--40.19-18.74/-13.08*7.99+(44.36),-34.28+-51.17-(41.69/-91.31/63.51)--40.19-18.74/-13.08*7.99+(44.36),False
-20.33*-99.65+-13.9-94.5+-+-58.1+63.64*-70.22+-41.05+(81.93),-20.33*-99.65+-13.9-94.5+-+-58.1+63.64*-70.22+-41.05+(81.93),True
+--15.33-(78.18+(-49.07*(59.29+98.63)+73.82)*26.16/(-61.97/-74.28)),+--15.33-(78.18+(-49.07*(59.29+98.63)+73.82)*26.16/(-61.97/-74.28)),False
-74.81-46.31+(-15.6--24.49)-93.86--38.67*-66.65+58.99/-5.36/(11.65),-74.81-46.31+(-15.6--24.49)-93.86--38.67*-66.65+58.99/-5.36/(11.65),True
-1.82/65.73+-/40.64/-20.35-30.61*(-42.22/-32.23-6.84*(23.19)),-1.82/65.73+-/40.64/-20.35-30.61*(-42.22/-32.23-6.84*(23.19)),True
-79.52*99.37/-24.19-(28.18-5.08)+85.64+69.78/-77.77/80.38-9.25,-79.52*99.37/-24.19-(28.18-5.08)+85.64+69.78/-77.77/80.38-9.25,False
(/+-51.84*79.14*-17.98*(+*81.78+-18.8+64.9/(26.98+-31.99))),(/+-51.84*79.14*-17.98*(+*81.78+-18.8+64.9/(26.98+-31.99))),False
13.87*-43.09+-32.32/(-15.86--21.08*(-3.3*(-65.21+(98.96-50.02+-98.94)))),13.87*-43.09+-32.32/(-15.86--21.08*(-3.3*(-65.21+(98.96-50.02+-98.94)))),False
-65.28*49.44--+69.69--50.78--83.86*-3.51--11.04-(-19.91+2.96),-65.28*49.44--+69.69--50.78--83.86*-3.51--11.04-(-19.91+2.96),True
59.96--58.4*-72.25+-74.88***(27.84+3.38)-85.72--/-37.64,59.96--58.4*-72.25+-74.88***(27.84+3.38)-85.72--/-37.64,False
15.02*78.11+-78.16+35.92*30.19+(-50.89/-4.43+-67.76)+-17.37/(-32.83),15.02*78.11+-78.16+35.92*30.19+(-50.89/-4.43+-67.76)+-17.37/(-32.83),False
(-36.4-59.59/95.84/-22.43*(6.97*(49.14*88.28*(-3.76-57.25-12.93)))),(-36.4-59.59/95.84/-22.43*(6.97*(49.14*88.28*(-3.76-57.25-12.93)))),True
42.93-7.95+60.34+-80.35/-29.74*-90.62-2.36+(-12.44/-85.11)*-27.85,42.93-7.95+60.34+-80.35/-29.74*-90.62-2.36+(-12.44/-85.11)*-27.85,True
-49.82+-24.0*/+5.09+50.88-10.72*(-47.21+71.5--76.84-18.91),-49.82+-24.0*/+5.09+50.88-10.72*(-47.21+71.5--76.84-18.91),True
7.1-65.52-(-16.17+6.74)--89.71-55.19*93.57/-91.72/44.72-96.22,7.1-65.52-(-16.17+6.74)--89.71-55.19*93.57/-91.72/44.72-96.22,True
(-11.72/-3.16+65.13*/*-6.97)-34.37-64.88/82.78*78.6--17.77,(-11.72/-3.16+65.13*/*-6.97)-34.37-64.88/82.78*78.6--17.77,False
93.77+43.87*2.48*42.93+(71.8+-47.0)-4.28---(58.81-19.62),93.77+43.87*2.48*42.93+(71.8+-47.0)-4.28---(58.81-19.62),False
22.17*36.9-98.53--84.46*19.3/-56.48/59.59+-96.43+-53.58*42.28,22.17*36.9-98.53--84.46*19.3/-56.48/59.59+-96.43+-53.58*42.28,True
(-18.14-(-11.53***29.78)/-88.9/(52.62+94.42+-83.89*-58.95/-60.98)),(-18.14-(-11.53***29.78)/-88.9/(52.62+94.42+-83.89*-58.95/-60.98)),True
(-15.14-87.67/-61.76)+(88.34/-5.72+(-7.69//+52.37*-33.17)/(-35.87)),(-15.14-87.67/-61.76)+(88.34/-5.72+(-7.69//+52.37*-33.17)/(-35.87)),False
75.02--4.58*-87.9-94.76/1.82-8.51-12.29**+(-21.01*-55.32),75.02--4.58*-87.9-94.76/1.82-8.51-12.29**+(-21.01*-55.32),True
43.46+(-6.52*(38.78--87.52/2.15/80.15+-68.74+(94.92+-0.24*-6.42))),43.46+(-6.52*(38.78--87.52/2.15/80.15+-68.74+(94.92+-0.24*-6.42))),True
84.69-68.04--30.76-93.09+-87.46/-78.32/48.28/(-96.25----76.6),84.69-68.04--30.76-93.09+-87.46/-78.32/48.28/(-96.25----76.6),True
54.38+(-71.2*-2.91-31.58)/99.77*-61.06--98.38+17.59*36.96-(-60.56),54.38+(-71.2*-2.91-31.58)/99.77*-61.06--98.38+17.59*36.96-(-60.56),True
-73.29+70.67-*--85.83+13.41+-44.44-54.61/68.28/12.49*-39.41,-73.29+70.67-*--85.83+13.41+-44.44-54.61/68.28/12.49*-39.41,True
6.59+68.79+++97.18*6.31+38.38+39.35--72.75-71.98*-1.88,6.59+68.79+++97.18*6.31+38.38+39.35--72.75-71.98*-1.88,False
(-78.7+(52.78--82.64+99.2+16.36--27.16+-37.01+7.01/13.27)+-64.15),(-78.7+(52.78--82.64+99.2+16.36--27.16+-37.01+7.01/13.27)+-64.15),False
25.84*-76.48*84.65/25.3-82.19*-77.29-13.13*-65.36+46.56+-37.69,25.84*-76.48*84.65/25.3-82.19*-77.29-13.13*-65.36+46.56+-37.69,False
15.06*70.45+-55.12-36.73-49.75*72.0+-51.01+/--81.25*(-80.39),15.06*70.45+-55.12-36.73-49.75*72.0+-51.01+/--81.25*(-80.39),True
-20.49//--70.33+-5.66*83.62+57.19-15.36+81.06/(74.38-37.16),-20.49//--70.33+-5.66*83.62+57.19-15.36+81.06/(74.38-37.16),False
(67.34-19.43)/-10.39*96.97-79.96-+*53.82*(-11.8+-73.25*(2.52)),(67.34-19.43)/-10.39*96.97-79.96-+*53.82*(-11.8+-73.25*(2.52)),True
20.14+42.42+-15.64+71.38-(-21.12+(-49.56*93.52/93.17)*-15.87*32.11),20.14+42.42+-15.64+71.38-(-21.12+(-49.56*93.52/93.17)*-15.87*32.11),False
-89.77/3.11-5.66*-18.99*(59.73+-95.03)/-73.31*-21.02-59.16-47.05,-89.77/3.11-5.66*-18.99*(59.73+-95.03)/-73.31*-21.02-59.16-47.05,True
-69.02+47.97+58.36*(82.39/-22.34+(-98.39-0.67)/40.42/-41.53--7.77),-69.02+47.97+58.36*(82.39/-22.34+(-98.39-0.67)/40.42/-41.53--7.77),False
(66.79+-96.61*-32.45)*(-19.7*55.67)--/-46.54--77.3--84.52+-79.63,(66.79+-96.61*-32.45)*(-19.7*55.67)--/-46.54--77.3--84.52+-79.63,False
-48.58/-95.76-17.4*-0.55+41.23*64.25***51.77-20.8+-98.69,-48.58/-95.76-17.4*-0.55+41.23*64.25***51.77-20.8+-98.69,True
-86.61+64.08-(-83.89+-72.84)*72.12-21.98+-96.2-(88.48+86.21+96.99),-86.61+64.08-(-83.89+-72.84)*72.12-21.98+-96.2-(88.48+86.21+96.99),True
87.35/(-64.86-9.7+-85.08-3.87/--(88.42/-)--53.0)*-43.94,87.35/(-64.86-9.7+-85.08-3.87/--(88.42/-)--53.0)*-43.94,False
29.56/-67.95--58.89*0.59*-86.99+53.71-(39.81+-2.5*++93.83),29.56/-67.95--58.89*0.59*-86.99+53.71-(39.81+-2.5*++93.83),False
-76.27/(-42.3--81.0/(92.91+13.19*36.17+/)*22.69/*/71.76),-76.27/(-42.3--81.0/(92.91+13.19*36.17+/)*22.69/*/71.76),True
-81.66///3.92/(-61.6--69.26*-0.22/-40.22+-67.56+(-20.22-47.98)),-81.66///3.92/(-61.6--69.26*-0.22/-40.22+-67.56+(-20.22-47.98)),False
95.77-(17.29/-67.38*(57.18+-18.54/34.23/(44.41/-37.31/(3.2/-72.6)))),95.77-(17.29/-67.38*(57.18+-18.54/34.23/(44.41/-37.31/(3.2/-72.6)))),False
8.24-1.63/(-60.5--82.85)/4.15-49.05+68.48-57.97-97.65/32.36,8.24-1.63/(-60.5--82.85)/4.15-49.05+68.48-57.97-97.65/32.36,False
8.57--31.33-1.91/82.53-80.29+9.65+94.33---92.36/53.0,8.57--31.33-1.91/82.53-80.29+9.65+94.33---92.36/53.0,False
60.06+30.16+33.33/(-2.69*-15.88--94.71)--70.65*-23.94-//-39.48,60.06+30.16+33.33/(-2.69*-15.88--94.71)--70.65*-23.94-//-39.48,False
48.88+-89.96+6.24*28.84/-21.08+17.91*-13.19+-18.24/78.65*73.65,48.88+-89.96+6.24*28.84/-21.08+17.91*-13.19+-18.24/78.65*73.65,True
48.1+(21.84/10.7)++*(-68.71*(-77.96/(-44.1+66.81--19.01+14.8))),48.1+(21.84/10.7)++*(-68.71*(-77.96/(-44.1+66.81--19.01+14.8))),True
-93.21--72.04+74.82+60.35*55.35-(-43.22/-59.23+-34.47/13.69-(94.73)),-93.21--72.04+74.82+60.35*55.35-(-43.22/-59.23+-34.47/13.69-(94.73)),True
(-17.44-71.69)*48.43+-87.93**/-5.89*+/(41.97*93.84/51.02),(-17.44-71.69)*48.43+-87.93**/-5.89*+/(41.97*93.84/51.02),False
-54.78+63.99--3.63-60.7+65.12-29.61*15.15-(-66.92*-83.59)+(-76.11),-54.78+63.99--3.63-60.7+65.12-29.61*15.15-(-66.92*-83.59)+(-76.11),True
19.64**+-7.01+-*(-88.87+-63.32-39.7+-18.46--40.03+(-96.03)),19.64**+-7.01+-*(-88.87+-63.32-39.7+-18.46--40.03+(-96.03)),True
6.98/17.99/69.04--84.46/-59.95*(-53.99*65.46/25.79--11.02*-76.42),6.98/17.99/69.04--84.46/-59.95*(-53.99*65.46/25.79--11.02*-76.42),True
37.45*91.77/**52.61/(58.97*-78.19*-29.19)/17.55*-19.29/(97.55),37.45*91.77/**52.61/(58.97*-78.19*-29.19)/17.55*-19.29/(97.55),False
41.97-(90.85*7.25)/22.04-31.56-++-66.5*-16.37*(89.57*60.65),41.97-(90.85*7.25)/22.04-31.56-++-66.5*-16.37*(89.57*60.65),False
(40.8-(-56.0-*)+(-78.62+7.01+-55.07/96.55*15.99)/-12.48)-91.47,(40.8-(-56.0-*)+(-78.62+7.01+-55.07/96.55*15.99)/-12.48)-91.47,False
39.82/(88.66*58.24+92.84--8.26+90.5)*-6.66-(-60.99*66.76--44.4),39.82/(88.66*58.24+92.84--8.26+90.5)*-6.66-(-60.99*66.76--44.4),True
-59.12/(-3.95/3.26/-38.66)/45.94*57.65*61.01*0.66*-35.09-(-40.1),-59.12/(-3.95/3.26/-38.66)/45.94*57.65*61.01*0.66*-35.09-(-40.1),True
(59.75+-0.09-(-95.25/-25.87/59.22/4.57*-75.01*6.34)/-48.91+25.87),(59.75+-0.09-(-95.25/-25.87/59.22/4.57*-75.01*6.34)/-48.91+25.87),True
-69.55*69.89*28.62*(++-98.9+-79.0-(11.16/(-85.81-22.84*-53.26))),-69.55*69.89*28.62*(++-98.9+-79.0-(11.16/(-85.81-22.84*-53.26))),True
82.17--88.92/66.37/(81.6*-21.12*25.78///-26.1)*9.34+-13.78,82.17--88.92/66.37/(81.6*-21.12*25.78///-26.1)*9.34+-13.78,True
80.65/-12.07+83.69/(-1.11*-28.96*-32.15*+*74.99/56.31*29.59),80.65/-12.07+83.69/(-1.11*-28.96*-32.15*+*74.99/56.31*29.59),False
32.6**--67.33*40.8+48.27/97.24-52.06*(-97.9/-27.95+-72.07),32.6**--67.33*40.8+48.27/97.24-52.06*(-97.9/-27.95+-72.07),True
57.58-**-67.21*72.35*-26.8-41.28*(-13.19*14.05)-*/(*),57.58-**-67.21*72.35*-26.8-41.28*(-13.19*14.05)-*/(*),False
77.63--2.3*-41.98*-3.51*-71.95-23.13/-+-4.73-/+46.1,77.63--2.3*-41.98*-3.51*-71.95-23.13/-+-4.73-/+46.1,False
-37.47--65.09/80.75/-19.48*-8.75/(50.69+(52.38-68.38--+(-98.21))),-37.47--65.09/80.75/-19.48*-8.75/(50.69+(52.38-68.38--+(-98.21))),False
-35.75--24.44+-68.18+-88.52/(92.69/-55.51)*-1.41/80.82+-13.62/73.14,-35.75--24.44+-68.18+-88.52/(92.69/-55.51)*-1.41/80.82+-13.62/73.14,True
-44.87*39.07-(-97.3-(21.09--99.86*-12.45+-14.91+53.64*-70.36)*20.06),-44.87*39.07-(-97.3-(21.09--99.86*-12.45+-14.91+53.64*-70.36)*20.06),True
51.56*1.96/(15.57*0.7/2.18/-17.27-18.55-67.38+-27.73*-47.17),51.56*1.96/(15.57*0.7/2.18/-17.27-18.55-67.38+-27.73*-47.17),False
(-57.19--37.86/88.88+-29.75-8.06+82.85*11.85)+++-88.57/(38.37),(-57.19--37.86/88.88+-29.75-8.06+82.85*11.85)+++-88.57/(38.37),True
-83.36--53.73/-7.67+-21.53-9.68/-23.14*-15.02-90.2--2.57+-50.29,-83.36--53.73/-7.67+-21.53-9.68/-23.14*-15.02-90.2--2.57+-50.29,True
-60.09+/*-91.44/-29.71/-36.22+-34.11*(62.68+-57.02)-(41.01-54.23),-60.09+/*-91.44/-29.71/-36.22+-34.11*(62.68+-57.02)-(41.01-54.23),False
86.94/-83.27-79.37/-28.13*-53.04/29.96*28.24/-62.98/-19.79*-29.28,86.94/-83.27-79.37/-28.13*-53.04/29.96*28.24/-62.98/-19.79*-29.28,True
-93.15/78.8/15.76*(-24.24+(84.29+-*-7.72+37.01/-21.35/-6.05)),-93.15/78.8/15.76*(-24.24+(84.29+-*-7.72+37.01/-21.35/-6.05)),False
44.59+(-23.4+73.22/51.03/24.9+90.38*-19.96/-25.49+-1.84/-18.31),44.59+(-23.4+73.22/51.03/24.9+90.38*-19.96/-25.49+-1.84/-18.31),True
92.43+-38.69--63.36-27.37/-80.46*70.22*(76.57*-63.45)--82.5*-89.53,92.43+-38.69--63.36-27.37/-80.46*70.22*(76.57*-63.45)--82.5*-89.53,True
20.15*(74.24-*)/(-88.09+-47.18--1.77)*-41.18-79.63*-38.18/54.42,20.15*(74.24-*)/(-88.09+-47.18--1.77)*-41.18-79.63*-38.18/54.42,False
++(49.44*(-48.75*-8.91+54.95)*33.25--91.14+38.17)+-41.5/*,++(49.44*(-48.75*-8.91+54.95)*33.25--91.14+38.17)+-41.5/*,True
-39.1--95.14/-66.72--58.2+98.54/76.9/-52.0+/*-45.38+-40.58,-39.1--95.14/-66.72--58.2+98.54/76.9/-52.0+/*-45.38+-40.58,False
-49.83-(-8.14/70.79)+(27.17/(-14.27+68.22)-76.58+(-86.3+36.33*/)),-49.83-(-8.14/70.79)+(27.17/(-14.27+68.22)-76.58+(-86.3+36.33*/)),False
-10.36/-71.64/(28.04/-82.64)*1.85--29.41-2.0-91.5*22.14*8.2,-10.36/-71.64/(28.04/-82.64)*1.85--29.41-2.0-91.5*22.14*8.2,False
-19.46+(39.64+-5.46-(70.53-5.71*-52.44/-78.63*-52.06*-)*-5.47),-19.46+(39.64+-5.46-(70.53-5.71*-52.44/-78.63*-52.06*-)*-5.47),False
-47.97+-50.85*(64.96*(-*-15.86+(68.48*(-3.62/94.55)+-57.43-50.12))),-47.97+-50.85*(64.96*(-*-15.86+(68.48*(-3.62/94.55)+-57.43-50.12))),False
-49.77/24.52-(92.21--70.4+40.67/95.17)*-82.02*(9.58/-/77.11),-49.77/24.52-(92.21--70.4+40.67/95.17)*-82.02*(9.58/-/77.11),False
-64.56+-40.83-+--54.4/4.68/-/-80.48*(-33.43+-42.5+-82.32),-64.56+-40.83-+--54.4/4.68/-/-80.48*(-33.43+-42.5+-82.32),False
(44.36+-61.91*-62.8)*+*-39.71+-62.07/(38.92*-43.14*-90.27+-42.24),(44.36+-61.91*-62.8)*+*-39.71+-62.07/(38.92*-43.14*-90.27+-42.24),True
-73.45/31.93+(-20.33-5.01)*-70.72+-97.27*4.95*58.13/41.96/-31.54,-73.45/31.93+(-20.33-5.01)*-70.72+-97.27*4.95*58.13/41.96/-31.54,True
-15.32*29.97-0.32+-89.94+-10.35/-60.57*-31.25-12.73*(-32.76+-50.68),-15.32*29.97-0.32+-89.94+-10.35/-60.57*-31.25-12.73*(-32.76+-50.68),True
(-20.36*-55.88+39.51+-13.03--11.55--3.18)*-80.17-24.43+84.9-+,(-20.36*-55.88+39.51+-13.03--11.55--3.18)*-80.17-24.43+84.9-+,False
**74.34/85.0*2.9-6.76-53.15--77.58/(-80.72--64.05+-99.96),**74.34/85.0*2.9-6.76-53.15--77.58/(-80.72--64.05+-99.96),True
(-70.66*25.73)*-59.81+(-66.92+(56.51/*-(-21.41+-32.48-(++96.11)))),(-70.66*25.73)*-59.81+(-66.92+(56.51/*-(-21.41+-32.48-(++96.11)))),False
36.52--75.52/(85.76-(-83.97+-13.64)+-81.25)+52.38*(69.05*-18.97/11.61),36.52--75.52/(85.76-(-83.97+-13.64)+-81.25)+52.38*(69.05*-18.97/11.61),False
//51.46+(42.86-26.07--56.86/(-56.0+(-80.51-(-70.9*(34.71-(74.2)))))),//51.46+(42.86-26.07--56.86/(-56.0+(-80.51-(-70.9*(34.71-(74.2)))))),False
(-73.7*-62.79/92.53+31.18*-15.68-(-38.35/-69.85+(77.33*-34.81+25.51))),(-73.7*-62.79/92.53+31.18*-15.68-(-38.35/-69.85+(77.33*-34.81+25.51))),False
++74.42/(-44.76*(-55.88--52.07)/-69.29/2.95/-69.95+(-87.76-(75.27))),++74.42/(-44.76*(-55.88--52.07)/-69.29/2.95/-69.95+(-87.76-(75.27))),True
30.96/28.42--45.85--68.34/-15.76*(-10.34--6.93)-//(-24.51/19.67),30.96/28.42--45.85--68.34/-15.76*(-10.34--6.93)-//(-24.51/19.67),False
36.1/-14.2*65.83+(20.88+76.75-86.53+(70.79-(52.83+//-71.0))),36.1/-14.2*65.83+(20.88+76.75-86.53+(70.79-(52.83+//-71.0))),True
-37.05+(-81.57*60.21)*61.29+25.24+20.26-7.79--23.04--29.04*-19.7,-37.05+(-81.57*60.21)*61.29+25.24+20.26-7.79--23.04--29.04*-19.7,False
-87.12/+/-73.39+15.72*(40.04/46.18/-31.75/-55.78-83.85)-72.35,-87.12/+/-73.39+15.72*(40.04/46.18/-31.75/-55.78-83.85)-72.35,False
(-/-15.45)/(39.19*-61.38/50.27/16.34/-+-83.94*91.74+-31.46),(-/-15.45)/(39.19*-61.38/50.27/16.34/-+-83.94*91.74+-31.46),False
4.25+-63.61/32.37*-16.72+-48.27+(45.17-79.37--44.56/(-19.37--10.08)),4.25+-63.61/32.37*-16.72+-48.27+(45.17-79.37--44.56/(-19.37--10.08)),True
-61.44/-19.36+0.55-*+22.2+65.82+-75.91+-50.71-(-3.3-(82.37)),-61.44/-19.36+0.55-*+22.2+65.82+-75.91+-50.71-(-3.3-(82.37)),True
59.87*79.17*7.72*(-63.83+-50.06)-7.59-15.68-23.58/-23.86*-73.33,59.87*79.17*7.72*(-63.83+-50.06)-7.59-15.68-23.58/-23.86*-73.33,False
-50.02-(-55.49+12.42--5.97/27.77*-44.14)*-97.96/-76.93*(-97.96/-26.93),-50.02-(-55.49+12.42--5.97/27.77*-44.14)*-97.96/-76.93*(-97.96/-26.93),True
8.59*96.86+(-92.94--87.11/85.11+69.01-/+-43.58)/0.72-+,8.59*96.86+(-92.94--87.11/85.11+69.01-/+-43.58)/0.72-+,False
61.77--94.75/67.43+42.16-9.18--80.11*73.8/40.34*(97.53+(55.59)),61.77--94.75/67.43+42.16-9.18--80.11*73.8/40.34*(97.53+(55.59)),True
-9.88/68.62+3.28-7.17+(37.4--92.52*-56.1--55.57/(-59.9-+)),-9.88/68.62+3.28-7.17+(37.4--92.52*-56.1--55.57/(-59.9-+)),False
80.82*5.55+92.03*(-68.03+-64.53*--12.48/16.71*++(88.52)),80.82*5.55+92.03*(-68.03+-64.53*--12.48/16.71*++(88.52)),False
-17.3/-84.14-32.07*-58.22+-60.89*-68.72*(59.22/-63.93)/-34.4-50.94,-17.3/-84.14-32.07*-58.22+-60.89*-68.72*(59.22/-63.93)/-34.4-50.94,True
-33.18*(*/51.03/(-46.09*-80.76)*-80.62-(-46.93--60.49)*(-98.66/-83.49)),-33.18*(*/51.03/(-46.09*-80.76)*-80.62-(-46.93--60.49)*(-98.66/-83.49)),True
71.24*-16.72+-4.74/20.38/1.62+76.82/-71.4/-86.6-(2.83/1.95),71.24*-16.72+-4.74/20.38/1.62+76.82/-71.4/-86.6-(2.83/1.95),True
-53.2/36.23/32.52/-72.93-39.37-42.33--/(43.16*92.09+-45.47),-53.2/36.23/32.52/-72.93-39.37-42.33--/(43.16*92.09+-45.47),True
-7.61/94.78*-26.19/+--82.86+(66.1--45.85/29.01/96.52)/(91.86),-7.61/94.78*-26.19/+--82.86+(66.1--45.85/29.01/96.52)/(91.86),True
(74.3-3.71)*1.51++/-18.82-84.7*40.86/-87.46+/--67.77,(74.3-3.71)*1.51++/-18.82-84.7*40.86/-87.46+/--67.77,False
0.45-**-75.57*-81.17*-72.7*54.18*-44.5--70.71*(-72.19+-39.85),0.45-**-75.57*-81.17*-72.7*54.18*-44.5--70.71*(-72.19+-39.85),False
77.13--43.22/(22.89--27.7+-22.31--55.41)/30.32-(-5.66/59.57/(-37.65)),77.13--43.22/(22.89--27.7+-22.31--55.41)/30.32-(-5.66/59.57/(-37.65)),False
75.57+-61.2+-15.15*-58.03--6.34*16.66+-19.63/72.82+(-42.79+77.37),75.57+-61.2+-15.15*-58.03--6.34*16.66+-19.63/72.82+(-42.79+77.37),True
/*-40.61+99.02--96.31-+*74.79/-39.61+-23.91/-/(-78.35),/*-40.61+99.02--96.31-+*74.79/-39.61+-23.91/-/(-78.35),False
(61.15+-5.94/(13.84*-76.36/79.09*-33.38)-86.89)/-+-48.64-35.53,(61.15+-5.94/(13.84*-76.36/79.09*-33.38)-86.89)/-+-48.64-35.53,False
-85.28*5.87/(-85.32/(+/68.71)*-98.92/-63.5--54.73-80.5*91.38),-85.28*5.87/(-85.32/(+/68.71)*-98.92/-63.5--54.73-80.5*91.38),False
22.97+95.4+-84.67/16.11+(-29.77/+/40.18/85.81)*-98.04--87.36,22.97+95.4+-84.67/16.11+(-29.77/+/40.18/85.81)*-98.04--87.36,True
(40.31+-61.38)/24.45*12.89-(-40.69+79.03*36.91*-5.55/51.29/-57.28),(40.31+-61.38)/24.45*12.89-(-40.69+79.03*36.91*-5.55/51.29/-57.28),False
-5.43-(28.82/-65.79+10.58+-62.45*-49.51-(-48.33-85.06*0.13-(6.35))),-5.43-(28.82/-65.79+10.58+-62.45*-49.51-(-48.33-85.06*0.13-(6.35))),False
-86.64/0.68+7.76*56.41-(13.29+32.56/-90.47/(2.11+24.02*88.08)),-86.64/0.68+7.76*56.41-(13.29+32.56/-90.47/(2.11+24.02*88.08)),True
-60.42/24.91/-13.2-55.89*-32.73-14.12*(-88.66*41.43--64.13)*(33.23),-60.42/24.91/-13.2-55.89*-32.73-14.12*(-88.66*41.43--64.13)*(33.23),False
23.25+-85.85/4.69*-16.99-10.43+-43.36-(-75.0/-20.3*-89.09-(-75.24)),23.25+-85.85/4.69*-16.99-10.43+-43.36-(-75.0/-20.3*-89.09-(-75.24)),True
-72.93-55.38+57.99+-87.02-(-64.28-50.07--51.2)+49.3/13.93+-33.54,-72.93-55.38+57.99+-87.02-(-64.28-50.07--51.2)+49.3/13.93+-33.54,False
(23.57/95.26--82.17--73.17/(7.71*(58.31-(-87.06+60.05/-67.73+(-56.57))))),(23.57/95.26--82.17--73.17/(7.71*(58.31-(-87.06+60.05/-67.73+(-56.57))))),False
61.76+96.98-(20.49+5.01*-75.12*16.8+(7.77*(-1.33*-63.35/65.19))),61.76+96.98-(20.49+5.01*-75.12*16.8+(7.77*(-1.33*-63.35/65.19))),False
-97.07-80.81*-56.84/52.05+-47.15+-19.23-(38.95+14.12-(-44.26/-)),-97.07-80.81*-56.84/52.05+-47.15+-19.23-(38.95+14.12-(-44.26/-)),False
38.31+-23.86*-88.47+(71.15-64.86)-46.33*91.28+10.81--88.81-27.62,38.31+-23.86*-88.47+(71.15-64.86)-46.33*91.28+10.81--88.81-27.62,True
//49.57/-78.76*74.19+-78.31+-84.94--51.99+60.31*-75.1/68.68,//49.57/-78.76*74.19+-78.31+-84.94--51.99+60.31*-75.1/68.68,False
10.53*-28.66/53.65/33.76+-9.06-70.67*-34.97--74.98--52.36/61.01,10.53*-28.66/53.65/33.76+-9.06-70.67*-34.97--74.98--52.36/61.01,True
-7.93+54.72*-5.56*-94.07--76.37*-14.45+**-81.69*29.33--10.5,-7.93+54.72*-5.56*-94.07--76.37*-14.45+**-81.69*29.33--10.5,False
36.06*-36.78*-53.95--55.26--92.38-(-23.35-77.32+(79.21-84.09)--16.86),36.06*-36.78*-53.95--55.26--92.38-(-23.35-77.32+(79.21-84.09)--16.86),True
25.52-17.19-2.18-+*68.06*-94.37-79.39*-38.02+-81.27*-70.5,25.52-17.19-2.18-+*68.06*-94.37-79.39*-38.02+-81.27*-70.5,False
(/+-75.82+-76.09-62.12--47.89)+(-58.64+-62.45)+(35.87*-13.66-(86.73)),(/+-75.82+-76.09-62.12--47.89)+(-58.64+-62.45)+(35.87*-13.66-(86.73)),False
43.95+2.44*-40.15*(88.96+-48.66*-20.31-45.93**-(37.35--10.86)),43.95+2.44*-40.15*(88.96+-48.66*-20.31-45.93**-(37.35--10.86)),True
-9.08+-81.41/27.7*-24.98/-91.91/-90.95-(-34.58+75.32)/-41.99/-56.04,-9.08+-81.41/27.7*-24.98/-91.91/-90.95-(-34.58+75.32)/-41.99/-56.04,True
29.46/(-95.29--64.48--18.1/-12.06/(27.95+-57.31/-10.74*-25.7+75.65)),29.46/(-95.29--64.48--18.1/-12.06/(27.95+-57.31/-10.74*-25.7+75.65)),True
-70.39+(71.06/69.69*-29.1)--34.0/-92.14*28.53/-38.73-69.05*15.33,-70.39+(71.06/69.69*-29.1)--34.0/-92.14*28.53/-38.73-69.05*15.33,False
10.39+70.82*-76.83+(86.04+8.69+*+-56.07/(10.22*6.4*-39.18)),10.39+70.82*-76.83+(86.04+8.69+*+-56.07/(10.22*6.4*-39.18)),True
26.6*(-15.36*(39.08+-98.99)-(78.8/29.12--54.16)*31.33*-99.97+58.25),26.6*(-15.36*(39.08+-98.99)-(78.8/29.12--54.16)*31.33*-99.97+58.25),True
//73.75--5.1+14.32+75.63/-36.56-(/+(-16.9*-40.31*-75.22)),//73.75--5.1+14.32+75.63/-36.56-(/+(-16.9*-40.31*-75.22)),False
(-21.36+90.78/63.06/-28.45*83.6+56.75/(-13.12*-89.43/(-21.43-95.74))),(-21.36+90.78/63.06/-28.45*83.6+56.75/(-13.12*-89.43/(-21.43-95.74))),True
-96.23+13.52-(*/4.59+-6.56*-97.58*-88.45)+-2.21-(-17.52*2.34),-96.23+13.52-(*/4.59+-6.56*-97.58*-88.45)+-2.21-(-17.52*2.34),True
-75.58+42.54/(-43.13-15.7-41.74--97.76+-10.33)/94.18+(*+-34.05),-75.58+42.54/(-43.13-15.7-41.74--97.76+-10.33)/94.18+(*+-34.05),True
9.78-(-69.29+-7.87)-21.46/-95.51--59.89+-*91.67/-65.4+-34.52,9.78-(-69.29+-7.87)-21.46/-95.51--59.89+-*91.67/-65.4+-34.52,True
-32.19+82.68*(-51.0*-58.01/(-15.92**)/3.97+(-60.69*-9.18--5.18)),-32.19+82.68*(-51.0*-58.01/(-15.92**)/3.97+(-60.69*-9.18--5.18)),True
(36.71+-23.01/18.87*-82.07+57.89+-82.18/-52.17*2.68*48.87/(-23.71)),(36.71+-23.01/18.87*-82.07+57.89+-82.18/-52.17*2.68*48.87/(-23.71)),True
31.36+-52.64+(-12.58/(-15.57+(1.11+77.26)*(-39.53+/*39.77--41.83))),31.36+-52.64+(-12.58/(-15.57+(1.11+77.26)*(-39.53+/*39.77--41.83))),True
14.71*-76.38*(55.93---78.71+35.92--76.47*47.07)/(-33.66*-1.8),14.71*-76.38*(55.93---78.71+35.92--76.47*47.07)/(-33.66*-1.8),True
-22.14/-92.2+-29.85+(11.16--19.79-/+-39.34--/-7.94)/-0.18,-22.14/-92.2+-29.85+(11.16--19.79-/+-39.34--/-7.94)/-0.18,True
(50.33*-65.32/84.25)+-83.21/-+45.26/41.28/-98.01+50.96-88.41,(50.33*-65.32/84.25)+-83.21/-+45.26/41.28/-98.01+50.96-88.41,True
*/4.81*-79.2+10.24*(23.5--52.41+(23.32*-41.57--48.1*-38.05)),*/4.81*-79.2+10.24*(23.5--52.41+(23.32*-41.57--48.1*-38.05)),False
47.64--53.68--81.08/(-58.13--54.07-(89.75*-5.51/-10.7/-19.74)+-29.79),47.64--53.68--81.08/(-58.13--54.07-(89.75*-5.51/-10.7/-19.74)+-29.79),False
/+-70.56/(81.19*21.39)+-53.63/91.2/53.54*-12.18--9.88+76.04,/+-70.56/(81.19*21.39)+-53.63/91.2/53.54*-12.18--9.88+76.04,True
95.93*-12.59/53.62*-4.16-89.46-30.75++*-92.81--25.04-87.23,95.93*-12.59/53.62*-4.16-89.46-30.75++*-92.81--25.04-87.23,False
69.09+-18.17*55.4-(*+-40.96*-32.17/-27.09/+--91.08+47.22),69.09+-18.17*55.4-(*+-40.96*-32.17/-27.09/+--91.08+47.22),False
-9.35-26.62+(32.9/96.22/-58.36+-12.96+//-28.81)+79.66-(18.76),-9.35-26.62+(32.9/96.22/-58.36+-12.96+//-28.81)+79.66-(18.76),True
-69.51-(28.46/26.18+28.59)/-69.75*92.27*(**(-35.32+(-7.58*(-15.24)))),-69.51-(28.46/26.18+28.59)/-69.75*92.27*(**(-35.32+(-7.58*(-15.24)))),True
46.5--17.51/-28.82*-58.82/-55.43/-24.04/29.79+14.97+65.98--31.53,46.5--17.51/-28.82*-58.82/-55.43/-24.04/29.79+14.97+65.98--31.53,False
66.89-85.19-++6.46/80.76-(-6.45/63.53*-66.95+43.43)--4.67,66.89-85.19-++6.46/80.76-(-6.45/63.53*-66.95+43.43)--4.67,False
54.28/-16.65/-30.62*91.48/95.06-(-64.6-/+(-24.54*(-5.44/-15.28))),54.28/-16.65/-30.62*91.48/95.06-(-64.6-/+(-24.54*(-5.44/-15.28))),True
-28.69*-79.14-54.73+-5.58/42.75*(**-*-41.86+(25.42/-51.83)),-28.69*-79.14-54.73+-5.58/42.75*(**-*-41.86+(25.42/-51.83)),False
-23.95/-15.34-///--14.01-10.31+-99.07+-42.24*87.76/-70.81,-23.95/-15.34-///--14.01-10.31+-99.07+-42.24*87.76/-70.81,False
21.41+(/*-60.91)--8.65-(-32.55/33.95)+(-34.16*-90.01-10.05+21.98),21.41+(/*-60.91)--8.65-(-32.55/33.95)+(-34.16*-90.01-10.05+21.98),True
23.57-(-85.52*(31.27*43.88)*51.84/-19.3--82.66)+81.74*-16.09/33.44,23.57-(-85.52*(31.27*43.88)*51.84/-19.3--82.66)+81.74*-16.09/33.44,False
-46.94-49.18*97.28+45.77*-4.32-57.93+(4.15/-40.54)--62.74+-53.66,-46.94-49.18*97.28+45.77*-4.32-57.93+(4.15/-40.54)--62.74+-53.66,True
81.65*91.35+-59.1*-41.94--39.03*-19.46-++29.4+-60.22+6.0,81.65*91.35+-59.1*-41.94--39.03*-19.46-++29.4+-60.22+6.0,True
-43.17+-96.44*67.06+-82.17/(34.17/(-7.59/(97.46+(-68.6-(-27.74/(/)))))),-43.17+-96.44*67.06+-82.17/(34.17/(-7.59/(97.46+(-68.6-(-27.74/(/)))))),True
-10.53*98.83+-9.79*46.04-62.14/55.57+-35.38/(-37.28-48.11*-63.74),-10.53*98.83+-9.79*46.04-62.14/55.57+-35.38/(-37.28-48.11*-63.74),True
-54.08+-88.4/-44.21/-93.24/-31.99-93.5+80.65+*+38.54*-3.92,-54.08+-88.4/-44.21/-93.24/-31.99-93.5+80.65+*+38.54*-3.92,True
6.26/79.29*57.35/-91.1/(1.66-1.64--9.47*75.41-*-47.94),6.26/79.29*57.35/-91.1/(1.66-1.64--9.47*75.41-*-47.94),True
93.16--65.18--41.45++-55.29+-70.84*+/24.75/(-40.71--66.71),93.16--65.18--41.45++-55.29+-70.84*+/24.75/(-40.71--66.71),False
-88.19*-70.98*(34.79+-85.23+84.53-(88.65--5.67*-29.6+70.91)*32.77),-88.19*-70.98*(34.79+-85.23+84.53-(88.65--5.67*-29.6+70.91)*32.77),False
-0.26*-1.61+-89.89+-39.0*-67.39--+89.18/-49.86-(30.64+28.04),-0.26*-1.61+-89.89+-39.0*-67.39--+89.18/-49.86-(30.64+28.04),False
-53.42--91.39--86.8*-23.2*-58.73--44.18/-67.6--38.93/0.71+61.0,-53.42--91.39--86.8*-23.2*-58.73--44.18/-67.6--38.93/0.71+61.0,True
(-57.69--4.94/-27.06--55.14*51.17)*81.16*--47.19+-82.22--2.33,(-57.69--4.94/-27.06--55.14*51.17)*81.16*--47.19+-82.22--2.33,True
-73.12*73.57+-55.77+34.14+83.84+-71.37/-38.11+47.17++/-3.64,-73.12*73.57+-55.77+34.14+83.84+-71.37/-38.11+47.17++/-3.64,False
24.11--53.58+(33.9-2.91)/-49.96*64.49//*-68.0/84.73+(43.12),24.11--53.58+(33.9-2.91)/-49.96*64.49//*-68.0/84.73+(43.12),False
85.68-//-19.88/-75.8-//-41.16*56.99+-84.29*-54.62+36.7,85.68-//-19.88/-75.8-//-41.16*56.99+-84.29*-54.62+36.7,False
22.86+50.74+-2.62*-14.73--72.61+-50.02*(-68.3--40.75*-80.16/-94.54),22.86+50.74+-2.62*-14.73--72.61+-50.02*(-68.3--40.75*-80.16/-94.54),True
-77.04/(-38.01+(33.08--13.81+84.92/10.98*-62.59/-33.14/(39.18--3.43))),-77.04/(-38.01+(33.08--13.81+84.92/10.98*-62.59/-33.14/(39.18--3.43))),True
(49.22-7.13+-61.88-(-0.57+(-75.05*(42.98*-62.56/-39.85*-2.2*/)))),(49.22-7.13+-61.88-(-0.57+(-75.05*(42.98*-62.56/-39.85*-2.2*/)))),False
84.58*-+-85.16/53.48/6.24+22.97+(10.72/-27.63----53.77),84.58*-+-85.16/53.48/6.24+22.97+(10.72/-27.63----53.77),False
(-19.35/-96.6-85.93)-(-83.83/12.4*86.28***-94.23*-10.92-75.28),(-19.35/-96.6-85.93)-(-83.83/12.4*86.28***-94.23*-10.92-75.28),False
19.06*-22.71/-81.45-70.97*(-66.0+-75.53)+-71.25+-97.49/(-33.59--),19.06*-22.71/-81.45-70.97*(-66.0+-75.53)+-71.25+-97.49/(-33.59--),True
-45.64-77.44/-50.33*-95.31/38.15/-35.85//+39.67+6.73/-82.49,-45.64-77.44/-50.33*-95.31/38.15/-35.85//+39.67+6.73/-82.49,False
(28.4/-2.72+65.53*(-98.59+-33.01)/-12.64*-33.77)*-68.57--55.8-(68.85),(28.4/-2.72+65.53*(-98.59+-33.01)/-12.64*-33.77)*-68.57--55.8-(68.85),True
*+52.24/52.54-99.0+79.61+76.76-(69.25/70.03/---53.95),*+52.24/52.54-99.0+79.61+76.76-(69.25/70.03/---53.95),True
(26.72/-*29.82-(-70.83*-78.84*5.29)/-29.31)*61.25/71.09--71.09,(26.72/-*29.82-(-70.83*-78.84*5.29)/-29.31)*61.25/71.09--71.09,False
-16.43/-53.21+(-20.5*+/74.63)+(-27.11-(-+39.23+(81.99/46.35))),-16.43/-53.21+(-20.5*+/74.63)+(-27.11-(-+39.23+(81.99/46.35))),False
(-15.84*-24.37/65.78/-65.02)-91.03/-17.25/-26.97/95.27-/*34.35,(-15.84*-24.37/65.78/-65.02)-91.03/-17.25/-26.97/95.27-/*34.35,False
81.39/55.61+-4.28/(66.95-(-97.59/-41.07--52.96-72.18-30.36-93.84)),81.39/55.61+-4.28/(66.95-(-97.59/-41.07--52.96-72.18-30.36-93.84)),False
58.75*(-83.55-(51.9+-24.79--26.39)+29.04/5.43+-58.36+25.95)*(99.79),58.75*(-83.55-(51.9+-24.79--26.39)+29.04/5.43+-58.36+25.95)*(99.79),True
94.44-71.47+-31.98-18.74/-95.85/34.77-52.54--9.24+-10.9**,94.44-71.47+-31.98-18.74/-95.85/34.77-52.54--9.24+-10.9**,False
85.06*-77.22--40.09/-23.49*85.09/-25.56*24.89*84.88-83.13/-80.49,85.06*-77.22--40.09/-23.49*85.09/-25.56*24.89*84.88-83.13/-80.49,True
29.99+-26.94+-61.4+62.48+84.43/(-88.63+79.87)/(-28.96--38.02*14.13),29.99+-26.94+-61.4+62.48+84.43/(-88.63+79.87)/(-28.96--38.02*14.13),True
79.87+-24.41/-/-4.95+86.49-26.69/13.27--59.52*21.66/63.28,79.87+-24.41/-/-4.95+86.49-26.69/13.27--59.52*21.66/63.28,True
1.42*(69.59/65.85*91.12*54.22)/(24.97+59.01--53.95+45.15*18.37),1.42*(69.59/65.85*91.12*54.22)/(24.97+59.01--53.95+45.15*18.37),False
+/++17.81+-47.55-21.97/-2.61-24.22/-7.93-(40.14+-31.62),+/++17.81+-47.55-21.97/-2.61-24.22/-7.93-(40.14+-31.62),False
59.65-79.17-72.62+65.16/10.83*71.02*63.3--66.84/38.31*/,59.65-79.17-72.62+65.16/10.83*71.02*63.3--66.84/38.31*/,False
85.41+28.02+5.04-(10.97*/*-+97.07/-7.66*-28.86--88.0),85.41+28.02+5.04-(10.97*/*-+97.07/-7.66*-28.86--88.0),False
(-37.48/-17.64+-/71.43*(-+-36.45+83.57*-53.03/-88.26)-*),(-37.48/-17.64+-/71.43*(-+-36.45+83.57*-53.03/-88.26)-*),False
21.64+-85.74*-66.4+55.63*30.93-38.29--39.45/-93.41/1.71--13.97,21.64+-85.74*-66.4+55.63*30.93-38.29--39.45/-93.41/1.71--13.97,True
35.7--11.52/(99.8-(-16.32+-73.28)/-)-7.9--38.97-(-+39.22),35.7--11.52/(99.8-(-16.32+-73.28)/-)-7.9--38.97-(-+39.22),False
38.62*(-70.01-(18.0/-61.73/29.64--29.0-70.17/-38.83*-44.08/8.46)),38.62*(-70.01-(18.0/-61.73/29.64--29.0-70.17/-38.83*-44.08/8.46)),True
(88.76/42.39-62.43)*-29.34-97.0-(-52.92+20.89+-56.94)/(*/-8.15),(88.76/42.39-62.43)*-29.34-97.0-(-52.92+20.89+-56.94)/(*/-8.15),False
57.7-87.89+(/-21.39--50.06)/-/-43.53-92.64-86.03+97.73,57.7-87.89+(/-21.39--50.06)/-/-43.53-92.64-86.03+97.73,True
67.04-*/61.46*-1.08*-38.61-76.29+-41.89*(-9.06--91.77/45.46),67.04-*/61.46*-1.08*-38.61-76.29+-41.89*(-9.06--91.77/45.46),False
-96.48-67.96+(-78.93/-46.5--34.45--44.74+-53.24/-8.61*-68.94-(-18.1)),-96.48-67.96+(-78.93/-46.5--34.45--44.74+-53.24/-8.61*-68.94-(-18.1)),True
47.74*-96.88--52.49/88.8/-70.65/-78.59*18.08*-61.35*(55.23*77.12),47.74*-96.88--52.49/88.8/-70.65/-78.59*18.08*-61.35*(55.23*77.12),False
(67.83+74.96*-26.08+47.13)/11.4*-90.21*-29.67+/-6.29+(5.86),(67.83+74.96*-26.08+47.13)/11.4*-90.21*-29.67+/-6.29+(5.86),False
-50.25/23.99*(20.09/41.16+-39.11-(-24.41--94.15/6.33+93.02)--98.39),-50.25/23.99*(20.09/41.16+-39.11-(-24.41--94.15/6.33+93.02)--98.39),True
-67.48*67.92--0.42*-/-50.55*16.14/(40.74+(10.76+(-4.54/(-14.44)))),-67.48*67.92--0.42*-/-50.55*16.14/(40.74+(10.76+(-4.54/(-14.44)))),False
36.98/-77.97+70.35*31.79*-47.41/79.32*-36.76+(41.27+34.41)*94.0,36.98/-77.97+70.35*31.79*-47.41/79.32*-36.76+(41.27+34.41)*94.0,True
+-7.65-25.88/-7.9-(75.19/(60.5+58.83)/(-18.31/*-45.37)),+-7.65-25.88/-7.9-(75.19/(60.5+58.83)/(-18.31/*-45.37)),True
22.1/82.6--86.7+-90.69/-88.91*10.02+65.73-53.35*(-42.73/-32.85),22.1/82.6--86.7+-90.69/-88.91*10.02+65.73-53.35*(-42.73/-32.85),True
89.34/(28.49/61.63+68.46)/53.14+81.74*(-20.24+-87.93+83.44-36.33),89.34/(28.49/61.63+68.46)/53.14+81.74*(-20.24+-87.93+83.44-36.33),True
75.68-73.04-13.72*96.82+-12.84/-14.28+56.52+88.16/-5.31*-37.19,75.68-73.04-13.72*96.82+-12.84/-14.28+56.52+88.16/-5.31*-37.19,True
41.58/-2.77/-55.91/74.1/62.46-86.61--13.03*-54.48+53.3-24.2,41.58/-2.77/-55.91/74.1/62.46-86.61--13.03*-54.48+53.3-24.2,True
*/54.36+(61.37+93.83/2.7/-98.66-82.26--15.35/-58.38*-84.71),*/54.36+(61.37+93.83/2.7/-98.66-82.26--15.35/-58.38*-84.71),False
47.5*-65.05+34.38/-91.26*-91.06*55.41/(55.42/43.94*-0.18+*),47.5*-65.05+34.38/-91.26*-91.06*55.41/(55.42/43.94*-0.18+*),False
++(94.76--26.86+72.61-89.46-(-88.62+-92.3/-71.32/51.12)*(87.45)),++(94.76--26.86+72.61-89.46-(-88.62+-92.3/-71.32/51.12)*(87.45)),True
57.22*-63.29*84.83*-75.95/-58.45/-57.63+-31.41+91.3+78.06*(51.72),57.22*-63.29*84.83*-75.95/-58.45/-57.63+-31.41+91.3+78.06*(51.72),True
93.67/27.07-(-4.98*-68.06*-91.38--23.08+43.63-(92.38--*(-53.89))),93.67/27.07-(-4.98*-68.06*-91.38--23.08+43.63-(92.38--*(-53.89))),False
/+(97.73+(45.16*(69.25+-6.89)+-23.64)/(45.66*-86.78/-28.49-47.33)),/+(97.73+(45.16*(69.25+-6.89)+-23.64)/(45.66*-86.78/-28.49-47.33)),True
14.0*1.25*-30.16-90.37*(-22.69/78.75/(13.73/8.77--42.02*32.0)),14.0*1.25*-30.16-90.37*(-22.69/78.75/(13.73/8.77--42.02*32.0)),True
-34.99*(45.09/-92.23+86.92)+(-40.11/1.88-94.91-7.64/-26.15/(42.13)),-34.99*(45.09/-92.23+86.92)+(-40.11/1.88-94.91-7.64/-26.15/(42.13)),True
-19.63*-+-74.26/(61.04+-46.18)/48.41+9.26/-15.3*37.34*-81.26,-19.63*-+-74.26/(61.04+-46.18)/48.41+9.26/-15.3*37.34*-81.26,False
(-49.56--11.36*-8.29+(-91.94-89.89-71.44)-9.6-(-54.33*12.1*32.8)),(-49.56--11.36*-8.29+(-91.94-89.89-71.44)-9.6-(-54.33*12.1*32.8)),False
18.16-27.61+-24.4/-32.49+76.9+37.86+34.46/-83.43*86.53/43.38,18.16-27.61+-24.4/-32.49+76.9+37.86+34.46/-83.43*86.53/43.38,False
(30.08+-35.55+-98.32--62.6)*66.37+(-10.21/88.0/-59.75)-6.66/13.28,(30.08+-35.55+-98.32--62.6)*66.37+(-10.21/88.0/-59.75)-6.66/13.28,True
97.78-(-92.4-17.19*50.09/-43.55)--45.88*(33.64/-45.66-16.5--31.09),97.78-(-92.4-17.19*50.09/-43.55)--45.88*(33.64/-45.66-16.5--31.09),True
53.75-67.61/(56.55--93.11)+(-16.83*-4.78*-80.66)+(-71.16+-81.09-/),53.75-67.61/(56.55--93.11)+(-16.83*-4.78*-80.66)+(-71.16+-81.09-/),True
-41.44--29.81--57.72-13.9/-47.32/18.03+16.18/-5.15+16.88+73.34,-41.44--29.81--57.72-13.9/-47.32/18.03+16.18/-5.15+16.88+73.34,True
59.47-(-90.79+-47.16/+*-46.36+-9.06+75.78+(-30.48-33.34+-88.88)),59.47-(-90.79+-47.16/+*-46.36+-9.06+75.78+(-30.48-33.34+-88.88)),False
51.7*4.1+36.19--23.09*69.6*32.79-(-40.99*77.97--2.37)+59.07,51.7*4.1+36.19--23.09*69.6*32.79-(-40.99*77.97--2.37)+59.07,True
18.66+-3.59--90.61--76.48+50.31/-15.1*-68.24-//+//,18.66+-3.59--90.61--76.48+50.31/-15.1*-68.24-//+//,False
(-71.55--76.15-37.14/60.74/66.4/84.46)/(-83.05*39.54/-16.54+(-44.78)),(-71.55--76.15-37.14/60.74/66.4/84.46)/(-83.05*39.54/-16.54+(-44.78)),True
26.4-99.59/-42.07*90.25*(-67.66-(-99.17-89.24*-51.05*(-92.33*(-33.87)))),26.4-99.59/-42.07*90.25*(-67.66-(-99.17-89.24*-51.05*(-92.33*(-33.87)))),True
-70.33+21.29---+/(59.18*1.95+13.42/(98.67*-56.43-31.81)),-70.33+21.29---+/(59.18*1.95+13.42/(98.67*-56.43-31.81)),False
(-67.47*(64.95*-67.41)-40.98*60.79*48.05*82.0)*-11.43-86.06+-78.6,(-67.47*(64.95*-67.41)-40.98*60.79*48.05*82.0)*-11.43-86.06+-78.6,False
-48.91-(11.35/16.09+58.24-44.72/94.37)+/--49.88/-27.99+(+),-48.91-(11.35/16.09+58.24-44.72/94.37)+/--49.88/-27.99+(+),False
-57.76*-25.91--32.26-84.01/86.55*-60.75+15.56-73.93+-52.2/-84.02,-57.76*-25.91--32.26-84.01/86.55*-60.75+15.56-73.93+-52.2/-84.02,False
-89.45*-19.6*79.18/7.24/18.04*61.99+-2.36--58.05*59.55+40.01,-89.45*-19.6*79.18/7.24/18.04*61.99+-2.36--58.05*59.55+40.01,True
14.87-(47.96-12.63+(95.31/-16.06)*-19.49*(62.39/(42.54+-70.35/-35.52))),14.87-(47.96-12.63+(95.31/-16.06)*-19.49*(62.39/(42.54+-70.35/-35.52))),False
65.22+(84.55-67.61--68.39/51.02)-77.13+(-21.87/80.16/-96.46+-50.83),65.22+(84.55-67.61--68.39/51.02)-77.13+(-21.87/80.16/-96.46+-50.83),True
-/-53.3-43.63/-77.65/27.37+-9.25--2.13+64.17+-15.62/-50.61,-/-53.3-43.63/-77.65/27.37+-9.25--2.13+64.17+-15.62/-50.61,False
-60.99+(-74.7/-64.46+-37.52+10.82+(8.46*63.68+-37.94/(-24.51*-74.05))),-60.99+(-74.7/-64.46+-37.52+10.82+(8.46*63.68+-37.94/(-24.51*-74.05))),False
66.85+91.69*84.51-+/63.04+-11.82/-60.64*65.33+-62.52/44.27,66.85+91.69*84.51-+/63.04+-11.82/-60.64*65.33+-62.52/44.27,True
(58.53+57.66/*-70.33/56.5)/-41.68-70.38--83.87*-78.59--87.49,(58.53+57.66/*-70.33/56.5)/-41.68-70.38--83.87*-78.59--87.49,False
-34.58+(55.33-(-11.3-/)+-27.45*(40.1*11.22/28.28*(20.16/39.32))),-34.58+(55.33-(-11.3-/)+-27.45*(40.1*11.22/28.28*(20.16/39.32))),False
(-/(-34.53/(-45.65-85.4*17.13/-54.64+79.07/-89.06)/10.01/67.54)),(-/(-34.53/(-45.65-85.4*17.13/-54.64+79.07/-89.06)/10.01/67.54)),True
-93.6+-54.58+/+26.92/-+-53.82*(71.89*-91.68)+(51.02+-54.33),-93.6+-54.58+/+26.92/-+-53.82*(71.89*-91.68)+(51.02+-54.33),False
-43.71-63.47/4.32*73.24+-90.96*9.42//-(74.96*(-5.52--13.3)),-43.71-63.47/4.32*73.24+-90.96*9.42//-(74.96*(-5.52--13.3)),True
53.47-(56.48/(45.78+*--77.35*16.59/18.66*-60.93+-70.48+-18.37)),53.47-(56.48/(45.78+*--77.35*16.59/18.66*-60.93+-70.48+-18.37)),True
3.51*60.68+-3.1+49.56*-99.3-39.18+83.8+-29.81*-50.15--71.47,3.51*60.68+-3.1+49.56*-99.3-39.18+83.8+-29.81*-50.15--71.47,True
-88.4/(35.86+-66.82-/)/-83.43+*--25.27--75.93*-90.13/-78.25,-88.4/(35.86+-66.82-/)/-83.43+*--25.27--75.93*-90.13/-78.25,True
19.08+-9.37/-88.93--38.01/(98.84*/)/-31.41/-99.44+-62.96/56.77,19.08+-9.37/-88.93--38.01/(98.84*/)/-31.41/-99.44+-62.96/56.77,False
-64.56+-4.59-37.52++-5.44+-12.65/28.88*-89.16*3.39/(32.07),-64.56+-4.59-37.52++-5.44+-12.65/28.88*-89.16*3.39/(32.07),False
-38.8/-48.6+79.15*98.39/-13.97-61.1*-57.12/(54.06/35.66)--5.09,-38.8/-48.6+79.15*98.39/-13.97-61.1*-57.12/(54.06/35.66)--5.09,False
99.85*(-58.11/90.58/27.52+-5.16-(74.8+-82.93--53.85+96.45-90.17)),99.85*(-58.11/90.58/27.52+-5.16-(74.8+-82.93--53.85+96.45-90.17)),True
33.51+-53.32/64.44-76.21+-92.11/-0.83+-74.02/-18.7+1.73/-21.18,33.51+-53.32/64.44-76.21+-92.11/-0.83+-74.02/-18.7+1.73/-21.18,False
-55.22*(-44.95*11.89*46.55-68.9*16.81*-32.93*29.53)*-25.12-64.1,-55.22*(-44.95*11.89*46.55-68.9*16.81*-32.93*29.53)*-25.12-64.1,True
++-3.53/-56.08*28.66/-71.11-/+-8.5*(95.34/(-73.3/(-98.87))),++-3.53/-56.08*28.66/-71.11-/+-8.5*(95.34/(-73.3/(-98.87))),False
(24.77*-12.62)*73.66/47.23+(51.41/**33.12*-88.81/68.61*55.07),(24.77*-12.62)*73.66/47.23+(51.41/**33.12*-88.81/68.61*55.07),False
64.14/-92.12/-94.26-46.32*-87.46*80.52+98.65+-90.74+(13.07-82.3),64.14/-92.12/-94.26-46.32*-87.46*80.52+98.65+-90.74+(13.07-82.3),True
95.25*73.35+72.76//+-68.03+99.93-(32.11+(-74.13/-/66.54)),95.25*73.35+72.76//+-68.03+99.93-(32.11+(-74.13/-/66.54)),False
23.19/82.54+30.96/-27.49/-94.6*-91.77/53.98*38.95*(48.77/(-20.08)),23.19/82.54+30.96/-27.49/-94.6*-91.77/53.98*38.95*(48.77/(-20.08)),True
-75.1/19.53-(52.64+-11.32--52.73/92.6-87.64--87.57/(-+-36.11)),-75.1/19.53-(52.64+-11.32--52.73/92.6-87.64--87.57/(-+-36.11)),True
3.51+(-17.77--21.55-37.65+(-65.09/94.97)/90.56+5.45/(-27.85--17.36)),3.51+(-17.77--21.55-37.65+(-65.09/94.97)/90.56+5.45/(-27.85--17.36)),True
-6.79/-71.62*49.4-27.07-60.23-72.93/-47.63+11.17/-38.26+89.31,-6.79/-71.62*49.4-27.07-60.23-72.93/-47.63+11.17/-38.26+89.31,True
27.17-70.47*28.24*-10.07-25.82*(53.13/72.54*31.85/-26.63/(-41.57)),27.17-70.47*28.24*-10.07-25.82*(53.13/72.54*31.85/-26.63/(-41.57)),True
-42.97/7.74-(-71.27+-15.91*-79.75/88.27+-77.3-(46.92/-99.04+5.46)),-42.97/7.74-(-71.27+-15.91*-79.75/88.27+-77.3-(46.92/-99.04+5.46)),True
52.97*-12.28+91.11*(-46.07+(91.63*21.72*-45.47**-30.73+(0.42))),52.97*-12.28+91.11*(-46.07+(91.63*21.72*-45.47**-30.73+(0.42))),True
-3.71/16.33--15.27*11.78/92.65*74.12*72.77++*(-24.85*88.21),-3.71/16.33--15.27*11.78/92.65*74.12*72.77++*(-24.85*88.21),True
8.6+-57.14*34.1+43.97/(-----72.42/33.26)/-40.24--9.89,8.6+-57.14*34.1+43.97/(-----72.42/33.26)/-40.24--9.89,True
-49.59-13.36*42.05/(12.24*62.7)*5.28/50.07/(-99.3+-69.85)*-49.74,-49.59-13.36*42.05/(12.24*62.7)*5.28/50.07/(-99.3+-69.85)*-49.74,True
(-85.95*+/82.39/-30.02--62.15+-16.07-89.23)///80.08*18.31,(-85.95*+/82.39/-30.02--62.15+-16.07-89.23)///80.08*18.31,False
45.16/23.07/-74.52-33.31+(-73.63--94.12)+/--57.9+(-58.82--58.68),45.16/23.07/-74.52-33.31+(-73.63--94.12)+/--57.9+(-58.82--58.68),False
-61.48+12.66+(83.52-++54.17*-82.69*-19.66)*(38.44--86.47/50.38),-61.48+12.66+(83.52-++54.17*-82.69*-19.66)*(38.44--86.47/50.38),False
40.54/(-35.15/18.22*35.48-75.33+82.34--84.11*15.14--51.27--80.89),40.54/(-35.15/18.22*35.48-75.33+82.34--84.11*15.14--51.27--80.89),True
-15.1/-85.93-9.32+-49.65*28.56/55.42/(-34.97*46.63)-(-74.78*61.26),-15.1/-85.93-9.32+-49.65*28.56/55.42/(-34.97*46.63)-(-74.78*61.26),False
-98.51-53.3+47.62*(55.55/(29.57+(-53.2*62.93)/(32.77+(-86.13--73.29)))),-98.51-53.3+47.62*(55.55/(29.57+(-53.2*62.93)/(32.77+(-86.13--73.29)))),False
51.14*59.0--80.63-(89.67+99.17)-56.59-(-77.25*93.49+98.18--58.58),51.14*59.0--80.63-(89.67+99.17)-56.59-(-77.25*93.49+98.18--58.58),True
46.58/-74.22+8.53/10.94*--14.5*-74.92/(-73.08-*-+),46.58/-74.22+8.53/10.94*--14.5*-74.92/(-73.08-*-+),False
-42.61-(45.39*-80.14)*-21.36/-48.55/85.13*/*91.33//*-26.57,-42.61-(45.39*-80.14)*-21.36/-48.55/85.13*/*91.33//*-26.57,False
-82.94/21.95--69.15/-38.33-(27.74-78.6/84.31+18.21)+89.15/*,-82.94/21.95--69.15/-38.33-(27.74-78.6/84.31+18.21)+89.15/*,False
(-56.98/(+/33.63-12.22-73.72-19.98--89.31)+55.42)+-9.69-20.58,(-56.98/(+/33.63-12.22-73.72-19.98--89.31)+55.42)+-9.69-20.58,False
11.22+--(-70.96*-3.42*-83.53-60.08)-(-97.9/20.33-76.32/-30.45),11.22+--(-70.96*-3.42*-83.53-60.08)-(-97.9/20.33-76.32/-30.45),False
-74.36*22.01-54.67/-58.29+0.19--40.03*(+-99.11)*-71.03-(-10.35),-74.36*22.01-54.67/-58.29+0.19--40.03*(+-99.11)*-71.03-(-10.35),False
-53.33+79.59+-24.5*14.77-23.61+42.71+-14.05-10.5+(63.34+-41.64),-53.33+79.59+-24.5*14.77-23.61+42.71+-14.05-10.5+(63.34+-41.64),True
68.8/18.33*24.06/-21.71/91.14*(20.71/74.01+13.02--37.83/95.25),68.8/18.33*24.06/-21.71/91.14*(20.71/74.01+13.02--37.83/95.25),False
(-61.23-9.94/-42.04*83.77)/21.75-*-58.18-99.68*(-13.19+-9.6),(-61.23-9.94/-42.04*83.77)/21.75-*-58.18-99.68*(-13.19+-9.6),False
-50.03+-89.76+(-8.93+-88.74/-/-84.56)--79.07+-95.12--75.25*67.16,-50.03+-89.76+(-8.93+-88.74/-/-84.56)--79.07+-95.12--75.25*67.16,False
-20.65+96.2-27.05+14.03+19.01*-+(46.62*(30.56*48.21+(-35.65))),-20.65+96.2-27.05+14.03+19.01*-+(46.62*(30.56*48.21+(-35.65))),False
-91.32*-32.26*-85.78/-68.19+61.46-98.02-(-58.42--81.12)*(90.89-20.32),-91.32*-32.26*-85.78/-68.19+61.46-98.02-(-58.42--81.12)*(90.89-20.32),False
-89.85+-99.38+-72.96/-36.96*-76.79+(50.31/-*(38.99+61.56/*)),-89.85+-99.38+-72.96/-36.96*-76.79+(50.31/-*(38.99+61.56/*)),False
(48.64+(67.89*-21.35+30.47*-8.66/79.74/+-90.6)+-55.22*-19.44),(48.64+(67.89*-21.35+30.47*-8.66/79.74/+-90.6)+-55.22*-19.44),True
48.2*44.05*-77.9+(86.99/-48.48*-86.65/(40.74*(-77.01+-90.62)*7.61)),48.2*44.05*-77.9+(86.99/-48.48*-86.65/(40.74*(-77.01+-90.62)*7.61)),False
95.34/(-25.92+43.72*(60.49+36.55*-29.29)+13.12/-42.84)--56.04*3.83,95.34/(-25.92+43.72*(60.49+36.55*-29.29)+13.12/-42.84)--56.04*3.83,True
-2.93+(74.01/-71.67/-40.09/5.79/(-46.22*+/(-4.77/(74.99*82.24)))),-2.93+(74.01/-71.67/-40.09/5.79/(-46.22*+/(-4.77/(74.99*82.24)))),False
6.49*95.42+(-9.4/(-63.26--10.84)+62.74+84.59*-71.47+(24.25-36.65)),6.49*95.42+(-9.4/(-63.26--10.84)+62.74+84.59*-71.47+(24.25-36.65)),False
//-42.82--59.55/34.04--73.92+96.13+97.42+28.41*23.29+(-88.74),//-42.82--59.55/34.04--73.92+96.13+97.42+28.41*23.29+(-88.74),False
28.43*42.78/(-54.04+--24.06*-97.12*10.33+-27.17-41.31--5.73),28.43*42.78/(-54.04+--24.06*-97.12*10.33+-27.17-41.31--5.73),False
48.81/(6.94/32.13/-23.03+-89.74*90.89/(43.83*27.66*(-97.27+2.95))),48.81/(6.94/32.13/-23.03+-89.74*90.89/(43.83*27.66*(-97.27+2.95))),True
(-38.88/-64.15)*-40.29*(95.4-(67.14+83.45+(-+-26.67--37.4+92.11))),(-38.88/-64.15)*-40.29*(95.4-(67.14+83.45+(-+-26.67--37.4+92.11))),False
40.64--99.61+-8.32--14.03*6.28/-47.79/38.6*-16.89/-95.34-(-77.85),40.64--99.61+-8.32--14.03*6.28/-47.79/38.6*-16.89/-95.34-(-77.85),True
(27.81*37.15/68.45*66.46/-85.31*50.92)+-29.98/97.61+-55.4*79.7,(27.81*37.15/68.45*66.46/-85.31*50.92)+-29.98/97.61+-55.4*79.7,True
8.74/86.05/38.56-(25.67/(40.61/(39.22-17.43--15.18/(-37.8-70.45)))),8.74/86.05/38.56-(25.67/(40.61/(39.22-17.43--15.18/(-37.8-70.45)))),True
-53.34+4.16-(-89.87-(*-(-40.03+(44.89/46.08+-62.37)-+)/(56.83))),-53.34+4.16-(-89.87-(*-(-40.03+(44.89/46.08+-62.37)-+)/(56.83))),False
-51.41-(21.86+-79.7+85.25*-36.04)/-*43.28*(--19.24--86.04),-51.41-(21.86+-79.7+85.25*-36.04)/-*43.28*(--19.24--86.04),False
4.2-(12.22///-24.38*-65.26/43.09)/75.92/14.54-(-0.68/-35.2),4.2-(12.22///-24.38*-65.26/43.09)/75.92/14.54-(-0.68/-35.2),False
48.24/-63.46-76.8+(-79.79+91.04+-18.25)/-86.58-40.03+-51.53/76.27,48.24/-63.46-76.8+(-79.79+91.04+-18.25)/-86.58-40.03+-51.53/76.27,False
75.06--11.69+68.37/55.21*80.72*48.51+-64.74--90.71--99.74*62.79,75.06--11.69+68.37/55.21*80.72*48.51+-64.74--90.71--99.74*62.79,True
(71.71+65.99)--80.98///(//69.63*(-83.87+-99.88--37.14*(-39.35))),(71.71+65.99)--80.98///(//69.63*(-83.87+-99.88--37.14*(-39.35))),False
-51.16+++76.11+-41.53*8.34+78.54-77.06/5.76/79.89-37.41,-51.16+++76.11+-41.53*8.34+78.54-77.06/5.76/79.89-37.41,False
(-10.9-29.5/16.96*39.19*77.5*(57.05+-79.08+(1.51+*)--64.87)),(-10.9-29.5/16.96*39.19*77.5*(57.05+-79.08+(1.51+*)--64.87)),False
47.34+-74.17*-78.52*-6.39*66.04/-87.79+59.94*75.81/+--64.87,47.34+-74.17*-78.52*-6.39*66.04/-87.79+59.94*75.81/+--64.87,False
-31.62-11.06--58.13/-64.48*-38.82/-18.66/(-47.75+(63.8+(21.59-0.2))),-31.62-11.06--58.13/-64.48*-38.82/-18.66/(-47.75+(63.8+(21.59-0.2))),False
(74.88+-77.51*77.6*-30.39--25.45-28.95*-56.69)+88.41*-62.2--90.97,(74.88+-77.51*77.6*-30.39--25.45-28.95*-56.69)+88.41*-62.2--90.97,True
89.19-39.36*//84.8+-27.15*-45.94+93.55+70.31--8.32-22.69,89.19-39.36*//84.8+-27.15*-45.94+93.55+70.31--8.32-22.69,False
35.58*80.16+12.21*35.79*//50.43*-67.05//--71.08/(93.79),35.58*80.16+12.21*35.79*//50.43*-67.05//--71.08/(93.79),False
75.9*50.52/-63.97*93.33+(-57.48+-5.47--83.06/23.6*-22.64*(-9.79)),75.9*50.52/-63.97*93.33+(-57.48+-5.47--83.06/23.6*-22.64*(-9.79)),True
-40.23*(26.85/-41.6--38.14+38.64*37.14*(59.96*77.3--24.67+-31.57)),-40.23*(26.85/-41.6--38.14+38.64*37.14*(59.96*77.3--24.67+-31.57)),True
(-21.65/-28.5)+79.72+*/32.86*-88.13*//76.59+-51.9--28.26,(-21.65/-28.5)+79.72+*/32.86*-88.13*//76.59+-51.9--28.26,False
-45.79**+75.62--61.87+(-79.12+-18.63-(9.82+-+-46.15*-35.57)),-45.79**+75.62--61.87+(-79.12+-18.63-(9.82+-+-46.15*-35.57)),False
93.52-(13.16*-46.67-33.85-63.43-61.59*(41.13+37.89)/97.64+80.01),93.52-(13.16*-46.67-33.85-63.43-61.59*(41.13+37.89)/97.64+80.01),True
(-18.18/(64.78/--(77.74-(58.33-(83.24++-98.0+-67.32*61.14))))),(-18.18/(64.78/--(77.74-(58.33-(83.24++-98.0+-67.32*61.14))))),False
3.02/64.64+-47.39-(25.66-65.95+(-39.16/+)/-26.27--99.62+(-80.51)),3.02/64.64+-47.39-(25.66-65.95+(-39.16/+)/-26.27--99.62+(-80.51)),False
11.01*-70.35/76.06/91.46/30.08+-59.93-(62.38--32.31--31.66-(-71.5)),11.01*-70.35/76.06/91.46/30.08+-59.93-(62.38--32.31--31.66-(-71.5)),True
71.56*(-5.99+9.88+80.83)--68.42--1.13*-45.15*-21.29*-55.02/-27.3,71.56*(-5.99+9.88+80.83)--68.42--1.13*-45.15*-21.29*-55.02/-27.3,False
(27.93*+)+86.25+-45.45+-0.36*48.38*-54.08+-73.36--72.16*47.13,(27.93*+)+86.25+-45.45+-0.36*48.38*-54.08+-73.36--72.16*47.13,False
-30.85/(/*-55.14+-82.17--32.27+3.88/-10.45--50.56/89.67++),-30.85/(/*-55.14+-82.17--32.27+3.88/-10.45--50.56/89.67++),False
28.32-(-31.44*46.49*15.91/-24.35--34.37+-12.2*51.72/18.8*65.4),28.32-(-31.44*46.49*15.91/-24.35--34.37+-12.2*51.72/18.8*65.4),True
(-50.44/-78.35-70.46*(43.26+(-76.49+-62.05--53.77/-85.43+74.57/-21.59))),(-50.44/-78.35-70.46*(43.26+(-76.49+-62.05--53.77/-85.43+74.57/-21.59))),False
-+-54.14-28.29+61.34+(-46.53*2.33+86.57/-71.04-87.37/27.3),-+-54.14-28.29+61.34+(-46.53*2.33+86.57/-71.04-87.37/27.3),False
-19.22+-3.73/-40.26+82.64*(-/-85.22--77.73+19.81*98.08*+),-19.22+-3.73/-40.26+82.64*(-/-85.22--77.73+19.81*98.08*+),False
-42.0-(-89.97*-42.43/9.04*80.63//*6.4+58.88-13.48*-62.39),-42.0-(-89.97*-42.43/9.04*80.63//*6.4+58.88-13.48*-62.39),True
-15.77/74.86*(95.19*-61.76/-9.01/36.58-67.16)*-82.6*38.35/-66.71,-15.77/74.86*(95.19*-61.76/-9.01/36.58-67.16)*-82.6*38.35/-66.71,False
(39.72-6.41/62.43)/-92.94+49.52/-66.97+(65.37+14.3-48.26+66.41),(39.72-6.41/62.43)/-92.94+49.52/-66.97+(65.37+14.3-48.26+66.41),True
(/*13.61+-91.05*-53.55+89.98+(-94.54/-36.63--18.67+-56.73*-35.97)),(/*13.61+-91.05*-53.55+89.98+(-94.54/-36.63--18.67+-56.73*-35.97)),True
57.43*22.65/19.11/(91.66+-71.9--4.42/+/95.44+12.57+-54.26),57.43*22.65/19.11/(91.66+-71.9--4.42/+/95.44+12.57+-54.26),False
-32.35*2.04/(-28.53+19.83-+*-65.26*44.74-61.55/94.06/-80.81),-32.35*2.04/(-28.53+19.83-+*-65.26*44.74-61.55/94.06/-80.81),False
71.88-7.83/30.25--97.6--81.66--62.11/30.48+31.12/(18.98+4.56),71.88-7.83/30.25--97.6--81.66--62.11/30.48+31.12/(18.98+4.56),True
21.22+-4.68-(-90.26/-79.56)/17.93+-0.72+57.1*17.97*70.09-27.35,21.22+-4.68-(-90.26/-79.56)/17.93+-0.72+57.1*17.97*70.09-27.35,True
-38.14-74.5--25.12-(84.09-13.46-42.77/-6.02+(-54.58+16.84/50.04)),-38.14-74.5--25.12-(84.09-13.46-42.77/-6.02+(-54.58+16.84/50.04)),False
(-30.63/-81.88*-40.87*37.86/-59.26*5.16)+(44.06-(5.36*99.07+(-9.56))),(-30.63/-81.88*-40.87*37.86/-59.26*5.16)+(44.06-(5.36*99.07+(-9.56))),False
-97.86/-1.0/+-12.21-*+73.16-(-84.67+20.93*(-62.07+-74.33)),-97.86/-1.0/+-12.21-*+73.16-(-84.67+20.93*(-62.07+-74.33)),True
9.56/-34.97-21.32/25.44*81.15*98.22/-21.24+*--29.23+-,9.56/-34.97-21.32/25.44*81.15*98.22/-21.24+*--29.23+-,False
-46.7/99.76/(-11.13/38.12)+-76.37+57.02*70.1/23.55-++-15.9,-46.7/99.76/(-11.13/38.12)+-76.37+57.02*70.1/23.55-++-15.9,False
-0.7*-4.78+(20.38*-96.77/81.2**/-52.79)-76.54/81.12*59.99,-0.7*-4.78+(20.38*-96.77/81.2**/-52.79)-76.54/81.12*59.99,False
-54.41*-71.64/-21.65--94.84/15.68+26.73/67.68/72.36-(12.06+(-13.3)),-54.41*-71.64/-21.65--94.84/15.68+26.73/67.68/72.36-(12.06+(-13.3)),True
-70.33-4.71+**-55.61+75.64/11.52+-26.9/94.02--10.58/-,-70.33-4.71+**-55.61+75.64/11.52+-26.9/94.02--10.58/-,False
-8.54-+/9.62+-6.57-(96.43+(-9.47/43.79+14.87+28.87-11.81)),-8.54-+/9.62+-6.57-(96.43+(-9.47/43.79+14.87+28.87-11.81)),False
(-63.11/(-99.76+45.91-61.21*-59.33*(-52.77*(39.35*-73.75*-60.92*88.51)))),(-63.11/(-99.76+45.91-61.21*-59.33*(-52.77*(39.35*-73.75*-60.92*88.51)))),True
(73.41+(16.62/73.7)*-12.16*21.57/(+*(/+-78.67/-61.03/-75.71))),(73.41+(16.62/73.7)*-12.16*21.57/(+*(/+-78.67/-61.03/-75.71))),True
(48.53/-0.73/25.35-(91.76/98.48-(-57.5-(--64.84)*-6.22)--15.46)),(48.53/-0.73/25.35-(91.76/98.48-(-57.5-(--64.84)*-6.22)--15.46)),False
67.77*(50.17-88.65)*73.22-68.47-94.68*42.3/-36.58+-53.95**,67.77*(50.17-88.65)*73.22-68.47-94.68*42.3/-36.58+-53.95**,False
50.79+-88.59/-62.55/75.28/+*27.26+50.05*-54.94--55.75--16.07,50.79+-88.59/-62.55/75.28/+*27.26+50.05*-54.94--55.75--16.07,True
++(34.31/-91.65--88.02/-72.86)+-7.08*43.53+73.83/-52.27-(44.65),++(34.31/-91.65--88.02/-72.86)+-7.08*43.53+73.83/-52.27-(44.65),False
-52.67+12.04/70.9+14.97+-88.06/-51.88+-40.32/(-81.37*42.9)*21.19,-52.67+12.04/70.9+14.97+-88.06/-51.88+-40.32/(-81.37*42.9)*21.19,True
-2.63*-62.17/-33.45/-61.86*-61.05/-88.56*-4.24+30.49*-88.08+-45.03,-2.63*-62.17/-33.45/-61.86*-61.05/-88.56*-4.24+30.49*-88.08+-45.03,True
79.92/(-5.49/-31.23)*5.13+(47.46--49.18/-24.82*-22.7+84.47)+94.68,79.92/(-5.49/-31.23)*5.13+(47.46--49.18/-24.82*-22.7+84.47)+94.68,True
99.59*83.93/(-66.42--82.04+-92.61--23.65)+-48.5*66.27***4.42,99.59*83.93/(-66.42--82.04+-92.61--23.65)+-48.5*66.27***4.42,True
72.21*-80.75/-64.31--74.1*(39.98-(39.18+57.98-(-85.44-(89.83-(79.23))))),72.21*-80.75/-64.31--74.1*(39.98-(39.18+57.98-(-85.44-(89.83-(79.23))))),True
58.88*-2.26*41.79+11.76/-33.26/(27.35-9.14*85.55/24.06+(-37.59)),58.88*-2.26*41.79+11.76/-33.26/(27.35-9.14*85.55/24.06+(-37.59)),True
(76.2//*-67.83-86.3/(-9.83+-86.64*66.13/(-73.39*31.75)/(58.64))),(76.2//*-67.83-86.3/(-9.83+-86.64*66.13/(-73.39*31.75)/(58.64))),False
(-7.28+18.89/-38.41***-58.1-0.36/8.18*-78.49--57.52-80.66),(-7.28+18.89/-38.41***-58.1-0.36/8.18*-78.49--57.52-80.66),True
-36.62*38.1*//(40.02-(-76.35/(-34.57/(-8.77/(0.26+(-1.29*88.42)))))),-36.62*38.1*//(40.02-(-76.35/(-34.57/(-8.77/(0.26+(-1.29*88.42)))))),True
-4.29+-21.88/(-62.02/-24.49*-93.2)-(-10.36/36.57*84.94*(-21.73*-56.85)),-4.29+-21.88/(-62.02/-24.49*-93.2)-(-10.36/36.57*84.94*(-21.73*-56.85)),True
48.52/47.3/-*89.22*44.34+26.06+(-32.16+15.85+-94.54/(14.57)),48.52/47.3/-*89.22*44.34+26.06+(-32.16+15.85+-94.54/(14.57)),False
-51.56/77.21*24.58/-36.05/-69.19+++-63.6*75.38*(/*-92.92),-51.56/77.21*24.58/-36.05/-69.19+++-63.6*75.38*(/*-92.92),False
49.05/92.36*-24.81-(-27.39--58.03)+(-34.21--15.37)/-42.47/-1.9/(63.02),49.05/92.36*-24.81-(-27.39--58.03)+(-34.21--15.37)/-42.47/-1.9/(63.02),True
59.02+*/-60.93*-31.64--44.46+-36.45-32.3*19.11*50.89/61.5,59.02+*/-60.93*-31.64--44.46+-36.45-32.3*19.11*50.89/61.5,True
21.39+-3.69+-48.09-44.75/91.42+-66.16+-91.26+37.63--59.56/23.32,21.39+-3.69+-48.09-44.75/91.42+-66.16+-91.26+37.63--59.56/23.32,False
-21.27/52.79*49.46*-66.6/55.14+(-24.52-75.92)-5.29/-33.88+75.42,-21.27/52.79*49.46*-66.6/55.14+(-24.52-75.92)-5.29/-33.88+75.42,True
-21.74+90.17*13.72*-43.23/87.21*(-72.85--30.37--38.19-4.46+(2.21)),-21.74+90.17*13.72*-43.23/87.21*(-72.85--30.37--38.19-4.46+(2.21)),True
+/38.56--0.71+-2.65--37.18/3.16-43.37/81.8-*-91.91,+/38.56--0.71+-2.65--37.18/3.16-43.37/81.8-*-91.91,True
72.36*(-88.86*17.44--80.95+40.16/*+-72.86+-43.58*(16.87--58.8)),72.36*(-88.86*17.44--80.95+40.16/*+-72.86+-43.58*(16.87--58.8)),False
91.04/59.37/(-73.44/83.57)/-15.37-(+/-59.45+83.38-51.41/(-30.89)),91.04/59.37/(-73.44/83.57)/-15.37-(+/-59.45+83.38-51.41/(-30.89)),False
-13.98*-64.85+-14.46-60.33-(**-47.69*-97.15)/94.36/(-80.32/-50.18),-13.98*-64.85+-14.46-60.33-(**-47.69*-97.15)/94.36/(-80.32/-50.18),False
-23.84--21.33+-0.55/21.75*(94.16+-60.47*44.83-(-4.97*(-43.47+-41.08))),-23.84--21.33+-0.55/21.75*(94.16+-60.47*44.83-(-4.97*(-43.47+-41.08))),False
(-41.65/*+17.18-8.66*82.16--58.17+38.62/86.76*-25.49)/-43.05,(-41.65/*+17.18-8.66*82.16--58.17+38.62/86.76*-25.49)/-43.05,False
-14.15*-41.62-0.32*-69.35/-+-19.74++-(-18.75--93.74*-19.44),-14.15*-41.62-0.32*-69.35/-+-19.74++-(-18.75--93.74*-19.44),False
69.32-41.54/67.58*-29.92/-45.09*19.25/(-66.13*-1.93++--37.69),69.32-41.54/67.58*-29.92/-45.09*19.25/(-66.13*-1.93++--37.69),False
-57.2*3.2*-35.4/-12.71+79.51*(**67.65)-41.53+(-80.66--58.22),-57.2*3.2*-35.4/-12.71+79.51*(**67.65)-41.53+(-80.66--58.22),False
-90.09-(-33.14--84.32)/-54.74/37.79+-3.69+-69.61/(97.56-65.64--84.34),-90.09-(-33.14--84.32)/-54.74/37.79+-3.69+-69.61/(97.56-65.64--84.34),True
-54.59-(*-(68.26+69.51)+-*-7.12+43.07*-43.52/-33.82*(-35.21)),-54.59-(*-(68.26+69.51)+-*-7.12+43.07*-43.52/-33.82*(-35.21)),False
(/*33.48-15.71/-81.85-28.82)/59.73-(**34.59--23.46-52.33),(/*33.48-15.71/-81.85-28.82)/59.73-(**34.59--23.46-52.33),False
-54.7*20.77/15.36-9.65+82.82+26.96*(-25.98--29.6)--32.61+-35.96,-54.7*20.77/15.36-9.65+82.82+26.96*(-25.98--29.6)--32.61+-35.96,True
(34.84+9.96)--20.6--47.22+8.76*-*76.31*-90.9-7.24*81.06,(34.84+9.96)--20.6--47.22+8.76*-*76.31*-90.9-7.24*81.06,True
-42.9/71.57-3.5-77.1-*/-47.12*-82.9-63.16/70.57+72.52,-42.9/71.57-3.5-77.1-*/-47.12*-82.9-63.16/70.57+72.52,False
(-23.28-(41.51/39.57+-37.31)*(-31.09*-14.43/-73.48*(56.97*-90.66*55.38))),(-23.28-(41.51/39.57+-37.31)*(-31.09*-14.43/-73.48*(56.97*-90.66*55.38))),True
75.34--91.98-(-54.99*33.92/28.19*39.88+(-86.55/-1.48-71.17/-51.42)),75.34--91.98-(-54.99*33.92/28.19*39.88+(-86.55/-1.48-71.17/-51.42)),True
30.48*-46.11/-45.56+-78.14/(47.72+(-54.92+-6.38/83.19+3.55/16.13)),30.48*-46.11/-45.56+-78.14/(47.72+(-54.92+-6.38/83.19+3.55/16.13)),False
62.65*-14.95/4.58--76.27*(-94.23-57.69/-38.0*(-94.54/-20.75)/(51.12)),62.65*-14.95/4.58--76.27*(-94.23-57.69/-38.0*(-94.54/-20.75)/(51.12)),True
-59.87+-15.76/-/-46.17-(-33.6/-44.63+*+35.75*56.56/(-57.18)),-59.87+-15.76/-/-46.17-(-33.6/-44.63+*+35.75*56.56/(-57.18)),False
-4.68-(57.9--91.69)/-57.78-(20.44*79.92--59.6+90.02*-86.05)-32.92,-4.68-(57.9--91.69)/-57.78-(20.44*79.92--59.6+90.02*-86.05)-32.92,True
8.7/23.87--20.37+60.1+(-86.22*-55.66-67.96*--57.87*(47.72)),8.7/23.87--20.37+60.1+(-86.22*-55.66-67.96*--57.87*(47.72)),False
(-44.57*28.07-(-32.39+22.83/-65.88*20.54*-25.17*-44.47+(-83.17+-39.99))),(-44.57*28.07-(-32.39+22.83/-65.88*20.54*-25.17*-44.47+(-83.17+-39.99))),True
(79.39+(-*61.11--7.48*-98.91)/92.06)*79.33+-64.7*(47.91*76.09),(79.39+(-*61.11--7.48*-98.91)/92.06)*79.33+-64.7*(47.91*76.09),True
-8.5/(32.44+(-44.95--82.48--87.47*42.8)*/*-86.57/-26.02+-26.48),-8.5/(32.44+(-44.95--82.48--87.47*42.8)*/*-86.57/-26.02+-26.48),True
68.15/53.77//*-85.8*-4.51/(---63.04+(-80.25*-25.53)*-6.69),68.15/53.77//*-85.8*-4.51/(---63.04+(-80.25*-25.53)*-6.69),True
-+-35.07-(33.7/-0.27-(-43.1/-70.72)+(36.11+(-16.64--0.67)/-37.85)),-+-35.07-(33.7/-0.27-(-43.1/-70.72)+(36.11+(-16.64--0.67)/-37.85)),True
(53.54+-50.39+/*(87.58*-82.33/19.67/60.12)+-20.6)*-50.41/42.51,(53.54+-50.39+/*(87.58*-82.33/19.67/60.12)+-20.6)*-50.41/42.51,True
(-31.06*73.13+6.54+-6.09++/-67.83+-18.88)*-65.39/(-60.72-44.47),(-31.06*73.13+6.54+-6.09++/-67.83+-18.88)*-65.39/(-60.72-44.47),True
(-22.09*99.31)*(68.67+(0.77/42.53/2.6+(41.02/66.51+52.4/24.24))),(-22.09*99.31)*(68.67+(0.77/42.53/2.6+(41.02/66.51+52.4/24.24))),True
-17.08*11.71/-27.28/(-7.72/-64.7-**44.25)*-84.93*-68.35--92.21,-17.08*11.71/-27.28/(-7.72/-64.7-**44.25)*-84.93*-68.35--92.21,True
36.04-79.55/22.53+34.34/-41.37/62.42-52.66+-16.89+(66.74-43.59),36.04-79.55/22.53+34.34/-41.37/62.42-52.66+-16.89+(66.74-43.59),True
*-(-90.38/(50.94+-34.26-70.87-7.49/(-22.84-24.67+2.39-(75.29)))),*-(-90.38/(50.94+-34.26-70.87-7.49/(-22.84-24.67+2.39-(75.29)))),False
51.97+(-93.35/(29.92*(59.57-(-92.14+41.48-70.53-85.88-29.66)-86.51))),51.97+(-93.35/(29.92*(59.57-(-92.14+41.48-70.53-85.88-29.66)-86.51))),False
-75.24*-45.54*-30.7/(+/-54.61)-94.88**+(58.19*-6.49/-14.29),-75.24*-45.54*-30.7/(+/-54.61)-94.88**+(58.19*-6.49/-14.29),False
-75.49*55.05-(15.07*(39.86*80.23/-30.22--96.36--55.03+-23.76--68.2)),-75.49*55.05-(15.07*(39.86*80.23/-30.22--96.36--55.03+-23.76--68.2)),False
-59.46*(-35.43--35.37)+-6.74*87.45/-39.05/86.51*63.59+-37.59+*,-59.46*(-35.43--35.37)+-6.74*87.45/-39.05/86.51*63.59+-37.59+*,True
86.58+-14.15/-12.11--11.33+-1.85*/+13.56*-79.44--41.5/-96.66,86.58+-14.15/-12.11--11.33+-1.85*/+13.56*-79.44--41.5/-96.66,True
40.93+84.22+99.86+-58.43-+*96.75*0.25+(18.99+(28.16*(63.65))),40.93+84.22+99.86+-58.43-+*96.75*0.25+(18.99+(28.16*(63.65))),True
-38.44*23.94-(-19.95/-79.64-+/40.92*(10.35-52.41/4.64--19.07)),-38.44*23.94-(-19.95/-79.64-+/40.92*(10.35-52.41/4.64--19.07)),False
(57.82--16.15/-22.75)+(29.98/-24.28*-76.53*-98.73)/31.13/-64.18-57.93,(57.82--16.15/-22.75)+(29.98/-24.28*-76.53*-98.73)/31.13/-64.18-57.93,True
75.53*4.06--69.73--53.21/5.69*++-/5.79/-34.74--60.97,75.53*4.06--69.73--53.21/5.69*++-/5.79/-34.74--60.97,False
74.59/*+-91.13/(89.75*-19.92-56.35-(31.96*61.86+14.36)-95.46),74.59/*+-91.13/(89.75*-19.92-56.35-(31.96*61.86+14.36)-95.46),False
(11.58*39.69*+*-71.36--70.77-76.92/-12.44*-2.18)/28.85/37.48,(11.58*39.69*+*-71.36--70.77-76.92/-12.44*-2.18)/28.85/37.48,False
-32.33/-76.4///77.81-(84.8*41.08)+31.81-++90.92+-2.04,-32.33/-76.4///77.81-(84.8*41.08)+31.81-++90.92+-2.04,True
(-/-19.41+-5.98)*34.46-(57.08+52.78+-95.12*51.51*(/+8.92)),(-/-19.41+-5.98)*34.46-(57.08+52.78+-95.12*51.51*(/+8.92)),True
-59.46++*86.88+59.9/-91.47*80.8*61.69/-12.46-96.58*43.54,-59.46++*86.88+59.9/-91.47*80.8*61.69/-12.46-96.58*43.54,False
(-94.69+98.64-3.86*83.0-(-32.36/-64.33*-48.64*9.5+83.68*(+))),(-94.69+98.64-3.86*83.0-(-32.36/-64.33*-48.64*9.5+83.68*(+))),False
(9.35*(51.63--28.15+80.98*95.58*38.47-51.72*-95.12+-28.04*89.95)),(9.35*(51.63--28.15+80.98*95.58*38.47-51.72*-95.12+-28.04*89.95)),True
-4.06-72.6+52.59--68.49*74.3+36.09-12.81+-31.32-5.29+49.21,-4.06-72.6+52.59--68.49*74.3+36.09-12.81+-31.32-5.29+49.21,False
-55.05*35.4+18.05-32.87+-93.39*(-51.13*49.85/67.31--53.0+10.89),-55.05*35.4+18.05-32.87+-93.39*(-51.13*49.85/67.31--53.0+10.89),False
-55.0+59.16--92.18+-62.47*16.9+44.42/71.27*29.01*32.66/-56.01,-55.0+59.16--92.18+-62.47*16.9+44.42/71.27*29.01*32.66/-56.01,False
-75.17*79.41/-64.99/(60.09+-37.17+-9.89/-32.44/10.7+-95.29)/-23.51,-75.17*79.41/-64.99/(60.09+-37.17+-9.89/-32.44/10.7+-95.29)/-23.51,True
(92.73/-33.8--35.37/(-11.92--59.36+17.78*-+34.1/-13.01*82.68)),(92.73/-33.8--35.37/(-11.92--59.36+17.78*-+34.1/-13.01*82.68)),True
-92.8+-16.68*-5.63/66.03+63.49*/+(43.97-21.84*-94.52*-96.46),-92.8+-16.68*-5.63/66.03+63.49*/+(43.97-21.84*-94.52*-96.46),False
30.69/---82.24+-25.16+(-55.68+43.36/63.1)-25.75+-16.54*(25.92),30.69/---82.24+-25.16+(-55.68+43.36/63.1)-25.75+-16.54*(25.92),False
-92.07*21.85+85.77+15.31+51.32+-61.19+*/92.66*-4.96+68.72,-92.07*21.85+85.77+15.31+51.32+-61.19+*/92.66*-4.96+68.72,False
(37.7-38.23)/-5.62--11.45*-98.73/-86.51+(-39.0*-6.95-55.56/91.05),(37.7-38.23)/-5.62--11.45*-98.73/-86.51+(-39.0*-6.95-55.56/91.05),True
-44.48-(85.17/82.2/3.29+-77.12*30.45--51.52+-28.54/(-95.57//)),-44.48-(85.17/82.2/3.29+-77.12*30.45--51.52+-28.54/(-95.57//)),False
29.95+-*-43.41+-75.0/(-67.31/(4.07+60.04--3.23/-87.74+-7.69)),29.95+-*-43.41+-75.0/(-67.31/(4.07+60.04--3.23/-87.74+-7.69)),False
-30.02/-14.55*(58.86+(-49.41-(80.86*36.22*-55.48*59.02--71.2/72.75))),-30.02/-14.55*(58.86+(-49.41-(80.86*36.22*-55.48*59.02--71.2/72.75))),False
-87.72/-35.57-88.29*88.58*56.1+73.96-31.19/-21.28--49.63/10.47,-87.72/-35.57-88.29*88.58*56.1+73.96-31.19/-21.28--49.63/10.47,False
51.89--75.75-(20.8*12.38*42.22--8.97*-61.8)----88.89*(-49.16),51.89--75.75-(20.8*12.38*42.22--8.97*-61.8)----88.89*(-49.16),True
-56.73-0.99+75.76/-50.65+18.96/41.56-93.4+18.5*-93.71/(-25.54),-56.73-0.99+75.76/-50.65+18.96/41.56-93.4+18.5*-93.71/(-25.54),False
86.77-46.45*-99.95*85.34+(+*6.44)-66.41*-10.6--11.92+-88.8,86.77-46.45*-99.95*85.34+(+*6.44)-66.41*-10.6--11.92+-88.8,True
-71.34--26.52/-80.59/-71.29+88.9+/+-25.82+-56.95*-25.0/20.9,-71.34--26.52/-80.59/-71.29+88.9+/+-25.82+-56.95*-25.0/20.9,False
97.6*35.12/65.63*57.69+31.2-27.17--91.8*-29.82*-20.14-78.32,97.6*35.12/65.63*57.69+31.2-27.17--91.8*-29.82*-20.14-78.32,False
10.38/+-30.4+32.98+-55.67--52.86*+--15.58*-67.11/-91.51,10.38/+-30.4+32.98+-55.67--52.86*+--15.58*-67.11/-91.51,False
70.37+80.79+-21.18*53.13+70.09--93.08/-39.0*-98.6-(96.97*49.85),70.37+80.79+-21.18*53.13+70.09--93.08/-39.0*-98.6-(96.97*49.85),True
57.16-(24.05/(89.53/-74.55+-26.91/38.93+(69.4+(95.76--73.04)/39.69))),57.16-(24.05/(89.53/-74.55+-26.91/38.93+(69.4+(95.76--73.04)/39.69))),False
-14.71-9.23/(1.21*-10.04+(94.84/(14.59*79.73//)-(15.52+-22.24))),-14.71-9.23/(1.21*-10.04+(94.84/(14.59*79.73//)-(15.52+-22.24))),False
-88.45+(-41.05*12.25--31.69///43.3*78.41+89.04*90.66*83.5),-88.45+(-41.05*12.25--31.69///43.3*78.41+89.04*90.66*83.5),True
-92.4-86.86+-60.02--62.11/25.22*-84.6*60.36+-2.26/(-30.7-(-77.08)),-92.4-86.86+-60.02--62.11/25.22*-84.6*60.36+-2.26/(-30.7-(-77.08)),False
-72.05/*+36.09*83.41+(-35.19--50.93)*-58.91/-4.54+95.17*78.06,-72.05/*+36.09*83.41+(-35.19--50.93)*-58.91/-4.54+95.17*78.06,False
17.62/(21.91+-10.48+39.16+50.62*-*88.25)+54.99*(28.01+-10.96),17.62/(21.91+-10.48+39.16+50.62*-*88.25)+54.99*(28.01+-10.96),True
-/-34.8*-97.75+3.79*(-53.79*81.42*90.79-/-82.17*78.35),-/-34.8*-97.75+3.79*(-53.79*81.42*90.79-/-82.17*78.35),False
-15.99*+/-40.03*41.87+-92.38/66.84/-12.77+-67.74/-77.23/-35.15,-15.99*+/-40.03*41.87+-92.38/66.84/-12.77+-67.74/-77.23/-35.15,True
-99.62+-30.74/11.6-75.21*(*/(62.19-(89.36/(-91.15+46.56+-81.38)))),-99.62+-30.74/11.6-75.21*(*/(62.19-(89.36/(-91.15+46.56+-81.38)))),False
-46.09/1.18*69.51+(-21.89+61.48*-39.33*-34.99+-95.48/-61.35+(68.69)),-46.09/1.18*69.51+(-21.89+61.48*-39.33*-34.99+-95.48/-61.35+(68.69)),False
(-28.89/-0.15*-90.65*-89.4/*-(-96.32-26.39+-20.06*-86.68*29.29)),(-28.89/-0.15*-90.65*-89.4/*-(-96.32-26.39+-20.06*-86.68*29.29)),False
-50.96/-52.21*-30.66+54.45/-90.75/-18.9/47.09/-18.91*(27.45+2.4),-50.96/-52.21*-30.66+54.45/-90.75/-18.9/47.09/-18.91*(27.45+2.4),False
-24.19--23.1*-9.15-54.24+9.28/16.41-11.68/(27.98--60.48*-37.36),-24.19--23.1*-9.15-54.24+9.28/16.41-11.68/(27.98--60.48*-37.36),True
+/-44.36/60.91+-10.96*/+-57.1--39.7*-56.57*(-85.18-48.93),+/-44.36/60.91+-10.96*/+-57.1--39.7*-56.57*(-85.18-48.93),True
81.55--81.88/-30.15/84.66-(-67.93*-+-81.82)*-24.09/-18.56--2.31,81.55--81.88/-30.15/84.66-(-67.93*-+-81.82)*-24.09/-18.56--2.31,True
-16.35/(90.91/49.17-*/31.07/37.95/69.12)/-91.07*-38.29--73.66,-16.35/(90.91/49.17-*/31.07/37.95/69.12)/-91.07*-38.29--73.66,True
**23.72+-91.37/-*+*(8.66*(-6.15-53.32+38.67+-51.23)),**23.72+-91.37/-*+*(8.66*(-6.15-53.32+38.67+-51.23)),False
/-(-48.61-56.97+-59.03/-84.56+-74.06--26.29*(-42.73/-84.48/-90.49)),/-(-48.61-56.97+-59.03/-84.56+-74.06--26.29*(-42.73/-84.48/-90.49)),False
43.81*-52.99--34.92-31.5*(66.07-58.67-(-96.33--20.67)*(-9.94+*)),43.81*-52.99--34.92-31.5*(66.07-58.67-(-96.33--20.67)*(-9.94+*)),True
0.23*50.07*-14.71+(-84.89*+--11.21-12.17-70.71*(98.11+-)),0.23*50.07*-14.71+(-84.89*+--11.21-12.17-70.71*(98.11+-)),False
+-(-25.26*97.82*(-74.76--11.18--92.89//)-25.0/35.67-31.88),+-(-25.26*97.82*(-74.76--11.18--92.89//)-25.0/35.67-31.88),False
-96.78*59.75/21.59+/-(-77.52/-8.85)*94.84/-45.98--4.13*-15.93,-96.78*59.75/21.59+/-(-77.52/-8.85)*94.84/-45.98--4.13*-15.93,False
(-56.18/-56.26)+-57.99+-59.36-*++*(5.68--14.46)*(-56.89+-98.8),(-56.18/-56.26)+-57.99+-59.36-*++*(5.68--14.46)*(-56.89+-98.8),False
-65.39-(25.55-67.25*-47.74-46.27*-96.21+-89.14-62.72)*-52.9/25.01,-65.39-(25.55-67.25*-47.74-46.27*-96.21+-89.14-62.72)*-52.9/25.01,True
38.92/0.75/-8.59+(28.25/-37.26-16.71)+(40.74+(15.28*56.59/+)),38.92/0.75/-8.59+(28.25/-37.26-16.71)+(40.74+(15.28*56.59/+)),False
63.89+-76.82*-2.14+17.95-(32.2-99.5*62.93+-97.36*79.58/-78.38),63.89+-76.82*-2.14+17.95-(32.2-99.5*62.93+-97.36*79.58/-78.38),True
(*-(-18.07+99.11/93.57*-21.67--76.13/-66.4-12.61+4.83/-33.09)),(*-(-18.07+99.11/93.57*-21.67--76.13/-66.4-12.61+4.83/-33.09)),True
**44.97-26.59*51.93+/*-90.92*-57.68/-64.83/98.01*54.59,**44.97-26.59*51.93+/*-90.92*-57.68/-64.83/98.01*54.59,False
73.91/-28.69+--51.84/(-1.88+-73.96--71.48+37.1+-33.67--62.51),73.91/-28.69+--51.84/(-1.88+-73.96--71.48+37.1+-33.67--62.51),True
(44.58+-76.25*(-85.86*38.4*-31.13+-82.97--9.63+-53.74/69.83/23.59)),(44.58+-76.25*(-85.86*38.4*-31.13+-82.97--9.63+-53.74/69.83/23.59)),False
++48.82/*+75.68/-98.77*-19.31*54.14+-19.56-(-22.19*-83.2),++48.82/*+75.68/-98.77*-19.31*54.14+-19.56-(-22.19*-83.2),False
-73.9+42.68*73.47+-89.88+-35.51--70.19/-8.02/-2.42--81.0*62.72,-73.9+42.68*73.47+-89.88+-35.51--70.19/-8.02/-2.42--81.0*62.72,True
(80.25-+*-33.95/97.79*74.68+33.13*-77.2*(-73.07*0.7-25.89)),(80.25-+*-33.95/97.79*74.68+33.13*-77.2*(-73.07*0.7-25.89)),False
36.77/86.3/-95.86/+-87.52/91.05/-25.12*51.3+(-54.15+(18.93)),36.77/86.3/-95.86/+-87.52/91.05/-25.12*51.3+(-54.15+(18.93)),True
-4.59/-39.25+-14.89+-13.73--80.51+-*87.13+14.77-53.07/96.03,-4.59/-39.25+-14.89+-13.73--80.51+-*87.13+14.77-53.07/96.03,False
-76.23*(-6.4*34.75--73.33--87.96-14.7+(10.21--77.63)-63.97-23.79),-76.23*(-6.4*34.75--73.33--87.96-14.7+(10.21--77.63)-63.97-23.79),True
(5.59*29.13+-91.38--15.49*13.24*(26.91*(-35.2/64.08/35.48-11.77))),(5.59*29.13+-91.38--15.49*13.24*(26.91*(-35.2/64.08/35.48-11.77))),True
-63.34/48.59+(83.72*-44.98-24.95+51.22+-27.5)/(-79.02+(56.45+(-20.05))),-63.34/48.59+(83.72*-44.98-24.95+51.22+-27.5)/(-79.02+(56.45+(-20.05))),True
61.79-(18.49*-1.39*28.33+(46.67-(51.62/-44.32)-(0.68+-28.0/-66.09))),61.79-(18.49*-1.39*28.33+(46.67-(51.62/-44.32)-(0.68+-28.0/-66.09))),False
18.35/-82.1--26.52/-76.16/(-22.62*74.39*-11.77*14.24/-+-52.78),18.35/-82.1--26.52/-76.16/(-22.62*74.39*-11.77*14.24/-+-52.78),True
36.31--85.04/15.25/-23.61*39.68+38.86*(-+87.59*-20.85*-97.3),36.31--85.04/15.25/-23.61*39.68+38.86*(-+87.59*-20.85*-97.3),True
79.21+-53.52+-72.51-(-54.62/76.77/-91.27*-32.46*(-22.37/14.47+(-16.84))),79.21+-53.52+-72.51-(-54.62/76.77/-91.27*-32.46*(-22.37/14.47+(-16.84))),True
+*14.65+-1.14--56.38/-24.39+-29.06+86.66*8.54-(-57.28--76.13),+*14.65+-1.14--56.38/-24.39+-29.06+86.66*8.54-(-57.28--76.13),True
(9.47-(79.51/(39.94-(6.88/3.3-26.65/(82.51*0.53/76.93)*87.19)))),(9.47-(79.51/(39.94-(6.88/3.3-26.65/(82.51*0.53/76.93)*87.19)))),True
*/76.09-(69.91+-8.18/14.34)*-53.72+-53.33/56.09/47.56/75.3,*/76.09-(69.91+-8.18/14.34)*-53.72+-53.33/56.09/47.56/75.3,False
-17.22+71.67/-29.18*42.38/-12.95/(-+66.0-14.52+47.75)*(+),-17.22+71.67/-29.18*42.38/-12.95/(-+66.0-14.52+47.75)*(+),False
30.49+-70.64*-12.59-64.56*28.58+87.68-12.59/-1.77-37.73/13.56,30.49+-70.64*-12.59-64.56*28.58+87.68-12.59/-1.77-37.73/13.56,True
77.98+-32.16*(-29.72*77.56/(++-21.56-47.77)--88.24/42.55+-79.02),77.98+-32.16*(-29.72*77.56/(++-21.56-47.77)--88.24/42.55+-79.02),True
45.31+-9.43*15.51*25.69+//78.14*-18.57-(-98.04/(-89.81/(46.25))),45.31+-9.43*15.51*25.69+//78.14*-18.57-(-98.04/(-89.81/(46.25))),True
53.91+(57.37*-51.84*-75.2-58.04/46.78+-28.84/7.13/44.76/95.39),53.91+(57.37*-51.84*-75.2-58.04/46.78+-28.84/7.13/44.76/95.39),False
-89.9+-22.16/-20.08*-65.66--64.78+98.43-/+18.29+18.94+78.66,-89.9+-22.16/-20.08*-65.66--64.78+98.43-/+18.29+18.94+78.66,True
--(61.68-5.38)-(59.81*32.81/-57.38)-63.71+78.56/26.47+-70.15,--(61.68-5.38)-(59.81*32.81/-57.38)-63.71+78.56/26.47+-70.15,False
92.4*-8.1-51.1*-59.72-17.53+29.37-56.45/-25.18--11.66-56.84,92.4*-8.1-51.1*-59.72-17.53+29.37-56.45/-25.18--11.66-56.84,True
-32.32--67.05/35.72*-55.54*(-60.7--2.67+-72.26)*(58.12/47.05/(-31.29)),-32.32--67.05/35.72*-55.54*(-60.7--2.67+-72.26)*(58.12/47.05/(-31.29)),False
-87.89/42.69/-4.99+-4.45*24.8-89.16/(-75.58+-62.09/-33.32**),-87.89/42.69/-4.99+-4.45*24.8-89.16/(-75.58+-62.09/-33.32**),False
-59.28--99.27/-*-38.23*---99.91+(38.13*(2.22--2.36/-79.67)),-59.28--99.27/-*-38.23*---99.91+(38.13*(2.22--2.36/-79.67)),False
83.62+(52.46/-71.34*18.54*60.86--99.99/26.27*78.86)*65.3/62.79,83.62+(52.46/-71.34*18.54*60.86--99.99/26.27*78.86)*65.3/62.79,True
49.03/45.19/42.93/-0.22+29.98*-45.21*-92.41-76.2*97.13+-83.63,49.03/45.19/42.93/-0.22+29.98*-45.21*-92.41-76.2*97.13+-83.63,True
(//32.72/41.09*-73.15/-35.41--38.55*-35.23*38.82)/-91.97/(-26.24),(//32.72/41.09*-73.15/-35.41--38.55*-35.23*38.82)/-91.97/(-26.24),True
47.19+-84.68/99.92*+*59.22/-1.99-76.63+(50.22+-28.37/50.42),47.19+-84.68/99.92*+*59.22/-1.99-76.63+(50.22+-28.37/50.42),False
20.14*-40.82*35.0/(58.4/27.75--58.81)*-61.71-(93.19+(-11.91+-61.23)),20.14*-40.82*35.0/(58.4/27.75--58.81)*-61.71-(93.19+(-11.91+-61.23)),True
12.87*69.12*69.03+46.97*-51.0*-28.56+(/*(56.92*80.94*-27.14)),12.87*69.12*69.03+46.97*-51.0*-28.56+(/*(56.92*80.94*-27.14)),True
36.74*40.55/29.06-46.11-64.62-(43.13/(/*97.16*/-9.25)),36.74*40.55/29.06-46.11-64.62-(43.13/(/*97.16*/-9.25)),True
36.42+(30.31*-37.95*-27.14/-29.36)*(-27.86+-57.78/+)-2.38+(16.6),36.42+(30.31*-37.95*-27.14/-29.36)*(-27.86+-57.78/+)-2.38+(16.6),False
-40.94+74.6/73.29/-42.9/45.61-8.65+/*-1.39*-/(53.69),-40.94+74.6/73.29/-42.9/45.61-8.65+/*-1.39*-/(53.69),False
-79.98*-83.72-(66.16-10.47)-99.5*55.29-49.43/13.42-(-27.75-48.92),-79.98*-83.72-(66.16-10.47)-99.5*55.29-49.43/13.42-(-27.75-48.92),True
39.97--86.15--52.21++-89.38--15.89+(-55.54-21.64*(-78.42*32.33)),39.97--86.15--52.21++-89.38--15.89+(-55.54-21.64*(-78.42*32.33)),False
(++96.99+-24.15/7.99+(-22.22+73.95-47.81/71.54+65.15--73.6)),(++96.99+-24.15/7.99+(-22.22+73.95-47.81/71.54+65.15--73.6)),True
-67.0-37.91/-33.9/-61.76/(-62.48*-75.9*42.6)/84.36*-89.55*(-),-67.0-37.91/-33.9/-61.76/(-62.48*-75.9*42.6)/84.36*-89.55*(-),True
54.41*-92.23+(96.8+-42.14-46.89--23.92--35.47)--67.88*-45.01+*,54.41*-92.23+(96.8+-42.14-46.89--23.92--35.47)--67.88*-45.01+*,False
-16.11+62.29+61.46+47.87/(/--51.26/-58.59*(13.7+10.24*(-4.73))),-16.11+62.29+61.46+47.87/(/--51.26/-58.59*(13.7+10.24*(-4.73))),True
58.09+-50.34/-15.73*78.45/+*33.44/(-21.49+44.6--28.33*(-9.86)),58.09+-50.34/-15.73*78.45/+*33.44/(-21.49+44.6--28.33*(-9.86)),False
68.18*-38.37+(66.03+71.87--92.66*//(*/87.98+/)+-62.34),68.18*-38.37+(66.03+71.87--92.66*//(*/87.98+/)+-62.34),False
--0.39*-45.37--22.25-(91.54/-20.72*-28.76-(19.81+-56.24+(65.26))),--0.39*-45.37--22.25-(91.54/-20.72*-28.76-(19.81+-56.24+(65.26))),True
-61.61--80.46/-58.05/23.81-65.78*-28.62*-37.95/(-62.09/-19.17+-77.93),-61.61--80.46/-58.05/23.81-65.78*-28.62*-37.95/(-62.09/-19.17+-77.93),True
79.79*29.55/(-97.0-41.46+*)-70.64*-59.88/-87.05+-16.67*-30.19,79.79*29.55/(-97.0-41.46+*)-70.64*-59.88/-87.05+-16.67*-30.19,False
25.59/-3.75-+-78.19-(-54.68+33.71--41.52-6.46)/69.93/56.91,25.59/-3.75-+-78.19-(-54.68+33.71--41.52-6.46)/69.93/56.91,False
-6.73/15.04/33.83/-68.06*60.97/-84.82+-66.88*/*-89.5*(-12.49),-6.73/15.04/33.83/-68.06*60.97/-84.82+-66.88*/*-89.5*(-12.49),True
(-7.13--3.57)/-18.08*44.8/-25.38+67.04*90.49-65.28+70.72/(-35.07),(-7.13--3.57)/-18.08*44.8/-25.38+67.04*90.49-65.28+70.72/(-35.07),True
66.29/-90.78--34.67--39.91*-+28.82*83.48*-61.57+24.49/71.21,66.29/-90.78--34.67--39.91*-+28.82*83.48*-61.57+24.49/71.21,False
93.44--67.55*+**/8.57*-67.85+-77.4+-87.1/76.86-0.75,93.44--67.55*+**/8.57*-67.85+-77.4+-87.1/76.86-0.75,True
-98.18*-55.96+(-24.54--14.63+-47.32--71.27+49.15+-39.21/+)+95.93,-98.18*-55.96+(-24.54--14.63+-47.32--71.27+49.15+-39.21/+)+95.93,False
61.69+-40.97+-42.2*73.56*-99.86/(-46.21-+--64.67*68.61)/-57.44,61.69+-40.97+-42.2*73.56*-99.86/(-46.21-+--64.67*68.61)/-57.44,True
(-57.28/(8.7+-48.19)--1.77+-91.57*-16.83)--68.62--2.75*36.26+87.59,(-57.28/(8.7+-48.19)--1.77+-91.57*-16.83)--68.62--2.75*36.26+87.59,True
