Original,Perturbed,Is_Equivalent
95-(-90+(64+-75)/-34-20/35-17)+-7*-69-41+31+(-47/15+-22),95-(-90+(64+-75)/-34-20/35-17)+-7*-69-41+31+(-47/15+-22),True
54*-78+(13*18+86/-75+(-72/57+-71)--29)/-47-99*11-3+-57,54*-78+(13*18+86/-75+(-72/57+-71)--29)/-47-99*11-3+-57,True
36/-78--23-(92-52*99/(39/-64)-74/55+83/-16+-10)*(-44*(0)),36/-78--23-(92-52*99/(39/-64)-74/55+83/-16+-10)*(-44*(0)),False
27/-66/(-5-73/-49/6)+-94+61-41--34/-97/(-68*-54*-76*50),27/-66/(-5-73/-49/6)+-94+61-41--34/-97/(-68*-54*-76*50),True
33-14-81/78*-2+(-22/-51*-62-12+58--83)+-24/77*-84+10,33-14-81/78*-2+(-22/-51*-62-12+58--83)+-24/77*-84+10,False
64+15+88+-76+15/82+72/-80*23+(-67*(-84/(-56/2)*-84)-(-74)),64+15+88+-76+15/82+72/-80*23+(-67*(-84/(-56/2)*-84)-(-74)),True
-98--84+(8/-35*-25+62+62*38*(11/(74/(-33/-72)/8*82*45))),-98--84+(8/-35*-25+62+62*38*(11/(74/(-33/-72)/8*82*45))),False
-99+-65*-60-8/-4*67*86-24+-64--14+(99/-93+(75+-12+(-74))),-99+-65*-60-8/-4*67*86-24+-64--14+(99/-93+(75+-12+(-74))),False
-31*(-27-(-47-10/22)/(-62/(-52*-56*(-49*58-38+36+(-19-97+29))))),-31*(-27-(-47-10/22)/(-62/(-52*-56*(-49*58-38+36+(-19-97+29))))),True
55/57--12/54*20/(44-95+79)/-82*-16*24+-25-(92/87)+(93),55/57--12/54*20/(44-95+79)/-82*-16*24+-25-(92/87)+(93),False
-57-46-(-17+14)-(36*(99*-55*-83)/-45*-55+40+-38*59)--58-60,-57-46-(-17+14)-(36*(99*-55*-83)/-45*-55+40+-38*59)--58-60,False
75+78*-48+81+57-20-3*-11--82/15*43*-39+61*(20-27),75+78*-48+81+57-20-3*-11--82/15*43*-39+61*(20-27),True
-78*31-95*99/71-(-84+68+(-68*(-19--9-72)/48-61)--48)/-91,-78*31-95*99/71-(-84+68+(-68*(-19--9-72)/48-61)--48)/-91,False
(-29/41*-86--94/-82+89)/(-52+25-1/45*(-82+(7/68+-52*-62))),(-29/41*-86--94/-82+89)/(-52+25-1/45*(-82+(7/68+-52*-62))),False
-20*(8+84)--50--74+70+80/-66-(32*-73-33/(-67*-88)*61--74),-20*(8+84)--50--74+70+80/-66-(32*-73-33/(-67*-88)*61--74),True
-55/5*-99-70+88/73+-25-(-10+49+-85/(-31--66+(44+21/-19))),-55/5*-99-70+88/73+-25-(-10+49+-85/(-31--66+(44+21/-19))),False
70/39+16--61/50/53+(64*54/43)+33--63*-93--77/70-47,70/39+16--61/50/53+(64*54/43)+33--63*-93--77/70-47,False
-40/-19-25+(-61--61-64*29/13--36/(26*(84*5+-29*31+(10)))),-40/-19-25+(-61--61-64*29/13--36/(26*(84*5+-29*31+(10)))),True
-67--89-(-79-(-46/61--24/-24/-82--55)+-82)/(50/-68)*19*-91/69,-67--89-(-79-(-46/61--24/-24/-82--55)+-82)/(50/-68)*19*-91/69,True
45-18/-65--41*94+63+56+43/-60/-25/-87+-28-64+-24/43,45-18/-65--41*94+63+56+43/-60/-25/-87+-28-64+-24/43,False
-55/-67+-33*-81+4+(16+51)-(32-69)-(50/65+1*65--32)*-75,-55/-67+-33*-81+4+(16+51)-(32-69)-(50/65+1*65--32)*-75,True
96/-56/-29--9*(-95+(-34*24/-58/-67)/5*-73+-43*33*69)+62,96/-56/-29--9*(-95+(-34*24/-58/-67)/5*-73+-43*33*69)+62,True
-20*(4/-47)--56-(11/4)/-12*-39/-32+-12+-73*7-(-93*-86*-84),-20*(4/-47)--56-(11/4)/-12*-39/-32+-12+-73*7-(-93*-86*-84),False
-80*(-4--15-71*-70+69)*-38*7*-54*(83-27+-93*30+18)+-82,-80*(-4--15-71*-70+69)*-38*7*-54*(83-27+-93*30+18)+-82,True
(73+(-29+(-23*12+-55)-32-(-23--62*-49/99/-46/-24+8*-6-0))),(73+(-29+(-23*12+-55)-32-(-23--62*-49/99/-46/-24+8*-6-0))),True
-35*33/-83*51/(13*-24*23*-5+7*26*(97/-84+(-11/-100)/-16)),-35*33/-83*51/(13*-24*23*-5+7*26*(97/-84+(-11/-100)/-16)),True
46+-12--76--26*16+(-25-(47-(14-11*1/-60-72/66*(42/(-21))))),46+-12--76--26*16+(-25-(47-(14-11*1/-60-72/66*(42/(-21))))),True
(-81/14)--23+-38/(15--74--12+(18-17)/61/37-93+(98--64/(-5))),(-81/14)--23+-38/(15--74--12+(18-17)/61/37-93+(98--64/(-5))),True
-94+32+6+41*51/39*83+(-75*55*7*12-12+-67--38-86),-94+32+6+41*51/39*83+(-75*55*7*12-12+-67--38-86),True
50--68*63--23+89/93/18+-65+-97--90*(56+(64*3--43)/63),50--68*63--23+89/93/18+-65+-97--90*(56+(64*3--43)/63),False
48--85/-49/-89+69+74-91/-15/3*(59/56/56+-12+(24/25)),48--85/-49/-89+69+74-91/-15/3*(59/56/56+-12+(24/25)),False
(63*-21)--46/-33+75*-20/-48*-94+-7+-36*(-64+(66*-31)+-18-92),(63*-21)--46/-33+75*-20/-48*-94+-7+-36*(-64+(66*-31)+-18-92),True
(-35*-72)--10--98/(13--95/(-47/-97/-37+(87--22--85)+-83+42+92)),(-35*-72)--10--98/(13--95/(-47/-97/-37+(87--22--85)+-83+42+92)),True
-15--76-54--20*(-62/(76+-18+-10)+(-99-13*87+51/82)-81)-24,-15--76-54--20*(-62/(76+-18+-10)+(-99-13*87+51/82)-81)-24,True
-86/(83--56+-58*-39)*77+(-45+-32-87/89-76-(33/-31)-83)/12,-86/(83--56+-58*-39)*77+(-45+-32-87/89-76-(33/-31)-83)/12,True
-45*81/12+21*32*-79/-55--15+-20+(35-37)*(72*-78*32)+-88,-45*81/12+21*32*-79/-55--15+-20+(35-37)*(72*-78*32)+-88,False
55/-67-55-(17-47--23+26-37+2--76+94/-27--42*-45*-29),55/-67-55-(17-47--23+26-37+2--76+94/-27--42*-45*-29),False
48--34+11/-82+-27--74*58/-63--64*98*-88/-11-38*-28-92,48--34+11/-82+-27--74*58/-63--64*98*-88/-11-38*-28-92,False
-44/-25*71*(-65*-97--7+35)+-51*(-16*87+84/-36/39+(11/2)),-44/-25*71*(-65*-97--7+35)+-51*(-16*87+84/-36/39+(11/2)),True
-40+-99*-30*-80*73+-30-(67/(-12-69-(76/50+-83/31-(-42/69)))),-40+-99*-30*-80*73+-30-(67/(-12-69-(76/50+-83/31-(-42/69)))),False
85/85/4+(19+-84/-25)/1+-45-85/-21*56*50/4/-65/(60),85/85/4+(19+-84/-25)/1+-45-85/-21*56*50/4/-65/(60),True
(23/-22)*-43*-80/(-9/-23/35+-33-41)*-40/36*(-20*63-76/10),(23/-22)*-43*-80/(-9/-23/35+-33-41)*-40/36*(-20*63-76/10),False
-12+-64+25+31*-60-62+88+28*65+(16+79--14/23-30*10),-12+-64+25+31*-60-62+88+28*65+(16+79--14/23-30*10),False
-85-(49+-72-47+-63-5/(-25+-60--90)--26*27*25-37+(-31/60)),-85-(49+-72-47+-63-5/(-25+-60--90)--26*27*25-37+(-31/60)),True
-26-49+86*-9-57+97/-74*-26*38--54/-14/90+(-78*(-70*-52)),-26-49+86*-9-57+97/-74*-26*38--54/-14/90+(-78*(-70*-52)),False
98-(15/-9/-41+(74--92/-58*-80)*-91/-62-(71-(-12/62/23)/82)),98-(15/-9/-41+(74--92/-58*-80)*-91/-62-(71-(-12/62/23)/82)),False
-91*16-43-(61/-9--87*-26+79--29+93+92)*80*-23+92*-24,-91*16-43-(61/-9--87*-26+79--29+93+92)*80*-23+92*-24,True
58/-5/-76-31-3+(-43*16/47*82*35/(-86/-76)+70/-76)*34,58/-5/-76-31-3+(-43*16/47*82*35/(-86/-76)+70/-76)*34,True
(-17*(19-65*97-53-(49/85-57*(13-(50*(56+-64-54*48+-95)))))),(-17*(19-65*97-53-(49/85-57*(13-(50*(56+-64-54*48+-95)))))),True
-88-27/-48/60/15/91-34--28+63*-85-82-54+-34+-54+-78,-88-27/-48/60/15/91-34--28+63*-85-82-54+-34+-54+-78,False
-68*50/(73-70/87)+37/87+-10-(-58-6-(15*-98+96/(-79-(71)))),-68*50/(73-70/87)+37/87+-10-(-58-6-(15*-98+96/(-79-(71)))),False
-51/(-12*-6/-56--58+-14/39-57*-2*3+(-94-82)-(-37+66--50)),-51/(-12*-6/-56--58+-14/39-57*-2*3+(-94-82)-(-37+66--50)),True
-28/-34/-12+(82/-3)*99*80-(-80+(-23*-45+57*-86)*46+-94*13),-28/-34/-12+(82/-3)*99*80-(-80+(-23*-45+57*-86)*46+-94*13),False
-13/(13*21+-22+(75+-98-92+-9/-12+1+(59+8/(11-(76*38))))),-13/(13*21+-22+(75+-98-92+-9/-12+1+(59+8/(11-(76*38))))),True
(92*23-(79/69)-37-12)*-31*10*92-54+-31+-77+88*(59/95),(92*23-(79/69)-37-12)*-31*10*92-54+-31+-77+88*(59/95),False
70*-9+-35*-74+65*(68*-5)/-46*91+(-13*36/-83+(-59-(96+20))),70*-9+-35*-74+65*(68*-5)/-46*91+(-13*36/-83+(-59-(96+20))),True
-39+-24+55-(-34-(25/95/(-92/-20*-24+26+-18*-87)+15)--87-5),-39+-24+55-(-34-(25/95/(-92/-20*-24+26+-18*-87)+15)--87-5),False
56/-70/48*-36/-76*-25+-92*-11/-84+-93*-30/48--74+98+15,56/-70/48*-36/-76*-25+-92*-11/-84+-93*-30/48--74+98+15,True
(54+-72/-16)/(-34-(-27-(55/-18)-(-49+-45)/-55)/98*-100+0*-22+-47),(54+-72/-16)/(-34-(-27-(55/-18)-(-49+-45)/-55)/98*-100+0*-22+-47),True
90+(-3/85)/67*(13/-28+71+54)-83*3-9+-20+-56/-36+-59,90+(-3/85)/67*(13/-28+71+54)-83*3-9+-20+-56/-36+-59,False
-97/33+-85/47+-76+-97-69+75--91*6*42--81/83+86-(-34),-97/33+-85/47+-76+-97-69+75--91*6*42--81/83+86-(-34),False
23*52-61--15/-64/-32*(-13-88)/38+81--13*75--97*37/86,23*52-61--15/-64/-32*(-13-88)/38+81--13*75--97*37/86,False
-66+-6-27+-38-0/3+(-57-28+(-14+11/-99)/5--98/38)--89,-66+-6-27+-38-0/3+(-57-28+(-14+11/-99)/5--98/38)--89,True
87*-20-(85-(-14/-73/(64+(58--29)/32+-83)/-69/(-51*47-4)/8)),87*-20-(85-(-14/-73/(64+(58--29)/32+-83)/-69/(-51*47-4)/8)),True
-39--58/(20/-36/-17*-12+74+-39/(93-6-(54--94-37*-42*-6))),-39--58/(20/-36/-17*-12+74+-39/(93-6-(54--94-37*-42*-6))),True
58-(36-(61*38*74+99*(-98*-48+-61)--60--12--46)+(-69+38)/71),58-(36-(61*38*74+99*(-98*-48+-61)--60--12--46)+(-69+38)/71),False
(-50+-82/60/-84)/(-52*-35)*-26*51/-61/-79+-63/53*53*73*40,(-50+-82/60/-84)/(-52*-35)*-26*51/-61/-79+-63/53*53*73*40,False
99-1+(-9-81--39)/-58+(-50+(-62/32-56+81)/(-74+49--40-14)),99-1+(-9-81--39)/-58+(-50+(-62/32-56+81)/(-74+49--40-14)),True
-78+-79/7-(-48--17-87*-50-88--88)/-81/-82-47+40+-48/68,-78+-79/7-(-48--17-87*-50-88--88)/-81/-82-47+40+-48/68,False
-99+52/(14--83*80+16--48/-100/1+-96)*-73+80+-87+(-27*75),-99+52/(14--83*80+16--48/-100/1+-96)*-73+80+-87+(-27*75),False
33/-94/-7-22/29/4+-52-89+60*93+87/87-4/(12-(-52)),33/-94/-7-22/29/4+-52-89+60*93+87/87-4/(12-(-52)),False
(10--47)/96*32-(7--22-93+-1+-21--3/(33*84/(93+-31-19))),(10--47)/96*32-(7--22-93+-1+-21--3/(33*84/(93+-31-19))),True
-68-50--87+(-16/-18-(71--4-51+78--34)*(-23*-3)/41*3)*6,-68-50--87+(-16/-18-(71--4-51+78--34)*(-23*-3)/41*3)*6,True
-87/-17/77*(38/-93)/(86+51*23)/-94/-64/96-27-(9+1*75),-87/-17/77*(38/-93)/(86+51*23)/-94/-64/96-27-(9+1*75),True
-71/(18+(-84*61-(-89*68--84+82*-99*-67*-93+6-91-(16/94)))),-71/(18+(-84*61-(-89*68--84+82*-99*-67*-93+6-91-(16/94)))),True
61-20-83-62+-13/89*(32--16/68)-47+45+34--22*-97+6,61-20-83-62+-13/89*(32--16/68)-47+45+34--22*-97+6,True
(-39/96)/-69/34/-62*-47+-54*(81*23+-65+93/(96-(-40/-51)*99)),(-39/96)/-69/34/-62*-47+-54*(81*23+-65+93/(96-(-40/-51)*99)),True
32*-65+-20-(94/-44/-50+9/(52/(72-(6*64--82--66)+10)*(-56))),32*-65+-20-(94/-44/-50+9/(52/(72-(6*64--82--66)+10)*(-56))),False
-88*-44*(42*-25+-46+-72*-34*45/-80+(21+-35-43)*49--84--64),-88*-44*(42*-25+-46+-72*-34*45/-80+(21+-35-43)*49--84--64),False
-35/-63--78/56-4/52/0*18/-64-29-40/15--13/-56*13,-35/-63--78/56-4/52/0*18/-64-29-40/15--13/-56*13,False
-46/(13--37-34-63-73+-43+-49--91/97/-96*35/(97*(-50+-76))),-46/(13--37-34-63-73+-43+-49--91/97/-96*35/(97*(-50+-76))),True
68*59--97*48*61*-20*81*7/(-55-81*88/-15/-29)+-76*-9,68*59--97*48*61*-20*81*7/(-55-81*88/-15/-29)+-76*-9,True
(21*13--19+(28/86+56/-22/-91)-18/61+5+-17*11+(-84-30)),(21*13--19+(28/86+56/-22/-91)-18/61+5+-17*11+(-84-30)),False
34+-50+36/71-24*95-10+(-23+(90*-87--33)/28*-51/43*2),34+-50+36/71-24*95-10+(-23+(90*-87--33)/28*-51/43*2),False
5-44*(-93-(-5/36*-94--89*86*(90*94)/68+(3+68+65)*-24)),5-44*(-93-(-5/36*-94--89*86*(90*94)/68+(3+68+65)*-24)),False
16-(-93*57)--65+-72+(33+-84)/20-28*(-85*-83*38-98/21--19),16-(-93*57)--65+-72+(33+-84)/20-28*(-85*-83*38-98/21--19),False
5/(-42*32/86/(-44/23*23/31+(57+-89/-67*-41-69*12+-8))),5/(-42*32/86/(-44/23*23/31+(57+-89/-67*-41-69*12+-8))),True
83/-56*40-60/(-27+-14)--100/82/(-73-98)/52*-7+54/-6*51,83/-56*40-60/(-27+-14)--100/82/(-73-98)/52*-7+54/-6*51,True
(-88+(-64--28)-66/(29--6--49)*(86*(33--58--41/2-(99*75)--96))),(-88+(-64--28)-66/(29--6--49)*(86*(33--58--41/2-(99*75)--96))),False
97*58+-75/-18*-26+(-87*44)*20*68--29-47+-82/-98/12--42,97*58+-75/-18*-26+(-87*44)*20*68--29-47+-82/-98/12--42,False
-93+-58+-45--48-96/-28+24+-6+-81/29/26+66*-2/1/73,-93+-58+-45--48-96/-28+24+-6+-81/29/26+66*-2/1/73,True
-34/-95*-5/82*-71*59/-70*(-33+-39-55*(-47/-62/(17-30/-6))),-34/-95*-5/82*-71*59/-70*(-33+-39-55*(-47/-62/(17-30/-6))),False
(68--27*29*(51-26/-50)*65/-1)/92+-79--44*39*78--77-(73),(68--27*29*(51-26/-50)*65/-1)/92+-79--44*39*78--77-(73),False
-50+-4+50/-27/99--2/66/87-24*-15/-93+-62--16+73/79,-50+-4+50/-27/99--2/66/87-24*-15/-93+-62--16+73/79,True
(43/-72/(55/97)/21/35)+-74/42-81+65*(-77*-15+13+(-33*-75)),(43/-72/(55/97)/21/35)+-74/42-81+65*(-77*-15+13+(-33*-75)),False
-74*29/-14--33/-47/-52*40-30-51*-94-88/(-45+-95*88*54),-74*29/-14--33/-47/-52*40-30-51*-94-88/(-45+-95*88*54),True
-29+73*(-97/8*-83-82+48--96*-93/18*-58-84/(86-31)*12),-29+73*(-97/8*-83-82+48--96*-93/18*-58-84/(86-31)*12),True
-25*-16+-12*(-26/81)/-57+85/51/18*9*-56-(-97*(56-51)+(80)),-25*-16+-12*(-26/81)/-57+85/51/18*9*-56-(-97*(56-51)+(80)),True
-46+(-82*27/36+80*-76/51+-61+40/12+-7/-55--48*23/(-9)),-46+(-82*27/36+80*-76/51+-61+40/12+-7/-55--48*23/(-9)),True
-24*74*42+-88*43--44+-11--45*96+-38/17/(-95/51*98/-57),-24*74*42+-88*43--44+-11--45*96+-38/17/(-95/51*98/-57),False
61*-93/-7/-13/53--16+4-19*-90-(25+-5/19/72+75-97),61*-93/-7/-13/53--16+4-19*-90-(25+-5/19/72+75-97),False
-33-70*-89+30/(-85+(6/(-11*49*-57+-90+90+63*(-68+-71-37)))),-33-70*-89+30/(-85+(6/(-11*49*-57+-90+90+63*(-68+-71-37)))),False
-49/(17-16--8+16-53+-2/-40*(54-(56/-5--94)--8--32+93)),-49/(17-16--8+16-53+-2/-40*(54-(56/-5--94)--8--32+93)),True
-100+90-25*(1/41/(52*63/61-95-93-70/-51)*-42)+(88*-98),-100+90-25*(1/41/(52*63/61-95-93-70/-51)*-42)+(88*-98),False
99*-23*-95*(-80/-13-68)*-68/(13*11)/93*13/50/81/20+68,99*-23*-95*(-80/-13-68)*-68/(13*11)/93*13/50/81/20+68,True
-48--40+52+(-11/29+-94--69--23)*(24*45--37*-86+-85*-97)*-85,-48--40+52+(-11/29+-94--69--23)*(24*45--37*-86+-85*-97)*-85,False
-29/91/70*95-39*(-3-19+(-25/(73*17*-8+-88+-61/(43/(26))))),-29/91/70*95-39*(-3-19+(-25/(73*17*-8+-88+-61/(43/(26))))),False
-50+-20/-3/(41*-61*60*-99/(72/91)*-46--66/(4-98)+-67/-18),-50+-20/-3/(41*-61*60*-99/(72/91)*-46--66/(4-98)+-67/-18),True
60-98-4-40*50*44*(-4+(94/(-55-11+-99/9)*-53+(67+-75))),60-98-4-40*50*44*(-4+(94/(-55-11+-99/9)*-53+(67+-75))),True
24/-6-68+(13/-42*71*(-79*-98)+-82/-12--81-94/18*33+-75),24/-6-68+(13/-42*71*(-79*-98)+-82/-12--81-94/18*33+-75),False
(-75/-50+(-77/-46*-6-58)+(72*99/-50+-3*75)+(58-66+-49+-78)),(-75/-50+(-77/-46*-6-58)+(72*99/-50+-3*75)+(58-66+-49+-78)),False
-2*22*-81/-66+-80--69-31+91*(-56/5/(30-6/93*68-86)),-2*22*-81/-66+-80--69-31+91*(-56/5/(30-6/93*68-86)),False
-44/-19/98*11-5*37+43*(-5/-56+-47/23+-20/(-75/77)+-15),-44/-19/98*11-5*37+43*(-5/-56+-47/23+-20/(-75/77)+-15),True
-85-(-91+64-76)+-34/-47/25-65+(59-78/-22)*44+-65/-93*(50),-85-(-91+64-76)+-34/-47/25-65+(59-78/-22)*44+-65/-93*(50),False
-48--4/-36/25/-78-27*11+(54+-84/24-34*-11)+-57+-89*27,-48--4/-36/25/-78-27*11+(54+-84/24-34*-11)+-57+-89*27,False
(-14-63+21/-12+(57*(-48/-70*(-22--77*55-7+-38)*88+-60+27))),(-14-63+21/-12+(57*(-48/-70*(-22--77*55-7+-38)*88+-60+27))),False
-47/-80*-34+23-48*76/-62/-78+18/(-8--88+37/-13/-29/93),-47/-80*-34+23-48*76/-62/-78+18/(-8--88+37/-13/-29/93),True
(52*-85)*-70*-15+-23--55--99/54+-17-93+40*95+-80*30/36,(52*-85)*-70*-15+-23--55--99/54+-17-93+40*95+-80*30/36,True
(3/-55*-88/-5*3+-52-(97+(97-3)+70--78)--87)+-48+64*-88,(3/-55*-88/-5*3+-52-(97+(97-3)+70--78)--87)+-48+64*-88,True
26+23*27*(55--60/18--92/-79)-73/9/-64--36-(-12*-68*98),26+23*27*(55--60/18--92/-79)-73/9/-64--36-(-12*-68*98),True
-95*(-47+(96*-86+(-94+-76)+94/(4*78/(-7+29+(-99*-20*38-10))))),-95*(-47+(96*-86+(-94+-76)+94/(4*78/(-7+29+(-99*-20*38-10))))),True
-92+88/76+(5*58/(-70+-64/72--99/(87-(46/-77--96/-29+-89)))),-92+88/76+(5*58/(-70+-64/72--99/(87-(46/-77--96/-29+-89)))),True
7+82*(13--73/16*(-62+-68*68*-73+-19/-24--51)*74)+(1+-33),7+82*(13--73/16*(-62+-68*68*-73+-19/-24--51)*74)+(1+-33),True
(-98--39/86)*-39*-64*22*(-74+(12/86+-93/-97+(-70/-43+70+-44))),(-98--39/86)*-39*-64*22*(-74+(12/86+-93/-97+(-70/-43+70+-44))),True
-83/-58*-22+80/-64--13+-54+-68+-31+-83/-42*-86+-49*(14/23),-83/-58*-22+80/-64--13+-54+-68+-31+-83/-42*-86+-49*(14/23),False
-18+96*-67-(-93--71/4*-48*-40*95--28*-12-72)/-36*-38/22,-18+96*-67-(-93--71/4*-48*-40*95--28*-12-72)/-36*-38/22,True
(-7*69)/-75+-67/-76*-12--57-79--18*25*-35-74-11*94*-80,(-7*69)/-75+-67/-76*-12--57-79--18*25*-35-74-11*94*-80,False
71/-94--84-85*53+-1-45--86*(-87/6*(33-(-18/38+(-90*-89)))),71/-94--84-85*53+-1-45--86*(-87/6*(33-(-18/38+(-90*-89)))),False
(-84*(-33--91+11*-92+(-91/58--13*(-33/91)-(-11/-94--88/-90)-35))),(-84*(-33--91+11*-92+(-91/58--13*(-33/91)-(-11/-94--88/-90)-35))),False
4/-59-15/88/-24/84-41/-45-85+(-24/-63+-70*-77-(-40-(-29))),4/-59-15/88/-24/84-41/-45-85+(-24/-63+-70*-77-(-40-(-29))),True
21--97--4+54*67+65-38+-52/-21-(65--18/60-11/53*-66),21--97--4+54*67+65-38+-52/-21-(65--18/60-11/53*-66),False
90-59/-26+(-43/(-32*-84*93/27)-69/-31)*-35--94/-97-33--65,90-59/-26+(-43/(-32*-84*93/27)-69/-31)*-35--94/-97-33--65,True
-50*-52/46+9/(42+-67+49+71)*29+-17-37*51/-36--53+-68,-50*-52/46+9/(42+-67+49+71)*29+-17-37*51/-36--53+-68,True
53--25+57*-4-53--8+(-74*90+30+17/-20*-49)--67*74/90,53--25+57*-4-53--8+(-74*90+30+17/-20*-49)--67*74/90,True
-70/-33*-63+17--33*-14+69+76--91/(20/-66-7/-46/(-64+-46)),-70/-33*-63+17--33*-14+69+76--91/(20/-66-7/-46/(-64+-46)),True
-5+26/(61+41-94+(23-82/-12)+-29)*-79+(77/-92)-(77*(14*-91)),-5+26/(61+41-94+(23-82/-12)+-29)*-79+(77/-92)-(77*(14*-91)),False
(63/54-20*79-37+7+90)*-16--25/-29/(72-65+95-98/-60),(63/54-20*79-37+7+90)*-16--25/-29/(72-65+95-98/-60),True
-51/-54+-90--14*30--29+75/60/-21/-81+-25-8-8*(81*(27)),-51/-54+-90--14*30--29+75/60/-21/-81+-25-8-8*(81*(27)),True
47*(39--100)*45/(58*-26)/-95--61-18+77-29-21*15--94+26,47*(39--100)*45/(58*-26)/-95--61-18+77-29-21*15--94+26,False
-96*(-44/49)/-70-(14-54+90)+95-94/-70*-76+22*(61/-83)--75,-96*(-44/49)/-70-(14-54+90)+95-94/-70*-76+22*(61/-83)--75,False
40+-2+71*-59*-42*28-(-3+(72/45)*31--71*-75)/-10*(49/(11)),40+-2+71*-59*-42*28-(-3+(72/45)*31--71*-75)/-10*(49/(11)),True
31*79/-47-36--87+(-86-13-(91-94--6-6*-59-12+(97-86))),31*79/-47-36--87+(-86-13-(91-94--6-6*-59-12+(97-86))),True
11--75--4+14+84*-19+27*25*-92+95+-36*(39*-57+(-56/-91)),11--75--4+14+84*-19+27*25*-92+95+-36*(39*-57+(-56/-91)),True
-84-85/28+72*-25-62/22--64/10/(30--67)--27+-57+(-69-0),-84-85/28+72*-25-62/22--64/10/(30--67)--27+-57+(-69-0),True
-43*(-95--2*-71*93+-90)+-81*46--72+-93/-26/(-93*-33/(54/-67)),-43*(-95--2*-71*93+-90)+-81*46--72+-93/-26/(-93*-33/(54/-67)),False
(93-(75*(-43/93)/73+(30+61)/-69)/(36+48)*13+32)+-78--66+-13,(93-(75*(-43/93)/73+(30+61)/-69)/(36+48)*13+32)+-78--66+-13,False
(4+-7+-37+-53-11*42*93)+94*85*75*(45/(15*94/-63/89)),(4+-7+-37+-53-11*42*93)+94*85*75*(45/(15*94/-63/89)),True
21-6+14/-51+-15*-53/58+1*(43/91+-85*23/11+-35*-29),21-6+14/-51+-15*-53/58+1*(43/91+-85*23/11+-35*-29),True
-66+32+17/26/70-62+52--41--80/9*-70/-56*11--61*94,-66+32+17/26/70-62+52--41--80/9*-70/-56*11--61*94,True
82*-45*68/-45--41+16+-81+47-7--19--33+-7+23*-15/-21,82*-45*68/-45--41+16+-81+47-7--19--33+-7+23*-15/-21,True
-70/27*68*94+-26+43+-17/61+(96+96--82-38/-56+(-28+-7)),-70/27*68*94+-26+43+-17/61+(96+96--82-38/-56+(-28+-7)),False
-61--73+20*(-78*18-(4--51-(-82/-81)/14--75/-77)/-2*-66/-11),-61--73+20*(-78*18-(4--51-(-82/-81)/14--75/-77)/-2*-66/-11),False
-89/75--43+17*-3+-72+96*30+(10/-27)+-20--49+-87+15+66,-89/75--43+17*-3+-72+96*30+(10/-27)+-20--49+-87+15+66,True
(65+-20/-88--63+-61/(-100*-80+-44/(21+85-(-21/-3)+98)+79)/95),(65+-20/-88--63+-61/(-100*-80+-44/(21+85-(-21/-3)+98)+79)/95),True
-15+23+-36-(-65*16/1/13/(-75*8)--56)/-9+-90--16+-96+87,-15+23+-36-(-65*16/1/13/(-75*8)--56)/-9+-90--16+-96+87,True
66--74*-85*-53*-10/1--15*19*-3*(77+79-88/-22*24/-32),66--74*-85*-53*-10/1--15*19*-3*(77+79-88/-22*24/-32),False
-73+-24*-27-29*-64--57/-33/-95+27*44-62+61+(28+8)/98,-73+-24*-27-29*-64--57/-33/-95+27*44-62+61+(28+8)/98,False
(-18+-25-40)*-95/16*-40*(-23-34--1*(15+-78--31+71+-11*-87)),(-18+-25-40)*-95/16*-40*(-23-34--1*(15+-78--31+71+-11*-87)),True
32--58*-100+-36+(-39*-13*44+58+-12*(16/(-53--31)/-35)/(-64*79)),32--58*-100+-36+(-39*-13*44+58+-12*(16/(-53--31)/-35)/(-64*79)),False
-1/98*58-94+(68+-66+-98/-31)*(-36--76)/84/-100-83+-95-18,-1/98*58-94+(68+-66+-98/-31)*(-36--76)/84/-100-83+-95-18,True
-14-56+28+52*1+(-18+-7*-7)+(-55+-72/(-40+-5+-52/-18+-89)),-14-56+28+52*1+(-18+-7*-7)+(-55+-72/(-40+-5+-52/-18+-89)),False
31+9/(28*-29+-7)*-63-(27/98-(22-27)--1*96*41/(-35/95)),31+9/(28*-29+-7)*-63-(27/98-(22-27)--1*96*41/(-35/95)),False
1*65--57-27+41+83*93/37-(-96/-25/-78+(-1+-67)-66*9),1*65--57-27+41+83*93/37-(-96/-25/-78+(-1+-67)-66*9),True
-65-38+(87*51-94*88)*56--31+(-3-17*26+38/-54-44)/-5,-65-38+(87*51-94*88)*56--31+(-3-17*26+38/-54-44)/-5,True
-22+(-43/-97-36-(-48+-78/70-5/41/8)-12*-77*83-60)/-79,-22+(-43/-97-36-(-48+-78/70-5/41/8)-12*-77*83-60)/-79,False
(-82/92--99+23/51+-30-44)-41-89-39--45*-54*4+90--86,(-82/92--99+23/51+-30-44)-41-89-39--45*-54*4+90--86,True
67*(-56/-65/(90+45-(-55-54*7)/74*(-57+80+-22)+90--34/92)),67*(-56/-65/(90+45-(-55-54*7)/74*(-57+80+-22)+90--34/92)),False
89*-14*-70+(3-(9/-70+(42/-89/39*-34--88/80-(99-99*(-87))))),89*-14*-70+(3-(9/-70+(42/-89/39*-34--88/80-(99-99*(-87))))),True
-71+44*-49+-87*(-64-(65/98)+-42/42)*-94--38+-10+-65/(73*41),-71+44*-49+-87*(-64-(65/98)+-42/42)*-94--38+-10+-65/(73*41),False
(-39+59-41*-23+-49/88+67+(-12+17*-8)*-68/-13-9)-22/76,(-39+59-41*-23+-49/88+67+(-12+17*-8)*-68/-13-9)-22/76,False
78-5*97/18-80*(17*3*(-51-(94+-2+-6-23--80)+37/-95)),78-5*97/18-80*(17*3*(-51-(94+-2+-6-23--80)+37/-95)),False
-89+-22--7-59/57+(-74+(-71*-17+-88/78/-45)+(-72+(-27/-100*44))),-89+-22--7-59/57+(-74+(-71*-17+-88/78/-45)+(-72+(-27/-100*44))),False
-73/92*-41+-19+12*67-(18*85+-87-72+31--18/-14-(-81/-23)),-73/92*-41+-19+12*67-(18*85+-87-72+31--18/-14-(-81/-23)),True
22*29/(77*40*26/28+46*91-31+36+(-39-(43*(-79*53+29)))),22*29/(77*40*26/28+46*91-31+36+(-39-(43*(-79*53+29)))),True
-98*-80-16*-74/(8-23--14/8*15)/46/39*(98+53*-65/-50),-98*-80-16*-74/(8-23--14/8*15)/46/39*(98+53*-65/-50),False
36/-77*-99--50*-96+-24*(-23/22--27)/79*-92-17+-34/27/60,36/-77*-99--50*-96+-24*(-23/22--27)/79*-92-17+-34/27/60,True
-68--71+(74/88+-30+(-19+(-3-(25-89*-39/-59-(-54*13/34)+34)))),-68--71+(74/88+-30+(-19+(-3-(25-89*-39/-59-(-54*13/34)+34)))),False
67/53*54*(76+48-(6*(80+(-34+-6+49*(-1-(-64/5/57*(-30))))))),67/53*54*(76+48-(6*(80+(-34+-6+49*(-1-(-64/5/57*(-30))))))),True
89--52--92*-76*-65-36*-74*(-51--42/-56/-8*84)--46*-25-39,89--52--92*-76*-65-36*-74*(-51--42/-56/-8*84)--46*-25-39,True
73*95*84--52--85/96+-55+81/62/-58/22-(-55--78+79*-71),73*95*84--52--85/96+-55+81/62/-58/22-(-55--78+79*-71),False
-99/38/24-32*13/-62-66--53--3+58*37-8-51/(69*-42),-99/38/24-32*13/-62-66--53--3+58*37-8-51/(69*-42),False
-46*-15/-78+38--82*51--68/19--33--12+63-26*98-42/-91,-46*-15/-78+38--82*51--68/19--33--12+63-26*98-42/-91,False
70*-56+44+-67*68+-94+17--65/-92/-12+-55*1/-22+53-(64),70*-56+44+-67*68+-94+17--65/-92/-12+-55*1/-22+53-(64),False
(-77--7)-9-4+-69/(73--80*43+-58)/-54/(23*9-(75*-66/86)),(-77--7)-9-4+-69/(73--80*43+-58)/-54/(23*9-(75*-66/86)),False
-4+57-97+41*88+-63+(-82-55*-26*-63)+(-16/38*13+3*(22)),-4+57-97+41*88+-63+(-82-55*-26*-63)+(-16/38*13+3*(22)),True
-94*34+-7-(84+98+-71-91/(-43-(26+81-51)-30--95)*-29+12),-94*34+-7-(84+98+-71-91/(-43-(26+81-51)-30--95)*-29+12),False
92/-71-60*46/(-26--52--30*-58)*(11/66+-8)-62+37+55/(77),92/-71-60*46/(-26--52--30*-58)*(11/66+-8)-62+37+55/(77),True
31+34*-96--79+80-49--4-77/-45-84*-93/24+(-86/(71/(-58))),31+34*-96--79+80-49--4-77/-45-84*-93/24+(-86/(71/(-58))),True
-50+-14/21-81+29*32-(-88*80+-70+-1-61+(-57*(47+58*(58)))),-50+-14/21-81+29*32-(-88*80+-70+-1-61+(-57*(47+58*(58)))),False
-35*-9/66*12*78*(-26+96-(80+-58+13-(-89+-2/-75+93/(-94)))),-35*-9/66*12*78*(-26+96-(80+-58+13-(-89+-2/-75+93/(-94)))),False
(66+-8+-50)/-54-52*-86*30*-98/47/-78*-92+-37--52+-34+(-25),(66+-8+-50)/-54-52*-86*30*-98/47/-78*-92+-37--52+-34+(-25),False
98*85-10/-6*-88+(22--100-92-69/-7+-60)*-8*55-(-21+-14),98*85-10/-6*-88+(22--100-92-69/-7+-60)*-8*55-(-21+-14),True
42*(-67/(-76/-32+-22)/-75/(59-14+(-1+30*(85/(75-69--31*-87))))),42*(-67/(-76/-32+-22)/-75/(59-14+(-1+30*(85/(75-69--31*-87))))),True
-8/3*-4*-45/-90+18-47/58-13-51+82+-56/(56--90+-88),-8/3*-4*-45/-90+18-47/58-13-51+82+-56/(56--90+-88),False
-45--48+-65+-59/-78/26/-55+-62+39*-23/-20--49--65--24*-73,-45--48+-65+-59/-78/26/-55+-62+39*-23/-20--49--65--24*-73,True
(96--97)/82*78/-78*-81/(94/-90/(15+-80-7+17--89--15)/-12),(96--97)/82*78/-78*-81/(94/-90/(15+-80-7+17--89--15)/-12),True
-29/20/55/(-34-(-98+89)/-32+63)--49/6/82+-3+-88/(80*-67),-29/20/55/(-34-(-98+89)/-32+63)--49/6/82+-3+-88/(80*-67),False
(58/-7*-38)/-40-36+(-40-72-58/40/64-92*-48)/-45/75/33,(58/-7*-38)/-40-36+(-40-72-58/40/64-92*-48)/-45/75/33,True
40*62--69/-8+65+34-50--25*(-42/-8/65/11/-21*63/44),40*62--69/-8+65+34-50--25*(-42/-8/65/11/-21*63/44),False
(-58/-71--35/62*(-43+13+32*(75/-95)/71*-26/-73-81*17/14)),(-58/-71--35/62*(-43+13+32*(75/-95)/71*-26/-73-81*17/14)),False
-87*29+91+51-43+0--31/-49+(12*(32*72)/(15/(84-13+3))),-87*29+91+51-43+0--31/-49+(12*(32*72)/(15/(84-13+3))),True
-49+-86/-9*36/-32+-70-11/45/-13/40-40/-61-77/-93+-88,-49+-86/-9*36/-32+-70-11/45/-13/40-40/-61-77/-93+-88,True
1+72+-65*81/-92+3+-68-83/-72+-64+(-62+-8)-15*-15/70,1+72+-65*81/-92+3+-68-83/-72+-64+(-62+-8)-15*-15/70,True
-5+(-85+-40-46+58+46--47+-10-39+-9)--20*-23+-76+3/-4,-5+(-85+-40-46+58+46--47+-10-39+-9)--20*-23+-76+3/-4,False
77+(95+4*27)/-74-23+-47*-63/-48*40/79+20--28*(9-84),77+(95+4*27)/-74-23+-47*-63/-48*40/79+20--28*(9-84),False
(-46+72-41)+(-63*54)*96/84+45--94+19+(-52/32*(46+(-54/-16))),(-46+72-41)+(-63*54)*96/84+45--94+19+(-52/32*(46+(-54/-16))),True
-3+-36+-59/71+-4-(-6/-99-(-29*-26-23)+-34/79--17+55)--82,-3+-36+-59/71+-4-(-6/-99-(-29*-26-23)+-34/79--17+55)--82,False
-35+28/(87+79-(20--18/78*-96--30+8)*-90*65/51+90-49),-35+28/(87+79-(20--18/78*-96--30+8)*-90*65/51+90-49),False
-74+-57+61-53*-19*85-98+-42/-86/-61+(57/-17+-51*93/72),-74+-57+61-53*-19*85-98+-42/-86/-61+(57/-17+-51*93/72),True
93-47/(56+84--25*94*-22+-54-29/44/(43+-28*5--47+59)),93-47/(56+84--25*94*-22+-54-29/44/(43+-28*5--47+59)),False
-65--63+-27*(33/21-81-73*-68*45--90)--97/-95-48--11+51,-65--63+-27*(33/21-81-73*-68*45--90)--97/-95-48--11+51,False
-59+-90*84+-83--52*-91/-89/11-47*44/-45/-33*-82/28--52,-59+-90*84+-83--52*-91/-89/11-47*44/-45/-33*-82/28--52,True
(41+5*-97)-35*65+-53+-38*-91*15*44-(-73+24--65/35)+63,(41+5*-97)-35*65+-53+-38*-91*15*44-(-73+24--65/35)+63,True
73+-98*-20--55-67-44+79/24*47-(-39*80*20+55-(85-50)),73+-98*-20--55-67-44+79/24*47-(-39*80*20+55-(85-50)),True
66-(33+-12+31)--9/58+85+46/28/52/42+90/2--77/-48,66-(33+-12+31)--9/58+85+46/28/52/42+90/2--77/-48,False
-82+-55/64+-97-(-59+(-41*67+(51/-62+-94)/-54/68*-91-26*(29))),-82+-55/64+-97-(-59+(-41*67+(51/-62+-94)/-54/68*-91-26*(29))),False
-16+98-6/-3*32-(-77-27*40/20/-24)-8-(36*-5)*-51+-12,-16+98-6/-3*32-(-77-27*40/20/-24)-8-(36*-5)*-51+-12,True
(12/61+-43)/(91-(95*-60+-47+99-49/(96+-61)/38-(-98*-87+1))),(12/61+-43)/(91-(95*-60+-47+99-49/(96+-61)/38-(-98*-87+1))),True
-73*(-13-87-68+(23*-62--44*(85/27+-56*-19*73+-10/-97+(-39)))),-73*(-13-87-68+(23*-62--44*(85/27+-56*-19*73+-10/-97+(-39)))),False
-18+9-74+(37+-72-42)/-20+-10+27*82*4+96+17--85+78,-18+9-74+(37+-72-42)/-20+-10+27*82*4+96+17--85+78,True
(95*81)/92--28*(-78/85+(-9--99*-2*-24)/70+-61-37-35--39),(95*81)/92--28*(-78/85+(-9--99*-2*-24)/70+-61-37-35--39),False
-17+86*-64/61+-32-8*-36+37+51*33/(-100/23)-(35*-72/(-49)),-17+86*-64/61+-32-8*-36+37+51*33/(-100/23)-(35*-72/(-49)),False
(-10/(-97-22--38+57*(90*-8)+96/60*-61-65+(-47+59-43/-52))),(-10/(-97-22--38+57*(90*-8)+96/60*-61-65+(-47+59-43/-52))),False
30-22--35+-11/(-26/39*-26*-95/(17*-76+(60/-34+-3*(-86/-41)))),30-22--35+-11/(-26/39*-26*-95/(17*-76+(60/-34+-3*(-86/-41)))),True
-20+21/-37/-29-83*64*(-56-16+16--24/-15)-33+(-11+-21*-91),-20+21/-37/-29-83*64*(-56-16+16--24/-15)-33+(-11+-21*-91),True
-21/-23*13/-21*-8/3+-15/-18/(77-85+52+-25/(79+-2+-28)),-21/-23*13/-21*-8/3+-15/-18/(77-85+52+-25/(79+-2+-28)),False
83*-19+23*13/51/-94/-98*-29+80+(55+60+-25/-82-1*(-51)),83*-19+23*13/51/-94/-98*-29+80+(55+60+-25/-82-1*(-51)),True
-84/42/(-44/(64/(-20--52+(4*-91/8--98+77+7/92*26+2)))),-84/42/(-44/(64/(-20--52+(4*-91/8--98+77+7/92*26+2)))),False
(87/-100/-30-78--58+-24*91)*-24+96--71-74+-4+-57*-14+79,(87/-100/-30-78--58+-24*91)*-24+96--71-74+-4+-57*-14+79,False
(-78*-73+-44/-4*46+-99/-84/-57)+-99-60/11*-67+-78-(66/47),(-78*-73+-44/-4*46+-99/-84/-57)+-99-60/11*-67+-78-(66/47),True
-8*24/-16*-35+-38+-91-24/55/74+-9+(34+(33+-34/-41)/(92)),-8*24/-16*-35+-38+-91-24/55/74+-9+(34+(33+-34/-41)/(92)),True
18*36--43/(-38/-29+-69)+-84*60/95*59*97+56--69/-17+15,18*36--43/(-38/-29+-69)+-84*60/95*59*97+56--69/-17+15,True
-59+8+-44-88+74*-81*-17/45+-63/-91/67*(60/-65+-25)*-37,-59+8+-44-88+74*-81*-17/45+-63/-91/67*(60/-65+-25)*-37,False
-30+-79/85+-71*48+76+-19+-59+-91+(-14/51+(87*-81-(58-56))),-30+-79/85+-71*48+76+-19+-59+-91+(-14/51+(87*-81-(58-56))),False
-4+70+29/(76+-94+-81/(29--100)*(27/22)/-57*(65*-10-(56*68))),-4+70+29/(76+-94+-81/(29--100)*(27/22)/-57*(65*-10-(56*68))),False
-31--33--100+-55-41/-67+7/(33/(40+50*90)*-51)*-1-(-70*-28),-31--33--100+-55-41/-67+7/(33/(40+50*90)*-51)*-1-(-70*-28),True
59+-58/(-62*-79)+-3*-30*29*-51*18/42/(-56+-94-65/18+-60),59+-58/(-62*-79)+-3*-30*29*-51*18/42/(-56+-94-65/18+-60),True
80-4+-13-53/14/-75/-37*-29*-7*-72--6+38-13-36+19,80-4+-13-53/14/-75/-37*-29*-7*-72--6+38-13-36+19,False
-70+-59*-17/(56-2)*-71-31--88*-3-59/13*(74-25+-68+48),-70+-59*-17/(56-2)*-71-31--88*-3-59/13*(74-25+-68+48),False
36/(1/-54)*-54*-62-(-31/(74*-40)/-5*90/62+45--26/-6+-94),36/(1/-54)*-54*-62-(-31/(74*-40)/-5*90/62+45--26/-6+-94),True
(-9+14+-35)/-62*67*-57-25+24+-71--92+7+(64+-99+26*(-87)),(-9+14+-35)/-62*67*-57-25+24+-71--92+7+(64+-99+26*(-87)),False
-17-(29--100)-35*(-82/(13+34-82*-21/-15/(-19-(49-51/(-89-47))))),-17-(29--100)-35*(-82/(13+34-82*-21/-15/(-19-(49-51/(-89-47))))),True
-79-(44-40/30--34-22)*(32+45*44*89+-32*-19*-93--75*31),-79-(44-40/30--34-22)*(32+45*44*89+-32*-19*-93--75*31),False
40+32+35+80*-85+(-20/-35+(38--46+(20*96)-1)--74+77*-37),40+32+35+80*-85+(-20/-35+(38--46+(20*96)-1)--74+77*-37),True
-34+-100--58+-39+-57+-25/-49/-31-88*90+-76-32-34*-33-84,-34+-100--58+-39+-57+-25/-49/-31-88*90+-76-32-34*-33-84,False
-66*4/30/47-32+8-(-43-12)-30/-80/-46*27-91*-78+-68,-66*4/30/47-32+8-(-43-12)-30/-80/-46*27-91*-78+-68,True
22*-68-(27*20)*(70+25/81*57+-44*(-16/39*30-63+-43+-42)),22*-68-(27*20)*(70+25/81*57+-44*(-16/39*30-63+-43+-42)),True
4/-95/-42--19/(-5+-51-(-92-(-27/-95*(-94+-74/64+-56)+-92/-75))),4/-95/-42--19/(-5+-51-(-92-(-27/-95*(-94+-74/64+-56)+-92/-75))),True
-10/-39-(70-92/40*(65+53*-25)--17)--11+17-(-90+-36*-98/(96)),-10/-39-(70-92/40*(65+53*-25)--17)--11+17-(-90+-36*-98/(96)),False
22+-67/51*-80-(93*75*-18+(-84/-14)*(-87+88/2)*(-51/73/-96)),22+-67/51*-80-(93*75*-18+(-84/-14)*(-87+88/2)*(-51/73/-96)),False
-19/-78*93/23+14-(-40+-84/-68--31)*21*13/-42+11-88*4,-19/-78*93/23+14-(-40+-84/-68--31)*21*13/-42+11-88*4,False
-11--75/94+-71/(25/58)--20+-42+70-79/18*19--22*83*75,-11--75/94+-71/(25/58)--20+-42+70-79/18*19--22*83*75,True
-78--23*(-19+-43+39/25/(-46--97)*-54+95*-48*75-69)/-14-10,-78--23*(-19+-43+39/25/(-46--97)*-54+95*-48*75-69)/-14-10,True
67/52+76*94+-26/-88*(-36+61*20-(36+61/(-88--22/-25/-75))),67/52+76*94+-26/-88*(-36+61*20-(36+61/(-88--22/-25/-75))),True
96*-86*-34+91--16-(25*-100)-(-14+44/-45/31*-64*-11*-97)*-84,96*-86*-34+91--16-(25*-100)-(-14+44/-45/31*-64*-11*-97)*-84,False
31*(-1/(-92/-97)-46+(-96*14-85/(-31*(-86+-100)+5*74/-79*-37))),31*(-1/(-92/-97)-46+(-96*14-85/(-31*(-86+-100)+5*74/-79*-37))),False
5+26*50/38*52-8-(94+-56+9)/(-21/20+-63*-8)*24+57,5+26*50/38*52-8-(94+-56+9)/(-21/20+-63*-8)*24+57,False
2*-24/38+44*86-50*-29*-71/-34/83*(-84*46--93--74--12),2*-24/38+44*86-50*-29*-71/-34/83*(-84*46--93--74--12),False
-99/54*7*-24/-6*-13+(-17-85-(40/-67+-17/-90/-5--82-24)),-99/54*7*-24/-6*-13+(-17-85-(40/-67+-17/-90/-5--82-24)),True
63-71/40+19+(17*-4)--42/-30*-69*(-73*-55*-51+94--59)/76,63-71/40+19+(17*-4)--42/-30*-69*(-73*-55*-51+94--59)/76,True
97/55--79*-87/-72--6/(-56*-68-81*52+-36/-59-(24/-85/94)),97/55--79*-87/-72--6/(-56*-68-81*52+-36/-59-(24/-85/94)),False
(23-17-98-51--9)-48+(-18-68--43/-65+82*-99*(-68+85)+98),(23-17-98-51--9)-48+(-18-68--43/-65+82*-99*(-68+85)+98),True
(-54+46--72/-75)-17*-31/(-24+69*31*-21)/(-17*49+24/36)+44,(-54+46--72/-75)-17*-31/(-24+69*31*-21)/(-17*49+24/36)+44,False
(-82*5+9+71*-1+-76)+56/9/-16*-62*92*1+-95*(79--6),(-82*5+9+71*-1+-76)+56/9/-16*-62*92*1+-95*(79--6),False
(-67*54/-80*(10*-16/-99)/-5)+83+-81*-46*-99-79-73+11-38,(-67*54/-80*(10*-16/-99)/-5)+83+-81*-46*-99-79-73+11-38,True
-42+-73+-42--60/90/-15+-17*(67*-94)*-66/-22-79*-46*72--33,-42+-73+-42--60/90/-15+-17*(67*-94)*-66/-22-79*-46*72--33,False
49-77/(38--68-83*-86*67/-73-43+31*4)*-78*73--39/-62,49-77/(38--68-83*-86*67/-73-43+31*4)*-78*73--39/-62,False
(44/-13+-75/90+-45)*-39/15+-50+36*-29/69+-89/67*(36-15),(44/-13+-75/90+-45)*-39/15+-50+36*-29/69+-89/67*(36-15),False
(21--89*(-81--50+84)*92*44/(-59-85-(5--92/(-12/40*55+-39)))),(21--89*(-81--50+84)*92*44/(-59-85-(5--92/(-12/40*55+-39)))),True
(78*15*(83+(-81/-40)+(-49+17+-97*-17+60-(-39-93)*-17*27--100))),(78*15*(83+(-81/-40)+(-49+17+-97*-17+60-(-39-93)*-17*27--100))),True
-23/66/(97-59*(-97-16*-80--65+94*20*-41+86-(-4-48--33))),-23/66/(97-59*(-97-16*-80--65+94*20*-41+86-(-4-48--33))),True
-48*39*-53*6+(-36+-98*(97/52/61*99-13+(-52+62-32+(-76)))),-48*39*-53*6+(-36+-98*(97/52/61*99-13+(-52+62-32+(-76)))),False
-59/13/-1*-7+(20+74*9+15)+91*-21/79/(82+51*68/-16),-59/13/-1*-7+(20+74*9+15)+91*-21/79/(82+51*68/-16),True
37+1+-95+95/-41-58*-31/-26*-17/-34+-25*0/48/89/98,37+1+-95+95/-41-58*-31/-26*-17/-34+-25*0/48/89/98,False
62*95+(63--38+34+-44-37/-89-61+(63--78*75/18-13*18)),62*95+(63--38+34+-44-37/-89-61+(63--78*75/18-13*18)),True
78*-59/82*(-96/(33/-78+(34+92/-98)*-97*71*(46*(70*11--66)))),78*-59/82*(-96/(33/-78+(34+92/-98)*-97*71*(46*(70*11--66)))),False
29+(-63*(26/(4-3+(0-(52+96+67+50/(-46*-75+19)-63--16))))),29+(-63*(26/(4-3+(0-(52+96+67+50/(-46*-75+19)-63--16))))),False
-1--90--61*-56+(-40/14+35--24)/-60/30/-10+53/-46+16-13,-1--90--61*-56+(-40/14+35--24)/-60/30/-10+53/-46+16-13,False
74-(-62+(2+46/89--85--20/-84)+-2*66)+59*(-4/(57*6--51)),74-(-62+(2+46/89--85--20/-84)+-2*66)+59*(-4/(57*6--51)),True
-48*-22*8*-27+(-46*33)*3+-25/-42+(55-58--84--23*96*-60),-48*-22*8*-27+(-46*33)*3+-25/-42+(55-58--84--23*96*-60),True
-16*-13/(94+99-36/-20+41*(51*67--72*31*-35)--59-95/(97)),-16*-13/(94+99-36/-20+41*(51*67--72*31*-35)--59-95/(97)),False
-8--68+(-14*55)+30--23/(69*-62/(-64/(90+(-93/(-18/77--89/-3))))),-8--68+(-14*55)+30--23/(69*-62/(-64/(90+(-93/(-18/77--89/-3))))),False
(27*-11/83*-38--5/-21+38-12+75/-63*-34+-78)*68*-6--12,(27*-11/83*-38--5/-21+38-12+75/-63*-34+-78)*68*-6--12,False
-33/51+85+4+-5-(-45--40)+69/-12*-20*-97--33-94*88*14,-33/51+85+4+-5-(-45--40)+69/-12*-20*-97--33-94*88*14,True
24*-70+-81--8+86+(98--55+47+-78/9*57-50--27*86*-46),24*-70+-81--8+86+(98--55+47+-78/9*57-50--27*86*-46),True
(-81*50*-98+-91/(-22*31*11-(-2/31-17/-29+-24/-22)*-68-46)),(-81*50*-98+-91/(-22*31*11-(-2/31-17/-29+-24/-22)*-68-46)),True
-67-53+(-98*-72-(61*-11*-8--88-8+-75-32)*(75*79--58/-82)),-67-53+(-98*-72-(61*-11*-8--88-8+-75-32)*(75*79--58/-82)),True
20+-27-72+-78+31--20*-65*78+-73/20+-1*-79*-96*61-61,20+-27-72+-78+31--20*-65*78+-73/20+-1*-79*-96*61-61,False
-6*-52*(4/(-53/85*-44*-45)+26*-35+(-11+92-14-(-72/-45)+(-92))),-6*-52*(4/(-53/85*-44*-45)+26*-35+(-11+92-14-(-72/-45)+(-92))),True
-59*-6*-71*37+(25+59*(-97+-73)*54/52-16*-66--64)-(-41--46),-59*-6*-71*37+(25+59*(-97+-73)*54/52-16*-66--64)-(-41--46),False
19--82*4+36+-14+56*-19/-99+-20/-19+36/-34-99-55--55,19--82*4+36+-14+56*-19/-99+-20/-19+36/-34-99-55--55,False
93+(-30*-99)/-28--36/-57*-86-8*(-42--24*(-90*91*22)+-31)/7,93+(-30*-99)/-28--36/-57*-86-8*(-42--24*(-90*91*22)+-31)/7,False
-42--67*78-90+(-91+-23--8)+-63-90/-9-86-96/-4--10--50,-42--67*78-90+(-91+-23--8)+-63-90/-9-86-96/-4--10--50,True
-86-16/-17+44--42*44/-62+47/41-11--38-19--93+25*33,-86-16/-17+44--42*44/-62+47/41-11--38-19--93+25*33,False
23+-11-13/(68*-9-41)/21*(-24-63--8+30*-36)--81*43*55,23+-11-13/(68*-9-41)/21*(-24-63--8+30*-36)--81*43*55,True
(-37+17/-92--63--84-73*79)+-46/31/76/(-75*21/-79+81--44),(-37+17/-92--63--84-73*79)+-46/31/76/(-75*21/-79+81--44),False
-83*-90--61/-37--68*-3-60/(29*-13/39+-67*77/(22*77--29)),-83*-90--61/-37--68*-3-60/(29*-13/39+-67*77/(22*77--29)),True
62+(93/-93--45*32)-6--62/-41+-54--65--51*81*-15+-49*(-14),62+(93/-93--45*32)-6--62/-41+-54--65--51*81*-15+-49*(-14),True
50+(-73*-99-51)*89--80+-78/-63/14-1*(-5+-90/(-84+-85--25)),50+(-73*-99-51)*89--80+-78/-63/14-1*(-5+-90/(-84+-85--25)),False
-77/91/-36*37+-20*-97*-34/(-31+-97+28)-27*-54+-23*87/(-59),-77/91/-36*37+-20*-97*-34/(-31+-97+28)-27*-54+-23*87/(-59),True
-10-99-55/93--33+-95*-55-11/-89--45-(-98+-88+67)*3/27,-10-99-55/93--33+-95*-55-11/-89--45-(-98+-88+67)*3/27,False
40/(-90/-67-7)*-71/9*69-31+25/71*97*14+-57--66/43,40/(-90/-67-7)*-71/9*69-31+25/71*97*14+-57--66/43,False
77/-1/54/50/62+-14/(94*95-85+64)/-9-(37-8*5/21),77/-1/54/50/62+-14/(94*95-85+64)/-9-(37-8*5/21),True
87/(85+54+(69-(-24/-54)/21)-(-71/(89+-20*50-(73*-98/(42*(34)))))),87/(85+54+(69-(-24/-54)/21)-(-71/(89+-20*50-(73*-98/(42*(34)))))),False
84*31-(36-59+(76*50--18)--10/(7*75--11/61*-71+84*-74)),84*31-(36-59+(76*50--18)--10/(7*75--11/61*-71+84*-74)),False
-26*68+-15+85+(43+-25)/(-72-(97/90/(7/62--19)+-38-8/-55)),-26*68+-15+85+(43+-25)/(-72-(97/90/(7/62--19)+-38-8/-55)),True
-86-80*-46*96*(44*48--91*47/42--71*27+-18+53/97*-8),-86-80*-46*96*(44*48--91*47/42--71*27+-18+53/97*-8),True
39--38/-13/68*41-4/54/-59+16--84/(83--92/(-48/20)+59),39--38/-13/68*41-4/54/-59+16--84/(83--92/(-48/20)+59),False
-56*47-37--22+6/-20/67-(23+(60+(-74*82-67)+-28*-4)+-52),-56*47-37--22+6/-20/67-(23+(60+(-74*82-67)+-28*-4)+-52),False
-84-88+-37/-44/-65*-15+97/-14--27--74*(-56/88/-37*36-34),-84-88+-37/-44/-65*-15+97/-14--27--74*(-56/88/-37*36-34),False
37/66+-5+-63-19*-93/-93*-89/-91*91-(92+-77+-64*-13/24),37/66+-5+-63-19*-93/-93*-89/-91*91-(92+-77+-64*-13/24),False
(77*89*30+-48+85/(12/-85/65)-76+3+-98--7/-35+45/-30),(77*89*30+-48+85/(12/-85/65)-76+3+-98--7/-35+45/-30),False
(51-55--90*-25*97--19+-55*-37/51--20*-84/82*-37+-24/(87)),(51-55--90*-25*97--19+-55*-37/51--20*-84/82*-37+-24/(87)),True
70--45*42/77+-93*42*35+-1+20+-87+-82/-81+-33--91-57,70--45*42/77+-93*42*35+-1+20+-87+-82/-81+-33--91-57,True
-59*13*82/59+-18/-29/10*4*-3/-26/-5*82/-22/-7*(-19),-59*13*82/59+-18/-29/10*4*-3/-26/-5*82/-22/-7*(-19),True
-25-1-33+8+(-36-71)+-6*(53/(-85*-30)*41+-32*-68*9)-(-48),-25-1-33+8+(-36-71)+-6*(53/(-85*-30)*41+-32*-68*9)-(-48),False
99+41+30/-13*-44/-27--84/-57--83-98/30*31+-60/2/-60,99+41+30/-13*-44/-27--84/-57--83-98/30*31+-60/2/-60,False
48/99--14/36*28-85*47+-18+-76/27-25-2+69-95*-49,48/99--14/36*28-85*47+-18+-76/27-25-2+69-95*-49,True
-28--9+-35-(-33--21--37*(79*(-44--61--70*10)/27*83+-32/-51)),-28--9+-35-(-33--21--37*(79*(-44--61--70*10)/27*83+-32/-51)),False
69--42*11*(42*68)+10+-18*-22+34+(41*-43--15/-41-(7+-72)),69--42*11*(42*68)+10+-18*-22+34+(41*-43--15/-41-(7+-72)),True
-20-60/-59--76/43+(5*-98*49-(-40/91+-16/(-5/(-31*44)/43))),-20-60/-59--76/43+(5*-98*49-(-40/91+-16/(-5/(-31*44)/43))),False
-52--46*-58--48-13--20-82-5+(-97*(-69--13-12--13+48-7)),-52--46*-58--48-13--20-82-5+(-97*(-69--13-12--13+48-7)),True
(45-97+-46-39)-45/(91/33-10+24/-58--10+-78*-77)*-87/-50,(45-97+-46-39)-45/(91/33-10+24/-58--10+-78*-77)*-87/-50,False
-13*44+(35+0-93)/72+-69*-36*(37*(-51-16+-21+-1--5/6)),-13*44+(35+0-93)/72+-69*-36*(37*(-51-16+-21+-1--5/6)),False
(19/-65/(-70/66/-80+43+92-35/10*-14+-83/-5/74+-73*-96)),(19/-65/(-70/66/-80+43+92-35/10*-14+-83/-5/74+-73*-96)),True
-3/94*55--42+-64+-62+49*-95/86/45*-52+44+(-92-97)*-47,-3/94*55--42+-64+-62+49*-95/86/45*-52+44+(-92-97)*-47,False
(-10/24)*4*-100/70--84/-30-23/86*-8*-8*22--16+92/33,(-10/24)*4*-100/70--84/-30-23/86*-8*-8*22--16+92/33,False
8--77-32+-70-(-55*60+59+80*-100/4)/-77+-89/(98/(-44--78)),8--77-32+-70-(-55*60+59+80*-100/4)/-77+-89/(98/(-44--78)),True
-57*-38-(98/44)+(14*-37*-71+3-0)--32*-14+89-97-57/-45,-57*-38-(98/44)+(14*-37*-71+3-0)--32*-14+89-97-57/-45,False
60-(5*-61+15/29/-7-(-77/69+(-68+56)+(59*(41/84*(14+-84))))),60-(5*-61+15/29/-7-(-77/69+(-68+56)+(59*(41/84*(14+-84))))),True
4/-57-(-26+(-96*-92/25*(13*-77)*(75-85*-19)*-13)+95*(-68/(92))),4/-57-(-26+(-96*-92/25*(13*-77)*(75-85*-19)*-13)+95*(-68/(92))),True
-40*4/(6--69/-49+70+(92*-18*-36*33/83*-98+60*39)--39),-40*4/(6--69/-49+70+(92*-18*-36*33/83*-98+60*39)--39),False
93*69*31/84+-59+-92+21*14--68--36-15*2*-67-17+69,93*69*31/84+-59+-92+21*14--68--36-15*2*-67-17+69,True
(-69-11-(22/-30--74*59/-53--56--89+(80/-89+8*49/-3-(19)))),(-69-11-(22/-30--74*59/-53--56--89+(80/-89+8*49/-3-(19)))),True
(45--99)-(-26*11)--14/-77+41-3+(48-7/29-44*-66/30+-11),(45--99)-(-26*11)--14/-77+41-3+(48-7/29-44*-66/30+-11),False
(-21--68*-90-25)+(4/(-22/-48*-16/9+-66*-86-73+-26*-92-44)),(-21--68*-90-25)+(4/(-22/-48*-16/9+-66*-86-73+-26*-92-44)),False
6/61+98/-7--47*-77+-7*26/13+-64+5+57+(-50+28/-47),6/61+98/-7--47*-77+-7*26/13+-64+5+57+(-50+28/-47),True
-36+-67-77/(-91/21*4*21+-25/-41-28+-7*77/-81*-14+-57),-36+-67-77/(-91/21*4*21+-25/-41-28+-7*77/-81*-14+-57),False
(45+(61*-36--44-14*25-70*-39-46/(-20--72-65)-(-15-98+-45))),(45+(61*-36--44-14*25-70*-39-46/(-20--72-65)-(-15-98+-45))),False
-68*1*72/-31/(-11--6)+(99+-7*82-50-41/-64*13+6+-11),-68*1*72/-31/(-11--6)+(99+-7*82-50-41/-64*13+6+-11),True
-1*75*42--66-37-84-(-53*25+-79/(-36-13--3+10+-13+44)),-1*75*42--66-37-84-(-53*25+-79/(-36-13--3+10+-13+44)),False
-61/-53-35/91/-39/-58-59/20-(-35/-16)*-28/-71+-88+-97/47,-61/-53-35/91/-39/-58-59/20-(-35/-16)*-28/-71+-88+-97/47,True
-1+-55/(-88*(41-46*(-80/(8-15)*-89/69+79/(-56*26--67/87)))),-1+-55/(-88*(41-46*(-80/(8-15)*-89/69+79/(-56*26--67/87)))),False
54*-23*6--64/-82*-68-(-65/-9+94--11/16)/10+(-32--46/-66),54*-23*6--64/-82*-68-(-65/-9+94--11/16)/10+(-32--46/-66),True
4-20*18*-3*(-36*22+40)/4+24-45--25*88+-41*-54*4,4-20*18*-3*(-36*22+40)/4+24-45--25*88+-41*-54*4,False
(-51+79*98+73-(29/-29)*38*-11*-47+13--63-26/-51)/49+-73,(-51+79*98+73-(29/-29)*38*-11*-47+13--63-26/-51)/49+-73,True
-94*-78/(-3*3-(-6*(86+18/16*-30/59--73)/(78/(34+(98/21))))),-94*-78/(-3*3-(-6*(86+18/16*-30/59--73)/(78/(34+(98/21))))),False
(71*(-56/46)+72+-92*40)+(-38*42+-46)*27-12/60--18/59/-30,(71*(-56/46)+72+-92*40)+(-38*42+-46)*27-12/60--18/59/-30,True
44*(-25/(-51*-58-25-26+-16/96-40*-73-(-64+77+11*16)/83)),44*(-25/(-51*-58-25-26+-16/96-40*-73-(-64+77+11*16)/83)),False
93+-40/-92-(18/-41)*-85*-55-20--90*81+-18*64/(-61-75+-94),93+-40/-92-(18/-41)*-85*-55-20--90*81+-18*64/(-61-75+-94),False
23/-5*3+-32*1*-32*-47*83+40*81/(64/-61-40)*-67+-59,23/-5*3+-32*1*-32*-47*83+40*81/(64/-61-40)*-67+-59,True
(40--35)+(77*30)*-88/(-72--95-82-(-65--74/26--79)--69)-24*-71,(40--35)+(77*30)*-88/(-72--95-82-(-65--74/26--79)--69)-24*-71,True
56--96-55/-4-89--28*18-91*-13+-10/-40*(68+-80/-59*-77),56--96-55/-4-89--28*18-91*-13+-10/-40*(68+-80/-59*-77),False
-92*4+46/46+(74*-20/-12-69*10-(-71*-88+49)+-61/14-99),-92*4+46/46+(74*-20/-12-69*10-(-71*-88+49)+-61/14-99),False
(32+-21-(-8/89)--76-56*(17-91)/55*-53--62*-9/-11*59/79),(32+-21-(-8/89)--76-56*(17-91)/55*-53--62*-9/-11*59/79),True
76*(-23*-64/35+80)--50-41*-24*56-66/55*46+92/93*54,76*(-23*-64/35+80)--50-41*-24*56-66/55*46+92/93*54,True
-68*61*79+-70+13+-23+-51*-52-(-73/35+31)--34*(-11-(-19*3)),-68*61*79+-70+13+-23+-51*-52-(-73/35+31)--34*(-11-(-19*3)),True
93+-68-11+56*(96/-68)/-75-81/44+39-(-34-(50+89)+-30*-50),93+-68-11+56*(96/-68)/-75-81/44+39-(-34-(50+89)+-30*-50),False
-74*-94/-85*-11+54*-82-(-25*55*37)/-83+97/(65/(11*30+(-70))),-74*-94/-85*-11+54*-82-(-25*55*37)/-83+97/(65/(11*30+(-70))),False
92/64/68/36/-8--75-(-88-98*-51-(-25*35/-32-64*(76--38))),92/64/68/36/-8--75-(-88-98*-51-(-25*35/-32-64*(76--38))),True
2+72--39/-67-3/29*(-60/19*76)/-52/(81*6*5--52--4),2+72--39/-67-3/29*(-60/19*76)/-52/(81*6*5--52--4),False
22-87*-19*-37*(19+-77*58-(-39*(99+-85/(-63+(-61/(29-1/-93)))))),22-87*-19*-37*(19+-77*58-(-39*(99+-85/(-63+(-61/(29-1/-93)))))),False
(-52--53*(97*11*-29+-38-79)*-27)*83--88*2*17+45*18*(-3),(-52--53*(97*11*-29+-38-79)*-27)*83--88*2*17+45*18*(-3),False
-30--48+70/51*-65+70+-3-35*-10+-21+5*-9--48+0+-92,-30--48+70/51*-65+70+-3-35*-10+-21+5*-9--48+0+-92,False
-99*44/-62+6/36/60+69*9/31+-8/-4/53+83+16*7,-99*44/-62+6/36/60+69*9/31+-8/-4/53+83+16*7,False
-77--28*3+-30+11/-49/83/28/-4/66*-99+-100+-31-(-25+-84),-77--28*3+-30+11/-49/83/28/-4/66*-99+-100+-31-(-25+-84),True
42--8/(60--3/13/(84*56+-42--96/(-89+-90+56--64*(-36--22)))),42--8/(60--3/13/(84*56+-42--96/(-89+-90+56--64*(-36--22)))),False
-86/13*-9*33*-34*43+26*-94/-75+16-(3*-7*-10*-34--73),-86/13*-9*33*-34*43+26*-94/-75+16-(3*-7*-10*-34--73),True
21/16--72-52/71*(54--33-6)+(6/49+-16)*75/(48/-1*-47),21/16--72-52/71*(54--33-6)+(6/49+-16)*75/(48/-1*-47),False
81*-87+89/(-48*96)*-57*-28/74--75*-55/78-38/-95+(26/-46),81*-87+89/(-48*96)*-57*-28/74--75*-55/78-38/-95+(26/-46),True
18*-41/59+24-(-71+-8)+-88+-47--11/(88--28*81*-69--88)/-48,18*-41/59+24-(-71+-8)+-88+-47--11/(88--28*81*-69--88)/-48,True
98--62+(29*-29*68/-84)/53-(-79*-14/5-24-90/13/-21/62),98--62+(29*-29*68/-84)/53-(-79*-14/5-24-90/13/-21/62),True
-1+(81/45+40-(2-(47+-34)-18*78)*14-49--22--18)*92*(97),-1+(81/45+40-(2-(47+-34)-18*78)*14-49--22--18)*92*(97),True
17*-13+-53-68+-75-44/-30*17*32/(-89*88-(-91+-21)*91/6),17*-13+-53-68+-75-44/-30*17*32/(-89*88-(-91+-21)*91/6),False
79*-41-73-41*-76+(-26*47*70-99)-13/-6+60*95+(-95-4),79*-41-73-41*-76+(-26*47*70-99)-13/-6+60*95+(-95-4),True
-79-78/-84+34*-35+58/-74+-48+52*(-36-(90*(-91/-88--52/(-33)))),-79-78/-84+34*-35+58/-74+-48+52*(-36-(90*(-91/-88--52/(-33)))),False
(23+(4+-74)+(-74--79)*-75*-62--67)/-87+30*10+(-38/(32*2)+12),(23+(4+-74)+(-74--79)*-75*-62--67)/-87+30*10+(-38/(32*2)+12),True
(1/(-14*35+(82+(46*-45/-93)-91--7/(66+-77)+-81*-54)*(-24-33))),(1/(-14*35+(82+(46*-45/-93)-91--7/(66+-77)+-81*-54)*(-24-33))),True
90*20-32*23*53/2/-25+(37-(61*47/12*(-12*-45)/-67+-89)),90*20-32*23*53/2/-25+(37-(61*47/12*(-12*-45)/-67+-89)),False
74/72-56*17+29/43/26*25+30+-84*18-64/-14--2+-77,74/72-56*17+29/43/26*25+30+-84*18-64/-14--2+-77,False
-69+-50/-85-36+35*-91+-86-1+(-32/(28-42+44*51*(-55/83))),-69+-50/-85-36+35*-91+-86-1+(-32/(28-42+44*51*(-55/83))),False
65/70*32*-48-54--80*-40+67/90/10+1-(29+(-97/-38/(-3))),65/70*32*-48-54--80*-40+67/90/10+1-(29+(-97/-38/(-3))),False
-43+-92+-78+-34*1*4/-60*70/93+(-59/-58*-80*-51*(33+65)),-43+-92+-78+-34*1*4/-60*70/93+(-59/-58*-80*-51*(33+65)),False
-36--96*-14--86/73+90-5*-78+-1*-83+73*-37-14*(-33*(-42)),-36--96*-14--86/73+90-5*-78+-1*-83+73*-37-14*(-33*(-42)),False
2+-91+-45+62*85*(-33/-14*27*(27+88*(78+62)/-61/3*12)),2+-91+-45+62*85*(-33/-14*27*(27+88*(78+62)/-61/3*12)),False
(-61/-33*22+47)+-44/92+66/(68-79*81-(-82-(86*70+(-34/90)))),(-61/-33*22+47)+-44/92+66/(68-79*81-(-82-(86*70+(-34/90)))),True
-50-(-28+76*20*(-22/-37/60-72-18/-86-5+71*-23/4+-99)),-50-(-28+76*20*(-22/-37/60-72-18/-86-5+71*-23/4+-99)),True
(12*(-85+-44+-36+48/-92-1--58/39/67--21*-17)/90*76*62),(12*(-85+-44+-36+48/-92-1--58/39/67--21*-17)/90*76*62),False
(-31-86/(33+(-88*16)--41-31+-76-37)*(-42*-23+95+(26/45+-13))),(-31-86/(33+(-88*16)--41-31+-76-37)*(-42*-23+95+(26/45+-13))),False
-78/16*91-24/95/-36+-57*44+64/69-74*-72-78-(-90+91),-78/16*91-24/95/-36+-57*44+64/69-74*-72-78-(-90+91),False
24*1*68*(58+(95-79)--7)--32-43/84-77+70/83/-24*-18,24*1*68*(58+(95-79)--7)--32-43/84-77+70/83/-24*-18,False
77/-60-(-5-40)*88-37*(-52*(-94/-50/91*-2)+0-(20-(56-87))),77/-60-(-5-40)*88-37*(-52*(-94/-50/91*-2)+0-(20-(56-87))),False
-67*-14/56*39+-53+-15*81+-11*-86*90--87*-5*18+27+(90),-67*-14/56*39+-53+-15*81+-11*-86*90--87*-5*18+27+(90),True
-65/-81-32*-60*(-4+(27*-72--6)+48*-29+16/-4+-97)/(95/(-71)),-65/-81-32*-60*(-4+(27*-72--6)+48*-29+16/-4+-97)/(95/(-71)),False
35*(79+(-23*80/26*(-8*96/36--90+12+-58--59*7+-31/19))),35*(79+(-23*80/26*(-8*96/36--90+12+-58--59*7+-31/19))),False
-27+-18+91/-40--26/-59+(-2+-17)*-86+(49--72/-32/-59*64--95),-27+-18+91/-40--26/-59+(-2+-17)*-86+(49--72/-32/-59*64--95),True
8+-21-20+-28--31--61--7*-76*-76/-62/65+-5+-34+32*44,8+-21-20+-28--31--61--7*-76*-76/-62/65+-5+-34+32*44,True
(65*(99/32--70*(-33--80*-40--6*-1/-26)/-16/(-50+23)--80+60)),(65*(99/32--70*(-33--80*-40--6*-1/-26)/-16/(-50+23)--80+60)),False
95+47-(57*(-82/(15-35)/89*34/-19/-60/-17*2/14+77)/-74),95+47-(57*(-82/(15-35)/89*34/-19/-60/-17*2/14+77)/-74),False
-6-0*-55/-95/(-81*-8--24-14*48+84-13)*28+28--89*19,-6-0*-55/-95/(-81*-8--24-14*48+84-13)*28+28--89*19,True
-82*-4/-28/21+-46*10+55/97*-78/(-4*-24/63)--25+(-52+88),-82*-4/-28/21+-46*10+55/97*-78/(-4*-24/63)--25+(-52+88),True
(27+81)*20/-82--73/-76/-80/-15/(79*58*-49+16-11/-93/92),(27+81)*20/-82--73/-76/-80/-15/(79*58*-49+16-11/-93/92),False
75*75+36*-44*-92/-47+95--1*-4+56-(-72+50-34)*25*90,75*75+36*-44*-92/-47+95--1*-4+56-(-72+50-34)*25*90,True
(-93+1+-14)/-17/-60*39--30/(-90/61-96--62-(61*31*(53/-97))),(-93+1+-14)/-17/-60*39--30/(-90/61-96--62-(61*31*(53/-97))),False
81/42/(6/81/-55--13--15+51)--6+(35/-66--33/35)-55/96,81/42/(6/81/-55--13--15+51)--6+(35/-66--33/35)-55/96,True
(-46+(-29/43)+30-16--88-(71/-55)+-41)--54/8--88-11/3*-28,(-46+(-29/43)+30-16--88-(71/-55)+-41)--54/8--88-11/3*-28,True
-12*73-(-55--46--32--89)+-99*-24+-85*-58-33+-75*-42/16--26,-12*73-(-55--46--32--89)+-99*-24+-85*-58-33+-75*-42/16--26,True
-41/-19*89/3+6+55*51*-11*-67--54-(84--84*54)/-94-88,-41/-19*89/3+6+55*51*-11*-67--54-(84--84*54)/-94-88,False
-100*43/(92+46+(-77*51/(-96*-16--75*-55/-19*-98/-8-(39/(83))))),-100*43/(92+46+(-77*51/(-96*-16--75*-55/-19*-98/-8-(39/(83))))),True
56*(2--75)/81/-3*62/-98/31+87*18/(-74-(83-6*22/92)),56*(2--75)/81/-3*62/-98/31+87*18/(-74-(83-6*22/92)),True
-37+13--69+-70+(-24+20)*22*16*61*(43*-9--62+-77)+-3/-3,-37+13--69+-70+(-24+20)*22*16*61*(43*-9--62+-77)+-3/-3,True
-21+-69--77+-50+34+-16-99+56/-46+(-79*80-(14--22/(-38--56))),-21+-69--77+-50+34+-16-99+56/-46+(-79*80-(14--22/(-38--56))),True
-2/-9*-58-78/57*-64-20+-31-52/93+-66/93+57/-47--100,-2/-9*-58-78/57*-64-20+-31-52/93+-66/93+57/-47--100,False
4*28/17-35*(48/-55*(33--19/26)-6/-9-44/-97*59)/(46),4*28/17-35*(48/-55*(33--19/26)-6/-9-44/-97*59)/(46),True
(-74*-80-97/(-47/-3+-69-36*56--64/-45)/61*92/90)*86/15,(-74*-80-97/(-47/-3+-69-36*56--64/-45)/61*92/90)*86/15,True
(4/-95*(-55-5-73+8--47)/-92/-41*-31/63+0)+17--27--93,(4/-95*(-55-5-73+8--47)/-92/-41*-31/63+0)+17--27--93,True
45*-60*-62*12/-69+6/(46+43*46/69+(-99/(53-5/71/90))),45*-60*-62*12/-69+6/(46+43*46/69+(-99/(53-5/71/90))),True
33-86-(60/49*70+-27*25*0*27*15*-51+19-10+-95*62),33-86-(60/49*70+-27*25*0*27*15*-51+19-10+-95*62),False
-19/-18/-14+-37*88/(-52*-59/-66)*54/43*-65--77-40/-5*-77,-19/-18/-14+-37*88/(-52*-59/-66)*54/43*-65--77-40/-5*-77,False
-5*8+5+-19/81/98-(-97/(-80*-93*(12*47)/(81*28/49*17))),-5*8+5+-19/81/98-(-97/(-80*-93*(12*47)/(81*28/49*17))),False
(-11/6+83--41+-3/-22+27+-68*(-97+-24-42*82*(12*72)+-26)),(-11/6+83--41+-3/-22+27+-68*(-97+-24-42*82*(12*72)+-26)),False
-29*-69-24*-4/12+81*85/69--95+(95/95)+-28/97+-78*-62,-29*-69-24*-4/12+81*85/69--95+(95/95)+-28/97+-78*-62,False
-86-(42+-9)-26+98/-51*(-32*-66*82-88)*66-27*(-57+37)-(79),-86-(42+-9)-26+98/-51*(-32*-66*82-88)*66-27*(-57+37)-(79),False
(-23*93/-21)*-15+-81+21+-79/24*-11+(-76/-6+99-(99/(5/-99))),(-23*93/-21)*-15+-81+21+-79/24*-11+(-76/-6+99-(99/(5/-99))),False
77/-71-(68/91+(93*-62/-3)/86*-40-81-54--1)/51-34+-1,77/-71-(68/91+(93*-62/-3)/86*-40-81-54--1)/51-34+-1,True
-89+13+-72*-57*72*74*(51-(91/99+7)+(11--99/46)+-18-90),-89+13+-72*-57*72*74*(51-(91/99+7)+(11--99/46)+-18-90),True
0+(-78*-70*39--55)*20/26+-55+-70/-5*-55/96+3+25/5,0+(-78*-70*39--55)*20/26+-55+-70/-5*-55/96+3+25/5,True
95--63--84*97+-67+70+47/(37*-75--89+-43)+-94+-23*91*52,95--63--84*97+-67+70+47/(37*-75--89+-43)+-94+-23*91*52,False
59/-80*70/(-24-38*61)/-92+-19+1/2-(-16-71)+(30*4*17),59/-80*70/(-24-38*61)/-92+-19+1/2-(-16-71)+(30*4*17),True
(-11+-12/(31-(-89-74*(35+-73+-100)/(-79*9-3--60/38*-17/-34)))),(-11+-12/(31-(-89-74*(35+-73+-100)/(-79*9-3--60/38*-17/-34)))),False
73*66+62+12*(37-97+43--81+35+(84/-98*18--64-40+-89)),73*66+62+12*(37-97+43--81+35+(84/-98*18--64-40+-89)),False
(65*56-69*(-75+2--97)+-80*-13/-4+71)/-78/-66+79*-58*95,(65*56-69*(-75+2--97)+-80*-13/-4+71)/-78/-66+79*-58*95,True
-70+-50*-10*9--46/-30/14-53+88/80/-49--96/-85*75*88,-70+-50*-10*9--46/-30/14-53+88/80/-49--96/-85*75*88,True
-64-(19/-94)*90/43*-81*52*98+48/(7/37*31/4-(-75*14)),-64-(19/-94)*90/43*-81*52*98+48/(7/37*31/4-(-75*14)),True
88--94+-3-23*-22--57-42/38*-90/-87*5*8*92-40--35,88--94+-3-23*-22--57-42/38*-90/-87*5*8*92-40--35,True
-90+-34*-37+(-58-69+31/85+42--15-(-50+-81/54)*-69)*-55+-92,-90+-34*-37+(-58-69+31/85+42--15-(-50+-81/54)*-69)*-55+-92,True
(70/-51)*99-9-52-42+91*3+-30+-51-50*-94*-49/-82/81,(70/-51)*99-9-52-42+91*3+-30+-51-50*-94*-49/-82/81,False
26/(-79/98--37+85/82*(-99*55*-24/46/70*(-70+-89/-35/-92))),26/(-79/98--37+85/82*(-99*55*-24/46/70*(-70+-89/-35/-92))),False
-67/(53*37)--4-27*81+92*(-57*61--51/-52*-62-25+82/-51),-67/(53*37)--4-27*81+92*(-57*61--51/-52*-62-25+82/-51),True
(-92*55/18/-27*(46+-76/(70/1+-79*45)--46)/(-97*39--14)*-7),(-92*55/18/-27*(46+-76/(70/1+-79*45)--46)/(-97*39--14)*-7),True
-38*57-(86/(30+(74--78*76/43-53--80--44+36-42*-51/73))),-38*57-(86/(30+(74--78*76/43-53--80--44+36-42*-51/73))),True
9-(33+-76*3+80-76/-15+10)/-6-(-84*4*(-65-25)*-34/-4),9-(33+-76*3+80-76/-15+10)/-6-(-84*4*(-65-25)*-34/-4),False
13*14-34/12-38/-38+-13/51--89/56/99*(-61+35--46/-8),13*14-34/12-38/-38+-13/51--89/56/99*(-61+35--46/-8),False
(-22+49+-68-45)-7*18+26/-97--58*-80/-32+13*66*74-67,(-22+49+-68-45)-7*18+26/-97--58*-80/-32+13*66*74-67,False
64--49/-8-82/62+38--66*-56-35--45-(3+9-50)*-21/(-72),64--49/-8-82/62+38--66*-56-35--45-(3+9-50)*-21/(-72),False
-21/-72*(37+-75-13--63-57-(-22/3-(-85*(-16+-8)--97*57*-27))),-21/-72*(37+-75-13--63-57-(-22/3-(-85*(-16+-8)--97*57*-27))),False
(86-97-(-42/19*-1+4/-19/-68*64/-29*-99+89/94*9--41)),(86-97-(-42/19*-1+4/-19/-68*64/-29*-99+89/94*9--41)),False
-65*81/64-97*(-19*82--1*39+-11+23)--62*7+-49*-10--82,-65*81/64-97*(-19*82--1*39+-11+23)--62*7+-49*-10--82,False
(46+-55-(50+20-84*-58/80+-25+23+33+89-67+94*66/72)),(46+-55-(50+20-84*-58/80+-25+23+33+89-67+94*66/72)),False
-98--19-35--8/-78--92+(-59-(-39/98/88*(-14*-25-11*61+-6))),-98--19-35--8/-78--92+(-59-(-39/98/88*(-14*-25-11*61+-6))),False
-18+95--30/81/-99-76*99/15-31--29/-27/85-93+37--45,-18+95--30/81/-99-76*99/15-31--29/-27/85-93+37--45,True
-55*12/(15-69-72*-68--51*(-45*36*92--73)*95+84/-16)--79,-55*12/(15-69-72*-68--51*(-45*36*92--73)*95+84/-16)--79,False
-20/10-(-79--51/98-93+(-100*-11)/-87)+90+40-82-(-65*60)/9,-20/10-(-79--51/98-93+(-100*-11)/-87)+90+40-82-(-65*60)/9,True
25*(36--99+80/47)/14+-82-16*-73+-72/93--29/(-97/-24+(-86)),25*(36--99+80/47)/14+-82-16*-73+-72/93--29/(-97/-24+(-86)),True
-6+88/-14--74/-17-82/59/-32/17/19-84/78--93/13-70,-6+88/-14--74/-17-82/59/-32/17/19-84/78--93/13-70,False
-98/39*-27/(-42/-98+-89*79-30/-23+50*24*7--26+81/-77),-98/39*-27/(-42/-98+-89*79-30/-23+50*24*7--26+81/-77),True
69-82/-73--1+-84-29--86/(21+15--36*(65*(60+63-(-53/-44)))),69-82/-73--1+-84-29--86/(21+15--36*(65*(60+63-(-53/-44)))),True
23--52+54--45*55/-89/69-69-28/(-58/-82+-92)+23-71--62,23--52+54--45*55/-89/69-69-28/(-58/-82+-92)+23-71--62,False
96*-62+-48-66/-74-63*-12*50/61-(64+31-9/58)*38-30,96*-62+-48-66/-74-63*-12*50/61-(64+31-9/58)*38-30,False
(-60*(87-14-(85/63-(-98*25-81*(32/39/-83/-12*4/52*62))))),(-60*(87-14-(85/63-(-98*25-81*(32/39/-83/-12*4/52*62))))),True
-66*97+-17/88-36-86--34/-11*(55*78/47)-(17+72)*-2-6,-66*97+-17/88-36-86--34/-11*(55*78/47)-(17+72)*-2-6,False
-47+-60/11-(69/-13--33+(-85/93*52+68)/-73)*68*-76+83*(9),-47+-60/11-(69/-13--33+(-85/93*52+68)/-73)*68*-76+83*(9),False
(42*83*(82/-54+-43*(44*-52*70)/56*65--98)/27+(71+20/(71))),(42*83*(82/-54+-43*(44*-52*70)/56*65--98)/27+(71+20/(71))),False
(-24+99-30)*(-29--65*(65/-88+(97/-53/(45+-77/-57+(-85/96+70))))),(-24+99-30)*(-29--65*(65/-88+(97/-53/(45+-77/-57+(-85/96+70))))),False
(41--35+-95*(-5*-63)/(-16-7+85/-9+(27+12/-89-57*(48*68)))),(41--35+-95*(-5*-63)/(-16-7+85/-9+(27+12/-89-57*(48*68)))),False
-3-(8/-2/-91*-82*52+-75+-32/-3+28/49)/(6+(83/42--42)),-3-(8/-2/-91*-82*52+-75+-32/-3+28/49)/(6+(83/42--42)),False
76+(-84-(15-(95--61+(-19*13+16+75+-72)/(77+55)/(-60/-90*69)))),76+(-84-(15-(95--61+(-19*13+16+75+-72)/(77+55)/(-60/-90*69)))),False
5*92-7--18/-5+-21/(-80/73--13+-50+-64--77/57/(-57/9)),5*92-7--18/-5+-21/(-80/73--13+-50+-64--77/57/(-57/9)),False
37/43*-1/-65*8/(31/(94+-13--20--56-(-37*-55/-16+-37-8))),37/43*-1/-65*8/(31/(94+-13--20--56-(-37*-55/-16+-37-8))),True
-95/21+-39/-14*17+-48-26*-4*-4*-70+93+-61+31--93*20,-95/21+-39/-14*17+-48-26*-4*-4*-70+93+-61+31--93*20,False
97--28-(-94-88+-77*60*(94/(-98-(98-74*81)+-59/(-24+-77)/15))),97--28-(-94-88+-77*60*(94/(-98-(98-74*81)+-59/(-24+-77)/15))),True
-91*38+-52/-89+(-40*-52*-98)--12-19/-45*(66-55-49)/-26-(45),-91*38+-52/-89+(-40*-52*-98)--12-19/-45*(66-55-49)/-26-(45),True
24*1--6*9+-42+67*-36/-6+37+35--64*(90+2+63+-2),24*1--6*9+-42+67*-36/-6+37+35--64*(90+2+63+-2),True
35+(45+-72-33)/94-(-50/-79-20/-25)+6/54-6/-86*0+63,35+(45+-72-33)/94-(-50/-79-20/-25)+6/54-6/-86*0+63,False
-44*97*27-63-(54*(-76*52)/-82)+-49+89-8*-28*49*-73/-85,-44*97*27-63-(54*(-76*52)/-82)+-49+89-8*-28*49*-73/-85,True
99+2-87*-31-(-61/(-28--27)/-96)+11*36--84*-66+-9*55*-56,99+2-87*-31-(-61/(-28--27)/-96)+11*36--84*-66+-9*55*-56,False
-56*-33*67/27*-50*-93-26--27/-96+-71*-47*-14+(66*-41*80),-56*-33*67/27*-50*-93-26--27/-96+-71*-47*-14+(66*-41*80),True
-8/98*53*95/(-45+-47--92+(-77+(-17*84/-91+7)+67/-57+68)),-8/98*53*95/(-45+-47--92+(-77+(-17*84/-91+7)+67/-57+68)),False
20/-6-14/-80*-97-26/60+31/16+(-81+17+28/-95*-85+-78),20/-6-14/-80*-97-26/60+31/16+(-81+17+28/-95*-85+-78),False
95*-80-(58*(48*-5*(-38+-72/-25*-98)/-45*83*62)*(79+-39)/40),95*-80-(58*(48*-5*(-38+-72/-25*-98)/-45*83*62)*(79+-39)/40),True
29-78*-76*42--27/53--55/(-80/-100)/-1*77--78-(66-(-8+-56)),29-78*-76*42--27/53--55/(-80/-100)/-1*77--78-(66-(-8+-56)),True
-25*96/(-67--11+-9/-59*28*82+-99-(41/-48--52/59/97/-97)),-25*96/(-67--11+-9/-59*28*82+-99-(41/-48--52/59/97/-97)),True
-75/71*(62+66)--97-(-31-73+-39--51*44)+0-10/30*83/90,-75/71*(62+66)--97-(-31-73+-39--51*44)+0-10/30*83/90,False
-49+39+60/-85-32+-97/-70*(56+-13+13/18-(57*-66-(-44/(83)))),-49+39+60/-85-32+-97/-70*(56+-13+13/18-(57*-66-(-44/(83)))),False
18*71*-45*-77/-86*88*26--28/50/-87*-73*-42*13-(14/27),18*71*-45*-77/-86*88*26--28/50/-87*-73*-42*13-(14/27),False
-86-(-10*40/-80-93*-54--28)/-98*75+(59*-88-74*-45*(52-78)),-86-(-10*40/-80-93*-54--28)/-98*75+(59*-88-74*-45*(52-78)),False
-17+99*(26*83)/59-18+(-99/52/49+-70)+46+12-34*11--91,-17+99*(26*83)/59-18+(-99/52/49+-70)+46+12-34*11--91,False
97/(-40/(76-(-96*-14+5-60)--54*-71*-49/(-39*13*-52--31--2))),97/(-40/(76-(-96*-14+5-60)--54*-71*-49/(-39*13*-52--31--2))),True
(-21-(55*35+-70+-65/-3-26/-78--94)+-64*13+90+-12/(36*-50)),(-21-(55*35+-70+-65/-3-26/-78--94)+-64*13+90+-12/(36*-50)),False
78/-61-(66+-31*-46*-81+73)/-90*23/93+-23--23+-12+-61*(-25),78/-61-(66+-31*-46*-81+73)/-90*23/93+-23--23+-12+-61*(-25),True
-81+77-34+46+(-26*(-39+76)--49+40*-55/-99-23)-43*-97--52,-81+77-34+46+(-26*(-39+76)--49+40*-55/-99-23)-43*-97--52,False
-42*-50*(-36/-70*(-18*(-62+-40*-75)+-74/(88/-73/48/(-85+(20/-70))))),-42*-50*(-36/-70*(-18*(-62+-40*-75)+-74/(88/-73/48/(-85+(20/-70))))),True
-58/-40+-14*-14/19/86/-56/(-10+22--19)/-11/-94/2+84+72,-58/-40+-14*-14/19/86/-56/(-10+22--19)/-11/-94/2+84+72,True
-83--94*(-72+63)+86+-99+-92*-14/-70-27*97-78/(-58/-93/(-48)),-83--94*(-72+63)+86+-99+-92*-14/-70-27*97-78/(-58/-93/(-48)),True
-30-(-36/-90/-22*65)/49+-67/-48--70+-66+-86+25-32/-72-55,-30-(-36/-90/-22*65)/49+-67/-48--70+-66+-86+25-32/-72-55,True
67*-48*-68+26+-60+98--65/98/-99-27*-40+-76+-48-(-64/-58),67*-48*-68+26+-60+98--65/98/-99-27*-40+-76+-48-(-64/-58),True
75+55+21*-92-33+90*66*-81/(5/64-7-81*-65)/68/(-34),75+55+21*-92-33+90*66*-81/(5/64-7-81*-65)/68/(-34),False
(-68-99)+88+80*79*34*(-68/(-80-44*54)--67*53*2+75+(19)),(-68-99)+88+80*79*34*(-68/(-80-44*54)--67*53*2+75+(19)),False
16*-2-78-44/-18--7*-47--78+22/-84-(55*90)--2/-7/-91,16*-2-78-44/-18--7*-47--78+22/-84-(55*90)--2/-7/-91,False
-57*-39-7-57*77*-59-44/(-20+(63*(21-34/55-(40-65-63)))),-57*-39-7-57*77*-59-44/(-20+(63*(21-34/55-(40-65-63)))),True
5+12+-2/(-61--3+(-11*-85/-18)+-97+58/-79)*-43/32/-75*-34,5+12+-2/(-61--3+(-11*-85/-18)+-97+58/-79)*-43/32/-75*-34,False
2-50/-100*(97*57-3-8*(49-66+-27-2)/94/(89*-62+21)),2-50/-100*(97*57-3-8*(49-66+-27-2)/94/(89*-62+21)),True
-22+-63*(13-47-62)--56/-68*36*-35*94*46-(-54*-1+-73-(-33)),-22+-63*(13-47-62)--56/-68*36*-35*94*46-(-54*-1+-73-(-33)),False
-61--96/55/(-100-92*12+56-(-54/-5)*23+75*-83/(-81--41)+39),-61--96/55/(-100-92*12+56-(-54/-5)*23+75*-83/(-81--41)+39),True
-8/-78*-44*93+59+76*92-(82*(54+(-46-79)-(-52+61--80+9))),-8/-78*-44*93+59+76*92-(82*(54+(-46-79)-(-52+61--80+9))),False
97/-8/-58+-24/-100*-40+-75+-11+-97--84--28-72--82*-56*-27,97/-8/-58+-24/-100*-40+-75+-11+-97--84--28-72--82*-56*-27,True
15-12+-82--48+(67*7*-34--6+66--2--52)-29/25*53+(50),15-12+-82--48+(67*7*-34--6+66--2--52)-29/25*53+(50),False
-85*58/5-95*5+5*-11/12/-52*67/-32*-2+28*-9/10,-85*58/5-95*5+5*-11/12/-52*67/-32*-2+28*-9/10,False
20*73+-89/5+(-84-64+92+-73+-28+(1+-11+-67/-47+-28*82)),20*73+-89/5+(-84-64+92+-73+-28+(1+-11+-67/-47+-28*82)),True
43--97*29+-25--41*-30+(70*45)-64+71*-8+-89+-87/-79/(-6),43--97*29+-25--41*-30+(70*45)-64+71*-8+-89+-87/-79/(-6),True
78*-22/92+-68+-52+91/-27/(-28/(-75-65+63/78-76-77-57)),78*-22/92+-68+-52+91/-27/(-28/(-75-65+63/78-76-77-57)),True
-34*-74/45-(-99--65*-69--30*-44-37-42)--50*-4*-55-43/-63,-34*-74/45-(-99--65*-69--30*-44-37-42)--50*-4*-55-43/-63,False
12/85+(-79/(-72*(75+86)-(7*(-76+58--65*-49-(-46/3+(78*-98)))))),12/85+(-79/(-72*(75+86)-(7*(-76+58--65*-49-(-46/3+(78*-98)))))),True
-14/17*(-17/74*(-63*58+-33*-50+37+49)+-22+77+(-99/3/-83)),-14/17*(-17/74*(-63*58+-33*-50+37+49)+-22+77+(-99/3/-83)),False
65/9/(-5/61/-73*(-79+-5--100/32--68--58+62*78*-15)/19),65/9/(-5/61/-73*(-79+-5--100/32--68--58+62*78*-15)/19),False
-42/-25*-75-59*(0--11+12/(83-70-61/-30*(11*22/-11-14))),-42/-25*-75-59*(0--11+12/(83-70-61/-30*(11*22/-11-14))),True
-23*54*-73/-55*62/-75+-59/-90-30*(68+-68-(-26/-16/76/35)),-23*54*-73/-55*62/-75+-59/-90-30*(68+-68-(-26/-16/76/35)),False
40+(-79+(75-20*(-25-90/-91)-38*-66-(17+-16+-88-2+(48-41)))),40+(-79+(75-20*(-25-90/-91)-38*-66-(17+-16+-88-2+(48-41)))),True
(80+-30/-74+-1-(-53+24+44)+-38/(46+39+-96-(-39*-19*-44*94))),(80+-30/-74+-1-(-53+24+44)+-38/(46+39+-96-(-39*-19*-44*94))),False
-97*-4--74+-70/79*(-83-69)-(22*78*-32--49*-49/-88*-68--68),-97*-4--74+-70/79*(-83-69)-(22*78*-32--49*-49/-88*-68--68),True
-55-28-(23/-24-68)+-96+13/-60*-32*11/47*90/-64/-50+59,-55-28-(23/-24-68)+-96+13/-60*-32*11/47*90/-64/-50+59,True
52-72--11--47*(66*87+-38+97-32)*-86-33/89+86*-85/37,52-72--11--47*(66*87+-38+97-32)*-86-33/89+86*-85/37,False
-5*-85--90+69+-28/-14-35-24+67/3+-73*63--21-(96+(-46)),-5*-85--90+69+-28/-14-35-24+67/3+-73*63--21-(96+(-46)),False
-17-(-47/79)+13*-38+-38/93+8-(8*-41*-59/29+(-36*-91)/-11),-17-(-47/79)+13*-38+-38/93+8-(8*-41*-59/29+(-36*-91)/-11),False
-24-73/-45/-96+-20/67/-13-26-97-(-52+18--3-(14/-84-(45))),-24-73/-45/-96+-20/67/-13-26-97-(-52+18--3-(14/-84-(45))),True
(-83+-37-(5--77/-92*-64/1+-44+-32)/-44--18--44)*(88-(29+39)),(-83+-37-(5--77/-92*-64/1+-44+-32)/-44--18--44)*(88-(29+39)),False
-56+98+14/-55-92--14-(-85--62-0/92)*-14*-21*-31-(60+82),-56+98+14/-55-92--14-(-85--62-0/92)*-14*-21*-31-(60+82),True
8--28/-92+-5/39+-77+-33--23*(74-54*-100-(36--42*(55-13))),8--28/-92+-5/39+-77+-33--23*(74-54*-100-(36--42*(55-13))),False
-15/89*(33+-63*69*6--39*-8*(16*-12--69+24-36)+-95*10),-15/89*(33+-63*69*6--39*-8*(16*-12--69+24-36)+-95*10),False
14*8/-76+(16/68+-47*75-50)/82/-75/-25+(-40--18+21/-1),14*8/-76+(16/68+-47*75-50)/82/-75/-25+(-40--18+21/-1),True
-69-67+1/(4/-12+(-17/-66)+(-98*-81*51*90+4+-73)/-46-(-41)),-69-67+1/(4/-12+(-17/-66)+(-98*-81*51*90+4+-73)/-46-(-41)),False
3+37/-84+-2+(-29/-12)--14/-64-13-(-36/-94+17/-6+98/-66),3+37/-84+-2+(-29/-12)--14/-64-13-(-36/-94+17/-6+98/-66),False
-39-13-(-100+49-(-15-75--87--59)*-50+(-37/(-27+(-60+17*69)*(61)))),-39-13-(-100+49-(-15-75--87--59)*-50+(-37/(-27+(-60+17*69)*(61)))),False
85--92/(-47-53*(54*(33-22*-17+58-51+-82)+-21*-40+(48*-38))),85--92/(-47-53*(54*(33-22*-17+58-51+-82)+-21*-40+(48*-38))),True
94*-20+45/49/-1*78*98+33-63+94*-77/-36-0/-57-26,94*-20+45/49/-1*78*98+33-63+94*-77/-36-0/-57-26,False
-16-(0/-76/96*(-94+18+(62+-90+89--55/20-53)/-60*86-55)),-16-(0/-76/96*(-94+18+(62+-90+89--55/20-53)/-60*86-55)),False
38-79+-4+(-73+-1*97*-55-(-20/62)*71)*55/42+(-100*29+54),38-79+-4+(-73+-1*97*-55-(-20/62)*71)*55/42+(-100*29+54),True
(-39+-34-89)+-91/-55-79+-62+72/-64-(-69/-56)-(97--95+30/-6),(-39+-34-89)+-91/-55-79+-62+72/-64-(-69/-56)-(97--95+30/-6),True
15*(83-10+17+73/-9--10*-92+(52--87+-16*-97)+-43+-22/42),15*(83-10+17+73/-9--10*-92+(52--87+-16*-97)+-43+-22/42),True
(19/-26/9)+-81--14*13/-84/16+-8-93--13+-62/-54-(97-72),(19/-26/9)+-81--14*13/-84/16+-8-93--13+-62/-54-(97-72),True
95--81/-68*-21/55/-60*22--20--1+93/92/43-(20+17/-32),95--81/-68*-21/55/-60*22--20--1+93/92/43-(20+17/-32),False
(12*41--36*-50)/(92--68--80/4+-1-(-62*(66+48)+(31+-84-(-11)))),(12*41--36*-50)/(92--68--80/4+-1-(-62*(66+48)+(31+-84-(-11)))),True
58-77+-45*-98*76/37/39+26+(-65-(87*-64*(43+-99)*(-87+-87))),58-77+-45*-98*76/37/39+26+(-65-(87*-64*(43+-99)*(-87+-87))),True
-22/79+8/19--3-59/-26-33-(-96--15+-86+-80+-13*(-5--63)),-22/79+8/19--3-59/-26-33-(-96--15+-86+-80+-13*(-5--63)),True
31-21/7+57-(33+56-86*95*83+60*-88/17+-44/-83)*-94,31-21/7+57-(33+56-86*95*83+60*-88/17+-44/-83)*-94,False
-35-38-(82+2*96*1/21)+19-95*-12/52*80/(-51/-61+30),-35-38-(82+2*96*1/21)+19-95*-12/52*80/(-51/-61+30),True
-99+54-22*(89+-20*-22*5+-95/-26+97)*-38*90-(92-(71*-30)),-99+54-22*(89+-20*-22*5+-95/-26+97)*-38*90-(92-(71*-30)),False
-11/93+-93+67*-25-(-15--30*67+-11--79-42-32-49/-5-(99)),-11/93+-93+67*-25-(-15--30*67+-11--79-42-32-49/-5-(99)),True
60*68*52-55+(44*-21-4/7--29/(13--42/-97*-42/96*-56)),60*68*52-55+(44*-21-4/7--29/(13--42/-97*-42/96*-56)),False
-16*62/13/(95/36--20+(44*-93/-47)-(97+-51/17)*56*34/-12),-16*62/13/(95/36--20+(44*-93/-47)-(97+-51/17)*56*34/-12),True
89/(-1+-4*(86/10)+32*(-67+-50)-(40--58*-90/1*97*-65)+13),89/(-1+-4*(86/10)+32*(-67+-50)-(40--58*-90/1*97*-65)+13),True
94+91+-70/32*-90+20/-36+5*13/-79-93-95--58*-44*-27,94+91+-70/32*-90+20/-36+5*13/-79-93-95--58*-44*-27,False
7*-36*64/98/(99/-85*43/-89/-97-74*66/23*-28/-88/-30),7*-36*64/98/(99/-85*43/-89/-97-74*66/23*-28/-88/-30),False
-17/(69*-36+91)--2*-26*-15/9+1/-96/-23+47+0/56*40,-17/(69*-36+91)--2*-26*-15/9+1/-96/-23+47+0/56*40,False
-34--87-73*84/-87+-35+(69+34+-61-27)+19+-49*22--80*84,-34--87-73*84/-87+-35+(69+34+-61-27)+19+-49*22--80*84,True
-95*-7*(75+-91/52-42/81-93*-60/36*37*3+-47)/22/-13,-95*-7*(75+-91/52-42/81-93*-60/36*37*3+-47)/22/-13,False
12*-89*-32*17+-65*(-60-36)+29-40*-31--44+(-66/79+(4/-56)),12*-89*-32*17+-65*(-60-36)+29-40*-31--44+(-66/79+(4/-56)),True
-45--97+-61+78-23--99-50--22+-15/13-84+72-95*-54--44,-45--97+-61+78-23--99-50--22+-15/13-84+72-95*-54--44,False
-54/95/-12--55/34/-7/74+6/-2/-13-(76/(51/13)+(92--45)),-54/95/-12--55/34/-7/74+6/-2/-13-(76/(51/13)+(92--45)),False
(-62+-11-32/42+95*94/-1/(-73/22+-30-30*36-4*25)-96),(-62+-11-32/42+95*94/-1/(-73/22+-30-30*36-4*25)-96),True
21*(-8*(38*-39*3+37/31)/51)/-52+-49*69*(46/40*(-34-8)),21*(-8*(38*-39*3+37/31)/51)/-52+-49*69*(46/40*(-34-8)),True
-13+58-67/(-45*99+41/18/-46*(-89-17)*-68+99-94+(-37-(89))),-13+58-67/(-45*99+41/18/-46*(-89-17)*-68+99-94+(-37-(89))),False
-95/28+-65*-60*16/-91+33+-61/(-26/-33/39)/83+-91/(-24--46),-95/28+-65*-60*16/-91+33+-61/(-26/-33/39)/83+-91/(-24--46),True
(-52/(-98+78/-44-84/-43/74/35--18+(65-(-24/-63)/-75+19/33))),(-52/(-98+78/-44-84/-43/74/35--18+(65-(-24/-63)/-75+19/33))),True
-2-37-82+-64/(8+82)/-28/49-(-51-29*-33/-3+-99/(45/(8))),-2-37-82+-64/(8+82)/-28/49-(-51-29*-33/-3+-99/(45/(8))),False
-86/93/46/(-36*(-88--52*-39*-7*15*-23--21)-12*-21/-19-61),-86/93/46/(-36*(-88--52*-39*-7*15*-23--21)-12*-21/-19-61),False
-2+-22/(-2*64*-34*-16)/21*(-6--43/39+51)*-20/44*(-78+72),-2+-22/(-2*64*-34*-16)/21*(-6--43/39+51)*-20/44*(-78+72),False
(85--20*63*-78*-58)-52+10-65*-88+(-29*-60*-46-(-49*61--21)),(85--20*63*-78*-58)-52+10-65*-88+(-29*-60*-46-(-49*61--21)),False
17*84-(38+35/77*42--72-(99/(52*(80+-41+-2/66)/(-22*18)))),17*84-(38+35/77*42--72-(99/(52*(80+-41+-2/66)/(-22*18)))),True
61+-4-67+(12-49*(59-29--99)/(13/-20+-23-(77*86+-25/78))),61+-4-67+(12-49*(59-29--99)/(13/-20+-23-(77*86+-25/78))),True
-56+(-14-71)/39/-35*1--70*83*14+(-22-9/32+35-(-25-93)),-56+(-14-71)/39/-35*1--70*83*14+(-22-9/32+35-(-25-93)),True
72/-11--44*(-35-39--69)*57+(22+51-63--42--34*-6*(20*25)),72/-11--44*(-35-39--69)*57+(22+51-63--42--34*-6*(20*25)),True
87-(-28+-60)--31-49+18/(6--22)+15-90+(-85/-17--4)+68*58,87-(-28+-60)--31-49+18/(6--22)+15-90+(-85/-17--4)+68*58,False
49-30-74*(-17+36)-92/56/-66/38/-18+67+-8*62+(-44-84),49-30-74*(-17+36)-92/56/-66/38/-18+67+-8*62+(-44-84),True
49*-99--81/-75--40*-41/-75+-23*63--95/(42+55)-(-73/(-88*-80)),49*-99--81/-75--40*-41/-75+-23*63--95/(42+55)-(-73/(-88*-80)),False
-27+-55*-64-19*88-53/-66+1+-56/43+-73--30*21*-80/43,-27+-55*-64-19*88-53/-66+1+-56/43+-73--30*21*-80/43,False
(-59+-35/-19/-8/-2/56+94/(41--52-31--10/(46--91*86-24))),(-59+-35/-19/-8/-2/56+94/(41--52-31--10/(46--91*86-24))),False
-44*-66/-74+-83*15-18+20--65-31+(-34/44--54+-4+-46-98),-44*-66/-74+-83*15-18+20--65-31+(-34/44--54+-4+-46-98),True
(34/(-14/(-60/-82/-95/47/-37/64)+(87/-2/(-78+-11/64-86+-31)))),(34/(-14/(-60/-82/-95/47/-37/64)+(87/-2/(-78+-11/64-86+-31)))),False
68-(-51+(-99/-66)+-20+91)/77*46*62+-25/-76*(-72*-8*28+-66),68-(-51+(-99/-66)+-20+91)/77*46*62+-25/-76*(-72*-8*28+-66),True
63-63/81+(54/63/75*64/-86)*-6-(65*-73)*-41*-11*55*(2),63-63/81+(54/63/75*64/-86)*-6-(65*-73)*-41*-11*55*(2),True
60/65--2--100+76-75--85*95--1/39--46/(-47+(-16-3--47)),60/65--2--100+76-75--85*95--1/39--46/(-47+(-16-3--47)),False
-36+(45+29*-31)--86-10+(8/23+94+-97/-68)+-10*-43/48+53,-36+(45+29*-31)--86-10+(8/23+94+-97/-68)+-10*-43/48+53,False
88+73+(30/-8+18--40+75+67)/-79/-10-(-2+-6+(-83*72)/-61),88+73+(30/-8+18--40+75+67)/-79/-10-(-2+-6+(-83*72)/-61),False
-18+-48+(99+-76*30*70+-97/-58+(-19+44*(4/-42--52)-(-90*-29))),-18+-48+(99+-76*30*70+-97/-58+(-19+44*(4/-42--52)-(-90*-29))),True
-50*76+32+-77+0/-14+46-6/4*19*20-59/96*33*-12,-50*76+32+-77+0/-14+46-6/4*19*20-59/96*33*-12,True
-84--18+-59+-94/94--76/-51*7/-8/-41/-9*-35+90*-58*-89,-84--18+-59+-94/94--76/-51*7/-8/-41/-9*-35+90*-58*-89,True
81+4-49/-26-85-16--59+3/-41*-61*-18/(72-6/-10)+-8,81+4-49/-26-85-16--59+3/-41*-61*-18/(72-6/-10)+-8,True
17/(-22-7*-83/(-65+-57-(-53*-1/24)+-56/-74)/47)-(84/(-62/-51)),17/(-22-7*-83/(-65+-57-(-53*-1/24)+-56/-74)/47)-(84/(-62/-51)),True
75/-31+63+-59*-98+(-7/(-38/-1+5*22--57/(-24-64/(88/70)))),75/-31+63+-59*-98+(-7/(-38/-1+5*22--57/(-24-64/(88/70)))),False
-76+70-(50-52--67*82)*(93+73/38--67+-92-(-19-92--37-81)),-76+70-(50-52--67*82)*(93+73/38--67+-92-(-19-92--37-81)),False
16*-45+-92*29-(78+-94/(-53/32--76/4-17)+-5-87+-99/43),16*-45+-92*29-(78+-94/(-53/32--76/4-17)+-5-87+-99/43),False
-81*-84+-9-64*(54+-39+-32)/22+49/-86--43*-29/-70/-99+51,-81*-84+-9-64*(54+-39+-32)/22+49/-86--43*-29/-70/-99+51,True
28--74+-39/16/-26-11/25*64*28*30*67-(-74-(84-(-2+59))),28--74+-39/16/-26-11/25*64*28*30*67-(-74-(84-(-2+59))),False
68/-97-(-54+(62-46)+-24-50*3/55)--49+29-43/(-53*-27/1),68/-97-(-54+(62-46)+-24-50*3/55)--49+29-43/(-53*-27/1),False
95*-34--47*-19/-90-69/-95-19*(-77/74*(-73*-84)*83-83)--28,95*-34--47*-19/-90-69/-95-19*(-77/74*(-73*-84)*83-83)--28,False
26--68/-59/-81-89/22/98+12/78-10/(2/13--92-(89*63)),26--68/-59/-81-89/22/98+12/78-10/(2/13--92-(89*63)),True
61+-20*-28--66+-6+(-89-4-91)*28+41-(-63/-77-54*-29--34),61+-20*-28--66+-6+(-89-4-91)*28+41-(-63/-77-54*-29--34),False
8+47+(33/(26--65+-86)-(-28+38--22*-18/-9-25-90/-20)-89),8+47+(33/(26--65+-86)-(-28+38--22*-18/-9-25-90/-20)-89),True
21-6+0*(70--99/78-83/89--87/(60/-42/-27-(38--72+97))),21-6+0*(70--99/78-83/89--87/(60/-42/-27-(38--72+97))),False
(-13/(58/-30/94-78*-25--35+(-82/-97-(-1/33/-82-25)*15)/94)),(-13/(58/-30/94-78*-25--35+(-82/-97-(-1/33/-82-25)*15)/94)),True
-26/-84*-21*85*9--33/51-(-5*-39+-86*43)/(-63/26)-(-62--46),-26/-84*-21*85*9--33/51-(-5*-39+-86*43)/(-63/26)-(-62--46),True
(-58/-8+-24-(-2-97-(39*(79+27+41+5*-85*17*15)/-44+24))),(-58/-8+-24-(-2-97-(39*(79+27+41+5*-85*17*15)/-44+24))),False
(21--63*73--27+(-94/9+-59/(71+-36/-58/68-5*-68/(83-(2))))),(21--63*73--27+(-94/9+-59/(71+-36/-58/68-5*-68/(83-(2))))),True
8/-18*(30*42--78/-35*(85/-60*(-13+(-97+54/-7+(-4-41+-89))))),8/-18*(30*42--78/-35*(85/-60*(-13+(-97+54/-7+(-4-41+-89))))),True
-27-42+-49/6-64--13-30-(19/-66)+-78-94*-22--70--63*-36,-27-42+-49/6-64--13-30-(19/-66)+-78-94*-22--70--63*-36,False
-35+-89-32-44-48/-33+(60/-62/-95*60)/56*-61*62+-89/35,-35+-89-32-44-48/-33+(60/-62/-95*60)/56*-61*62+-89/35,True
59/-14*6/(-13--67-1/93/(-94*98+59/-92+-40+-58+83/-20)),59/-14*6/(-13--67-1/93/(-94*98+59/-92+-40+-58+83/-20)),True
(11*91-(-39*-88+43*37-85*85--89*-72+-42)*38/31)+91*(62),(11*91-(-39*-88+43*37-85*85--89*-72+-42)*38/31)+91*(62),True
66+-34*-70*64+-63*-67/-8+44/-79/-73+-51+(-22-(-38--36)/(-26)),66+-34*-70*64+-63*-67/-8+44/-79/-73+-51+(-22-(-38--36)/(-26)),False
(-49*-86--28--45)/(51*-71)/(-23/45*-15/53--73/-75)/65+-78+(-83),(-49*-86--28--45)/(51*-71)/(-23/45*-15/53--73/-75)/65+-78+(-83),False
-68--27+-53/67--48*9/79-(-93*12+(91*5)*29*40/-74*-31),-68--27+-53/67--48*9/79-(-93*12+(91*5)*29*40/-74*-31),True
-4*85+74/-76/-44-70*-14/44*-56+26/(17*73/-43--32)/-41,-4*85+74/-76/-44-70*-14/44*-56+26/(17*73/-43--32)/-41,False
-55+(82+44+72--11-49*-68/-24-57--14/51+(-23*47-8*49)),-55+(82+44+72--11-49*-68/-24-57--14/51+(-23*47-8*49)),False
-17/4+-97--10+6/72*(25+74--55--44)+29+93*-49+12--28,-17/4+-97--10+6/72*(25+74--55--44)+29+93*-49+12--28,True
-42-55-0/(-30*-38/93+93)/44/-47/-14/-70/-27/-34+-13+24,-42-55-0/(-30*-38/93+93)/44/-47/-14/-70/-27/-34+-13+24,True
(87/32+-4+-66*-14)--68--23/34*-23*-90+(-41/(-86--48*19+-61)),(87/32+-4+-66*-14)--68--23/34*-23*-90+(-41/(-86--48*19+-61)),True
-100+9+(3+-77--15/6/(14*(58-25-(8+-18+-11--100+-3*8)))),-100+9+(3+-77--15/6/(14*(58-25-(8+-18+-11--100+-3*8)))),False
11--3*-5+-98-(-58/48)+46*-79/-21+64+97--26+(95--45+15),11--3*-5+-98-(-58/48)+46*-79/-21+64+97--26+(95--45+15),True
-21*-33*-45+15/-44/80+19+94+-55-42*(-77*-6)/-39-16+-78,-21*-33*-45+15/-44/80+19+94+-55-42*(-77*-6)/-39-16+-78,False
11*3*98/(98/-66+-73)-(27*-39)*83*32*-6+-71+36--51+49,11*3*98/(98/-66+-73)-(27*-39)*83*32*-6+-71+36--51+49,True
53/-57/(15/32*(85+-87*-23)/38)-94+-21*-6*(61/69/69/-6),53/-57/(15/32*(85+-87*-23)/38)-94+-21*-6*(61/69/69/-6),True
(-83/-82*58)*-48-6-75*-94--57-60/(57/-64/46+(-37+64*61)),(-83/-82*58)*-48-6-75*-94--57-60/(57/-64/46+(-37+64*61)),False
42/(6-5*56+-89+-18)*(-68-18*70*-57)+12/14+-3+(-70+-16),42/(6-5*56+-89+-18)*(-68-18*70*-57)+12/14+-3+(-70+-16),False
-5+-80--99/25*19*91/21+-91/-41--16*31*26/(-11--22--4),-5+-80--99/25*19*91/21+-91/-41--16*31*26/(-11--22--4),True
63/(-33/30)+63*(59-43*-57)/37+32/-82+-78+2*(48/-27-17),63/(-33/30)+63*(59-43*-57)/37+32/-82+-78+2*(48/-27-17),True
36*(93+24*-53+41*27*48/(-5+(-62-(52*64+62+39)+65*(-93)))),36*(93+24*-53+41*27*48/(-5+(-62-(52*64+62+39)+65*(-93)))),True
30+57/-48-(-94+52-(11-73-(-56*62)--97/67*45+31/-84/56)),30+57/-48-(-94+52-(11-73-(-56*62)--97/67*45+31/-84/56)),False
-65*11*-46/-9*0--12+-98+(53/(-14+28/71)/(-98+-44)*-93*-82),-65*11*-46/-9*0--12+-98+(53/(-14+28/71)/(-98+-44)*-93*-82),False
65--32+(-89/15--12/-20--7)/53/-80/-67+-62--1+47-38-81,65--32+(-89/15--12/-20--7)/53/-80/-67+-62--1+47-38-81,True
(12+(-32+95+75)+-38-46*-76+17/(50+-23+(-50*15/-13+-3-83))),(12+(-32+95+75)+-38-46*-76+17/(50+-23+(-50*15/-13+-3-83))),True
34-(52+-16*-89+(16/85)/-74*86/(-64*1/82*-2*73)/(77*(14))),34-(52+-16*-89+(16/85)/-74*86/(-64*1/82*-2*73)/(77*(14))),True
(61*-21)+-88-26/14+-58*58-(-28*87)--21-24--30/-68+88--12,(61*-21)+-88-26/14+-58*58-(-28*87)--21-24--30/-68+88--12,False
-37+51-97/(-27*-86+-28)+68+(93+90/-92*(-11-66)--45--100)/69,-37+51-97/(-27*-86+-28)+68+(93+90/-92*(-11-66)--45--100)/69,False
(69--30)*57*54-59*60+-91-(55-(1+41*79)+-56--50*12--11),(69--30)*57*54-59*60+-91-(55-(1+41*79)+-56--50*12--11),False
22+-53*(-58-95*17*-83)*47+-14-38*0+-47/51--43*-70+-50,22+-53*(-58-95*17*-83)*47+-14-38*0+-47/51--43*-70+-50,True
-22-68--77/(7+(49+87+(-12*-10/69-30-0+-5/71+-83)--77)),-22-68--77/(7+(49+87+(-12*-10/69-30-0+-5/71+-83)--77)),False
-79+-27--19*74*75/-45+-65+-81*-43--33/-14-(17/-57--45/-51),-79+-27--19*74*75/-45+-65+-81*-43--33/-14-(17/-57--45/-51),False
-81*-22+-87/52--77*-60--33-79+(23+98+-25+-76/-31/15+-43),-81*-22+-87/52--77*-60--33-79+(23+98+-25+-76/-31/15+-43),True
47+33*-1/-69/-71*75--17-96/-70+34*7+-79-39-84/42,47+33*-1/-69/-71*75--17-96/-70+34*7+-79-39-84/42,True
-80+-12*(-88/-85/(-29/20)*-29)/39+-99+-76/65/(-16/95/-19-19),-80+-12*(-88/-85/(-29/20)*-29)/39+-99+-76/65/(-16/95/-19-19),True
-89-(79-(40/-59)-2)*53/84-56/78/13+52/77*(64/66-(-72)),-89-(79-(40/-59)-2)*53/84-56/78/13+52/77*(64/66-(-72)),False
-94+71/-70+-81/22-22*-97*-39/72-26*-82+0+(-94*-58-(-91)),-94+71/-70+-81/22-22*-97*-39/72-26*-82+0+(-94*-58-(-91)),False
(14+-83-14-13*(-38/90*60)+57-22)+-50-(-4/-95/61)/14+16,(14+-83-14-13*(-38/90*60)+57-22)+-50-(-4/-95/61)/14+16,False
-80/(-30+-31+-38+(41+(96-(-4/84+-1+-87/-32)*-82+-26*40+-55))),-80/(-30+-31+-38+(41+(96-(-4/84+-1+-87/-32)*-82+-26*40+-55))),False
67--47--14+27/75/19/-44+-45*11/-34*(13/-67)+-56-34/94,67--47--14+27/75/19/-44+-45*11/-34*(13/-67)+-56-34/94,True
-63--53-(25+-78/-42)/48/-79+89-57+19*-32*19+4/50*72,-63--53-(25+-78/-42)/48/-79+89-57+19*-32*19+4/50*72,False
(51/-26)-3+10*-53/-58/-3*-69--94/-63*(-67--5*-36+(58-94)),(51/-26)-3+10*-53/-58/-3*-69--94/-63*(-67--5*-36+(58-94)),True
(-63+(35/(-14+49)+19--100)+-33)/46+9*-52-87--26*(29*36*-41),(-63+(35/(-14+49)+19--100)+-33)/46+9*-52-87--26*(29*36*-41),False
(-71*(0/18+41/-28)-89-99--39)/50*(-11-(-81-86*8+-100*-56)),(-71*(0/18+41/-28)-89-99--39)/50*(-11-(-81-86*8+-100*-56)),False
-11*30*(16/48)-73-11*-98--77-38+-57-41/39+84-76-(29),-11*30*(16/48)-73-11*-98--77-38+-57-41/39+84-76-(29),False
(3-47)/53*77/72-(-42-37*67/92+78+25)*89+-90/48*88,(3-47)/53*77/72-(-42-37*67/92+78+25)*89+-90/48*88,True
(36/7)+44*(-65-64/19--31)+67/-82+-12/-60+70+-59/-57-25,(36/7)+44*(-65-64/19--31)+67/-82+-12/-60+70+-59/-57-25,False
-16*(-63+27+56*80/-33/-87/-51--44+6/(-15*-89-85--91+-66)),-16*(-63+27+56*80/-33/-87/-51--44+6/(-15*-89-85--91+-66)),False
58*77/3/81+(-83-(68+23--74*-71)--11-(98+-33*(64*47/-83))),58*77/3/81+(-83-(68+23--74*-71)--11-(98+-33*(64*47/-83))),True
66--67--55-(-70/66)+58+31+-23-0+72-(22*(-85/(-69*-50/(-63)))),66--67--55-(-70/66)+58+31+-23-0+72-(22*(-85/(-69*-50/(-63)))),True
(11/-45)-57-67/-44/-40/22*79+-40*31/-55*40/-24-14-82,(11/-45)-57-67/-44/-40/22*79+-40*31/-55*40/-24-14-82,False
95+(-47-(-25/-21/-19*(-24/80/-9)+75+65/20/2+40*-52-(36))),95+(-47-(-25/-21/-19*(-24/80/-9)+75+65/20/2+40*-52-(36))),False
-70*64/-50-69/12+(-13/-92-80)-(6-(55+46*58/-17+4/54)),-70*64/-50-69/12+(-13/-92-80)-(6-(55+46*58/-17+4/54)),False
(87+24*(98/(-86/-61+13-54+15)-99*-77-83)--55*(42*47)+75),(87+24*(98/(-86/-61+13-54+15)-99*-77-83)--55*(42*47)+75),False
-95*-14*20-89+(83*(-96+-49*78)+65+6/32)/-6+(-1/27)/45,-95*-14*20-89+(83*(-96+-49*78)+65+6/32)/-6+(-1/27)/45,False
24-(-25*94*-22*-45-(19+55/-16/29+3--39*86*(61/-80--7))),24-(-25*94*-22*-45-(19+55/-16/29+3--39*86*(61/-80--7))),False
78+-95/3*0*-45*91/-77*-50*(11/32/-33)+1/54-33-64,78+-95/3*0*-45*91/-77*-50*(11/32/-33)+1/54-33-64,False
46*6+21-28/96/-75*-1-(45--2/16)-35+-91/-52+-71+92,46*6+21-28/96/-75*-1-(45--2/16)-35+-91/-52+-71+92,True
8/-76/56*-15*-80*46*67-81+68/77-(19+83)--16+-57/54,8/-76/56*-15*-80*46*67-81+68/77-(19+83)--16+-57/54,True
35/(26/-76-1/(-36*(70*-13+(68/20+-23)/77/-87)*-54/(-71-(-34)))),35/(26/-76-1/(-36*(70*-13+(68/20+-23)/77/-87)*-54/(-71-(-34)))),False
-99--64/35/(52/-60-(-19+-69-3+(61+-75)+61-38/-100+-94--32)),-99--64/35/(52/-60-(-19+-69-3+(61+-75)+61-38/-100+-94--32)),False
(-49*-37-54+-29/-40-(38+-8-(14--94+-31/-53/-97+-30-6*-73))),(-49*-37-54+-29/-40-(38+-8-(14--94+-31/-53/-97+-30-6*-73))),False
80+35+7*-76*6/-40/5+(-1-53/(40-29-2--38*-35)+(-54)),80+35+7*-76*6/-40/5+(-1-53/(40-29-2--38*-35)+(-54)),True
-96--58*-50/-38/25+-26--69-52-68--16-(50-(-78*-93*-29*-52)),-96--58*-50/-38/25+-26--69-52-68--16-(50-(-78*-93*-29*-52)),False
31-(-52/-21/98--43*(-13*64)*28+71+81+-84+81/39-15/-17),31-(-52/-21/98--43*(-13*64)*28+71+81+-84+81/39-15/-17),True
(-83-73+20-(67/-43)/(-30/36)+-21+69)*54+57*(73*-47)+27+(-51),(-83-73+20-(67/-43)/(-30/36)+-21+69)*54+57*(73*-47)+27+(-51),False
46/70/-4/(-39/(-7*74*93)*(-94*-45/-42)+-51)-87-83+-75--41,46/70/-4/(-39/(-7*74*93)*(-94*-45/-42)+-51)-87-83+-75--41,True
50/96-56-38+(-99*-45--54+-21-88/11)--97*-9+-23*(80+-82),50/96-56-38+(-99*-45--54+-21-88/11)--97*-9+-23*(80+-82),True
-80*37+52+-65--97/-22+(46/-32+-23*-40/94)--44*44--82/69,-80*37+52+-65--97/-22+(46/-32+-23*-40/94)--44*44--82/69,False
10/-47*(47+48+81+-53+(-49*(-55/57+12/-47-97+5/-17*89))),10/-47*(47+48+81+-53+(-49*(-55/57+12/-47-97+5/-17*89))),True
(-49+-29--19/-63-(93/9--91)*75--98)*-8/58/-54+(94+(-13+71)),(-49+-29--19/-63-(93/9--91)*75--98)*-8/58/-54+(94+(-13+71)),False
9+-43--47+-59*58*26+-37*91*-36-24*(-8*9/-79--99*(-64)),9+-43--47+-59*58*26+-37*91*-36-24*(-8*9/-79--99*(-64)),False
32+-41*-97--89--33-48-15--61*(-6/80*4)*(-93*-12)+25*-48,32+-41*-97--89--33-48-15--61*(-6/80*4)*(-93*-12)+25*-48,False
(49--44)/47*(37*(94/-24+-76+-31*54)+41+46/46/-62*-82/-7),(49--44)/47*(37*(94/-24+-76+-31*54)+41+46/46/-62*-82/-7),True
(-98+(65*(-48-5)/59/-74-12/(61*(-21-(26+-75/9*22)-44*1)))),(-98+(65*(-48-5)/59/-74-12/(61*(-21-(26+-75/9*22)-44*1)))),False
-72+1--41+82/14/56--86-2-74*92*85/-84+-26/9-8,-72+1--41+82/14/56--86-2-74*92*85/-84+-26/9-8,True
31+78+(-38-(-51--31*(-19-98-29*-58)/(-74-55-(-36-38--7/15)))),31+78+(-38-(-51--31*(-19-98-29*-58)/(-74-55-(-36-38--7/15)))),True
-34/44+(9*-69)*56-88/15--17+-91+-46/-27/(14+92-16+-91),-34/44+(9*-69)*56-88/15--17+-91+-46/-27/(14+92-16+-91),True
92+84*-66/-91*20+4-85+(24*88)/82-81-34*(73*(-2-(78))),92+84*-66/-91*20+4-85+(24*88)/82-81-34*(73*(-2-(78))),False
-20*3+29+-36*-61+61*79+-50-2+0+22+-2+-20*19+(-61),-20*3+29+-36*-61+61*79+-50-2+0+22+-2+-20*19+(-61),False
(54*-42*83)--1*-22+23*-27/-5--21+-64+-38-8-31--24--28,(54*-42*83)--1*-22+23*-27/-5--21+-64+-38-8-31--24--28,False
(98+-88)/-27/-67-(96/57)*34--53/-12/(82+(-86-(-28/-53+-27)-(-75))),(98+-88)/-27/-67-(96/57)*34--53/-12/(82+(-86-(-28/-53+-27)-(-75))),True
23--94+29--79-94--43--68*17/(-91--21+-6*(69*-55*(35/53))),23--94+29--79-94--43--68*17/(-91--21+-6*(69*-55*(35/53))),True
87/-77--56*74-(18-(81+53+45)/42*98/64*89-59+-16+90),87/-77--56*74-(18-(81+53+45)/42*98/64*89-59+-16+90),True
(-52/(-18--47)*-16*(-40*62*92-69+-21)/66*-67)*36--9*-29*26,(-52/(-18--47)*-16*(-40*62*92-69+-21)/66*-67)*36--9*-29*26,False
55/-79*53*-27*62-(-24/-20*67*68*75+81+99)-(-91-99+(16)),55/-79*53*-27*62-(-24/-20*67*68*75+81+99)-(-91-99+(16)),False
-12--25--65/43/-92--49*-79-(-34/(-98/-65--88+(55/57)--99*-12)),-12--25--65/43/-92--49*-79-(-34/(-98/-65--88+(55/57)--99*-12)),True
-76+(73+-54*-65)*6-1-41-(63*65*54*20+-31--95+-92/85),-76+(73+-54*-65)*6-1-41-(63*65*54*20+-31--95+-92/85),True
79*-8/-16*-39/-93/-22*35*-56-28/(-75+(-11+-11--71*-70/49)),79*-8/-16*-39/-93/-22*35*-56-28/(-75+(-11+-11--71*-70/49)),False
56+9/41+82/-58-21*(47--74)+-94/70+59/-53+-100*-62/(-15),56+9/41+82/-58-21*(47--74)+-94/70+59/-53+-100*-62/(-15),True
-46-73+23+(20+-15/-91+81+(45+(-89--73+5)*(-72/-45*-73/-48))),-46-73+23+(20+-15/-91+81+(45+(-89--73+5)*(-72/-45*-73/-48))),True
30/18/49/18*-97*-49+61+-59*-72/-96-(-54/3+32*29/26),30/18/49/18*-97*-49+61+-59*-72/-96-(-54/3+32*29/26),True
76+39*-79/-75*(-58/(-81*-18)/(98-(48-(-44+(-19+-63/-34/(62-92)))))),76+39*-79/-75*(-58/(-81*-18)/(98-(48-(-44+(-19+-63/-34/(62-92)))))),False
80+-29*-75/5/-19*-31+-21-60/-61+(68-7+(-80/36--80*(47))),80+-29*-75/5/-19*-31+-21-60/-61+(68-7+(-80/36--80*(47))),False
-43*-40*(-32*-72)+-40*-18/71--41+-77--76*69--31--44/(30--35),-43*-40*(-32*-72)+-40*-18/71--41+-77--76*69--31--44/(30--35),True
-86/19+-58/39-(-57/(11+(-70/-76*-57*-90*36--21)/(-37*41--73))),-86/19+-58/39-(-57/(11+(-70/-76*-57*-90*36--21)/(-37*41--73))),True
20+74*(-27*(-50*69+-37)/-53/-59-46+29)--70/-8*71/-75+-70,20+74*(-27*(-50*69+-37)/-53/-59-46+29)--70/-8*71/-75+-70,True
(-95--4--15/-100+-9/83/31/46/(-82--45-(10--82/-43--22/-51))),(-95--4--15/-100+-9/83/31/46/(-82--45-(10--82/-43--22/-51))),False
(16*-35-38--12-71/21/(-38-55+-25)--95/6)*64/67*9/-1,(16*-35-38--12-71/21/(-38-55+-25)--95/6)*64/67*9/-1,True
52-(-54*-35)+94--60/17-69+-76+45+-52/40+-69--52*-60+-33,52-(-54*-35)+94--60/17-69+-76+45+-52/40+-69--52*-60+-33,True
(-9*-42-50-19/40*-82/-51)-68*(-90/43)--75--24*-9*73*-70,(-9*-42-50-19/40*-82/-51)-68*(-90/43)--75--24*-9*73*-70,True
3*33+-33/27*-28--59+(92/31/-43*-82/-58+-14)-0/(70*-97),3*33+-33/27*-28--59+(92/31/-43*-82/-58+-14)-0/(70*-97),True
-94+55-17+73+51*(-70+-71+62-35)/-15*(42+78/-42)+75-(14),-94+55-17+73+51*(-70+-71+62-35)/-15*(42+78/-42)+75-(14),False
56+-72*-49/8--71-86+-33*-52*-44--95+28-61-(21+89*-20),56+-72*-49/8--71-86+-33*-52*-44--95+28-61-(21+89*-20),False
-51--1-(47/19*75*2/8)--48/36/(-31-41*-54*-8/(-50*-50)),-51--1-(47/19*75*2/8)--48/36/(-31-41*-54*-8/(-50*-50)),True
52/-60*-52-5*-3*12+-28-(59/-4/41)*(62+55-(88/58)-66),52/-60*-52-5*-3*12+-28-(59/-4/41)*(62+55-(88/58)-66),False
75*(-62*17)-4+-69+-99/-49*-41+85--5-(-15-(74/-47--73/57)),75*(-62*17)-4+-69+-99/-49*-41+85--5-(-15-(74/-47--73/57)),True
(-88*-49--14/3)+30*30/14*96/81*-29*-76/-76+33-69*(-95),(-88*-49--14/3)+30*30/14*96/81*-29*-76/-76+33-69*(-95),True
53+76*-65/-72--54+(-97--91*65+35*54/-1+(-9*13*15+(-32))),53+76*-65/-72--54+(-97--91*65+35*54/-1+(-9*13*15+(-32))),False
-17/(-9+59+42*-17+(90+(-8*19+(78+-42)*4+46+(48+5+49)))),-17/(-9+59+42*-17+(90+(-8*19+(78+-42)*4+46+(48+5+49)))),False
71--15*43+(15*-86)-45*4+-79+-89*36/86/-27/-92/49*-51,71--15*43+(15*-86)-45*4+-79+-89*36/86/-27/-92/49*-51,False
53/-56+75+32+-12+64*-32/13+24*-50/-71*45*-67*(5-(-42)),53/-56+75+32+-12+64*-32/13+24*-50/-71*45*-67*(5-(-42)),False
-39*61/77*-93/-35/11+61+-86*-47*18*-45+45-(66/-55-23),-39*61/77*-93/-35/11+61+-86*-47*18*-45+45-(66/-55-23),False
(83+99+61)+-79/(-14-4+28+1/68/-83/84/67/(-18--93)*(-91)),(83+99+61)+-79/(-14-4+28+1/68/-83/84/67/(-18--93)*(-91)),False
-49*-36+-40+9/-59-(77*(41/(-9/79/44)--51/(11+90--94*32))),-49*-36+-40+9/-59-(77*(41/(-9/79/44)--51/(11+90--94*32))),True
-43-34*32/43--8/(68/-24*47--68)--59+-25*-74*(83*-85+(-57)),-43-34*32/43--8/(68/-24*47--68)--59+-25*-74*(83*-85+(-57)),True
(39/-40*(32/-7)/-48)+82/30/53+85+-2/(-77+-8/-72/50)--83,(39/-40*(32/-7)/-48)+82/30/53+85+-2/(-77+-8/-72/50)--83,True
-62*31/24+-67+-10*80*88+-24+-44--27/-31*-15/-97/-33*(-49),-62*31/24+-67+-10*80*88+-24+-44--27/-31*-15/-97/-33*(-49),False
-77-96*22/-51+-5*(-86-11)+-44+-52+39*99+63/47+-74/-82,-77-96*22/-51+-5*(-86-11)+-44+-52+39*99+63/47+-74/-82,False
(32*-74/(-68/-37-77*-96/64)*76/-43)*-32+(85--52+76+(-65/14)),(32*-74/(-68/-37-77*-96/64)*76/-43)*-32+(85--52+76+(-65/14)),True
78*81+-52--45*-46--60+-49/98-7+-87-(-62*-9-66+49)--23,78*81+-52--45*-46--60+-49/98-7+-87-(-62*-9-66+49)--23,False
(-9*-82+60+17)-41-1*49/-1/59/(50/86-23-(28+97/-64)),(-9*-82+60+17)-41-1*49/-1/59/(50/86-23-(28+97/-64)),True
30-71+58-6/(-7-13-(-39/1/95*54+-19)+-52/(-87/-36)/-65),30-71+58-6/(-7-13-(-39/1/95*54+-19)+-52/(-87/-36)/-65),False
18+-71+-81*22/-84--25+-43-(-70+(-65/-33)/(-51--40+-86--3-68)),18+-71+-81*22/-84--25+-43-(-70+(-65/-33)/(-51--40+-86--3-68)),False
-63+(-62*(-45*-92--36*-26+74)/97*-49+-26)-33/46/80*65+-50,-63+(-62*(-45*-92--36*-26+74)/97*-49+-26)-33/46/80*65+-50,False
-57--99/-57*-16-50/14*89-35--42-91--53--20*64+-6*-64,-57--99/-57*-16-50/14*89-35--42-91--53--20*64+-6*-64,False
16*-51*-55+68+(-87--60)--45+71*1--62*-100--12/4*5/22,16*-51*-55+68+(-87--60)--45+71*1--62*-100--12/4*5/22,True
90+9/-96/-85--10-24/-43*(64*(-32+-49*-5*-11*-21)+(99-22)),90+9/-96/-85--10-24/-43*(64*(-32+-49*-5*-11*-21)+(99-22)),False
(-50+58*99/8)-81*53-25*34*65-49-30/68+(34--82*25),(-50+58*99/8)-81*53-25*34*65-49-30/68+(34--82*25),False
17/(-7+-83+-67/(4/-82*81+-68)/68+(74/9+-33+-82/38*90)),17/(-7+-83+-67/(4/-82*81+-68)/68+(74/9+-33+-82/38*90)),False
(99+-99)*-43*0*54--22/93/(37+20-34)*-27+-80/24*-33--4,(99+-99)*-43*0*54--22/93/(37+20-34)*-27+-80/24*-33--4,True
72+(80/48+95*(56--22/73/-64-(62+(-97+(-80+73+73+8*66))))),72+(80/48+95*(56--22/73/-64-(62+(-97+(-80+73+73+8*66))))),False
34*0*33-76+58-(-48+(17/85*(22+82/55*-35--65+(6--97)))),34*0*33-76+58-(-48+(17/85*(22+82/55*-35--65+(6--97)))),False
(39-79+-71)/21--63/-71+(-28/-92--90)/(50*(37+-70+96)*-80*98),(39-79+-71)/21--63/-71+(-28/-92--90)/(50*(37+-70+96)*-80*98),False
(-53/(35*(-23/-14*(-94*-23+(-60/-11)*(-27/-96*69/39--47*-54*-85))))),(-53/(35*(-23/-14*(-94*-23+(-60/-11)*(-27/-96*69/39--47*-54*-85))))),False
-98-49*27+-68*88/(-2/-60+74/(33+-11)/-36-32)*-37*27/72,-98-49*27+-68*88/(-2/-60+74/(33+-11)/-36-32)*-37*27/72,True
(3+-86-34/35*(-20--61+30*83--23)+38+-74/80+92*-7/35),(3+-86-34/35*(-20--61+30*83--23)+38+-74/80+92*-7/35),True
-16*10+-34/2/44/-88+2*45*14-50+-36--22*90/(68+-21),-16*10+-34/2/44/-88+2*45*14-50+-36--22*90/(68+-21),True
18+23/96-23--68+58--80/57-(-48/47+-83/-17)/98/(-40/-26),18+23/96-23--68+58--80/57-(-48/47+-83/-17)/98/(-40/-26),True
-29*-25+36/-58*1-(68/(-95/69+-64/61/23/(-61/(-31-(23/(-34)))))),-29*-25+36/-58*1-(68/(-95/69+-64/61/23/(-61/(-31-(23/(-34)))))),False
-16-(71*-34+28/(-15-1)-79-71)*6*-85+(24--29+-80+-84*89),-16-(71*-34+28/(-15-1)-79-71)*6*-85+(24--29+-80+-84*89),True
-28--31*-92-80*41/-38-30*-58*-1*(7--44)/55--52--14/-79,-28--31*-92-80*41/-38-30*-58*-1*(7--44)/55--52--14/-79,False
38+88*82/76-(-50*-66/-88*-64--74-95/58--88*(-57+-13+48)),38+88*82/76-(-50*-66/-88*-64--74-95/58--88*(-57+-13+48)),True
92+-25-89/3*-16+99--100+55-63+(56+-10+-91+-41)*(-31/(79)),92+-25-89/3*-16+99--100+55-63+(56+-10+-91+-41)*(-31/(79)),False
-85/-91/68+-66*-50/-55*31/86+-31-33*(20+-20)+(-16--9-3),-85/-91/68+-66*-50/-55*31/86+-31-33*(20+-20)+(-16--9-3),True
-86--64*-52+-80+48/18-(-60*(-64/37+-54)/58--13*23*-94/16),-86--64*-52+-80+48/18-(-60*(-64/37+-54)/58--13*23*-94/16),True
(23/86*-76/(-34/-67--64+23+-65/-43)+-95*80)*88+(-28*(89*29)),(23/86*-76/(-34/-67--64+23+-65/-43)+-95*80)*88+(-28*(89*29)),False
-57+18-81/44*30/-77*71/70/12+-44+-34-29*-81*-6/-17,-57+18-81/44*30/-77*71/70/12+-44+-34-29*-81*-6/-17,True
54*71*54+-40/-19+20*(-66-(57*-96*-11--89/-98*-71--52)-57),54*71*54+-40/-19+20*(-66-(57*-96*-11--89/-98*-71--52)-57),True
-87+5--51-60--23*-63-38/84*64+63--46/65+41+(-79--97),-87+5--51-60--23*-63-38/84*64+63--46/65+41+(-79--97),True
-45--35-1+26-39*79/-24+-5/-43--17-20*(-23+(81*99-51)),-45--35-1+26-39*79/-24+-5/-43--17-20*(-23+(81*99-51)),True
3*-57/54+21/47/75--39+-87--8*(60+72/2+(-29-90)/-16),3*-57/54+21/47/75--39+-87--8*(60+72/2+(-29-90)/-16),False
44/-46+55--94--72+79/(-19*(-2--29)+4*-5)*-88+50*-71*-11,44/-46+55--94--72+79/(-19*(-2--29)+4*-5)*-88+50*-71*-11,True
72/(24+73+(-60+52+76+(-1*13/60-35/-59/89--90/64*(-98)))),72/(24+73+(-60+52+76+(-1*13/60-35/-59/89--90/64*(-98)))),False
72/(20/-16--42*73+(-63+68+-85/(46+(88--42--11)+-83--16)*50)),72/(20/-16--42*73+(-63+68+-85/(46+(88--42--11)+-83--16)*50)),False
48--41-18+49+7*61--98/49/(-64+65/32)--60/61/-92+-34,48--41-18+49+7*61--98/49/(-64+65/32)--60/61/-92+-34,False
64/-34/89*62*-45-67*-81--20/12*(-86*26)-46/39-99+45,64/-34/89*62*-45-67*-81--20/12*(-86*26)-46/39-99+45,False
64*44--44--30*99/-23/76--60-(34+-13*52+-84*96/-56-64),64*44--44--30*99/-23/76--60-(34+-13*52+-84*96/-56-64),True
65-4/-5+-57-48+-48/-85/-98/-66/11*94-15/-26*-9/(-14),65-4/-5+-57-48+-48/-85/-98/-66/11*94-15/-26*-9/(-14),True
86-9/-11/85*31/-84*32*67+53-78*-21/79+-37--23-(4),86-9/-11/85*31/-84*32*67+53-78*-21/79+-37--23-(4),False
(-9/2+98/-49/59/-54+8-45*(-22+-75+-21--58+83-(28/(85)))),(-9/2+98/-49/59/-54+8-45*(-22+-75+-21--58+83-(28/(85)))),True
12/-80+8+-63+98*(62--91+81--52+27--16)+-53*(-81*-71/(20)),12/-80+8+-63+98*(62--91+81--52+27--16)+-53*(-81*-71/(20)),False
87+20/21--72*-74/(-90-33)-73*89+-57/(-89+10/70/-28/88),87+20/21--72*-74/(-90-33)-73*89+-57/(-89+10/70/-28/88),False
60--93-65*15--5+-49+34+76+39/(92/-63/-45-71)/46+-8,60--93-65*15--5+-49+34+76+39/(92/-63/-45-71)/46+-8,False
77+11*(-13/-74*-52*65/-21+85)--72+55*63--71+-63--79*30,77+11*(-13/-74*-52*65/-21+85)--72+55*63--71+-63--79*30,False
97+21-44+-73*(-13-(-20*-26*-87/-64/-61)-(-12+-50+36/-27)--67),97+21-44+-73*(-13-(-20*-26*-87/-64/-61)-(-12+-50+36/-27)--67),False
5/(-7+-46-0+(-72+84*59+-55/96*53--59*-41+-28+3/-50)),5/(-7+-46-0+(-72+84*59+-55/96*53--59*-41+-28+3/-50)),True
-40*-59+65*-100--45+-83+84*-57/-64*-38-82+(-25/64/42/(-75)),-40*-59+65*-100--45+-83+84*-57/-64*-38-82+(-25/64/42/(-75)),False
(-83/-66+-2)-75-(-29--96/77/-37--32/42*-87-(-58*-1)*29-4),(-83/-66+-2)-75-(-29--96/77/-37--32/42*-87-(-58*-1)*29-4),True
62*-100/79--53*(-65/46+-70)-62+-22-41--16/78+-60-28+-82,62*-100/79--53*(-65/46+-70)-62+-22-41--16/78+-60-28+-82,True
84/-81/-7-84*44-21-(41/-44+97/68)/80*-88/-58/-75/(29),84/-81/-7-84*44-21-(41/-44+97/68)/80*-88/-58/-75/(29),False
(88/-89)+(-38*-51/87/(-2--13-58+-17)+6/-79-(96+(-93-(95/-56)))),(88/-89)+(-38*-51/87/(-2--13-58+-17)+6/-79-(96+(-93-(95/-56)))),True
65-(-71*0+-64/-71+49*-85)/-62-23+-23/95-87*83--73+-94,65-(-71*0+-64/-71+49*-85)/-62-23+-23/95-87*83--73+-94,True
70-4*-69*-5+-84-0+(-52*-84)-64/-43*(-26*71*-90)-71--43,70-4*-69*-5+-84-0+(-52*-84)-64/-43*(-26*71*-90)-71--43,False
8+61*-82/55+-55--77-71/(55*(62*6--52*38)+-98)*67-59,8+61*-82/55+-55--77-71/(55*(62*6--52*38)+-98)*67-59,False
72*70+79*12*(74*-97/-19+51*42)+-54*55/-73*1+60-51,72*70+79*12*(74*-97/-19+51*42)+-54*55/-73*1+60-51,False
-32+85*-24--65--99-27*-48--97/(-94/52/(-48/74/(-41--43/-50))),-32+85*-24--65--99-27*-48--97/(-94/52/(-48/74/(-41--43/-50))),True
79+-52-21+93*-82/(-75+13-72)*(64+41+-14*-71-(-79/34/-31)),79+-52-21+93*-82/(-75+13-72)*(64+41+-14*-71-(-79/34/-31)),True
-9*-79*-50/25/(-84+15/-16*(-98*70*(17+-28*63-92/73*24))),-9*-79*-50/25/(-84+15/-16*(-98*70*(17+-28*63-92/73*24))),False
24*-56*-64-81*17+(29+11*53*(43-(-82/24*52/-9+(-35+1)))),24*-56*-64-81*17+(29+11*53*(43-(-82/24*52/-9+(-35+1)))),False
(-78/(11+-50+81/54)*-64+(-17*-4*5/-99/(-80-17/47/-45)*6)),(-78/(11+-50+81/54)*-64+(-17*-4*5/-99/(-80-17/47/-45)*6)),False
23+(-74*-12)+48--14+-14*91/30*-5+4--96*-69/-12/-21+1,23+(-74*-12)+48--14+-14*91/30*-5+4--96*-69/-12/-21+1,False
(-52/86-8/-7*(-63*-61)/-2+-62+(-76+75*-39*-35+85/31/9)),(-52/86-8/-7*(-63*-61)/-2+-62+(-76+75*-39*-35+85/31/9)),False
87+60-40/-45+82-(-98*(-7-45--20+10*-7+92-17-(56*48))),87+60-40/-45+82-(-98*(-7-45--20+10*-7+92-17-(56*48))),False
(-72+(-95*(70*25--78-(-23*-5)*-35-89/-34)--99)-38--52--58-27),(-72+(-95*(70*25--78-(-23*-5)*-35-89/-34)--99)-38--52--58-27),True
-18+-81/(25*-84-92)--68*(11+-53)+(-63*(54-82+(-61+93*-5--92))),-18+-81/(25*-84-92)--68*(11+-53)+(-63*(54-82+(-61+93*-5--92))),False
-39--53+42-24*-5+38*-31--5/-48*-62/-31*60*(-1/4+-68),-39--53+42-24*-5+38*-31--5/-48*-62/-31*60*(-1/4+-68),True
-56-60/78/86--48*45+-73*-43/76--93+(14/(40*(73*-21*91))),-56-60/78/86--48*45+-73*-43/76--93+(14/(40*(73*-21*91))),True
60-47-78--56/16+50/-97/72*51*-5/-90*-45-(-77+-19)+-52,60-47-78--56/16+50/-97/72*51*-5/-90*-45-(-77+-19)+-52,True
-25*(-37+(66-(84--71*-11*32*25)+-86/-51/-75/13/-2/43-80)),-25*(-37+(66-(84--71*-11*32*25)+-86/-51/-75/13/-2/43-80)),False
97/-73*55+44+42+-35+7/92/(-55/26+-46/-15-(-31+-49)*-54),97/-73*55+44+42+-35+7/92/(-55/26+-46/-15-(-31+-49)*-54),True
2+90/-10-76*(97/-43)+-91/-38-88+-17--97/47+-47*93--42,2+90/-10-76*(97/-43)+-91/-38-88+-17--97/47+-47*93--42,True
9+(-73+(-61/(2*-94+-80/(97+84*(77+(-2*13+(63/21+-36*65))))))),9+(-73+(-61/(2*-94+-80/(97+84*(77+(-2*13+(63/21+-36*65))))))),True
-40+(19/-55/93-46--34+-88*-26+-2/-48/(49-67)-18--27+(-99)),-40+(19/-55/93-46--34+-88*-26+-2/-48/(49-67)-18--27+(-99)),True
(95*65+-94)/89/30/59*41+-74--98-(-83*-58+-75-95*-21/-56),(95*65+-94)/89/30/59*41+-74--98-(-83*-58+-75-95*-21/-56),True
5*46--49+70-36+(-36-90)+60/-6/87/6+-86-20/-10/-94,5*46--49+70-36+(-36-90)+60/-6/87/6+-86-20/-10/-94,True
-95+18-(15*(-69-57*-43/73*-66)+(-11*-99+-70*51)*-71/(82+85)),-95+18-(15*(-69-57*-43/73*-66)+(-11*-99+-70*51)*-71/(82+85)),True
-40/5/(38*(7--19/51-3+3+-29/41-(-38+(-42*22/-91-(30))))),-40/5/(38*(7--19/51-3+3+-29/41-(-38+(-42*22/-91-(30))))),True
50/-81+-68+37/-62*(78--30+-3*99*42+-82/55+-66/96+-97),50/-81+-68+37/-62*(78--30+-3*99*42+-82/55+-66/96+-97),False
-57*21*15--91/85/7/52-12*-70*10/6-70*49-53*78,-57*21*15--91/85/7/52-12*-70*10/6-70*49-53*78,True
72+85*70-27*(-5/31--46/-89+24)+51+-95+(-36--86+27--9),72+85*70-27*(-5/31--46/-89+24)+51+-95+(-36--86+27--9),True
(6--65)-56-(-47-77)+(-27*-44-66)--50/(10--20+-82*-98*38+-5),(6--65)-56-(-47-77)+(-27*-44-66)--50/(10--20+-82*-98*38+-5),False
-58+(69--69)+-41/-80-98/(-47+-25*-95)*91+(-3*-46-47*4)/-89,-58+(69--69)+-41/-80-98/(-47+-25*-95)*91+(-3*-46-47*4)/-89,True
-72+22/7*26+32/-22+-27/-8+-28--29/98+-36--59*(-28/-89),-72+22/7*26+32/-22+-27/-8+-28--29/98+-36--59*(-28/-89),False
-2*33--87/(42*-6/-38--88)--61+27+-3-(-67+58+74+35+24),-2*33--87/(42*-6/-38--88)--61+27+-3-(-67+58+74+35+24),False
74/97-72-56-21/31/-81/-51+42*22-65+-72/-46+-49*48,74/97-72-56-21/31/-81/-51+42*22-65+-72/-46+-49*48,False
61-5+50*-6--80+9-(-92-33)+(37-46/21/48/-55/(13/49)),61-5+50*-6--80+9-(-92-33)+(37-46/21/48/-55/(13/49)),False
-11/80*-5+76*48*44+2/-28+40+(-11-66)+-97/31/(-46/(-74)),-11/80*-5+76*48*44+2/-28+40+(-11-66)+-97/31/(-46/(-74)),True
9*(-63--61--20*(-59*20--23-(-1--18+70/(93/-50)*-2-30*-70))),9*(-63--61--20*(-59*20--23-(-1--18+70/(93/-50)*-2-30*-70))),False
-10/-37+37*45-(-33*(96*-42/34/54-33/-66)/-23)*68+21+33,-10/-37+37*45-(-33*(96*-42/34/54-33/-66)/-23)*68+21+33,True
-25/58*-82/-30-81*-37-(57-0-24--15)*-97-4--97*13-97,-25/58*-82/-30-81*-37-(57-0-24--15)*-97-4--97*13-97,False
14-(89*42/58+3-25*-34--12*(-85+82*67*-92*-23-25)+-64),14-(89*42/58+3-25*-34--12*(-85+82*67*-92*-23-25)+-64),False
28*-74/52/(-89*-2-(-15+(-93/20)+-97--19)*-48*35)+-26-80*63,28*-74/52/(-89*-2-(-15+(-93/20)+-97--19)*-48*35)+-26-80*63,False
-73*23--29*82/-24+-16/-62*-99/31--68*-2/-34+65-74*15,-73*23--29*82/-24+-16/-62*-99/31--68*-2/-34+65-74*15,False
-31-92+75--25+-20+50--78-92/15+-44/91*(-17+-83/81-92),-31-92+75--25+-20+50--78-92/15+-44/91*(-17+-83/81-92),True
46/55+-7/(-42-40/(-10*(-91--28/(85/-96*31+75-42/72)*-17))),46/55+-7/(-42-40/(-10*(-91--28/(85/-96*31+75-42/72)*-17))),True
-49+79/48+82/40/59/29/34*-66/35-4*-28/27*10*68,-49+79/48+82/40/59/29/34*-66/35-4*-28/27*10*68,False
(-82-6+(28-57*50-(-33+-94*-37-(-65+56)--48/6/76*66/65))),(-82-6+(28-57*50-(-33+-94*-37-(-65+56)--48/6/76*66/65))),False
75/25-8+-78+(79*-51)/59-18--30-0/47+83/55*(32-(53)),75/25-8+-78+(79*-51)/59-18--30-0/47+83/55*(32-(53)),False
-51/(60*-30*9/-43)/-54*57+-67*-21+53+(-55+(-28-32-68+38)),-51/(60*-30*9/-43)/-54*57+-67*-21+53+(-55+(-28-32-68+38)),False
94--56--81-(-61+-10+-99*6/45-79+(2*-66+32+-64--39*86)),94--56--81-(-61+-10+-99*6/45-79+(2*-66+32+-64--39*86)),False
(-92/72/-94)*-2*-61-35/-46*-81--83*32+-69/-75/9/27+(7),(-92/72/-94)*-2*-61-35/-46*-81--83*32+-69/-75/9/27+(7),False
-78-60+29*-11*-97*14*(23/-65*(-89*-92-(-44/-23*(6--59)+-75))),-78-60+29*-11*-97*14*(23/-65*(-89*-92-(-44/-23*(6--59)+-75))),False
64--47/16-(35--100*-67*54+10/(36-59+-56+94+13/52+28)),64--47/16-(35--100*-67*54+10/(36-59+-56+94+13/52+28)),True
(-50-7-(-96+40*52+21--39)--53/-67*81/-18/-60-61*23--2),(-50-7-(-96+40*52+21--39)--53/-67*81/-18/-60-61*23--2),False
99/-51-64*39/(-45/-33+-31+(-96*(6+-2+-4)+-28/68+-15-92)),99/-51-64*39/(-45/-33+-31+(-96*(6+-2+-4)+-28/68+-15-92)),True
-5-(79*36--66)/(9*83+0*66)-62*-6-20/18+39*52+91,-5-(79*36--66)/(9*83+0*66)-62*-6-20/18+39*52+91,True
-87*-92+-35--44*-67+86*89+(-36--33+-9*-25+-68-(10+-58--43)),-87*-92+-35--44*-67+86*89+(-36--33+-9*-25+-68-(10+-58--43)),True
58*35--6/-43-27*(75-22)/81*-12/-85-43-63*32/49+(-76),58*35--6/-43-27*(75-22)/81*-12/-85-43-63*32/49+(-76),False
53+90*47*-70+-36*-42+71/-29+71/(-56/(40/-88/40*-37/(31))),53+90*47*-70+-36*-42+71/-29+71/(-56/(40/-88/40*-37/(31))),False
40--27/85*(32*(37--100)*-79-94*76+-49-(46-10-39-(15+-48))),40--27/85*(32*(37--100)*-79-94*76+-49-(46-10-39-(15+-48))),True
72+24*-87+-9/-13*67+(-82/(-57*95--41*(-76--63-(-83-72+-65)))),72+24*-87+-9/-13*67+(-82/(-57*95--41*(-76--63-(-83-72+-65)))),True
(43--36/35-49*45+(91*-58/-42--39--99*(64-55*-23-(-15--14)))),(43--36/35-49*45+(91*-58/-42--39--99*(64-55*-23-(-15--14)))),False
(-58+90-92/-19)-(48+-61/64+-46*-61-(3*-76/(-54*-46+50+4))),(-58+90-92/-19)-(48+-61/64+-46*-61-(3*-76/(-54*-46+50+4))),False
(-94*34/-11*85+(4+66)--100)/98--22/84/(36+-19)/-97*34*45,(-94*34/-11*85+(4+66)--100)/98--22/84/(36+-19)/-97*34*45,False
42/79-48*-31*-8--62*41-44*-13*46+(59/-23*56*-5*44),42/79-48*-31*-8--62*41-44*-13*46+(59/-23*56*-5*44),False
54-50*(-48-(43*92--73/78)+(93+(13+-20-54--73/-35)+72*-5)),54-50*(-48-(43*92--73/78)+(93+(13+-20-54--73/-35)+72*-5)),True
0/(-53/36*73*-92)+38*-64*24*-68/-11+-4+8*-63--60-26,0/(-53/36*73*-92)+38*-64*24*-68/-11+-4+8*-63--60-26,False
-5-40--56/-79*73--14-91/18*-28*18/61--91*-6-29*44,-5-40--56/-79*73--14-91/18*-28*18/61--91*-6-29*44,False
98-(4+99/67/-39+-37)/22+(90/10)/-4+79+50/-54+53/-53,98-(4+99/67/-39+-37)/22+(90/10)/-4+79+50/-54+53/-53,True
38/43--11+59-36--66/(56+12)+-68*24-78/-73*17*-66--74,38/43--11+59-36--66/(56+12)+-68*24-78/-73*17*-66--74,True
-64*22-76*23--8-64-(88+72)-12*81*71+4-86/(55--74),-64*22-76*23--8-64-(88+72)-12*81*71+4-86/(55--74),True
-83*(-76*63*-44)+-42-4--11-7+(-37/(8+66)*-87/59/-39/20),-83*(-76*63*-44)+-42-4--11-7+(-37/(8+66)*-87/59/-39/20),True
18+99*13--90+13/73+-49-(19*(-64/(-57--18*-84--1*-91/80))),18+99*13--90+13/73+-49-(19*(-64/(-57--18*-84--1*-91/80))),True
(-38--88+(-97/(25/20+-36/-1*-27/(41*-62*49+(-34+8+58+(7)))))),(-38--88+(-97/(25/20+-36/-1*-27/(41*-62*49+(-34+8+58+(7)))))),False
-21*-100/78/-67/(32-21)+-52+26/4+-16-42/52*-75/-56--72,-21*-100/78/-67/(32-21)+-52+26/4+-16-42/52*-75/-56--72,True
-53+(-100-78)+(-85/-54+65/54/91-61*85-71*-86/51*-88+-46),-53+(-100-78)+(-85/-54+65/54/91-61*85-71*-86/51*-88+-46),True
-94-(4/10)-79*25*-31+-69+27+-23--55/5--48/(78+(9/-38)),-94-(4/10)-79*25*-31+-69+27+-23--55/5--48/(78+(9/-38)),True
30*61+-44*-45*31*28/39*30*12/-27-72*-43/-80+-69-27,30*61+-44*-45*31*28/39*30*12/-27-72*-43/-80+-69-27,False
-36/(86/65+-54+-7*-35/8)*-28+-87*-74/-79-(60-0*31-84),-36/(86/65+-54+-7*-35/8)*-28+-87*-74/-79-(60-0*31-84),False
66+-100*(-47+58+-46)*(-74+79*-95/25--34*-29/-35+(8--63+76)),66+-100*(-47+58+-46)*(-74+79*-95/25--34*-29/-35+(8--63+76)),False
-69/-39+-7+91/(-73/90+62-(-49/(-2*38/-22)/(25/-79/14*-97))),-69/-39+-7+91/(-73/90+62-(-49/(-2*38/-22)/(25/-79/14*-97))),True
-88*-9-9/-97-26*64+(39/(44*30/-77+42*48)+58/-57+(-22)),-88*-9-9/-97-26*64+(39/(44*30/-77+42*48)+58/-57+(-22)),False
-72--75-90/53-13*-61-49-0+90--29*-58/-9+9-(50+-62),-72--75-90/53-13*-61-49-0+90--29*-58/-9+9-(50+-62),False
78+14/11*-62+-20*54/14*70+90+-89/45/-59/-18*19-55,78+14/11*-62+-20*54/14*70+90+-89/45/-59/-18*19-55,False
-27/-47/22*-31*-72*97+10/23+-23*-58/54--20--53/(-76-(23)),-27/-47/22*-31*-72*97+10/23+-23*-58/54--20--53/(-76-(23)),True
29/50--47*-52*-19+(-64*(-17/91/-94)+-45/(6-28)+14)+-32/94,29/50--47*-52*-19+(-64*(-17/91/-94)+-45/(6-28)+14)+-32/94,True
-25/-24*-31+-17*-59*-30+66/18+90*-88-65/64-76/-90*33,-25/-24*-31+-17*-59*-30+66/18+90*-88-65/64-76/-90*33,False
51*4+-71*-26-47-53--30+(-11-72*75+11/-95-72+14-(-68)),51*4+-71*-26-47-53--30+(-11-72*75+11/-95-72+14-(-68)),False
53--66+-84*59/54/45*51*-60+-51/-39*40/-23+(-77*28/-16),53--66+-84*59/54/45*51*-60+-51/-39*40/-23+(-77*28/-16),False
(22*(-95--80*-38--84/-17+-100/-45--71+20*60--53*73+-80)--83),(22*(-95--80*-38--84/-17+-100/-45--71+20*60--53*73+-80)--83),False
-83+-10/78+-32+25--4*70/96*-5/-44+(-85+-57)-1+(26/1),-83+-10/78+-32+25--4*70/96*-5/-44+(-85+-57)-1+(26/1),False
-73+-30+-5+72*(32-28+-59/9--72)*-60+(-45*86/-69*-37+(69)),-73+-30+-5+72*(32-28+-59/9--72)*-60+(-45*86/-69*-37+(69)),True
(62+-24/-91*25/-37*-25-44--29/-18+-80)/(-20*79)*-9-(-88*-43),(62+-24/-91*25/-37*-25-44--29/-18+-80)/(-20*79)*-9-(-88*-43),False
(-24/-89)/(87+49)/-19--63*-30/85+-35/44/-52/13/9-(-55-(15)),(-24/-89)/(87+49)/-19--63*-30/85+-35/44/-52/13/9-(-55-(15)),False
-90+-71-(0--12+-20+72/31-49-50/28+-55)/47/-97+-42/-56,-90+-71-(0--12+-20+72/31-49-50/28+-55)/47/-97+-42/-56,True
(52/33/-77+49/-34/(-6-20)+(56/-66*(81--81+39/50/30+-97))),(52/33/-77+49/-34/(-6-20)+(56/-66*(81--81+39/50/30+-97))),False
32*-15+-16/93*-76--35*-53-68*65--63+74+(-62*-30/(99-17)),32*-15+-16/93*-76--35*-53-68*65--63+74+(-62*-30/(99-17)),False
-77+-100-48-92+(95+5-77/97--75+26*-38*72/-71/-61*73),-77+-100-48-92+(95+5-77/97--75+26*-38*72/-71/-61*73),False
-20+37/-27/-62+9-40+52/62/72+3--97-(45*(73+23--79)),-20+37/-27/-62+9-40+52/62/72+3--97-(45*(73+23--79)),True
57/-92*-66--90*-98*-100+-39*64+-39/-13*55-73+4+56/-37,57/-92*-66--90*-98*-100+-39*64+-39/-13*55-73+4+56/-37,False
53+-92-55/-92+91/-44*14/35*-77-16/-65/-1+(-73*2*-33),53+-92-55/-92+91/-44*14/35*-77-16/-65/-1+(-73*2*-33),True
-85+4+85/60--39*-92*97/95+63/-74*-85+-3--74*(-66/(35)),-85+4+85/60--39*-92*97/95+63/-74*-85+-3--74*(-66/(35)),True
68*98*-5/-82/30+-41+74--88+(79*-59/-49+-93/-87+(66+69)),68*98*-5/-82/30+-41+74--88+(79*-59/-49+-93/-87+(66+69)),False
12/18-47/-84*-84*75/-27/(17*6)*21+-58--33+-45-(-95/61),12/18-47/-84*-84*75/-27/(17*6)*21+-58--33+-45-(-95/61),True
69*41*-36/-62+(31-57*75+26)-65*82+39+50+-98--36+68,69*41*-36/-62+(31-57*75+26)-65*82+39+50+-98--36+68,True
-78*-15/-58+33*-17+21/49+-18+48*-22/65-(28-26/-35--58),-78*-15/-58+33*-17+21/49+-18+48*-22/65-(28-26/-35--58),True
-41+48*-14/-31+87+19+-7-93-57/(74/69--65+-54)+92--87,-41+48*-14/-31+87+19+-7-93-57/(74/69--65+-54)+92--87,False
61/-90/43/-98+87+-73*27/(55+-4)-73+-72--43+-58+-67*-75,61/-90/43/-98+87+-73*27/(55+-4)-73+-72--43+-58+-67*-75,True
69--88/93+70-50-99*-40-13/-48-3*89/(91+-56/95+32),69--88/93+70-50-99*-40-13/-48-3*89/(91+-56/95+32),True
(-3/(70*75/-31/47/-39*16*52+-6/80-(20/-49-(23--95--94)))),(-3/(70*75/-31/47/-39*16*52+-6/80-(20/-49-(23--95--94)))),False
92--53/66+78+-33-33--65/61*-69+-78+82+7+-32*56/(82),92--53/66+78+-33-33--65/61*-69+-78+82+7+-32*56/(82),True
-51-56/31-48/-19/86+-15*-21/-68--96--52/-10--87--47/-31,-51-56/31-48/-19/86+-15*-21/-68--96--52/-10--87--47/-31,False
97/-73--1*(-69/-86)--60*(2/47+-4/-56)-79/73*(36-53/-6),97/-73--1*(-69/-86)--60*(2/47+-4/-56)-79/73*(36-53/-6),False
(-29+(86*(40+-14+93-1+22+66-88/6)-42*-15*(14/-52/17))),(-29+(86*(40+-14+93-1+22+66-88/6)-42*-15*(14/-52/17))),True
16--78/98*-47-(61-80+91)+(8+(-68/-56-17/-80)-65-45+66),16--78/98*-47-(61-80+91)+(8+(-68/-56-17/-80)-65-45+66),False
99+10+49-95*(-24+(17/96-(-71/85)+55*71-(75*-46/-97)/-77)),99+10+49-95*(-24+(17/96-(-71/85)+55*71-(75*-46/-97)/-77)),True
68+12*54/-70-92-(12+-96)*-92*-90*-25/-2/84+(-56-46)/28,68+12*54/-70-92-(12+-96)*-92*-90*-25/-2/84+(-56-46)/28,False
-45+-12/(-15+-72+-52)-(-36+-50)/88+(-83*-2*18/-92+-27+-53/-100),-45+-12/(-15+-72+-52)-(-36+-50)/88+(-83*-2*18/-92+-27+-53/-100),True
-8/63/-31*56/73--95/64/63*(-93+80+16*(76+-14/-20+85)),-8/63/-31*56/73--95/64/63*(-93+80+16*(76+-14/-20+85)),False
37*-25--30-99+88/-94+40*82/46+18-75*-7+-58-58+20,37*-25--30-99+88/-94+40*82/46+18-75*-7+-58-58+20,True
97+-67+24/-4*-44*51-8*13/-48--31*33/(-54*-35/-62*(-34)),97+-67+24/-4*-44*51-8*13/-48--31*33/(-54*-35/-62*(-34)),False
-66/(39/85+-57*(-10+65-82)*(57-7+75*-95/3*99--90/70)),-66/(39/85+-57*(-10+65-82)*(57-7+75*-95/3*99--90/70)),False
29-21/-8*5-56-56+41/-67*84--9-(56*88*(-48/-67)+-13),29-21/-8*5-56-56+41/-67*84--9-(56*88*(-48/-67)+-13),False
33--37*69*-27-7+30+-2/-89+73--19/-71/73-11+6-41,33--37*69*-27-7+30+-2/-89+73--19/-71/73-11+6-41,True
(36+(-52/-28/58+78+-17/10*(64/(34+-50--83--30-(-88*-26+-39))))),(36+(-52/-28/58+78+-17/10*(64/(34+-50--83--30-(-88*-26+-39))))),False
75/86+69--40*(30/(82+25*(51*94--10)/-30*94+-88/(71/13))),75/86+69--40*(30/(82+25*(51*94--10)/-30*94+-88/(71/13))),True
39+(13*-11--37)+95-68--47+-88-(-86+(-5/-28-72/79*92/-7)),39+(13*-11--37)+95-68--47+-88-(-86+(-5/-28-72/79*92/-7)),True
61/46-(41+-10/-79)+(98/23)-70/68*(-43/-75*-45-(-59*84+-5)),61/46-(41+-10/-79)+(98/23)-70/68*(-43/-75*-45-(-59*84+-5)),False
28*81/46*-40+(-10/74)/49*-94/66--73*29*(21/62*-60/59),28*81/46*-40+(-10/74)/49*-94/66--73*29*(21/62*-60/59),True
-70+(-32-78--82)*89*(-11+-30)+-94*-39+-26-2/30--11+35--2,-70+(-32-78--82)*89*(-11+-30)+-94*-39+-26-2/30--11+35--2,False
35/-55/22/-12+65+-97--24--44--25/73--53/-15*(-55-40*-45),35/-55/22/-12+65+-97--24--44--25/73--53/-15*(-55-40*-45),False
82--34*8*21*-43*17--43*-29-(-22*(-45*28*71)*-63+(14/94)),82--34*8*21*-43*17--43*-29-(-22*(-45*28*71)*-63+(14/94)),True
99*32--59+76/(-96/(-97-16)*97*(-31-87+-43/85*(79+-84+59))),99*32--59+76/(-96/(-97-16)*97*(-31-87+-43/85*(79+-84+59))),True
98*-7/6+-88/-92*81*-87+66-85-(47-(-40+-42*-89*88*-25)),98*-7/6+-88/-92*81*-87+66-85-(47-(-40+-42*-89*88*-25)),False
(-15/(-63+84--8/-97--17*69*(-11+89/-93/61-95--23*-7+50))),(-15/(-63+84--8/-97--17*69*(-11+89/-93/61-95--23*-7+50))),True
-19/33/-11--23*-27*-39/78/(93--36*-64--86--6+-30+-94-64),-19/33/-11--23*-27*-39/78/(93--36*-64--86--6+-30+-94-64),True
78*-92/76*-68+-23-6+(-79-(97--70-(-8-94+-81+(-45*80*61)))),78*-92/76*-68+-23-6+(-79-(97--70-(-8-94+-81+(-45*80*61)))),True
-80--9+-44*-3*84-75*64*-35*16*21*-70--54--14*-100*63,-80--9+-44*-3*84-75*64*-35*16*21*-70--54--14*-100*63,False
39/66*-54+-71/(5+99)+72+(-4*-83-(-59-84/(33--9*(-83*-78)))),39/66*-54+-71/(5+99)+72+(-4*-83-(-59-84/(33--9*(-83*-78)))),False
-58-(88--29+78-(86/-73--92+36--1+(-17+77/6--89*-47-92))),-58-(88--29+78-(86/-73--92+36--1+(-17+77/6--89*-47-92))),False
(77+-48--11+(-16--84/-63+6)/-23/-80*-60--36)*(-42+20-38)*(68),(77+-48--11+(-16--84/-63+6)/-23/-80*-60--36)*(-42+20-38)*(68),False
94--20-92-0+4/-48/-91*-41+-36/15-(-92*34*(71/(8*-69))),94--20-92-0+4/-48/-91*-41+-36/15-(-92*34*(71/(8*-69))),False
25/(69--39+9/99+89+-17)+-52*-100--81+14-(56+49--74/-50),25/(69--39+9/99+89+-17)+-52*-100--81+14-(56+49--74/-50),True
0+(56+-24+96-(-99/-13)/(-47*(83/-93*-74+65+97*6-(20--41)))),0+(56+-24+96-(-99/-13)/(-47*(83/-93*-74+65+97*6-(20--41)))),False
-54-45+44--20*28/-35-(95/21)-(74-(-75--2)*-79/(-92-(-33-68))),-54-45+44--20*28/-35-(95/21)-(74-(-75--2)*-79/(-92-(-33-68))),True
-97+-9/-83+10/(-79*21*53*33*(93*56)-29+59*(18/-56)--27),-97+-9/-83+10/(-79*21*53*33*(93*56)-29+59*(18/-56)--27),True
-12+(-39/-49-86)-63*(89-(7+56)-5+-65*93/(-80/-62-(-57+92))),-12+(-39/-49-86)-63*(89-(7+56)-5+-65*93/(-80/-62-(-57+92))),True
(-78+51/8*83/58*83*-43)+35-(26+-99--98)--83-(89/-5*-55),(-78+51/8*83/58*83*-43)+35-(26+-99--98)--83-(89/-5*-55),False
79/-49*-46*-9/96/30*-95*92/-10+-88/29/-68*-1+-64*80,79/-49*-46*-9/96/30*-95*92/-10+-88/29/-68*-1+-64*80,True
-22/78-38/-77--14-92/-10*37*44*-89*-99+44/19-37/(90),-22/78-38/-77--14-92/-10*37*44*-89*-99+44/19-37/(90),True
(-94/47)--26+(-39-19)*-96*56/31+-77+(98/37--69*-77)*(73/93),(-94/47)--26+(-39-19)*-96*56/31+-77+(98/37--69*-77)*(73/93),True
(-57/64*-40+79--69)-10/53+(88/40/23*-29/-66+-5--69-17),(-57/64*-40+79--69)-10/53+(88/40/23*-29/-66+-5--69-17),False
(72/-96*44+-17)-(50-(-48--47-0+49/88--72*91-(49+64--98))),(72/-96*44+-17)-(50-(-48--47-0+49/88--72*91-(49+64--98))),False
-66+54+-29+-96-93-34*20--48+-8-45+-55*(12*-10+-39/-79),-66+54+-29+-96-93-34*20--48+-8-45+-55*(12*-10+-39/-79),False
-41*-100*(-63+57/-53+28/75/-51*83+-58*(29/-53*13)+-50-5),-41*-100*(-63+57/-53+28/75/-51*83+-58*(29/-53*13)+-50-5),True
-85/(-15+49+99+12)/(-47*-55+78+(88/82+-7)-42)+-37*-16--16,-85/(-15+49+99+12)/(-47*-55+78+(88/82+-7)-42)+-37*-16--16,False
(-40/(66/-27/21/-29+33*-41*(-22/28)+96--3--23)/-2)-49*-68,(-40/(66/-27/21/-29+33*-41*(-22/28)+96--3--23)/-2)-49*-68,True
-93/78+-73+66*-41--97+-75/(-96-79*40--25/-31)/(24/41*17),-93/78+-73+66*-41--97+-75/(-96-79*40--25/-31)/(24/41*17),True
49*(-89*-30-(-92-8/-25+(-26*-72)--59-43)+28-(-55/-40*84/84)),49*(-89*-30-(-92-8/-25+(-26*-72)--59-43)+28-(-55/-40*84/84)),False
59/78/-5/-43-13+-16*66*-26*98+34-8/83/-79+-32--3,59/78/-5/-43-13+-16*66*-26*98+34-8/83/-79+-32--3,False
-74+(-10*89/80+11-(85--88)+74*75-76+-41)*84-70/(-70/69),-74+(-10*89/80+11-(85--88)+74*75-76+-41)*84-70/(-70/69),False
-70/-25+19/-99*64*-22/68*-64-41*46*-90/-81*45*-90--76,-70/-25+19/-99*64*-22/68*-64-41*46*-90/-81*45*-90--76,True
-78/(42--24)-(42+(16-(-71/-65)+-97-2)*-70*-24)/96+18*42/26,-78/(42--24)-(42+(16-(-71/-65)+-97-2)*-70*-24)/96+18*42/26,True
(85*42-(-7--44)--100*89*-7*-84-96/-85/36*58/84*-73*-49),(85*42-(-7--44)--100*89*-7*-84-96/-85/36*58/84*-73*-49),True
94+74/-87+39+72--5-77-(-44/31/-85/(-88-30*-88*-46)+69),94+74/-87+39+72--5-77-(-44/31/-85/(-88-30*-88*-46)+69),True
-98/(6-72/-27)/-82/(13/-21)/17--91+88--4/93*45+-38-60,-98/(6-72/-27)/-82/(13/-21)/17--91+88--4/93*45+-38-60,True
-12*99*-70*-49/-99-19--22--16--1*(14+-74)--72*96/-5*(69),-12*99*-70*-49/-99-19--22--16--1*(14+-74)--72*96/-5*(69),False
17-11*71/-73+88-99/3*-18-(-4/53*-91*(60-35-98/-17)),17-11*71/-73+88-99/3*-18-(-4/53*-91*(60-35-98/-17)),False
-7+-97+60*-36--49+(66--90+-97+(51/4)*-6+49-51/54/-95),-7+-97+60*-36--49+(66--90+-97+(51/4)*-6+49-51/54/-95),True
-50+-68--27*(-49-59/97)+-48--79*7*0/-45/43--83*57*-15,-50+-68--27*(-49-59/97)+-48--79*7*0/-45/43--83*57*-15,True
-58-(14*19+-48)/-24-56*-51/-2-40-55/(93*-76-(72/-85+(-52))),-58-(14*19+-48)/-24-56*-51/-2-40-55/(93*-76-(72/-85+(-52))),False
-49-63/29+-23/-90-52*33*-64-(12+-97--41*(92+-66*-30/40)),-49-63/29+-23/-90-52*33*-64-(12+-97--41*(92+-66*-30/40)),True
(67--36*19/60+-54*56*(-47*14)*40)*-45--89/(-79*95/-32*44),(67--36*19/60+-54*56*(-47*14)*40)*-45--89/(-79*95/-32*44),True
40+54/50*-84+-27*-59*1*-84+39*-98/-19-26*-67*(63-(89)),40+54/50*-84+-27*-59*1*-84+39*-98/-19-26*-67*(63-(89)),True
-35-27--50*-9*99-(24+49)*(-55*77/-69+75*-99-39/76--7),-35-27--50*-9*99-(24+49)*(-55*77/-69+75*-99-39/76--7),True
-35*-19*68*(-75*-13--43+94--47/-17)/7--59+91+(45-75*-21),-35*-19*68*(-75*-13--43+94--47/-17)/7--59+91+(45-75*-21),False
3*46+-83*-91--40/-12+-77+-78+-33/42/-41/-89/-38+33-(-49),3*46+-83*-91--40/-12+-77+-78+-33/42/-41/-89/-38+33-(-49),True
-98+-91-(-74*13+-39*(-77-50)/13+-39+(-66*-4*-6*(19/50*(66)))),-98+-91-(-74*13+-39*(-77-50)/13+-39+(-66*-4*-6*(19/50*(66)))),True
(30*(-40/71/-10)/(7/10)*-64/-27)*41+-68/(-77/-43)*5+95/-72,(30*(-40/71/-10)/(7/10)*-64/-27)*41+-68/(-77/-43)*5+95/-72,True
11+17*94/-52*(5-21/83/-8)/24-(-36+10)--22*72--70-(60),11+17*94/-52*(5-21/83/-8)/24-(-36+10)--22*72--70-(60),False
-19/45-68--100+(99/-74*88+(89-(4+75*-4)*73*-16+-15-34)),-19/45-68--100+(99/-74*88+(89-(4+75*-4)*73*-16+-15-34)),False
50--92+44/63-(-38*74*(31+-72*44)*-52*13+(28+-6)+-64+-1),50--92+44/63-(-38*74*(31+-72*44)*-52*13+(28+-6)+-64+-1),True
-17--77--70*27*64+-78-(5*(12*-78)+-17/-44*83--86*64/72),-17--77--70*27*64+-78-(5*(12*-78)+-17/-44*83--86*64/72),True
70+-81/-54-(24-20-99*-24/67+78+5+(67+59-61--78+-26)),70+-81/-54-(24-20-99*-24/67+78+5+(67+59-61--78+-26)),False
-20+-84*7/-40--72--9*19--36+-17/41/-20/33*-51+-92+(24),-20+-84*7/-40--72--9*19--36+-17/41/-20/33*-51+-92+(24),False
-80*12+-21+-94--5/-94-(60/85)-8+73*-89/-31--79*(33--62),-80*12+-21+-94--5/-94-(60/85)-8+73*-89/-31--79*(33--62),True
(41-(-8*-30)*73--88*-99+-28--5)/-17/-31/-5*30/12+85*(-26),(41-(-8*-30)*73--88*-99+-28--5)/-17/-31/-5*30/12+85*(-26),True
74/(50/-56*93*(-33/8--71+(25+74-73--99+26/82/-61/-6))),74/(50/-56*93*(-33/8--71+(25+74-73--99+26/82/-61/-6))),False
7+-59*-54*81*-16*(-29*49*-60--69*(18+28)*-5/14)+-19+-25,7+-59*-54*81*-16*(-29*49*-60--69*(18+28)*-5/14)+-19+-25,False
-46/-6+(-29+(-34*28*(51-27*(-74--78*-97+59)-(82--96/-24/98)))),-46/-6+(-29+(-34*28*(51-27*(-74--78*-97+59)-(82--96/-24/98)))),False
88*-92+90-(11/-89/(-88-(53*(60*37)/-60+-97*53+4+58+-14))),88*-92+90-(11/-89/(-88-(53*(60*37)/-60+-97*53+4+58+-14))),False
5/(-95--52*-35--49/78*(-13/19-(-41*46)--74)*88)+66+-50--96,5/(-95--52*-35--49/78*(-13/19-(-41*46)--74)*88)+66+-50--96,True
47-(33+-16--24--3*7*68/13/(-12*-89*19--47)*-65*-70/40),47-(33+-16--24--3*7*68/13/(-12*-89*19--47)*-65*-70/40),False
36/(-45/-5-41*15/(-6+(22*91--96/-19/-87+(32+8)-(-98/-57)))),36/(-45/-5-41*15/(-6+(22*91--96/-19/-87+(32+8)-(-98/-57)))),False
-6+-77/-4*(54/89)*-82/-62/44/15*-22*(-52*-21)*53*(-14*-43),-6+-77/-4*(54/89)*-82/-62/44/15*-22*(-52*-21)*53*(-14*-43),True
99-53*-34--21*-76/-18--64/-61-(48+(54*-71*-48+-5--76*71)),99-53*-34--21*-76/-18--64/-61-(48+(54*-71*-48+-5--76*71)),True
-38*(32/-41)/-49/76-(68+46/(-78/-13--61/45*(-20/(-42-26*-63)))),-38*(32/-41)/-49/76-(68+46/(-78/-13--61/45*(-20/(-42-26*-63)))),True
55--26-(-67/(-73*-30-41+76-93+-20*46-60-0*-26*56)-(89)),55--26-(-67/(-73*-30-41+76-93+-20*46-60-0*-26*56)-(89)),False
-89-(42/-27)/81+-63*-36+-41/3+38*26-74/-96-79*45-96,-89-(42/-27)/81+-63*-36+-41/3+38*26-74/-96-79*45-96,False
35+(-42/84--24/(22*3+16-60--20/-44-(-69-80)-(22*85/68))),35+(-42/84--24/(22*3+16-60--20/-44-(-69-80)-(22*85/68))),True
(36/27/-92)+62+-15*3/-20+-95/-20+-75*-8*-53/(25*96-22),(36/27/-92)+62+-15*3/-20+-95/-20+-75*-8*-53/(25*96-22),True
75*-66-19+67+84*(63/97)+-89*45-89*-56+28+-85/69/(46),75*-66-19+67+84*(63/97)+-89*45-89*-56+28+-85/69/(46),False
27*-13+-29+(13+-12+53--66-15*-75*-83)/-76/-93*(-97*(53+-85)),27*-13+-29+(13+-12+53--66-15*-75*-83)/-76/-93*(-97*(53+-85)),False
-82-70/55+-75*-52+(-15/-41)*-47+(36*-41-(34/-45--36--31/38)),-82-70/55+-75*-52+(-15/-41)*-47+(36*-41-(34/-45--36--31/38)),True
(41+(-30+47*54+-16/-7)*(-4*-26)*-79)*-22+-52+33*-27-74-(22),(41+(-30+47*54+-16/-7)*(-4*-26)*-79)*-22+-52+33*-27-74-(22),True
10*-11*9*(30*-63)--46+(-9/-11-(-15--100*61/(45/-49)*(-67*94))),10*-11*9*(30*-63)--46+(-9/-11-(-15--100*61/(45/-49)*(-67*94))),False
-96*51/64*6/-100--27/37/-53*17-64+28+-3+-27+21*(-58),-96*51/64*6/-100--27/37/-53*17-64+28+-3+-27+21*(-58),False
-50--77--92+(-65+-10)/(13*-88)+75/(-86*19)*(30*96)--3*(60/20),-50--77--92+(-65+-10)/(13*-88)+75/(-86*19)*(30*96)--3*(60/20),True
(37*35+-28-51+(46*(87+-27--98--89*-95-39/4*76/-50)+-17)),(37*35+-28-51+(46*(87+-27--98--89*-95-39/4*76/-50)+-17)),False
-53*-34*-56--71/(6*(59/(-100-89*(74+(-59--33--34)+85/-21-(9))))),-53*-34*-56--71/(6*(59/(-100-89*(74+(-59--33--34)+85/-21-(9))))),False
49/71-(51+67*32/28*68/33*55/(82*-18*-25*-69+99-58)),49/71-(51+67*32/28*68/33*55/(82*-18*-25*-69+99-58)),True
18--85+87/55-95/90/-61+(-29+28*3)-90*95+-71*33+-80,18--85+87/55-95/90/-61+(-29+28*3)-90*95+-71*33+-80,True
-72/42-(-10+-45+7)/1*34/-90-82/-86-(-13-30-45/-85)+(32),-72/42-(-10+-45+7)/1*34/-90-82/-86-(-13-30-45/-85)+(32),False
68/-36*69*-100/-71+-32*(-21*78+14)+-65/-93*52+25-68+73,68/-36*69*-100/-71+-32*(-21*78+14)+-65/-93*52+25-68+73,False
-21--82*-68/-47*(99+-53+98*-79+(-30/(-73/70+-8/-63/(61/32)))),-21--82*-68/-47*(99+-53+98*-79+(-30/(-73/70+-8/-63/(61/32)))),True
(-4+2)-3-(-23-(-85+-98*(12+77/80--12--81*-9*85)*-27*3)),(-4+2)-3-(-23-(-85+-98*(12+77/80--12--81*-9*85)*-27*3)),False
13+49+-84*92--21--47*66+(9+-48/-57+-7-49)/86+79*-36,13+49+-84*92--21--47*66+(9+-48/-57+-7-49)/86+79*-36,True
(-75/-22+14+96-7*-32*-74-20)--1*-6+(-68/-43*27+-70/45),(-75/-22+14+96-7*-32*-74-20)--1*-6+(-68/-43*27+-70/45),False
39/-18+-66*85--56*-60-59/(-70+94)*86*41/87/97+-23/96,39/-18+-66*85--56*-60-59/(-70+94)*86*41/87/97+-23/96,False
-62/-70+-5*(-55*(52*-80+68)+25-69)-42+-42+-97-35/-96/-44,-62/-70+-5*(-55*(52*-80+68)+25-69)-42+-42+-97-35/-96/-44,True
10*-33+(79/-40--22)-90*-84/-86-7+-76/39-7*-73+(-77--91),10*-33+(79/-40--22)-90*-84/-86-7+-76/39-7*-73+(-77--91),False
96/(-64/-6--63+74)*-93+83+-23-39*(71+-11)/-62/(-53*9)/26,96/(-64/-6--63+74)*-93+83+-23-39*(71+-11)/-62/(-53*9)/26,False
-35+-36*-51*84/79*-24/60/-16/45+79/80/-1*34+0/-21,-35+-36*-51*84/79*-24/60/-16/45+79/80/-1*34+0/-21,False
