Original,Perturbed,Is_Equivalent
-75.53/22.07--64.38-74.62--82.67/-84.36+21.38/72.96^2+-75.69,-75.6972.9621.38-84.36-82.6774.62-64.3822.07-75.53/--//+/+^2,True
(-52.24/-41.14/(-54.19^1-74.76+(-6.59/(68.84+-73.83*-32.68)--28.86))),-41.14-52.24/^*-54.19-^1+-28.86-6.59-/-32.68-73.8368.84+*,True
24.0^2-42.44+-87.77^1-^*58.85*-74.66*26.46^2,26.46/58.85-70.02-87.7742.4424.0-^2+-^16.02***^2,False
-56.83-84.99^1+-30.0^1-8.97/(-86.19/(44.68^1-92.19)),8.97-30.084.99-56.83-+^1-^1^+-92.1944.68-^1,False
^+96.91+27.56/62.02-79.33+69.64+57.67/88.41^1--24.3,-24.3/57.6769.6479.3362.0227.5696.91-48.47++--++/-^1,True
-58.48*(-49.39*93.13+-74.79/-89.25*(62.96/20.65/(22.43*-2.56/(5.82)))),-58.48*-89.25-74.7993.13-49.39*+**20.6562.96//-2.5622.43**5.82,False
^^1--95.91+60.72*-38.85-56.99*(-38.39+7.32)^1--90.89,-90.8956.99-38.8560.72-95.91^-^1+*--*^7.32-38.39+1,False
-74.62-*^1+3.56^1-59.17--42.51+-39.61-11.87^1,11.87-39.61-42.5159.173.5631.43-74.62-+^72.98-^1---^1,False
53.39--60.74+57.08^2-3.22+10.79--73.26/76.03--1.7/*,44.43-1.7^-73.2610.793.2257.08-60.7453.39-+-^2+-/-/,True
(58.43/-20.77)+/-85.29-(27.86-(83.51^2+73.45+75.14--54.45)),85.2962.8+-20.77//--27.86--54.4575.1473.4583.51+^2+-,False
(38.54/(89.62^1+-33.84+-82.68*(-50.98-82.13--20.99+(-19.18+57.62)))),38.54/-82.68-33.8489.62+^1**-20.9982.13-50.98--+57.62-19.18+,True
-19.57+(-44.79--40.16-11.02*-97.28+-84.2-(17.93--11.56^1+-79.46)),-19.57*-84.2^11.02-40.16-44.79--*+---11.5617.93-+^1,False
-25.94+(-40.65-25.0)/60.95*-7.86+-40.53-64.27*-12.59--70.95^1,-70.95-12.5964.27-40.53/60.95-25.94+/25.0-40.65-*++*-+1,False
-24.21*78.61--97.5+-49.75-72.6--47.44/40.61^2+-77.06+89.51,89.51-77.0640.61-47.4472.6-49.75-97.5^-24.21*-+^-/+^2+,True
-27.51-92.42-66.65-87.81--2.0^2-(43.67-4.46)^2-(/),^87.8166.6592.42-27.51-^----^2^4.4643.67-2-97.46,False
78.59^-3.07+-82.49^2--93.56-99.07*-56.82*(-30.11+-6.5/(25.28)),-56.8299.07-93.56-82.4978.59^^1-^2-**-6.5-30.11+/25.28,False
94.59+39.31^1+-4.46^1+-74.9^2--5.66+-45.59+76.77,76.77-45.59-5.66-74.9-4.4639.3194.59++^1+^1-^2++,True
-46.91*-69.5-76.78-80.57^2+(-71.74*38.21/-27.86*-6.84--24.16),80.5776.78-69.5-46.91*--+^2-24.16+-27.86--71.74*^**,False
-20.21*-35.58/62.11-75.36^1-93.88*^*96.84+-10.57--47.79,-47.79-10.5796.84-10.8493.8875.3662.11^-20.21-/--^1*/+-,False
-31.04^1+68.71^2-43.5*-28.65+-49.57^2/-44.5^1,-44.5-49.57-28.6543.568.71-31.04+^1-^2*++^2^1,False
-94.55/86.73--31.25/74.17-1+-30.87-(-9.28--70.01+(27.3-36.6)),-30.8774.17-31.2586.73-94.55/-/+^1--70.01-9.28-+36.6/-,True
21.39*37.15/-93.32-69.92^1+30.06/++(-49.5--33.46^2),98.530.0669.92-93.3237.1521.39*^-+^1/+-33.46-49.5-^2,False
-34.05^20.73-43.54/35.14/8.36/(-67.75/32.12^-93.98--94.84/-64.78),8.3635.1443.54-34.05-^1///-64.78-94.8432.12*/-^1/,False
34.19-10.44*37.43^2+/+(17.34+51.8--70.47^1+-1.75),**10.4434.19-*+^2+-1.75-70.4751.817.34+-+^1,False
38.72*(24.65^1-44.65/89.36^2+-77.67*-80.82)^2+-52.9,-52.938.72+*^-80.82-77.6789.3644.6524.65-^1/+^2*2,True
34.67/-57.85-(-67.67^74.8+-74.98/-54.08)*53.43^2+13.0^2,13.053.43-57.8534.67/+*-54.08-74.98-67.67+^1//^2^2,True
67.36*-83.35*97.83+13.59**^2--8.63+-40.27^1+46.94,46.94-40.27-8.6332.2213.5997.83-83.3567.36**++-^2++^1,False
-/39.87^1-93.64--92.87*-58.49-(37.52*56.22^1--32.89),-58.49-92.87+39.87-62.66/-*1----32.8956.2237.52*-^1,False
-20.78*(-8.6*(54.12^1--69.64+19.96^1-28.88^1+46.26)),-20.78*-8.6*46.2628.8819.96-69.6454.12-^1+-^1+^1,True
-92.55*-^2+34.89^2^99.15-0.97+98.97-66.79*-93.7,-66.7998.970.9799.1534.89-67.71-92.55*+^2-^2-+-*,False
-99.28+-66.83-75.4^1--70.7-84.85^1-30.16-18.11/-17.14,-17.1418.1130.1684.85-70.775.4-66.83-99.28+--^1-+^1-/,True
43.8+-87.39-30.22+58.95-83.81*-61.96+*/-9.23+(94.35*-33.53),-9.23*-61.9683.8158.9530.22-87.3943.8+-+-/+/+-33.5394.35*,False
(-71.79+-5.79^1+71.62//--62.06-62.34-11.39/-69.33-14.23),14.23-69.3311.3962.34-62.0641.5171.62-5.79-71.79++^1/---/-,False
-13.58/-0.37--79.67*-7.83^2-7.97*-30.72^1--65.85/(90.06),-65.85-30.727.97*-79.67-0.37-13.58/-*-^2*-^-64.84/90.06,True
-22.14*-64.8-13.0/-87.18+81.0*-33.75+(-42.18^1+25.54)+96.38,96.38-33.75--87.1813.0-64.8-22.14*-/+*++25.54-42.18/^1,True
(77.52-39.73*-26.03*-79.31*12.64)+96.38+70.29*38.55*29.53/-97.12,-97.1229.5338.5570.2996.38+12.64-79.31-26.0339.7377.52-******/,False
30.11+(71.05+-98.92^1-(66.53+76.77+23.52)*-38.38*-23.12/-93.3),30.11+-93.3-23.12-38.38-98.9271.05+-^1*23.5276.7766.53++*/,True
-18.95^1--29.89--57.95+-89.0^1--2.32-(^/16.18^-86.05),-2.32-89.0-57.95-29.89*-^1-+-^1-16.1821.47/^1,False
-66.11/82.58-51.56*-52.74^2+-65.39-(-80.59/-)/74.74+(-57.26),74.74-65.39-52.74-82.58-66.11/-*+^2-/-1.79-80.59/+-57.26,False
22.61*23.99--65.95^2-28.26-72.38^2-83.8+-+-63.01,-63.01-28.383.872.38/-65.9523.9922.61*--^2--^2+*,True
22.21/-39.73/5.78+59.59+1-55.89-60.8/19.44*56.83*60.87,60.8756.8319.4460.8*^5.78-39.7322.21//+-^1-/**,True
-96.62*48.16--19.12-87.68/(17.35/-49.66)-4.22/-35.19^1--38.34,-38.34-35.19*87.68-19.1248.16-96.62*---//17.35//-^1,True
45.39+41.74--83.04/(-92.27/5.61-(-32.41*-54.41+49.81^1+12.27)),-83.0441.7445.39+-/5.61-92.27/-12.2749.81-32.41+^2+^1,False
-49.35*97.5-29.15--72.65/-1.57+63.98*-79.42*2-47.08+51.53,51.5347.08-79.4263.98-1.57-72.6529.1597.5-49.35*--/+*-^2+,True
8.31--37.13/12.58*22.42--8.65+-84.88^1-75.66-47.21--36.11,-36.1147.2175.66-84.88-8.6522.4212.58-37.138.31-/*-+-^1--,True
-1.54/-41.82^2/-58.97-19.78+-62.45+-29.49^1+-21.99^2,-21.99-29.49-62.4519.78-58.97-41.82-1.54/+^2-+++^1^2,False
-32.19*38.2-78.14-84.34*62.35+-65.75+^+-7.86^1+64.27,64.27/85.71-65.7562.3584.3478.1438.2-32.19*--*+-++^1,True
22.22/-63.0+85.19+5.27/94.53/-23.64-71.03/-88.17+1+6.03,6.03-88.1771.03-23.6494.535.2785.19-63.022.22/++/--/+^1,True
-76.46-30.24+16.2/(-49.94^26.16+40.25-84.54-98.78^2+67.59),16.230.24-76.46-++67.5998.7884.5440.25-49.94+^1--+^2,False
(95.2/-60.88/-18.16^2+37.33--26.23^1-22.12)--80.77*15.43,15.43-80.77-22.12-26.2337.33-18.16-60.8895.2//+^2--/1*,True
-10.53*(50.3^1-(72.54-54.62-90.75+-87.78*(-25.88+(/+97.38)))),-10.53-50.3-^1-87.7890.7554.6272.54--+*-25.88+97.38-77.59+,False
4.17/85.06--43.11/(-93.44/77.54*-57.35^1+11.4)+35.15+39.28,39.2835.15-43.1185.064.17/-+/11.4-57.3577.54+/*+^1+,True
-46.6/-66.77*-24.75/-30.68-0.39/33.07*-47.94*-72.49/2+-24.89,-24.89-72.49-47.9433.070.39-30.68-24.75-66.77-46.6/*/-/**+^99.63,False
70.72*(-36.54^2-84.84/35.35^1+(-13.93^-8.1-78.71)/-87.45),**-87.4535.3584.84-36.54-^2/+^1/78.71-13.93-^-93.36,True
-16.25/20.72/-64.02+25.36+0.14/-36.32^2-(10.64*-41.46/-46.19),-36.320.1425.36+20.72-16.25-//+/-^2-46.19-41.46-*/,False
4.19^1+-11.7^1+(-1.51-36.88*-63.66^2--77.04)/(-43.64),+4.19+^1^^1/-77.04-63.6636.88-1.51-*-^2-43.64,True
57.8-(8.1-0.7--24.9)+(33.59^1--21.08-72.25/-28.01/*),57.8+--24.90.78.1--61.29-28.0172.25-21.08/-^1-//,False
(-73.37+-81.78*(2.31*-^1-92.67*25.85+-79.54+(45.21+83.75))),-81.78-73.37+*-79.5425.8592.67-6.732.31*-^91.97*++-45.21+,False
77.96/-32.33/49.36^1-48.19/-9.65^2-12.28*69.22-(*),69.2212.28-9.6548.1949.36-32.3377.96//-/1/-^2*--74.98,True
69.18^2-(-6.17^2+-14.72)+-0.85^1+(-23.25^2+-91.01),-0.8569.18+-^2--6.17+^22.32+^1-91.01-23.25+^2,True
47.6^2-52.12-(-74.33*-99.64--30.94)/35.1+68.08/6.47^1,6.4768.0835.152.1247.6-^2-/-30.94+-74.33*-//^1,False
(84.53+-83.08-67.42+52.3+77.78)*(51.32-(99.32+43.09-32.26/^)),*77.78^67.42-83.0884.53+-++51.32--56.0632.2643.0999.32+-/,False
-+(-87.7-40.54-37.17*7.18)*-93.44-7.77^2--80.32/-78.35,-78.35-80.327.77-93.4474.53+*7.1837.1740.54-87.7^-*--^2/,True
96.52-40.33/39.94^2+-46.52/15.8+46.15*1.96+88.48^2,88.481.9646.1515.8-46.5239.9440.3396.52-*+^2/+*+/2,False
8.06/-/1+79.42-9.16*(-94.9*3.03)+17.19/(-34.28/-23.27),17.199.1679.4232.358.06/+^-58.74-+*3.03-94.9*/-23.27-34.28/,False
81.23+(-36.89-80.56*-47.17*42.3^1-41.05^1+21.67^1),81.23+21.6741.0542.3-47.1780.56-36.89-**-^1+^1^1,True
-55.11+47.87^1--94.04*-71.23---1.82*68.45*60.23^2,60.2368.451.825.18--94.0447.87-55.11+-^1*--**^2,False
6.43-12.78*-69.43*(-86.09/-22.75+-25.73*-41.33+72.26--50.44)+24.33,24.33+12.786.43-*^*-50.4472.26-41.33-25.73-22.75-86.09/+*+-,True
75.67^-76.49*^--9.09+(-78.89*-59.64-83.1/17.35/-57.64/27.88),-9.09-4.4-76.4975.67/*/+27.88-57.64-83.1-59.64-78.89*-/+/,False
78.35/1+85.01+39.31^2--77.93+30.86^23.77-62.02^1,62.0230.86-77.9339.3185.0178.35+^1+-^2+--1^1,False
1.57^1+(-65.87/^*52.61)^2-12.42^1-57.55/26.55,26.5557.55^1.57-+^1^52.61-88.48-65.87/*95.91--1*,False
16.6-10.25^1-40.41+61.77/-68.17+-42.21*-2.8+48.66^1,48.66-2.8-42.21-68.1761.7740.41^16.6--^1+/+/+^1,True
48.04/53.84/-42.81*84.1/(19.03-68.16^2-(35.41^1+-77.5)),84.1-42.8153.8448.04//*/68.1619.03--^2-77.5*+^1,True
-1.52*(85.0^2+35.31-(-28.13/-37.05)*-+6.7*35.32*(-63.88)),-1.52*35.326.7-19.9935.3185.0+^48.68-**-28.13/+**-63.88,True
67.56-65.2/50.07-(71.27/-40.52+-71.02*50.94+*)/-19.47/(-18.4),-19.4750.0765.267.56-*-/-57.3750.94-71.02-40.5271.27/+*+/-18.4,False
86.85^2-78.0/65.45^2+(-34.39/-68.69/65.7^-92.95+62.09),65.4578.0-*^2/+^262.0965.7-68.69-34.39/++^1,False
78.12/19.5/-49.03-87.52/97.13^1-38.15^1-64.7*-40.25,-40.25^38.1597.13*-49.0319.578.12//-/-^1-^1*,True
96.21*66.19/-34.02+-68.16+88.04--42.62^-12.42+(0.43--2.21^2),-42.6288.04-68.16-34.0266.19/*/++-+^1-2.210.43-^2,True
-37.5^1+(78.36/-66.64/(29.69/-61.01*---54.17--63.73)^2),-37.5+^1-66.6478.36//^-63.73-54.17-36.24-61.01^/*-/2,False
24.73+-41.78*3.69-38.28*34.64-39.01-79.73^2+87.43^1,87.4379.7339.0134.6438.283.69-41.7824.73+*-*--+^2*1,False
-38.89^91.97+^*10.84*-94.87-68.13+55.35^1+(91.23*5.15),55.3568.13-94.8710.8494.37//^1**-++^15.1591.23*,False
3.07-(-20.48*52.89--71.81+10.64+-56.87)*23.77/-34.45-98.88*28.51,28.5198.88-34.4523.77+-*-56.8710.64-71.8152.89-20.48*-++/-*,True
-81.82-86.95^2+64.12+-97.59/(-40.62-99.74/-76.63*0.07--99.32),-97.5964.1286.95-81.82-^^2+/-99.320.07-76.6399.74-40.62-/*-,True
(-78.03/91.16-(-50.79-57.47+-56.35/-25.95*81.78-10.71^1-(43.89))),91.16//+10.7181.78-25.95-56.3557.47-50.79-+/*--^34.1743.89,False
-22.13+(-24.41--14.66/-31.98--46.81*74.4/-81.96+-+93.79*83.15),-22.13+83.1593.79-5.62-81.9674.4-46.81+-14.66-24.41-/-*/++*,False
^^2-27.27+79.45+-90.52*44.84/(-56.74--41.39)+-22.14*-22.41,-22.41-22.1444.84-90.5279.4527.2755.06-^68.64++*+/-41.39-56.74-*,False
53.29--87.25*2-7.19+-95.02*(65.9-87.51+24.37+9.36+-10.21),-95.027.19-87.2553.29--^2+*-10.21/24.3787.5165.9-+++,False
-28.45^2+56.08+-57.87*14.77/-48.23^2--65.3/-29.36/70.88,70.88-29.36-65.3-48.2314.77-57.8756.08-28.45+^2+*/*^2//,True
-39.4--19.15-99.62*3.6+0.56+88.08/-21.26+63.96*93.2^2,93.263.96-21.26-0.563.699.62-19.15-39.4--*-+/+*^2,True
61.74+-79.98^3.57*53.92+94.22*51.04/-15.26/72.13--62.31-(-30.6),-62.3172.13-15.2651.0494.2253.92*-79.9861.74++*+*//---,False
-32.23^-24.34+(-93.75+-96.47*73.1)+84.89--72.29*-15.69^1+-33.71,-33.71-15.69-72.2984.89-24.34-32.23/++73.1-96.47-93.75+/+*+^1,False
74.96*67.42--33.36^2-26.93^1+-61.15+-4.4^1-7.55,7.55-4.4-61.1526.93-33.3667.4274.96*^-^2+^1+-^1,True
(-9.5-**85.7^2+-69.63)+-64.01/25.9-26.18*-32.44+89.63,89.63-32.4426.18^-64.01+-69.6385.7-67.14-9.5-/+^2/-*+,False
78.3*-80.01/-86.71^2--91.87^1-/-79.77+(6.27^2),-34.63-91.87-86.71-80.0178.3*/-^2-^1-+6.27^2,False
90.86^2-22.89^1/-29.61/-62.15/68.41/31.96/63.97-68.15,68.1563.9731.9668.41-62.15/22.8990.86-^2+^1////-,False
-68.66-2-62.75-51.4+-69.74*36.71^1+92.0*(60.27/0.45),92.036.71-69.7451.4+-68.66-^2-+++^1-0.4560.27/,False
-42.02+-16.65^2+(22.06+(30.26*-8.16^1-43.31^2--28.8)),-16.65-42.02++^*22.06+-28.843.31-8.1630.26*-^1-^2,True
-55.28*-93.81*(-19.55^1--70.89--91.72)^1+61.6*-65.39--74.34,-74.34-65.39^-93.81-55.28*+*^-91.72-70.89-19.55-^1-1*-,True
-26.82--5.27--43.27/(86.18^1-60.75)/(-7.79^(-9.66^-49.96+(-7.63))),-43.27-5.27-26.82--//60.7586.18-^1-7.79/+^*+-7.63,False
-99.59-22.5--61.79-90.03+(48.91/42.88/74.95/(-34.66+-89.63/(-0.42))),90.03/22.5-99.59---+74.9542.8848.91///-89.63-34.66+/-0.42,True
-14.63^2+-36.62/77.61*(-16.16*53.59^2-35.77+(-58.55/(36.49))),77.61-36.62-14.63+^2/*-53.59-16.16*-^2+-58.55/36.49,False
-29.97+(-37.99+-62.2/-19.9--33.18+44.59+72.12/*-(93.0+90.18)),-29.97+-10.5372.1244.59-33.18-19.9-62.2-37.99+/-++//90.1893.0+,False
50.97^0.82-36.17*99.79^(17.18--41.92+-0.13+87.98--72.38/-35.52),99.7936.1750.97-^1**-35.52-72.3887.98-0.13-41.9217.18+++-/,False
87.29*-43.2--18.76/-5.48^1+78.15+-30.17+-98.45*(88.25/-2.97),-98.45-30.1778.15-5.48/-43.287.29*-/+^-0.07^++-2.9788.25/,True
-53.57^1+-63.34--40.59--38.53*(7.21/-31.2-(32.95+(6.77--25.99))),-38.53-40.59-63.34-53.57+^1--*-31.27.21/-32.95+-25.996.77-,False
-10.84/++49.21*-71.53+74.68*-76.39^2-55.48--31.1+-54.74,-54.74-31.155.48-76.3974.68-71.5349.21-75.39-10.84/-*+^-/2-+,False
(95.05*-93.97*-92.77^-22.58/82.39^2+93.35^2--71.97-88.54),88.54-71.9793.3582.39-22.58-92.77-93.9795.05**+/+^2-/2-,True
-68.0+^^2+-20.92^1+-47.14^2-45.18/-39.65*67.03,67.03+45.18-47.14-20.92-59.69-68.0^+^2+^1-^2/*,False
(-67.3*4.3^1-(89.2/-6.71/(-6.66--85.54)+-99.48*^)--89.68),-89.684.3-67.3*--^1-45.37-99.48-6.7189.2/+/-85.54-6.66-*,True
77.89^2+(-59.7*-12.21)+20.87*48.56--87.55-62.22+48.65--70.14,-70.1448.6562.22-87.5548.5620.8777.89++^2-12.21-59.7**--+-,True
-22.58^2+72.95^-74.89-64.19*3.82^1+(-32.75+(13.13*-60.79)),3.8264.19-74.8972.95-22.58+^2/-*+^1-32.75+-60.7913.13*,True
59.73-(68.03-57.75)/(-53.34-99.72*-31.63^1^14.62^1+-80.91),59.73+/57.7568.03--80.9114.62-31.6399.72-53.34-*+^1+^1,True
63.92/2+70.37^2--69.63/-57.14--65.48^2-(-2.92--49.27),/-57.14-69.6370.3763.92+^2-^2/*-^2-49.27-2.92-,False
84.39+7.96-(-83.05^1+-77.35^-54.04+(61.03/-72.48--13.34)*-47.89),7.9684.39+^-47.89-77.35-83.05+^1+^2*-13.34-72.4861.03/-,True
-46.55-72.32--71.89+-90.28^1+(51.35/-26.46)/-45.39/68.54-93.05,93.0568.54-45.39-90.28-71.8972.32-46.55--++^1/-26.4651.35/^-,True
37.03-(7.02--97.0^1-(-62.49--28.28^1+(-11.99/2+73.62))),37.03--97.07.02-+^1-28.28-62.49^+^-27.773.62-11.99+^2,False
(58.7/(-81.47/65.35--88.94-60.42**/5.04/72.04)/57.59)*56.49,56.49*57.5958.7//72.045.04*60.42-88.9465.35-81.47/--*//,True
-37.38*-15.2-93.02*23.71/95.16*-18.72-(-98.96+-63.52+7.04/-20.07),-18.7295.1623.7193.02-15.2-37.38*-+/**-20.077.04-63.52-98.96+//,True
25.39+79.77--7.31-73.55*-29.77/-62.03--7.01--42.78/-99.98+-53.93,-53.93-99.98-42.78-7.01-62.03-29.7773.55-7.3179.7725.39++-*/--/+,True
-55.94*-3.47*(6.31^2+46.64/-12.34/-20.03)+51.6-(-93.44--51.75),51.6-3.47-55.94*+*-20.03*46.646.31+-2//+-51.75-93.44-,False
-39.49+-91.45^1-66.85+-+-37.78--91.18-92.29/(74.42^2),92.29-91.18-37.78-86.2966.85--39.49+-^1++--/74.42/2,True
(-89.88+-41.5^1+(-18.14-17.34)--91.42-87.81*(-42.31+89.45//)),87.81-91.42-41.5-89.88+-+^117.34-18.14--*21.589.45-42.31+/,True
-72.51/-20.07*(-25.28--25.15-54.09+-24.65+75.82^2+-74.53-83.97),-20.07-72.51/*83.97-75.82-24.65--25.15-25.28+-+++^2-,True
-65.44/41.43*-67.63/97.2/(-66.51*51.38)*29.13+74.0*-71.19-96.19,96.19-71.1974.0+^-67.6341.43-65.44/*/*/51.38-66.51-+*-,True
-73.32*17.17-(6.97*-32.14/-1.55^2--39.07*-74.85+91.33--59.9),17.17-73.32*--59.991.33-74.85-39.07-1.55-32.146.97*/-^2*+-,True
(0.41--50.88*-94.45/34.61+-9.63)*90.4*-47.8^1+-45.63--56.24,-56.24-45.63-47.890.4*-9.6334.61-94.45-50.880.41+*/+*+^1-,False
-42.73/-28.21-33.31+-45.61+21.14*77.23^1-(33.31/90.75*(-45.09)),*21.14-45.6133.31-28.21-42.73/-++*-^190.75//*-45.09,True
51.78+18.76/-96.79+-89.82/52.69+86.89^1--97.37^-80.23/53.97,+-80.23-97.3786.8952.69-89.82-96.7918.76++/+/+-^1-/,True
-19.43/-36.65*37.07*(-19.81/-71.62*(-13.55*1+-76.02)^1+-60.69),37.07^-19.43/**-60.69-71.62-19.81/+*^-76.02-13.55+*11,False
23.65*6.11/41.38/(-40.28+99.35+51.65+27.01**/-9.5/-20.42),41.386.1123.65*//+-9.5*27.0151.6599.35-40.28+++*//,False
1.28^2+-39.45*(59.58+97.49+-54.15+-18.24+-43.73+**-16.18),-39.451.28+^2*-16.1824.96-43.73-18.24-54.1597.4959.58++**++,False
43.59*-65.47/95.23+-77.81*7.54--66.13/-52.85+22.65*75.53/2.33,2.3375.5322.65-52.85-66.137.54-77.8195.23-65.4743.59*/+*-/+*/,True
-23.25*-68.62^1+-7.35--28.5+-75.35-33.23^2-+*(66.0),-3.5433.23-75.35-28.5-7.35-68.62-23.25*^^1-+--^2*66.0,False
14.6*-49.11*27.12-14.77^1-32.08+//-10.28+24.2*(-66.84),24.2-10.28-13.5832.0814.7727.12-49.1114.6**--^1+--*-66.84,False
57.22/-66.32*-22.51/28.65--25.9/-78.51/7.9*-75.6^1+42.96,42.96-75.67.9-78.51-25.928.65-22.51-66.3257.22/*/-//*+^1,True
-70.16/-90.31/-56.42+(-42.98+-15.62)^1-73.1+-71.68-74.97/-37.19,-37.1974.97-71.6873.1-56.42-90.31-70.16/*-+^*-42.98+1+-/,True
-74.43^1-(12.84--57.13*-16.0-++(71.6+(-52.83-58.93+18.58))),-74.43-^185.8-16.0-57.1312.84-*-+/+18.5858.93-52.83-+,False
56.69^-81.58+11.93/-57.36+-22.87-+/(-65.25+-80.0-36.11)^1,24.19-22.87-57.36/56.69+^1/+-/^36.11-80.0-+-1,False
-62.99--45.24+-6.5*-22.18--98.83**+-9.92*-77.25/-31.37/84.83,84.83-31.37+-9.9238.01-98.83-22.18-6.5-45.24-62.99-+*-*+*//,False
-84.83^2-(-61.37/-25.76)/-47.49-12.61^2-1.12+(/+28.27),1.1212.61-47.49-84.83-+2/-25.76^/--/2+28.27-48.42+,True
-39.54+12.52+80.1^2+-88.4--70.59*-17.98^2-68.3+-13.2,-13.268.3-17.98-70.59-88.480.112.52++++^2-/-^2+,True
-92.76-87.01/96.93*29.53+-37.31+(77.66/-72.88--36.89-99.7)^2,-37.3129.5396.9387.01-92.76-/*++^^-36.89-72.8877.66/+*2,False
89.06+38.59/58.53-89.54/23.49^2+85.03--0.35*34.24*-75.14,-75.1434.24-0.35*23.4989.5458.53+89.06+/-/+^2-**,True
-14.94+-11.29/-24.49++^1+-16.02+(65.11--91.6+-20.94)^1,-16.02-26.68-24.49-11.29-14.94+/++^1/^-20.94-91.665.11-+1,True
22.81^1--42.58/(-32.95+-47.85-29.45*1--9.01/49.14-(25.38)),-42.5822.81-^1/+-9.0129.45-47.85-32.95+--^1/-25.38,False
-97.44+45.76+-51.99^2+-79.8/18.02^1+22.62*-73.75^1,-73.7522.6218.02-79.8-51.99*-97.44+++^2/+^1*^1,True
-88.46+-55.93-^+63.78-(24.84+59.35)/-84.18/-94.44+-37.3^2,-37.3-94.44-84.18^-54.88-55.93-88.46+/+-/59.3524.84+/+^2,False
-65.72*-46.17-31.01^2--54.19/-75.83-(-88.05*-87.65*-17.08)-67.5,67.5*-54.1931.01-46.17-65.72/--^2/---17.08-87.65-88.05**,True
+/19.7*-1.88/(59.84*60.15^2-8.74+58.51)^2+30.15,30.15-1.8819.7-97.43/*+/^58.518.7460.1559.84*-^2+2,True
40.59*-87.14/-98.52--83.39^98.27+50.67^32.43-(2.37/-92.45*2.1),32.4350.67-83.39-98.52-87.1440.59*/-+^2--+-92.452.37/*,False
58.56*-10.23^2-/--89.46*53.97--61.46+(-97.91*-53.45)*83.58,83.58-61.4653.97/41.94-10.2358.56*-^2-*-+*-53.45-97.91*,True
20.9^1+-29.05--0.29**/(52.44/+^2-6.38^1),23.0-0.29-29.0520.9+^96.95-*/6.3892.9252.44/-/2^1,False
94.38+31.05^1^10.28/79.75/67.05--23.24+(-39.96*-40.96)/42.7,42.7-23.2467.0579.7510.2831.0594.38+^^1//-+/-40.96-39.96*,False
(78.39*78.19*-1.93-92.36*-79.62/32.38*(-+-60.56/-75.01)^2),32.38-79.6292.36*78.1978.39**-*-*^-75.01-60.56-52.42+/2,False
-56.55^1-(56.52-67.32/25.38^1--4.16/-45.99*-83.56*(86.61)),-56.55-^-79.22-83.56-45.99/25.3867.3256.52-/+/1/**86.61,False
36.64*-74.99-33.53*^^2+-58.94-68.56/79.61-*-(-72.36),-75.7779.6168.56-58.94-89.09*-74.9936.64*-*+^2-/---72.36,False
57.73/-87.71-42.34+-85.36+56.68^2+52.34*-34.29+78.18+80.71,80.71--34.2952.3456.68-85.3642.34-87.7157.73/-+++^2*+^,True
-86.29+34.63*95.62/-40.5*(-70.32-(57.31*(26.04*91.6/-4.08^1))),-40.595.62+-86.29+*//-70.32-57.31*-4.0891.626.04*/^1,False
44.53--22.1^2+58.11+-93.4*(26.62^91.79+-6.67)*(-34.2--),-93.458.11-22.144.53-+^2+**-6.6726.62+^220.26/-,False
-40.89*(88.18*-70.66^1--55.83^2-40.08^-8.61*-51.32+(-81.79)),-40.89*--8.61+-55.83-70.6688.18/-^1-^2+*+-81.79,False
12.27--37.04--41.8-(42.65/-68.87)+-79.05/-77.74^2--*0.77,0.77-54.59+-79.05-41.8-37.0412.27--+--68.8742.65//-^2*,False
(68.38^1-71.07+84.16^1+-65.39+/*-62.36--61.31--65.1),-65.1-61.31-62.3686.7-65.3984.1671.0768.38-^1++^1+*--,True
+*-95.53-47.41+-45.84^2-51.69^2-(-87.08*-26.06*-70.25),51.69-45.8447.41-95.53^*-+-^2-^2-70.25-26.06/**,True
25.07/(75.55+-41.24*-26.87/-28.21+24.43)/-58.4/-33.34*49.8-34.39,34.3949.8-33.34-58.425.07//24.43-28.21-26.87-41.2475.55++/+/--,True
-49.06--87.57+(25.86+-56.51--76.7+60.79/-81.04+45.31/(-63.4-67.49)),-87.57-49.06-++-81.0460.79-76.7-56.5125.86+-+/+/67.49-63.4-,False
35.13--98.1/78.41-54.55-93.23+51.99+-92.73-(16.05^1--36.65),-92.7351.9993.2354.5578.41+35.13-/--++--36.6516.05/^1,False
-62.28+22.51*71.11^2+/*-33.18-/^2+77.98*48.25,48.2577.98-60.0-33.18-0.2271.1122.51-62.28+*^^2*-+^2*,False
(-44.9-93.21+-87.67*61.82^-75.43-42.89-61.31)-(53.95+50.57^2),-61.3142.8961.82-87.6793.21-44.9-*--^2-50.5753.95+^2,False
(-31.97-(50.67/84.28+-35.71)+6.17)*82.3/-97.73-34.42*-0.45/(-21.13),-34.42-97.7382.3*6.17-31.97+--35.7184.2850.67^+/+**-21.13,False
19.35*-42.73*86.06/64.84/-13.1--57.42+21.58*-49.35^2+-69.68,-69.68-49.3521.58-57.42-13.164.8486.06-42.73^**//-+*+^2,False
-72.24*-63.43+-31.33+(83.08/26.4/-43.15*79.18)/(-96.29+-65.53*42.57),-31.33-63.43-72.24*++/79.18-43.1526.483.08//*42.57-65.53-96.29//,False
70.04+-22.07/89.67+20.91^1+-67.16/(61.29--18.98)--67.49+50.68,50.68-67.49-67.1620.9189.67-22.0770.04+/++^1---18.9861.29-+,True
-77.93+-78.53-86.47+(-72.95+81.54^2-14.39/-28.21-70.24*-84.93),86.47-78.53-77.93+-+-84.9370.24-28.2114.3981.54-72.95+/^2*-*,False
-89.18--5.59^2+-18.32-98.27*-12.89*-53.9-10.48^1--20.63,-20.6310.48-53.9*98.27-18.32-5.59-89.18-+^-67.88-**--^1,False
69.83^2+-84.65*64.53^2+40.89^1+69.76-16.76+-60.66,-60.6616.7669.7640.8964.53-84.6569.83+^2*+^2+^1-+,True
56.31*1.82/47.88^1+46.96/(16.44*-61.22+/--1.69^1),46.96^1.8256.31*/+^1/-1.6930.88-61.2216.44*+-^1,True
-3.69*69.51/82.81*-63.32--2.73--37.95/44.63**-(11.49+(-37.81)),-22.3444.63-37.95-2.73-63.3282.8169.51-3.69*-*^-/*-11.49+-37.81,True
83.52/-73.43+88.29--87.7+76.26*-57.74*24.44--60.76+6.52^2,6.52-60.7624.44-57.7476.26-87.788.29-73.4383.52/+-+**-^^2,True
-96.62^1+-33.48--69.34^2+-33.19--35.68*87.45/-74.54^2,-87.45-35.68-33.19-69.34-33.48-96.62+^1-+^2-+/^2,False
67.43*55.95+54.44^2+93.82-53.76/(-85.22+23.06-(73.36*(-23.57))),53.76*54.4455.9567.43*^+^2-/23.06-85.22+-73.36*-23.57,True
72.57/1-11.88^1+-84.54^1-9.02+6.9*(-9.91^1),6.99.02-84.54^72.57-^1+*1-^1+*-9.91^1,True
-86.84-16.35^1+29.48*16.56/9.55-67.22-46.76+11.35-(83.34),11.3546.7667.229.5516.5629.4816.35-86.84++^1*/--/-83.34,True
-46.65-43.57--12.5^2-88.15*^-44.7^1--55.17-93.42,93.42-55.1744.7-10.7188.15-12.543.57-46.65--^^2*--^1-,True
39.03-24.86^2--79.7-(-49.79^2/(-95.88*87.6+(-16.7/91.61))),-79.724.8639.03--^89.65--49.79+^287.6-95.88*+91.61-/,False
26.06+-86.11*7.55*49.17-47.56--31.48+(94.48*13.21^91.51^34.55),-31.4847.5649.177.55-86.1126.06+**-^+34.5591.5113.2194.48**+,False
-59.47^-58.73^2-41.39*22.37*-83.48^2+-0.97--67.0+(58.45),-67.0-0.97-83.4822.3741.39-58.73-59.47/-^2/*+^2-+58.45,False
-54.2*3.68-31.27+-84.71^1-23.02/15.29/82.16+73.62^2,73.6282.1615.2923.02-84.7131.27*-54.2*-+-^1//+^2,True
(-24.09-79.52-83.9)*29.0+-78.27*63.46*-70.23^1-47.87/94.42,94.4247.87-70.2363.46-78.2729.0*83.979.52-24.09^^+**-^1/,True
5.36+2+-25.52-(35.03*-98.01^2+(-27.1/-84.12)-35.52+54.21),-25.525.36+^2-54.2135.52-98.0135.03--+^2-84.12-27.1/+,False
(-61.42/(-*-69.27*-7.9/-53.2+1--42.99+-9.91/(-75.01/92.34))),-61.42/-9.91/-53.2-7.9-69.27+**/-^1+/92.34-75.01/,False
-45.89-(-40.72*-89.03)*73.62^2+61.74^2+(61.26+59.47*-74.08),61.7473.62-45.89-*-89.03-40.72*+^2+^2-74.08^61.26+*,False
-65.18*16.74*83.02^1--41.21*40.93/26.81^2-(69.26*-9.85),26.8140.93-41.2183.0216.74-65.18*+-^89.2*/-^2-9.8569.26*,True
87.14^2-*-(-57.48^1-71.58+34.89^2--30.09*-13.67),40.9387.14-^2--13.67+34.8971.58-57.48-^-54.89+^^2*,False
-78.96--79.84^2--72.0*33.39/47.58-28.38-0.89/-61.87/(84.39),-61.870.8928.3847.5833.39-72.0-79.84-78.96--^65.32*/--^/84.39,True
1.61^1-66.99^2+36.82--20.48*18.94+(-89.81-(69.4*-30.53)),18.94-20.4836.8266.99*-^1+^2-/+-89.81--30.53**,True
-34.15+-25.49/81.7^38.02-47.13+-3.78^1+-1.0^2-80.07,80.07-1.0-3.7847.1381.7-25.49-34.15+/-^1++^1-^2,False
20.62*-12.77+95.63+45.47/55.34--41.99*13.17--51.19-82.51/8.06,8.0682.51-51.1913.17-41.9955.3445.4795.63-12.7720.62*++/-*--/,True
-18.18*80.68*28.55--35.77^2+-82.96+-57.05+-87.64*45.15^2,45.15-87.64+-82.96-35.7728.5580.68-18.18*/-+^2++*^2,True
-55.14+(54.93--76.65-62.3*68.61*(33.42/-31.44^1-75.77+90.7)),-55.14+68.6162.3-76.6554.93--**90.775.77-31.4433.42/-^1+,True
-0.27*3.98^1--86.79+-4.32*59.59^2+29.41-32.13*88.35,88.3532.1329.4159.59-4.32-86.793.98-*-^1+*+^2-*,True
33.19/(-44.14/69.85/51.02*(89.46/-5.18*93.17/-73.3*88.46/11.79)),33.19/51.0269.85-44.14///11.7988.46-73.3+-5.1889.46/*/*/,True
66.42+^-(-39.8+11.25-69.43*37.3/-70.75)+-82.21+-15.69+59.42,59.42-15.69-82.2156.7366.42++--70.7537.369.4311.25-39.8*+*/+^,False
-36.53-41.01^2--80.57^1-34.15/39.37^1--93.71*25.83,25.83-93.7139.3734.15-80.5741.01-36.53*-^2-^1/-^1*,True
(94.25+(75.14--36.79)^1+-33.24/-87.92)+-92.36/(39.07-91.18+36.95),-92.36+-87.92-33.2494.25+-^-36.7975.14-1//36.9591.1839.07--,False
-24.38+14.08+-52.13+-^1--88.47/5.25+-51.85^-46.88-47.25,47.25-51.855.25-88.47-89.37-52.1314.08-24.38+++-^1/+-^2,False
43.68/29.53-80.05+-70.6^1+-7.83^2*71.44*(17.95^2),71.44-7.83-70.680.0529.5343.68//++^1-^2*17.95^2,False
33.63+-3.97+39.6*(^/-11.31-(-15.31--36.38*-19.61^1+39.98)),39.6-3.9733.63++*-11.31-54.8/-39.98-19.61-36.38-15.31-*+^1,True
88.55^1+-45.68*-49.6--65.79*11.61+-18.27*-56.45+76.41/-88.61,-88.6176.41-56.45-18.2711.61-65.79-49.6-45.6888.55+^1*-*+*+/,True
(51.79^1-0.16^2+25.22/75.03/14.54/74.06*(-73.61*34.04)),74.0614.5475.0325.220.1651.79-^52.0+^2///*34.04/*,True
(-77.77-75.24--54.82-77.27)^2+57.33+-29.8^1-80.35*^,26.6780.35-29.8-+^77.27-54.8275.24-77.77---2+-^1*,False
35.17/-65.69^1+-16.71--^2+-69.91^2++/(89.72),89.51-69.91*-16.71-65.6935.17/+^1-+^-84.3+^2/89.72,False
34.43*(-86.37-89.99--60.55)*-77.14*/+-77.64*3.4/87.81/11.83,11.8387.813.4-77.6427.14+34.43**-60.5589.99-86.37--^-*//,False
20.5^1--93.8+-5.15/-4.41/-61.38--88.69+-48.84+81.15^2,81.15-48.84-88.69-61.38-4.41--93.820.5-^1+//-++^2,True
-85.52-10.57-30.94*-/95.95/-36.13^1-55.19*-11.52*(-16.31),-11.5255.19-36.1395.9575.7330.9410.57-85.52*-*//-^1**-16.31,True
17.81*-/-15.79*-40.72^2+-41.66-15.3*-50.93^2-87.23,87.23-50.9315.3-41.66-40.72-15.7995.1517.81*/*+^74.25-/-^2,False
-60.03^1+14.61/17.48/-98.23*52.8*27.71--61.2-(-18.79^2),-61.227.7152.8-98.2317.4814.61-60.03+^1//**---18.79^2,True
34.13^2-8.2+-86.31/59.37+45.07^2--47.28/-78.26/64.56,64.56-78.26-47.28*59.37-86.318.234.13-^2+-+-^2//,False
74.06/38.4-16.93/56.73/-11.5-(-0.85-10.64/-88.82*-69.31*(94.82)),-11.556.7316.9338.474.06--//--69.31-88.8210.64-0.85****94.82,False
30.87*-58.3*(-44.79^2+(69.88--79.58*(84.87^1+35.64/-23.03))),-58.330.87**-44.79+^2-79.5869.88-*-23.0335.6484.87+^1*,True
-94.7^1--26.51/25.4/-74.28^1-84.11*-*-81.68+9.33,9.33-81.68-37.2284.11-74.2825.4-26.51-94.7+^1/--^1**+,False
(-68.71*(95.16^2+-57.62--15.48*-14.72-(27.55^1+-91.59-5.86))),-68.71/-14.72-15.48-57.6295.16+^2-*-5.86-91.5927.55+^56.44-,True
(-54.11/87.26+(-3.7-28.72)*-90.6)/(-29.83/(84.11*-64.89+-79.95*1)),/^87.26-54.11/+^28.72*--29.83/-79.95-64.8984.11*+^1,False
-12.1+99.52+60.72/-74.49+22.52*(52.39+-89.61-86.2^2/59.49),22.52-74.4960.7299.52-12.1++/+*59.4986.2-89.6152.39+-+^2,True
-86.21--8.79/(75.42***-80.38+(43.57*8.76+-21.34^2-(62.1))),-8.79-86.21-/-80.3841.9875.42**+-21.34+43.57*+-^262.1,False
(49.42-0.49-(-66.3--48.08+9.6)*(+*51.84^2-4.64*32.71)),0.4949.42+-*9.6-48.08-66.3-+32.714.6451.84-65.24*-^2*,False
(42.8/-8.39^1+(^--13.67^1-2.24^2+19.77+97.94)),-8.3942.8/+^197.9419.772.24-13.67-86.16--^1+^-4.21/,False
63.74-(-14.02--24.47*-49.79)+-64.71+94.42*(-87.41/-30.5^1*(86.5)),94.42/63.74+/-49.79-24.47-14.02-*+*-30.5-87.41+-^186.5,True
68.49*99.81^1+56.24--28.54-27.48+82.5/0.27+-15.43--44.99,^^0.27+27.48-28.5456.2499.8168.49*+^1--+/+-,True
41.65/(78.15--54.29-(98.83*-25.62*-84.96--22.74)--86.46^2--76.51),41.65/+-86.46-54.2978.15^---22.74-84.96-25.6298.83**--^2,True
(54.35^1^-34.68-82.56+20.09^41.03--65.74-18.28+55.37)+86.5,86.5+55.3718.28-65.7420.0982.56-34.6854.35-^-94.25-+-^2-+,False
49.99--10.39-44.28^2+23.85/25.58*96.73-21.42+(*+-44.48),21.4296.73*23.8544.28-10.3949.99--+^2/*-+-44.4895.5+,True
-65.2*4.03/14.48*-84.44^2+-45.8*-13.44*-24.96/(-17.77/37.2),-24.96-13.44-45.8-84.4414.484.03-65.2*/*+^2**/37.2-17.77/,True
12.15/-5.53-^/(73.91+-63.18)^2-(4.05-86.05-35.14+-90.74),8.43-5.5312.15/--/**73.91+2-90.7435.1486.054.05--+,True
(-18.49*(65.39*-0.01)/-24.74^1--90.79+(12.96+-8.64-66.94)+67.95),67.95/-24.74-18.49/*-0.0165.39*/^1++66.94-8.6412.96--,False
89.0/-77.23+42.93/62.41/(88.0^1--22.29/-18.98)*6.17+23.83,23.836.1762.4142.93-77.2389.0/+/*/-18.98-22.2988.0+^1/+,False
-+50.31^2+89.27/(22.41*-47.79)--67.62/-94.6*-69.77*81.47,81.47-69.77-94.6-67.6289.27^-3.01++^2-/-47.7922.41*+**,False
-38.51^1-21.95+(-72.16-(-28.98^1+--14.83*(79.4-13.36))),21.95-38.51-^1+-72.16-14.83-50.65-28.98+^1-*13.3679.4*,False
99.47+(-95.87/2.84/-56.65*36.77)^1+79.83-(58.16*(-25.6*24.98)),79.8399.47++^36.77-56.652.84-95.87///1-58.16*24.98-25.6*,True
17.87*41.23*-74.83*-76.74/30.7+-8.08/5.19*7.42--23.79*-82.35,-82.35-23.797.42/-8.0830.7-76.74-74.8341.2317.87***/+/*-/,True
68.4-4.52+36.93^2--14.75^2-^+-38.87+-99.63+-35.28,-35.28-99.63-38.87-66.9-14.7536.934.5268.4-+-^2-^-86.32+++,True
26.5^1+50.3^1/41.1+77.45/90.81/46.05/26.49//,54.0526.4946.0590.8177.45/50.3++^1+^1+////,False
47.85-45.51-(-26.42^1-2.71^2-^*-76.17)^1--49.93,-49.9345.5147.85---^-76.17-30.512.71-26.42-^57.82-^2*1,True
6.73*87.08--8.3+-14.87/(-15.77-52.95+0.34+65.34/(^-35.9)),-14.87-8.387.086.73*-+/65.340.3452.95-15.77*++/35.9-40.2+,False
(-63.97-40.03*17.37^2--51.31*-92.05)*-98.67^2++--37.52,-37.52-52.97-98.67*-92.05+17.3740.03-63.97-*-^2*+^2-,True
-74.47^1+-44.16*(62.19^1+-17.54)*22.13+-12.35/(40.17^1),-12.3522.13-44.16-74.47+^56.95+*-17.5462.19+^1+/40.17^1,False
57.18+-67.92-^*42.77/65.32/-59.19+(-82.0/-84.92--60.15)/-66.6,-66.6-59.1965.3242.7741.43-67.9257.18+-*//+/-60.15-84.92-82.0//,False
-93.99--47.75*-46.83/34.36*-9.78/-70.76+-92.55+77.34--63.96^2,-63.9677.34-92.55-70.76-9.7834.36-46.83-47.75-93.99-*/*/++/^2,True
-15.1-(56.27-(32.58-29.05^1--2.88*-87.2^2+(-87.06+87.44))),-15.1-56.27--87.2-2.8829.0532.58--^1*+^2*-87.06+,True
20.42*(39.29*27.6/-74.77+-31.24/-83.64+59.0^2+16.22^2.02),20.42*16.2259.0/-31.24-74.7727.639.29*/+/++^2^2,True
-95.98*2+-93.19-(-48.32--38.35)^-85.15^2+22.49+6.21-(-96.96),6.2122.49-85.15-93.19-95.98+^2+--38.35/-+^7.19+--96.96,False
-77.35^2--82.69-^*-19.21+36.46--16.03+(35.58/-78.07)/(-97.06),-16.0336.46+82.25-82.69*-^2-*+-+/-78.0735.58/-97.06,True
(13.53^1+3.64*(83.57*88.95)*49.64/29.69/-52.75^2+(-9.55)),-52.7529.6949.643.6413.53+^1**88.9583.57*//+^2-9.55,True
0.17/29.25^29.69--30.99^1-(-12.95^-20.71+62.45--87.85^1),-30.9929.25*/^^1-^1+62.45-12.95+^1-^1,False
+^2+85.09+(-10.75/1+-22.62+-7.91+12.2+-2.02/94.06),85.09-83.41+^2+94.06-2.0212.2-7.91-22.62/+^1+++/,False
-24.49*-76.43-13.73--48.41*-42.85/45.64^2-91.22*92.29*-88.8,-88.892.2991.2245.64-42.85-48.4113.73+-24.49*--**-^2**,True
84.23^1+62.93-11.14/(81.09-**65.68*14.48^1+-40.29),11.1462.9384.23+^1-/-40.2914.4865.68-66.6481.09**-+^1,False
84.47+-88.88*-99.07^1--58.82+-51.61--12.19-11.38--75.92+-20.89,-20.89/11.38-12.19-51.61-58.82-99.07-84.47++-^1+---+,True
36.41*-58.77*42.45/15.17+78.6--42.91^78.49-68.74+-77.88+-43.39,/-77.8868.74-42.9178.615.1742.45-58.7736.41**/+--^2++,True
(93.8*-21.85^2+4.23)+33.59/(84.57/47.51+-68.68+41.85)^2,33.59+4.23-21.8593.8*+^2/^^-68.6847.5184.57/++2,True
22.66*-97.51^2-92.23-(-85.91^1+66.37*(2.97*^/65.7)),92.23-97.5122.66*-^2-66.37-85.91+^1*65.714.712.97*/,True
-22.42-19.91-40.46--50.7--27.61--38.18*-81.74^2+-95.59*82.67,82.67-95.59-81.74-38.18-27.61-50.740.4619.91-22.42-----*+-2*,True
37.98/(78.81+27.83--45.6/-98.21+-67.06^2-72.0+-51.06--31.89),37.98/-31.89*72.0-67.06-98.21-45.627.8378.81+-/+-^2+-,True
-46.67--71.05/76.24*92.01^2--97.09^2-(-93.13^2+-42.14),-97.09^76.24-71.05-46.67-/*-^2^^2-42.14-93.13+^2,True
88.43/55.47^2-43.01--48.21+63.63/-53.08*48.75^2--68.84,-68.8448.75-53.0863.63-48.2143.0155.4788.43/-^2-+/*-^2,True
-27.1^2-9.15-24.83--35.27*-0.78/-37.72++/-18.45+-60.91,-60.91-18.4577.5-37.72-0.78-35.2724.839.15-27.1-^2--*/+/+,False
33.05+3.67*75.59*-97.2-33.57-(11.72-(-95.56+0.8^2+-48.78)),33.57-97.275.593.6733.05+*+--11.72--48.780.8-95.56++^2,True
-76.48+95.12*-6.09+(-97.14^1--4.44^1/(-64.94/-16.0^1)),-6.0995.12-76.48+*+-4.44-97.14-^-80.48+^1-16.0-64.94/^1,False
-42.2*81.43*-10.12^2-36.48*-56.9+-24.2-7.83+//(-85.43),-90.17.83-24.2-56.936.48-10.1281.43-42.2**-^2*+-+/-85.43,True
(4.88^1-(++-4.46-(99.28-65.5^2--35.94^2+*))),4.88-^1-4.46-45.71+-83.68-35.9465.599.28--^2+^2,False
(-43.11+-14.56+-18.17-(28.47*2-68.28/66.56/-25.71-(10.81/-91.71))),-18.17-14.56-43.11++--25.7166.5668.2828.47-^2/*--91.7110.81/,False
(42.09/76.42*-29.91--25.22+(-1.61--58.27*53.76+-48.34^1+(-57.63))),-25.22-29.9176.4242.09/*---48.3453.76-58.27/-*++^1-57.63,False
-48.0+^^1+(47.45--74.74)-68.79+13.64+48.31^2+7.52,7.5248.3113.6468.79-63.47-48.0+-+^-82.59-74.7447.45-++-^2,False
(-83.02+-1.35+9.8-(-85.82-40.69/73.21/-11.01+-56.64*^+46.02)),9.8-1.35-83.02+++46.0250.55-56.64-11.0173.2140.69-85.82--/+*+,False
(-4.17*-15.6^1-(2.68/89.49*2--71.07)*(-55.14-97.95/-60.02)),-15.6-4.17+-^1*-71.0789.49//--2-60.0297.95-55.14-/,True
(39.55/-47.68--15.77/(-83.55*-29.66-40.29/-13.96/78.62/64.05^-15.2)),-15.77-47.6839.55/-/-15.2-78.62-13.9640.29--83.55*-///*,False
29.81+77.36*31.55^2--18.29^84.34--*(-59.65/(-56.07-(-95.35))),26.46-18.2931.5577.3629.81+*-^2-^1*-59.65/-56.07^-95.35,False
***^1--97.72*-12.15-(41.4-82.77*-94.66+-95.27+64.21),-12.15+-66.285.16*-^-5.62*-64.21-95.27-94.6682.7741.4-*++,False
21.57^2+-31.84/-28.4/76.32-/+46.05^1+-39.96--64.56,-64.56-39.9646.05-28.9376.32-28.4-31.8421.57+^2//-++^1-,False
-34.56*71.87-(19.51^2+(37.66^2--70.74)+(67.04+(49.98/79.05))),71.87-34.56*-19.51/+^2-70.7437.66-^2*+79.0549.98/,True
-76.56^2*49.26--33.24/62.8/-35.17+98.79+27.79*43.62+2.18,2.1843.6227.7998.79-35.1762.8-49.26-76.56-^2+//++*+,True
(-80.75--20.93^1^(-91.08*-19.94*-9.07+6.99+-23.81*-58.56+14.73)),-20.93-80.75--^1--58.56-23.816.99-9.07*-91.08**++*+,False
77.81--58.73*-92.16-75.07/77.46+(91.03*55.97--50.37^2--71.49),77.4675.07-92.16-77.81-*-++-71.49-50.3755.9791.03*--^2,True
-1.87/36.57*-2.68--86.07*2-44.18/-66.62/-19.94+-5.35*25.3,25.3-5.35-19.94-66.6244.18-86.07-2.6836.57-1.87/*--^2//+*,False
46.8+33.9+(44.49+(80.41/0.44)-1.15)/(-31.03/-78.35+-99.88)^2,33.946.8++/+44.49-+0.4480.41/--99.88-78.35-31.03/+2,True
-48.38^2-(44.17*-36.8/-27.89^1-63.99-98.17--41.66)/86.26,86.26-48.38-^2/-41.6698.1763.99-27.89-36.844.17*+-^1--,True
93.39^2+91.88--46.82^2--72.74^1+2.44+31.63-82.9,82.931.632.44-72.74-46.8291.8893.39+/2--^2+^1+-,True
98.48-(50.57/91.76+-55.9)*29.14++^2-77.96/44.6-62.13,62.1344.677.9625.4629.1498.48-*-55.991.7650.57/+--/2/-,False
34.75^2-4.42+(-22.06/(9.08-67.04)/-98.26)^2-82.73-(-22.57),82.734.4234.75-^/-+^-98.26-22.06//67.049.08-2--22.57,True
51.04+-88.3--42.37*-65.42/51.71^1--69.81/(96.67^2-33.38),-69.8151.71-65.42+-88.351.04+-*/-^1-33.38+-^2,True
43.92*-2.88^1+-77.44^2--8.94--+-78.08^2--22.51,-22.51-78.08+-8.94-77.44-2.8843.92*+^1-^2++-^2,True
84.33-^+(70.3-2.33/-84.33--53.49+-52.99*-69.28--27.45--24.89),19.1484.33-+-24.89-27.45-69.28-52.99-53.49-84.33+70.3-/-+*--,False
-50.57--72.01^1--53.19^2+(69.75^2--70.94+-23.81)-29.23,29.23-53.19-72.01-50.57--^1+^2*-23.81-70.9469.75-+2+,True
-89.91--73.97--49.49/95.46+-37.0^2--97.16/-48.33^1+97.47,97.47-48.33-97.16-37.095.46-49.49-73.97-89.91--/+-^2/+^1,True
33.9--98.22/25.28*-25.92^1-29.72+-26.38--*-61.18^2,-61.1833.27-26.38--25.9225.28-98.2233.9-/*-^1+**^2,True
-24.6-90.26--17.97*-48.33+(79.63--85.04^1*(--(-14.94+(55.13)))),-48.33-17.97--24.6--*++79.63--^1-67.27--14.94+55.13,False
-45.36/-66.03^1-49.37*88.78+-77.06*-2.58^-53.04+-35.87*-32.21,-32.21-35.87-2.58-77.06**-66.03-45.36/-^1*+*+^2*,False
-49.0*(74.93+-47.48--32.54**/92.34/-22.43)/(14.16*17.8-91.83),-49.0/*-22.4392.3447.01-32.54-47.4874.93+/*-/91.8317.814.16*-,False
83.51*(-1.49^1--46.48+-47.28*-76.01*20.9)*-47.01^2+(-19.27),-47.01^**20.9-76.01-47.28-46.48-1.49-^-85.58+**+^2-19.27,True
(-89.08*62.29)^1+-31.01+-0.02+64.15*-5.77/-58.27*-67.18*-26.19,-26.19-67.18-58.27-5.7764.15-0.02-31.01/^62.29-89.08*-14.97++*/-*,False
21.53/-3.68+-84.95/-77.28^2-25.76+-21.2*-13.75^-52.24+-25.08,-25.08--21.225.76^-84.95-3.6821.53/++-^2+*+^1,False
-87.87/-82.59^2+-72.18^1+71.6-92.78^2+25.24--56.6,-56.625.2492.7871.6-72.18-82.59-87.87/+^2+^1-+^2-,True
-72.92*-96.69*(93.12-74.95^1+12.84*-70.23^2-(-93.84/-53.44)),-96.69-72.92**-70.2312.8474.9593.12-+^13.47*-^2-53.44-93.84-,True
-79.8*56.72/(7.81*1--42.98*-90.23+-95.87+-64.82/-33.62-44.41),56.72-79.8*/44.41-33.62*-95.87-90.23-42.987.81*^1*++/-,True
(-76.0^1+11.69*-79.86^2+/^1+79.03*-77.09)/10.73,10.73/-77.0979.03-44.58+11.69-76.0+^1*+^2+^1*,False
97.3/15.42+55.15/96.75-(-9.94*//-73.61)-30.52*(49.98--90.71),30.5296.7555.1515.4297.3/+/---73.61-93.51-9.94*/*-90.7149.98-,True
28.72/-37.45*76.51*-63.65+86.22+65.2^1/(66.83*(89.91/32.58)),65.286.22-63.6576.51-37.4528.72/**++-*166.83*32.5889.91/,False
5.07/11.85*73.6/59.19/40.59/-98.21^1+-29.64+23.18/36.28,36.2823.18-29.64-98.2140.5959.19+*5.07/*//++^1+/,True
79.74*-35.06/97.36*42.0*8.15*-84.8+(^/-59.45--52.04/-60.74),-84.88.1542.097.36-35.0679.74*/***/^-52.04-59.4560.54/-/,False
-75.19+-66.96^2+-12.45*58.8+-73.16+82.28^90.99/(73.14*-12.36),90.9982.28-73.1658.8-12.45-66.96-75.19+*^24.02*+++/-12.3673.14*,True
-48.93^2+25.85/(5.6/*^2-3.3/27.9+-83.75)--37.19,-37.19^-48.93+^2-/-83.7527.93.3-6.625.6/-^2/+,False
63.54*10.06^1-39.0+49.01^2-47.13-(-78.83^1+3.11),47.1349.0139.010.06^*-^1+-^2-3.11-78.83*^1,False
-90.92--8.11/-8.02+-48.94*-78.96-(^*-64.88--59.05^2-96.44),-78.96-48.94-8.02-8.11-90.92-/+*-96.44-59.05-64.88-41.32*--^2,False
41.96+15.46/51.36--14.03^2+(-65.97--5.2-27.96)/(54.99-65.25),-14.03+15.4641.96+/-+^2/27.96-5.2-65.97--65.2554.99^,True
28.12/95.61^1+-10.72/34.4*61.62--91.58*7.41-29.32*(33.91),29.327.41-91.5861.6234.4-10.7295.6128.12/+^-38.05//-*-*33.91,True
(76.81-(+^1+(61.85^2+-73.61+(45.37+38.42--54.27^1)))),76.81--14.74+^1-73.6161.85+^2+-38.4245.37+-^1,True
-26.38*11.43*-58.74+-12.91^1+-51.57^2--23.65*(-5.26/23.04),-23.65-51.57-12.91-58.7411.43-26.38**++-1-*2*23.04-5.26/,True
88.19*-11.49+(/--3.86+-44.5)*51.01/(13.75+-0.09+-9.63/-10.78),51.01-11.4988.19*+*-44.5-3.8622.39-+//-9.63-0.0913.75++-,False
(-46.66*20.7+9.81^2+97.21^1+-21.35^2-^)^1,^99.45-21.35/9.8120.7-46.66*++^2+^1-^21,True
*^2-(68.69--60.24+6.88*-78.41)/2+29.45--99.31/-50.17,-50.17-99.3129.4576.61+-^2^+6.88-60.2468.69-+*2-/,False
7.58/70.14+-54.4/55.26^1+58.46/-78.55^1+78.93+(80.72),78.93-78.5558.4655.26-54.470.147.58/+/+^1/+-55.34+*,True
-34.56/-86.25/(-12.3/-58.32+-32.41+-46.77-72.88+-23.14^2/-19.32),-86.25-34.56//-19.32-23.1472.88-46.77-32.41-58.32-12.3/++-+-^2,False
-22.75/82.22/(-57.75--96.44^2+49.56*62.5*75.65/70.81-80.33),--22.75//80.3370.8175.6562.5^-96.44-57.75-+^2*-/-,True
86.82^2+-29.25-60.41+-63.41^1+66.37^2-(-22.49-61.56),66.37+60.41-29.2586.82+^8.36-++^1-^261.56-22.49-,True
20.21-38.37+(/^1--2.83*2--11.08/27.79^2-34.62),38.3720.21++34.6227.79-11.08-2.83/-^1-^2/-^2,False
-81.27*72.05-(98.44^2--34.28)+8.72/-14.67^2--31.65/14.05,14.05-31.65-14.678.7272.05^*+--34.2898.44-^2/-^2/,True
78.78/1--98.35^1+86.91--97.79-99.29*20.7--45.39/(-86.82),-45.39*99.29-97.7986.91-98.3578.78-^1+*1--*-/-86.82,False
98.71^2--49.31+-84.16-57.44*18.77*-17.67*(57.06-1+44.86),-17.6718.7757.44-84.16-98.71-^2+-***44.8657.06+^1,True
31.53*-90.46+-22.46*33.17--28.2*(-97.85*-54.01/6.1/99.33^1),-28.233.17-22.46-90.4631.53*+*-*99.33-+-97.85*-/^1,True
(51.21^2--47.46)*(-21.65+44.49/-0.89)-89.64/41.57/(21.17/-20.85),41.57--*-47.4651.21-^2-0.8944.49-21.65+//--20.8521.17+,True
-64.14*56.85^2-87.22*11.4--33.25-(-22.2^99.6+-42.72-21.97),-33.2511.4-56.85-64.14*-^2*--21.97-42.72-22.2^^2-,False
(37.2-(27.39-(87.61*(-51.99+-24.11*48.02--85.75+72.37+(49.42+(-90.88)))))),37.2-27.39-87.61*72.37-85.7548.02-24.11-51.99+*-++49.42*-90.88,True
54.46*83.1--94.25--98.27-^^1+36.84--30.19^1+65.78,65.78-30.1936.84-28.39-98.27-94.2583.1^*---+^1-+^1,False
78.22-(83.14*17.87-29.66^1-(-75.7+-33.42/-5.5--51.3)^1),78.22-29.6617.8783.14*--^1^--5.5-33.42-75.7**-1,True
14.15--89.93+55.11/21.86/69.9*49.79^1--22.18^1-89.36,89.36-22.18/69.921.8655.11-89.9314.15/+//*-^1-^1,False
-17.88^1+-90.48^2+-23.71-54.38/(85.3--16.35^2++),54.38-23.71-90.48/+^1+/2-/-46.14-16.3585.3-+^2,False
-10.82*-99.2*90.76/(-76.23--92.99*-71.76/-21.39)/-52.53+(-65.43^2),-52.5390.76-99.2-10.82**//-21.39-71.76-92.99-76.23-*/+-65.43^65.57,True
(21.63/-91.12--6.0*49.18)^1+87.12^1-40.89-52.73*(-36.53),52.7340.89*+^49.18-6.0-91.1221.63/-*-55.65-^1-*-36.53,True
76.86/^+2.97+-52.48+-26.69+(26.72/(-5.99^2*91.28^1)),-26.69-52.482.9788.7276.86/++++26.72/91.28-5.99-^2^1,False
-78.94+-72.6^2+-44.06/31.66+(12.87^2+(86.02*8.72)-98.61),31.66-44.06-72.6+++^2/+98.6112.87-+^-82.28.7286.02*,True
(43.99-98.86)-(-28.75--25.22/-14.36+-97.22)+27.43^2^23.6-24.88,24.8823.6/+-98.8643.99--97.22--25.22-28.75-/++^2-,True
44.42-2-15.22+-88.21/17.75/19.01--49.6/-60.13--90.47^1,-90.47-60.13-49.6^17.75-88.2115.22^-^2+//-/-^1,True
73.53--18.46^2-23.35+-3.35+39.97*56.69+(89.81*(21.96+35.46)),56.6939.97-3.3523.35-18.4673.53--^2+**+-^35.4621.96+,False
19.65^2-33.72+(16.25+36.87+73.6+-61.7-*+(4.69+36.85)),33.7219.65-/2+-99.11-61.773.636.8716.25+++-+36.85-+,True
-41.63--95.78/73.99-(-91.3^1--78.35-95.08+-97.15+-84.59*-34.78),73.99-95.78-41.63-/--34.78-84.59-97.1595.08-78.35-91.3-^-86.89^/+*,True
-4.99*-66.02/85.13--51.46^1+-70.57+(-54.96-31.19-29.77^2),-70.57-51.4685.13-66.02-4.99*/-+^1+29.7731.19-54.96--^39.05,True
-14.59+41.6*-93.59/84.85^2+35.1/-35.09++/55.01+-31.19,-31.1955.01-45.84-35.09*84.85+41.6-14.59+^/+^2/+/+,True
-66.67/85.08/(36.3-/+1.86/56.32-37.36^1--75.53^-31.46),85.08-66.67/+-75.5337.3656.321.8672.51+-+/--^1^2,False
90.66^2-39.06*98.48-(-/(-63.65+---92.13-36.84+(-25.45))),98.4839.0690.66-^2*-63.12/36.84-92.1317.35-63.65+--+-25.45,False
24.81/-49.41^1+87.85-34.82*(-35.32^1+-72.02^1-8.77),34.8287.85-49.4124.81//^1-*8.77-72.02-35.32-^1-^1,False
92.2/-8.71*-31.09^1+-49.67/---7.52*(49.84^2--75.56),-7.52-91.63-49.67-31.09-8.7192.2/*+^6.8/-*-75.5649.84*^2,False
-83.24--83.02^2+(27.52^1+87.1+-80.12)**--34.96^1,-34.96-64.61-83.02-83.24-+^2*-80.1287.127.52+^1+-^1,False
-15.56--38.89/32.22+-36.64-(-3.73--24.51-42.01+-80.98-28.88-85.2),-36.6432.22-38.89-15.56*/*-85.228.88-80.9842.01-24.51-3.73--+^-,True
22.39+82.92--^2-(-23.6/(98.21^1-(-15.26*(-75.16^2)))),-96.8182.9222.39+--^2-23.6/98.21-^1-15.26*-75.16*2,False
-71.56/93.44*-65.96/32.74^2+76.85/-77.46--58.44^1+-6.08,-6.08-58.44-77.4676.8532.74-65.9693.44-71.56/*/+^2/-+^1,True
-38.75*(36.23^1--19.75+-13.88++-59.51+-89.67^2+(70.7)),-38.75*-89.6759.51-14.32-13.88-19.7536.23-^1++-++^270.7,False
(-49.61*-11.33*63.36*73.81+(55.8--37.23--32.25*-74.29-29.49/(22.79))),73.8163.36-11.33-49.61*-*+29.49-74.29-32.25-37.2355.8-/*--22.79,False
-11.04--37.85+(-65.6^1+68.79^-11.92+30.73/51.65*(28.28/(-12.72))),-37.85-11.04-+51.6530.7368.79-65.6-^1+^2**28.28/-12.72,True
73.22^2-(79.75/-11.21-61.07*39.39-2+54.05*7.04*-22.4),73.22-^2-22.4/54.0539.39^-11.2179.75--*+^2**,False
(-9.7/-77.78)/(44.0+22.98/7.89/-73.88/-33.36^2-15.82+-81.04),/-77.78-9.7/-81.0415.82-33.36+7.8922.9844.0////-^2*,True
-64.4-99.52*-13.09/77.94+5.47-89.68+44.68*79.34^1+-13.37,-13.3779.34*89.685.4777.94-13.09/-64.4-*/+-+*+^1,True
-60.4*-+69.39/90.01-14.0*-95.93-(-84.97/2.85^1--81.23),-95.9314.0^69.39-27.51-60.4*^/-*--81.232.85-84.97/-^1,False
-11.7+13.49/+*81.16+41.99^2-++18.99+-80.32^1,-80.3218.99-13.56^81.1675.8813.49-11.7+/^+-^2++^1,False
-77.83*-81.33+(^/-72.7-71.67)^2-69.86-(72.63--69.37^2),69.86-81.33-77.83*-+^71.67-72.781.57/-2--69.3772.63-^2,False
(-90.37-(//40.97^2+26.98*-9.06--19.75/21.99+-52.21/90.42)),-90.37-90.42-52.2121.99-19.75-9.0626.9840.97-72.96/+^2*-/+/,True
77.19/3.57*(-28.14^1+53.17^2+43.64-42.73/46.6^2),3.5777.19/*+42.7343.6453.17-28.14+^1^^2-/^2,True
-55.73+-98.82*-13.01+99.09*-20.28--80.57^54.17--13.96--83.57^2,-83.57-13.9654.17-80.57-20.2899.09/-98.82-55.73+*+*-+--^2,True
-34.2*16.78*(-14.12*-52.73)/55.87^-66.09-(58.0+27.89--29.52^1),-66.0955.8716.78-34.2*-*-52.73-14.12**-*27.8958.0+-^1,False
-52.35*-16.69*54.71-47.8*-67.16-18.31--82.69/-20.97/-5.99^2,-5.99-20.97-82.6918.31-67.1647.854.71-16.69***-+--//^2,True
-96.92/20.39^2+7.46+(-77.95+-16.46)-48.35/-+92.59^1,92.5927.8448.357.4620.39-96.92/+^2-+-16.46/+/+^1,True
-70.26+(-99.22^2-77.01*48.68)/31.58/11.91^1+60.82+*,38.7460.8211.9131.58-70.26+/48.68/-99.22-^2*/+^1+,True
(69.3/66.91)^1-64.48+-43.51^-65.4-9.44+21.04^2--55.68,-55.6821.049.44-43.5164.48-^66.9169.3/1+-^1*-*2,True
-34.86*-56.93+-81.06^2--78.24/-40.86*58.17/25.49-15.72^2,15.7225.4958.17*-78.24-81.06-56.93-34.86**-^2/*/-^2,True
57.95--20.39*4.44+21.95*74.29*(-69.39*-98.64-(-27.82*92.68-15.44)),74.2921.954.44-20.3957.95-*+**-98.64-69.39*-15.4492.68-27.82*-,True
(*/73.44^2+53.72^1+3.49*-23.01*55.4^2--23.11),-23.1155.4-23.013.4953.7273.4427.23-+^2+^1**-^2,True
-85.47/32.91-46.15--24.96+-82.61*25.58//*-5.29-41.14--,-41.14-5.2955.2125.58-82.61*46.1532.91-85.47/--+*/*--,False
24.87*-78.46/-78.5*-33.24^1-89.06/-39.95*(-6.99^2-83.34),-39.9589.06-33.24-78.5-78.4624.87*/*-^1/+83.34-6.99-^2,False
(78.79^1+16.12^2+-50.68+62.73^-96.41+0.05/-98.91)+-0.05,-0.05+-98.910.05-96.4162.73-50.6816.1278.79+^1+^2+-+/,False
-86.54+-28.34+^^1*8.88/41.25^2-22.06+93.91-91.17,91.1793.9122.0641.258.8888.88-28.34-86.54+^-^1/-^2+-,False
30.36/-64.08*65.55-(14.61*-37.66--83.98)^1+(-9.78+-82.15+78.56),65.55-64.0830.36/*+-^-83.98-37.6614.61*-178.56-82.15*++,True
-34.09^1^-16.56*4.53+-27.89-16.21^2+93.36*^--93.52,-93.5238.1393.3616.21-27.894.53-16.56-34.09+^1*+-+^2**,False
-38.2*-55.23+8.97--24.26--2.98*77.19*17.58-(-98.71+25.41/1.38),17.5877.19-2.98-24.268.97-55.23-38.2*+--/*-1.3825.41-98.71+/,True
93.65+-76.51*(-1.15--77.24-60.1+(-11.59/-73.52^1--15.4/57.04)),-76.5193.65+*60.1-77.24-1.15--+57.04-15.4^-11.59/-^1/,True
5.99--8.55^-29.75--90.95-61.12^2/-16.68+1.64+37.34+66.68,66.6837.341.64-16.6861.12-90.95-8.555.99--^2-+^2+++,False
(34.17--83.07-(3.66-(-49.22--9.07)^1+-77.79+-97.24^2+-71.1)),-83.0734.17-/-71.1-97.24-77.793.66+-^^-49.22^1++^2,True
(84.0^2-(-81.71*-91.52/-39.41/14.28^1+-60.04*72.3)/-96.51),-96.5184.0-^2/72.3-60.0414.28-39.41-91.52-81.71^//+^1*,True
4.53+-67.64*32.68^2--60.97+34.43/(-29.1-(-80.61/-54.02--11.76)),34.43-60.97^-67.644.53+*-^2+/-29.1+-11.76-54.02-80.61/-,True
-90.87^2+11.67/(-88.53/-60.62*10.04/8.98/45.67/(-29.93*-42.52)),11.67-90.87+^2/45.678.9810.04-60.62+/*///-42.52-29.93*,False
-83.78^2/-70.26+(7.25--53.56-95.94+^/-30.7*-2.23)^1,-70.26-83.78-^2++-2.23-30.7-70.6395.94-53.567.25--+/*1,False
16.04++^1+41.31^1+31.6--96.82^1+15.02+17.91,17.9115.02-96.8231.641.31-32.0216.04+/^1+^1-+^1+,False
25.88/63.07/-84.27+-77.6--51.01-57.42-16.65-83.37-/^1,91.21+16.6557.42-51.01-77.6-+25.88//+-----^1,False
5.82/-50.48*-60.16/-13.06^1-32.28*-15.35+23.31/-42.51/41.13,41.13-42.5123.31-15.3532.28-13.06-60.16-50.485.82/^*-^1*+/+,False
40.47+-66.08+(89.19^2+79.66)/-59.75/(43.04^2--94.08+-18.19),-59.75-66.0840.47++/79.6689.19+^2/-18.19-94.0843.04-^82.76+,True
(-27.88/-89.13+38.9*67.4^1+-45.56*19.81-17.75)+19.56+-42.53,-42.5319.56+17.7519.81-45.5667.438.9-89.13-27.88/+*+^1*-+,True
-11.1--88.41/46.15+(-21.05/79.95)-(75.02^2+62.38/(-64.81^2)),46.15-88.41-11.1-//+79.95-21.05/+75.02+^2/-64.81^2,True
-28.68--71.7*2-(-90.01/-80.23)*29.45--34.41--98.39*33.33^1,33.33-98.39-34.4129.45-71.7-28.68--^2*-80.23-90.01/--*^1,True
-79.61+39.06*42.09+(83.34*-67.66/-3.31*21.39*49.38*-46.3^2),42.0939.06-79.61+*+-46.349.3821.39-3.31-67.6683.34*/***^2,True
75.57^1-93.4^2-(/+-23.42--21.09+39.06*-7.66*-10.32),93.475.57-^1-^2-10.32-7.6639.06-21.09-23.4234.2+-+**,False
27.87*35.94/-95.79-92.46*-77.62^2-96.83*44.28*-77.47--54.3,-54.3-77.4744.2896.83-77.6292.46-95.7935.94/*/-*-^2**+,False
-43.27/28.8*-73.03--33.68-95.04+71.43/-29.8^2+-50.66+-2.65,-2.65-50.66-29.871.4395.04+-73.0328.8-43.27/*--+/+-2+,True
2.96-66.17-48.53/37.65*92.15+(-44.81-(-47.58++-8.67+79.09)),92.1537.6548.53-2.96--/*+-44.81-79.098.6760.58/+-+,True
44.68^1+-62.05^2+-81.62--4.78-52.65-90.38*46.03/-70.12,-70.1246.0390.3852.65-4.78-81.62-62.05*+^1+^2---*/,True
70.11+35.88-89.03/0.62+-93.27^1-(11.47*54.04/(-97.02/55.88)),-93.270.6289.0335.8870.11+--+-+154.0411.47*/55.88-97.02^,True
75.38--18.24*-77.23^2+(71.5-42.14+-45.92-95.26)+-7.45+(-6.5),-7.45-77.23-18.2475.38-*+/^295.26-45.9242.1471.5---+-6.5,False
34.0*(98.92*-24.88^2*-9.89^2+-94.21^1+4.8)*45.34,45.3434.0**4.8-94.21-9.89-24.8898.92*-/2*^2+^1,False
-72.25-(75.78+-69.73/97.14*-43.26--54.79^2--1.28^1-47.54),-72.25-47.54-1.28-54.79-43.2697.14-69.7375.78+/*--^2-/1,True
14.94/(94.92-1--96.51^1--52.25^2--84.47^1+-32.05),14.94/-32.05-84.47-52.25-96.5194.92-^1-^1-^2+^1,False
-^2+-49.98^4.35--78.48^2+43.17*(-12.24-76.01-48.26),43.17-78.48-49.98-6.02+^2-^2+^2*48.2676.01-12.24--,False
-85.05--48.23/10.26^1+-93.49*^^1-90.27*-83.64+-52.38,/-83.6490.27-25.54-93.4910.26-48.23-85.05-^+^1*-^1*-,False
-16.12*73.36*-30.66//-40.61^1-76.66+83.26-86.71^1,86.7183.2676.6640.61-95.9-30.6673.36-16.12*+/--^1+-^1,True
(87.22-(-79.31-**-37.66/(-62.9^2--25.72--64.19)^64.49)--76.83),-76.8387.22*-64.49*45.18-79.31-**/-64.19-25.72-62.9-^2-,False
76.01/94.58*-87.37^2+6.85*3.83+96.76*-32.47+64.29^1,64.29-32.4796.763.836.85-87.3794.5876.01/*+^2*+*+^1,True
-68.2^2+-5.06--9.94+-25.69-2+-30.46/^/-23.43*20.76,20.76-23.43-67.27-30.46-25.69-9.94-5.06-68.2+^-69.4-++^2//*,False
1.49--7.03/25.93--86.54+55.86*-94.88-29.04+-9.41/-6.21--8.02,-8.02-6.21-9.4129.04-94.8855.86-86.5425.93-7.03+-/-+*-//-,True
14.11/96.12^2-35.95*-50.69--97.57--52.43-91.5^2+-85.02,^91.5-52.43-97.57-50.6935.9596.1214.11/-^2*---+^2,True
-53.51+51.23/-30.55*68.57^1-1.89+-55.34/71.51/(92.04-34.99),71.51-55.341.8968.57-30.5551.23/+/*-^1*//34.9992.04-,True
51.62+39.04/40.05-33.99+-52.44-5.42+32.19*(-47.02-60.79/37.18),32.195.42-52.4433.9940.0539.0451.62+/-+-^*37.1860.79-47.02-/,True
-55.3/8.67/(29.26+96.95*-92.77+-95.59)+35.44*/-39.79*28.58,28.5839.79-35.448.67-55.3/+/-95.59^96.9529.26+*+*-*,False
-74.15*92.29+(**13.62^1-17.5*28.23)-+--97.46^1,-97.46-58.0692.29-74.15*-+28.2317.513.6269.0*-^1*/^1,False
84.73+9.56-14.91/(-45.84/(^^1+(-31.07^1+-57.41)*89.94)),14.91^84.73+-/-45.84/89.94-27.95+^1--57.41-31.07+^1,True
15.02+6.42+(*/-30.34+30.16-47.46)*-92.56+15.53--91.15^2,-91.1515.53-92.56+15.02++*47.4630.16-30.34-95.76/+-++^2,False
57.23/-51.14+5.97+(-71.82*34.87^1-(62.01+(-44.82+-39.69+-34.34))),5.97-51.1457.23/++34.87-71.82*-^162.01+-34.34-39.69-44.82*+,True
-97.79*44.44/78.93^1--23.42*-17.08*-32.98/(87.93-(-24.04^1)),-32.98-17.08+78.9344.44^*/-^1*+/87.93--24.04^1,False
-31.64^1+(33.08^2+(70.31/56.83/-66.51+97.83-48.33-(17.18))),-31.64+^133.08+^248.3397.83+56.8370.31//+--17.18,False
-78.14-8.03*(-54.63*58.61/-35.48)--1.38--58.7+61.18/61.38*12.58,12.58-61.18-58.7-1.388.03-78.14-/*-35.4858.61-54.63*/-+/*,False
(63.13-(-95.22^1+86.66-32.87*4.34/-87.04/-65.83+-85.51/77.57)),63.13-77.57-85.51-65.83-87.044.3432.8786.66-95.22+^-66.01-*//+/,False
*/37.71*99.16+81.66*(8.04+(-51.8-/--94.69+99.07*-37.74)),-99.1637.71^/*+*8.04*-37.7499.07-94.69-40.56-51.8--+*,False
-78.25+94.54-51.16+85.31+49.87-(54.46^2--90.24*-77.4^2),+85.3151.1694.54-78.25+-++--77.4-90.2454.46-^2*^2,True
-98.11+-69.12^2+99.07*4.43/-40.94+-56.79/-33.6^1+-86.3,-86.3-33.6-56.79-40.944.4399.07-69.12^++^2**+/+^1,True
3.61+52.5/97.31+-47.95*19.84/(-97.01/*/+/45.53)^1,19.84-47.9597.3152.53.61+/+*/^45.5393.1333.04-97.01/+/1,False
-83.36^1--64.62+98.2^2-39.22*53.56^1-18.01--14.81,-14.81^53.5639.2298.2-64.62-83.36-^1+-^2*-+1-,True
59.63^1+(-60.67/49.56)*-3.15^1--1.77/52.17/4.33-67.52,67.524.3352.17-1.77-3.1559.63+^1*49.56-60.67/-^2.4///,True
-84.61+99.35^2^48.08^10.28+24.85*-46.9-27.13*-96.03*46.46,46.46-96.0327.13-46.924.8548.08/-84.61+++2+^1*-**,False
(73.99--78.36+-49.01*-90.67/-39.65)+94.34+(-66.25+-49.05*-79.6^1),94.34+-39.65-90.67*-78.3673.99-+*-+-79.6-49.05-66.25+/^1,True
(-76.11--69.11*(-8.43*-+31.4+-93.1/-59.69^2+68.94/-9.18)),-69.11-76.11-*-9.1868.94-59.69-93.1/57.58-8.43**+/+^2/,False
-14.56-43.29^2+72.74+52.18/(71.87--9.38-^^1--38.3),52.1872.7443.29-14.56-+^66.67+/-38.3^-9.3871.87---^1,False
-38.56+18.01*31.75/-11.83/-92.74--88.06/67.97+35.88*5.94*5.25,5.255.9435.8867.97-88.06-92.74-11.8331.7518.01-38.56**//-/+**,True
-37.88+62.44-74.89^2+-20.98*-31.41+53.55-75.43*-77.82/-60.89,-60.89-77.8275.4353.55/-20.9874.89+-37.88+-+^-50.25*/-*-,False
-58.47^2+9.13--85.31*-91.84^1-(-68.69/30.94)^1--20.5,-20.5-91.84-85.31/-58.47+^2-*--^-44.07^30.94-68.69/1,True
-51.69/59.1^38.95-25.07/(68.99^2-97.06/-19.84/10.15/-9.63),25.0759.1-51.69/-^1/-9.6310.15-19.8497.0668.99-^2//*,False
(82.28/-59.04^1-78.76*-80.69/-57.15^1+44.47)-68.79*-78.28,-78.2868.79-44.47-57.15-80.6978.76-59.0482.28/-^1*/-^25.35*,True
-67.54-37.91-(85.65+-77.47*-72.46+58.99*82.96^2/-89.3--),37.91-67.54---99.88-89.382.9658.99-72.46-77.4785.65/*+*-/2-,False
(-47.48^2+76.42+38.29/73.54^2+-57.15/73.39/54.41+57.07),57.0754.4173.39-57.1573.5438.2976.42-47.48++2+/+^2///,True
(-14.37*(6.01*-71.7*75.59*(-72.3^1+14.24^2+-84.77--37.43))),-14.37*75.59-71.76.01***-37.43-84.7714.24-72.3+^1-^2-,True
68.5+50.34^2+(47.01+-66.57+-22.62^2-71.73+-40.94*+),50.3468.5++^2-82.3-40.9471.73-22.62-66.5747.01++-^2+*,True
-57.56/(83.09-(-55.69--89.16-+/-0.89)^2+-31.04*-19.22--21.42),-57.56/-21.42-19.22-31.0483.09+-^-0.8951.35-89.16-55.69--/2*-,True
61.51^91.17^2-64.09^2--16.5-32.84--12.49^2-74.51,74.51-12.4932.84-16.564.0991.1761.51*-^-91.84-^2---^2,False
-19.19^2+29.69/86.5+21.16*(-0.72*40.29*55.64/(7.68+37.43)),21.1686.529.69-19.19+^2//*55.6440.29-0.72**/37.437.68+,False
83.16+42.13/72.01*24.1*-8.58^1+-16.73-26.69^2+-39.32,-39.3226.69-16.73-8.5824.172.0142.1383.16+/+-+^1-+^2,True
-13.64*-78.23/(63.89*(12.14-(-37.39*-62.67)/-15.86+(29.55+-55.86)-14.73)),-78.23-13.64*/63.89*14.73-15.8612.14-^-62.67-37.39*+/^29.55+,True
(54.12--19.42*85.51^2-62.33^2^66.9/(74.57*-53.91^1)),66.962.3385.51-19.4254.12-*-^2-^2--53.9174.57*^1,False
-59.18--29.26^1+34.25*14.34*-69.5^2--23.33^1-46.35,/-23.33-69.514.3434.25--59.18-+^1**-^2+^1,True
-17.21--40.04*98.29--99.81+82.31^1+-23.96/-40.75^2--66.7,-66.7-40.75-23.9682.31-99.8198.29-40.04*/*-++^1/-^2,True
-66.73+72.18+5.17-70.16*65.07-(73.07+81.71^1--80.86/-67.25),-70.165.1772.18-66.73+++*/-67.25-80.8681.7173.07+-^1/,True
55.94-94.93+-7.65*72.41*69.87*21.83*49.05+15.09/78.39*1,78.3915.0949.0521.83+72.41-7.6594.9355.94-+****+-+1,False
-47.81-25.45+-83.41/-68.34*59.95+57.11-2+-78.63-11.22+85.05,85.0511.22+57.1159.95-68.34-83.4125.45-47.81-+/*++^2^+,True
(83.1+36.86+22.52--92.55-57.63+-3.0*-91.1)-93.2+53.95--62.09,-62.0953.9593.2--91.1-3.057.63-92.5522.52*83.1++/-+*+-,True
65.22*-14.06^1+87.31^2+++8.1/-23.58*10.65-81.93,-10.65-23.588.1-89.3687.31-14.0665.22*+/1+^2+/*-,True
-13.23/94.33-97.08*(-46.39--72.35/-59.02+-28.25)/(32.48*-52.27)+88.26,88.2697.0894.33-13.23*-+/*-28.25-59.02-72.35-46.39-/+-52.2732.48*,False
-64.68^65.08+89.65--59.28^1+(41.21-1.0-(38.98-19.25--93.16)),-59.2889.65-64.68+^2-+^11.041.21---93.1619.2538.98*-,False
(-74.71/0.42/-32.16)-82.87*22.19^44.01*-7.02+-39.58^1+35.36,35.36-39.58-7.02/22.1982.87--32.160.42-74.71//*/*++^54.96,True
-7.36--/-82.17*77.68*-77.69-86.85/21.07/64.98/94.89/(-90.75),94.89/21.0786.85-77.6977.68-82.177.08-7.36-/**-+///-90.75,False
59.02*(48.18-91.29*-37.04)*5.17^2+-31.45--26.88*-75.31--53.21,-53.21-75.31-26.88-31.455.1759.02**-37.0491.2948.18-++^2-*-,True
72.72/40.47*27.65^2+(24.5/0.24*99.57)^2+32.97*-48.66,-48.6632.9727.6540.4772.72/*+/^2^/0.2424.5/*2*,True
86.73*-64.21-10.98/11.87^1-8.6+43.97/(-70.47/-52.4-2),43.978.611.8710.98-64.2186.73*-/-^1+^-52.4-70.47/^2,True
55.21--17.83^1+86.68+-24.36--99.61/-92.59+-98.49+85.36+(17.16),+-98.49-92.59-99.61-24.3686.68-17.8355.21-+^-31.5--/+++17.16,True
82.8+54.26*-64.2-2.53^2+33.14/-33.46*-86.51-89.39+62.52,62.5289.39-86.51-33.4633.142.53-64.254.2682.8+*-+/2/*-+,True
*/-97.15+-24.88/48.41*47.63/(2.85*6.5/-28.86--69.38--10.02),47.6348.41-24.88-97.1546.65/+/*/-10.02-69.38-28.866.52.85*/--,True
(60.65^1+/*49.27)/13.66^1+-93.47^1-**64.53,64.5323.35-93.4713.66/49.27-25.3260.65+^1*+^1-^-52.73*,False
9.21^2+(-19.98+47.62*21.14/-19.62-(3.59*22.78+-9.02)/-68.85),9.21+^2-68.85-19.6221.1447.62^+//-/-9.0222.783.59*+,True
-71.71*-41.74/-54.77/69.4+-76.99^1+-16.44/16.3/-64.61^1,-64.6116.3-16.44-76.9969.4-54.77-41.74-71.71*+^++^1//^1,True
(87.95+7.24^1-(-30.4/(-49.07+-15.24)/27.09*26.1+-3.7*-58.17)),7.2487.95+-^1-58.17-3.726.127.09-30.4//-15.24-49.07+*-*,True
55.61^2+(*/-60.2/^/-25.65*73.06-27.8*39.14/32.27),55.61+^232.2739.1427.873.06-25.6583.99-60.278.98//^*-*/,False
(17.34+-42.85)+(-3.03^2+^)-83.54--6.89*36.89+36.17+54.59,54.5936.1736.89-83.54-+^17.34+46.23-3.03+^2-*++,True
-4.83/-63.37^1+-37.74/(+*-2.58-37.75--72.93)+(-72.1-6.35),-37.74-63.37-4.83-*^1+/-72.9337.75-2.5825.67^--6.35-72.1-,False
61.76*(-51.08^1+25.11+31.5/72.53/(-79.9/86.87*-57.92--87.96)),61.76*72.5331.525.11-51.08/^-73.58+//-87.96-57.9286.87-79.9/*-,True
-77.45/(99.65/-70.88/71.9)*-48.73-(13.73--46.64+++-57.88/-87.17),-48.73-77.45^/71.9-70.8899.65//--87.17-57.88-98.08-46.6413.73-++/,False
90.93-(-64.76+-13.91*30.5^1+1.96+5.79*18.84*-48.86--93.38),90.93--93.38-48.8618.845.791.9630.5-13.91-64.76+-+^1+**-,True
72.01-(14.9^2+-75.45/-41.55/94.04)*-8.16+(-39.0-(30.43+96.89)),-8.1672.01-*94.04-41.55-75.4514.9+^2//+-39.0-96.8930.43+,True
-63.06--72.75*-66.69+13.71/-/(-90.35--96.57+55.35)^1+85.5,85.5-35.7713.71-66.69-72.75/-++/+/^55.35-96.57-90.35-+1,False
8.79*55.61--1.21--18.21+5.17/(-56.3*^/52.88+(64.67+11.99)),5.17-18.21-1.2155.618.79*--++52.88-75.9-56.3*/+11.9964.67+,False
-9.19-(-19.57^1--24.26+-27.24+2.11)*-95.81+-8.2-33.23^2,33.23-8.2-95.81-9.19-*2.11-27.24-24.26-19.57-^1+*+-^2,True
-31.32-1--88.7/-51.74^2-(-59.6*38.2+-57.78-94.26--91.79),-51.74-88.7-31.32-^1/-^2-91.7994.26-57.7838.2-59.6*+--,True
-48.09*99.11/(74.04^1+-93.39+8.03*83.58)/-25.77^1+84.45,84.45-25.7799.11-48.09*//83.588.03-93.3974.04+^1+*+^1,True
75.43/-68.56^2--60.39^(39.8/27.0^2--28.99/(-90.49+(-32.05))),-60.39-68.5675.43/-^2^-28.9927.039.8/-^2/-90.49+-32.05,True
4.07/(/+41.01+-82.13)^2--6.84/76.12-83.17+50.51/-95.51,-95.5150.5183.1776.12-6.844.07-/^-82.1341.01-64.67++2/-+/,False
(10.79^1--3.08*-20.05)/60.06/-45.21^2+35.2+-45.68+54.43,54.43-45.6835.2-45.2160.06--20.05-3.0810.79-^1*/+^2++,False
^+-18.96/-40.93-29.73*39.42*(58.55/49.18*-42.64)+-61.45--33.66,-33.66-61.4539.4229.73-40.93-18.96-28.1+/-*+^-42.6449.1858.55/*-,False
11.88--58.64^1-(36.73+-29.88--38.05)-10.9*40.63+6.92--47.27,-47.276.9240.6310.9-58.6411.88---^1-38.05-29.8836.73--*+-,False
-36.48+-36.73--40.39/-15.03+82.81/-73.14*(-22.59^2+(-65.13/-96.21)),-73.14^-15.03-40.39-36.73*+-/+/**+^2-96.21-65.13/,True
-94.16/8.71--5.12-(-47.78-99.53--97.68+-81.74+-74.88)+60.08^2,60.08-5.128.71-94.16//+--74.88-81.74-97.6899.53-47.78--++/-68.65,False
36.86*-5.78+(23.88^-26.92/45.73-29.24^2+-98.1*-82.02--89.59),-5.7836.86*+-89.59-82.02+29.2445.73-26.9223.88+/-+*2*-,False
/----44.3-52.68-64.9/-6.68*47.49^1-27.49+73.59,73.5927.4947.49-6.6864.952.68-44.3-33.0757.48---*/*-^1+,False
-90.44-1.79^1+(12.49-58.29+-47.41*-75.54+38.19/-28.92/(-37.58)),1.79-90.44-++1-28.9238.19-75.54-47.4158.2912.49-+*+//-37.58,True
*+(-17.27+-23.81)*6.28-(17.78--90.36/6.79*(12.23*(-47.78^2))),6.28-62.64+*-23.81-17.27+-6.79-90.3617.78-/*12.23*-47.78^2,False
-27.86+-33.21+-7.81+(-25.83+-69.42--88.85+-85.02-(69.05^1+40.09)),-7.81-33.21-27.86+++-85.02-88.85-69.42-25.83+-+-40.0969.05+-1,True
(^^2+-77.07)*-88.01-(36.82-25.94--40.45+-20.24*-93.05--41.22),-88.01*-77.0756.78+^2--41.22-93.05-20.24-40.4525.9436.82-++--,False
-41.11*-10.29+53.35-(51.76^1--6.58)*3.09/61.52-87.69+24.63,24.63-61.523.0953.35-10.29-41.11*+-*-6.5851.76-^1/-+,False
10.04--34.21^2+(-67.15-4.83--38.32^1--80.24+/*78.51),-34.2110.04-+^278.5139.92-80.24-38.324.83-67.15--*^1/*,False
(48.96/60.86*3.55)^1+-52.9*-76.74^1+-88.1-25.13/(37.78),25.13-88.1+-52.9+^3.5560.8648.96/*1*++1-/37.78,True
6.83-(-20.7--40.15)^2-19.32/-63.66^2+-52.46*30.5+72.62,72.6230.5-52.46^19.326.83--^-40.15-20.7-2/+^2**,True
-93.85+-63.81-53.41/57.17/51.57/90.11/(-40.01*62.12)+66.28/-21.45,-21.4566.2890.1151.57^53.41-63.81-93.85--///*/62.12-40.01*/,True
*+35.43/-81.81^1+33.53--33.33-72.82/(52.08-32.07+-24.35),72.82-33.33^-81.8135.4395.12+/+^1--/-24.3532.0752.08-+,False
56.45^2+-14.26/-82.36^1+^-23.97*79.1-29.85^1,29.8579.123.97-36.91-82.36-14.2656.45/^2/+^1-*-^1,False
53.53/-64.26*(-67.06+4.17/44.99+-87.66*-6.97-9.31)/-69.0^35.48,-69.0-64.2653.53//*9.31^-87.66+4.17-67.06+/+*-^1,True
15.47-61.09/-9.96^2+--70.87^1+-11.98/46.39*(2.8),46.39-11.9870.8779.68-9.9661.0915.47-/+^2++/1//2.8,False
50.63*93.39/-/-56.33^1--82.06*29.76--87.5--78.6/83.97,83.97-78.6-87.529.76-82.06-56.33-38.0293.3950.63*//-^1*--/,True
77.76+38.56*-2.93^2+-51.15^2+-43.76*-0.93--24.78+-78.05,-78.05-24.78-0.93-43.76-51.15-2.9338.5677.76-*+^2+^2*-+,True
-23.76^1--63.19*52.03-24.3-5.95+(-7.45/(64.82*0.27--36.24)),5.9524.352.03-63.19-23.76-+1^--+-7.45/-36.240.2764.82*-,True
(-25.06-17.4^1+61.7)/83.26^1--45.89*(-14.28+^/40.44),-45.8983.26-61.717.4-25.06-+^1-^1*40.44-26.55-14.28+/,False
36.23/34.45^2--86.53^1+90.35^1--68.53*-24.7+25.54,25.54-24.7-68.5390.35-86.5334.4536.23/-^2+^1-^1*+,True
49.1*(70.0-32.58-23.44)^1+57.99/-8.82/-36.59-18.13*-,-78.6918.13-36.59-8.8257.9949.1+*^23.4432.5870.0--1//+*,False
71.63*-71.57^2-41.29/-15.42*-94.87-(-83.0+-26.76)-71.36*60.61,-71.36-94.87-15.4241.29-71.5771.63*+^2/*---26.76-83.0+*,True
/^1-30.79+-76.21-(97.64/-44.57+11.95+80.98-80.98^1),-76.2130.7952.6-^1+-80.9880.9811.95-44.5797.64/++--1,True
40.48*-34.75^2-(70.23+47.54*-37.94--11.24+0.41/-78.06*-50.37),-34.7540.48+-^2-50.37-78.06*-11.24-37.94+70.23+*-+/*,False
17.13+-75.53*62.42*+/+*37.47/69.09--76.14*(-43.88*25.13),-76.1469.0937.470.71-17.33/-75.5317.13+*+/*/-*25.13-43.88*,False
-40.43+-26.67-(-*45.39/58.78)-(46.53*57.46/-10.89+-50.85/-41.28),-26.67-40.43+--58.7845.3922.7*/-41.28-50.85-10.8957.4646.53*/+/,True
-74.99^1-85.03^2+-63.95^1--81.68+19.7*(96.7/-79.85),19.7-81.68-63.9585.03-74.99-^1+^2-^1+*-79.8596.7/,True
-94.52/(-70.04+-33.08/-60.08^2-3.3/67.28/96.77+79.73^1),-94.52/79.7396.7767.283.3-60.08-33.08-70.04+/-^2//+^1,True
-35.62*-71.22^2--30.7+-15.43+35.78^1-(86.08-41.81^1),35.78-15.43-30.7-71.22-35.62*/^2++-^-87.8641.8186.08-^1,True
-26.57--39.63--27.3*(-71.37*(40.15*(++(41.59^-68.72^1+(9.83))))),-27.3-39.63-26.57--+-71.37*40.15*-22.95+-68.7241.59-+^19.83,False
-69.53^2--74.91/-2.76-94.34/86.12-60.92+(-67.81+(-20.4^1)),60.9286.12^-2.76-74.91/-^2/-/-+-67.81+-20.4/1,True
(74.19-58.49)^1--45.37/-32.73/-87.35/28.05*42.96-(-82.67*-26.17),42.9628.05-87.35-32.73-45.37-^58.4974.19-1///*---82.67*,True
12.64+(-93.25*-25.93)+-95.05+58.37*(-65.19/47.48)^2-46.09--40.2,-40.246.0958.37-95.0512.64++-25.93-93.25^+-+^47.48-65.19/2-,True
16.9^2+(-46.79--27.81+-50.64)--17.95-(31.57^1+39.63/-26.15),-17.9516.9-+^2-50.64-27.81-46.79-+--26.1539.6331.57+^-48.47/,True
-73.38^2--74.77+-12.87^1-78.9--30.63^1--42.05+53.05,53.05-42.05-30.6378.9-12.87-74.77-73.38-^2+-^1--^1+,True
16.5--11.37^1+-26.75-2+-99.41+29.31-45.54+(39.57^1),45.54/-99.41-26.75-11.3716.5++^1+^2+-+39.57^1,True
-37.44+54.64+-96.82*-25.13+-25.89^1+-8.95+-29.13-(-35.95/-69.92),-29.13-8.95-25.89-25.13-96.8254.64-37.44++*++^1+--69.92-35.95*,True
-87.81-29.34/62.42^2-6.07/-41.73-84.32-0.44+-94.2*1,-94.20.4484.32-41.736.0762.4229.34-87.81-/-^2/--+^95.1,False
28.45+-86.02/97.54--53.74^-64.14/-59.16+-17.34*-15.68-13.16+35.17,35.1713.16-15.68-17.34-59.16-64.14-53.7497.54-86.0228.45+//*/+*-+,True
-58.88^2+-55.15-75.47/(58.44^1--75.97/4.72*21.21/-41.94),75.47-55.15-58.88+^2-/-41.9421.214.72-75.9758.44-^1/**,True
99.74*-19.22*(75.5+33.01*-69.3*73.0+-78.47)+-64.03/^+-47.51,-47.5138.81-64.03-19.2299.74*+*+73.0-69.333.0175.5+**+/+,False
79.06/-7.33*92.25^2-73.23*+-93.58/+*7.87^2,7.8719.1693.5835.0473.2392.25-7.3379.06/*-^2*-/*^2,False
55.29--51.22+-28.41^1+(9.77/(97.48/18.91)^1+-11.38*97.12),^-51.2255.29-/+^197.12-11.389.77+/^18.9197.48/1*,True
-15.32+26.16*14.43^1+--17.99*32.38+-33.61^2+-34.78,-34.78-33.61-17.99-80.9914.4326.16-15.32+/+^1-*++^2,True
39.27/-77.25*94.78^1+(84.36^1-(^-39.01-80.8-3.33)),94.78-77.2539.27/*+^1--^13.3380.839.01-28.21-/-,True
-71.28*82.82+-84.79+-88.44+(58.67^2+-64.57--17.58--89.79)--43.59,-43.59-88.44-84.7982.82-71.28*-++*-89.79-17.58-64.5758.67+^2--,False
-53.47+60.22-64.94*-5.7^2+42.95/-37.71/-28.68/(-43.02^1),-28.68/42.95-5.764.9460.22-53.47+*^+^2///-43.02^1,True
-12.23-(58.19*75.75+72.33^2-40.72/-95.9^2+69.11*1.65),-12.23-1.65+-95.940.7272.3375.7558.19/+-^2++^2*,False
81.84/76.65+/*-79.27^2-99.63^2--42.15*-62.44/61.2,61.2-62.44-99.63-79.2712.2276.6581.84/+/-+2-^2*/,True
9.1/(21.91/72.21/-50.92^1+-0.29*2-60.65)^1+-41.52,-41.529.1+/^60.65-0.29-50.9272.21^^/+^1-^21,False
-7.16^1-83.07^50.64/-71.02+(-20.41+85.16)/(11.08+(-88.37/(-55.62))),-71.0250.6483.07-7.16-^1-/++85.16-20.41+11.08+-88.37/-55.62,False
--(61.91*8.0^1-68.09)*-43.5*(-38.69*39.76)*-6.4^1,-6.4-43.538.76+*68.098.061.91*-^1**39.76-38.69*^1,False
(--82.15)--38.08*-68.05+55.05-40.74+29.5/54.63^1+3.63,3.6354.6329.5+55.05-68.05-38.08-82.1594.65-**-+/+^88.32,False
(29.4/(59.95*90.77^2--87.94/-39.45*-86.05)^2+-38.36/-22.14),-22.14-38.3629.4+/^-86.05-39.45-87.9490.7759.95*-^2**2/,True
45.7^2--60.4+(-27.97*81.14--10.34--69.99)*33.74-(**45.81),33.74-60.445.7-^2-*-69.99-10.3481.14-27.97*---45.81-55.17*,True
55.66*(-66.19*+^1+(28.01-(33.2^1+-88.7^2+82.08))),55.66*92.34-66.19*+^-5.928.01-82.08-88.733.2+^1+^2,True
-16.64/-16.62--43.48/88.28+(67.84*94.86)*81.44--0.54--98.29/86.88,86.88-98.29-0.5481.4488.28*-16.62-16.64/-/+*94.8667.84*--/,False
-20.79/-25.7/-41.48*-4.25-(10.8/2.86+63.51)-1+9.15--0.36,-0.369.15-4.25-41.48-25.7-20.79//*+-^63.512.8610.8/*1+,False
9.76/-51.23/33.27^1+3.39^1+-8.42*1.75*34.77*(-49.47),34.771.75-8.423.3933.27/9.76//+^1+^1***-49.47,True
-61.5+-0.61*95.65/-55.72/56.21+72.94+92.51^1+33.2-76.91,76.9133.292.5172.9456.21-55.7295.65-0.61-61.5+*//+++^1-,False
-44.17+-3.72*91.21--67.71^4.56+52.88/-5.79--69.41/95.58-(-26.62),95.58-69.41-5.7952.88-67.7191.21-3.72-44.17+--+^1/-/--26.62,False
42.46/47.31/30.3^2+-18.27*11.4^1--89.82+-61.31+(28.12),-61.31-89.82+-18.2730.347.3142.46/*+^2*-^1++28.12,True
(51.81+(-1.73*2+-*40.96/-61.51*-26.87/97.13+-38.7/68.01)),51.81+68.01-38.797.13+-61.5140.9680.43-1.73+^2*/*/+/,False
(-46.34*2.03-(20.23/63.17--82.82-25.38/62.51+86.44--82.0--79.31)),2.03-46.34/^-79.31-82.086.4462.5125.38-82.82-20.23/--/+--,True
*^2/89.74/28.16+56.92*2.48+26.7+(19.86-(-97.53--73.38)),26.72.4856.9228.1689.74-11.13-^2++*++19.86--73.38-97.53-,False
-20.1/22.05*/^2-21.93/-41.17*(-16.27^2+62.59^2),^21.93-7.7522.05-20.1/*-^2/*62.59-16.27+^81.34*2,True
-69.02^2-(64.8*34.09-12.65)//--6.8--55.49--11.79+-87.04,-87.04-11.79-55.49-6.892.26-69.02-^2/12.6534.0964.8*----+,False
-37.08^1-98.52*49.46^1+65.8+46.63*12.82/(-34.01/-62.78),12.8246.6365.849.4698.52+-^1*+^1+*^-62.78-34.01-,True
-29.85-(-7.18+(61.09^14.54)+-63.77/56.98+-84.59*-31.59/-35.57/(25.77)),-29.85--35.57-31.59-84.59^-63.77-7.18++14.5461.09-/+*//25.77,False
(-46.34/(-81.09+45.74+(37.81^2-(-98.1^2+35.36/52.12)^1))),-46.34//-81.09++37.81-^2^52.1235.36-98.1+^2/1,True
-37.52/-71.52^2--20.99--74.79+61.9/(-19.26/27.93/(51.58--39.59)),61.9-74.79--71.52-37.52/-^2--/27.93-19.26//-39.5951.58-,True
54.37--/87.48+49.25+-73.06*(66.47^1-43.01/57.49--74.0),-73.0649.25/-96.0154.37-+++*-74.057.4943.0166.47-^1/-,True
*+-7.23/-18.48+90.16+-32.94^1+-45.85/-65.57--88.2-55.69,55.69-88.2-65.57-45.85-32.9490.16-18.48-7.2391.4//+++-1/--,True
-34.27^2+-33.67+-15.21^-48.78+-48.13^2-88.14*72.07^2,72.07/-48.13-15.21-33.67-34.27+-2++^1-^2*^2,False
24.56+89.18+71.78-(98.54+13.96)^(-44.31*-68.62*-27.48--81.84)-(-49.26),71.7889.1824.56++*--13.9698.54+-81.84-27.48-68.62+**--49.26,False
78.24/61.43^2+54.99*-94.31^1-80.0^1--89.53/(52.39),-89.5380.0-94.31^61.43-/+^2*-^1-^1/52.39,True
(-15.03/64.22+35.63-15.18+-10.6^2/-14.05^2-(74.42--64.81)),-14.05-10.615.1835.6364.22-15.03/+++-^2-^2-64.8174.42-,False
8.11*-48.87*-30.55^16.29^1-20.93-54.31+-55.27^1^-62.58,-62.58-55.27+20.9316.29-30.55-48.878.11**+-^1-+-^1,False
-57.47-64.27-(29.57/38.5+(33.02/(68.37^1--89.23)^1--24.39)),64.27-57.47-/38.529.57/+-24.3933.02-/+-89.2368.37--11,False
68.15*-53.55*-63.02+67.75/(-37.0+93.73)-37.31^2-(*+98.67),37.3167.75-63.02-53.5568.15**+*/93.73-37.0+-^298.67-27.27^,True
(78.19/-59.62)^1+-1.86^2--49.85*-92.43+-90.36+1+22.62,*-90.36-92.43-49.85-1.86+^-59.6278.19/1-^2*++^1,False
65.44--22.59/42.58^2-1.62-41.81/22.48/91.22+(-62.5-31.56),91.2222.48-1.6242.58-22.5965.44-/-^2*-/+31.56-62.5^,True
49.16*-45.33--64.19^2--31.19/37.09/69.11-(2.13^1--37.98),69.1137.09*-64.19-45.3349.16*--^2//--37.982.13-^1,True
51.03-94.38+10.72/(/^1+-61.89)/21.18--72.4+44.66+-77.2,-77.244.66*21.1810.7294.3851.03-+//-61.8965.64+^1-*+,False
(45.96*(78.47*89.22^2--87.73*-77.22*-97.95*-87.94/-85.33--16.38)),45.96*-16.38-85.33-87.94-97.95-77.22-87.7389.2278.47*-^2****-,True
(-44.26/-87.54/(97.77/-8.66+-50.06/(21.86+2.24*-27.58*-7.35-11.5))),-87.54-44.26//-50.06-8.6697.77/+/11.5-7.35-27.582.2421.86/**-,True
41.86*-80.99+46.4+-74.72-1--53.84+-80.37/-8.53+85.62*96.2,^85.62-8.53-80.37-53.84-74.7246.4-80.9941.86*++-^1+/+*,True
-75.84+16.23^1+(-2.83+-55.67*-24.91/-10.87/18.13^2+-29.55),--75.84++^1-29.5518.13-10.87-24.91-55.67-2.83+*-/+^2,True
33.33*96.2+-44.78+66.71*75.22*65.05/30.43+91.51^2+-2.1,-2.191.5130.43/75.2266.71-44.7896.233.33*++**/++^2,True
-69.63+(38.42---47.66^1-45.43+-96.2)+-78.02/-60.55-50.79,50.79+-78.02-69.63++-96.245.4347.669.2938.42-//^1+--,False
54.3-78.96+65.98+31.71+-16.85/24.24/15.54--96.3^1+*,95.88-96.315.5424.24-16.8531.7165.9878.9654.3-/++//-+^1,True
85.94+5.57*84.47^2-*--43.91+14.25/-73.4+-65.89-(21.79),-65.89-73.414.25-43.91-61.9984.475.5785.94+*^^2-+/+-21.79,False
(87.26-*+-39.0/-84.12*-28.69+1.21)*93.41/50.93*(-58.43/-38.26),50.93-*1.21-28.69-84.12-39.0-57.0987.26-+/*+**-38.26-58.43/,False
57.4--30.14+-35.61--11.77+53.92+97.42/-60.63-40.11*(94.4+23.89),40.11-60.6397.4253.92-11.77-35.61-30.1457.4-+-*++-+23.89*+,False
29.86^2--+33.54*-6.09--56.69+14.85*87.61+-25.48+-24.66,-24.66-25.4887.6114.85-56.69-6.0933.54-55.6--^2+*-+*++,True
-13.78/41.3-33.9^2+(60.19^1+-66.28-96.39+(-88.88-51.38)),33.941.3-13.78/-+^296.39-66.2860.19+^-69.71-+51.38-88.88-,True
(-89.99-48.34+-17.3*(67.1/-27.86^2-(59.19+-32.69--72.07/52.08))),-17.348.34-89.99-+*-27.8667.1/^^252.08-72.07-32.6959.19+-/,False
70.19-56.2/(-64.53-75.41--31.57^2+-62.07--1.64^1.31--77.13),56.270.19-/-77.131.31-1.64-62.07-31.5775.41-64.53--++2-+-,False
-1.33^1--5.95/(36.09/(99.57-66.58)--71.39^1+76.81+24.64),-5.95-1.33-^1//76.81-71.3936.09-/66.5899.57-+^1-,False
95.92*-86.73/-95.25/-73.65^1+26.28-29.88/^--20.33--44.23,^-20.3378.2629.8826.28-73.65-95.25-86.7395.92*//+^1-/--,False
-50.7*16.75+*-4.25--40.49+96.07^2+78.38+10.76/85.03,/10.7678.3896.07-40.494.2529.4216.75-50.7*+--++^2+/,False
-52.32^47.67-65.28^1+-46.68/46.09^2--42.69+62.5^2,+-42.6946.09-46.6865.28-52.32-^2+^1/-^2+^2,True
72.2^1--85.06+-50.61*-9.52/-44.58/-32.79^2+57.99+22.52,22.5257.99/-44.58-9.52-50.61-85.0672.2-^1+*-/+^2+,False
37.08^1--24.62*62.18+(98.92^-80.21-3.65^1+(27.48+(94.73))),62.18-24.6237.08-^1*+3.6598.92-/2+^1++94.73,True
-25.99/-2.86-76.0/-57.53--58.84-(51.94+-49.56/-20.05*-60.13^1),-58.84-57.5376.0-2.86-25.99/-/---60.13-20.05-49.5651.94+/-^1,True
-61.38*-36.06/-67.17/+^2-(-64.26--56.11^2-7.22*41.51),-71.74-67.17-36.06-61.38+//-^2/7.22-56.11-64.26--^2*,False
-11.38*-63.08^2+11.46^2-2.37/(-68.47/12.84*34.96^2),2.3711.46-63.08-11.38*+^2-^2*34.9612.84-68.47/*^2,True
(8.16--26.9)+*+-45.58/-63.13^1+-76.06^1--33.49*(-48.33),-33.49-76.06-63.13^-51.33+-26.98.16-*/+^1-^1*-48.33,True
-27.72-(84.15**/(-26.58^1--43.05/-42.45+-83.55/1.79*-58.27)),-27.72-14.1284.15*/-58.271.79-83.55--43.05-26.58-/1///*,False
14.54^2-91.67^1/-21.75^2+45.94/-19.98+-36.38/-85.99,-85.99-36.38-19.9845.94-21.7591.6714.54-^2^^1+^2/+/,True
-91.62*(-68.9+97.49+84.55+(-68.87^1+(55.73*-97.74*44.1^1))),-91.62-84.5597.49-68.9+++-68.87+^144.1-97.7455.73+*^1,True
21.17*-45.47^2+49.32*-59.17--3.18*68.74/60.36--42.97^1,-42.9760.3668.74-3.18-59.1749.32-45.4721.17*+^-50.23*-*/-^1,True
-22.72+-71.0///-93.75+-28.91/5.18/**26.87-53.21--97.8,-97.8/26.8790.375.18-28.91-93.7593.53-71.0-22.72+//+//*+-,False
+^1+(93.56*3.36^2--50.58)*-74.76/(68.69^2+-33.55),-74.7659.89+^1*-50.583.3693.56*-^2/-33.55-+^2,False
94.59+-79.82+(82.75+23.03*(-61.78--41.15/-40.24-9.59+41.21/-28.63)),-79.8294.59++23.0382.75+*-28.6341.219.59-40.24-41.15-61.78-/**/,False
89.79*(-78.67-75.82*+*81.66*64.84^1+-92.93--32.27-(-69.16)),***-92.9364.8481.66-27.1975.82+-***+^1---69.16,False
-89.91*38.88/72.37+-32.71--59.67/-35.16-(91.3+-95.31-(-32.89-23.34)),-35.16-59.67-32.7172.3738.88-89.91*/+-/--95.3191.3+/23.34-32.89-,True
18.17--88.45^1-49.64--45.35/31.18+100.0/-0.68^1+(-26.52),-0.68100.031.18-45.3549.64-88.4518.17--^^-/+/+^1-26.52,False
89.01*82.75-47.21+26.88+19.48^1-15.77/-28.3^2+-62.77,-62.77-28.315.7719.4826.88*82.7589.01*--+-^1*+^2,False
-32.88+-6.44^1-8.23^2--87.21/20.46/(20.4-89.86^1),20.46-87.21+-6.44-32.88+/^1-^2//89.8620.4-^1,True
-32.08/59.52*-64.81--6.23-(-8.07/42.26*58.12--85.51--29.11/6.77),-6.23+59.52-32.08/*--6.77-29.11-85.5158.1242.26-8.07/*--/,False
43.78-(-21.92/51.6--77.42--67.34/-11.18+-86.25-53.0+-57.17)*71.24,71.2443.78-*-57.1753.0-86.25-11.18-67.34-77.4251.6-21.92/--/+-+,True
(-66.53/-35.88)/6.03^1+-33.98-73.44+85.66*-24.7/-75.0*-,15.68-75.0-24.785.6673.44/6.03/-35.88-66.53/+^1-+*/*,False
-92.3*-70.09*86.41-4.22+^+(-71.56-22.65/-17.39^2+39.3),70.854.2286.41-70.09/***++39.3-17.3922.65-71.56-/+^2,False
61.57+-53.06^2+^-93.19/-13.67--13.69--74.51*28.45-(31.65),28.45-74.51-13.69-13.6793.19-35.14-53.0661.57++^2-+-/*-31.65,False
(71.09/70.78)*-31.12^1-(-77.55*-52.74)^1+(92.62*(54.21+/)),**70.7871.09/+*^1^-52.74-77.55*192.62*96.0754.21+,False
93.21--37.21--86.4/20.71^2--8.99--6.91/54.27/0.52+-6.91,-6.910.5254.27-6.91-8.9920.71-86.4-37.2193.21--/-^2-//+,True
-84.72+-38.93+33.67/87.35/(96.92+51.12^90.81--4.33/1+42.32),87.3533.67-38.93-84.72*+//42.32-4.3351.1296.92+-^2+^1,False
27.77/20.62/(61.91-52.4^2-/+-69.52*9.87--82.76^2),20.6227.77//-82.769.87-69.52-46.9152.461.91--^2+*-^2,True
-46.31*90.75^1*70.16^1-(91.95+(96.95+99.75/78.58+18.33)),70.1690.75*-+^1-^191.95+18.3378.5899.7596.95+/+,False
-33.77+(*+-81.02)/88.97^2+-34.91*-51.38^2+68.36--27.06,-27.0668.36-51.38-34.9188.97-33.77++-81.02-39.29++^2*+^2-,False
40.98//*-41.66+24.15+-19.26-31.29+-14.37^1-(72.19/87.82),-14.3731.29-19.2624.15*88.5640.98/*++-+-^-76.8587.8272.19/,False
-54.45/-61.31/(49.31-38.82-2-32.42)^2-26.94*-25.99+91.89,91.89-25.99^-61.31-54.45/-/^32.4238.8249.31--^22*+,False
-34.03/98.31+-38.94+63.1^1*98.87^2-48.05/31.48/-31.67,^31.4848.0598.8763.1-38.9498.31-34.03++++^1-*2//,False
-24.28^78.9+21.84*1--61.73+15.19/81.23+-26.89+83.13+43.23,43.2383.13-26.8981.2315.19++-24.28+^1-^1+/+++,False
45.34+-5.8+18.38+-25.31+-97.1^2+5.97^2-(5.91^1),5.97-97.1-25.3118.38-5.845.34+++++^-81.07/^25.91^1,True
98.63+28.51--77.59^2-74.86^2--31.83+41.23-(-93.55*77.46),41.23-31.8374.86-77.5928.5198.63+^-^2-^2+-77.46-93.55*,True
39.34*-65.0^-87.79-65.3-(-92.72+-77.11)/-28.84*46.19+(-76.42/-34.26),46.19-28.8465.3-65.039.34*-^2-/-77.11-92.72+*+-34.26-76.42/,True
-38.35--84.03^96.16*-74.61-(80.11-31.94^1-63.19*-22.74^2),-74.6196.16-84.03-38.35--*--22.7463.1931.9480.11--^1*^2,False
(-10.65/-75.96^1+80.52)^1+2.97^2-68.52^-5.12+65.31,65.31-5.1268.52**^80.52-75.96-10.65/+^11-^2-+,True
74.86+-70.51*(*^1--5.15)^2-(79.06*-34.58*-86.74^1),-70.5174.86+-*^-5.15+-^136.05-86.74-34.5879.06**^1,True
4.07/-53.79+-52.69+(89.45+-51.04//^1-32.2+-24.25^2),-52.69-53.794.07/++-24.2532.268.39-51.0489.45+/-^1*^2,True
-6.3+42.71+16.55-48.17*-4.34^1-5.82-51.54--62.66+-31.28,+-62.6651.545.82-4.3448.1716.5542.71-6.3++-*-*1--+,True
-73.82/60.14+-86.93+-89.89^2+-48.47*-9.88^2+64.25/42.01,42.0164.25-9.88-48.47-89.89-86.9360.14-73.82/+++^2*+^2-,True
-23.85-14.08/(12.04+20.37/-93.31)+(-70.9*(-77.83+-16.4*38.87/25.2)),14.08-23.85-+--93.3120.3712.04+/-70.9*25.238.87-16.4-77.83+*/,True
-76.74--24.02/2--54.53^1-(35.84+13.91*-99.12-65.33+(4.67)),-54.53-24.02-76.74--^2-^1--99.12+35.84+*-+4.67,True
40.98*30.53--99.77*9.33/(71.52--96.36)^1+-94.36-(-32.24+(*)),-94.369.33-99.7730.5340.98*/*+/^-96.3671.52*1--32.24+-77.92,True
(32.05-50.05)*87.87///-42.02-34.83*-91.14+-16.96+(-84.41*57.6),-16.96-91.1434.83-42.02-99.2887.87*50.0532.05-//-*++57.6-84.41*,True
-64.93*63.73/-55.52/-59.7/11.84/-28.7/37.19^2-11.63-87.59,87.59-37.19-28.711.84-59.7-55.5263.73-*/////-^2-,True
-88.39+95.27*(-51.0^1+(69.65+-21.5/-63.83^2-87.48*38.64)),*-88.39+*-51.0+^138.6487.48-63.83-21.569.65+/-^2*,True
80.33-26.2-92.26*70.77+12.61-61.8*(-58.18/94.84*-4.4+(-93.14)),61.812.6170.7792.2626.280.33--*+/*-4.494.84-58.18/*-+,True
*-56.69*-10.23-95.24*49.85+-16.05*-17.09+97.08^1-72.94,72.9497.08-17.09-16.0549.8595.24-10.2356.6981.73-*-*+*+-^1,True
-^2+51.58*(90.23--43.37^2-81.35^1+-68.2+-40.95),51.5896.06+^2*-40.95-68.281.35-43.37---^2+^1+,True
-55.19--80.49^1+-99.68/27.27*61.83-2+51.93/-56.39+-26.65,-26.65-56.3951.9361.8327.27-99.68-80.49-55.19-+^1/*+^-92.22/+,True
-39.46*/^1--17.33/63.61/12.4*-38.22^2-32.57/-80.48,-80.4832.57*12.463.61-17.33-2.63-39.46*-^1//*-/2/,True
^/-68.95*99.2/-93.02^2--16.17-17.98*-81.02*-95.48*-40.2,-40.2-95.48-81.0217.98-16.17-93.0299.2--/*/-^2-***,False
-34.8-(71.27+23.49*91.29^2-**28.1*-91.22--70.13)*(28.28),-34.8-*-70.13-91.2228.1-89.7591.2923.4971.27+*-^2**-28.28,True
62.83*40.62^2-5.13+22.72/**-37.91*-89.35^1-(-48.85),-89.35-37.91-84.7222.725.1340.6262.83*-^2+/**-^1-48.85,True
-7.14^1+31.41+12.79+-68.68/-2.04/14.44^1-72.44^2,^14.44-2.04-12.7931.41-7.14+^1++//-^1^2,True
-52.05+54.82/-21.39/(57.07*(46.52*91.78--78.53-37.75/-74.54*10.28)),-21.3954.82-52.05+/^57.07*10.28-74.5437.75-78.5391.7846.52*^-/*,True
-16.85*-67.99^52.36/-46.36+-80.6/12.52^1+86.82^2--14.18,-14.1886.8212.52-80.6-46.3652.36-67.99-16.85**//*+^1-^2,False
-4.81^2+31.46--28.82^2-2.39/-58.18*2--70.35--48.73,-48.73-70.35-58.182.39-28.8231.46-4.81+^8.55--^2/-^2-,True
84.32+-69.99--30.55^1+(88.87+(76.91^2+98.17*-30.21)-90.02),/-69.9984.32*^*^190.0288.87-+-30.2198.1776.91+^2*,False
99.88+23.49*-7.69/51.48+-45.84+(40.15+68.17^1-58.85/(-29.95)),-45.8451.48-7.6923.4999.88+*/-*+68.1740.15+-^1/-29.95,False
85.6-94.7*/^1--45.38-52.36^1+(65.04/77.01)^2,52.36-45.38-94.494.785.6-+-^1-+^1^77.0165.04/45.28,False
-21.3-5.64*65.95^2-41.26-68.64/-19.66^90.43--66.18-55.84,55.84-66.18-19.6668.6441.26*5.64-21.3-*-^2-/-^1*,True
-62.32*-81.75*61.01*43.82/4.51-(96.24^2--51.23--39.29^1),4.5143.8261.01-81.75-62.32***/--39.29-51.2396.24-^2-^1,True
-69.65+-26.56+(-87.21-33.62^1--46.23++*(-41.93-22.63)*-72.44),-26.56-69.65++-72.44-26.02-46.2333.62-87.21--^1+**+-41.93-,True
-47.78-2+-63.33^2+-35.23/97.87+-51.8-73.56*-23.8*-11.7,-11.7-23.873.56-51.897.87-35.23-63.33-47.78+^2+^2/+-**,False
45.1-1.9*76.2+50.29/4.08--90.75*85.24-77.1^1--82.6,-82.677.1+-90.754.0850.29-1.945.1-*+*-*---1,False
51.83+-33.95^1+(45.14^1*(---9.8)--35.25+-84.66+-76.3),+51.83++^1-76.3-84.66-35.2545.14--^1-9.8-59.72-++,False
(-92.07/-25.74+2--84.94-(-73.48/-72.32*79.86^-2.5+(-65.66/-35.66))),-84.94-25.74-92.07/-^2-79.86-72.32+/*+^2/-65.66/,False
29.78/60.8^2+(-26.02-57.4+-98.68/1+76.61*-94.85*3.68),60.829.78/-^23.68-94.8576.61-98.6857.4-26.02-++^1**,True
-23.29/(-64.54/-6.67^1+67.62^2+(20.4*47.77-0.78/80.2)),-23.29/67.62-6.67-64.54/+/1+^280.20.7847.7720.4*-/,True
72.29+(-59.23*35.82/-20.18*75.05*72.05)-82.3/78.21/(26.13/-45.19),78.2182.372.29-+72.0575.05-20.1835.82-59.23*/**//-45.19//,False
(95.65+-16.22)*-64.03^1--69.38^1-**-68.31--88.2+(-31.5),-88.2-68.31*-69.38-64.03*-16.2295.65+-^1-^1*^+-31.5,False
-44.76-59.93*-9.43/55.5/-46.26--94.09^2+-55.37/(39.89+61.83),-55.37-94.09-46.2655.5-9.4359.93-44.76-*//-+^2^61.8339.89+,True
67.98^2+(97.64-90.31-8.36-(61.99*-94.55^2+/+-26.45)),67.98+^28.3690.3197.64----26.45-63.84-94.5561.99*+^-5.84+,True
-81.93/(-41.43//^-3.44-59.87-(-54.56+(-24.95-35.59-51.88*24.24))),-81.93/59.87-3.44-98.97-41.43/+---54.56+24.2451.8835.59-24.95-^*,False
80.96^1+-31.05/52.35-98.42--79.64/-47.85/-63.38+-82.27*92.42,92.42-82.27-63.38-47.85-79.6498.4252.35-31.0580.96+-1/-///+*,True
71.18*75.42--29.38/21.91*-75.74+17.17+-78.31+74.39*(34.76**),74.39-78.3117.17-75.7421.91-29.3875.4271.18*-/*+^+**34.76*,True
-20.22--80.55*(85.76^2+-35.1)^2^-56.0/54.1+(-75.07*88.55),54.1-56.0-80.55-20.22--^^-35.185.76+^22/+88.55-75.07*,True
-18.14*-21.98*-34.43^1-7.23^2--92.16+-83.26/1+-9.09,-9.09-83.26-92.167.23-34.43/-18.14+*-^1--2++^1,False
-8.38*-13.26/-87.13-50.44-76.1+67.26/37.04*-40.63+30.3^2,30.3*37.0467.2676.150.44+-13.26-8.38*/--+/*+^2,True
-97.52/-92.63*-5.37^18.76-31.06+4.93^1-^^1-71.27,71.2744.5+31.06-5.37-92.63-97.52/*-^1+-^1*^1,False
-61.57+86.01+47.45+-36.73^2--78.19/-42.54/21.15^1+-80.88,-80.8821.15-42.54-78.19-36.7347.4586.01-61.57/++-^2/^+^1,True
(-93.7*6.56*(53.95*-77.88/99.0^1-56.71)/-38.72^1+(-40.86)),-38.72/-93.7*+*56.7199.0-77.8853.95*/-^1+^1-40.86,True
16.26*-43.74/-71.71^1-54.48^2+(-72.6-13.39--)--86.42,+54.48-71.71-43.7416.26//-^1-+^2-72.0913.39-72.6--,True
(-69.12-77.82)/-32.94-(-25.96^2-(33.29^1--80.23+-94.53*22.23)),-32.94/77.82-69.12---25.96-^222.23+-80.2333.29-^1+-,True
65.35-77.34-3.48^2+//-26.57+63.83-19.25*-81.31-39.4,39.4-81.3119.2563.83-26.57/3.4877.3465.35--+^2/+-*-,False
-74.41+(9.71*-57.75+11.1*1-92.87*-95.87/-96.8+54.26^1),-74.41+54.26-96.8-95.8792.8711.1-57.759.71*+-^1*/+^1,True
-49.43+82.61^1-74.29-(41.94+*+(-89.87+-56.0^1-64.77)),74.2982.61-49.43+-^1*-0.67*++64.77-56.0-89.87+-^1,False
-23.59--63.53^1--4.75-18.99*78.71^1+-61.14*77.82^2,77.82-61.1478.7118.99-4.75-63.53-23.59-^^1-*+^1*+2,True
-34.86--78.4-16.18^1+59.32-(-84.53-98.78)*-63.46^1+-,0.8-63.4659.3216.18-78.4-34.86^-+^1-*+-84.53-+^1,False
74.18*(7.48^2+20.05/-69.93+96.98^1+62.4*-19.7/61.07),74.18*61.07-19.762.496.98-69.9320.057.48+^2/++^1*/,True
++(-83.09^1+-41.12*57.08/36.44^1--58.93-64.49^1),60.77+64.49*36.4457.08-41.12-83.09+^1**-^1-^1,True
(28.48+-43.54)^2-(88.09*22.26*-54.27)+-34.05+-96.11+-69.25^-17.95,-69.25+-34.05+-^-43.54/+2-54.2722.2688.09**++^2,False
84.99*-27.43*-51.85-39.62*-31.84^1--8.32-(76.75+-29.85)^24.57,-8.32-31.8439.62-51.85-27.4384.99**-*-^1+^-29.8576.75+1,True
50.04*-73.54/-^2--37.61^1+53.45^2+(-39.05/25.96),53.45-37.61-55.34-73.5450.04*--^2+^1+^225.96-39.05/,False
-56.1+-3.62--27.13^2--56.04--16.62*-49.74-(30.68^1--33.06),-49.74-16.62-56.04-27.13-3.62-56.1+--^2-*--33.0630.68-^1,True
84.23+52.99+30.56-71.94+(56.01/-75.36^1-41.39)*^/-15.34,-15.34/71.9430.5652.9984.23++-+*41.39-75.3656.01/-^1/,False
-38.98/-84.54^1*(-47.67/-6.89^1-24.9--99.8^2+-34.61),-84.54-38.98^+^1-34.61-99.824.9-6.89-47.67/-^1-+^2,True
95.56/-43.06-(-34.27^2+88.54*-92.33+-92.44+27.58*11.42)^2,*95.56/-^11.4227.58-92.44-92.3388.54-34.27+^2*++*2,True
88.06-40.88/(48.25-42.01)//+-89.21/-28.2+56.68*2.27--49.18,-49.182.2756.68-28.2-89.21-45.09*88.06-//42.0148.25-+/+*-,True
-86.54*-66.91*-61.26/22.18^2-50.28/**13.75/93.13*(-25.08),93.1313.75-13.3650.2822.18-61.26-66.91-86.54**/-^2^*/*-25.08,False
-68.23/-7.37^2--12.76*11.78-//-50.54/*^1+-52.22,-52.22-69.47-50.54-89.8611.78-12.76-7.37^/-^2*-//+^1,False
58.54^1--51.44-36.44^1+-99.78--76.15^1+10.91+-91.22,-91.2210.91-76.15-36.44-51.4458.54-^1-+^1-+-1+,True
-30.81/-89.2+37.88/12.52*80.78*54.21--53.28+-55.62--75.79+(-4.51),-75.79-55.62-53.2854.2180.7812.5237.88-89.2-30.81/+/**^+-^-4.51,True
-1.22^1+33.15/27.8/20.84*-15.49-94.81^2+-79.24^2,-79.2494.81-15.4920.8427.833.15-1.22+^1//*-+^2^2,True
54.07*+^2+-51.24+16.81/-44.07+-86.55--98.23--95.1/-86.82,-86.82-95.1-98.23-86.55-44.0716.81/98.3654.07*+^2+/+*-/,False
(-96.14/(-45.15//)--51.31)+-22.43*-37.6^1+-40.17-(32.03++),-40.17-37.6-22.43+-51.31-96.14-/9.93-45.15^*+^1--98.1132.03+,False
77.23+(40.1/-91.69+98.96/(-97.57+-48.92/-86.9^1+(29.74-90.73))),77.23+98.96-91.6940.1++/-86.9-48.92-97.57+-+-190.7329.74-,False
-44.98--35.12+-67.93+13.3--50.76*-80.73^2+-12.2--17.33/-60.99,-60.99-17.33-12.2-80.73-50.76^-67.93-35.12-44.98-++-*+^2^/,False
-74.83--36.54^2+(-4.61+-80.26)/-42.35^1+21.76*12.24^2,12.2421.76-42.35-36.54-74.83-+^2/-80.26-4.61++^1*^2,True
-98.8--3.04+*^1+(-72.16^2--2.68-78.17*-38.8/(60.49)),+-3.04-98.8-++^1-38.878.17-2.68-72.16-^2/*/60.49,False
(35.85/-88.24+-10.17/71.61/43.55^77.98+38.85-(50.49^2+-61.23)),38.8543.5571.61-10.17-88.2435.85/+//+^2--61.2350.49+^2,True
12.83^1-21.82*28.57*22.99/1+26.39/-51.78^1-98.25,98.25-51.7826.3922.9928.5721.8212.83-^1**+^1*-^1,False
-31.17/1-33.08+-5.12+39.98/-32.18/67.33+-42.18^1+54.54,54.54-42.1867.33-32.1839.98-5.1233.08-31.17-^1++//++^1,True
-34.07+-14.82/(-33.42^2-51.82-(93.61-44.5^2+35.53^1)),-14.82-34.07+/51.82-33.42-^2*35.53/93.61-+^2^1,True
-96.81-68.62+1.14^1+65.34/-12.42+25.01^1+-28.94^1,-28.9425.01-12.4265.341.1468.62-96.81-++^1/++^1^1,True
-40.43+-77.52^1-33.3+82.52/-0.89+71.79-+/42.44+-72.34,-72.3442.4478.6971.79-0.8982.5233.3-77.52-40.43*-^1+/+-/+,False
-48.32--18.95-41.69*-6.58+(33.21*90.52*-99.1^-37.56+-74.51--60.32),-6.5841.69-18.95-48.32--*+-60.32*-37.56-99.190.5233.21**/+-,False
7.52+-+86.36/-11.65-(/^2-30.56/(-18.86/87.94)+10.34),-11.6586.36-66.27.52++/-10.3430.56-82.57*^2+-87.94-18.86/,False
60.93--53.93/-30.92-23.71/22.03-74.76/-77.39^-44.83+42.83-88.28,88.2842.83-44.83-77.3974.7622.0323.71^-53.9360.93-/-/-//+-,True
-49.47--83.45/-99.24-(-62.77/93.7+(-57.64+91.53)/(-70.03/-48.58*3.77)),-99.24-83.45-49.47-/-93.7-62.77*+/91.53-57.64+3.77-48.58+/*,False
7.02/97.68+-34.93*(71.71-+)+21.8^2--48.52-57.81+(58.19),57.81-48.52/-34.9397.687.02/++*+71.71--^2-+58.19,True
24.92-5.7^2+-40.5/94.45*60.93+48.89^-25.03-(-52.16^2),-25.0348.8960.9394.45-40.5*24.92-+^2/*+---52.16^2,True
46.97+-74.67/-12.02^1+*-58.72/-35.24/-63.99-69.01-10.02,10.0269.01-63.99-35.2458.7260.6^-74.6746.97//+^1-//-/,False
+*56.9/-33.13*-80.36^2-92.92/(-19.42*-91.17*-29.68+-37.91),92.92-80.36-33.1356.9-69.31*++-*2/-37.91-29.68-91.17-19.42**+,True
42.3/-61.38+(-42.42/-46.99+-56.42/8.62+17.21^-35.74-47.87)*-85.73,-85.73-61.38+/+*47.8717.218.62-56.42-46.99-42.42^+/+-^2,False
(33.18^2+64.34)^1+-59.97^1+-19.94*1.38-72.75-22.98,22.98-1.38-19.94-59.97+^64.34++^21+^1*--,False
80.14*(41.0+-69.0/74.51+-34.25)/(84.92^2-47.41--59.56+65.95),80.14/*-34.25/-69.041.0+/-65.95-59.56+84.92-^2-+,True
-21.73/2+-49.83--5.64^2+-53.55^2+76.7*4.32-*,70.154.3276.7-53.55-5.64-49.83-21.73+^2-+^2+^2*-,False
-74.81^1+26.08^1+-37.25^2*(62.55/-25.46+86.03+45.84),-37.2526.08-74.81+^1+^1-^245.8486.03-25.4662.55/++,False
(-85.65+(-72.3*-76.1^2--42.63^2+(17.86*68.31/98.56*-84.58))),-85.65+-42.63-76.1-72.3*--2+^2-84.5898.5668.3117.86//*,False
-13.36--42.96^2+83.55+11.83*-64.4^2-^^2-(-99.86),85.87-64.411.8383.55-42.96-13.36-+^2+*-^-21.77-^-17.06-99.86,False
-77.52+18.4+-19.76+-81.82+80.08/26.9*53.64///55.49*95.23,95.2355.491.0453.64^80.08-81.82-19.7618.4-77.52++++/*//*,False
-83.36^2+-94.31+-15.84-(-98.4+96.47--51.6--84.98^2+56.31),-15.84-94.31-83.36^^2+-56.31-84.98-51.696.47-98.4/--+^2,True
40.24--57.87+(-39.31--7.35^1+47.1*-31.39)*^/-7.51^2,-7.51-66.28-57.8740.24-+*-31.3947.1-7.35-39.31-+^1***2,False
-24.85-62.39--96.68/^/-99.37^2-22.77/-19.34+-31.06/48.36,48.36-31.06-19.3422.77-99.37-48.46-96.6862.39-24.85--^/-^2++/,True
-2.67*88.5*17.61-/+-39.63*93.17/63.84+-74.62-(16.88/-63.69),-74.6263.8493.17-39.6325.1417.6188.5-2.67**-+//+--63.6916.88/,False
36.67/-64.33/-32.59-^^1+-46.97*-*7.43-8.54--36.33,-36.338.54--47.61-46.9717.09-32.59-64.3336.67//-+^1**--,False
-28.02^1+-91.0/-17.01*-86.16*58.99/(95.57^88.46--29.12^1),58.99-86.16-17.01-91.0-28.02/^1/**^-29.1295.57-^1^1,False
10.11+-75.41*-92.59^2+25.99*-71.83--14.63^1--3.23-24.01,24.01-3.23-14.63-71.8325.99-92.59-75.41-+*+^-52.19*--^1-,True
11.4+48.05*-82.27^1--20.8+(53.59+97.67-(41.62+(-45.68/2))),^-82.2748.0511.4+*-^1+97.6753.59+-^+-45.68^2,False
(-75.84+-66.41/97.45-65.58*(95.67*21.39^2-18.61*38.65--3.17)),65.5897.45-66.41*+/-*-3.1738.6518.61/95.67*-^2*-,True
-0.43^1+-57.35-16.77^2-79.63--48.24--32.94/9.4*-89.75,-89.759.4-32.94-48.2479.6316.77-57.35-0.43+^1--^2*-/*,False
-38.71+-14.45/73.43+-47.38*-29.23+-96.29+80.5^17.91--42.9+(-75.2),-42.917.9180.5-96.29-29.23-47.3873.43-14.45-38.71+/+*++--+-75.2,True
73.37-(26.02+-)+-79.32/-31.53+-20.89*-68.87/-29.18--10.25*25.95,^-10.25-29.18-68.87-20.89-31.53-79.3273.37+--0.1226.02-//*/-*,False
57.95*40.88-7.45-76.15+-68.28+(59.02^2+49.5--7.49^1),-68.2876.15/40.8857.95*--++-7.4949.5*+^2-^1,False
64.78*-53.22^2+(41.95--81.19)*-26.22^-94.37+-35.83--4.75+6.68,6.68-4.75-35.83-26.22-53.2264.78*+^2^-81.1941.95-+*1-+,True
82.72^1+(-28.73+-72.5*(33.19*-51.45--18.4^1-*)-52.8),-*/152.8-72.5-28.73+-*-71.01-18.4-51.4533.19*--^1,False
81.77^2+22.41*-43.12/84.61/12.07^2+98.94+83.99^1,83.9998.9412.0784.61-43.1222.4181.77+^2*//+^2+^1,True
22.8-49.07*(-61.87--5.92-77.76^2+-64.54/10.84--21.95--98.18),49.0722.8*+-98.18-21.9510.84-64.5477.76-5.92-61.87---^2/--,False
62.42+71.1/-49.62*-33.53+50.6--25.18/-30.5+-78.37*57.12*2.09,2.0957.12-78.37-30.5-25.1850.6-33.53-49.6271.162.42+/*--/+**,True
47.65-67.81^2-(89.96/-23.4)^-67.79*6.46+(-75.29-/--79.26),6.46-67.7967.8147.65--^2/-23.489.96/*+-79.2624.42-75.29--,False
40.46+10.95+^*53.5^1-(97.87^1--44.03+72.61-(-65.66)),53.582.7810.9540.46^+*-^172.61-44.0397.87-^1+--65.66,False
-88.06--96.01+-57.97^2--64.8*^--35.27+/*41.42/10.61,10.6141.42-1.07-35.2780.7/-57.97*-88.06-+-^2*-+*/,False
-89.47+7.39-58.94-62.39/45.75*-24.01*-12.99*--75.67--38.28,-38.2875.671.19-12.99-24.0145.7562.3958.947.39/+--^***--,True
49.76*-8.84*14.95--82.07^1-(21.94/86.26/78.01-(97.81*-)),---8.8449.76**--^-40.8978.0186.2621.94//--38.4797.81*,False
72.43*(76.7+-43.86-(-52.52/-12.78*77.55/-*^/36.0+44.89)),72.43*-43.8676.7+-44.8936.039.147.5577.55-12.78-52.52/*/*/+,False
83.82/78.8+59.09*36.52+*+-83.19+76.09+18.98^2^(23.32),18.98/-83.1918.4636.5259.0978.883.82/+*^++++^223.32,False
-39.02^1-86.84*32.9--64.41+-88.19^2-(-93.33^-50.57/-6.16),-88.19*32.986.84-39.02-^1+-+-^2-6.16-93.33-^2,False
-98.36*69.8*38.02-(25.19-27.89+30.34*-52.69--99.91*-46.74^94.3),+69.8-98.36**--46.74-99.91-52.6930.3427.8925.19-+*-*^1,True
60.15/(31.29/+)^1--20.32/-30.36-68.51+-6.48-37.6-90.07,90.0737.6-6.4868.51-30.36-20.3260.15-/^-51.5831.29/1/-+--,True
40.84---66.98+-55.39/(-82.8-65.17-76.93--93.95)*73.44^1,73.44-55.3966.98-69.36^--**/-93.9576.9365.17-82.8---^1,True
-63.52/11.19-88.94+36.84-4.14^1+(-8.47/**91.28/-19.65),4.14^88.9411.19-63.52/-+-*^1-19.6591.28-57.43-8.47/*/,False
(67.54-45.86-83.37/(27.7-47.82^2+-19.56^1-29.95*-28.33)),83.3745.8667.54--/-28.3329.95-19.56/27.7-+^-74.54-^1*,True
93.46*-66.61-69.78*/^2-40.64*35.36+76.97--19.13--73.39,-73.39-19.1376.9735.3640.6481.3569.78-66.6193.46*-*-^2-+*-,False
-92.7--99.27-53.14^1--21.21*(-96.64-71.61+53.06+(-40.46+79.57)),*53.14-99.27-92.7---^1*-71.61-96.64-++79.57-40.46^,True
(-8.56+-63.37+-14.05/(78.75-30.76--90.08/-78.95)+64.7+-18.05-82.7),82.7-18.0564.7-14.05-63.37++++/-^30.7678.75--/+-,True
(80.68^1-+)^1+(86.85^1+(52.77+//79.51--70.89)),+^-60.1980.68-^1186.85+^1-70.89-30.3152.77+/-,False
79.99/83.39/-7.07+94.62*-8.94+56.08-(-54.54/73.13)*-33.42-56.31,56.31-33.4256.08-8.9494.62+83.3979.99//+*+**73.13-54.54/-,False
13.09*3.71+(-80.85^2+-71.74+41.43/-49.16*74.88+41.57+41.33),3.7113.09*+41.3341.5774.88-49.1641.43-71.74++^2+/*/+,True
75.41*7.22^1+93.26-96.01/-41.4/55.5+57.05/-73.3+-22.38,-22.38-73.357.05+-41.496.0193.26^75.41*+^21.79-/-+/+,False
-68.72/*/(-77.39*-95.19-40.76/0.48/88.13/-89.5^1+16.47),-78.23-68.72//--89.588.130.4840.76-95.19-77.39*-///+^1,False
-1.82+44.97+-26.07*-9.12-78.04+82.87^26.51*-49.66/-75.41+46.47,46.47-75.41-49.6626.5182.8778.04-9.12-26.0744.97-1.82++*-++*/+,False
-74.62*-23.37+46.37*89.98+(-68.13^2^16.75)+8.36+(-58.28/(-21.68)),8.3689.9846.37-23.37-74.62-+*++16.75-68.13+^2+^/-21.68,True
-42.94*89.94/-2.99+85.5+43.82^1+-48.08+25.6^2^(70.93),^-48.0843.8285.5/89.94-42.94*/++/^1+-^270.93,False
4.73/85.16*51.76+80.57^2--59.26-54.33+92.7*16.35+-0.61,-0.6116.3592.754.33-59.2680.5751.7685.16*/*+^^2-+*+,True
92.07/2+-45.77/-98.98-89.27*(3.8*(-8.27+-27.18*76.47-^)),89.27-98.98-45.7792.07+^2/-*3.8*-35.8576.47-27.18-8.27+*+,False
/^2+-20.2-+*0.42--10.05*45.76-(11.23+-79.07)^2,45.76-10.050.4226.11-8.71+^2-^-*-^-79.0711.23+2,False
-40.53+28.39^2+-57.39^1-41.05--68.55+-81.96-/^2,-28.54-81.96-68.5541.05-57.3928.39-40.53++^2-^1-+*^2,True
(-99.17+98.74*-77.44+(72.43+(36.18^1-96.59/82.08^45.67+-98.26))),-77.4498.74-99.17+*+72.43+-98.2682.0896.59/-^1/+^-4.57,False
-10.42^2--18.91--14.73+54.79+(93.15--97.77^1+-42.35)*55.27,55.2754.79-14.73-18.91-10.42-^2-++*-+^-+^1,True
-72.74*-66.55+^^1+40.82*(-64.26-64.79)*-81.73+12.23*-72.72,-72.7212.23-81.7340.8244.31-66.55-72.74*++^1/*64.79-64.26-+*,False
*+77.4-(81.9+(76.84/(50.06*(86.94^1-33.86+68.08+-90.68)))),77.4-66.71+-81.9+76.84/50.06*-90.6868.0833.8686.94-^1++,True
54.64+15.93/77.47^68.33-+^2+46.8^1--67.88--84.31,-84.31-67.8846.8-93.0877.4715.9354.64+--^65.63+^-67.08-^1-,False
87.17+77.69/-8.54*(-67.8--15.7^2*-83.1+-39.52^1+30.36),-8.5477.6987.17+/*30.36-39.52/-15.7-67.8-+^2++^1,False
10.45^1-(-53.95/-27.85+-^2+-52.77+61.61/-3.16)^1,10.45-^1^-61.61-52.773.0-27.85-53.95/*+^2+/1,False
-63.71-(-49.82^2-(52.99/1.64-67.91*-60.13+95.35/-30.89+-)),-63.71--49.82-^215.76^95.35-60.1367.911.6452.99/--+/+,False
-2.7*(64.08-94.12+60.26*45.52/25.52+94.15/13.84+-5.48-90.62),-2.7*90.62-5.4813.8494.1525.5245.5260.2664.08+^2*/+^+-,False
-77.11^2-(-49.22/-41.75^2--67.81^2+-58.61^-67.48+-8.22),-77.11-^2-8.22+-67.81-41.75-49.22/-^25.41+^2+^1,False
-93.84+-93.8/10.31^2+-50.89/-75.97^2--12.32/-63.71^1,-63.71-12.32-75.97-50.8910.31-93.8-93.84^/+^2^-^2/^1,True
(40.22/-57.78+-1.94+-19.06/-95.4-77.96*48.42+31.75+-15.21^2),-15.2131.7548.4277.96-95.4-19.06-1.94-57.7840.22/-+//*++^2,False
9.21-83.41/-49.22--99.51+(-34.09/**76.09/35.01+(-7.92/88.02)),-99.51-49.2283.419.21//-+/76.098.87-34.09/+/+88.02-7.92/,False
^*-86.47/-35.6/1--79.7*29.73*0.51/58.41/-62.44+7.4,7.4-62.4458.410.5129.73-79.7-35.6-86.47-43.79*/-^1**//+,False
-7.55--54.13^2-48.6^1/-87.71-35.07*-70.15--42.6-23.93,23.93-42.6-70.1535.07-87.7148.6-54.13-7.55--^2+^1-*--,False
*^2-91.15/80.37*95.12+(-58.42--82.73+-69.35)/80.34-11.03,11.0380.3495.1280.3791.15-90.93-/2/*+/-69.35-82.73-58.42-+-,False
81.6--82.21*58.55-3.67+-87.93**/-44.3-80.89-30.56^2,30.5680.89-44.3-12.15-87.933.6758.55-82.2181.6+/-+*/--+2,False
29.15^1-19.18*-40.74/51.21^2+93.86^1-13.38+35.31,35.3113.3893.8651.21-40.7419.1829.15+^1*/+^2-^19.38+,True
86.77*(-71.26^2--5.38+8.7*-60.71^1+-52.74^2+-50.97),86.77*-50.97-52.74-60.718.7--71.26-^2+*+^1+^2,True
-92.66^2+16.17+14.19*-80.65*79.34*71.34*(13.63*-22.49/-34.32),71.3479.34-80.6514.1916.17-92.66+/-62.69+****-34.32-22.4913.63*/,True
-57.78/54.58*38.44/-41.86--57.54^-2.34--45.28/-65.54--79.49+-46.13,-46.13-79.49-65.54-45.28-57.54-41.8638.4454.58-57.78/*//-^2/-+,False
-85.57-8.23+(76.88/65.8+-30.62/21.88^2^(2.86*-52.65/40.72)),^-85.57-+21.88-30.6265.876.88/+/-^240.72-52.65/*/,True
(63.8--30.67/1--56.38+85.31^2+1.66)--13.18/(+-20.71),-13.18+1.6685.31-56.38-30.6763.8--^1++^2/20.7198.43-,False
-85.45*-55.85-23.19^2-12.85/90.3^2+-36.7-(/-71.35),^90.312.8523.19-55.85-85.45---^2/+^2-71.356.02-,False
-38.33^2-51.22*30.41*86.43*^+-73.47+-97.12/52.8^2,--97.12-73.4731.086.4330.4151.22-38.33-/2****-/^2,False
60.65*(35.88^1+(41.99+40.89*23.04*-88.69*48.46)-(-26.72^2)),60.65*35.88-+^148.46-88.69^40.8941.99+***-26.72^2,True
-14.63-93.07+-57.37/-14.49-23.04*-16.51-21.07^1+70.24+51.91,51.9170.2421.07-16.5123.04-14.49-57.3793.07-14.63-+/-*-+^1+,False
(-70.6/24.64^2--50.99*(79.2--66.44*(-77.54+-55.5+54.1-78.84))),-50.9924.64-70.6/-^2*-66.4479.2-*78.8454.1-55.5-77.54++-,True
-98.96/-80.54*-57.9+-80.87^1+73.06^58.34+-3.81-75.07*(40.04),75.07-3.8173.06-80.87-57.9-80.54-98.96/*++^1+^2/*40.04,False
-32.06*49.17^1-6.1/(32.45^1+-34.67/-70.31)--68.44/(-83.16),-68.446.149.17-32.06*-^1//-70.31-34.6732.45+^1/--83.16,False
(-59.69/57.96+-38.47^2+91.63/-26.71+5.55/-60.37*2.14*-26.72),-26.722.14-60.375.55-26.7191.63-38.4757.96*/++^2/+/**,True
(69.67^2+-15.44+19.78^1-76.43/15.07+29.92+-99.65+12.51),12.51-99.6529.9215.0776.4319.78-15.4469.67^^2+-^1/+++,True
-17.03*10.77*-+-56.06^2+-81.75/-2.28+1--13.26+(-44.26),-13.26-2.28-81.75-56.06-3.9310.77-17.03**++^2/-^1+-44.26,False
(10.6/4.21/-95.08-2-65.34-(62.83/27.2^2+(18.43^1))),65.34-95.084.21+//-^2-27.262.83/+^218.43^1,False
27.5-(-83.18/50.18)/1+-87.53/-25.95+13.75-(45.66*-52.69)/-7.57,-7.5713.75-25.95-87.5327.5+-^50.18-83.18/1/+-/-52.6945.66*,True
-79.91*(33.14*-14.65-92.74)/-21.35-82.48/51.03*-34.5+-95.56*83.86,83.86-95.56-34.551.0382.48-21.35-79.91/+92.74-14.6533.14*/-/*+*,True
58.14+52.43--49.02+5.69^1^(-44.61-(-3.41*94.16*-70.44*97.35)),5.69-49.0252.4358.14+-+-^-18.8-44.61-97.35-70.4494.16-3.41***,False
-44.62^1+5.38--75.24/40.89/-88.93-15.61*-27.82/78.26-2.95,2.9578.26-27.8215.61-88.9340.89-75.245.38-44.62+^1+//-**-,False
-64.35*(-92.36*-94.33+-24.36/43.69--21.37/(22.73^1+66.51+(-47.88))),-64.35*-21.3743.69-24.36-94.33-92.36/+*-/66.5122.73+^1+-47.88,False
59.48/-99.25-24.1+12.75-96.02*-96.9/-35.03*-76.62-20.31*94.14,94.1420.31-76.62-35.03-96.996.0212.7524.1-99.2559.48//+-*/*-*,True
-83.17*-31.11-76.51^7.36+70.38-64.5/69.4*-84.0^2+16.04,16.04-84.069.464.570.387.3676.51-31.11-*--+--*+^2,True
-32.86/^+-31.02+-6.83-42.47*73.91*-47.09*(-73.83*(-57.38^1)),-47.0973.9142.47-6.83-31.02^-32.86/++-***-73.83*-57.38^1,True
25.74^1+29.88^2+25.22+-45.4+50.01+(91.89//*(31.46)),50.01-25.2229.88*+^1+^2+++22.791.89/*31.46,False
-16.16/-62.86/86.21/-14.22++*67.4*91.53^(49.7/18.71*-61.9),91.5367.4-6.09-14.22--62.86-16.16/-/+**+-61.918.7149.7/*,False
12.91/-43.07--8.6*-7.84/20.41*54.63^54.14--4.4+-92.88+50.6,50.6-92.88-4.454.6320.41-7.84-8.6-43.0712.91/-*/*-+1++,True
-75.86^2-(-31.72/-99.57)/18.78/-+(22.12+78.73+^+80.08),+18.78-75.86-^2/-99.57-31.72//+80.0815.0178.7322.12+++,False
35.81*26.81+49.12-68.52/84.95*62.02/-80.0+-88.04^18.42*-55.01,-55.0118.42-88.04-80.062.02*68.52^26.8135.81*+-/*/++*,True
(-61.46/-73.18--48.25+-72.19*-99.8*(14.75*21.92**^1-23.35)),-99.8-72.19-48.25-73.18-61.46/-+**23.35-30.3421.9214.75+*-^1,False
-59.46/-98.42/22.81+-91.4^1+-14.06+77.2^2+93.82*-61.19,-61.1993.8277.2-14.06-91.422.81^-59.46//+++1++^2*,True
-48.21+(90.63-**73.62-56.24)--7.33+(/^1-94.94+(13.66)),-7.33-48.21-+56.2473.62-87.6790.63-*-+94.94-67.28-^1+13.66,False
3.83+1.27-65.03*-5.08+89.34++/-82.1/0.01*73.03*-23.6,-23.673.03^-82.1-40.7689.34/65.031.273.83+-*++//**,False
16.36*28.67+66.95^2-29.27-80.13*-3.35*19.41/-57.95/29.65,29.65+19.41-3.3580.1329.2766.9528.6716.36*+-*2-**//,True
5.88^2+(-75.11+56.03*-75.49^1--94.67^1--55.02+0.61),5.88+^20.61-55.02-94.67-75.4956.03-75.11+*--1^^1+,True
-54.24*(-51.55^2+38.78*6.95/-65.1)-(-47.44*92.38--66.34)*/,56.27-54.24-*-65.16.9538.78-51.55+^97.76*/*-66.34--47.44*-,False
-+97.78/47.11+85.54^2-(-18.59*1.27+-93.4)/-56.44^1,-56.4485.5447.1197.78*+^+-^2/-93.41.27-18.59*+^1,True
39.56^2--37.83-78.3-25.24+(-23.71+17.36^1+^)+-31.79,-31.7925.2478.3-37.8339.56+^2-+++33.9117.36-23.71/+^1,False
37.83+(46.55^2+12.58)--57.37+(-45.72--19.58^1-6.61--88.54),-57.3737.83-+12.5846.55+^24.98+-88.546.61-19.58-45.72--^1-,True
44.32--68.53*-37.91+-32.39*0.72/+^2-64.42+(81.33*99.16),64.4280.460.72-32.39-37.91-68.5344.32-***/-^2+99.1681.33*,True
37.19+78.72-10.98/*--93.53+91.97/90.34/59.98+-21.35/29.99,29.99-21.3559.98+91.97-93.53-72.4310.9878.7237.19+-/-+//+/,False
-43.86--35.28*(-21.15/-97.55+-98.42-44.28-32.47*(-4.13--90.91^1)),-35.28-43.86-*+44.28-98.42-97.55-21.15/---*-90.91-4.13-^1,True
-5.93/(-24.39-79.41)*-49.18*-36.59/0.17*-57.4/(-3.21*-43.61/80.99),-57.40.17^-49.18-5.93*/79.41-24.39-*/*/+^-3.21*/,True
-88.15--37.05+-64.78--36.14^1--66.17/38.52-(-10.17+29.08*83.53),38.52-66.17-36.14-64.78-37.05-88.15-+--^62.76/-83.5329.08-10.17+*,True
65.43*-81.43/72.86^1--84.51^1+-3.86^1+-1.44+-81.31,-81.31/-3.86-84.5172.86-81.4365.43*/-^1+^1+^1+,True
-1.74--82.05^2--1.22*39.86*18.8/(33.4^1+-43.99--22.72),18.839.86-1.22-82.05-1.74--^2**/-22.72-43.9933.4++1-,True
-84.43^-69.06/-59.85+68.84-(-29.7-30.34)+89.31+75.24*-58.59^1,-58.5975.2489.3168.84-59.85++^2++-30.34-29.7-+*^1,False
18.52--17.33-56.37^2--75.7^1-92.28+2+-80.92+(-35.74),-80.9292.28-75.756.37-17.3318.52---^2+^1+^2+-35.74,True
48.17^2-28.52+(-40.02^2-75.44/-61.19*-35.44+(-84.92*4.32)),28.5248.17-^2/-35.44-61.1975.44-40.02+^2^*+4.32-84.92*,False
-29.43*-60.87^1-27.62^1-(63.36^1--61.29+-17.19^2),27.62-60.87-29.43+-^80.43-^1^-61.2963.36-^1+^2,False
31.51/73.28+4.88+46.86*-52.15^2-77.98^1--51.13*51.72,51.72-51.1377.98-52.1546.864.8873.2831.51/++*-^2-^1*,True
71.39+2.35*-93.62^2-/+52.74^2+47.27+1+33.91,33.9147.27*50.07-93.622.3571.39+*-^2++^-34.08+^1,False
(-85.32/-4.94*72.36-(66.56^-69.0+43.28)-(-60.46-(95.96-70.56)--95.22)),72.36*-85.32/*-*43.28-69.066.56++*-60.46--70.5695.96-,False
86.54*61.7+69.32+43.74^2+24.15+-77.15/65.46+40.02^1,40.0265.46-77.1524.1543.7469.3261.786.54*+++^2+/^^1,True
-92.6/(-56.09+(97.01/(84.62^2+-55.68-79.66)*(-33.62^1--63.55))),-92.6/-56.09+97.01*/79.66-55.6884.62+^2--63.55-33.62-^1,True
-99.96^1-66.11+-70.15-85.6+-91.95+0.88^1-(20.45/-9.73),0.88-91.9585.6-70.1566.11^-^1^-/+-^1-9.7320.45/,True
-6.96/19.75^1+69.88/-25.01*-61.16^1+-75.56--20.41/9.29,9.29-20.41-75.56-61.16-25.0169.8819.75-6.96/+-1/*+^1^/,True
-30.06/(-26.26+62.63^1--99.7--58.39*59.48/60.96^1-23.09),-30.06/23.0960.9659.48-58.39-99.762.63-26.26+-^1-*/-^1,True
(-94.79/-52.43--45.15^2-++-75.93/4.31/6.6+(83.91/-87.59)),6.64.31-75.93-68.49-45.15-52.43-94.79/--^2+//+-87.5983.91/,False
12.03/80.41-71.31^1--29.97+-51.7--84.2/(-75.51+37.25*-31.28),-84.2^-29.9771.3180.4112.03/--^1+-/*37.25-75.51+*,True
51.88--97.82-71.07^2-48.58+-67.77/-63.08*89.71*-60.79/-52.85,-52.85-60.7989.71-63.08-67.7748.5871.07-97.8251.88---/2+//*/,True
9.93^2+-48.25--49.7*8.19^2-29.06-63.71/74.01*24.19,24.1974.0163.7129.068.19-49.7-48.259.93+^-71.78-*-^2-/*,True
87.04*-32.53+-87.35/88.59^2+80.26/2+-56.09^2-72.33,72.33-56.0980.2688.59-87.35-32.5387.04*+/+^2+^2-^2,False
87.52-(62.1+-59.06--30.5*-9.37^1-79.21-20.76/---63.62),87.52--63.62-19.920.7679.21-9.37-30.5+++-*-^1-/-,True
-23.64^1+(85.06/^*-41.77*60.17+28.51--91.47^92.46^1),-23.64+^1^-91.4728.5160.17-68.1185.06/+*+-/^1,False
90.96/-28.46/68.69+(23.81*-^1+-46.54*-12.28^2--5.9),68.69*90.96//+-5.9-12.28-46.5422.1823.81*+^1*^^2,True
68.53^1+45.8^1-43.67--82.24+-11.9^2--43.82^2,-43.82-11.9-82.2443.6745.868.53+^1-^1-+-^2^2,True
49.64/71.08--26.19+-80.3+(34.86*51.38*-78.62/-62.36*-16.36*(42.36)),*-26.1971.0849.64/-+*-16.36-62.36-78.6251.3834.86**/**42.36,False
95.35--9.07/(-48.86-11.41/14.44*45.83-27.35)^1+/^1,-62.78^+-+/^27.3545.8314.4411.41-48.86-/*-1^1,True
73.72--8.45^2/8.47--77.82-(89.63-86.84+68.71*10.09+34.27),-77.828.47-8.4573.72--^2--34.2710.0968.7186.8489.63-+*+,False
-71.18--41.6/-92.13+-46.47+-6.07+/+-83.61-35.5+65.04-28.14,28.1465.0435.5-83.61-53.58-6.07-46.47-92.13-41.6-71.18-/++++-+-,False
-28.3*-86.92+1+66.5+25.26/-48.95/11.67--76.65+-38.92+-21.83,-21.83+-76.6511.67-48.9525.2666.5-86.92-28.3*+^1+//-++,False
-36.57/23.97+70.96--54.12*13.37^2+-44.25+(-67.71-45.58^1),-44.2513.37-54.1270.9623.97-36.57/+-**^2+45.58-67.71-^1,True
-69.55/52.98*-91.63-97.85--87.53/-93.27*-2.46/20.48^2+18.37,18.3720.48-2.46-93.27-87.5397.85-91.6352.98-69.55/*--/*/+^75.84,True
-4.59^1--86.3^1+56.84+44.02*(-27.55*-94.56+-4.36-99.95),44.0256.84-86.3/-^1+^1+*99.95-4.36-94.56-27.55*+-,True
-24.92/-0.72+18.12-48.83+-51.08*20.57--58.19-68.52+-28.69+*,48.23-28.6968.52-58.1920.57-51.08^18.12-0.72-24.92/+-+*--+/,False
(-52.54/92.33*-93.27)*-6.29^2--51.9+(86.81*-20.27)^2-9.21,--51.9-6.29*-93.2792.33-/*-^2-+^-20.2786.81+2,True
-45.54^1+73.79/57.27/*^2+-45.53^2--76.92/13.34,13.34-76.92^5.3757.2773.79-45.54-^1//+^2-^2/,False
(-68.18/(-8.56--59.98^2+67.35)+(22.8^2+52.2*39.79+18.83)),-68.18+/67.35-59.98-8.56-+^218.8339.7952.222.8+^2*+,True
31.29-55.74/72.47+-8.45^2+//-54.76/(16.64--52.65+-1.51),-54.7669.95-8.4572.4755.7431.29-/++^2//-1.51-52.6516.64-+,True
10.21^-12.37/10.11-(-40.25/-58.46--50.98/-10.18/32.74-/^2),10.11-12.3710.21*/-15.5932.74-10.18+-58.46-40.25/-/+-^2,False
58.2-77.46*(-66.17-94.63^1+(41.57^1+94.57+(-20.14/-3.68))),77.4658.2-*^-66.17-+^194.5741.57^^1+-3.68-20.14+,True
-43.49/99.93-53.13*-74.21+(75.15-94.42/-25.2*49.4*-12.82+-42.97),-74.2153.1399.93-43.49/-*+-42.97-12.8249.4-25.294.4275.15-/**/,True
(-60.96--30.63)^1-14.54-(37.6^2++)-64.64^2+47.09,47.0964.6414.54-^-30.63-60.96-13.11-++37.6+^2+^2,False
(-71.24^2--41.41)-50.07/(-45.51*-17.83+-54.13+-67.72/-13.64-98.82),50.07--41.41-71.24-^2/98.82-13.64-67.72-54.13-17.83-45.51*++/-,True
(50.55/65.4+43.93-78.54/-36.11/-14.39/85.04^2-/-61.15),61.1522.2285.04-14.39-36.11+43.9365.450.55/+-///-^2-,False
-21.25^2+-3.48+-7.3--10.62/-98.24^1+-10.33+-51.75*1,-51.75-10.33-98.24-10.62-7.3-3.48-+^2+-^+^1+^1,True
-68.55+++65.66--37.31/11.44--39.98^2-29.27^2+(97.1),29.27-39.9811.44-37.3165.6681.05-++^*--^2+^297.1,False
(-77.69/-23.37)/92.46-69.77+55.73*-86.05^94.07^2-^*36.99,36.9965.6294.07-86.0555.7369.7792.46/-23.37-77.69/-/*--^2*,False
-6.4+-16.37*99.04/^+85.08*-15.61*^*-83.49*32.69/94.07,94.0732.69-83.4978.28-15.6185.0867.4999.04*-6.4+*/+****/,False
99.18-62.46*84.1+-89.15-47.77^-30.59-(-83.97+0.47^2+8.35),47.77-89.1584.162.4699.18-*+--^18.350.47-83.97++^2,False
13.81+89.67+-48.04--10.51+17.27-44.79/-12.83-13.34*44.05/24.14,24.14+13.34-12.8344.7917.27-10.51-48.0489.6713.81++-+-/+*/,True
(19.75-(60.65+-93.35*-96.71/55.33)+(30.32-18.15--77.75+-54.09/-64.34)),*+-55.33-96.71-93.3560.65+*/-64.34-54.09+18.1530.32--+/,True
39.24*6.89^1--37.81^1+88.19/-55.5-87.29-91.65--64.1,-64.191.6587.29-55.588.19-6.8939.24*-^1+^1/---,True
-30.38/-20.55++*57.14/-^2+56.98--59.34^1-61.71,+-59.3456.98-28.1957.14-73.36-20.55-30.38/+*/+-2--^1,False
35.79+55.03-97.22-^*-59.99+-35.19/-53.46/-41.03/-22.98--50.45,-50.45-22.98-41.03-53.46-35.19-59.99-88.4297.2255.0335.79+--*+^//-,False
39.77-65.44/(73.46-28.37^1-40.72/-75.0^2/25.02/-72.7),65.4439.77---72.725.02-75.040.72*73.46--^1/-^2/,True
31.62+-4.99--41.1*-79.42*(52.59/-32.92-32.44)*78.98^2-32.12,32.1278.98*-41.1-4.9931.62+-***32.44-32.9252.59---^2,False
-88.01-1+79.62+-73.66+-15.9*40.76--61.62*-76.04+-94.42+(57.67),-94.42-76.04-61.6240.76-15.9-73.6679.62-88.01+^1++*-*+*57.67,False
40.15^1-(93.52^2-(-48.32+-76.69)+-47.47^1+-21.2*75.69),40.15^^175.69-21.2-47.4793.52--^2-76.69-48.32++^1*,False
-20.8-95.33/-31.01+3.01^1+77.81--49.88+11.99+-47.92--57.37,*-47.9211.99-49.8877.813.01-31.0195.33-20.8-/++^1-++-,True
58.34^2--18.98-48.29+-8.76/-90.27+1.76^1/(73.59/-64.68),1.76-90.27-8.7648.29-18.98*-^2-+/++^1-64.6873.59/,False
-60.28^2-4.36+1--66.2/-46.69/-21.73-11.53+-44.57/39.57,*-44.5711.53-21.73-46.69-66.24.36-60.28-^2-^1//-+/,True
-86.95+-38.87+77.65*-94.2^1++/35.59^2+(-14.71/87.18),35.593.99-94.2/-38.87-86.95++*+^75.06/+^287.18-14.71/,True
--12.53/(53.14+-53.09*44.91^2--71.85/4.09^1/-77.88),12.5385.16-/-77.884.09-71.8544.91^53.14+*^^2/-^1,False
33.03+*^2+20.27+83.05/-99.27*-37.46*8.03^1-82.58,82.588.03-37.46-99.2783.0520.27-15.6933.03+/^2+/**-^1,True
-86.88+-50.84*94.29-(-22.51--33.08/36.81)--51.75/(-11.44/-18.6-(-59.39)),-51.7594.29-50.84-86.88+*--36.81-33.08-22.51-//--11.44/--59.39,True
80.84+-55.43-(-59.03^2--75.06-(/-49.8)-(1.71+-23.75*3.39)),-55.4380.84+--75.06-59.03-^2--49.8-78.14-3.39/1.71+*,True
-20.88*67.48/52.22*-17.02-94.55-(26.2*(-34.75/67.59^2+-1.53)),94.55-17.0252.2267.48-20.88*/*--26.2*-1.5367.59-34.75/+^2,True
-86.01*85.5/-76.38/-0.37^1+-90.32--69.58^1/20.45-20.03,20.0320.45-69.58-90.32-0.37-76.3885.5-86.01*//+^1-+^1-,True
(-77.56+-34.3+-35.8--50.72-33.43)/80.22--97.46/19.02+-88.82+(-79.08),-88.8219.02-97.4680.22/33.43-50.72-35.8-34.3-77.56++---/++-79.08,True
-8.63/77.86^2--43.05^73.36-(-99.01/-27.71*55.01+(13.07+-13.04)),-43.0577.86-8.63/-^2-^2+-27.71-99.01/*+-13.0413.07+,False
78.35--84.19^2-62.34-92.31+26.27^1^-26.87/5.78--76.31,-76.315.78-26.8726.2792.3162.34-84.1978.35-*^2-++^1/-,True
58.96*83.93^2+7.12--76.86/-21.53/54.57/-81.87/-40.53-(-10.79),-40.53-81.8754.57-21.53-76.867.12+58.96*+^2-////-^,True
(-66.14*87.83/31.8*18.41+69.47/92.81^1+-67.02)+69.97/23.83,23.8369.97+-67.0292.8169.4718.4131.887.83-66.14*/*+/+^1/,True
42.97/-16.9*-47.7+15.35/**65.59*53.07^2+-54.29-27.87,--54.2953.0765.5989.2415.35/-16.942.97/*//**+^2-,True
72.8*81.11-50.94^-71.72+22.79+3.56+69.27^-75.51*82.55--95.48,-95.4882.55-75.5169.273.5622.7950.9481.1172.8*-/^2+++*-,False
-3.81/-40.38^2--93.57+80.41/-63.03+(/*(21.9-50.37+26.1)),-63.0380.41-93.57-40.38-3.81/-^2+/+-64.84*26.150.3721.9-+,False
(15.1^1+(29.69^1--44.48*73.92+-87.97+**/*24.77)),15.1+^124.7730.43-19.42-87.9773.92-44.4829.69-^1*++*/,False
38.47-91.45+-*97.54--49.57/70.24-37.33-46.67/44.49+-96.14,-44.4946.6737.3370.24-49.5797.54-94.4591.4538.47-+*-/--/+,False
-65.76^1+66.53^2+-76.99*-36.62/-63.3+^*(-68.56+96.68),97.49-63.3-36.62-76.9966.53-65.76+^1+^2**+*96.68-68.56+,False
11.16/-66.22^2+44.78+(-43.11-(-57.46^2+-32.92+92.36)/-69.95),44.78*11.16/+^2+-69.95-43.11-/92.36-32.92-57.46+^2+,True
22.12^1-93.18+-47.03+-95.3--28.38+(-43.85*-64.58)+(-50.8*41.74),-28.38-95.3-47.0393.1822.12-/1++-++-64.58-43.85*41.74-50.8*,True
(//-81.88*-10.49+-47.69*(-89.02+21.73--84.76)--22.16/87.33^2),87.33-22.16-47.69-10.49-81.8882.9/*+**-84.7621.73-89.02+-/^2,True
2.55-(11.83--50.96*(48.62^2-12.04/-53.01/16.81-/)-25.91),2.55-25.91+^--*23.7316.81-53.0112.0448.62-^2//-,False
-26.55*77.61/6.27/(-92.59^84.95-8.49-90.23-(39.78+18.32+24.31)),6.2777.61-26.55*//90.238.49-92.59-^1*/24.3118.3239.78++,True
-69.45/-5.23-(-95.87^1--79.22-78.79+55.86+-69.46)+36.78+(18.32),36.78*-69.45/+--69.4655.8678.79-79.22-95.87-^1-+++18.32,True
-99.78^2-23.76+3.47-(-94.78+(25.29^1+-97.1+-71.77-(54.06))),3.4723.76-99.78-^2+--94.78+-71.77-97.125.29+^1+-54.06,True
-41.46*++-68.18+25.98+83.57+28.75+(69.99/63.38^53.66--40.15),28.7583.5725.98+3.69-41.46*+++++-40.15+69.99--^1,False
-26.04/-40.02*89.33^2+-69.69^1--3.23+64.75*-76.9-58.15,58.15-76.964.75-3.23-69.6989.33+-26.04/*+^2-^1+*-,True
-4.17*93.79--51.91^1--47.17+-42.77-81.74^2--93.21--23.43,-23.43-93.2181.74-42.77-47.17-51.9193.79-4.17*--^1+/--2-,True
-99.94*-42.81^2+-21.75--57.49/99.9/-49.27/-11.81^2+(-48.48),+-49.2799.9-57.49-21.75-42.81-99.94*+^2//+/+^2-48.48,False
26.81^1--22.36/-15.32+-5.94/-2.34/-98.78-9.07*99.06--56.64,-56.6499.069.07-98.78-2.34-5.94+-22.3626.81-^1/+//-*-,True
78.48*13.65^1+96.58/-17.12-83.4*24.25*84.65^1+-,-42.5884.6524.2583.4-17.1296.5813.6578.48*+^1/-**+^1,False
-23.85^-20.12+-67.95+71.57-82.96^2--22.6^2-89.15-0.89,0.8989.15-22.682.9671.57-67.95-23.85+^2+--^2-^2-,False
-35.67-(43.63^2+-86.08/22.0)*-61.65^2--81.01*(90.84^1),-81.01-61.65-35.67-*22.0-86.0843.63+^2/-^42.14*90.84^1,True
8.13/42.43--82.5+94.03/56.82+37.63-(-5.61+(14.47/20.97/90.2)),37.6356.8294.03-82.542.438.13/-+^+/-5.61+90.220.9714.47//,True
77.92*-89.51--21.09/-55.22-(-79.4*56.31*(*^2+-17.67-(14.24))),-55.22-21.09-89.5177.92*-//56.31-79.4/*-17.6784.06+^2-14.24,True
37.8+7.39^1+(-1.31^2+19.85+(-88.67-74.4)^6.62+10.04),7.3937.8++^110.046.6219.85-1.31+^2+/^-88.67-+,False
-54.71+-50.02*-4.64/-36.97+-7.71*-26.54-(-23.71-(-56.82+//-98.88)),-26.54-7.71--4.64-50.02-54.71+*/+*--23.71--98.88-69.04-56.82^^,False
(98.35^1-42.12--55.0+-47.13^2+86.78-^*-56.53+-60.76),-60.76-56.5364.0386.78-47.13-55.042.1298.35-^1-+^^2-*+,True
58.81*-61.44+-94.93+84.66+25.53/-95.33+(-3.81+75.32*-30.84^2),-95.3325.5384.66-94.93-61.4458.81++^+/+-75.32-3.81+*^2,True
-23.17/38.82/51.3^2-23.45^2--74.5*41.96/59.81^1,59.8141.96-74.523.4551.338.82-23.17//-^2-^2*/+68.91,True
87.76*-82.83/-57.55^1-82.2+-21.64/-13.22*(52.65--29.94+^),-13.22-21.6482.2-57.55-82.8387.76*/--1+/*61.01-29.9452.65-+,False
90.34^2+28.02^2+-66.14^2-(-70.47*49.23+(-63.15--89.7)),-66.1428.0290.34+^2+^2-^249.23-70.47-*-89.7-63.15-,True
92.32-(-99.19*^*-0.81)-38.48+-97.0--59.41^2+76.07^1,76.07-59.41-97.038.4892.32-*-0.8127.73-99.19**+-+^2^1,True
-84.98+83.1^1-64.06*(8.61-99.1^2+37.35/-90.42)+-36.3,-36.364.0683.1-84.98+-^1+*-90.4237.3599.18.61-+^2+,True
-44.83-(-51.04*1-12.13--94.75/29.93/-16.78/-12.39)^1+(46.29),-44.83+-^-12.39-16.7829.93-94.7512.13-51.04-^1////146.29,False
(-35.23+-35.71-89.52)^1+(35.19+-47.68*-36.24^1+(36.15+85.82)),+^89.52-35.71-35.23+-1-36.24-47.6835.19+*-^90.9585.8236.15+,False
58.91*-46.43+-80.02-(-13.92/-2.22/(-52.06/-42.33^1+-9.91+-11.79)),-80.02-46.4358.91*+--2.22-13.92//-11.79-9.91-42.33-52.06/^^41.05+,True
74.45^1+-76.35-(-3.34^1+-91.41^2*-84.31^2-(36.37)),-76.3574.45+^1--84.31-91.41-3.34+^1+^2-^236.37,True
-10.49^2--86.55/58.96/-24.82+32.23*(61.44+97.05*67.45)-77.05,77.0532.23*58.96-86.55-10.49-^86.9//+-*67.4597.0561.44+*,False
(99.94/49.29)--89.5-37.65^1-97.54+-65.27-74.58*45.17^1,45.1774.58-65.2797.5437.65-89.5-49.2999.94---^1^-*^1,False
-27.34^1+74.55^1+-90.63+50.42^1--97.87+(-65.94/28.24),-97.87^-90.6374.55-27.34++1+^1+-^1+28.24-65.94/,True
-33.74*50.56^2+-92.1+30.95/(-32.84^2+-68.31)*(38.73/-57.01),30.95-92.150.56-33.74*+^2+*/-68.31-32.84+^2*38.73/,True
-29.15/-70.11*-25.58--83.97*(55.25+-56.64+-53.77/-34.1*-78.66)+-2.08,-2.08-83.97-25.58/-29.15//-+^-78.66-34.1-53.77-56.6455.25++/*,True
-78.83/14.21*23.98-12.81+32.16*-28.17*99.46+-/-90.94-+,-39.21-90.94-80.1699.46^32.1612.8123.9814.21-78.83/*-+**+/-,False
59.01/-86.84*92.28+68.76^1-(53.77*(3.2*-52.26*-55.51--)),68.7692.28-86.8459.01/*+*^153.77+-26.14-55.51-52.263.2**-,False
-41.03*-34.23/-18.51/-73.89-(-40.34+-64.22)-(46.1/-64.63+-98.64^1),-73.89-18.51-34.23-41.03*//---64.22-40.34/-98.64-64.63*/+^1,True
75.53+98.12*96.92-14.28+89.96*-90.82*-11.36+(3.52/-42.93*71.4),^-90.8289.9614.2896.9298.1275.53+*-+**+71.4-42.933.52/*,False
(58.2^1+28.82*(-83.24/7.39^1+-47.83/28.57+-14.81-37.89)),28.8258.2+^1*37.89-14.8128.57-47.837.39-83.24++^1/+-,True
-3.4^2--81.95/69.37/-2.46+39.88*-42.43+-49.49*37.69*-38.51,-38.5137.69-49.49-42.4339.88*--81.95-3.4-^2//+*+*+,False
98.78+(3.9^2+/-34.25+(-4.32^5.11+-65.79^1+-6.19)),98.78+34.2534.53.9+^2-+-6.19-65.79-4.32-^2+^1,False
86.87^1+-91.25-(78.51--99.29^1^+*-2.57^1-2.79),-91.2586.87+^1-2.79-2.5723.21-99.29*--^1*-^32.18,False
-8.8+(96.69--96.18^1+-14.59^1--82.89^2+-11.88+72.83),-8.8+72.83-11.88-82.89-14.59-96.1896.69-+^1-^1+^2+,True
31.0-59.91*31.77/-48.62--69.35^1+14.18-24.33+-67.81-69.49,69.49-67.8124.33/-69.35-48.6231.7759.9131.0-*/-+^68.71-/*,True
-61.46/(-12.8--35.08^2+79.02+37.06/-34.74/52.9--67.46*+),*/-47.09-67.4652.9-34.7437.0679.02-35.08-12.8-+^2+//-*,True
-58.74-22.73/(57.04--51.37^2-16.88)/-33.31^1-3.17*61.4,*3.17-33.3122.73-58.74-/-16.88-51.3757.04--^2-^1/,False
17.92+90.05*-93.62/25.1//*-67.64--84.56^1+10.62^2,10.62-84.56-67.6421.3525.1-93.6290.0517.92+*//*-+^1^2,False
84.28*-98.93/60.29/(-98.96***81.65^1+-98.15*-23.75--41.49),60.29-98.9384.28*//-41.49-23.75-98.1581.65/-98.96*++^95.87*-,False
-4.77*-45.4/32.39/12.13*(96.17+-70.03--55.92*-40.34/-67.29*8.57),12.1332.39--4.77*//*8.57-67.29-40.34-55.92^96.17+-***,True
-2.07/-80.58-51.74-46.21*-10.47/(-49.82-40.06*-54.3*-19.06/71.43),-10.4746.2151.74+-2.07+--*/71.43-19.06-54.340.06-49.82***/,False
48.04--11.11*-28.26/58.42^2-(-41.57/-15.25-78.7^1+95.63),58.42-28.26-11.1148.04-*/-^295.6378.7-15.25-/-+^1,True
34.78+14.62*67.48*(39.66/-94.99)/45.78--54.73^16.82/8.5/(30.43),8.516.82-54.7345.78/14.6234.78+^/*-94.9939.66/+-//30.43,False
49.78^2-97.88+-70.12-91.43^-38.98-14.52^-16.6-4.22+-93.54,-93.544.2214.5291.43-70.1297.8849.78-^-22.93+--^1/^2+,False
-86.57/-74.61--81.71/-89.33*-65.52^1-74.99+-89.82/**-83.16,-83.1660.91-89.8274.99-65.52-89.33-81.71-74.61-86.57/-/*-^51.11+/*,True
(-26.43*-14.09^1+7.95/-15.07*28.65^2*(-0.17+-7.73-67.0)),28.65-15.077.95-14.09-26.43++^1/*-/267.0-7.73-0.17+-,True
(-58.42+80.76*-3.66^1-39.78/(-61.65/79.64*63.93+(96.53--60.07))),*-3.6680.76-58.42+*-^1/63.9379.64-61.65/**-60.0796.53-,True
37.53*(62.97--11.85-80.53)^61.99-(11.24*33.62)/(-5.86^-88.4-51.25),37.53-*^80.53/62.97--1/33.6211.24*51.25+-^2,False
-11.16^1-11.97--10.95^2-+^2--8.36^1--63.28,-63.28-8.3646.69-10.9511.97-11.16-^1--^2-^2-*1,False
51.6*98.1/32.7/-33.18*90.23/-22.01+10.21^2-83.93--42.09,-42.0983.9310.21-22.0190.23-33.1832.798.1-*////+-^2-,True
-32.47-(47.96/82.09*-69.3/(-89.41*(-7.85/14.52*-64.77)*40.78)^2),-32.47--69.382.0947.96//-^40.78-89.41***14.52-7.85/*2,False
(23.8+65.8+(-46.77^1+(-70.85^2+-38.11--21.55+(88.18--70.18)))),65.823.8++-46.77+^1-21.55-38.11-70.85+^2-+^88.18-,True
77.95--68.41+-86.7^2+*/-23.01+27.8*-45.73+-94.78+(-64.09),-94.78-45.7327.8*66.41-86.7-68.4177.95-++^2/+*++-64.09,True
99.71+(-20.8^1+85.25/-15.75*1.36-(-25.31*-37.8*34.73)-/),99.71+40.071.36-15.7585.25-20.8+^1/***34.73-37.8-25.31**,False
-30.61^1--80.58/-60.8--24.56*-83.18/-4.61+-34.89*-80.13/77.86,77.86-80.13-34.89-4.61-83.18-24.56-60.8-80.58-30.61-^1/-*/+*/,True
-35.27+72.79--39.82*15.32-(-15.29*/*-54.9+-79.59)^2+30.27,30.2715.32-39.8272.79-35.27+-*+-^-79.59/-64.38-15.29**+2,True
76.45+26.4+86.43*-47.92*(-76.37^1-53.03/-56.23/75.61)--,-72.48-47.9286.4326.4+*+*-*75.61-56.2353.03-76.37/^1//,False
-19.4/15.49/92.85/-2.31/(39.35+-45.18+-32.08+-3.51)+39.25*42.56,42.5639.25-2.3192.8515.49-19.4//^+/-3.51-32.08-45.1839.35++-*,True
73.19^1-24.89*-67.32-*/-61.41+-53.97/38.42/97.98*-1.24,-1.24/38.42-53.97-61.4187.09-67.3224.8973.19-^1*-/+//-,False
-2.16*84.06-54.63^1--7.4-60.24*67.57--42.18--69.04++,95.56-69.04-42.18/60.24-7.454.6384.06-2.16---^1-*--+,False
57.85+11.47--2.75+(-77.57^1+58.25+-72.54-36.55-24.45^1),-2.7511.4757.85+-/24.4536.55-72.5458.25-77.57+^1/--^1,True
3.8/52.07/(-50.75/75.41^1+33.39^2+(-28.11^2-15.39)),52.073.8//33.3975.41-50.75/+^1+^215.39-28.11-^-70.65,True
(-0.06+67.7-+/-96.25^2--97.39)--15.57/1-68.7-24.35,24.3568.7-15.57-/-96.2519.7167.7-0.06+-/-^2-^52.35-,False
^^1+-49.66/91.16--45.47^-3.58--67.44+-65.67*-8.99/-11.09,-11.09-8.99-65.67-67.44-45.4791.16-49.66-4.25+^1/--^2/*/,False
-24.03*(66.93--62.32--64.92*-74.52)*-89.32*63.88*(-25.76^1--45.96),63.88-89.32-24.03/*-74.52-64.92*66.93--***-45.96-25.76-^1,False
(76.47/71.31*(41.93+48.51^1--84.98--17.34)+-27.17--35.89)-(-30.3),--35.89-27.1771.3176.47/++*-84.9848.5141.93+-^1---30.3,True
-61.19/64.8-89.2*14.64^1+-16.3/68.36/-54.97^1+(-25.05),-54.9768.36-16.314.6489.264.8-61.19/-*+^1//+^-94.11-25.05,True
14.02*-99.91--61.61*81.45+-62.0^2+83.03--63.94^-36.13+-27.23,-27.23-63.9483.03-62.0^-61.61-99.9114.02*-*++^2-+^1,True
87.0*-6.63-20.72--29.18+-83.79^1--69.29*^^1+4.44,4.4464.2-69.29-83.79-29.1820.72-6.6387.0*--+-/1*+^1,False
-11.69--4.73^1--90.44^1+31.95-89.52--78.1/17.61*-66.31,^17.61-78.189.5231.95-90.44-4.73-11.69--^1+^1/-/*,False
*+(-18.88*-56.55-23.5*-34.27-16.75+^^1-23.72/12.32),27.7+12.3223.7262.4616.75-34.2723.5-56.55/*-*/+-^1/,False
-20.2/(-7.94^1+-40.8^1+74.96)*+*(-54.44*26.51-69.23),-65.2-20.2*/74.96-40.8-+^1+^1*69.2326.51-54.44+-,False
-12.67^2*95.42*26.3/-37.21^1-91.49/(-84.56/42.1^1),91.49*26.395.42-12.67+^2*/+^1/42.1-84.56/^1,False
-/14.84*(92.31/+-(57.09+72.62+43.25^1-(41.89^1))),14.84^/*+92.31/-43.2572.6257.09++-^141.89^1,False
*--57.25*-8.66/73.78-52.74/-61.46*47.08/-44.4*75.97+-7.62,-7.6275.97-44.447.08-61.4652.7473.78-8.66-57.25*-*/-/+/*+,False
87.3*(-2.62+-75.32*52.88)^2-2.39^2--38.17/-2.73^1,-2.73-38.172.3987.3-*^52.88^-2.62+*88.13-^2/^1,True
-17.51^2--36.91^2+79.09*-11.3*-11.73^2*1.38--55.2,-55.21.38-11.73-11.379.09-36.91-17.51-*2+^2+*-^2-,False
47.15/19.38+21.12^1-1.53*-62.49*-67.84--95.72-(36.43/-75.8),-95.72-67.84^1.5321.1219.3847.15/+-^1**---75.836.43/,True
