Original,Perturbed,Is_Equivalent
+-52.43+-41.91-1.77/+-88.04+-48.98/39.2923.04/+57.48/24.8-32.89,-32.8924.857.48-88.04-52.43++/-1.77-41.91++/23.0439.29-48.98+//,True
*1.55*-11.6734.49+-6.69-5.44*68.63-1.0199.2---9.8326.07,26.07-9.831.55*--+34.49-11.67*99.21.0168.635.446.69-+*-,False
+91.04--73.0*+-52.89---53.84/42.26*-77.25-6.33/91.06*-10.98,-10.9842.26-53.84---52.89-50.64-73.091.04+-*/*91.06/-6.33-77.25*,False
/88.37/-38.68/68.09*52.95+5.2-14.56/93.48-40.31+30.62-29.92,-29.9230.6240.3193.4814.565.252.9568.09-38.6888.37///*+-/-+,True
-10.65+-8.36-37.82*22.81+44.86/89.58+63.55--59.6531.76*65.21,65.21-59.6563.5589.5844.8622.8137.82-8.3610.65-+-*+/+**31.76,False
*30.56/32.46/96.18*++-71.89/-53.16/-79.03/-94.34+-91.1480.15,80.15-91.14-94.34-79.03-53.16-71.8930.56*++-65.1796.1832.46/////+,False
*-46.07+-79.47/17.86+23.78*84.6-14.48/+-16.53+-14.96-+63.7,63.7-12.74-14.96-16.53-46.07*+/-14.4884.623.7817.86-79.47+/+*+-,False
/51.23--24.41*-58.03----1.46--1.0-20.69/+85.26-54.42-66.62,66.6285.26-24.4151.23/-+/-20.69-1.0-1.4616.47-58.03*-----54.42,False
/-91.25*20.96-36.4930.05+*75.6/-36.3+-87.27/-44.95-61.28-92.3,92.3-91.25/-+30.0536.4920.96*--61.28-44.95-87.27-36.375.6//+/,False
+65.75-43.29**-*-99.49*29.6133.33*-15.58/-71.9-97.67+20.91,20.9127.74*-43.2965.75+*+*33.3329.61-99.49**-97.67-71.915.58-/,False
+64.44*-48.37+79.71-68.41*/-7.47*-72.96/-97.86*-52.75*16.17-48.23,-48.2316.17-52.75-97.86-72.96-7.47/*-68.4179.71-48.3764.44+*+*/**,True
+25.63/64.54+-65.5836.66*+-1.62-81.88*+*71.44/-79.151.52,51.52-79.171.44-69.3681.88-1.6264.5425.63+/+*36.66-65.58+-**/,False
*51.37/60.57/26.04*50.38--95.6*42.28+-48.84+80.9534.96/89.54,89.54-48.8442.28-95.650.3826.0460.5751.37*//*-*+/34.9680.95+,True
/81.25*40.66*-39.03*-21.23+-80.546.05**83.5560.92//47.5276.97,76.9747.52-21.23-39.0340.6681.25/***//*46.05-80.5+60.9283.55*,True
--56.74*-92.34-67.89/+-55.5+-69.02+-75.9334.94+56.48*-10.13--81.14,-81.14-55.5+/-67.89-92.34-56.74-*--10.13-69.02+*56.48+34.94-75.93+,True
+6.95+-43.17*44.87+48.26*-28.49-60.31/-96.72-3.25-74.06/-29.02,-29.02-28.4948.2644.87-43.176.95++*+*/74.0660.31---3.25-96.72/,True
+42.83-56.62*-46.31-58.93-70.18-65.02*/-47.0697.16+-22.83/-83.92,-83.92-46.3156.6242.83+-*/-22.8358.93-+*-65.0270.18-97.16-47.06/,True
*-53.01/29.15/83.5/-14.76--33.57-56.24---15.65+29.91--56.88,-56.88-53.01*-29.91+15.6529.15/-42.5783.5/--56.24-33.57-14.76/-,False
+-84.42-16.97*/41.23-18.14--32.84-59.84*46.26+64.94-78.97-3.32,3.3259.84-32.8418.1441.23*-16.97-84.42+/-----78.9764.9446.26*+,True
/37.39--56.86-30.48*-9.7+-77.17+-81.81/-23.6*98.83+-79.09-1.98,-1.98-79.0998.83-23.6-81.81-77.17-9.730.48-56.8637.39/-+*++/*+,False
+-93.05-33.72--0.17+19.15+-39.49-85.62*--58.8845.69/-74.97-62.05,62.05/45.69-58.88-0.1733.72-93.05+---*-85.62-39.4919.15+/--74.97,False
-53.56--18.440.37---33.6-44.941.81/--59.78/13.95--78.89-27.21,-27.21-78.8913.95-59.78--40.37-18.453.56--/1.8144.94-33.6--/-,True
-/*-96.31--56.89-68.71*22.0873.22**66.81--90.71*-12.35-2.23,-2.23-12.35-90.7166.81-56.89-96.3129.03-*-**73.2222.0868.71-*-*,False
-4.25*5.86--36.11--44.0--1.88--84.8*8.53-22.42-97.2-0.03,0.03-84.8-1.88-44.0-36.115.864.25-*------97.222.428.53*-,True
*-58.22/25.03+-51.4*-70.02-90.36---57.25+-57.51/-91.54/72.6578.58,78.5872.65-91.54-57.51-57.25-58.22*---90.36-70.02-51.425.03/+*+//,True
/66.31+55.95+72.08*56.48+-63.47-64.81/--64.41*-98.03-2.4871.67,71.672.48-98.03-64.4156.4872.0855.9566.31/++*-/-64.81-63.47/*-,False
/-98.14-75.51/+39.7/30.71-79.38+-39.01-48.04*/-/-22.44-31.52,-31.52-22.44-7.679.3830.7139.7/-75.51-98.14/+/-/*-48.04-39.01+/,False
+84.26+-12.15*-19.18*55.8/-83.65*-12.98+-75.13/-1.62-16.81--71.94,-71.94-83.6555.8-19.18-12.1584.26++**/--16.81-1.62-75.13-12.98*+/,True
-46.46*-3.4*29.62*80.89+36.94/75.29*6.38--11.26-97.57/-79.69,-79.6980.8929.62-3.446.46-***/-97.57-11.266.3875.2936.94+/*-,True
/-92.21*5.02-62.78+97.41/66.89/-39.72+2.22/9.91+75.0922.64,22.6475.099.912.22-39.7266.8997.4162.785.02-92.21/*-+//+/+,True
/-99.88*99.191.83*-17.96+29.1872.41/+-96.8*17.36*10.0162.51,62.5110.0117.36-96.8+/72.4129.1817.96-*1.8399.19-99.88/*+**,True
-69.4--13.33+-43.29/-60.93*36.663.95++55.52-38.85+-72.5751.71-,--38.8555.52-60.93-43.29-13.3369.4--+/++3.9536.66*51.71-72.57+,True
/-36.26*-4.17--36.49-2.25+*-73.49+-94.42*61.4/65.02-73.25*-81.27,-81.2761.4-94.42-73.49+-2.25-36.49-4.17-36.26/*-*+**-73.2565.02/,True
/55.33+12.27/56.38--94.68-72.2/-80.53*16.97-32.443.08/-4.56,-4.5672.2-94.6856.3812.2755.33/+/--/3.0832.4416.97-80.53/*-,True
/1.4--78.7*78.86/4.18--78.01*-53.6+57.5171.12+25.24/80.66,80.66-78.014.1878.86-78.71.4/-**-/25.24-53.6*+71.1257.51+,False
/20.27--55.8/-45.73*20.99+-80.18+-33.29-36.25/95.44/-60.4-10.76,-10.76-60.495.4436.25-33.29-80.1820.99-45.73-55.820.27/*/*++-//,False
--87.21/-20.46+24.94+-66.55/-72.42---55.1/13.92--77.23-16.48,-16.48-77.2313.9255.1-92.71-72.42-66.5524.94-20.46-87.21-/++/--/-,False
/2.36*-54.32-92.61*-66.22-76.13++-79.82+66.15+-14.9/-52.499.27,99.27-52.4-14.966.15-79.82+-76.13-66.2292.61-54.322.36/*-*+++/,False
-30.82/21.77*79.42*-55.39*23.21/-60.69--33.47--24.28+98.4191.4,91.498.41-24.28-33.47-60.6923.21-55.3979.4221.7730.82-/***/---,False
*-54.96*79.98*58.48-85.11/-2.295.46*+*88.0433.71--4.22+59.73,59.73+-85.1158.4879.98-54.96****95.46-2.2/+-4.22-33.7188.04*,False
-84.97*-81.0/14.59-7.81-17.45/--39.81/-21.69-4.71+94.26-64.76,-64.7694.264.71-21.69-39.8114.59-81.084.97-*/-/-17.457.81-/-+,True
*-6.03+-98.7/-20.56+34.63+5.85+-20.0791.69+25.42*-23.25+99.24,99.2434.63-20.56-98.7-6.03*+/++-23.255.85+*25.42+91.69-20.07+,True
-51.4824.92+*-85.95*15.83--46.79*-44.68+-11.31/-40.33.72--69.6,-69.6-40.3-11.31-44.68-46.7915.83-85.95+24.9251.48-**-*+/*3.72,False
+-1.8*10.01+35.87*11.94-18.99*+10.65+-93.68*-81.62-16.38*,*93.68-44.0910.65-1.8++*-18.9911.9435.8710.01*+*+-16.38-81.62*,False
/84.21/37.21/25.68*-55.5*-89.2882.66/44.85+56.18+-79.52/-16.07,-16.07/-79.52+/82.66-89.28-55.525.6837.2184.21///**56.18+44.85,True
+-96.64+-45.25--97.18-/62.9---37.41-25.33-45.55/33.19-90.65,-90.6533.1945.5525.33-37.41--62.991.9-97.18-45.25-96.64++----/,False
*41.91*83.07/73.51/12.56+-16.39+88.45/92.55-65.14/94.26-,93.394.2665.1492.5588.45-16.3912.5673.5183.0741.91**//++/-/,False
*-53.72+-9.56*80.26+-83.36*73.910.96/-67.58+78.6417.81-54.79,54.79-17.8178.6467.58-/0.9673.91-83.3680.26-9.56-53.72*+*+*+,False
-32.13+-38.93/25.09-40.47+/29.28*+17.27-64.92/29.85*-48.28,-48.2825.09-38.9332.13-+/*29.85/-64.9217.27+*29.28-51.7540.47-+,False
/-54.1139.4-50.97*-24.0/-0.1849.47/-+57.09/9.31*27.5361.47,61.4727.539.3157.09-/39.4-54.11/49.47-0.18-24.050.97-*/+/*,True
*42.54-54.79++6.37/-27.3/-12.61**/90.25+-0.0997.88+-53.61,-53.616.37++-54.7942.54*+97.88-0.0990.25-13.77-12.61-27.3//*/+,False
+63.73--41.13/-8.62*4.0+-83.89/-1.41+-42.71+-50.47+-10.81-28.86,-28.86-10.81-50.47-42.71-1.41-83.894.0-8.62-41.1363.73+-/*+*+++,False
--19.33*60.21-41.08*+75.41+-43.38--27.5780.22-+47.44+72.9231.3,31.372.9247.44-80.22-27.57-43.3875.41+--41.0860.21-19.33-*+-++,False
/-27.85+-7.49/-6.62*-21.04*37.14+-63.43*79.2462.11*--23.0372.02,72.02-23.03-27.85/-*62.1179.24-63.4337.14-21.04-6.62-7.49+/*++*,False
*62.8*-61.6+36.12*24.17--46.064.04++-48.3*50.45-80.49*40.09,40.09*-80.4950.45-48.3-61.662.8**++64.04-46.024.1736.12+*-*,True
*-20.81/5.6--49.34/18.36*-45.32*47.27/8.37--89.25--23.04-33.69,-33.69-23.04-89.258.3747.27-45.3218.36-49.345.6-20.81*/-/**/--,True
+62.04-59.84-15.79/+12.88+-59.75/-18.72/43.88*-11.3226.06-49.24,49.24-18.72-59.7512.8862.04++/-15.7959.84-+/-26.06-11.3243.88/*,True
*75.4/32.18/94.68+-47.11*60.39+76.44+71.48+46.57-14.55--41.18,-41.1846.5771.4876.4460.39-47.1194.6832.1875.4*+/+*+++--14.55,False
*39.94*-62.53-99.44+39.4+-2.55+-*-12.21+-41.12*94.8-31.16,-31.1694.8-41.12-12.2142.42-2.5539.499.44-62.5339.94**-+++*+*,False
*96.08*-2.93/53.42+-32.33-20.3+-21.58+44.92+29.26-7.27/64.15,64.1544.92-21.5820.3-32.3353.42-2.9396.08**/+-++/-7.2729.26+,True
+10.78*68.256.57--97.09+5.11/55.87+-9.12*-14.02-34.08/70.7,70.7-9.1255.875.1197.09-56.5768.210.78+*-+/+*-34.08-14.02*,False
+-54.73+-70.89-25.79/75.65-87.27++-99.88/-4.49*33.6816.27+-0.1,-0.1-4.49-99.88-70.89-54.73++++-87.2775.6525.79-//+16.2733.68*,True
--41.42--90.04/8.06*51.93-14.99+90.67+-60.1/36.9250.76-91.96,91.9636.92-60.190.6714.9951.938.06-90.04-41.42--/*-++//50.76,False
*91.59-81.32---9.84/-86.3+37.41--50.98+94.87*-90.57+-0.67-40.06,-40.06-0.67-90.5794.87-50.9837.41-86.3-9.84--81.3291.59*-/+-+*+,True
+37.47/45.43/94.3--21.34--51.3/-3.09/-15.2+-71.62+60.8158.46,58.4660.81-71.62-15.2-3.09-51.3-21.3494.345.4337.47+//--*/++,False
+35.35+-52.03-93.07/46.35/-36.04+-45.87-51.47*-33.31+-21.64/-25.72,-25.72/-21.6435.35++-33.31-36.0446.3593.07-52.03+-//*-51.47-45.87+,True
*-62.92+66.66*-63.9+-26.28+-69.83+-60.76-26.95/3.06-+-48.85,-48.85-63.966.66-62.92*+*+35.953.0626.95-60.76-69.83-26.28+++-/,False
-38.61/-19.06*55.8792.37+-60.93+7.27+74.58*-25.39-62.55*-98.41,-98.41-25.3974.587.2760.9338.61--+92.3755.87-19.06/*++**-62.55,True
*31.06/50.16*-53.75*-77.31*42.5/-2.92+91.8817.8--3.05*2.52,2.5242.5-77.31-53.7550.1631.06*/****-3.05-2.92/-17.891.88+,True
-57.62+35.41*13.16/11.41*84.29/58.39-85.24**+-31.93-24.48,-24.48-31.93-79.4285.2458.3984.2911.4113.1635.4157.62-+*/*/-*+,False
-29.72+-82.3946.13+*-55.94+-45.25--58.07/69.58+22.78-44.71*-57.6,-57.622.7869.58-58.07-45.25-55.94+46.13-82.3929.72-+-+-/+*-44.71,False
/80.65*-78.39*-59.01-6.6/65.99-76.41-69.07*/87.89-68.29*35.92,35.9265.996.6-59.01-78.3980.65/**-/*-68.2987.89/*-69.0776.41-,True
*59.33/23.41+4.89+87.31+-51.22-59.49*+36.59-75.46*51.3-95.51,-95.5151.375.4636.59*-59.49-51.2287.314.8923.4159.33*/++++-*,True
-78.79/61.6/-13.46*-10.7140.29-+-76.2979.6*--72.51--13.4666.31,66.31-13.46-72.51-*79.6-76.2961.678.79-/+/40.29-10.71-13.46/*-,False
*-59.14-26.37-30.87-28.27-53.1--94.5-83.63*12.44*+-80.29+40.53,40.53+-80.2926.37-59.14--+*-28.2730.87-12.44-94.553.1--*-83.63,False
*88.28-88.39/+-77.15--53.86/94.44/-82.2/98.55-91.99/24.81/-19.28,-19.28-77.15+/-88.3988.28*/24.81-82.294.44-53.86-/-/-91.9998.55/,False
*-90.55*46.5*52.25-62.246.87/*-59.73-44.76-99.65-7.2217.57,17.577.2299.6544.76-59.7352.2546.5-90.55****/46.8762.2----,True
/-23.32*-85.11/-39.1-0.89+-4.29+-91.4/77.36+23.04*-68.84-76.7,-76.7-68.8423.0477.36-91.4-4.290.89-39.1-85.11-23.32/*/-++/+*,False
--80.48-82.05+-13.39/-29.88*31.78*5.2552.48--63.66+93.16+-,37.76+93.16-13.3982.05-80.48--++-63.66-29.88/-52.485.2531.78**,False
+-63.44*-55.3-31.282.29**33.52+-70.49-94.85/*-78.93-26.15*8.04,8.0433.52-55.3-63.44+***82.2931.2-*/-94.85-70.49+-26.15-78.93*,True
-76.0360.8//30.98-51.04*37.1-81.4*1.44-77.63+50.54/90.17,90.17/50.54+77.63-1.44*/60.876.03--81.437.151.0430.98/-*,True
*98.75*74.67*25.27/35.81+-33.62+49.13-70.351.93-+-47.1386.92,86.92-47.1335.8125.2774.6798.75***-+-1.9370.3549.13-33.62++-,False
*-36.22*83.01--56.86+78.04*21.73-59.66++-25.2*64.33-41.5-71.99,71.99--41.564.33-25.2++-59.6621.7378.04-56.8683.01-36.22**-+**,True
/-77.96/-18.02/-59.92/-85.28*-85.58-92.82/75.49/-36.59.1/-34.2,-34.292.82-85.58-85.28-59.92-18.02-77.96////*-/9.1-36.575.49//,True
+-59.19/37.89+-77.93-86.58/-65.76-26.13/-86.01-25.06-56.2/-47.72,47.72-/-86.58-77.9337.89-59.19+/+-56.225.06-86.0126.13-65.76/-/-,False
+-68.85*-62.45-76.69/67.31-54.37+-41.58/-72.58*86.5181.45/65.21,65.2154.3767.3176.69-62.45-68.85+*-/-/81.4586.51-72.58-41.58+/*,True
--6.22*70.43*-13.91+95.43+-9.82/18.585.85+80.12--91.21--42.07,-42.07-9.8295.43-13.9170.43-6.22-/*++--91.21-80.12+85.8518.5/,False
--98.22*-47.03+-71.69/-16.96/-76.21*-42.67*-2.19+44.18*-18.42-6.55,-6.55-18.4244.18-2.19-42.67-76.21-16.96-71.69-47.03-98.22-*+-/**+*,False
--25.65*63.33/-60.3350.05//78.12+36.41--22.25+91.4/-93.3651.58,51.58-93.3691.4-22.2536.4178.1263.33-25.65-*//50.05-60.33-+-+/,False
*0.84/58.34+66.0/-18.2-54.61/22.86+0.82-47.33/-8.99+-92.0,-92.022.8654.61-18.266.058.340.84*/+/-/+-8.99/-47.330.82+,False
+-/-19.38/14.78/6.0-28.82+-77.99-36.53-19.29/-82.49*-64.09,-64.09*-82.4973.52+/19.29-77.9928.826.014.78-19.38///-+--36.53,False
*42.94*25.89+26.56/89.58/-76.77--81.93-52.139.76-60.92+75.24,75.2442.94*+60.92-9.7652.13-81.93-76.7789.5826.5625.89*+//--,True
/82.73/39.0--18.31+-18.96*-89.295.61++-3.66-32.88--91.5--25.27,-25.2739.082.73//--91.5-18.31---32.88-3.66++5.61-89.29-18.96+*,True
*-11.58*-5.9*50.81*88.39+-55.3/4.8/46.44+-59.59--49.67,-49.674.8-55.388.3950.81-5.9-11.58****+/---37.0446.44/59.59,False
+41.99*98.6-29.9/-24.2/65.03-30.61++82.55--6.8127.15-49.3,49.382.55-24.229.998.641.99+*-/++-30.6165.03/-27.15-6.81-,True
+-92.73+64.55*-31.23+-34.17*26.2*88.09--45.0693.55*8.17--75.72,-75.7288.0926.2-34.17-31.2364.55-92.73++*+**-8.17-45.06-*93.55,True
*-44.61--54.16/-88.65-63.0+*99.24/8.43*20.2874.79+-28.74/60.86,60.86/-28.74-54.16-44.61*-++-63.0-88.65/74.7920.288.4399.24*/*,True
-68.59*-54.41--87.98/-32.8/-79.82+51.34-99.33+30.29*-72.66*67.2,67.2*-72.66-79.82-32.8-87.98-54.4168.59-*-//*30.2951.34+--99.33,False
*97.7+32.33/-7.34+8.93--34.53/-4.55/-75.1/62.1126.9+62.18,62.18-34.538.93-7.3432.3397.7*+++-+26.962.11-75.1-4.55///,False
--3.3--77.96+98.18/83.24*-83.11*30.5996.04++**93.5791.68,91.6893.57-81.66-83.1183.2498.18-77.96-3.3--+/*++96.0430.59**,False
/77.29-++26.69*-79.66-32.48**-57.48/3.4+9.09+18.07-99.69,-99.6918.079.093.4-57.4820.977.29/-**-32.48-79.6626.69+*/++,False
+-68.09/96.92-49.1885.84/--84.4/31.95+++-48.15/-55.0190.16,90.16-55.01-48.1521.4431.95-84.496.92-68.09+/-/85.8449.18-/++/,False
/-66.02/60.79/84.12-49.13+19.9*41.2+-98.17-53.2798.0+-15.89,-15.8941.219.949.1384.1260.79-66.02////+*+98.053.27-98.17+-,False
+-95.0/2.92/23.25*-13.09/-26.85/-2.7/-6.92-24.28*+-87.13-79.1,-79.1-87.13-26.85-13.0923.252.92-95.0+//*/+*-24.28-6.92-2.7//,True
+45.23-43.46*51.35--86.69*95.42+-35.89*37.48/37.38/-53.0277.7,77.7-53.0237.3837.48-35.8995.42-86.6951.3543.4645.23+-*-*+*//,True
+-24.87/-59.3-13.72*-36.19-50.24*70.3--46.72--49.49+44.23-99.05,-99.0544.23-49.49-46.7270.350.24-36.1913.72-59.3-24.87+/-*-*--+,False
*79.84--3.371.21/*/-21.01*-7.97+-53.1573.78+84.8/65.54,65.549.85*/71.21-3.379.84*-/84.8-7.9721.01-*+73.78-53.15+,False
+-71.26--37.81*-97.33/33.13/-31.93-90.03/--9.52/-54.5632.2+54.48,54.48-71.26++32.2-54.56-9.52-37.81--/-90.03-31.9333.13-97.33*///,True
-73.8/-69.29+-60.74/89.44+-87.76--85.38+30.77+-91.0--43.1980.06,80.06-43.19-91.030.77-85.38-87.7689.44-60.74-69.2973.8-///+-++-,False
*-46.53+54.61--38.81-90.31/*90.93--69.87--13.9/38.52*38.36-32.02,-32.0238.3638.52-13.9-69.8790.9354.61-46.53*+*/-90.31-38.81---/*,True
--2.66-8.6+**75.64*-64.57/26.42+-32.424.23*-76.83*73.12,73.128.6-2.66--*-76.8326.42-64.5775.64-57.09+**/*24.23-32.4+,False
--57.02--78.82*52.68+-96.47+-33.05/42.46--80.35*94.98+45.58-24.15,-24.1545.5894.98-80.3542.46-33.05-96.4752.68-78.82-57.02--*++/-*+,True
+-91.25*-8.02*81.16/-40.73+-26.69+79.79+82.72/6.72-88.54+74.34,74.346.7282.7279.79-26.69-40.7381.16-8.02-91.25+**/+++/+-88.54,False
/88.08-7.94/24.82-80.98/-74.45+22.742.78--79.1+-47.88*-13.16,-13.16*-47.88-74.4580.9824.827.9488.08/-/-/+-79.1-42.7822.7+,True
*-96.22--48.3+46.75--84.44*96.92/-68.4846.03++-23.02-61.82.58,2.5861.8-23.0246.75-48.3-96.22*/+++46.03-68.4896.92-84.44-*/-,False
--27.46/82.59/93.56*-96.86*-60.72+22.67++-40.32/-92.41/-99.67,-99.6722.67-60.72-96.8693.5682.59-27.46-//**+/-92.41/-40.3294.39+,False
*88.51+-40.62-37.73/+-74.39--28.47-96.99++0.73--85.46+8.62-99.61,-99.618.62-85.460.7388.51*++-96.99-28.47-74.39+/-37.73-40.62+--+,True
+-52.49+-90.97+//-49.71/-35.29-80.53--34.65--69.65+38.49-75.14,-75.1438.49-69.6534.65---80.53-35.29-49.7162.27-90.97-52.49+++//-+,False
--98.41-41.39*-61.85+60.44+66.6-77.02-76.98*-34.5--23.75+18.57,18.57-98.41-+-23.7541.39---34.5*-76.9877.0266.660.44-61.85*++-,True
*-6.4*-89.17/96.91/-13.82-15.96/99.73*84.62-11.58+-67.265.09,5.09-67.2611.5884.6299.7315.96-13.8296.91-89.17-6.4**//-/*-+,False
/-29.33+93.08--45.1*97.37--95.5--53.78+-93.0488.17*-25.68--47.87,-47.87-45.193.08-29.33/+---25.68-93.04-53.78-95.597.37*--+*88.17,True
/92.73--60.46+54.55*-61.98/-92.95-38.81*45.46/0.3967.83/-35.21,-35.2154.55-60.4692.73/-+/67.830.3945.4638.81-92.95-61.98*/-*/,True
*60.34/-72.45/-35.27/88.95*-50.99--7.98*-91.61+9.63*48.7986.18,86.1848.799.63-91.61-7.98-50.9988.95-35.27-72.4560.34*///*-*+*,True
*75.73/-35.24--8.67/-43.99/40.74/2.59+54.07-78.63+67.15+-83.88,-83.8875.73*+67.1540.74-43.99-8.67-35.24/-//+-78.6354.072.59/+,True
+-4.71*-6.66-89.8+14.18/64.83-19.73*-71.49+-/-6.79*56.32,56.3289.8-6.66-4.71+*-*-6.79/50.3914.18++-71.4964.83/*-19.73,False
--27.24+-47.14/45.01*67.49*-38.86-90.39-38.76/*-55.849.59--57.46,-57.46-27.24--/-38.7690.39-38.8667.4945.01-47.14+/**-9.59-55.84*,True
-51.02*-49.32-97.19/47.49+35.29-64.39/-54.6*-84.17-1.0333.37,33.371.03-84.17-54.664.3935.2947.4997.19-49.3251.02-*-/+-/*-,True
*45.01+90.86*-49.57+13.98+0.42-40.44/--86.82--95.69+0.1834.59,34.590.18-95.69-86.82-49.5790.8645.01*+/-/-40.440.4213.98++-+,False
*-47.24-99.04+-71.1816.76/--5.09--29.7637.2*-83.64+83.67+-72.47,-72.4799.04-47.24*-+*37.2-29.76-5.09-/16.76-71.18+-83.67+-83.64,True
*-44.95/76.13-96.16*-9.09*-57.52/-52.05*13.11+63.41/65.2-54.1,-54.165.263.4113.11-52.05-57.52-9.0996.1676.13-44.95*/-**/-+/,False
/38.13/-62.19*-21.62+56.78--97.53*2.29-15.74/48.12-19.85-0.45,0.452.29-97.5356.78-21.62-62.1938.13//*+-*--19.8548.1215.74-/,True
/99.26--30.61/93.81+58.9461.1/--88.95+-41.4820.58-53.63+9.26,9.26-88.9593.81-30.6199.26/-/-/61.158.94++53.63-20.58-41.48+,True
+-29.2--55.34+71.78--30.8+25.05--74.7-90.9765.35-46.34+-75.48,-75.48-29.2++46.3471.78-55.34*+-65.3590.97-74.725.05-30.8-+--,False
+94.3*9.8*-62.44*89.52/++77.18/75.5448.0/-76.46-37.26,37.2677.18-62.449.894.3+**++-14.5589.52*-/48.075.54/-76.46,False
+-63.46-42.55/60.99-3.61/-31.17-10.24+39.56+-32.58*56.9+-42.33,-42.33+56.942.55-63.46+-*-32.58+39.5660.99/+-10.24-31.173.61-/,False
*48.9-+/-67.67+-27.51/-70.36-13.27*+37.88+67.8961.58/26.45,26.4567.8937.88-27.51-67.6773.0648.9*-/++*-13.27-70.36/+/61.58,False
+71.64-31.17*34.09*+*25.25-93.72-41.28*-96.68*-14.99+57.16,57.1671.64++-14.99*-96.68*-41.2893.7225.25-35.3334.0931.17-***-,False
+*+5.46/71.94--65.38+-92.59-99.45+7.59--35.3--0.8591.89,91.89-0.85-35.37.5999.45-92.59-65.3871.945.4636.68++/-+-+--,False
*-13.41/-50.81+-86.19/13.62*-46.24*-38.03*3.04*99.51-50.19/-75.95,-75.9599.513.04-38.03-46.2413.62-86.19-50.81-13.41*/+/****/-50.19,True
--23.71--23.2/*+-41.69-52.28+-67.4*-92.8382.62*-53.09*-37.78,-37.78-67.452.28-41.690.38-23.2-23.71--/+-+*-53.09*82.62-92.83*,False
/-97.53*63.89--47.54+---85.11--42.43+-25.42-86.2245.27-56.89,56.8986.22-25.42-42.43-85.11-75.92-47.5463.89-97.53/*-+--+--45.27,False
/36.33*31.01-53.18--80.75+-75.71-8.37+-99.57/25.86/-64.0449.62,49.62-64.0425.8699.57-80.7553.1831.0136.33/*---+-8.37-75.71+//,True
-89.23*-25.73-76.1594.98/-19.72*-57.0*-34.28*-91.02++81.31,81.31-38.75-91.02-34.28-57.019.72-25.7389.23-*-/94.9876.15-***+,False
/79.99*-28.56-64.6/53.0/-56.67-97.54+-47.72-74.87+75.8613.73,13.7375.8674.87-47.7297.54-56.6753.064.6-28.5679.99/*-//-+-+,True
+72.17/23.01/-23.2/8.52+54.19-14.52*-16.6--11.5248.08--40.62,-40.62-11.52-16.614.5254.198.52-23.223.0172.17+///+-*--48.08,True
+83.27+41.39-8.81--93.19+10.31*65.35/14.72/-77.43-75.83*52.72,52.7265.3510.31-93.198.8141.3983.27++--+**-75.83-77.4314.72//,True
/85.43/-63.02*-20.02/81.57--75.88*-98.39+88.71-99.2-14.76*-53.94,-53.9488.71-98.39-75.8881.57-20.02-63.0285.43//*/-*+*-14.7699.2-,False
/-64.1*47.42--6.43/-34.82/-1.74//+36.75+79.31-77.1268.57,68.5777.1279.3136.75-62.33-1.74-34.82-6.4347.42-64.1/*-///++-,False
--36.02-46.51+--65.89*-2.78+-7.69+79.83--10.4461.3-69.11-20.39,20.39-2.78-65.89-+-46.51-36.02-*-69.11-7.69+-61.3-10.4479.83+-,True
/-2.36-12.21+8.56*48.0314.61*/-40.83--70.6-98.72*/28.68-10.15,-10.1528.68*-98.72-70.6-40.83/*14.6148.038.5612.21-2.36/-+*-/,True
*48.64-38.74//-1.74-9.66/59.5+42.93*-66.03-23.2*15.98*51.94,51.94*15.98*/-38.7448.64*-23.2-66.0342.9359.59.66-1.74/-/**,False
/68.98*83.35-38.52/+91.45/-98.94/13.41/-63.79-8.19-55.35+15.34,15.34/-38.5283.3568.98/*+55.3513.41-98.9491.45+//--8.19-63.79/,True
+-82.08/46.94*26.0+21.93+-30.37-20.97/83.27-76.84-*-21.73,21.73-55.58-82.08+--76.8483.2720.97-30.3721.9326.046.94/*++-/,False
/-48.65/-76.49/-76.17/53.28*32.53+-33.76+20.73--89.54-57.86+-69.27,-69.2732.5353.28-76.17-76.49-48.65////*+-57.86-89.5420.73-33.76++-,True
-6.5/19.58*-8.81+-99.7/-74.59/22.27-86.53+57.2-/*-37.9,-37.96.5-*28.919.58/-57.2-8.81*+-86.5322.27-74.59-99.7+//,False
+27.92/-35.16*42.09--99.04/96.85/99.47/-86.14*-93.2687.59*81.51,81.5142.09-35.1627.92+/**87.59-93.26-86.1499.4796.85-99.04-///*,True
+42.6--82.36+2.62--0.96*//-39.85-16.57/-33.63+-13.46-33.95,-33.95-13.46-33.6316.57-39.85-66.82-0.962.62-82.3642.6+-+-*/-/+,False
/6.87+27.59--26.06/26.74--53.72-38.19+-26.9682.8/80.05-*,56.4-80.05-53.7226.74-26.0627.596.87/+-/-/82.8-26.9638.19-+,False
/-62.29+*/-3.55/-59.84+-41.2/-7.45/-7.27--25.61*22.0186.49,86.4922.01-25.61-7.27-7.45-41.2-59.84-3.5535.84-62.29/+//+//-*,False
+-+-23.89/-1.49/6.15/-40.29-56.26/1.41-90.1/81.52--69.98,-69.98-23.89-39.96++-81.52-1.49//90.16.15/-1.41/-56.26-40.29/,False
/-62.55*-81.77/65.57*53.03+74.62*50.5-91.86/53.75--10.23/19.53,19.53-81.77-62.55/*/-10.2353.0365.57/*-53.7550.574.62+*/-91.86,True
*-39.59-13.37*-21.74*79.95-58.05+26.13+/-20.78*-31.1512.19,12.19-31.1520.7845.8626.1358.0579.95-21.7413.37-39.59*-**-++-*,False
-41.25+22.91*33.953.33/+26.29*-6.72-20.85-5.0/-46.14+34.12,34.12-6.7226.29+/3.3333.9522.9141.25-+**+-46.14/-5.020.85-,True
*51.41+-81.57*-55.69-80.89--92.58*30.7+35.3962.47/94.94+-30.49,-30.4930.7-92.5880.89-55.69-81.5751.41*+*--*+94.94/62.4735.39+,True
-58.73/-13.78+11.45--66.85--4.5--72.36+-44.59*-17.26-53.09--0.09,-0.09-13.7858.73//--53.09-17.26-44.59-72.36-4.5-66.8511.45+---+*,False
+48.53*-97.36---37.51/-36.93/44.09-49.76+95.0760.93-15.79,15.79-36.9337.5150.57-97.3648.53+*--/-60.9395.0749.7644.09/-+,False
+-42.27--92.99/-32.4460.52/--81.32/-9.417.92/-92.58+47.34-1.6,1.6-47.34+-92.58-81.32-/60.52-32.44-92.99-42.27+-//17.92-9.4/,True
--68.36-20.3*84.39/-80.51*89.9*-70.7496.0+83.5--93.79/*,58.58/-93.79-68.36--83.520.3-+96.0-70.7489.9-80.5184.39*/**,False
+59.19/75.7*-51.12--81.84*-32.28*40.264.07-75.39*-89.74+1.88,1.8859.19++-89.74*75.3940.2-32.28-81.84-51.1275.7/*-**-64.07,True
+31.79/79.36/79.24--45.32*-17.94+-74.09/-42.66-42.42/-67.84*-72.6,-72.6-74.09-17.94-45.3279.2479.3631.79+//-*+*-67.84-42.66//-42.42,True
+23.12/-60.05/-69.48/-28.22+31.2+-30.31-7.22*11.52+75.35*-60.77,-60.7731.2-28.22-69.48-60.0523.12+///+*75.35+*-7.22-30.31+11.52,True
*-35.84+-71.86*-95.72*-55.75+-36.58+61.55+-53.13*79.87+-40.1766.47,66.47-40.1779.87-53.1361.55-36.58-55.75-95.72-71.86-35.84*+**+++*+,True
+26.84+-93.33/-66.54-27.19/64.47*-17.07/-60.48+21.53/58.511.07,1.0758.5121.53-60.48-17.0764.4727.19-66.54-93.3326.84++/-/*/+/,True
+-34.57+79.65--57.26/-67.27*16.68*-3.76--17.21+11.86/50.76-,-14.1450.7611.86-17.21-3.7616.68-67.27-57.2679.65-34.57++-/**-+/,False
/-48.75*10.48/-58.93/5.62+6.05*41.9345.92+-47.04-70.13+36.06,36.06+70.13-48.75/--47.046.055.62-58.9310.48*//++45.9241.93/,False
-49.22*-25.27+77.05*-43.69-11.2+41.11/-84.37/-81.4693.32*59.98,59.98-25.2749.22-**93.32-81.46-84.3741.1111.2-43.6977.05+*-+//,True
-10.98*52.2+-61.34-46.51+62.07*-45.65--+-77.9774.02/-68.0,-68.046.51-61.3452.210.98-*+-/74.02-77.97-75.76-45.6562.07+*-+,False
+41.09+-83.4*-47.0+-73.02--94.18-86.9*6.62+23.1593.09-16.28,16.2823.156.6286.9-94.18-73.02-47.0-83.441.09++*+--*+-93.09,True
+29.27-15.3/38.88*50.97*51.75/-83.09/60.87/10.9688.51/56.81,56.8129.27+/88.5110.9660.87-83.0951.7550.9738.8815.3-/**///,True
-17.36-32.86/-*83.92-50.27*16.25--52.4/75.2689.19/-59.74,-59.7475.26-52.416.2550.2783.92-79.7232.8617.36--/*-*-//89.19,False
+4.68--35.59/-82.28+-6.4932.59++-44.5*-99.87-87.56/40.82+-10.55,-10.55+40.82-99.87-44.5-82.28-35.594.68+-/++32.59-6.49+*/-87.56,True
/-73.48*81.32--31.81/78.88*72.07-14.63++45.68/38.4534.75--20.76,-20.76-73.48/-34.7538.4545.68++-14.6372.0778.88-31.8181.32+-/*/,False
+-48.64*52.19+-47.26--9.385.53-19.95-5.36*+-+/-92.8752.59,52.59-92.87-1.2952.19-48.64+*-+*5.53-9.38-47.26+--5.3619.95-/,False
/-88.9*-57.42--49.44+-17.8313.11/+-2.89/52.38+55.6*96.64-79.88,-79.8896.6455.652.38-2.89+/13.11-17.83-49.44-57.42-88.9/*-+/+*,True
*-25.4/23.74*-94.91--6.48/85.44*19.53/4.03+-46.85-43.3763.68,63.6843.37-46.854.0319.5385.44-6.48-94.9123.74-25.4*/*-/*/+-,False
/59.33-7.3/90.0*17.92/-56.1499.88+-74.11+-42.74-84.17/-7.84,-7.8459.33//84.17--42.74++99.88-56.1417.9290.07.3-/*/-74.11,True
+63.3-43.2453.86-*72.81-25.34/7.84/79.45+82.5+62.75-52.56,-52.5662.7582.579.457.8425.3472.81-53.8643.2463.3+-*-//++,True
-74.34+41.8--14.93-15.58/23.15+-9.24+-/-25.8422.13*90.62,90.62-9.2423.1515.58-14.9341.874.34-+--/+*22.13-25.84-93.61+/,False
*-90.38*52.71+-32.92+-24.14*-25.53+-98.86--55.84-64.7952.58-77.25,77.25-55.84-98.86-25.53-24.14-32.9252.71-90.38**++*+--52.5864.79-,True
+50.67--86.45*-8.82/20.83*-89.51/-2.51/-76.11*30.5214.14-30.05,30.05-8.82-86.4550.67++*-14.1430.52-76.11-2.51-89.5120.83/*//*,False
+-71.95/50.17+-98.01+-16.03-56.56//-58.21/-24.85--68.97-86.1693.63,93.6386.16-68.97-24.85-58.21//-56.56-16.03-98.0150.17-71.95+/++---,False
--86.16+37.27*-36.92+-3.6*74.0285.57---40.65-74.05++-4.5229.1,29.1-4.52-3.6-36.9237.27-86.16-+*+++-74.05-40.65--85.5774.02*,True
/-19.73+-7.19--65.91--51.71+-73.98/9.91--30.83--46.1*37.17-94.09,-94.0937.17-46.1-30.839.91-73.98-51.71-65.91-7.19-19.73/+--+/--*,True
-70.06--93.05+29.21/-21.83*15.956.98/-93.33+-80.84-14.29/6.96,6.96/-14.29-80.8493.3370.06--/56.9815.9-21.8329.21-93.05-+/*+,True
+-14.82/29.22/-37.67-20.68/-7.14--25.93-67.11*--43.28*78.95-24.82,-24.8278.95-43.28-*-67.11-25.93-7.1420.68-37.6729.22-14.82+//-/-*,True
-13.21*-48.57+-99.76*-68.61+-97.64*47.36/81.02-85.62--8.94*-32.17,-32.17-97.64-68.61-99.76-48.5713.21-*+*+*-8.9481.0247.36*+--85.62,False
*-77.69+-98.91/-86.37+55.37-46.78+-27.05--73.4/-11.16-49.35/96.94,96.94-11.16-73.4-27.0546.7855.37-86.37-98.91-77.69*+/+-/-//-49.35,False
--76.87+21.25-19.81-93.5+-93.07-0.93*-78.7196.56*+-88.02-6.2,-6.2-88.02-76.87-+*96.5678.7121.25+-*-0.93-93.0793.519.81--+,False
+-78.37/-11.77+-35.88+-49.22-66.9**--11.440.0*-99.31-50.23,50.23-11.77-78.37+/--99.3166.9-49.22-35.88++-*40.0-11.431.99*-,False
--65.17+48.11--49.17-66.48*64.09--77.06*-*40.06-27.89*-42.23,-42.233.87-77.0664.0966.48-49.1748.11-65.17-+--*-**-27.8940.06*,False
*-88.33/-1.55/-20.68/-97.78-92.21+-24.46+-16.65--12.29-59.9-13.04,-13.0459.9-12.29-16.65-24.4692.21-97.78-20.68-1.55-88.33*///-+*--,False
--92.48-53.95+-22.75+-73.19-27.78*+-13.4+0.89-80.28*-68.81-2.38,-2.38-68.8180.280.89-13.4+*-27.78-73.19-22.7553.95-92.48--+++-*,True
/-69.87/-33.91/-24.72/43.76/1.05-77.91+-51.67-14.63*-13.68*-30.02,-30.02-69.87/*-13.68*14.63-24.72-33.91//--51.67+-77.911.0543.76//,True
-4.43--25.45-24.82-5.99-65.54/-74.43/98.5--97.93-8.07*-29.31,-29.31-97.9398.5-74.4365.545.9924.82-25.454.43-----//-*-8.07,True
/-90.96-42.4-82.94--57.22/21.6878.5/+40.69--90.58/-89.5685.6,85.6-89.56-90.5840.6942.4-90.96/-+/78.521.68-57.2282.94--/-/,True
-47.15*21.09+13.54*-2.46+28.9667.1//87.59/53.0394.07-62.19,62.1953.0387.5921.0947.15-*//67.128.96-2.4613.54+*+/-94.07,True
*36.57/-24.29/85.3-98.94**-/-41.33+98.09-4.18+-14.58-42.71,42.71--14.5898.09-41.3397.6136.57***-98.9485.3-24.29///++-4.18,False
/71.56-29.58+32.92-68.76-22.7886.5*21.13+46.28+78.05/+17.46,17.46+/-68.7632.9229.5871.56--+78.05+46.28+*86.522.78-21.13,False
*-23.85*-65.15*-86.13+-61.81+2.08/83.4784.75--30.46-4.39-76.36,76.36-23.85*--84.7583.472.08-61.81-86.13-65.15**++/-4.3930.46-,False
-94.77/1.04-34.45/--16.1+1.72--48.78+93.44/-93.29*46.898.18,8.1846.89-93.2993.44-48.781.72-16.194.77--/-34.451.04/+-+/*,True
-84.43+-43.93--8.92/+*89.74*21.37+-16.6811.75**72.294.01,4.0172.29*11.75-16.6821.3789.7429.33-8.92-43.9384.43-+-/**+*,False
+-60.33+89.89/-12.68*11.01-36.6318.55/82.48*18.63*-37.37/71.93,71.93-60.33+/-37.37*18.6389.89+*82.4811.01-12.68/*/18.5536.63-,True
+-3.69*-31.35-57.76+-28.86*-6.5587.490.51/-67.91-46.95--4.79,-4.79-46.95-67.9157.76-31.35-3.69+*--/87.49-6.55-28.86+*0.51,True
+-91.7171.5*--71.46/-25.02/44.39--10.11/30.18-8.09/-64.03/46.52,46.52-71.46-*71.5-91.71+/-64.03-10.1144.39-25.02//-+-8.0930.18/,False
*-12.55*91.42/-5.73/-70.83+-92.78+-46.52/43.36*-36.77+93.6426.97,26.9793.64-36.7743.36-46.52-92.78-70.83-5.7391.42-12.55**//++/*+,True
+86.9542.58++4.48/-53.31-83.07//12.55*+-45.96/-59.86*33.24,33.24*-59.86-40.3112.55//-83.07-53.314.48++42.5886.95+/*/-45.96,False
*-28.07*-84.75-83.07*+-97.1*-+-28.4/-8.12+-43.53+-61.17-73.16,-73.16-61.17-43.53-8.12-28.491.14-97.1+*-83.07-84.75-28.07***+/++,False
+-19.94/-48.81/69.85+10.04/-48.0-21.75+-67.94*33.56+-11.02-42.27,-42.27-11.0233.56-67.9421.75-48.010.0469.85-48.81-19.94+//+/-+*+,True
+-12.27*-8.4532.82++-5.44+-46.32-36.11/74.3939.33+-67.08+92.82,92.82++32.82-8.45-12.27+*-67.0874.3936.11-46.32-5.44*+-/+39.33,False
*-*2.0*-64.41*55.54+37.18/-0.81*-7.41-84.76*-97.98/77.31,77.31-4.61*/-97.98*-84.76-7.41-0.8137.1855.54-64.412.0***+/*,False
-30.66++-47.79/+-54.77/61.17--93.11/73.42+-83.88-6.33*-40.08,-40.08-83.8873.42-93.1161.17-54.77+/-47.7948.0130.66-+/-/+*-6.33,False
/44.19-32.89-+19.17-33.99*36.87-57.35+20.331.76/-83.5+95.63,95.6336.8733.9919.17+--32.8944.19/-*+-83.557.35-/1.7620.33*,False
*-7.8/26.09*-26.46+75.38-52.19-64.91/-35.71+-75.41-92.06--25.85,-25.85-35.7164.9152.1975.38-26.4626.09-7.8*/*+--/--92.06-75.41+,True
/-48.85/-26.2*-42.4*33.7231.18/*-11.39+-43.81*-21.58+-5.13-23.08,-23.08-5.13-21.58-43.81-11.39-42.4-26.2-48.85//**/31.1833.72*+*+,True
-15.44/29.14-66.99*-90.53/++-81.01/84.29*-35.810.01/-30.94,-30.9484.29-81.0186.65-90.5366.9929.1415.44-/-*/+//0.01-35.81*,False
*98.8*-41.45/31.58*98.08/92.3--22.7*13.02*-24.3722.6+-17.88,-17.88-24.3713.02-22.792.398.0831.58-41.4598.8**/*/-**+22.6,False
-15.25+-+-72.06+39.32*58.04-79.06+0.84*72.18+-16.9+38.59,38.59+-16.917.3515.25-++72.18*0.8439.32-72.06+++-79.0658.04*,False
-25.47/-11.5--78.83-64.65/38.48*-19.6419.73/--97.76-8.37/78.6,78.6-97.76-11.525.47-/-/19.73-19.6438.4864.65-78.83--/*/-8.37,True
/18.65+-25.02/-31.16/37.59*-3.39*-31.41/-93.58-74.876.61+-15.49,-15.49-25.0218.65/++76.6174.8-93.58-31.41-3.3937.59-31.16//**/-,True
+1.18+91.52*80.24--30.52-97.11+15.82+-8.09+11.27/89.3647.09,47.0989.3611.27-8.0915.8297.11-30.5280.2491.521.18++*--+++*,False
+-37.24-14.93*/-0.02-83.77+-91.99*78.05+29.89+88.37/85.14-42.15,-42.1585.1488.3729.8978.05-91.9983.77-0.02/*-14.93-37.24+-+*++/,True
/77.17--16.52/1.7/41.82/53.98*71.58-45.91++51.88+-38.3572.61,72.61-38.3551.88-16.5277.17/-++-45.9171.5853.9841.821.7///*+,True
--7.26-67.45-37.22+33.21/-43.82*-73.1+-12.91/42.61-63.5/-73.7,-73.7-43.8233.2137.2267.45-7.26----//-63.542.61-12.91-73.1*+/,False
*86.17/57.62+13.0+2.22+31.08*14.94+-0.8+-54.07*26.8253.84,53.8426.82-54.07-0.814.9431.082.2213.057.6286.17*/+++*++*,True
+-30.0318.5//19.94--18.15--90.44--17.47/-22.0647.28+2.85*77.97,77.97-17.47-90.44-18.1519.94//18.5-30.03+---*2.85+47.28-22.06/,True
*63.3*-68.2*74.26-13.39*/-76.69*-8.310.43//9.6-40.66--25.8,-25.89.6//10.43-8.3-76.69/*-13.3974.26-68.263.3****--40.66,True
/-45.55+*+-5.42+-84.28*33.08*71.92-61.85--64.05/-45.83+47.86,47.86+-45.83-5.42-84.39-45.55/++/-64.0533.08-84.28+*--61.8571.92*,False
/83.73-76.05**33.85/-67.57+-94.58--52.32*-1.66--55.7+56.76-40.04,-40.0456.76-55.7-1.66-52.32-94.58-67.5733.85*-76.0583.73/*/+-*-+,True
/-17.06/99.35/73.17/18.33*14.33+-22.1/60.28-85.3++-80.03-79.58,-79.58-80.0318.3373.1799.35-17.06////++-85.360.28-22.114.33*+/,True
/-91.83/-72.83-82.66*+53.96+-85.58+-0.53-40.23+66.23+-65.5788.63,88.63-65.5766.2340.23-0.53-85.5853.96+*-82.66-72.83-91.83//++-+/,False
/-94.77+-36.46/84.7896.43*+73.26--0.98+67.06+-49.46--33.5484.34,84.34-33.54-49.4667.06-0.9873.26-94.77/+*96.4384.78-36.46+/-++-,True
/-74.56/-66.99--63.06-89.33-4.24-70.89*55.29-24.45+87.85*-52.83,-52.834.2489.33-63.06-66.99-74.56//---*87.8555.2970.89-*+-24.45,True
**+-28.91-25.11--34.8445.89*/+75.79-76.83-53.67/39.0144.79,44.7939.0153.6776.8375.797.92*+/*-25.11-28.91+45.89-34.84---/,False
--0.49*-73.03/-76.11--33.49+-63.52/56.29*37.47-31.39-67.42*-4.38,-4.38-0.49-*67.4256.29-63.52-33.49-76.11-73.03*/-+/--31.3937.47*,True
*-71.23+*/-50.68+-31.67*14.3953.31+4.99*25.82*88.95+-98.52,-98.5214.39-31.67-50.68-99.17-71.23*+/+*+88.95*25.82*4.99+53.31,False
/-10.94*-24.41*-89.01/-38.73/---74.15+64.9-54.24--75.57-69.62,69.6264.9-74.15-40.43-38.73-89.01-24.41-10.94/**//-+--75.57--54.24,False
/65.81+-23.82*-92.12-99.12+-74.59+81.45*68.14/-83.88+36.2388.28,88.2836.23-83.8868.1481.45-74.5999.12-92.12-23.8265.81/+*-++*/+,True
+-63.62*81.58+-9.21--37.94*-17.09*3.97*40.79--73.74-31.05/45.98,45.98-73.7440.793.97-17.09-37.94-9.2181.58-63.62+*+-***-/-31.05,True
/-35.64--8.37+-4.13+29.58+-19.14/44.6688.19/*-93.57+73.7965.4,65.473.79-93.57-8.37-35.64/-*/88.1944.66-19.1429.58-4.13+++/+,True
/20.68*15.41--19.3+-65.02-76.91*/-68.0/45.94+39.11-32.18*69.74,69.7415.4120.68/**-32.1839.1145.94-68.0**-76.91-65.02-19.3-+/+,False
+72.53/-49.58+-97.51*-98.69*77.8/21.82*71.32-25.07/50.26*-72.22,-72.2272.53+*/-25.0771.3221.8277.8-98.69-97.51-49.58/+**/*50.26,True
*98.08*-57.05/**-99.85-46.19/15.48+14.35/-42.91-64.7959.76,59.7664.79-42.9114.3515.4846.19-99.85-79.73-57.0598.08**/*-/+/-,False
/43.58*27.24+94.06-16.1/-20.67+-14.1+-12.82*-51.16-12.66/-42.29,-42.29-51.16-12.82-14.120.6743.58/-/-16.194.0627.24*-++*/-12.66,False
+-57.86*8.38+-99.14*-40.46*81.22-55.07+-53.64+/25.99+-10.96,-10.96-57.86++25.99-40.46-99.148.38*+*/-58.1-53.6455.0781.22*-+,False
+67.05/62.66-74.23+-77.66--33.78+-65.86--40.2222.01/-69.6*63.68,63.6862.6667.05+/*-69.6-65.86-33.78-77.6674.23-+-+/22.01-40.22-,True
+-3.23--69.67+12.44--46.52+85.29+35.13*18.9289.71*-16.99*-8.73,-8.73-69.67-3.23+-*-16.9985.29-46.5212.44+-+*89.7118.9235.13**,False
--66.42-36.63/-19.85++/-46.76*-25.63*-60.73+10.33-53.95/40.62,40.62-25.15-19.8536.63-66.42--/+/-53.9510.33-60.73-25.63-46.76/**+,False
-64.67*-18.14+-39.28+9.15*-5.75*-81.21*1.7/40.21*-40.9272.16,72.16-40.9240.211.7-81.21-5.759.15-39.28-18.1464.67-*++***/*,True
+-90.88-33.28+-23.96//--50.09-50.25/-15.98-75.72-14.55/80.24,80.24-15.9850.25-50.09-80.09-23.9633.28-90.88+-+/--//-14.5575.72-,False
+-6.12--99.26--95.23/-39.49*-15.36*-25.35/88.51/-54.96-71.07+-90.06,-90.06-39.49-95.23-99.26-6.12+--/+-71.07-54.9688.51-25.35-15.36**//,True
-78.51/-94.67--94.2611.43*--90.01/-56.16--89.98--62.29/-64.7350.97,50.97-64.73-62.29-89.98-56.16-90.0178.51--*11.43-94.26-94.67/-/--/,True
-10.26*-83.94*17.66+60.71--93.34*-46.11*-64.64-44.26-+19.950.17,50.1719.960.7117.66-83.9410.26-**++--44.26-64.64-46.11-93.34-**,True
-3.53/71.53+19.73*-78.97/94.52+-6.2145.65/--16.68--33.536.64,36.64-33.5-16.68-78.9719.7371.533.53-/+*-/45.65-6.2194.52/+-,True
-66.41/23.45+86.74-35.87*-42.93-4.41+95.18/-80.77-59.855.21,55.2159.8-80.7795.184.4142.9323.4566.41-/-*-35.8786.74+-+/-,True
*94.58+-0.69/65.61--82.49-63.04+-7.35+93.04+-9.04-81.26*14.47,14.4793.047.35-0.6994.58*+-*-63.04-82.4965.61/-+*-81.26-9.04+,False
+-1.26/-98.68/-28.35+27.38/-89.54-3.43/-29.71*14.29+-43.23-,2.61-43.2314.2929.71-98.68-1.26+/-/-3.43-89.5427.38-28.35/+/*+,False
***-82.48*30.49*63.96+-80.45/-0.37/-67.46-6.7217.45+-60.84,-60.846.72-67.46-0.37-80.4563.9630.49-82.4896.4****+//-+17.45,False
+16.98*-2.6-99.25*14.65/44.22*51.1920.52/9.05*-92.17/0.16,0.16/-92.17*9.0551.1944.2214.6599.25-2.616.98+*-*/*/20.52,True
-78.02--26.67/-9.05+-25.1-14.92-/--17.24+25.62*72.74-28.12,-28.1272.7425.62-17.24-/18.8614.92-25.1-9.05-26.6778.02--/+-+*,False
+14.11*-27.88/97.3*-77.61-46.06//54.39-58.6/-22.83/-71.820.88,0.88-71.82-22.8358.654.3914.11+//-46.06-77.6197.3-27.88*/*-//,True
/90.65+-38.31+12.9+-84.01/26.57/2.99--90.48+-52.6951.54*95.07,95.07-84.0112.9-38.3190.65/+++*51.54-52.69-90.482.9926.57//-+,True
+90.95+31.49+-24.23-56.62*-83.21/-30.85*-91.74/24.6413.51*77.96,77.96-30.85-83.2156.62-24.2331.4990.95+++-*/*13.5124.64-91.74*/,True
-44.31*44.67+98.58+-89.17--39.16/10.9+59.5332.42--97.49/26.33,26.3344.31-/-97.49-32.4259.5310.9-39.16-89.1798.5844.67*+++/+,False
-92.93--92.38/-30.0-35.08+-71.78+80.05/0.15-5.13+82.79*-61.47,-61.470.1580.05-71.7835.08-30.0-92.3892.93--/-++/*82.79/-5.13,False
+/--8.35+-93.01*61.7/83.82/-93.44/-61.86+68.549.27*-86.33,-86.3361.7-93.01-8.3594.13+-+**9.2768.54-61.86-93.4483.82///+,False
/-14.0247.55/--60.48--6.08--21.25-20.17/+92.84/46.69+63.85-5.35,-5.3563.8546.6992.84-60.48-/47.55-14.02/+/-20.17-21.25-6.08--/+,True
/-17.73*-86.67/-42.36+-9.3/-80.26+-68.64/65.48/-61.26-70.62+22.91,22.91-68.64-80.26-9.3-42.36-86.67-17.73/*/-/++-70.62-61.2665.48//,False
/51.28+-60.69-45.53--90.33-42.54/-84.44*68.81-82.83+56.05+-49.38,-49.38-90.3345.53-60.6951.28/+--/56.0542.54-+-82.8368.81-84.44/*,False
/-98.2914.15*-60.14+12.54*-57.9633.76--29.2--29.17+11.257.68,57.6811.2-29.1729.2--33.76-57.9612.5460.14-*14.15-98.29/+*-+,False
*53.54-12.55*59.37*-4.29/85.92*-42.44--0.5--84.0851.37*-87.03,-87.03-0.5-42.4485.92-4.2959.3712.5553.54*-**/*-*51.37-84.08-,True
*-12.91--13.74--72.55*18.39-90.765.33*/10.0425.71/--87.2848.95,48.95-87.28-13.74-12.91*--/25.7110.0418.39-72.55-*/*65.3390.7-,True
-34.01+59.77-15.1-30.46+*/-85.48+-71.9220.54/69.47*60.11,60.1115.159.7734.01-+-*69.4730.46-/20.54-71.92-85.48-74.38+/+,False
*72.06--44.82--46.53/90.15*-56.46/6.38+-97.29*35.88-17.34-85.72,-85.7217.3435.88-97.296.38-56.4690.15-46.53-44.8272.06*--/*/+*-,True
+-17.39*33.19/-2.15-48.39/34.02+54.59/92.14-12.49/-94.6349.86,49.86-94.6312.4992.1454.5934.0248.39-2.1533.19-17.39+*/-/+/-/,True
+9.63--85.3378.14*+-93.28/6.51+-1.7456.66/61.01--60.14+-58.58,-58.58-93.289.63++*78.14-85.33-+-60.14-61.01-1.746.51/+/56.66,True
*35.14*20.74+-22.9/18.85/95.0534.91---73.19/-58.24-2.37+28.88,28.88-73.1918.85-22.920.7435.14**+/--34.9195.05/+-2.37-58.24/,False
*-25.62+-61.23+28.8944.59/*-43.23+-69.8179.84+--36.71/-7.035.97,35.97-7.0-36.71-+/44.5928.89-61.23-25.62*++79.84-69.81-43.23*+/,True
/85.81+-56.66/-8.94+-43.38+6.29+28.47*-82.38-40.17*1.57*-72.52,-72.52-43.38-8.94-56.6685.81/+-+*1.576.29+*-40.17-82.3828.47+*,False
/-75.57*-17.06--56.53*-38.52+-62.09/99.65+24.85+-86.78/93.84-91.7,-91.793.84-86.7824.8599.65-62.09-38.52-56.53-17.06-75.57**-*+/++/,False
--50.56+-40.08*32.77/-28.22/59.58--41.04*-92.64--75.58--7.679.23,9.23-7.67-75.58-92.64-41.0459.58-28.2232.77-40.08-50.56-+*//-*--,True
/73.18*-75.27/-34.75*34.52-34.6430.39-91.02+-67.42*-29.62*36.88,36.88*-29.62-75.2773.18/**-67.42-34.75/+91.0234.52*-30.3934.64-,True
*-66.91*10.38-3.1--25.66++/-61.38-98.47/+-9.5+-46.1632.92,32.92-46.16-9.53.110.38-66.91**-+/-98.47-61.3888.11-25.66-+/+,False
-15.52/68.01/74.41*-43.48-29.24+/-7.43*20.62-77.42--35.06/-79.93,-79.93/-35.0615.52--+-29.24-43.4874.4168.01//+-77.4220.62-7.43/*,False
/-91.72--3.25-2.49+-55.09/-98.21/93.19/-17.9428.74/-80.97+6.6,6.62.49-3.25-91.72/--+-80.97-55.09+/28.74-17.9493.19-98.21///,True
/26.91/-24.54*-96.15+92.81/53.58/99.71+-83.57/-65.1-58.89--49.26,-49.26-65.1-83.5799.7153.5892.81-96.15-24.5426.91//*+//+/--58.89,True
/-84.96/-32.93/-41.11*-54.83--75.29+98.95*69.98*-53.36-65.62-36.66,36.66-41.11-32.93-84.96///--65.62-53.3669.9898.95-75.29-54.83*-+**,True
--62.4*2.84+29.88*18.45*40.13/95.24-97.1*-92.53-22.3-17.7,-17.722.3-92.5397.195.2440.1318.4529.882.84-62.4-*+**/-*-,True
+-2.21+42.98+74.5*2.5*50.93--93.91-13.5+59.78-74.24/-9.37,-9.3713.5-93.9150.932.574.542.98-2.21+++**--/-74.2459.78+,True
*-81.54/54.74+-11.45+83.02*-41.73*-63.45-81.0958.04+92.78--92.17,-92.17-92.78-63.45-41.7383.02-11.4554.74-81.54*/++/*+58.0481.09-,False
/-38.29+77.39+31.83+49.15/-99.13+11.26*-7.64/-93.88-52.03-59.74,-59.7452.03-93.88-7.6411.26-99.1349.1531.8377.39-38.29/+++/+*/-,True
--90.07/88.05+81.99*37.58-9.44*-62.57*-76.95--3.66-47.16+53.01,53.0188.05-90.07-/+-47.16-3.66-76.95-62.579.4437.5881.99+*/**-,False
-98.09*51.82-14.58/-57.05-80.95*-24.39-68.94/+-85.67-29.13-43.49,-43.4929.13-85.67+/-68.9424.3914.5851.8298.09-*--*-80.95-57.05/-,False
+20.05--52.8240.85*+/+-68.7321.69*/94.52+-71.9/42.09-8.91,-8.9142.09-71.994.52/*21.69-68.7335.4220.05++*40.85-52.82-++/,False
+46.52-61.76-28.05-56.23*-48.12+-34.1+88.84-19.02+82.84+-50.08,-50.0828.0561.7646.52+--+82.8488.84-34.1-48.1256.23-*+++-19.02,True
--56.12*41.49*29.26+-21.69+-88.62+-87.35+7.44-31.97*-30.36*-85.85,-85.85*-30.36-88.62-21.6929.2641.49-56.12-**++*-31.977.44-87.35++,True
*-79.779.3//-98.21++*-89.14--87.36+46.14-42.19*/67.2598.28,98.2867.25-89.1448.62-98.21//9.3-79.77*+*/*-42.1946.14-87.36-+,False
+46.01/-85.62/-88.0*85.92*8.74/-42.5/-65.7857.56-63.94/96.38,96.38-42.58.7485.92-88.0-85.6246.01+//**//63.94-65.78/-57.56,True
--86.23+83.27+47.19*-3.74+-35.96--29.0+-78.97/-12.95+5.5927.71,27.715.59-12.95-78.97-29.0-35.96-3.7447.1983.27-86.23-++*+-+/+,True
+-47.79-36.49-18.81**-38.0+21.04/51.28+93.86*-19.7-86.35/11.35,11.3593.8651.2821.04-38.0*-18.8136.49-47.79+-*+/+/-86.35-19.7*,False
--18.31+75.79--22.75--33.84+36.79--99.56+37.33/-36.02--22.3622.14,22.14-22.36-36.0237.33-99.5636.79-33.84-22.7575.79-18.31-+--+-+/-,True
-61.14/-23.49+25.1--45.93+-97.32*46.04--35.01/-12.28/92.65-0.68,-0.6892.65-12.28-35.0146.04-97.32-45.9325.1-23.4961.14-/+-+*-//,True
/75.53+9.87*75.9/-6.07+-28.67+-80.6165.87--47.44--0.2-48.55,48.55--0.2--47.44-6.0775.99.8775.53/+*/-65.87-80.61-28.67+/,False
+-2.45+46.05--21.31/-14.61*91.6/29.24+91.05--43.87-93.13/,-50.5993.13-43.8791.0529.2491.6-14.61-21.3146.05-2.45++-/*/+--,False
--89.93*-61.22*-55.27/-93.83*63.28/9.19-1.24/-67.75/57.2851.15,51.1557.28-67.751.249.1963.28-93.83-55.27-61.22-89.93-**/*/-//,True
+-4.71/-48.91/-80.67-86.1363.42**-21.68*23.17+-92.5482.51/-70.02,-70.02/82.51-92.5423.17-21.68-80.67-48.91-4.71+//**63.4286.13-*+,True
-10.17+46.83-50.0+-56.81*37.45*-19.88*-39.72*-43.5450.21/-99.65,-99.65-43.54-39.72-19.8837.45-56.8150.046.8310.17-+-+****/50.21,True
--4.54/50.74*76.81+27.23+-77.82+67.5+-91.37+80.31+9.6712.93,12.939.6780.31-91.3767.5-77.8227.2376.8150.74-4.54-/*++++++,True
/-90.17-91.32*64.76*68.46*-65.39--8.3*53.65+-66.44*-75.5239.54,39.54-75.52-66.4453.65-8.3-65.3968.4664.7691.32-90.17/-***-*+*,True
-59.99+-65.91--10.7--76.34+-70.6230.31*/-17.8+80.62-8.08/-24.19,-24.19/-8.0880.62-17.859.99--*30.31-70.62-76.34-10.7-65.91+--++,False
-51.46--80.33/-52.58*89.0-56.3--28.89+-27.081.23+5.64*-30.17,-30.1751.46-+5.64-80.33-+1.23-27.08-28.8956.389.0-52.58/*--+,False
+55.92*67.05/19.52+-18.42--20.66/60.12/-35.73/30.41-58.49--36.44,-36.44-18.4219.5267.0555.92+*/+--58.4930.41-35.7360.12-20.66-///,True
+-60.95+32.71/*--96.72--61.04-84.97+-95.71+49.2870.23--14.65,-14.6557.4832.71-60.95++/-70.2349.28-95.7184.97-61.04-96.72---++,False
*41.56+-47.58+-30.65+-38.9/-58.3843.49-/-18.0*28.2346.73+-28.73,-28.73-43.49-58.38-38.9-30.65-47.5841.56*+++/+46.7328.23-18.0/*,True
*-32.98--43.77/44.26-32.73+/*-92.19/-71.34*-8.57-50.17-66.28,66.28-63.7432.7344.26-43.77-32.98*-/-+--50.17-8.57-71.34-92.19*/*,False
+-22.64*-85.81-22.84-84.91*/-3.79*-58.33*-20.05-55.35-42.77--35.24,-35.24-85.81-22.64+*-*-84.9122.84-42.77-58.33-3.79/*--55.35-20.05*,True
/51.56*-71.2/-93.65--36.1/65.43*-47.8/-92.23+81.61/-20.87-8.16,-8.16-20.8781.61-92.23-47.865.43-36.1-93.65-71.251.56/*/-/*/+/,True
/-28.29-50.02+81.93--87.63/82.66-21.48*-41.5618.98+-41.36*-35.66,-35.66-41.5621.4882.66-87.6381.9350.02-28.29/-+*/-**-41.36+18.98,False
*10.34-78.98/-32.63*-94.92+-5.22-77.41+35.16-30.43/74.08--43.81,-43.81-74.0878.9810.34*-/30.43-32.63/-35.16+-77.41-5.22-94.92*+,True
/-81.83/-75.31*35.09/-91.08+-3.63-96.14-63.0+36.72--18.7757.94-,--96.14-3.63-91.0835.09-75.31-81.83//*/+57.94-18.7736.7263.0-+-,True
-56.65--35.79+-9.48/-14.6/-68.33/42.94-58.1342.76*63.83+8.25,8.2542.94-68.33-14.6-9.48-35.7956.65--+///+63.8358.13-*42.76,False
+-36.32+75.69-10.74*-14.34*-4.325.92/+76.0+49.9-19.87+-35.69,-35.6949.976.0-14.3410.7475.69-36.32++-*+*5.92-4.32*++-19.87,False
/-83.73+15.15--29.56-97.5+42.22+75.31*-78.61+85.83+-18.42-73.49,-73.49-18.4285.83-78.6175.3142.2297.5-29.5615.15-83.73/+--++*++,True
/-96.59-+-17.71*51.37/29.56-75.76-50.52+-29.77/-20.93*66.06,66.062.69-96.59/-*-20.93/-29.7717.71-+50.5251.37*--75.7629.56/,False
--55.4-90.94/-75.97*-26.17/-68.9865.49/*65.61--49.18-82.66+,-93.0482.66-49.1865.61/65.49-68.98-26.17-75.9790.94-55.4--/*/*--,False
/-60.06/-49.7+17.98+-35.05/-53.28+-8.63+-48.61*36.4197.39/98.83,98.83-8.63-53.28-35.0517.98-49.7-60.06//++/+/97.3936.41-48.61+*,True
--67.56-*+-44.19+36.89-15.68+-33.11+-53.33/-28.06-22.36-43.15,-43.1522.36-28.06-53.33-33.1115.6836.89-44.1947.96-67.56--++-++/-,False
/52.53*-58.43/43.05+-15.25/85.25--62.01/-2.64+85.44-70.96/59.44,59.44-2.64-62.0185.25-15.2543.05-58.4352.53/*/+/-//-70.9685.44+,True
-12.16/-74.09--55.39*-76.93/84.52*85.46/-7.11/-51.84/-67.21-68.68,-68.68-67.21-51.84-7.1185.4684.52-76.93-55.39-74.0912.16-/-*/*///,True
+-59.61-0.36-62.1172.35*/90.82-25.83/92.5+-23.17*-56.19-14.84,-14.84-56.19-23.1792.525.8390.82+*72.3562.110.36-59.61+---/+*,False
/-40.65*73.77*-17.12-20.82/*95.35+-92.92--62.56*35.65-40.95+-39.18,-39.18+/-20.82-17.1273.77-40.65/**-40.9535.65-62.56-92.9295.35*+-*,True
-88.61-23.9+-14.13*-93.3-33.88*/+/-72.65/-61.9+16.3622.41,22.4116.36-61.9-72.65-54.0523.988.61--/*-33.88-93.3-14.13+*//+,False
*-3.24-10.34+15.17+-13.93/-17.21*70.09+96.6736.2/16.76--27.51,-27.51-16.7615.1710.34-3.24*-+/36.296.6770.09-17.21-13.93+/*+,True
/70.61*42.16-33.92/+-13.17--67.42+-0.01/40.98*-36.39-56.05/-45.43,-45.43-67.42-13.1770.61/+/-33.9242.16*-/-56.05-36.3940.98-0.01+/*,True
+10.83--76.74*-85.55-93.47-13.63+2.45*3.07*73.34+34.4351.42,51.4234.4373.343.072.4513.6393.47-85.55-76.7410.83+-*--+**+,True
/-10.75--43.37+-37.52*-32.87*-81.6+79.39+-55.54/3.6*/-26.6,-26.679.39-81.6-32.87-37.52-43.37-10.75/-+**+/-25.143.6-55.54+/,False
*73.3+75.09--43.53--79.77--28.78+91.68*-97.7-80.05-80.71*-96.13,-96.1380.05-97.791.68-28.78-79.77-43.5375.0973.3*+---+*-*-80.71,True
--28.18*-35.95*12.01/0.46/-52.7682.29/*-68.0667.29+68.65/-41.29,-41.29/68.65-35.95-28.18-*+67.29-68.06*/82.29-52.760.4612.01*//,True
-2.71-12.48/*-6.27/60.15*39.33***88.7853.57/-17.65*95.1,95.1*-17.65/53.5788.78-78.9539.3360.15-6.27*/-12.482.71-/***,False
/35.47-37.71/-20.51*-24.04/6.19/-95.89*11.5--86.381.67/0.16,0.16-20.5137.7135.47/-//1.67-86.3811.5-95.896.19-24.04*/+*-,False
/-88.82*53.89+-17.92*-21.28+-30.19+-96.45-71.97/-41.73+-73.94--38.19,-38.19-30.19-21.28-17.9253.89-88.82/*+*+-/-71.97-96.45+-73.94+-41.73,True
+77.3+-22.01-+*-83.82/8.71+-47.3+44.91*14.9-64.54*74.83,74.8344.91-47.38.71-83.8216.16-22.0177.3++-*/++*-64.5414.9*,False
*99.43/67.26+-84.44+99.82-21.51*--14.8334.75++17.37-57.86+-46.43,-46.4367.2699.43*/+*-21.5199.82-84.44++-57.8617.37++34.75-14.83-,True
+77.94/-52.61--86.882.4/*-81.09+1.16*29.94+22.9398.07+-71.0,-71.0-52.6177.94+/+/82.4-86.8-98.0722.9329.941.16-81.09*+*+,True
+29.31+-86.18--42.6+-87.17-21.59*24.3113.12/--62.947.44*66.81,66.8121.59-87.17-42.6-86.1829.31++-+-*7.44-62.94-/13.1224.31*,True
*19.97*21.11/-27.86*27.21+-15.72*60.5*-25.84/-66.34/-49.9-4.94,-4.94-49.9-66.34-25.8460.5-15.7227.21-27.8621.1119.97**/*++*//,False
/-34.17+-75.23/-98.9--12.17/-53.66*29.13/40.448.45*28.02+-15.12,-15.1229.13-53.66-12.17-98.9-75.23-34.17/+/-/*+28.0240.4/*48.45,True
--3.64--66.89*-11.28/10.31*53.43--16.8/51.76-46.07+-76.8182.36,82.36-76.8146.0751.76-16.853.4310.31-11.28-66.89-3.64--*/*-/-+,True
+31.45*52.47*-63.69*38.14+-78.3+-35.42+-97.68/67.22*54.6479.81,79.8154.6467.22-97.68-35.42-78.338.14-63.6952.4731.45+****++/*,False
*-29.24--44.16+-53.73*70.67+/-7.71*-57.16+-35.57/-77.37-20.28,-20.28-77.37-35.57-57.167.71-4.0670.67-53.73-44.16-29.24*-+*+-*+/,False
*59.96*-63.86/**21.76-40.83/*36.28*84.57*-84.87-17.87/24.95,24.95/-17.87-84.8784.5736.2859.96**/-40.8321.76-51.39-63.86*/***,False
--14.6--99.48*68.39+49.59-+-9.63-75.85/27.47-47.58/-32.49,-32.49-36.6849.5968.39-99.48-14.6--*+-/-47.5827.4775.859.63--/,False
--86.63--50.15*-91.584.1/-83.33*88.03+-61.22+-83.32--94.67-36.15,-36.15-94.67-83.32-61.2288.0383.33-/84.1-91.5-50.15-86.63--**++-,True
+-73.86-74.8481.65+--1.01+22.48/-87.18*-67.96-53.87-72.89+-70.99,-70.99-67.96-87.1822.48-1.01-73.86+-+81.6574.84-+/*+-72.8953.87-,False
+-45.98/-40.48*-70.99+-49.09+-61.48+-34.44/59.41-13.9+18.48-39.42,39.42-18.48-34.44-61.48-49.09-70.99-40.48-45.98+/*++++-13.959.41/,True
+-23.78*-11.18-43.94+-3.65+-26.05/86.23+24.73-65.4716.15*13.31,13.31-23.78+*16.1565.4724.7386.23-26.05-3.6543.94-11.18*-++/+-,True
*33.78+45.97/13.87--61.97-69.47+33.94-91.82+40.89-12.55*-83.66,-83.66*12.5569.47-61.9713.8745.9733.78*+/---40.89+-91.8233.94+,True
+-74.19/1.68*46.55/-2.750.34---33.92-1.17/-75.61-84.1653.14,53.1484.16-75.611.17-33.92-0.34-2.7546.551.68-74.19+/*/--/-,True
/-0.98*-76.37/67.44-35.56+-94.77--27.33/-28.86*27.32*30.69-,-95.9330.6927.32-28.86-27.33-94.7735.5667.44-76.37-0.98/*/-+-/**,False
+-35.28-30.74--59.06*15.05+-14.42+21.28*72.43*26.74-73.54*-95.48,-95.48-14.4215.05-59.0630.74-35.28+--*+*-73.5426.7472.4321.28+**,True
+/-76.24**80.13+-99.18*22.95*-29.77/-78.59-53.65-68.38/-76.82,-76.82/*-76.2446.18+-68.3853.65-78.59-29.7722.95-99.1880.13*+**/-,False
*81.89*/+62.42+-58.67-84.08-73.61/-3.43/-81.33/83.9611.64,11.6483.96-81.33-3.4373.6184.08-58.6762.4294.9681.89**++--///,False
/-41.35/58.92*-94.7171.42**-75.7740.67/+-87.8990.75*-98.44/-95.99,-95.99/-98.44*90.75-87.89-41.35/+/*71.42-94.7158.92/*40.67-75.77*,True
+99.57*-37.63*-35.24-+-31.99-14.15*+-20.92--49.69-36.31-46.56,-46.5636.31-49.69-20.92-37.6399.57+*+*-14.1531.99-41.97-35.24*----,False
+-38.88+-44.93*34.09+45.71*19.86*59.01+64.93/-3.82-35.13+27.62,27.62+-35.13-3.8264.9359.0119.8645.7134.09-44.93-38.88++*+**+/,True
/49.4182.73*+-17.45+76.66*-13.34/-67.5-15.51+-92.64+-6.8247.96,47.96-6.82-92.6415.51-67.5-13.3476.66-17.45+*82.7349.41/+*/-++,True
/97.59*98.54+42.22-71.41--23.14--83.14--28.36*45.67*-93.36-79.41,-79.41-93.3645.67-28.36-83.1423.14---71.4142.2298.5497.59/*+--**,False
*65.16/-89.21-2.0*+43.32--3.86/-91.22+-55.3556.9-+-95.34-31.57,-31.57-95.3443.32+*-2.0-89.2165.16*/+-56.9-55.35-91.22-3.86-/+,True
--50.22*57.04+-56.37/62.57/-74.05-48.31*20.56*-4.46/-93.8111.49,11.49-93.81-4.4620.5648.31-74.0562.57-56.3757.04-50.22-*+//-**/,True
+-57.04/-42.87/-32.47+-75.17*72.69*92.58--49.38+39.92/-59.2499.59,99.59-59.2439.92-49.3892.5872.69-75.17-32.47-42.87-57.04///+**-+/,False
*-98.29+-90.09-67.47/-63.95-77.21--57.48*-83.36/-97.68-79.74/98.48,98.48-83.36-57.4877.21-63.9567.47-90.09-98.29*+-/--*/-79.74-97.68/,True
*-83.83-8.58-67.47*1.74-54.25*--15.98+2.28/-8.51*69.273.08,3.0869.27-8.512.28-15.98-83.83*-*-54.251.7467.478.58--*+/*,True
/-48.72--66.82-/-17.6418.99-/-84.96+76.89/92.72-59.59-31.07,-31.0759.5992.7276.89-84.96-18.9917.64-48.72/-/33.01-66.82-/+/-,False
/44.6776.7*/-93.81/47.4*60.26*-75.38+55.14/-48.94+59.09-41.87,-41.8759.09-48.9455.14-75.3860.2647.4-93.81*76.744.67///-*+/+,False
--48.84--71.26/-64.05*-/-0.55/48.83-76.3*39.7467.15*2.13,2.13-40.85-64.05-71.26-48.84--/**67.1539.7476.348.83-0.55//-*,False
/-38.86-79.8*-45.21/14.07--22.06*81.8*-81.15--4.5543.2*-51.77,-51.77-4.55-81.1581.8-22.0614.07-45.2179.8-38.86//*/-**-*43.2,False
+45.55+68.74--8.07+97.59-26.69/-24.07-79.71/21.222.49+-20.84,-20.84-8.0768.7445.55++-+/-26.6997.59+2.4921.2279.7124.07--/,True
--46.19-88.23/94.45+4.59-27.879.2---7.05/-11.08/17.9517.69,17.6917.95-11.08-7.05-46.19---9.227.874.5994.4588.23-/+-//,True
*1.76/16.1+-90.53*8.63+-86.74+46.14/-83.9790.74--42.63/-29.47,-29.4716.11.76*//-42.638.63-90.53+*-90.74-83.9746.14-86.74++/,True
--72.63/50.44+53.48*42.05*-93.28/-62.12+++87.8595.8-30.09,30.09-95.887.85-42.28-62.12-93.2842.0553.4850.44-72.63-/+**/++,False
/-93.9-71.38+-88.23/-62.17*-35.38--33.47*-11.61*-30.86/-84.42-62.53,-62.53-84.42-30.86-11.61-33.47-35.38-62.17-88.2371.38-93.9/-+/*-**/,True
/-49.31*-77.05/58.54+60.58-21.24/-77.37*-24.75-93.34*-79.8/0.3,0.321.2460.5858.54-77.05-49.31/*/+-/-79.8-77.37/*-93.34-24.75*,True
/80.09*-45.41-94.3175.07//-28.69*15.84*-61.11+-0.1878.29--65.49,-65.4915.84-28.6980.09///75.0794.31-45.41*-*-78.29-0.18-61.11*+,True
-37.07----76.95*-34.5+60.7272.25*-24.78/43.82+-66.53/-86.74,-86.74-34.5-76.95-46.8437.07---*/-66.53+43.82/-24.78*72.2560.72+,False
-20.8*/*11.7+24.46+-70.19+0.96+-65.3763.27*/-6.2665.85,65.85-6.26*63.27-65.370.96-70.1924.4611.7-52.4620.8-**++++/,False
+93.94-*+63.584.49---81.87+92.48--76.92--97.1261.56/83.78,83.78-97.12-76.9292.48-81.8757.3993.94+---84.4963.5++--/61.56,False
/84.01*-9.37/70.97+-65.07/-53.497.82+-38.65-18.93+-45.58/45.73,45.7384.01//-45.58+18.93-9.37*--38.65-53.49-65.0770.97-+/+7.82,False
+-73.38--97.32+-80.92/-/5.37+-53.43/72.91--66.6378.44+76.59,76.59-97.32-73.38+-+78.44-66.6372.91-53.435.3719.69-80.92+//+/-,False
*-16.34-73.84*-41.23+-96.14*-2.11+-54.34*-59.5466.36*10.53/8.8,8.8-59.54-54.34-2.11-96.14-41.2373.84-16.34*-*+*+*/10.53*66.36,True
-17.18-79.61/-54.94--18.43+73.36-51.07/86.17-90.49--81.17+25.91,25.91-18.4354.94-/-79.6117.18--+-81.1773.36+--90.4986.1751.07-/,True
-3.54*97.08/89.69+90.3550.89/*46.47--11.13+86.99+92.1410.32,10.3292.1486.99-11.1346.4797.083.54-**/50.8990.3589.69/+-++,True
/52.47-31.69+-54.33+-32.57+-22.61/-45.23-96.17-28.42-//-20.4,-20.4/-36.9952.47/--28.4296.17-45.23-22.61-32.57-54.3331.69-+++/-,False
+64.7--26.89--37.13-94.63//-78.28*-20.27*-57.48-46.5--51.0764.41,64.41-51.0746.5-57.48-20.27-78.28//-94.63-37.13-26.8964.7+--**--,True
/62.99--28.17*-96.88*-66.67-49.32*-24.58*92.737.62-93.23*-63.72,-63.72-28.1762.99/-*93.2349.32-66.67-96.88**--37.6292.7-24.58**,True
--18.69+28.7758.08//*/26.61--27.05--72.27-88.47/-49.0640.4,40.4-49.0688.47-72.27-27.0526.61-91.25-18.69-//58.0828.77+/---/,False
-94.55--/42.8*-75.59--75.67--69.5636.98/--83.95*66.03-57.4,-57.466.03-83.95-75.67-75.5942.887.5894.55--/*--/36.98-69.56-*,False
-96.17+-14.72/-58.7298.74*--42.19*-29.68-57.5-82.1333.72--8.0,-8.057.5-29.68-42.19-*98.74-58.72-14.7296.17-+/*--33.7282.13-,True
-92.2-58.31+-40.37/30.03--75.19*10.95/42.25*-89.97--96.4925.55,25.55-96.49-89.9742.2510.95-75.1930.03-40.3758.3192.2/-+/-*/*-,False
+83.45+-45.3-1.85-*87.35/-64.05/-34.6/-68.18-83.68*-81.54--6.68,-6.6887.35--1.85-45.383.45++*--81.54*-83.68-68.18-34.6-64.05///,False
+*-2.15-+73.25+28.5--86.66--64.09-38.24--69.98/74.3363.11,63.1174.33-69.9838.24-64.09-86.6628.573.25+--2.15-78.1++----/,False
+-82.1+42.62/29.43*-60.12*-15.26*-28.62/-30.66*32.3197.12+88.29,88.2932.31-30.66-28.62-15.26-60.1229.4342.62-82.1++/***/*/97.12,False
-91.26-29.42--24.17-86.96/-9.1710.86*+34.96/-93.8626.81+-21.4,-21.434.9686.96-24.1729.4291.26----+*10.86-9.17/+26.81-93.86/,True
--30.43*11.2+88.13/-3.58--64.59--78.35/10.1+30.569.76*99.81,99.8110.1-78.35-64.59-3.5888.1311.2-30.43-*+/--/*9.7630.56+,True
*14.01+23.72*97.02*55.54--98.11*-10.0--58.44*-87.83+-38.66-0.65,-0.65-38.66-87.83-58.44-10.0-98.1155.5497.0223.7214.01*+**-*-*+,True
--64.88-32.21/53.28-53.26*-51.99*47.67--10.19-56.58*-69.77+80.2,80.2-51.9953.2653.2832.21-64.88--/-*+-69.77*-56.58-10.1947.67*-,True
*-77.37--+90.51-1.24-+-12.54*-21.81-78.81/-8.113.17/87.46,87.4678.81-21.81-12.54+--1.2490.51-79.29-77.37*-+*-/13.17-8.1/,False
*20.06/0.45/-61.86--17.12-83.53/+78.36+-42.6*-17.89-53.64/67.19,67.19-61.860.4520.06*///-53.64-17.89-42.678.36+/-83.53-17.12-+*,True
/-91.96-60.08/*-30.12/-98.41-64.4*+64.56--82.23/-9.51--3.35-61.08,-61.08-3.35-9.51-82.2364.56*-64.4-98.41-30.12*/-60.08-91.96//+-/-,True
+-41.44-65.12*-32.92/-91.12*-73.41*12.63+-32.78*71.23/42.6477.85,77.8542.6471.23-32.7812.63-73.41-91.12-32.9265.12-41.44+-*/**+*/,True
+-39.41+94.05--47.27*/--23.41+39.71+42.769.05--47.17+24.79,24.79-23.4164.48-47.2794.05-39.41++-*-+-47.1739.71+-69.0542.7+,False
/-83.07/-86.32--27.89+-14.28+18.97/-59.13/-91.49-76.47/65.42-17.8,17.8-86.32-83.07//-65.42-91.49-59.1318.97-14.28-27.89-++///-76.47,False
--52.17+77.47/3.36-90.26*49.39+89.28+97.34-84.79+76.52-*,89.52-76.5289.2849.3990.263.3677.47-52.17-+/-*++-84.7997.34+,False
+-8.88*17.08+-74.84--73.54+-78.51*24.9/33.47+1.4+36.27-87.49,-87.4936.271.433.4724.9-78.51-73.54-74.8417.08-8.88+*+-+*/++,True
+55.94/14.87+-35.56--25.0410.79++18.45--35.66--2.97+-97.239.85,39.85-97.2-2.97-35.6618.4514.8755.94+/++10.79-25.04-35.56+---+,True
/87.01/-89.4/-58.83+-4.11*-83.08//*98.48+79.86--2.85-29.05,-29.05-2.8579.8698.4887.01/*/73.7-83.08-4.11-58.83-89.4//+*+-,False
+-49.55*3.71-75.77+--94.64/27.2-2.44/53.41/76.04+93.38*99.64,99.64*93.38+76.0427.2-94.64-49.55+-+-75.773.71*//53.41/-2.44,True
+-50.05*75.34+86.42+41.03-24.76/-40.0/41.37+86.21-83.79-88.0,-88.083.7986.2141.3740.0-/-24.7641.0386.4275.34-50.05+*+-/+-,False
/-95.33/-15.96*-35.71-92.72**-96.9--20.53+11.47/-21.9**-81.83,-81.8311.47-20.53-96.9**-92.72-35.71-15.96-95.33//*-+*41.82-21.9/,False
--67.73+19.21+-49.85*58.28+67.16+88.22/-66.66*38.02-83.86*67.8,67.888.2267.1658.28-49.8519.21-67.73-++*++*-83.8638.02-66.66/*,True
*96.34+50.18*39.26-94.43/--95.73--36.3/-37.67/34.1715.32+58.32,58.32-37.67-36.3-95.7396.34*-/-94.4339.2650.18+*-/+15.3234.17/,True
+-0.32*-11.78-76.26**93.41*27.2779.56--19.72*-75.74--73.72-33.92,-33.92-73.72-75.7419.72--79.5627.2793.41**-76.26-11.78-0.32+***-,True
/87.93+22.553.55//13.45/67.82+94.69*-42.56/-79.99-75.57/54.94,54.9413.45/53.5522.587.93/+//-75.57-79.99-42.5694.6967.82/+*/,False
*14.17--21.92-81.44*47.73*-93.58-37.89*15.04+-18.99--37.38*-93.34,-93.34-21.9214.17*-*-37.3881.44---18.9947.73*+15.04-93.58**-37.89,False
/-39.89+-93.65/-63.06*93.94+50.8727.21-75.9-87.17/-20.84*+66.97,66.97-63.06-93.65-39.89/+/+*27.2150.8793.94*+-20.84/-87.1775.9-,True
*-7.14-13.37*-66.49+76.33*-8.8/13.64/-20.07-2.65*-49.95+-79.69,-79.6976.33-66.4913.37-7.14*-*++-49.95*-2.65-20.0713.64-8.8*//,True
*-34.13/-29.77*-96.06/93.64*38.62/52.66+68.38/-64.67-38.7+43.25,43.25-64.6768.3852.6638.6293.64-96.06-29.77-34.13*-*/*/+/+-38.7,False
+-39.75-22.25*32.84*-30.18*-23.77--84.26+**-10.05-48.85/10.54,10.54-10.0530.26-84.26-23.77-30.1832.8422.25-39.75+-***-+*/-48.85,False
+-73.98/93.49-89.89--86.25/84.6164.4*+74.48-26.9+36.79-54.56,-54.5636.7926.974.48-86.2589.8993.49-73.98-/--+*64.484.61/-+,False
+-46.98+97.16/-19.55/-38.82/-70.92+-79.88*4.35--84.1376.78*-31.75,-31.75-79.88-70.92-38.82-19.5597.16-46.98++///+*76.78-84.134.35*-,True
+65.3/32.13-57.57-*+-4.53--60.11--28.2+56.17+-62.07-6.33,-6.33-62.0756.17-28.2-60.11-4.5366.0957.5732.1365.3+/--+--++,False
+20.28*33.34+-34.76/-1.22+4.12--25.13*30.01/-65.26*67.27-97.74,-97.7467.27-65.2630.01-25.134.12-1.22-34.7633.3420.28+*+/+-*/*,True
+-37.17+-97.95+75.32+75.2697.36---52.55+23.86+-99.32/-87.7746.96,46.96-87.77-99.3223.86-52.55-97.3675.2675.32-97.95-37.17++++--+/,False
+81.22-38.53-62.72-99.66*--18.84/-32.54--39.58+11.35-46.53+-93.0,-93.081.22++-46.5311.35-39.58-32.54-18.8438.53--*-99.6662.72-/-+,True
/59.89--89.97*32.43/49.65+19.17-22.62*/20.7588.37+-24.84/-19.03,-19.0332.43-89.9759.89/-*/*-22.6219.1749.65/+-24.8420.75/+88.37,True
*31.51*8.35/87.69/1.8198.75-+-15.1552.58/+-81.21+97.980.41,80.4197.9-81.21+/52.58-15.1587.698.3531.51**/+-98.751.81/+,True
+82.2+2.15/-96.45-77.56/-45.34/-24.6212.11*88.45/-13.16/-84.61,-84.6177.56-96.452.1582.2++/-/-13.16-45.34//88.45-24.62/*12.11,False
-57.76-25.19**-41.26*89.61/-46.05/98.34--93.54+-83.6111.18+-41.66,-41.66-46.0589.61-41.26*-25.1957.76-**/+11.18-83.61-93.5498.34/-+,True
*47.46+36.47+3.4*45.94+62.08--9.24+15.76-98.14*-19.78*43.4,43.4/-19.78-9.2462.0845.943.436.4747.46*++*+-*-98.1415.76+,False
/57.36*57.83*-68.886.62/+*+26.2*99.424.9/-40.62+70.02,70.021.757.8357.36/*+/86.62-68.8*+-40.62/24.999.426.2+*,False
*29.12--6.5688.6**65.23--4.839.91-+-65.47+98.48/79.5371.61,71.6179.5398.48-65.4729.12*+-*88.6-6.56-9.91-4.8365.23*-+/,True
*-10.96-66.76*15.89-90.07//-49.82--24.71*-1.39/-30.41/-53.84-63.79,-63.79-53.84-30.41-1.39-24.71-49.8266.76-10.96*-//-90.0715.89*-*//,True
*71.2--18.05/-62.03/-35.5/-35.62--88.51+20.246.271.92*+0.57,0.5771.2*+*46.2720.2-88.51-35.62-35.5-62.03-18.05-///-+1.92,False
/72.55/59.95+-72.78++-60.98+46.04+-54.14*73.66*43.691.79,1.7943.6973.66-54.1446.04-60.98+72.7886.3459.9572.55//++++**,False
*32.27+-13.56/89.96--82.43*-91.67*30.15--94.53-27.68//33.92-20.06,-20.0633.9232.27*//-27.68-94.5330.15-91.67-82.4389.96-13.56+/-**-,True
/-45.34/-98.97+24.66*2.87-*+20.86-62.05-1.63-97.71-22.53,-22.5397.711.6362.0520.8625.912.8724.66-98.97-45.34//+*-+---,False
*-41.98*44.82/82.74*-11.87-4.34*-**-41.18-88.86-78.44+-41.27,-41.27+-78.4488.86-41.1871.55-*-4.34-11.8782.7444.82-41.98**/**-,False
-8.78/66.29+81.82/*+-48.27+96.618.55//-32.8453.29*-31.29,-31.298.78-*/18.5596.6-48.2747.681.8266.29/+/++53.29-32.84/,False
/-7.78+28.17/18.76/-28.09+-15.41-67.93/-54.95+-92.39-27.83+68.88,68.88+-27.83-92.3954.95-7.78/-/-67.93-15.41-28.0918.7628.17-//++,False
*41.24-67.13/45.48+-80.97-81.81*-19.67+-95.67-32.84-/66.27-71.84,-71.8466.27--32.84-95.6719.67-*-81.81-80.9745.4867.1341.24*-/++/,False
+-2.1691.76+--82.42--41.23/19.95+45.3528.17/+3.24+66.77-89.2,-89.266.773.24-82.42+91.76-2.16+-+/28.1745.3519.95-41.23-/++,True
*32.07/86.49/-15.89/-39.15+-64.3-40.4/0.06+-20.41--43.99-92.52,-92.52-43.99-20.410.0640.4-64.3-39.15-15.8986.4932.07**//+-/+-,False
+3.93+-14.91*-4.83*54.04*-86.9/34.27/80.761.92/--15.5360.34,60.34-15.53-/1.9280.7634.27-86.954.04-4.83-14.913.93++***//,True
+68.52*51.14/-61.7/-26.88-30.5/22.63+39.53/-47.2434.52*54.7,54.768.52+*34.52-47.2439.5322.6330.5-26.88-61.751.14*//-/+/,True
/80.54--24.93*43.85*-78.4+93.0*-40.08/4.49+5.18*93.2823.36,23.3693.285.184.49-40.0893.0-78.443.85-24.9380.54/-**+*/+*,False
/-49.1*-34.58+-80.54/40.51*94.66/10.21-25.84*-90.35*8.2588.75,88.758.2590.3594.6640.51-80.54-34.58-49.1/*+/*-*-25.8410.21/*,True
/-24.99-91.83*/47.63*-93.61-49.0+-99.55+-3.170.62*-99.25*-97.3,-97.3-93.6147.63/*-91.83-24.99/***0.62-3.17-99.5549.0-++-99.25,True
-59.18*58.25-56.48+-26.38-32.82*-71.8+91.77/-34.51-94.64-6.56,-6.5694.64-34.5191.77-71.832.82-26.3856.4858.2559.18-*-+-*+/-,False
--97.33-16.92*35.44/-96.35/95.7/70.21+-33.42/57.2119.3*35.79,35.79-96.3535.4416.92-97.33--*/*19.357.21-33.4270.2195.7*/+/,False
/-8.02-58.81-/21.5-74.92/--92.74+74.5341.74/--88.23/5.3678.63,78.635.36-88.23-+-58.81-8.02//41.7474.53-92.74-/-74.9221.5/+/,False
+-34.28*41.69/-91.3163.51---51.17+-40.19/18.74*-13.0844.36+7.99,7.99-13.0818.74-40.19-51.17-34.28+--63.51-91.3141.69*/+/*+44.36,True
*-20.33+-99.65--13.9+94.5+41.09+-58.1+63.64+-70.2281.93+-41.05,-41.05-70.2263.64-58.141.0994.5-13.9-99.65-20.33*+-+++*++81.93,False
--52.02+59.29+*+-49.0773.82*+78.18/-61.97-74.28/26.16--15.33,-15.33-52.02--26.1678.18+*73.82-49.07+*98.6359.29+/-74.28-61.97/,False
--74.81--15.6-24.49+-46.31-93.86*-38.67+-66.65/58.9911.65/-5.36,-5.3658.99-66.65-38.6793.8646.31-74.81--+-24.49-15.6--*+//11.65,True
/-1.82+65.73/98.78/40.64--20.35/-42.22--32.2323.19*6.84*30.61,30.61-20.3540.6498.7865.73-1.82/+//-*6.84-32.23-42.22/-*23.19,True
*-79.52/99.37-28.185.08-+-24.19+85.64-69.78/-+80.389.25,9.2580.38-77.7769.7885.64-24.1999.37-79.52*/+-5.0828.18-+-/+,False
+52.94+-51.84*79.14*37.18+81.78+-18.8+26.98//64.9*-17.98,-17.9879.14-51.8452.94++**64.9-18.881.7837.18*++/-31.9926.98+,False
*13.87+-43.09--15.86*98.96+50.02-98.94+-65.21*-3.3*-21.08/-32.32,-32.32-43.0913.87*+/-21.08-15.86-*-3.3*-65.21+-98.9450.0298.96*+,True
*-65.28-49.44+-6.55-69.69/-50.78*-83.86--3.51+-19.912.96--11.04,-11.04-3.51-83.86-50.7869.69-6.5549.44-65.28*-+--*--2.96-19.91+,False
-59.96*-58.4+-72.25*-74.88+27.843.38*-44.14-85.72-55.77-37.64,-37.6455.7785.7244.14-74.88-72.25-58.459.96-*+*-*3.3827.84+-/,False
*15.02+78.11/-78.16*35.92/-50.89+-4.43-67.76++30.19-32.83/-17.37,-17.3730.1935.92-78.1678.1115.02*+/*++-67.76-4.43-50.89/+/-32.83,True
/-36.4/59.59/95.84*49.14--3.76-57.2512.93*88.28*6.97*-22.43,-22.4395.8459.59-36.4///*6.97*88.2849.14**12.9357.25-3.76--,True
-42.93+7.95+60.34/-80.35*-29.74--90.62/-12.44-85.11*+2.36-27.85,-27.852.36-90.62-29.74-80.3560.347.9542.93-++/*-+*-85.11-12.44/,True
+-49.82*-24.0+34.74+5.09/50.88+-47.21-71.5--76.84+*10.72,10.7250.885.0934.74-24.0-49.82+*++/*18.91-76.8471.5-47.21+--,False
-7.1/-16.17+--65.52--89.71*55.19/93.57/-91.72-44.7296.22,96.2244.72-91.7293.5755.19-89.7165.527.1---6.74-16.17/-*//-,False
/-11.72+-3.16*65.13*53.4-6.97--34.37/64.88*82.78-78.6-17.77,-17.7778.682.7864.8834.37--6.9753.465.13-3.16-11.72/+**-/*-,True
/93.77*43.87*2.48+71.8-47.0+-42.93-4.28-58.8119.62-94.08,94.084.2842.932.4843.8793.77+**-+-47.071.8+--19.6258.81-,False
*22.17-36.9-98.53*-84.46*19.3/-56.48+59.59+-96.43*-53.5842.28,42.28-53.58-96.4359.59-56.4819.3-84.4698.5336.922.17*--**/++*,False
*-11.53*54.5229.78/--18.14+52.62+94.42*-83.89/-58.95-60.98--88.9,-88.9-18.14-/29.7854.52-11.53**/-60.98-58.95-83.8994.4252.62++*/,False
--15.14/87.67-61.76/88.34/-7.69+*-52.37-33.17-35.87/+-5.72+,+-61.7687.67-15.14-/-5.7288.34/+/-33.1752.3799.25-7.69/+--35.87,False
-75.02*-4.58--87.9/94.76-1.82-8.51+12.29*-21.01-55.32+-12.9,-12.912.298.511.8294.76-87.9-4.5875.02-*-/--++-55.32-21.01*,True
-38.78*-87.52+2.15+80.15+94.92*-0.24-6.42+-68.74*-6.52+43.46,43.46+-6.52*-68.7480.152.15-87.5238.78-*/++-6.42-0.2494.92+*,False
-84.69-68.04--30.76+93.09/-87.46/-78.32--96.25-93.45-76.6/48.28,48.28-78.32-87.4693.09-30.7668.0484.69---+///-76.693.45-96.25--,True
*-71.2--2.9131.58/+54.38*99.77--61.06+-98.38*17.59-60.56-36.96,36.9617.59-98.38-61.0699.7754.38+/31.58-2.91-71.2*-*-+*--60.56,True
+-73.29-70.67--3.09+-85.83+13.41--44.44/54.61/68.28*12.49-39.41,-39.4112.4968.2854.61-44.4413.41-85.83-3.0970.67-73.29+--++-//*,False
+6.59+68.79+62.11*97.18+6.31+38.38-39.35--72.75*71.98-1.88,-1.8871.98-72.7539.3538.386.3197.1862.1168.796.59+++*++--*,True
-52.78--82.64-99.2-16.36+-27.16+-37.01/7.0113.27++-78.7-64.15,-64.15-78.7++13.277.01-37.01-27.1616.3699.2-82.6452.78----++/,True
*25.84*-76.48/84.65-25.3*82.19--77.29*13.13+-65.36+46.56-37.69,-37.6946.56-65.3613.13-77.2982.1925.384.65-76.4825.84**/-*-*++,True
*15.06+70.45--55.12-36.73*49.75+72.0+-51.01-/-80.39*-81.25,-81.25-50.32-51.0172.049.7536.73-55.1270.4515.06*+--*++-*-80.39,False
/-20.49--68.21+-70.33*-5.66++-57.19+15.36-74.3837.16/81.06,81.0615.3657.1983.62-5.66-70.33-68.21-20.49/-+*+-+/37.1674.38-,False
-67.3419.43/*-10.39*96.97-79.96*82.05+-11.82.52*-73.25*53.82,53.8282.0579.9696.97-10.39/19.4367.34-**-**-73.25-11.8+*2.52,True
+20.14+42.42+-15.64*-49.56*93.5293.17*+-21.12--15.8732.11/71.38,71.38-15.6442.4220.14+++/32.11-15.87-21.12+*93.1793.52-49.56***,False
/-89.77-3.11*5.66+59.73-95.03*/-18.99*-73.31--21.02-59.1647.05,47.0559.16-21.02-73.31-18.995.663.11-89.77/-*/*-95.0359.73+*--,True
+-69.02-47.97/82.39--98.390.67/+-22.34/40.42-/-7.77*58.36,58.3647.97-69.02+-*-7.77-41.5340.42-22.3482.39/+/0.67-98.39-/-,False
+66.79+-96.61-32.45*-19.755.67*-/49.23--46.54--77.3+-84.52-79.63,-79.63-84.52-77.3-46.5449.23-*-32.45-96.6166.79++55.67-19.7*/--+,True
/-48.58--95.76*17.4--0.55*41.23*64.25*20.8-51.77+20.8-98.69,-98.6920.851.7720.864.2541.23-0.5517.4-95.76-48.58/-*-***-+,True
+-86.61+-83.89-72.84**64.08-72.12+*+88.48+86.2196.99--96.2,-96.221.9872.1264.08-86.61+**-72.84-83.89+-+-96.9986.2188.48++,False
--64.86+9.7--85.08/3.87/88.4269.45---48.0-53.0/*87.35-43.94,-43.9487.35*/-53.0-48.03.87-85.089.7-64.86-+-/--69.4588.42/,True
/29.56--67.95*-58.89*0.59+-86.99+39.81*-2.5+3.5193.83/53.71,53.71-86.990.59-58.89-67.9529.56/-**+/93.833.51-2.539.81+*+,True
--42.3+92.91**+36.17-46.86/*-81.0/22.69/-92.0571.76/-76.27,-76.27/71.76-92.0522.69-81.0-42.3-*/-46.8636.1713.1992.91+*+//,False
/-81.66+50.89--61.6/-69.26/-0.22+-40.22--20.2247.98++/3.92,3.9250.89-81.66/+/-67.56-40.22-0.22-69.26-61.6-//++47.98-20.22-,False
/17.29+57.18/-18.54-44.41/3.2-72.6/-37.31/34.23*-67.38-95.77,95.77--67.3817.29/*34.23-18.5457.18+//-37.3144.41-/-72.63.2/,True
-8.24--60.5-82.85//1.63-4.15+49.05-68.48/*/97.6532.36,32.3697.6557.9768.4849.054.151.638.24-//-82.85-60.5--+-//,False
-8.57--31.33/1.91-82.53+80.29*9.65-94.33*74.14/92.3653.0,53.092.3674.1494.339.6580.2982.531.91-31.338.57--/-+*--/,False
+60.06+30.16--2.69--15.88-94.71/-33.33*-70.65--23.94/46.14-39.48,-39.4846.14-23.94-70.6533.3330.1660.06++-/-94.71-15.88-2.69*-*-/,False
+48.88+-89.96*6.24/28.84+-21.08*17.91+-13.19/-18.24*78.6573.65,73.6578.65-18.24-13.1917.91-21.0828.846.24-89.9648.88++*/+*+/*,False
/21.8410.7++48.1+-44.1-66.81+-19.0114.8/-77.96*-68.71+-,-97.8448.1++10.721.84/+-68.71*-77.96/14.8-19.0166.81-44.1+-+,False
--93.21+-72.04+74.82*60.35/-43.22--59.23/-34.4794.73-13.69-55.35,55.3560.3574.82-72.04-93.21-++*-13.69-34.47-59.23-43.22/+/-94.73,False
--17.4471.69/+48.43*-87.93/-38.05*-5.89*41.97/93.8451.02/38.28,38.28-5.89-38.05-87.9348.43/71.69-17.44-+*/*/51.0293.8441.97*/,False
+-54.78-63.99--3.63+60.7/65.12*29.61*-66.92-83.59--76.11+15.15,15.1529.6165.1260.7-3.6363.99-54.78+--+-*+--83.59-66.92*-76.11,False
*19.64+42.98--7.01+-88.87--63.32+39.7--18.46-96.03+-40.03*69.57,69.57-7.0142.9819.64*++*-40.03-18.4639.7-63.32-88.87+-+-+-96.03,False
/6.98-17.99-69.04/-84.46*-53.99/65.46-25.79*-11.02-76.42*-59.95,-59.95-84.4669.0417.996.98/--/*-76.42-11.0225.7965.46-53.99*/-*,True
*37.45/91.77*15.43*58.97*-78.19-29.19//52.61*17.5597.55/-19.29,-19.2917.5552.6115.4391.7737.45*/*//-29.19-78.1958.97***/97.55,True
*90.857.25/-41.97-22.04*31.56+15.49*-66.5*89.5760.65*-16.37,-16.37-66.515.4931.5622.0441.97-/7.2590.85*-*+**60.6589.57*,True
--56.048.49-+-78.62+7.01/-55.07*96.5515.99++40.8-12.48-91.47,91.47--12.4840.8++-48.49-56.0-15.9996.55-55.077.01-78.62++/*,False
*88.66+58.24-92.84+-8.26-/*39.82*-60.99-66.76-44.4--6.66,-6.6639.82*/90.5-8.2692.8458.2488.66*+-+--44.466.76-60.99*-,False
/-3.95/3.26-38.66//-59.12*45.94*57.65*61.01*0.66-40.1--35.09,-35.090.6661.0157.6545.94-59.12//-38.663.26-3.95//****--40.1,True
+59.75/-95.25/-25.87/59.22*4.57*-75.016.34/--0.09+-48.9125.87,25.87-48.91-0.0959.75+-/6.34-75.014.5759.22-25.87-95.25///**+,True
*-69.55*69.89+-96.25+-98.9--85.81*22.84-53.26/11.16--79.0*28.62,28.6269.89-69.55***-79.0-98.9-96.25++-11.16/-53.2622.84-85.81-*,True
-82.17/-88.92*81.6*-21.12/25.78/66.95-26.1/*66.37+9.34-13.78,-13.789.3466.37-88.9282.17-/*/-26.166.9525.78-21.1281.6**//+,True
/80.65+-12.07*-1.11*/*-32.15*17.79/74.99*56.3129.59/83.69,83.69-12.0780.65/+/29.5956.3174.9917.79-32.15-28.96-1.11****/*,False
*32.6-85.41*-67.33+40.8/48.27-97.24/-97.9+-27.95-72.07*52.06,52.0697.2448.2740.8-67.3385.4132.6*-*+/-*-72.07-27.95-97.9/+,True
-57.58*39.98*-67.21*72.35--26.8*-13.1914.05*-41.2818.81/*,57.5141.28-26.872.35-67.2139.9857.58-***--*14.05-13.19*/18.81,False
-77.63*-2.3*-41.98*-3.51--71.95/23.13+-41.22--4.73+-82.3646.1,46.1-82.36-4.73-41.2223.13-71.95-3.51-41.98-2.377.63-***-/+-+,True
--37.47+-65.09/80.75*-19.48-52.38-68.38-98.21*76.55+50.69/-8.75,-8.75-19.4880.75-65.09-37.47-+/*/50.69+76.5568.3852.38--+-98.21,False
--35.75+-24.44+-68.18/92.69-55.51/*-88.52/-1.41+80.82/-13.6273.14,73.14-13.6280.82-1.41-88.52-68.18-24.44-35.75-++*/-55.5192.69//+/,True
--44.87-21.09*-99.86--12.45+-14.91*53.64-70.36*--97.320.06-39.07,39.07-44.87--20.06-97.3-*-70.3653.64-14.91-12.45-99.8621.09-*++*,False
*51.56*15.57/0.7/2.18--17.27-18.55+67.38*-27.73-47.17/1.96,1.9651.56*/-47.17-27.7367.3818.55-17.272.180.715.57*//--+*,True
--57.19/-37.86*88.88--29.75+8.06*82.8511.85++-33.638.37/-88.57,-88.57-33.6+11.8582.858.06-29.7588.88-37.86-57.19-/*-+*+/38.37,True
--83.36/-53.73+-7.67--21.53/9.68*-23.14--15.02-90.2+-2.57-50.29,-50.29-2.5790.2-15.02-23.149.68-21.53-7.67-53.73-83.36//+-/*--+,False
+-60.09*64.04--91.44//+-36.22+62.68-57.02*-41.0154.23--34.11,-34.11-36.22-29.71-91.4464.04-60.09+*-/+-*-57.0262.68+54.2341.01-,False
/86.94--83.27/79.37*-28.13/-53.04*29.96/28.24/-62.98*-19.79-29.28,-29.28-19.79-62.9828.2429.96-53.04-28.1379.37-83.2786.94/-/*/*//*,False
/-93.15/78.8+84.29*-13.3+-7.72/37.01/-21.35-6.05+-24.24-15.76,15.7678.8-93.15//--24.24+-6.05-21.3537.01-7.72-13.384.29+*+//,True
+-23.4/73.22/51.03+24.9*90.38/-19.96+-25.49/-1.84-18.31+44.59,44.59+-18.31-1.84-25.49-19.9690.3824.951.0373.22-23.4+//+*/+/,True
+92.43--38.69--63.36/27.37*-80.46+76.57-63.45*-70.22*-82.5-89.53,-89.53-82.570.22-80.4627.37-63.36-38.6992.43+--/*-*-63.4576.57**,False
-74.24-69.44*+-88.09--47.18-1.77/*20.15*-41.18*79.63*-38.1854.42,54.42-38.1879.63-41.1820.15*/*-69.4474.24--1.77-47.18-88.09+-**/,False
*-48.75+-8.9154.95**49.44-33.25+-91.1438.17++2.94/-41.5-88.93,-88.93-41.52.94++38.17-91.1433.2549.44**54.95-8.91-48.75*+-+/,True
--39.1/-95.14--66.72+-58.2/98.54/76.9+-52.0/49.87+-45.38-40.58,-40.58-45.3849.87-52.076.998.54-58.2-66.72-95.14-39.1-/-+//+/+,True
/-8.1470.79-+-14.2768.22/-27.17+-86.3*36.3348.02*76.58+-49.83,-49.83+-70.79-8.14/76.5827.17-/68.22-14.27+*48.0236.33-86.3+*,True
/-10.36*28.04-82.64/*-71.64-1.85--29.41+2.0*91.5*22.148.2,8.222.1491.52.0-29.411.85-71.64-10.36/*/-82.6428.04*--+**,True
+39.64-70.53*5.71/-52.44*-78.63*-52.06-86.2*--5.46-5.47/-19.46,-19.46+-5.47-5.4639.64+-*-86.2-52.06-78.63-52.445.7170.53-*/**,False
+/*-32.43/-3.6294.55/+68.48+-57.4350.12+-15.86*64.96*-50.85,-50.85-47.97+*64.96*-15.86-32.43*+50.12-57.4368.48+/94.55-3.62/+,False
/-49.77-92.21+-70.4/+95.17*-24.52/9.58/-84.2677.11*-82.02,-82.0224.52-49.77/-*95.1740.67-70.492.21-+/*77.11-84.269.58//,False
+-64.56--40.83--13.67/-54.4/4.68/-58.87+-33.43+-42.5-82.32*-80.48,-80.48-58.874.68-54.4-13.67-40.83-64.56+--///*-82.32-42.5-33.43++,True
+44.36/-61.91-62.8**-28.63+-39.71*38.92*-43.14+-90.27-42.24/+,-62.07-39.71-28.63*-62.8-61.9144.36+/*+/-42.24-90.27-43.1438.92**+,False
/-73.45--20.335.01*+31.93*-70.72*-97.27-4.95/58.13/41.96-31.54,-31.5441.9658.134.95-97.27-70.7231.93-73.45/+*5.01-20.33-***//,False
*-15.32-29.97+0.32+-89.94/-10.35*-60.57--31.25+-32.76-50.68*12.73,12.73-31.25-60.57-10.35-89.940.3229.97-15.32*-++/*-*-50.68-32.76+,True
*-20.36+-55.88+39.51--13.03--11.55-3.18*--80.17+24.43-84.9-84.63,-84.6384.924.43-80.17*-3.18-11.55-13.0339.51-55.88-20.36*++---+-,True
*-45.61/74.34*85.0-2.9-6.76-53.15--80.72+-64.05-99.96/-77.58,-77.5853.156.762.985.074.34-45.61*/*---/-99.96-64.05-80.72-+,True
*-70.6625.73*/56.51+-21.41+81.5796.11--32.48--49.22*-66.92+-59.81,-59.81*25.73-70.66*+-66.92+-49.2256.51/--32.48-21.41+-96.1181.57+,False
-36.52+-83.97-13.64-+85.76-81.25/+-75.52*69.05--18.9711.61*52.38,52.38-75.5236.52-+/-81.2585.76+--13.64-83.97+*11.61-18.9769.05*-,True
/-51.84-42.86*26.0774.2*34.71*-70.9--80.51+-56.0/-56.86+51.46,51.46-51.84/+-56.8626.0742.86-*/-56.0+-80.51--70.9*34.71*74.2,False
*-73.7/-62.79+92.53*31.18+-38.35*77.33*-34.8125.51+-69.85--15.68,-15.6831.1892.53-62.79-73.7*/+*--69.85-38.35++25.51-34.8177.33**,True
+-80.37--55.88-52.07*/-44.76/-69.29/2.9575.27--87.76+-69.95/74.42,74.42-80.37+/-69.952.95-69.29-44.76/*-52.07-55.88-//+-87.76-75.27,True
/30.96-28.42--45.85/-68.34-*-6.93*--15.76/-24.5119.67/-31.39,-31.39-15.76-68.34-45.8528.4230.96/--/-*-6.93-10.34-/19.67-24.51/,False
/36.1--14.2+20.88-76.75+52.83/-87.0-71.0-70.79+86.53+65.83,65.83-14.236.1/-+86.5376.7520.88+-+70.79--71.0-87.052.83+/,True
*-81.5760.21*+-37.05+61.29+25.24-20.26-7.79--23.04/-29.04-19.7,-19.7-29.04-23.047.7920.2625.2461.29-37.05+*60.21-81.57*++---/,False
/-87.12/-46.5+-73.39/40.04/46.18/-31.75--55.7883.85*-15.7272.35,72.3515.72-73.39-46.5-87.12//+-*83.85-55.78-31.7546.1840.04///-,True
/-74.29-15.45*39.19/-61.38/50.27/16.34+-*-83.94+91.74-31.46/,/-15.45-74.29/-31.4691.74-83.9482.4516.3450.27-61.3839.19*///+*+,False
+4.25/-63.61*32.37+-16.72-45.17-79.37--19.37-10.08/-44.56+-48.27,-48.27-16.7232.37-63.614.25+/*++-44.5679.3745.17--/-10.08-19.37-,True
/-61.44+-19.36-0.55+-79.44+22.2+-+-75.9182.37*-3.3--50.71,-50.71-75.9165.8222.2-79.440.55-19.36-61.44/+-++++--3.3*82.37,False
***79.17+-63.83-50.06*-7.72-7.59+15.68*23.58*-23.86-73.33,-73.33-23.8623.5815.687.597.7279.1759.87**-*-50.06-63.83+-+**,False
+-55.49-12.42--5.97*27.77-44.14*--50.02/-97.96/-97.96-26.93+-76.93,-76.93-97.96-50.02-*-44.1427.77-5.9712.42-55.49+--*/+-26.93-97.96/,True
*8.59--92.94/-87.11+85.11-69.01+-29.4-43.58/+96.86-0.72-48.86,-48.860.7296.868.59*+/-43.58-29.469.0185.11-87.11-92.94-/+-+-,True
-61.77/-94.75+67.43-42.16-9.18*-80.11/73.855.59+97.53*40.34,40.3473.8-80.119.1842.1667.43-94.7561.77-/+--*/*97.53+55.59,True
/-9.88+/-3.28-37.4*-92.52--56.1--59.965.82/-55.57+7.17,7.173.2868.62-9.88/+-+-55.57-56.1-92.5237.4-*-/65.82-59.9-,False
*80.82+5.55+-68.03*-64.53-60.99/12.48*16.7188.52+-22.03*92.03,92.035.5580.82*+*-22.0316.7112.4860.99-64.53-68.03+*-/*+88.52,True
/-17.3--84.14*32.07+-58.22*-60.89/*-63.93*/-68.72--34.450.94,50.94-34.4-68.72-60.89-58.2232.07-84.14-17.3/-*+*/*-63.9359.22/-,False
/-64.19*-46.09-80.76/*51.03--46.93-60.49/-98.66-83.49*--80.62*-33.18,-33.18*-80.6251.03-64.19/*/-80.76-46.09*-*-60.49-46.93--83.49-98.66/,True
*71.24+-16.72/-4.74/20.38+1.62/76.82/-71.4/2.831.95--86.6,-86.6-71.476.821.6220.38-4.74-16.7271.24*+//+//-1.952.83/,True
/-53.2/36.23/32.52--72.93-39.37-42.33*43.16+92.09-45.47/47.42,47.4242.3339.37-72.9332.5236.23-53.2///---/-45.4792.0943.16*+,True
/-7.61*94.78/-26.19-42.88-66.1/-45.85/29.0196.5291.86/+-82.86,-82.8642.88-26.1994.78-7.61/*/-+/96.5229.01-45.8566.1-//91.86,True
-74.33.71*/1.51/83.29+-18.82*84.7/40.86+-87.46-89.27-67.77,-67.7789.27-87.4640.8684.7-18.8283.291.51*3.7174.3-+/+*/+-,False
-0.45*-94.28*-75.57*-81.17*-72.7*54.18--44.5*-72.19/*-70.71,-70.71-44.554.18-72.7-81.17-75.57-94.280.45-*****-*-39.85-72.19*,False
*77.13-22.89+-27.7--22.31-55.41//-43.22/-5.66-37.65+59.57-/,30.32-43.2277.13*//-55.41-22.31-27.722.89-+--59.57-5.66/+-37.65,False
+75.57+-61.2*-15.15--58.03--6.34+16.66/-19.63+-42.7977.37+72.82,72.82-19.6316.66-6.34-58.03-15.15-61.275.57++*--+/+77.37-42.79+,True
*-62.69+-40.61-99.02--96.31*-46.42/74.79+-39.61/-23.91-78.35/29.65,29.65-23.91-39.6174.79-46.42-96.3199.02-40.61-62.69*+--*/+//-78.35,True
+61.15*//-76.36*79.09-33.38/--5.9486.89++-49.66*-48.6435.53,35.53-48.64-49.66+86.89-5.9461.15+-/-33.3879.09-76.3613.84*/*+*,False
*-85.28/45.3468.71/*-85.32/-98.92--63.5--54.73*80.591.38/5.87,5.87-85.28*/91.3880.5-54.73-63.5-98.92-85.32*/68.7145.34//--*,True
+22.97+95.4/+/-29.77/-4.04/40.1885.81*+16.11--98.04-87.36,-87.36-98.0416.11-84.6795.422.97++/+*85.8140.18-4.04-29.77///-,False
/40.31-61.38/*24.45+-40.69*79.03*36.91/-5.55/51.29-57.28+12.89,12.8924.45/-61.3840.31+*+-57.2851.29-5.5536.9179.03-40.69+**//,False
/28.82+-65.79+-*-62.45--48.33*85.066.35-0.13--49.51*-5.43,-5.43*-49.51-62.4510.58-65.7928.82/++*-0.1385.06-48.33-*-6.35,False
/-86.64+0.68*7.76*13.29/32.56+2.11*24.0288.08/-90.47-56.41,56.417.760.68-86.64/+*--90.4732.5613.29*//88.0824.022.11+*,True
/-60.42/24.91--13.2/55.89--32.73+-88.66/41.43-64.13*33.23*14.12,14.12-32.7355.89-13.224.91-60.42//-/-**-64.1341.43-88.66+-33.23,False
+23.25/-85.85+4.69--16.99+10.43/-75.0*-20.3-75.24--89.09--43.36,-43.3610.43-16.994.69-85.8523.25+/*-+--89.09-20.3-75.0/*--75.24,False
--72.93+55.38+57.99--64.28-50.07-51.2*+-87.02/49.3+13.93-33.54,-33.5413.9349.3-87.0257.9955.38-72.93-+++*-51.250.07-64.28--/+,True
+23.57-95.26--82.17+-87.06/60.05-56.57+-67.73-58.31+7.71/-73.17,-73.17-82.1795.2623.57/--/7.71+58.31--67.7360.05-87.06+/+-56.57,False
/61.76+20.49*5.01*-75.12+-1.33/-63.3565.19*7.77+16.8-96.98,96.9861.76/-16.8-75.125.0120.49+**+7.77*65.19-63.35-1.33+/,True
/-97.07*80.81/-56.84+52.05+-47.15+38.95--44.2688.55-14.12--19.23,-19.23-47.1552.05-56.8480.81-97.07/*/++-14.1238.95+-88.55-44.26-,True
+38.31*-23.86-71.1564.86+--88.47*46.33+91.28----88.8127.62,27.62-88.8110.8191.2846.33-88.47-23.8638.31+*-+64.8671.15-*+--,False
/1.51/49.57*-78.76+74.19+-78.31--84.94--51.99*60.31--75.168.68,68.68-75.160.31-51.99-84.94-78.3174.19-78.7649.571.51//*++--*/,False
*10.53/-28.66/53.65+33.76--9.06*70.67--34.97--74.98/-52.3661.01,61.01-52.36-74.98-34.9770.67-9.0633.7653.65-28.6610.53*//+-*--/,True
+-7.93-54.72*-5.56--94.07**+-14.45*-49.98*-81.69-29.33-10.5,-10.529.33-81.69-49.98-14.45-76.37-94.07-5.5654.72-7.93+-*-*+**-,False
*36.06*-36.78--53.95--55.26--23.35-79.2184.09+-77.32-16.86+-92.38,-92.38-55.26-53.95-36.7836.06**----16.8677.32-23.35--+84.0979.21-,False
-25.52-17.19-2.18*97.15*68.06--94.37*79.39+-38.02/-81.27-70.5,-70.5-81.27-38.0279.39-94.3768.0697.152.1817.1925.52---**-*+/,True
+41.59--75.82--76.09-62.12-47.89+-58.64-62.45+*35.8786.73--13.66+,++-47.8962.12-76.09-75.8241.59+----62.45-58.64+-13.6635.87*-86.73,True
+43.95*2.44+88.96*---20.31*45.93-37.35-10.86-21.73*-40.15,-40.152.4443.95+**21.7345.93-20.31-48.6688.96+*-*--10.8637.35-,False
+-9.08/-81.41*27.7/-24.98/-91.91+-34.5875.32/--90.95/-41.99-56.04,-56.04-41.99-90.95-91.91-24.9827.7-81.41-9.08+/*//-/75.32-34.58+/,True
--95.29--64.48/-18.1+27.95/-57.31*-10.74+-25.775.65/-12.06/29.46,29.46/-12.06-18.1-64.48-95.29--//75.65-25.7-10.74-57.3127.95+/*+,False
/71.06*69.69-29.1+--70.39/-34.0*-92.14*28.53+-38.73*69.0515.33,15.3369.05-38.7328.53-92.14-34.0-70.39-+-29.169.6971.06/*/*/+*,False
+-*70.82+86.04+8.69+-73.1*10.22*6.4-39.18/-56.07+-76.83,-76.8370.8210.39+*+-56.07-73.18.6986.04+++/-39.186.410.22**,False
+39.08-98.99*/78.8-29.12-54.16*--15.36*31.33+-99.9758.25*26.6,26.6*58.25-99.9731.33-15.36-*-98.9939.08+*-54.1629.1278.8/-*+,True
/86.07-73.75+-5.1*14.32/75.63*-16.9*-40.31-75.22+15.97-+,-36.5675.6314.32-5.173.7586.07/-+*/-15.97+-75.22-40.31-16.9**,False
+-21.36/90.78/63.06*-28.45+83.6--13.12--21.4395.74/-89.43/56.75,56.7583.6-28.4563.0690.78-21.36+//*+/-89.43-13.12*/95.74-21.43-,False
/-96.23/40.81+4.59*-6.56*-97.58-88.45-+13.52*-17.522.34--2.21,-2.2113.52-96.23++--88.45-97.58-6.564.5940.81/+**-2.34-17.52*,False
+-75.58--43.13-15.7-41.74--97.76-10.33//42.54+58.44-34.05+94.18,94.1842.54-75.58+//-10.33-97.7641.7415.7-43.13---++-34.0558.44+,False
+-69.29-7.87--9.78/21.46+-95.51+-59.89*55.04/91.67/-65.4-34.52,-34.52-65.491.6755.04-59.89-95.5121.469.78---7.87-69.29+/++*/+,False
+-32.19*-51.0*-15.92-65.7//-58.01*-60.69--9.18-5.18+**82.68,82.68-32.19+*3.97-58.01-51.0*//-65.7-15.92*+-5.18-9.18-60.69*-,False
*36.71/-23.01*18.87+-82.07+57.89/-82.18*-52.17*2.68-23.71/48.87,48.872.68-52.17-82.1857.89-82.0718.87-23.0136.71+/*++/**/-23.71,False
+31.36*1.1177.26+-39.53*-49.32-39.77-41.83*+-15.57/-12.58+-52.64,-52.6431.36++-12.58/-15.57+*77.261.11*-41.8339.77-49.32-39.53+*-,True
*14.71-55.93-++78.71-35.92*-76.4747.07**-33.66-1.8/-76.38,-76.3814.71*/*47.07-76.4735.9278.71-44.3755.93--+-*-1.8-33.66*,False
/-22.14+-92.2-11.16--19.79+-54.42--39.34/50.97-7.94/+-29.85-0.18,-0.18-29.85-92.2-22.14/++/-7.9450.97-39.34-54.42-19.7911.16--+-/,True
*50.33+-65.3284.25++-83.21+40.73/45.26/41.28+-98.01-50.9688.41,88.4150.96-98.0141.2845.2640.73-83.21+84.25-65.3250.33*+/+//+-,False
/-25.86*4.81/-79.2-23.5*23.32--41.57/-48.1-38.05--52.41*10.24,10.24-79.24.81-25.86/*/*-52.4123.5-+-38.05-48.1-41.5723.32*-/,False
-47.64--53.68--58.13*89.75/-5.51/-10.7-19.74*--54.07-29.79--81.08,-81.08-53.6847.64----29.79-54.07-58.13--*-19.74-10.7-5.5189.75*//,True
+98.97*81.1921.39/+-70.56/-53.63/91.2*53.54--12.18+-9.8876.04,76.04-9.88-12.1853.5491.2-53.63-70.5698.97++/21.3981.19*//*-+,True
*95.93/-12.59*53.62--4.16-89.46+30.75*53.02--92.81--25.0487.23,87.23-25.04-92.8153.0230.7589.46-4.1653.62-12.5995.93*/*--+*--,True
+69.09--18.17+92.77*-40.96/-32.17/-27.09-33.7+-91.0847.22-55.4,55.4-18.1769.09+--47.22-91.0833.7-27.09-32.17-40.9692.77+*//-+,True
--9.35/32.9/96.22+-58.36+-12.96/4.47-28.81++26.6218.76*79.66,79.6626.62-9.35-++-28.814.47-12.96-58.3696.2232.9//++/*18.76,True
/28.46+26.1828.59/--69.51/-69.75-15.24*-7.58+-35.32*-42.12*92.27,92.27-69.75-69.51-/28.5926.1828.46/+/*-42.12*-35.32+-7.58*-15.24,True
-46.5/-17.51*-28.82/-58.82/-55.43/-24.04+29.79+14.97/65.98-31.53,-31.5365.9814.9729.79-24.04-55.43-58.82-28.82-17.5146.5-/*///++/,True
-66.89-85.19+91.85/6.46/-6.45*63.53*-66.9543.43--80.76-4.67,-4.6780.766.4691.8585.1966.89--+/--43.43-66.9563.53-6.45/*+,False
/54.28/-16.65*-30.62/91.48--64.6/-5.44-15.28*-24.54+4.46-95.06,95.0691.48-30.62-16.6554.28//*/-4.46-64.6-+-24.54*-15.28-5.44/,True
*-28.69/-79.14+54.73/-5.58*73.17*51.23/25.42-51.83+-41.86*42.75,42.75-5.5854.73-79.14-28.69*/+/*-41.8651.2373.17**+-51.8325.42/,True
/-23.95--15.34/34.18--90.58--14.01+10.31+-99.07*-42.24/87.76-70.81,-70.8187.76-42.24-99.0710.31-14.01-90.5834.18-15.34-23.95/-/--++*/,True
*13.9-60.91+-21.41/-32.5533.95-*-34.16--90.01+10.0521.98+-8.65,-8.6521.41-+-60.9113.9*+-33.95-32.55/21.9810.05-90.01-34.16*-+,True
*31.2743.88*--85.52/51.84*-19.3-82.66-+23.57*81.74/-16.0933.44,33.44-16.0981.7423.57+--82.66-19.351.84-85.52**43.8831.27*/**/,False
--46.94*49.18+97.28*45.77--4.32+4.15-40.54+-57.93+-62.74-53.66,-53.66-62.7457.93-4.3245.7797.2849.18-46.94-*+*--+-40.544.15++,True
*81.65+**-59.1--41.94*-39.03--19.46-97.28+29.4+-60.226.0,6.0-60.2229.497.28-19.46-39.03-41.94-59.191.3581.65*+*-*--++,False
+-43.17*-96.44+67.06-/-27.74--68.6+97.46/-7.59/34.17/-82.17,-82.1767.06-96.44-43.17+*+/34.17/-7.59/97.46+-68.6--27.74/31.72,False
*-10.53+98.83*-9.79-46.04/62.14+55.57--37.28*48.11-63.74/-35.38,-35.3855.5762.1446.04-9.7998.83-10.53*+*-/+/-63.7448.11-37.28-*,True
+-54.08/-88.4/-44.21/-93.24--31.99+93.5+80.65//*38.54-3.92,-3.9238.5414.3480.6593.5-31.99-93.24-44.21-88.4-54.08+///-++/*,False
/6.26+79.29/57.35-1.66-1.64*-9.47-75.41--61.5447.94/-91.1,-91.157.3579.296.26/*//47.94-61.5475.41-9.471.641.66--*--,False
-93.16--65.18+-41.45-79.25+55.29*-70.84/23.45--40.71-/24.75,24.7523.45-70.8455.2979.25-41.45-65.1893.16--+-+*//-66.71-40.71-,False
*-88.19+34.79+-85.23-88.65*-5.67+-29.670.91-+84.5332.77*-70.98,-70.98-88.19**32.7784.53-85.2334.79+++-70.91-29.6-5.6788.65-*+,True
*-0.26+-1.61+-89.89*-39.0--67.39+-57.18/89.18+30.6428.04--49.86,-49.8689.18-57.18-67.39-39.0-89.89-1.61-0.26*++*-+/-28.0430.64+,True
--53.42--91.39*-86.8+-23.2--58.73/-44.18--67.6/-38.93+0.7161.0,61.00.71-38.93-67.6-44.18-58.73-23.2-86.8-91.39-53.42--*+-/-/+,True
--57.69/-4.94--27.06*-55.1451.17**81.16-57.09+47.19--82.22-2.33,-2.33-82.2247.1957.0981.16*51.17-55.14-27.06-4.94-57.69-/-**-+-,True
*-73.12/73.57+-55.77+34.14+83.84/-71.37+-38.11*47.17/76.73-3.64,-3.6476.7347.17-38.11-71.3783.8434.14-55.7773.57-73.12*-+++/+*/,False
-24.11-33.92.91+--53.58*-49.96/64.49*36.56/-68.043.12+84.73,84.73-68.036.5664.49-49.96-53.5824.11--+2.9133.9-*/*/+43.12,True
-85.68/-69.33/-19.88--75.8/-97.95*-41.16+56.99*/+-54.6236.7,36.7-54.62-84.2956.99-41.16-97.95-75.8-19.88-69.3385.68-//-/*+*+,False
+22.86+50.74*-2.62--14.73+-72.61--68.3*-40.75/-80.16-94.54*-50.02,-50.02-72.61-14.73-2.6250.7422.86++*-+*-94.54-80.16-40.75-68.3-*/,True
-33.08+-13.81/84.92*10.98/-62.59-39.18-3.43/-33.14+-38.01/-77.04,-77.04/-38.01+-33.14-62.5910.9884.92-13.8133.08-+/*//-3.4339.18-,True
-49.22+7.13*42.98/-62.56*-39.85*-2.2-27.47*-75.05+-0.57--61.88,-61.887.1349.22-+--0.57+-75.05*-27.47-2.2-39.85-62.5642.98*/**,True
*84.58+-90.24/-85.16/53.48+6.24/+--27.63--2.79-53.77+22.97,22.976.2453.48-85.16-90.2484.58*+//++-53.77-2.79-27.6310.72/--,False
/-19.35--96.685.93/-83.83*12.4*86.28*7.69*-94.23--10.9275.28-,-85.93-96.6-19.35/-75.28-10.92-94.237.6986.2812.4-83.83/****-,True
*19.06/-22.71--81.45+-66.0-75.53*+70.97+-71.25--33.59-61.37/-97.49,-97.49-71.2570.97-81.45-22.7119.06*/-+*-75.53-66.0++/-61.37-33.59-,True
--45.64-77.44*-50.33/-95.31/38.15/-35.85*-64.21+39.67/6.73-82.49,-82.496.7339.67-64.21-35.8538.15-95.31-50.3377.44-45.64--*///++/,False
/28.4+-2.72+-98.59-33.01**65.53*-12.64-33.77*--68.5768.85--55.8,-55.8-68.57*-33.77-12.6465.53-2.7228.4/+**-33.01-98.59+*--68.85,True
+50.85/52.24-52.54+99.0+79.61+69.25/70.03--31.71-53.95-76.76,76.7679.6199.052.5452.2450.85+/-++--53.95-31.7170.0369.25//-,False
/26.72*87.58*-70.83*-78.845.29/-29.82-29.31*/61.25-71.09-71.09,-71.0971.0961.25*-29.3129.8287.5826.72/*-/5.29-78.84-70.83**/-,True
/-16.43*-20.5/24.6674.63++6.31/81.9946.35+39.23--27.11+-53.21,-53.21-16.43/++74.6324.66-20.5*/-27.11-39.236.31++46.3581.99/,True
*-15.84/-24.37/65.78-65.02-/91.03/-17.25/-26.97-95.27/15.5134.35,34.3515.5195.27-26.97-17.2591.03--65.0265.78-24.37-15.84*/////-/,False
/81.39+55.61--97.59--41.07--52.96-72.18-30.3693.84-66.95/-4.28,-4.2855.6181.39/+/66.95-93.8430.3672.18-52.96-41.07-97.59-----,False
++*-24.79-26.39-+-83.55/29.04+5.43/-58.3625.95*99.79*58.75,58.75**25.95-58.365.4329.04-83.55+--26.39-24.7951.9+*/+/99.79,False
--+71.47--31.98/18.74/-95.85-34.77-52.54+-9.24*-10.935.2,35.2-10.9-9.2452.5434.77-95.8518.74-31.9871.4794.44-+-//--+*,False
*85.06--77.22/-40.09/-23.49/85.09/-25.56*24.89-84.88/83.13-80.49,-80.4983.1384.8824.89-25.5685.09-23.49-40.09-77.2285.06*-////*-/,True
+29.99+-26.94+-61.4*62.48+-88.6379.87/--28.96*-38.0214.13/84.43,84.4362.48-61.4-26.9429.99+++*//79.87-88.63+14.13-38.02-28.96-*,True
+79.87/-24.41/55.15*-4.95+86.49/26.69-13.27*-59.52/21.6663.28,63.2821.66-59.5213.2726.6986.49-4.9555.15-24.4179.87+//++/-*/,False
/69.59*65.85*91.1254.22*+24.97-59.01+-53.95*45.1518.37/1.42,1.42/*54.2291.1265.8569.59/**18.3745.15-53.9559.0124.97+-+*,True
/88.02+-46.0+17.81--47.55/21.97--2.61/*+40.14-31.62--7.93,-7.9324.22-2.6121.97-47.5517.81-46.088.02/++-/-/--31.6240.14+,False
-59.65-79.17+72.62/65.16*10.83*71.02--/-66.84*38.31-26.62,-26.6238.31-66.8463.371.0210.8365.1672.6279.1759.65--+/**-/*,False
+85.41+28.02*10.97*-84.0+-82.34/97.07*-7.66--28.86-88.0-5.04,5.0428.0285.41++--88.0-28.86-7.6697.07-82.34-84.010.97**+/*-,False
/-37.48+-17.64*45.12+0.29+-36.45*83.57/-53.03-88.26*-71.43-44.94,-44.9471.4345.12-17.64-37.48/+/-*-88.26-53.0383.57-36.450.29++*/,False
+21.64/-85.74+-66.4*55.63-30.93-38.29/-39.45/-93.41-1.71-13.97,-13.971.71-93.41-39.4538.2930.9355.63-66.4-85.7421.64+/+*--//-,True
-35.7+-16.32-73.28/-99.8-78.42/--11.52-7.9+-73.4639.22--38.97,-38.977.9-11.5235.7--/-78.4299.8-/-73.28-16.32+--39.22-73.46+,True
/18.0/-61.73-29.64--29.0/**-38.83/-44.088.46--70.01*38.62,38.62*-70.01-8.46-44.08-38.8370.17-29.029.64-61.7318.0//--/*/,False
/88.76-42.3962.43*--29.34+-52.92+20.89-56.94*/58.7-8.15/97.0,97.0-29.34*62.4342.3988.76/--/*-56.9420.89-52.92++-8.1558.7/,True
-57.7-79.07-21.39-50.06/+87.89/5.02-+-92.64+86.0397.73,97.7386.0392.64-43.535.0287.8957.7-+/-50.0621.3979.07--/--+,False
/67.04*87.57*61.46*-1.08--38.61+76.29--9.06/-91.7745.46*-41.89,-41.8976.29-38.61-1.0861.4687.5767.04//**-+*45.46-91.77-9.06-/,False
--96.48/-78.93--46.5--34.45+-44.74/-53.24*-8.61-18.1--68.94+67.96,67.96-96.48-+-68.94-8.61-53.24-44.74-34.45-46.5-78.93/--+/*--18.1,True
*47.74*-96.88/-/88.8/-70.65*-78.59*18.08*55.2377.12*-61.35,-61.3518.08-78.59-70.6588.8-52.49-96.8847.74**///***77.1255.23*,False
+67.83*74.96+-26.0847.13/-11.4*-90.21+--88.75.86+6.29,6.2988.7-29.67-90.2111.4/47.13-26.0874.9667.83+*+-*+-+5.86,False
///20.09+41.16--24.41/-94.15+6.3393.02---39.11-98.39*23.99,23.99-50.25/*-98.39-39.1141.1620.09/+--93.026.33-94.15-24.41-/+,False
*-67.48-67.92*-0.42/-39.91*-50.55-14.44-++10.76+40.74/16.14,16.14-50.55-39.91-0.4267.92-67.48*-*/*/40.74+10.76+-4.54--14.44,False
/36.98+-77.97*70.35*31.79/-47.41*79.32+41.2734.41*+-36.7694.0,94.0-36.7679.32-47.4131.7970.35-77.9736.98/+**/*+*34.4141.27+,True
--71.97-7.65/25.88+60.558.83///--49.8645.37/75.19--7.9,-7.925.887.65-71.97--/-75.19//58.8360.5+45.37-49.86-18.31/-,False
/22.1-82.6+-86.7/-90.69*-88.91+10.02/65.73/-42.73-32.85*53.35,53.3565.7310.02-88.91-90.69-86.782.622.1/-+/*+/*-32.85-42.73/,True
/28.49+61.6368.46*/89.34+53.14+-20.24+-87.93*83.4436.33*81.74,81.7453.1489.34//68.4661.6328.49/++*36.3383.44-87.93-20.24++*,False
-75.68-73.04*13.72+96.82/-12.84+-14.28+56.52/88.16*-5.31-37.19,-37.19-5.3188.1656.52-14.28-12.8496.8213.7273.0475.68--*+/++/*,True
/41.58/-2.77/-55.91/74.1-62.46-86.61*-13.03+-54.48*53.324.2,24.253.3-54.48-13.0386.6162.4674.1-55.91-2.7741.58////--*+*,False
/-53.05+61.37/93.83/2.7--98.66-+/-15.35*-58.38-84.71/54.36,54.36-53.05//-84.71-58.38-15.3582.26-98.662.793.8361.37+//--/*,False
*47.5+-65.05*34.38*-91.26*-91.06/55.42*43.94+-0.1857.49/55.41,55.41-91.06-91.2634.38-65.0547.5*+/**/57.49-0.1843.9455.42/*+,False
-94.76+-26.86-72.61+-88.62/-92.3/-71.3251.12-87.45+89.46+-97.97,-97.97+89.4672.61-26.8694.76-+-+-51.12-71.32-92.3-88.62+//87.45,True
*57.22*-63.29*84.83/-75.95/-58.45+-57.63+-31.41+91.351.72*78.06,78.0691.3-31.41-57.63-58.45-75.9584.83-63.2957.22***//+++*51.72,True
/93.67*-4.98*-68.06--91.38+-23.08-92.38-53.89*-12.74-+-27.07,27.0793.67/-43.63-23.08-91.38-68.06-4.98**-+--12.7492.38-*-53.89,False
+69.25-6.89*+45.16-23.64*45.66/-86.78--28.49*/+97.73+-28.54,-28.54+97.73+/-23.6445.16+*-6.8969.25+47.33-28.49-86.7845.66*/-,False
*14.0*1.25--30.16/-22.69/13.73-8.77*-42.0232.0/78.75*90.37,90.37-30.161.2514.0**-*78.75-22.69//32.0-42.028.7713.73/-*,True
/45.09--92.2386.92*/-40.11-1.88-94.91/7.6442.13/-26.15+-34.99,-34.99+*86.92-92.2345.09/--26.157.6494.911.88-40.11/--//42.13,True
*-19.63+88.1+61.04-46.18//-74.26++/9.26*-15.3*37.34-81.26,-81.2637.34-15.39.2648.41-74.2688.1-19.63*+//-46.1861.04++/**,False
+-49.56*-11.36--91.94-89.8971.44+--8.29*-54.33*12.132.8-9.6,9.6-8.29-11.36-49.56+*-+71.4489.89-91.94---32.812.1-54.33**,True
*18.16+27.61/-24.4+-32.49+76.9+-/34.46*-83.43/86.5343.38,43.3886.53-83.4334.4637.8676.9-32.49-24.427.6118.16*+/+++/*/,False
/30.08+-35.55--98.32-62.6*/-10.21+88.0-59.75+-66.37/6.6613.28,13.286.6666.37*-62.6-98.32-35.5530.08/+--+-59.7588.0-10.21///,False
--92.4*17.19/50.09-43.55+-97.78/33.64--45.66-16.5-31.09*-45.88,-45.8897.78-+-43.5550.0917.19-92.4-*/*-31.0916.5-45.6633.64/--,True
-53.75-56.55-93.11**-16.83*-4.78-80.66++-71.16--81.0953.87+67.61,67.6153.75-++*-93.1156.55--80.66-4.78-16.83**53.87-81.09-71.16+-,True
/-41.44--29.81--57.72/13.9/-47.32+18.03*16.18+-5.15+16.8873.34,73.3416.88-5.1516.1818.03-47.3213.9-57.72-29.81-41.44/--//+*++,True
+-90.79/-47.16/-8.98+-46.36+-9.06--30.48/33.34-88.88+75.78-59.47,59.47-75.78-9.06-46.36-8.98-47.16-90.79+//+++-88.8833.34-30.48-+,False
*51.7+4.1/36.19--23.09*69.6*-40.99-77.97-2.37-+32.7959.07,59.0732.7969.6-23.0936.194.151.7*+/**+--2.3777.97-40.99*-,False
+18.66--3.59--90.61+-76.48/50.31*-15.1--68.24/31.96/25.77-7.96,-7.9625.7731.96-68.24-15.150.31-76.48-90.61-3.5918.66+--+/*-//,True
--71.55--76.15/37.14/60.74/66.484.46*-83.05/39.54-44.78/-16.54/,/84.4666.460.7437.14-76.15-71.55--///-16.5439.54-83.05*//-44.78,True
/26.4/99.59*-42.07*-99.17*89.24-33.87*-92.33*-51.05*-67.66*90.25,90.25-42.0799.5926.4-/**-67.66*-51.0589.24-99.17***-92.33*-33.87,False
+-70.33-21.29--46.91*59.18+1.95+98.67--56.4331.81/13.42/40.07,40.07-46.9121.29-70.33+--/13.421.9559.18*+/31.81-56.4398.67*-,False
*64.95-67.41*--67.47*40.98*60.79-48.0582.0*--11.43+86.06-78.6,-78.686.06-11.43*82.048.0560.7940.98-67.47-*-67.4164.95***--+,True
/11.35+16.09-58.24//94.37-+-48.91-66.75/-49.8823.47+-27.99,-27.99-49.8866.75-48.91+-94.3744.7258.2416.0911.35/+-/-/+23.47,False
*-57.76--25.91--32.26/84.01*86.55+-60.75-15.56+73.93/-52.2-84.02,-84.02-52.273.9315.56-60.7586.5584.01-32.26-25.91-57.76*-//*+-+/,False
/-89.45*-19.6/79.18/7.24*18.04+61.99--2.36*-58.05+59.5540.01,40.0159.55-58.05-2.3661.9918.047.2479.18-19.6-89.45**//*+-*+,False
-47.96/95.31-16.06*+12.63+42.54/-70.35-35.52/62.39+-19.49-14.87,14.87--19.4912.6347.96-+*-16.0695.31/+62.39/-35.52-70.3542.54+/,True
-84.55-67.61/-68.3951.02+-65.22/-21.87/80.16+-96.46-50.83+77.13,77.1365.22-+51.02-68.3967.6184.55--/+-50.83-96.4680.16-21.87//+,False
/57.92--53.3/43.63/-77.65+27.37--9.25+-2.13+64.17/-15.62-50.61,-50.61-15.6264.17-2.13-9.2527.37-77.6543.63-53.357.92/-//+-++/,True
+-74.7+-64.46+-37.52*8.46+63.68*-24.51-74.05/-37.94+10.82+-60.99,-60.99+10.82-37.52-64.46-74.7++++-37.9463.688.46*+/-74.05-24.51*,True
+66.85*91.69-84.51/-63.09+63.04/-11.82*-60.64+65.33/-62.5244.27,44.27-62.5265.33-60.64-11.8263.04-63.0984.5191.6966.85+*-/+/*+/,True
+58.53/57.66--80.81/70.3356.5/--41.68-70.38*-83.87--78.59-87.49,-87.49-78.59-83.8770.38-41.68/56.570.33-80.8157.6658.53+/-/--*-,True
--11.380.88-+55.33*40.1/11.22-20.1639.32*28.28+-27.45+-34.58,-34.58+-27.4555.33+-80.88-11.3-+28.2811.2240.1*/*39.3220.16-,True
--45.65*85.4/17.13+-54.64/79.07-89.06//-34.53/10.0167.54/-2.02,-2.02/67.5410.01-34.53//-89.0679.07-54.6417.1385.4-45.65-*/+//,True
+-93.6+-54.58+//26.92+-53.99*71.89-91.68*+51.02-54.33+-53.82,-53.82-53.9926.9216.85-54.58-93.6+++/++*-91.6871.89*-54.3351.02+,False
--43.71/63.47*4.32+73.24*-90.96/9.42--5.52-13.3*74.96/86.97,86.979.42-90.9673.244.3263.47-43.71-/*+*/-74.96*-13.3-5.52-,False
+45.78-48.41*-77.35/16.59*18.66+-60.93+-70.48-18.37/56.48-53.47,53.47-56.48/-18.37-70.48-60.9318.6616.59-77.3548.4145.78+-*/*++,False
*3.51+60.68+-3.1*49.56*-99.3+39.18+83.8*-29.81--50.15-71.47,-71.47-50.15-29.8183.839.18-99.349.56-3.160.683.51*++**++*-,True
+35.86--66.82-10.4//-88.4+-83.43-1.94--25.27*-75.93*-90.13-78.25,-78.25-90.13-75.93-25.271.94-83.43-88.4//-10.4-66.8235.86+-+--*/,False
-19.08/-9.37--88.93*98.84-25.31//-38.01/-31.41+-99.44*-62.9656.77,56.77-62.96-99.44-31.41-38.01-88.93-9.3719.08+/-//-25.3198.84*/+*,False
+-64.56--4.59+37.52--45.39+5.44/-12.65*28.88*-89.1632.07/3.39,3.39-89.1628.88-12.655.44-45.3937.52-4.59-64.56+-+-+/**/32.07,True
/-38.8+-48.6-79.15/98.39--13.97-61.1/54.0635.66*--57.12-5.09,-5.09-57.1261.1-13.9798.3979.15-48.6-38.8/+*/---*35.6654.06/,False
/-58.11/90.58+27.52+74.8/-82.93+-53.85-96.4590.17--5.16*99.85,99.85*-5.1627.5290.58-58.11//+-90.1796.45-53.85-82.9374.8+/+-,True
+33.51*-53.32-64.44+76.21/-92.11+-0.83/-74.02+-18.7/1.73-21.18,-21.181.73-18.7-74.02-0.83-92.1176.2164.44-53.3233.51+*-+/+/+/,True
+-44.95*11.89-46.55*68.9*16.81*-32.9329.53**-55.22--25.1264.1,64.1-25.12-55.22**29.53-32.9316.8168.946.5511.89-44.95**-***-,False
+-14.72/-3.53*-56.08/+--71.11+23.48-98.87/-73.3/95.34*-8.5,-8.523.48-71.1128.66-56.08-3.53-14.72+/*/-+*95.34/-73.3/-98.87,False
*24.77-12.62*/73.66/51.41/-14.31*33.12/-88.81*68.6155.07/47.23,47.2373.66*-12.6224.77*//55.0768.61-88.8133.12-14.3151.41//*/*,True
/64.14*-92.12--94.26*46.32*-87.46+80.52++-13.0782.3+-90.74,-90.7498.6580.52-87.4646.32-94.26-92.1264.14/*-**+++82.313.07-,False
*95.25+73.35/72.76+35.81+-68.03/-74.13/92.6366.54+32.11-99.93,99.93-68.0335.8172.7673.3595.25*+/++-32.11+66.5492.63-74.13//,False
/23.19+82.54/30.96/-27.49*-94.6/-91.77*53.98-20.08-48.77*38.95,38.9553.98-91.77-94.6-27.4930.9682.5423.19/+//*/**48.77--20.08,True
/-75.1+52.64--11.32/-52.73-92.6-87.64+66.09-36.11/-87.57-19.53,19.53-75.1/--87.5787.6492.6-52.73-11.3252.64+-/--/-36.1166.09+,True
--17.77--21.55/-65.09**+37.65+90.56--27.85-17.36/5.45+3.51,3.51+5.4590.5637.65-21.55-17.77--+*94.97-65.09/+/-17.36-27.85-,False
/-6.79*-71.62*49.4-27.07-60.23/72.93+-47.63/11.17+-38.2689.31,89.31-38.2611.17-47.6372.9360.2327.0749.4-71.62-6.79/**--/+/+,True
-27.17*70.47*28.24--10.07-53.13/72.54/31.85-41.57/-26.63*25.82,25.82-10.0728.2470.4727.17-**-*-26.6331.8572.5453.13-*//-41.57,False
/-42.97+-71.27*-15.91/-79.75+88.27-46.92+-99.045.46--77.3-7.74,7.74-42.97/--77.388.27-79.75-15.91-71.27+*/+-5.46-99.0446.92-+,True
*52.97+-12.28*91.63*21.72*-45.47-91.910.42+30.73+-46.07*91.11,91.11-12.2852.97*+*-46.07+30.7391.91-45.4721.7291.63***-+0.42,True
/-3.71-16.33*-15.27/11.78*92.65*74.12*72.77*-24.8588.21*57.83,57.8372.7774.1292.6511.78-15.2716.33-3.71/-*/**+*88.21-24.85*,False
+8.6*-57.14+34.1-34.6--79.6/-72.4233.26//43.97--40.24-9.89,-9.89-40.2443.9734.1-57.148.6+*+//33.26-72.42-79.634.6--/-,True
--49.59*13.36*12.2462.7/*42.05/5.28+-99.3-69.85/*50.07-49.74,-49.7450.075.2842.0513.36-49.59-**/62.712.24*/*/-69.85-99.3+,True
*-85.95/20.09/82.39--30.02+-62.15-*89.23//26.37*80.0818.31,18.3180.0826.37/89.23-16.07-62.15-30.0282.3920.09-85.95*//-+-/*,False
/45.16/23.07--74.52-/-94.12++33.31--25.59--58.82-58.68+-57.9,-57.9-25.5933.31-74.5223.0745.16//-++-94.12-73.63--+-58.68-58.82-,False
+-61.48-83.52+-83.7*54.17*--19.66-38.44/-86.4750.38*+12.66,12.66-61.48++*-19.66-82.6954.17-83.783.52-+**50.38-86.4738.44-/,False
/-35.15*18.22-35.48+75.33-82.34*--15.14--51.27-80.89/40.54,40.54/-80.89-51.2715.14-84.1182.3475.3335.4818.22-35.15/*-+-*--,False
/-15.1*-85.93+9.32*-49.65+28.56*-34.9746.63/*-74.7861.26/55.42,55.4228.56-49.659.32-85.93-15.1/*+*///46.63-34.97*61.26-74.78*,False
--98.51+53.3+-53.262.93*-86.13-73.29+32.77/+29.57/55.55*47.62,47.6253.3-98.51-+*55.55/29.57+/62.93-53.2+32.77+-73.29-86.13-,False
*51.14-59.0+89.6799.17---80.63*-77.25+93.49-98.18-58.58--,56.59-80.6359.051.14*---99.1789.67+--58.5898.1893.49-77.25*+-,False
/46.58+-74.22*8.53*10.94-54.79*14.5--73.08-95.6271.42/-74.92,-74.9214.554.7910.948.53-74.2246.58/+/*-*/71.4295.62-73.08--,False
*45.39-80.14*+-42.61/-21.36/-48.55*85.13*-47.76/91.33*75.37-26.57,-26.5775.3791.33-47.7685.13-48.55-21.36-42.61-*-80.1445.39*//**/*,False
/-82.94/21.95/-69.15-27.74/78.6+84.3118.21-+-38.33/89.1588.06,88.0689.15-38.33-69.1521.95-82.94///+-18.2184.3178.627.74-/+/,True
/-89.8-33.63-12.22-73.72-19.98-89.31//-56.9855.42+--20.58,20.58-9.69+55.42-56.98//-89.3119.9873.7212.2233.63-89.8/-----,False
+11.22*-70.96*-3.42--83.5360.08/-97.9-20.33/76.32-30.45*-1.61,1.6111.22+-*60.08-83.53-3.42-70.96**--30.4576.3220.33-97.9/-/,False
*-74.36-22.01/54.67+-58.29-0.19--86.6299.11**-40.03-10.35--71.03,-71.03-40.030.19-58.2954.6722.01-74.36*-/+-**99.11-86.62---10.35,True
+-53.33+79.59*-24.5-14.77+23.61+42.71--14.05+63.34-41.64+10.5,10.5-14.0542.7123.6114.77-24.579.59-53.33++*-++-+-41.6463.34+,True
/68.8+//24.06/-21.71/20.71+74.01-13.02/-37.8395.25*91.14,91.14-21.7124.0618.3368.8/+//*95.25-37.8313.0274.0120.71/+-/,False
--61.23/9.94*-42.0483.77/-21.75--19.01-58.18+-13.19-9.6*99.68,99.6858.18-19.0121.75/83.77-42.049.94-61.23-/*---*-9.6-13.19+,False
+-50.03+-8.93/-88.74/-12.51-84.56+--89.76+-79.07--95.12*-75.2567.16,67.16-75.25-95.12-79.07-89.76-50.03+-+-84.56-12.51-88.74-8.93+//+-*,True
+-20.65-96.2+27.05+14.03*19.01*30.56-35.65+48.21*46.62/23.18,23.1819.0114.0327.0596.2-20.65+-++*/46.62*48.2130.56*+-35.65,True
*+*-32.26/-85.78*-68.19-61.46--58.42-81.12-90.8920.32*-98.02,98.0261.46-68.19-85.78-32.26-91.32**/*--*-81.12-58.42-20.3290.89-,False
+-89.85+-99.38/-72.96*-36.96/50.31*38.99/61.56-6.56*77.23+-76.79,-76.79-36.96-72.96-99.38-89.85++/*+77.2350.31/*-6.5661.5638.99+/,False
*67.89+-21.35*30.47/-8.66/79.74--77.990.6++48.64*-55.22-19.44,-19.44-55.2248.64++90.6-77.979.74-8.6630.47-21.3567.89*+*//-*,True
*48.2*44.05/86.99*-48.48+-77.01-90.62/*40.747.61*-86.65+-,-77.944.0548.2**+-86.65-48.4886.99/**7.6140.74*/-90.62-77.01+,False
+-25.92+60.49*36.55-29.29*+43.72/13.12-42.84/-95.34*-56.043.83,3.83-56.0495.34-/-42.8413.1243.72-25.92++*-29.2936.5560.49+*/*,True
/74.01/-71.67/-40.09*-46.22*74.9982.24/-4.77/73.79/5.79+/,-2.93+5.79-40.09-71.6774.01////73.79-46.22*/-4.77/82.2474.99*,False
*6.49--63.26-10.84/+-9.4/62.74*84.59-24.2536.65+-71.47+95.42,95.426.49*+-71.4784.5962.74-9.4+/-10.84-63.26--*+36.6524.25-,False
/-69.12--42.82/-59.55-34.04--73.92+96.13+97.42*28.41-88.74+23.29,23.2928.4197.4296.13-73.9234.04-59.55-42.82-69.12/-/--++*+-88.74,False
*28.43+-54.04--0.62*24.06/-97.12+10.33--27.17-41.31-5.73/42.78,42.7828.43*/-5.7341.31-27.1710.33-97.1224.06-0.62-54.04+-*/+--,True
/6.94/32.13+-23.03*-89.74*43.83+-97.272.95*27.66/90.89/48.81,48.81/90.89-89.74-23.0332.136.94//+*/27.6643.83**2.95-97.27+,True
/-38.88-64.15*+67.14+54.7--26.67+-37.492.11+83.45-95.4/-40.29,-40.29*-64.15-38.88//95.4-83.4567.14++92.11-37.4-26.6754.7+-+,True
-40.64+-99.61--8.32*-14.03/6.28/-47.79*38.6*-16.89-77.85--95.34,-95.34-16.8938.6-47.796.28-14.03-8.32-99.6140.64-+-*//**--77.85,True
*27.81/37.15*68.45/66.46*-85.3150.92+/-29.98+97.61*-55.479.7,79.7-55.497.61-29.98+50.92-85.3166.4668.4537.1527.81*/*/*/+*,True
/8.74/86.05-39.22-17.43--37.870.45/-15.18/40.61/25.67-38.56,38.5686.058.74//-25.67/40.61/-15.1817.4339.22--/70.45-37.8-,True
*-53.34/44.89+46.08-62.37+--40.0380.2656.83/--54.33--89.87-4.16,4.16-53.34*--89.87--54.33-/80.26-40.03-+-62.3746.0844.89/+56.83,True
/21.86+-79.7*85.25-36.04/--51.41*64.29--79.52-19.24-86.04*43.28,43.2864.29-51.41-/-36.0485.25-79.721.86++***-86.0419.24-79.52--,False
/12.22/-13.85*-24.38/-65.2643.09/-4.2/75.92/-0.68-35.2-14.54,14.5475.924.2-/43.09-65.26-24.38-13.8512.22//*//--35.2-0.68/,True
/48.24--63.46+-79.79+91.04-18.25/+76.8--86.58/40.03/-51.5376.27,76.27-51.5340.03-86.5876.8-63.4648.24/-+/-18.2591.04-79.79++-//,True
-75.06+-11.69/68.37*55.21*80.72+48.51--64.74--90.71*-99.7462.79,62.79-99.74-90.71-64.7448.5180.7255.2168.37-11.6975.06-+/**+--*,False
+71.7165.99-/-80.98/-77.92+-83.87--99.88-39.35*-37.14*69.63/-34.79,-34.79-80.98-65.9971.71+//69.63-77.92/*-37.14-99.88-83.87+-*-39.35,False
+-51.16+++76.11*-41.53+8.34-78.54/77.06/5.76-79.8937.41,37.4179.895.7677.0678.548.34-41.5376.1191.95-51.16+++*+-//-,False
--10.9/29.5*16.96*39.19+57.05+1.5182.03+--79.08-64.87+77.5,77.539.1916.9629.5-10.9-/**+-64.87-79.0857.05+-+82.031.51+,True
/47.34*-74.17*-78.52*-6.39/66.04*-87.79*59.94/75.81--83.09-64.87,-64.87-83.0975.8159.94-87.7966.04-6.39-78.52-74.1747.34/***/+*/-,False
--31.62-11.06/-58.13*//-38.82-21.590.2+63.8/-47.75/-18.66,-18.66-38.82-64.48-58.1311.06-31.62--/*//-47.75/63.8+0.221.59-,False
*74.88*-77.51*77.6*-30.39--25.45*28.95-56.69+*88.41--62.2-90.97,-90.97-62.288.41+-56.6928.95-25.45-30.3977.6-77.5174.88***--**-,False
-89.19*39.36/-65.95+84.8/-27.15+-45.94+93.55-70.31--8.3222.69,22.69-8.3270.3193.55-45.94-27.1584.8-65.9539.3689.19-*/+/++--,False
*35.58+80.16*12.21-35.79/-37.97*50.43/-67.05+3.1693.79/-71.08,-71.083.16-67.0550.43-37.9735.7912.2180.1635.58*+*-/*/-/93.79,False
*75.9/50.52*++-57.48--5.47/-83.06*23.6-9.79*-22.64+93.33,93.33-63.9750.5275.9*/*+-22.6423.6-83.06-5.47-57.48+-/**-9.79,False
/26.85--41.6+-38.14*38.64*59.96-77.3+-24.67-31.57*37.14*-40.23,-40.23*37.1438.64-38.14-41.626.85/-+**-31.57-24.6777.359.96*-+,True
/-21.65-28.5++79.72/18.75*32.86*-88.13/-57.53+76.59--51.9-28.26,-28.26-51.976.59-57.53-88.1332.8618.7579.72+-28.5-21.65/+/**/+-,True
*-45.79+-22.78-75.62+-79.12+9.82+-54.43*+-35.57--18.63+-61.87,-61.8775.62-22.78-45.79*+-+-18.63-79.12+--35.57-46.15-54.439.82++*,False
*13.16--46.67-33.85-63.43+41.1337.89*/61.59+97.6480.01-93.52,93.52-80.0197.6461.5963.4333.85-46.6713.16*---/*37.8941.13++,True
/64.78+83.24--11.93-98.0*-67.3261.14-58.33-77.74--53.04/-18.18,-18.18/-53.0464.78/-77.74-58.33-61.14-67.3298.0-11.9383.24+--*,True
/3.02+64.64-25.66/-39.1668.93/+65.95--26.27+/-99.62--47.39,-47.3964.643.02/+--99.62-26.2765.9525.66-+/68.93-39.16/-/-80.51,False
*11.01/-70.35/76.06/91.46+30.08-62.38-*-71.5--31.66--59.93,-59.9330.0891.4676.06-70.3511.01*///+--31.66-32.3162.38----71.5,False
+-5.99+9.8880.83*-71.56--68.42*-1.13*-45.15*-21.29*-55.02-27.3,-27.3-55.02-21.29-45.15-1.13-68.4271.56-*80.839.88-5.99++-****,True
*-48.51++86.25+-45.45*-0.36*48.38+-54.08--73.36*-72.1647.13,47.13-72.16-73.36-54.0848.38-0.36-45.4586.25+48.5127.93*++**+-*,False
*-45.84+-55.14--82.17+-32.27/3.88--10.45/-50.56+89.67-34.75/-30.85,-30.85/-34.7589.67-50.56-10.453.88-32.27-82.17-55.14-45.84*+-+/-/+,True
*-31.44*46.49/15.91--24.35+-34.37+-12.2/51.72*18.865.4-28.32,28.32-65.418.851.72-12.2-34.37-24.3515.9146.49-31.44**/-++/*,True
/-50.44--78.35+-76.49--62.05/-53.77+-85.43/74.57-21.59+43.26*70.46,70.46-78.35-50.44/-*43.26+-21.5974.57-85.43-53.77-62.05-76.49+-/+/,True
+9.84--54.14+28.29*-46.53+2.33/86.57--71.04/87.3727.3+61.34,61.3428.29-54.149.84+-++27.387.37-71.0486.572.33-46.53*+/-/,True
+-19.22/-3.73+-40.26/88.71--85.22+-77.73*19.81-98.0845.92*82.64,82.64-40.26-3.73-19.22+/+*45.9298.0819.81-77.73-85.2288.71/-+*-,True
*-89.97/-42.43*9.04/80.63*93.99+6.4-58.88-13.48-62.39--42.0,-42.0--62.3913.4858.886.493.9980.639.04-42.43-89.97*/*/*+--,True
/-15.77*95.19/-61.76/-9.01-36.5867.16**74.86--82.6/38.35-66.71,-66.7138.35-82.674.86-15.77/**67.1636.58-9.01-61.7695.19*//--/,True
-39.72/6.4162.43/+-92.94/49.52+65.37-14.3+48.2666.41+-66.97,-66.9749.52-92.94/62.436.4139.72-/+/+66.4148.2614.365.37+-+,False
*76.2+13.61*-91.05/-53.55/-94.54--36.63+-18.67*-56.73-35.97+89.98,89.98-53.55-91.0513.6176.2*+*/+-35.97-56.73-18.67-36.63-94.54/-+*,True
*57.43/22.65+91.66--71.9/-4.42/38.37+95.44+12.57-54.26*19.11,19.1122.6557.43*/*-54.2612.5795.4438.37-4.42-71.991.66+-//++,True
*-32.35+-28.53-19.83*-12.33*-65.26-44.74/61.55/94.06-80.81/2.04,2.04-32.35*/-80.8194.0661.5544.74-65.26-12.3319.83-28.53+-**-//,True
-71.88/7.83-30.25*-97.6--81.66/-62.11+30.48+18.984.56/31.12,31.1230.48-62.11-81.66-97.630.257.8371.88-/-*-/+/4.5618.98+,True
+21.22/-90.26-79.56/--4.68+17.93+-0.72*57.1*17.97-70.0927.35,27.3570.0917.9757.1-0.7217.93-4.6821.22+-/-79.56-90.26/++**-,False
--38.14*74.5-84.09-13.46/42.77+-54.58*16.8450.04+-6.02--25.12,-25.1274.5-38.14-*--6.0242.7713.4684.09--/+50.0416.84-54.58+*,True
+-30.63*-81.88*-40.87*37.86--59.265.16*5.36-9.56+99.07-44.06+,+5.16-59.2637.86-40.87-81.88-30.63+****44.06-99.075.36*+-9.56,False
/-97.86/-1.0-6.78-12.21+20.86+-84.67+-62.07-74.33*20.93-73.16,73.1620.8612.216.78-1.0-97.86//--+-20.93-84.67+*-74.33-62.07+,True
/9.56--34.97*21.32*25.44*81.15-98.22+-21.24-92.76+-29.2373.2,73.2-29.2392.76-21.2498.2281.1525.4421.32-34.979.56/-***/+-+,False
/-46.7/-11.1338.12/+99.76+-76.37*57.02/70.1-23.55+96.9-15.9,-15.996.923.5570.157.02-76.3799.76-46.7/+/38.12-11.13/+*/-+,True
*-0.7*+/-96.77*81.2/-50.41-52.79+--4.78/76.54*81.1259.99,59.9981.1276.54-4.78-0.7*-+-52.79-50.4181.2-96.7720.38*/*//*,False
*-54.41/-71.64--21.65/-94.84-15.68/26.73/67.68-13.3+12.06-72.36,72.3667.6826.7315.68-94.84-21.65-71.64-54.41*/-/-//-12.06+-13.3,True
--70.33+4.71*80.74+-55.61/75.64+11.52/-26.9-94.02/-10.58-13.84,-13.84-10.5894.02-26.911.5275.64-55.6180.744.71-70.33-+*+/+/-/,True
--8.54/-1.12+9.62/-9.47+43.79+14.87-28.8711.81-96.43--6.57,-6.579.62-1.12-8.54-/+-96.43-11.8128.8714.8743.79-9.47/++-,True
+*-45.91+61.21*39.35/-73.75*-60.9288.51*-52.77*-59.33/-63.11,-63.11/-59.3361.2145.91-99.76+-+*-52.77*88.51-60.92-73.7539.35*/*,False
/16.6273.7*+73.41*-12.16+-17.65/-78.67/-61.03-75.71*21.11/21.57,21.57-12.1673.41+*73.716.62/*/21.11*-75.71-61.03-78.67-17.65+//,True
/48.53/-0.73*91.76--37.1164.84*--57.5-6.22--98.48-15.46-25.35,25.35-0.7348.53//--15.4698.4891.76*---6.22-57.5-*64.84-37.11-,True
-50.1788.65*+67.77-73.22-68.47*94.68*42.3+-36.58*-53.95-74.99,-74.99-53.95-36.5842.394.6868.4773.2267.77+*88.6550.17---**+*,True
+50.79/-88.59/-62.55/75.28*52.03+27.26*50.05--54.94--55.75-16.07,-16.07-55.75-54.9450.0527.2652.0375.28-62.55-88.5950.79+///*+*--,True
/34.31--91.65/-88.02-72.86++42.63*-7.08+43.53/73.8344.65--52.27,-52.2773.8343.53-7.0842.63++-72.86-88.02-91.6534.31/-/*+/-44.65,True
+-52.67/12.04+70.9+14.97/-88.06--51.88*-81.3742.9/*-40.3221.19,21.19-40.32-51.88-88.0614.9770.912.04-52.67+/++/+*/42.9-81.37*,False
*-2.63/-62.17/-33.45*-61.86/-61.05*-88.56+-4.24*30.49+-88.08-45.03,-45.03-88.0830.49-4.24-88.56-61.05-61.86-33.45-62.17-2.63*//*/*+*+,True
/*-31.23/*79.92-47.46*-49.18*-24.82+-22.784.47++5.1394.68,94.685.1379.92*/-31.23-5.49/++84.47-22.7-24.82-49.1847.46-**+,False
*99.59--66.42+-82.04--92.61-23.65/-83.93*-48.5*66.27*47.694.42,4.4247.6966.27-48.583.9399.59*-/-23.65-92.61-82.04-66.42-+-***,True
*72.21/-80.75--64.31+39.1879.23-89.83--85.44/57.98-39.98*-74.1,-74.1-64.31-80.7572.21*/-*39.98-57.9839.18+/-85.44-89.83-79.23,True
*58.88+-2.26+41.79/11.76*27.35*9.14/85.55-37.59+24.06/-33.26,-33.2611.7641.79-2.2658.88*++//24.0685.559.1427.35-*/+-37.59,False
/76.2/80.42--67.83+-9.83*-86.64*-73.3931.75/58.64/66.13/86.3,86.3-67.8380.4276.2//-/66.13-86.64-9.83+*//31.75-73.39*58.64,False
+-7.28/18.89*-38.41*-31.59--58.1/0.36*8.18--78.49--57.5280.66,80.66-57.52-78.498.180.36-58.1-31.59-38.4118.89-7.28+/**-/*--,True
*-36.62*38.1*-1.2988.42+0.26/-8.77/-34.57/-76.35-40.02/-82.97,-82.9738.1-36.62**/40.02--76.35/-34.57/-8.77/0.26+88.42-1.29*,True
+-4.29/-62.02*-24.49-93.2//-10.36*/*-21.73-56.85*84.94--21.88,-21.88-4.29+-/-93.2-24.49-62.02/*84.9436.57-10.36/**-56.85-21.73*,False
/48.52*47.3*-83.39*89.22+44.34+-32.16+15.8514.57/-94.54+26.06,26.0644.3489.22-83.3947.348.52//**++-94.5415.85-32.16++/14.57,False
/-51.56*77.21/24.58/-36.05*-69.19*-82.89*-63.6*-81.65-92.92*75.38,75.38-63.6-82.89-69.19-36.0524.5877.21-51.56/*//*+**-92.92-81.65*,False
/49.05*92.36--27.39-58.03---34.21-15.37/+-24.81/-42.4763.02/-1.9,-1.9-42.47-24.8192.3649.05/*+--58.03-27.39-/-15.37-34.21-//63.02,True
+59.02--72.13*-60.93--31.64+-44.46--36.45*32.3*19.11/50.8961.5,61.550.8919.1132.3-36.45-44.46-31.64-60.93-72.1359.02+/*-+-**/,False
+21.39+-3.69--48.09/44.75+91.42+++-91.26*37.63/-59.5623.32,23.32-59.5637.63-91.26-66.1691.4244.75-48.09-3.6921.39++-/+++*/,False
/-21.27*52.79*49.46/-66.6--24.5275.92+-55.14-/+-33.8875.42,75.42-33.885.2955.14-66.649.4652.79-21.27/**/-+75.92-24.52--+,False
+-21.74*90.17*13.72/-43.23--72.85--30.37--38.192.21+4.46*87.21,87.21-43.2313.7290.17-21.74+**/*4.46-38.19-30.37-72.85---+2.21,True
/45.4-38.56+-0.71--2.65/-37.18-3.16/43.37-81.8-33.391.91,91.9133.381.843.373.16-37.18-2.65-0.7138.5645.4/-+-/-/--,True
*-88.86-17.44+-80.95/40.16+-2.32+-72.86-16.87-58.8+-43.58*72.36,72.36*-43.58-72.86-2.3240.16-80.9517.44-88.86*-+/+++-58.816.87-,True
/91.04/-73.4483.57//59.37/-4.29+-59.45-83.38-30.89/51.41--15.37,-15.3759.3791.04///83.57-73.44/-51.4183.38-59.45-4.29/+-/-30.89,True
*-13.98+-64.85--14.46+-55.34*-47.69-97.15/-60.33/-80.32-50.18/94.36,94.3660.33-14.46-64.85-13.98*+--/-97.15-47.69-55.34+*/-50.18-80.32/,True
--23.84/-21.33/-0.55*94.16*-60.47+-43.47-41.08*-4.97-44.83*21.75,21.75-0.55-21.33-23.84-//*44.83-60.4794.16**--4.97*-41.08-43.47+,True
/-41.65+-63.2-17.18*8.66-82.16+-58.17/38.62*86.76-25.49/-43.05,-43.05/-25.4986.7638.62-58.1782.168.6617.18-63.2-41.65/+-*-+/*,True
*-14.15-**0.32/-69.35+26.92+-19.74--18.75*-93.74-19.44--89.05,-89.05-19.7426.92-69.350.32-41.62-14.15*-*/++--19.44-93.74-18.75-*,False
-69.32/41.54/67.58/-29.92+-45.09**+-1.93--37.22-37.69/19.25,19.25-45.09-29.9267.5841.5469.32-///+/-37.69-37.22-1.93-66.13*+-,False
*-57.2*3.2+-35.4+-12.71*-62.0367.65*-79.51--80.66-58.22+41.53,41.5379.51-12.71-35.43.2-57.2**++-*67.65-62.03*+-58.22-80.66-,True
--33.14-84.32//-90.09/-54.74+37.79+-3.69-97.56-65.64-84.34/-69.61,-69.61-3.6937.79-54.74-90.09//-84.32-33.14-/++/-84.3465.6497.56--,True
+68.2669.51-+-16.48*82.14+-7.12*43.07/-43.52-35.21/-33.82--54.59,-54.59--33.82-43.5243.07-7.1282.14-16.48+-69.5168.26+*+*/*-35.21,False
*-65.59-33.48/15.71*-81.8528.82/*48.2-34.59--23.4652.33--,59.73/28.82-81.8515.7133.48-65.59*-/*-52.33-23.4634.5948.2*--,False
*-54.7/20.77-15.36+9.65+82.82--25.98-29.6*-26.96+-32.61-35.96,-35.96-32.6126.9682.829.6515.3620.77-54.7*/-++-*-29.6-25.98-+,True
+34.849.96---20.6+-47.22*8.76*-72.06*76.31--90.9*7.2481.06,81.067.24-90.976.31-72.068.76-47.22-20.6-9.9634.84+-+***-*,True
/-42.9-71.57-3.5-77.1*-51.17*-47.12--82.9+63.16+70.5772.52,72.5270.5763.16-82.9-47.12-51.1777.13.571.57-42.9/---**-/+,False
/41.51+39.57-37.31*-31.09/-14.43*56.97*-90.6655.38*-73.48*--23.28,-23.28-*-37.3139.5741.51/+-73.48-14.43-31.09*/*55.38-90.6656.97**,True
-75.34*-54.99/33.92*28.19/-86.55--1.48/71.17-51.42+39.88--91.98,-91.9875.34--39.8828.1933.92-54.99*/*+-51.4271.17-1.48-86.55/-/,True
*30.48/-46.11/-45.56+-54.92--6.38+83.19/3.5516.13+47.72*-78.14,-78.14-45.56-46.1130.48*/+*47.72+16.133.5583.19-6.38-54.92+-+/,False
*62.65--14.95-4.58--94.23/57.69/-94.54-20.75*51.12/-38.0*-76.27,-76.274.58-14.9562.65*--*-38.057.69-94.23-//*-20.75-94.54/51.12,True
+-59.87/-15.76/64.92/-33.6+-44.63+14.07*35.75-57.18/56.56--46.17,-46.1764.92-15.76-59.87+//-56.5635.7514.07-44.63-33.6/++*/-57.18,False
/57.9-91.69/--4.68*20.44-79.92+-59.6*90.02-86.05---57.7832.92,32.92-57.78-4.68-/-91.6957.9/---86.0590.02-59.679.9220.44*-+*,True
/8.7-23.87+-20.37*-86.22--55.66*67.96--70.5147.72*57.87+60.1,60.1-20.3723.878.7/-++57.87-70.5167.96-55.66-86.22*-*-*47.72,False
*-44.57+-32.39/22.83*-65.88*20.54*-25.17+-83.17-39.99+-44.47-28.07,28.07-44.57*--44.47-25.1720.54-65.8822.83-32.39+/***+-39.99-83.17+,True
*-32.27+61.11*-7.48-98.91/+79.3992.06*+79.33*47.9176.09*-64.7,-64.779.33*92.0679.39+/-98.91-7.4861.11-32.27*+*+*76.0947.91*,True
--44.95--82.48*-87.4742.8*+32.44*75.53/-86.57+-26.02-26.48/-8.5,-8.5/-26.48-26.02-86.5775.5332.44+*42.8-87.47-82.48-44.95--**/+,True
/68.15/53.77*-70.79*-85.8-21.46*-80.25**+-63.04-6.69/-4.51,-4.51-85.8-70.7953.7768.15//**/-6.69-63.0421.46-+*-25.53-80.25*,False
+//33.7/-43.1-70.72-*-16.64-0.67/+36.11-37.85+-0.27--35.07,-35.07-98.46+--0.2733.7/+--70.72-43.1/-37.8536.11+/-0.67-16.64*,False
+53.54+-50.39*87.58/-82.33/19.6760.12*+91.2-20.6*/-50.4142.51,42.51-50.41*-20.691.2-50.3953.54+++*60.1219.67-82.3387.58*///,True
*-31.06+73.13+6.54+-6.09/13.01+-67.83-18.88*--60.7244.47/-65.39,-65.39*-18.88-67.8313.01-6.096.5473.13-31.06*+++/+/44.47-60.72-,True
*-22.0999.31/0.77///41.02+66.51/52.424.24+2.6+68.67-,-99.31-22.09*68.67+2.642.530.77//+24.2452.466.5141.02/+/,False
*-17.08/11.71/-7.72--64.7*-19.3944.25/*-27.28*-84.93--68.35-92.21,-92.21-68.35-84.93-27.2811.71-17.08*/*/44.25-19.39-64.7-7.72/-**-,True
-36.04/79.55+22.53/34.34/-41.37/62.42+52.66-66.7443.59+-16.89,-16.8952.6662.42-41.3734.3422.5379.5536.04-/+//-++43.5966.74-,False
+50.94--34.26-70.87--22.84+24.6775.29-2.39/7.49/-90.38-75.09,75.09--90.38/7.4970.87-34.2650.94+--/2.3924.67-22.84-+-75.29,True
+-92.14-41.48-70.53-85.8829.66+-59.5786.51*29.92/-93.35-51.97,51.97--93.35/29.92*86.5159.57-+29.6685.8870.5341.48-92.14+---,True
*-75.24*-45.54*46.23-54.61/--30.7*94.88*+/-6.49-14.29+19.7,19.794.88-30.7-45.54-75.24**-/-54.6146.23**+-14.29-6.4958.19*/,False
*-75.49-39.86/80.23--30.22--96.36+-55.03--23.76-68.2*15.07-55.05,55.05-75.49*-15.07*-68.2-23.76-55.03-96.36-30.2280.2339.86-/--+-,True
--35.43-35.37*+-59.46*-6.74/87.45/-*86.51+63.59+-37.5935.64,35.64-37.5963.5986.51-39.0587.45-6.74-59.46+*-35.37-35.43-*//*++,False
+86.58--14.15--12.11+-11.33*-1.85+84.35*13.56--79.44/-41.5-96.66,-96.66-41.5-79.4413.5684.35-1.85-11.33-12.11-14.1586.58+/-+*+*-/,False
+40.93+84.22+99.86--58.43*-12.23*96.7563.65*28.16+18.99+0.25,0.2596.75-12.23-58.4399.8684.2240.93+++-**+18.99+28.16*63.65,True
*-38.44/-19.95--79.64/0.88-10.35/52.41*4.64-19.07*--23.94,23.94-38.44*-40.920.88-79.64-19.95/-/*-19.074.6452.4110.35-/*,False
-57.82/-16.15-22.75/29.98*-24.28*-76.53-98.73/+/31.13--64.1857.93,57.93-64.1831.13+-22.75-16.1557.82-//-98.73-76.53-24.2829.98/**/-,True
*75.53-4.06--69.73/-53.21*5.69+-81.74/68.33-5.79--34.74-60.97,-60.97-34.745.7968.33-81.745.69-53.21-69.734.0675.53*--/*+/--,True
/74.59+72.71*89.75--19.92*31.96+*14.36--56.3595.46/-91.13,-91.1372.7174.59/+/95.4656.35-19.9289.75*---14.3661.8631.96*+,False
*11.58*39.69*-68.34--71.36--70.77+76.92--12.44-2.18//28.8537.48,37.4828.85/-2.18-12.4476.92-70.77-71.36-68.3439.6911.58***--+*/,False
/-32.33/-76.4/43.54*84.841.08-+77.81-31.81+72.54+90.92-2.04,-2.0490.9272.5431.8177.8143.54-76.4-32.33///+-41.0884.8*-++,True
/82.74+-19.41-5.98*+57.08+52.78*-95.12+-47.58.92*51.51-34.46,34.46*-5.98-19.4182.74/+-51.51-95.1252.7857.08++**8.92-47.5+,True
+-59.46*-38.73+86.88/59.9*-91.47*80.8/61.69--12.46*96.5843.54,43.5496.58-12.4661.6980.8-91.4759.986.88-38.73-59.46+*+/**/-*,True
+-94.69-98.64+3.86/-32.36*+*-48.64+9.5-76.75*83.68-83.0,83.03.8698.64-94.69+-+-83.689.5-48.64-64.33-32.36/**+*-76.75,False
-51.63+-28.15*80.98*95.58-38.47*51.72+-95.12*-28.0489.95*9.35,9.35*89.95-28.04-95.1251.7238.4795.5880.98-28.1551.63-+**-*+*,True
--4.06+72.6-52.59*-68.49+74.3-36.09+12.81/-31.32+5.2949.21,49.215.29-31.3212.8136.0974.3-68.4952.5972.6-4.06-+-*+-+/+,True
*-55.05-35.4/18.05+32.87*-51.13/49.85-67.31+-53.010.89*-93.39,-93.3932.8718.0535.4-55.05*--+*10.89-53.067.3149.85-51.13*/-+,False
+-55.0-59.16+-92.18*-62.47+16.9/44.42*71.27*29.01*32.66-56.01,-56.0132.6629.0171.2744.4216.9-62.47-92.1859.16-55.0+-+*+/***,True
*-75.17/79.41+60.09+-37.17*-9.89/-32.44+10.7-95.29//-64.99-23.51,-23.51-64.9979.41-75.17*///-95.2910.7-32.44-9.89-37.1760.09++//+,False
/92.73--33.8--11.92+-59.36/17.78+22.5/34.1*-13.0182.68/-35.37,-35.37-33.892.73/-/82.68-13.0134.122.517.78-59.36-11.92-+/+/*,True
+-92.8/-16.68/-5.63+66.03*63.49-43.97*21.84*-94.52-96.46+94.31,94.3163.4966.03-5.63-16.68-92.8+//+*+-96.46-94.5221.8443.97-**,True
/30.69/23.52+-82.24+-55.68/43.3663.1*--25.16+25.7525.92*-16.54,-16.5425.75-25.16-82.2423.5230.69//+-+63.143.36-55.68+/+*25.92,False
*-92.07+21.85+85.77+15.31+51.32+-61.19/-41.98*92.66+-4.9668.72,68.72-4.9692.66-41.98-61.1951.3215.3185.7721.85-92.07*+++++/*+,True
-37.7-/--5.62*-11.45/-98.73*-39.0--6.95/55.5691.05/-86.51,-86.51-98.73-11.45-5.62/38.2337.7--*//91.0555.56-6.95-39.0*-/,False
/85.17/82.2+3.29+-77.12-30.45+-51.52/-95.57-90.44/-28.54--44.48,-44.48--28.54-51.5230.45-77.123.2982.285.17//++-+/-90.44-95.57/,True
*29.95*-47.56+-43.41+4.07-60.04/-3.23+-87.74-7.69/-67.31/-75.0,-75.0-43.41-47.5629.95**+/-67.31/-7.69-87.74-3.2360.044.07+-/+,True
/-30.02+80.86*36.22*-55.48-59.02/-71.272.75--49.41-58.86+-14.55,-14.55-30.02/+58.86--49.41-72.75-71.259.02-55.4836.2280.86***-/,False
--87.72--35.57*88.29*88.58+56.1-73.96/31.19+-21.28/-49.6310.47,10.47-49.63-21.2831.1973.9656.188.5888.29-35.57-87.72--**+-/-/,False
/51.89*20.8/12.38-42.22*-8.97-61.8---75.75-33.23-49.16*-88.89,-88.8933.23-75.7551.89----61.8-8.9742.2212.3820.8*/-*-*-49.16,False
--56.73+0.99/75.76--50.65/18.96-41.56+93.4*18.5-25.54/-93.71,-93.7118.593.441.5618.96-50.6575.760.99-56.73-+/-/-+*/-25.54,True
-86.77*46.45*-99.95*-80.886.44+-85.34*66.41--10.6+-11.92-88.8,-88.8-11.92-10.666.4185.34-99.9546.4586.77-**-+6.44-80.88**-+,True
--71.34/-26.52/-80.59+-71.29+88.9+21.2+-25.82*-56.95/-25.020.9,20.9-25.0-56.95-25.8221.288.9-71.29-80.59-26.52-71.34-//++++*/,True
*97.6/35.12*65.63+57.69-31.2/27.17*-91.8*-29.82--20.1478.32,78.32-20.14-29.82-91.827.1731.257.6965.6335.1297.6*/*+-/**-,True
/10.38--71.82+30.4+32.98--55.67*-52.86-26.92*-15.58/-67.11-91.51,-91.51-67.11-15.5826.92-52.86-55.6732.9830.4-71.8210.38/-++-*-*/,True
+70.37+80.79*-21.18+53.13-70.09/-93.08*-39.0*96.9749.85--98.6,-98.6-39.0-93.0870.0953.13-21.1880.7970.37++*+-/*-49.8596.97*,True
*89.53+-74.55/-26.91+95.76-73.04/+69.439.69+38.93/24.05+57.16,57.16+24.05/38.93-26.91-74.5589.53/+/+39.6969.4+/-73.0495.76+,False
--14.71*1.21*14.59/79.731.05/+15.52-22.24-94.84+-10.04/9.23,9.23-14.71-/-10.041.21*+94.84-/1.0579.7314.59*/-22.2415.52+,True
*-41.05-12.25///98.1*43.3+78.41*89.04*90.6683.5+-88.45,-88.45+83.590.6689.0478.4143.398.1-31.6912.25-41.05*-//*+**,False
--92.4+86.86--60.02*-62.11*25.22*-84.6+60.36-77.08--30.7/-2.26,-2.2660.36-84.625.22-62.11-60.0286.86-92.4-+-***+/-30.7--77.08,True
+-72.05+-89.9*36.09--35.19-50.93*+83.41/-58.91+-4.54*95.1778.06,78.0695.17-4.54-58.9183.4136.09-89.9-72.05++*+*-50.93-35.19-/+*,True
+21.91+-10.48+39.16*50.62*-42.9388.25/+17.62+28.01-10.96*54.99,54.9917.62+/88.25-42.9350.6239.16-10.4821.91+++***-10.9628.01+,True
/40.87*-34.8+-97.75*-53.79*81.42-90.79-75.27*82.1778.35*3.79,3.79-97.75-34.840.87/*+*78.3582.1775.2790.7981.42-53.79**--*,True
*-15.99/-26.85*-40.03+41.87/-92.38/66.84+-12.77/-67.74/-77.23-35.15,-35.15-77.23-67.74-12.7766.84-92.3841.87-40.03-26.85-15.99*/*+//+//,True
+-99.62/-30.74-11.6+-91.15+46.56-81.38/89.36-62.19/73.09*75.21,75.2111.6-30.74-99.62+/-*73.09/62.19-89.36/-81.3846.56-91.15++,True
/-46.09*1.18+-21.89*61.48*-39.33--34.99/-95.4868.69+-*69.51,69.511.18-46.09/**-61.35-95.48-34.99-39.3361.48-21.89+**-/+68.69,False
/-28.89*-0.15*-90.65/-89.4--96.32+26.39+-20.06*+29.29-92.11,92.11-89.4-90.65-0.15-28.89/**/-29.29-86.68-20.0626.39-96.32-++*,False
/-50.96*-52.21+-30.66/54.45--90.75/-18.9/47.09-27.452.4*-18.91,-18.9147.09-18.9-90.7554.45-30.66-52.21-50.96/*+/-//*2.427.45-,True
--24.19*-23.1--9.15+54.24/9.28-16.41-27.98*-60.48-37.36/11.68,11.6816.419.2854.24-9.15-23.1-24.19-*-+/-/-37.36-60.4827.98-*,True
/56.62/-44.36+60.91*-10.96+-86.09--57.1*-39.7--85.1848.93*-56.57,-56.57-39.7-57.1-86.09-10.9660.91-44.3656.62//+*+-**48.93-85.18-,True
-81.55--81.88/-30.15*-67.93*46.5-81.82*-84.66/-24.09--18.56-2.31,-2.31-18.56-24.0984.66-30.15-81.8881.55--/-*-81.8246.5-67.93*+/-,False
/90.91-49.17/50.95/31.07/37.9569.12//-16.35*-91.07--38.29-73.66,-73.66-38.29-91.07-16.35//69.1237.9531.0750.9549.1790.91/-///*-,True
*77.43+23.72/-91.37*90.68--6.15+53.32+38.67-51.23*8.66*6.81,6.8190.68-91.3723.7277.43*+/**8.66*-51.2338.6753.32-6.15-++,False
/-48.61+56.97/-59.03+-84.56--74.06/-42.73/-84.48-90.49*-26.29-94.03,94.03--26.29-74.06-84.56-59.0356.97-48.61-+/+-*-90.49-84.48-42.73//,False
*43.81--52.99--34.92-66.07--96.33-20.67--9.9470.55--58.67*31.5,31.5-34.92-52.9943.81*--*58.6766.07--*-20.67-96.33-70.55-9.94-,False
*0.23*50.07*-84.89-68.46--11.21-12.17+98.11-24.72*70.71+-14.71,-14.7150.070.23**+70.7112.17-11.2168.46-84.89*---*-24.7298.11+,True
*-25.26--74.76--11.18/-92.89/*-97.82/25.0-35.6731.88--84.16,-84.16-31.8835.6725.097.82-25.26*-*-9.32-92.89-11.18-74.76--//-,False
*-96.78/59.75+21.59/-77.52-8.85*--66.47/94.84--45.98*-4.13-15.93,-15.93-4.13-45.9894.84-66.4721.5959.75-96.78*/+-*-8.85-77.52//-*,True
/-56.18-56.26++-57.99--59.36+61.35-5.68-14.46*+-56.89-98.8*-3.87,-3.8761.35-59.36-57.99+-56.26-56.18/+-+**-14.465.68--98.8-56.89+,False
-25.55*67.25--47.74*46.27+-96.21--89.1462.72*--65.39/-52.925.01,25.01-52.9-65.39-*62.72-89.14-96.2146.27-47.7467.2525.55-*-*+-/,True
/38.92/0.75/28.25--37.2616.71**15.28/56.59-4.2+40.74+-8.59,-8.590.7538.92//+*16.71-37.2628.25/-40.74+-4.256.5915.28*/,True
*63.89*-76.82+-2.14-32.2*99.5+62.93*-97.36/79.58-78.38-17.95,17.95-2.14-76.8263.89**+--78.3879.58-97.3662.9399.532.2-*+*/,True
+-18.07/-*93.57--21.67/-76.13--66.4/12.61/4.83-33.09--55.92,-55.92--33.094.8312.61-66.4-76.13-21.6793.5799.11-18.07+/*-/-//,False
/38.68-44.97*26.59+51.93*-22.12*-90.92/-57.68/-64.83-98.0154.59,54.5998.01-64.83-57.68-90.92-22.1251.9326.5944.9738.68*-*+**//-,False
/73.91+-28.69--83.04+-1.88--73.96+-71.48+37.1--33.67-62.51/51.84,51.84-83.04-28.6973.91/+-/-62.51-33.6737.1-71.48-73.96-1.88+-++-,True
+44.58*-85.86*38.4+-31.13--82.97+-9.63/-53.74/69.8323.59*-76.25,-76.2544.58+*23.5969.83-53.74-9.63-82.97-31.1338.4-85.86**+-+//,True
+-58.23/48.82+-53.66/75.68*-98.77*-19.31+54.14*-22.19-83.2--19.56,-19.5654.14-19.31-98.7775.68-53.6648.82-58.23+/+/**+--83.2-22.19*,True
--73.9*42.68+73.47+-89.88--35.51/-70.19/-8.02--2.42*-81.062.72,62.72-81.0-2.42-8.02-70.19-35.51-89.8873.4742.68-73.9-*++-//-*,True
-80.25*96.18/-33.95*97.79+74.68*33.13*-73.07-0.725.89*-77.2,-77.233.1374.6897.79-33.9596.1880.25-*/*+**25.890.7-73.07*-,True
/36.77/86.3/-95.86--69.92/87.52/91.05*-25.1218.93--54.15+51.3,51.3-25.1291.0587.52-69.92-95.8686.336.77///-//*+-54.15-18.93,True
/-4.59+-39.25+-14.89--13.73+-80.51*44.05+87.13-14.77*53.0796.03,96.0353.0714.7787.1344.05-80.51-13.73-14.89-39.25-4.59/++-+*+-*,True
*-6.4-34.75--73.33--87.96-10.21-77.63--14.7-63.9723.79*-76.23,-76.23*23.7963.9714.7-87.96-73.3334.75-6.4*----+-77.6310.21--,False
*5.59+29.13--91.38+-15.49/-35.2/64.08-35.4811.77*26.91*13.24,13.24-15.49-91.3829.135.59*+-+*26.91*11.7735.4864.08-35.2//-,False
/-63.34*83.72--44.98+24.95+51.22-27.5*-20.05+56.45+-79.02/48.59,48.59-63.34//*-27.551.2224.95-44.9883.72*-++-79.02+56.45+-20.05,True
*18.49*-1.39/51.62-44.32-+0.68/-28.0-66.09-46.67+28.33-*,61.79-28.33-1.3918.49**+46.67---44.3251.62/-66.09-28.00.68+/,False
/18.35--82.1/-26.52*-22.62*74.39*-11.77/14.24+-63.22-52.78/-76.16,-76.16-26.52-82.118.35/-//-52.78-63.2214.24-11.7774.39-22.62***/+,True
-36.31/-85.04/**-23.61+39.68+-80.75*87.59*-20.85-97.3*38.86,38.8639.68-23.6115.25-85.0436.31-//*+*-97.3-20.8587.59-80.75+**,False
+79.21+-53.52/-54.62/76.77*-91.27/-22.37-16.84+14.47*-32.46--72.51,-72.51-53.5279.21++--32.46-91.2776.77-54.62//**14.47-22.37/+-16.84,False
*4.91+14.65--1.14/-56.38--24.39+-29.06*86.66--57.28-76.13-8.54,8.5486.66-29.06-24.39-56.38-1.1414.654.91*+-/++*--76.13-57.28-,False
/6.88-3.3*82.51/0.5376.93+*26.6587.19-39.94/79.51-9.47,9.47-79.51/39.94-87.1926.653.36.88/-*/76.930.5382.51*/,False
/56.09+69.91/-8.1814.34*-76.09+-53.72*-53.33/56.09/47.5675.3,75.347.5656.09-53.33-53.7276.0956.09/-*14.34-8.1869.91+/+*//,False
+-17.22/71.67*-29.18/42.38-57.03-66.0+14.5247.75/64.45*-12.95,-12.9542.38-29.1871.67-17.22+/*/*/47.7514.5266.057.03--+64.45,True
+30.49*-70.64--12.59*64.56+28.58-87.68/12.59--1.77*37.7313.56,13.5637.73-1.7712.5987.6828.5864.56-12.59-70.6430.49+*-*+-/-/,False
+77.98*-29.72+-8.74--21.5647.77/-77.56/-88.24+42.55-79.02*-32.16,-32.1677.98+*-79.0242.55-88.2477.56-29.72*-/47.77-21.56-8.74+-/+,True
+-*-9.43*15.51+25.69/16.52*78.1446.25/-89.81/-98.04--18.57,-18.5778.1416.5225.6915.51-9.4345.31+**+/*--98.04/-89.81/46.25,False
*57.37*-51.84--75.2/58.04+46.78/-28.84-7.13/44.7695.39+53.91,53.91+95.3944.767.13-28.8446.7858.04-75.2-51.8457.37**-/+/-/,False
+-89.9/-22.16**--65.66+-64.78-98.43+-58.94+18.29+18.9478.66,78.6618.9418.29-58.9498.43-64.78-65.66-20.08-22.16-89.9+/*-+-+++,False
-61.685.38-*59.81/32.81-57.38*--94.09+63.71/78.56+26.47-70.15,-70.1526.4778.5663.71-94.09---5.3861.68--57.3832.8159.81*/+/+,False
*92.4--8.1*51.1--59.72+17.53-29.37/56.45--25.18--11.6656.84,56.84-11.66-25.1856.4529.3717.53-59.7251.1-8.192.4*-*-+-/--,True
--32.32/-67.05*35.72--60.7+-2.67-72.26*/58.12-31.29/47.05*-55.54,-55.5435.72-67.05-32.32-/***-72.26-2.67-60.7-+47.0558.12//-31.29,True
/-87.89+42.69+-4.99*-4.45-24.8+-75.58*-62.09*-33.3217.46/89.16,89.1624.8-4.45-4.9942.69-87.89/++*-/17.46-33.32-62.09-75.58+/*,False
--59.28/-99.27*-71.35*-38.23--28.58/2.22/-2.36-79.67*38.13+-99.91,-99.91-28.58-38.23-71.35-99.27-59.28-/**-+38.13*-79.67-2.362.22//,True
/52.46*-71.34*18.54-60.86/-99.99*26.2778.86*+83.62/65.362.79,62.7965.383.62+*78.8626.27-99.9960.8618.54-71.3452.46/**-/*/,True
/49.03/45.19/42.93*-0.22*29.98*-45.21--92.41*76.2-97.13-83.63,-83.6397.1376.2-92.41-45.2129.98-0.2242.9345.1949.03///***-*+,False
/-84.62/32.72*41.09/-73.15--*-38.55*-35.2338.82/-26.24/-91.97,-91.97/38.82-35.23-38.55-35.41-73.1541.0932.72-84.62//*/-**/-26.24,False
+47.19/-84.68*/*-35.55/59.22--1.99+50.22/-28.3750.42+76.63,76.63-1.9959.22-35.5599.92-84.6847.19+/**/-+50.42-28.3750.22+/,False
*20.14*-40.82/58.4-27.75-58.81/*35.0+-11.91-61.23+93.19--61.71,-61.7135.0-40.8220.14***/-58.8127.7558.4/--93.19+-61.23-11.91+,True
*12.87*69.12+69.03*46.97*-51.0*56.92*80.94-27.14*30.77+-28.56,-28.56-51.046.9769.0369.1212.87**+**+30.77*-27.1480.9456.92**,True
*36.74/40.55-29.06-**-60.46*97.16-81.219.25/43.13-64.62,64.6246.1129.0640.5536.74*/---43.13/9.2581.2197.16-60.46**-,False
*30.31*-37.95/-27.14*+-27.86/-57.7860.0*--36.4216.6+2.38,2.3836.42--*-29.36-27.14-37.9530.31**/60.0-57.78-27.86+/+16.6,False
+-40.94/74.6/73.29/-42.9-45.61+8.65/93.46*-1.3953.69/3.32,3.32-1.3993.468.6545.61-42.973.2974.6-40.94+///-+/*/53.69,True
+-79.98-/10.47---83.72*99.5-55.29/49.43--27.7548.92-13.42,13.4249.4355.2999.5-83.72-79.98+--10.4766.16-*-/-48.92-27.75-,False
+39.97--86.15+-52.21--86.0-89.38-+*-78.4232.33*21.64+-15.89,-15.8989.38-86.0-52.21-86.1539.97+-+--+21.64-55.54-*32.33-78.42*,False
+9.84+96.99/-24.15+-22.22-73.95/47.81/71.54-65.15-73.6+7.99,7.99-24.1596.999.84++/+-73.665.1571.5447.8173.95-22.22+-//-,True
--67.0/37.91/-33.9*-62.48*-75.942.6//-61.76*84.3613.36*-89.55,-89.5584.36-61.76-33.937.91-67.0-////42.6-75.9-62.48****13.36,True
*54.41+96.8--42.14-46.89--23.92-35.47+--92.23*-67.88+-45.01-21.79,-21.79-45.01-67.88-92.2354.41*-+-35.47-23.9246.89-42.1496.8+---*+,True
+-16.11+62.29+61.46-47.1/-51.26+13.7-4.73*10.24*-58.59*47.87,47.8761.4662.29-16.11+++*-58.59-51.2647.1-/*10.2413.7+*-4.73,True
+58.09//*-15.73/78.45+-6.53*-21.49-44.6-9.86*-28.33/33.44,33.44-6.5378.45-15.73-50.3458.09+/*/+/-28.3344.6-21.49*-*-9.86,False
-68.18+66.03-71.87*-92.66/96.41+87.9829.06/+54.43-62.34+-38.37,-38.3768.18*+-62.3454.43-92.6671.8766.03+-*+/29.0687.9896.41/+,False
--8.59/0.39--45.37/91.54*-20.72+19.8165.26+-56.24--28.76--22.25,-22.25-45.370.39-8.59-*---28.76-20.7291.54/*--56.2419.81++65.26,False
--61.61/-80.46/-58.05-23.81*65.78*-28.62/-62.09+-19.17-77.93/-37.95,-37.95-28.6265.7823.81-58.05-80.46-61.61-//-**/-77.93-19.17-62.09/+,True
*79.79--97.0+41.4675.09/-+*70.64/-59.88+-87.05*-16.67-30.19,-30.19-16.67-87.05-59.8870.6429.5579.79*-/75.0941.46-97.0-+*/+*,False
/25.59--3.75--41.24--54.68-33.71--41.526.46/+78.19/69.9356.91,56.9169.9378.19-41.24-3.7525.59/--+/6.46-41.5233.71-54.68---/,True
/-6.73/15.04/33.83*//60.97+-84.82*-66.88*-86.14-12.49*-89.5,-89.5-86.14-66.88-84.8260.97-68.0633.8315.04-6.73///*/+***-12.49,False
--7.13-3.57/*-18.08/44.8+-25.38*67.04/90.49+65.28-35.07/70.72,70.7265.2890.4967.04-25.3844.8-18.08/-3.57-7.13-*/+*-+/-35.07,False
/66.29--90.78--34.67*-39.91+-18.1*28.82*83.48+-61.57/24.4971.21,71.2124.49-61.5783.4828.82-18.1-39.91-34.67-90.7866.29/--*+**+/,True
-93.44*-67.55*48.92/-2.68*8.57+-67.85+-77.4/-87.1-76.860.75,0.7576.86-87.1-77.4-67.858.57-2.6848.92-67.5593.44-**/*++/-,True
*-98.18--24.54+-14.63--47.32+-71.27+49.15/-39.2149.21++/95.93,95.93-55.96-98.18*++49.21-39.2149.15-71.27-47.32-14.63-24.54-+-++/,False
+61.69++*-42.2*73.56--46.21-83.44*-64.6768.61//-99.86-57.44,-57.44-99.8673.56-42.2-40.9761.69++**//68.61-64.6783.44-46.21--*,False
+8.7-48.19---57.28+-1.77*-91.57-16.83---68.62*-2.75+36.2687.59,87.5936.26-2.75-68.62--16.83-91.57-1.77-57.28-/-48.198.7++*-*+,False
