Original,Perturbed,Is_Equivalent
*33.67+-56.7+86.26-8.72/-69.96-41.81+34.23--95.27+33.37/-6.27-13.19--0.33-31.23*12.53/-16.17,-16.178.7286.26-56.733.67*++-/12.5313.19-6.2733.37-95.2734.2341.81-69.96/-+-+/-*-31.23-0.33-,True
/-17.5540.98-+-34.25+51.65*-86.07*-17.67/58.09/11.63/-7.31*-97.91/-14.022.94/-96.91/53.6122.93,22.9353.6196.91-7.3111.6358.09-17.67-86.0751.65-34.25-40.98-17.55/++**///-/2.94-14.02-97.91*//,True
*24.59-85.41+-98.56-50.81/50.53/88.76+-70.72*91.61+-33.01+55.09/17.05--91.54-10.1*-76.15*-26.13,-26.1350.5350.81-98.5685.4124.59*-+-/*-76.15*-10.1-91.5417.0555.09-33.0191.61-70.7288.76/+*++/-,True
/98.78+69.71*-41.59+-79.89--56.05--90.95/45.31+-16.62+54.52*23.0116.41-+55.97*62.422.1*56.45,56.45-90.95-56.05-79.89-41.5969.7198.78/+*+--*22.162.455.97-16.6245.31/++-16.4123.0154.52+**,True
/46.2/54.65-77.43--42.6355.17+-48.11--52.13+-13.12+51.25*-96.04/-96.1112.57+70.74/21.69+-23.85,-23.85-52.1348.1154.6546.2//-+55.17-42.6377.43---+21.69-13.12+/70.74-96.0451.25+*+12.57-96.11/,False
+42.32*-62.1*-87.0--10.73/99.57*-72.23-54.25+13.0/-43.3--86.1839.05++-19.77+88.17+63.8532.28,32.2863.8588.17-19.77-43.313.054.25-72.2399.57-10.73-87.0-62.142.32+**-/*-+/++39.05-86.18-++,True
-90.45--55.46-97.11*63.37+-82.11+6.02*-29.76+-14.8/58.81/-43.99+51.02-15.09++17.8294.91/12.33,12.33-14.8-29.766.02-82.1163.3797.11-55.4690.45---*++*+/94.9117.8258.81/++-15.0951.02-43.99/+,True
-26.7*38.0811.31/-6.79+16.27+-79.51*-20.36+18.36*1.0-46.85-57.15/-37.0342.58+-54.28-87.38,87.38-+42.5837.03-20.36-79.5116.276.7926.7--/11.3138.08*++*-/-57.1546.851.018.36**--54.28,False
--95.83*-65.94*19.75/-2.36*16.2564.63+--54.95--54.99/-89.13-15.94/68.56*-24.87*77.43*-57.3*57.3,57.3*-57.3-65.94-95.83-**77.4319.75**-24.87*68.56-89.13-54.99-54.95-2.36/-+64.6316.25*-//-15.94,False
-95.62+-90.01-72.47/-34.64*-97.1361.31+-80.2126.44--96.5616.77*/-66.74/44.94-30.99+-16.07-6.14,-6.14-16.0730.9944.94-66.74/*16.7796.5672.47-90.0195.62-+--/26.4480.21-+61.31-97.13-34.64/*/-+,False
/-14.7/24.76*66.8/17.63*-47.51/64.31/95.06-12.37*-29.28+-83.13*-65.56*29.1292.89-28.52*-94.46,-94.4666.824.76-14.7//*/28.52-29.2812.3795.0664.31-47.5117.63/*//-*-92.8929.12-65.56-83.13+**,False
-54.6*-10.87/-84.074.57+--27.24+//28.24--55.63--66.65-90.06*+-29.6/78.62--13.4457.2/-99.75,-99.75-10.8754.6-*//30.59-27.24-+74.57-84.0/57.2-13.4478.62-29.6+*-90.06-66.65-55.6328.24/--/-,False
/18.67-55.43//58.89/-88.45/-76.84/52.71*24.0--85.21*23.81*-75.23/-73.2185.43*+-74.36+42.144.34,4.3442.14-74.36/-55.4318.67/+*85.43-73.21-75.2323.81-85.2124.052.71-76.84-88.4558.89////*-**/+,True
+82.15+-95.88--73.88*-46.56*40.99/66.67/62.21*58.58+-43.33/17.93-66.44-*3.14*-46.26--83.65,-83.6566.6740.99-46.56-73.88-95.8882.15++-**/--46.2666.4417.93-43.3358.5862.21/*+/-*3.14-6.78-,False
*16.48+51.26+17.03/-31.79*35.71/-9.14--81.35/70.46*85.53-4.64--24.9+88.28+-38.6345.76+-78.44,-78.44-24.94.6485.5370.46-81.35-9.1435.71-31.7917.0351.2616.48*++/*/-/*--+45.76-38.6388.28++,True
*-2.66/45.63/37.03++-35.7/+-19.82-28.12/-55.53-15.04//-43.08/15.72-36.2916.88**3.41-13.01,-13.013.41-43.08/-35.7-59.0837.0345.63-2.66*//+//-15.04-55.5328.12-19.82+-/**16.8836.2915.72/-,False
+13.39*-34.96-95.51*-58.85+/+-50.79+-17.25/94.96*-10.45--83.5/-14.2219.1-52.25-37.86+15.55,15.55-83.5-10.4594.96-17.25-50.7995.51-34.9613.39+*-+/-24.38-58.85*+/*-+37.86-52.25-14.22/-19.1,False
/-9.18+82.83/-9.51/93.9159.92/-61.84/59.22-81.1/54.39-98.0*-46.17*64.78-9.64/--29.2267.24*,*59.9293.91-9.5182.83-9.18/+//67.24-29.2298.054.3981.159.22-61.84//-/--/-9.6464.78-46.17**,True
/81.12/-83.86/13.15-60.87/35.5--33.91+22.46/-52.4/*+88.26-42.59//30.75*-35.85-15.8*22.99,22.9922.46-33.9135.560.8713.15-83.8681.12///-/-+*-15.8-35.8530.7588.97-52.4////-42.5988.26+*,False
+61.6+56.58--99.95/69.78+95.72+-45.78+-81.46--46.08+17.62+-69.73--92.2137.45*/+83.88*-90.51,-90.51-81.46-45.7895.7269.78-99.9556.5861.6++-/+++*83.88-69.7317.62-46.08-+++/37.45-92.21--61.48,False
/-85.814.3-60.33*-19.5584.19//+46.92/-76.39-89.69-//47.03*93.62*-74.8614.83/97.9--0.11,-0.11-74.8693.6247.03-72.9189.69-76.3946.92//14.3-85.8/84.19-19.5560.33-*+/--/**-97.9/14.83,False
/-46.06+0.9194.03/72.89-83.23+17.74-29.81*85.43--67.9697.18+-54.12/-58.33/64.29/-29.93-+-78.43,-78.43-46.06/+*94.030.91+-29.93/64.2972.89//-58.3317.7483.23-+/-54.12-67.9685.4329.81-*-+97.18,False
--8.35+51.58*-19.91/-11.45*13.95+-66.26-49.03/15.87-10.25+-64.11-37.56**-33.99/-40.35-65.36--87.09,-87.09--65.36-40.35-33.99-66.2613.95-11.45-19.9151.58-8.35-+*/*+**-37.56-64.1110.2515.8749.03-/-+/,True
--0.3+3.3-43.97*+66.35*-49.29/73.05+43.68-2.92*/61.43--73.86*81.55+74.46*-58.53-24.55/83.03,83.03*-43.973.3-0.3-+/-24.55-58.5374.4681.55-73.8661.43/*-2.9243.6873.05-49.2966.35+*/+-*+*,True
+-90.1*-95.4-76.64--60.53/-32.55-76.16//6.83+-8.69--87.47+-6.48-52.71+--72.92*-78.7624.28+-43.01,-43.01-78.76-72.926.8376.64-95.4-90.1+*-//-76.16-32.55-60.53-/-+-52.71-6.48-87.47-8.69+-+*+24.28,True
--57.72/47.83-72.47-85.65/*46.84-71.31-49.58/32.05+-60.98-12.57-+-0.51*-24.78-29.97--89.14--0.62,-0.6271.3146.84/-85.6572.4747.83-57.72-/-*---89.14-0.5132.0549.58-/+--12.57-60.98+--29.97-24.78*,True
--0.13+10.1--94.63-91.28-58.51/74.69-92.68-79.96+47.43+-72.72/26.27+70.71-69.02+--94.6277.55,77.55-94.62-72.7247.4379.9692.6874.6958.5191.28-94.6310.1-0.13-+---/--++-+-69.0270.7126.27/+,True
-79.93+71.21--9.69/-62.22*40.45/-25.27*-77.57/-53.08+--16.29/-26.39+76.976.35/+28.0-32.97,-32.9728.0-9.6971.2179.93-+-+/6.3576.97-26.3916.2918.86-53.08-77.57-25.2740.45-62.22/*/*/+-/+,False
-10.26+48.71-53.72-+-1.19/-87.29+*/12.56-44.41/-42.86+72.29/6.02/9.13+-14.88+73.6628.5,28.573.66-14.889.136.0272.29-42.8644.4112.56-72.49-87.29-1.19+--53.7248.7110.26-+/+/-/+//++,False
/48.53-27.14**39.78*26.86--96.59--4.83--84.59+-41.48/-81.35+-28.7296.09-+-18.05--92.66-43.22+/,28.939.78*-27.1448.53/*+-43.22-92.66-18.05-41.48-84.59-4.83-96.5926.86*---++-96.09-28.72-81.35/+-,False
+89.62-10.9283.01/--*14.75*70.2/52.78*-15.18-40.91-/-77.9711.23--95.57--14.0*26.21*-21.47,-21.4789.62+*26.21*/83.0110.92--14.014.7582.39-*--95.57---40.91-15.1852.7870.2*/*11.23-77.97/,False
*-21.59/-51.64*64.0*75.89*13.65-79.8--86.13/-44.88/25.69-70.61-+49.88*-2.77/11.96-81.84+-59.8,-59.849.8864.0-51.64-21.59*/*+--70.6125.69-44.88-86.1379.813.6575.89**--//+-81.8411.96-2.77*/,True
*-92.41/13.58--95.97-50.9/-92.87+60.06+-59.06+93.76+-10.01/78.49*-91.91+4.84--76.687.31/-24.87,-24.8778.49-10.0193.76-59.0660.06-92.8750.9-95.9713.58-92.41*/--/++++//7.31-76.684.84-91.91*+-,True
*18.78*-1.4585.0/--76.79*-66.42-28.45-66.6*0.3+52.54-50.12+28.23/79.55-95.2784.31*-15.11,-15.110.366.628.45-66.42-76.79-/85.0-1.4518.78***--**84.3195.2779.5528.2350.1252.54+-+/-,True
+99.75/87.41--97.14*-47.4*31.96*-54.27*-11.74+81.59--73.83/-27.92+25.14+-24.95-31.48-72.04-61.48,-61.4872.0431.48-24.9525.14-27.92-73.8381.59-11.74-54.2731.96-47.4-97.1487.4199.75+/-****+-/++-+,False
+-16.99--12.62+-46.37/52.13-4.59/-91.85*5.22+-18.69/-12.93+91.55-22.71*-53.43+6.41*74.65-47.1,47.1-18.695.22-91.854.5952.13-46.37-12.62-16.99+-+/-/*+-74.65*6.41+-53.43*-22.7191.55-12.93/+,True
/67.11+-26.6+98.47*41.02/93.72+27.95+-99.14--91.15/-75.96*-76.17*72.98/3.66/85.9+-49.79-6.9,-6.9-49.7985.93.6672.98-76.17-75.96-91.15-99.1427.9593.7241.0298.47-26.667.11/++*/++-/**//+,True
--16.15*-41.11+-76.57/-37.89+1.27-59.93--34.18-70.07-82.56--66.91-55.26/*-11.48/66.7879.25*86.69,86.69-76.57-41.11-16.15-*+*79.2566.7811.48-34.1859.931.27-37.89/+---*/-82.5670.07--55.26-66.91-/,True
/-61.35+10.85-52.23*79.58--63.0651.99*+-9.5510.46--62.41/-77.16/-55.74*0.92+86.9-77.2246.24,46.2477.2286.90.92-55.74-77.1662.41--+*-52.2310.85-61.35/+51.99-63.0679.58*-10.469.55-//*+-,True
+50.41/72.44+71.13/-17.9-5.29*59.46/32.78/3.15+-78.02+63.41-51.3-59.773.44+5.57/-65.1,-65.1/5.5771.1372.4450.41+/++73.4459.751.363.41-78.023.1532.7859.465.29-17.9/-*//++--,False
/-39.87/-55.24-23.04/-39.53-22.96+-81.65-48.18*3.66+-79.28*-89.98-56.41/-82.03-3.72*++72.13,72.13-31.12-89.98-79.283.6648.18-81.6522.96-39.5323.04-55.24-39.87//-/-+-*+*+*-3.72-82.0356.41-/,False
--45.87+36.2/99.2-63.71/-93.0/26.272.09*+-33.66*-21.4-76.69/77.33/++12.11-30.16/4.65,4.65-93.063.7199.236.2-45.87-+/-//-30.1612.1118.6777.3376.69-21.4-33.66+*72.0926.2/*-//+,False
*-30.46+-39.71+57.77/50.3-75.22/--6.88*-75.2594.28//-99.52-/99.42*+-15.66/-47.1/28.7229.03,29.0328.72-47.1-15.66*99.42-37.4-99.52-30.46*//94.28-75.25-6.88-39.71+-/-75.2250.357.77+/*-+//,False
*37.68+-95.53/-55.76*-11.35+84.36+67.55-52.86*-51.07/-13.46/-81.35-95.61-36.3--5.29*-9.33+41.86,41.8667.5584.36-11.35-55.76-95.5337.68*+/*+++-9.33*-5.29--36.395.61-81.35-13.46-51.0752.86-+//-,False
/-72.52/62.74/89.5--16.7122.24*--72.84/69.42-3.08+55.67-60.76+18.5358.44-+-89.22+87.4162.79,62.7987.41-89.2289.562.74-72.52///+-58.4418.5360.7655.673.0869.42-72.84-*22.24-16.71-/-+-++,True
+45.9139.62*+99.11+12.41*-25.47/-47.09+30.35+26.79*-23.73-29.79/47.63+-88.13+83.0319.99/-67.79,-67.79-23.7326.7930.35-47.09-25.4712.4199.11+*39.6245.91++//++*/19.9983.03-88.1347.6329.79-/++,False
/-55.34-15.06.66+/-7.79/43.38-86.85*--27.3*-48.46*-41.1889.29/*60.36-30.91*11.87-85.97-34.65,34.6560.36-48.46-27.3-7.79+6.6615.0-55.34/-/-*-86.8543.38/**/89.29-41.18*--85.9711.8730.91-*,True
+73.01*-64.14--20.67*-66.73+-95.89--9.04/-53.29-59.3/+9.12*73.65/-94.21-82.05+-95.77-11.27--88.25,-88.25-66.73-20.67-64.1473.01+*-*-11.27-95.89+--95.77-94.2173.659.12-9.04-+/-59.3-53.29/*/+-82.05,True
*-96.89/30.97/-55.05+-68.11/38.38-45.0--9.75/-1.45/54.3910.94/+-36.04*-70.72+-84.15/40.5536.28,36.2840.55-84.15-70.72-36.0430.97-96.89*/+/10.9454.39-1.45-9.7545.038.38-68.11-55.05/+/--//*+/,True
-12.17+68.25/21.9/18.49+25.8+39.03*-58.04-5.07-+-79.03+-27.79+-1.94+4.67/-24.26+--60.4,-60.4-27.79-79.0318.4921.968.2512.17-+//+--5.07-58.0439.0325.8++*+--32.5-24.264.67-1.94++/,False
+53.64/58.97/11.81--64.02*6.47/99.06+44.63-3.35+70.542.08-+-26.42*-23.83-10.15*-85.28/43.27,43.273.3544.6399.066.47-64.0211.8158.9753.64+//-*/+-/-85.28-26.42+-2.0870.54+*-10.15-23.83*,True
+92.06/-32.34/17.62*16.15+-18.16/91.25+-42.21/1.62+95.63*-34.068.93/*95.78+-73.4688.12-16.57,16.571.62-42.2191.25-18.1616.1517.62-32.3492.06+//*+/+/-88.12-73.4695.78*/68.93-34.095.63+*+,True
/-*59.78*51.68*22.85*52.21-34.44*-91.82+-70.7/-59.26-36.11+-77.3393.44+-29.03*38.15+40.43,40.43-45.97/+38.15*-29.03-91.8234.4452.2122.8551.6859.78****-*+93.44-77.3336.11-59.26-70.7+/-+,False
/17.78*20.42*-16.72/-71.57/-17.48+-44.54-47.37*65.12/*21.94//-32.14-43.46//-76.9762.12-73.02,73.02-62.12-76.97//-43.46-32.1447.37-44.54-17.48-71.57-16.7220.4217.78/**//+-//21.94-26.7365.12*/,False
/22.5-17.79/60.59*-70.17*18.92*31.26-**-74.85-17.82/71.72--31.1447.82---15.21-84.12-68.64,-68.6484.12-15.21-74.85-32.9131.2618.92-70.1760.5917.7922.5/-/***-*--47.82-31.1471.7217.82-/--,False
*71.03-27.98-+-14.17--88.08+-68.98*45.41+30.95-47.01*8.64--80.54/-57.28-27.88+6.17--7.77-94.75,-94.75-7.776.1727.88-57.28-80.548.6447.0130.9545.41-68.98-88.08-14.17--27.9871.03*+-+*+-*-/-+-,False
+-59.46*-99.09*12.47-6.61*49.99*-21.55--82.7287.6*+76.793.76*+-82.7--24.3285.87*/11.24-25.13,-25.1311.24*85.87-24.32-82.7+*3.7676.79-21.5549.996.6112.47-99.09-59.46+**-**+*87.6-82.72--/,True
*66.0-75.88+-93.93+-38.57+-58.18--81.17/40.324.19-14.91-39.37+*-92.6828.32+++92.6--4.94/,94.98-4.9492.6+++24.1940.3-81.17-58.18-38.57-93.9375.8866.0*-+++-/-39.3714.91-28.32-92.68*+-,False
*-21.71/60.62+21.42-85.51+-70.52-14.33**65.0-74.47--99.87*78.92/-17.54+48.89-72.52/-98.46*-50.47,-50.4721.4260.62-21.71*/***-14.33-70.5285.51-+-98.4678.92-99.8774.4765.0*--*/-72.5248.89-17.54/+,False
-36.02*-98.93+81.9/79.34/-74.46+80.52--62.43+-11.15/-40.94/91.92-28.2+--35.44+2.32--71.9440.38,40.38-71.942.32-35.4480.52-74.4679.3481.9-98.9336.02-*+//+-+-28.291.92-40.94-11.15-62.43-+//+-,False
+-82.7*24.27/23.38+-46.54/67.76+70.09--67.4+-72.89*31.45+-98.67+88.31/13.8--47.9189.81--48.16,-48.1688.31-98.6731.45-72.89-67.470.0967.76-46.5423.3824.27-82.7+*/+/+-+*++-89.81-47.9113.8/-,True
+15.17*-46.0776.88/+-31.63/12.24-60.04**-70.95/-44.8-43.22+79.52-17.64/56.11+-65.2992.57*54.24,54.2417.6479.5243.22-44.8-70.9515.17+**-60.0412.24-31.63+/76.88-46.07*//-+-*92.57-65.2956.11/+,False
*-8.41/24.0/41.78-*/72.22+84.91*-68.67/-30.66+82.27+70.75--35.02*-17.92/-52.35-41.96*-4.91,-4.91-13.9741.7824.0-8.41*//-*-41.96-52.35-17.92-35.0270.7582.27-30.66-68.6784.9172.22/+*/++-*/,False
+-45.04-85.89+50.31*53.08*-22.8--19.86-33.75-95.01--76.32/-20.45*-61.88+-59.68+44.99-49.02/-59.85,-59.85-20.45-76.3295.0133.75-19.86-22.853.0850.3185.89-45.04+-+**----//-49.0244.99-59.68-61.88*++,False
/-29.87--1.91/5.32+22.26*55.3941.06****-58.2/-0.78*47.59*43.34/63.5970.08--30.79/96.72,96.7222.265.32-1.91-29.87/-/+/*41.0655.39*-30.7947.59-0.78-58.2-83.19**/*-70.0863.5943.34*/,False
+55.52-85.97--63.22/1.52/42.99/68.81/69.3639.98/*10.16*-45.61+-25.1-35.74**21.5117.61+73.11,73.1185.9755.52+-+/39.9869.3668.8142.991.52-63.22-////17.6121.51-45.6110.16****-35.74-25.1+,True
+-46.74--85.9467.4*+76.48+31.83*46.65/87.32/44.12/-97.01*24.17-/+94.3/-68.44*84.23-41.41,-41.4184.23-68.4494.389.6424.17-97.0144.1287.3246.6531.8376.48-46.74++*67.4-85.94-+*///*-+/*,False
-39.14/-1.09*37.67+-86.97*76.86/-47.5/-18.32+-90.76-93.8292.98/-37.1/94.98*88.91/-49.67+-68.31,-68.3139.14-+-49.67-86.9737.67-1.09/*+/88.91*94.98-90.76-18.32-47.576.86*//+/-37.1/92.9893.82-,False
+-56.92+-16.56--89.26+-+-93.53*-56.3*-5.23--30.63+-78.89--1.43+29.0*-96.39*15.2364.98*82.0,82.0-96.3929.0-1.43-78.89-30.63-5.23-56.3-93.5380.49-89.26-16.56-56.92++-++**-+-+**64.9815.23*,False
*4.4/-69.19/-0.99*-36.64/11.42/-10.13+-16.24-69.21*+-47.18/-18.11/34.48*78.2126.57+76.83-43.02,43.0234.48-18.11-47.18-36.64-0.99-69.194.4*//*+*-69.21-16.24-10.1311.42//+//-76.8378.21-+26.57,False
--98.48/-83.16--61.92+64.64*41.85/37.91--50.79/53.24--54.11/57.6453.95*/-76.76-9.82--10.41-67.62,-67.62-10.419.82-76.7637.9141.8564.64-61.92-83.16-98.48-/-+*//*53.9557.64-54.1153.24-50.79-///--,False
/-37.36--87.77/-75.65*32.24--15.04/-53.64--51.81*49.1+-77.19/-84.5871.56/*43.15--25.46-40.4+96.47,96.4732.24-75.65-87.77-37.36/-/*--40.4-25.4643.15-77.1949.1-51.81-53.64-15.04-/-*+*/71.56-84.58/-,False
*64.34*-14.07*-77.02-37.78+-50.5265.96---29.36+-80.49+70.23*85.64*-80.12*68.97/-60.1193.16*-91.76,-91.7637.78-77.02-14.0764.34***-*93.16-60.1168.97-80.1285.6470.23-80.49-29.36--65.96-50.52+++***/,True
-68.91-38.55-87.48/+-24.85/67.47*69.01*66.47-51.18/*45.29-75.97--82.09*92.7912.45/-90.0831.5,31.590.0845.29*/-51.1866.4769.0167.47-24.85+/-87.4838.5568.91--/**-/12.4592.79-82.0975.97--*,True
/-92.15+-47.6/82.03*86.16*24.31+26.99--67.17*88.45*-8.17-85.18//40.56-87.81---82.71-91.04--28.06,-28.06-47.6-92.15/+--91.04-82.7188.45-67.1726.9924.3186.1682.03/**+-*---87.8140.56/*-85.18-8.17*,False
+43.61+-2.7476.65+*-26.69/99.28+-21.4-63.53-+77.49*-44.27*31.08--61.34-93.55+-3.22*26.198.22,98.2226.13.22-44.2777.4943.61++-+76.65-2.74+-63.53-21.499.28-26.69*/+*-+-93.55-61.3431.08*-*,True
-1.97/-22.19/17.64+-1.07+*+98.03/-98.73*66.54/-56.73/24.2554.65-+85.28*31.3--58.2-98.0,-98.0-58.231.385.2898.0371.59-1.0717.64-22.191.97-//++++-54.6524.25-56.7366.54-98.73/*//*-,False
-51.96*-78.64--82.48*18.77-66.57**-5.75*22.34*-75.35--63.1158.77+/9.41-89.68/-3.26-34.272.63,2.6334.273.26-75.3522.34-5.75-82.48-78.6451.96-*-**-66.5718.77***-+58.77-63.11-/-89.689.41/-,True
--60.66-59.56/-79.07/-39.08*25.15/41.25*18.26+-23.69/-75.5674.01*--20.2925.21*-82.33/-31.94-94.77,94.77--31.94/-82.33-20.2941.2525.15-39.08-79.0759.56-60.66--//*/-*74.01-75.56-23.6918.26*+/*25.21,True
*20.23*45.67*-75.76*-51.79/19.83*-4.74*-28.85/-13.27*-3.41/91.09/-40.87-58.3327.02*-57.22*50.8,50.8-13.27-28.85-4.7419.83-51.79-75.7645.6720.23****/**/*-57.22-40.8791.09-3.41*//*27.0258.33-,True
+-26.72+40.2+35.39+-93.36/-78.64+-84.13+-7.13*44.03*/--18.05+-18.15+-76.35*70.7380.8*72.5,72.570.73-76.35-18.15-18.0566.4944.03-7.13-84.13-78.64-93.3635.3940.2-26.72++++/++**-++**80.8,False
/26.98*3.9443.83*/-41.4196.23/+-78.41+-36.63+30.84/-27.75/40.58--53.95+-3.4--16.6945.31/-46.12,-46.12-53.9540.58-27.7530.84-36.63-78.41*43.833.9426.98/++/96.23-41.41/++//-/45.31-16.69-3.4+-,False
+-87.88--68.68+-99.88*-59.2+-99.97+42.09/83.96+4.85-97.44+-90.36/91.8256.86/86.19--22.92+-73.86,-73.8683.9642.09-99.97-59.2-99.88-68.68-87.88+-+*++/+-22.92-86.19-90.3697.444.85+-+/56.8691.82/,True
--77.17-64.3--51.68*71.92+50.26+5.45--51.61-69.5+-2.41-29.29-64.81--20.32/-88.12-22.72/83.2,83.269.5-51.615.4550.2671.92-51.6864.3-77.17---*++--/-22.72-88.12-20.3264.8129.29-2.41+---/,True
+84.67*-50.95/-11.27+23.43*75.71--56.61/26.55+63.07--83.22+47.8349.19*--58.54-99.12---69.45-68.27,-68.27-69.4584.67+---99.12-58.54-83.2263.0726.55-56.6175.7123.43-11.27-50.95*-+*-/+--*49.1947.83+,False
--72.5/37.46/28.1*7.62/69.93*-79.87+-79.02+61.1*6.18/-95.16+-91.34/-92.65/--66.7-61.08,-61.0866.752.16-92.65-91.34-95.166.1861.1-79.02-79.8769.937.6228.137.46-72.5-//*/*++*/+//-,False
/-19.34/68.79-91.25-39.96-72.64*/95.67-96.06-14.02/+55.21+1.68/-67.22/-71.11*-38.2845.96--31.03,-31.03-71.11-67.221.6855.2195.6791.2568.79-19.34//-/*-72.6439.96-+/-14.0296.06-+//-45.96-38.28*,True
/52.05/48.07-14.56--78.0+65.62/74.44/-83.6*95.55/-24.88/82.95/14.61+-90.2223.04/-11.31+65.47,65.4795.55-83.674.4465.62-78.014.5648.0752.05//--+//*+-11.31-90.2214.6182.95-24.88///+/23.04,True
+-15.65--7.24-40.93+28.69/-91.153.99*/-64.84/49.93*15.88/-12.01/-72.45-57.49*/12.65-44.57/-27.69,-27.69/-44.5712.65/*-57.49-72.45-12.0115.8849.93-64.84-7.24-15.65+-/*3.99-91.1528.6940.93-+//*//,False
--18.98--89.23-45.23/-35.33/-5.2232.16++44.69*-89.86*68.93-99.38*-6.35*71.13+-87.0+85.25-29.18,-29.1885.25-87.071.13-6.3599.3868.93-89.8644.6945.23-89.23-18.98---++32.16-5.22-35.33//**-**++,True
+58.93*-67.3--43.8+-53.4/-52.05-25.46*+-26.36*-36.1*65.87-77.72*+-63.1458.52--48.28-68.14/7.72,7.72-67.358.93+*/68.14-*-77.7265.87-36.1-26.36-43.8-+*-25.46-52.05-53.4+/**-48.28-63.14+-58.52,False
/67.86*-82.23--46.11/-49.43*-22.92+-23.34-21.89--76.11-16.46-84.37+-24.38*0.48/11.78/-58.0432.23,32.23-58.0411.780.48-24.3884.3716.46-76.1121.89-23.34-22.92-49.43-46.11-82.2367.86/*-/*+----+*//,True
*25.64/-55.97++--26.91+-82.43+7.56/-60.91+8.6930.56*+-47.74-83.05+45.69*54.65+-56.94+5.2,5.225.64*+-56.94-27.85-55.97/++54.65*45.69-47.74-82.43-26.91-++*30.568.69-60.917.56+/++-83.05,False
/61.44--73.51-63.22-69.59/49.7117.42/*5.96--25.94/-7.4+-81.13*-26.046.51/79.54--/7.04,7.04-7.4-25.945.96*/17.4249.7169.5963.22-73.5161.44/---/-//57.75-81.13+-79.54/46.51-26.0*,False
+-80.72--19.47-80.11-+4.86+53.1/59.16--23.51+68.85*-6.25--32.04--12.2798.44*-24.63+25.36-37.13,37.13-32.04-6.2568.85-23.5159.1653.14.86+--80.11-19.47-80.72+-+/-+*--25.36+-24.63-12.27-*98.44,True
+-20.4541.63+--0.82/-68.22+21.16-69.69-16.27*+27.81*-22.21+86.03-39.3-12.33/-92.8--40.5386.63,86.63-40.53-92.812.3339.386.03-22.2127.81-0.82+41.63-20.45+-+*-16.2769.6921.16-68.22/+-*+--/-,False
/1.85--29.39/57.66-44.5*-93.83/22.73/-84.05--24.18/-81.39*29.52-19.55/53.25***-14.11+68.57,68.57-93.8344.557.66-29.391.85/-/-*+-14.11*78.15*53.2522.73//-19.5529.52-81.39-24.18-84.05/-/*,False
/82.9/-58.92--58.93*-89.81*-72.32*70.82*-73.75-71.47*-91.71-73.58/--50.43--89.9539.89+-43.64*-88.77,-88.77-50.43-89.81-58.93-58.9282.9//-*-/-73.58-91.7171.47-73.7570.82-72.32***-**-43.64+39.89-89.95-,True
*35.93*19.38+-74.58-76.94--88.56--13.09+85.07+++49.67+-29.1*19.91+45.71-46.35+-38.7+4.45,4.45-88.5676.94-74.5819.3835.93**+--++49.885.07-13.09-+-38.7+-46.3545.7119.91-29.149.67++*+,False
/-94.05/89.58/77.49*61.82+-17.6426.76/--99.07-57.61+-28.61--31.24//-67.08-9.59+-62.44+88.53,88.5377.4989.58-94.05///+-62.44+9.59-28.6157.61-99.0761.82*-/26.76-17.64+-+--67.08-89.19-31.24-/,False
+-7.24--34.56/54.25/-67.49-85.12++-80.98+69.23+-34.66--86.293.31**-17.5-23.05*6.7-12.45-69.72,69.7269.23-80.98-7.24+++-85.12-67.4954.25-34.56-//+-*3.31-86.29-34.66+--12.456.723.05-17.5*-*,True
*-44.91/68.81-60.04++6.02*38.6312.41*-18.87-94.63**-43.04-75.62-+99.24*-94.03-58.23/42.47-18.76+,+-58.23-94.0399.24+-+-60.0468.81-44.91*/-75.62-43.046.02+**-94.6318.87-*12.4138.63**-18.7642.47/,True
+-52.45*-11.48-25.48/*-42.06/-35.4--82.88-++-61.56/77.79/54.67+-5.87-50.4676.92/+66.81/-66.34,-66.34-52.45+//-25.48-11.48*66.81+/-50.46-5.8754.6777.79-61.56-42.06*++-31.43-82.88-35.4/-//+76.92,False
*32.4/-37.32*65.4/26.07+32.767.2/-14.88+3.9*79.4/-41.28-41.88*-68.46*43.53-89.99--12.64,-12.64-68.4641.88-41.2879.43.914.8826.0765.4-37.3232.4*/*/-/67.232.7++*/-*--89.9943.53*,True
*-*-52.63--6.34/-18.48/93.49*-50.64-88.95/14.15*-63.56*-0.98*95.9562.32*+-38.2-59.28+55.78,55.7814.1588.95-50.6493.49-18.48-6.34-52.63-66.91**-//*-/+-59.28-38.2-0.98-63.56**+*62.3295.95*,False
/-66.54*-20.8*89.95*97.39/-96.583.58*+61.7/11.78+-57.8574.73--80.18-34.24-20.68*-66.49*34.72,34.7297.3989.95-20.8-66.54/***-*83.58-96.5/-66.49*20.68-34.2461.7+--80.1811.78/-74.73-57.85+,False
+-35.04+4.99+76.24+-42.51+-78.99+-23.21*-40.49+60.64+-13.32+-73.56+92.44-0.63/52.62-89.16+-82.12,-82.1260.64-40.49-23.21-78.99-42.5176.244.99-35.04++++++*++89.16-13.32+-52.62-73.56+/-0.6392.44+,True
*15.55+11.61+-1.26-78.75+-53.13*-8.54/69.77+2.53*7.18/-71.96--89.49*1.67+62.23/-3.97-97.41,-97.41-3.9762.231.67-89.49-71.967.182.5369.77-8.54-53.1378.75-1.2611.6115.55*++-+*/+*/-*+/,True
-78.84/-3.5*99.78*-35.3*-91.34*63.36+-25.352.4*--96.98--87.6--98.03*15.16/-83.72*-87.6-31.28,-31.28-87.6-83.7215.16-98.03-87.6-96.98-35.399.78-3.578.84-/**-*2.4-25.3563.36-91.34**+--*/*,True
--81.7139.31/-9.84+-45.34/49.2/38.72+14.38/13.29+-96.32+-61.4786.18+83.39/33.02*36.38+-15.01,-15.0138.7249.2-45.349.84-/39.31-81.71-+//+36.38*33.0214.38+/83.39-61.47-96.3213.29/+++86.18,True
--76.92+-65.521.42/+93.16*98.78*-41.14-97.91/-65.5+68.94+25.17/90.16/-75.2746.09+-12.91*-70.44,-70.4468.94-65.597.91-41.1498.7893.16-76.92-+/21.42-65.5+**-/+*-12.91+46.09-75.2790.1625.17+//,True
+4.2--54.66+46.96*91.5-51.82--81.09--41.48*-40.23/-54.06*-24.96+-2.08*52.91/-5.3/53.86-84.71,-84.7153.86-5.352.91-2.08-24.96-54.06-40.23-41.48-81.0951.8291.546.96-54.664.2+-+*+--*/*+*//,False
*-20.81/60.96+18.78/-47.06-42.29-48.32--42.31-13.34*91.12+89.86+-23.76/-66.08+-13.92/86.8176.71,76.7186.81-13.92-66.08-23.7689.8691.1213.3442.3118.7860.96-20.81*/+---48.3242.29-47.06/--*++/+/,True
/91.7--75.27+-55.71*-59.2293.64//-16.97/74.67++/16.29-38.38/-29.9563.78//55.42-10.19-44.43,-44.4310.1955.42-75.2791.7/-//63.7829.95-//93.64-59.22-55.71+*-38.3816.2932.8774.67-16.97//+/-,False
+49.59*20.61-45.46--10.05--79.44*3.38+45.64/80.6--70.36-8.1317.56*-81.02*-12.23/52.06--23.08,-23.083.38-79.44-10.0545.4620.6149.59+*---*-52.0680.645.64+//-12.23*-81.02*17.568.13-70.36--,False
*77.49*//-96.57*71.4697.11*+-55.52*66.45-57.35-32.38/-18.42/1.24*50.5835.77--14.07*72.35,72.3566.45-55.52*97.1171.46-96.57//-44.7177.49**+**-14.0757.35--35.7750.581.24-18.4232.38-//*,False
*-35.05-46.5+63.43/-69.46/70.46+32.22/76.33--42.6*-34.29/-69.03--0.32/-92.1857.73+91.33*-25.53,-25.53-34.29-42.676.3332.2270.46-69.4663.4346.5-35.05*-+//+/-**91.33-92.18-0.32-69.03/-/+57.73,True
/6.96/87.24+-8.17/-76.22/-24.43--72.46+-3.45*22.47*84.98+32.22/-52.63+95.54+-75.19-23.37-47.72,47.72-52.6332.2284.9822.47-3.45-72.46-24.43-76.22-8.1787.246.96//+//-+**+/--23.37-75.1995.54++,True
*87.25--95.19-8.54/+42.08/64.62*-49.65*-41.64*97.75*-63.7*27.29/14.11+-72.81+43.5617.16/82.95,82.95-72.8114.1127.29-63.797.75-41.64-49.6564.6242.08+/-8.54-95.1987.25*-/*****/+/17.1643.56+,True
+-74.85*31.75*75.04*-20.79*58.2/45.8+-29.4+41.96/-98.52/86.83/94.531.9-69.95+-63.04--46.65,-46.6575.0431.75-74.85+**--63.04-20.79*+69.95-31.994.586.83-98.5241.96-29.445.858.2*/++///,True
/65.9+80.71-25.56*+-92.13-11.64+9.49/-11.98*-36.38+-25.0383.57//-90.7-5.29-28.73-10.82*-90.65,-90.65-90.7-11.989.4911.64-92.1365.9/+*-25.5680.71+-+///83.57-25.03-36.38*+*-10.8228.735.29--,True
--81.01*39.4234.22++/--48.11+14.68*-58.81--44.72+-59.11--20.51+-78.88+-67.76-77.25*38.14-93.48,93.4814.68-48.11-37.58++34.2239.42-81.01-*-+-38.14-20.51-59.11-44.72-58.81*-+-*-77.25-67.76-78.88++,False
+5.01-28.5+-29.24+-48.97--59.41--43.12+93.94-60.1*65.46/71.01+5.05/-19.87+91.297.18*43.34,43.345.0571.0165.4660.193.94-43.12-59.41-48.97-29.2428.55.01+-++--+-*/+*97.1891.2-19.87*+,False
/76.69+45.55--88.02/-32.89--93.17*7.81-52.86*55.85+28.612.29-+0.87/83.64-85.03-47.68/-25.11,25.11-88.0245.5576.69/+--/-52.867.81-93.17-32.89/-*47.6883.640.8755.85*+-12.2928.6+/--85.03,True
+65.49/62.48+-14.8--42.26*58.02*23.34/40.67*-71.19+56.62+16.5335.98*+1.96+33.13-48.87-61.63,61.63-71.1940.6723.3458.02-42.26-14.862.4865.49+/+-**/*--48.8733.131.96+*35.9816.5356.62+++,True
--35.21+-45.91-27.07*79.36/86.78-67.37--74.22*2.79/43.5856.59*+-91.6/-30.16+52.9-42.5240.44,40.4442.5252.9-30.16-91.6-45.91-35.21-++*56.5943.582.79-74.2267.3786.7879.3627.07-*/--*//+-,True
/75.12*-32.7*90.34--23.24-45.8*-65.33*22.66+-70.69--99.7/-86.56*96.05*61.58-87.9929.38*+-74.95,-74.9596.05-86.56-99.7-70.6922.66-65.3345.8-23.2490.34-32.775.12/**--**+-/*+*-87.9961.58*29.38,True
*30.12*25.27*37.92+98.48*57.19+-49.87-82.47/75.5*-82.54*59.65/-52.28-41.37/-30.0131.97*9.93,9.9398.4837.9225.2730.12***+*/-41.37-52.2859.65-82.5475.582.47-49.8757.19*+-/**/31.9730.01-,True
/36.24--78.09-83.85*-75.73+1.93*6.64/---34.33/-41.07*-58.64+96.81*70.4232.05/26.88/-60.42,-60.4296.81-58.64-41.07-34.3392.36.641.93-75.7383.85-78.0936.24/--*+*/-/*+/26.8870.42*/32.05,False
-90.89+9.77-41.63+18.77*49.61*-66.81--69.68*22.71--28.0-68.88+-72.44*-0.694.59-10.23/71.29,71.2941.639.7790.89-+-/10.23-66.8149.6118.77+**-94.59-0.6-72.4468.88-28.022.71-69.68-*--+*,True
+55.9+93.94-36.11*/11.48-25.59+46.29-67.85/-46.53/10.13*-6.01+-25.3/85.72-90.55/-29.43*+,42.2611.48*-36.1193.9455.9++/*-29.4325.59-/-90.5585.72-25.3-6.0110.13-46.5367.8546.29+-//*+/,False
*19.54*-89.11/-34.74*-55.36/90.82-13.17/-99.64/-36.51+-62.69*35.61/-85.25-19.98--23.21*88.05-83.25,83.2590.82-55.36-34.74-89.1119.54**/*/-88.05*-23.2113.17---19.98-85.2535.61-62.69-36.51-99.64//+*/,True
+-69.34*20.7*45.56/-41.5+98.84+17.15-82.95*-30.2839.08/-22.26--99.67-85.99*84.2633.79/-93.2,-93.222.26-41.545.5620.7-69.34+**/-/39.08-30.2882.9517.1598.84++-*/33.7984.2685.99-99.67--*,False
-88.09--63.04/4.36+6.16--39.8--67.33+18.8942.96*+-71.96-91.98*+12.6738.52**66.94/78.4198.93,98.9378.4166.94**38.5212.6788.09-+*-91.98-71.96-63.04-+*42.9618.89-67.33-39.86.164.36/+--+/,True
*-73.66*-81.46+86.88*56.6/-13.68*70.2+-68.3511.04//-92.73--59.5648.92/*49.36+60.11*-22.14-29.67,-29.67-22.1460.1149.36-92.7386.88-81.46-73.66**+//11.04-68.3570.2-13.6856.6*/*+*/48.92-59.56-+*,True
/-34.89+57.61--93.18-73.19---34.15*91.2+1.88/46.97/17.13+-53.98-62.17/-83.09+-23.28--96.4384.51,84.51-96.43-23.2883.09-34.89/-/-62.17-53.9817.1346.971.8891.2-34.1557.61+---73.19-93.18+*+//++-,False
+61.48+89.16/-61.44-97.23*39.61/-44.59+-23.92+-82.77+-25.49--20.82-35.17-+27.79+-91.11--84.6856.63,56.63-84.68-91.1127.79-82.77-23.92-44.5939.6197.23-61.4489.1661.48++/-*/+++--35.17-20.82-25.49+-/-,False
--50.92-81.56/-87.82*24.97*92.31*95.58--95.34--28.32/20.75*43.55+80.11+-3.2648.95/-96.71-40.12,40.1281.56-50.92----96.71/48.95-3.2680.1143.5520.75-28.32-95.3495.5892.3124.97-87.82/***--/*++,True
*-5.26*2.69+-39.8121.49--4.5/95.09*-62.66+79.22+12.69*-88.18-58.01-54.28-70.97/-67.48*74.26,74.26*-67.48/70.972.69-5.26**--21.49-39.81+54.28--58.01-88.1812.6979.22-62.6695.094.5-/*++*,True
-94.1781.87//70.13*46.99+-30.45--55.12*-0.99--39.58+-28.77*61.22+57.4123.83+-30.39-11.31-96.73,96.73-55.12-30.4546.9970.13//81.8794.17-*+--11.31--30.3957.4161.22-28.77-39.58-0.99*-+*++23.83,True
-56.96*92.38*-4.36-31.96-4.92+-13.93-13.07++-97.95--51.48/-79.31*-2.13+-92.41/-99.02--0.6199.46,99.46-0.61-99.02-92.41-2.13-79.31-51.48-97.95++-13.07-13.934.9231.96-4.3692.3856.96-**--+-/*+/-,True
--35.23/92.33-98.8858.65//-73.33*47.63***-32.6*-0.04+-79.69+-82.88/-3.84/7.25/-65.7294.59,94.59-65.727.25-3.84-82.88-79.69-0.04-32.6-89.0147.63-73.3392.33-35.23-///58.6598.88-****++///,False
*-89.72*-74.22-3.87--37.44*49.35-72.2*--56.96*61.71+-34.15/74.03/85.45/31.3739.19+-98.74*-8.33,-8.3361.71-56.96-89.72*-*-72.249.35-37.443.87-74.22*--***-98.7474.03-34.15+/+39.1931.3785.45/+,False
-77.6--92.15/-32.45/43.32*-78.0325.39-+54.55+-41.15+67.16+86.55/-96.43+68.43+-9.33+-33.15-30.45,-30.45-33.15-9.3368.43-96.4386.5567.16-41.1554.55-32.45-92.1577.6--/+-25.39-78.0343.32+*+++/+++,False
-99.36/-57.19*++-57.48+87.52-89.8*-73.76+19.96*44.69*99.47+-42.120.5**52.672.48*79.58,79.5873.76-*-89.887.52-57.48-12.75-57.1999.36-/*++**20.5-42.199.4744.6919.96+**+2.4852.67*,False
+-52.22/78.77*-20.09-64.06*80.73+-54.94+-96.271.29-+33.27-24.12**62.32/---78.0*78.788.96,8.9678.78-78.068.4762.3278.77-52.22+/**-24.1233.27+-1.29-96.27-54.9480.7364.06-20.09*-*++/-*,False
*-89.4--71.61/-12.41/-26.19*-82.37/20.92/12.25/-36.0656.95+58.2829.93*-61.8/--29.83*-12.01/87.96,87.96-12.41-71.61-89.4--//-12.0120.92-82.37-26.19/*/*-29.83-/56.95-36.0612.25//-61.8*29.9358.28+,False
/-6.52+-67.29-67.95*88.71/92.07--11.96+0.84/9.01-25.83/+-40.96-7.1-46.49//-26.96/67.7886.94,86.9467.78-26.96-40.9667.95-67.29-6.52/+-+/-25.839.010.84-11.9692.0788.71**-+///-46.497.1-/,False
-47.7140.08/*33.75/-58.58--32.533.19/+-32.96--48.39+62.32-64.95-21.45/--1.11-90.3/49.51*32.57,32.57-48.39-32.96-58.5833.75/40.0847.71-*/+/3.19-32.53--*49.51//-21.4564.9562.32+--90.3-1.11-,True
*62.54/80.1+-78.833.29/*48.22/-1.24--99.83*++-48.45--17.47-3.394.11*-7.2/-99.69/33.32,33.3280.162.54*///33.29-78.8+-99.69/-7.2*4.113.39-17.47-48.4558.74-99.83-1.2448.22*/-*+--,False
/-95.3*-10.13//--34.0+88.29*74.77*-69.89+-26.3+83.546.32-+47.36-16.39*+-41.71-90.1*-98.15,-98.15-34.076.8-10.13-95.3/*/-*-90.1-41.71+*-16.3947.36+-6.3283.54-26.3-69.8974.7788.29+**++,False
-18.97/70.74*64.3/16.76/-6.12-85.04--76.48/53.56*-10.98*38.88*-47.92+-23.2380.09/32.23+70.16,70.1685.04-6.1216.7664.370.7418.97-/*//-+32.23-76.48-/80.09-23.23-47.9238.88-10.9853.56/***+,True
-14.66--13.15*-12.78+53.0/45.65-84.8--38.47/-48.31*-+36.58-74.1*79.91-98.51+25.74*-7.42,-7.42-13.1514.66--*25.74+98.51-79.9184.845.6553.0-12.78*+/-*-74.136.5824.03-48.31-38.47-/*+,False
*-48.74*-75.15+23.48--83.71-4.18/+-46.96--96.62/84.65-23.81-1.17*/21.18--82.72*64.74-64.61-9.82,-9.8264.6164.74-82.7221.1884.65-96.62-46.96/-4.18-83.7123.48-75.15-48.74-*+-+-//*-1.1723.81--*-,False
*-90.14--89.38+-21.77/-2.06+98.04*-55.91-33.12--44.91-24.67*+-30.51/-98.54*59.4910.48*90.72--69.47,-69.4759.49-98.54-30.51-2.06-21.77-89.38-90.14*-+/+*-24.67-44.9133.12-55.9198.04+*--/*-90.72*10.48,True
/-23.18-1.87--99.44-45.11**-84.35/30.6--70.36*-3.43*-13.0*-43.42*-60.51/12.58/29.73-67.07+-16.84,-16.8429.7312.58-60.51-43.42-13.0-3.43-70.3630.6-84.35-23.18/**-45.11-99.441.87--/-****//+-67.07,True
*75.66+70.5*-6.76/99.45+76.73/2.43+-96.16--18.81--84.72+-70.45+71.14*-39.88-62.47--8.82/-17.18,-17.18-84.72-18.81-96.162.4376.7399.45-6.7670.575.66*+*/+/+--/-8.82-70.45+--62.47-39.8871.14+*,True
/-64.52+21.34+-91.16+60.4-46.55-+-10.02*-4.47--1.3498.67*/39.52+-12.0/-45.91-97.34/-6.02/-54.79,-54.79/-6.02-64.52//-97.34-45.91-12.039.5221.34+/*98.67-1.34-4.47-10.02+--46.5560.4-91.16++*-+/,True
-75.9172.74/*+-69.24*90.31+-7.68*52.89*-52.37+-54.96/15.43-76.71*62.48-91.38*-61.2150.76,50.76-61.2191.3862.4876.7115.43-54.96-52.3752.89-7.6890.3169.24-55.66*/72.7475.91--*+**+/-*-*,False
--53.55*60.17*-25.09*67.43/-79.3+69.8/47.94*32.31/-44.11+-39.37/81.27+-40.0162.93/-57.937.49,37.4957.9-53.55--/62.93-40.0181.27-39.37-44.1132.3147.9469.8-79.367.43-25.0960.17***/+/*/+/+,True
*--69.57/11.48-96.59*-1.16/-63.2+-86.66-28.34--70.64+18.31-89.58+54.13-17.31/-12.93-25.85,-25.85-12.9317.3154.1389.5818.31-70.6428.34-86.66-63.2-1.1696.5911.4869.57-26.94*-/-*/+--+-+-/,False
+-35.31*74.92*60.7//--25.23-52.72-0.02/-19.1+78.39+95.45/65.47-45.26+76.4--4.92/-2.99,-2.99-19.10.0252.72-25.2397.7760.774.92-35.31+**/---//-4.9295.4578.39++-76.465.47/+-45.26,False
+-19.57+95.66/56.62*-18.67--98.2/70.31+-60.14/8.12-87.48/81.73*37.04--23.53/-53.14/11.18-3.56,-3.5611.18-53.14-23.5337.0481.7387.488.12-60.1470.31-98.2-18.6756.6295.66-19.57+-/*-/+/-/*-//,False
*37.18+-92.58*-19.34.57--26.02*75.09-21.68++90.82/-34.87+-26.23-65.67/---79.25-83.55-57.42-8.13,8.1383.55-79.25-/4.57-19.3-92.5837.18*+*-65.67-26.23-34.8790.82-26.02-+*-21.6875.09*/+----57.42,False
/26.69-8.71*-38.96/42.16*-93.19*-96.91/-52.58/28.16-99.93+2.2-28.63**86.82-42.97/+32.7935.49,35.4932.79-52.58-96.91-93.1942.16-38.968.7126.69/-*/**/+/-42.9786.8299.9328.16/-**-28.632.2+,True
*58.1*-0.26-19.45-38.0/+93.36*33.08/25.32+44.74/44.97*-99.19*-70.72/60.93-40.49+-6.15+94.97,94.9758.1*+-6.1544.7425.3233.0893.36-0.26*+/-38.019.45-*/++-40.4960.93-70.72-99.1944.97-**/,False
--17.36-92.92*-17.49+-59.97/-18.3+-79.81/-67.84*-88.7+-78.39-24.32/*-29.3252.95*42.29-42.48/53.97,53.97-67.84-79.81-18.3-59.97-17.4992.92-17.36--*+/+//42.48-88.7*-42.29*52.95-29.32*/-24.32-78.39+,True
-7.24*-34.7-24.8974.39*-72.74*-21.71+35.892.4*+50.73*-48.52+4.08+-17.95-99.59--9.54-71.56,-71.56-9.5499.59-17.954.08-48.5250.73-21.7172.74*74.3924.89-34.77.24-*--*+*92.435.8+*++--,True
--47.11-38.14++51.095.91//75.465.99*-45.54/-75.59/-84.11+70.09--40.96-8.04*98.84*92.1827.67,27.6792.1898.848.04-40.9670.09-84.11-75.5945.54-/95.9151.0++-38.14-47.11-*5.9975.46///+--**,True
+21.74*5.79/-45.89--63.29--45.37-62.72*--38.7827.5+-90.3+-36.57+-63.26/-19.92/-92.26+81.33-7.39,-7.3981.33-92.26-19.92-63.26-36.5790.3+27.5-38.78-*-62.72-45.37-63.29-45.895.7921.74+*/---++//+,True
--60.58+73.64*-43.27*76.55--26.53/-57.55*46.27*12.59/67.41-60.17/-47.62/79.51*-73.69/78.6722.86,22.8678.67-73.6979.51-47.6260.1767.4112.5946.27-57.55-26.5376.55-43.2773.64-60.58-+**-/**/-//*/,True
+-79.3-95.74--11.62+41.81-97.27/*-90.71-24.25*-23.31/13.05/-60.07*-52.18/-71.59+13.020.09--72.17,-72.1713.05-23.3124.25-90.71-11.6295.74-79.3+--*/-97.2741.81+-*/-20.0913.0-71.59-52.18-60.07/*/+,True
/8.99/22.1/98.27--69.36+47.72/-33.99*-18.93--49.85*-22.38/11.4/-30.64-13.65+-98.5249.59*37.76,37.76-30.6411.4-22.38-49.85-18.93-33.9947.72-69.3698.2722.18.99///-+/*-*//*49.59-98.5213.65-+,True
/93.15+19.35*45.22*-96.2--87.39/43.51/3.42/-54.03+75.67-32.95//25.22+88.0+81.49-20.11+/,-67.5688.025.22-87.39-96.245.2219.3593.15/+**-//-32.9575.67-54.033.4243.51///+++-20.1181.49+,False
/62.75/-28.27+-70.74+-31.13-58.93//46.33/52.16-88.02*64.39+93.8143.77/-40.930.31/--75.56/-9.17,-9.1752.1646.33-70.74-28.2762.75//+//-58.93-31.13+//-75.5688.02--/43.7793.8164.39*+30.31-40.9/,True
*-51.56+63.03-0.05---55.81/8.06/1.35+54.65/97.66-96.67-+52.77-32.36*+61.63*52.44-91.45/6.2,6.2-55.81-51.56*---0.0563.03+/-91.4552.4461.63+*-32.3652.778.06/+--96.6797.6654.651.35/+/*,True
/25.97+-99.48/-25.42+79.44+71.76*30.28/-6.86*11.47-74.83*-40.3994.17++-62.01*50.6157.64*-27.07,-27.07*57.6450.61-62.01-99.4825.97/+++94.17-40.3974.8311.47-6.8630.2871.7679.44-25.42/++*/*-**,True
+79.95+-86.83-37.83/*3.75*-75.94-31.63/65.01--7.59+28.37+-59.98+-52.2+68.31*-27.27/-61.49-78.59,-78.59-61.49-27.2768.31-52.2-59.9828.37-7.5965.0131.63-75.943.75/-37.83-86.8379.95++**-/-++++*/,True
--58.98+-65.51--11.77*-18.13--85.15*-88.07-27.17*+41.57/-38.46+-42.56-4.22//-78.04/-45.5515.26/*,93.22-11.77-65.51-58.98-+-/15.26-45.55-78.0441.57-18.13*+*-27.17-88.07-85.15-*//-4.22-42.56-38.46/+/,False
*3.55*-39.54-71.82*-21.06*82.44*-56.35/-37.6+-50.89/43.98-48.59--61.87+43.03+77.7329.2/-,-92.3743.98-50.89-37.6-56.3582.44-21.0671.82-39.543.55**-***/+//29.277.7343.03-61.8748.59--++,False
/8.26+-99.89--44.31--44.38+-51.37*-29.85-11.58+-29.72--90.34*81.63--17.6222.83*+56.07+33.2192.04,92.0433.2156.07-29.7211.58-29.85-51.37-44.38-44.31-99.898.26/+--+*-++*22.83-17.6281.63-90.34-*-+,False
/-38.65-51.59*17.38/-31.04+69.91--44.38*79.0*-50.7430.08*+-67.16-28.8180.58--34.43-82.43/41.92,41.92-67.1669.91-31.0417.3851.59-38.65/-*/++*30.08-50.7479.0-44.38-**/82.43--34.4328.81--80.58,True
-19.53/10.74+-76.9/56.23/63.03+-42.2410.17/-13.26/-65.62/-50.3348.77--41.66+60.29/--86.96*89.28,89.2819.53-*-86.9663.0356.23-76.910.74/+//-/10.17-42.24+60.29-13.26/+-41.66-65.62/-48.77-50.33/,True
*-24.33**25.79/--15.92/98.16-41.79+-14.48--68.08+-70.58--40.8-18.2939.66*--18.67-51.9--55.72,-55.7241.7998.16-15.92-24.33*-/25.7998.96*/---51.9-18.67-70.58-68.08-14.48+-+-*39.6618.29-40.8--,False
--20.34-78.6/7.37/-88.1/21.83+59.69/43.37-91.5593.71--89.24*-83.99/-69.93/-1.51/52.7571.8,71.852.75-1.51-69.93-83.9989.2478.6-20.34----93.7191.5543.3759.6921.83-88.17.37///+/-*///,True
/79.86*66.89/94.67/-76.6*4.4*-95.2/40.62-27.47*--22.52*26.08*-5.58--37.27*-98.49+76.78-54.26,-54.2676.78-98.49-37.27-5.5826.08-22.52-95.24.4-76.694.6766.8979.86/*//**-*-27.4740.62/**-**,False
+36.85/55.04+82.53*-88.55+66.84/-57.939.8/-1.33-53.43-78.85**29.78*83.77-40.27+-72.02*13.21,13.21-88.5582.5355.0436.85+++**-72.0283.7729.78**-78.8553.431.33-/39.8-57.966.84+/-*+-40.27,False
+92.39--5.25-26.52/37.18/-34.39--47.88*78.07*-39.92--78.2747.09//22.86+-54.01+-90.9525.39/-62.79,-62.79-90.95-54.0122.86-47.88-34.3937.1826.52-5.2592.39+--//-//47.09-78.27-39.9278.07**-++-25.39,False
/-10.67*44.64-54.25+10.63-43.48--24.74/64.87/21.9-68.35*--38.24+8.98-35.08//-15.66--49.1442.09,42.09-49.14-15.6610.6354.2544.64-10.67/*-+//-35.088.98-38.24-24.7443.48---*-68.3521.964.87//+-,True
+-50.17+59.06/-90.56+18.69--55.92*-10.43--65.68+-96.59/77.51+-43.74*-69.28/-47.21/-61.02+-74.81-9.79,-9.79-74.81-61.02-47.21-69.28-43.7477.51-96.59-65.68-10.43-55.9218.69-90.5659.06-50.17++/+-*-+/+*//+,True
+85.6+70.01+-93.37/-89.52/-33.46+11.72-83.0*-31.2-67.52+51.31+-67.37/-80.5+42.16-81.92-60.83,60.83-93.3770.0185.6+++--81.9242.16-80.5-67.3751.3167.52-31.283.011.72-33.46-89.52/-+-*-++/+,False
*45.93--29.27+-86.92/89.98-78.72+-53.82/89.96/89.03+22.79+-45.84/-6.19-60.14/-98.52*77.36-53.97,53.9789.0389.96-53.8278.7289.98-86.92-29.2745.93*-+/-+//-77.36-6.19-45.8422.79++/*-98.52/-60.14,True
--84.43--34.53*-9.95/89.16--91.9**+3.84+-86.97+15.74/-33.61-47.61/-7.99*-95.16-91.83*93.6,93.6-86.973.8440.14-91.989.16-9.95-34.53-84.43--*/-*++*-91.83-95.16-7.9947.61-33.6115.74+/-/*,False
/33.54+29.76*17.97/94.62*67.71--96.73/12.56/16.87*1.08+-70.19--40.71/-98.39/-75.79-99.44-4.31,-4.3199.44-75.79-98.39-40.71-70.191.0816.8712.56-96.7367.7194.6217.9729.7633.54/+*/*-//*+-//-,True
--20.98+54.37-67.32/88.4*37.93--2.32--82.91+-68.85/-61.7+-75.65-74.35-98.45*34.48/68.42*-55.23,-55.2388.467.3254.37-20.98-+-/*68.42-82.91-2.3237.93*--/34.48-61.7-68.85+/*98.45-75.65+--74.35,True
*66.22/-91.51--68.54+74.24-75.28/99.27--75.2/-58.45*63.41/**52.19/78.93/64.91+83.17-76.58,-76.5883.1764.9178.9352.19-58.45-75.299.2775.2874.24-68.54-91.5166.22*/-+-/-/**13.4763.41*//+,False
*-91.92--88.65*70.09*21.1/-80.48+22.64+-18.34-82.3/-95.1+56.08+-5.51*-62.93/93.52--98.8942.63,42.63-98.8993.52-62.93-5.5156.08-95.182.3-18.3422.64-80.4821.170.09-88.65-91.92*-**/++-/++*/-,False
*-29.52--67.17*39.28+56.2*-94.65--77.35/-18.65-39.61*67.43--67.45*-92.33--27.19-82.16+-20.76--32.86,-32.86-92.33-67.4567.4339.61-18.65-77.35-94.6556.239.28-67.17-29.52*-*+*-/-*-*--20.76+-82.16-27.19-,True
*-72.35+2.1+-20.93/35.55+-82.0*39.69*-12.64/44.53+43.66/82.94-98.15-61.42*-63.65+73.87--94.23,-94.23-82.035.55-20.932.1-72.35*++/+*73.8743.6644.53-12.6439.69**/++-63.65*-61.4298.1582.94/-,False
+42.93/90.9*5.3/44.13--64.69/35.32+-79.13--1.25+59.57+27.33/-41.57+-11.02-6.33--8.2*-17.48,-17.4844.135.390.942.93+/*/*-8.259.57-1.25-79.1335.32-64.69-/+-+--6.33-11.02-41.5727.33+/+,True
/-54.07*7.4*53.44+-54.19-37.43/--66.48-10.38--69.75-41.5/92.1+-39.13/-25.46+-22.37/87.2689.81,89.8187.26-22.37-25.46-39.1392.141.5-69.7510.38-66.48/-37.43-54.1953.447.4-54.07/**+---//+/+/,False
*-97.6-38.09--90.71+29.44--31.56/-27.53*-14.39-94.17+/--77.91-54.84/--93.39/-5.49/-98.2637.97,37.97-98.26-5.49-93.39-90.7138.09-97.6*---/-54.84-77.91-8.8394.17-14.39-27.53-31.5629.44+-/*-+-//,False
+-50.74/-58.58/-39.19/-95.9163.94-/-11.06+29.06/84.11+-5.7672.37/+44.38-7.67+-57.3179.2--13.78,-13.78-50.74+--63.94-95.91-39.19-58.58///79.2-57.317.6744.38-11.06/+/72.37-5.7684.1129.06+/+-+,True
--89.09--63.38-95.77*21.28*-63.8681.46**-7.58+-18.07/66.09/92.24+-47.99*10.69-2.49--12.15--11.94,-11.94--12.15-63.38-89.09----2.4910.69-47.9992.2466.09-18.07-7.5821.2895.77-***81.46-63.86*+//+*,True
+94.39/-24.68--30.07*46.98+59.64-28.36/-24.37+67.68*-37.15/52.14+-86.64-23.6798.55/-*66.66,66.66-58.8324.3746.98-30.07-24.6894.39+/-*-/-28.3659.64+-/98.5523.67-86.6452.14-37.1567.68+*/+-,False
+88.24/-86.97/28.83*28.61+-32.3795.07*+-49.66/-37.75/-46.41/20.9397.89/66.93/14.33+92.74*85.92,85.9228.6128.83-86.9788.24+//***95.07-32.37+92.74-49.66++14.33/66.93-46.41-37.75///97.8920.93/,True
/-92.8/81.84--15.46*62.966.14-+-42.2*-63.9--7.42--28.16*-13.86/35.37-57.45/-41.64+54.62/-27.6,-27.6-63.9-42.281.84-92.8//+-6.1462.96-15.46-**/54.62-7.42-+-41.64/-57.4535.37-13.86-28.16--/,False
-91.11--43.78+18.91-26.1*61.78-86.2/13.45+-77.68*34.69-72.164.87++32.42-47.65*--37.43-29.62,-29.62-37.4391.11--*-47.6532.42++64.8772.134.69-77.6813.4586.261.7826.118.91-43.78-+-*-/+*-,True
/-7.24+-80.84/-15.47-14.95/66.17+-60.63/-26.56/-57.216.2/+74.97*-36.77-91.08/48.97/9.24+38.68,38.68-26.56-60.6366.1714.95-15.47-80.84-7.24/+/-/+/+/6.2-57.21/9.2474.97+//-91.08-36.77*48.97,True
*65.65/52.2-58.21/13.46++*-2.6+-9.39/-88.37/89.67/-26.2*-62.38/82.67*-79.0527.9+32.21,32.2182.67-62.38-26.289.67-88.37-9.39-2.6-97.3613.4658.2152.265.65*/-/+*+///*/+27.9-79.05*,False
+72.64--23.19*74.32+92.88*-83.9*70.91*11.72--14.86+66.1863.33/+64.77*-+-86.02/-82.8263.86,63.86-82.82-86.02-83.992.8874.32-23.1972.64+-*+*+--8.0964.77-14.8611.7270.91**-+/63.3366.18+/,False
*-80.59--12.65/-3.79*-55.34/19.31*-90.82/-44.19-54.37+86.56/6.92/19.33--84.48*-86.9958.16/-21.13,-21.13-86.99-84.4819.336.9286.5654.37-44.19-90.8219.31-55.34-3.79-12.65-80.59*-/*/*/-+//-*/58.16,True
/48.63--19.97+75.66--90.95+-91.15*-42.59*48.26-73.47++-29.26-72.67/*50.92--29.68+35.4534.14/93.43,93.43//-72.67-29.26++-73.4748.26-42.59-91.15-90.9575.66-19.9748.63/-+-+**34.1435.45-29.6850.92*-+,True
+68.18--40.08+22.15/-9.78*21.87+-6.3998.1//7.34/98.847.9-+*+-10.5759.83*-95.34*-97.67,-97.6740.477.34/98.1-6.3921.87-9.7822.15-40.0868.18+-+/*+/+-47.998.8/*-95.34-10.57+*59.83,False
/-43.22/81.93+94.74+-20.1113.02//-73.99/-59.5/-17.56/-17.86*-12.54+79.34/29.18.21+25.92-54.4,54.494.7481.93-43.22//+-25.92-59.5-73.99//13.02-20.11+/+8.2129.179.34-12.54-17.86-17.56//*+/,True
/-89.12--72.8/32.62+-10.4481.35/-12.42*10.38-38.14*-45.32-52.06/-6.12--55.564.97+-35.71+-58.35,-58.3510.3812.4232.62-72.8-89.12/-/-/81.35-10.44+*+-35.716.12-/-52.06-45.3238.14-*+4.97-55.56-,True
*-27.21--43.2-8.73-52.85*90.4-8.51+-98.7-94.46//-62.14/-40.85-4.57+-86.01+61.4449.62*17.36,17.3661.44-86.014.57-40.85-62.148.5190.452.858.73-43.2-27.21*---*-//-94.46-98.7+/-++*49.62,True
+-65.22+82.04+80.27/-41.67-27.38/-80.65--24.45/29.03--43.99-32.34--41.73+-5.8/1.87-55.92*-34.83,-34.83-41.7332.34-43.9929.03-24.45-80.6527.38-41.6780.2782.04-65.22+++/-/-/---*-55.921.87-5.8+/,True
-16.2/7.29+15.95*-32.45/18.69--62.19/-95.0623.18*--90.64*12.77-99.6*0.02-18.2+79.06+32.32,32.32+79.0699.612.77-90.64-62.1918.69-32.4515.957.2916.2-/+*/--*23.18-95.06/*-+-18.20.02*,True
+-14.4/-35.25/76.1-6.98/52.37/-41.1--76.05/-36.62/-89.47*87.67*9.25*-27.9716.65---27.6729.5,29.5-27.679.2587.67-89.47-36.62-76.05-41.152.376.9876.1-35.25-14.4+//-//-//**--16.65-27.97*,True
/-20.83*98.48--57.5-66.81-59.92+17.91-87.3841.19++62.67/32.12+92.0+/47.96+47.66+-67.42,-67.4259.9266.81-57.598.48-20.83/*---+47.6617.91+++41.1987.38-47.9662.67+/-32.592.032.12/+,False
--76.14*40.94*0.47--66.11-77.74/92.19-89.85*46.3149.21*-8.61-9.93---63.07+12.93*77.67,77.670.4740.94-76.14-***12.9377.74-66.11--+*49.2146.3189.8592.19/-*-63.0772.979.938.61---,False
/-63.01--9.31--59.12+48.97+83.39+-99.02/65.91-95.34*81.84/-38.47+48.44*76.24*-59.81/4.13-20.89,-20.894.13-59.8176.2448.44-38.4781.8495.3465.91-99.0283.3948.97-59.12-9.31-63.01/--+++/-*/+**/,True
-59.13--23.1--95.35/55.58/-14.48/-67.97+-3.72+-14.96-75.95/27.46/-10.19+33.49*36.1-59.26*-60.76,-60.76-23.159.13--*-59.2636.133.49-10.1927.4675.95-14.96-3.72-67.97-14.4855.58-95.35-///++-//+*,True
*66.96/26.72*9.05*-29.59*-9.2/-3.53-99.06*/42.84*-99.17-18.44/--3.42/-20.78-73.83+-92.36+96.01,96.01-3.4242.84-9.2-29.599.0526.7266.96*/***/*-99.06-3.53/-/-18.44-99.17*+-92.36+-73.83-20.78/,True
*99.33+-30.33*-27.91+62.32+-91.92--77.04/-22.04-47.8/-38.34*93.14-8.29*-1.84/52.79/19.1756.58,56.5819.1752.79-1.848.2993.14-38.3447.8-22.04-77.04-91.9262.32-27.91-30.3399.33*+*++-/-/*-*//,True
--41.8--94.04/-28.31*69.02+32.58-36.66/-47.14/-20.02+-49.9*57.76-21.2-18.1586.81+-91.67/70.78,70.78-20.02-47.1436.6632.5869.02-28.31-94.04-41.8--/*+-///-91.6721.257.76-49.9+*-+86.8118.15-,True
-11.02/-82.55+96.53/17.14-71.44/29.74*-97.53-97.23/1.27*-92.06-77.23-22.59*0.72+5.83/65.69,65.6929.7471.4417.1496.53-82.5511.02-/+/-//5.83+0.721.2797.23-97.53*-/*-22.5977.23-92.06*-,True
/-26.78/21.3486.35-+-27.41+93.32*-96.44*76.24-70.7*--20.41/-41.8261.09/*-78.56-51.8410.3+-16.16,-16.16+10.351.84-78.56-27.41+-86.3521.34-26.78//*/61.09-41.82-20.4193.32+-*-70.776.24-96.44**/-,True
+-4.89*49.88/60.43/23.02/-14.76*-16.12-76.94/+-79.0824.72/0.46/-79.69-57.88*-+56.25/-12.7837.08,37.08-12.7856.2523.0260.4349.88-4.89+*//+-/-76.94-16.12-14.76/**24.72-79.08+-57.88-79.690.46///,True
/-5.01--52.52+23.01-40.2*6.184.7*-44.93+97.72/---86.53+88.49*-41.22/48.38+27.1921.63,21.6327.1948.38-41.2288.49-86.53-5.01/---88.9197.7244.9323.01-52.52-+-*4.76.1840.2-*++*/+,False
/2.9725.27+--9.49-8.53+98.76*-7.58*60.07--4.12/-18.13+-83.49-59.66-+-29.81/-55.6+80.8916.5,16.580.89-55.6-29.81-9.49-+25.272.97/+--59.66-83.49-18.13-4.1260.07-7.5898.768.53-+**-/+/+,True
-98.61/45.73/-59.19*10.8/-90.09*-73.616.56/*-68.96*-45.86+57.69+-21.89/-38.36+36.4295.71*-69.91,-69.91*/16.56-73.6-90.0910.8-59.1945.7398.61-//*/*95.7136.42-38.36-21.8957.69-45.86-68.96**++/+,True
/-22.46/-91.74-67.14*-4.6*7.41***36.11-59.56*17.35-61.51-87.35--93.32*45.86+-32.24*99.52,99.5267.14-91.74-22.46//-*-32.24-4.6*+45.86*-93.3217.3559.5636.117.467.41***-*--87.3561.51-,False
/-3.33+-52.83-44.69*-14.2+23.41+-96.21*-67.49/39.45*11.97-63.94*--84.25/66.92/*-17.01*92.04,92.04-14.244.69-52.83-3.33/+-**-17.0123.41+*54.8466.92-84.25-67.49-96.21+*-*-63.9411.9739.45/*/,False
*-62.13-72.25+-13.61*-92.68*-27.8457.27**-32.86-25.0737.81*-38.02+84.91+47.72/-24.77/62.33+-83.82,-83.8272.25-62.13*-+62.33/-24.77/47.72+84.91+-38.0225.07-32.86-13.61+**57.27-27.84-92.68**-*37.81,True
*-9.86*45.91--17.3/75.43/44.04*-3.143.49/*-9.08/53.94-98.09/50.8327.72/90.75/-15.75*-79.06,-79.0653.94-9.0844.0475.43-17.345.91-9.86**-//*/43.49-3.1***-15.7550.8398.09-//90.75/27.72,False
+-81.53--72.3+28.42/35.87*56.05/-51.85*74.7--88.61/-55.06+21.8453.59-33.21/15.32*-87.31--72.8,-72.8-81.53+*-87.3121.84-55.06-88.6174.7-51.8556.0535.8728.42-72.3-+/*/*-/+*15.32/33.21-53.59,False
--95.39-13.47/42.85*-84.26*65.9641.33**61.69-35.51-34.14/81.9/6.97+-70.29/-57.33+-49.9521.92,21.92-49.95-57.33-70.296.9781.934.1435.5161.6913.47-95.39--**41.3365.96-84.2642.85/**--//+/+,True
*-54.09-26.77/9.41-99.42+-36.0193.87*+--16.96/57.79--7.59/47.48-36.38--25.26-90.35-65.18,65.1836.3847.48-7.5957.7916.9619.449.4126.77-54.09*-/+*93.87-36.0199.42-+-/-/---90.35-25.26-,False
-81.8-56.14/6.42+-17.64-71.39/-84.3+23.6-17.28*-10.76-84.35/46.06--86.56/-*-83.8-82.62,-82.62-83.8-66.24-86.5646.0684.35-10.7617.2823.684.36.4256.1481.8--/-/-71.39-17.64++-*-/-/*,False
*71.81*-69.14/9.72+-19.71+93.02/-72.19+32.03*41.89-11.02/-9.75--69.6419.8/-6.83*90.28/-98.41,-98.4193.02-19.719.72-69.1471.81**/++/90.2832.03-72.19/+*-6.8341.89*/19.8-69.64-9.7511.02-/-,True
/-31.42/-78.88+7.42--25.09*-8.12*-36.75-71.48*-7.9161.64*+-8.0*20.92+-71.45*-14.59-33.54-78.36,78.36-14.59-71.4520.92-8.071.48-36.75-8.12-25.097.42-78.88-31.42//+-**-+*61.64-7.91**+*--33.54,True
/-33.85+88.12--50.3+66.26-96.03/34.72+63.15--4.9+-1.27.59+--65.88+-39.06+32.124.75/25.16,25.16-33.85//4.7532.12-39.06-65.8896.0366.26-50.388.12+-+--+7.59-1.2-4.963.1534.72/+-++*,False
--32.01/-0.49*-0.15+1.8846.67++-13.49/12.63*3.74*58.1823.66**-8.65+-63.9/-16.94-12.74*-76.15,-76.15-63.9-8.65*23.6658.183.7412.63-13.49-32.01-++46.671.88-0.15-0.49/*+/***+*-12.74-16.94/,True
+49.69-77.51/-88.89+15.54-53.81-/-66.55*-8.5/-90.54/-45.03*-87.47*60.98*-54.14*-97.9197.32--69.72,-69.72-54.1460.98-87.47-45.03-90.54-8.5-66.55/-53.8115.5488.89-/-77.5149.69++/*//***-97.32-97.91*,False
/-30.218.89+/49.79/-71.55/24.05-39.88/-90.47/-81.87*99.25+80.87/3.58-93.27+98.61--61.8742.25,42.25-61.8798.6193.273.5880.8799.25-81.87-90.4739.8824.05-71.5549.79+18.89-30.2////-//*+/-+/,False
+0.81/97.85+-39.04-53.52/*64.94-10.78--15.01-11.1/-55.83*53.39--57.970.1+0.89+22.63/-10.17,-10.17-15.0110.7864.9497.850.81+/*/-53.52-39.04+--/22.63+0.89+0.1-57.9753.39-55.8311.1-/*-,True
*-93.01/-51.4+21.04*-32.75/-45.17+49.6+45.59-70.53*+64.14/-94.97--67.78/-97.17--35.55+-81.4385.72,85.72-81.43-35.55-97.17-67.78-94.9764.1449.6-45.17-32.7521.04-51.4-93.01*/+*/++*-70.5345.59+/-/-+,False
-61.74*42.24/80.09-39.07++-8.48--89.926.77+-32.62*1.94/-0.38*97.22*-72.08/-28.83-41.02*-41.92,-41.9297.22-0.381.9432.6261.74--++-39.0780.0942.24*/6.77-89.92-8.48+-*/**-41.02-28.83-72.08*/,True
+40.58/-85.11*64.83--8.45-78.99+73.05-56.33/-12.12--86.96+-21.86+35.71-+-7.04-17.56/-45.31,-45.317.0440.58+-+-81.3735.71-21.86-86.9612.1264.83-85.11/*-/-56.3373.0578.99-8.45--+-++/-17.56,False
/-42.69+-55.37*-75.91-9.99/34.76--64.25*-48.72*-99.46--57.0*-60.51/-14.0713.83-83.6864.23/53.34/,/13.83-14.07-60.51-57.0-99.46-48.72-64.2534.769.99-75.91-55.37-42.69/+*-/-**-*/53.34/64.2383.68-,True
/68.11--93.55+59.15-6.68--68.48+30.97+-54.41-4.27+85.77/15.33+52.424.39---8.55--8.97-73.23,-73.23-8.97-8.5515.3385.774.27-54.4130.9768.48-93.5568.11/----6.6859.15+++-+/--4.3952.42+-,True
*35.7-38.42-47.05-56.8-+4.86+-65.56/-90.3-96.24//75.09+-27.25--5.87/18.57-96.5+1.27/-15.02,-15.02-27.2575.094.86--56.847.0538.4235.7*--+//-96.24-90.3-65.56+/+/1.2718.57-5.87-/+-96.5,True
/2.46+15.61*-28.68/81.47-33.71*25.43-68.55/-34.07*-69.57--0.15-83.52+51.98--4.07/+--27.65,-27.65--16.0715.612.46/+/-4.07-51.98-28.68*+-83.52-0.15-69.57-34.0768.5525.4333.7181.47/-*-/*-,False
+-96.44*-18.77-30.49-65.82*42.57*-91.35--98.21*-42.67/42.11/23.56/57.1949.35/-22.99+-91.14--79.2,-79.265.8230.49-18.77-96.44+*----91.1442.57*+-22.99/49.3557.1923.5642.11-42.67-98.21-91.35*-*///,True
*48.21/62.89--21.5*-4.47-3.12/-29.7443.87+-71.86+91.92/-71.05*38.23/-12.09+75.2660.82*--72.92,-72.9248.21*-*43.87-29.743.12-4.47-21.562.89/-*-/60.8275.26-12.0938.23-71.0591.92-71.86++/*/+,False
+-70.66-75.43+-17.0+-59.15--43.09-91.83-8.07-44.71/-85.5-68.11*-29.08+82.84+-26.38-22.96/49.95,49.9575.43-70.66+-/22.9691.83-43.09-59.15-17.0++----26.388.07-+82.8444.71-+-29.08*-68.11-85.5/,True
*-71.4+-57.4+83.03-29.94/--1.17*-38.26++--76.9+92.09-45.27*+24.81+51.2-80.86--49.34--56.95,-56.95--49.3424.81-71.4*+*/-29.9483.03-57.4++-45.2792.09-76.941.14-38.26-1.17-*+-+--80.8651.2+,False
+55.75-60.71/-23.28+-95.62/-96.41/17.84*-81.08+-55.85/90.01+**69.64+91.43/13.04*-50.8722.78,22.78-50.8713.0491.4369.6493.9590.01-55.85-81.0817.84-96.41-95.62-23.2860.7155.75+-/+//*+/+*+/*,False
+-15.08+25.59-++55.9+6.7/1.63/-17.35*64.13*48.38*58.99+27.42-71.54/14.72*-28.67*13.71,13.71-82.7125.59-15.08++-*-28.6727.4258.9948.3864.13-17.351.636.755.9++//***+*14.72/-71.54,False
*26.8+-0.93/-23.72-16.014.89/+*-26.94*85.86+97.01--91.01--81.59+56.71/9.94--11.5934.64,34.64-11.599.9456.71-81.59-91.0197.0185.8626.94-37.23+/14.8916.0-23.72-0.9326.8*+/--*+--+/-,False
+16.11*53.26-80.71/-74.15+-43.58*67.3--58.74*82.67+-61.52+48.01+-51.56--32.02*-99.33/35.2171.04,71.0435.21-99.33-32.02-51.5648.01-61.5282.67-58.7467.3-43.58-74.1580.7153.2616.11++-/+*-*+++-*/,False
/64.17*-33.85--0.14/-47.53*48.4/48.2+11.12/-88.42+-56.31*47.08/93.81*13.09*-88.93/64.88-52.14,-52.1464.88-88.9313.0993.8147.08-56.31-88.4211.1248.248.4-47.53-0.14-33.8564.17/*-/*/+/+*/**/,True
-44.778.45/-94.7*72.47--23.83/67.65/44.16+15.37--53.4-6.12*-42.3/-97.35-51.61*43.2+/,-24.9615.3744.1667.65-23.8372.4794.7-/78.4544.7-*-//++43.2-42.36.12-53.4--**-51.61-97.35/,False
*15.37+-52.36-80.11++87.48--28.91*-92.556.99/-79.43/-47.59--76.43+92.34-59.6*-47.94--14.98/71.14,71.1487.4815.37*++-80.11-52.36+/-14.9879.43-/6.99-92.55-28.91-**-47.9492.34-76.43-47.59/-+*-59.6,False
*98.9436.44+35.04-48.98*-76.18*52.69*62.81/-92.83--88.49*82.33/5.64-75.1+34.4133.8+44.87/,/*36.4498.94*-48.9835.04+44.8752.6976.18-*+33.834.4175.15.6482.33-88.49-92.8362.81*/-*/-+,True
+84.63/36.18+-68.43/-97.5/43.77*62.77/78.7747.35**35.328.68++-99.1*67.0/-92.07+58.5326.27,26.2758.53-92.0767.0-99.1-97.5-68.4336.1884.63+/+/++28.6835.343.77/**47.3578.7762.77*/*/+,True
-45.37-78.35-63.04++75.25--27.77--10.56/75.87+-87.26-62.37*82.17--54.17+12.12/-91.968.17*-43.15,-43.1512.12-54.1782.1762.37-87.2675.87-10.56-27.7775.2545.37-++-63.0478.35---/+-*-+*8.17-91.96-,False
--47.2*51.99+-78.33+-87.07-25.7/10.46/-89.35*59.0*-76.3/29.4+-38.76*-0.53-62.74*65.69/90.06,90.06-38.7629.4-76.359.0-89.3510.4625.7-87.07-78.3351.99-47.2-*++-*/**/+/65.69-0.53**-62.74,False
-37.3--52.463.14/*9.31/-98.95+86.4*-79.08-12.92/-50.5*4.7--51.75+24.16-66.84--13.13+66.41,66.4112.92-79.0886.4-98.959.31*/63.14-52.437.3--/+*-+-13.134.7-50.5/*--66.8424.16-51.75-+,True
---65.14/69.79+51.31+95.65-70.05/-54.33/57.11--85.65*-48.07-83.07+46.05/-82.51*-59.14/-32.48,-32.48/-59.1451.3169.7965.1491.73--/+*-82.5154.33-/-70.0595.65+/46.05+-83.07-48.07-85.6557.11/-*,False
*-22.1/19.54--2.75--79.39*-8.75*-99.79*42.89/96.12--59.21/-59.178.34//-99.89--91.72*31.32-67.63,-67.6331.32-91.72-99.89-59.2196.1242.89-99.79-8.75-79.39-2.7519.54-22.1*/--***/-//78.34-59.1/-*,False
+64.35*27.76/-80.26--60.1+-59.76/4.95*-21.72+-66.9/-58.49+48.98/-68.13+-21.26-19.16*87.5+-89.39,-89.39-59.76-60.1-80.2627.7664.35+*/-++87.5-66.9-21.724.95/*+*-19.16-21.26-68.1348.98-58.49/+/+,True
/48.65/4.62/97.81/-87.73/-15.17+17.46/-56.3138.17*/25.81*48.01+65.77*-18.28/-42.53*-68.17-20.86,-20.86-68.17-42.53-18.2865.7748.0125.81-87.7397.814.6248.65/////*38.17-56.3117.46-15.17/+/*+*/*,True
+-25.83/++-11.66/-58.06*79.25*-67.01+53.79/-99.78/-14.38/52.27-97.0*/60.52-39.36*-38.18/40.15,40.15-99.7853.79-67.0179.25-58.06-11.66-71.15-25.83+/+/**+//*-97.052.27-14.38//-38.1860.52/*-39.36,False
*11.35+55.24/90.98*-57.54*84.6/-97.09+-72.40.22/+46.22+62.83+13.24-46.27--43.85/-69.06/2.25,2.2590.9855.2411.35*+//-69.06-97.0984.6-57.54**//-43.85--46.2713.2462.8346.22+/0.22-72.4+++,True
--21.47/-66.22/3.28**+81.24*95.91-62.17/61.54+-9.66-41.78/-94.87+28.29-38.79+7.03-25.55,-25.557.0338.7928.29-94.8741.78-9.6661.5462.1795.9181.24-34.323.28-66.22-21.47-//*+*-/+-/+-+,False
/26.79*-5.53/-15.95*3.85-38.6959.62*-46.99+-70.23+-41.7/99.23/-0.33*-57.62+6.33-1.35+40.22,40.2246.993.85-15.95-5.5326.79/*/*-*59.6238.69*+-1.356.33-57.62-0.3399.23-41.7-70.23++//*+,False
+59.16*30.72*-25.54/72.59*97.15*85.96+-*-18.37+-82.87*-68.09/69.54+26.8/54.16-76.51+97.16,97.16-86.7385.9697.1572.59-25.5430.7259.16+**/**++-76.5154.1626.869.54-68.09-82.87-18.37*+*/+/,False
--8.21+-27.32/-75.27/25.18*-61.27+-0.62+54.2-54.01/*1.02+-26.08/79.36-64.85-68.12-37.62/-26.96,-26.961.02*/-54.0154.2-0.62-61.2725.18-75.27-27.32-8.21-+//*++/37.6279.36-26.08+/--68.1264.85-,True
+10.27*-90.79**/40.91+-73.83+-43.23--22.64/-95.59--64.0*45.53/-72.3824.36/-75.41+81.52*65.84,65.84-90.7910.27+**81.52+-75.41-95.59-22.64-43.23-73.8340.9131.21*/++-//24.36-72.3845.53-64.0-*/,False
-91.74*24.69*7.5/-85.31*-58.76-45.88/91.59+2.86-81.1+28.6/7.13+51.45+/-25.66-20.47,20.4745.88-58.76-85.317.524.6991.74-**/*---25.6697.2151.457.1328.681.12.8691.59/+-+/++,False
*96.51*-21.61+91.09*-71.75-87.97--56.7+56.77/50.66/-53.32+10.9+-16.07*-50.48/60.7266.7/23.41,23.4150.6656.77-56.787.97-71.7591.09-21.6196.51**+*--+//66.760.72-50.48-16.0710.9-53.32/++*/,True
*-17.59-5.5-61.24/65.07+-34.11/-80.89+92.28/1.73+19.5390.75**-18.68/27.74--34.66--46.0684.55,84.55-46.06-34.6627.74-18.681.7392.28-80.89-34.1165.0761.245.5-17.59*--/+/+/**90.7519.53+/--,True
+-37.56+-16.98/60.15*6.04-25.86--61.76*-43.71*18.36-1.36--21.55+-15.63*-28.32-66.85*44.59--33.66,-33.66-43.71-61.7625.866.0460.15-16.98-37.56++/*--*-44.59-15.63-21.551.3618.36*--+*-66.85-28.32*,True
*-28.97-58.06-75.32/--78.85/-45.0+19.7+-12.44--91.63+-24.08*49.36-77.72++-4.3543.7*-67.7--47.7,-47.7-45.0-78.85-28.97*-/-75.3258.06-/--67.7-12.4419.7++*43.7-4.35-91.63*++-77.7249.36-24.08+*,False
+-20.89+36.0/-1.16+60.36--7.38*96.9--2.03/-65.2+56.61/-59.210.24//-74.88-62.97/-62.58*-14.27,-14.27-74.88-65.2-2.0396.9-7.3860.36-1.1636.0-20.89++/+-*-///0.24-59.2156.61+/*-62.58/-62.97,True
/5.7--75.42/8.33/4.54+30.91-8.49/33.14/10.78-6.56++-51.69-10.58/*-76.52+-19.71-46.56-32.36,-32.3646.56-19.71-76.52/-10.58-51.6933.148.4930.914.548.33-75.425.7/-//+-/++-6.5610.78/*+-,False
*-4.73+-49.39+92.69*59.45*13.51-98.92/55.49*36.4654.13/+-20.4776.79+68.3+46.12+7.37*51.07,51.07-49.39-4.73*+*7.3798.9213.5159.4592.69+**/+46.12+68.3+76.79-20.47+/54.1336.4655.49/*,False
+-38.67--26.63-22.47+81.51/38.97+-66.95+78.35-++-94.16+13.06/18.5978.15*-66.89/58.0/-58.72,-58.7222.47-26.63-38.67+--/58.051.478.35-66.9538.9781.51+/++-/-66.8918.5913.06-94.16++/*78.15,False
+-57.44*99.24--24.9*77.89*-51.75*-89.94--20.33/12.72*-11.17-32.74--22.87/-69.51-36.47--65.03-13.19,-13.19-65.0336.47-69.51-22.8732.74-11.1712.72-20.33-89.94-51.7577.89-24.999.24-57.44+*-***-/---/--,False
--22.54/-66.5517.81/-97.18+-18.22*-11.77+-25.68/-68.97--71.46-93.51--77.358.37*+-87.47+86.4699.63,99.6386.46-87.4793.51-71.46-68.97-25.68-11.77-18.2297.18-22.54--/17.81-66.55/+*+/--+*8.37-77.35-+,True
-86.04*-25.56*-81.47--68.66+-79.76--36.37--90.08*-79.33-71.06*-36.22--10.72/57.1388.35+53.08/+,46.17-79.33-90.08-36.37-79.76-68.66-81.47-25.5686.04-**-+--*/53.0857.13-10.72-36.2271.06-*-/+88.35,False
--21.02+-97.74+-96.9/78.8/-1.31/-17.86+28.34+-31.1322.16/+-5.75+12.59/21.798.99/-46.9/-89.9,-89.978.8-96.9-97.74-21.02-++//-46.9-1.31//98.9921.712.59-5.75-17.86/++22.16-31.1328.34+++/,False
*-53.74--45.88-0.8+-55.34/-95.7427.6-+-97.25*-88.97+-82.47*-87.47-74.08+93.27/-25.8770.94/64.71,64.71-88.97-97.25-55.340.8-45.88-53.74*--++-27.6-95.74/*/70.94-25.8793.2774.08-87.47-82.47+*-+/,True
*97.64/42.59--60.2*-37.08*85.41/-5.3114.7*-57.83+15.0*17.42+-79.66*92.2/22.65*-43.3384.38,84.38-43.3322.6592.2-79.6617.4215.057.8385.41-37.08-60.242.5997.64*/-**-*14.7-5.31/+*+*/*,False
++-62.73+-78.73+27.74/1.25*27.04-48.16*67.6367.71**55.51*-18.1569.59--77.84/77.1*1.52,1.5248.1627.041.2527.74-78.7362.7329.34+-++/*-*77.155.51**67.7167.63*/-77.84-18.15*-69.59,False
/2.72/83.1/15.98*-63.83-36.5/+-7.16/-68.85/53.76-64.66--26.43+-80.2*-19.295.28/+-97.77-71.41,-71.41-97.77+/5.28-19.29-80.226.43-68.85-7.162.72/+/-36.5-63.8315.9883.1//*/-/-64.6653.76/+*,False
-48.01--84.31--96.53/-65.99-31.68/-82.65*60.81*22.07+-18.61+-12.38/97.4-52.47-63.39+65.8-49.61,49.61-84.3148.01---/-31.68-65.99-96.53-/65.860.8182.65-*+-63.3952.4797.4-12.38-18.6122.07*++/-,True
*15.98+-93.66-11.12/-4.81/-50.36--66.74+-73.29/-47.5*8.62/-34.77/-48.6-2.72+-65.48/-82.91--88.23,-88.23-4.8111.12-93.6615.98*+-/--82.91/-65.48-47.5-73.29-66.74-50.36/-+/+-2.72-48.6-34.778.62*//,True
/-9.04/-52.07--38.46/-77.88-96.87++-43.54+72.42/-4.03+-54.65-38.9/16.95+29.85*19.05/-35.1-86.81,-86.81-35.119.0529.8516.9538.9-54.65-4.0372.42-43.54+-96.87-77.88-38.46-52.07-9.04//-/++/+-/+*/,True
--53.56/24.94*-13.8/-13.23/-89.38*-4.52-45.03/*-1.55+-0.9*60.66*-80.1158.49+53.05/-74.99/-71.99,-71.9924.94-53.56-///-45.03-4.52-89.38-13.23-13.8*//*-74.99-0.9-1.55*+/53.05+58.49-80.1160.66**,True
-70.48*55.61/24.62-33.91*-72.22+-46.1769.44-+-46.06/-94.12-95.3*-97.02/-70.52--99.16/39.58-85.33,-85.3339.58-99.16-70.52-97.0295.3-94.12-46.06+-69.44-46.17-72.2233.9124.6255.6170.48-*/-*+/-*/-/,True
+-23.55*63.31+55.48*50.97/-90.17/-49.03/1.377.31*/-21.78*-77.347.26*+-17.78*-99.38/29.3461.42,61.4229.34-99.38-17.7855.4863.31-23.55+*++*47.26-77.3-21.78-90.1750.97*//*77.311.3-49.03//**/,True
+50.87+-14.79*-21.77/-87.67*99.92*-23.58-98.76-87.24*+38.2114.51/+-74.3*29.38-73.23+-23.1888.17,88.1723.1850.87+-+-73.2329.38-74.3+*-87.2498.76-23.5899.92-87.67-21.77-14.79+*/**-/14.5138.21+*,False
--41.95-81.21/-25.48+-97.03--56.62+-85.71/-49.35+22.97--64.56*46.6-41.02/-84.98*9.92+70.02*14.35,14.35-97.03-25.4881.21-41.95--/+*70.02-85.71-56.62-++9.9222.97-49.35/+*-84.9846.6-64.56-*/-41.02,True
--9.43*-0.3*-/-20.34-23.33-7.7-18.89+-90.11+-40.74*93.59/-75.8/47.93--84.64-21.08*-37.62,-37.6223.33-20.34-52.83-0.3-9.43-**/-*-21.08-84.6447.93-75.893.59-40.74-90.1118.897.7--++*//-,False
/-4.49+-18.96*-32.26-41.95+1.38/-51.04+93.99+-11.06+53.68--16.26/17.26-48.31-73.7+-45.26*93.1,93.1-51.041.3841.95-32.26-18.96-4.49/+*-+/*-45.2653.68-11.0693.99++++73.717.26-16.26-/--48.31,True
--32.71+58.17*-29.0132.1+--96.57*62.58-+/16.84--47.42*-41.17*-26.78+22.54+59.83+-51.42-35.93,-35.93-51.4259.8322.54-26.78-41.17-47.4216.84-29.6262.58-96.57-32.71--+32.1-29.0158.17+**-/-**+++,False
--73.56-20.78+68.59*-5.52*-19.07+-32.96--58.02/33.53+*-48.57-77.56--54.3/-47.9883.39/-34.61,-34.61-54.377.5648.5799.5533.53-58.02-32.96-19.07-5.5268.5920.78-73.56--+**+-/+---/83.39-47.98/,False
+-78.73/-32.33/-55.69-5.53-54.79+*-64.6370.14/+81.7*97.1*-34.9+-22.7645.97/+64.56--89.59-52.72,-52.72-89.5964.56-34.997.181.7-55.69-32.33-78.73+//++-54.795.53-/70.14-64.63***+/45.97-22.76+-,True
--27.47*22.86*39.73+31.08-98.06-69.78/96.28-81.92+10.81-91.922.73-+0.954.13/-1.7+12.67,12.6798.0631.0839.7322.86-27.47-**+-+-1.769.78-/54.130.981.9296.28/-+-2.7391.9210.81+-,True
*44.83*-56.74*85.64+-33.19/-37.18-68.69/+0.11/92.89--8.32*93.96/-70.54-86.71+53.7922.28--53.64,-53.6492.890.1144.83*+/-68.69-37.18-33.1985.64-56.74**+//-22.2853.7986.71-70.5493.96-8.32-*/-+,True
+-74.14*46.07-66.43--5.33--76.3352.22+/11.49/-49.84*42.66/7.9*28.23*-25.4297.14/31.32*-4.0,-4.011.49+52.22-76.33-5.3366.4346.07-74.14+*---/*31.32/97.14-25.4228.237.942.66-49.84/*/**,True
/-22.43--77.26/-67.27-80.2--77.75*-62.59/-82.64/88.39/52.23+69.68-67.55/21.64-6.86-89.96+22.22,22.22-82.64-62.59-77.7580.2-67.27-77.26-22.43/-/--*/+-89.966.8621.6467.5569.6852.2388.39//+-/-,True
--35.51*55.78/21.19+56.35/54.832.73+--41.3818.74+*-39.26/-93.49+60.8*-73.9125.86--29.42-14.72,14.72-35.51---29.4255.78*-+18.74-41.3856.3521.19/+-+2.7354.83/25.86-73.9160.8-93.49-39.26*/+*,True
-45.02+15.05-66.92*--63.25/7.55/-11.69-74.25/+23.23/78.0/-42.89*50.52*-3.24-88.1/-91.08+21.59,21.59-63.25-*-66.9215.0545.02-++-91.08/-88.1-3.2450.52-42.8978.023.23+/-74.25-11.697.55////*-,False
-2.33+-27.75*52.97*85.68-32.77/*23.9/50.1*-75.67+-79.01*-59.08--50.368.55/*-48.4132.24/-24.67,-24.6752.97-27.752.33-+////-32.7785.68*68.55-50.3-59.08-79.01-75.6750.123.9*/*+*-32.24-48.41*,False
+-86.98+-83.03*-96.05/59.87/55.66+-3.9998.95**9.3464.7//11.99+-98.34*52.55+4.8313.89+32.32,32.3211.99//64.79.34-83.03-86.98++**98.95-3.9955.6659.87-96.05*//++13.894.8352.55-98.34+*+,False
+19.64--31.91-65.23--92.39+-24.23+6.09-51.28/-20.01-65.51*2.9/-64.37--71.51-99.34/83.46-94.1,-94.183.4699.34-71.51-64.372.965.51-20.0151.286.09-24.23-92.3965.23-31.9119.64+---++-/-*/*-/,False
*-62.72-56.73/*-35.04-19.09+-94.88+-47.5611.72++44.36+74.49/-82.08/-25.0*85.96/-98.4174.29-58.16,58.1685.96-25.0-82.0874.4944.36/-56.73-62.72*++11.72-47.56-94.8819.09-35.04*-+++//*-74.29-98.41/,False
-74.75/-98.81/-95.13*80.37/57.0940.09*--95.54-50.37--39.53+32.01+5.46/26.14/23.3/35.77-0.51,-0.5135.7723.326.145.4632.01-39.5350.37-95.54-95.13-98.8174.75-//-*40.0957.0980.37*/--++///,True
+-33.66*-36.72/-35.982.64*+30.25/-38.34*19.24*-47.38/81.86-86.43-22.55*-98.79+-72.37/88.18+-84.84,-84.8419.24-38.3430.25+*82.64-35.9-36.72-33.66+*//*+88.18-47.38*/-72.37+-98.79*-22.5586.4381.86/-,True
//--20.57--46.76+31.92+-17.43-79.99-63.68*-70.53+98.72-17.88--6.56+-86.918.21*-64.29-0.83,0.8363.6879.99-17.4331.92-46.76-20.574.77/--++----64.2917.8898.72-70.53*+-*8.21-86.91-6.56-+,False
+58.71*11.09-98.3+-45.53*-65.11/-33.74*-67.3/-9.75/-83.82/-7.62+-12.89-85.12+-1.5159.13-57.28,57.28-12.89-7.62-83.82-9.75-67.3-33.74-65.11-45.5398.311.0958.71+*-+*/*///+-59.13-1.5185.12-+,True
+82.96/-34.96+-99.64/-86.16--50.4+69.72+90.07*-97.81-94.91*83.72+27.096.51+-72.68-21.44/-2.41,-2.41-99.64-34.9682.96+/+/21.44-50.4-86.16/---72.6827.083.7294.91-97.8190.0769.72++*-*++96.51,True
+0.11/86.21+-37.71+48.57-24.976.32+93.18--82.4+-33.57/57.93/45.89+32.86/0.74+45.4454.74+,+76.3224.948.57-37.7186.210.11+/++-54.7445.440.7432.8645.8957.93-33.57-82.493.18+-+//+/+,True
+7.07-97.02/-13.39/-75.82-27.5116.56**22.4475.2//36.04*-80.04*-78.57/-18.96-13.92-16.49*/,-22.6-75.82-13.3997.027.07+-//*16.49-/*16.5627.51-75.222.44*-13.92-18.96-78.57-80.0436.04/**/,False
/94.25/-4.7/-13.04/18.65+-80.41+89.072.47/+-34.55+-33.94-71.6//76.57+97.23/33.18-30.55-16.5,16.576.57-4.794.25////-71.6-33.94-34.5518.65-13.04//+/72.4789.0-80.41+++--30.5533.1897.23+/,True
+-11.28+37.3-17.45+-24.6/60.17+-91.6423.99--36.67*-76.38*-13.6--39.58+31.86-85.51+61.13--4.13,-4.1337.3-11.28++-61.1336.67--23.99-91.6460.17-24.617.45-+/++-85.5131.86-39.58-13.6-76.38**-+,True
+73.88/-16.81--24.06/45.23*31.31+19.08+-11.79+-34.57/78.47*-95.74*-35.64.67*68.64*-11.13/80.41,80.4173.88+--11.13-24.06-16.81/-*68.64-11.7919.0831.3145.23/*++*4.67-35.6-95.7478.47-34.57+/**,False
+33.32/-32.24+13.11*61.75--16.45+-42.54/-33.61-85.17*--87.22/-6.77/52.1238.39+32.88/-60.18--98.47,-98.47-32.2433.32+/--60.18/32.88-6.77-87.22-*-85.17-33.61-42.54-16.4561.7513.11+*-+//+38.3952.12/,True
+90.36+91.38-4.46/-85.99/23.98+-89.14/72.61*76.28--40.62*-9.0--37.78+-63.5659.05*-36.8-71.46,71.4672.61-89.1423.98-85.994.4691.3890.36++-//+/--36.8-37.78-9.0-40.6276.28*-*-*59.05-63.56+,True
/60.05+9.11-26.56*-35.79*-39.95*31.32-63.53-32.64//64.3--45.3982.84/+-0.95--70.62*+44.08,44.08-38.03-70.62-0.95+/82.84-45.3964.326.569.1160.05/+-//-32.6463.5331.32-39.95-35.79***---*,False
*-6.66+-69.71-40.61+-71.88/-12.81+21.2369.83---13.42*54.67--37.32*53.73/24.57+-10.83/2.08-64.42,-64.422.08-10.8324.5753.73-37.3254.67-13.42-12.81-71.8840.61-69.71-6.66*+-+/--69.8321.23+*-*/+/,True
/+3.97**-62.65/-75.83--71.4352.3/+9.3+-96.14+-12.38--67.75-72.4++-9.41+32.03/-26.6376.07,76.07-26.6332.03-9.41++*3.97-3.12/-72.4-67.75-12.38-96.149.3-75.83-62.65*/+/52.3-71.43-++-+/,False
*7.15*66.48/-54.08-20.28/+48.63*-78.09/-80.12*59.00.73+-14.01*-90.25/-99.21/13.27/-80.8838.15,38.15-80.8813.27-99.21-90.2514.017.15*-+/-20.28-54.0866.48*/0.7359.0-80.12-78.0948.63+*/**///,True
/-67.57/-41.1/91.17*-81.99+37.3/88.63-96.01*-8.09+-55.8--50.12/-92.4+99.66/-52.8916.67+-62.24,-62.24-52.8999.66-92.4-50.12-55.8-8.0996.0188.6337.3-81.9991.17-41.1-67.57///*+/-*+-/+/+16.67,True
--16.15*85.15+-10.38-5.85*7.69/14.27/53.96*24.44/25.88+-30.36*84.8360.64*-52.4+5.7+-47.2,-47.2-10.3885.15-16.15/*++5.725.8824.4453.9614.277.695.85-*//*/+-52.4*60.6484.83-30.36+*,False
+-88.83+49.37+85.96*0.79-20.96-97.78-28.51//38.3219.5*-77.37/-79.19-87.3656.31/+-82.72*-25.24,-25.2449.37-88.83++*-82.72+/19.538.320.7985.96+*//-28.5197.7820.96--56.3187.36-79.19-77.37*/-,True
*-30.38--5.02/-17.36/75.48-59.56-38.71-36.78--50.12/-31.73+-81.22-13.11-85.83-75.21*28.63+34.86,34.8638.7159.5675.48-17.36-5.02-30.38*-//--+28.6313.11-81.22-31.73-50.1236.78--/+-*75.21--85.83,True
*-39.84*-28.24/*/-64.31/17.0273.34*+1.5926.33+-14.43-49.97*-28.9*45.98+-42.686.73+50.5,50.5-28.949.9714.43-28.24-39.84**-+26.331.59+*73.3417.02-64.3199.5///-*+6.73-42.6845.98*+,False
+63.39*86.75*-97.85--99.65-94.91*+62.15/-97.3*5.43/-28.12/-33.14*-+-0.92-20.05--33.97-77.95,-77.95-33.9720.05-0.92-20.79-33.14-28.125.43-97.362.1586.7563.39+*+*-94.91-99.65-97.85*-/*//*+--,False
/-20.91*-75.15-25.3*61.5222.41*+-78.51//*-71.87-56.89*67.08/64.01+-47.8976.49-22.38/31.58,31.58-78.5125.3-75.15-20.91/*-+*22.4161.52*/22.38-76.49-47.8964.0167.0856.89-71.87-0.58/*-*/+,False
*-75.34/27.51/64.55--55.91+-48.27*-32.49*29.81-14.03-4.99/-90.46*-74.3992.35+-38.16-71.08/-63.32,-63.3227.51-75.34*//71.0829.81-32.49-48.27-55.9164.55/-+**-/-4.9914.03--38.16+92.35-74.3990.46-*,True
-71.81+-97.86+15.01*-28.01+96.73*15.88--52.79+-11.7--86.02*-25.51-50.35--46.6519.17/--71.75-71.26,-71.26-71.75-86.02-11.7-52.7915.8896.73-28.0115.01-97.8671.81-++++*-+--/19.17-46.6550.35-25.51*--,False
+90.06-66.24--62.47*30.5+-26.18/-99.67*48.86*-49.47+82.0432.25---92.08+-92.67*34.38/62.196.13,96.1362.134.38-92.67-92.0866.2490.06+---32.2582.04-49.4748.86-99.67-26.1830.5-62.47-*+/**++*/,True
-89.21*59.5/-59.03--34.46-30.26*--85.76/58.91+-28.7774.04++-32.38*-37.6+-15.123.51/-42.58--7.47,-7.4789.21---42.58/3.51-15.12-37.6-32.3859.5*++*-30.26-34.46-59.03/-74.04-28.7758.91-85.76-/+*+,True
/-72.33--38.75-65.58-16.08/-58.26+22.69+81.92/19.74+-99.3/-26.89/-9.36+-79.5779.91*67.89*61.24,61.2481.9222.69-58.2616.0865.58-38.75-72.33/---/++*67.89-26.89-99.319.74/+/*79.91-79.57-9.36/+,True
-94.02/97.56*-81.25*38.55-11.76/+-45.71-65.69/--73.2163.43**-85.63--28.81/84.3*-16.0961.36*-41.8,-41.8-16.0984.3-28.81-85.63**63.43-73.21-/-65.69-45.7194.02-+/-11.7638.55-81.2597.56/**-/**61.36,True
--75.26-44.55+-82.22*89.22+49.43*62.97*92.57/75.55*-68.99/-98.8-27.31*+-42.64/-1.6478.27*-9.35,-9.3562.9749.4389.2282.22-+-44.55-75.26-*+**78.27-1.64-42.6492.57*+*-27.31-98.8-68.9975.55/*+/,False
--58.94+-61.36+-16.15*1.27*2.22-79.1+80.87*72.58+30.59*-56.51*-68.17*-96.62-28.81--37.09+47.56,47.562.221.27-16.15-61.36-58.94/++**+-37.0972.5880.8779.1-+*--28.81-96.62-68.17-56.5130.59+***,False
--42.43--21.93+-52.58+-51.7621.05*+-75.72+-4.78-83.72*+-29.75/7.37/30.25/-13.7984.18+-54.52-82.38,82.38-*21.05-51.76-52.58-21.93-42.43--++-54.52-29.75+*-83.72-4.78-75.72+++84.18-13.7930.257.37///,True
*-48.0/-26.95*82.29+93.18+17.87--52.05+34.21/81.44+-49.3485.23-+-18.77/5.2419.21*/4.9-28.85,-28.854.9/19.215.24-18.77-26.95-48.0*/+-85.23-49.3481.4434.21-52.0517.8793.1882.29*++-+/+//,False
-24.93--66.38--1.32*15.74*46.63*-64.2-44.44-17.33/-52.95*55.95/54.07-72.76+-54.56--89.11+78.31,78.3115.74-1.32-66.3824.93---*+-89.11-52.9517.3344.44-64.246.63**--/--54.5654.0755.95*/+-72.76,True
*-55.1+-69.67*85.49/-52.17+-95.6/75.6/92.11+-68.98/71.86-37.43-61.87*51.31/13.84--92.71-26.03,-26.03-92.7113.8451.3161.8737.4371.86-68.9892.1175.6-95.6-52.1785.49-69.67-55.1*+*/+//+/--*/-,True
-48.62/-69.31-27.03+-98.18-44.39-72.28//91.84-52.84+-10.22/-62.83-1.53*-70.94/-38.98/-53.5853.93,53.93-53.58-38.9870.94-98.1827.03-69.3148.62-/-+-*/-72.2844.39--1.53-62.83-10.2252.8491.84/-+///,True
/72.36/-29.5--28.34*-15.61+30.99--44.7-47.1/-76.97+57.06+9.26*47.6721.03*--83.68-22.75-96.81,96.81--22.75-83.68-29.572.36//-*21.0347.679.2657.06-76.9747.1-44.730.99-15.61-28.34-*+--/++*,False
*-70.4/81.73+56.71*-40.04+85.04+-21.72+72.21/14.13+33.3149.9+/-89.6+-86.48+-64.2171.3/87.61,87.61-21.7285.04-40.0456.7181.73-70.4*/+*++/71.3-64.21-86.48-89.6++49.933.3114.1372.21+/+++,False
-15.83+13.23/9.09*64.48-15.41-15.39+-8.32.36/-94.04-23.13*/18.73*-9.16/-19.3947.93+-81.54,-81.54-9.1618.7315.3915.4164.489.0913.2315.83-+/*-//*-23.1394.04-/2.36-8.3+*+47.93-19.39/,False
-41.74-47.95--21.88/57.35*17.3491.7/--54.4--50.99*62.55+7.46/-81.95+54.29-37.85/-94.67--49.52,-49.52--94.67-21.8847.9541.74---//91.717.3457.35/*-37.8554.29-81.957.4662.55-50.99-54.4--*+/+,True
*-5.78*8.53--42.37-14.64/71.13+-42.55*44.56-57.01-92.27-66.62--78.7+-5.83*88.45-76.36-26.05,-26.0576.3688.45-5.83-78.766.6292.2757.0144.56-42.5571.1314.64-42.378.53-5.78**--/+*----+*-,True
-/*-81.18-92.51+90.77--4.18-37.6/*99.67-19.41--11.83--34.58-57.88//9.1-10.02*40.43-78.93,-78.9340.4310.029.1/-57.88-34.58-11.8319.4199.67-81.18-19.63-**/-37.6-4.1890.7792.51-+----/-*,False
/89.7*99.87*3.5*51.24-36.84*--17.63*-20.75+-45.66-88.15*-78.43*-3.76-88.68-75.71+37.46*-84.62,-84.6289.7/*37.463.599.87**+-75.7188.68-3.7678.43-*-88.15-45.66-20.75-17.63-*-36.8451.24**+*-,True
+62.24+89.452.66*-81.06+-55.88/-74.74*47.2541.82//-71.73+-85.6529.28*20.1-81.3/-66.42*-45.22,-45.2281.0662.24+-*52.6689.4+*-66.42-71.73//41.8247.25-74.74-55.88+/*/81.3-20.1*29.28-85.65+,True
--29.34*93.22/-97.61*++-96.2133.47*+81.52/-55.67+0.78/64.5/26.84/53.26.88-89.22-26.17,26.170.78-55.6781.5264.32-97.6193.22-29.34-*/*+*33.47-96.21+/+-89.22-6.8853.226.8464.5///,False
*-19.99-69.48--58.27/40.25*65.23+26.86+48.58--18.95/-64.53-91.12*54.47-17.71/80.71+10.75+50.35,50.35-58.2769.48-19.99---+10.7565.2340.25/*+80.7148.5826.86++/17.71-54.47*-91.12-64.53-18.95-/,False
/14.11+-37.17--42.6/14.36-47.01--95.82/-27.72--97.28/56.9-67.8566.49*24.84+-3.13--11.19--79.87,-79.8714.11/--11.1914.36-42.6-37.17+-/--3.13-27.72-95.8247.01--/+24.84-97.28-+66.4967.8556.9/-,False
+7.89*-21.59*-35.74*-94.93/70.38--79.7--76.94*-58.54*-27.53-78.6**34.04*-97.44/-25.52--72.39-73.69,-73.69-72.39-25.52-97.4434.04-58.54-76.94-79.770.38-94.93-35.74-21.597.89+***/--***-78.6-27.53**/-,True
*-53.05/-76.87--11.98--95.73*14.49*20.76/69.94*36.04*43.91*59.34*-12.23-26.87/*-21.88/-96.6818.43,18.43-96.68-21.8836.0469.9420.7614.49-95.73-11.98-76.87-53.05*/--**/**/-26.87-12.2359.3443.91***-,False
/12.55+83.12*-97.89/-70.75/17.46-30.02*-57.45*-88.02*-96.3590.51*+10.86--74.152.69/-41.56+-52.02,-52.02+-41.5683.1212.55/+/2.69-74.1510.86+*90.51-96.35-88.0257.45-97.89*-*-30.0217.46-70.75//**-,True
-76.56-43.81*+71.08*-7.83*-47.77+-71.63/18.9*56.47*-13.72/-26.03*-15.18-48.62--78.89+61.84+59.28,59.2871.08**-43.8176.56-+61.8418.9-71.63-47.77-7.83**+/+-78.8956.47*--48.62-15.18-26.03-13.72*/*,False
+76.07+-37.02*-91.19-58.57+-6.79/-67.71*32.16+87.64/45.21+-81.73-15.4--80.29-15.27--92.36-85.07,-85.07-92.3615.27-80.2915.4-81.7345.2187.6432.16-67.71-6.7958.57-91.19-37.0276.07++*-+/++/+----,False
*-96.63+-57.2+-96.28+35.12-47.5/*5.29--70.64*-31.78+93.88/-94.75-17.75*12.05--65.93+17.09-20.89,-20.8917.09-65.9312.0517.75-94.7593.88-31.78-70.645.29-96.63**/-47.535.12-96.28-57.2+++-*+/-*-+,True
/-50.3115.08**57.83-87.63--30.67*22.32-0.5/-43.09*-58.25+7.82/-54.47+13.53*45.11-8.04-32.04,-32.048.0445.1113.53-54.477.82-58.25-43.090.522.32-30.6787.6357.83*15.08-50.31/*--*-/*+/+*-,True
-98.48-6.29*-4.4--*9.53-15.3/-67.33-54.31-3.86*+2.09+-41.628.65*-81.67+23.46--90.21,-90.21-23.4664.84-4.46.2998.48--*-+-81.67-41.62.09-67.3315.39.53*-/+*-3.8654.31-+*28.65,False
+-4.6*83.5/32.52+19.66/14.7/-70.54*-69.19-43.2+-70.1832.75/-12.15*-27.2/52.11*42.24-22.41,22.41-69.19-70.5414.719.6632.5283.5-4.6+*/-//*-42.24*52.11/-27.2-70.1843.2-+*-12.15/32.75,False
-10.1+-67.87*33.17+-22.3+5.86+96.22/13.93-35.3*6.8735.93**36.54-65.87+75.9411.02--43.97,-43.9710.1--11.0275.9465.8736.545.86-22.333.17-67.87+*++**35.936.8735.313.9396.22+/-*-+,True
+-77.85*36.92*-37.59-54.72**-57.43*-43.5587.57//-7.9979.89+-30.4+-13.17/32.69*24.35*34.8952.77,52.7734.8924.3532.69-13.1730.436.92-77.85+*-+/87.57-43.55-57.43**-54.72-37.59**79.89-7.99/+/**,True
/-80.47+-71.99-86.7--96.25+-8.58-28.38+65.89/-32.9789.88+--86.71*-89.93*-44.08-74.1+-4.74*-52.2,-52.2-89.93-86.71-8.58-96.2586.7-71.99-80.47/+--+-+89.88-32.9765.8928.38-+/**-4.74+-74.1-44.08*,True
+-54.46+81.88+78.33*55.26/-67.62+74.9240.94++35.61*-78.97+71.71*7.282.25/+-84.44-8.77/45.94,45.94-84.44-78.9735.61++40.9474.92-67.6255.2678.3381.88-54.46+++*/+*+/82.257.271.71+*/-8.77,True
+37.62*-1.36*-2.02--11.51*25.3744.94+--93.61+69.57+-90.76+86.0--18.47-44.8*-50.61*-87.8930.26,30.26-87.8950.6169.57-93.61-11.51-2.02-1.3637.62+**--+44.9425.37*+-*-44.8-18.4786.0-90.76++-*,True
*88.4/-19.83--17.54+92.64*10.76--74.34-92.59/-5.47-40.71*-27.11+3.97*-80.97/-49.5393.03+-64.76,-64.7640.71-5.4792.59-74.3410.7692.64-17.54-19.8388.4*/-+*--/-+93.03-49.53-80.973.97-27.11*+*/,True
--10.13/-22.73/13.38--83.73/-14.27-61.38--69.04*94.08-46.21//-48.39/-18.83/97.19+31.52*-9.64,9.64-83.7313.38-22.73-10.13-//--/-46.2194.0869.04---61.38-14.27/*-15.2331.5297.19-18.83-48.39///+,False
*-10.91*-28.25/81.87+78.86*-58.18/-3.22/-8.73--33.38*//53.13-44.11++64.0-35.55-13.83--57.64,-57.64--13.8335.5564.078.8681.87-28.25-10.91**/+++-44.1153.13-11.39-33.38-8.73-3.22-58.18*//-*/-,False
+18.57/-74.91+89.17-40.85--18.82*62.44/27.49--85.19+26.05-66.31-*-73.79/43.59*7.36/41.9447.35,47.3541.947.3643.59-73.79--66.3126.05-85.1927.4962.44-18.8240.8589.17-74.9118.57+/+-+*/-+*/*/,False
--29.78-**-6.21/-59.08+38.11-28.42*+81.33--46.34/-1.83/49.11/-62.12--62.8-68.8796.41--98.63,-98.6368.87-62.8-62.1249.11-1.83-46.3481.33-29.78-+*-28.4238.11-59.08-6.21-7.36-*/+-///---96.41,False
/-34.56-13.77-+22.03-84.7*-95.6+8.32+-69.39+46.69+5.89*-97.09/24.4332.18+47.8+-40.24/-25.25,-25.255.8946.69-69.398.32-95.684.722.03--13.77-34.56/+-*++++/-40.24-97.09*+47.8+32.1824.43/,True
--34.06/-77.43*88.53--5.155.16/*52.37+68.46+-14.39--35.48/93.81-93.732.93*--39.34/-13.56*,58.24-13.56-39.3452.37*/5.16-5.1588.53-77.43-34.06-/*--*2.9393.7393.81-35.48-14.3968.46++-/-/,False
*54.34*-2.95-39.49*-72.57/80.09-75.08**-83.17/73.33+42.13/-57.57-10.77++-92.26/-38.7748.38-51.3,51.3-38.77-92.2639.49-2.9554.34**-++-10.77-57.5742.1373.33-83.17-72.57***-75.0880.09//+//-48.38,False
+-85.5419.63+72.23*-80.25*54.29+82.11*44.07+72.89/-96.25/-72.5696.23*+-11.82/48.78-81.48+93.44/,/19.63-85.54+93.4448.78-11.82-96.2572.8944.0782.1154.29-80.2572.23+**+*+/+*96.23-72.56//+-81.48,True
*-38.15/41.51*-48.78--63.96/48.58--23.78--92.95+77.57*-57.18-50.3474.96/+-87.15-91.09/10.29--7.89,-7.89/10.29-38.15*/-91.09-87.15+/74.9650.34-57.1877.57-92.95-23.7848.58-63.96-48.7841.51/*-/--+*-,False
*25.86--45.51/--7.43-*72.5541.48+*10.84/-66.41-64.78*+-46.06*-85.74+12.91*-11.26+-4.6350.89,50.89-4.63-11.2612.91-85.74-46.0625.86*++--7.43-65.66-45.51-/41.4872.55**-64.78-66.4110.84*/*+*+,False
/-6.77*-5.58*51.24+-4.73--13.76*19.34/-87.05-49.37/73.89--88.0*-85.56*-10.7662.71/-52.12/2.31,2.31-88.073.8949.37-87.0519.34-13.76-4.7351.24-5.58-6.77/**+--/-/-/-52.12-10.76-85.56**/62.71,False
+-50.89+88.36--51.44--5.82*/*97.4-21.26/16.69*-94.73/64.62/95.81/64.8125.97+-67.0+-31.19,-31.19-94.7316.6921.2697.4-51.4488.36-50.89++-*/1.43-5.82--/*+-67.0+25.9764.8195.8164.62///,False
*57.92+5.19-66.89/-54.03--76.24+-57.82+32.8-23.03--53.86+78.74*-93.22*-93.71-22.72--33.82/-19.59,-19.5954.0357.92*-/-66.895.19+/-33.82-57.82-76.24-+--22.72-93.71-93.2278.74-53.8623.0332.8+--+**,True
*-78.02*0.85/-50.04-58.55-91.38//81.0+-78.29/89.38/-24.94/43.49/-20.79+23.3254.85/+73.02-71.17,-71.1773.020.85-78.02**+/54.8523.32-20.7943.49-24.9489.38-78.2981.0//-91.3858.55-50.04/-+////+,True
*-50.26*46.96+-24.08/-21.16/91.01+-27.87+45.69*88.61--31.28+-23.93/-70.02-97.72*-1.78*24.89-4.69,-4.6924.89-1.7897.72-70.02-23.93-31.2888.6145.69-27.8791.01-21.16-24.0846.96-50.26**+//++*-+/-**,True
*13.47+-88.49*-23.21/-61.13*29.05*10.61/-33.21/-70.76+-81.82/-97.230.69*--54.68+22.85*45.58-77.09,-77.0945.5822.85-54.68-23.21-88.4913.47*+*-*30.69-97.2-81.82-70.76-33.2110.6129.05-61.13/**//+/+*,True
/2.36-73.96+-87.46+-0.25/81.2--59.71+42.5350.12//-65.24+42.17-69.81.91*-52.41-56.26--41.6,-41.673.962.36/--56.26-87.46+-/50.1242.53-59.7181.2-0.25++-+-52.4169.842.17-65.24/+-*1.91,False
+99.97--29.57/-79.84+-34.41/21.68+-64.52+-73.76/-60.37/-16.96-80.19+45.62-76.22/78.25-68.36*10.46,10.46-79.84-29.5799.97+-/*68.36-73.76-64.5221.68-34.41+/++-78.25/-76.2245.6280.19-16.96-60.37//-+,True
*7.16-67.68/-58.03-53.63*16.79+52.98+-8.52/-12.57*-81.71+23.08*-30.62*62.85-8.03*-+-16.35,-16.3590.8-30.6223.08-81.71-12.57-8.5252.9816.7953.63-58.0367.687.16*-/-*++/*+*-*-8.0362.85*,False
+7.84--47.06+32.29+-58.84-57.46-*45.91*--37.63/12.94*79.5553.61+-21.56+-21.97*21.07--58.37,-58.3712.94-37.6332.29-47.067.84+-+-*45.91-4.8957.46-58.84+--/-+53.6179.55*21.07*-21.97+-21.56,False
*91.13/3.16+35.57/-86.66*62.18+59.82--50.16*19.08*-96.45-95.71+-90.17--95.85--84.26-80.49+-93.67,-93.67-84.26-95.85-90.1795.71-96.4519.08-50.1659.8262.18-86.6635.573.1691.13*/+/*+-**-+--+-80.49,True
+-46.27--55.9*12.83/-63.39/-75.12/30.22-36.74**92.17--9.75/86.82/40.62--52.0151.86+-91.4--20.79,-20.7912.83-55.9-46.27+-*--91.4+51.86-52.0140.6286.82-9.7592.17-63.39/**-36.7430.22-75.12//-+/-,False
+-26.34*-17.77*24.12*-65.93/-73.39+83.11/-87.63-31.52/+-82.56-79.14+-26.1*95.5862.35-93.34+10.75,10.75-26.34++93.3479.14-82.56-17.77*+/-31.52-87.6383.11-73.39-65.9324.12**/+/--62.3595.58-26.1+*,False
+-38.89*-77.31+-22.12/-21.73+-/9.73*0.12+20.3166.09*+-80.56+43.41+86.5-89.5*-32.778.39,78.39-32.789.586.543.41-80.560.129.73-39.42-21.73-22.12-77.31-38.89+*+/+/*+*66.0920.31+++-*,False
*6.18--95.2*-98.15*24.76-31.41-49.37*-8.57/90.1649.0--39.62/-19.23-29.68-43.92+-60.75+/,-16.26.18*+-60.75+43.92-29.68-95.2---19.2331.4124.76-98.15**-/-39.62-8.5749.37-*-49.090.16/,False
/-49.39-84.14--19.89*-25.76/98.1682.77*-46.83-77.1/6.47/-64.63/-9.62/-43.17-34.62/95.67-11.34,-11.3495.6734.62-43.17-9.62-64.636.4777.146.83-19.8984.14-49.39/-*-*82.7798.16-25.76*/-////-/,False
+31.7+62.25-37.32/*86.32*-60.21/-15.95*-22.84*-89.85--82.5+88.35*-92.01/90.2751.66--40.56+27.25,27.25-89.85-22.84-15.95-60.2186.32/-37.3262.2531.7+++*/**+-51.6690.27-92.0188.35-82.5-+*/-40.56,False
*50.66/*44.96+/81.73-2.96--2.84-73.12*13.67-74.83-+-53.41-38.74/-77.57*64.03-34.43+53.14,53.1473.12-2.842.9681.73+44.9686.3750.66*//---+-34.4364.03-77.5738.74-53.41+--74.8313.67*-/*,False
*-14.88/-38.73+-68.49--57.63*-86.42*81.57*-87.37--70.16/-45.06/-93.18-4.3/+-68.85-28.64/-42.76+-54.66,-54.66-45.06-70.16-87.3781.57-86.42-57.63-68.49-38.73-14.88*/+-**+-/+-42.76//-4.3-93.18/-28.64-68.85+,False
*65.47/82.41*22.0/90.25/-63.2-98.16*+-40.26+8.93-54.45++77.83+96.91/-15.5/-62.36+-2.760.9,60.9-2.7-62.36-15.596.9177.8390.2522.082.4165.47*/*/++-54.458.93-40.26+*-98.16-63.2/++//+,True
*40.77+-79.29+-11.64-92.15*-17.42--90.31//--80.39/13.98-92.54--12.65+40.69*25.18/-14.37-80.91,-80.91-14.3725.1840.69-12.6592.5413.98-80.3917.42*-92.15-11.64-79.2940.77*++--/12.8-90.31-/--+*/,False
--38.41*-75.7293.42--13.74+-83.71/-29.8142.42//-76.3678.62*+-11.59+80.04*18.06-13.716.57--13.3,-13.3-11.59*78.62-76.36-38.41-//42.42-29.81-83.7113.74--93.42-75.72*+/+-16.5713.718.0680.04+*-,True
/-24.11-96.1//-48.81-72.92*-46.86+95.41--49.09-82.3286.7+-89.93+-66.72/77.26+-2.58/-12.3143.39,43.39-12.31-2.5877.26-66.7289.93-+86.782.32-49.0995.41-46.8672.92-48.81//-96.1-24.11/-*+--+/+/,True
/-26.81+61.45/-4.91/52.11--85.19+-38.49+-39.96/-22.78*60.73/-23.67/18.21-61.66/-35.25+-77.0578.87,78.87-77.05-35.2561.6618.21-23.6760.73-22.78-39.96-38.49-85.1952.11-4.9161.45-26.81/+//-++/*//-/+,True
-48.94+-7.94/11.1+47.16/-28.59+67.77+-62.42/81.71*68.24/86.51/-83.49*36.21-44.05/-40.49*-60.99,-60.9967.77-28.5947.1611.1-7.9448.94-+/+/+*-40.4936.21-83.4986.5168.2481.71-62.42+/*////-44.05,False
--6.43--52.95--72.85+29.96-39.6++-60.54-83.64-47.11/+66.93+*+-7.31-62.73*73.96*-43.66-72.04,-72.04-43.6673.9662.73-7.318.766.93/-47.1183.64-60.54-72.85-52.95-6.43---++-39.629.96+-+++-**,False
+-74.3141.62*-18.86/75.09-22.15/10.3+81.05+-88.51*-89.11-15.94--62.09*66.59-25.52-27.46-58.39,58.3966.59-62.0915.94-89.11-88.5181.0510.322.1575.0918.86*41.62-74.31+-/-/++*--*-27.46--25.52,True
*3.8/-33.8554.91/*9.25--27.96+31.6*-31.99/-4.95+12.5281.85*-50.07+-30.12--29.3+33.4466.2,66.233.44-29.3-30.1250.073.8*-*/54.91-33.85/81.8512.52-4.95-31.9931.6-27.969.25*-+*/++-+,True
/11.83*23.29--94.53*34.21+-31.47/-52.28+-45.96/-15.03+50.27/87.94-66.46+-15.277.28/-56.26*-89.59,-89.5987.9450.27-15.03-45.96-52.28-31.4734.21-94.5323.2911.83/*-*+/+/+/*-56.26-15.2766.46-+/7.28,False
--35.03*+-27.3251.13/-82.5*-70.77/20.09-71.15*--8.93/7.23+-2.83+26.63+-55.14-28.68+-99.18,-99.18-8.9382.5-+-42.62-35.03-/51.1327.32--*-71.1520.09-70.77*/+-28.68-55.1426.63-2.837.23/+++,False
--66.9--40.63*-93.93/-12.44/3.07+63.15+10.24/46.16/19.07*-4.28*-47.6/46.04-66.02+44.63--7.78,-7.78-12.44-93.93-40.63-66.9--*/-44.63-4.2819.0746.1610.2463.153.07/++/+*+-66.0246.04-47.6*/,False
*-13.93--67.11-17.95+-66.666.24/+-20.94/81.6-91.32--7.84/-77.57-55.61/-34.34+91.36/12.7585.22,85.2212.7591.36-34.3455.61-77.577.84-20.9417.95-67.11-13.93*--+/6.24-66.66+---91.3281.6//-/+/,True
*54.33-12.89/++/17.96*-33.23/-84.85+46.36*-14.66--99.56+36.84--44.16*-62.54*59.2-12.88+43.57,43.57-62.54-44.1636.84-99.56-14.6646.36-84.85-33.2317.96-1.88+/-12.8954.33*/*/+*-+-*+-12.8859.2*,False
/93.43/-29.73+-18.35+65.71-46.27*11.2972.71--58.08--58.28-74.98*++-64.177.89+-87.94*--30.09,-30.0946.2765.71-18.35-29.7393.43//++--*72.7111.29*-87.94-58.28-58.08--+7.89-64.17-9.7174.98-*+,False
+50.26--18.98-0.06+--55.96*13.85+-44.99+81.79/27.42+83.41--31.15+55.77--84.65*48.07+8.3546.59,46.598.3548.07-84.6555.77-31.1583.4127.4281.79-44.9913.85-55.9650.26+-+-0.06-18.98+*++/+-+-*+,False
/-82.0*49.89+-80.24--6.66--57.78*-67.78*77.43/-62.18*41.08--34.08/71.16/66.1718.23-96.84--25.69,-25.69-96.8471.16-34.0841.08-62.1877.43-67.78-57.78-6.66-80.2449.89-82.0/*+--**/*//-18.2366.17/,False
/66.51+82.1/90.99*1.04-55.01*36.52/22.02*53.81-72.97-+-74.5764.24*//-79.45/61.09+48.13,48.1366.51/+61.09/-79.4590.9982.1+//74.4355.011.04*-*64.24-74.5736.52*+--72.9753.8122.02/*,False
--64.35/3.96*-45.42*-34.17-88.24*-27.03/-95.09-82.92-/-70.513.21/--46.2862.35+56.94--39.57*-59.96,-59.96*-39.57-64.35--56.94+62.35-46.28---82.92-95.0927.03-*-88.24-34.17-45.423.96/**//3.21-70.51/,True
+10.8953.76/*-25.22/-20.1946.48/-15.82+89.69/-91.4*-50.88--85.02-92.6398.35/--41.02-63.49+6.34,6.34-85.02-50.88-91.489.6915.82-/46.48-20.19-25.22*/53.7610.89-/+/*-+/98.3592.63--63.49-41.02-,False
--57.18/46.12--54.95/-36.39/-54.67/65.2/-69.98/47.0/-15.51/-44.95*42.98-17.27/87.07+-37.61-1.99,-1.99-37.6187.0717.2742.98-44.95-15.5147.0-69.9865.2-54.67-36.39-54.9546.12-57.18-/-////-//*-/+,False
/73.1351.4--53.89--20.09.3/*-71.1--36.05-75.93+-50.52*99.6/-74.99/19.2280.46/-2.15-19.83,19.83-50.5275.93-36.05-71.1-51.473.13/*/9.3-20.053.89----+--2.1599.6*/80.4619.22-74.99//,True
+67.34*61.29+-29.17-98.21-95.24*--91.32+-15.56*-24.49+-91.18-78.16/+24.38*14.65-+-21.58-2.97,2.97-38.6814.6524.3867.34++/-78.16-91.18-24.49-15.56-91.32-29.1761.29*+-*-95.2498.21-+*+*---21.58,False
/9.74-34.45/-76.44*-83.23-13.13*-11.89+-8.61/9.86/-84.18/8.17+15.03/-62.05/68.44-88.23--45.24,-45.24-8.61-11.8913.13-83.23-76.4434.459.74/-/*-*+--88.2368.44-62.0515.038.17-84.189.86///+//,True
*-68.59/-68.29+-88.8*24.56+90.7325.09//59.38-90.4776.89*-66.76--64.04+-17.36--83.85-4.68*+3.42,3.42+*76.8990.4759.38//25.0990.7324.56-88.8-68.29-68.59*/+*+--4.68-83.85-17.36-64.04-66.76*-+-,False
+-23.0/-46.72-41.8/-38.42-73.79--74.21/-10.88+70.95--90.55*60.27+-28.09+10.07-29.05-87.69+-69.47,-69.47-10.88-74.2173.79-38.4241.8-46.72-23.0+/-/--/+-87.6929.0510.07-28.0960.27-90.5570.95+-*++-,True
*58.11/28.29--38.27/-31.28/67.25-79.51--38.74+-10.22+-32.87+-86.0/-70.07-25.53/30.99--85.8-98.45,98.45-38.2728.2958.11*/---85.8-31.28/-30.99-70.07-86.0-32.87-10.22-38.7479.5167.25/--+++//-25.53,True
--63.65+13.87-5.7*--2.45+85.52*-40.41--30.97*-84.69*-22.12/-19.22+-16.1-35.31/95.02--62.61-85.88,-85.88-62.6195.0235.31-16.1-19.22-22.12-84.69-30.97-40.4185.52-2.45*-5.713.87-63.65-+-+*-**/+-/-,True
*85.79+-31.99--23.76*85.29-99.51/97.25/-26.72/-16.67/50.7982.5/-39.38+-91.57*-89.58/-27.17+27.08,27.0897.2599.5185.29-23.76-31.9985.79*+-*-/+-27.17/-89.58-26.72/*-91.57+-39.38-16.67//82.550.79/,True
-33.56/-17.24/-73.742.08-+-61.07/-39.17--69.89/-35.92/-75.44/92.36-79.15/-64.47*-19.48-75.87/-39.73,-39.7379.1592.36-75.44-35.92-69.89-39.17-61.07-2.08-73.74-17.2433.56-//+/-///-/-75.87-19.48-64.47/*,True
/91.53+-62.22/-37.49--91.74*-6.58*-40.66/-52.05--64.46*-11.6323.74+-69.26*++-45.68-78.06--63.69,-63.69-45.68-89.7469.26-6.58-91.74-37.49-62.2291.53/+/-*-+23.74-11.63-64.46-52.05-40.66*/-**+--78.06,False
+-25.02*-77.85--45.01*/--73.48*60.62/-38.73/-36.27+-58.93-29.63++56.0965.25*17.1--5.66/-52.17,-52.17-25.02+/-5.66-17.1-77.85**65.2556.09++-29.63-58.93-36.27-38.7360.62-73.48-7.6-45.01-*-*//+,False
/-72.64/-12.41*11.19-30.4/93.08-94.63/--77.0564.81**-30.72*-63.21/8.57-3.0+-63.55*-65.658.86,8.86-65.6563.55-63.21-30.72**/-94.6393.0830.411.19-12.41-72.64//*-/64.81-77.05-*-+-3.08.57/*,True
+-96.9/-30.1312.57+--14.23*-16.86+-40.95-3.31/-48.34-99.5/74.61+30.14/49.38/99.23/9.34--9.54,-9.54-96.9+-+12.57-30.13/9.34-14.23-/99.23/49.38/30.14-16.86*+74.61//-3.31-40.95+-99.548.34-,True
/52.04*0.18--91.5/26.78--58.37-86.49*-55.99/-42.22/-93.41-69.69-3.18*-91.01+-67.35-9.34*90.3,90.30.1852.04/**-9.34-67.35-91.013.1869.69-93.41-42.2255.99-91.5--*-86.49-58.3726.78/-//--*+,True
/97.3--41.3+46.84+-95.03/21.83/-77.62*-60.0623.61*+61.11-55.8838.8/*16.06/55.88*30.6821.36,21.3630.6855.8816.0661.11-77.6221.83-95.0346.84-41.397.3/-++//+*23.61-60.06**/38.855.88-/*,True
*8.29--83.97/71.85+41.79--12.99+48.47-52.56+/61.94+96.2/-10.22/19.99-83.13++30.281.69/-97.76,-97.7630.28-83.978.29*-+++-52.5648.47-12.9941.7971.85/+-+-83.1319.99-10.2296.261.94/+/+/1.69,False
/-54.74+-41.61*-83.76-83.22+6.39*23.15/90.21/23.37*56.77+72.94+36.46+42.55-93.55*-93.45/-0.88,-0.88-83.76-41.61-54.74/+*/-93.4583.22-*-93.5542.5536.4672.9456.7723.3790.2123.156.39+*//*+++,True
*28.14*42.89-51.72+-82.45*-8.09/-42.08/29.74+3.46/62.07*14.71+-9.33-6.42/48.91*62.22--73.42,-73.4229.74-42.08-8.09-82.4551.7242.8928.14**-+*//-62.2262.073.46+/*48.91-9.3314.71*+/-6.42,True
-59.16*77.85-57.55+-97.23/-91.52+-18.15+11.35--5.71*60.05+-92.07/79.43+-21.08/-54.59-85.33-47.78,-47.7885.33-54.59-21.0879.43-92.0760.05-5.7111.35-18.15-91.52-97.2357.5577.8559.16+*-+/++-*+/+/-,False
*-68.55-73.9/-60.7*47.16/96.88/13.77-39.68--94.2--47.64/-35.88/-66.15/23.8738.42/-66.44*7.91,7.91-60.773.9-68.55*-/*-66.44-35.88-47.64-94.239.6813.7796.8847.16*//---//38.4223.87-66.15//,True
/-15.82-56.72--63.58*6.23*-1.21-71.85--49.51--1.16+-35.6+51.93+-92.35+-34.6629.68+28.44-66.68,66.6871.85-1.216.23-63.5856.72-15.82---**--28.44-49.51-+29.68-34.66-92.3551.93-35.6-1.16-++++,False
-44.54*-71.39/41.15*-29.9/60.58/98.5128.98*/-56.75/54.79/38.71/-57.57-27.17/71.9532.2*52.58,52.5838.7154.79-56.75/*28.9898.5160.58-29.941.15-71.3944.54-*/*////*32.271.9527.17-57.57/-/,True
/-47.95--4.3589.35++*--50.8--18.21+-19.9293.93*/36.07*-37.21/40.13+-92.67*51.5969.69/-29.95,-29.95/69.6951.59-92.6740.13-37.2136.07-47.95//*93.93-19.92-18.21-50.853.45++89.35-4.35---+*/+*,False
/37.5/38.57-37.25+-66.61-11.28/+17.16*67.1494.33/--73.28*-41.21*-14.26+-90.0648.02+9.74/-21.31,-21.31-14.26-41.21-73.2837.5/-//-11.28-66.6137.2538.57/-+94.3367.1417.16+***/9.74-90.06++48.02,True
/93.39-7.59/64.84--79.07/38.1*56.3-98.36+-21.77++*-12.17/-67.52+1.38-73.01/+-19.24*-49.16,-49.1693.39/*-19.24+/-98.3656.338.1-79.0764.847.59-/-/*-73.011.38-67.52-12.1752.52-21.77++*/+,False
*-52.82-52.32/+-93.58*-75.51+-97.82-90.71/*-6.46+-26.74/94.81*-11.23--10.34/97.65--35.87-83.05-22.55,22.55-26.74-6.46-75.51-93.58+/-52.32-52.82*+*/-90.71-97.82++--83.05-35.8797.65-10.34-11.2394.81/*-/-,False
/90.96/37.06+-97.91-71.51/27.84+-49.69/-94.64+51.5-18.01/-20.58*-38.0/2.78--52.3322.35*93.95,93.9571.51-97.9137.0690.96//+-*22.35-52.332.78-38.0-20.5818.0151.5-94.64-49.6927.84/+/+-/*/-,False
-45.16/75.68--46.78*-67.15*-15.6760.25//-5.31/-32.88-88.22--63.3*-20.0+42.57+86.13+-93.25-62.57,-62.57-93.2586.1342.57-20.0-63.388.22-32.88-5.3175.6845.16-///60.25-15.67-67.15-46.78-**/--*+++,True
/-98.93+-70.96*-37.21/-30.13/74.12-94.64/--89.49+-67.77--40.82/-91.6771.84++-24.87*62.2-91.619.82,19.8291.662.2-24.87++71.84-91.67-40.82-67.77-89.49-37.21-70.96-98.93/+*-/-94.6474.12-30.13/*+-/*-,False
+50.76*-19.87/72.55+-69.0885.46*--12.47/-60.1769.02-*92.69*53.99+-92.54/51.65-55.65/1.68/90.2,90.292.69-69.02-60.17-12.4772.55-19.8750.76+*/-*85.46-69.08+/*/1.6853.99*/-55.6551.65-92.54+/,True
+-*-70.9--1.59+-89.5--49.09/49.98*-46.83-6.81*-28.68*-20.156.56/--18.42/-65.0/-17.1645.39,45.39-17.16-65.0-18.42-28.686.81-46.8349.98-49.09-89.5-1.59-70.9-48.19+*-+-/*-*-/6.56-20.15*//,False
/23.04/-96.42/-33.4/-95.24*-66.26-/-65.6+*24.3*97.43*-27.0657.37/-74.4125.19/-84.42+-89.9,-89.9+-65.646.55-66.26-95.24-33.4-96.4223.04////*-+-84.4274.4124.3*-/57.37-27.0697.43**/25.19,False
+15.79*92.69+32.82+-57.48/31.63+-32.21-88.22/87.49-10.1*12.65*-70.099.26+-37.55+-16.46--5.66,-5.6615.79+--16.4632.8292.69*++-37.5531.63-57.48+/+9.26-70.0912.6510.187.4988.22-32.21+-/-**,True
--53.65*-17.45/88.73/-43.59+17.9+49.0849.41*-6.42+45.2382.59//-84.2367.43+92.37/76.81-92.97,92.9788.73-17.45-53.65-*/-76.8117.9-43.59/+//*49.4149.08+82.5945.236.42-+92.37+67.43-84.23-,False
/-56.39+50.11--81.78+14.14--18.92*4.44--8.51*5.91/74.09-70.23/*74.4829.85+-54.13+43.67*-51.99,-51.99-81.7850.11-56.39/+-*43.674.44-18.9214.14+-*+/-70.2374.095.91-8.51-*/-54.13*29.8574.48*,False
+6.03-23.59+78.42/51.47-49.84**6.51*-51.21+-0.78-38.58-75.2*63.31+33.574.46//65.0821.09,21.0965.08-51.216.51**-49.8451.4778.4223.596.03+-+/*//74.4633.563.3175.238.58-0.78+--*+,True
/66.98*76.0--6.96*43.31-69.88+-98.04*-20.45--59.88-65.04*+99.74-55.71*+-63.79-88.58+-62.8*48.95,48.9569.8843.31-6.9676.066.98/*-*-*-62.8-63.79-98.04++*-55.7199.74/*-65.04-59.88-20.45*-+-88.58,False
/81.99/-3.63+94.55/-73.99--97.4/-22.07/-76.36+99.6477.11**-70.8*66.52-6.51-41.4+35.3--93.67,-93.67-70.8-97.4-73.9994.55-3.6381.99+/+/-**77.1199.64-76.36-22.07//+-35.36.5166.52*-+-41.4,False
+-98.16/-56.67+-9.83/-81.95/75.0-24.2*17.7+-59.1791.96*-60.11-79.34*-10.04*86.51-45.48+2.1,2.1-10.0479.3460.1175.0-81.95-9.83-56.67-98.16+/+//-*91.96-59.1717.724.2-*+-*+-45.4886.51*,True
*-84.72-91.86-12.13*-/--63.91*-58.91-7.59++-22.5*-15.48-67.8--47.79--41.86-32.9443.77/21.5,21.532.94-41.8647.79-84.72*--*-12.1391.86--67.8-15.48-22.5-26.12-++-7.59-58.91-63.91-**--/43.77,False
*27.53--87.77--65.61+-10.23/0.6*-35.21-78.0/-86.9+38.41--56.9-92.13/-11.0+24.35+54.591.88,1.8854.5924.35-11.092.13-56.938.41-86.978.0-35.210.6-10.23-65.61-87.7727.53*--+/*-++--/++,False
/7.24/32.0/10.63--72.44+--51.66*39.55*48.7/-47.84+64.55-78.92+-62.41*60.21/-29.64-37.95,-37.95-29.6460.2162.41-72.4410.6332.07.24///--+-78.9264.55-47.8448.739.5551.6638.36+-**/+*/,False
--49.86*-44.96+-14.93+31.16+-54.71*-10.66/57.73--48.64/57.5978.66*+13.02--53.44+-55.3-67.4/-71.75,-71.75-44.96-49.86-*/-67.4-55.3-53.4413.02+*78.6657.59-48.6457.73-10.66-54.7131.16-14.93+++*/-/-+,True
+11.34/-53.5149.21/-//33.86-88.4-82.25---15.52/36.86-94.07+-48.41+0.14--38.3/80.54/96.84,96.84/80.54/-38.3-0.14-15.52-53.911.34+-/49.21-53.51/---82.2588.433.86/-+-48.4136.86/+-94.07,False
/34.7-54.07--67.74/-84.64--3.48/-65.46*99.83+-2.9610.28*+-80.58+52.6/-44.17-55.55--67.85*82.76,82.7654.0734.7/-*-67.85-65.46-3.48-84.64-67.74-/-/-*10.28-2.9699.83*+-55.55-44.1752.6-80.58++/,True
/-71.03+70.17*-88.43-25.71--11.48/47.04/99.9-44.15/+-87.81+90.22--80.32+/37.0/98.4*-59.36,-59.36-88.4370.17-71.03/+**98.4-80.3290.22-87.81+/-44.1599.947.04-11.4825.71--//+-/37.0-52.1+,False
*-49.5-26.3*-52.035.27-++-9.3-39.13/86.37+47.05+-6.16*-46.97+-99.45/50.95*-58.04/99.41-67.4,-67.499.41-58.0450.95-99.45-46.97-6.1647.0586.3739.13-9.3+--26.3-49.5*5.27-52.03*+-/++*+/*/,True
+-78.89*-31.09/-2.39/-99.1*-55.36*54.89+-66.5+-92.31+39.2432.03*+51.12--99.5760.19--67.84-96.35,96.35-55.36-99.1-2.39-31.09-78.89+*//*--67.84-66.554.89*+-60.19-99.5751.12-92.31++*32.0339.24+-,True
*21.96*39.46-93.81*68.48/-88.61/-61.03/61.12/-34.2--5.38-92.44/-41.56--40.53/-77.05/79.73/73.95,73.9521.96*/79.7339.46*/-77.0568.4893.81-*/-40.5361.12-61.03-88.61///--41.56-34.2//-92.44-5.38-,True
/-37.72--61.32--66.73*71.24*-59.92+-26.724.83//-90.31--94.2256.57*--28.44-55.12+-31.3669.03*-90.75,-90.75*69.03-31.3655.12-28.44-*56.57-94.22-90.31-37.72///4.83-26.72-59.9271.24-66.73-61.32--**+--+,True
--98.95--78.91/-64.35*-44.9--23.06/68.93/35.07/8.321.54*-86.7772.75/-44.130.84+10.65*88.39,88.39-44.9-64.35-78.91-98.95--/**10.65-23.06-+/72.7586.7735.0768.93//-*21.548.3/0.8444.13+,False
/79.28/-2.85+-70.07*-49.15/-88.58+-80.55/81.5*-64.66-63.91/-28.32-2.87*1.68--74.94-35.83-72.47,-72.4735.83-74.941.682.8728.32-88.58-49.15-70.07-2.8579.28//+*/-/-63.91-64.6681.5-80.55+/*-*--,True
/-58.3*57.41+-83.7-74.87-33.78--99.28-20.56---91.15*29.58+-71.94-59.87*-88.12*-36.8--47.2293.64,93.64-47.22-36.888.12-83.757.41-58.3/*+---20.56-99.2833.7874.87---*-59.87-71.9429.58-91.15-*+*-,True
/54.61+-22.16+-75.85/66.36//+91.3/-83.13-96.61*24.66/37.11*2.7714.13*7.61*68.99/79.77,79.7726.6266.36-75.85-22.1654.61/++///68.9996.61-83.1391.3+/-*7.6124.66**14.132.7737.11/*,False
-42.99-90.72+-79.38*-44.8/-90.14+64.23/-79.26*-55.23/39.97+-43.62+76.5/-76.53-99.5193.24+94.29,94.29-43.6239.97-55.23-79.2664.23-90.14-44.8-79.3890.7242.99-/+*/+/*/++93.2499.51-76.5376.5+/-,False
+0.51+7.68*-3.38/32.48*30.26/83.82+64.77+-90.52-90.66-+-45.98-32.95*+62.5+30.44-65.74/-29.88,-29.880.51+/-65.7430.4462.5-3.387.68+*+*-32.95-45.9864.7783.8230.2632.48/*/++--90.66-90.52+-,False
*83.01*98.38+26.9*76.83+13.22*-75.26-34.71+6.44/69.73+13.1448.12//+-4.6-0.66/60.7567.57,67.5760.750.66-4.613.2276.8326.998.3883.01**+*++//-34.71-75.26*48.1213.1469.736.44+/+-/,True
--45.12/67.74-70.01-/67.61+-16.74-61.89//-39.68-38.86+29.72/87.16*-76.15-52.95-17.35/-6.9*82.09,82.09--70.0167.74-45.12-/*-6.967.61//17.35-/-61.89-16.74+-52.95-76.1587.1629.7238.86-39.68/-+/*,True
-86.3*-19.74+39.48+-72.08--23.18+99.54--41.71/-12.14-73.72+52.62+-72.61+-70.14-19.23--91.11+-51.75,-51.7573.72-12.14-41.7199.54-23.18-72.0839.48-19.7486.3-*++-+-/-+-91.1152.62+--19.23-70.14-72.61++,True
/22.99--33.85*-20.81/-94.9453.01-+-80.96/41.25-21.3--96.85/3.95-44.36/86.59-53.24-*-88.74,-88.7443.3153.2486.5944.363.95-96.8521.341.25-80.96-20.81-33.8522.99/-*+-53.01-94.94//--/-/--,False
/48.34+-55.48+-63.95+74.02-90.87*67.01+15.93-57.24-59.35++-24.1-24.6/*-43.05-98.13*-28.43-36.0,36.015.9367.0190.8774.02-63.95-55.4848.34/+++-*+-+-59.3557.24--28.43-43.05*/-24.6-24.1+*-98.13,True
+97.51/85.8/31.36-5.74++54.96/72.57+-39.57-39.13*-92.5+-87.2876.52+72.43+19.52*-95.84/52.19,52.1972.5754.9685.897.51+/++-5.7431.36///-95.84*19.5239.13-39.57+-+72.43-87.28-92.5*++76.52,True
/-48.78*-56.39/12.31/-1.93/8.9*-84.77/-45.98-46.27+-93.88*-25.68+77.29-2.4*36.36/-3.28-88.91,-88.91-3.2836.362.477.29-25.68-93.8846.27-45.98-84.778.9-1.9312.31-56.39-48.78/*///*/-+*+-*/,True
*25.32-85.71--52.67-24.1*-18.7847.86-74.42/63.22-80.54**29.54*95.58*25.8--45.0461.73/58.12*,*47.86-18.7824.1-52.6785.7125.32*---*58.1225.895.5829.5474.42-**-80.5463.22/**/61.73-45.04-,True
/52.24--56.58+57.26+98.92/-2.67-18.51//7.8/-41.51+-59.99--10.23*-70.5829.54*/26.59--40.79-36.16,-36.16-40.7926.59-10.23-59.99-41.517.8-56.5852.24/-//-18.51-2.6798.9257.26++//+-/*29.54-70.58*-,True
*72.25*-66.89*-12.79*47.6130.43//-69.18*-66.41+74.87*-43.03/-88.74*-25.87/2.69-7.31/-51.16/-35.01,-35.01-69.18-66.8972.25**//30.4347.61-12.79**/-51.1674.87-66.41*+/-7.312.69-25.87-88.74-43.03*/**,False
+-30.52+-84.37/-5.84--74.08*-28.4444.97*--97.96+91.87-49.98-99.33+53.03+18.16/-42.34-91.92-38.31,38.31-42.3418.1653.0399.3349.9891.87-97.96-30.52+-*44.97-28.44-74.08-5.84-84.37+/-*+--++/--91.92,True
+9.62/98.54*7.05--40.46--87.69-36.72*-24.69-86.67+29.96/33.04-95.19**99.87*--87.79+-32.59,-32.59+-87.79-26.699.87-87.69-40.467.0598.549.62+/*--**-95.1933.0429.9686.67-24.6936.72-*-+/*,False
-60.4-27.86*99.9-79.91*38.88-99.54/-23.95-70.14+11.09/0.33--56.92-32.41+-52.91-90.68--57.53,-57.5311.0970.1423.9599.927.8660.4--*-/-99.5438.8879.91-*-+--90.68-52.9132.41-56.920.33/--+,True
-21.86-40.31/-38.55-41.21+67.42+36.19-64.11*+-32.1-68.43-51.02*13.99/29.9981.69+-80.63/28.5,28.5-32.167.4241.21-38.5540.3121.86--/-++*-64.1136.19+/-80.6329.9913.9951.0268.43--*/+81.69,True
+2.9843.23/+84.5+-29.26*-58.65+-23.51+-90.11/-78.44+98.97*70.32/68.89+61.98*-39.375.29--41.65,-41.65-23.51-58.65-29.2684.5/43.232.98+++*+-75.29-39.361.9868.8970.3298.97-78.44-90.11+/+*/+*,True
/-50.84+-79.17/76.67+-95.2348.43--49.43--65.6+-30.55+-32.47+-73.74+62.37+-41.64/34.64*-34.49-14.3,-14.3-34.4934.64-41.6462.37-73.74-32.47-30.55-65.649.43-79.17-50.84/+--48.43-95.2376.67/+-+++++/*,False
/48.55*-64.31/8.24--58.91*-2.43+77.83*29.26+9.66/77.61+-62.87-*/-19.04/-69.45+-20.97-61.17,-61.17-20.97-69.45-19.0434.98-62.8777.619.6629.2677.83-2.43-58.918.24-64.3148.55/*/-*+*+/+-//+,False
*-57.76/-47.41+76.11*29.13+-32.15+36.26-6.49--70.27*-18.794.67*+-24.11-85.32-+37.15**41.74,41.74*-65.1337.1536.26-32.1529.1376.11-47.41-57.76*/+*+++--85.32-24.11-70.276.49--+*4.67-18.79*,False
-4.18*22.15-78.27+39.43+61.57-29.74+63.47-46.33+-11.51+87.47+22.89-72.78-21.7*-44.92-99.76,99.76-11.5146.3363.4729.7461.5739.4378.2722.154.18-*-++++-+--44.9222.8987.47++*-21.772.78-,False
*-20.2*-87.13+34.8+7.79+-86.29+-36.14-71.77/-17.57+26.12.64/--38.86-10.78*-69.5682.47-53.78,53.78-86.297.7934.8-87.13-20.2**+++-82.47-69.5610.78-38.86-/2.6426.1-17.5771.77-36.14+-/+-*,True
-93.58*-3.89/-84.45+-38.34+-37.78*81.19/-8.8163.33-+-80.99-14.05/1.89-72.28-63.21/-54.95*46.68,46.681.8914.05-80.99-84.45-3.8993.58-*/+-63.33-8.8181.19-37.78-38.34++*/-/*-54.9572.28-/-63.21,True
+-33.89*-70.85/17.64/-92.68*-10.88/-9.96+-99.31--5.48/52.88+22.4210.42*-95.13+-18.05-45.03/42.64,42.64-18.0595.13-99.31-9.96-10.88-92.6817.64-70.85-33.89+*//*//-*10.4222.4252.88-5.48-/++/-45.03,False
+-87.15*99.5-22.9731.64*-75.37--82.96+-65.9+-43.2-33.51-+-76.39/-6.85+35.48/38.0580.12/65.56,65.56/80.1238.0535.48-6.85-76.39-87.15++-*31.6422.9799.5*--33.51-43.2-65.9-82.9675.37--++/+/,True
*-36.48-70.6+-31.6/22.78-96.04/0.56/44.83*10.38*63.27-16.41+-46.36--82.78*5.73+-82.99-79.2,-79.2-82.995.73-82.78-46.3616.4163.2710.3844.830.5696.0422.78-31.670.6-36.48*-+/-//**-+-*+,True
--63.2-60.81*9.01-1.23/68.09+-27.21+67.84--64.33*-33.6423.5/-60.82-39.1876.55+30.61+-59.27,-59.279.0160.81-63.2--*+/23.5-33.64-64.3367.84-27.2168.091.23-/++-*30.6160.82-+76.5539.18*,False
-82.49--10.1/26.81--69.77--70.32*-3.37-11.15--64.2695.35-+27.12/93.06+27.836.99*86.51-99.9,99.993.0627.12+-95.35-64.2611.15-3.37-70.32-69.7726.81-10.182.49/-/--*--/-86.5127.8+*36.99,False
+96.64/69.1--96.46-7.19+68.28--81.39*83.74/23.35--31.85*3.6+99.41/-58.2676.03-62.93--55.79,-55.793.6-31.8523.3583.74-81.3968.287.19-96.4669.196.64+/--+-*/-*-62.93-58.2699.41+/-76.03,True
--23.55*60.51-68.28+-65.5178.65*/-60.72*-83.83/64.74-82.28-20.29*92.41/-66.68--52.3*69.54+-4.36,-4.36*69.5468.2860.51-23.55-*-*-52.3-83.83-60.72/*78.65-65.51+*--66.68/92.4182.2864.74/-*-20.29,False
+89.79/-46.47/-27.87-33.86/-58.2718.58/+98.26+39.3--13.62--10.68+28.91--99.64/-68.8887.58+2.35,2.35-99.6428.91-10.68-13.6239.398.26-27.87-46.4789.79+//+/18.58-58.2733.86-/+--+-+87.58-68.88/,True
--40.34-42.94/-95.94----20.49-17.36+--21.82-15.74*+-7.24/17.41-6.24++86.37*-12.77/61.8233.38,33.3861.82-12.7786.37+++-17.36-20.498.56-95.9442.94-40.34--/---6.2417.41-7.24+*-15.74-21.82-/*/,False
/25.12*27.6379.03/+64.27*-55.01-34.21+88.78/-12.92*88.67*36.75/-10.8/-61.68-31.3-22.27*--11.52,-11.52-12.9288.7834.21-55.0164.2725.12/+/79.0327.63**-+/-*-31.3-61.68-10.836.7588.67**//-22.27,True
/-0.76*-78.37/-68.05/-28.83+36.11/-6.72+51.28/54.18-44.02-/--55.26+-35.55--4.73/28.29--3.59,-3.59-78.37-0.76/*-28.29-68.05//-4.73--35.55+--44.0254.1851.28-6.7236.11-28.83/+/+/-55.26--3.79,False
*-5.92*-62.35-48.69--75.65/20.74/-10.82+-57.07+12.85/-48.57+-11.85-67.53/50.14-53.45/-11.5912.59,12.59-11.5953.4550.1467.53-11.85-48.5712.85-57.07-10.8220.74-75.6548.69-62.35-5.92**--//++/+-/-/,True
--96.57/-61.75/93.95+11.55--24.52/-66.84+23.69-10.62++-48.6186.36+*85.8-79.31/-59.84--69.63+-26.06,-26.06-96.57-+-69.63-61.75/-+86.36-48.61-66.84-24.5211.5593.95/+-/++-10.6223.69--59.8485.8*/-79.31,False
/-49.5865.14*--32.9/84.61/-14.99/19.12/-99.71+20.39.28*-37.69*-94.11/66.44+22.81/87.15/76.94,76.94-14.9984.61-32.9*65.14-49.58/-///87.15/22.8119.12/+66.44-99.71//*9.2820.3+-94.11--37.69,False
*-88.04/0.7+37.02+-94.06-21.16*42.54+14.09+-40.8-7.3+-22.54/43.01+-10.17*-41.49*99.6770.04,70.0499.67-41.49-10.1743.01-22.547.3-40.814.0942.5421.16-94.0637.020.7-88.04*/++-*++++/+**,False
*-49.61*33.49*6.6/73.15-32.65+-59.03-99.97--4.5-45.29+-16.29+-52.54+-98.19--57.04*-57.65-80.52,-80.52-57.65-57.04-98.19-52.54-16.2945.294.56.633.49-49.61***--+-32.6573.15/-99.9759.03--+++-*,True
*-93.55/76.34*61.46*-12.94*-73.95*-16.27+10.04/5.5-33.94---99.99-41.12+90.94-11.55*15.57+-24.35,-24.35-73.95-12.9461.4676.34-93.55*/***+*-11.5590.9441.12-99.99-16.27*---33.945.510.04+/-+15.57,True
*-96.85/44.07+9.8-86.77--78.37+-87.85+-18.27*-94.25*-38.98*0.44*-58.58+30.67-54.12-+47.38-59.82,-59.8247.38-38.98-94.25-18.27-87.85-78.3786.779.844.07-96.85*/+--++**+--54.1230.67-58.580.44**+,True
/30.0*-71.12--18.44/79.58/-93.07+78.26+55.81+-+-54.82/-29.4957.88*+-81.77+51.59/-0.02-52.97,-52.97-0.0251.59-81.77-54.8252.2655.8178.26-93.0779.58-18.44-71.1230.0/*-//+++++*57.88-29.49/+/,False
/35.7*62.25/53.55+-25.11+18.12-1.31*92.31*-14.11/-37.62*96.33*12.13-15.1-+/-4.31/-29.94,-29.94/-4.3135.7//-5.0692.311.3118.12-25.1153.5562.25*/++-*--15.112.1396.33-37.62-14.11*/**,False
*23.98+98.7227.89**68.69*91.95-56.95+41.96+-+-92.2640.05/-80.74+71.124.55*1.69+72.13,72.1371.180.7423.98*-/*27.8998.72+40.05-92.2656.9591.9568.69**-+--14.0941.96+++1.69*24.55,False
/-72.91/80.51+64.57-30.06*+68.42*86.81+-9.73+-47.49+-90.21-29.33*--80.63+29.2/-47.78-61.45-56.84,56.8429.2-80.63-72.91/-*-29.33-90.21-47.49-9.7386.8168.4280.51/+*-30.0664.57+*++++--61.45-47.78/,True
+-6.87--62.81/94.2-69.96*-22.97+93.35*92.13/**97.61-85.89--37.02/25.71*21.53-93.15*75.77,75.7721.5325.7137.02-22.9769.9694.2-62.81-6.87+-/-*---85.8997.61-47.892.1393.35+*/*/**-93.15,False
+-0.29-6.86-26.4*82.82-82.6/*-92.86+-19.15-84.18+52.76/-54.4/18.2277.26-17.99*-30.59*89.88-,--6.86-0.29+89.88*-30.59*/-82.682.8226.4-*17.99-19.15-92.86*+-77.2618.22-54.452.7684.18-+//,True
+41.64--+-11.3+30.56/-75.87+-40.03/80.25/38.34/-6.73-70.3/-11.3316.99**46.5/93.41-85.17,-85.1793.4146.5-6.7338.3480.25-40.03-75.8730.56-11.346.7341.64+-++/+///**16.99-11.3370.3-//,False
+-35.67-83.15-/-65.69+20.5*-87.23--81.55+-51.02/-31.45-73.32*81.54/-55.08/69.26+-89.42-43.36+-34.82,-34.82-89.4269.26-55.0881.5473.32-31.45-51.02-81.55-87.2320.5-65.69--83.15-35.67+/-*-+/-*//++-43.36,False
*14.51-39.15+99.69/-10.85--61.39-2.36*88.84+18.4122.37---92.0+69.99*-54.69/33.99-55.04+61.98,61.98-92.0--22.3718.4188.842.36-61.39-10.8599.6939.1514.51*-+/--*++-55.0433.99-54.6969.99+*/,True
*49.62*22.78-48.56/-87.34/7.82+-93.47*80.72/47.8+-40.44/14.73+-46.91-40.77/95.73/53.57/30.94,30.9449.62*/53.577.82-87.3448.5622.78*-///95.73-40.4447.880.72-93.47+*/+/-40.77-46.9114.73/+,True
+-91.88--28.76-87.39/82.25*64.7--87.58*-34.21-54.6/+-81.24+-10.28--80.39/56.25+41.9-79.49-87.88,87.8887.39-28.76-91.88+----79.4941.956.25-80.39-10.28-81.2482.25*+/-54.6-34.21-87.5864.7*-*+-/+,False
/-61.54/87.971.71//-91.5/-92.4661.71/-97.08-80.94--38.81/90.07+16.04-35.73*--35.51--66.0129.37,29.37-66.01-35.51-38.8180.9497.08/61.71-92.46-91.5-61.54///71.7187.9//----*-35.7316.0490.07/+-,True
--13.64-11.26*97.42+89.07+-35.36--5.57*26.56/-68.85*74.7*97.9-8.73-95.71/-97.52-43.87-88.16,88.16-35.3689.0797.4211.26-13.64--*++-43.87--97.52-5.57-/95.7126.56*--8.7397.974.7-68.85/**,False
-76.79*39.73*-9.46*75.3549.5/-54.78/-40.89*-19.64/45.5*20.06+-14.534.57/-6.88+60.9--81.29,-81.2976.79--60.939.73*+/49.575.35-9.46**-6.88-40.8954.78-//4.57-14.5320.0645.5-19.64*/*+,True
-10.26/62.39-61.57*27.75--61.26-30.77+-59.17-13.49+16.72--73.5516.2**-61.1174.18/41.03*53.18,53.1827.7561.5762.3910.26-/-**41.0313.49-59.1730.77-61.26--+-/*16.2-73.5516.72+-74.18-61.11*,True
*80.06*-19.23--53.74/61.51/-97.97/27.07/55.53*42.48*-55.83-83.1/*34.59+52.83-47.49--52.85--47.99,-47.99-19.2380.06**--52.8555.5327.07-97.9761.51-53.74-////-/-83.1-55.8342.48**-47.4952.8334.59*+,True
--28.44*22.97-/-78.73*-71.04*-59.84*-39.91*-74.09--27.64*-80.49+-17.42+-45.166.33+87.9*39.28,39.28-27.64-74.09-39.91-59.84-71.0478.73-56.8622.97-28.44-*--****-*87.9-17.42-80.49*++6.33-45.16+,False
-42.16*-41.04--4.36*-1.8*10.8625.67-+-93.54+3.62+78.77+54.2752.5*-**-60.0/-13.49-91.89,-91.89-13.49-60.0-54.483.62-93.54-4.36-41.0442.16-*-+-25.6710.86-1.8**+-*52.554.2778.77++*/,False
/-16.68*-38.47-74.82+-20.93*-77.48-62.27*-68.24/21.41/77.91-18.97/-36.65+28.7769.68/-71.86*3.79,3.79-77.48-20.9374.82-38.47-16.68/*-+-*-71.86-36.6518.9777.9121.41-68.2462.27-*//-//69.6828.77+,False
--38.52+1.9/75.89*-96.87-9.77/+-16.81*-0.22*37.83+32.02-94.06*72.64*-93.8/-24.55*-65.65*-78.63,-78.63*/-9.77-96.8775.891.9-38.52-+/*-65.65-16.81+*-24.55/-93.8-0.22**72.6432.0237.83*+*-94.06,True
/-53.57/-68.26--69.84*66.51--30.82*-61.97+-12.11-76.19/-87.44*71.04-89.58/-27.88+38.85*0.86-1.56,-1.560.8638.85-27.8889.5871.04-87.4476.19-12.11-61.97-30.8266.51-69.84-68.26-53.57//-*-*+-/*-/+*,False
*14.41*-65.75+77.24+0.64-2.24/28.08+-10.15-93.9/+-32.49/7.0/-29.62+-69.96-40.34+-9.61-0.09,-0.09-9.6140.34-69.96-29.627.0-32.49-65.7514.41**+/-93.9-10.1528.082.240.6477.24++-/+//+-+,True
+52.97--55.07*85.72+-41.43/5.6717.31**-88.61/-20.17--84.96+16.12/-21.24/-43.63+74.48-29.04-64.33,-64.3329.0474.48-43.63-21.2416.12-84.96-20.17-88.6152.97++*17.315.67-41.4385.72-55.07-*+//-+//+-,False
/89.22*24.895.1*+88.73*99.91*11.07*54.75--87.99*0.47*22.76-54.06/-55.33-68.37+-95.79*42.26,42.2654.0622.760.47-87.9954.7511.0799.9188.73*5.124.8989.22//+***-**-*-95.79+-68.37-55.33/,False
/-97.46*-3.09+-76.05/-63.83/-2.36+50.6+-30.07+77.38--62.16-53.92/-54.622.32*78.63/58.0/36.02,36.02-2.36-63.83-76.05-3.09-97.46/*+///58.050.6+/78.6353.92-62.1677.38-30.07++--*22.32-54.6/,True
*55.5+21.28-90.04/58.36+22.88/-17.73--51.04-29.69++83.38/98.28--32.6/-94.63/97.35-87.14/-67.12,-67.12-32.698.2883.38-17.7322.8858.3690.0421.2855.5/+-/+/++-29.69-51.04-/-/-87.1497.35-94.63//,False
*-13.65-95.5*-79.76+-44.81*-34.63-39.93*-90.12+32.03*-10.66+-0.33/47.57*75.78-81.61--7.89-58.12,-58.12-7.8981.6175.7847.57-0.33-10.6632.03-90.1239.93-34.63-44.81-79.7695.5-13.65*-*+*-*+*+/*--,False
*-13.21/-68.32-84.83++91.76+-47.9-77.82*50.39*-42.56*-50.21/-83.4/-25.4719.79+23.77-8.74/-82.39,-82.3950.3977.82-47.991.76-13.21*++-84.83-68.32/+-*/8.74-23.77-83.4-50.21-42.56**/+19.79-25.47/,True
/-70.47*-15.18--96.39/-88.89/-98.08-37.81+--29.84+-89.02+-46.12+-98.92*-76.5624.05-+-40.52*-68.7318.94,18.94-68.73-40.52-98.92-46.12-89.02-29.84-70.47/-+-37.81-98.08-88.89-96.39-15.18*-//++++-24.05-76.56**,True
+67.81-87.23+33.41/97.8895.39/--73.46--34.76+99.59*45.18/-48.16-57.88*-52.72/-45.24/-58.72-94.08,-94.08-58.72-45.2452.7299.59-34.76-73.4687.2367.81+--/95.3997.8833.41+/-+-*-57.88-48.1645.18*///,True
/6.37/-11.62/-61.04+-11.0255.85*+5.94--55.28+-83.88*47.23--4.67/-39.71-42.53/-12.5537.43--42.48,-42.48-4.6747.23-83.88-55.285.94-61.04-11.626.37///+*55.85-11.02+-+*--37.4312.55-/-42.53-39.71/,True
*13.16*-2.23+4.07/-32.87*61.34/54.74+89.57*17.09-64.29+72.56--89.05+75.96+81.99-42.312.88,2.8842.3181.9975.96-89.0572.5664.2917.0989.5754.7461.34-32.874.07-2.2313.16**+/*/+*-+-++-,True
-67.87+/*49.5117.5*+93.85/-44.72+32.58/-6.17-75.46/-74.38/-2.54*-3.68*-91.13+-33.565.47,5.47-33.56-91.13-3.68-2.54-74.3875.46-6.1732.58-44.7293.85-65.8767.87-++*17.549.51*/+/-//**+,False
+38.89//--47.29--98.31--3.46--98.58*-24.45--13.01-90.1-21.93-73.57--36.44-50.49/-37.1-11.62,-11.6237.173.5721.9390.1-13.01-24.45-98.58-3.46-98.31-47.2989.5138.89+/----*-----/-50.49-36.44-,False
+78.5--67.12/-58.05--46.78+-65.73*-58.15*44.39*-94.7+-92.51*-24.41//-92.06--11.2399.59/-38.6,-38.678.5+/99.59-11.23-92.06-58.05-67.12-///24.41-79.68-92.51-94.744.39-58.15-65.73-46.78-+***+*-,False
+17.49/-69.55+-98.44+-95.6/38.94/-55.84*-91.15+46.8977.97//69.7-38.5*-10.6976.04+-40.57*86.13,86.13*-40.5717.49++76.04-10.6938.569.7//77.9746.89-91.15-55.8438.94-95.6-98.44-69.55/++//*+-*,True
*36.85-7.74++-36.62+27.25/43.46-77.1189.33/--60.45--68.55*57.65--99.4918.52*-55.46+51.2254.32,54.3251.2255.46-68.55-60.4543.4627.25-36.62+-7.7436.85*++/-/89.3377.11---*18.52-99.4957.65**+,False
-73.63/86.69*-94.16-80.5+99.7586.22//39.5*-5.96*31.41*-35.6183.8-+57.7513.93//-10.13-66.71,-66.71-10.1339.5-94.1686.6973.63-**//86.2299.7580.5-+//13.9357.75-5.96*+-83.8-35.6131.41**,False
--77.64+-51.32+-21.1/-49.6737.75+-52.31/53.81-24.25/55.712.43*11.48+-96.97-25.62-68.0/-98.19,-98.19-77.64-/68.0-25.62-21.1-51.32++--96.9752.31-+37.75-49.67/+11.4853.81/*12.4355.724.25-/,True
*-77.61+-82.5/-90.0/70.06--84.65-83.73--62.67-50.92/93.87/4.65-16.4--44.117.56+-90.87*--24.36,-24.3670.06-90.0-82.5-77.61*+//-*-50.92-62.6783.73-84.65----90.8716.44.6593.87//--17.56-44.1-,False
*33.55/-68.26-62.81+-33.04--79.65-67.83+--21.06*-89.65*-4.59+-31.9+57.2*10.7-37.5264.92*25.59,25.5957.2-31.9-4.59-89.65-21.0662.81-68.2633.55*/--+-67.83-79.65-33.04+-**+-*64.9237.5210.7*-,False
/9.42-*+-54.13+-84.08*-15.69-7.43/24.38/82.36/69.13--11.35*-58.23--98.87/-47.18*3.3398.23,98.233.33-47.18-98.87-58.23-11.3569.1382.3624.387.43-15.69-84.08-54.1314.439.42/-++*-///-*-/*,False
/-47.21+52.22*14.63+-46.51--25.16/36.5+-9.69-66.74*-32.01+-19.4891.79*-68.83+-18.5*-39.7/17.33,17.3314.6352.22-47.21/+*/-39.7-46.51+*-18.532.01-25.16--*-66.74-9.6936.5/++-68.83-19.48++91.79,False
--98.47/65.13/-94.49/-75.78+20.94--64.11+43.51/-11.89*73.04+-73.86+-85.1133.63--40.55/55.8/-22.88,-22.8865.13-98.47-//55.8-64.1120.94-75.78-94.49//+-/-40.55-85.11-73.8673.04-11.8943.51+/*++-33.63,True
/65.68*-89.58-//-57.77+78.43/10.02*27.04-3.28+-75.39+-53.48+-12.02+-36.0186.03--73.5+-11.88,-11.88-12.02-53.48-75.393.2827.0410.0278.43-57.7721.24-89.5865.68/*-/+/*-++++-73.5-86.03-36.01+,False
+-63.19+26.07/-31.23*-3.91-38.26/72.3/71.41*34.97--90.12*31.52/75.23-40.27+43.97/-13.46/52.87,52.87-3.91-31.2326.07-63.19++/*/-13.4634.9771.4172.338.26-//*/43.9731.52-90.12-*+-40.2775.23/,True
-60.61+-78.6+-42.8--37.06-75.3/17.72--4.85-39.75--54.02*-73.31-69.71*-19.52/-73.02+76.8910.78,10.7876.89-73.02-19.5269.71-73.31-54.0239.75-4.8517.7275.3-37.06-42.8-78.660.61-++--/---*-*/+,True
--81.14+79.06*-77.92+-31.05-27.44+-53.8158.39*--77.89/-70.87+31.81/47.51/72.75-11.95-27.92*59.73,59.7311.9572.7547.5131.81-70.87-77.8927.44-31.05-77.9279.06-81.14-+*+--*58.39-53.81+/+//-*-27.92,True
--40.42*87.88-76.51+-92.8--76.53--22.84*68.22/-56.83+-70.51-64.71/93.29+-0.48-24.47+54.79--74.31,-74.31-54.7992.8-+-76.5187.88-40.42-*+24.47-76.53---0.48+/-64.71-70.51-56.8368.22-22.84-*/+93.29,True
/-15.51+-99.03/25.89-3.2*65.51+77.69/-71.4528.81-/17.44+-4.031.86+-74.73+0.76*-59.23/33.68,33.6825.89-99.03-15.51/+//-59.23*0.76+-74.7377.6965.513.2-*++-28.81-71.45/1.86-4.0317.44/+,True
-81.99+22.74+-64.4/42.7*-93.62+-41.93-56.54/-34.65+++-42.84*17.2+-10.99/-88.26-70.738.49,8.4970.73-88.26-10.9917.2-42.846.35-34.6556.54-41.93-93.6242.7-64.422.7481.99-++/*+-/++*+/-,False
*-5.01*44.12*78.01*99.66-22.43--48.8949.01//-57.97-50.62/96.72--5.9677.23/+74.02/-65.35-89.28,-89.28-65.3574.0296.7250.62-57.9722.4399.6678.0144.12-5.01****///49.01-48.89--/+/77.23-5.96-/,False
-87.02/17.3+62.1-15.95*21.24*-1.61*-14.33*62.55-47.79++4.24*99.34*77.71*-93.33*-98.79-1.81,-1.81-98.79-93.3377.7199.344.2462.117.387.02-/+++-47.7962.55-14.33-1.6121.2415.95-********,True
--14.9/30.92--1.99/-45.86+-97.28+-62.3375.04++-33.64/37.46*-67.86--70.5+6.99+**-75.1677.04,77.04-75.1697.796.99-70.5-67.8637.46-33.64-45.86-1.9930.92-14.9-/-/++75.04-62.33-97.28++/*-++*,False
--38.77*-14.46+85.61/85.52+76.27*-38.74*-89.69*-73.98+-51.2*-44.86+-55.69+26.49*-17.52-12.43+-10.91,-10.91-55.69-44.86-51.2-73.98-89.69-38.7476.2785.5285.61-14.46-38.77-*+/+***+*++-12.43-17.5226.49+*,True
*34.02-9.3421.68*+-23.9--13.16/-73.82/56.19+76.8582.77**80.16+59.22+-46.01*70.4840.22--76.62,-76.62-73.82-13.16-23.9+*21.689.3434.02*--/-*82.7776.8556.19/+40.2270.48-46.0159.2280.16*-+*,False
/60.27+98.97--97.21+94.78/-24.95*42.31+17.4/-72.22/54.8359.99/*32.2463.33--43.96-3.14-29.49,29.49-72.2217.442.31-24.9594.78-97.2198.9760.27/+-+/*-/--/59.9954.83/63.3332.24*-3.1443.96-,False
--42.19*63.96*-14.13*16.74--8.25-59.12+29.46/+*-3.97/-97.4286.07*--40.04*-67.2971.98/99.28,99.2829.4659.12-8.2516.74-14.1363.96-42.19-***--+/71.98-67.29-40.04-3.9764.0/*-*86.07-97.42/*,False
--43.23+-43.78+10.65-47.94/56.04*-67.7251.63*-46.06-86.15--62.22+0.82/85.43+75.94*-17.9169.37,69.37-17.9175.9485.430.82-62.2286.1546.0647.9410.65-43.78-43.23-+*--*51.63-67.7256.04/*--+/+*,False
-39.34/-91.25/-15.89+33.59-46.61*-73.23-47.47*--74.0723.86*+-67.17+-13.2+-99.24--37.7-64.78+42.65,42.6546.6133.59-15.89-91.2539.34-//+-+*-47.47-73.23*-64.78-37.7-99.24-13.2-67.17+*23.86-74.07-++-,False
+29.22+-8.6/45.31/44.78*-85.06/-77.26*12.71/91.02+-16.7574.94*+-35.88/-63.32-86.01*92.0--92.27,-92.2744.7845.31-8.629.22++//-92.091.0212.71-77.26-85.06-/*/*-86.01-63.32-35.88+*74.94-16.75+/,False
-78.18+-75.1-41.4--33.91--36.26/42.12+-3.66*-72.63-33.03*75.86/98.46*28.82/-17.83-63.92/85.61,85.61/-63.92-17.8328.8298.4675.8633.03-72.63-3.6642.12-36.26-33.9141.4-75.178.18-+---/+/-*/*/,False
/-74.23*55.89/66.79/77.9-17.18*5.38*12.82--49.1--5.95-91.08+/66.25-89.35/-8.49-57.35+-1.06,-1.0689.3566.25+-91.08-5.95-49.112.825.3817.1877.966.7955.89-74.23/*//--*--/-+-57.35-8.49/,False
/22.17-2.03/26.3*42.76/51.5/-83.92/-54.29*-8.33-35.22+--33.55+28.73--50.52+20.11-2.03--77.75,-77.7520.11-50.5228.73-33.55-54.29-83.9251.542.7626.32.0322.17/-/*///-+-35.22-8.33*+-+--2.03,False
/21.86*-63.85*17.6513.39**-41.7/6.67+73.19+-1.12--65.01+-79.32/-99.79--6.995.71*69.9--53.11,-53.11-79.32-65.01-1.1273.196.67-41.7-63.8521.86/***13.3917.65*/++-+-69.9*95.71-6.9-99.79/-,False
/35.64*-24.66-58.7+-52.16*78.91--94.04+21.62-29.52+-69.39/62.1*-25.09-2.89+-78.35/-52.6271.6,71.6-52.6278.35-94.0478.9152.1635.64/-+-58.7-24.66**--+-2.89-25.0962.1-69.3929.5221.62+-+/*/,True
-10.56*-92.82*-30.54+-11.91/89.68+96.07*54.09/-39.74*+-98.58*-35.34+-7.69*-22.8772.68*-71.71,-71.71-98.58*39.74-52.0854.0996.0789.68-11.91-30.54-92.8210.56-**+/+*/+*72.68-22.87-7.69-35.34*+*,False
--86.01/94.32--44.21--66.14+-6.66--40.21*77.34+56.16+63.2-47.36*+-9.86/2.23*64.11-32.78/75.95,75.95-44.2194.32-86.01-/-/-32.7864.112.23-9.8656.1677.34-40.21-6.66-66.14++-*++*-47.3663.2+/*,False
/-10.75+-84.67-74.4+-34.3/53.02/18.75*26.82+26.7764.18/-26.04/-64.97/-12.94+-78.0-30.5231.3,31.330.52-78.0-12.94-64.9726.0426.8218.7553.0234.3-+-74.4-84.67-10.75/+//*-/64.1826.77+///-,False
/49.01*-71.33*-23.5--97.74/5.98+10.36/-48.46*-57.45/0.0761.76*/66.66+59.79/81.76*75.4555.88,55.8875.4581.7659.7966.66-71.3349.01/*/*61.760.07-57.45-48.4610.365.98-97.74-23.5*-/+/*/+/*,True
**--16.56+62.3/-89.04*90.33*-23.71+-2.63/-13.5*-24.0-53.73//88.014.82-+90.52/-32.1-66.72,-66.72-32.190.52+-4.8288.01-13.5-2.63-23.7190.33-89.0462.3-16.56-89.08*-+/**+///-53.73-24.0*/,False
+-29.24+-8.87*36.47+2.32+43.86+90.67--21.77/15.31/-93.18-22.98/+71.17/-29.16/-51.4/2.41-57.51,-57.512.41-51.4-29.1671.1743.862.3236.47-8.87-29.24++*+++/-22.98-93.1815.31-21.7790.67/-/////,False
+-19.25/1.81/-77.76-93.21+*27.24+-92.11-49.28++-81.19*27.2-41.9953.38*-75.62--50.8956.07*-28.33,-28.33-19.25+*56.07-50.8975.62-*53.3841.9927.2-81.191.81/+++-93.21-77.76/-49.28-92.1127.24*+*--,True
/38.16+-83.18+87.5*39.64+77.18+49.87+-8.9--24.2-95.4/+-32.9593.02//22.08-4.87*-20.66*-59.33,-59.33-83.1838.16/+*-20.66*-4.8722.0849.8777.1839.6487.5+*++//93.02-32.95-8.9++/-95.4-24.2-,True
-19.54+-79.74-34.97/85.98--87.66*40.13-84.61+14.6/29.43*-11.16-84.17-15.651.46*15.19+-74.49,-74.4940.13-87.6685.9834.97-79.7419.54-+-/-*+15.1915.6584.17-11.1629.4314.684.61-+/*/-*1.46,False
--57.2370.84-+-27.2*-39.36/86.35-26.17*79.3671.65*--68.08/32.05*80.74/93.44*78.4146.13--4.24,-4.2486.35-39.36-27.2--70.84-57.23-*/-46.1378.4193.4480.7432.05-68.0826.17--*71.6579.36*/*/*,False
*57.81*-33.89/-78.05/39.34-12.07+-95.44*-89.5+91.13-77.37*-84.71-13.66/*-6.1243.1*55.38-36.57,36.57-55.38-33.8957.81***43.1-6.12*/-13.66-84.7177.3791.13-89.5-95.4412.0739.34-78.05///+*+-*,False
*4.71-40.87+/-99.98+96.18*-10.5413.44/+86.35*45.99--70.82-48.46-47.52/93.38-60.69/34.41-,98.0634.4160.6993.3847.5248.46-70.8245.9986.35-99.98+-40.874.71*/+/13.44-10.5496.18+**---/-/,False
+92.98/77.26-35.63/28.75+-65.0/-93.95--98.83-91.5442.37-62.68--18.25--37.27--86.13+84.53+58.5,58.592.98++84.53+-86.13--37.2735.6377.26/---18.2528.75/-62.68-93.95-65.0+/-42.3791.54-98.83--,True
--31.81--2.53/-41.18+8.99+28.98--22.23*83.97+47.99/73.05*71.46-26.7886.78/-20.15+-55.54--54.33,-54.338.99-41.18-2.53-31.81--/+--55.54+-20.1583.97-22.2328.98+-*/86.7826.7871.4673.0547.99+/*-,True
*-89.3279.53+--19.97-13.3/-5.0/20.76/62.99+31.54/88.86-3.65+-69.67-35.02/-11.08/*-99.2,-99.2-5.013.3-19.97+79.53-89.32*--/*-73.0211.08-/-35.02-69.673.6588.8631.5462.9920.76//+/-+,False
*90.24*-91.82*20.9-70.98/98.45-10.4/--33.77*-16.61--33.82-81.68+-98.52--67.0*-74.4766.18--82.34,-82.3470.9820.9-91.8290.24***--/-10.498.45/66.18-74.47-67.0-98.5281.68-33.82-16.61-33.77-*--+-*,True
+-27.99+-14.52+-99.27+-69.79/36.68-78.13-6.14+79.88/26.76*-79.35+-97.81-57.2-+-17.55-93.26-39.65,-39.6593.26-17.55-79.3526.7679.886.1478.1336.68-69.79-99.27-14.52-27.99++++/--+/*+--57.2-97.81+-,False
*73.36--54.81/29.38-28.34-63.04/-47.05/59.02/-65.43/79.95/-31.22--85.41+-20.0*-80.93+-23.6939.29,39.29-23.69-80.93-20.0-85.41-31.2279.95-65.4359.0247.0529.38-54.8173.36*-/-/-63.0428.34-////-+*+,True
+-18.85/0.1+85.48--38.01-55.626.7+-3.58/49.04+-10.92/-10.77-22.4935.19/++-89.7497.43--18.59,-18.59+6.755.62-38.0185.480.1-18.85+/+--/35.1922.49-10.77-10.9249.04-3.58+/+/--97.43-89.74+,True
+35.49/-53.45--84.93*-11.48--78.84-17.02+1.55+98.48/-79.82-/+25.535.5*--39.44/-13.921.85,21.85-13.9-39.4449.64-79.8298.481.5517.02-78.84-11.48-84.93-53.4535.49+/-*--++/--*5.525.53+/,False
*-46.4--66.79-1.02-5.99-12.08+92.48+-54.25/-98.23/-17.52-49.48--83.12//28.98/36.66/-40.17,-40.171.02-66.79-46.4*--/36.66/28.98-83.1249.48-17.52-98.23-54.2592.4812.085.99--++//--/-87.32,False
*-68.84/-56.1/-52.01+-9.67-78.5659.28--87.54/-71.95*43.53--93.35+-22.17*-98.88-87.32-73.51-98.19,98.1943.53-71.9587.54-9.67-52.01-56.1-68.84*//+--59.2878.56-/*--73.5187.32-98.88-22.17-93.35-+*-,True
+9.29+-95.89/90.35*16.03+-85.9759.6-48.98--6.23-89.95++-18.6871.53*/+-51.373.3**-25.46,25.4682.869.29+**73.3-51.316.0390.35-95.89+/*+/*59.6-85.97+71.53-18.6848.98-++-89.95-6.23-,False
--95.34*85.44*17.36/-46.15--76.7354.16/+7.33+-49.88--99.04+30.61/-15.95-*+-15.3181.17--16.75,-16.7530.61-99.04-49.887.3317.3685.44-95.34-**+/54.16-76.73-46.15/-+-+-81.17-15.31-14.32-15.95/-+,False
*-54.56+-54.61/12.24--80.58*84.9--99.68-74.86*44.12--50.83+15.92-66.95/23.11-80.43+82.92*80.01,80.0112.24-54.61-54.56*+/*82.92-99.6884.9-80.58---+-80.4323.1166.9515.92-50.8344.1274.86-*-+-/,False
--36.04/-43.77-66.77/59.9/-63.37/35.09*-41.83-57.37/52.61+53.08/65.52--82.83*25.44-64.34/--3.24,-3.24-43.77-36.04-/-/-57.37-41.8335.09-63.3759.966.77-///*-64.3425.44-82.8365.5253.0852.61/+/-*,True
/-82.38/-66.61/99.14*-54.26+/-40.55*82.7/22.8/-25.2467.69--53.81+-64.26+89.14/9.69--81.59,-81.59-9.69-82.38//89.14++54.26-61.2799.14-66.61//*-64.26+-53.8122.882.7-40.55/*/-67.69-25.24/,False
/51.6*63.23-27.74+12.78*-61.83*-73.26-55.49/97.1460.23*+70.46+76.53-15.81//-2.36-27.5-24.05,24.0563.2351.6/*--27.5-2.3627.74-//-15.8176.5370.4612.78++*60.2397.1455.49-73.26-61.83**-/+,True
+76.97+78.98+-21.05*-4.53-71.89/+-30.88/-7.69/-92.11--92.67*+-94.88+-19.3539.27--77.99/-82.52,-82.52-92.11-7.69-30.88-21.0578.9876.97++++/-71.89-4.53*///-77.99-19.35-94.88+*92.67-4.18-+-39.27,False
/98.46*2.49/88.28*-14.32/-83.98-32.95*--67.25--77.14+-55.32+-58.25+-10.49--89.33+57.2155.77+10.28,10.2857.21-89.33-10.49-58.25-55.32-77.14-67.252.4998.46/*-*-32.95-83.98-14.3288.28/*/-+++-++55.77,True
+-81.74+31.71/-17.81/47.22+-96.6--82.74-22.2+-68.45-77.62/-+-71.88+-74.03+80.69-86.22+51.84*-65.64,-65.64-81.74+*51.84-71.8831.71++-/-22.2-82.74-96.647.22-17.81//+--77.62-68.45++-86.2280.69-74.03++,True
*91.99*62.65/58.52/--61.01*-95.01+37.16/-17.85/-23.97*76.03--34.65*13.06*3.0313.96--27.9,-27.9-34.6576.03-23.97-17.8537.16-95.0161.01-45.0458.5262.6591.99**//-*+//*--13.963.0313.06**,False
*-32.12+34.56+84.61+-88.59-1.26//-63.77/29.56*-31.73-11.07+-51.4589.61/-71.02-73.99-37.76/-12.11,-12.1184.6134.56-32.12*++/37.76-73.99--71.02//-1.26-88.59+89.61-51.4511.07-31.7329.56-63.77//*-+,True
/18.27/64.53*-70.47/-39.92*-95.5970.84/+-37.4-76.88*+-59.5-19.2*81.21-51.87+60.17*-79.8114.07,14.07-79.8160.1751.8781.2119.2-59.518.27/+*-76.88-37.4-70.4764.53/*+/70.84-95.59-39.92/*-*-+*,True
--76.89+-23.35+-/-75.35/80.81*6.26-0.13/-73.74/-62.7*84.37-89.56*+-1.84/39.31-74.17*42.57,42.5780.81-75.35-17.82-23.35-76.89-++//*-74.1739.31-1.84+*-89.5684.37-62.7-73.740.136.26*-//*/,False
*-31.9/-18.24-32.73+-60.9*34.43*14.77*-28.35+1.13-72.69++76.9248.75*-34.2-92.36*-87.98/91.89,91.8932.73-18.24-31.9*/-/-87.98-60.9+*-92.3634.214.7734.43**-*48.7576.92++-72.691.13-28.35*+,True
*13.06-92.1922.49+-24.9+-24.29/92.92-77.14*+-56.29+-3.29-74.07*/-61.14-36.05-50.3*+71.54*--49.92,-49.9213.06*-*22.4992.19-71.54-56.29-24.29-24.9*++*-77.1492.92/+*-36.05-61.14/*-74.07-3.29+-50.3,False
/44.58/85.11--20.24-95.55*-66.82*-62.53+-10.56-30.18--95.39/-82.0-57.28*71.64+-22.54*61.08--72.99,-72.9944.58/-61.08-62.5366.82-*-95.55-20.2485.11/-**-22.54-82.0-95.3930.18-10.56+--/+71.64*-57.28,False
*5.12/-27.04/-25.42/60.82/18.26/40.49*89.75+-34.17-2.0577.78*-14.23-20.2170.7+-58.66/-40.22,-40.2260.82-25.42-27.045.12*////-58.66+70.720.2114.23-34.1789.7540.4918.26//*+-*77.782.05--,True
+18.58+74.2699.23+*-81.2--51.61/10.7386.05--1.66/-*56.03+58.71-32.71-70.83/+-3.86+71.95,71.95-81.2+99.2374.2618.58++*+-3.86+/86.0510.73-51.61-/70.8356.036.71-1.66-/*--32.7158.71+,False
/-14.8/-47.99+-68.51*-41.67--57.25*-26.99*-81.86/-60.7-80.32-61.49*-25.12-8.03--38.95-4.69--40.44,-40.4480.32-60.7-81.86-26.99-57.25-41.67-68.51-47.99-14.8//+*-**/--4.69--38.95--8.03-25.1261.49-*,True
+-22.51/-41.17/91.52-18.81+11.66+-65.03--61.42+-33.21*8.18-84.67*/*50.562.88+-63.56+14.96,14.96-33.21-61.42-65.0311.6618.8191.52-41.17-22.51+//-++-++-63.5650.5630.0884.678.18*-**+2.88,False
*/*44.93/-70.41-98.93/74.09*52.95/20.33+-26.9/-44.24/74.9+-76.73*-29.94-8.35*/-63.21-86.98,-86.98-63.2174.0998.93-70.4144.9339.23**/-//*-8.35-29.94-76.7374.9-44.24-26.920.3352.95*/+//+*,False
--44.35/87.88*-30.52/62.62-25.26**-58.18+32.72/47.53+-98.13/-89.4--91.2345.16--28.58/2.04+-50.26,-50.26-58.18-30.5287.88-44.35-/***-25.2662.62/+2.0432.72+/-28.58-98.1347.53/+-45.16-91.23-89.4/-,True
/69.16*45.87/69.48--87.84*-83.18+89.7*-29.92+85.11+-39.01/-18.39--55.04+-88.48/3.9289.48--29.95,-29.953.92-88.48-55.04-18.39-39.0185.11-29.9289.7-83.18-87.8469.4845.8769.16/*/-*+*++/-+/-89.48,True
-71.85*48.7*-67.95--22.02/-47.56/66.21+26.19/11.55*-68.98-32.63--96.4/-36.54/52.74+-92.38,92.38-58.9352.74-36.5496.426.1966.21-47.56-22.02-67.9548.771.85-**-//+---32.63-68.9811.55/*//+,False
/11.76--97.04/71.24--63.58--48.957.46-+-49.13+7.28*82.39*-87.27*-70.32*92.73/-20.58*18.59-37.99,-37.9918.59-20.5892.73-70.32-87.2782.397.28-49.1371.24-97.0411.76/-/+-57.46-48.9-63.58--+****-*,False
+-6.31/-82.23+-47.34*32.48/75.384.71+-60.54-75.73+63.85--49.32*-90.9-44.57*-0.3718.84*--59.8,-59.832.48-47.34-82.23-6.31+/+*-*84.7175.3/18.840.37-*-44.57-90.9-49.3263.8575.73-60.54+-+-*,True
/72.79-95.83*--19.82+-16.12+80.62/-15.46--38.7-83.55--55.92/72.97*-19.17*-38.94-99.06/-76.86+75.06,75.06-19.1772.97-55.9283.55-38.7-15.4680.62-16.12-19.82-*-95.8372.79/++/---+*+-76.86-38.94*/-99.06,False
/-82.45+93.86*41.96*-79.47+-35.69-78.23*27.54--97.33*-57.13*-36.4598.43/-15.26*-51.16-5.97/19.33,19.3315.2678.23-35.69-79.4741.9693.86-82.45/+**+--/98.43-36.45-57.13-97.3327.54*-**/-5.97-51.16-,False
/-8.8*95.37*-61.86-49.72+57.7/-46.38-34.12--0.37-73.05*-95.23/-59.45--85.02-13.09/43.74*84.48,84.48-61.8695.37-8.8/***43.7449.72-/-13.09-85.02-59.45-95.2373.05-0.3734.12-46.3857.7+/---*/-,True
+69.23*-96.53-37.76*13.32*-52.01-82.84**79.81-7.37/-75.7+2.49/-49.29*93.04/-30.5636.94+39.89,39.89-30.5693.04-49.292.4975.737.76-96.5369.23+*--/-7.3779.8113.32/**-82.84-52.01*+/*/+36.94,False
+12.92+-36.92/-49.53-74.59--78.89+-17.13*47.42+-10.0370.5/*62.52*-51.58/29.8*46.79-52.94-+,-96.3946.7929.8-51.5862.52-17.13-78.8974.59-49.53-36.9212.92++/--+*/70.5-10.0347.42*+*/*--52.94,False
--50.32/86.01/-72.88*-99.32--84.2348.17*-98.44-35.7947.57/+-96.47/-96.51/-33.99/13.07/3.42-47.22,-47.223.4213.07-33.99-96.51-96.47-99.32-72.8886.01-50.32-//*+/47.5735.7998.44-*48.17-84.23--////,True
--37.18*16.93*-30.92-27.16//-3.89/76.92*30.3*89.35-37.62-42.65+94.63*-39.31-90.15+-99.83-60.25,-60.25-99.8390.15-39.3194.6342.6537.6289.3530.376.92-3.8916.93-37.18-*//-27.16-30.92*-**--+*-+,False
*66.74+79.28/78.13*76.33/-57.87*28.31*-62.76--36.16*64.3/-7.3+-29.85/20.02*-91.61*-31.5149.7,49.7-31.51-91.6120.02-29.85-7.364.3-36.16-62.7628.31-57.8776.3378.1379.2866.74*+/*/**-*/+/**,True
*-58.24+58.92+-19.68-70.56--71.52-48.06/*-26.2870.08++84.53-90.17*-71.34-99.3+60.3565.9/-3.67,-3.6760.3599.3-71.3490.1784.53-19.6858.92-58.24*++++/-48.06-71.5270.56--70.08-26.28*-*-+/65.9,True
-24.61+69.89--47.49/*+22.5/-48.78*-73.86--61.0-7.67--42.84--31.52+40.73-61.18*-24.11/-32.27,-32.27-48.7822.526.99-47.4969.8924.61-+-/+//-24.117.67-61.0-73.86*--*-61.1840.73-31.52-42.84--+,False
-18.95--63.38/-49.22*-15.49--78.76*65.47+-39.61+6.32+-63.13+-88.56/96.28+-76.8618.56*60.0+-31.39,-31.3965.47-78.76-15.49-49.22-63.3818.95--/*-*+60.0-76.8696.28-88.56-63.136.32-39.61++++/+*18.56,True
+59.84+83.97*-87.42+-35.95*82.11--11.6645.38-+63.73/-38.26-15.94/-2.77/-95.462.4*-91.57--48.96,-48.9659.84+--91.5783.97+*62.4-95.42.77-87.42*-/-15.94-38.2663.73-35.95++-45.38-11.6682.11*-//,True
-*/-11.16--21.92*92.23-9.99/--64.55+68.42+-0.77--66.93*48.17*-64.3791.43*45.95+-59.27/-31.13,-31.13-64.55-11.16-69.68-/-/-9.9992.23-21.92-*/-59.27-66.93-0.7768.42++-+45.95*91.43-64.3748.17**,False
+-94.84--55.53*-61.38*-97.14+-79.67+*--80.62+-12.73-13.26*/51.19+-47.57-75.46/21.59-80.09--44.67,-44.67-55.53-94.84+---80.0921.5975.46-47.5751.19/*-13.26-12.73-80.62-75.44-79.67-97.14-61.38**++-++-/,False
*-10.01+75.37+-76.37--1.56/42.03+-55.44-57.85/-38.14-60.1*/56.55-96.11*75.31-68.84*+-60.03-98.7,98.7-10.01*--60.03+*-96.1156.5557.85-55.4442.03-1.56-76.3775.37++-/+-/*-60.1-38.14/-68.8475.31*,True
*23.51+39.45*-17.29/-74.95--5.64--99.32*-36.3*-53.67/-76.92/59.94*-82.56-52.19+-97.37+-67.28-62.51,62.51-17.2939.4523.51*+*--67.28-74.95/+-97.37-82.5659.94-76.92-53.67-36.3-99.32-5.64--**//*+-52.19,True
--20.67/-77.72*-31.49+47.73+30.19-21.53+-92.77+-64.6*-97.32/-87.46*-55.07*-93.87**+40.46-81.7,-81.740.4699.48-93.87-55.07-87.46-97.32-64.6-92.7721.5330.1947.73-31.49-77.72-20.67-/*++-++*/***+,False
/-84.69+42.25*-44.65/2.91*90.14*48.28*85.47--91.64+-67.44-0.88+-42.13-84.995.23*--26.31-73.45,-73.45-26.310.88-67.44-91.6485.4748.2890.142.91-44.6542.25-84.69/+*/***-+--*5.2384.99-42.13+-,True
/-65.26/33.65--25.29/47.59-25.14*58.8/-40.61-49.61-73.0372.65*-17.44/26.63-46.6*-29.72/93.56,93.5625.1447.59-25.2933.65-65.26//-/-/-29.72*46.658.8*-26.63/-17.44-40.61/*72.6573.0349.61-*,False
*69.51--52.2/-98.47+3.84*70.01/95.78+-31.42+-77.58/-7.36/-21.42/73.0872.16//99.8638.61--4.49,-4.4970.013.84-98.47-52.269.51*-/+*-38.6199.86-21.42-7.36-77.58-31.4295.78/++////72.1673.08/,True
/34.16+-44.43--97.72*-36.64--45.79/-44.25-0.93--35.35+-68.18+58.64/84.86*-46.38//-69.48/-90.18,-90.18-46.3884.8658.64-68.18-35.350.93-44.25-45.79-36.64-97.72-44.4334.16/+-*-/--++/*/-69.48/30.8,False
+-21.9*-18.64+16.28--32.95*-81.86*88.3*-87.54-8.49/-16.787.23*-43.88-34.36-59.45+67.38/-34.49,-34.49-81.86-32.9516.28-18.64-21.9+*+-*/67.38+-59.4534.3643.888.49-87.5488.3**/-*87.23-16.7/-,False
+-51.28+-52.35--91.7/51.01*-36.64/-34.32+-26.83*67.63--86.82+-7.97-69.49-72.63/-17.17*-1.0-47.61,-47.61-1.0-17.1772.6369.49-7.97-86.8267.63-26.83-34.32-36.6451.01-91.7-52.35-51.28++-/*/+*-+--/*,True
--*-44.2+14.9+29.99+-96.14*83.05/82.86/23.47--0.18*-20.86*72.3+-68.76-45.5214.86-15.01,15.0123.4782.8683.05-96.1429.9914.9-44.277.08-*+++*//-14.8645.52-68.7672.3-20.86-0.18-**+-,False
*20.85/4.12/-18.5-99.81-71.98--61.98-66.03*+-76.52+28.79-42.22/+-92.09+78.8-13.14/25.89/59.09,59.0978.8-92.09-76.524.1220.85*/+*-66.03-61.9871.9899.81-18.5/---+/-42.2228.79++/25.89/-13.14,True
*23.4--72.49/89.18*-59.22/-60.77/-63.1+27.24-11.47---25.19*-7.24+/+14.66*54.19--99.0326.45,26.45-99.0354.1914.669.27-7.24-25.19-63.1-60.77-59.2289.18-72.4923.4*-/*//---11.4727.24+*++*-,False
*88.32+89.96--11.68-32.75*-47.57*-7.78*64.68--92.92+-17.67-96.8+6.98+25.985.18*/-70.21-33.1,-33.1-70.2196.8-17.67-92.9264.68-7.78-47.5732.75-11.6889.9688.32*+--***-+-/*5.1825.986.98++,True
-29.14/75.99--4.28-98.74-49.68*+95.42-58.01/+63.04*-52.72*-98.29*-*45.05/98.21-15.08/35.9,35.963.0475.9929.14-/+/-58.0195.42-4.28-+*-49.6898.74-/-15.0898.2145.0592.08-98.29-52.72****/,False
-73.68*84.24/96.89/36.23*80.88+17.4*/-40.43/-18.48--41.68-63.83*-51.73/-84.7757.67/15.5,15.540.43-55.7117.480.8836.2396.8984.2473.68-*//*+*-/57.67-84.77-51.7363.83-41.68-18.48/--*/,False
*48.91+43.5+-98.85/48.28/35.8/-37.79+-80.33/6.62+94.13*-52.44/71.88-93.958.12-96.51-53.26,53.2648.28-98.8543.548.91*++/-96.5135.8/-58.1293.971.88-52.4494.136.62-80.33-37.79/+/+*/-,True
*4.43+-13.6218.24/+-43.52*-41.43+24.04*76.21/89.63+-7.35*95.6*33.92/-45.7830.82+93.84+-90.63,-90.63-7.3589.6376.2124.04-41.43-43.524.43*+/18.24-13.62+*+*/++93.84-45.7833.9295.6**/+30.82,True
+-97.15--1.73/-89.01/61.52+-78.47+-83.03+76.54--59.26*27.28--24.74+-55.5-14.7+97.73/-91.33*-89.84,-89.84-83.03-78.4761.52-89.01-1.73-97.15+-//++*-91.33/97.73+-14.7-55.5-24.7427.28-59.2676.54+-*-+,True
+-11.17+46.07+16.52*-3.18/-59.31/42.41-50.33+42.81+1.15--6.45+69.02*-12.11/99.55-97.57/67.6,67.61.1542.8150.3342.41-59.31-3.1816.5246.07-11.17+++*//-++/-97.5799.55-12.1169.02-6.45-+*/,True
+-6.36+-11.06*-49.58/-12.11+43.52--93.8*-8.44-57.48/-29.83-60.9*40.72*40.16-80.34/85.04-3.62,3.62-49.58-11.06-6.36++--85.0440.7260.9-29.8357.48-8.44-93.843.52-12.11/+-*-/-*/-80.3440.16*,False
--67.7568.44+-25.3/72.44/5.51-60.02+17.65-92.56//98.3/-21.74--58.72+-32.31--90.54-87.6/44.04,44.04-21.7498.360.025.5172.4425.3-+68.44-67.75-//-//-92.5617.65+//-87.6-90.54-32.31-58.72-+-,True
/26.77+31.34-21.8+91.13+78.43-90.25/+89.78/39.72-88.14+-48.74/42.8237.87+59.9-62.38/90.38,90.38/62.38-59.931.3426.77/++37.8742.8248.7421.8--+/-90.2578.4391.13++-88.1439.7289.78+//,True
-87.53/-74.66*-16.91+86.58*-51.95/-59.14*-1.51+0.11-29.34*65.73-13.9-37.02*-13.411.35+54.32,54.3213.965.7329.340.11-1.51-59.14-51.9586.58-16.91-74.6687.53-/*+*/*+-*-+11.35-13.437.02-*,True
+95.14*-79.4--12.26*54.61*9.54/-22.03++/47.23--43.71/-88.53+-52.38-24.53+-84.67-95.83-90.21,-90.2195.83-84.6724.53-52.38-88.53-43.7147.23-93.94-22.039.5454.61-12.26-79.495.14+*-**/+/-/+-+-,False
/-55.51--77.46-2.35+-40.12*-56.63-/--49.8*16.97--44.6*-57.74*-92.0543.02+39.85-43.88+20.6,20.62.35-77.46-55.51/--+43.8876.51-56.63-40.12+*--39.85-57.74-44.616.97-49.8-*-*+43.02-92.05*,False
+4.49/-65.49*-97.08--38.27*+--15.96+53.72--31.76*-16.38/80.01*-77.06*-90.53/-39.3-49.95*0.92,0.9253.72-15.96-74.54-38.27-97.08-65.494.49+/*-*-+*-49.95-39.3-90.53-77.0680.01-16.38-31.76-*/**/,False
-99.72*-39.67*-94.57/-2.92*39.92--3.56+-63.24*-38.16*9.34*49.78+23.22-83.07/-67.93-19.4754.51,54.5119.47-67.9383.0723.2249.789.34-38.16-63.24-3.5639.92-2.92-94.57-39.6799.72-**/*-+***+-/-,True
/-87.51*55.45+68.2*-34.33--11.1-29.54*-91.58+-26.63*31.93/72.13-58.2---89.35+36.83-78.55+-73.27,-73.27-89.3568.255.45-87.51/*+---58.272.1331.93-26.63-91.5829.54-11.1-34.33*--*+*/+-78.5536.83+,True
*96.65-51.48*64.1+-76.12/-15.44*--91.36*-68.02+-87.21/28.39*98.12/86.75-62.22/19.29-52.33,52.3386.7598.1228.39-87.21-68.0291.36-32.67-15.44-76.1264.151.4896.65*-*+/*-*+/*/-19.29/-62.22,False
*-12.19--86.95+65.96/-24.92/-35.21+52.56+-64.54+50.4-52.37*6.16*72.95*--96.74-79.54--22.68,-22.68-86.95-12.19*--79.54-24.9265.96+/--96.74-31.6672.956.1652.3750.4-64.5452.56-35.21/+++-***,False
*58.16+2.36-/+31.68*24.66+39.06+-92.49-15.9/--86.43*-18.61*24.13/64.94/51.35/23.2930.43,30.4323.2951.3564.9424.13-18.61-86.4339.0624.6631.6868.332.3658.16*+-+*+-/-15.9-92.49+**///,False
*52.93*80.06/67.25*30.85/54.24/9.5*7.43/-8.7--50.86/-10.21*-19.56-55.51+86.82+-73.3/24.35,24.35/-73.3-8.77.439.554.2430.8567.2580.0652.93**/*//*/+86.82-50.86-+-55.51-19.56-10.21/*,True
--90.07*50.93-31.61*38.83+-88.44*80.66-18.1*93.0953.87**41.0517.83*/34.3+-53.0583.31*22.57,22.57-88.4438.8331.6150.93-90.07-*-*+*83.31-53.0534.380.66*/*17.8341.0518.1-**53.8793.09*+,True
-88.59/58.78*32.94/-62.3/93.1+-38.79/5.16/-89.15/-86.5218.64*-17.3+-39.66+-15.34/-9.26/-37.73,-37.73/-9.2688.59-/-15.34+-39.66-62.332.9458.78/*/+-17.393.1/*18.64-86.52-89.155.16-38.79+///,True
/-97.8--37.21--18.9214.39//-73.11/-+-91.41+38.97-62.29/+-19.29+78.56*55.23/18.62/32.063.97,63.9732.018.6255.2378.56-19.29-73.11-97.8///14.39-18.92-37.21--+/-62.2938.97-91.4156.26/+++*//,False
+-18.03--81.28*54.58*-56.72+58.25-83.44**34.92--56.17--11.29+71.98/58.84+10.73/-94.9412.45+-53.48,-53.48-94.9410.7358.8471.98-11.29-56.1734.9254.58-81.28-18.03+-***-83.4458.25-56.72*+--//+/+12.45,False
-57.52--6.35+-64.98+96.82/90.48/-39.07*11.7--1.51--21.89+1.93+-82.76/-65.9626.43*9.65*-41.11,-41.11-39.0790.4896.82-64.98-6.3557.52--++//*9.65-82.761.93-21.89-1.5111.7*--++*26.43-65.96/,True
--75.85*25.36/88.91--55.04--39.23-72.91*70.44*-85.34-11.1854.42/+-99.64--85.07/79.65-35.43-3.22,3.2279.65-85.07-99.64-85.3470.4472.91-39.23-55.0488.9125.36-75.85-*/---/*+/54.4211.18--/--35.43,False
-85.26+-85.07--82.27+45.89*-42.36*-22.74+-15.96-40.06+76.14/2.18/-45.27*-77.27**+59.8483.04,83.0459.84-96.77-77.27-45.272.1876.1440.06-15.96-22.74-42.3645.89-82.27-85.0785.26-+-+**+-+//**+,False
/48.22+-46.27*40.07+-55.55+-73.53+50.55--75.87+-5.1340.04*+54.17--22.14--51.91-57.31/-+15.03,15.03-92.47-22.1454.17-46.2748.22/++*40.04-5.13-75.8750.55-73.53-55.5540.07*+++-+--/-57.31-51.91-,False
*-69.75*-32.06/11.52--12.02/57.21*96.34-38.64/-18.57+-94.13/-54.2/-71.85-38.78/18.0362.35/9.34,9.34-71.85-54.2-94.13-18.5738.6496.3457.21-12.0211.52-32.06-69.75**/-/*-/+//+62.3518.0338.78-/,False
/-72.38/98.73/70.91-46.38*-12.77-65.39-60.93+27.16--25.78/-8.61/-71.72+0.4966.91/79.77/26.1,26.170.9198.73-72.38////79.77-25.7827.1660.9365.39-12.7746.38-*--+-/66.910.49-71.72-8.61//+,True
*-70.21/-94.43/24.22/11.91*-23.59/2.11+52.52/-38.96-33.05-8.62/-14.03*-66.38/-2.66-68.68/78.23,78.23-70.21*/-68.68-2.66-66.38-14.038.6233.05-38.9652.522.11-23.5911.9124.22-94.43///*/+*--/*/,False
*-64.02-9.42*27.91/28.78+-58.91+-61.69-32.61**-26.54+46.9*9.41-14.16+-7.23+-91.91+74.64+63.16,63.169.42-64.02*-+74.64-26.5427.91***-32.61-61.69-58.9128.78/+++-91.91+-7.239.4146.9+*+-14.16,True
/-62.87--49.08*-88.84*98.69-29.26+-92.51-55.48+81.1437.1/--15.23/-11.14-22.27+76.06*-90.22/16.63,16.63-62.87//-90.22*76.06-15.2329.2698.69-88.84-49.08-**--/37.181.1455.48-92.51+-++-22.27-11.14/,True
+57.12*-84.07*-91.53-5.06/-45.38*99.92*26.67/11.95--81.88*-86.564.86**-84.39--28.0129.81+-10.55,-10.55-84.0757.12+*+29.81-28.01-84.3999.92-45.385.06-91.53*-/***4.86-86.56-81.8811.9526.67*/+*-,False
--25.45--35.09/-17.86/84.0*-49.26*-82.26-34.6++-83.11+7.59/42.69+72.84*-84.94-85.08-45.14--53.12,-53.127.59-83.11++-34.6-82.26-49.2684.0-17.86-35.09-25.45--//**+-45.1472.8442.69/+--85.08-84.94*,True
/-63.18*0.38/-28.64+-49.35+-61.33-6.24-47.41-37.46/-88.58*9.64-48.9-+78.14+-13.38+21.78-68.71,-68.7121.78-13.3878.14-28.640.38-63.18/*/+--48.99.6488.58-61.33-49.35++-/-37.4647.416.24--*++,True
/2.48--10.85*-63.05/-45.02-63.03/-46.91--85.56+-45.99*72.25-21.35*73.04--13.08/-27.82+26.42/-29.05,-29.052.48//26.42+27.82-/-63.03-45.02-63.05-10.85-*/-13.08-85.56-46.91/--73.04-45.99+*-21.3572.25*,False
*-90.8+-98.96*22.2*34.76+54.68/-58.46+28.38+-50.71+-31.72+63.48-69.37/53.92-15.04-9.2/-22.64,-22.64-58.4654.6834.7622.2-98.96-90.8*+**+//9.2-50.7128.38*+--15.0453.9269.3763.48-31.72++-/,False
+35.46*-92.4/-38.51-20.1+38.51--99.0994.6---88.93*-8.84*50.87*31.48*69.97*-71.71-68.07+-0.94,-0.94-71.7169.9731.4850.87-8.84-88.9338.5120.1-38.51-92.435.46+*/-+--94.6-99.09-*****+-68.07,True
*54.5826.07*+-17.67--63.43-75.89*87.73+47.6545.09*/-49.3*31.7+-84.98-86.96--43.07-27.8677.2,77.227.86-43.0786.96-84.9831.7-49.3-63.43-17.67+*26.0754.58*-/*45.0947.6587.7375.89-++*+---,False
--79.19*-11.37+-47.97/-5.02*-61.87+-18.9*85.58/-32.3386.57+-83.48*-60.2983.55---39.07--16.46-20.03,-20.03-16.46-39.07-18.9-61.87-5.02-47.97-11.37-79.19-*+/*+--83.55-60.2983.4885.58*-+86.57-32.33/*-,True
+-3.08+/-66.11--3.29+-38.97*85.1+89.11+49.26+-13.2283.06++9.76/75.8888.45/-71.38-5.68,5.68-55.34-3.08++--71.38-3.2966.11--/88.4575.889.7689.1185.1-38.97+*+++83.06-13.2249.26++/,False
+-92.03-6.71-80.86--49.59/24.5741.98**-95.08*31.28+88.3--25.6+70.76-16.34/+-70.3+-85.7362.33,62.33-85.73-70.388.331.28-95.08-49.5980.866.71-92.03+---**41.9824.57/*+*/-16.3470.76-25.6-++,False
--87.49*13.94+-93.22/-2.31--89.57/73.5620.81++93.99*-48.89--86.75+-78.42-37.48*-0.11-46.36+-13.69,-13.69-89.57-2.31-93.2213.94-87.49-*+/-+-46.360.11-+20.8173.56/*-37.48-78.42-86.75-48.8993.99+*-+,True
--52.77/-52.14*-35.21/-58.98-58.51++++88.88*36.37-73.23/-14.51/65.29/-86.2231.58*3.84+2.7,2.7-52.14-52.77-/+3.8436.3788.88-81.37++-58.51-58.98-35.21*/+**31.58-86.2265.29-14.5173.23-///,False
/37.56+-41.96+-50.31*-30.05+-67.79+73.81+33.79/18.73+5.97/56.33+*-81.08-54.02+91.9596.64,96.6491.9554.0281.0837.56/-*23.7256.335.9718.7333.7973.81-67.79-30.05-50.31-41.96++*+++/+/-+,False
/7.71--63.32--7.3+53.35--3.06+-13.4524.78+--69.59*47.41/75.31*-62.06+2.19*29.66+-8.120.56,0.56-8.1229.662.19-62.0675.3147.41-69.59-3.0653.35-7.3-63.327.71/-/+--+24.78-13.45+*/*+*+,False
+-10.11-46.58/*-32.07-54.84/-72.84-18.23-19.25*-61.61+-1.61/37.68-26.84/+-41.32--9.18-63.5/-6.72,-6.72-41.32-61.6119.2518.23-72.8454.84-32.07*/-46.58-10.11+-/--*+/-26.8437.68-1.61+//-63.5-9.18-,True
-**48.25-91.53/-30.96-53.2//-47.73-78.74/97.06-80.08*-58.46*-58.79--33.27/52.24/2.64-80.02,-80.022.6452.24-33.27-58.7958.4678.74-47.73/-53.230.9648.3--/-91.5348.25*/--*-80.0897.06/*-//,False
/3.11+-19.08+94.93-41.43*68.98+-89.34-89.82-+-11.85*74.03*-77.53/-70.19-10.88-86.390.5+88.2,88.286.310.88-70.19-77.5374.03-11.8541.4394.93-19.083.11/++-+--89.82-89.3468.98*+**/--/90.5,False
/-94.95+-95.92/-87.16+-66.01*3.18+-76.76+-10.3*30.29*86.99+-22.74-91.21/-95.99/71.32*-72.77*-10.35,-10.35*-72.77-94.95/*71.32/-95.99-87.16-95.92+//-91.21-22.7486.9930.29-10.3-76.763.18-66.01+*++**+,True
/92.69+39.98-26.93*-9.81-29.35-7.56//82.18--18.28--61.53-18.19*66.82/10.56-37.95*-26.0-69.06,69.0618.19-61.53-18.2882.18-9.8126.9339.9892.69/+-*//-7.5629.35--*---26.0*-37.9510.5666.82*/,False
-56.45*-71.09*-36.5+-73.1-70.07/94.13/-59.32--27.65+84.2-72.47*39.57--52.72+-37.93--49.52-91.29,-91.29-49.52-37.93-52.7239.5772.4784.2-27.65-59.3294.1370.07-73.1-36.5-71.0956.45-**+-//-+-*-+-,True
*96.56*-38.74/-38.76/-61.44+-40.05*77.41-77.97+-40.96+-92.17--84.18*-87.77+-98.8342.18*97.02/-32.35,-32.35-84.18-92.17-40.9677.9777.41-40.05-61.44-38.76-38.7496.56**//+*-++-/97.02*42.18-98.83-87.77*+,True
--48.97-++77.62/98.79-59.58/-53.84*31.26-94.13-38.38*56.94+-88.05/-61.64/50.7927.11+12.73,12.7356.9438.3894.1331.26-53.8459.5898.7977.62-1.49-48.97--+/-/*--*+27.1150.79-61.64-88.05+//,False
/33.87/66.5--93.29+8.1/-37.05+33.85+-54.49/-32.88+17.35+93.22+-62.62*-80.56+-52.38-52.36*-28.31,-28.31-52.38-80.56-62.6293.2217.35-32.88-54.4933.85-37.058.1-93.2966.533.87//-+/++/+++*+*-52.36,True
*-57.87/50.9/-49.11-59.81--43.99-57.6/-71.94/-6.09/-46.25*9.34*68.55-55.56-+*91.5331.04+,+-55.5668.559.34-46.25-6.09-71.9457.643.9950.9-57.87*/---59.81-49.11/-///**31.0491.53-97.99-*,False
+-73.61+95.87--65.24*83.21/99.59/-98.73*22.85-91.86/29.1--1.14*62.5-27.61/-62.44-96.31*-35.37,-35.3791.8622.85-98.7399.5983.21-65.2495.87-73.61++-*//*-*-96.31-62.4427.6162.5-1.1429.1/-*-/,True
-30.26*-69.2471.19+--30.4*70.46-69.97-60.28-*34.26-12.24---82.09*61.42/-6.21-90.15+-60.08/82.79,82.79-30.4-+71.19-69.2430.26-*/-60.0861.42-82.09----60.2869.9770.46*--12.2434.26**+-90.15-6.21/,True
--81.12--31.55+23.69-58.03-34.52*-75.7*-48.18-79.56*93.98+86.35/-11.11/88.89*-30.7764.63*19.55,19.5588.89-11.1186.3593.9879.56-48.18-75.734.5258.0323.69-31.55-81.12--+--**-*+//*64.63-30.77*,True
+77.65+-36.19-40.96--68.78+28.12+-48.92+-12.7--38.84+-70.54*47.08*-31.599.6/46.14/76.86-56.86,56.86-38.84-12.7-48.9228.12-68.7840.96-36.1977.65++--+++--76.86-31.5947.08-70.54+**/46.14/9.6,True
*-7.63+-94.98/-17.5*45.28*92.21*-58.37--21.76--52.17*-86.63+-95.74-39.32--15.58/81.81+87.12/-2.25,-2.25-94.98-7.63*+*87.12-58.3792.2145.28-17.5/***+81.81-52.17-21.76--/-15.58-86.63*--39.32-95.74+,False
-49.06/-1.31/93.47-24.94*-50.5+-13.5/62.2173.75*+-75.0/-14.9469.91/+-98.87--11.32+40.780.17,0.1740.78-11.32-98.87+*73.7562.21-13.550.549.06--*-24.9493.47-1.31//+//69.91-14.94-75.0+/-+,True
+65.22/6.48-25.98/69.2-6.86--54.98-64.716.96*/96.61/-41.78/-36.42*-32.92/-72.33-76.2+23.22,23.2296.61*6.9664.71-54.986.8669.225.986.4865.22+/-/---/+-76.2-72.33-32.92-36.42-41.78//*/,True
+54.83--41.267.09/-42.8/-40.3--97.05-36.93+16.33*16.56/-90.17*6.462.6+-80.46/76.22--85.3,-85.3-97.05-40.342.8-/67.09-41.254.83+-/--76.22/-80.4636.93-+62.66.4-90.1716.5616.33+*/*,True
/-34.57*88.01+53.6/-76.59*-60.63-81.59*-16.3/80.16*91.17--53.76*-7.33*70.63+-65.517.35*97.38,97.38-7.33-53.7691.1780.16-16.381.59-60.63-76.5953.688.01-34.57/*-/*-*/*-**7.35-65.5170.63*+,False
/22.95+-36.61-20.92*48.11*13.75--91.29/49.12/74.8349.35**88.67*69.4148.45--45.89--32.26-14.31,14.31--32.2648.1120.92-36.6122.95++-*--45.89-48.4569.4188.6713.75***49.3574.8349.12-91.29-//*,False
*14.19*+-34.67*96.43+-66.04-73.5460.63+-3.12*-79.25/25.19-98.52-+-4.81*38.84-79.77--93.21,-93.21-4.81-79.253.12-66.0496.4334.6728.6614.19**-*+-+60.6373.54-*+--98.5225.19/--79.7738.84*,False
+90.33*-33.876.62+--66.27*29.0-69.14-34.36+-85.61*-33.54*-46.15*47.5-35.85++-83.89-28.67*-27.81,-27.81*-28.67-83.89-46.15-33.54-85.6134.3669.1429.0-66.27-+76.62-33.890.33+**--+**++-35.8547.5*,True
+-23.06+61.89*-96.96*0.07--75.68*61.95*-96.88*50.3-74.5945.89*--28.51/54.67+-82.36-69.75/-49.05,-49.05-28.5150.3-96.8861.95-75.680.07-96.9661.89-23.06++**-***-*45.8974.59-/-69.75-82.3654.67/+,True
+12.15*47.61*-48.64*22.77*37.89*89.66*66.2588.41*/61.8*38.99/8.44+12.98/50.53/78.310.86,0.8678.3150.5312.988.4438.9961.8-48.6447.6112.15+**/*88.4166.2589.6637.8922.77*****/+//,True
*-58.82*-5.2-9.08/--67.7913.61*/-11.16*19.52-79.32/--86.29+34.29/-48.48/14.24+-33.0860.15/-59.96,-59.96-33.0814.24-48.4834.29-86.29*13.61-67.79-58.82*-/-9.08-5.2*-/-79.3219.52-11.16/*+//+/60.15,True
--61.85*-59.24*-50.53+-13.07--22.16--14.49/91.1+1.92*-47.3/51.55-63.56+-55.34-60.17*53.3--44.07,-44.07-53.3-59.24-61.85-**60.17-50.53*--55.3451.55-47.31.9291.1-14.49-22.16-13.07+--/+*/+-63.56,True
+43.24*-2.9428.82--91.42*-83.56+85.8795.75/+-28.28+94.51--8.01/51.69-36.43/-55.53-47.22+-47.33,-47.33-8.0194.51-28.28-83.5691.4243.24/--28.82-2.94**+/95.7585.87++-+-47.2255.53-/-36.4351.69/,False
*-39.53*27.18*36.63+56.4698.33/+-77.35-19.91+15.07*-10.52+12.07-46.01/*-25.6637.5/-5.24*59.81,59.81-39.53**-5.2415.0719.91-77.35+/98.3356.4636.6327.18**+-+/37.5-25.66*/-46.0112.07-10.52*+,True
+-64.98-46.61-17.18*-*/-51.26/-51.22*62.34+-6.24*-0.35--82.68+70.76/22.66--13.07-29.1466.03,66.0329.14-13.0722.6670.76-82.68-0.35-6.2462.34-51.22-51.2658.33-64.98+-*-17.1846.61-//*+*-+/--,False
/-65.58*-85.91+53.61*46.63-72.03+0.53-25.11--3.1/-30.39--89.0/56.4349.3*--35.47-1.48+-28.27+,+-72.0346.6353.61-85.91-65.58/*+*-28.27-3.125.110.53+--+-1.48-35.47-89.0-30.39/--*49.356.43/,True
--7.34*18.62/1.42*28.41*99.67-95.02*56.33+61.71+74.13*-44.45--34.81*15.4514.86+-32.12*44.31,44.3174.1361.7156.3395.0299.6728.411.4218.62-7.34-*/**-*++*-32.12+14.8615.45-34.81-44.45*-*,True
+67.29/40.13/-50.65--39.81-63.07+-90.48+61.9*-98.4559.16*+78.16*-10.19-36.81+73.0632.45--46.26,-46.2673.0636.81-10.1978.1661.9-90.4863.07-39.81-50.6540.1367.29+//--+++*59.16-98.45**-+-32.45,False
--1.2+45.89/-86.6*24.51/28.07+-79.35/-44.73/-34.19/1.63-31.72/-61.11+2.6386.74-65.82*87.16,87.1645.89-1.2-+*65.822.6361.1124.51-86.6/*-/-31.721.63-34.19-44.73-79.3528.07/+///+-86.74,True
/70.49-66.15-7.57--26.74+99.68/-78.2497.52*--84.36/20.91+-23.86+-14.38*57.13/-46.72/98.091.49,91.4998.0-46.7257.13-14.38-23.8620.91-84.367.5766.1570.49/---*97.52-78.2499.68-26.74-+//++*//,True
-41.2-99.53--44.56+51.23*-4.343.24+*35.77+92.31+94.144.39/-71.74*98.73-87.39/-63.1488.34,88.34-63.1487.3998.7371.74+43.24-4.351.23-44.5699.5341.2---+*+/4.3994.1492.3135.77*++*-/,False
/-23.19+-18.92/-96.31-4.53--22.45--83.72-96.19/79.36-16.21+-60.44-47.02/-12.64*-0.7776.54+-32.72,-32.7296.19-83.72-22.454.53-96.31-18.92-23.19/+/----+76.54-0.77-12.6447.02-60.4416.2179.36/-+-/*,True
*33.16+-29.71+-15.9+51.78+-26.13*41.34*-46.0/47.3/-72.87*-78.431.41//-74.64-*+-1.0510.06,10.06-1.05-46.041.34-26.1351.78-15.9-29.7133.16*++++**+*57.01-74.64-72.8747.3////1.41-78.43*,False
/-21.4/-14.28--17.45/-41.85/-39.6--69.44/-33.49*-22.48/+95.15---52.46-0.23//-56.378.3-27.36,27.36-78.3-56.3-14.28-21.4////-0.23-52.46--95.15-22.02-22.48-33.49-69.44-39.6-41.85-17.45-//-/*/,False
/-80.66+-96.95+53.08/-60.04-39.96*-94.31/97.48*15.92--61.612.51*+33.24/-53.25-62.92/-36.1-13.93,-13.9336.1-60.0453.08-96.95-80.66/++/-/-62.92-53.2533.24+*2.51-61.6115.9297.48-94.3139.96-*/*-/,True
*-13.7227.22**-90.37/78.75*30.61*-47.66/-82.55-98.29*6.33-11.28/93.46-53.19-33.52--21.22/-30.3,-30.3-47.6630.6178.75-90.37*27.22-13.72**+**/-21.22-33.526.3398.29-82.55/-*--53.1993.4611.28-/,False
*-12.53/-40.48+32.84/10.23/-69.18-1.04--64.47+2.127.99*+91.7/56.7*51.29*93.6756.53*42.08,42.0856.791.7-64.471.04-69.1810.2332.84-40.48-12.53*/+//--+*7.992.12+/*56.5393.6751.29**,True
*-36.88-23.92/-5.34--55.68/-19.78/30.46/97.37+-97.18*-90.83/-95.16/74.35+-94.18*3.9-14.9248.58,48.5814.923.9-94.1874.35-95.16-90.83-97.1897.3730.46-19.78-55.68-5.3423.92-36.88*-/-///+*//+*-,True
-27.6+9.41+-63.99--16.73--70.36/18.04--50.07-62.58+48.4*27.72-9.3827.25*+-71.06*-2.1790.03,90.03-2.17-71.06-50.0718.04-70.36-16.73-63.999.4127.6-++--/-+*27.259.3827.7248.462.58-+*-*,True
--99.75-32.07+-76.22*-66.42*20.85**/-71.97/86.82*71.77-98.53+24.8*-93.04+98.63-51.7-20.42,-20.4251.798.63-93.0424.898.5371.7786.82-71.97-56.1420.85-66.42-76.2232.07-99.75--+***//*-+*+-,False
+-64.57*53.71-56.62+-54.96-92.33*+-30.97+83.47/78.09-98.27/-33.39-8.58-54.24*/6.73-25.77-16.5,-16.525.776.7353.71-64.57+*/*-54.248.58-33.3998.2778.0983.47-30.9756.62-+*-92.33-54.96++/-/--,True
/-89.71*59.33--71.16-16.03+67.66--80.93*29.15/61.7*-68.53+-9.47+-52.61--67.3452.04-+13.570.54,0.5413.5759.33-89.71/*+-52.04-67.34-52.61-9.47-68.5361.729.15-80.9367.6616.03-71.16--+-*/*++-,True
/11.19*90.81/-19.94*46.39/15.53+-17.83--98.6*-58.46+60.24+-44.18/34.01+28.17-77.35-48.69-64.93,64.9334.01-44.1860.24-58.46-98.6-17.8315.5346.39-19.9490.8111.19/*/*/+-*++/-48.6928.17+--77.35,True
/6.13--28.91--60.14/12.56/72.67+40.7721.09+-44.43/-28.58*-97.8--28.9942.87-92.62+97.34+8.29,8.29+97.34-92.6244.43-+21.0940.7772.6712.56-60.14-28.916.13/--//+-42.87-28.99-97.8-28.58/*-,False
*-72.34+41.92-10.05+-14.15/-12.38+-7.76/-71.34+-13.74-27.18*-21.95--13.89+40.46/58.58*-91.63--86.74,-86.74-72.34*--91.6341.92+*58.5810.05-/40.46-12.38-14.15+/+-13.89--21.95-71.34-7.76+/*-27.18-13.74+,False
*-17.78/-71.56+62.89*22.45--92.97-8.1171.13/*23.67+-41.54+-62.18-77.48*83.56/-85.12-59.08+-35.42,-35.42-85.1283.5677.48-62.18-41.5423.6722.4562.89-71.56-17.78*/+**/71.138.11-92.97--++-*/+-59.08,False
*-16.39-13.44+0.63--70.85/-44.97/-15.91-75.87*94.27-47.58/62.26*-42.67--69.9994.21+-19.41-34.71,34.7113.44-16.39*---19.410.63++94.21-69.99-42.6762.2647.5894.2775.87-15.91-44.97-70.85-//-*-/*-,True
-86.53-*--70.03+71.89/-66.03*-64.8473.48/-67.16+17.69*46.43/21.89/-38.598.62*-76.55*46.6,46.686.53-*76.55-70.03-95.46---*73.48-64.84-66.0371.89+/*98.62-38.521.8946.4317.69-67.16/+*//,False
--84.81-95.45+56.4716.07//+77.1--41.37+-10.59--70.17+-16.2-57.13+31.63*26.63/26.8289.18*+-76.54,-76.5477.1//-95.45-84.81-16.0756.47+++*-57.13-16.2-70.17-10.59-41.37-+-+89.1826.8226.6331.63+*/,False
--83.56+-98.94+-9.95+-50.1*7.42*-5.61-18.63*--22.72+35.21/19.73/18.35*6.96/-24.78-33.17--55.38,-55.38-50.1-9.95-98.94-83.56-+++--33.17-24.786.9618.3519.7335.21-22.727.42*-*-18.63-5.61*+//*/,True
*11.42+-65.47*-24.0823.14---84.84--96.79+42.75*43.02-84.18/14.92/78.98/-66.324.02+-59.6860.08,60.0859.6814.9284.1843.0242.75-96.79-84.84--23.14-24.08-65.4711.42*+*-+*-/-+4.02-66.3278.98//,True
*67.49/-18.41*-66.64-92.99+33.62/-91.16--60.25+22.57+-48.8+78.78/24.8/-82.94/-99.99+82.86-30.84,-30.8482.86-99.99-82.9424.878.78-48.822.57-60.25-91.1633.6292.99-66.64-18.4167.49*/*-+/-+++///+,True
*18.43-94.99/-6.71--47.71--60.68--89.53*-63.31-41.51--81.76-79.7/93.99/62.08-91.11//-93.5289.99,89.99-93.52-6.7194.9918.43*-///-91.1162.0893.9979.7-81.7641.51-63.31-89.53-60.68-47.71---*/--//,False
*-46.99*-68.78+1.95-60.93*--61.39-17.35*-0.88/-14.26*51.05--73.34+4.0+15.19*-40.05/25.19-21.32,-21.3225.19-40.0515.194.0-73.3451.05-14.260.88-68.78-46.99**-*-17.35-61.39-*-60.931.95+/*-++*/,True
*71.78*-22.89/-57.32/57.8+-85.11/41.01--67.19/-28.28+-20.32+96.67+54.03/-77.09-93.2**49.6472.11,72.1149.64-67.1941.01-85.1157.8-57.32-22.8971.78**//+/-**-93.2-77.0954.0396.67-20.32-28.28/+++/,True
*-4.11*93.51-92.39-32.11+36.43*48.57+-47.49*-9.92/15.93/68.73-29.67+-42.225.04/-13.66/70.26*,*-92.3993.51-4.11**70.26/-13.66/25.0442.232.11--+-29.6768.7315.93-9.92-47.4948.5736.43+*+*//,True
*-66.17/4.36+-3.08/47.7/70.78*93.37*59.63/-44.31*31.44*27.67/58.8975.26/-54.8*76.41/-57.34,-57.3470.7847.7-3.084.36-66.17*/+///76.41*-54.858.8927.6731.44-44.3159.6393.37**/**//75.26,True
/99.93-34.23/-32.21-65.7-4.41*--69.48-64.46+-81.3185.16*/95.0445.69/+35.32/20.52+48.53-35.88,-35.8848.5320.5235.32+/*-4.4165.7-32.2134.2399.93/-/-45.6995.04-69.48-/*85.16-81.3164.46-+/+,False
-24.51/-96.1276.73-+-99.74/59.62-++80.71*84.51-25.96-63.1++-30.57+-87.59+67.48/-66.7-22.64,-22.64-66.767.48-87.59-30.5781.2159.62-99.74-76.73-96.1224.51-/+/-++-63.125.9684.5180.71+*-++/,False
*46.83*19.3*-85.98-60.93+*96.49*38.45/-6.83+19.72/28.18*-17.34/8.98/26.29-57.05/37.458.06,58.0637.457.0526.298.98-17.3428.1819.72-6.8338.4596.49+-60.93-85.9819.346.83*****/+/*//-/,True
*10.59*-39.1-//35.44/-9.04/14.41--85.879.2/+77.07--44.12/-62.29--31.06*-80.59/-93.0898.83,98.83-93.08-80.59-31.06-62.29-44.1277.0714.41-9.0435.44-3.59-39.110.59**-///+/9.2-85.87--/-*/,False
*1.24+-2.43--15.48/-89.17--37.78+0.12-49.83/-57.67--26.73+-97.11*10.55/28.26-9.62+77.87-22.02,22.0249.830.12-37.78-89.17-15.48-2.431.24*+-+-+--77.8710.55-97.11-26.73-57.67/-+*+-9.6228.26/,False
+-12.91+38.78/-39.11-15.17+32.25*68.63+-0.93--19.96*-5.64-10.14*--39.89--74.83/-93.4+-36.28-59.67,-59.67-36.28-93.4-74.83-39.89-39.1138.78-12.91++/-*-10.14-5.64-19.96-0.9368.6332.2515.17-+*++*-/+,False
*3.08*29.58*95.8826.86**-30.83+-77.3*54.86+-37.58*9.96--70.16-17.22/-67.57-1.06*+--93.35,93.35-77.3-30.83**26.8695.8829.583.08***+-72.79+*-17.22-70.169.96-37.5854.86*+*--1.06-67.57/,False
/88.61+-45.5+-82.28*4.79*-72.76+28.78*-49.86-93.52*-53.3*-83.1955.99*--59.67+48.1537.43+-8.1,-8.1-59.67-49.8628.78-72.764.79-82.28-45.588.61/++**+*-*55.99-83.19-53.393.52-**+37.4348.15+,True
/39.2*-39.86/-83.42*72.65+-18.69/-23.43+-8.75-68.18/+-5.87*44.77-79.0/--39.15+64.99*-98.89-27.4,-27.4-98.8964.99-39.15-5.87-23.43-18.6972.65-83.42-39.8639.2/*/*+/+/-68.18-8.75+-/-79.044.77*+*,True
--0.95-75.8635.91/*98.61*88.26-22.81-+-7.95-31.45+11.41/-10.01*-78.78/92.8760.88+8.07/+-56.69,-56.69+/-31.45-7.95+--22.8188.2698.61*/35.9175.86-0.95--*8.07-78.78-10.0111.41+/*+60.8892.87+,False
+80.98--99.09+-20.44/-68.53+69.86+1.75+81.12+-18.88--63.23--67.75/95.18*-81.0233.81--59.2+-71.23,-71.23-20.44-99.0980.98+-++-59.2-63.23-18.8881.121.7569.86-68.53/++++--33.81-81.0295.18-67.75-/*,True
+-91.28--34.35-87.44/-1.54*24.52+2.88-18.53/-61.58--28.36-2.18+63.99--63.51-63.19/-51.74+-20.18,-20.18-28.36-61.5818.532.8824.52-1.5487.44-34.35-91.28+--/*+-/-+-51.74-63.5163.992.18---/-63.19,False
*91.17/15.66+42.64+35.42/-83.99/93.83/56.35+84.13+63.3421.57**-65.06/-62.6136.47-+44.56-40.81,-40.8144.5691.17*+-*21.5763.3484.1356.3593.83-83.9935.4242.6415.66/++///++36.47-62.61-65.06*/,True
/-23.61*-66.9--64.22+-68.25/-43.87*-7.5488.41/+21.0*-16.09--74.66*-96.73+99.28*83.53/12.6728.63,28.6312.6783.5399.28-96.73-74.66-16.0921.0-68.25-64.22-66.9-23.61/*-++/88.41-7.54-43.87/**-*+*/,True
--3.27+75.94+94.29*-49.48*80.7934.02*-81.17/-44.99/-3.58*14.14/72.15+-34.15++82.58*32.0,32.072.1514.14-3.58-44.9981.1794.2975.94-3.27-++-*34.0280.79-49.48**//*/*82.58+41.66-34.15+,False
--19.83--63.19*13.69+-96.02*89.73--6.3150.48/-8.65/-98.08*-48.98-38.81/--18.67*+11.64/95.15,95.1518.67-96.0213.69-63.19-19.83--*+--/50.48-6.3189.73*--38.81-48.98-98.08-8.65//*/11.64-21.45*,False
/4.71+52.17+36.94-67.17+-37.7*17.69/-62.64--79.03+-98.8*-75.31--15.22--18.07/36.13-5.26/-75.18,-75.18-75.31-98.8-79.03-62.6417.69-37.767.1736.9452.174.71/++-+*/-+*/-5.2636.13-18.07-15.22--/,True
/-1.63*29.01-9.2584.23++-56.06-58.4255.28/+-87.95*-77.39/-64.6563.1/-71.13*45.67-3.36*9.87,9.87-77.39-87.95-56.06+84.239.2529.01-1.63/*-++/55.2858.42-**-3.3645.6771.13-/63.1-64.65/*,True
+45.12/34.72-46.81-23.15/64.79-54.57-+-16.28+-50.12-67.25-53.33+79.98+24.21*-25.15-33.09/-83.78,-83.7824.2179.9853.3367.25-50.12-16.2834.7245.12+/+--54.5764.7923.1546.81--/+--++/-33.09-25.15*,True
+31.24-65.66+-34.76/93.54+-77.91*-64.03*-42.51+7.03*3.61--42.95-99.38/-80.69-1.4/8.73+-9.25,-9.25-42.953.617.03-42.51-64.03-77.9193.54-34.7665.6631.24+-+/+**+*-+8.73-80.6999.38-//-1.4,False
-4.94--3.88-94.39.88/+-12.78+-32.64+69.9346.1---46.89+42.47+78.96+-27.55-97.52-9.54/55.97,55.9778.9642.47-46.89-32.64-12.784.94-+/9.8894.3-3.88--+--46.169.93+++/-9.5497.52-27.55+-,True
*44.34-33.73-+-52.87-47.47*32.75+5.75-16.67/-6.97+51.16--92.85/-13.71-6.83*-57.94*-60.71+-93.35,-93.35+--33.7344.34*-60.716.97-52.87+-/-16.675.7532.7547.47-*+*-57.94-92.8551.16+---6.83-13.71/,False
--64.88/-9.15*91.84*11.48/46.42--37.67*29.37-2.39--23.73+62.92-2.4/*92.92**+-11.7665.5,65.5-11.7646.4211.4891.84-9.15-64.88-/**/+/-2.462.92-23.732.3929.37-37.67-*--+*81.692.92*,False
+15.42/32.5/-77.02--50.54-22.66//-55.29+-23.81-95.46/64.594.86/-87.73+99.55+3.54--28.67*37.77,37.77*-28.6732.515.42+/-3.54+/-22.66-50.54-77.02/-99.5595.46-23.81-55.29/+-+-87.73/94.8664.5/,True
/72.46-52.71--81.32/27.84-73.14/-53.81/-37.87/20.31/36.09*60.94-76.22+-76.76/-24.58-72.46*98.68,98.68-53.8173.1427.8481.32---52.7172.46//-/*-72.46-24.5876.7636.0920.31-37.87///-+-76.2260.94*/,True
+-70.12-9.26*64.71*49.74/-88.45--45.97*45.0+21.43*-68.94/-61.86-38.73-65.42//73.96+41.01*,33.7741.0173.96-68.9421.4345.0-45.97-88.4549.7464.719.26-70.12+-**/-*+*//-65.4238.73-61.86/-+,False
--+-55.1--9.32+92.78+-69.85--15.57*82.58/-37.02*-88.58*-40.75-47.3+-61.06*-7.6569.44*89.61,89.61-7.65-61.0647.3-40.75-88.58-37.0282.58-15.57-69.8592.78-9.32-55.1-34.06-+-++-*/**-+**69.44,False
*15.88+-84.7+-44.38+-61.6761.32/+12.25--18.74-38.19-62.79*/60.93-72.38/93.61*-4.27-27.64--85.31,-85.3193.6172.3860.9312.25-44.38-84.715.88*+++/61.32-61.67+/*-62.7938.19-18.74---/--27.64-4.27*,True
/19.97/-61.73+-73.61-48.67/-49.8-3.41/-54.46+-71.61--70.02--30.48+-93.8-67.52+-70.18*70.12+-21.31,-21.313.41-49.848.67-73.61-61.7319.97//+-/-+70.12-54.46/*-70.18-70.02-71.61+-+-67.52-93.8-30.48-+,True
+-12.99/-83.36/94.9673.87/*-52.62*4.42-73.47+12.23+-31.12--28.57*-54.02*-31.65+-67.5190.47*20.69,20.69-54.02-28.57-31.1212.2373.474.42-52.62-12.99+*/73.8794.96-83.36//*-++-**90.47-67.51-31.65*+,True
+57.91-40.12++66.69+-16.53*-81.48/-87.89*71.39-82.63/41.61-65.77/+/*82.45+60.3-28.25-56.21,56.21-16.5366.69+-40.1257.91+++--28.2560.382.45-41.9+/-65.7741.6182.6371.39-87.89-81.48*/*-/*+,False
+28.89/-67.82--87.16*56.06*-53.74*-49.82*22.08*-29.78*-3.01*59.87-0.15*-27.78/38.12+-10.92+-24.16,-24.16-49.82-53.7456.06-87.16-67.8228.89+/-***+-10.92+38.1222.08*/-27.78-3.01-29.78***-0.1559.87*,True
+-41.09/-76.1--35.58/-25.8*91.56--83.13*77.42+-47.08/0.11/-1.57-95.0/-93.98*-81.83+-58.8597.9,97.9-58.85-81.83-93.9895.0-1.570.11-47.0877.42-83.1391.56-25.8-35.58-76.1-41.09+/-/*-*+//-/*+,True
/61.16/-33.0+-69.3*12.89--82.96--90.24--82.2832.58*-2.09+-36.83/-41.9524.44/-91.33+24.0*18.96,18.96*24.061.16/+*32.58-82.28-90.24-82.9612.89-69.3-33.0/+*----91.33-36.832.09-+/24.44-41.95/,True
-45.78/-73.7/24.13-5.15--50.02/-3.8--16.42*-83.11+0.02/-55.19-4.07/11.36/-55.48--72.7518.26,18.26-72.75-55.4811.364.07-55.190.02-83.11-16.42-3.8-50.025.1524.13-73.745.78-//--/-*+/-/--,False
-2.65-57.72--15.49*54.73+56.02--26.32-26.26*+6.72/72.45+81.96*88.9*-84.38-81.37+32.91-85.66,85.666.72--57.722.65-+*-26.26-26.3256.0254.7315.49-*+--32.9181.9672.45/++-81.37-84.3888.9**,True
-66.07-35.34/-8.22+-4.25/58.79-67.89-65.23+-71.15/-75.72/4.11/8.83*-82.2799.84--58.2541.36,41.3658.258.834.11-75.72-71.1565.2367.8958.79-4.25-8.2235.3466.07--/+/--+///--99.84-82.27*,True
/73.58+2.0735.64+--67.97+83.69-23.48/+-31.41-*/-73.29--65.99*40.04+-72.67*2.2746.19--37.74,-37.7440.04-65.99-73.2950.25-31.4173.58/++35.642.07+/-23.4883.69-67.97-+-/-*-46.192.27-72.67+*,False
/57.65/-69.53*-48.45*-53.6/30.69+72.82/7.74/-60.91+-91.78/83.85/60.45+18.32+-76.34*-84.3734.6,34.6-84.37-76.3418.3260.4583.85-91.78-60.917.7472.8230.69-53.6-48.45-69.5357.65//**/+//+//++*,True
+1.84*69.4832.02//95.99/53.88/29.29-77.78*+*-80.27-78.8/*-45.9660.12*52.0*51.44+-3.02,-3.02-19.077.7829.2953.8895.99//32.0269.481.84+*//-*+/-78.8-80.27*51.44*52.0*60.12-45.96*,False
+-61.39--57.26--2.47+-6.22/-1.44-42.22/-36.91/56.61--58.05-+*-0.83/-59.77-22.9--65.57+5.69,5.6956.61-36.9142.22-1.44-6.22-2.47-57.26-61.39+--+/-//+-65.57-0.83-21.37-58.05--*--22.9-59.77/,False
+69.26+70.7876.27/+39.29-68.93/*-55.75--49.49+93.07+54.31*98.95-77.49*/-0.62-77.93/91.05--17.79,-17.79-0.62*-77.4998.9554.3193.07-49.49-55.75*/-68.9339.29+/76.2770.7869.26++-++*/-91.05/-77.93,True
*57.73/8.56*-91.63-42.21*96.9/-7.45*-30.95--35.09-32.88*-53.91*4.66*43.45/39.66*-55.04-48.67,-48.67-55.0439.6643.454.66-53.9132.88-35.09-30.95-7.4596.942.21-91.638.5657.73*/*-*/*--***/*,True
--39.76-79.8-60.54-33.42---20.76-83.21*84.66/-47.01/-92.45*-3.45*77.73/-65.792.24*-87.86*29.18,29.18-3.45-92.45-47.0184.6683.21-20.76-39.76----33.4260.5479.8---*//**-87.8677.73**92.24-65.7/,True
+17.99+55.31+7.11+-75.04-17.68-1.91+-85.5/48.93*-28.09+-45.47/89.28+-59.85/-58.58-62.73*-,94.13-28.0948.93-85.51.9117.68-75.047.1155.3117.99++++--+/**-62.73-58.58-59.8589.28-45.47+/+/,False
*-39.06--98.31/-90.66/-91.37*-6.37/62.71-75.94/+15.64+-72.63--4.79-43.31**-27.665.4/-42.5-1.65,-1.6542.5-91.37-90.66-98.31-39.06*-/*-/65.4-27.615.64-6.37*+/-75.9462.71/**-43.31-4.79-72.63+-,False
--70.34+1.61+61.22/-19.99-98.18*13.44-71.82/-58.71--50.46*61.52+94.64-37.56*39.82*-50.6/-95.97,-95.9713.4498.18-19.9961.221.61-70.34-++/-*/-50.671.82-*39.82*-37.5694.6461.52-50.46-58.71/-*+,True
/49.74*60.04--10.66/40.67*-82.78/-3.46*-63.13+17.9-30.63/+8.17-55.46+-7.8*-20.09--72.77-51.89,-51.89-72.77-20.09-7.855.468.17-63.13-3.46-82.7840.67-10.6660.0449.74/*-/*/*+/-30.6317.9+-+*-,True
*-43.91-27.88+-84.47/-44.76-15.16/*-23.69+9.97--61.69/97.99+76.03/81.29/-43.11--61.7556.04*-20.72,-20.7281.2976.0397.99-61.699.97-23.69-84.4727.88-43.91*-+*/-15.16-44.76/+-/+/*56.04-61.75-43.11/-,True
*-83.03--15.72/55.89*4.89+65.57+58.12/10.58/-46.41--79.52-34.78/-96.28*-17.96+-30.06/30.61*46.39,46.39-15.72-83.03*-*30.6155.89//-30.064.89*+-17.9610.5858.1265.57++/*/-34.78-79.52-46.41/--96.28,False
--37.25-80.94+-81.65*61.35/-60.15-28.59**-53.43/36.4/-19.78--4.52--93.73*-80.7594.42/23.38-9.31,9.31-81.6580.94-37.25--+-*-28.59-60.1561.35*/23.38-4.52-19.7836.4-53.43*//-/94.42-80.75-93.73-*,False
-47.13+77.9*-25.1+-91.23+-69.74+-19.17/99.8182.03*-82.92/+/95.42*-14.81-68.62--84.57-14.2,14.277.947.13-+--84.57-25.1*-68.62--14.81*95.42-19.17-69.74-91.23+++/-55.51/-82.9299.81/*82.03,False
-*/2.17-35.61/-82.14*16.69/-76.73--59.8962.45//66.31+-10.48-9.02+-6.28-84.75/-19.98*-46.84-,--9.02-10.4866.3135.612.17-30.28-/-//62.45-59.89-76.7316.69-82.14/*/-+-46.84*-19.98-6.28+/-84.75,False
--14.1--83.3+-67.42--40.77/88.63/24.2-34.57+87.37/16.944.56*--86.47+-95.59+-80.78*23.25-90.56,-90.5623.25-80.78-95.59-86.47-*4.5616.9487.3734.5724.288.63-40.77-67.42-83.3-14.1--+-//-*/++*,False
/88.77/98.97-51.36/+-43.19*-13.41/85.82/-82.64+32.67/-95.1/59.3352.18--52.24-92.98-90.99/--46.87,-46.8732.67-82.6485.82-13.41-43.1988.77/+/-51.3698.97/*//+-/52.1859.33-95.1//90.99--92.98-52.24-,True
*28.67-32.95*-53.55/-68.1--77.05*29.2*-0.28--83.15+-83.12*89.01--98.31-56.7-0.82+63.99/64.19,64.19-68.1-53.5532.9528.67*-*//63.99-83.15-0.2829.2-77.05-**-+0.82-98.3189.01-83.12+*---56.7,True
*39.6*1.0**+-93.91/86.43*32.26/68.03-51.41-+-3.89-81.67-73.62-58.47-47.77/80.05+87.7,87.758.4773.6281.67-3.8989.961.039.6***+--51.4168.0332.2686.43-93.91+/*/---+80.05/-47.77,False
/49.72+14.05-1.57*82.3920.38*+-87.36/-0.34-74.44+-57.19*16.16+9.81/46.61*64.91/74.03-86.61,-86.6174.0364.9146.619.8116.16-57.1974.44-0.34-87.3614.0549.72/++*20.3882.391.57-*/-+*+/*/,True
/70.39+-27.78--57.02/-40.55/51.27--90.57/33.07-54.98/34.65/83.23*96.4517.34/+-9.15+71.562.67,2.6771.56-9.1533.07-90.5751.27-40.55-57.02-27.7870.39/+-//-/+/17.3496.4583.2334.6554.98-//*+,False
-52.23-7.34/-37.74+-20.38+83.29*-50.36*87.22/-85.08*63.79+-86.34*-11.37-30.53/-30.65--69.21*21.99,21.9952.23-*-69.21-20.38-37.747.34-/+--30.65/-30.53-11.37-86.3463.79-85.0887.22-50.3683.29+**/*+*,True
*-87.32/-62.25--38.4*-66.86-99.72+35.28-42.03-9.68*47.24/-75.04*72.75/-57.06-11.6882.45/-8.78,-8.7847.249.6842.0335.2899.72-66.86-38.4-62.25-87.32*/-/-+--*/82.4511.68-57.0672.75-75.04/*/-,False
-69.66+95.61+11.74*7.62*4.55/+-59.2++-17.71*11.33+51.74--62.3184.4/-64.04+-85.55--26.1,-26.1--85.55+-64.0495.6169.66-+/84.4-62.3151.7411.33-17.717.6211.74+*++-59.2-5.434.55*/*+-,False
/3.06+/--96.53--74.43+-80.15+-24.52+98.92*-19.46+73.9944.32/-68.63*17.66/94.27/-83.04-68.66,68.663.06/--83.0483.54+/94.27-24.52-80.15-74.43-96.53--++/17.6673.99-19.4698.92+*+*-68.63/44.32,False
*96.79--50.35*61.6/-22.22+-13.24/99.86/57.81+35.0+-52.65+-0.51*19.67-24.05+-67.41-29.32/96.52,96.5224.0519.67-0.51-52.6535.057.8199.86-13.24-22.2261.6-50.3596.79*-*/+//+++*-/-29.32-67.41+,True
*-63.69--19.5/-62.03*80.51/56.86-76.39-97.75*33.66-75.05/54.11*-16.52-38.89/-69.3+25.7869.72,69.7225.78-69.338.89-16.5254.1175.0533.6697.7576.3956.8680.51-62.03-19.5-63.69*-/*/-+*-/*-/+,False
+-/68.64/27.91*-49.37+13.42+48.92+-39.72+-70.84*-3.42/4.178.35*34.61--59.87*75.83+-82.56,-82.56-49.3727.9168.6490.68+//*+75.8348.9213.42++*-59.87-34.61*78.354.1-3.42-70.84-39.72++*/,False
+23.41--69.18/-42.36-6.34+-14.69*71.54/44.84-75.83-24.7*/48.376.89+-47.0378.58-28.57/+-25.43,-25.4344.8471.54-14.696.34-42.36-69.1823.41+-/-+*/++*-24.775.83-6.8948.37//78.5847.03--28.57,True
*46.12+-19.76*99.3/-80.7*-16.82-85.02*33.19/-84.75---83.36+87.52/-16.25+-20.01/-77.92-19.56,-19.56-77.92-20.01-16.2587.5283.36-10.39-84.7533.1985.02-16.82-80.799.3-19.7646.12*+*/*-*/--+/+/,False
-93.09+-54.6*48.09*-25.86+-32.67+35.3973.61*+-61.29-69.43*+63.06--61.5++-8.53-95.04+65.68,65.68-54.693.09-++-95.048.5389.0-61.563.0648.09*+*-69.43-61.29-25.86*+*73.6135.39-32.67++-+-,False
-76.09*35.79*-40.22*-34.79-72.08-9.34*-74.77-78.88-+90.58*-83.63-2.6523.04/-30.51-89.83+-4.63,-4.63+89.832.65-83.6390.5876.09-+--78.88-74.779.3472.08-34.79-40.2235.79***--**---30.51/23.04,True
+71.71-92.93*--22.56+86.62+-41.53+39.67/7.09/56.53*-99.37+37.32/-31.46-77.62/-65.7*35.0769.96,69.9635.0765.737.32-99.3756.537.0939.67-41.5386.62-22.56-*-92.9371.71++++//*+-/-77.62-31.46/*,True
/-55.45--77.48+72.7/-97.77/-95.93+-79.51/61.08-55.66/+-2.3/91.39/50.85+-63.28-14.13*/46.97-10.11,-10.1146.9750.8591.39-2.3-79.51-95.93-97.7772.7-77.48-55.45/-+//++/-55.6661.08////*-14.13-63.28+,True
-5.3-73.096.23/-15.72+26.46-75.89+20.02--22.54/-95.3--75.66*43.0927.58-+-27.51-1.89/-97.12,-97.12-22.5420.0275.8926.4615.725.3--/96.2373.0-+-+-/-1.89-27.51+-27.5843.09-75.66-95.3/-*,True
+-21.02+-43.89--41.17--68.59*64.8479.99/+45.11/58.99*-80.2-73.15--39.82*54.39-15.06/25.97-58.8,-58.825.9715.0654.39-39.8273.15-80.258.9945.11+/79.9964.84-68.59-41.17-43.89-21.02++--*/*--*-/,True
/-7.11*-29.31*91.659.69+-87.9136.18++52.84+-51.84-96.18--16.17-77.26+97.62/-46.46-34.15-97.17,97.1796.18-51.8452.84+36.1887.91-*9.6991.65-29.31-7.11/**++---34.15-46.4697.6277.26-16.17--+/,False
-47.13+33.2469.99*+82.73+8.84+57.25/54.46/-42.75-10.72-22.2*15.85+68.7-84.56/93.82*23.55,23.5554.4657.258.8482.7347.13-+*69.9933.24/++/*93.82/-84.5668.715.8522.210.72-42.75/--*+,False
+-94.35-36.19/62.06+-42.64*-65.47+-29.56*-5.64/-16.02*-94.77+42.9567.3/62.0-18.65--16.6+1.33,1.33-29.56-65.47-42.6462.0636.19-94.35+-/+*++-16.6-18.65-5.64*-62.0/67.342.95-94.77-16.02/*+,True
*48.21+-32.43+-43.37*51.41/-33.92*50.2+-87.11--73.28/-84.04/47.77*72.84--3.45*-44.6918.83*-0.5,-0.550.2-33.9251.41-43.37-32.4348.21*++*/**18.83-44.69-3.4572.8447.77-84.04-73.28-87.11+-//*-*,True
+9.54/-4.69*-9.75--84.47+2.0*74.54/84.87/-65.78-67.68-14.98*+*-41.54+21.7*-5.5--75.87,-75.872.0-84.47-9.75-4.699.54+/*-+--5.5*21.7+-41.5484.8774.54*/*3.8167.68-65.78/-*-14.98,False
--42.17-19.15*-95.33+47.92+92.39*83.06/-8.38--78.62*-77.93*-2.63-45.93-37.95*15.64*52.7/42.03,42.03-95.3319.15-42.17--*/52.7*15.6447.92+*37.95-8.3883.0692.39+*/--45.93-2.63-77.93-78.62-**,True
--85.87--54.87-41.04+-50.72--7.43/-93.55+90.89/98.5*97.03-81.32*-67.73*-54.58/-74.83-75.84+-20.92,-20.9297.0398.590.89-93.55-7.43-50.7241.04-54.87-85.87---+-/+/*+-75.84-74.83-54.58-67.7381.32-***,False
-90.21+4.53*30.21+-87.61+-33.94*-85.8+12.7/-3.6-72.71+56.73+-68.72/-45.92/20.16*-69.96-95.25,-95.25-69.9620.16-45.92-68.7256.7372.71-3.612.7-85.8-33.94-87.6130.214.5390.21-+*++*+/-++//*,True
+22.22--84.32/84.98/-43.59+-8.38*75.08/-99.64-69.65+-38.26--66.62*70.08-13.81*--75.53-95.75*-36.46,-36.4684.98-84.3222.22+-/*-95.75-75.53-43.59/-*-13.8170.08-66.62-38.2669.65-99.6475.08-8.38+*/-+-*,True
/62.0*15.51-92.64/-60.39--74.08/-17.72/-7.07+-72.3535.23/--3.22+-21.85*56.47-41.19/88.12--61.41,-61.41-17.72-74.08-60.3992.6415.5162.0/*-/-/-88.12/-41.1956.47-21.85-3.22-7.07/-/35.23-72.35++*,True
--72.97*-72.47+39.93--88.99*-8.72+10.7-13.84*16.65+-80.58--51.85*-49.6464.06/29.43--25.31/-62.66,-62.6639.93-72.47-72.97-*+/-25.3113.8410.7-8.72-88.99-*---29.43-51.85-80.5816.65*+-/64.06-49.64*,False
*-49.13*40.07--11.2-29.97+71.1/-48.48*-97.12+*49.0++-23.37*-2.6-20.21-12.77-98.63--59.76,-59.7612.7720.21-2.6-23.37-97.12-48.4871.129.97-11.240.07-49.13**--+/*++49.010.67+*----98.63,False
-86.98+34.02*50.17+48.91--23.1*-48.46*-16.45+-0.2*59.44+-23.6593.32+56.6/-94.01+-49.36+-57.39,-57.3986.98-+-49.3634.02++-94.01/56.6-0.2-16.45-48.46-23.148.9150.17*+-**++93.32-23.6559.44*+,True
/54.22*-78.32-53.59*52.62*11.83*-80.79*60.57/17.16--23.89*-53.22*-1.5/22.932.71+-20.1+-3.24,-3.2452.6253.59-78.3254.22+*-*+-20.1-80.7911.83**+2.7122.93-1.5-53.22-23.8917.1660.57*/-**/,False
*92.63/72.04--2.24-15.79**61.18--75.21*-32.2+-87.86*72.09+20.05/89.51-47.39*-2.42*-66.88/92.93,92.9372.0492.63*//*-15.79-2.24--66.8820.0572.09-87.86-32.2-75.2161.18*-*+*+*-2.4289.51/*-47.39,True
+88.97/24.58/87.72--77.84-43.22/56.54+94.29-27.46*-21.44--66.83-77.21-64.0--62.826.95+12.18,12.1824.5888.97+/+6.9562.8256.5443.22-77.8487.72/--/-+-64.077.21-66.83-21.4427.4694.29+-*--,False
*97.47+40.33-89.03/25.58-63.69+49.37+67.64*98.93-30.25/61.5--90.76+-8.9841.7/--13.27-20.11,-20.11-13.2789.0340.3397.47*+--/41.7-8.98-90.7661.530.2598.9367.6449.3763.6925.58/-++*-/-+,True
/10.6/83.58-9.31-65.32/*-5.17+95.4+50.27-96.7591.49//-33.5/43.63--75.0+43.56/46.1691.53,91.5346.1643.56-75.043.63-33.550.2795.4-5.1710.6/*/-65.329.3183.58/-++//91.4996.75-/-+/,True
--1.56*4.88/77.45*-77.46--92.62/-90.22-15.82/-78.52/69.65*78.65+48.1-57.91//-92.95-82.95/-81.1,-81.169.6578.524.88-1.56-*-/-15.82-90.22-92.62-77.4677.45/*-///-82.95-92.9578.65*//-57.9148.1+,True
-71.91/-42.83--77.77/99.5--76.51*-30.37--74.67--28.49+-5.11+-30.17-43.51-46.81/69.17/-11.67-10.23,10.23-77.77-42.8371.91-/---11.67/69.17-28.49-74.67-30.37-76.5199.5/-*--/-46.8143.51-30.17-5.11++-,True
/21.51+-49.67/-67.95-35.7-93.74+95.67+*+53.54/14.65-58.63*-17.88+-95.0227.65/89.44*-59.97,-59.97-95.02-17.8858.6314.6553.549.1195.6793.7435.7-67.95-49.6721.51/+/--+++/-*+*89.44/27.65,False
--37.91*15.02-17.31---9.05+-89.5-31.64**-55.3546.2**-70.24+12.04+43.83-70.46--96.78+-35.37-43.87,-43.87-35.37-96.7870.4643.8312.04-70.24*46.2-55.35-37.91-+*-31.64-89.5-9.05---17.3115.02*+*++--+,False
+-68.12--17.32*71.05-2.1*51.68+-38.62+30.32/-0.7/-75.7+37.51+*55.61/36.98*-69.62/-8.97,-8.97-17.32-68.12+-/-69.62*36.982.171.05*-/55.61-0.730.32-38.6251.68*++/*-14.0737.51-75.7/+,False
*66.8--45.99/68.96--76.8*-28.9/90.77--40.11*39.62--84.86*-37.35/18.5771.89+-90.68+++-44.98,-44.98-45.9966.8*-+-33.13-40.1190.77-28.9-76.868.96/-*/-+-90.68-84.8639.62*-+71.8918.57-37.35*/,False
-19.69/-69.51--59.26+-46.739.2*+40.41*-44.55-44.33+23.83-25.82--96.1224.3--34.44*-47.28/-55.54,-55.5444.33-44.5540.41+*9.2-46.73-59.26-69.5119.69-/-+*-/-47.28*-34.44-24.396.12---25.8223.83+,True
/48.87/85.73/83.2*-13.71+-29.84-53.53*84.16+38.91/-23.4+-39.01*84.12-89.03*-8.32/-0.6576.84,76.84-0.658.32-39.01-23.438.9184.1653.53-29.84-13.7183.285.7348.87///*+-*+/+-*-89.0384.12*/,True
+-50.04*48.94+-94.09+-20.19-91.52*41.9+97.77/16.29--48.83-71.89/55.71*63.3451.3/-55.31/--9.82,-9.82-50.04+-/-71.89-48.8316.2997.7741.991.52-20.19-94.0948.94*++-*+/--55.3155.71//51.363.34*,True
*-32.55--14.36-76.83*85.78-12.02--37.93+98.18-45.12-14.96*+-82.52/93.25--91.31/-63.45--15.074.59,74.59-15.0-63.45-91.3193.25-82.5298.18-37.9312.0285.7876.83-14.36-32.55*--*--*+*-14.9645.12-/-/-,False
--63.39/-45.92-98.86+--39.34-94.83-28.93-58.32/40.66/-99.0/-60.81+97.42+-78.2*70.7540.66*35.6,35.6-78.297.42-60.81-99.040.6658.3228.9394.83-39.34+-98.86-45.92-63.39-/----///++*40.6670.75*,True
+-30.94*84.37+-48.02+32.47-92.72*-*-88.88+-15.0/40.08+78.01/64.57-89.52*-76.84+91.27+47.33,47.33+91.2732.47-48.0284.37-30.94+*+++-76.84-88.88-39.0592.72-***-89.5264.5778.0140.08-15.0+/+/,False
+-56.47--89.19*97.79-69.64--82.92//7.83-1.18/+--22.78*-25.71/43.24+-35.55-69.47-50.43+50.36,50.36-89.19-56.47+-+50.43-22.7869.6497.79*--+/-20.96-82.92--1.187.83/--69.47-35.5543.24-25.71*/+,False
/-77.85/65.6194.97*/-41.45*-80.97-72.43+56.17-41.87*+53.01*-29.71+-4.7353.95/-31.12--31.81--74.97,-74.97-77.85/--31.8172.43-80.97-41.45/*94.9765.61/*---31.1253.01+*-41.8756.17+/53.95-4.73-29.71*+,True
/-84.77+18.5+45.63--85.81*48.55/44.58/-15.95--44.18+-41.51*-90.61*7.42/-40.43+-81.316.46+39.77,39.77-44.18-15.9544.5848.55-85.8145.6318.5-84.77/++-*//-+16.46-81.3-40.437.42-90.61-41.51+**/+,False
+-1.39--22.16+-48.92+66.07/-69.55--87.08+83.68/-64.03+74.99-9.34+82.51-26.22/87.66*-50.9/85.68,85.68-22.16-1.39+-/-50.9*87.66-87.08-69.5566.07-48.92++/-/-26.2282.519.3474.99-64.0383.68+/+-+,True
*-79.1+-70.72+++97.21*17.63+-99.53--69.3*76.32-56.49--53.59-97.84-11.16/45.65-65.95--14.15,-14.1597.84-53.5956.4976.32-69.3-99.5317.6397.21-80.52-70.72-79.1*+++*+-*-----65.9545.6511.16-/,False
--88.61+89.1*20.46*83.62+60.44*57.44**/90.58-99.94*61.95--80.3*-3.61*-67.28*-25.65/-47.96,-47.9689.1-88.61-+/-25.6560.4483.6220.46**+*-67.289.9257.44***-3.61*-80.3-61.95*-99.9490.58/,False
*5.13+49.54+-24.86+-33.16-97.34+/18.07-38.06+31.11*51.65*43.21-94.61+63.62/-97.64-17.8547.35,47.3517.85-97.6463.6294.6143.2151.6531.1138.0618.07+-97.34-33.16-24.8649.545.13*+++/-+**-+/-,False
--25.54*-23.45-71.17/-43.06*-59.55-+*-74.31--12.0136.23/*-31.9/80.96-39.99/+-59.16-8.05+-86.14,-86.14+-8.05-59.16-25.54-+/-39.9980.96-31.9-74.3136.06-59.5543.06-/-71.17-23.45**-**/36.23-12.01-/,False
*17.1/-84.71--59.37-28.87+-46.729.66/+73.95+-65.18--98.16-20.06++-77.89-1.57*-94.12-1.78-97.7,97.7-59.37-84.7117.1*/---1.78-94.121.57-77.8928.87-++-20.06-98.16-65.1873.95+/9.66-46.72++--*,True
*42.33*16.53*55.07/-10.0/96.37-83.18+-30.92+95.46*23.74-44.84*-49.41+0.16+6.5846.65*88.05,88.050.1649.4195.46-30.9283.1896.37-10.055.0716.5342.33***+/-++-*-44.8423.74*+*46.656.58+,False
/88.34/48.39/-21.37+34.78*-64.06-40.1330.7/**-60.24/*-85.02-40.79++-22.51-8.81+5.88/67.05,67.05/5.88+-8.81-22.51-64.0634.78-21.3748.3988.34///+*++-40.79-85.02*/-60.24-68.26*/30.740.13-,False
+-7.77/-43.32-84.69*-7.51/97.58-79.51/-61.54/-55.14*-79.31/-61.18+93.9545.44*36.45-82.15-25.33,25.33-7.5184.69-43.32-7.77+/-*-82.15-36.45-61.5479.5197.58/-/*45.4493.95-61.18-79.31-55.14/*/+,True
-92.38+-2.36*-67.85+-69.87*-29.76*31.48/-57.785.84**-53.24+-35.84-25.62*36.58+4.3-60.44+33.42,33.4236.5825.62-35.84-53.24-67.85-2.3692.38-+***5.84-57.7831.48-29.76-69.87+**/+-*+-60.444.3+,True
*-24.73*-33.93*54.0335.86/+13.1-97.61+-99.89/-48.92+-95.16/86.92--75.015.0*+58.28*-70.8287.28,87.28-70.8258.2897.6113.1-33.93-24.73**+/35.8654.03*-+*15.0-75.086.92-95.16-48.92-99.89+/+/-*,True
/-70.29/25.34+54.73*60.96+-26.45/2.3189.76/-3.61+-36.24-40.67--60.72--83.5490.95/40.83/31.65,31.65-60.7240.67-36.243.61-26.4560.9654.7325.34-70.29//+*+-/89.762.31/+--/40.83/90.95-83.54-,True
*72.99*29.19/-40.67+-75.84-82.35+25.47*1.39+3.37-20.35/-74.44+-70.69/-5.64/1.2523.61*-38.04,-38.04-74.4420.353.371.3925.4782.35-75.84-40.6729.1972.99**/*-+*+-/*23.611.25-5.64-70.69+//,False
+1.3+-52.76*62.86-87.82**-9.54+-71.2+83.44*-9.57*84.05+-14.58-95.0-65.71+*17.5858.83/-9.37,-9.37-71.2-9.54*-87.8262.86-52.761.3++**+/58.8317.58-9.5783.44+***-65.7195.0-14.5884.05*+-,False
/-19.97--52.58/-94.89-92.58*+-87.01*16.17+-34.12/67.63/-47.41+-94.16--25.73*-77.82-50.76-35.17--7.55,-7.55-87.01*-92.58-94.89-52.58-19.97/-/+-35.17--50.76-77.82-25.73-94.16-47.4167.63-34.1216.17*+//*-*,False
/78.13--69.86/-20.82+-99.32*63.9144.01*--59.87*-46.54--21.01*43.2--49.33/89.47-37.03+-72.97*83.84,83.8443.2-21.01-46.54-59.87-99.32-20.82-69.8678.13/-/+-*44.0163.91**-**-72.9789.47-49.33-/+-37.03,True
*17.91*33.62+-30.87--1.09+26.05-19.94/41.44/49.64+2.12+55.03+-71.08*-59.9-2.2--98.47/80.77,80.7755.032.1249.6441.4419.9426.05-1.09-30.8733.6217.91**+-+-//++/-98.47-71.08+--2.2-59.9*,True
-18.47+-59.64-61.39/77.39--50.31/0.83+-86.06-30.89*+-42.79+-27.6+-17.37-14.41--98.84/-73.32/22.96,22.9618.47-/-73.3261.39-59.64+-/-98.8477.39/--14.41-17.37-27.6-42.790.83-50.31-/+*-30.89-86.06+++,True
+42.26+27.5*-12.42--78.52/-32.68*25.1+1.0833.38/--78.21/62.15-15.84*+-41.32*44.55--92.23-39.13,-39.13-92.2344.55-41.32-32.68-78.52-12.4227.542.26++*-/+*-15.8462.15-78.21-/33.381.0825.1*+/*-,False
/19.6+-88.69*-9.75+12.79/50.26-38.17/*30.27/18.18*-59.77-84.65*-85.61--24.3+-68.42-19.85*-35.58,-35.58-85.6184.65-59.7718.1830.2712.79-9.75-88.6919.6/+*+*/-38.1750.26//*-**-19.85-68.42-24.3-+,True
*-94.03/-29.33+-9.08/-15.48+64.12/78.8825.77*--23.4--5.71/10.01/-36.47*-81.45*41.1376.03--36.72,-36.72-81.45-36.4710.01-5.71-23.4*25.7778.8864.12-15.48-9.08-29.33-94.03*/+/+/--//*-76.0341.13*,True
/47.03-30.22++-0.77*53.85-84.15--30.28/80.03*48.04*-61.92*-65.65+-97.9/62.74-17.67+94.1844.62,44.6294.1817.6762.74-97.9-65.65-61.9248.0480.03-30.2884.1553.85-0.77+-30.2247.03/+*--/***+/*+,False
*-64.09+-54.91*49.85*66.23-61.56+22.7/76.69+28.2173.49++16.61+91.85/89.59*-40.5424.84*-16.3,-16.391.8516.6122.761.5666.2349.85-54.91-64.09*+**-+++73.4928.2176.69/++*24.84-40.5489.59/*,True
*-79.69/93.48/65.95/4.43--48.86*-11.69*56.87--44.35/-76.85+84.8458.77*19.85*-79.83-37.36/80.67,80.67-48.864.4365.9593.48-79.69*///-/37.36--79.83-76.85-44.3556.87-11.69**-/*19.85*58.7784.84+,True
+95.28+73.36/-34.65-71.97--16.29/-83.67*-92.14+54.76*42.46-32.14**98.3+27.72/-96.88/98.4226.07,26.0798.42-96.8827.7298.3-83.67-16.2971.97-34.6573.3695.28++/--/**-32.1442.4654.76-92.14*+*+//,True
*65.82-60.11/-47.58/-68.32+37.59-3.38*88.88+-35.68/61.59*91.5+82.47--24.39--10.01-99.27*74.96,74.96-24.3982.4791.561.59-35.6888.883.3837.59-68.32-47.5860.1165.82*-//+-*+/*+-*-99.27-10.01-,True
*-33.44-10.0+-48.99/-97.55/-10.01+-56.02*-41.81-88.29*-61.4*48.15/-67.6410.08*-14.85/-79.65+-31.72,-31.7210.0-33.44*-+-79.65/-14.85*10.08-67.6448.15-61.488.29-41.81-56.02-10.01-97.55-48.99+*/+*-**/,False
+45.05*-77.0+-7.52--0.71+-85.67*17.28--40.93+60.97/-50.15+7.25-62.96-59.29/51.89/28.05-83.53,83.53-77.045.05+*-28.05-85.67-0.71-7.52+-+/51.8960.97-40.9317.28*-+/-59.2962.967.25-50.15/+-,True
/48.33/9.52*-28.04+-59.07--98.08-87.77+20.58-74.45*+60.87/10.39-82.69/-91.4-65.7665.17--26.81,-26.8165.7691.448.33/-/-82.6910.3960.87-98.08-59.07-28.049.52/*+-+*-74.4520.5887.77-+/--65.17,False
-36.53+33.38+-29.29+-98.98+45.8--70.65+77.74/-52.5858.2*--59.41*-29.62*-16.55*6.85/6.5-94.63,-94.636.56.85-16.55-29.62-59.41-29.2933.3836.53-++-*58.2-52.5877.74-70.6545.8-98.98++-+/+**/,False
*8.28--9.2-*+81.82/-92.07*-16.0414.86/*62.26*-19.38+56.29*-21.19-81.4+99.68/7.53+-7.71,-7.7162.26-9.28.28*-*/14.86-16.04-92.0781.8228.57-+/*+7.53-19.38*/99.68-21.1956.29+*+-81.4,False
/98.86+39.7+27.97+15.6--42.22/35.51+-49.28-71.63/90.48--62.44-58.61-13.88--34.52-84.85-63.02,-63.0284.85-34.5213.8858.61-62.4490.4871.63-49.2835.51-42.2215.627.9739.798.86/+++-/+-/-----,True
/94.58/-85.67*-71.61*91.61/84.33*94.73*26.16*16.25+42.77*92.86*35.16+-96.95/58.13*91.0691.68,91.6891.0658.13-96.9535.1692.8642.7716.2526.1694.7384.3391.61-71.61-85.6794.58//**/***+**+/*,True
-98.8*-16.13/+-83.06*15.03+94.41-90.47*+-21.49/22.37*-34.63--95.33+-6.18/75.88+-49.27-88.34,-88.34-49.2775.88-6.18-95.33-34.6322.37-21.4983.06-35.3-16.1398.8-*/-+*-90.4794.4115.03*+/*-+/+,False
--65.79-71.51+62.13+-72.66/46.4*-97.05+72.09--74.92+-72.39+62.8*-98.05*-81.9--31.3718.87+-40.02,-40.0271.51-65.79--+18.87-31.37-81.9-98.0562.8-72.39-74.9272.09-97.0546.4-72.6662.13++/*+-++**-,True
+32.75+27.9+-21.18+-98.38/67.04/-55.39+48.33--93.6+7.79+-71.02+-19.06-83.77+-1.7769.88--24.11,-24.11-1.7783.77-19.06-71.027.79-93.648.33-55.3967.04-98.38-21.1827.932.75++++//+-+++-+-69.88,True
*-14.81+92.49--48.16/-36.59*-64.67-59.46/-47.78/-94.57+82.93*-98.67-9.25*-54.63*11.96*+-87.46+8.62,8.6292.49-14.81*++-87.46+*-59.46-64.67-36.59-48.16-/*11.96-47.78/*-54.63-94.57/*-9.25-98.6782.93+*,True
*64.47+-67.8--2.9694.81*-74.32/-72.58+-90.53+-8.13+46.5-66.3565.15/+-67.7+94.41--85.782.37,82.37-85.794.41-67.7-8.13-90.53-72.5874.32-67.864.47*+-*94.81-2.96-/+++/65.1566.3546.5+-+-,True
*-67.88/-29.77/-13.54*-62.58/-57.56+81.86+37.03+63.81/82.28*91.45+91.92*6.41--41.57-3.67/-34.33,-34.336.4191.9291.4582.2863.8137.0381.86-57.56-62.58-13.54-29.77-67.88*//*/+++/*+*/-3.67-41.57-,True
/89.91+22.75*84.28--49.82/96.4+59.29--61.47*-84.7/2.3748.51*/44.71-98.66**23.64**-92.45,-92.4582.2923.64-61.4759.2996.4-49.8284.2822.7589.91/+*-/+-***48.512.37-84.7*/-98.6644.71/*,False
-24.87/97.68--15.35--71.38+-6.91/69.09/16.17--96.56+28.34-38.65-29.88-22.96--64.08/21.51-72.28,-72.2821.51-64.0822.9629.8838.6528.34-96.5616.1769.09-6.91-71.38-15.3597.6824.87-/--+//-+----/,False
*-98.71/-20.2+43.58*-62.36/-97.67+65.49--39.59*31.54+40.7226.6*+98.95+38.59-53.16--4.02*74.83,74.83-62.3643.58-20.2-98.71*/+**-4.0265.49-97.67/+--53.1638.5998.95+*26.640.7231.54-39.59-*++,True
*-88.47-97.51--67.79-11.62*8.02/-69.45+36.92-32.77/96.04-14.83-10.18+/-22.699.72--93.54*90.89,90.89-88.47**-93.54-22.696.0432.7736.92-69.458.0211.62-67.7997.51---*/+-/++-10.1814.83--99.72,False
--76.45--82.06+72.89-37.71+4.3991.65-76.3--7.5/-36.34/77.2*-6.73-51.48-8.7/+-22.48/80.58,80.58-76.45-/-22.48-82.06-+/91.654.3937.7172.89+-+8.7-7.576.3----51.48-6.7377.2-36.34//*,True
--59.75*98.87--95.45/-10.7*2.36-5.59+31.8148.05*-55.67-72.3999.83*--57.05-6.99++-54.58-26.84,-26.84-54.58-95.4598.87-59.75-*-++**48.0531.815.592.36-10.7/*-+99.8372.3955.67---6.99-57.05-,True
+32.63/-18.63--5.463.14++-81.09/-31.57+-52.63/89.34*-98.4/13.15/-36.35+47.43/17.97-43.75--48.15,-48.15-36.3513.15-98.489.34-52.63-31.57-81.09-18.6332.63+/-+63.14-5.4-/+/*//--43.7517.9747.43+/,False
+98.98+-4.38/-9.35+-81.68/-37.47/67.65*-59.5*-10.87+60.98/-47.69+-63.76*-96.85-12.68*-1.73--60.17,-60.17-47.6960.98-10.87-59.567.65-37.47-81.68-9.35-4.3898.98++/+//**+/--1.73-63.76+*-12.68-96.85*,True
*-92.3--28.74/-5.14/3.39+42.48+*+42.93--96.54-60.31-96.5290.78**21.05-54.66--45.782.02,82.02-45.754.6621.0542.483.39-5.14-28.74-92.3*-//+**90.7896.5260.31-96.5442.932.02++-----,False
*43.71/20.73+-72.58+86.79+31.87/-8.5147.41---36.82/-69.0/28.6/-49.3+91.4433.71*-73.08--20.07,-20.07-49.328.6-69.0-36.8220.7343.71*/--47.41-8.5131.8786.79-72.58+++///--*33.7191.44+-73.08,False
+-75.99/90.65*74.1990.42++51.51+-96.08*13.2673.51--30.35/-81.71+-4.48-13.57--6.72*--76.53-2.84,2.8451.51-75.99+++90.4274.1990.65/*--76.53-96.08+-*73.5113.26*-6.72-30.35---13.57-4.48-81.71/+,True
+38.04--31.63*47.46/31.58*-58.44*-56.18/60.22*-30.67+94.99/16.07-70.39/*69.13+21.2155.62-59.61,59.6131.5847.46-31.6338.04+-*/-55.6221.2169.13-30.6760.22-56.18-58.44**/**/-70.3916.0794.99+/+,True
*-44.39--11.61*83.99-90.61*35.56+92.08-*+-59.2/67.65+19.08-84.36+-59.81-28.4//64.65-59.47,-59.4764.65-40.1892.0835.5690.6183.99-11.61-44.39*-*-*+-//-28.4-59.8184.3619.0867.65-59.2+/+-+,False
*35.9527.95*-1.13/41.18*57.59*64.09+-+14.74-37.59/71.97-96.48--83.99-33.9650.9/72.79,72.7957.5941.181.13-*27.9535.95*/*/50.933.9683.99-23.0364.09*+---96.4871.9737.5914.74+-/-,False
*67.18+93.13/55.51+81.17/35.27*29.32/-65.58-0.95/+-62.34-21.24/5.84+-35.6532.77+*/21.81,21.81/18.56-35.655.8421.24-62.34+/-0.95-65.5829.3235.2781.1755.5193.1367.18*+/+/*/-/++32.77,False
--8.19/72.38+11.76--29.12-16.32*/66.7*-35.25*82.31*-86.74/-86.18/40.82*-70.51+87.5-31.8579.39,79.3931.8587.5-70.5140.82-86.18-86.7482.31-35.2566.7*-16.32-29.1211.7672.38-8.19-/+-/***//*+-,True
--86.49--13.52/-96.39/-23.92-74.17--92.45/30.02-6.93/76.68*-5.33--26.18/-25.2/-51.79-18.97+-26.31,-26.31-26.18-5.3376.686.9330.0292.45---74.17-23.92-96.39-13.52-86.49---//-/*-+-18.97-51.79-25.2//,False
-53.86*35.18*68.53*-63.02/-3.61+-33.05+15.6*6.6261.09-81.88/-89.3271.54--78.28*+40.92*-26.14,-26.14-33.05-3.61-63.0268.5335.1853.86-***-+*40.9215.6++*61.096.62*-78.28-71.54-89.3281.88-/,False
*4.678.34*/-13.75/-78.63--33.25*-22.6-51.59-77.51--8.83+-84.8*29.1482.39*-22.65*-91.25-1.97,1.9777.5151.59-22.6-33.25-78.63-13.75*78.344.6*//-*----91.25-84.8-8.83-+*-22.6529.14**82.39,True
-48.52-69.63*-98.71*-39.1*-4.995.84+/-61.43*-69.25+35.44*8.87+90.39*-13.19/62.09/-63.6458.31,58.31-63.6462.09-13.1990.398.8735.44-69.25-61.43+95.84-4.9-39.1-98.7169.6348.52--***/*+*+*//,True
+-56.68*-20.38-/+88.48+-1.45*-3.19/87.21--49.41*-35.45-28.31/--15.48*44.09--59.3543.4/94.25,94.25/-28.31-35.45-49.4187.21-3.19-1.4588.4895.36-20.38-56.68+*-++*/-*/43.4-59.3544.09-15.48-*-,False
-9.29+88.42*++-73.68*23.01*-9.04--44.54-29.05/+-53.18*-46.98+-66.4--54.2140.74/41.57*88.87,88.87-0.4588.429.29-+**41.57-46.98-53.18+/-29.05-44.54-9.0423.01-73.68+**-*/40.74-54.21-66.4+-,False
*-*-88.85-59.17+-95.36/-18.81/6.33*9.87-51.43/+-81.88/67.82+7.54*12.95/6.86-14.78--66.66,-66.6612.957.5467.82-81.88-18.81-95.3659.17-88.85-11.08**-+/+/-51.439.876.33/*/+*--14.786.86/,False
/1.05/-58.19--15.13+-24.92-64.28*51.47-66.27*-14.4/-23.89/24.05-19.73--26.96+3.18-20.36/-75.96,-75.963.18-26.9619.7324.05-23.89-14.466.2751.4764.28-24.92-15.13-58.191.05//-+-*-*//--+/-20.36,True
--18.44+64.48+57.74+56.45/-64.87/-2.57/49.16/-67.76+-21.87-32.13-+-15.24--15.13-59.64/35.96-6.1,-6.135.9659.64-15.13-15.24-67.7649.16-2.57-64.8756.4557.7464.48-18.44-+-+////+--32.13-21.87+--/,False
--94.68*-71.03*-56.04/-61.95--34.6-18.09--3.4++52.83*18.29+58.77*83.89-19.29-5.79-62.83,62.83-71.03-94.68-*-5.79-61.95-56.04*/-19.29-83.89*58.7778.22-3.418.09-34.6---++18.29*52.83,False
/-48.65-41.42+-49.29/-3.77+-6.81-33.22-41.38/94.76*26.32--11.38-57.91*89.27/-54.1157.59*68.28,68.2857.91-11.3826.3294.7641.3833.22-6.81-3.77-49.2941.42-48.65/-+/+--/*--*57.59-54.1189.27//,False
+88.66/-93.7+15.72*-2.45/-86.37*-5.15/-36.9/-74.16+-19.44/-26.39--81.7756.6**30.88-42.64+12.9,12.930.88-26.39-19.44-74.16-36.9-5.15-86.37-2.4515.72-93.788.66+/+*/*//+/**56.6-81.77-+-42.64,True
/3.78/-73.53*50.72+-89.76-64.05*93.82/98.6*48.33-*-20.35*+43.8*-96.93+-12.7258.59*47.75,47.7564.05-89.7650.72-73.533.78//*+-*58.59-12.72-96.9343.8+*-20.35-85.2248.3398.693.82*/*-*+,False
-74.92/45.19*82.23--81.17--72.26*11.26+-78.91-66.4--70.2-70.71--2.68--14.0622.85*-87.97*-28.88,-28.8866.4-78.9111.26-72.26-81.1782.2345.1974.92-/*+-*+-*-87.97*22.85-14.06-2.6870.71-70.2----,False
/-52.99+94.58-+-0.84*-64.82-81.08--54.39+99.58+21.67--7.1+-56.06+36.26+65.69-74.67-20.22,-20.2274.6765.6936.26-56.06-7.121.6799.58-54.3981.0864.82-52.99/-*-0.84-90.4894.58+---++-+++-,False
/-67.27/-29.34+73.36/37.56*-57.93+-91.78/-84.7+33.75--96.02-9.91/37.51*-95.9298.57---9.97-88.09,-88.09-9.97-57.9337.5673.36-29.34-67.27//+/*--98.57-95.9237.519.91-96.0233.75-84.7-91.78+/+--/*,True
/3.94*-74.94*-71.88/-25.99*-29.14+60.81*61.6-90.9/+-9.32+31.58/*-82.89/23.642.11*-33.74,-33.7474.9431.58-9.3260.81-29.14-25.99-71.88-74.943.94/**/*++/-90.961.6*+/*42.1123.682.89-/,False
+-45.98-61.7+44.34+85.99/44.44-61.97*32.732.44*-0.86/-58.9*-79.91-25.52+-55.73+-37.46+-99.12,-99.12+-37.4644.4485.9944.3461.7-45.98+-++/++32.4432.761.97-*-55.730.86-+-25.52-79.91-58.9/*,False
*97.31*-98.47+42.42*79.82+48.55--29.56/88.02--68.41-94.14/50.92/-57.42---97.5587.16+-16.85,-16.85-68.4188.02-29.5648.5579.8242.42-98.4797.31**+*+-/-+87.1697.55-97.91-57.4250.9294.14-//--,False
/-30.41-13.67-11.5--67.01*-21.84+48.4+-38.96-97.79/+93.73--96.74-66.49-83.01*-79.24-8.34+54.96,54.9693.73-21.84-67.0111.513.67-30.41/---*+/-97.79-38.9648.4+++-8.34-79.2483.0166.49-96.74---*,True
+-56.36/-47.28/79.78-98.27*-57.09--89.41*64.72/-55.01/-10.14*-53.78+53.44--97.1829.17/-95.25*92.78,92.78*-95.25-10.14-55.0164.72-89.41-57.0998.2779.78-47.28-56.36+-/-*-*///29.17-97.1853.44-53.78*+-,False
+-93.71+77.84/20.28+14.16/-8.15*-94.05-42.92/*+-17.53--32.16*81.1*-22.85--8.93-94.33*10.3,10.3-17.5390.6442.92-94.05-8.1514.1620.2877.84-93.71++/+/*-/+*-94.33-8.93-22.8581.1-32.16-**-,False
*30.5--69.99/-18.92--61.08/44.35-96.36--50.85*-91.51*80.79++*-63.0543.75*60.46--12.1-71.13,71.1396.3644.35-61.08-18.92-69.9930.5*-/-/---12.180.79-91.51-50.85-**-60.46*43.75-63.0579.09+*,False
+20.06/-51.81/26.43+-84.29/52.82+57.36*32.62/94.7941.73/-57.26-28.71+-41.4794.67--26.14--49.11,-49.1157.3652.82-84.2926.43-51.8120.06+//+/+--26.1428.7157.26-/41.7394.7932.62*/--94.67-41.47+,False
/50.08+52.3631.0+*-29.25+75.26+-62.59*-77.39-16.6*-88.79-78.5/-7.74*-70.69*-80.07+90.6557.79,57.7990.65-80.07-70.69-7.7478.5-88.7916.6-77.39-62.5975.26-29.25+31.052.3650.08/+*++*-*-/**+,True
+-42.7+89.26/-57.37-10.44+62.58+20.73-1.48/65.12/85.81/10.87-58.3213.53+44.94*32.64-17.97,17.9720.7362.5810.44-57.3789.26-42.7++/-++-32.641.48-*44.9485.8165.12//+13.5358.3210.87/-,True
/88.84*/+-91.41--64.83+-68.98+-66.18*-34.69/49.92--46.76+-71.8355.01---70.82/-70.22/52.2617.28,17.2852.26-70.22-70.8249.92-34.69-66.18-68.98-64.83-91.41-39.6888.84/*+-++*/--55.01-71.83-46.76-+//,False
/65.81*-99.53/-33.36-45.67*22.02*87.83/-28.12+97.97*-87.63/-11.23/-80.5521.32-+-66.84-23.17/-87.06,-87.0697.97-28.1287.8322.0245.67-33.36-99.5365.81/*/-**/+/-23.17-66.84-87.63*+-21.32-80.55-11.23/*,False
/-58.79*91.53+6.8*15.83/38.89*98.86+-46.29/*/7.12--62.49*65.53*-43.86*88.14-36.11-59.91,59.91-46.2998.8638.8915.836.891.53-58.79/*+*/*+--36.1188.14-43.8665.53-62.497.1225.33//-***,False
+83.75/67.03*13.61-++-66.02/99.97+-3.28*-80.18/90.45/27.78+16.97--38.0351.8*/39.7594.84,94.8439.7516.9727.7890.45-80.18-3.2899.97-66.02-12.7313.6167.0383.75+/*-+/+*//+/*51.8-38.03-,False
*-65.4/-55.39+-54.4998.14-*1.8*1.05-90.22*23.17*8.05*80.94--72.42+-9.74-20.21-33.84--8.07,-8.0780.948.0523.1790.221.051.8-98.14-54.49-55.39-65.4*/+**-***--33.8420.21-9.74-72.42-+-,True
-65.99--37.55--97.07-55.21//98.03+26.63/3.227.7++-59.89/-73.11+70.64-84.160.13+-20.67+-8.63,-8.6326.6398.03-37.5565.99--//-55.21-97.07-+++7.73.22/-20.67-59.89++0.1384.1670.64-73.11/+-,True
+55.63*-10.65+97.84*33.1*5.22+-3.61*59.81+91.59+21.26-70.14--42.7381.85*97.76--57.35*68.65,68.65*-57.35-97.76*81.8542.7355.63+---70.1421.2691.5959.81-3.615.2233.197.84-10.65*+**+*++,True
*-38.63+3.31--55.57+41.04-96.08-33.66*-62.32-75.06//-11.59+-54.11*-70.21*6.17-37.4-60.65+-24.48,-24.48-54.11-11.5941.04-55.573.31-38.63*+-+//-75.06-62.3233.6696.08--*++-60.6537.46.17-70.21**-,True
-8.69/90.35*-46.22--64.62-37.96--65.41/36.52*-43.91-56.76-+-9.437.08--21.18*96.46*25.56+53.77,53.77+25.56-64.62-46.2290.358.69-/*-*96.4637.96-*-21.18-65.41--37.08-9.4+--56.76-43.9136.52/*,True
*1.56/84.34*45.35--74.17/-14.36+-37.3*-98.43/-57.2714.71/-59.66/38.63*72.93-74.5*--51.4-31.57,-31.57-51.41.56--*/14.71-57.27-98.43-37.3-14.36-74.1745.3584.34/*-/+*/-74.572.9338.6359.66-/*,False
/-52.83*/*7.62+-33.42*71.91-67.3*-83.34+21.61/49.49-24.58/-0.9496.71-21.2+50.36*-13.15,-13.1567.371.91-33.427.6244.58-52.83/**+*-*50.3624.5849.4921.61-83.34*+/-+21.2-96.71-0.94/,False
-61.02*8.22+18.61+-79.4/13.48-28.98/*-80.56+75.9*-69.48/-24.58+-43.16+65.65/76.3632.85/-65.74,-65.74-43.16-24.58-69.4875.9-80.5618.618.2261.02-*+*/-28.9813.48-79.4+/+*/+/32.8576.3665.65//,False
*-96.56--6.79+54.56+71.41-98.97+7.0/26.05/55.19*-7.4164.86++-55.4/-84.34*26.6192.78/61.88,61.8826.057.098.9771.4154.56-6.79-96.56*-++/+//92.7826.61-84.34-55.455.19/++64.86-7.41*/*,False
-62.73--81.99-12.22+28.2+-72.0--5.79*-42.79*-98.2+-43.46/82.75-80.6732.81+21.5*79.12*97.25,97.25*79.12-72.028.212.22-81.9962.73---++*21.5-42.79-5.79-*+32.8180.6782.75-43.46-98.2*+/-,True
/-5.44/39.23--84.95-86.46/-31.8+29.6-97.88*-82.06/20.73-63.18+/57.18-98.19+57.57-13.8/96.89,96.89/13.839.23-5.44//-57.5729.6-31.886.46-84.95--/+++-63.1820.73-82.0697.88-*/-98.1957.18/,True
/8.9+-21.7/-88.45*89.38-83.1224.46/-+*-49.88/-16.18+-63.98-24.32*-34.76-76.35+-20.91--14.47,-14.4789.38-88.45-21.78.9/+/*-/24.4683.12--20.91-34.45-+-76.35-34.7624.32-63.98-16.18-49.88*/+-*,False
-50.99-83.17*/-70.76*-37.78+79.6480.75-/-58.76*-48.59--8.94/-89.91--65.3268.25*-28.72+87.91++,20.92-58.76-80.7579.64-37.78-70.76/*-83.1750.99-*+/+87.91-48.59*+-28.72*68.25-65.32-89.91-8.94-/-,False
+80.86+-84.66+-2.7+3.76-87.75/*-33.41--40.33/70.18*20.32**+-67.98*-41.533.83+38.55+34.86,34.86-84.6680.86+++38.55-2.7++3.83-41.53-67.98+/-87.753.76+*-60.9920.3270.18-40.33-33.41*-/**,False
+99.86*-68.33-80.78--46.82-10.25*-98.54+-21.46-55.96--97.17*-37.27*20.26*61.57-79.63/21.41+-7.57,-7.57-68.3399.86+*/21.4155.96-21.4698.5480.78--*-10.25-46.82-+-/-79.6361.5720.26-37.27-97.17-***,False
*58.67/61.2--90.64-73.17--71.67*-98.17/-43.18+-+59.1/84.37-15.76*-70.5447.59*39.82*68.62,68.62-71.04-43.18-98.17-71.6773.17-90.6461.258.67*/---*/+*39.8284.3759.1+/*47.59-70.5415.76-*,False
--89.32+-89.78*-2.55+5.81*-19.67*5.37*16.35-11.99/42.68-10.05*+41.05*-44.68+49.71-21.13-62.4,-62.421.1349.71-44.6841.05-89.78-89.32-++*-10.0542.6811.9916.355.37-19.675.81-2.55*+***-/*+-,True
*-35.54+23.47--52.28*77.84*53.9--76.21*-87.2+6.77-/--21.02/78.0576.49+-52.75/-53.75/-62.38,-62.38/-53.75-87.2-76.2153.977.84-52.2823.47-35.54*+-**-*/-52.75+76.4978.05-21.0268.836.77+--/,False
-47.61--7.81-10.05+/*-60.6129.69---99.33+-57.22+-25.1/-7.99--70.85-81.45/36.34/-53.39-57.66,-57.66-53.3936.3481.45-70.85-7.99-25.1-57.22-99.3388.7210.05-7.8147.61---+--29.69-60.61*++/--//,False
/-93.4*-82.03+-36.59-94.439.18--40.38+-77.44-12.45*--73.7550.08/-14.01/75.87-61.1--14.91*62.09,62.0914.01-/50.0873.75--*9.1894.43-36.59-82.03-93.4/*+--12.45-77.44-40.38-+*-14.9175.87/--61.1,True
+53.79+76.13/-80.56/45.52/66.46--23.15*16.72--52.23/-28.18*42.33-24.93/--18.46-99.62/-77.74-74.08,-74.08-77.7499.62-18.46/-24.9342.33-28.18-52.2316.72-23.1566.4645.52-80.5676.1353.79++///-*-/*--/,True
*60.72*90.58*-28.44/54.77--62.44-15.55/*-13.98+//78.51-51.43/-75.48+11.9756.37*+-19.4411.8,11.8-19.44-28.4490.5860.72***+/-15.55-62.4454.77/-*56.3711.97-75.4851.4378.5171.03-13.98*+/-/+,False
/22.58*11.21/-99.58*+/52.97/-57.0973.06*--69.44/49.68+79.21+-64.15*-30.0927.0*41.68/43.77,43.77/41.6849.68-69.4411.2122.58/*-*73.06-57.0952.97-2.26-99.58/*///*27.0-30.09-64.1579.21++*,False
+-83.78*-33.24*-8.27*45.14/52.56/-27.29-6.21//67.71-4.33*65.32-24.13*39.89/-72.5/-49.4--52.82,-52.8267.7145.14-8.27-33.24-83.78+***//-6.21-27.2952.56//--49.465.324.33-*/-72.5/39.89*-24.13,True
--12.2*32.9888.26/+-64.66*-39.06/83.99+-51.9+-87.98-92.54*-91.34/44.6*76.589.49-99.37/31.84,31.84-64.66+/88.2632.98-12.2-*/99.3744.6-91.3492.54-87.98-51.983.99-39.06*/++-*/-89.4976.5*,True
+-93.45/-90.82/10.81+79.07--8.45/-91.08--26.74-69.25---15.91+-75.06-46.87-47.85/--69.2832.9+/,45.37-69.28-15.91-91.08-8.4579.0710.81-90.82-93.45+//+-/---69.25-26.74--/-47.8546.87-75.06+-+32.9,False
+/+91.66*83.37--54.69*32.91*-30.870.2//-70.08/-5.74*-27.19-72.01+5.96-30.3/-14.73-90.7,90.732.91-54.6983.3791.66-75.96++*-*--14.73//70.2-30.8*30.3-5.96+-72.01-27.19-5.74-70.08//*,False
+15.56/63.64-76.3-32.84/-82.82+21.35-78.8320.17/+41.87*45.23/68.11-35.95+10.64+98.9248.16,48.1698.9210.6435.9568.1145.2341.8721.35-82.8232.8476.363.6415.56+/--/++/20.1778.83-*/-++,True
--8.03-64.05-83.61+4.76--7.95+-73.5*-24.96-*+-53.9*-84.97/-16.0462.87/-83.88-69.26*-48.24,-48.24-73.5-7.954.7683.6164.05-8.03---+-+*69.26--83.88/62.87-16.04-84.97-53.9-27.62-24.96*-+*/,False
+-20.32+**41.0*-22.38*94.85--58.77-40.19*1.47/78.1/-49.21+3.77+-33.42*-93.8141.75*77.01,77.0140.19-58.7794.85-22.3841.0-98.95-20.32++***--*41.75-93.81-33.423.77-49.2178.11.47*//++*,False
*-17.47-26.64/39.0/-49.22+44.04/50.98*47.73+-62.62/-25.61*39.48*-36.8341.55+15.47+-26.04--42.34,-42.3444.04-49.2239.026.64-17.47*-//+--26.04+15.4739.48-25.61-62.6247.7350.98/*+/*+41.55-36.83*,True
