Original,Perturbed,Is_Equivalent
724-635*804*-354/-722/-140833/182/723*-692*+-274-889*+111753*-490+,724-635*804*-354/-722/-140833/182/723*-692*+-274-889*+111753*-490+,True
-791-558/789*-615-183*+-80844*-111/183/-412/--980290*381*+506--951+,-791-558/789*-615-183*+-80844*-111/183/-412/--980290*381*+506--951+,True
59595/-466103/--26-266/-848*247*-960*-839*74*576*-170/177/+783-,59595/-466103/--26-266/-848*247*-960*-839*74*576*-170/177/+783-,True
430-226-539/-754*419*301*-731/-926/--860--252+772+-277-923*-168*-237*-,430-226-539/-754*419*301*-731/-926/--860--252+772+-277-923*-168*-237*-,True
-557697*-193/332955/-576/+-483-934*+-872+-281*-41+-974--666+-196-462-,-557697*-193/332955/-576/+-483-934*+-872+-281*-41+-974--666+-196-462-,True
732-110*-54+336-910*-566//-451-589/-66/-70/916/+-704881*-774/-216-,732-110*-54+336-910*-566//-451-589/-66/-70/916/+-704881*-774/-216-,False
958216--901*776+-496/-698+-162-727/+-786+-575+756+633-262*-855/-836/+,958216--901*776+-496/-698+-162-727/+-786+-575+756+633-262*-855/-836/+,False
-292337/741-226+-449+80+617+-92+634--138+-460--499--333+59+-350+,-292337/741-226+-449+80+617+-92+634--138+-460--499--333+59+-350+,False
254396/-861*-188*575*-515+-845241*221*-823/-137+953180*66/-601/,254396/-861*-188*575*-515+-845241*221*-823/-137+953180*66/-601/,True
851967-93/-115-344300*-438*+998+812-764*-139/582/-285*-366*-662-,851967-93/-115-344300*-438*+998+812-764*-139/582/-285*-366*-662-,True
269-136*380+673+69188*340/-992*281/--561-102/561*233/-18+970+,269-136*380+673+69188*340/-992*281/--561-102/561*233/-18+970+,False
-483-87*48+110100/-277--292*654-229/587/772/-432*+-454+-74+-809+,-483-87*48+110100/-277--292*654-229/587/772/-432*+-454+-74+-809+,False
548212--967-104/384/466/611*20*-587/383-40/--539-353/-53*-886*+,548212--967-104/384/466/611*20*-587/383-40/--539-353/-53*-886*+,True
379-37534*-551*-77231/+-616--254-139*--228936*-213-906/-937/+169+,379-37534*-551*-77231/+-616--254-139*--228936*-213-906/-937/+169+,True
66482/-281*-93728/+-48-352+-910-617+-333-298/*-890--2-735+895+,66482/-281*-93728/+-48-352+-910-617+-333-298/*-890--2-735+895+,False
698441-819*--935817/+-33--619-596*-100-410-743*--237502*832/-920-,698441-819*--935817/+-33--619-596*-100-410-743*--237502*832/-920-,True
72556919/41/-461*-421--867-817*+44*260-712-193340/-148--742-,72556919/41/-461*-421--867-817*+44*260-712-193340/-148--742-,True
900164*665-393/978*-174/-553-614-41/651/-657/--357+977-178/--94-,900164*665-393/978*-174/-553-614-41/651/-657/--357+977-178/--94-,True
507-557/235860/+161+654-84846*-424+-682+732391/+880-745*493-,507-557/235860/+161+654-84846*-424+-682+732391/+880-745*493-,True
907781743*948*+162/-393+-768+-342-219+321--210193/+-740+354-773/-,907781743*948*+162/-393+-768+-342-219+321--210193/+-740+354-773/-,True
139-251-596*931*/-480792*--836-183*-161*+-858+346-926/-257*+-18-300*+,139-251-596*931*/-480792*--836-183*-161*+-858+346-926/-257*+-18-300*+,False
-24723*748958*-19/-96/-796+898-455*-97-620+-899-920*--458-467*-,-24723*748958*-19/-96/-796+898-455*-97-620+-899-920*--458-467*-,True
139-417--713+168778*857/722/+835+-747--88151/--56+-411-458/+-586-,139-417--713+168778*857/722/+835+-747--88151/--56+-411-458/+-586-,True
479-695-277-672+-138-310-535+521477*738*59*--525--830+-228756*+,479-695-277-672+-138-310-535+521477*738*59*--525--830+-228756*+,False
-717-955*504/-780/-870*236*-698*-478+-574-61/-249104*-340-669*-824*+,-717-955*504/-780/-870*236*-698*-478+-574-61/-249104*-340-669*-824*+,True
-681-488/-570*-249654/+-121962/-172/2/992/-327437*+513-643*--11+,-681-488/-570*-249654/+-121962/-172/2/992/-327437*+513-643*--11+,False
895-454-463-312/-649*-390//221-823*-468*--423580/-492/477*177/863*+,895-454-463-312/-649*-390//221-823*-468*--423580/-492/477*177/863*+,True
693-564/-455--524--877+-195+-414-484*-262+-7898*--619-204/-517/117*+,693-564/-455--524--877+-195+-414-484*-262+-7898*--619-204/-517/117*+,False
665-832-718-617/-24*+663-542-512--495--722-71/114/-975-98-508*+,665-832-718-617/-24*+663-542-512--495--722-71/114/-975-98-508*+,True
-440-686*-354*-947330/-145/459/983/-345643*--459-252/2*-895*-451*+,-440-686*-354*-947330/-145/459/983/-345643*--459-252/2*-895*-451*+,False
-342-588*-318-810/-264+706-62/+425-631*-41/-655--881+1-616-136--,-342-588*-318-810/-264+706-62/+425-631*-41/-655--881+1-616-136--,True
132-892/-263-319/+-461-44-755-410/-591*--213-47/86/+386+818+238-,132-892/-263-319/+-461-44-755-410/-591*--213-47/86/+386+818+238-,True
9629632*260*249*-258/-296/+783+991--962-977/--100738/318*905/-,9629632*260*249*-258/-296/+783+991--962-977/--100738/318*905/-,True
890407/887-699/606/--966+-317+-978+-806-328*-115*-527*-125/-756+592-,890407/887-699/606/--966+-317+-978+-806-328*-115*-527*-125/-756+592-,True
304-536/416878--563*820*-709*-669/-571/-122-606-923-774*268/917/+,304-536/416878--563*820*-709*-669/-571/-122-606-923-774*268/917/+,False
-138-552*772/-633+-121764*-116/*26294*+-168459/-61/-267*-354/--838-,-138-552*772/-633+-121764*-116/*26294*+-168459/-61/-267*-354/--838-,True
-194-1810/837/-475-771268*-584-+309-201/--549712*+-154615*528/-,-194-1810/837/-475-771268*-584-+309-201/--549712*+-154615*528/-,False
504-926*310*288*-624*-46*50-833*-97/+-605+366-610*-57950*+,504-926*310*288*-624*-46*50-833*-97/+-605+366-610*-57950*+,False
913-202/249--160*-358-9/+-335-565-828/486/-861*+318/-410698*--142-,913-202/249--160*-358-9/+-335-565-828/486/-861*+318/-410698*--142-,False
374-428/274/-667/-856+-859+-320*478--529-96/322*-223-35*+-838-405+,374-428/274/-667/-856+-859+-320*478--529-96/322*-223-35*+-838-405+,False
741-75-577/+440--796-568+-319255/--70+-811-321*-494-837+791383/-,741-75-577/+440--796-568+-319255/--70+-811-321*-494-837+791383/-,True
-464179+-887-649611/389*41/+466--652797*+660915*582/-495*--729+,-464179+-887-649611/389*41/+466--652797*+660915*582/-495*--729+,False
-639-940--598+-833--848--514+756-463+-497341/--18+-669-208402*575/-,-639-940--598+-833--848--514+756-463+-497341/--18+-669-208402*575/-,True
-494-162/-884*344/421/-421/769/-100+-626+-391--623--503+-843-815114/-,-494-162/-884*344/421/-421/769/-100+-626+-391--623--503+-843-815114/-,True
206-549255/+557--138-219*-332/869*+-857+-95--679+-30--866--819-162*+,206-549255/+557--138-219*-332/869*+-857+-95--679+-30--866--819-162*+,True
-144-515-740*+483-214+585-122/--926739/64/-617*--93194/498/-127*+,-144-515-740*+483-214+585-122/--926739/64/-617*--93194/498/-127*+,True
293303*-50510/-744*-890/--66-553*--821-304+-412-761/-477-70-335*-,293303*-50510/-744*-890/--66-553*--821-304+-412-761/-477-70-335*-,False
-633204-176--841478*678/-650/+869+-113-801/-306--95+-471747/+-256-,-633204-176--841478*678/-650/+869+-113-801/-306--95+-471747/+-256-,True
267-259*-73070/--502-66/588*-985418/515*+-670-777*72*+-643--465-,267-259*-73070/--502-66/588*-985418/515*+-670-777*72*+-643--465-,True
81511--55-46/465*-810*-347775/-6/-177*/-196+-935+-279409/-864/-,81511--55-46/465*-810*-347775/-6/-177*/-196+-935+-279409/-864/-,False
-222-230-526/271*--29-975*+-747-207742/--144+-388112*-959*435*-173-,-222-230-526/271*--29-975*+-747-207742/--144+-388112*-959*435*-173-,False
595-621-796450*-446/+470-838*+842-736-379*599*+37-457*-778/577*-,595-621-796450*-446/+470-838*+842-736-379*599*+37-457*-778/577*-,True
-483484+-140+-648--963-776*-620/-29*7/+505-195--88341/994/-831*-,-483484+-140+-648--963-776*-620/-29*7/+505-195--88341/994/-831*-,False
-855999-777--396240*-311-580*+-493547/574*201*--345161/--296-999+,-855999-777--396240*-311-580*+-493547/574*201*--345161/--296-999+,True
762945+696+349794*-523/--47+791+-462+999--717-953/+-13646/-66*-,762945+696+349794*-523/--47+791+-462+999--717-953/+-13646/-66*-,True
-143871*-39*-357/500+-201+763--443--421+662-844*-128*609*-102/--671-,-143871*-39*-357/500+-201+763--443--421+662-844*-128*609*-102/--671-,True
608512-110/--764-419*-609*216*--818-410*-24+-562-381*+524-911/+-65-,608512-110/--764-419*-609*216*--818-410*-24+-562-381*+524-911/+-65-,True
618385419/190/-377836*+214-821-990*-343504*+919+-177+-505-543+,618385419/190/-377836*+214-821-990*-343504*+919+-177+-505-543+,False
264188*-281+974-763939*-989*519/+320+100797*-335*288*954*-534/-,264188*-281+974-763939*-989*519/+320+100797*-335*288*954*-534/-,True
957363*773/-532*36/705*323/-7352/269/+863309/-758*-411*+361-,957363*773/-532*36/705*323/-7352/269/+863309/-758*-411*+361-,True
-714804/-434+-577928*+-957752*+-180+829+-567+24-638/--296-879+876-,-714804/-434+-577928*+-957752*+-180+829+-567+24-638/--296-879+876-,False
-228-78-649*+-380--692479/456/--160+940-274*720*514/+886+-215+-831-,-228-78-649*+-380--692479/456/--160+940-274*720*514/+886+-215+-831-,True
-434274-762/-613*-910*+-743--826-196476*+-661-331*-910+744-506/-262-,-434274-762/-613*-910*+-743--826-196476*+-661-331*-910+744-506/-262-,False
-179266950/-873/-970/-949+887-600*+-688-582/+198-492+538+338-405/+,-179266950/-873/-970/-949+887-600*+-688-582/+198-492+538+338-405/+,False
91975*728498/-151+542-344*-63/599*-936858/-610*+-560801/708/+,91975*728498/-151+542-344*-63/599*-936858/-610*+-560801/708/+,False
683-945+-286--273+-595-356/--53030/-122/+660-431--635+412+414+-422+,683-945+-286--273+-595-356/--53030/-122/+660-431--635+412+414+-422+,True
-378-446691*323*-479-208*--856+302-746*-477*+-272514*+-701+-873-151/+,-378-446691*323*-479-208*--856+302-746*-477*+-272514*+-701+-873-151/+,False
602971/-146-427*--347+891--979-69273*329/+911+252582/983/--627-,602971/-146-427*--347+891--979-69273*329/+911+252582/983/--627-,False
-738-602/-895*428-60/468*--938--99484*-811--142-372+-515--802--384-,-738-602/-895*428-60/468*--938--99484*-811--142-372+-515--802--384-,False
-288-264207*-200/-204*-338724*--438-976/--887+-347+-466-568/+731-70/-,-288-264207*-200/-204*-338724*--438-976/--887+-347+-466-568/+731-70/-,True
31881/-969-386/-377*-222*343*/-227+293422/364*249*-859+-531+490+,31881/-969-386/-377*-222*343*/-227+293422/364*249*-859+-531+490+,True
-479971*-95+-812-99--912+348398/+214+387+827+-65740*-111/879/-,-479971*-95+-812-99--912+348398/+214+387+827+-65740*-111/879/-,False
754-440+-662+188-786/--732939*71/65++-120-584/-538+274*+990593*+,754-440+-662+188-786/--732939*71/65++-120-584/-538+274*+990593*+,False
-491-905/957/-414*-660/-875-460*+-53-922776*+-383-293/-354*72/-729*+,-491-905/957/-414*-660/-875-460*+-53-922776*+-383-293/-354*72/-729*+,False
-190-207-732*+511983*+411-377*--850-225/-868*--315339--801/--21/-804-,-190-207-732*+511983*+411-377*--850-225/-868*--315339--801/--21/-804-,False
-128-432-402/-290/+-215--285--1000-635*-656*474/-363/--900784*-133*+-449-,-128-432-402/-290/+-215--285--1000-635*-656*474/-363/--900784*-133*+-449-,False
802-600--772-202*+-62+421394*998*835/-999/383*+-206-557851*--391-,802-600--772-202*+-62+421394*998*835/-999/383*+-206-557851*--391-,True
-395-330/357+-171+196+-509--394--160-875/-400*726*-218/-455523*--796-,-395-330/357+-171+196+-509--394--160-875/-400*726*-218/-455523*--796-,True
970-194318*+-133-88*560/--548--685+-637498*-694/-487*577*869/--973+,970-194318*+-133-88*560/--548--685+-637498*-694/-487*577*869/--973+,True
-56-516*-35*-303/-114-728/--807-864/837*--571668/+-772-910*+531--804-,-56-516*-35*-303/-114-728/--807-864/837*--571668/+-772-910*+531--804-,True
858-618871/-750*-120/-917/-172-217*-596/--367-823/777*+-263-280--401-,858-618871/-750*-120/-917/-172-217*-596/--367-823/777*+-263-280--401-,False
-781-941/327*77-769/5*+275--896-12*-952*922/-898*-133/410*122/-,-781-941/327*77-769/5*+275--896-12*-952*922/-898*-133/410*122/-,True
-734501+869-261*-219*-607315*331*-448/-418/+410-368+735+-668717*+,-734501+869-261*-219*-607315*331*-448/-418/+410-368+735+-668717*+,True
-550153/-587745/-248/+-759-712+-154--389516/-295/-834*145/--400-907/-,-550153/-587745/-248/+-759-712+-154--389516/-295/-834*145/--400-907/-,True
-277642*-887*243*-414-719/218/-227-567*-633+-764/293/896*-665*168*+,-277642*-887*243*-414-719/218/-227-567*-633+-764/293/896*-665*168*+,False
329-990/-945-867*-219-33960/-279/-292/-172/--734+753197*+462+-748-,329-990/-945-867*-219-33960/-279/-292/-172/--734+753197*+462+-748-,False
588238*-152/787+875-187*-232/+-371-198-719*-198/+692124*652/+-116+,588238*-152/787+875-187*-232/+-371-198-719*-198/+692124*652/+-116+,False
-64435*-209--145964*752/+-860248/905/-413+967--136-83/+665-451+,-64435*-209--145964*752/+-860248/905/-413+967--136-83/+665-451+,True
-683-60*158*-588*972+-898*226-209*+555572*462*+66-942*938/750/+,-683-60*158*-588*972+-898*226-209*+555572*462*+66-942*938/750/+,False
452-727*734-380/310/+89+-629-676--134--122-316*-743*+-344--415--743-,452-727*734-380/310/+89+-629-676--134--122-316*-743*+-344--415--743-,True
-516402/-837-618*190*-964/572/-941/-964/--661-618+-14--874892/+220-,-516402/-837-618*190*-964/572/-941/-964/--661-618+-14--874892/+220-,True
-799102-57/+61-663/-754/-23/772/208*774*749/196/-116*-39+141*+,-799102-57/+61-663/-754/-23/772/208*774*749/196/-116*-39+141*+,False
627-604409--15*758*--582-10/-52*-330/363/547/+494-463--210+74-,627-604409--15*758*--582-10/-52*-330/363/547/+494-463--210+74-,False
-419517/-507*261*-474*492+303698/-754+-532+-442-60*+-816-445/-295*-,-419517/-507*261*-474*492+303698/-754+-532+-442-60*+-816-445/-295*-,True
-175-666*299*609-25*-529*-887768*--665-269/-946*-564/+-919-379*--459-,-175-666*299*609-25*-529*-887768*--665-269/-946*-564/+-919-379*--459-,True
-837379*77+-510231*+-154+-224--401+-194--67-429/99/+392843/--304+,-837379*77+-510231*+-154+-224--401+-194--67-429/99/+392843/--304+,True
-706796+-150+-828+545541*-185/+-335627*-393/-415882/-521/--737-225/+,-706796+-150+-828+545541*-185/+-335627*-393/-415882/-521/--737-225/+,False
604308*296*406-27*568/+13--165--230-725/+739-622*+217-540*-60/+,604308*296*406-27*568/+13--165--230-725/+739-622*+217-540*-60/+,False
-984-466-734/901/807/+-354804/-439+225-709+568-393/-729*/-911772/+,-984-466-734/901/807/+-354804/-439+225-709+568-393/-729*/-911772/+,True
29913*29810*992*+813147*-341*858*+972+99-269/-662*286/-978*+,29913*29810*992*+813147*-341*858*+972+99-269/-662*286/-978*+,False
-479993785/+-407+191485*--942737/-165/--535-735*+-487-352*+646646*+,-479993785/+-407+191485*--942737/-165/--535-735*+-487-352*+646646*+,True
252324/-906/-825*-977--928910/-575--800+-153-453-506+222-448-33*-,252324/-906/-825*-977--928910/-575--800+-153-453-506+222-448-33*-,True
151-214-82*+394-659*/409+97359/--549-308/980*--30-658*-646--520-,151-214-82*+394-659*/409+97359/--549-308/980*--30-658*-646--520-,True
562155968*+-246-106*-951+-835-529/+910767/-773/+494/-139+27+432+,562155968*+-246-106*-951+-835-529/+910767/-773/+494/-139+27+432+,False
714-188267*588*+-846+-123-470*--622-576*7*+779443/898*+310--421*,714-188267*588*+-846+-123-470*--622-576*7*+779443/898*+310--421*,True
-34-986/548102/--181196/+695--742894*-994*250*+-659-174/-600*-724*-,-34-986/548102/--181196/+695--742894*-994*250*+-659-174/-600*-724*-,False
443964/165-837/+758-289-995*-288--916-105/-991-692-996-452*+378+,443964/165-837/+758-289-995*-288--916-105/-991-692-996-452*+378+,False
-54461/57-721*772*-597/--421172/--361847*347/197/-833*841/930/-,-54461/57-721*772*-597/--421172/--361847*347/197/-833*841/930/-,True
-602-260+-630-142*297*--227+586-43*875/+953+-894+414-784/+-89--910+,-602-260+-630-142*297*--227+586-43*875/+953+-894+414-784/+-89--910+,False
-298-519*-921*725-649-822/50/474/+218--394-666*-783/--19484/933*-,-298-519*-921*725-649-822/50/474/+218--394-666*-783/--19484/933*-,True
-635493--777-70+961+644613*-322/+-635-279+951-47/934+-111*-952++,-635493--777-70+961+644613*-322/+-635-279+951-47/934+-111*-952++,True
749542*-528/-627*-675+-203-714-530+-51*247*+-18-934636/--692--919-,749542*-528/-627*-675+-203-714-530+-51*247*+-18-934636/--692--919-,False
971688*564+-484--338+144750*-408*433*+-49138*-796-173*-475/-63/+,971688*564+-484--338+144750*-408*433*+-49138*-796-173*-475/-63/+,True
21477/100/-761+-261-107438-988/--376529*--378-195/--28-225-738-,21477/100/-761+-261-107438-988/--376529*--378-195/--28-225-738-,False
-919-849+275-206/+846+-157-655/+-643-329*--38--61--307--984-468+287-,-919-849+275-206/+846+-157-655/+-643-329*--38--61--307--984-468+287-,True
360-798+819-983/204/-506/28*-222*+407+-91-778-428*-452-905*13*+,360-798+819-983/204/-506/28*-222*+407+-91-778-428*-452-905*13*+,True
-855-703*-583*291*-402*283/-201/-477*256-239+-783378/+552+-292--846-,-855-703*-583*291*-402*283/-201/-477*256-239+-783378/+552+-292--846-,False
284182*-643605/-289/+152915*+409425/--834+778840*761*-742+817-,284182*-643605/-289/+152915*+409425/--834+778840*761*-742+817-,False
410292*-90-733*-789288/+828+602472/445/505*+-264557*+-901979/-,410292*-90-733*-789288/+828+602472/445/505*+-264557*+-901979/-,False
-295-856*798-927--671--963-739-424/--206-553-8*582*+-939+357+124+,-295-856*798-927--671--963-739-424/--206-553-8*582*+-939+357+124+,False
795994-990-840*704*+159-237/--793754*990*+665-273/-694*--570-804*+,795994-990-840*704*+159-237/--793754*990*+665-273/-694*--570-804*+,True
-400990/832/961+836/-117+202353*+452+63-74/815*373/512/-994/+,-400990/832/961+836/-117+202353*+452+63-74/815*373/512/-994/+,False
-536868/-489*-586-415/-930*-384**-98--803462/-122+-170-778-315/+-87+,-536868/-489*-586-415/-930*-384**-98--803462/-122+-170-778-315/+-87+,False
433936*49+-118935/459*995/+-413706*+-1000602*-642/+976+648-419*+,433936*49+-118935/459*995/+-413706*+-1000602*-642/+976+648-419*+,True
-78-974-998/844/-713*444/-631/190/--461-958343*-202/-854/112*+96+,-78-974-998/844/-713*444/-631/190/--461-958343*-202/-854/112*+96+,True
435-76+-142-858*--652+979503/323/+512671/-392--120-68676*-176-,435-76+-142-858*--652+979503/323/+512671/-392--120-68676*-176-,False
805765/552/-124/-364+-257+215--936--373-247//-662-75/+-245423*+-344-,805765/552/-124/-364+-257+215--936--373-247//-662-75/+-245423*+-344-,True
-294297-655*-66/-486*-759810*+-450464++154+458932/+-735638*-665/-,-294297-655*-66/-486*-759810*+-450464++154+458932/+-735638*-665/-,True
775-64876*229/--398-873/+873*-552-245/492*--4909/+-975+841-325+,775-64876*229/--398-873/+873*-552-245/492*--4909/+-975+841-325+,True
-407-96*958+488--885-622/+58-236-421+896-250+-519185*+909+-746+,-407-96*958+488--885-622/+58-236-421+896-250+-519185*+909+-746+,False
-754-141/-797*-840379/376*-737*-363*+-886-551--729737/158*+87666/+,-754-141/-797*-840379/376*-737*-363*+-886-551--729737/158*+87666/+,False
-730972/962/993*81+-914--839--878-21/+-6984/+502-619*353/524/+,-730972/962/993*81+-914--839--878-21/+-6984/+502-619*353/524/+,True
175-915-414-745+441135*144/--638+-969+413/285801/-780-188*--125-,175-915-414-745+441135*144/--638+-969+413/285801/-780-188*--125-,False
-99468-853+511700*840*--920--115+-268217*-459-438/--896+-261+725+,-99468-853+511700*840*--920--115+-268217*-459-438/--896+-261+725+,True
189-758*-49-96/-746-275*974*-480*+-721+140-104/--14+368-203*-355*/,189-758*-49-96/-746-275*974*-480*+-721+140-104/--14+368-203*-355*/,True
688353-196*159*+-471-532/+525+-348478/846//638-468--48--806+-978-,688353-196*159*+-471-532/+525+-348478/846//638-468--48--806+-978-,False
31-569*-507/565*43*-185*982+-980/471*418536/-770/724/-94/--376+,31-569*-507/565*43*-185*982+-980/471*418536/-770/724/-94/--376+,True
919448/115+791893/-123-130--114+-452-495*916//614+103433*+818-,919448/115+791893/-123-130--114+-452-495*916//614+103433*+818-,False
392-871/-218*612*634399*400/-982*50/-358/-290-376-120-297/-912-,392-871/-218*612*634399*400/-982*50/-358/-290-376-120-297/-912-,False
-532879/348+411931/400*245*533/415/887*395/-125+-246--199--762+,-532879/348+411931/400*245*533/415/887*395/-125+-246--199--762+,True
-96084-122/683*-937/+918-441*+-253+-81810/789---838+78/330218/+,-96084-122/683*-937/+918-441*+-253+-81810/789---838+78/330218/+,False
-119236*925*183*-582-946/-403-37--198-611--967+-70+-117+82369/+,-119236*925*183*-582-946/-403-37--198-611--967+-70+-117+82369/+,True
-886-133*-254/642/12/-565/-288/695/-863-421/-559*226*-168*+-307-131/+,-886-133*-254/642/12/-565/-288/695/-863-421/-559*226*-168*+-307-131/+,True
613-189-97-268*767/+-176-787*--454+-318+225-112*-37679*-846925*+,613-189-97-268*767/+-176-787*--454+-318+225-112*-37679*-846925*+,True
680-974-897/260/+752+119+-884+-332+178-557613/377*-314*-124-980*-,680-974-897/260/+752+119+-884+-332+178-557613/377*-314*-124-980*-,False
499538*149126/202*-889*21-446987/421*891/--420+-628629/172/-,499538*149126/202*-889*21-446987/421*891/--420+-628629/172/-,True
-688-658--882+760479*--449862/-816*+929+798+590+-12-39+740*889*-,-688-658--882+760479*--449862/-816*+929+798+590+-12-39+740*889*-,True
566666/-738-17/841/743*-603+-994462/-518/617/723*-305/483*-449-,566666/-738-17/841/743*-603+-994462/-518/617/723*-305/483*-449-,True
-24350+-783-927*992*-25+-787+242-749*-67*-800*+436922*+-265857/-,-24350+-783-927*992*-25+-787+242-749*-67*-800*+436922*+-265857/-,True
-62434866++433--195104/+-881-440*841/170/-17*+-77+189--825--919-,-62434866++433--195104/+-881-440*841/170/-17*+-77+189--825--919-,False
573-86-703-228*--495-44/*761308/926*-671/-641*365*374/--825173/-,573-86-703-228*--495-44/*761308/926*-671/-641*365*374/--825173/-,False
-103-386661/-380*818*--565758*+599-435*-673878*+580-495135*--939+,-103-386661/-380*818*--565758*+599-435*-673878*+580-495135*--939+,False
-135-536/799650/-940546*--224420/-578*34/+160+-925-328/402*/812+,-135-536/799650/-940546*--224420/-578*34/+160+-925-328/402*/812+,False
-197361*-331/-650/870-524--990-709*-632*+332+736-663/-953/640*-372/-,-197361*-331/-650/870-524--990-709*-632*+332+736-663/-953/640*-372/-,False
719785+-484-639-580/-37530*-800/903++-666-441/--377-505*--526422/-,719785+-484-639-580/-37530*-800/903++-666-441/--377-505*--526422/-,False
744-549/-791-484/879*--151-629*+-661-771*-258/-820+860-715*+-341496*-,744-549/-791-484/879*--151-629*+-661-771*-258/-820+860-715*+-341496*-,False
-308-390305/24*-192-965-9/170/-263826/-680/--894650*+-723-352*-,-308-390305/24*-192-965-9/170/-263826/-680/--894650*+-723-352*-,False
-46-71958*-848/-258/100/+-262-120/--571-653+-670--281-641/911*615/+,-46-71958*-848/-258/100/+-262-120/--571-653+-670--281-641/911*615/+,True
-938-10*-864*622/-246/198*100--570-100/-443+-941-123*+401454/-187+,-938-10*-864*622/-246/198*100--570-100/-443+-941-123*+401454/-187+,False
-247-289*912*166-729+-744/+691-22*-496/+654380/-714/-502--834-583-,-247-289*912*166-729+-744/+691-22*-496/+654380/-714/-502--834-583-,False
936-488-102/-789/858/--408--26674/+-59+141--536--403623*+-949+363+,936-488-102/-789/858/--408--26674/+-59+141--536--403623*+-949+363+,True
-322669788/-685/202/--53-702*-106830*+770-725+-720-561298*+-893-,-322669788/-685/202/--53-702*-106830*+770-725+-720-561298*+-893-,False
456534-390/44/702/+256-547*-938*--690--2436/-770*395/+-183735*+,456534-390/44/702/+256-547*-938*--690--2436/-770*395/+-183735*+,False
-650819-344/874/171/-284*-584*943/+-400-850/-498+-656-328-485*-777*+,-650819-344/874/171/-284*-584*943/+-400-850/-498+-656-328-485*-777*+,True
590425/851+454-435*825*+702+381--914-268--405+-807335*+35+-405-,590425/851+454-435*825*+702+381--914-268--405+-807335*+35+-405-,False
-950-416161*605/-416/+395+-313--469-735-528*--698-629-28/-557/+576+,-950-416161*605/-416/+395+-313--469-735-528*--698-629-28/-557/+576+,True
-12377578*-944566/+-784+137848*-56028/-394/+859139/-202/+-889-,-12377578*-944566/+-784+137848*-56028/-394/+859139/-202/+-889-,False
-469-762*614/-895*782+267-896/+-227271/+-328-347*+-607987*+857-528/-,-469-762*614/-895*782+267-896/+-227271/+-328-347*+-607987*+857-528/-,True
-346-421/292+170-355*-25*+-205-606*-984+-761--922959*877/478*-853*+,-346-421/292+170-355*-25*+-205-606*-984+-761--922959*877/478*-853*+,False
166-884--93-601131/-680+-951--422--542230*-919/552+-841/654*465/+,166-884--93-601131/-680+-951--422--542230*-919/552+-841/654*465/+,True
889335*-675--16+568-214-5*--103--545-449-804*452*-210*-146*--903+,889335*-675--16+568-214-5*--103--545-449-804*452*-210*-146*--903+,False
-36890/71/-568326*797/+-140+-118913/51*-69+540--248-559/--973-,-36890/71/-568326*797/+-140+-118913/51*-69+540--248-559/--973-,True
-23-973--778377/-277*+474+-829-461/+994-248*256/-455-160*-180942/+,-23-973--778377/-277*+474+-829-461/+994-248*256/-455-160*-180942/+,True
-739791*28329/-24-744/726*+-398+-666-607/257/-142+-971+530--812+,-739791*28329/-24-744/726*+-398+-666-607/257/-142+-971+530--812+,False
700-267*322/-210*-750/-447+-14713/+-55-292/--674552/--230-350-938/-,700-267*322/-210*-750/-447+-14713/+-55-292/--674552/--230-350-938/-,False
-885500-989*704*+965+-423*530+266+-481-699/--548-964/73/592*-473*+,-885500-989*704*+965+-423*530+266+-481-699/--548-964/73/592*-473*+,False
49928--258-688/-572/-157*-370*+334774*--973759*-83/+355-30/45*-,49928--258-688/-572/-157*-370*+334774*--973759*-83/+355-30/45*-,True
623-484/-680*67521/+707--578-289840*248*-65-+621+867+63+-346-,623-484/-680*67521/+707--578-289840*248*-65-+621+867+63+-346-,True
-615812502*100/642*-577--624-497822*223*235/-576+97-750+-345+,-615812502*100/642*-577--624-497822*223*235/-576+97-750+-345+,True
902427/538-393--764+-563486/970*466/998/765/217*+-892+471-800/+,902427/538-393--764+-563486/970*466/998/765/217*+-892+471-800/+,True
-969-765*571+-241*-847/-865/285-78-+373203/726*-748*+-927-668*-85+,-969-765*571+-241*-847/-865/285-78-+373203/726*-748*+-927-668*-85+,False
918-352/310/455/-941-563/--815-416*678*989*-612/152/+-139-266+--960-,918-352/310/455/-941-563/--815-416*678*989*-612/152/+-139-266+--960-,False
775-347/298--90-805/38*449/-119104*-851-446*-88*+-274+913*736+,775-347/298--90-805/38*449/-119104*-851-446*-88*+-274+913*736+,True
87131*-199/598/61/-95+208-647+422-581706/254*+-692-160*439/+,87131*-199/598/61/-95+208-647+422-581706/254*+-692-160*439/+,True
926-416153*543/-59423*+840928*-811*+-790482/904/-230/+641+506+,926-416153*543/-59423*+840928*-811*+-790482/904/-230/+641+506+,True
22-142/-706*383-260/-209*-879-536/-818/+240-280*--911-326/+200-554**,22-142/-706*383-260/-209*-879-536/-818/+240-280*--911-326/+200-554**,False
-904355*427--922+-51-970*-304+-536-906*-828*--524+786--796+492490/-,-904355*427--922+-51-970*-304+-536-906*-828*--524+786--796+492490/-,False
-173-14*-836-153-978/-654+430-91--288-347/--427-604*+-563+-703-346+,-173-14*-836-153-978/-654+430-91--288-347/--427-604*+-563+-703-346+,False
133251--401-427*+495-418/702/-536/--393887/+792/-498+572786*+-886+,133251--401-427*+495-418/702/-536/--393887/+792/-498+572786*+-886+,False
-85682-80*-89*+325+60+-538+-814-729/-65/+-863-546/-72/807*457/-,-85682-80*-89*+325+60+-538+-814-729/-65/+-863-546/-72/807*457/-,False
-278579*16/-389*988594*698*281*921/-949/-323/-886*-843/+-596121/+,-278579*16/-389*988594*698*281*921/-949/-323/-886*-843/+-596121/+,False
320-917*633*-279-589*68/-959-932/+992--709298--520*+813177/21*-,320-917*633*-279-589*68/-959-932/+992--709298--520*+813177/21*-,False
61777-368/355/+-402-562-909-91/-144+819+349421/+-453+698+-87-,61777-368/355/+-402-562-909-91/-144+819+349421/+-453+698+-87-,True
588673-332+-679-15/645/--398+-847+-292-43--292--246+981+198-808/-,588673-332+-679-15/645/--398+-847+-292-43--292--246+981+198-808/-,True
-384115-681/712/-592*54*/117--642*-124+876+493+-952+762488*+66+,-384115-681/712/-592*54*/117--642*-124+876+493+-952+762488*+66+,False
-563-424--756662*-391*59*+-985-279/-951--472770/--247-756269*321/-,-563-424--756662*-391*59*+-985-279/-951--472770/--247-756269*321/-,True
-91344*-983-335/--722-48/+-8993/--242-202/114*+940-392*53/828*-,-91344*-983-335/--722-48/+-8993/--242-202/114*+940-392*53/828*-,False
349-682/-527*520*296894/9/+354+223+-985--13--83987/-687*-112/+,349-682/-527*520*296894/9/+354+223+-985--13--83987/-687*-112/+,True
21334*-759/-294/-375/-264/-880156/751*-855955*714/+-184-333/+-952+,21334*-759/-294/-375/-264/-880156/751*-855955*714/+-184-333/+-952+,False
448576*650-490*+968957/+847-820/-420*+290+-499807*--271-471/-956/-,448576*650-490*+968957/+847-820/-420*+290+-499807*--271-471/-956/-,True
477-189*-361618*-3--70--335--645+450350/866*-87-724*625*-559/+,477-189*-361618*-3--70--335--645+450350/866*-87-724*625*-559/+,True
-663-189-224*-168/-412/-933-131*-550*393/+-459-708+-979-657*-436-928*-,-663-189-224*-168/-412/-933-131*-550*393/+-459-708+-979-657*-436-928*-,False
-976-377*-953/585/342*-629*-35+-25--780--751495/--551-196-526/811*-,-976-377*-953/585/342*-629*-35+-25--780--751495/--551-196-526/811*-,True
580-830--719987/+-469377/303*+-796--87853/+-978-709-29-862-894/-,580-830--719987/+-469377/303*+-796--87853/+-978-709-29-862-894/-,True
-885676-196/+-253-81-110*+-388964/-82-312/-672/--437704/+-389--585-,-885676-196/+-253-81-110*+-388964/-82-312/-672/--437704/+-389--585-,True
272-220-656*--917554/801/-989+-239-866-980/+-868-561794/-137*--726+,272-220-656*--917554/801/-989+-239-866-980/+-868-561794/-137*--726+,True
914-331912/295/718/--954+-350578*+743-41/292*--85841/873*+-646-,914-331912/295/718/--954+-350578*+743-41/292*--85841/873*+-646-,False
-840-886963/41*+865-504/-517/-139*--150+-822-776-327*681*+703+353+,-840-886963/41*+865-504/-517/-139*--150+-822-776-327*681*+703+353+,True
927-744848*--159-394*61/-465/+652--217+622+692--439+-206/-609-292-,927-744848*--159-394*61/-465/+652--217+622+692--439+-206/-609-292-,False
-355489+765-578*-365-601--460+474-874-726*672*--843+-388-201823**,-355489+765-578*-365-601--460+474-874-726*672*--843+-388-201823**,False
733-688*784-563/968*65*656*767/-608/-805/-883--250--186+51169*-,733-688*784-563/968*65*656*767/-608/-805/-883--250--186+51169*-,False
-239-854/-190-316*--566/--296615*+69-79+-946+118+-8064*303*-,-239-854/-190-316*--566/--296615*+69-79+-946+118+-8064*303*-,False
-209407*886-535*-34-158/--502+281+158-901*-725--359-894*533*21*+,-209407*886-535*-34-158/--502+281+158-901*-725--359-894*533*21*+,False
-430495*872445/+294+273+396+91567/+-993-474*+-960+-379-598/-437+,-430495*872445/+294+273+396+91567/+-993-474*+-960+-379-598/-437+,True
-55-107+984550*+-439-95/-583-968-821514-+-863776*+-255+-117706/+,-55-107+984550*+-439-95/-583-968-821514-+-863776*+-255+-117706/+,False
628189-20*+530861*-446+835-219/413*+171-634/696/--745+193743/-,628189-20*+530861*-446+835-219/413*+171-634/696/--745+193743/-,True
460-960+-218--226--314+-241-482*-629/--731--822175*-500/-923-867/--773+,460-960+-218--226--314+-241-482*-629/--731--822175*-500/-923-867/--773+,True
-249-734*566/782/-846*304/248285*-953*-727/-21+750+-87953/-254*+,-249-734*566/782/-846*304/248285*-953*-727/-21+750+-87953/-254*+,True
75041/603/-167*-285/359299/+-810--928+-707129*-674-77/*-626+-285-,75041/603/-167*-285/359299/+-810--928+-707129*-674-77/*-626+-285-,False
168-9240/100/-968*296/-65*-91-191528*-734+976-710*860/+-989+,168-9240/100/-968*296/-65*-91-191528*-734+976-710*860/+-989+,False
123417*-28*-337/23*-175/959/552+-397+967+-259-141/--328-578*--105-,123417*-28*-337/23*-175/959/552+-397+967+-259-141/--328-578*--105-,True
-886-910--582244/+-351983/--346+507/-336-88*/-640337/+-479--17--478-,-886-910--582244/+-351983/--346+507/-336-88*/-640337/+-479--17--478-,False
-625-621*-324/428*-753385/787*--875-839/-125+188-590980/+204+-229+,-625-621*-324/428*-753385/787*--875-839/-125+188-590980/+204+-229+,False
278766*758*317+398-990-130/+-76-250/--348525/281/+999--734998*+,278766*758*317+398-990-130/+-76-250/--348525/281/+999--734998*+,True
-70894*870/-763/-643-66*-318647*-449-745/869/+311-654-402*+-204+,-70894*870/-763/-643-66*-318647*-449-745/869/+311-654-402*+-204+,False
614900/825+-703-792--675228/-415/154++918-406-329+-987-490*--677+,614900/825+-703-792--675228/-415/154++918-406-329+-987-490*--677+,False
375-702+252510/-363-525*--27399/+-738-432+-928+-354--108-955/--766-,375-702+252510/-363-525*--27399/+-738-432+-928+-354--108-955/--766-,False
523-1000207*549/-276*749++428-430/--279-288+403+462+140+-613+283+,523-1000207*549/-276*749++428-430/--279-288+403+462+140+-613+283+,True
-469-249-569/-150*+890--140-615-731/841/-112*+809-778/+603--906-400-,-469-249-569/-150*+890--140-615-731/841/-112*+809-778/+603--906-400-,True
-644582/-672511/-158+-758+-285+865-494-666/573*--633304*627/-552-,-644582/-672511/-158+-758+-285+865-494-666/573*--633304*627/-552-,True
-231108--92+820--517311/--689-408*-334/+-657+-574+-693184*-955/--588-,-231108--92+820--517311/--689-408*-334/+-657+-574+-693184*-955/--588-,True
637-537680/-623/+-320-23/-931/+172936/540*+307-480/+-596-211*-573+-,637-537680/-623/+-320-23/-931/+172936/540*+307-480/+-596-211*-573+-,False
-515-478+966-349/+-345-362-942172/+-306908/-22*+118-803/-995*-869+,-515-478+966-349/+-345-362-942172/+-306908/-22*+118-803/-995*-869+,True
104-899/316623*416*-844*+-927+-106-819+691/5*-789*-459654*+-463-,104-899/316623*416*-844*+-927+-106-819+691/5*-789*-459654*+-463-,False
898-72/-685519*617/+745579/622/+-19121/--387-204*626/+108+-470-,898-72/-685519*617/+745579/622/+-19121/--387-204*626/+108+-470-,True
306524--771220*-4130/--479-40340*402*-740/-782-407-79*-559*-,306524--771220*-4130/--479-40340*402*-740/-782-407-79*-559*-,True
-121-712/75252*761*948/+-464-267*877*-959*+-268+-23187*-53/-31+,-121-712/75252*761*948/+-464-267*877*-959*+-268+-23187*-53/-31+,True
299-640199/+-147133/--606-505*+-987788/737*937/-885*736*+-869-536*+,299-640199/+-147133/--606-505*+-987788/737*937/-885*736*+-869-536*+,True
367815-466*+770-830/+976316*-969*--286120**-43106*-151*14/-106/-,367815-466*+770-830/+976316*-969*--286120**-43106*-151*14/-106/-,True
-451-429--824+170-793809*823/--466*-590-906838*-243/-521*+-149358*-,-451-429--824+170-793809*823/--466*-590-906838*-243/-521*+-149358*-,False
-659160-866*+99-611/+812-933*183/516*--670+-66177**349-244+84-,-659160-866*+99-611/+812-933*183/516*--670+-66177**349-244+84-,False
-75-413--352-429*-396--794+-29549*673*-332/308/296*-367+-458+-316+,-75-413--352-429*-396--794+-29549*673*-332/308/296*-367+-458+-316+,True
66204*536*-836/329-146+544+-147-434-213+454--9797/--544-864*/,66204*536*-836/329-146+544+-147-434-213+454--9797/--544-864*/,True
-251-605*-571--510--216+901-177*--455563*--852+284-550/-923*+-922233/+,-251-605*-571--510--216+901-177*--455563*--852+284-550/-923*+-922233/+,False
449-55/471/335--730-783-460*136/+-134--920-856+-604+853597/805*-,449-55/471/335--730-783-460*136/+-134--920-856+-604+853597/805*-,False
609489/-146+135585/+-156-680-528/+-68-945/+746-519+828-760/-168+,609489/-146+135585/+-156-680-528/+-68-945/+746-519+828-760/-168+,True
-756754+84785*-239/444*101/+496+340+-599105*+-951-979*-993*-895/-,-756754+84785*-239/444*101/+496+340+-599105*+-951-979*-993*-895/-,True
-830-822*-485*55--21-334*+558408/--524--873697*-113/-759-934/+806-,-830-822*-485*55--21-334*+558408/--524--873697*-113/-759-934/+806-,False
599-94/437/941*813*679/-312/706-6*-344-147722/+-216719*873/-,599-94/437/941*813*679/-312/706-6*-344-147722/+-216719*873/-,True
-278-376749**602-199*91*-81*-924-42-232/-914-983*--84905*--557-,-278-376749**602-199*91*-81*-924-42-232/-914-983*--84905*--557-,False
-423331-66*522+-732-341*112/-102--459+458-139*-611+-450-679*--726+,-423331-66*522+-732-341*112/-102--459+458-139*-611+-450-679*--726+,True
976-310314*-676*-615*708*+389*719+-30-871/--153286/--859781/+70-,976-310314*-676*-615*708*+389*719+-30-871/--153286/--859781/+70-,True
-546-617+-58-79/-709501*+381-292*228/-534-90/359*-82-176*749/+,-546-617+-58-79/-709501*+381-292*228/-534-90/359*-82-176*749/+,True
-956-706/146*48+-25-821-506*29*-609435*+712--859-495*-918--741*+,-956-706/146*48+-25-821-506*29*-609435*+712--859-495*-918--741*+,False
475-37*439/-640-793/574*+552+-72980/-858-800-9-825-980/137/+,475-37*439/-640-793/574*+552+-72980/-858-800-9-825-980/137/+,True
857554*863+955-382/-190-143179/-183/+883-780727/--645--67+756+,857554*863+955-382/-190-143179/-183/+883-780727/--645--67+756+,False
-150-813-327/-975/+-801560/-70/+-465-335/-167/-889*-938--28+145*-707-,-150-813-327/-975/+-801560/-70/+-465-335/-167/-889*-938--28+145*-707-,False
298975*309-984/--808+384--605638*-919314/+137245*-293*+-69-213+,298975*309-984/--808+384--605638*-919314/+137245*-293*+-69-213+,True
677691/114*-767/-915919*-710*+-892+-549-778--521-262167*-774--69+,677691/114*-767/-915919*-710*+-892+-549-778--521-262167*-774--69+,False
-669-177*245+-451298*-452*-221*228*-634*+229+-538-776/+841282/-508*-,-669-177*245+-451298*-452*-221*228*-634*+229+-538-776/+841282/-508*-,True
97873-202/-71/-298*431*+814+372-351+110-762+541--999+-924--193+,97873-202/-71/-298*431*+814+372-351+110-762+541--999+-924--193+,True
-432-895/391+186-502*884*+-579476*505/-454/-633*+736+486+539-166/+,-432-895/391+186-502*884*+-579476*505/-454/-633*+736+486+539-166/+,True
-332-639--231-440/-373/+-542--303916*-964/+-461-871-903/+-886275*-576+,-332-639--231-440/-373/+-542--303916*-964/+-461-871-903/+-886275*-576+,False
-346679--438+-829107/-974/147/211/--683-343/--186933/29*-675/+244/,-346679--438+-829107/-974/147/211/--683-343/--186933/29*-675/+244/,False
-797-385-950/+283-772/-34*+10+-697+453689*701/-639/-130+881-25/-,-797-385-950/+283-772/-34*+10+-697+453689*701/-639/-130+881-25/-,False
506-717172*-112/142*--700+59439/921*-365+-954-776*-209*+812-132*+,506-717172*-112/142*--700+59439/921*-365+-954-776*-209*+812-132*+,True
-31653-221-540-736/-701+-806-473-+967-704/+642-361952/741*+-238+,-31653-221-540-736/-701+-806-473-+967-704/+642-361952/741*+-238+,False
352-544/-301/-65/658/824593*-217-94/568*-902*-986498/-295*+20+,352-544/-301/-65/658/824593*-217-94/568*-902*-986498/-295*+20+,True
-494857880/38*-515848*-844*+-841-836*261*-44/+512-802834/+-772-,-494857880/38*-515848*-844*+-841-836*261*-44/+512-802834/+-772-,True
538911--45717*-805*165/-591/472*-186+-543-419*--776-939-821/-781/-,538911--45717*-805*165/-591/472*-186+-543-419*--776-939-821/-781/-,False
-590334-62*+300--322+307-512/-380*-834/633*+-891+921-7/-740+-300-,-590334-62*+300--322+307-512/-380*-834/633*+-891+921-7/-740+-300-,True
-230812/-424863/--613+-111+302471/813/-372--884219/--852-143*-733*+,-230812/-424863/--613+-111+302471/813/-372--884219/--852-143*-733*+,False
439954+-214+440+7706*+-158-385*--53-921/-814/108*+-771+-264+281+,439954+-214+440+7706*+-158-385*--53-921/-814/108*+-771+-264+281+,True
-284888+-191509*-381/974*+-316-891/+-623+38-470**-809+-360-802-461-,-284888+-191509*-381/974*+-316-891/+-623+38-470**-809+-360-802-461-,False
-869-663+471-277*-91748*+565+256-335/+19659/-468273/+-63113/-,-869-663+471-277*-91748*+565+256-335/+19659/-468273/+-63113/-,True
-104-782694/--305-760--543/190*+-971-306880/+-241+777953/-688+529+,-104-782694/--305-760--543/190*+-971-306880/+-241+777953/-688+529+,False
-881-457/548*-472/-330+-27+-76-677/829/+169+587760/+794+971-744/-,-881-457/548*-472/-330+-27+-76-677/829/+169+587760/+794+971-744/-,False
-894-929+-328-967*-431--927-945/-512/+-725-280*--270-224*+458-92--644*-,-894-929+-328-967*-431--927-945/-512/+-725-280*--270-224*+458-92--644*-,True
-420607-167902/-810//-984--10--14118*+-494+989-149*--209--587-370-,-420607-167902/-810//-984--10--14118*+-494+989-149*--209--587-370-,False
-947-93/349*-185/288--917+778+-116+-920+369-90+-199-286-5*+947+,-947-93/349*-185/288--917+778+-116+-920+369-90+-199-286-5*+947+,True
79704241/+577+944-943/-760*--790-231*119-118/+75--749+-392-420/-,79704241/+577+944-943/-760*--790-231*119-118/+75--749+-392-420/-,True
843913--841-931+-530+570+214--63079/+489534/-42/+106-986/-593/-,843913--841-931+-530+570+214--63079/+489534/-42/+106-986/-593/-,False
-230237-471/-247/+-711-657-239*-998/+-824--863--211257*+974-80*-34*-,-230237-471/-247/+-711-657-239*-998/+-824--863--211257*+974-80*-34*-,True
969-996+294-689*+-640--254-382+591+639-917*-271/*95248*-611-360+,969-996+294-689*+-640--254-382+591+639-917*-271/*95248*-611-360+,False
-844-127*-767*-343-686*-864*-916*770/139/-934/--926-156/-656*318/30*+,-844-127*-767*-343-686*-864*-916*770/139/-934/--926-156/-656*318/30*+,False
237806--526-291*-379-20*193/+883+-404795/+347-293+-21+-491+-135+,237806--526-291*-379-20*193/+883+-404795/+347-293+-21+-491+-135+,True
11-219+-563--641463/--252-937/-104/-35*-411/--78-308*-700--98-842/+,11-219+-563--641463/--252-937/-104/-35*-411/--78-308*-700--98-842/+,False
418957/-713/-84723/+-933+-909-246-438-442-394-330*-325*-675/-89/-,418957/-713/-84723/+-933+-909-246-438-442-394-330*-325*-675/-89/-,False
35192/351771*+865-707*-775/-880+813-20-806/-369-215/808/945*-,35192/351771*+865-707*-775/-880+813-20-806/-369-215/808/945*-,True
-741-136/-28+419--748--30--396+-990+-280--622533--187349*-295204/-,-741-136/-28+419--748--30--396+-990+-280--622533--187349*-295204/-,False
-851-554223/+390+887-269/-648*547*-127/-306*-516*+107+502239/-329+,-851-554223/+390+887-269/-648*547*-127/-306*-516*+107+502239/-329+,True
-797732*63-841/841*254*--35-709*-195/-473+377+-146-626*--401-731/+,-797732*63-841/841*254*--35-709*-195/-473+377+-146-626*--401-731/+,False
653-503*-173722*642*-424*--944--470-710*+-924-956*-364/425*390*344/-,653-503*-173722*642*-424*--944--470-710*+-924-956*-364/425*390*344/-,True
-458-78/-162308*-547/-862--918-509*-216-122-+14+528--112-675514/+,-458-78/-162308*-547/-862--918-509*-216-122-+14+528--112-675514/+,False
-28050/356*671899/--486922/764*-81*-498-872326/--219-797*-213*+,-28050/356*671899/--486922/764*-81*-498-872326/--219-797*-213*+,False
-360-528/3/-715--42624/+-226-581/-560*486/810/+294134/-730/--755-,-360-528/3/-715--42624/+-226-581/-560*486/810/+294134/-730/--755-,True
423442/-101254/+182-891+501*-355*-876*-485/-374/-519-454*-711/-30+,423442/-101254/+182-891+501*-355*-876*-485/-374/-519-454*-711/-30+,False
256104-754/-353/-135-585+-11993/636*+796-717*182*--249--299-759+,256104-754/-353/-135-585+-11993/636*+796-717*182*--249--299-759+,True
471-170-577*--51--543-737+677354*+-72554/-708/534/--648979/-280/-,471-170-577*--51--543-737+677354*+-72554/-708/534/--648979/-280/-,True
-262166-59+-916--62-170-678/-145*+192--268-946*-748-505-740*-35/+,-262166-59+-916--62-170-678/-145*+192--268-946*-748-505-740*-35/+,False
-640920-36*964*-761/256*181*47/-647*-195801/-817-886/-610--920-,-640920-36*964*-761/256*181*47/-647*-195801/-817-886/-610--920-,True
-990485*-343+-394-342-272/+725-343*+-616-545--669843*-201/+-203-125+,-990485*-343+-394-342-272/+725-343*+-616-545--669843*-201/+-203-125+,True
391-988-675-78*+-959+697-679699/-208+716-985/+-251276/-178-798-,391-988-675-78*+-959+697-679699/-208+716-985/+-251276/-178-798-,True
542-45*-979/-75796*-449--758782/+926765/826/681/-686/688*-642/-,542-45*-979/-75796*-449--758782/+926765/826/681/-686/688*-642/-,True
117-856+632--440-74*-52/+-302--194-225-202*-68+744560/+-575+-213+,117-856+632--440-74*-52/+-302--194-225-202*-68+744560/+-575+-213+,True
386905+656--561*-359--847372*737/+-398+-929661*917/*-825216/+740+,386905+656--561*-359--847372*737/+-398+-929661*917/*-825216/+740+,False
363811-95*--754808/+-961--352-541-635*-314/-6/-388-752*+890--693+,363811-95*--754808/+-961--352-541-635*-314/-6/-388-752*+890--693+,True
-122811/-324--353336/-689-813/--289+-734--488-634-944/392*-314/545/+,-122811/-324--353336/-689-813/--289+-734--488-634-944/392*-314/545/+,False
-90518/-663/-148/606*-586505/282/--371879/897/570*+-932-399-658+,-90518/-663/-148/606*-586505/282/--371879/897/570*+-932-399-658+,True
-795536/301+-922-661--72487*888/-82580/-609+-103428/-429101/-,-795536/301+-922-661--72487*888/-82580/-609+-103428/-429101/-,False
264-275/339/571*431580*183/889*+515162*-752*+-888-365*-508/536/+,264-275/339/571*431580*183/889*+515162*-752*+-888-365*-508/536/+,True
345823+-542+768-674-961642*-863/216351*-847*-240/-270*-308/-874-,345823+-542+768-674-961642*-863/216351*-847*-240/-270*-308/-874-,False
423-93898/+455-593+-166761*-575/750/877/-621*--820--421-19*-106*-,423-93898/+455-593+-166761*-575/750/877/-621*--820--421-19*-106*-,True
399202672/+-121+-276--78--722/-9301/-102*+190+449438/148/--184+,399202672/+-121+-276--78--722/-9301/-102*+190+449438/148/--184+,False
251-720--47-408/-481/--372+666--527-665/--39132+-118*+-388--985-497-,251-720--47-408/-481/--372+666--527-665/--39132+-118*+-388--985-497-,False
-941649--215/446-385*-345/-446/-720-503+381+412+548+-153-102/-7-,-941649--215/446-385*-345/-446/-720-503+381+412+548+-153-102/-7-,False
-373-382+-187-307*388*-435+296*875*+797+174-904*959*--482+127-610*+,-373-382+-187-307*388*-435+296*875*+797+174-904*959*--482+127-610*+,True
979908109*-254/538*+44--816+430+-122+65-681*+-381+490+268-595/-,979908109*-254/538*+44--816+430+-122+65-681*+-381+490+268-595/-,False
319-289*974--688-489*-973/+-822-198/--414-911/-926/+-853--463541/--909-,319-289*974--688-489*-973/+-822-198/--414-911/-926/+-853--463541/--909-,True
116-25/-711/399*907/398-75--158-733/-115260/701/--326--192+491+,116-25/-711/399*907/398-75--158-733/-115260/701/--326--192+491+,True
316-987/743+298-789/83*-677550/+44106/-267-572*370/-653*168-,316-987/743+298-789/83*-677550/+44106/-267-572*370/-653*168-,True
723875/792/354-314*--279-40683/494/-641*-304/-149+-626-929*799*+,723875/792/354-314*--279-40683/494/-641*-304/-149+-626-929*799*+,True
50765+-57-845566/697/683/965/--43327/-920*-799/-327*-846-318+,50765+-57-845566/697/683/965/--43327/-920*-799/-327*-846-318+,False
560-151/-916*-965855*-842+-67+-826920*--302--144+318237/821/-380-,560-151/-916*-965855*-842+-67+-826920*--302--144+318237/821/-380-,True
727-933*592/-593+49-217*-367-64-653*--222-775-596*-644/199*556/+,727-933*592/-593+49-217*-367-64-653*--222-775-596*-644/199*556/+,True
-441622176/+-359+-563245*-339+360-50/-19/-114-331/-540+823-844+,-441622176/+-359+-563245*-339+360-50/-19/-114-331/-540+823-844+,False
31281720/-711/--588+-413378*--261805*--481-417*-501+109-14/-190-,31281720/-711/--588+-413378*--261805*--481-417*-501+109-14/-190-,False
881849/299+-596126*--967/140-929/--385-493*+-696-840953/677*5/-,881849/299+-596126*--967/140-929/--385-493*+-696-840953/677*5/-,True
-829-472+-816+684442*+-712+82-100*/-368-419*115*-989/+-296-66/-762/+,-829-472+-816+684442*+-712+82-100*/-368-419*115*-989/+-296-66/-762/+,True
-551-74474/794*-444+--521+-257-896*+123725/+-381787*+110-724/-431-,-551-74474/794*-444+--521+-257-896*+123725/+-381787*+110-724/-431-,False
944166*249442/-205-439/-947*-722/19/--973-973*-754--952-156*-625+,944166*249442/-205-439/-947*-722/19/--973-973*-754--952-156*-625+,True
-536-643786/-208595*--459+518386*+-83176*981*85*-721/-806+397+,-536-643786/-208595*--459+518386*+-83176*981*85*-721/-806+397+,True
89417/320985*+321466/--868537*-487+925+-784232*+-814--455-244/-,89417/320985*+321466/--868537*-487+925+-784232*+-814--455-244/-,False
-149-904-210774*-151*+-519-23*-234102*-718-697/--91--716-740/-61+,-149-904-210774*-151*+-519-23*-234102*-718-697/--91--716-740/-61+,False
-298222*-515+-439-120+-50-41*--979-484/--366--33--648--199/447-683/+,-298222*-515+-439-120+-50-41*--979-484/--366--33--648--199/447-683/+,True
-682-393643/+-132*488640*-709/553/765/759/+-70-789/66/+572-344*+,-682-393643/+-132*488640*-709/553/765/759/+-70-789/66/+572-344*+,False
-108548793*+484+952-5*+461693/-64*-638-552*-629*+825+-467959*/,-108548793*+484+952-5*+461693/-64*-638-552*-629*+825+-467959*/,False
-326-324--290+419933/+-491-676+-22469*+747-224/251*--418830*--621+,-326-324--290+419933/+-491-676+-22469*+747-224/251*--418830*--621+,True
724-703*-180-142-56/348*--587-327-578/+-235+330-656/-860/951/-615/+,724-703*-180-142-56/348*--587-327-578/+-235+330-656/-860/951/-615/+,False
129869*-678*-96/222-503*-640/+371-323107*+158-213/+-654+800319/+,129869*-678*-96/222-503*-640/+371-323107*+158-213/+-654+800319/+,True
35557-597-702--223+-11755*-256683*--816767*-618/-162/+-405372*+,35557-597-702--223+-11755*-256683*--816767*-618/-162/+-405372*+,True
977723--257-787/+235-125/-476*96*+-8-947131*258/--153-892/--151+,977723--257-787/+235-125/-476*96*+-8-947131*258/--153-892/--151+,True
-562-969--645841/-776-824*+-87445/-958+413+-161--491+943/609-741*+,-562-969--645841/-776-824*+-87445/-958+413+-161--491+943/609-741*+,True
-165-352-395/-390/477*-391--934+800+463-777*-34699/185/-593/-337*+,-165-352-395/-390/477*-391--934+800+463-777*-34699/185/-593/-337*+,True
-987387/962-835/-115*-793*--353+44-747502/--34+-3614*+332694*+,-987387/962-835/-115*-793*--353+44-747502/--34+-3614*+332694*+,True
194596+-159582*-164*+201-574*-142*165*+500-982/-734-104/--567+-485*,194596+-159582*-164*+201-574*-142*165*+500-982/-734-104/--567+-485*,False
694-972461*-159/-157-280*+-778+13-4/+990855/638/603/800*-707*+,694-972461*-159/-157-280*+-778+13-4/+990855/638/603/800*-707*+,False
-704143--696-934-894*+-607-977*+-370-506--686-855/+-462657*506*-893-,-704143--696-934-894*+-607-977*+-370-506--686-855/+-462657*506*-893-,True
-664-552*-199-837/267*983/164/-183*-784548/--811-936/291/323*-646+,-664-552*-199-837/267*983/164/-183*-784548/--811-936/291/323*-646+,False
-661-627--469188*+325--622--164971/+-223--902--200-458*-815---605+-218+,-661-627--469188*+325--622--164971/+-223--902--200-458*-815---605+-218+,False
891-118+-587-265/--482+697-907*--95-669*+506+-242+30--136+-390636/-,891-118+-587-265/--482+697-907*--95-669*+506+-242+30--136+-390636/-,True
964718*-654+124111/743*+-521-474*361/-308*60*-726638*+-620397*+,964718*-654+124111/743*+-521-474*361/-308*60*-726638*+-620397*+,False
188107/-429--188+364-896/601/-76775*557*-928*+913+-753392*+-293+,188107/-429--188+364-896/601/-76775*557*-928*+913+-753392*+-293+,False
-916-864/251/110*569+-268-137-50*-124-202*-200/+995464*333/644/*,-916-864/251/110*569+-268-137-50*-124-202*-200/+995464*333/644/*,False
-867551+-677+373+-21+-318-144--759+-715-519/-898*695*-271-47*722/+,-867551+-677+373+-21+-318-144--759+-715-519/-898*695*-271-47*722/+,True
-791-484758/598*-837/+-410-137/+432-623-760--311+-162--121594/-620/*,-791-484758/598*-837/+-410-137/+432-623-760--311+-162--121594/-620/*,True
-364-242/883/35-7832/--1*-668821/+515-813*-62/-822/--702+-495-,-364-242/883/35-7832/--1*-668821/+515-813*-62/-822/--702+-495-,True
668358-373*-701317*-433-90*-288+43832/-85-138*-287*931/+-725-,668358-373*-701317*-433-90*-288+43832/-85-138*-287*931/+-725-,False
-550308-505311*+-294--579901/--920--143718/--169-849/445*--940+108+,-550308-505311*+-294--579901/--920--143718/--169-849/445*--940+108+,True
-471-392*-492+109*212-51-899/273*-502-850*571/-486327/181/-971*+,-471-392*-492+109*212-51-899/273*-502-850*571/-486327/181/-971*+,False
353-373*28154*--566-611--518+-341+494+622+-261-347/+-551--920-971/*,353-373*28154*--566-611--518+-341+494+622+-261-347/+-551--920-971/*,False
-276-471/-165*-382+-135961/-931+401--964+-204857/-272/--639-991/295*+,-276-471/-165*-382+-135961/-931+401--964+-204857/-272/--639-991/295*+,True
-328539-461*--601+453--226928*-367-106--556760/+942-880+-377+663-,-328539-461*--601+453--226928*-367-106--556760/+942-880+-377+663-,False
68-938/-341-267*68/936/-423765/+-75+808+-141--3+-619-581*473*+,68-938/-341-267*68/936/-423765/+-75+808+-141--3+-619-581*473*+,True
-665188/731*-651--844-690/-150*-990*950/-86/102*-517+-683395/-554+,-665188/731*-651--844-690/-150*-990*950/-86/102*-517+-683395/-554+,True
-554-902-585/+279+138+505-383--931-593123/-83/114*-924*683*+348-,-554-902-585/+279+138+505-383--931-593123/-83/114*-924*683*+348-,True
-569-238*735683*-77+-772262/-720/-570-376*155*+564-608/958/217/+,-569-238*735683*-77+-772262/-720/-570-376*155*+564-608/958/217/+,True
813-263852+-312/-918/-99-386/-292*474*+-552-680*-159/-196*+-142+-153+,813-263852+-312/-918/-99-386/-292*474*+-552-680*-159/-196*+-142+-153+,False
718460*904+-904--922661*86*-950-+-151-656/+438+-198-908*-193/+879+,718460*904+-904--922661*86*-950-+-151-656/+438+-198-908*-193/+879+,True
238-2383/-504--514-704-938-592539*+727395*+-562346*-271--495-,238-2383/-504--514-704-938-592539*+727395*+-562346*-271--495-,False
-788-616/-661965*-261+420546*568/791*-949*+-372-908522*+-224183/+,-788-616/-661965*-261+420546*568/791*-949*+-372-908522*+-224183/+,True
936-832-763/66/-719-276+198757/+-361279*-468--705--172-467-+487+,936-832-763/66/-719-276+198757/+-361279*-468--705--172-467-+487+,False
551812*484*241*-720+-162+-42691/527*140/--687-882/+-10231/358/+,551812*484*241*-720+-162+-42691/527*140/--687-882/+-10231/358/+,False
-877140/-913/-419-131/-328+-412+789-940-881/94/*-392680*-808-677+,-877140/-913/-419-131/-328+-412+789-940-881/94/*-392680*-808-677+,True
98-658745/-630/+-943481/589*--364--533535*+53870*104*--211+-381+,98-658745/-630/+-943481/589*--364--533535*+53870*104*--211+-381+,False
-673295+445-285*--930+-744625/659/438/--610+-207281/303/-693--784/-,-673295+445-285*--930+-744625/659/438/--610+-207281/303/-693--784/-,False
-921-568/-243--619526*132/261/+659-209*-121*-193-991+325-568/-702*+,-921-568/-243--619526*132/261/+659-209*-121*-193-991+325-568/-702*+,True
116838*-521/887/-902/948428/-470/-336/3*582*-898/-58/152*-348+,116838*-521/887/-902/948428/-470/-336/3*582*-898/-58/152*-348+,True
-496-439-192/870/-463*+599+-107-147*--671--362--997986/-891/-21*243*-,-496-439-192/870/-463*+599+-107-147*--671--362--997986/-891/-21*243*-,True
-184-390*-958+-270+-730--734185/-973-892937/647/--513629*866//472+,-184-390*-958+-270+-730--734185/-973-892937/647/--513629*866//472+,True
-404-87*16+74--226-499/-17/-502+-54354*+268+19-783830*231/-,-404-87*16+74--226-499/-17/-502+-54354*+268+19-783830*231/-,False
-914-795+-459--946-931655*111/+-737426/-752/+935-767/+485--290359/-,-914-795+-459--946-931655*111/+-737426/-752/+935-767/+485--290359/-,True
-935-989*-68559/-563-913413/+539-824*--544-787*-730*--826-189/--378-,-935-989*-68559/-563-913413/+539-824*--544-787*-730*--826-189/--378-,True
263302*736/-717-684-985+-46767/--224-289*-132-582-147*--577+63+,263302*736/-717-684-985+-46767/--224-289*-132-582-147*--577+63+,False
828614/-171+-653/-431*491/-636702*-263+-82+-822--454-233*--739--102+,828614/-171+-653/-431*491/-636702*-263+-82+-822--454-233*--739--102+,False
514504*734/366*641685/+-146--49+-200+-703-790--478--854-369*+816+,514504*734/366*641685/+-146--49+-200+-703-790--478--854-369*+816+,False
-638-561-334-261*-785*526/182*-171*-519*-60*-814402*--669+976985*-,-638-561-334-261*-785*526/182*-171*-519*-60*-814402*--669+976985*-,True
-114-426/-672/977*-832-121*393/-283/-748*-256*-757-878*-48/-908/-787/-,-114-426/-672/977*-832-121*393/-283/-748*-256*-757-878*-48/-908/-787/-,True
-320472/795*-163/-982/-468-215*+632+257+327-792/827/-437*415/-389+,-320472/795*-163/-982/-468-215*+632+257+327-792/827/-437*415/-389+,False
-157458/-752*429*660*-855-658619*+202+-85895/-542*-380--919-430*+,-157458/-752*429*660*-855-658619*+202+-85895/-542*-380--919-430*+,True
-936398*-286/256-833*-180-819*236/-419371*+273-147*60/256*+-729-,-936398*-286/256-833*-180-819*236/-419371*+273-147*60/256*+-729-,True
986-28*-72291/+-428+-99-99/+405+-160--414-265/--150-869/48*271*+,986-28*-72291/+-428+-99-99/+405+-160--414-265/--150-869/48*271*+,True
857164+-28-249*--537-606+413-330*+860995/-803*-414+844--681+-205-,857164+-28-249*--537-606+413-330*+860995/-803*-414+844--681+-205-,True
53333-534/-676+935-180**497--575-106/--664+152+-251-548*+-129--363-,53333-534/-676+935-180**497--575-106/--664+152+-251-548*+-129--363-,False
306-25/415495/-84/48*+-686+138+-591-514*261*124/+-279-54-930+,306-25/415495/-84/48*+-686+138+-591-514*261*124/+-279-54-930+,True
483181/-84-342*263*108*509/-458/--70255/-306-501729*241/-684*-,483181/-84-342*263*108*509/-458/--70255/-306-501729*241/-684*-,False
-589617*-196*355*313/901+765--831+995-840-402--722--650--933+994-,-589617*-196*355*313/901+765--831+995-840-402--722--650--933+994-,True
253579346/744*+-638-659*-797--624-195/+-280246*396/235/880/-155+,253579346/744*+-638-659*-797--624-195/+-280246*396/235/880/-155+,True
51515/-210-242*-296+697+-793874/93/-194/-932*+468655--917--533+,51515/-210-242*-296+697+-793874/93/-194/-932*+468655--917--533+,True
-438442123/-389714/+-522-492*78*+349--257--1+938+-748493/--299+,-438442123/-389714/+-522-492*78*+349--257--1+938+-748493/--299+,False
-643-131-139+--79745/895/-391/607*-483*--543-122-112755/-966-471*-,-643-131-139+--79745/895/-391/607*-483*--543-122-112755/-966-471*-,False
724424/266*87--292-263/--426-136*+-403*461-216*931*-178*-394*-150+,724424/266*87--292-263/--426-136*+-403*461-216*931*-178*-394*-150+,True
-733-830-388*532*287/376*+-588775/--710+291+92670*-923*-157--854-,-733-830-388*532*287/376*+-588775/--710+291+92670*-923*-157--854-,True
-362498226/-640+209306*-46/+534+-212+-372-182-189/--701-505*-666+,-362498226/-640+209306*-46/+534+-212+-372-182-189/--701-505*-666+,False
-265-397/5/439--34-517-776+-95596/+165-804-831*--877+171193/-,-265-397/5/439--34-517-776+-95596/+165-804-831*--877+171193/-,True
459-162/404*714/1--54746*-596448*-6-587/386/-573213*+-645+,459-162/404*714/1--54746*-596448*-6-587/386/-573213*+-645+,True
-472-945/-110/392-444/-500--771+211-633*212*--697-443--581579*--92+,-472-945/-110/392-444/-500--771+211-633*212*--697-443--581579*--92+,True
689-828*-457-215*-175/-832/-668/+692-770/402*-961/--774-643*-292/-964-,689-828*-457-215*-175/-832/-668/+692-770/402*-961/--774-643*-292/-964-,True
-937728/-422503*--924-366432*+724--958+-212-688-921-79*-816/-37-,-937728/-422503*--924-366432*+724--958+-212-688-921-79*-816/-37-,False
222-669/-709-434-28/-629*-860*-732/-2/--59+881--981536*-988/+751-,222-669/-709-434-28/-629*-860*-732/-2/--59+881--981536*-988/+751-,True
473-462*-815*-180+-91--65--893768*--522+-871430/--504-93*234*--71+,473-462*-815*-180+-91--65--893768*--522+-871430/--504-93*234*--71+,True
396450+-1000-796*+391-808/+-141-606*389*+135882/-349+9110*-121+,396450+-1000-796*+391-808/+-141-606*389*+135882/-349+9110*-121+,True
-515366/-481504/-325*177/--255259*-747*--181+-329-789892/+-319-308/+,-515366/-481504/-325*177/--255259*-747*--181+-329-789892/+-319-308/+,False
-181263*81*-180/815--127-387*675/--838+849652/+496919*-881-845*+,-181263*81*-180/815--127-387*675/--838+849652/+496919*-881-845*+,True
-605417+-517--749--637-155/748/-598199*444*573*142*73*-836/-401/+,-605417+-517--749--637-155/748/-598199*444*573*142*73*-836/-401/+,True
-441-842/-75-838*-318*988/--994-486-832/+-522--251-679/-184*+-25-69*+,-441-842/-75-838*-318*988/--994-486-832/+-522--251-679/-184*+-25-69*+,True
825781+-544395+-820/-394/357*--203-440/344/760/--578136*877*-305/-,825781+-544395+-820/-394/357*--203-440/344/760/--578136*877*-305/-,False
-69-851*-952*-450/-912/687/605-480-985879/-266*-764*+656741/-966+,-69-851*-952*-450/-912/687/605-480-985879/-266*-764*+656741/-966+,False
-360-695-689+637+-469-800/-73*223/-754920/+-664--430--547--268443/-,-360-695-689+637+-469-800/-73*223/-754920/+-664--430--547--268443/-,False
-6-95227/-916-630+-613/--689--30-412+93832*--18+171-71898*-,-6-95227/-916-630+-613/--689--30-412+93832*--18+171-71898*-,True
408-144/-390*565/-579+196+-734-495/-481*--128--42--284630/+-998103/-,408-144/-390*565/-579+196+-734-495/-481*--128--42--284630/+-998103/-,False
420-19/-135-903+-234-335*+-396528*-936+863-417*102/834*165/-430*-,420-19/-135-903+-234-335*+-396528*-936+863-417*102/834*165/-430*-,False
786-119-112/-818/63*+466+830-483-882*941/-847*-297366*811*963*+,786-119-112/-818/63*+466+830-483-882*941/-847*-297366*811*963*+,True
326-853-137*-150--195580*393*994*-744/787*--124185/-743734*-10/-,326-853-137*-150--195580*393*994*-744/787*--124185/-743734*-10/-,False
-440123*41/-292*-226--334--968717*-133*-514--770--303+933+-183-286*-,-440123*41/-292*-226--334--968717*-133*-514--770--303+933+-183-286*-,True
979-918*-110*526-106*-650/-443*697+-143490*-281*--319+362+555+73+,979-918*-110*526-106*-650/-443*697+-143490*-281*--319+362+555+73+,False
618564/-540/-987*164/687/458+-738+119+395-691*-529--287+-447+-480+,618564/-540/-987*164/687/458+-738+119+395-691*-529--287+-447+-480+,True
-8960/375*-559--629374*--276+-906-497*-826/+577-394*995/-426*-85-,-8960/375*-559--629374*--276+-906-497*-826/+577-394*995/-426*-85-,False
374530/230*866--695+754-34/-854*+-857-512*-724--102--641410*-92*+,374530/230*866--695+754-34/-854*+-857-512*-724--102--641410*-92*+,False
32-348/471253*-342*+-352177*235/+966+859+964+8713/-793-882/+,32-348/471253*-342*+-352177*235/+966+859+964+8713/-793-882/+,False
-216400*17-973*+-27-622-850*164*+-244-268/+301+524-103+-685+-785-,-216400*17-973*+-27-622-850*164*+-244-268/+301+524-103+-685+-785-,True
-543-263--186--550--274308/+-209+637+626+8+370-561-443+381/-522/-,-543-263--186--550--274308/+-209+637+626+8+370-561-443+381/-522/-,True
137-768+431-315--276-725/172*+219810*+791+919--834-839/+35-85/+,137-768+431-315--276-725/172*+219810*+791+919--834-839/+35-85/+,False
997429/852265*+933688/981*234/+614+139--28019/--256/864-317/+,997429/852265*+933688/981*234/+614+139--28019/--256/864-317/+,False
-407-110+-818--965-328*-583/-260/-910*534/--282+85+-514+519--930--649+,-407-110+-818--965-328*-583/-260/-910*534/--282+85+-514+519--930--649+,True
-787-241/369*127*607+-265+-336-807-604573*-378/862*673/736*--717+,-787-241/369*127*607+-265+-336-807-604573*-378/862*673/736*--717+,True
-667729--521-368+931514*812/874-+-712-668659/+-552+11473/-243+,-667729--521-368+931514*812/874-+-712-668659/+-552+11473/-243+,False
547822-792++247+762585/+-625+-153-721/+-671-531*-291-795/-977*118*+,547822-792++247+762585/+-625+-153-721/+-671-531*-291-795/-977*118*+,False
-14495--754-308*+80--11812*+453-969--341-986/--871--343-870/-261*-,-14495--754-308*+80--11812*+453-969--341-986/--871--343-870/-261*-,False
572-229939/+-228+67+-376941/676*-181/202/-113-437*-109/-887-346-,572-229939/+-228+67+-376941/676*-181/202/-113-437*-109/-887-346-,True
-144824--697+-56+-307+-273-741*-204*-424+-166+569-776--38510*12/+,-144824--697+-56+-307+-273-741*-204*-424+-166+569-776--38510*12/+,True
836734-35/-193*-650*183/387/851*+-735-370*+-250+-388--596-987*658/-,836734-35/-193*-650*183/387/851*+-735-370*+-250+-388--596-987*658/-,True
-344-785530/+93-871/-167+716360/+534+-160--942-789*-874-308+-141-,-344-785530/+93-871/-167+716360/+534+-160--942-789*-874-308+-141-,True
-569323+242-550/-864/+393+3-246/-817-940/-883/-14/+-87+-409--712+,-569323+242-550/-864/+393+3-246/-817-940/-883/-14/+-87+-409--712+,False
144708*-266-107915*-388/-534/-359-949/--165+-102751/746*--969--297+,144708*-266-107915*-388/-534/-359-949/--165+-102751/746*--969--297+,False
-530494+-757-233*--648+-627--139-569*-494*-616++524431*-397/361/+-46+,-530494+-757-233*--648+-627--139-569*-494*-616++524431*-397/361/+-46+,False
913-490*649*-77297/+-371-479420*-373/+-667-874/-663-813**475818/+,913-490*649*-77297/+-371-479420*-373/+-667-874/-663-813**475818/+,False
879639*120*525*267/909*-300+553+-596--108-776/-217/676/--766876*-,879639*120*525*267/909*-300+553+-596--108-776/-217/676/--766876*-,True
-290206--757-609/-680-50*387/-90--670+823+533+-377-634/+-333+139-,-290206--757-609/-680-50*387/-90--670+823+533+-377-634/+-333+139-,False
-981-744*-118-807-629*+620-233*-806/+-283-497/-240560/-321*+74240/+,-981-744*-118-807-629*+620-233*-806/+-283-497/-240560/-321*+74240/+,True
621992+602-700+-197+608--367-448*-411/--158335*-397*+-236+727-123+,621992+602-700+-197+608--367-448*-411/--158335*-397*+-236+727-123+,False
562989*-222/-106*128-288362*--392+-944-518*-593*--175212*471*--50/,562989*-222/-106*128-288362*--392+-944-518*-593*--175212*471*--50/,True
-633-740/-92-432/-319*-465+57148/-597-410*-615/--881+-828+673-672/+,-633-740/-92-432/-319*-465+57148/-597-410*-615/--881+-828+673-672/+,True
-308942123/-13*539/--10+399-161413/448*-594*746/-270+400+-128+,-308942123/-13*539/--10+399-161413/448*-594*746/-270+400+-128+,False
-623793--693758/+524-178+-456-427/-616*--610-43-651/425/--861+389+,-623793--693758/+524-178+-456-427/-616*--610-43-651/425/--861+389+,True
-150131/687+895-366*--693132/721/887/-219*+-130/346898/--621-632*,-150131/687+895-366*--693132/721/887/-219*+-130/346898/--621-632*,True
127-923/536-309954*152/--153-445*+-486-471/-914/-276*+-672+786-655/+,127-923/536-309954*152/--153-445*+-486-471/-914/-276*+-672+786-655/+,True
222230*124-796*-771/-468*-296-282-118+-329-246/+-292384/-593*--668-,222230*124-796*-771/-468*-296-282-118+-329-246/+-292384/-593*--668-,False
-243733611*+-911-641*196/-329+-883*-721*--914664/+-827+-139-487*203*-,-243733611*+-911-641*196/-329+-883*-721*--914664/+-827+-139-487*203*-,False
858-622-300812/-914/--268312/+311860*+468600/--335+172-628*+785+,858-622-300812/-914/--268312/+311860*+468600/--335+172-628*+785+,False
-51-812/-902*-285/-220-637-666-988*-153*-262132*890/+-755-635*915*+,-51-812/-902*-285/-220-637-666-988*-153*-262132*890/+-755-635*915*+,True
-840117506/--120-570-733667/636/556/-51+-493-551/-169/+-565-127*-,-840117506/--120-570-733667/636/556/-51+-493-551/-169/+-565-127*-,False
304-757*187*-963+-718--836+-827+-915697/+230--278861*+926-871/-967*-,304-757*187*-963+-718--836+-827+-915697/+230--278861*+926-871/-967*-,False
663-779371*-997/+-9-341-585--122318**251+233884/-893/-912-79-,663-779371*-997/+-9-341-585--122318**251+233884/-893/-912-79-,False
244-266*-41*-140/573+-124-227*-833-265*975/+16740/-92-284927/-,244-266*-41*-140/573+-124-227*-833-265*975/+16740/-92-284927/-,True
-615437839/+-489732/-731450*-856/-821*-599*261/-993747/904*+446+,-615437839/+-489732/-731450*-856/-821*-599*261/-993747/904*+446+,True
334-630/-753--699-588566*+965--684+94-182/+121+441381*+-122-333+,334-630/-753--699-588566*+965--684+94-182/+121+441381*+-122-333+,True
198-578+372-227*625/-575-657*-280--898+-808-846-863/53/-507*+404+,198-578+372-227*625/-575-657*-280--898+-808-846-863/53/-507*+404+,False
184899*-224--570--477+-99+983-199*+21115/737/755/976/+-683-526+,184899*-224--570--477+-99+983-199*+21115/737/755/976/+-683-526+,True
993495*-178*66/-308*-624+-3-893943*+539-739*-220*+345+650+-500+,993495*-178*66/-308*-624+-3-893943*+539-739*-220*+345+650+-500+,True
528287-517--748-296/+-406+179428/--180-372717/+-639536/204/-454*+,528287-517--748-296/+-406+179428/--180-372717/+-639536/204/-454*+,False
-827-98/864/809*146-334*-664*+20+685868/502*/523+221+885893*+,-827-98/864/809*146-334*-664*+20+685868/502*/523+221+885893*+,False
-276126/945/708-628+-317-847+339+790-86+-651-532/+585-626*-943+,-276126/945/708-628+-317-847+339+790-86+-651-532/+585-626*-943+,True
-464652767/582*+-125809/786/493-+-936-705*-53--387-354*+881-501*+,-464652767/582*+-125809/786/493-+-936-705*-53--387-354*+881-501*+,False
-715-409/-562-342/636/891*+314372*-671/-22/-64*-707*66*--288+689+,-715-409/-562-342/636/891*+314372*-671/-22/-64*-707*66*--288+689+,True
-430965/-288-99/-381/-753/-105/--824+350+867*11+926--840-219*--320-,-430965/-288-99/-381/-753/-105/--824+350+867*11+926--840-219*--320-,False
241941*394*801/769631/490*--96-87/-398/427/994*--523558/-269-,241941*394*801/769631/490*--96-87/-398/427/994*--523558/-269-,True
946128/-459654*-655*+279-769*-825+-57533*/-635-344*142/-338-504*+,946128/-459654*-655*+279-769*-825+-57533*/-635-344*142/-338-504*+,False
-881739+193-472*655*-938/+-364307*8/+648+890-442//227787/-961/-,-881739+193-472*655*-938/+-364307*8/+648+890-442//227787/-961/-,False
554-987*-857+482+-228+-338+653-277-903*431*-540/+224865--838*+414+,554-987*-857+482+-228+-338+653-277-903*431*-540/+224865--838*+414+,False
-634-228/-937*-702-118*--776+-848289*+-512-319*236*987/--910380*960/+,-634-228/-937*-702-118*--776+-848289*+-512-319*236*987/--910380*960/+,True
229292*-658-851/872*-257+898350*-439+411--746+788+-419432*-424*+,229292*-658-851/872*-257+898350*-439+411--746+788+-419432*-424*+,True
-853748/904/-449*587--47925/-258/450*266/+728+268+-716+-407-77/+,-853748/904/-449*587--47925/-258/450*266/+728+268+-716+-407-77/+,True
-451-271/810*896/282-955-271+984994/--482-984*-785*-612*117*--11-,-451-271/810*896/282-955-271+984994/--482-984*-785*-612*117*--11-,False
805-497/-317/-102-406-419-362*-213-919--908822/+-274-275--591+-612+,805-497/-317/-102-406-419-362*-213-919--908822/+-274-275--591+-612+,False
-685838*-756+-102857/995/+-371660*+-25+111/757--346--4*-294+-754+,-685838*-756+-102857/995/+-371660*+-25+111/757--346--4*-294+-754+,False
-658-608348*-332*-87*-469/-639*--966-134-302--932-940*902*106/70*-,-658-608348*-332*-87*-469/-639*--966-134-302--932-940*902*106/70*-,False
939807-81*--26702/--790-53/-301*-691/-965+-81298*300*-517/-996/+,939807-81*--26702/--790-53/-301*-691/-965+-81298*300*-517/-996/+,False
-128-526--860-872*-758*231*-537/+-777+863423/125/--4319*251*+36+,-128-526--860-872*-758*231*-537/+-777+863423/125/--4319*251*+36+,False
744-299/205-369*410/649/999/-217*+-708-699*-350*-174-561*517/+942+,744-299/205-369*410/649/999/-217*+-708-699*-350*-174-561*517/+942+,False
909792+493690/+305-736173*+-777-495/-77+-846+-12+907-234/-639*+,909792+493690/+305-736173*+-777-495/-77+-846+-12+907-234/-639*+,True
-89-467294/-544/--875-644*--207-255/234*+-956-933*+-991-709/-97*--897-,-89-467294/-544/--875-644*--207-255/234*+-956-933*+-991-709/-97*--897-,False
415-604328/+-919915*-446*-924223/809*361/+338-175/+-12-473*245/-,415-604328/+-919915*-446*-924223/809*361/+338-175/+-12-473*245/-,True
-681-186+529367*-713/--312--293-429--975530/-994953*311/--767-180-,-681-186+529367*-713/--312--293-429--975530/-994953*311/--767-180-,False
857127*-245+33-216/-620+-311--154-222-102*-211*-633475*-51351*-,857127*-245+33-216/-620+-311--154-222-102*-211*-633475*-51351*-,True
-61389+-642-178*+-928+-679-754--14+-815893*+114921/-991+582*-313*-,-61389+-642-178*+-928+-679-754--14+-815893*+114921/-991+582*-313*-,False
190-82*-634-872+227-739313*993/742/-537+-72+113-272*+-556-287*+,190-82*-634-872+227-739313*993/742/-537+-72+113-272*+-556-287*+,False
-801241+872-953/-238*-31/+-310-164*--339421/237*885*-169/958/--296+,-801241+872-953/-238*-31/+-310-164*--339421/237*885*-169/958/--296+,False
855473*-483298*--351+-996+847--811433*-134871/-707*-769*581*777*+,855473*-483298*--351+-996+847--811433*-134871/-707*-769*581*777*+,False
-60878-960*799*5/-717*-799/795/320*-338*741*-829666*225/117*-,-60878-960*799*5/-717*-799/795/320*-338*741*-829666*225/117*-,True
-446271-348*-927*-752+-82+831443/+150-185/+987+716--375-393--98+,-446271-348*-927*-752+-82+831443/+150-185/+987+716--375-393--98+,True
354716-213/--595698*-201/+-218658*-992+932+-621862/*-83+958-803/+,354716-213/--595698*-201/+-218658*-992+932+-621862/*-83+958-803/+,True
-340400/391-923566*-917/--529-521-647/628*22*--576613/50/-890/+,-340400/391-923566*-917/--529-521-647/628*22*--576613/50/-890/+,True
-437352+-717256/1*-527/-790*+693+-413+-844--566--340-915*+200502*-,-437352+-717256/1*-527/-790*+693+-413+-844--566--340-915*+200502*-,True
-231-557*-388-18/-229*--908--328--982393/522*+-122-999-353--620*461+,-231-557*-388-18/-229*--908--328--982393/522*+-122-999-353--620*461+,True
193-36-334/520*249612/194*--705--904+-659+414-92/+81656*+-384+,193-36-334/520*249612/194*--705--904+-659+414-92/+81656*+-384+,True
900874*108-131*-993/-848/-116*-744*-583/841*-845/87*-830/--979--314+,900874*108-131*-993/-848/-116*-744*-583/841*-845/87*-830/--979--314+,True
-3-319/112+291-621*+-658-46*516/-10686/588*+225-201/+-670+-324-,-3-319/112+291-621*+-658-46*516/-10686/588*+225-201/+-670+-324-,False
-107-950/-390/455-940/-624/-875+409-968*850/--308-865*918/-326/985/-,-107-950/-390/455-940/-624/-875+409-968*850/--308-865*918/-326/985/-,False
360680*659--752198*-375/-151663*-278*-560/-470+794--80813*814/-,360680*659--752198*-375/-151663*-278*-560/-470+794--80813*814/-,True
-33999*134-835*509/-19/+282-683656/-887567/--51--643--982155*-,-33999*134-835*509/-19/+282-683656/-887567/--51--643--982155*-,True
-331666/397434/865/--24300*-942*617*195/-79-295/-212/-167/--533+,-331666/397434/865/--24300*-942*617*195/-79-295/-212/-167/--533+,True
-477-728/-122*-784+-915+191+317-665*--285+692-581+-375--155--719-544*+,-477-728/-122*-784+-915+191+317-665*--285+692-581+-375--155--719-544*+,True
-613102+516120/-396705*-28148*-714-385/-598*+-694-332*--753-272/-,-613102+516120/-396705*-28148*-714-385/-598*+-694-332*--753-272/-,True
519-516/520494/+-196+869+-689+49237*--787+486+-973-800/-403/+994+,519-516/520494/+-196+869+-689+49237*--787+486+-973-800/-403/+994+,True
-140-41855/-188*-741/+471-857/240*--616--243--845-113*384/+859+,-140-41855/-188*-741/+471-857/240*--616--243--845-113*384/+859+,False
-659761472*+719-987/--868-758*-161*478/+-241722*567/+-748+342+-54-,-659761472*+719-987/--868-758*-161*478/+-241722*567/+-748+342+-54-,False
-270-859/-766/-946--126+675533*-39*718*+-742890/416*920*191*--665-,-270-859/-766/-946--126+675533*-39*718*+-742890/416*920*191*--665-,False
-872409866*-137*+542456*--488-613+-78-398/+-488765/-289/287*--479-,-872409866*-137*+542456*--488-613+-78-398/+-488765/-289/287*--479-,False
-76599239*-815+24383*+-914108*-121-496*+450-535-563*362*+216+,-76599239*-815+24383*+-914108*-121-496*+450-535-563*362*+216+,True
-604-214*-750/818*128/546*257-101/-778*-11/635/+-139538/--956+46+,-604-214*-750/818*128/546*257-101/-778*-11/635/+-139538/--956+46+,False
289119*286--687142/393*455*-728*618*+-869+560692-+871350--761/+,289119*286--687142/393*455*-728*618*+-869+560692-+871350--761/+,False
-345803+357120*--218--16-319/-350942*81*216/182*-340-437/--351+,-345803+357120*--218--16-319/-350942*81*216/182*-340-437/--351+,True
230716*-539/482212/+-238+379352*--96-135*--487--196-462/-492/-580*-,230716*-539/482212/+-238+379352*--96-135*--487--196-462/-492/-580*-,True
656-311+101+-939-172*228/-96-351+-623-160+-701891*-419*142*--11+,656-311+101+-939-172*228/-96-351+-623-160+-701891*-419*142*--11+,True
-54-87-742*-391/508/-87+-965+645493*--74--795+606-239-+-415-468-,-54-87-742*-391/508/-87+-965+645493*--74--795+606-239-+-415-468-,False
157-842*-242*85860/-444/-822*+-344-244/+-884-830*+-742417/-829/-571/+,157-842*-242*85860/-444/-822*+-344-244/+-884-830*+-742417/-829/-571/+,True
26639*-627/-756*-447-796--839+-405-99*--323588/--975105/-36*-464/-,26639*-627/-756*-447-796--839+-405-99*--323588/--975105/-36*-464/-,True
-424895+-990+328-608/-854/-774+-307+740--255320/398*-527/246*-515*-,-424895+-990+328-608/-854/-774+-307+740--255320/398*-527/246*-515*-,True
712-646/960752*-906/-477/+-288+356+336--651+485+399+658940/+-157-,712-646/960752*-906/-477/+-288+356+336--651+485+399+658940/+-157-,False
-472-499/172--535-369/279/-943/973*-596*-146/+-672109*+-464807*-887/+,-472-499/172--535-369/279/-943/973*-596*-146/+-672109*+-464807*-887/+,True
-924-258+-122--386+682809*--245--363--23945-686/-309/-927/134/+448-,-924-258+-122--386+682809*--245--363--23945-686/-309/-927/134/+448-,True
860-457/311-790/901*+17-199*-348*-603/+-998-30031/692*--540-620*-,860-457/311-790/901*+17-199*-348*-603/+-998-30031/692*--540-620*-,True
291-440/717425*--924300*80/+-690+-60-533425/-6/--774562/-915*-,291-440/717425*--924300*80/+-690+-60-533425/-6/--774562/-915*-,False
402-568*-68*-331105/251/626*-830*+242-65*-400*+795-88-345*-794-,402-568*-68*-331105/251/626*-830*+242-65*-400*+795-88-345*-794-,False
-333-415/1*271/776/684*-89-723*35/--339639/+266-536*-293+14+,-333-415/1*271/776/684*-89-723*35/--339639/+266-536*-293+14+,True
-707-341*817--513-525/--934+-392-458557/-101*-225/-347*+745336*-934*+,-707-341*817--513-525/--934+-392-458557/-101*-225/-347*+745336*-934*+,True
768-249+12311*+-476267*-246*--206-180*+-981+-654+-8-381982//-158+,768-249+12311*+-476267*-246*--206-180*+-981+-654+-8-381982//-158+,False
30771--380-477/891*-624/--446+739/466-262*+-639+-311-116*+-404+-43+,30771--380-477/891*-624/--446+739/466-262*+-639+-311-116*+-404+-43+,True
37151143*--850+-512926*-912--363-501105/786*-422*-831*619/43*+,37151143*--850+-512926*-912--363-501105/786*-422*-831*619/43*+,True
-673534*-878+224-84*555+992*--662854/-512651/+528-623/+548--806+,-673534*-878+224-84*555+992*--662854/-512651/+528-623/+548--806+,False
-164-315/479166/744/-667*118*971/535*-270*+449+998--477--101-229*-,-164-315/479166/744/-667*118*971/535*-270*+449+998--477--101-229*-,False
668-162*-805*950/-359*314+-136-927-987845*+370867/358/--285-438/-,668-162*-805*950/-359*314+-136-927-987845*+370867/358/--285-438/-,True
-122785*363*-123-957/998*-435-980*-755658/+-126+-656-276--784-794+,-122785*363*-123-957/998*-435-980*-755658/+-126+-656-276--784-794+,False
907894--949+51--597-438/-810*--414+204-224/240/--288-793/+-81-997/-,907894--949+51--597-438/-810*--414+204-224/240/--288-793/+-81-997/-,True
992152*-593/-838159/12/924/-320/+-920-474/32*--879-687551*--622-,992152*-593/-838159/12/924/-320/+-920-474/32*--879-687551*--622-,True
-358535-365*--169--864+-723564/-949/-99/-485*+-669--20*-265-761*489/-,-358535-365*--169--864+-723564/-949/-99/-485*+-669--20*-265-761*489/-,False
842670/201-866*-882/+-255426/--453233/-88/+-838+-76243*+585--306+,842670/201-866*-882/+-255426/--453233/-88/+-838+-76243*+585--306+,True
-619-191652*+-733-757/-70/+198-26+793160/710*+-859-467*-95/337*+,-619-191652*+-733-757/-70/+198-26+793160/710*+-859-467*-95/337*+,False
-521-732*-255*-662+208+951851/404/+563--368--179--397-593*-795*469**,-521-732*-255*-662+208+951851/404/+563--368--179--397-593*-795*469**,True
-38033-488*-603+-851-662*-417+-24--773-490/-927*+-133-2836-346/+,-38033-488*-603+-851-662*-417+-24--773-490/-927*+-133-2836-346/+,False
-297-944/-523-792+122-658/-732*217/649*590*--992-925--316-184*+-318-,-297-944/-523-792+122-658/-732*217/649*590*--992-925--316-184*+-318-,True
-732401/435*-775/-679/939652/+445-471*-851314*-191*+-809-436-800/-,-732401/435*-775/-679/939652/+445-471*-851314*-191*+-809-436-800/-,False
-886-726+-143879/+754-597/--188-353/-296*695*498*-752*+-930-880*-877+,-886-726+-143879/+754-597/--188-353/-296*695*498*-752*+-930-880*-877+,True
-297-412+-897--450-855*371/+-380-274*+-697+-552--259--541-760*-421-950/-,-297-412+-897--450-855*371/+-380-274*+-697+-552--259--541-760*-421-950/-,False
-446-402-968780*-150+239-815-265/-889--558/+-98243/+-139--781+214-,-446-402-968780*-150+239-815-265/-889--558/+-98243/+-139--781+214-,True
73376-207/439*990/941/+-337--931104/-557+664+242-321*--89+36+,73376-207/439*990/941/+-337--931104/-557+664+242-321*--89+36+,True
-638-156-520*935*489*-175*550*+931518/+43800*-921/+285147/-728+,-638-156-520*935*489*-175*550*+931518/+43800*-921/+285147/-728+,True
-417-1+428--106+106-532*--84+660-962+-198-576-151*-874--586-852-,-417-1+428--106+106-532*--84+660-962+-198-576-151*-874--586-852-,True
71-502/377*-791/760-694/-919-135/-154/-452+-470--23-338*+-942-557+,71-502/377*-791/760-694/-919-135/-154/-452+-470--23-338*+-942-557+,False
-185137-351*-256*+316329*-989/--679-299*-725860/5/+-153+10610*+,-185137-351*-256*+316329*-989/--679-299*-725860/5/+-153+10610*+,True
-851-749+231378/+-669787*--958933*--155--685--504733*-80-939+-966+,-851-749+231378/+-669787*--958933*--155--685--504733*-80-939+-966+,False
60-561736/-577/39*-343/-313/-694--529*+57564/509*+445+-741+156-,60-561736/-577/39*-343/-313/-694--529*+57564/509*+445+-741+156-,True
146-920*-899/-819*-210--113+-464+-278--262281/-482*-955/+531*977+-875-,146-920*-899/-819*-210--113+-464+-278--262281/-482*-955/+531*977+-875-,False
-952-297--511-788981/-876/242*147*246*494/-777/+834-858*+885+909+,-952-297--511-788981/-876/242*147*246*494/-777/+834-858*+885+909+,True
842-601/-72/879/-516/-801*-739/-948+195-930--903-458--912-806*+388+,842-601/-72/879/-516/-801*-739/-948+195-930--903-458--912-806*+388+,True
58631*-370232/-756667*+-248/-477-840+-806-597*492/+-89963/-698*+,58631*-370232/-756667*+-248/-477-840+-806-597*492/+-89963/-698*+,False
-105874/-884*281+813850/219*453/--720+952-192/-863/852*646/--504-,-105874/-884*281+813850/219*453/--720+952-192/-863/852*646/--504-,True
-52218694*706/-835*--538-641--261-79*+578-800--427-236*+470-113*+,-52218694*706/-835*--538-641--261-79*+578-800--427-236*+470-113*+,True
-38-145*711+37-556*-87-75/-743*581*98/--121+-308482/-603+-342-,-38-145*711+37-556*-87-75/-743*581*98/--121+-308482/-603+-342-,True
-271995-617/512/-71/-335/+156-923529*+592-42*762/-755--171730/+,-271995-617/512/-71/-335/+156-923529*+592-42*762/-755--171730/+,False
-397-234/-318491*-801*--645-474/+965-768/218/898/-999/254/--804--138+,-397-234/-318491*-801*--645-474/+965-768/218/898/-999/254/--804--138+,True
-876-470*851485/16/-507929*+361-404-+621547/673*839/946*-848*-,-876-470*851485/16/-507929*+361-404-+621547/673*839/946*-848*-,False
853-325*580--762+-294190/392*280*+778-569*+419+149-990*+800+-565-,853-325*580--762+-294190/392*280*+778-569*+419+149-990*+800+-565-,True
-39649/141+-484+-678-256/-661/-637*+-675+-441+76--606--54-313/+368+,-39649/141+-484+-678-256/-661/-637*+-675+-441+76--606--54-313/+368+,True
-65-435*-650/451*-854*-573*-85957*+690+965+-84932-+-980502/610/-,-65-435*-650/451*-854*-573*-85957*+690+965+-84932-+-980502/610/-,False
686-704+132+739-739--460-731*+143-907-847/10*--332+-366+267+96-,686-704+132+739-739--460-731*+143-907-847/10*--332+-366+267+96-,False
-919-35239*-679*-730*-136*-524/430*-863+182+-336-366*645*+-52930*-,-919-35239*-679*-730*-136*-524/430*-863+182+-336-366*645*+-52930*-,False
922-895-636*-71590/-508-117/-639*61/443/+-901-951--78-754*-161+,922-895-636*-71590/-508-117/-639*61/443/+-901-951--78-754*-161+,True
84154-941-416/+-809+422914/+250+-201+-565+479--836+810-710/+-698+,84154-941-416/+-809+422914/+250+-201+-565+479--836+810-710/+-698+,False
-635719-330/-438*--527-515*388*-287/+890537/485*-567-609/+142+224-,-635719-330/-438*--527-515*388*-287/+890537/485*-567-609/+142+224-,True
64-333/-337-697-946*+821--525--943-360*--228233/--366287*-477*-750/+,64-333/-337-697-946*+821--525--943-360*--228233/--366287*-477*-750/+,False
428-672*807*290138*232/381*-232--411-349*-331-198/88699/-875*-,428-672*807*290138*232/381*-232--411-349*-331-198/88699/-875*-,False
-247954--614159/550/669*701*+-273-549/172/-43+798+83193/-613+,-247954--614159/550/669*701*+-273-549/172/-43+798+83193/-613+,True
-543-431522*-65/-266325*-17/-582*+331-129*+138-310/687/-438*--582-,-543-431522*-65/-266325*-17/-582*+331-129*+138-310/687/-438*--582-,False
-437-984/-58810/+973--985971*-585/512/93*607*-588/+625154/395/-,-437-984/-58810/+973--985971*-585/512/93*607*-588/+625154/395/-,True
-27367*414/598-14*+-362-93457/-686*-980*111*+-317+681444*-315+,-27367*414/598-14*+-362-93457/-686*-980*111*+-317+681444*-315+,False
145-820+800189*+-750-605*901/893/+582-712/--88-804706/154/884*+,145-820+800189*+-750-605*901/893/+582-712/--88-804706/154/884*+,True
-329925*192--243637*--248+445553/-444/567*917*-933--722-523*+-12-,-329925*192--243637*--248+445553/-444/567*917*-933--722-523*+-12-,True
107-534967/88*-829--984-135/-837/-689*326*962*-839+901-669/--773+,107-534967/88*-829--984-135/-837/-689*326*962*-839+901-669/--773+,False
464-92+-233-675*--960+67--955+291-532--483-943-3*--463813*-144*+,464-92+-233-675*--960+67--955+291-532--483-943-3*--463813*-144*+,False
273-790+546-432/-476+68372/+-326805/--823+-470169*+434+-607287*-,273-790+546-432/-476+68372/+-326805/--823+-470169*+434+-607287*-,True
437560*-212244*-678/46*110*+-37479*+624529/+783--345+710-678/+,437560*-212244*-678/46*110*+-37479*+624529/+783--345+710-678/+,True
-645826-471146*--941-96*184*-677+-525--356+906-731/--964-106-907*-,-645826-471146*--941-96*184*-677+-525--356+906-731/--964-106-907*-,False
692-904+-355--426414*+-747+-651--82-330*895/-562315+-990-38357*+,692-904+-355--426414*+-747+-651--82-330*895/-562315+-990-38357*+,True
-693408+-23660/-797*361/67*-379/840/-115*-783/-382+-862/--277-225/+,-693408+-23660/-797*361/67*-379/840/-115*-783/-382+-862/--277-225/+,True
-676718+-286697*--531+676--283991*--302-627908*-328/+-836-272/470/+,-676718+-286697*--531+676--283991*--302-627908*-328/+-836-272/470/+,True
-432407*961578/--261917/--827116*606/-68/2/-908*-749/-164--88+,-432407*961578/--261917/--827116*606/-68/2/-908*-749/-164--88+,False
-728-158+-961--354-189/199*-768*+-505/-134-635*-768+-421-879*+782+865+,-728-158+-961--354-189/199*-768*+-505/-134-635*-768+-421-879*+782+865+,False
-461-723--595--348+-482--757--831+-136-401+104+51--50-261*485--334-,-461-723--595--348+-482--757--831+-136-401+104+51--50-261*485--334-,True
-871376-697*+70856*-779/-715*401/235*323*-773*+-173-945/-616*-763-,-871376-697*+70856*-779/-715*401/235*323*-773*+-173-945/-616*-763-,False
896357+980-847/-885*-565141/--268--552--260749*--209-975*--499863/+,896357+980-847/-885*-565141/--268--552--260749*--209-975*--499863/+,False
-232-504--466895*-567261*+396-146/--539268*--710--823+358+789/-194+,-232-504--466895*-567261*+396-146/--539268*--710--823+358+789/-194+,False
-688-422*-763*481-900/836*229/--662+-654889*319*849/+834-552+616+,-688-422*-763*481-900/836*229/--662+-654889*319*849/+834-552+616+,True
-675618-863/-683--615/30496*--493-684--18424*+-438--602--876-778*-,-675618-863/-683--615/30496*--493-684--18424*+-438--602--876-778*-,True
-672715--689--735-490400*778*694/482/20/-8114/--988-964353/-,-672715--689--735-490400*778*694/482/20/-8114/--988-964353/-,False
460404/806-847*972/-290*--252621/-908231/+109--413-766822*+845-,460404/806-847*972/-290*--252621/-908231/+109--413-766822*+845-,True
10134625*-388*+883-385/-298/+414420*+832+-20198*-510*-427*--566+,10134625*-388*+883-385/-298/+414420*+832+-20198*-510*-427*--566+,True
961-203*-118-417/--1000-541*+69-444-262/490/--80880*901*--782+-91+,961-203*-118-417/--1000-541*+69-444-262/490/--80880*901*--782+-91+,True
34-275/-436-866/+-695*-798/139/+-355-229-851-570/989*130/-217*-,34-275/-436-866/+-695*-798/139/+-355-229-851-570/989*130/-217*-,True
-310117+-99+670+-967-94*-991/-456--670--91793*--198-987/+381+-380+,-310117+-99+670+-967-94*-991/-456--670--91793*--198-987/+381+-380+,True
697377776/-368*-408-282/-246/-878674*--390--645296*-67/-347*--158-,697377776/-368*-408-282/-246/-878674*--390--645296*-67/-347*--158-,True
-366-335/-812/967/-85-115*+-509--425--728+-6-867*+337+-798-869++-969+,-366-335/-812/967/-85-115*+-509--425--728+-6-867*+337+-798-869++-969+,True
447705/-772/581-296/319*488/916*-3*322*-984*-329+-215-824*182/+,447705/-772/581-296/319*488/916*-3*322*-984*-329+-215-824*182/+,False
-822-147/-935+-205+-719-463/+-36--4967/-970/-958+906101/+189-630*-,-822-147/-935+-205+-719-463/+-36--4967/-970/-958+906101/+189-630*-,False
487593+-28+231-452/-211+-13484/-541-6--174-153/+-751221*143/-,487593+-28+231-452/-211+-13484/-541-6--174-153/+-751221*143/-,False
32138--977+20+796-653+857+456678+-10160*410*+391579/-92*+,32138--977+20+796-653+857+456678+-10160*410*+391579/-92*+,False
128-632/-200*-239/-771/648*300/474/-305-154--842+-655+874--961874*+,128-632/-200*-239/-771/648*300/474/-305-154--842+-655+874--961874*+,True
11-550/-830*-610*-281-858659*-859*--780+-335552*906*-215*-790/635*-,11-550/-830*-610*-281-858659*-859*--780+-335552*906*-215*-790/635*-,False
-573720/164*757-928/+-675837*+-34267*818/743/--607-382*-733/-505-+,-573720/164*757-928/+-675837*+-34267*818/743/--607-382*-733/-505-+,False
355970*-708*107-919+942-389545*+-396-131*-237869/-871/8/-584*-,355970*-708*107-919+942-389545*+-396-131*-237869/-871/8/-584*-,True
-409187--211+177804*+284-82/-730/--383-527--513-814*+33--822-610+,-409187--211+177804*+284-82/-730/--383-527--513-814*+33--822-610+,False
909-970*174-335-408*-443-691*-71-151*-569337--676*-434+894+-378+,909-970*174-335-408*-443-691*-71-151*-569337--676*-434+894+-378+,True
927287-876*-745-506+35564*--162+-659319*--883770/+26+-755-545/-,927287-876*-745-506+35564*--162+-659319*--883770/+26+-755-545/-,True
87676*-592-191-561*--323+528-493718/534*--697548/21/899/477*-,87676*-592-191-561*--323+528-493718/534*--697548/21/899/477*-,False
-162-523/416*-925*-82*-303*112*-206/515/-333--984865/-472*995/-19/+,-162-523/416*-925*-82*-303*112*-206/515/-333--984865/-472*995/-19/+,False
-728678-834*+272-357*--975+-307246*+-746+-69-326*141/-150/+-234--344-,-728678-834*+272-357*--975+-307246*+-746+-69-326*141/-150/+-234--344-,False
-874-756/36+-862930---683-298*877/--168-156/520/+-917+402+-362-790-,-874-756/36+-862930---683-298*877/--168-156/520/+-917+402+-362-790-,True
-582379-947/-562+-847660/69*-85481*-549/+-1000505*487*--618--981+,-582379-947/-562+-847660/69*-85481*-549/+-1000505*487*--618--981+,True
-431330660/+887--88-184-939/-636*-334--303+-907-550/--518548/-820/+,-431330660/+887--88-184-939/-636*-334--303+-907-550/--518548/-820/+,False
-51-745-525*630*-789/-605*-379/+-140*679+956+371-973*482/+-418--431+,-51-745-525*630*-789/-605*-379/+-140*679+956+371-973*482/+-418--431+,False
-866407811*-920/-270/+-299798*--86+-911+-981--375-767/54785*-971*-,-866407811*-920/-270/+-299798*--86+-911+-981--375-767/54785*-971*-,False
-227-694/755/396/-293753*-464*-726*+-670+723720/87/-102*530/-971-,-227-694/755/396/-293753*-464*-726*+-670+723720/87/-102*530/-971-,False
-231-166/-122*113*-960*-249*-133-381*-438*/267-646+-868+-76+-645--627+,-231-166/-122*113*-960*-249*-133-381*-438*/267-646+-868+-76+-645--627+,False
-728-700*955/-227*953+-9975/-602-269965/482/641/-235-416114/+,-728-700*955/-227*953+-9975/-602-269965/482/641/-235-416114/+,False
17373/913/-288729*565/*-398911/+325-231*-414*+-210-776+965808/-,17373/913/-288729*565/*-398911/+325-231*-414*+-210-776+965808/-,True
552-327/-129207/-932-718--679+-385-329/+-403-761*455/+878902*-516/-,552-327/-129207/-932-718--679+-385-329/+-403-761*455/+878902*-516/-,True
-706-16*-348/-63+535-967*-895*-239*-223+542-567-954-171/-62/-821*+,-706-16*-348/-63+535-967*-895*-239*-223+542-567-954-171/-62/-821*+,False
620-300-152*-433--329+270-365/+-301-583*147*429++664106*114*-302/-,620-300-152*-433--329+270-365/+-301-583*147*429++664106*114*-302/-,True
-968818*-247-463/--673+925+484-374*-654649/-738/--149-209*603+--463-,-968818*-247-463/--673+925+484-374*-654649/-738/--149-209*603+--463-,False
-81527/-555*-810136*+91989*-601-479/+382-690/328*--854215/-558*/,-81527/-555*-810136*+91989*-601-479/+382-690/328*--854215/-558*/,False
-570-184-306-550649*-401*328*--146956/-918--642+235-709-499/+17+,-570-184-306-550649*-401*328*--146956/-918--642+235-709-499/+17+,True
-33-501-160*494/599*558*+794701/+-267339*+-997-891+-837+102-184*-,-33-501-160*494/599*558*+794701/+-267339*+-997-891+-837+102-184*-,False
-310-653/-512+-391+363813//-66-415++406415*+841-599*858*+388628/-,-310-653/-512+-391+363813//-66-415++406415*+841-599*858*+388628/-,False
-209-24+-680+217--527-657*--714172*83*-827*-106/-605/-375*+689+-440-,-209-24+-680+217--527-657*--714172*83*-827*-106/-605/-375*+689+-440-,True
918332/316-761/-919*-843/-812-168*+987--433902*+554+306-885/708-,918332/316-761/-919*-843/-812-168*+987--433902*+554+306-885/708-,False
-75987*-120-997-756*-809*--573-497*201*+265-197/--911+189788*+-866+,-75987*-120-997-756*-809*--573-497*201*+265-197/--911+189788*+-866+,True
-818-119/943-790*-845-559/+504-674--91114*+-475819*731/131*+888-,-818-119/943-790*-845-559/+504-674--91114*+-475819*731/131*+888-,False
861332--502-118--614+-64-375393/--342774//173578/+149-408-100*+,861332--502-118--614+-64-375393/--342774//173578/+149-408-100*+,True
501-231*305--974-569-708792/+-619734*-630-75*-620*-844*127/--826-,501-231*305--974-569-708792/+-619734*-630-75*-620*-844*127/--826-,True
-312557*-677/81*-69098/807*--996+-942-45180*--90--113-512/-228*-,-312557*-677/81*-69098/807*--996+-942-45180*--90--113-512/-228*-,True
-942-903/-385-925*+-836694*-149/--640-809/414*-114/+-889-625*+175823/*,-942-903/-385-925*+-836694*-149/--640-809/414*-114/+-889-625*+175823/*,True
-770291--251325/+749+-1000-310/+167+-747-681/941*-61*425/251/154*+,-770291--251325/+749+-1000-310/+167+-747-681/941*-61*425/251/154*+,True
-887-681*-561/609--804-675/-844/-779/67*+150-13*+-61-955-945*+264+,-887-681*-561/609--804-675/-844/-779/67*+150-13*+-61-955-945*+264+,True
-787-537*677-548/+974--127--777+-453826*+519885*+922282/-621-145+,-787-537*677-548/+974--127--777+-453826*+519885*+922282/-621-145+,False
-333-464*-254+326+-490-804+-198421*815/692*+-356+225-875-127+-222-,-333-464*-254+326+-490-804+-198421*815/692*+-356+225-875-127+-222-,True
-134460--216-974+709-879/-462/-574--261--438526+--680-438/+-147--821-,-134460--216-974+709-879/-462/-574--261--438526+--680-438/+-147--821-,False
10526+318+856-475*+-171-721/+-165--49+225+-307+-228-700*+-821652*-,10526+318+856-475*+-171-721/+-165--49+225+-307+-228-700*+-821652*-,False
600-717-389*+881+-553-207*296/--312+-643+-381+113+-70-721/--573--833+,600-717-389*+881+-553-207*296/--312+-643+-381+113+-70-721/--573--833+,True
-512-515*495/284+-540-521+937121*748/--567--807101/-694/-207/--134+,-512-515*495/284+-540-521+937121*748/--567--807101/-694/-207/--134+,True
371-322*-658-31/-798*86/216/+580-869*-491*--881-148-985/+-709-788*+,371-322*-658-31/-798*86/216/+580-869*-491*--881-148-985/+-709-788*+,True
935-17*-788/-516+897+-803-1000/-18*--584-384/+-679-534*270--969-440+,935-17*-788/-516+897+-803-1000/-18*--584-384/+-679-534*270--969-440+,False
75374+-522934/-380-589*573*-131233/288*-658-878*+162-737/-447/+,75374+-522934/-380-589*573*-131233/288*-658-878*+162-737/-447/+,False
351-525376/--160657/-906+652-47/--935-875*492+2/-813+682136*+,351-525376/--160657/-906+652-47/--935-875*492+2/-813+682136*+,True
831462/532+-127473*-580/216/277/--559+40424/-746-566/965/-600-,831462/532+-127473*-580/216/277/--559+40424/-746-566/965/-600-,True
674-596*-628/-645-949*381*-367-634/523/-615/+589+257871*470*-242/-,674-596*-628/-645-949*381*-367-634/523/-615/+589+257871*470*-242/-,False
959-417*37/60-532*449/-196/+388108*-788/+-209-958*878*-744+862+,959-417*37/60-532*449/-196/+388108*-788/+-209-958*878*-744+862+,True
-248-492*185-117/-116*781/--38414/*-747-19-37/-933*+221-906-312/-,-248-492*185-117/-116*781/--38414/*-747-19-37/-933*+221-906-312/-,False
237-458-297/+-315/-16--863-943+811+-869-14/-156*-925-601/-604*+-548+,237-458-297/+-315/-16--863-943+811+-869-14/-156*-925-601/-604*+-548+,False
-783-232*271*326*-394-729*-392417-+-519688/+907--32+-724/848-701*+,-783-232*271*326*-394-729*-392417-+-519688/+907--32+-724/848-701*+,False
677626-546/+-240731*--205-766*+-464796/-15*+699885/-979+676--796-,677626-546/+-240731*--205-766*+-464796/-15*+699885/-979+676--796-,False
445383-194392-968/-724+-17446/+-230-57870*+74-231*+-790698*-,445383-194392-968/-724+-17446/+-230-57870*+74-231*+-790698*-,True
-938-302+294754**-137670/-612/+812+-114+505+-5-140*-75/+-595--223-,-938-302+294754**-137670/-612/+812+-114+505+-5-140*-75/+-595--223-,False
621-990+-982+197--297--645--98-300+-562-81/551*+-565-165289/--494+,621-990+-982+197--297--645--98-300+-562-81/551*+-565-165289/--494+,True
-820-269+-302--863--164+-362-370871/-298*--85-113*-956/-318-461196/+,-820-269+-302--863--164+-362-370871/-298*--85-113*-956/-318-461196/+,False
309468/534/106-396*+-777-761/--863+796509/+904981*--426+-299628*+,309468/534/106-396*+-777-761/--863+796509/+904981*--426+-299628*+,False
-37952+449-276+995+-803412*--798+910-881+83--290914*-838152*+,-37952+449-276+995+-803412*--798+910-881+83--290914*-838152*+,False
702747*735*277-977*-436*+-172+-838+630524/+461823/-458--416856*-,702747*735*277-977*-436*+-172+-838+630524/+461823/-458--416856*-,True
-792-471*0+-21-723*-542-212/-358/-819--893+-708+-983-97+-925979/+,-792-471*0+-21-723*-542-212/-358/-819--893+-708+-983-97+-925979/+,False
-495-546-518/--51412/866/--736+657-229+-123921*38/+-437386/-477*+,-495-546-518/--51412/866/--736+657-229+-123921*38/+-437386/-477*+,True
-214-972--430-901+-248-170+645-633*-91*+214-471*-422*--26235/457/-,-214-972--430-901+-248-170+645-633*-91*+214-471*-422*--26235/457/-,True
944454478/82*-207173*72*-235/-322--347--523-928*--838+713-272-,944454478/82*-207173*72*-235/-322--347--523-928*--838+713-272-,True
491-950*525/430-451*-496/-180/262*-94--289-715-744/+-77-702*--292-,491-950*525/430-451*-496/-180/262*-94--289-715-744/+-77-702*--292-,False
-111-297/160/370*-528787*+707+-823-738*-489*175/-130/-437-533/+175-,-111-297/160/370*-528787*+707+-823-738*-489*175/-130/-437-533/+175-,True
-59-963/539-789*93/886823/--8565/+-849949/-345/+408+-148145/-,-59-963/539-789*93/886823/--8565/+-849949/-345/+408+-148145/-,False
422-980+547166*615*-129/-275*-768+-175-278/+-880-503*-8/+17352*+,422-980+547166*615*-129/-275*-768+-175-278/+-880-503*-8/+17352*+,False
925-388/477+877-997/-241-820-119/--812--706-998*-767*-31986*-268+,925-388/477+877-997/-241-820-119/--812--706-998*-767*-31986*-268+,True
518-518/72563/+907--563-165/+-444+965--688-502/53/+-204--546-486+,518-518/72563/+907--563-165/+-444+965--688-502/53/+-204--546-486+,False
922-864*-264-682+69-431*-468-189*+-228-755*+245+798681*-122/686*-,922-864*-264-682+69-431*-468-189*+-228-755*+245+798681*-122/686*-,True
244149*600-960*+-494+3-480-246*+943105/278/-774*810/-333*697/+,244149*600-960*+-494+3-480-246*+943105/278/-774*810/-333*697/+,False
432-198--585+60+-295-432-427--867-316-21-851/-947*--212-756*-192*+,432-198--585+60+-295-432-427--867-316-21-851/-947*--212-756*-192*+,True
-99733/799-993*--921-167--716--771-616/755*-118-808+32*+880--935-,-99733/799-993*--921-167--716--771-616/755*-118-808+32*+880--935-,False
-206-110*-949/223-300/*-330-179-662/+722+-233223*348/+-36032/-797+,-206-110*-949/223-300/*-330-179-662/+722+-233223*348/+-36032/-797+,True
-35-572*-468+-63434*517*-824/+-573-993*-949*-285*522/+-620+798468/+,-35-572*-468+-63434*517*-824/+-573-993*-949*-285*522/+-620+798468/+,True
-935-982/-936-252/-812125*-652/+-15-618*-10*842/+-582-962-635*-216+,-935-982/-936-252/-812125*-652/+-15-618*-10*842/+-582-962-635*-216+,False
-622-984--365-524*+730-818-233-958494/173*122*--177--126-107---643+,-622-984--365-524*+730-818-233-958494/173*122*--177--126-107---643+,False
24-546*-271*417726/-573*-607/-297/--931-177*777/523*-117890/-11/+,24-546*-271*417726/-573*-607/-297/--931-177*777/523*-117890/-11/+,True
453439/115627*271*+-822117*311//68-369--310-853/-120/*614-402/-,453439/115627*271*+-822117*311//68-369--310-853/-120/*614-402/-,False
495970*33/-24-129*-706/+427/754-739/-361/-264/+-976-785/430/-312+,495970*33/-24-129*-706/+427/754-739/-361/-264/+-976-785/430/-312+,False
883-444/-307+367-241952/+389-274950/602/421*942*--623-447-58+,883-444/-307+367-241952/+389-274950/602/421*942*--623-447-58+,False
364380-5*-15/-826137*+35968/+625746/+-394+-647-277876/+-894+,364380-5*-15/-826137*+35968/+625746/+-394+-647-277876/+-894+,False
840495--609-406--57372/--761-687*-953*+937546/--422-550*-986+591+,840495--609-406--57372/--761-687*-953*+937546/--422-550*-986+591+,False
-881-427/-542-919/276/-917/425/+956361/+-204-770++922646*--671849*-,-881-427/-542-919/276/-917/425/+956361/+-204-770++922646*--671849*-,True
-564-767967*-142/311*-820*686*-825*+-737+-934-118*189*369*567/-176/+,-564-767967*-142/311*-820*686*-825*+-737+-934-118*189*369*567/-176/+,True
-891-851*376-189/226/-42/635/-593-500--905863/-808/+-30820*-732*+,-891-851*376-189/226/-42/635/-593-500--905863/-808/+-30820*-732*+,False
-440-346/816-569*-121*169*-820+934-587*-372*-41/873*-627--857977*-,-440-346/816-569*-121*169*-820+934-587*-372*-41/873*-627--857977*-,False
38490*-193/599/-84*83--450167/+7225/--178-249*+-771+882-76+,38490*-193/599/-84*83--450167/+7225/--178-249*+-771+882-76+,True
-941-578772*718*--588-842*+714-651+-741--109-515/554*-933-751/-549/-,-941-578772*718*--588-842*+714-651+-741--109-515/554*-933-751/-549/-,False
-569-103*-646/80*-504*-80*964-449*--113--872+-956--6+259+-153505/-,-569-103*-646/80*-504*-80*964-449*--113--872+-956--6+259+-153505/-,False
-454-608-690*638*-737*919*+101425*+76818/-575*872/-219/--55+-272+,-454-608-690*638*-737*919*+101425*+76818/-575*872/-219/--55+-272+,True
805-239-450/+-997267/122*--885-771*536*-674/-208+-596--884-745/742*-,805-239-450/+-997267/122*--885-771*536*-674/-208+-596--884-745/742*-,True
587-723*-636+-95-890/+516--537413/-859*--469-794*-719/-966*+-83126*+,587-723*-636+-95-890/+516--537413/-859*--469-794*-719/-966*+-83126*+,True
237-222--722717*--714-603/-200*--219/-532964/+-347--912120*-345/+761/,237-222--722717*--714-603/-200*--219/-532964/+-347--912120*-345/+761/,False
410-547-856*150*--379+193286*+501-929*+-462-446--445--63672*-250++,410-547-856*150*--379+193286*+501-929*+-462-446--445--63672*-250++,False
-331215/-60/743764/+713371/+334+-642+-557+220271*--260-556/+473+,-331215/-60/743764/+713371/+334+-642+-557+220271*--260-556/+473+,True
-61519-79*--757-857567/714/--874+-877+716--355-207/+814+-974+-844+,-61519-79*--757-857567/714/--874+-877+716--355-207/+814+-974+-844+,False
503572-128/-462*935*-314*+554+-73064*+80+-300+-999+686--768+737-,503572-128/-462*935*-314*+554+-73064*+80+-300+-999+686--768+737-,False
62537-69--84894*+-937+-492+690983/436/-712/+-856815/910*-512*-,62537-69--84894*+-937+-492+690983/436/-712/+-856815/910*-512*-,False
891457+-313-398+751-1000*--819270/-253*/30879*+994+-31-251/-183+,891457+-313-398+751-1000*--819270/-253*/30879*+994+-31-251/-183+,True
-543142+520--362797/416/807+445*-522/-499957*914*-78640/879/-,-543142+520--362797/416/807+445*-522/-499957*914*-78640/879/-,True
-334-941/-85266*+-766541*+588--66-662-427*--727+875--435-974-376*-,-334-941/-85266*+-766541*+588--66-662-427*--727+875--435-974-376*-,True
-331102/902/236-124-773/-135*-741192/--920374/+887+868+899+-151-,-331102/902/236-124-773/-135*-741192/--920374/+887+868+899+-151-,False
987213-775/861/+-375--170+978+137439*-178*+435+68-360/108/-558/+,987213-775/861/+-375--170+978+137439*-178*+435+68-360/108/-558/+,True
-415251*930/443-192+-486+272959*-689/203*-814/-883+-343-62/812/+,-415251*930/443-192+-486+272959*-689/203*-814/-883+-343-62/812/+,False
89435712/242*+-773--695-67*+583-563*615/+944-811+-245-458-767/-,89435712/242*+-773--695-67*+583-563*615/+944-811+-245-458-767/-,False
627-586718*-563+260+-643+-139-829+335117/-518*541*+-71963**65+,627-586718*-563+260+-643+-139-829+335117/-518*541*+-71963**65+,True
-39875+-905-912/--130-984*-945*--662872*+-742+-743-241*--429-727/358*-,-39875+-905-912/--130-984*-945*--662872*+-742+-743-241*--429-727/358*-,False
651-353+760+-211+921-155**-181--228260/760*-779+9942/-731/--587-,651-353+760+-211+921-155**-181--228260/760*-779+9942/-731/--587-,False
-121-218-497*-258--397--673+846+324+397774/-136*+-17956/+414-185-,-121-218-497*-258--397--673+846+324+397774/-136*+-17956/+414-185-,True
-596-205/545779/-505-34*293/--430599/+-899--494-810+386--235825/+,-596-205/545779/-505-34*293/--430599/+-899--494-810+386--235825/+,False
-943558-530/-61725/-816394/+-533--777+-765-851*--562--640-605844/+,-943558-530/-61725/-816394/+-533--777+-765-851*--562--640-605844/+,False
765154858*274*+-95+-916+-972977/--285-517*-609482/420*+-567-455*-,765154858*274*+-95+-916+-972977/--285-517*-609482/420*+-567-455*-,True
867571+-88717/--721-38/611---508-614*-233/-890/+-5741*935/110*-,867571+-88717/--721-38/611---508-614*-233/-890/+-5741*935/110*-,True
913-528+-326-316/-835*519/144/*-715200*-299/-224/619*86/+-392+-354+,913-528+-326-316/-835*519/144/*-715200*-299/-224/619*86/+-392+-354+,True
759766-504/--150423*757/--851--205317*-9*+-132+718-962/27/+488+,759766-504/--150423*757/--851--205317*-9*+-132+718-962/27/+488+,True
-844866931*-686/--715-210/--253796*--110444*-596+974533*--203-730*+,-844866931*-686/--715-210/--253796*--110444*-596+974533*--203-730*+,True
758374--965-104/+200223/+31+-316-972*+170--847+84387*261*363*+,758374--965-104/+200223/+31+-316-972*+170--847+84387*261*363*+,True
-698-286-241/-333-97/--347+-617-958*-835/--974918/+201-483*-435*532*+,-698-286-241/-333-97/--347+-617-958*-835/--974918/+201-483*-435*532*+,False
-328-161225*-576-545-224287/593/-869+199-752*+81+-139--223+-882+,-328-161225*-576-545-224287/593/-869+199-752*+81+-139--223+-882+,True
584-776*380*545-627-254*-735-2*-967/859/+547--44-725*+947-723-,584-776*380*545-627-254*-735-2*-967/859/+547--44-725*+947-723-,False
668357/-367-104-812+871998/-226/687*883*--560+-639+518879*-332+,668357/-367-104-812+871998/-226/687*883*--560+-639+518879*-332+,True
599-472729/--241-821/-369/-106-977+-557-223*+512+-693332/+-941-136+,599-472729/--241-821/-369/-106-977+-557-223*+512+-693332/+-941-136+,False
122294*-823*-744*504+676+132+-325582*420/192/425*285*208*398+-,122294*-823*-744*504+676+132+-325582*420/192/425*285*208*398+-,False
-923-13+-676+378-511/+256--718-671-276/61-+-185-490952*--536-735+,-923-13+-676+378-511/+256--718-671-276/61-+-185-490952*--536-735+,False
-713-231/247+-383-472*-266*555*--852-349489**106+-75946*28*306/-,-713-231/247+-383-472*-266*555*--852-349489**106+-75946*28*306/-,True
-120-792*-381+-227764*-208*-913916*-978*772/641/+922+-493-557*-772+,-120-792*-381+-227764*-208*-913916*-978*772/641/+922+-493-557*-772+,False
602881*881-816914/946*475/+-80192/+731-312/+-811--655748*-45/+,602881*881-816914/946*475/+-80192/+731-312/+-811--655748*-45/+,True
-145-316/623+-307412*29*+-241-186*+420-210*+848--974+-99-960*+889-,-145-316/623+-307412*29*+-241-186*+420-210*+848--974+-99-960*+889-,True
810484+-726817*-49/+-374-433*--722-869*+-645-396-312*799*127/-243*-,810484+-726817*-49/+-374-433*--722-869*+-645-396-312*799*127/-243*-,False
-174-273/-220-689/532/-884/-264658/-687-148*-234/+209+163--625+875+,-174-273/-220-689/532/-884/-264658/-687-148*-234/+209+163--625+875+,False
-596516--107-540/-395-826+776820/--943-245--482-499/-780/+-20+146+,-596516--107-540/-395-826+776820/--943-245--482-499/-780/+-20+146+,True
945-310/607*947*-458+33+663-501*-994*785/-658*+263+-812-965+-627-,945-310/607*947*-458+33+663-501*-994*785/-658*+263+-812-965+-627-,True
273526/-628*6457*-404/+-67+34-443/+-981+-987--781242*954*-417+,273526/-628*6457*-404/+-67+34-443/+-981+-987--781242*954*-417+,True
923-443-443957*965*-880-838*--106--849300--701/-192781*-646/-142*-,923-443-443957*965*-880-838*--106--849300--701/-192781*-646/-142*-,True
177512-470*+-595848/-349/+983828*-277-308-726144/+101-957*-47/+,177512-470*+-595848/-349/+983828*-277-308-726144/+101-957*-47/+,True
966-767*-249-236*+290-146/-517584*+-945--501-509*-378+-481+-233-183++,966-767*-249-236*+290-146/-517584*+-945--501-509*-378+-481+-233-183++,False
-552-220+-976+-861-911317/+-80+-518565/-724*--98322*-365*-858566/+,-552-220+-976+-861-911317/+-80+-518565/-724*--98322*-365*-858566/+,True
823215-535/+-86-770/337*83*761/--344-261/-401/-925/122*-298*--205-,823215-535/+-86-770/337*83*761/--344-261/-401/-925/122*-298*--205-,True
-439907/-138+556-343438*555/-197/879*985*-71+219+313--962-576-,-439907/-138+556-343438*555/-197/879*985*-71+219+313--962-576-,False
-923-752158/--8007*-975--673+80844*673/478*47*396*+43793/+,-923-752158/--8007*-975--673+80844*673/478*47*396*+43793/+,False
783-183*-213+951-563*337/+-232-706/683/--509-709*-352/-577-717/-384*-,783-183*-213+951-563*337/+-232-706/683/--509-709*-352/-577-717/-384*-,True
-137-423*434920/+-451-723/--309-141*+-458+509+62298*/306+-237-979*-,-137-423*434920/+-451-723/--309-141*+-458+509+62298*/306+-237-979*-,False
14729*-238441/-660/+-69213*825/--460+-9+21-209--960-777/-644/-,14729*-238441/-660/+-69213*825/--460+-9+21-209--960-777/-644/-,True
504240743/-133/--780922*--223-488/359/+745-657-815+495385*-726-,504240743/-133/--780922*--223-488/359/+745-657-815+495385*-726-,False
721-269/743+505+680-553-372+14+-353+298+-859-456/675/-320*-710/-,721-269/743+505+680-553-372+14+-353+298+-859-456/675/-320*-710/-,True
894521/-321--607+-726-171/+12664/+37599*2-626/788/+951-395/+,894521/-321--607+-726-171/+12664/+37599*2-626/788/+951-395/+,True
513-117/-144--449--849614*-733+-780--124-706--240-702-157911/956*+,513-117/-144--449--849614*-733+-780--124-706--240-702-157911/956*+,False
-600281*808*-293*791/-949/-594-802/--654--131--435--443--97718/+-171-,-600281*808*-293*791/-949/-594-802/--654--131--435--443--97718/+-171-,True
550703*-615/-183*445/440-103/+217+-523121*+863*595-300*991*800*-,550703*-615/-183*445/440-103/+217+-523121*+863*595-300*991*800*-,False
-952548*-6-487*-116/--868--638+-366-182-296*-873*-234--485+-128+-83+,-952548*-6-487*-116/--868--638+-366-182-296*-873*-234--485+-128+-83+,True
950117/-810745/+-251467*887/457*-149/550+998843/-5/-866757*+,950117/-810745/+-251467*887/457*-149/550+998843/-5/-866757*+,True
232-522-658+-809988/695*-686--942-541/+267-485-+-421814*+-682--622-,232-522-658+-809988/695*-686--942-541/+267-485-+-421814*+-682--622-,True
-176-818-401/--889+903-570/-171+-108-408-107/-275*+376--218--67--605+,-176-818-401/--889+903-570/-171+-108-408-107/-275*+376--218--67--605+,False
-331-577+985894*+-618430*-999*-816*-875/768/-528+40-36*+525+691-,-331-577+985894*+-618430*-999*-816*-875/768/-528+40-36*+525+691-,True
48777-995+-999381*+-959-618/--801+-934-549817/*-412512/-760--425-,48777-995+-999381*+-959-618/--801+-934-549817/*-412512/-760--425-,True
517-881*-59-450*413*+115+187956/+798-26/+985+-977-794-383*765/+,517-881*-59-450*413*+115+187956/+798-26/+985+-977-794-383*765/+,True
543-665-657/--550+653-315--771+743--114+-273-791/-789+-288151/390**,543-665-657/--550+653-315--771+743--114+-273-791/-789+-288151/390**,False
-200911*419/-901*647*-255662*+-560-628*+923+247255*-876*+366858/+,-200911*419/-901*647*-255662*+-560-628*+923+247255*-876*+366858/+,True
-225-283799*-519*-653*-50*92*+169-151825/-406/+105-386*201*-813-,-225-283799*-519*-653*-50*92*+169-151825/-406/+105-386*201*-813-,True
-756-441+-382-870*+-87677*+640--770932*742*--388-771*+-737+-2890*-,-756-441+-382-870*+-87677*+640--770932*742*--388-771*+-737+-2890*-,True
-30460923*-722*-265*-287573/+23+-610+111-150/-589*--434-547-40*+,-30460923*-722*-265*-287573/+23+-610+111-150/-589*--434-547-40*+,True
-720-748/-606+-808-410--705-118*-246377*--199-523401/+-61312/-639*-,-720-748/-606+-808-410--705-118*-246377*--199-523401/+-61312/-639*-,False
-414-511*-8-733-302*+483-475/-897/686*367*-411+732+724+125/38+,-414-511*-8-733-302*+483-475/-897/686*367*-411+732+724+125/38+,False
-190-588/407+75--187--249+251-550/--8-877/-906600/+248-95+-504-,-190-588/407+75--187--249+251-550/--8-877/-906600/+248-95+-504-,False
319-190-807/375*--724659*-324*+-997-218-664976*+-408-700*-843/642*-,319-190-807/375*--724659*-324*+-997-218-664976*+-408-700*-843/642*-,True
-224486393/-250++291-846*+337+-732--184+467+8806*-94+-164-273/-,-224486393/-250++291-846*+337+-732--184+467+8806*-94+-164-273/-,False
635287/-582/732/-282*953/78-312/--461-706*-390/-916---196-836*-871*-,635287/-582/732/-282*953/78-312/--461-706*-390/-916---196-836*-871*-,False
-768-516-791*522*554*284/178*992*--960+-674+447-545+-606+6250+-,-768-516-791*522*554*284/178*992*--960+-674+447-545+-606+6250+-,True
-499871+906938*--279-811/805/-777*-210283*-6/+-464--488417*--504-,-499871+906938*--279-811/805/-777*-210283*-6/+-464--488417*--504-,False
700696/-76/364*794-592*+493+-844386*+547663*439/801*-528/939/-,700696/-76/364*794-592*+493+-844386*+547663*439/801*-528/939/-,True
591-167+-903318*732/197/871/+-937-993-758/+-225+21+38+-147-901*+,591-167+-903318*732/197/871/+-937-993-758/+-225+21+38+-147-901*+,True
814-363/221*-508*-411/281-816+-727+-854--369355/-903*-595+7056*-,814-363/221*-508*-411/281-816+-727+-854--369355/-903*-595+7056*-,False
132124*-827*452-136/43/+-616+541-480/641*--830+-289--820--419--102-,132124*-827*452-136/43/+-616+541-480/641*--830+-289--820--419--102-,True
-914134+-448-906*+61319/-474*-214*958*-776--770398*576/-276/--624-,-914134+-448-906*+61319/-474*-214*958*-776--770398*576/-276/--624-,True
21598/-635*582/-60+566--622716*-987/-781/732*-22--523368/-238/-,21598/-635*582/-60+566--622716*-987/-781/732*-22--523368/-238/-,True
16449/-977*312+972-621+836451//691-536-431*-568*-450+777-600/+,16449/-977*312+972-621+836451//691-536-431*-568*-450+777-600/+,True
419-148-782*-438//-911-580/494/+549+-876978/346*126/--103710*+-827+,419-148-782*-438//-911-580/494/+549+-876978/346*126/--103710*+-827+,False
134-969+759185+-709*+230-363855*-221+724-113825*-245/+-255622*+,134-969+759185+-709*+230-363855*-221+724-113825*-245/+-255622*+,True
-502397/452-269/-587/-328*-785-398*-867*196/-166+28894*-880/+873-,-502397/452-269/-587/-328*-785-398*-867*196/-166+28894*-880/+873-,False
280-337/-680+-895-237*648/990*507*/-270+-8-885-652/+447+93-141/-,280-337/-680+-895-237*648/990*507*/-270+-8-885-652/+447+93-141/-,True
-673665/351890++-37--741703/-92*882*891/896/--169307*--269+59-,-673665/351890++-37--741703/-92*882*891/896/--169307*--269+59-,False
-325-860153/+436566*-214/+-455987/108/-731-818/--443593/+-898+261-,-325-860153/+436566*-214/+-455987/108/-731-818/--443593/+-898+261-,True
813529-413/+932-825/-616/+248176*+-194-791/+554818*-613/+26759/+,813529-413/+932-825/-616/+248176*+-194-791/+554818*-613/+26759/+,True
-307-874168/--409+-782-51/-438+-712+737-263+63-662/--921+-290-186-,-307-874168/--409+-782-51/-438+-712+737-263+63-662/--921+-290-186-,True
52592-42-618*63*-434+-267351*778--293/523/+-114-878--206-898*+,52592-42-618*63*-434+-267351*778--293/523/+-114-878--206-898*+,False
982-419923/+-479-638932/75//590+62+-337703/880/+323+408+108+,982-419923/+-479-638932/75//590+62+-337703/880/+323+408+108+,False
-469-840*899*-714525/+-69199/+-880+748+786-225*-128342/--825-712*+,-469-840*899*-714525/+-69199/+-880+748+786-225*-128342/--825-712*+,True
731960/940+-506+826-618/+-469-909-19--713/-35/+75810/+-346-350/+,731960/940+-506+826-618/+-469-909-19--713/-35/+75810/+-346-350/+,False
555777296/460/-242*-158**217+-117518*+-519--609+-507-757*400*--150-,555777296/460/-242*-158**217+-117518*+-519--609+-507-757*400*--150-,False
639242-263/19/--81321/-147+859274*393/-220-367/525*-873-5/-,639242-263/19/--81321/-147+859274*393/-220-367/525*-873-5/-,True
-456220/-64/-599*-596-668*+-281+-609727/958/-222/78*+426776*823*-,-456220/-64/-599*-596-668*+-281+-609727/958/-222/78*+426776*823*-,False
-400-458*878/58-131-264/+-762-239*-374-858*-825/+858-557-936*+-876-,-400-458*878/58-131-264/+-762-239*-374-858*-825/+858-557-936*+-876-,True
20013-994-957*-203/--225+-815--783-412*+-25720/716/958/-591/-524/-,20013-994-957*-203/--225+-815--783-412*+-25720/716/958/-591/-524/-,True
206-214/-268-34*-659/+291--770+-443--526676*414//-734379**-943+-514+,206-214/-268-34*-659/+291--770+-443--526676*414//-734379**-943+-514+,True
436847+642+-600-997-284/-33*22*+19-649*+-251+47-16/-889/+-729+,436847+642+-600-997-284/-33*22*+19-649*+-251+47-16/-889/+-729+,True
-273304*-426*-499*-713-368/+-722+-26+617+-789-33332*-794*643*-159/-,-273304*-426*-499*-713-368/+-722+-26+617+-789-33332*-794*643*-159/-,False
-844619/243*713*-191-571-954/+263-827/695/+-35-985-665/-261+-294+,-844619/243*713*-191-571-954/+263-827/695/+-35-985-665/-261+-294+,False
-493385--291-424*194*270*527/476*--314+-774+346460/+164-656/+-471+,-493385--291-424*194*270*527/476*--314+-774+346460/+164-656/+-471+,False
893-46-453/-424-505/--424--612793/-674*+-134511*-424*+-693--998-662/-,893-46-453/-424-505/--424--612793/-674*+-134511*-424*+-693--998-662/-,True
160-696*353/-129/710/-342-496-82692+-795/+120+-585-272*--608-514-,160-696*353/-129/710/-342-496-82692+-795/+120+-585-272*--608-514-,False
-846850-712*-767/340/619*169*--62-437*-314643/+595-118+364682/-,-846850-712*-767/340/619*169*--62-437*-314643/+595-118+364682/-,False
172-748202*+-15252*-556*668/+550+992777*-654/+-798-553/+528-678-,172-748202*+-15252*-556*668/+550+992777*-654/+-798-553/+528-678-,True
-241-152*-212-609+-608-71433/-259*293*--600-184-155+-958-873/-409*-,-241-152*-212-609+-608-71433/-259*293*--600-184-155+-958-873/-409*-,True
-890251*66952*+-601--458-89+-363*-293536/624*-842/-855--84591/+,-890251*66952*+-601--458-89+-363*-293536/624*-842/-855--84591/+,False
740-761*-751-449*229/*-244+-138594/311*+-566-881/343*862/--876+-985+,740-761*-751-449*229/*-244+-138594/311*+-566-881/343*862/--876+-985+,False
117-515+-714+911-337--115+-692-222/--519615/-849942*-636/+-93-494*+,117-515+-714+911-337--115+-692-222/--519615/-849942*-636/+-93-494*+,False
922-263+-941692*--66+-951+556-773/+795-720250*-810-998454*--754-,922-263+-941692*--66+-951+556-773/+795-720250*-810-998454*--754-,True
370910-826+-1000--36175*51*-134-390*65*-354+-779963*--309-181+,370910-826+-1000--36175*51*-134-390*65*-354+-779963*--309-181+,False
-152-207-56*+855--192-258*564*--215874*-974+-946*-689-968/-285/831/+,-152-207-56*+855--192-258*564*--215874*-974+-946*-689-968/-285/831/+,True
-499446430/-325*560/190/+597+363--817664*314*+-948-206/+316--311+,-499446430/-325*560/190/+597+363--817664*314*+-948-206/+316--311+,False
-205557*-762960/-566--367-524*+-184917/55*-57090---616-411-512*+,-205557*-762960/-566--367-524*+-184917/55*-57090---616-411-512*+,False
-806467+286-730/-636/664/+-645-618+851680*-611+--442-901+-117-338+,-806467+286-730/-636/664/+-645-618+851680*-611+--442-901+-117-338+,True
-622-647704*+-590+-204643/+-58-140/+-46816/-486/-142/-998-510616*-,-622-647704*+-590+-204643/+-58-140/+-46816/-486/-142/-998-510616*-,True
-74844-169/755*+625+963--724-823*-952/+480-682-+-827-455/+464+-984/,-74844-169/755*+625+963--724-823*-952/+480-682-+-827-455/+464+-984/,False
-369394/294-860-139+-398-291/9*--751435*-97356/--869954*-708-,-369394/294-860-139+-398-291/9*--751435*-97356/--869954*-708-,True
-486104*139/-988-527+-982/--603-77-15*920962*+36-986-998/808*+,-486104*139/-988-527+-982/--603-77-15*920962*+36-986-998/808*+,False
-755629-725/158/523/-678850*-82/+-34814*-446-711-318199*12/+,-755629-725/158/523/-678850*-82/+-34814*-446-711-318199*12/+,False
773-220*-708667*+-520-440/-369*-560431/733/-150*--126492/+541+-942-,773-220*-708667*+-520-440/-369*-560431/733/-150*--126492/+541+-942-,True
478-84-479-375*471/-278209*+-647+952/441-226*+-487678*878/+-519/,478-84-479-375*471/-278209*+-647+952/441-226*+-487678*878/+-519/,True
-358-416+50-407/742/-456-876*+372-800*-492/-554/751*+105133/661*+,-358-416+50-407/742/-456-876*+372-800*-492/-554/751*+105133/661*+,False
764117--399-84929--813*-656*-23*+-221+-64147*481/-599-3/669*+,764117--399-84929--813*-656*-23*+-221+-64147*481/-599-3/669*+,False
83-834+291-235224/-435*-404/--813--941+602+-427-428/--635-431*314/+,83-834+291-235224/-435*-404/--813--941+602+-427-428/--635-431*314/+,True
-984457-1000*+-73--835879*-109*744/+-23832/--612--738807/-236/-486*-,-984457-1000*+-73--835879*-109*744/+-23832/--612--738807/-236/-486*-,True
-108-923-446718*-68*-769-642/284+-458-344*-441--57+44693/-656/+,-108-923-446718*-68*-769-642/284+-458-344*-441--57+44693/-656/+,False
-122502*475/689*734/590--771103/-412*20/872*646/+653-561/--716-,-122502*475/689*734/590--771103/-412*20/872*646/+653-561/--716-,False
-605239-771-251154/-281/--395+-441-901+710947/--64+-793-949-679-,-605239-771-251154/-281/--395+-441-901+710947/--64+-793-949-679-,False
870636660/-310+-770--156129/-583+-66--564-520/--133+-493-330-35/+,870636660/-310+-770--156129/-583+-66--564-520/--133+-493-330-35/+,False
610-76+563+-513-777/-187/-317507/-993*110*-484*-999/79*+-624+235+,610-76+563+-513-777/-187/-317507/-993*110*-484*-999/79*+-624+235+,False
62254*846*-333*270/647/851-960*982/+294--293+595-217*+-19179*-,62254*846*-333*270/647/851-960*982/+294--293+595-217*+-19179*-,False
-464592165/+-748933*977*--750-457-580-180*--837-266/-211/474/-636/-,-464592165/+-748933*977*--750-457-580-180*--837-266/-211/474/-636/-,True
-992505-97+-951+-5-535+830-313+-995934*-888+146-437-455/828/+,-992505-97+-951+-5-535+830-313+-995934*-888+146-437-455/828/+,True
-633-542/-602323*+81+298+-708-212/-816-822-973/-364-18+254-130/-,-633-542/-602323*+81+298+-708-212/-816-822-973/-364-18+254-130/-,False
-730-632119/215*-174*+-393178*82*--681/-336254/--787-16/--841-995/+,-730-632119/215*-174*+-393178*82*--681/-336254/--787-16/--841-995/+,True
623774--560--871+87-296*+-994+-700971/+-149322/763*-267*+-599772/+,623774--560--871+87-296*+-994+-700971/+-149322/763*-267*+-599772/+,True
913-12*982*11996*--268-236/+-694+-414-540--781+478--549+912-669+,913-12*982*11996*--268-236/+-694+-414-540--781+478--549+912-669+,False
-504-488-370-530*-384*-454/-32468+-852*-962-710/390/--781--514-966-,-504-488-370-530*-384*-454/-32468+-852*-962-710/390/--781--514-966-,False
-195168*836-504*477*712*+-870-113+220990/--829/-370131*612*116/+,-195168*836-504*477*712*+-870-113+220990/--829/-370131*612*116/+,False
758-287648*596*--675--24--26985/+-591-330/-113*825/-599*487/-592*+,758-287648*596*--675--24--26985/+-591-330/-113*825/-599*487/-592*+,False
901-300+346592*--658--758--788+462377/-219*-946/+267/+-733+-299-,901-300+346592*--658--758--788+462377/-219*-946/+267/+-733+-299-,True
413-783-693*+688770/+-405-655-994*--123--659481*-23/-372*-42*-953/+,413-783-693*+688770/+-405-655-994*--123--659481*-23/-372*-42*-953/+,True
-843-861--587--74+175245/+376-765/-531*-581*-171*-243/-159*386/-473*+,-843-861--587--74+175245/+376-765/-531*-581*-171*-243/-159*386/-473*+,True
-870710/-213+-417-934/-609--53854*-5218/+-214+-162-461*--301453/-,-870710/-213+-417-934/-609--53854*-5218/+-214+-162-461*--301453/-,True
-150-357331*544/576*605*+-689+391-986/342*+-777588*-304/--484-260*+,-150-357331*544/576*605*+-689+391-986/342*+-777588*-304/--484-260*+,False
-540248*878*854*-467-978266*920*25*-156*-353171*-717/--554--527+,-540248*878*854*-467-978266*920*25*-156*-353171*-717/--554--527+,False
-101-5*446*-417/870-489/-969*-122+-434-308/--108--27277/+827791*-,-101-5*446*-417/870-489/-969*-122+-434-308/--108--27277/+827791*-,False
402-685-519*37+-657/-82/637*358/-73/+77-428-604/-34*-856/+54+,402-685-519*37+-657/-82/637*358/-73/+77-428-604/-34*-856/+54+,True
-659-316499*/780-750/-543/-420/+205-146+-124-702*598/-731-691/671*+,-659-316499*/780-750/-543/-420/+205-146+-124-702*598/-731-691/671*+,False
628-299/-563*-125/-366/-448+472+773+-135504*+-250-332-417190/+297+,628-299/-563*-125/-366/-448+472+773+-135504*+-250-332-417190/+297+,True
385741-658/-681+-504-940383*+616-230476*+802+-568232*-977*--582-,385741-658/-681+-504-940383*+616-230476*+802+-568232*-977*--582-,True
184150*647+-537+276-471/-865/-161*666/-709*-923*678*+-306-651/-267/-,184150*647+-537+276-471/-865/-161*666/-709*-923*678*+-306-651/-267/-,False
350-258514/-100436/--746711*--165+281+-964-996*-205630/-430+882-,350-258514/-100436/--746711*--165+281+-964-996*-205630/-430+882-,False
-54985-125*+-792-276*-921/--455-152*-35*588/+52-129*897/-404*+43+,-54985-125*+-792-276*-921/--455-152*-35*588/+52-129*897/-404*+43+,True
414-727*-246/-373*829+813+475-725/-453/*-120532*+743-431*+86977/+,414-727*-246/-373*829+813+475-725/-453/*-120532*+743-431*+86977/+,False
52956356*785*351/--304+-642+170-809-199*107/+444719/-833-504/-,52956356*785*351/--304+-642+170-809-199*107/+444719/-833-504/-,True
224-75*332-504*131/+-591-684+-203966*878/931*--528+-764-354*+-148+,224-75*332-504*131/+-591-684+-203966*878/931*--528+-764-354*+-148+,False
339-462--82845*57/-314/-818/-649681*873*--167+299-740*+-930--148-,339-462--82845*57/-314/-818/-649681*873*--167+299-740*+-930--148-,True
238165/-859*-792--11093/-683*613*-436-777-387/+194-690*-52*-132*-,238165/-859*-792--11093/-683*613*-436-777-387/+194-690*-52*-132*-,False
888-381-753*867/+898-470*+379-152*/-607666*-332-947*934/+404217*-,888-381-753*867/+898-470*+379-152*/-607666*-332-947*934/+404217*-,True
-850-953-710*-46*-682*229*+340-690/986*224/-251/-243-37*833/-497/-,-850-953-710*-46*-682*229*+340-690/986*224/-251/-243-37*833/-497/-,True
42764/309-95+-222405--464//794106*+458847*514*+-265+-578-411/-,42764/309-95+-222405--464//794106*+458847*514*+-265+-578-411/-,False
202546-15-580/+951-873/+918--747-337*+-582-632/345*-641/+-731-284/+,202546-15-580/+951-873/+918--747-337*+-582-632/345*-641/+-731-284/+,True
-497-560*-845-102/-275-664/-815-595*+-777766*-105-580-908-480+378-,-497-560*-845-102/-275-664/-815-595*+-777766*-105-580-908-480+378-,True
-664743--1994/--914-425*111/+-517706*-952+-812412*-292*419/-562*,-664743--1994/--914-425*111/+-517706*-952+-812412*-292*419/-562*,True
-609285-591/+-176-337/--288-312*-571*--46+529--646--204604*+321-554*-,-609285-591/+-176-337/--288-312*-571*--46+529--646--204604*+321-554*-,True
8985982/473*+357+-846342*-940/397/317/-470/-642*570*-146*-826/+,8985982/473*+357+-846342*-940/397/317/-470/-642*570*-146*-826/+,True
-702-126+342+-767--898-603+273-157*-756/+983--544-300709/+198972*-,-702-126+342+-767--898-603+273-157*-756/+983--544-300709/+198972*-,True
-678-210+-842-112*435/--314+-116314*--479-277/616*-631*-197*+-717-300/+,-678-210+-842-112*435/--314+-116314*--479-277/616*-631*-197*+-717-300/+,False
22-892*-551-480*--307-361107*-904272/574/414*+-733+917584/-154/+,22-892*-551-480*--307-361107*-904272/574/414*+-733+917584/-154/+,True
323-840--949/-897--72+-473114/-827*923/+606--965172/-152*+898+-938+,323-840--949/-897--72+-473114/-827*923/+606--965172/-152*+898+-938+,True
-322-899/-915--549-427*-240*-591+-526392*-594-582/+-332-9-81/-950*+,-322-899/-915--549-427*-240*-591+-526392*-594-582/+-332-9-81/-950*+,False
676-702/-795313+--868+-239-879*--547-612*-480+980966/+-603-265/-454*-,676-702/-795313+--868+-239-879*--547-612*-480+980966/+-603-265/-454*-,False
-733542+-717+158-51+513327/-204*-858*-813322*633/+-307720/97/+,-733542+-717+158-51+513327/-204*-858*-813322*633/+-307720/97/+,True
953425-685-206*-786*691*-36349*-693-672/+969647*+-972-820--601+,953425-685-206*-786*691*-36349*-693-672/+969647*+-972-820--601+,False
0969+-447-307/-594*-267/250/-903/654/+986--348+104152*--77815/+,0969+-447-307/-594*-267/250/-903/654/+986--348+104152*--77815/+,False
-141-859*-647*454*436*1+-824-909-342/+-483-975/+883+204-638/484/+,-141-859*-647*454*436*1+-824-909-342/+-483-975/+883+204-638/484/+,True
-646400/94*280781/396/-777/-439+519--429-246//844893+58*-905/+,-646400/94*280781/396/-777/-439+519--429-246//844893+58*-905/+,False
221-645/516-253*-277-231--296--541--496+-664705*-34*-554*+-572+-936-,221-645/516-253*-277-231--296--541--496+-664705*-34*-554*+-572+-936-,False
-631-719/989+-859-453*--776+-346718/-470/-170-786/-765/--986--313-797*+,-631-719/989+-859-453*--776+-346718/-470/-170-786/-765/--986--313-797*+,False
15-76115//-751-466*433/-705*--280-86+700--612-712*+-7130/81*+,15-76115//-751-466*433/-705*--280-86+700--612-712*+-7130/81*+,True
9-373*820--722-509*319/995--327*949928/-798*-92917/+91--52+,9-373*820--722-509*319/995--327*949928/-798*-92917/+91--52+,True
343-292/-908/287/567/-410+391690/-539-586/+122+725-407736/+854+,343-292/-908/287/567/-410+391690/-539-586/+122+725-407736/+854+,False
-108-598/-3+-990--116+-502-470/106/942*-903*718--216-700*+-502929*+,-108-598/-3+-990--116+-502-470/106/942*-903*718--216-700*+-502929*+,True
191-299-87160*--671-133/+-825-279*-486*-793/673/-569/101*734/7*+,191-299-87160*--671-133/+-825-279*-486*-793/673/-569/101*734/7*+,False
951-82/-36-1+783+-254+-863-923-21/895/-377/+-797-595/84/-654+,951-82/-36-1+783+-254+-863-923-21/895/-377/+-797-595/84/-654+,True
534-432-530455/13--239/11/375/918*--439-951--808-629/632/44*+,534-432-530455/13--239/11/375/918*--439-951--808-629/632/44*+,False
110-719300*+-136+393-999+592--614371*--122+-815+873+291-64*-840*+,110-719300*+-136+393-999+592--614371*--122+-815+873+291-64*-840*+,False
100-873580*+931290*--453+-891522*-471--904--563-434/+-762+-19244*-,100-873580*+931290*--453+-891522*-471--904--563-434/+-762+-19244*-,False
341167/-823/707/-451436/+-46070/-440--465-698-516/+869-367+186-,341167/-823/707/-451436/+-46070/-440--465-698-516/+869-367+186-,True
80908-184+781408*+-104425/+-873421*415/+781+-53+559--932498*+,80908-184+781408*+-104425/+-873421*415/+781+-53+559--932498*+,True
659-98-191+178-476-149213*-969*+-967--261-884/+636+-752--926+-888+,659-98-191+178-476-149213*-969*+-967--261-884/+636+-752--926+-888+,True
-512-9-293*--641--112+-933-27*+641490*-726+-736+320-734/-757+-838-,-512-9-293*--641--112+-933-27*+641490*-726+-736+320-734/-757+-838-,True
197-837*781228*-491/-681/754/--746-656*695*+479+-893+-497-340*63/+,197-837*781228*-491/-681/754/--746-656*695*+479+-893+-497-340*63/+,False
-8330/-255/125+-277272/-327-852*-574*+3472*+-67--364546/-729+-,-8330/-255/125+-277272/-327-852*-574*+3472*+-67--364546/-729+-,True
426-948515/--91015/-804879*-829-925934/+-867174/+825--744+-819+,426-948515/--91015/-804879*-829-925934/+-867174/+825--744+-819+,False
-76646*127/-590--656-47+-769-576/-171-259125/+-64+407501*-572+,-76646*127/-590--656-47+-769-576/-171-259125/+-64+407501*-572+,True
934393*-414/-958+455+293+614-281-696541*-188*-85/+-554--730+622+,934393*-414/-958+455+293+614-281-696541*-188*-85/+-554--730+622+,False
831-119*-670-513/+678500/-785+577-517/-325*+84120/-978/51-174-,831-119*-670-513/+678500/-785+577-517/-325*+84120/-978/51-174-,True
-82596+-93+-43-717/621-+-565-353--500+582-128-823*230*625/-272/+,-82596+-93+-43-717/621-+-565-353--500+582-128-823*230*625/-272/+,True
434533+864+991+254+79+444906/-603*-799/-569+110--411-279-488+,434533+864+991+254+79+444906/-603*-799/-569+110--411-279-488+,True
918179--97910/786*-138*-165+-33+382-15/--745629/457/--423--883-,918179--97910/786*-138*-165+-33+382-15/--745629/457/--423--883-,True
-65-161495/-566/-875*+-428-922*+908949/-188/+23250*+-265+800--128+,-65-161495/-566/-875*+-428-922*+908949/-188/+23250*+-265+800--128+,False
-728-611-535/493/9*-296*22*/641+-15840*281*+-634780*99*+771-,-728-611-535/493/9*-296*22*/641+-15840*281*+-634780*99*+771-,True
-439510/563/-517-725*+-974-927*-203*-464-736*-144+756--318+-832--27-,-439510/563/-517-725*+-974-927*-203*-464-736*-144+756--318+-832--27-,True
786-870/492/-796/108*-855-825/-269*--362-517526*-425*+-34-182/+-416-,786-870/492/-796/108*-855-825/-269*--362-517526*-425*+-34-182/+-416-,False
-744119+-734--82+-888--809-290+-195+-848580/-90/524/-974*270*--688+,-744119+-734--82+-888--809-290+-195+-848580/-90/524/-974*270*--688+,True
86813+-813855*-918+-398+-894-744*221/439*+723449*+704165/-173+,86813+-813855*-918+-398+-894-744*221/439*+723449*+704165/-173+,True
989429+-224819*309*+-374-718*362*-723*--545-453*-95*-144/-906-7-,989429+-224819*309*+-374-718*362*-723*--545-453*-95*-144/-906-7-,True
-838921*64--403-228+-238643*978*+837+-28+71614/--244966*-326*+,-838921*64--403-228+-238643*978*+837+-28+71614/--244966*-326*+,False
-900886+-739-933-23*-416/395*956/+134-177+-577-301*-445*+694-437-,-900886+-739-933-23*-416/395*956/+134-177+-577-301*-445*+694-437-,True
474-800/377+950470/-787+-388*-240+-352-197/-322*+261234*-534*-350/-,474-800/377+950470/-787+-388*-240+-352-197/-322*+261234*-534*-350/-,False
-931-296+-38--343-320/-266/-735-754/-195*-369*398/+959-537*--641-703/+,-931-296+-38--343-320/-266/-735-754/-195*-369*398/+959-537*--641-703/+,False
244149-793/+370695/607*--61214*-323*-996-358/--170+755375*-5*+,244149-793/+370695/607*--61214*-323*-996-358/--170+755375*-5*+,True
302-875+949-772/-212/--823+308890/-675/473*+-241420*-234/694/-984**,302-875+949-772/-212/--823+308890/-675/473*+-241420*-234/694/-984**,False
-684622+118746*+683336*--454-546+-289+664+139-430--996-250/263*+,-684622+118746*+683336*--454-546+-289+664+139-430--996-250/263*+,True
551484/597*-639+700296/+826-835*--117-215/+353+-150-691*+161+123-,551484/597*-639+700296/+826-835*--117-215/+353+-150-691*+161+123-,True
724-949*23*-873/-253-325*730/-929/-381-666/71/--988*-317691/-982*+,724-949*23*-873/-253-325*730/-929/-381-666/71/--988*-317691/-982*+,False
296231125/-827--429-348+348--643+583-914*+992328*-241-349--79-,296231125/-827--429-348+348--643+583-914*+992328*-241-349--79-,False
826961451/-965-81*255*+-622+155+-765--277370/+-621-803-141/-732*-,826961451/-965-81*255*+-622+155+-765--277370/+-621-803-141/-732*-,True
-169-234--793--842-742-401-877*334/+-711+416579*--104-983--110-418*+,-169-234--793--842-742-401-877*334/+-711+416579*--104-983--110-418*+,True
320418-809/810/-459*+-159+-402530/+-161+392+361-48/-607*-609*257*+,320418-809/810/-459*+-159+-402530/+-161+392+361-48/-607*-609*257*+,False
124318/-814/-382+581+862-208*809*13/+166737*-995*885/+567+522+,124318/-814/-382+581+862-208*809*13/+166737*-995*885/+567+522+,True
582-278--847--738+329-227-251-323*868/+-63-127*-287++-634-896290*-,582-278--847--738+329-227-251-323*868/+-63-127*-287++-634-896290*-,True
450-854+568--550+955-160*+-631+-486878/+-963+-967-612*-855/-37*--124+,450-854+568--550+955-160*+-631+-486878/+-963+-967-612*-855/-37*--124+,False
-132536+-268-437/137*+-588+-980553/-203/911/-575/*59-535*+-442+403+,-132536+-268-437/137*+-588+-980553/-203/911/-575/*59-535*+-442+403+,False
-825491+-45021*+-21655*-497/194*149/-114+174326/532/437*+-26-,-825491+-45021*+-21655*-497/194*149/-114+174326/532/437*+-26-,False
806-672+-592928/--778--484+-152+-530973*+-103-930/+-141-68+-911+698/,806-672+-592928/--778--484+-152+-530973*+-103-930/+-141-68+-911+698/,True
-820947/643-92*-492*--19250*141/74/619/338*-772/-494882*-895*-,-820947/643-92*-492*--19250*141/74/619/338*-772/-494882*-895*-,True
-210193-930-388-220+-250+805--290--408-119275*-62/--738--159+751+,-210193-930-388-220+-250+805--290--408-119275*-62/--738--159+751+,False
427-832*-913-60-851/+-96075/-728-776+332+-922+31--107+-71594/-,427-832*-913-60-851/+-96075/-728-776+332+-922+31--107+-71594/-,True
460362/-448/-929/8071*+-738980*--517+-51-884+-134*+326-678-959-+,460362/-448/-929/8071*+-738980*--517+-51-884+-134*+326-678-959-+,True
398-654/-151/444-865+-947+22-821*+198390/-594*502*522/+-927280/-,398-654/-151/444-865+-947+22-821*+198390/-594*502*522/+-927280/-,False
-792-258/289/-70-305/+31662/-779/938/+-128465/+-508123*+117-254*+,-792-258/289/-70-305/+31662/-779/938/+-128465/+-508123*+117-254*+,False
-222-12-438-70/--746--107-570*-561*-6*-671*+818-446-848-975/691*-,-222-12-438-70/--746--107-570*-561*-6*-671*+818-446-848-975/691*-,True
632802/507--445-895/-571/883/+678+-410-285-726-185/773*2*-801/-,632802/507--445-895/-571/883/+678+-410-285-726-185/773*2*-801/-,True
-432162+858+899+706-881/-700/+-553-35/-946*533*--50+-233+-111765/+,-432162+858+899+706-881/-700/+-553-35/-946*533*--50+-233+-111765/+,True
809975/409-30*-75++-394--520317/-555*-275+-445-182--409--321-777/+,809975/409-30*-75++-394--520317/-555*-275+-445-182--409--321-777/+,True
-995453/-729-332/315*-731-932*-807*473/-303/-756+-774+580-704*-612-,-995453/-729-332/315*-731-932*-807*473/-303/-756+-774+580-704*-612-,True
-122-819*-314*-879-276/--23-15/+946-220*-434-872-241*-492*--459-613*+,-122-819*-314*-879-276/--23-15/+946-220*-434-872-241*-492*--459-613*+,False
664349*-17376*+-65313*-492/-988/-639*-211*+899--606-263*+-718-238+,664349*-17376*+-65313*-492/-988/-639*-211*+899--606-263*+-718-238+,False
799446*-435/-107+647-804*--460--17539*-514/-977*--161+-553+609443/+,799446*-435/-107+647-804*--460--17539*-514/-977*--161+-553+609443/+,False
-229170*-665/182/-584-856/-669-562/78*--506861*-926/-733/748/-813/-,-229170*-665/182/-584-856/-669-562/78*--506861*-926/-733/748/-813/-,True
295543-376516/11*-239/+-594-222*-926-991--915-3897/+95-898/+,295543-376516/11*-239/+-594-222*-926-991--915-3897/+95-898/+,True
491572-39-433*-886-186-85/-79438/-235-431/149*+-803334*+-549-,491572-39-433*-886-186-85/-79438/-235-431/149*+-803334*+-549-,False
654-637678/-941/102/+-316619/-811/525/-128*-633*+24-170*-225754*+,654-637678/-941/102/+-316619/-811/525/-128*-633*+24-170*-225754*+,True
555-727/121/-336*-294+576+869--508+987380*--106242/+931674/598/+,555-727/121/-336*-294+576+869--508+987380*--106242/+931674/598/+,True
440247+-527+-361-780/630/-770+-126+-419+-101--859+189-610/416---416+,440247+-527+-361-780/630/-770+-126+-419+-101--859+189-610/416---416+,True
-312447*74-752/-444--89157**-687+192-958/+-495--750+-722-808*--422-,-312447*74-752/-444--89157**-687+192-958/+-495--750+-722-808*--422-,False
248622/684*-286*-29--629-142/400*310*+126-814--767/-848--458+72-,248622/684*-286*-29--629-142/400*310*+126-814--767/-848--458+72-,False
682-234+903566/+882--492--878-210*+-967507*-329/-128*+-797-580/202*-,682-234+903566/+882--492--878-210*+-967507*-329/-128*+-797-580/202*-,True
317336*-273+-633+-104+-432478*/760-530+967+-405-13*-803/-7267/+,317336*-273+-633+-104+-432478*/760-530+967+-405-13*-803/-7267/+,True
-798-275159*736*+-875+422149*-81*+640+376-206*718+*229630*-476-,-798-275159*736*+-875+422149*-81*+640+376-206*718+*229630*-476-,False
-970606-664-218*-121*709/+327+-151460*140*962*753*547/-325/-678*-,-970606-664-218*-121*709/+327+-151460*140*962*753*547/-325/-678*-,False
-505987*734/-474*808+-800-846/+-276353/+-199623+-513*-794--886655*+,-505987*734/-474*808+-800-846/+-276353/+-199623+-513*-794--886655*+,False
-749423/-237-655/+-402+-310+332733/-271/-475342*-906/-468*+463671*+,-749423/-237-655/+-402+-310+332733/-271/-475342*-906/-468*+463671*+,True
-18738-26-871856/+-56-316*-991/817/+25+663+931--407-934*-654+,-18738-26-871856/+-56-316*-991/817/+25+663+931--407-934*-654+,True
517705/247*-640/-766+990-839-+598+280--99-770---60--952723/535/+,517705/247*-640/-766+990-839-+598+280--99-770---60--952723/535/+,False
-719-742691*-939/-199/900/515/-463*+-130+33617*179*+-7645/-631*-,-719-742691*-939/-199/900/515/-463*+-130+33617*179*+-7645/-631*-,True
271418-254/-275**-895--672+268-633*-461/898/--506+800-420/+-731+-477-,271418-254/-275**-895--672+268-633*-461/898/--506+800-420/+-731+-477-,False
244965*-178484/-173*-727-319*/782+-879+397--446-298217/-504*+876-,244965*-178484/-173*-727-319*/782+-879+397--446-298217/-504*+876-,False
-913-590*452*985/8678*+916-499*+270-306/-174/696/-634/+-677--565-,-913-590*452*985/8678*+916-499*+270-306/-174/696/-634/+-677--565-,True
-817101/595-562105/-638-673*+668-385*--999-699/+-60537*+-57-599+,-817101/595-562105/-638-673*+668-385*--999-699/+-60537*+-57-599+,True
227-43*-21*-133--178-609*-762*-170*870*518/-41227/-714-672-124*+,227-43*-21*-133--178-609*-762*-170*870*518/-41227/-714-672-124*+,False
-855-600*129-28964*495*+-391-900*+625970/-760--719-4775/534/-,-855-600*129-28964*495*+-391-900*+625970/-760--719-4775/534/-,False
-847406*-962+313-631857*416*41*-78/--230+835+-214-805/935*21/+,-847406*-962+313-631857*416*41*-78/--230+835+-214-805/935*21/+,True
712146/140*-994+-729-734*--842335*+-265*-356+-116+-240--518-954--849+,712146/140*-994+-729-734*--842335*+-265*-356+-116+-240--518-954--849+,False
907-114/-651/693*141797*-411/-379/+518+835+-712--983529/-5/--985-,907-114/-651/693*141797*-411/-379/+518+835+-712--983529/-5/--985-,True
-951-933-429+-147576/539*932/-905713*425*446*+596+213-451/+-371-,-951-933-429+-147576/539*932/-905713*425*446*+596+213-451/+-371-,True
247433*30+-416333/-683-149248*312/-882+-817-707*-234-355*+-198-,247433*30+-416333/-683-149248*312/-882+-817-707*-234-355*+-198-,False
504-961203*166/-609/+441-492248/+-530+-557-377/-930/701/310*+64+,504-961203*166/-609/+441-492248/+-530+-557-377/-930/701/310*+64+,True
-25984594/835/--903/523+737713*+440-63792/-953/-657/+473808*+,-25984594/835/--903/523+737713*+440-63792/-953/-657/+473808*+,False
173-634--106--424-111/-544/-742/+-98+-23815/82/+563990*-540*-475+,173-634--106--424-111/-544/-742/+-98+-23815/82/+563990*-540*-475+,False
-227-199240/--958-800*-369-527*-724+815+132401*-524/-852/-500*-662+,-227-199240/--958-800*-369-527*-724+815+132401*-524/-852/-500*-662+,False
590-116*800660*-774/773/835/-710*+-868--951+-378753*774*-198-513*+,590-116*800660*-774/773/835/-710*+-868--951+-378753*774*-198-513*+,True
626469/-338910/80*-155/+677--999268*--48-599+159+-4221/+902+,626469/-338910/80*-155/+677--999268*--48-599+159+-4221/+902+,False
293-963364/+-308--383+678-893*750*+-750212*-198/-778*+-768--893+373-,293-963364/+-308--383+678-893*750*+-750212*-198/-778*+-768--893+373-,True
-102328985*--616--602634/--678371/-544234/+-158--692+466354*+537+,-102328985*--616--602634/--678371/-544234/+-158--692+466354*+537+,True
133443+-316+429778*+-920973*+-59966/516*--175857/-691*+11-427/,133443+-316+429778*+-920973*+-59966/516*--175857/-691*+11-427/,True
-578774/490/-10-285*--150621/--51-128994--700*+478--770--276-349*-,-578774/490/-10-285*--150621/--51-128994--700*+478--770--276-349*-,True
273-456/142+-130+-477926/+-8--402+36+74+717--198-654--327-180*+,273-456/142+-130+-477926/+-8--402+36+74+717--198-654--327-180*+,True
736440809/133*385/+-349-813/-131-947*-585/--647--345-522/-84-530+,736440809/133*385/+-349-813/-131-947*-585/--647--345-522/-84-530+,True
