Original,Perturbed,Is_Equivalent
+++---+-86-94/*11-9554/-100-24*/589-5397*-387838-25,86--94+11*-95/54--100/-24-5/89*-53-50+-38*78+38+-25,False
++-+-+-+-1/71-37-3*-6865***-60-92-81-1738/53717924,-1+71/-37--3+-68*65--60*-92*-81*-17+38-53/71+79+24,True
-+---+++-9*-9759-17-42*12-72**88-498/3725/-61-8784,-9+-97*59+-17+-42-12*-72-88*-4*98-37/25+-61/-87-84,True
-++++--79-94**/*79-229966*1-50-52*/-4688-19-29-69,79--94-79*-2/29*96*6+1*-50+-52+-46/88*-19+-29--69,True
+++-+*//*-688-941235-98*-76-50/*59-89-63/-6442*63-78,-6*88/-94/12*35+-98--76*-50+59*-89/-63+-64/42+63*-78,True
++++--26*66-9654**//*527760-68-1416*791455*-8064,26-66*-96-54+52*77/60/-68*-14*16+79*14+55+-80*64,True
+++++91**-77-97-6994///-92-795039**/-5103349*5648,91+-77*-97*-69+94+-92/-79/50/39+-5/10*33*49+56*48,True
-----/**-9-984273-9*-1711*//9052-6-77/-5360*4591,-9*-98*42/73--9--17*11-90/52/-6*-77--53/60-45*91,True
++---++++**-70-2836-47-3435/5464739140*-58-2/8-87,-70*-28*36+-47+-34+35+54/64-73-91-40+-58*-2+8/-87,False
++++----4313-51***/5129978691962297-35/*-4510-65,43-13--51-51/29*97*86*91-96+22+97+-35+-45*10/-65,False
-+-++--+++2648/-9946*318-24-50-6873-11-83**417-15,26+48+-99/46+3*18--24--50+-68+73--11+-83-4*17*-15,True
-----+--/-5535/*-17-91970-8539**/-166090-19-324727,-55/35--17*-9/19-70+-85-39--16/60*90*-19--32-47-27,True
++-++---72-37-73/22-94**71542-38**1195-33/*534762,-72--37--73+22/-94+71*54*2--38+11*95*-33+53*47/54,False
++-+--+-34*/-87-2727/-66-60*/-56-41-30-3826*/2072-7-86,-34+-87/-27*27--66/-60--56/-41*-30+-38-26+20/72*-7+-86,True
-++--*19-52*-51-27/*66-81-12**14-7492/-1997/*-3328-67,19*-52--51*-27--42*-81/-12+14*-74*92+-19/97--33*28/-67,False
---+*//8-164572*///68-82-38-4440*/40533961*-44-75,8/-16/45*72+68/-82/-38/-44*40-40/53*39-61--44*-75,True
---++--/*3186612**19-688599**-34-15-877-44/528,31*8/66-12-19*-71*85+99+-34*-15*-87-7--44-52/8,False
--++-////***31-77-77-11-34-18-4429/19-68-93-30--1778-77,31*-77*-77*-11/-34/-18/-44/29-19/-68+-93+-30--17/78--77,False
++-+---+--1995*43-7444-15*81-89-949//-397395*-54-17,-19-95+43*-74-44--15-81*-89+-94-9+-39/73/95+-54*-17,True
----++++/8098/*-47-64-64*83-42-89**-64-45174527-10-55,80/98+-47*-64/-64+83*-42+-89+-64*-45*17-45-27--10--55,True
+*+--+--*-66-22-70/943*/9621-92-6/2217475*-82-50,-66*-22--70-9/43+96/21*-92--6-22/1+74+75+-82*-50,False
-+-----+94/+*/*25-100-4579-41-83-70-37*-795432-78-8197,94+25*-100/-45*79/-41/-83--70--37--79*54-32--78+-81-97,False
+-+-+-/-788**-61-4914/-35-624/-/337383-88/-407156,-7/88--61*-49*14+-35/-6-24+33/73*83/-88--40/71+56,False
---+++-+56-40/56-57-83/-5-12-18**54-46-97/-82-43*-38-4,56+-40-56/-57+-83+-5/-12+-18--57*-46*-97--82/-43--38*-4,False
++-++----+5654/765781*18-9396//27-2235-75-292874,56+54-76/57-81-18*-93-96+27/-22/35+-75--29+28+74,True
----+/*-23-6848*//**-983-3352125-46/984-36*-34-92,-23*-68/28+-98*3*-33/52/1*25--46-98/4--36--34*-92,False
-++*1944*//-30-77-74-59/**29789129*/**94-97-75-8459,19*44+-30/-77/-74*-59+29*78*91/29-94*-97*-75/-84*59,True
--++*****/294873-10-546-76-43*/-431813**2664-530,29/48*73*-10*-5*46*-76+-43+-43/18*13-26*64*-5-30,True
+++515/*****///*-72375587-635387-45-59990/90-57,72+5+-72*37/55/87/-63*53*87*-45*-5*99/90+90/-57,False
-++++--/64-2518-8026*/-45-83-74/*-75-88-9784/*-83-8228,64/-25-18--80+26+-45/-83*-74+-75*-88/-97+84--83*-82/28,True
---++--*89-50*62-33-100*-85-97-990*/*67-515935*-1545,89*-50-62*-33--100+-85*-97+-9-90-67*-51/59*35--15*-60,False
+---+--21/6350/*//-31-496-76-56-72*-4084//76-2642-57,-21-63/50+-31/-49/6*-76/-56--72--40*84-76/-26/42+-57,True
+-79/////*-83-88-84-63-46383/***//-97-59-95-346797-73,79--83*-88/-84/-63/-46/3/83+-97/-59/-95*-34*67*97/-54,False
-+-++-+--59***/-936054-18-7432-8858*88-79-66*-2-882,-59--93/60*54*-18*-74+32--88+58+88*-79--66+-2*-88-2,True
----++///236458-4660-93-49/**/61-8479-341184/97-98,23/64/58/-46+60+-93--49-61/-84*79*-34/11-84--62/-98,False
-+----++-*-8-255*-7168*-7730-93//-17-54-54-42-74-29-48,-8*-2-55+-71*68+-77*30--93--17*-54/-54--42--74+-29--48,False
++--++-++**48-10-163515*80-98-3773/64316*-415-21,48*-10*-16+35+15-80*-98+-37+73-6/43-16+-41*5+-21,True
+-+--+--*8083//-412442/92-6*-8372*66-88-36-21-6278,80*83--41/24/42-92/-6+-83*78-66*-88--36+-21--62+78,False
+-+---++-*-98-79/7955-50-6547/1530-83/*-33-627969-96,-98*-79-79/55+-50+-65-47-15/30--83+-33*-62/79-69+-96,True
+++--+-30//-92-98587/*/55-29-5111/*3535-75/59-78-52,-30+-92/-9/85-87-55/-29*-51/11+35*35/-75+59/-78+-52,True
-*++++-*482*9996/*23-4765-426451-31**/37-60-5154,48*2-99*96+23*-47/65+-42+64+51+-31-37/-60*-51*54,False
++-+--*/-98-2556-12**774745/*/11-37-3-26-808*-8568,-98/-25*56--12-77*47*45+11/-37*-3/-26--80+8+-85*68,True
++--+--24//*92145427//196806157*844522/-925,24-92*12/54/27-19/6/80+61-57-84*45+22+-9/25,False
+-++-+*-8825-35**/90-15989//-561636//-744-34-6-58,-88*25+-35-90/-15*9*89+-56/16/36+-74/4/-34--6+-58,True
---/+***-9458-97-53*/*8862-8394*/8575-23-32-6/-9455,-94*58*-97*-53+88*62/-83*94-85/75*-23--32--6--94/55,False
+++++*//*-874-82-66-8///62893-3052/*-59-37-7549-56,-8*74/-82/-66*-8+62/8/93/-30+52+-59*-37/-75+49+-56,True
+-+--*-2876*8241-47*63-7791*/*///680-38235260-99,-28*76-82*41--47+63*-77-91+68*0/-38/23*52/60*-99,False
-+--+--1457*5-2858//*-34652-25/69-44//63-47-55-84,14-57-5*-28+58--34*6/52/5-69/-44+63/-47/-55--84,False
++-+--/-88-16/-76-1164/*25-4216*-42-60//44-1-20/-50-37,-88/-16--76/-11-64+25*-42/16--42*-60+44/-1/-20+-50/-37,True
--+++------65*854360-78*49-25*-6121-4893*-64-48486,-65-85*43-60--78-49*-25--61*21+53+93+-64*-48-48-6,False
+-+-+-+-54-18-100+/-20596/*/-29-765538-14*/39-3025-71,-54+-18--100+-20/5/96--29/-76*55/38+-14-39/-30*25+-71,False
+-++++*-14-626***/-62252964-7068-84*/*-2675-100-658,-14*-6+26+-62/25*29*-29*-70+68+-84--26*75/-100*-65+8,False
++-+----29*//-90-59-5144*/**-755-2837-61-21731531-68,-29--90/-59/-51*44--75*5*-28/37*-61--21+73-15+31+-68,True
++---++42-85973224*/-5-6127*-77-97****9829-851997,42+-85+97-32-24--5/-61*27+-77*-97+98*29*-44*19*97,False
-+++/-91-15**///-41-15-57842836**/*3-100-4469391741,-91/-15+-41/-15/-57/84*28*36+3*-100/-44*69*39+17-41,True
++-++**/*3687961684//-32-8129**-7635826398/3494,36*87/96*16*84+-32/-81/29+-76*35*82-63+-23+34/94,False
+---+--+/*-265670-112226*-23-7155*89-27*1092*499,-26*56/70+-11-22-26+-23*-71-55-89*-27-10*92+4*99,True
+--+-*/756490//-51-88-7577*-18-38*//-2-745430/-9447,75/64*90--51/-88/-75+77--18*-38--2/-74/54*30+-94/47,True
-++-++++--*7137-75-6194*6-36-1/-2525766/59-9656,71*37--75--61+94+6*-36+-1+-2/52-57+66+59/-96-56,True
+++++-/9-65/-6322*/*62-10-6-92*472984-49*/-391062,9/-65--63/22+62*-10/-6*-92+47*29+84+-49+-39/10*62,True
+--+++-39*-2629*/*/-4791-78-12-31/316*-492555175,39--26*29+-47/91*-78/-12*-31+31/6+-49*25-55-87+5,False
-++++-++7/-10038/-16-14*/5548-59-45*11927-61/7579,7+-100/38+-16/-14-55/48*-59+-45+1*19+27+-61-75/79,True
-++-++*-36-16-7/*//7798-55-7634*-87-69/-7966-19*81-15,-36*-16+-7+77/98/-55*-76/34--87*-69+-79/66+-19-81*-15,True
++---//***-15-9096-91-37-68/8495-50-5194***-69-72-7-21,-15*-90*96*-91/-37/-68-84/95--50--51+94+-69*-72*-7*-21,True
+-*//1988-998628******/**-457840-785897-1-4-7569,19/88/-99*86-28+-45*78*40/-78*58*97*-1*-4*-75*30,False
++-+++-+--10073-554582**///8-5651-11239462-21-47-78,-100-73+-55-45+82+8/-56/51/-11*23*94+62--21+-47+-78,False
----+/**//372742753-15*7414/-26-35-11*/26325562,37/2/74*27*53/-15+74*14--26/-35--11-26/32*55-62,True
--+-+++43*14-51-64*/-64-9174**/3257958-72-92*56-14,43+14*-51+-64+-64*-91*74-32/5*79*58+-72--92-56*-14,False
++-++++--+--36/-7-38-44-89-95/1554-3496-4/2582-55,-36--7/-38+-44--8-9+-95+15/54+-34+96--4+25/82+-55,False
+-++++/*/*67-64-38-528561**39-84-805226/88-26*46-26,67*-64/-38*-52/85+61+39/-84*-80+52+26-88/-26+46*-26,False
---+++-+95*865385/-22-767/46-97*/-35-8020-47/-23-42,95+86*53-85+-22/-7+67+46/-97--35/-80*20--47--23/-42,False
++-+****4344-96-7670//-23-24-19-13***-5936-42-14/76-96,43*44*-96*-76*70+-23/-24/-19--13+-59*36*-42*-14+76/-96,True
--+--++---/311169/*-8887-92-11-9472*2733-98-99-91,3/11-16-9--88*87/-92+-11+-94-72-27*33+-98--99--91,True
+-+--+++-7528//1435-78-49-7/-4365-25/-960/-891734,75-28+14/35/-78+-49+-7--43/65--25+-9/60--89/17+34,True
-+-+--+--52253897/*/-95-8418-8141/*-671-7986-29-86,52-25-38+97--95/-84*18/-81-41+-67*54/-79-86+-29--86,False
+--+--+---72-1628-66*43-78///761714586232/-3282,-72--16-28--66-43*-78-76/17/1/45+8-62-32+-32/82,False
+-+----70/*59-42-52*/-61-120/-49-6872**9952-23-73-8,70-59*-42/-52--61/-1*20--49/-68-72+99*52*-23--73+-8,True
-++++*/-62-51-2*11-23*-34-60/*3075-27*746*/-70-69-51,-62/-51--2+11*-23+-34*-60+30*75/-27+7*46--70/-69*-51,False
+++--++*-2742*2130-6674**-60-27-41/*-9821-32/-74-1065,-27*42+21*30+-66-11--60*-27*-41+-98*21/-32+-74/-10+65,False
+--+++-8174**//82-29-34-286798-1152/*/*911713-69-8,-81+74+82/-29/-34*-28*67+98--11-52+91*17/13*-69/-8,True
--+++-++37/-56-37-53-4418/*485612-3216//*51-15-51-66,37+-56/-37+-53--44+18+48*56/12+-32-16-51/-15/-51/-66,False
----+++--68-12/-398144752*/-97-88-76/**-1-63-70-82-72,61--12+-39/81+4+47-52--97/-88*-76--1*-63*-70/-82--72,False
---+---97*/*/**-67-3-68-44663522566720*-50-31/8995,-97--67*-3*-68/-44*66/35*22-56+67-20--50*-31-89/95,False
+-+-++-+/169173-51*/-834082/-5534/86-303*1-44-95,16/91+73--51+-83/40*82+-55/34-86/-30+3-1*-44+-95,True
+---78-36**///-*-872464-8860-56-99-22****-14-38-22-24-4,-78--36--87*24*64/-88/60/-56*-99*-22+-14*-38*-22*-24*-4,False
+-+-++/5861/**-66-210-91/51-83-60/-44-60/-36-87/15-32,58/61+-66*-21*0/-91+-95/-83--60+-44/-60--36/-87+15/-32,False
+---++-59-57*2888*34-26*-57-20*-845**/4-785-6816,59--57+28*88+34*-26--57*-20--8*45-4/-7*85*-68+16,True
-+++++-*245**/*9955-3341-6317**-94-37-441863-7174,2*45-99*55/-33*41*-63+17+-94*-37*-44+18+63+-67-74,False
+-+++-*-4310**//975-494550-82/6649*63-19/-47-667,-43*10-97/5/-49*45*50+-82+66/49+63*-19--47/-6+67,True
+-----+//-529423*469-3569***7577-53914272/-301,-52/94/23+46*9--35-69-75*77*-53*91-42-72+-30/-97,False
+-++--+/*54-29-32**/-64-79-14-73**88-2-96-8450342,5*4/-29+-32--64/-79*-14*-73-88*-2*-96+-84+50-34+2,True
-+----+*///8667-405068/*653935-6925-30-78/-61-17-15,86/67/-40/50*68+65*39/35--69-25--30--78+-61/-17--15,True
+--++++-*-92-35*-51-31*-99059*/-32-2365-1*42-8598-71,-92*-35--51*-31+-99*0+59+-32/-23*65+-1-42*-85-98+-71,True
+----+/*/-8971-4-4065-50/-844769*/*/45-99-1981883,-89/71*-4/-40+65--66--84/47-69-45/-99*-1/98*18+83,False
-+---++-/548612/29-36396956//-4674-79*6217/-3155,54/86-12+29/-36+39-69-56--46/74/-79+62*17--31/55,False
-+-80**38-9059-5/*/**//**-17-3857-7-85-238111-523,80-38*-90*59+-5--17*-38*57/-7/-85*-23*81/11*-5/23,True
++-++***/*-744-8-21-99-5245-13/*-6189-89/-373*318,71*4/-8*-21*-99*-52+45+-13--61*89/-89+-3/73+3*18,False
+--++--+*74-1-429/-569316235/2071/**-4590-9-81,74*-1+-4-29--56/93+16+2-35-20/71+-45*90*-9/-81,False
-++-+-+++-2386/*52-4787-47656652/75-387/*-50-87-44,-23+86+52*-47/87+-47-65+66-52+75/-38+7--50*-87/-44,True
+---++----24*-8941-14/58-772*-5590-647571/95-9988,24--89*41--14-58/-77-2+-55*90+-64-75-71-95/-99+88,True
+-++++//22-34-53-62*-514549/*/-214371-11-87**-47285,22/-34/-53+-62+-51*45+49+-72/43*71/-11--87+-4*72*85,False
-+---/*18-34-23-61**///**8557-60-46-636528-360-1539,18*-34/-58--61-85*57*-60/-46/-63/65*28*-36-0+-15-39,False
--++-//**933390-21-6471//*/-79-20-9575-80-61/54-94-40,93*33*90/-21/-64-71+-79/-20*-95/75/-80+-61-54/-94--40,True
+-+++++/48-79-58//-5125-14-70/5741*2520/-8364/-3865,48/-79+-58+-51/10/-14+-70+57/41+25*20--83/64+-38/65,False
+-++-/*914-83*//-3071784312/-36-44//6034-86/-4338,9*14/-83--30/71/78*43+12+-36/-44-60/34/-86+-43/38,True
---++11/*/*50-22-9111-91//**34847179-2045*931-95,11+50*-22/-91*11/-91+34*84*71/79/-20-45-93*1--95,False
++-+-+++-95-35-5-76*/13-2143*-8291*/94-39-10*-278619,-95+-35+-5+-76-13/-21*43+-82*91-94/-39*-10+-27*86+19,True
++--++++-+-1376-24-72-4-69-19*//15-67-546/-9286-85-38,-13+76--24+-72+-4+-69+-19-15/-67/-54*6--92/86+-85+-38,True
++-+/***//*-10303313-81-973460-62*1998/*43-6-61-3,-10*30/33/13*-81*-97*34/60+-62-19*98+43*-6/-61+-3,True
+-----+/**/1529-42-647575-42-24/-722*3192/45-5261,15/29*-42*-64/75+75--42--24--7/22-31*92-45/-52+61,True
-++---94**116-20*80-7872/-4969//*//4981-321-6627,-94-11*6*-20-80*-78+72+-49/69-49/81/-32*1/-66/27,True
+++----/372380-69/**/-13-93-46-29-88/774-9*48-7984,80/23-80--69--13/-93*-46*-29/-88-77/4+-9+48*-79+84,False
--+-+-97-50*******-77-76-9856425-56-8894-42/*-24-20-78,-97+-50--77*-76*-9*85*64*25*-56*-88-94--42--24*-20/-78,False
-++--+-//-956-82-22/-4434115/65-888***36-9-8288,-9/56/-82--22+-44/34-1-15+65/-8+88-36*-9*-82*88,True
++-+--+**-20-7162-3145/-5264*/-9184-88-52*4334/-677,-20*-71*62+-31-45--52/64+-91/84*-88--52+43*34+-67/7,True
++-+-+---3414-90*-4770///-50988781-28/-73-20-253643,34-14--90--47*70+-50/98/87/81--28+-73/-20--25+36+43,True
+--++-+--92*-6725/6843/-4053*-59-86/7132-50-6322-69,92--67*25-68/43+-40/53--59*-86+71/32+-50--63-22+-69,True
+--*----+//12-57523866*/9825-6455-13-22*64-66-59-55,12/-57/52+38-66-98/25*-64-55--13+-22-64*-66--59+-55,False
-+--+-+-85-4/-26-3//-71-32-647822*78-22*65-25*73-30,85--4+-26/-3--71/-32/-64+78-22-78*-22+65*-25-73*-30,True
-+-+-+---+--8767-41-75-71*-72-567-77-10064-77/-10-6176,87-67--41+-75--71--72*-5-67+-77--100+64--77+-10/-61-76,True
++--+--57/**/-7860-28645924870*8-9*15-34/3143,57--78/60*-28*64/59-24+8-70-8*-9+15*-34+31/43,False
-+-++-/87-12-21//-7581-70*/-57-2572*/*21-65-90-83-25-100,87*-12--21+-75/81/-70+-57/-25*72-21*-65/-90*-83+-25--100,False
+-+-+++-+81//-52-63-5-12-23/*23-2588-81-86/-2120-4163,81+-52/-63/76--12+-23+23*-25/88+-81--86+-21/20--41+63,False
++++--+-+*/-59-4736-25-76*/1071-32/547067-53-52-88-100,-59/-47*36+-25--76+10/71*-32-54/70-67+-53+-52+-88+-100,True
+-++-+//-2475-82///-22-2-7062-68*-87538/-18-69/4-3,-24/75/-82+-22/-2/-70/62--68+-87*53+8--18/-69+4/-3,True
-+--+---+-5391-49-48*362126**2948-91//1252577-17,-53+91--49--48-36*21+26-29*48*42-12/5/25+77--17,False
++-+/-++-+-33/-41-93/-84-9855*-28-812142-79-6075/8973,-33+-41/-93--84/-98+55+-28*-81-21+42+-79--60+75+89/73,False
+--++++---98-16-3111*//-97945496*96-389-92/766875,-98--16--31+11+-97/94/54*96+96*-3+89--92-76/-50+75,False
-+--++---6*/667-9076/-94-76*-540*-100-65-71/301236,-6-66/7*-90-76+-94/-76+-5*40--100*-65--63+30/12-36,False
-+-++++9-6661-9517-9//618752*/***-66-13-93543-81,9+-66+61+-95+17--9+61/87/52--66*-13*-93*5/43*-81,True
--++--++45//40-9682-83-22*5-21-72//*846-63-59-5214,45+40/-96/82+-83--22-5*-21+-72+84*-32/-63/-59--52-14,False
--+-+--*7935*-19-59/-6821//*-232532-717524/-91-18-95,79*35--19*-59--68/21+-23*25/32/-71-75+24--91/-18--95,True
-+++++-+7979*70-32*47-17-12/-88-38**52-96364/210,79+79-70*-32+47*-17+-12+-88/-38+52*-9*63+64-2/10,True
+------82*3-154544-85*/47-3425/*///-96-47-1005425,-82-3*-15-45-44--85-47/-34*25+-9/6/-47/-100*54/25,True
-++-+-81/*/-52-978230//12-87-14*/-11-537146//4870-69,-81+-52/-97*82/30-12/-87/-14+-11/44*71+46-48/70/-69,False
++--++-+--76-76/31-6795-78**5615-8613-659*/-777886,-76--76+31/-67-95+-78+56*15*-86-13--65+9+-77/78*86,True
++++-+/66-7881/-90-51-94-51/5667*/*//66-88-898-53-28,66/-78+81--90/-51+-94+-51+56/67+66/-88/-89*8*-53*-28,False
+--++-++11*-2570/-788370//-11-78-464-63/7493*-100-50,11+-25*70+-78/83-70+-11/-78/-46+4--63-74/93+-100*-50,True
++---*-61-8253//****-76-22-62-5786-50-3533-70*/302727,-61*-82-53--76*-22*-62*-57*86/-50/-35-33+-70+30/27*27,True
*+-+--+**/-43-34-3850/*363580-96/-67645-83/1-15-16,-43/-34*-38*50+36*35/80--96--67/64+5--83+1/-15+-16,False
+-++---*/9444-485-7683/-4453-62/***71-85-679578-4,94/44*-48-5--76-83+-44/53+-62-71*-85*-67*95/78+-4,True
++--*-59-94/-31-12//**/94606697353-68//*-7-97-1884,-59*-94--31/-12-94/60*66*9/73/53+-68+-7*-97/-18/84,True
+-+---0*8-71*//8055-32-69-71*8279***-26-41598123,0-8*-71-80/55/-32*-69--71+82*79--26*-41*59*81+23,True
--++++--26/-68373-21-71*/-1078-37-31*/59-3242/-9144,26--6/83-73+-21+-71+-10/78*-37+-31-59/-32*42--91*44,False
++-+++-*-7087//-14844-78/*3750-1322/*-451-11-3142,-70*87--1/48/44+-78+37*50/-13+22--4*51/-11+-31+42,True
+----+/9457-63//97-30-5/*/**-20-89-63-8331184268,94/57/-63-97/-30/-5--20*-89*-63/-8*33/1-18-42+68,False
-+---++40*012-6**51-4197*-87-21*1599**-15-15-8763,40+0*12+-6-51*-41*97--87*-21-15*99+-15*-15*-87-63,True
-+++-++-65*-80-35-72/**/-7372-43-90-9-59*43-85-269939,65--80*-35+-72+-73/72*-43*-90/-9--59+43*-85+-26+99-39,True
---++-+*/57-4462-37-61*43519/*-317299**899531-16,57/-44*62+-37--61+43*51+9--31*72/99-89*95*31--16,True
-++--+-+*-9-236-33/*36-34541/-209674/48-38/045,-9*-2+36--33+36*-34/5-41--20/96+74+48/-38-0/45,True
+++----5236**/4151-74-19-12/*-34-96-8**64-88-15-41-46,52-36-41/51*-74*-19--12--34*-96/-8+64*-88*-15+-41+-46,True
-++-+-+--+*-70-7971***2524-786277-37660-85-49-3928,-70*-79+71-25*24*-78*62-77+-3-76+60--85+-49+-39-28,True
-+-+/*3-2646*/****-6636-99-18544-32/-72-3541*3662,3*-26/46+-66*36*-99*-18*5/44*-32--72/-35+41-36*62,True
+++++-89**5-9489-2646//*-43-346-70**922287/-80-32,89-5*-94*89+-26+46+-43*-3/46/-70+92*22*87+-80/-32,True
+++--+-+/7145//-25-4594/-47-3199/6-78/5-3159-92-11,71/45+-25/-45/94--47/-31+99-6/-78-5/-31+59+-92+70,False
+-+--+-+--6*1582-11-2537/-297-52*6798-25-53*-1694,6-15/82--11+-25-37+-29/7--52-67*98+-25--53+-16*94,False
-++--+++--89*30971-939-52*-31-45*6821**265-286,-89-30*9+71+-93+9--52--31*-45+68*21+26*5*-2-86,True
+-++++-**/-29-6089-71*37-28*/-12-2119-11/569059-2311,-29/-60*89*-71-37*-28+-12/-21*19+-11+56/90+59--23+11,True
++--++-87///-35811-25/336558*-4478-49**-293-22-100,87--3/58/11/-25+33/65+58--44*78--49+-29*3*-22+-100,True
-++--+--42889578/*//*43640-2998-18-53-10**-698746,-42-88+95-78-43*6/40/-29*98/-18+-53+-10--69*87*46,True
+++-++-++-50-54*-68-53-87/*-20-85-6381-49-16/-6525*55-13,-50+-54+-68*-53--87+-20*-85/-63+81--49+-16+-5/25+55*-13,False
+++-+-++88*/*-57286-10/-9588*-33541195-7/-25-9275,88+-57*28/6*-10+-95/88--33*54+11-95+-7+-25/-92+75,True
+-+--+////0-6576-7028-28-88*/60214*-30-25*-1-89-57,0/-65/76/-70/28+-28--88-60/-80*14+-30*-25--1*-89+-57,False
-++-+--+--8186-99902165*-4923**/25-86-82-15/-35-48-30,-81-86+-99-90-21+65--49*-27+25/-86*-82*-15+-35/-48--30,False
---++--94/*-14-20-4515/*/*29-20-94-44-2983/*-1451-4179,-94--14*-20/-45+-97+29*-20/-94*-44/-29-83--14*51/-41-79,False
++++-+**-79-25-65**-7569-6-90**-79-481880/-1-3/-1986,-79*-25*-65+-75*69*-6--90+-79*-48*18+80+-1/-3+-19/86,True
++--++--+--93-2294/-4077-250-1771**2029-10086393,93--22-94+-40/77--2-50+-17+71-20*29*-100-86+3+93,True
+-+++-+61*-5794365317*///-40868570-77-86**-50-5044,61+-57*94-36+53+17+-40/86/85/70*-77--86+-50*-50*44,True
+--+++---73-60-558-63-74*-5954//47-3638-58**-3714-40,73--60--55-8+-63+-74+-59*54-47/-36/-65--58+-37*14*-40,False
++-++----28**/91137746*-395-15-98/-38256710-32-40,28-91/13*77*46--39*5--15--98+-38/25+67-10+-32+-40,True
---++-+-//-78-731//30-911021*65596-39-19/-24-2719,-78/-7/31-30/-91/10+21-6*55+96+-39--19--24/-27-19,True
-+---32//*8782412*94//****62-20-2888-522754-72,-32-87*82/4/12-9*4+62*-20*-28*88*-52/27/54--72,True
-++-----95-15*/-100-1187/-573-75/797**-57-87617-4,95--15--100/-11*87--57/3--75-79/7+-57*-87*61+7--4,True
+++-+-7552-86/**11231-44**//-140931278/*-21826,-75+52--86+11*23*1/-44+-1/40/93*12*78+-21*82/6,True
++----++*14/64-431876/*-57-27-4627*5872*-77-23-41-67,14-64/-43+18+76--57*-27/-46-27-58*72--77*-23+-41+-67,False
--++-+-62**1186-27*28-83-6553**/33212451-45/-4123,62-11*86*-27+28*-83--65+53+33/21*24*51--45--41/23,True
---+++/4267*-9-47*/-48-74-95/6960*87-31-90*/8517-25,42/67+-9*-47+-48/-74*-95+69/60-87*-31--90+85/17*-25,False
-+-+-+-***38-1427-9042*/-10-9533600/54198/43-76,38*-14*27*-90-42+-10/-95*33-33+0-54/1+98-43/-76,False
--+++-***-6498825//-83893-325393*53-7539/-2844,-6*49*88*25--83/89/3+32/53+93+53*-75-39--28/44,False
++++-+90/97-94/**3757-575/62-37/*-486-4366/6447,90+97/-94-37*57*-57/5+62/-37+-48*6/-43+66+64/-88,False
---++/*/*/-279193-554-92/*87-66-74-41/1-75/-2754-29,-27/91*93/-5*54/-92+87*-66/-74+-41-1/-75--27/54--29,True
-+-++-+**-57-8523-29/*52-9397-8231/22-28**69-365744,-57*-85*23+-29-52*-93/97+-82+31-22/-28+69*-36*57-44,True
-++++----+-68*-26-95*998817-100*39-56-93-8145*-401381,-68+-26*-95-99*88-17--100-39*-56+-93+-81+45+-40*13-81,True
+-+++-+-70901062*-57-39**//50-207984-86/80638987,70-90+10-62+-57*-39+50/35/79*84*-86+80/63-89+87,False
----++-///*-24-88-67-43-70-1315*/1873-96-54*-96-9898-84,-24*-88/-67/-43/-70--13+15+18/73*-96--54--96*-98-98--84,True
+-+--+-/-2389*/3354-2-35*7080/*-7014-48-4/2974-6,-23/89-33/54*-2+-35-70*80--70*14/-48+-4-29/74+-6,True
++---++-1812*-81-64/-49-73*28-57/*/907822579-9464,18-12+-81*-64+-49/-73-28*-57-90/78*2/25-79+-94+64,True
+----*7730*/*-36-47-10-69*93-98**3195-96-39**59-840,77*30--36*-47/-10*-69-93*-98-31*95*-96--39+59*-8*40,True
-+---+-/4054/-2933-18-38/**52-173-77-97**-72-1967-65,40/54--29/33+-18--38-52*-17*3/-77--97+-72*-19*67--65,True
--++--*-69-17/*/*//10-8567-4843-4-84-2-81*5580-98-87,-69*-17-10/-85/67*-48/43*-4/-84--2+-81+55*80--98--87,False
----+*-10012**-33903/-9-36*-8393*/24-86-53//-4057-93,-100*12+-33*90*3--9/-36--83*93-24/-86*-53--40/57/-93,False
-+-+28*//-415-1075*82-34*/41-30-69//**91-73203668,28+-4/15/-10*75-82*-34+41/-30*-69-91*-73*20/36/68,True
+-+-+-+-//*-99969393-8939/*-963261-43*22-76-61513,-99*96/93/93--89+39--96*32/61+-43-22*-76+-61-51+3,True
----+-+--*-7211/3648-62-513217*/*-23-32-8360-566375,-72*11-36/48--62+-51-32+17--23*-32/-83*60--56-63-75,True
-+-----+*-88-71-25-926/-65-58-56*//-8236-49-18*7076-29,-88*-71+-25--92-6--65/-58--56--82/36/-49*-18+70*76--29,True
-+--++++--65-56-95-33*75-73*5368/156736/-58-8578-46,65-67--95+-33+75*-73+53*68+15/67-36--58/-85+78--46,False
--++--++918770/3219-100*-676180*//5-842741*2021,91+87+70-32/19--100+-67*61+80--98/-84/27*41-20*21,False
-+++-+--+14-2112-71*/-59-984799*9922-19-19*/-82-64-78,14+-21-12--71+-59/70*47-99+99*22+-19+-19--82/-64*-78,False
-------+49-75-95*/353451**-36-21-81/78-71*49425485,49+-75--95-35/34*51--36*-21*-81-78/-71-49*42-54-85,False
-+-+-+///-62-8049-32-3-56/*696523-54/53-16*/131913,-62/-80/49/-32+-3--56+69*65/23--54+-45/-16-13/19*13,False
-+-+5*2187*/39-31-17/*1-71-31*////-10-5478-6-83-86,-6+21*87-39/-31*-17+1*-71/-31--10/-54/78/-6/-83*-86,False
+-+-++----35-36-227112*-91-16/-45-14/-30-6391*761922,35--36--22-71--98+-91*-16+-45/-14--30/-63+91-76*19+22,False
-++-+--/87-6456*-1362/***335153-4-39-12/-29-22-74-46,87/-64-56--13*62+33*51*53*-4/-39--12+-29/-22+-74--46,True
-+-------11-32**6291814828*/-4625-22-42-2243*-109,11--32-62*91*81-60-28--46/25*-22--42--22+43--10*9,False
+++--+//*34-14-58-97*/51-50-6*-5036*-969-55-77*2-86,34*-14/-58/-97+51/-50*-6--50*36--9*69+-55+-77+2*-86,True
-++++*97-93*//*0-95-48-52-5325-67+*4359-93*/-628776,97*-93+0*-95/-48/-52*-53+25+-67+43*59*-93--62/87*76,False
----+-*/*/119937-49-52-46**51-1392-53/-7622-90/-893,11/99*37/-49*-52--46+51*-13*19--53--76/22--90--89/3,False
+----++-519*7182///-4725-6277**-76-82-35/526386,-5+19+71*82--47/25/-16/77--76*-82*-35-5/2-63+86,False
+++-//9-17*//-32-97-93-98*/**897285-62-4873/-578014,9/-17+-32/-97/-93*-98-89*72*85/-62*-48+73+-57/80+14,False
++++-+-/-35-96-49*62-60*/-39-4253/50-5131*/43-168750,-35/-96--49+10*-60--39/-42*53+50/-51+31+43/-16*87+50,False
-+-++-+-8258-930***6284-30-21*-5113*/62-7-63/29-91,-82+58--93+0+62*84*-30*-21--51*13+62/-7*-63-29/-91,True
+++-+--+-+-58-18-98-70-22*/*191-64-15-29-11-54/848148,-58+-18--98+-70--22-1*91/-64*-15+-29--11+-54+84/81+48,True
------+***23-253-52/16-1218*-55-90-46*777123*41-35,23*-25*3*-52+16/-12-18--55*-90--46-77*71-23-41*-35,True
++-++*/91-46-35-922739*/*-*438-4-15-51-6//-7351-20,91/-46*-35+-92+27-39+4*38/-4*-15/-51*-6+-73/51/-20,False
++---+-*86-7*-6462/62-96-46-70**-10-63-37/-82-40/40-19,86*-7--64*62+62/-96--46--70--10*-63*-37+-82/-40+40/-32,False
-+++++*//*/5959-7014-843/-78-74/*-46-98-68-70-88-4270,59/59*-70/14/-84*3+-78/-74+-46*-98/-68+-70+-88+-42-70,True
+-++-+--+**/-35-20-1059*-17781-9304843-78-55*-2243,-35/-20*-10*59+-1*15-81--9+30-48+43+-78--55+-22*43,False
--++-++//-50-5876-25*6195**719574*-819-65/45-98,-50/-58/76+-25+61*9-5+71*95*74+-81*-65--65-45/-98,False
--++-+*/-10064-88*846481-4////-82-20-29482914*9289,-100/64*-88+84*64-81+-4+-82/-20/-29/48/29-14--91*89,False
-------*-79-90-75/7274/-22-2893-8993**//-41-38-50-2547,-79*-90--75-72/74--22/-28-93--89-93--41/-38/-50*-25*47,True
-++---*11***66-53896-50-7-48*/-86-3547/75-6*-5279,11-66*-53*8*96--50--7--48+-86/-35*47+75/-6--52*79,False
+--++--10/62-55-41/**/*3044-5676694-65*-2583/84-61,-10-62/-55+-41+30*44/-56*76*6/94--65--25*83+84/-61,True
-+---+-+-934/3927-64*-94196**-1881-1-8622/-9355,9-34+39/27--64+-94*19-6--18*81*-1--86+22--93/55,True
+----+++*269449*/**-77-997517-2-359058-81/73-6724,26*94+49+-77*-99*75/17*-2+-35-90-58--81-73/-67+24,True
+-+--*/-73-4714//42-8173*/5567//2152-77*-5217-82,-73/-47*14--79/-81/73-55/6*7+21/52/-77--52*17+-82,False
-+++--+-*2-54*///58-2287-1588-84710-33-60/-905362,2*-54-58/-22/87/-15*88+-84-7-10+-33+-60+-90/53-62,True
--+--+-+-25472493-28*4293-8*8722*-54-19**-88-34-25,76-47+24-93+-28-42*93--8+87*22--54*-19--88*-34*-25,False
-++-/*-225-93*//783-8327-71*21-14//*-349071-9129,-2*25/-93-7/83/-83*27+-71+21*-14-34*90*71/-91/29,False
+-----+27-26*-557343-97/41-25/*/*/-82-62741516865,27+-26--55*73-43--97-41/-25--82/-62*74/15*16/-63+5,False
+----++*-53-21/-8265-4555/-4050/239*-57-62**843-15,-53*-21+22/65+-45-55--40/50-23/9--57*-62+8*43*-15,False
+-+-//**/-38-45-557-20-66*9523/3096***61-32-43-8943,-38/-45*-5*57/-20/4-95*23+30/96-61*-32*-43*-89+43,False
---++---66-9812-48**/*/84282481-62151290*/-48075,-66--98-12+-48+84/28*24/81*-62*15-12-90--4/80*75,True
++----+++-31-7973/-54956820**-76-78-49*-24-51/-8-1022,-31+-79+73+-54/95-68-20--76*-78*-49--24*-51+-8/-10+22,True
-+++-+-*-7633-24*/*//-600-5412-60-2138-2448-59/-88-26,-76*33--24+-60/-18/-54*12/-60*-21-38+-24+48+-59--88/-26,False
++-++-//-93-62-20-46/43-6040/*///-9384-6778-58-44-78-97,-93/-62/-20--46+43/-60-40--93/84/-67/78*-58/-44+-78+-97,False
+---++-81/6422*/*/158726-8-78-80*-6985-3934*-57-14,81-64/22+15/87*26/-8*-78+-80--69*85--39-34+-57*-14,True
+++---95-32*-62-82/*/-15-17-95-91-3946****27-6-60-71-99,95--32--62*-82--15/-17*-95/-91+-39+46+27*-6*-60*-71*-99,True
++-+-**-26-3-74/-935*-47-12042**//*-6586-1-11-1850,-26*-3*-74--93/5+-47*-1-20+42+-65*86/-1/-11*-18*50,True
--++-+-+/*9-14-7*20998/6777*3876-6-3/0-87-59,9*-14/-7+20*9-98+67/77-38*76+-6+-3-0/-87--59,True
+---+++++-46//97834065*-917*-724127*17-77-1037-21,-46+97/83/40+65+-91*7+-72*41+27-17*-77--10-37+-21,True
--+--++*-85-92-215*/-5-728**37-618815**22-94229,-85*-92+-21+5--5/-7*28-37*-61*88+15-22*-94*22-9,True
++----++50*/-63-85-6868-84+/6-9710/49-11/-9018-29-24,50+-63/-85*-68+68--84-6/-97/10-49/-11--90/18+-29+-24,False
------28*/-40-76-84-58**43792-98/*106245*/35-453,-28-40*-76/-84*-58-43*7*92--98-10*62/45-35/-45*3,False
--++++-+/*-657-4936-93*/-54-746746*7448*-14-646167,-6*57/-49+36--93+71/-74*67+46+74*48+-14*-64-61-67,False
--+++/*-30-93-19/*908644*/5524-47*/999235-7*76-91,-30*-93/-19+90*86/44+55/24*-47+99/92*35--7-76*-91,True
+--++**59-28-93/*3016-48*-68-23**23-346//-28-5825-68,59*-28*-93+30*16/-48+11*-23-23*-34*6--28/-58/25+-68,False
-+-////-22814-3-30///***258-44-81-2189-7051/1551,-2/28/14/-3/-30-2*58*-44*-81/-21/89/-70+51-15/-95,False
-+--+----37**/-94-5236-13-2733*/-74-34-99-100-84-59/-29-80,-37--94/-52*36*-13--27-33+-74/-34*-99--100--84+-59--29/-80,True
++-++++-++18/2853-33*86664464-37//-66169384613,18+28/-75+-33-86*66+44+64+-37+-66/16/9-38+46+13,False
-++---+-89//8-69-62*/0-304260-78/-603411*/-653078,-89+8/-69/-62-0/-30*42-60--78+-60/34+11--65/30*78,True
--+----77/-6074-74*-3843***-70-761036//336-90/-89-30,-77--60/74--74--38*43+-70*-76*10*36-3/36/-90--89/-30,True
---+-+*/-578368/95-6*-8019-5//-5126-3**5-12-56-44,-57/83*68+95/-6--80*19+-5--51/26/-3-5*-12*-56--44,True
+++-+-+/-31-8377-4153*//*/-318868-3-8-30*848242-17,-31/-83+77--41+53--31/88*68/-3/-8*-30+84*82+42+-17,True
-+-++-+--33-106461320-95/*7-908-77/**-158-6454,33--10-64+6-13+20+-95-7*-90/8+-77--1*-3*-64/54,False
++--*---+***-61-33787672-25/-17-8040/-45-93-9238-70-28,-61*-33*78*76+72--25--17/-80-40--45/-93--92-38+-70+-28,False
-+-+--2/348//*/-7861-33-32-67//-4313-21/-4299-11-55,2-3/48--78/-82*-33/-32/-67+-43/13/-21--42/99+-11--55,False
+-+-*30-35/*1635-2640****/*585-10-42-50-12-88*98-78,30*55-16*35/-26+40-5*85/-10*-42*-50*-12*-88+98*-78,False
+-+--/8783-29*/*927070-85/49-32//*55-1885-75*84-78,87/83--29-92*70/70*-85+49/-32-55*-18/85/-75+84*-78,True
+---+-+---82*-61-48*/90-94-551-64-257829**-67828925,-82--61*-48-90/-94*-5+51--64+-25-78-29--67*82*89+25,True
-++-+++/*26365//-2-80-71-2773/*-37-2032-78*4022-22,26*3/65+-2/-80/-71+-27+73--37*-20/32+-78+40*22--22,True
----/+--43*-513987/-95-73-46/*/4135426460/09-8,43--51*39-87+-95/-73+-46-41/35*42/64-60-0/9--8,False
+--++++--54**-9176-71*-75-76/-33122*-6441-20-9210-65,54--91*76*-71--75*-76+82/1+22+-64*41+-20--92-10+-65,False
-++++*61-6885*//83-55-46-29*710/6787//*-14-4378-86,-45*-68+85+83/-55/-46*-29+7*10+67/87--14*-43/78/-86,False
+----+-27*/85-8481/*/12-74585869/9234-84/46-36,27-85/-84*8+1-12/-74*58/58-69-92/34--84+46/-36,True
-+-+-+*/***-61247325-6799-15-28*-324880**-928793,-61*24*73*25/-67+99+-15--2+8--32*48+80--92*87*93,False
-+-+--+*/23-694165-38**-943669/4217*-906219*7163,23/-69*41+65--38--94*36*69+42/17--90*62+19-71*63,True
+++--++*-9712*/20-917537/*-64-40-2197**-59-363984-30,-97*12+20/-91*75+37--64*-40/-21-97+-59*-36*39+84+-30,True
-+--+/**/77-80901660-68//29-5738///-3890-54116951,77/-80*90*16/60+-68-29/-57/38--38/90/-54/11+69-51,True
+-+--*-27-92*52-66*-962*7097//**78-3915-4110*-9435,-27--92-52*-66--9*62+70*97-78*-39*15/-41/10+-94*35,False
+---++-*-4356//-23-7921-64-68-31*-8437***2094-11-87,-43*56--23/-79/21+-64+-68--31--84*37-20*92*4*-11+-87,False
-+++-++*-7-14*5343-36**/-25-95-21-15*-23-2471-97*-99-51,-7*-14+53*43+-36--25/-95*-21*-15+-23*-24+71+-97--99*-51,True
-++---++-*4831-89/-479825-22/51-46*-21-16-7419*7796,48*31--89+-47/98+25--22-51/-46--21*-16+-74+19-77*96,True
+---+++-+-+**-94-56-7624-35-5779-2/-4649-26-3416-19,-94*-56*-76+2-4+-35--57+79+-2+-46/49--26--34--82+-19,False
--+--++--*8070-64-100-235/99-7/14-94**-595460-40-64,80*70--64--100+-23+5-99/-7-14/-94+-59*54*60--40--64,True
+---+-//-925-92/5116*/**-42-1006944056-97*54-27-9,-92/5/-92-51/16+-42*-100*6/94*40-56--97-54*-27+-9,True
-+-+--+-+++-46394928-20-5330*-6664284-97**722541,-46+39+49+28--20+-53-30--66*6+42-84+-97-72*25*41,True
-+--*-++14//***148882-1-7-64609985-19*94-713-83,14+14*88*82*-1/-7/-64+60-99+85--19-94*-7+13--83,False
+--+--+42*-6139-48*9128-86*/-745014*//-5259439286,42+-61*-83--48-91*28+-86--74/50*14--52/59/43*92+86,False
---+----51-9082-25-81//-2432-3863-1////-14-36-53-48-7,87--90-82--25--81+-24/32/-38-63--1--14/-36/-53/-48/-7,False
++++-+--+*7935-53-6833-27-8265*-68-59*-6437/*-12-29-40,79*35+-53--68-33+-27--82+65+-68*-59+-64*37+-12*-29/-40,True
+-++++38-63-5/67-11/*5666679*/**/-5343-37-7-7131,38+-63+-5+67/-11+5*64/66-79+-53/43*-37*-7/-71*31,False
-+---++-+*-8777-34-87-4512-53-40-80//*1189-91-40*-2712,-87*77+-23--87+-45+12--53--40--80+11*89/-91/-40--27*12,False
+-+-++-+47-51//-33-58-58-72/-34-90*95-49//-933192-784,47+-51--33/-58/-58+-72+-24/-90-95*-49+-93/31/92--7+84,False
----+-**//99-4653-26-5412/20-78*-463/-66-90/-20-9744,99/-46/53*-26*-54-12+20/-78--46*3--66/-90--20/-97-44,True
+++-+-++69-78-55/-53-51/4314**80-43-2751*-23-11/79-82,69+-78+-55--53/-51+43/14-80*-43*-27+51+-23*-11+79/-82,True
-+-+--+-*/6943983698444-36/516*//-1745-42-5226,69/43*98-36+98-44-4+-36-5/16+-17/45/-42*-52-26,True
+++++-++10//69962152*-8-13-21/88-23//769-92-32-19,10+69/96/21+52--8*-13+-21+88/-23+76/9/-92+-32+-19,True
+---///36-72-32-93-75**/**-21-9-6126-53-41/3489*-1082,36/-72/-32/-93--75--21*-9*-61/26*-53*-41-34/89+-10*82,True
++-+-+++++8532/+*375097-62-64-1-98-9567*89341450,85+32+37*50/97/-62+-64+-1+-98--95+67-89*34+14+50,False
+-+++-+-30-52**-7-96-85*1-77-7/48-6619**5135-1348,30--52+-7*-96*-85-1*-77+-7+48/-66+19--8*35*-13+48,False
++++++//-88192*8796//-59-11561//-26-98-7*-74-8573,-88/1/92+87*96+-59/-11/5+61+-26/-98/-7+-74*-85+73,True
--+-----4//925-76*-4547/1263**8827-76-96407632,4-9/25/-76--45*47-12/-80-88*27*-76--96+40-76-32,False
+-+++-++-93/-33-94-29*64-38-21*-57-2447/-6013//-2-8665,-93+-33/-94+-29-64*-38+-21+-57*-24+47--60/13+-2/-86/65,True
--+-++/-3058-78*-6676***/**83268871508434-43375,-30/58+-78+-66*76-83*26*88/71*50*84*34+-4-33-75,False
-++++-/-19-46*/97-1006**-26-77-93-23/2015*/93264668,-19/-46-97/-100*6+-26*-77*-93+-23+20/15+93/26*46-68,True
+-+-+--+-+-8468-4-43/4196/-3738*9438/-18-80124912,-84+68--4+-43-41/96--37/38+94*38--18/-80+12-49+12,True
-++++++---14*46-45*6946/-69-572/-816/2833-157-37,-14-46*-45-69*46+-69/-57+2+-81/6+28/33+74+57--37,False
----+++-+++571-75*/4356581162-6099-75-36*-437-98,5+71+-75+43/56*92-11+62+-60+99--75--36--43*7--98,False
---++---//33-83-36-71-7623-97*/*46-9221-7819/-60-8192,33/-83/-36--71--76-23+-97+46*-92/21*-78--98--60/-81-92,False
----+---76-96**821317/-47-312599//*5030-78-76-7551,76--96-82/13*17--47/-31+25-99-50*30/-78/-76--75-51,False
-+-+-+-*8481/9251988-27*9495**82774*/-20-18-43,84*81-92/5+19-88+-27-94*95+37*27*74--20/-18*-43,False
--++--4*-50145064*/*7558-8940//*38-215-69*99-26,4--50*14-50+64+75*58/-89*40-38*-21/5/-69-99*-26,False
+--++-++36//3364-191//66-76-21-22-63-28*-13-47*-98-7,36+33/64/-1+91-66/-76/-21+-22+-63--28--13*-47+-98*-7,True
-++-+-++-30/-39-7964*//*-78285-716*-7166-2480-99-87,-30+-39/-79+64--78*28/5/-7*16+-71*66--24+80+-99--87,True
-+--++--76-22-65/451423/8375///855524-99*688148,76--22--65+45/91+23-83/75-85/55/24/-99+68*81-48,False
+-+-+-33**4817-2/564519*6493**-496-75/*82-10-45,33-48*17*-2+56/45-19+64*93--49*6*-75+82*-10/-45,True
-----++--++-975-5042-8118-54**-15-254-3036-84*-1645,-9+75+-50-42--81+18+-54--15*-2*54--30-36--84--16*45,True
-++-++-*-4272-39-73/2287-80**9-3265**7-5-57*-591,-42*72--39+-73+22/87+-80+9*-32*65+7*-5*-57--5*91,False
-+---++-42*/193135625357-35////-70-57-7-3438/2572,-42+19/31*35+62-53-57--35+-70/-57/-7/-34/38-25/72,True
++-++*/-46-8166/3132*13-74//90-773--1647//37-85-94,-46/-81*66+31/32+13*-74-90/-77/3+-16/47+37/-85/-94,False
++-+-++--+---71*62-1295938874/-7727-725-55-769014,-71-62*-12-95+93-88-74+-77/27+-72-5+-55--76+90+14,True
++-+++----922/-1002826-76*52-64-96-94*93-94-8/-5873,9-22--100/73-26--76+52*-64+-96+-94-93*-94+-8+-58/73,False
+------/*-13-24-419/4237*/-66-9417541/*23-95-6542,-13*-24/-41-9-42/37--66/-9*41-75-41-23*-95/-65+42,False
-+--+--86//-707649/-83-42*-30-42*-2259/*3262-61*3829,-86--70/76/49+-83/-42--30*-42--22*59+32*62/-61-38*29,True
-+-+--/86789/-63-90-36*555*/-772-42*//1860-100-41,86/7-89--63/-90+-36-55*5+-7/72*89-18/60/-100*-41,False
++-+--2724*/36631*26-87*-60-34-48//*4265-99-75-76,27-24-36/6*31+26*-87-60*-34*-48+42*65/-99/-75+-76,False
/+++---+-27-2063-63-58-47*60-52//-30-4673*//-67-856620,-27+-20-63--63--58+-47+60*-52+-30/-46/73--67/-85/66*20,False
--+--+--*+-6845-40-3225-8384/*-30-99-94*-49-51/-27-100,-6+8-45--40--32+25--83-84+-30*-99/-94--49*-51--27/-100,False
---+-+/-23697/*-9969-54*-58-45-60//-852517//-18-5344,-2/36+97--99*69/-54+-58*-45--60--85/25/17--18/-53/44,True
++*++-8437*/*/*-46-207401536*-71-71//*49-2642-9192,-84+37+-46*-20/7*40/15*36+-71*-71+49*-26/42/-91+92,False
+---+-+++6/92-5168**-47-98-1001979-79*-251428/14-76,6+92/-51+68+-47*-98*-100-19+79--79--25*14-28+14/-76,True
+----+---797-91-4925/*51-64-5677/*/*-914445-306430,-7/97--91+-49-25-51*-64/-56-77--91*44/45*-30/64+30,False
-++++*71-59/*/-40-251630-89*/*42-74-1393**70-8764-84,71*-59+-40/-25*16/30+-89+42*-74/-13*93+70*-87*64--84,True
+-+--+++61-8837-41-41/64-46-91*27-32//**9953-1744-50,61+-88+37+-41--41-64/-46+-91-27*-32+99*53*-17/44/-50,True
++-+-++88/-3243*/**65174-1998*-423481*-37321468,88+-32/43+65*17*4/-19*98--42*34+81--37*32+14+68,True
+++----2/*-4-735631//**//-20-8956-61-412878825-93,-2--4*-73/56-31--20/-89/56*-61*-41/28/78+82+-93+-93,False
+-+-+-***3641-2125+3296-6818-1*5-70///2845577,36*41*-21*25-32/96+-68-18+-1-5*-70+28/45/5/77,False
--+-++/*/-2049-2944-62**/-1781-4459*59-65710/-3-37,-20/49*-29/44+-62+-17/81*-44*59-59*-6+57-10--3/-37,False
--+-+--*-36-31-2911-84/4551/*-2411-90/*/-47-4735-17-34,-36*-31--29-11+-84-45/51+-24*11/-90--47/-47*35/-17--34,True
+-++-+--+51-70/-63-1**51-3079441/584*3736-53-76,51+-70--63/-1-51*-30*79+4-41+58/4+37*36--53+-76,True
-++-----3**-65-26-26/-819419-68//-71-27-9318/420-24,3--65*-26*-26--81/94-19-69--71/-27/-93+18+4/20--24,False
+-++-++--9726*-30-43-23*96*354/144*3-806-16,97-26--30*-43+-23+9*6-35*4+1/44+3*-80-6+-16,True
-+-++-+*544//*/-9-87-90592339129//79-30-411668,5*44+-9/-87*-90/59/23-39+1+29-79/-30/-41-16-68,False
---+++--+--37*21-18/-181-82577831/41-81-50975256,37-21*-18--1/81+-82-57-78+31+41/-81+-50-97-52-56,True
++--+-12/*38-75-18//*-7425-77*-36-98/-7279*-37-7-16,12-38*-75/-18+-7*4/25/-77--36*-98--72/79+-37*-7+-16,True
-++-+-/7-8890/*/-8-87-61-8961*///-64-68903778-57-91,7/-88-90+-8/-87*-61/-89-61+-46/-68/90/37*78+-57--91,False
--++-+++++--18991/425622-1-65/-9624*-6-4345893,-18-99+1+42/56+22+-1+-65--96/24+-6*-4+34-58-93,True
++++--0//*-7537-813350-41/*/138654-68/*32-449524,0--75*37/-81/33-50+-41+13/86*54/-68+40*-44/95+24,False
++-+--21**-79-26-4*/-819637-12/-/3189-87-71*/-4017-82,-21--79*-26*-4+-81/96*37--12+31/89*-87/-71+-40/17*-82,False
++--++//-8116246-43*/*-81-6336-4**-47-89-68*-77-8780,-8/11/62+46+-43--81*-63/36*-4--47*-89*-68+-77*-87+80,False
-+++--*/*-6689-6075*99-62-87/*-1438-55-93/-68-12*46-8,-66*89/-60*75-99*-62--87+-14*38/-55+-93+-68/-12-46*-8,True
+--+--/-546350***/***-11-27199827-1394-27-87609347,-54/63-50--11*-27*19*98/27*-45*94*-27+-87-60-93+47,False
-+-++++--+-61*46-12-26*7056*-3765*-5726-838-21-8977,-61+46*-12--26-70*56+-37*65+-57*26+-8+38--21+-89-77,True
++-+--19/-11-71**31791*-1021-68*/-86719*/6390-46,19--11/-71-31*79*1+-10*21--68+-8/67*19+63/90*-46,False
-++47/326//*/*6671-20-553-83*//*/-8834-7643-11-50,47+3/26+66*71/-20*-55/3/-83--88/34*-76/43/-11*-50,True
*-+-++21//88-2541**60-2553//*-1262-764886-64*-26-33,21+88/-25/41+60*-25*53--12*62/-76/48+86--64--26*-33,False
+-+--++-14-12*/88245572220*/**/1079-52-99153885,-14+-12+88/24*55-7-22+20-10/79*-52*-99/15*38+85,True
+++++//**-13-7669-52-55/-44-67*-5974-6-71//*136379-74,-13*-76*69/-52/-55+-44/-67+-59*74+-6+-71+13*63/79/-74,True
-+---++-35*883188-48*-76-95/8350*79-59*/-64-22-3771,35-88*31+88+-48--76*-95-83/50-79*-59+-64/-22*-37-71,True
+++-----68/-438-17/151849//414287-46/*/-17-8236-76,-68--4/38--17-15/18-49+41/42/87+-46+-17/-82*36/-76,True
---++/-5884***/-66-76152-2//*5-40-24-36*-4965-25-81,-58/84+-66/-76*1*52*-2+5*-40/-24/-36--49*65--25--81,True
+-+//*-662-64-59**//**/-8992-34-27-19-7267-9*27-3684,-6*62/-64/-12+-89/92*-34*-27/-19/-72*67*-9-27*-36+84,False
-+-++-+/*/62-62716531-73*-8562/-43-91*/-2883-281458,62/-62*71/65+31--73+-65*62+-43/-91--28/83*-28+14-58,False
--+--88****/-4-86-26-2-98-48*372*//-37-51-90-282-60,88--4/-86*-26*-2*-98*-48-37*2+-37/-51/-90*-2-82--60,False
++++-41////86-15204-58*593**43-69-38*-10090*-53-60,41-86/-15/20/4/-58+59*3+43*-69*-38+-100*90+-53*-60,True
-+-+--+--3497-76*-70-61/-76-88/-70-34**-99-29-64*-140-78,-34--52+-76--70*-61--76/-88+-70/-34--99*-29*-64+-1*40--78,False
+-+--++/*81-793857-75/-2839*/-35-99-3/10-1385/2458,81*-79/38+57+-75--28/39--35/-99*-3+10/-13-85+24/58,True
--++-+-*-4285/43056-61/17-98**31-9848/84-90/-2321,-42*85-4/30+56--61+17/-98+31*-98*48-84/-90--23/21,True
--+----/-55-63*64-68-71-3-29*/**/56-175967776567-59,-55/-63-64*-68--71--3--29+56/-17*59*67/77*65-67--59,False
+-+---+++-+-18/-77-84*193*71-54174459-8573554780,-18+-77/-84-1*93+71*-54+17+44-59--85-73+55-47+80,True
++----*/6-822*1271-35-1/**-313-6292/*58-6752-20,6/-82*2-12*71--35--1--31*3*-62/92+58*-67/52+-20,True
-+++++++--63/7128/-99-47/-62-58182/44-7879*-7382-45,-63-71/28+-99/-47+32/-58+1+82+44/-78+79+-73*82--45,False
-++--22-53*/-48-40184***/**/*-4330-9978361601739,-22--53+-48/-40*1+84--43*30/-99*78*-84/61*60*17*39,False
--+--++-55/-93-24-70*/5917-63*/-68-92-4768/*-51-518336,-55+-93/-24+-70-59/17*-63--68/-92*-47+68--51*-51/83-36,True
-++-+-++--58//*92-5052-2526/-4542/-21-382-88-9768-42,-58-92*-50/52/-25+26+-45/42--21/-38+2--88+-97+68--42,True
-+--*46-85//*/*4-73564-1422**-4-9846/-2951/7166,46*-85-4*-73/5*64/-14/22--4*-98*46+-29/51-71/66,True
-----+--+++1*742-64-77-438-75*928637-83/-44-85-45,-61+74*2+-64+-77--4-38+-75-92*86-37--83--44/-85--45,False
-+-+/**//*//*-44-653470-1434-33053-44/48-85-56-8392,-44*-65/34/70*-14/34/-3*30*53/-44+48/-85--56+-83-92,True
++---/-31-100**9994-71/-5833*/*-43-1336-52/08/2996,-31/-100-99*94*-71--58/33--43*-13/-72*-52+0/8+29/96,False
-++*5044/**/2472-846935/+97-2041//**-88-1512-26,50*44+24/72*-84*69/35+97*-20/41--88*-1*51/2/-26,False
+--+----+-93/7625**/-57-16719814-85-76-9-529*-1644,-93+76/25--57/-16*71*98-14--85--76+-9--5-29+-16*44,True
-++-----80*92-21/3041-62*/71817030*93-10*/-46-466,-80-92*-21-30/41--62-71/81*70+30+93*-10--46/-46*6,True
+--+--*/35-9370-7-42-96*/-17-6240-51/**/-8-65235639,35/-93*70--7--42+-96--17/-62*40--51+-8/-65*23*56/39,True
+---++-873087/38-28//134530-71///-41-212753*84-65,87-30+87+38/-28-13/45/30--71--41/-21/27/53+84*-65,True
++--+++---+35-52151470*66-6168/-1897-797217/1260,35+-52-15-14-70+66*-61+68+-18/36--79-72+17+12/60,False
----+--+-48*-98-7157///-17551122-6*69-71*-90805361,-48+-98*-71-57--17/55/11/22+-6-69*-71--90*80-53-61,True
+---+-+-+-25/*-227181/-73-64-69-81/869156-35*576699,-25+-22*71/81--73/-64+-69-51+86/91-56--35-57*66+99,False
++++--48//***19193797252/*49-44-84-46/*-103310-24,-48-19*19*37*9/72/52+49*-44/-84+-46+-10*33/10+-24,False
+-+++/7053*-82-90//-89-60-5*-25-63///49-51338*-449,70/53+-82*-90+-89/-60/-5+-25*-63-49/-51/33/8+-4*49,True
--+++--++-50-90/-94-9/-216439-9860-60/69-57/-17-6957,50--90+-94/-9+-21/64-39--98+60+-60+69/-57--17/-69-57,True
-++-++---*778579-5067/60-39*/61-5658*-63-626-5,77*85-79--5-0+67+60/-39-61/-56*58+-63*-6+32--5,False
--/---+-+-+-1093*-58-40*98-578326-83-195813-59*-1128,-10+93--58*-40+98*-57-83+26--83--19-58+13--59--11*28,False
+-+++++-/*-7454-41/-5043-3-16-67/-2311*-62-72*-17-400,-74*54/-41--50/43+-3+-16+-67+-23/11+-62*-92--17*-40+0,False
-+--*2464*/*/96-33758048-25*-22-34*//*43-691653-21,24*64-96/-33*75/80*48--25+-22*72-43*-69/16/53*-21,False
++-+-11-51-47**/***/*-3251-4499-68-5-13-86-57//-72-3560,-11+-51--47+-32*51/-44*99*-68*-5/-13*-86*-57+-72*-35/60,False
---++-++**6337-41343*94-7-100-27/*-7048-34*383116,63*37*-41+34+3-94*-7+-100+-27--70*48/-34-38*31-16,True
-+++-++5-36-1*-3679/-3321*//93-50-1245*5247*25-78,5+-36+-1--36*79+-33/21+93/-50/-12*45+52*47-25*-78,True
++-++-+--23-5739*-32-6822/*4-66-47141**1537-69-26,23--57-39+-32*-68-22+4*-66/-47+1-41+15*37*-69+-26,True
----++12*-84617*-59-69//*/4454684-73*-2334*8798,12+-8*46+17--59*-69-4/45*46/84/-73--23*34-87*98,True
-+-++-+---45-20**//-97-89-59-797267-2472581379*88-9,-45-32--97/-89/-59*-79*72+67--24+72+58-13+79-88*-9,False
+++*-+-9530/*/-32-365-53*-76-28/691577*/*4115-7588,-95+30--32/-36*5/-53+-76*-28+69/15+77+41*15/-75*88,False
++-++-+*-5-30//-4374-178*2622**60-198715-54-431,-5*-30+-43/74/-17-8+26*22+60*-19*87-15+54*-4+31,False
+----++-+/48-99-40-95//-2445-9395-80-8288*/96-156912,48/-99+-40--95+-24/45/-93+95--80--82-88-96/-15*69+12,True
++++-+-+--/-3364*-90-873071/66-37-44145443*97-7472,-33/64--90*-87-30+71-66/26+-44-14+54+43+97*-74+72,False
+-++++-*-41-10-281*//-2326-34-63-8783**/37-5193-8813,-41*-26--2+81+-23/26/-34*-63+-87+83-37/-51*93*-88+13,False
+-+-++-67/**/-17-512132-63/81496/-7583*/67-293-83,-67+-17/-51*21*32/-63+68/14-96+-75/83-67/-2*93+-83,False
+--++-+*974-5639-77*6047/-22-94/*/*951180-68-92,97*4+-56-39+-7+7-60*47--22/-94+95*11/80*-68/-92,True
--+**//-94148264-6//**3471-7621-671/**45-252-40,-94/14/82*64*-6+34*71/-76/21/-6-71-45*-2*52/-40,False
+-++++-95-58///22-531297***-11-71-54485*1695*63-48,-95+-58+22/-53/12/97+-11*-71*-54*48+5-16*95+63*-48,True
+++-94***9273-1644*/-30-3981*///255620-44-9/-13,94-92*73*-16*44+-66/-39*81+25/56/20/-44*-9+-1/3,False
-+-+-++12*/**-87-60-40292/-54-810/55-1975-20*-43-52,12+-87*-60*-40/2*92+-54/-81-0+55/-19-75+-20--43*-52,False
+++++-/15-24-5834/-76-64*2780-74/////767611-403670,15/-24--58+34+-76/-64+27*80+-74+76/76/11/-40/36/70,True
---+-*75-96***/4654-94-5453-45***-19-97-2634-44*22-61,75*-96-46/54*-94*-54*53+-45--19*-97*-26*34-38-22*-61,False
----+--+15*-100-22-79-95-1935/**37021-4210**860-16,15+-100*-22--79--95+-19-35-3*70*21/-42-10-86*0*-25,False
+-+-++-*9249-5133*-72-40/*-21-6780-3//*14-9060-1-21,92*49--51+33+-72*-40--21*-67/80+-3-14*-90/60/-1+-21,True
++++-***-7459-656///-30-50-172/8533*-53-2049*1253,-74*59*-6*56--30/-50/-17/2+85/33+-53*-20+49+12*53,True
+-+**/*/*498523-1119-77-2175/**-413611-45/*-727-39,49*85/23*-11/19*-77*-21+75--41*36*11/-45+-7/27/-39,False
--++--++-+3258*9-628-61/44-41-46-536-70**-26-9822,32+58-9*-6+28+-61-44/-41--46+-53+-94--70--26*-98*22,False
---++--+90-25*-5874-4-79-1-74***-95-88-30-24*/-2017-36,90+-25--58*74--4+-79+-1--74--95*-88*-30*-24--20/17*-36,True
+-+---/*-756123/-4523-26/-3739*/-9024-60/1518*84-90,-75*61/23--45/23--26--37/39+-90/24*-60-15/18+84*-90,True
--++--/-9040*/*-10-70-9287-41/*1763-49/91-34-6*87-38,-90/40--10*-70/-92*87--41+17*63/-49+91/-34--6-87*-38,True
-----++-/*549651375-19-838926*96-10//*-19-60-7829,54*9/65-13+75+-19--83-89-26-96*-10--19*-60/-78/29,True
--*+++--++-146815-6413-43/-4973*-82-60/-1183*-28-75-47,-14+68+15--64-13+-43+-49/73+-82*-60--11/83--28*-75--47,False
+-+-+++/2796*-9886-8791**53-69368-90***-54-135713,27/96+-98*86+-87+91-53*-69*36+8--90+-54*-13*57*13,True
---++--268-67*//81-156765-90/98-94/987//488214,2-68--67+81/-15/67*65+-90-98/-94-98/7-48/82/14,True
+-+----+81*-216422-46-21///+28-51-54060-56/451-26,81+-21*64-22--46--21-28/-51/-5/40/60+-56-4/51+-26,False
---++++903836**/-6653-2340-71*-56-72-4//--29-72-2890,90+38+36+-66/53*-23*40+-71--56*-72--4--29/-72/-28/90,False
++-++--+2673-91-75/1424/57-58/*//74-7492-52933695,26+73--91--75+-72/24+57/-58-74/-74/92*-52/93+36+95,False
----+--++78-61-90-62/*802661-57/2040-54**-3055-57-37,78+-61+-90--62-80*26/61+-57-20/40--54--30*55*-57+-37,False
-----+/-2775**-46-9575*12-55/*-11-26-46*-37-1647*-7672,-27/75+-46*-95*75-12*-55--11*-26/-46--37*-16-47--76*72,True
-+--+/862/*26-54-66***-80-7-66-54**/-348111-2874-18,8/62+-49*-54/-66--80*-7*-66*-54--34/81*11*-28+74--18,False
+-----95///37-9459-75/*/9541-89-5230-41-57**9-49-37,95+37/-94/59/-75-95/41*-89/-52-30--41--57+9*-49*-37,False
+++--+--/-70-2617*-972856*91-40-*-46252454*-6045-51,-70/-26-17--97*28+56-91*-40--46*25*24+54+-60*45+-51,False
-+--***/*//2-5996632686318*//65-19857-82937,2/-59/96*63/26*8*63*18-65/-19/85*7--8+29-37,True
----++-*/-742141**9-4277-97*20-30/-98-83-6036*-80-39,-74/-80*41-9*-42*77+-97+20*-30--98/-83--60-36--80*-39,False
-+--+**90-5075-85*/-7095-3598//99-23-40/**5136-41-30,90*-50*75+-85--70/95*-35-98+99/-23/-40-51*36*-41/-30,True
++++/////58-20-422130-86/*/-35-181259-5872*/-5675-93,58/-20/-42/21/30/-86+-35/-18*12/59+-58+72+-56/75*-93,True
-+---+++-5843*884381-1845**/175015-3096-68*-5028,58-43+88*43+81+-18-45-17/50*15*-30-96+-68--50*28,True
--+++++-*5218*-1558-63/**-85-264620/-7141-92-9035-3,52*18--15*58+-63+-85*55*46/20+-71/41+-92+-90-35--3,False
-+---+-+-*-95-9-1765**-739725/27-4-3022*80-6558-54,-95*-9--17+65--73*97*25+27/-4--30-22-80*-65+58--54,True
---+++-/*/39-949254/62-55**-7473-9231-37/-3443-41-100,39/-94*92/54-62/-55+-74*73*-92+31+-37--34/43--41--100,True
+--++*58///*-51-90-29-5836*5-6795///-42-25-55-74-10,58--51*-90/-29/-58/36+5*-67+95--42/-25/-5/5--74+-10,False
-+---++---89-7752/-7432-342741/*/-553822-23*56-1971,-89--77-52+-74/32+-34-27-41--55/38*22/-23+56*-19-71,True
+---+++*1160/**8-3166-97/-73-99*-44-16/78-8885-93-77,11*60+8*-31*66/-97+-73/-99+-44*-16-78/-88-85--93+-77,False
++++--+--22-20*/4134-93/767736*-5-99724443*-758,22--20-41/34*-93+76/77-36--5*-99+72+44+43+-75*8,True
++++---++15-315-57-37*-812663//77-8226*4839*39-64,15+-3+15--57--37--81*26+63-77/-82/26+48*39+39*-64,False
---++-++-//-1654-466/*10-60-50-9342-7139-7-93/-6824,-16/54/-4*66+10*-60/-50+-93-42+-71+39--7--93--68/24,False
-+-+93/*/*//*/-664451-6122-71-575394/39-6818*8430,93+-66/44*51/-61/22*-71/-57*53/94-39*-68+18-84*30,False
---+---+--42-5520-33-17**95-67-55-29-60/-74-74*-9543-20,42--55-20+-33--17-95*-67*-55--29+-60--74/-74--95*43--20,True
--+-+-/-82-76*/-8640-29*1753*-87-91**-74-90-16*-7455-73,-82/-76--86/40*-29+17*53--87*-91+-74*-90*-16--74*-35--73,False
+++-+-+*/-72-9886/7467-23**-1890-53*-84-91-1-39*73-94,-72/-98*86+74/67--23+-18*90*-53--84*-91+-1+-39+73*-94,True
++---++-+62*-45-2632+*10-585648*5980-5146-20*2854,62+-45*-26-32+10*-58*56+48-59*80--51-46+-20+28*54,False
++-+-15/-53-3334-55/-14-71*///*/*74-62-3912522068-48,15--53*-33+34--55+-14/-71+74*-62/-39*12/52/20/68*-48,False
+---+--40/-67-62-10-98**-7-312413***-595-41-50*9866,40--67/-62--10+-98--7*-31*24-13--59*5*-41*-50+98*66,True
-++-++/-3846-8652/69-7***54-50-12-94/77-17/*8527-39,-38/46+-86+52-69/-7+54*-50*-12*-94+77/-17-85*27/-39,True
--++++/*11-675647/78-84/*24-100-3851*10-37/*774942,11*-67/56+47+78/-84+24*-100/-38+51-10*-37-77*49/42,False
--+-+----86-60**-82-74-218427/-2480/18-6//84-94-9,-86--39-0--82*-74*-21+84-27+-24/80-18/-6-84/-94/-9,False
--+--+++**/-2589754488-9396/946431**3490-33-1014,-25/89*75*44+88+-93+96-94/64-31+34*90*52--10-14,False
++-++++--73/-903/563/-85-100-68/95-87/441-58-99-35,73--90/3-56/3+-85/-100+-68+95/-87+4/41--58+-99+-35,True
--+--------42-44*-27554/-3-17-97-4695-88*/26-66-69-87,-42--44--27*55-4--3/-17--97--46-95+-88-26/-24*-69--87,False
--+++--+-+-+-53429-15744411-95-20-77*-80-10-41/-58-34,-5+34-29+-15-74+44-11--95+-20+-77+-80*-10--41--58/-34,True
-++++--29/-32-8**/*-8021-94-98-34*-2696*15-100*-45368,-29--32/-8+-80*21/-94*-98*-34+-26*96+15*-100+-45*3-68,True
--/+--+49-5182*3671*/5-2691*/51-6-63*36-38/10-74,49+-51-82-36*71+5/-26*91+51/-6*-63-36*-38-10/-74,False
+-++---/*/-6575306341*///628494-84647327-18265,-65/75*30/63-41-62/84/94/-84*64-73+27+-1-82+65,True
--+-+++//-44-777946/-94-84/14-31-23*/573-78-70*29-5,-44/-77/79+46+-94/-84+14/-31--23+57/-18*-78--70-29*-5,False
--+//-97877*////-3489-46-84-54-84*41-20*//4-9279-56,-9/78/77+-34/89/-46/-84/-54*-84-41*-20-4/-92/79*-56,True
++-++--+-+88*-13-2682-85/51-242748*810125/44-56,88+-13*-26-82+-85-51/-24-27+48+8*10-1+25+44/-56,True
+--+-99//*/-57-97-4338*/*-73156674/6461*-973-38,99--57/-97*-4/33/8+-73*15/66*74-64/61--97*3+-38,True
-+----++-53-40-28/62-27/6257*52-42/146-266/-9695,53--40+-28+62/-27-62/57-52*-42-77/46--2+66--96/95,False
---+--+/*75-8478*1340-58*-47-5765-11*/14356*4-12,75*-84/78+13*40--58--47*-57+65--11-14/35*6-4*-12,True
+-++++-+-6*-881695265/-47-83-5335/*/*22-37-442925,-6+-88*16-95+2+65+-47/-83+-53-1+22*-37/-44*29/25,False
+++--+--*-424297-85/-47-28**89-1-22/-33-22*7582-37-15,-42*42-97--85+-47/-28-89*-1*-22--33/-22+75*82+-37+-15,True
++--///////50582-94158199920*37-51**14-413433,50/58/2/-94/15/81/99/9-20-37*-51+14*-41*34+33,True
--++++/-67223-99/-4722**639498-23/*/*94-57-69910,-6/72+23+-99+-47/22+63*94*98--23-94*-57/-69*9/10,True
+-+++++*-939//-37-1483/**-4485-190*-537438-44-4561,-93*9+-37/-14/83+-44*85*-1/90+-53*74+38+-44--45+61,False
+----+-+*66-25//253/-50-15-6381/-8213/-25-40-5139,66*-25+2/5/3--50/-15+-63-81--82/13--25/-40--51+39,True
++----30//64-3682//3250-56*-90-10-99*/99-9977/2664,30-64/-36/82-32/50/-56--90*-10--99+99/-99*77+26/64,True
++--+-++++-97867-59-49*2361-4130-7361//2836-15-14,97-8+67+-59+-49+23*61--41+30--73-61+28/36/-15+-14,False
++/++/*1-79-19/71-72*/-7076-64/**-60-42895694/-55-60,1*-79/-19+71/-72+-70/76*-64+-60*-42*89/56+94+-55/-60,False
+-+--+---74*37-432828/9-3395*/-6-59-8-26*-54-857,74-37*-43-28-28+9/-33-95--6/-59*-8+-26--54*-85+7,True
-+/+++++*-73-43-34/44454**9351-24-58-50/-9347*98-64,-73*-43+-34+4/44+54+93*51*-24+-58--50+-93/47-98*-64,False
---+----35-2541*////-87-27-632-11-7494//33-83-518362,-35--25-41--87/-27/-6/32/-11*-74+94-33/-83/-51-83-62,True
+-++++--*/876838*44-6-68-9730*//-16369345-85-15-75,87/68*38+44*-6--68+-97+30+-16/36/93*45+-85--15+-75,False
++----8068-24*/*/8-5330-821846***/-66-81-9055-2028,80-68--85-8/-53*30/-82*18-46+-66/-81*-90*55*-20+28,False
-+-+-+--6312/19-84*82-42*68-97*/21-7-44*9822/-39-92,-63-12+19/-84-82*-42+68*-97-21/-7*-44+98*22--39/-92,True
-----+-//51-51-69*/842936*/28-19685338-62*54489,51/-51/-69-84/29*36+28/-19*68-53-38--62-5*44-90,False
-----+++---8150-146488*-75-58*/111-7592*-170-3-38,-81-50--14+64+88--75*-58-11/1*-75-92--1*70--3--38,False
-+-+--+-10/1-10****9510584010-80-9827*-6592-7315,10-1/-10+95*10*58*40*46--80--98+27--65*92+-73-15,False
++++--+-/-235497*//-32-503943*-9090-90/-55-38-75-60-78,-23/54-97+-32/-50/39*43--90*90--90+-55/-38+-75+-60+-78,True
-+---8**//*/67-458876-9137-2041**-70-2996/-586885,8-67/-45*88/76/-91*37*-20-41--70*-29/96+-58/68-85,False
-+--+-**609768-9/262564/*44610*-48-60//-2763-25,60*97*68--9+26/25-64-44*6/10+-48*-60--27/63/-25,False
++-+-+-31*-92-99*-20-83/**57-22-1-27/39-91-47*28-73-33,31--92*-99+-20*-83-57*-22*-1/-27+39/-91--47+28*-73+-33,False
--++-+//*4-43-766-45/*-55-726093//35-426685/4244,4*-43/-76/6+15--55*-72/60+93+35/-42/66-85-42/44,False
+-+----///*/68-10629736-93-53/-455-14-31/-5659-7251,68/-10*62/97/36/-93--53--4/-92--14--31+-56/59--72+51,False
-----++-41*5-69//**-62-65-52-38-2544-33-2615/-84621,41-5*-69+-62*-65*-52/-38/-25+44--33--26-15--8/46-21,True
+--++-+*13***-1679148274*-57-72-75/94-6/-48478959,13--16*79*14*82+74--57*-72+-75+94/-6--48/47-89+59,False
+---++*/-12-40-4698**-89-87-4**/*3683-11-44-8786-780,-12/-40*-46+98+-89*-87*-4-36*83/-11*-44*-87-86--7+-44,False
++-+*-*/*-26-1374-7-27//-9451-74//543941/75-3995-86,-26*-13/74*-7--27+-94/51/-74+54/39/41-75/-39+95+-86,False
+-++/****71467-2211*/74-396///-5123-8-85-82-98,7*14*67*-2*21/1+74/-3*96+-51/23/-8/-85--82+-98,True
*---+---/-100-96**79-78-99***87-4219765659-643787,-100/-96-79*-7*8--99-87*-42*19*76+56-59--64-37-87,False
++----51/-91656-85//38-9588//-5-1836**/8231-545,51--91/65-6--85-38/-95/88+-5/-18/36+82/31*-54*5,True
+--20/-16-39-31**/******/-4347-67-50-3637-53-100-33412,20--16/-39--31+-43/47*-67*-50*-36*37*-53*-100/-3*34*12,False
----++--/-100-62/*-5853-8014*-19-10647381-82**517528,-100/-62--58*53/-80-14+-19*-10+64-73-81--82-51*75*28,True
+--++-*-+/*-30-46-60-96-66029**-38401316-51/35-98,-30*-46/-60+-96--6+60-2+9+-38*40*13-16--51+35/-98,False
--++++--31*-1352-67*-61-62606211-43***/-1339816415,31--13*52--67--61*-62+60+62+11--43--13/39*81*64*15,False
+----+19*-97-64*/1962-78+1280/*/*-86-96-4714-68-9-39,19+-97*-64-19/62*-78-12*80--86*-96/-47*14/-68--9+-39,False
+-+--+-+/-76-79249*6431*-95-158-89***-184724-9657,-76/-79+2-49+64*31--39*-1-58+-89--18*47*24*-96+57,False
+--+-//64-29-94/-65-32*/-23-34-65-20/*/*-60087-19-39-42,64/-29/-94--65/-32+-23/-34*-65--20--60*0/87*-19/-39+-42,True
+-++------6227-1282*9496/*-22-30-96*42-43/92575979,-62-27--12-82-94*96--22*-30/-96+42*-43+92/57-59+79,True
+-++---76*-55-75*9-284**73-96-84-47/**/9697-10018-76,-76--55*-75-9*-2+84+73*-96*-84--47+96/97*-100*-21/-76,False
-+---++4885-94-85/***8-99-60643399/**1284419026,48+85+-94--85-8*-99*-60*64/33-99+12*84*41/90-26,True
++--+-+--696-7181-53*/*202116-1*76-73*1562-7826,69-6--71+81--53+20*21/16*26-76*-73-15*62+-78+26,False
+++-+++--28-49617666-10*+/6916-2465*/33-88-48/1328,-28--49+61+76+66--10+69/16*-24*65+33/-88*-48+13/28,False
-+*+--*-64-3554*94-23*6673//-52-79-77***-82-730-29-43,-64*-35-54-94*-23+66*73+-52/-79/-77+-82*-73*0*-29--43,False
-+---+-/55881*38-78//**1798-31-2687-68-16/59-5118,55/88-1+38*-78-2*98*-31/-26/87--68--16+59/-51-18,False
--+---+-42-23//-7763309389-980/***-81-20-23-153555,42--23+-77/63/30-93-89--98+0--81*-20*-23*-15/35-55,True
-+-+**/-3757-82-72//-89814-49**/-42-35524*/-20-77-25,-37/57*-82*-72+-89/8/14--49+-42/-35*5*-59--20/-77*-25,False
++--+-++++36/-39-6680-48*-311090//75-94750-21-2562,36+-39/-66+80+-48+-31*10-90+75/-94/75-0--21+-25+62,True
---+--24**/61-787255-86*3731*4-91/-77-73*/-57224,24-61/-78*72*55--86+37*31-4*-91--77/-73--57/2*24,True
---++-+65*-79-41-43/-437731/*/-57-642274*4-48*-20-60,65+-79*-41--43+-43/77+31--57/-64*22/74-4*-48--20*-60,True
--+-++---4012**///9619-84319392-41*-100-9-10042-89-43,-40-12-96/19/-84/31*93*92+-41+-100*-9--100+42--89--43,False
+---++*/-5367-28//*/*6138-7656-9584-177-43-60/28-70,-53/67*-28+61*38/-76*56/-95/84+-17-7--43--60+28/-70,True
++---+--1-78*/6-96-21*-94-2-95/56-5473-59//-48-49-92,1--78+6/-96*-21+-94*-2--95-56/-54-73+-59+-48/-49/-92,False
+---+-56//-251930*/6454-78***-7515-80//-8294-170,-56+-25*19/30-64/54*-78--7*51*5*-80--82/94/-17+0,False
--+-+-7/-8630-96*263*///*54-8268848089-90*-237,7--86/30+-96-2*63+54*-82/68*84/80*89--90--23*7,False
-++++-+++67*56-61-34-1696/*72-32-85*/-1347-22-30-54-89,67+56*-61+-34+-16-96+72*-32/-85+-13/47*-22+-30+-54--89,True
---+/+-+-463782-26*-3977/**1929-4158*51-50-61376,46-37+82--26+-39*77-19*29*-41/58+51*-50--61-37-6,False
----++-46**/-29-81916/-20-84//-6982-45/*74-3519-2415,-46+-15/-81*91*6+-20/-84--69/82/-45-74*-35/19--24-15,False
+-+-----99644/-9229**41-809363*70-1886-/-62-1775,99-6-44--92/29-41*-80*93-63+70*-18-86+-62/-17/75,False
-+--+--//**/-28-13964-64-72/-57-81-69-5149-78-97*1918,-28/-1*39*64/-64/-72--57/-81--69+-51-49-52+-97-19*18,False
+-+-+--+35*-53-25-7210-74-25///98853026//65-3970,3+5--53*-25--72+10--74+-25-98/85/30/-75+65/-39/70,False
+-+++**94-6398*//-8116823/-2550-84-9667/*17-68-69,94*-63*98+-81/16/82*3+-25/50+84/-96-67+17*-68/-69,False
--+-+/*7418-46-60**-84-6291//*61538475**51-84-6980,-84*18/-46+-60--84*-62*91+61*53/84/75-51*-84*-69-80,False
-+---+---4/13-5938-63/-6891**-2331-11-8*-55-35/-19-30,-4-13/-59-38+-87--68/91--23*31*-11--8+-55*-35--19/-30,False
+-+----+--67-87-6//91-3-42394*-19-17*/-42-1266-7716,-67--87+-6-91/-3/-42-3-94--19*-17+-42/-12/66--77+16,False
-+---+*6280**/*-30-864199-72-24*-6776*/-491510-8956,62*80+-30*-86/41*99*-72--24--67*76--49/15*10+-89-56,True
--++-+/*-399-50*/-91-6108512/-71-1//*6492-2347-42,-39*9/-50+-91/-6*10-85+12+-71/-1-64*92*-23/47--42,False
--+-+-+--4147*-90-67-15-60/3461-45*/*20-449516/81-69,-41-47+-90*-67--15+-60-34/61+-45-20*-44/95*16-81*-69,False
+-+-+-+-1-32/-1928-50////-9674-8981-31-58/45*84-12,-1+-32--19/41+-50--96/74/-89/81/-31+-58-4/5+84*-12,False
+++--+++++-876-21//66-54-59*212521-48-15/96-302766,-8+76+-21+66/-54/-59+21*25+21--48--15+96/-30+27+66,True
----++*602**8255-5223*28-54***/93-65-62-72-9512-74,60*2+82*55*-52+23-28*20-93/-65*-62*-72*-95-12--74,False
-+-+--+*-56-386578/6843*/519-98-92-15/**45-3251-73,-56*-38+65-78-68/43+5/19*-98--92+-15-45*57*51/-73,False
--+--+--+*5681*/-9153-8137-72*44-23-11*-576441-20-62,56*81+-91/53*-81-37--72+44*-23--11--57*64+41--20--62,True
-++--+--+--61443-100/*-93842024*101888*726224-32,-61-44+3--100--93*84/20+24-10*18-88+72*62+24--32,True
--++---+++23-2468-7613-48*-7823/-7535-81-6//-49615,23+-24+68+-76-13--48--78*23+-75/35+14--6--4/96/15,False
++---++-511876-48**9021-89/*//*-854987-709071-1343,-51+18+76--48-90*21*-89--85*49/87/-70*90/71+-13+43,True
-+-+-++39-39-8614**///80-296-984147**-9071-86-9918,39+-39+-86-14+80/-29/6/-98*41*47--90*71*-86+-99-18,True
+-++-+-*-2023-4728/9949-45*///7975-7830-8+-45156,-20*23--47+28-99/49+-45+79/75/-78/30*-8--45/15+6,False
-+-+++--/4-1799-33//88-9385**-26266/-54-83-10-19,4/-17-9-9+-33+88/-93/85+-26*2*66--54/-83+-10--19,True
--++---+--25/839491*/-165195/92182058-94/-236974,-25-83/-51+91--16/51*95-92/18-20+58+-94--23/69-74,False
++-++*54-62*-95-7*/*/-63-4391-10031-9/*-50166/-21-94,54*-62+-95*-7+-63/-43*91/-100*-93--9+-50*16/6+-21/-94,False
-+--+--1410*-87-3-92/*66-437-39/4854***-73378-5,14-10--87*-3+-92-66*-43/60--39+48/54--7*33*78*-5,False
-+-+-+--/*-84-36-746/*-51-46312149*4633-69*33-6047,-84*-36/-74-6--51*-46/31+-45-49+46*33--69+33*-60-47,False
-+++---20-3239/-3326/*/-3321-92-64*-942682**461856,20--32-39--33/26+-33/21*-92/-64+-94*26+82-46*18*56,False
-+---+---96**21-66-41-8078-44537848//74-33-84/-289,96-87*-66*-41--80-78+-44-53-78-48+74/-33/-84--28/9,False
-+-+--++-+++6/-37-603020-30-1/617555426213478,6+-37/-60+30+20--30+-1+6/17-55-54+26-21+34-78,True
++-+++-2819+*88-39-36*26-4*///-36-8060323641-32-57,28-19+88*-39*-36+26*-4+-36/-80/60/32*36-41+-32+-57,False
---++++-1966*//-58-9721-87*73-7873*//-23-37385847-9,-19+66+-58/-97/21*-87+73*-78+73--23/-37/38*58-47--9,True
++++++-+--57-6*23-7/36-79/-552745-24/63727777-44,57--6-23*-7+36/-79--55/27+45+-24+63/72+77+77+-44,True
+--+-+---47/-38-2196/*-3018226487-28-4/*/45-1429-100,-47--38/-21-96+-14*18/22-64+87--28--4+45/-14*29/-100,False
+------71-48/69-77-59///4958-85-51-78***23-95-997095,71--48-69/-77--59-49/58/-85/-51--53-23*-95*-99*70+95,False
+--+-+-*-2-65/*-9145-74*69-2833*-38-32-43*25-42*80-86,-2*-65-1*45/-74+69*-28-33+-38*-32--43-25*-42+80*-86,False
++-+--78-8824*/35-63-34**-6028-75/*/28135980/76-21,78--68-24+35/-63*-34--60*28*-75+28/13*59/80+76/-21,False
+++-+-*-99-8*-34-7358/686/***48-7536-58-2740/8543,-99*-8--34*-73+58-6/86+48*-75*36*-58/-27+40+85/43,True
/+++*8312/*7890-23*46-26/*//*/3052-633-68-82-90-41,83*12+78*90/-23+46*-26+30/52*-6/33/-68*-82/-90--41,False
---+++--+-6*-98-34-61*-70649468*-89-69*6442/-8645-89,-6+-98*-34--61--70*64+94+68+-89*-69-64*42--86/45--89,True
-+-++-+-*799/-134670*-78220*/-54-13-67-23*-60-6711,7*99--13/46+70--78*2+20+-54/-13*-67--23+-60*-67-11,True
--++-++/-42-45/-6663-93-30-93/-83-117/*/*-11503661-13,-42/-45+-66/63+-93--30+-93+-83/-11-7+-11*50/36*61/-13,False
-+++++*-4024-1-28195///-5020947*/*-969293248,-40*24+-1+28*1+95+-50/20/94/7+-9*69/29*32-48,False
-+-+/--//73-187626-6733**-695542/-9688*/49972099,73/-18/76-26--67+33+-69*55*42--96/88+49/97*20-99,False
+--+-+/2990/545934*-8746*667*/-8840-51/*-686055,29/90+54/59-34+-87*46-66*7--88/40*-51+-68*-58/55,False
++++87/****59-673-15-409*+-21677*-9164**-85-1425,87+59*-6*73*-15*-40/9+-21*67*7+-91*64+-85*-14*25,False
+-+++--/**-98521557/-6032-28/-3097**60891820-1007,-98*52*15/57--60/32--28+-30/97+60*89*18+20--100+7,True
++-++---+5-332783/*-33-7266/58-99-40/58-59-9/-9568,5+-33-27-83--33*-72/66+58/-99+-40-58/-59+-9+-95/68,False
--+---+/88-34-60**34-3439-42-23**43-99-65*21-51*-7674,88/-34+-60-34*-34*39--63--23+43*-99*-65-21*-51--76*74,False
--+--+-**-53196947/322-73-20/-946***3024724327,-53*19*69-47+32/2--73--20+-94/6-30*24*72*43-27,True
+--+-+35/**-65-679-5///*-17-98-32-6685-87602/7-37,35+-65*-67*9/-5--17*-98/-32/-66/85+-87-60-2+7/-37,True
++++-+---84**70-43-11-12-35-72**/-90-7-2690*-14-229-98,-84-70*-43*-11--12+-35--72+-90/-7*-26*90+-14*14+29+-98,False
---+-*//*5223-48-87-88/*-21-4448**333898/804-1648,52*23/-48/-87*-88--21*-44/48+33*38*98-80/4--16-48,True
--+++*+/0-3-3030*/48-24-24/*-41-2954/5-83-10/136,0/-3+-30+30+48/-24*-24+-41*-29/54+5/-83--10-13/6,False
++--+-+++9885-39/**-73-42-88803678*4423-20/23911,98+85+-39+-73*-42*-88/80-36+78-44*23--20+23/9+11,True
+--+---67***-52-78-32-99/**-94-374-36-12-13*-74-9789-31,67--52*-78*-32*-99--94*-3*74/-36--12+-13--74*-97-89+-31,True
--+-+-41///39-37-8412//22-7581**17-3060/*79-9-3760,-41+39/-37/-84/12-22/-75/81+17*-30*60-79*-9/-37-60,True
+-++--+4973/45-58-52-3**/-6332-4810*/+1867-6240-38,49+73-45/-58--52+-3+-63/32*-48*10-18/67/-62*40+-38,False
+-------21//458086**/-1160-22-969*-322*72-919956,-21-45/80/86--11/60*-22*-96-9--3*22-72*-91-99+56,True
+++--1*/-47-4483*//+58-67753365/-2-88/*/-61-92-4125,-1--47/-44*83+58/-67/75/33*65+-2/-88+-61/-92*-41/25,False
---++-++/839091*-3-86-2895*403126/-44-20//71-1536,83/90*91+-3*-86--28+95+40*31-26--44/-20-71/-15/36,False
+++-+-+*96-69/*-42-8059-61/-7416*-2850/*93-80-4178,9*6+-69--42*-80/59+-90--74/16+-28*50+93*-80/-41+78,False
++-++/6177*-5463/*/674445-7*11-11*/*-3168-43-2269,61/77+-54*98+67/44*45/-7-11*-11+-31*68/-43*-22+69,False
+--+++-+9*46-80*936/60-97949///62-12-92-18-4262,9+46*-80-9*36+60/-97+9+49-62/-12/-92/-18--42+62,False
+---+--10-56///50-9114-41/83-90/**5186-596895*71-64,-10--56+50/-91/14/-41-83/-90-51*86*-59/68-95+71*-64,True
---++--*-2786-57/*-73-98-21*72-1/-9654/-3613-1*9450,-27*86--57--73*-98/-21+72*-1+-96/54--36/13--1-94*50,True
----+-/80-8557//6-3122-60*-8236/*/7-921064/413,80/-85-57+6/-31/22--60--82*36-7/-92*10/64-41/3,True
+++++++-17***/2556-4396-21-11*-45-1929/-793487*4-15,-17+25/56*-43*96*-21+-11+-45*-19+29+-79/34+87+4*-15,True
-+++-+--+*-57-2242-5/814195-58459353///93-73-6229,-57*-22+42+-5-81/41+95--58+45+93+53-93/-73/-62/29,False
/---/**59-82-3518*528-67***/*43-87-1685-3710*-64-43,59*-82*-35/18-5*28--67-43*-87/-16*85*-37*10+-64*-43,False
--------13*//1-1610-43-97/*-9-2724*-8523/619464-23,-13-1/-16/10*-43--97--9*-27/24--85*23-61/94-64--23,True
+-++-+**-48-1646*/97-7112//175011/8399*-63363368,-48*-16*46+97/-71*12-17/50/11+83/99+-63*36-33+68,True
+++-++--92/5567*/*91-77-2594**-396916*-73-98-64-36-60,-92-55/67+91*-77/-25*94+-39*69*16--73*-98+-64+-36+-60,True
+--++++-+-83-538862/*52-2973**29634996-99/5741-23,-83+-53-88+62+52*-29/73+29*63*49+96--99-57/41+-23,True
++++-+-+59121659*5373-50/-35-5722//**48-37-6061-15,59+12-16+59-53*73+-50+-35/-57+22+48*-37*-60/61/-15,True
+--+//-7-23726474/9198//*//**-4059-65228581-4263,-7/-23+72+64-74-91/98+-40*59*-65/22/85*81/-42/63,False
++--++--/2714/-82-993-7091-5-57///*4065-48706389,27/14--82/-9-93+-70+91--5--57+40/65/-48/70/63+89,False
+----+--98**-8448-37*96-22-42/65322*-5192-75/7-94,98--84*48*-37-96*-22+-42-6/53-22--51*62--75+7/-94,False
--+-++--3668-75///8543-149**94-4-62/*17-65-851-4,-36-68+-75+85/43/-1/49-94*-4*-62+17*-65/-85-1--4,True
----++/*-4091-7619-5258/-7821/-4149**/*3355470-46,-40*91/-76*19+-52-58--78/21--41/49-33*5/54*70*-46,False
+++-+---9/-4321///*4-13-97-3554-61*76-434754-4334,9--43/21-4*-13/-97/-35/54--61+76*-43-47+54+-43+34,True
+-----/-9798-48/9332**/*5164-44-233972/936/-1314,-97/98--48-93/32-51*64/-44*28*39-72-93/6+-13/14,False
+-+-***-4377-5614*99-40-7//2149-81*/**62-22-3520-31,-43*77*-56*14-99*-40+-7-42/49/-81+62*-22*-35/20*-31,False
-++-++/-11-27-75*/706638/57-30**/9288-33-86/-74-1836,-11/-27+-75+70/66*38-57/-30+92/88*-33*-86+-74/-18-36,True
++---//***3838782152-86/-1584/*7857-9843-36*43-17,38*38*78*21/52/-86--15/84-78*57/-98-43+-36+43*-17,True
--+-+++/-165/*-83-255/-93-62**-15-75-148797/73-77-47,-1/65+-83*-2/55+-93/-62+-15*-75*-14-87+97-73/-77--47,True
-+-+++-11///*-12-27-18-241465**-1146-6/5027-38-59-25,-11+-12*-27/-18/-24/14+65+-11*46*-6-50/27+38*-59--25,False
+-+++++*-4446/*-6-17-67***4871-68-8090/-5316351613,-44*46+-6*-17/-67+48*71*-68*-80+90+-53/16+35-16+13,True
/---++*/7574-42/*/*35-85-924315/-50554018-19*-8225,75/74*-42+35*-85/-92*43/15+-50/55-40-18--19+-82*25,False
++--+---/62-2997/-94-17-3/-748053-27*/*11-97-662-42,62/-29-97--94/-17--3+-74/80-53--27+11*-21/-66*2+-42,False
--++-/-14-90//*33-100-87-5225*/-14-99-98/56-42**9193-60,-14/-90-33*-100/-87/-52+25+-14/-99*-98-56/-42+91*93*-60,False
+-+--//-364731*1278/*/*68-2-437693-6570//-325637,-36/47/31-12*78-68*-2/-43*76/93+-65-70+-32/56/37,False
--++-++/59-40-13*/889765*/-8820-42//22-94896378-52,59/-40+-13+88/97*65--88/20*-42+22/-94/89+63-78--52,True
-+---+----19*/*26-55-442421-497-40-3446-84*/6092-87,-19-26*-55/-44*24-21--4+97--40--34-46+-84-60/92*-87,True
++-+++-+-9911/-67-100**143387///27-100335918-6483-34,-99+11--67/-100+14*33*87+27/-100/33/59+18--64+83+-34,True
-++-++-5799*-4090-52///-41-54-31-95/**-4242-10-8*-75,-57+99+-40*90--52+-41/-54/-31/-95+-42*-32*-10/-8--7*5,False
-+--+///*67-432635-38-945/-5275**-19-89-58/*17-73-17,67*-43/26/35/-38+-94-5+-52/75+-19*-89*-58-17*-73/-17,False
--+--+-+--8489768987**82-3739-77402/*/-70-24-83-69,-84-89+76-89+87-82*-37*39--77+40-2--70/-24*-83/-69,True
+-++++---*70-11/-6585-2-5346*8046*274879-49/63-30,70*-11--65/85--2--53+46+80*-87+27*48+79--49+63/-30,False
+++-+---+/-563972*-9069459*/-54-31-45-2540-8/-38-53,-56+39+72--90*6-94-59+-54/-31*-45--25+40+-8+-38/-53,False
-+--++/-9739-40-724441*////-53-44-20-31-8129//528949,-97/39+-40+-72-44-41+-53/-44/-20/-31/-81*29-52/89/49,True
--++++--13/256372*54-9*-11-93*/61153154*-78477,13-25/63-72+54*-9+-11*-93+61/15*31+95--78*4-77,False
+++--16/-5347*//*39-99-9596-23**246364-2**-7161-45,16--53/47-39*-99/-95/96*-23+24*63*64+-2+-71*61*-45,True
+-+--+----9821-16*7597//-796626/-31869-60*-63-30-88,-98-21--16-75*97+-79/-71/26--31/8-69+-60--63*-30+-88,False
+++-+++*70*/2869-66-100/17-750-66-7116***57-14-1351,70+28/69*-66+-100+17/-75+0--66+-71+16+57*-14*-13*51,False
++-++++-78//8783-46/-80-25-1361/**-78-9022-24-47/-4727,-78+87/83/-46+-80/-25+-13+61--78*-90*22/-24+-47+-47/27,True
+--+/-*-6357*9-57/-8740-4910**52-94-13//*-22-70887,-63*57-9*-57--87/40+-49-10-52*-94*-13+-22*-70/88/7,False
++-+--/-513623*/798011/602**/752397*-85-17-1,-51/36-23-79/80*11+60/14-75/2*3*97+-85*-17+-1,False
-+--+-++-**/5515-36-64-90-23-96/-71-83*69-9947-3-68-63,55/15*-36*-64--90+-23+-96--71/-83+69*-99-47--3+-68--63,True
-+----+--//-59-9366-80*5294-97*-83729-27*712-1527,-59/-93/66--80-52*94+97--83*72-9--27-71*2+-15-27,False
+-+--+-49*-54-34**/-66-72-48-82*61-72/6190-57//-1779-25,-49+-54*-34--90/-72*-48*-82-61*-72+61/90--57+-17/79/-25,False
++-+-+++--59-3717*-18-1683/76-5///39-14-41-23-394533,-59--37+58+-18*-16+83-76/-5+39/-14/-41/-23--39+45+33,False
--+--+-+27/*-1316-27*/-49-23-21*-1-83-47-7-69/-18-7589,27+-13*16/-27--49/-23*-21+-1*-83--47--7+-69--18/-75-89,True
----+-30*/*13-76-84-18**/-1089-4087/*-448585*3073-81,-30+13*-76/-84*-18--10/89*-40*87--44*85/85-30*73--81,True
-++---+-/798853/*-8144-4223-1055*6138/-34-53/75-95,79/88-53+-81*44/-42-23--10-55+61*38+-34/-53-75/-95,True
--++++41*1895//-35504-22*/-6683829/*/11-6417-47,41+18*95+-35/71/4+-22+-6/68*38-29-11/-64*17/-47,False
+-++-+//**4221-98-96-8583-1463**1980-13*-5916*2-95,42*21*-19/-96/-85+83--14+63+19*80*-13--59*16+2*-95,False
-+--/**/-15-87-725011**/-73-61-826932/*-627-90/-91-40,-27/-87*-72*50/11--73/-61*-82*69-32+-6*27/-90--91/-40,False
+----/*-3865-87///1534-4613-4**6862-41/93-34/384,-38*65/-87-15/34/-46/47--4-68*62*-41-93/-34+3/84,False
--++-+**-294153/-90-2/71-6768-50-78*/*/-124619-8240,-29*41*53+-90/-2-71/-67+68+-50--78--12/46*19/-82*40,True
-++-*//***-66-54-55-631750-6260-100///*45447-79-8571,-66*-54*-55*-63/17/50*-62-60+-100+45*4/47/-79/-85-71,True
+-++-+44-63*///-2899-10-389025**/-8669783/-5626-97,44+-63--28/99/-10/-38*90+25+-86/69*7*83--56/26+-97,False
---------857-49///7478-268-3087/**-33-8313-38-6,-8-57--49-74/78/-26/8--30-87-14*3*-83/13--38--6,False
+----++++/-64-23-984665*/-412980-16841*9177*-52-42,-64/-23+-98+46+-60+-41/29*80--16-8-41-91*77+-52*-42,False
--+----*///*39-90-58-31983514-6447-5/-80794/-8472,39*-90/-58/-31/98*35-14--64-47--5+-80/7-49--84/72,False
-----**75-4368-3837-6236///*///5890-101938-32-67-57,75*-43*68--38-37--62-36-58/90/-10/19*38/-32/-67/-57,True
+-++-**//-92-90-679291/*1-3858613*-6476*/40263,-92/-90/-67*92*91-1*-38/58+6+13--64*76+40/26*3,True
+++--*//*66-3170-3186*-54-99/9363-40*578*/-16-64-71,66*-31/70/-31*86--54*-99-93/63+-40+5*78+-16/-64*-71,True
+-+-+++-++-794*-432461*-407355*-30-2593/-8-797-64,-7+94+-43*24-61+-40*73+55+-30*-25-93+-8/-79-7+-64,True
--+--/91-19*///78-79-1769-36*-65738//-4670-2*-4496,91/-19-78/-79/-17/69*-36--65*73+8--46/70/-2--44*96,True
++-+----53/3456-56**/*40-8431-23-62*-3553/-676299,-53-34/56--56-40*-84/31*-23*-62+-35*53--6/76+29+9,True
+++--++--*-16-21/*63-69-871397-56/-9514*-9622-3457,-16*-21-6*3/-69--87+13+97--56--95/14+-96*22+-34+57,True
-+--+/*50-99-40-21/**2465557-92/1986/**46786712,50*-99/-40*-21-2*46*55/57--92+19/86-46*78*67/12,False
+++---*35-15/*-74-2737*/626-28-37*82-73**95-8112-28,35*-15--74*-27/37-62/6*-28--37+82*-73+95*-81*12+-28,True
++-++*/*/*8923-45-9129-55-76-848824/***-25-4652-1038,89*23/-45*-91/29*-55+-76+-84-88+24+-25*-46*52*-10/38,True
+---+----+17-48*51-12561-3970-85*/732781-53*-61-73,17+-48-51*-1-25-61--39+-73--85-73/27*81--53+-61*-73,False
-+-+--+-22-9**-969889*-61-6/633*/6423-10*-18-20-48,-22+-9--96*98*89--61*-6+6/33-64/23*-10+-18*-20--48,True
+----+-*97-29//*/-37-1788-6-4087/8715-22*24889676,97*-29--37/-17*88/-6/-40+87-87/15--22-24*88-96+76,True
++-+++++**/412212-77-33/62-99**-30-399173419634-29,41/22*12*-77+-33+62/-99+-30*-39*91+73+41-96+34+-29,True
+++--+-73-89/***/-9-4340-8613-6165//*-46-90191394-41,-73+-89--9/-43*40*-86*13/-61-65+-46*-90/19/13+94+-41,True
+--+---7856***8534175-25*-863245//*34-948430-10,78-56-85*-12*17*5--25+-86*32-45-34*-94/84/30+-10,False
-+--+---*/-84-73-38-38/*-84-54134-54/*85-89-3456-34-87,-84/-73*-38--38--84*-54/1-34+-54-85*-89/-34-56+-34--87,True
+----+---+-+-96/-540-889896-99-9462-72316816*55-68,-96+-5/40--88+98-96--99--94+62--72-31-68-16+55/-68,False
+--+--+-+*31-60*/-5425-98*-8027-41-19*1015-61-152422,31*-60+-54/25*-98--80*27+-41--19-10*15+-61--15--72+22,False
++--/+-/**/34745011-76-1948-94/-7883*-13-14-52/-89-69,34/74*50*11/-76--19+48+-94--78/83--13*-14+-52+-89/-69,False
+++-++/3163/4421/-3367/**-70-25-30-7-49-7774/88-39,31/63+44/21+-33/67--70*-25*-30/-7+-49+77/74+88/-39,False
++++-+-+34-49/-54-3771/70-11-23*75-88***729296-46,34+-49--54/-37+71-70/-11+-2+3+75*-88+72*92/96*-46,False
----+-*/42-43236**-807-88-89*/-686835-82/*-11-80-91,42/-43*23-6+-80*7*-88--89--68/68*35--82--11*-80/-91,True
--++-+71-989888////-512139-79-14*///43448231-1-66,71+-98-98+88+-51/21/39/-79/-14--100/44/82/31*-1--66,False
+---++--+96-86**-289777/-36-97-354974-38**55-9178-5,96+-24--28*97*77--36/-97+-35+49-74--38-55*-91*78+-5,False
--++--+-87-7134*/**-39-7776-33-97/*/-3012-9-5158-66-46,-87+-71-34--39*-77*76/-33*-97+-30/12/-9/-51+58--66--46,False
-+-*+-+-/*-5455-64-100/-9338/*89-12137166*33-87216,-54*55/-64--100+-93/38-89*-12/13+71-66-33*-8+72-16,False
---+-+*/*-865948-388456/33-57//-635794-22/*27791,-86*59/48*-38+84-56+33/-57--63/57/94--22-27*7/91,True
++--+-*-83-8-45***89-6881-18**+-30261185/-7279-6477,-83*-8--45+89*-68*81*-18--30/26*11*85--72/79+-64+77,False
---++-+2475///87-20-9827*/85251987/*9549-13-7333,24+75-87/-20/-98/27+85/25*19+87-95*49/-13--73-33,True
--++16-94///*/-6476-7369-5228*-85-15*/**-192-38-36-78,16+-94+-64/76*-73/69/-52/28--85*-15--1*92*-38/-37*-78,False
-+-+-+**-15-40-12-81/**/-8669133654*-5090-35-100*-182,-15*-40*-12+-81--86/46*13*36/54+-50*90--35+-100--18*2,False
-+---+++*-/*-366989927-14*6491*85477860-965359,-3*66/98/99*27+-14+64*91+85*47-78-60--96+53-59,False
++--+--+-/-81-8+/61-76178949*9251-92-93/-8161-91-3,-81/-8-61/-76/17+89-49-92*51+-92--93--81/61+-91+-3,False
--++-****97-718-967*-3259*28-55*/-91-9228-69/-1294,97*-7*18*-9*67--32*59+28*-55+-91/-92*28--69--12/-45,False
+-+--+**83-5-24*//*-63664445-81262163-64//-13625,83*-5*-24+-63*66/44/45*-81-26-21+63--64+-13/62/5,True
++-+---++--51919/-9247/*-317023-3-4516-74*-9750-23,-5-19+19+-92/47--31*70/23--3--45+16--74+-97*50+-23,True
+--++--87/*/87465841-8362/-12-85/61-58-8//-8-19-92,87-87/46*58/41--83+62+-12/-85-61/-58--8+-8/-19/-92,False
-+---++/-5590*774/50-87**4-48-9/-18-2/8460716,-55/90+7*74+50/-87-4*-48*-9--18/-2-84/60+71-6,True
++-+-+2296*/-1418-2/*-689760*-84-61/*077-70*2-78,22+96--14/18*-2+-68*97/60--84*-61+0*77/-70+2*-78,True
-++-+-+-12//**/-614-8149-3740-32*4753-68656/-6953,-12+-6/14*-81*49/-37/40--32+47*53--6+86+56--69/53,True
---+-++*2935*-5719*52-58*-9527/49-49-68*-9591*112,29*35+-57*19+52*-58--95*27+49/-49--68--95*91-1*12,True
+--+-----//9135-76-74*28-31-2891-31-90-88*/-241697-57,91/35--76--74-28*-31--28-91--31+-90--88--24/16*97+-57,False
-+--++-/85-50/5452*82-47-994520/-6525//*-2871-2769,85/-50-54/52+82*-47+-99-45-20+-65/25--28*71/-27/69,True
---+++-68-6663//-6929-55-36//*/*656-5273-3454-993,68--66+63+-69/29/-55+-36-65*6/-52*73/-34/54--9-93,True
+++++---/3-15494914/90-55*-48-58*/-65-86-78*64-51-48,3/-15-49-49-14+90/-55+-48*-58+-65/-86*-78+64*93+-48,False
++-+-+-+-15***4052-8940-29/71-73-1610-2061/60-7-76,15-40*52*-89*40+-29-71/-73+-16-10+-20-61+60/-7+-76,False
+--+-++--+*-75-3141*79-51-75*6547-9352-17-99-55/-5215,-75*-31+41-79*-51--75+65*47+-93+52+-17--99--55+-52/15,False
++/+-+**-75-698-13/-31-69/*-493078//467687*-18-7772,-75*-69*8+-13--31/-69+-49*30/78+46/76/87+-18*-77+72,False
---/*/*-93741587-7///***-8945269-874650/49-6119,-93*74/15*87/-7--89*45*26*9/-87/46/50-49/-61-19,True
-----+-/722876*/*628-102/-8215/503760/-65-916,72/28-76+62*8/-10*2--82/15-50/37-60--65/-91-6,True
+----39-53/****//-81-2814349-57-117//-915564/-5481,-39--53--20/-28/14*3*49*-57*-1/17--91/55/64+-54/81,False
-+-+-++++--9-45/-1880*2561/7538-42-80-6341/55-2669,-9--45+-18/80+25*61+75/38+-42--80+-63-41+55/-26-69,True
+-+--76/**63-6-89-100*2456****41-2191-45357*-52-90,76-63*90*-89/-100-24*56+41*-21*91*-4*53-57+-52*-90,False
+-+---+++-/-20-3256-7526-8511*14-85/*-9221-67-5-25,-20/-32-56+-75+2+6--85-11-14*-85+-92*21/-67--5+-25,True
+-+++-68/*/-9538-644565/*/*-15-68-84-3766*/63-69-2864,-68+-95/38*-64/45+65+-15/-68/-84*-37/66-63/-69*-28+64,False
-++-++-*-68-5-3-28*/-6763-50*-16-37-1158**/-2620472,-68*-5--3+-28+-67/63*-50--16*-37+-11+58--26/20*47*2,True
-++-+++-31-2343-34*-73714*-16-52/*/-91-244737*-6788,31*-23+43+-34+-73*7-14+-16*-52+-91/-24*47/37--67*88,False
++--+-////-2221905925/-78-20-79*7955*109472/-53-91,-22/21/90/59/25--78/-20+-79-79*55-10*94+72+-53/-91,True
-++++++--65*-5715-5819-3959*/*-93-76-96-2247/*-76-69-39,-65-87*15+-58+19+-39+59+-93*-76/-96*-22+47--76*-69/-39,False
-++-+-26**/*/10-17922676-89***43248619-6491*-4842,-26+10/-17*92/26*76*-89-43*24*86*19+-64+91--48*42,True
-++-+**-1978121416/*90-4495-45/**/*-62-4781-10131,-19*78*12+14-16+90*-44/95+-45--62*-47/81*-10*1/31,True
+--++-+*-9585*51-9679-36//*/637811511583/34-35-1,-95*85+51*-96-79+-36+63/78*11/51/15-83-34/-35+-1,True
+-+-+*-16-75/-99-99*/**379972-15-100-20///697560-7042,-16*-75+-99/-99-37*99*72/-15*66+-20-69/75/60/-70+42,False
-/--+-+-+*60-94//*33-78-78440-922*73-45-57-336810,60*-94+33*-78/-7/84-40+-9-22+73*-45--57--33+68-10,False
-----+-++-98*81-5018469/*489-5-17/-64-3-58*78-70,-98+81*-50+18-46+-23-48*9/-5--17--64/-3--58-78*-70,False
-+--//-5-7887*-93-30*-43-71/*33-8077**//03-799295,-5/-78/-67--93*-30--43*-71+33*-80/77-0/3/-79*92*95,False
-++-+--86***//258991-53-2385*-118*-66-31-31/-57-77-16,-86-25/89/91*-53*-23*85+-11*8--66/-31+-31+-57/-77--16,False
--+-+-+-*-5688-43*/2310-17/-34-44/72-51-34-11*62-8028,-56*88--43+23/10*-17--34/-44+72/-51--34+-11-62*-80-28,True
+-++78//*///*-20-77-10072-8642-207775*-1730//-40-9284,78+-20*-77/-100/72/-86*42/-20/77+75--17*30+-40/-92/84,True
-----++/-868///7-3911441491-64*97-79**-61-58-82-58,-8/68+7/-39/11/44+14-91--64-97*-79--61*-58*-82--58,False
++--+--+-100-56-37**219343-8514-80/-14-9**/30-133921,-100+-56--37-21*93*43+-85-14--80+-14/-9+30/-13*39*21,True
+--+----31-8692-37*/7216-66/9720*-36-51//*94-662540,-31--86-92--37+72/16*-66-97/20--36*-51+94*-66/25/40,True
+++++-++89-25-780*-9049//-7-97-99-53/84-96*/-39-35-64,89+-25+-78-0+-90*49+-7/-97/-99+-53+84/-96+-39/-35*-64,True
+----+--*12-85/115-61*-994493//*98-3-842614553,12*-85-11/5--61+-99*44-93-98*-3/-8/42-61-45+53,True
-+---+++++*60-6-29/4-94-3789-94/-4572/45-33-51594,60*-6+-29+4/-94+-37+89+-94--45/72-45/-33--51+5-94,False
++--+-++4860/*2590-71-23/*-564574/-76-21446*-6273,48+60+25*90/-71--23+-56*-89/74--76/-2-14+46+-62*73,False
++-+-+-+-35*-61-70*55-3133//19-26-432435*999744,35--61*-70+55*-31-33+19/50/-43-24+35-9*99+7+44,False
+-+-+++-+-23/66-82-40*-33-35/82-522788*7644*64-7590,-23+66/-82--40+-33*-35+82/-52+27-88+76*44-64*-75+90,True
-++*////33-3-69367818*/**72-7972-60-79/99-22*-556,-14/-3/-69/36/78*18+72*-79*72/-60*-79+99/-22--55*6,False
+--+*/**-4477-4865-9***3576-54-8/-32-69*-6557/6760,-44*77*-48/65*-9+35*76*-54*-8--32/-69--65*57+67/7,False
-++----82-99//96-5715*41-45**29722//-6562256292,82--99-96/-57/15-41*-45-29*7/22+-65/62/25+62-92,False
--+-45*-6377***//*57-3389-25365081/**-77-2680-50-76,45--63*77+57*-33/89/-25*36*50*81--77*-26*80/-50--76,True
----+-+/331/6016/*-38-25-83519*5453//5043-74-23,3/31+60/16--38*-25/-8+35-19-54*53-50/37/-74--23,False
-++-+**-72-50-16/-10-2-9420/*/*/*-9497-22-21-84-27-22,-72*-50*-16+-10/-2--94+20+-94*9/7*-22/-21*-84/-27--22,False
-++++++/24-12-94**/9410-44979548***-3550295-64,24/-12+-94+94/10*-44*97+95+83+-3*5*50*29+5--64,False
-++-+--69-41***-54-6598-3843-11-26///-84-28-67-91*-66-42,28--41--54*-65*98*-38+43--11+-26+-84/-28/-67/-91--66*-42,False
---++7***/-433-925-32/-5192+-83-36-44**/44-778321,7+-43/3*-92*5*-32+-51/92--83/-36--44-44/-77*83*21,False
-++-/*48-38-32*/-90-2428*/**7030-6-7756*/-94-18-38,48*-38/-32--90/-24*28+70*30*-6/-77*56+-94/-18/-3-8,False
------*-5-69/3599/*-560-60*-1917*-2797//-45-56-9311,-5*-69-35/99--56*0/-60--19*17--27*97--45/-56/-93-11,True
--+++++--10-14-66-6649/3772/89-4295**//61-2137-92-9,-10--14+-66+-66+49+37/72+89/-42-95-61/-21/37*-92*-9,True
-++-43//7069-15/-82-49*/*****537490-744018-64-5837,43-70/69/-15+-82/-49+53*74*90*-74*40*18/-64*-58-37,True
--++---++*-8177-2483/4192**43-79-63-48-45*52-56-50-5,-81*77+-24+83-41/92-43*-79*-63--48+-45+52*-56--50--5,True
--+----+-8382/-5796-4647/-97-48-52****95-23-9535-68-33,-83+14--57/96--46-47--97/-48+-52-95*-23*-95*35*-68--33,False
-+-+-++***9323-87-19-473649-27-85*//20-75-8-65/-1962,93*23*-87*-19+-47+36-49+-27--85+20/-75/90*-65--19/62,False
-+--+14/-76887//*-9822-467/9969**/*-725789397,14+-7/68-87--98*22/-46/7+99/-1--72*57/89*39*7,False
+++--++-*-10-768//90-98-40/-49-77-1824*/5611-17-2863,-10*-7-68+90/-98/-40+-49/-77--18-24+56/11*-17+-28+63,True
+-+--62*73-2953**-79-365*/////*98862341-96969269,-62-73*-29+53--79*-36*5+98*86/23/41/-96/96/92*76,False
+--+-+++6728/1234/*//8895-583416/365-97-1-1-6,67+28+12/34+88/95/-58*34/16-36/5+-97--1--1+-6,True
-+-++-+--100*-63-14**0-5-20-23-93-62*/-92-68-23*-4773-43,-100--63*-14+0*-5*-20--23+-93+-62--92/-68*-23+-47*73--43,True
--+-****704657-5456-4/2783*/*43-7974-1/*32-8258,85*46*57*-54*56--4+27/83-43*-79/74*-1-32*-82/58,False
---+++-6-76*67-52/-4760/994884-4//*/-363-3319-67,8--76+67*-52+-47/60+99/48-84--4--3/63*-33/19/-67,False
+++--16-56//846-71****1572-9147-79/*1882/6-58,16--56-8/46/-71+15*72*-91*47*-79+1*88/2+6/-58,True
---+--65-89***/***-17-15-11-316346-7378-14//-41-4453-60,-65--89+-17*-15*-11*-31/63*46*-73*78--14--41/-44/53--60,True
--++--+99*/+6384-3613*/77-44-91-9759/18-492/7112,99+63/84/-36*13-77/-44*-91--97+59+18/-4-92-71/12,False
-+++-*7021*2670*-46-66*3534**/*686997512/2731,70*21-26*70+-46*-66+35*34+68*69/97*51*2-27/31,False
--+-+11*/*1135-43-91-36-4/-40-10*/***8037-29-4628-89,11+11*35/-43*-91--36+-4--40/-10-80*37*-29*-46/28*-89,True
+-+---+++-27*24635//2-115877*5534*9465105976,-27+24*6+35+2/-11/58-77-55*34-94*65+10-59+76,True
-++---+/-3899-5213-98//20-6014*-83-37**-112-25/11-47,-38/99+-52-13--98-20/-60/14+-83*-37+-1*12*-25-11/-47,True
-+-+-*34-41-29-33//**9563701078**132348//-90-81-19,34*-41--29+-33-95*63*70/10/78+13*23*48--90/-81/-19,True
-/+-+-++-40-19/558752523754*//-66-365767//944645,-40+-19+55/87-52+52-37+54--66/-36/57*67-94/46/45,False
+--/*287382///-3-488112*/-3-918/*//58-10-567-35,28*73/82--3/-48/81/12--3/-91*8+58/-10/-5*67/-35,True
-----+*-22-2498*//*-735328-738891-53-91**/-8497-69-91,-22*-24+98--73*53/28/-73*15-91--53--91--84/97*-69*-91,False
+-+-++-//-1149-57-4/-645**253-95/-2986-48-49/-6-11,-11/49/-57--4+-64/5+2*53*-95--29/86+-48--49+-6/-11,True
-+++**/*/-64-7244-9833-66//*9420-2982-34/*-67-61-13-12,-64/-72*44/-98*33*-66+94*20/-29/82+-34+-67*-61/-13--12,True
-+-+----9841*/113689/27-52/-45-20-89*-661/*6728-62,-98-41-11/36*89-27/-52+-45/-20--89+-66*1-67*28/-62,True
--++-+-380/-87-94**//*50-477-682-98-3-75**69-9290,-38+0--87/-94+50*-4/77/-6*82*-98+-31--75-69*-92*90,False
--+----+-+-33-5976*1187-37/-6721195-18-82-78*8782,33--59+76-11*87+-37--6/72-11-95--18+-82--78-87*82,True
+--/+++-+++92*-80-3424-64-27/-11-37-999810-5518/-4817,92+-80*-34+24+-64--27+-11/-37+-99+98-10--55-18+-48/17,False
++++--+-99-1/-206/-454*25-97-26//-86-3082/+-96-87-44,-99+-1--20/6--45/4+25*-97+-26+-86/-30/82+-96*-87/-44,False
---+++--68-75-19//////-42-27-271-1564-133947-1331-85,68--75--19+-42/-27/-27/1/-15/64/-13+39-47--13-31--85,False
---++-**4288-31-53///-1432-4379/-71-74-88/*-175766-27,42*88*-31--53+-14/32/-43/79+-71/-74--88--17*57/66--27,True
+++-38-4//**//-69-8-61-36-64-7989//**-9670-27595110,38--4+-69/-8/-61*-36*-22/-79/89+-96*70*-27/59/51+10,False
-++++--/-4975*//***-4069-7325235-86-45-91-1336-2231,-49/75--40*69*-73*2/52/35*-86--45+-91+-13+36+-22-31,True
++++-+*23-1161*/-53-9289*/-348930***9978-2980-86-40,23*-11+61--53/-92*89+-34/89*30+99*78*-29*80+-86+-40,False
-++-+*-9134**//-512788-617581*/*9-3497928-24-93,-91*34+-51/27/88*-61*75-81+9*-34/97*92+8-24/-93,False
--+40**//*****6-13-58-511-30-53463925-12**649-62,40+6*-13*-58*-5*11*-30/-53/46*39*25--12-6*49*-62,True
--++--+++49-36-50*/**51-425-589044-75-5-71/2596-37,49+-36+-50+51*-4*25/-58*90-44--75+-5+-71-25/96--37,True
++++---*/285675*6245-9090*-5817/*-37-27-912*90-22,28/56*75-62*45--43-90+-58*17+-37*-27/-9+12+90*-22,False
+-++------9558-12*//-48-57-46-11-48-6978-70/71-369124,95-58--12--48/-57/-46*-11--48--69-78+-70+71/-36-91+24,True
-++---+--+68*-6776-44/69-45-67-614-232-2//-5442-61,68+-67*76--44-69/-45+-67--6-14--23+2+-2--54/42/-61,True
-++/78-60//*-98-608573*/*6913029//*/-679455-745,78/-60+-98*-60/85/73+69*1/30*29--67/94*55/-7/45,True
-+-+----12-3*-41-27/467629*73-4/*-5421-33/*43022,-12--3--41*-27-46/76+29-73*-4+-54*21/-33-4*30/22,True
+-+---/*61-50-55/**9242199*/-52-1635-6715--8559-91,61*-50/-55-92*4*21/99--52/-16*35--67+15--85*59+-91,False
+-+++54**8423-11***69-65897*/-46-6629//73673122,54+84*23*-11+69*-6*58*97+-46/-66*29-73/-43/31+22,False
++-++80*-8384*/*569128-6041*//*/31317-99-73-1929,80+-83*84+56*91/28*-60-41+3/13*17/-99/-73*-19+29,True
-+++--20/*/16-89-55-25**/62-6098-59*6355//-1760-2-51,-20-16/-89*-55/-25+62/-60*98*-59+63*55+-17/60/-2--51,True
+-++-++--+*64-91-58272-73*/76-37-79-49-66-83*-195351,64*-91+-58-27-2+-73+76/-37*-79--49+-66+-83--19*53+51,True
--++----+5878*60-90-942**839164-70/21-50/17657,58+78-60*-90--9-42-83*91*64+-70+21/-50-17/65-58,False
--+-++9*/*-69-83-457/*32978824/5244*84-91/-848,9+-69*-83/-4*57+32*97/88-24+15/44-84*-91--84/8,False
++-----+//*31-55-67575*-18-3524*-715658/51-78-5-24,31*-55/-6/75+75--18*-35-24--71*56-58-51/-78+-5+-24,True
-+++--+98**-54-9770489/*701774/23-99//-6737-69-49,98+-54*-97*70-4-89+70*17/74+23/-99+-67/37/-69--49,True
-++-+++//*-2280-98-36/*-53461-84-36-248025*/-100-8194,-22*80/-98/-36+-5*34/61+-84+-36--24+80+25--100/-81/94,False
+++----+71683267//4761-59-48-35*/*-657530-53/7547,71+68-32-67-47/61/-59--48+-35+-65*75/30*-53+-77/47,False
---+**-486192/*/*//-30-1487-7-45-6372-4812**-256572,-48*61*92+-30/-14/87*-7/-45*-63/72--48-12--25*65*72,True
+---++**-63-7124-5582-63/-1253/51-79****1124-544688,-63*-71*24+-55+82--63--12/53-51/-79+11*24*-54*46*88,True
-+--+-----*-1-1138-91/15-9*-53-8397-71951-86*175,-1*-11-38--91-15/-9--53*-83-97+-71-9-51+-86-17*5,True
+++/22-91-55-36*///*///*/-2638-16-25-607-244732-10-91,22/-91+-55+-36+-26/38*-16/-25/-60/7*-24/47/32/-10*-91,True
+-+--++/-73-53/*216476-1949*899119/**18-48-1448-49,-73/-53+21*64/76+-19-49-89*-71+19-18*-48*-14/48+-49,False
-++-47///771064-61-82**-46432**-//33-47-97-56950,47-77/10/64/-61+-82+-46*43*2-33/-47/-97*-56*9*50,False
----+++++/*-73918*-2889-80471-4-42*25-95-44*36-55,-73*9/18+-28*89+-80+47+1+-4--42-25*-95--44-36*-55,True
-+--+-***7-6296-22-91*-100-53/8313*//9495259-8083,7*-62*96*-22--91+-100*-53-83/13-94/95/25*9+-80-83,True
-+--++///*6252-2060287529**791146//-67373095-28,62*52/-20/60/28+75+29-79*11*46--67/37/30+95--28,True
+-+-+-+36*2-1918-94*30-10/*3988-8036***79551596,36+2*-21-18+-94-30*-10+39*88/-80-36+79*55*15*96,False
++-+-+-//-88-803345*97-21/*6-863/889-30/5063-79,-88/-80/33-45+97*-21-6*-86/3+88/9--30+50/63+-79,False
++--*55-86/*-31-15-99/2319/*//*/-7014-83943771-5559,55*-86--31*-15/-99-23/19+-70/14*-83/94/37*71/-55+59,True
--+-+*-40-73**63-34-487*/77-5338-44**//-19-948569-47,-40*-73+63*-34*-4-87+77/-53*38--44--19/-94/85*69*-47,True
+-+-+++-*6-89123-45-65*/*-64-60-9347-8//743884-20,6*-89-1+23+-45+-65--64*-60/-93*47+-8-74/38/84+-20,True
++++++*-95-723961//26-9739/*//*-81-375355-5822-2355,-95*-72+39+61+26/-97/39+-81*-37/53/55*-58/22+-23+55,True
+++*-/-67-63/-17-20-89/*///*/-73-88-193480-3350-6024-89,-67/-63--17/-20+-89+-73/-88*-19/34/80/-33*50/-60+24+-89,False
-+-+-+-+-+/++-25*-3398-91-44-74-3367503348-9345478,-25+-33*98+-91+-44+-74--33+67-50+33-48+-9-34+54-78,False
---+--++-7938*79-3410-31**-19-38-97//-217547*-1878-92,-79+38+79*-34-10--31+-19*-38*-97--21/75/69--18*78--92,False
+++---13*3722/-31-66**-3696-617/*/20555490*-45-83,13-37*22--31/-66--36*96*-61+7+20/55*54/90+-45*-83,True
+-++---8670-22-42/**6329-24-80*-69-1460/*/45-72-82-83,86-70-35--42+63*29*-24/-80+-69*-14-60+45/-72*-82/-83,False
---+-5*968****2981-67-40-17-8/*//59-90-79-37-22-28,5-9*68+29*78*-67*-40*-17--8-59/-90/-79*-37/-22--28,False
+--+-+-+-+-234376-49-892*/114-49*/75805414321,-23+43-76+-49--8+92-11/4*-49+75/80*54-1-43+21,True
--+---++-+-94*-39-4141-93-33-50-35/4635/48-23-4873-61,94--39*-41+41--93+-33+-50--35-46/49-48/-23+-48-73--61,False
++-+++++++85*66-67797624*409/-7477/79-98-50-56-2,85+66*-67+79+76+24+40*9+-74/77+79/-98--50+-56+-2,True
+++-+/*-42-354*-86-75****76057-7935/2132/-46-29-43,-42*-35/4+-86*-75-7*60*57*-79*35+21/32+-46/-29+-43,True
+-+++++-47/9-61*425610-47/*/-845374-12*/-82531332,-47+9/-61+42*56+10+-47+-84/53*74/-12--82/92*13+32,False
+++----+14*-1523-2936*951*///11-6332-17-13559077,14+-15*23--29-36-95*1-11/-63/32/-17*-13+55+90+77,True
--++++--+-74-44-30-75/7179-66-68/*413264-70-87/-833,74--44+-30--75-71/79+66+-68+41*32/64+-70--87--83/3,False
+--++**-41-98-5-19//*-13-2945-34*/512-99/583/7139,-41*-98*-5/-19+-13*-29/45/-34-51/2*-99-5/83+71/39,False
+--+++--++-7326/20-71-52-81*6572/*36-634-617-3038,-73+26+20/-71--52--81+65*72+36*-63/4+-61-7--30+38,True
+++-+++---84-32-60*98-66*80-58-55/*42-6050*488055,-84--3-2+-60+98*-66+80*-58--55+42*-60/50+48*30+55,False
+++---+-8373*-13951-83*//*75251-5-32-72*/46-17-22,-83+73--13*9-51--83+7*52/51/-5*-32+-72+46/-17*-22,True
-+-+-++--+*702596-71-774261*3711-97-34*-5586/6296,70*25+96--71--77+42+61-37*11+-97--34+-55*86-62/-79,False
++++--++--21-69-70-26/237821/*/*62-38-9720824267-51,-21--69+-70+-26-23/78-21+62*-38/-97*20/82+42+67+-51,True
-------+*//-7-76577234//-50-531176-50-61-26*-88-22,-7/-7/65*7+72-34--50/-53/11-76--50--61--26--88*-22,True
+++--+-///-37-6416-9224*-3449-23*64-51*-7936*-34-26-55,-37/-64/16/-92-24+-34*49--23-64*-51+-79*36+-34*-26+-55,True
--+++----24/80-519-56-58*3-11-69/-25-75/+/15-11-120,-24-80/-5-19--56+-58+3*-11+-69--25/-75-15/-11/-1/20,False
+--+-++----752628/67-9-12*-10-76-6029-64/84-69/18-7,-75-26-28-67/-9+-12+-10*-76--60+29--64-84/-69+18/-7,True
--++--++76*-57-43-5-3519/*-82124/-49-12*4588*-8110,76+-57*-43+-5--35-19+-82*12/4+-49/-12-45*88--81*10,True
+--*-+--/-118*74-74/7922-32*-58-9440*/-8445-64434,-1/18-74*-74-79/22+-32--58*-94-40--84/45*-64-4+34,False
-++---+/83*-91-42*1353/-5826-87-73/*-311621*-76-4494,83+-91*-42+13*53--58/26--87--73+-31*16/21+-76*-44-94,False
+--++-49*/**/-3329-26-2369-78*-994196*-2788*/8537-42,-49+-33/29*-26*-23/69*-78+-99*41-96--27*88+85/37*-42,True
++-+++-19-56*-8857/-2745/5868****7-85-8737-71-5956,19--56+-88*57+-27/45+58/68-7*-85*-87*37*-71+-59+56,False
+++++-+-+-6924-49/-245/-35-9114*//6675-39905433-91,-69+24--49+-2/45--35/-91+14+66/75/-39*90+54+33+-91,True
---+-+++--7344*1870//*9739-53-1*-796645-71-1659,-73/44+18*70+97*39/-53/-1+-79*66-45+-71--1-65-9,False
+-+---++-++-76-8594*609-76-277392-85*-7566*-40-7411,-76+-85+94-60*9+-76+-27-73-92--85+-75*66--40*-74+11,True
-++//****-89-16-77-2979520***-14-95-156361**-91-208,-89*-16*-77*-2*97/95/20+-14*-95*-15*63+61--91*-20*8,True
---+---67***//-77-75-3294-189280-35***-579340-55-3113,-67--77/-75/-32*94*-18*92-80+-35--57*93*40*-55--31-80,False
-+++--59/*7190-20*/17-96-67-1368//5-61-32/*-3941-84,59-71*90/-20-65/-96*-67+-13+68+5/-61/-32--39*41/-84,False
---+++*/-25-1076/-1930*10-22**-466621/41-69/87-7584,-25/-10*76+-19/30+10*-22+-46*66*21-41/-69-87/-75-84,True
-+-----*-8372-17-13/-14-98*-839*//64-3358-399*9429,-83*72--17--13--14/-98--8*39-64/-33/58*-39+9-94*29,True
---+-+--*-10-3-81/**/-27-761-30-67+62-91163-7615-85,-10*-3--81--27/-7*61*-30/-67+62/-91-16+3--76-15--85,False
++++-**-27-59-6//*82-813-23/6580/*328856/-43657,-27*-59*-6-82*-8/13/-23+65/80+32*88/56+-43/65+7,True
++-+---+*-9577/33-8877-3150/41-92*/-581938-14/-9786,-95*77+33/-88-77--31-50+41/-92--58/19*38+-14+-97/86,True
--+-+---+-51-18-15-4/*5-35-36*4173*9-6465/-959-81,-51+-18--15--4-5*-35/-36+41*73-9*-64+65--9/59--81,True
-+-+-++-*6534-72/8279/-3043/-53-46-69*-55-72-5*-84-67,65*34--72+82/79+-80/43--53/-46+-69--55*-72+-5--84*-67,False
----++89*/43-32-16/1-85/-5973*-513815/*/8-47-10020,89+43/-32*-16+1/-85--59/73--51*38-15-8/-47*-100/20,True
++--+--76*65-7448-30/*/****-1-765595-5-95322-1366,-76-65*-74+48--30--1*-76*55*95*-5/-95*3/22+-13+66,False
++---++/**-744377-9/-16-78//4239-74-85/-44-9-446-20,-74*43*27/-9+-16/-78+42/39/-74--85--44/-9--4+46+-20,False
++--+---+-/8-6498-36171524-62*/24-171638-61/7385,8/-64-98+-36-17-15-24+-62--61/-17*16-38+-61+73/85,False
----+-97/*-83-8454*/-34-31-47/**6378-87-30/*-732522-68,-97+-83*-84/54--34/-31*-47-63*78*-87/-30--73*25/22--68,True
+--++-20***-9247729*/*27-643896/745150/*-6841-94,-20+-9*24*77*29+27*-64/38*96-74/51-50+-68*41/-94,True
--+-+/42-41-11***//-2060-90-347566/-27-853**275-79,42/-41+-11--20/60/-90*-34*75*66+-27/-8-53-2*75*-79,True
+-+----*-59-76-8545-70-5//**/93-93292-1059/-7420-28,-59*-76--85-45--70--5+93/-93*29*2/-10/59-64/20+-28,False
++-++--*/11-71743852*8596*/-445719*84-35-36*86-28,11/-71*74-38-52+85*96+-44/57*19-84*-35+-36+86*-28,True
++++-*////-19186142-24-79/*3098229*22-16-6/-69-70,-19*18/61/42/-24*-79-30*98/22+9+22*-16+-6+-69/-70,False
---++-6//*-4715859//*583099-56-24/-96-13*/-41-954,-6+-47*15/8/59+58*30/99/-56--24--96/-13--41/-95*4,False
+--+++-++45-99/*-1696-6755-66/1573*67-50-9213/78-84,45+-99+-16*96/-67-55+-66+15/73+67*-50+-92-13+78/-84,False
----+---31/*1391-56-20*-8-368*8529*3586/*-7947-49,-31-13*91/-56--20+-8*-3-68-85*29-35*86--79*47/-49,True
---------814160-21/-64-92*42-53-87*/94548*-4225-80,81-41-60--21--64/-92-42*-53--87-94/54*8--42*25--80,True
---+-66/60-100*/////*13-23-441410-71-81**2332-1185,-66+60/-100-13*-23/-44/14/10/-71/-8*1-23*32*-11-85,True
---++*///-44-4988-9677/82-78/*162438*-3411/587949,-44/-49/88/-96*77+82/-78+16*24/38--34*11-58/79-49,True
-+-++--+--+-2789*-8689-2674*78-8921-96-80*-18-56-5413,-27+89--86*89--26+74-78*-89-21+-96+-80--18*-56+-54-13,True
++++++4494***/-478744947287*/*-10-2469-74/-59-35-4,44+94+-47/87*44*94*72+87+-10*-24/69*-74+-59/-35+-4,True
-+/---+-+83-6/8248/1942-54/5375/70-10*93-44-97-35,83+-6-82/48+19/42--54-53/75-70/-10+93*-44+-97--35,False
--+-++-+-80*-9318-5253///79-7094-6746/36-2138*59-16,47+-93*18--52+53+79/-70/94/-67-46+36/-21-38-59*-16,False
++--94//*-62-76322////75804453-58//19-1-77*-2726,94--62*-7/63/22-75/80/44/53/-58+19/-1/-77+-27*26,True
++--+----82676/-44-94-55/*/-4948-78-36/-75-6052/-29-26,-82-67-6--44/-94+-55--49/48*-78*-36--75/-60+52+-29/-26,False
+-++-++--6*//-434934-29-39/9894-56/-3572*-796115-42,-6--43/49/34*-29+-39+98/94--56+-35/72+-79*61--17+-42,False
+-+-+-*-20-69***-9943-100-3716*//-63-43921-30-3/-4418,-20*-69--99*43*-100*-37+16--63/-4/39*21+-30--3+-44/18,True
-+-------/56-10080*822540/-5031/1926160*28-59-37,65/-100-80-82*25-40--50/31-19/26-1-60+28*-59--37,False
+++--/*//9985-93-429548/-54-69/*/-485-32-62-29*90-72,99/85/-93*-42/95-48--54/-69+-4/85*-32/-62+-29+90*-72,True
+-**2871-91//*****/-7788-49-78421-22-1674*/-32767,28*71*-91-95/88*-49*-7*84*21*-22/-16/74+-3/27*67,False
--++---/7338*-64-36-6//-6294-54-53*/-9543-86-5*-7673,73/38--64/-36--6--62/94/-54+-53+-95/43*-86--5--76*73,False
+*++-++///3236-6571/-99-42-59-9*10-7644*-17-57/-8225,32/36/-65/71+-99/-42+-59--9+10*-76+44--17*-57+-82/25,False
+-+---+--+/75-754443-15/-2885-83/17-9-69*66-7-10086,75/-75+44-43--15+-28/85--83-17/-9--69+66*-7--100+86,True
--+++++--1-62**-9081-7217/2043//56-91-89/-47-57-2735,-1--62+-90*81*-72+17+20/43+56/-91/-89+-47/-57--27--17,False
+--++++*-2895/*/-68-6697645*22-377//-8-46-254988,-28*95+-68/-66*9/76+45+22*-37+7--8/-46/-25-49+88,False
+-+--+*0-56**/*-9-67114626/-85-77//44-4391-82-7026,0*-56+-9*-67/11*46*26--85/-77-44/-43/91+-82--70+26,False
-+---++++*80-95/367555*-3582/65-43-1832*83-40587,80+-95+36/75+55+-35*82+65/-43--18-32-83*-40+5-87,False
-++-++*85-78*-14-7574/*-16-83-3660/494*/*-9234239,85*-78+-14*-75+74--16*-83/-36+60+49/4--92*34/2*39,True
+++--+-+--+-28*-2848-18-59/267972-149-4410-6389,28--28*4+8--18--59+26/79-72+-1-49--44+10+-63+89,True
-++-+58-36/**/-6198-2443-69**1-8033*-76-57**-9136-42,58+-36--61/98*-24*43/-69+1*-80*33+-76*-57--91*36*-42,True
++++--/5-3942-/-35-2745**48-659*-67-4827/*2736-97,5/-39-42--35/-27/45+48*-6*59+-67*-48+27+27*36/-97,False
-+-/-++--++-17-41-53-3-65*-5-5983-8740-47*/-40-68-72-62,-17+-41+-53--3--65+-5*-59+83--87-40--47+-40/-68*-72--62,False
++--+---50/-44-6897*-70-88-72*-6873/**-2748-90-52/-7312,-50--44/-68-97+-70*-88--72--68*73+-27*48*-90/-52+-73/12,True
++-+****-27-13-59-9727/**-266757-10082//-54-6399+-41-77,-27*-13*-59*-97*27+-26*67*57/-100-82+-54/-63/99+-41/-77,False
++-+-++--/-7-87*-6347-98-72-21-49/*32-49-9040-46/-7644,-7/-87--63*47--98+-72+-21--49+32*-49/-90-40+-46+-76/44,True
++----+/*-72246172*91-53-28/*047-40-34-14//46-25-90,-72*24/61+72-91*-53--28-0*47/-40--34+-14+46/-25/-90,True
-+++--++42*/*631484-24/-58-87*37-87-7289411/-1855,42+44*14/84*-24+-58/-87-37*-87--7+28+94+11--18/55,False
+++-+-**/-13-6861-2672-59**/15-345147*-273944*36-13,-13/-68*61*-26-72+-59-15/-34*51*47+-27*39+44+36*-13,True
--++-*-*26-846840*/-627755/91-94*-80-28-73**7412-79,26*-84-68-40--62/77*55+91/-94+-80*-28--73-74*12*-79,False
+-+++---60*/74-18-30/*52-68-7267/-272*-8680-58*5770,-60-74/-18*-30-52*-68/-72+67+-27/2+-86*80--58+57*70,True
-*+-+--35*-2685/9150//-2561-65-52**/*95995048-18-79,-35--26*85+91/50--25/61/-65+-52-95*99/50*48*-18--79,False
++-+-+++-70-71/*2-835224**17-23-8767273277*86-92,70--71+2*-83/37+24+17*-23*-87-67+27-32+77+86*-92,False
+--+++-----54-5174-835273/-9-77*81-3254*6181-6747,54--51-74--83-52-73+-9/-77+81*-32+54-61*81--67+-3,False
--++/-14-1009358////**/*-521579-8160-61-36682*84-66,-14/-100+93+58--52*15/79*-81*60/-61/70/68/2-84*-66,False
--++--+-135827-35-19//74-99***23-8-22-94**528040,-13+58-27--35+-19+7/4/-99-23*-8*49*-94-52*80*40,False
-+--+-*+---38*-70-62/*-1799887919699473*-1-67-55,-38--70*-62--17*99/88+79-19-69+94-7-3+-1*-67--55,False
--++-+-+--9957-9*84-674273/-35672311-66*/-9898-83,99-57--9+84*-67-42+73--35/67+23+11--66--98/98*-83,True
++-+--++*-74-7375//-71-9284-96-84-17/**5424-68-64-29-99,-74*-73+75+-71/-92/84--96--84+-17-54*24*15/-64+-29+-99,False
--+-+-/-*-4594-9279/*/-798622-223150/84-51-86*90-47,-45*94--92-79--79/86*22/-22+31-50+84/-51--86-90*-47,False
+--+-+++/75-73*36-92/46-33*-73-41*-8460-4762*6-6593,75/-73+36*-92+46/-33+-73*-41--84*60+-47-62-6*-65+93,True
-+-+-+**-91-1512*624/**85-83-2788/6733-2226*4531,-91*-15*12+62*4-85*-83*-27/88+67/33--22+26-45*31,True
-+++---9/77-77//-90-1634*9648**133387/16-9181-41,9-77/-77--90/-16/34-96*48+13*33*87+16/-91+81--41,True
-++-+++-38/28-95*-4617/-5192994986***/-3991-75-3053,-38+28/-95+-46*17+-51/92-99+49+86--39/91*-75*-30*53,True
-++---+-9860/8772/618*-9-72**/-8251264-56-2126,98-60+87/72-6/18--9*-72--82/51*2*64+-56+-21-26,True
-+---1/-39-38*2918***59-94-18-48*/**/-888437-29-55-10,-1--39/-38-29*18+59*-94*-18*-48--88/84*37*-29/-55*-10,True
-*---+-++-60-69-2179-83//-89-80-64/6735-82//7-89-8443,-60+-69+-21-79+-83--89/-80/-64-67/35--82+7/-89/-84-43,False
-+-+---*/-43-8241/21-86-95*/64-6613/-3999*-98202-21,-43/-82*41-21/-86--95-64/-66*13+-39/99--98*20+2--21,False
---++--74-55/**2699-100-87-67*-8344/-1030*-8754*-53-62,74--55-26*99*-100/-87+-67+-83*42--10/30--87*54--53*-62,False
+++---++-98*27-82/-7-95**-6893-33*0994319-24*1899,-98+99*-82+-7/-95--68*93*-33-0*99-43+19+-24+18*99,False
-++--++-/*/92-37-95546-11-22**22308498-73-69/4225,92/-37*-9/55-46+-11+98-22*30*84-98+-73+-69-42/25,False
+-+--+--+1660//*8339-12-36-88-634-41-48**75-1176-62,16+60-83*39/-12/-36--88+-63-4--41+-48-75*-11*76+-62,False
++-++5/-81-79-100-93/-48-22*/*/*/*622-50-1-42-32-3069,5+-81/-79+-100--93+-48/-22+6*22/-50*-1/-42*-32/-30*69,True
+-+++++*-4886-98//*36-557180//-89-56-2168-22*29-2950,-48*86+-98+36*-55/71/80+51/-56/-21+68+-22-29*-29+50,False
+---+++-+++++4564286088-17-4189-1/-69-37-63-1921-56,45+64+28+60+88+-17--41+89+-1+-69/-37--63--19-21+-56,True
-+----*/*5-64-6162**/57-8824-65-3136*515230*27-28,5*-64/-61*62-57/-88*24*-65--31-36-51*52+30-27*23,False
-++-+++-96*-5-26//36472535-76/-18-393/*89474225,96--5*-26+36/47/25+35+-76--2/-39+3+89*47/42-25,False
--+-++--*-95723432-25///-83-894916-34/-39-10023*-1789,-95*72-34-32+-25+-83/-89/49/16--34+-39/-100-23--17*89,False
-+++++--///596718425043-34/-55-65-19/*-82-33-30-6-98,59/67/18/42-50-43+-34+-55/-65+-19+-82*-33/-30+-6--98,True
++--+-++-4197/2687*-10-14-19*-52-58/84-86/-4217751,41-97+26/87+-10*-14--19+-52*-58-84/-86--4/21+77+51,True
-++-+-+--+-9-100155895-94*/-31-6597/*75-608249241,-9+-100-15-58+95--94+-31/-65*97-75*-60/82+49+24-1,True
++-+++*/*6661-57-72*/*5117-28-4-80-39//90-9630-58-97,66*61/-57*-72+51*17/-28*-4+-80+-39-90/-96/30+-16+-97,False
-+*-+-47**/519-3064*//*-8471693-56-42*-8819/-86-3,-47+5/19*-30*64--84*7/16/93*-56+-42+-88*19--86/-3,False
++--++82-31*/*-8152-4091-21/-97-4*///-34-86126-39-61,82+-31+-81*52/-40*91--21--97/-4+-34/-86/1/26*-39+-61,True
+-+++87*70768-94*//-42128733*****1561-6712-84-34,87+70*76+8+-94--42/12/87*33+15*61*-67*12*-84*-34,True
++-++++-++*-646-4-11/98-1914*6512-59/-73-3324-9512,-64*6+-4+-11-98/-19+14+65*12+-59+-73/-33-24+-95+12,True
++--+-12*/-60-44-2**/*60-40245913/-4041**-941-5241,-12+-60/-44*-2-60*-40/24*59*13--40/41+-9*41*-52+41,True
+---/-++47*8620/72-6124*33515955/*-654350/-22-92,47+86*20+72/-61-24+33*51-59-55--65*43/50+-22/-92,False
+-----++*3692/8558836177-28*30-100/*3418-47*-3634,36*92+85/58+83-61-77--28-30*-100-34*18/-47+-36*34,True
+-+--+-12/9579*//-749752-55-56-55-5985**/-92-85-51-83,12-95/-41+-74/97/52*-55--56--55+-59-85+-92/-85*-51*-83,False
+++-+--+561/*81-49-88**-7484-409292**0-81-8167-37,5+61--21*-49/-88--74*84*-40+92-92+0*-81*-81+67+-37,False
--+++-++3464//47-3814/48-7916*//-7473-43-9-29-27-18,34+64+47/-38/14-48/-79+16+-74/73/-43*-9+-29--27--18,True
------//-7883-26-10*48-217876//*/*8387-1398-57-7570,-78/83/-26--10-48*-21-78-76-83*87/-13*98/-57/-75-70,True
-++-+-+//2420-9660-984-54/**-48958031//143-7990,24/20/-96+60--98+4--54+-48*95*80/31+1/43/-79-90,True
+--++-+--13*-47-22404045/*-5-3254-76-86*//-20-3125-30,-13--47*-22+-45-40+45+-5*-32/54--76--86+-20/-31/25*-30,False
---+---+/*/*19-8816-9369173129/-39-67*-44-393-6575,19*-88/16*-93/69+17-31-29--39/-67+-44*-3-93--65-75,False
++++---+++*-8733-63*6659-78-22*93-42/766633-87-50-69,-87*33+-63+66*59+-78--22-93*-42-76/66+33+-87+-50+-69,True
---++++-*228265/6528//-40-7086-77/-45-84/58-83-3-41,-15*82-65+65/28+-40/-70/86+-77+-45/-84-58/-83--3--41,False
--++-+--6850-25-43*20-42//-17-7-91*64-19+*/-1736-28-97,-68-50+-25--43+20*-42+-17/-7/-91-64*-19--17/36*-28*-97,False
-++//*//68876654520*///57-252876/*80-838879,68/87/6*65/45/20+57/-25/2/8*76+80*-83/88-79,True
++-+-++2326*-4657**/2372-28-100*7650-29*-53-11/06,23+26+-46*57-23/72*-28*-100+76*50-67+-53*-11+0/6,False
++--++*9386*/-6094-29*13-89+-97-4697**/27-43-59-46-6,93*86+-60/94*-29+13*-89--97/-46-97+27/-43*-59*-46+-6,False
----+*/-476-82//*-13-82-43-64*-59-3/-557668/*22-87-38,-4/76*-82+-13*-82/-43/-64--59*-3--55/76-68-22*-87/-38,True
++---+-5584*//44-269446*/**66-547-57-8658-44*22-20,-55+84-44/-26/94*46-66*-5*47/-57*-86-39+-44+22*-20,False
----++--93-54/*-75-70-91/3115**-20-69185764/*-31603,-93--54+-75*-70/-91+31/15--20*-69*18-57-64--31*60/3,True
---*59-81*83-71/-28-30///**/*/5213-15-34-33-63-237724,59*-81-83*-71--28/-30-52/13*-15/-34*-33*-63/-23/77/-17,False
-+-+-+-9471*//-58-2010-98-62/*37-718//*-68-636-671,-94+-41--58/-20/10*-98+-62-37*-71/8+-68*-63/6/-67-1,False
++++---+--9769*-918934-19-38-985/1095-53//-17-6816,97-69--91*89+34--19--38--98+5+57/95+-53+-17/-68/16,False
+--++-+++-7667-91/9118333/34-61/40-46-100*/-48-97-59,-76+67+-91+91/18-33+3+34/-61-40/-46--100+-48/-97*-3,False
---+-+---/7721*35-27-8831/-92-6670**3210-20-66-7-39,77/21-35*-27--88-31+-92/-66-70+32*10*-20--66--7--39,True
++--+---/5345-18*1032/*/-64899-945289/522497-61,53/45--18-10*32--64/8*99/-94+52-89-52/24+97+-61,False
--+++14/-31-48//*-70-2081-2131-66///+*-291581-247-59,14+-31/-48+-70*-20/81/-21+31--66--29*15/81/-2/47/-59,False
+-+---+//-69-8926596*53-87-97****97395-72272-24,-69/-8/92+65-96-53*-87--97+97*39*5*-72*27-2+-24,True
+--+----9/-2859/*-39-3038-1730*-8677//*2-96108087,-9--28/59--39*-30/38--17-30--86*77-2*-96/10/80+87,False
++-++++*/3-324-1/-475397/6731//-148-36-50/51-52,3/-32*4+-60+-47/53+97+67/31--14/8/-36+-50+51/-52,False
+++-+-++-92//-43-62-8-18-49*9742984010//*28-39-3-50,-92+-43/-62/-8+-18--49+97*42-98+40+10+28*-39/-3/-50,True
-++------80/7545/*-323-9344*84-3351//-45-97-7616-77,-80-75/45--32*3/-93-44-84*-33-51+-45/-97/-76+16--77,True
-+++-+-26**-1856-39-67/-79-18/42-55-36**//-57-90-96-58-4,-26+-18*56*-39--67+-79/-18+42/-55+-36--57/-90/-96*-58*-4,False
++--++/95-40//*76-21-66-65/-6874/-8334-7523//-2787-52,95/-40+76*-21/-66/-65+-68/74--83/34--75+23+-27/87/-52,True
+---+-+-878699**-759-87*/-4-33-13-34*/67-55-85*-8045,-87+86-99+-7*59*-87--4/-33*-13--34-67/-55*-85+-80*45,True
-+++---*31-65-8564/409**76706759//*83-2940472,31*-65--85-64-40/9+76*70*67+59+83*-29/40/47-2,True
---+----+-+26-100**-3691-49-49540*-27-50-73-738312-94,26+-100--36*91*-49+-49-5-40--27*-50--73+-73-83-12--94,True
+-+++---60*29-77*31-92-8-4*-2015/72-77//*-83807965,-60-29*-77-31*-92+-8+-4+-20*15-72/-77+-83*80/79/6,False
++--+++-12-91/41-40***-72-3624-80967*-63-2675/-4522,12--91+41/-40+-72/-36*24*-80+9-67--63*-26+75+-45/22,False
++/*******-935-8-2936-78632963/-31-91/*/78358959,-9*35*-8*-29*36*-78*63*29/63+-31/-91+78/35*89/59,True
-+++-++*64-47-83/-1283-1-24*-7823***/91-92-77-4646-78,64*-47+-83+-12/83--1+-24+-78*23+91/-92*-77*-46*46--78,True
+-+-++++8084**38-67-68-1144/-7225/-5510//99-581-55,80+84+38*-67*-68+-11+44--72/25+-55/10-99/-58/1+-55,True
--+----17-64//*883667-534725-1/**729023-80*-9970,17--64-88*36/67/-53-47-25+-1-72*90*23/-80--99*70,True
+-**/**//*-44-51-582561295199-74-82***/-30-9179887,-44*-51/-58/25*61*29/51*99*-63--82+-30/-9*17*98*87,False
+++-+-*-5485-72-22-99//-219476*/**/20-49-32-6265-95-11,-54*85--72+-22--99+-21/94/76+20/-49*-32*-62/65*-95+-11,True
++---*5597***///-73-58-1134-424387-61/-39-9-16/-79-4,55*97--73/-58/-11/34*-42*43*87+-61--39/-9+-16+-79/-4,False
--+-+/*-74-73-80*-36-97/26-28-78/***/-74-3084-9-65-32-10,-74*-73/-80+-36*-97-26/-28+-78--74/-30*84*-9*-65/-13--10,False
-++---+-1163*4585-36/*/-178738-54//-355-1669*-23-51,-11+63-45*85--36--17/87*38/-54+-3/55/-16+69--23*-51,True
--+--+-+-++87-81437088-4464*156712-79**7589-9262,87+-81+43-70+88--44+64-15*-40-12+-79-75*89*-92-62,False
-++--+-/-78-23-92-78//96-11-94/*/-36-8230-42-61/24-76,-78/-23-77+-78-9/6/-11--94+-36/-82*30/-42+-61-24/-76,False
+-+-+//**598-155044//33-9183*/-96-93-2379/-2753-100,59*8*-15/50/44+33/-91/83--96/-93*-23+79--27/53+-100,True
-+--+++--99//-30-1619-7192-8049///-5095-2319*-9-5110,-99--30/-16/19+-71+92+-80-49--50/95/-23/19+-9*-51-10,False
-----++++39-3040*5331-24/-76-10*69-7-6058*/-9628-76,39+-30+40+53*31+-24--76/-10-69*-7--60-58--96/28*-76,True
--+----100/*-11-9863/**-805721-34/**721390-92-416925,-100--11*-98/63--80*57*21/20-72*13*90/-92+-41-69-25,False
+-++-+**/*9862-997917-70-76-41-71-69****-5-7330-5026,98*62/-99*79*17+-70--76+-41+-71--69+-5*-73*30*-50*26,True
++-+-++-*/3-13-29-19/77-6845*/-59-52-93/-9616-59-609,3/-13*-29--19+77/-68+45--59/-52*-93+-96/16--59+-60+9,True
+----++-/-93-22*71-40**-8-479-70/-33-655097-5/-83-87,-93/-22-71*-40+-8*-47*9+-70--70/-65-50-97--5+-83/-87,False
---+*-7355//19-461**/-35-678-35/**64877888*32-6,-73*55+19/-46/1--35/-6*78*-35-64*87*78/88-32*-6,False
--++-++-+--85*61-1-73487552/5657-4-6174//26-7097,-85-61*-1+-73-48+75+52-56/57+-4+-61-74-26/-70/97,True
/++++++-26//*735623118740//97-36-40*-9138*-88-2291,-26+73*56/23/11+87+40+97/-36/-40+-91*38+-88*-22-91,False
+--+-++-/6440/342/-2539**-21-10-38-29-57/7694-4750,64/40-3/42+-25/39+-21*-10*-38--29+-57-76/94--47+50,True
--+++13**477-16**/-96-80-13895847///*44378-283,13+47*7*-16+-96/-80*-13*89+58-47-4*43/78/-28/3,True
-++-++-///-26-36524/-9348-55-42*-30062//145332-25,-26/-36/5/24--93/48+-55+-42--30*0+62+14/53/32--25,False
-+++-63*+*/////-7696-8251-7964-76-5360-23*-2724-1720,63--76/96/-82/51/-79/64*-76*-53*60+-23+-27*24+-17-20,False
++++++++//937546*-62-53*-92-11-1//29-55-316-316-7,93/75/46+-62*-53+-92*-11+-1+29/-55/-3+16+-3+16+-7,True
-+-+****-32-81-75-6869/-70-87*/-11-44-91/**13-17-27-40-51,-32*-81*-75*-68*69+-70/-87--11/-44*90+13*-17*-27/-40--51,False
+----/*16-74-71*-27-90/13-9472///*-88728595-83*32-53,16*-74/-71--27*-90-13/-94-72--88*72/85/95/-83+32*-53,True
++++/**/1159237-93*/54-44-6048**-4411-70**-63-89-89,11/59*23*7/-93+54/-44*-60+48+-44*11*-70+-63*-89*-89,True
+++---1-9657-47*3645**/-455-51-99****70-43-518-88,1--96--36--47+36*45+-4/55*-51*-99+70*-43*-51*8*-88,False
+--+*//-80-26678925*///*-86-95-27327578*78-67/6-88,-80/-26/67*89+25--86*-95/-27/32/75*78-78*-67+6/-88,True
++--++++/-675*372268/*-2550-14/42-41-731-23/6925,-67/5+37*22+68+-25*50/-14+42/-41--7-31+-23+69/25,True
++-+-+-+172*-414*81-60/*-41-8284/50-7657/33-35-74,17+2--41*4+81*-60--41*-82/84+50/-76-57+33/-35+-74,True
+-++------244*-52-50618-72-95/*/-40-31770/-553-82,-24-4--52*-50-6-18--72+-95+-40/-3*17/70--5/53+-82,True
-+--++-++-74*-65-27//-12-79-8878722-92/-44-5232*-65-74,-74+-65*-27+-12/-79/-39-78+7+22--92--44/-52+32--65*-74,False
+-----41/**/80-48-54-4763-2248-20*1993//*10-86-1237,41-80/-48*-54*-47/63--22-48--20-19*93+10*-86/-12/37,True
----+++-9//10-6351-20/5924*7056-98*/*-88-32-196857,-9+10/-63/51+-20+59*24-70*56--98--88*-32/-19*68-57,False
++--++/-253/**//3789-75422162-5571*-18-61/-67-85-87,-2/53+37/89/-75*42*21/62+-55-71--18*-61+-67/-85+-87,True
-+++-+++/-14845362-28/*59-46-11//71-4859*-578766-86,-14/84+53+62+-28-59*-46/-11+71/-48/59+-57*87+66--86,True
