Original,Perturbed,Is_Equivalent
49.64-63.3846.44---19.64-75.37-20.63-81.19-28.18*-^2*-^2/73.36-95.52-27.0-6.12-37.49**-*,-46.44--63.38*-28.182^--81.19*-20.632^*-37.49*-6.12--27.0*-95.5273.36/--75.3719.64-49.64,True
98.18-41.9977.5914.56-38.39-65.88-37.4169.28/-//97.47-43.56-20.5487.58-+^2--/+^2/^2,/69.28--37.41-87.582^+-20.54--43.5697.47//-65.88--38.39/14.562^+77.59/-41.992^98.18,True
^-80.91-57.3756.6595.9589.4211.66/*73.05-28.76-54.86-48.18+^1/++^2-/+/-^258.94,1^+-48.18/-54.86+-28.7673.05*/11.662^*89.42-95.95/56.65+-57.37/-80.912^58.94--66.19,False
-35.58-67.8567.16*7.1365.5388.8*/*+-^2-56.17+--^174.9232.56-38.49+^1-^1,*88.8/65.537.13**67.16+-67.852^--81.521^1^+-38.49-32.561^74.92--56.17--35.58,True
-91.218.78-62.74-97.5182.0683.91-51.89-*//++^1--35.81-35.02-27.9133.1415.0-17.17-1.04/+-*+,--51.89*83.91/82.06/-97.51+-62.741^+18.78/-1.04+-17.17*15.0*33.14--27.9135.02--35.81--91.2,True
35.66-51.54-87.07-24.6161.73-8.06-76.4454.23--89.31-79.19*-^1+/-*+^1++/**^1,*-79.19-89.31-1^-54.23+-76.44/-8.06-61.73*-24.611^+-87.07+-51.54*-31.431^37.46/35.66,False
51.1185.0356.32-38.8131.99+-14.79-76.823.4/--*-43.9372.58-95.93*+/-^*//77.59*91.5418.87+,/23.4--76.8*-95.93+72.58-43.93*--14.79/77.35-31.99--38.81*56.32/85.03+18.8791.54*77.59/51.11,False
9.09-95.7-17.06-83.8453.4296.97.04/-*92.64-48.34-96.966.17--^1-^2*-*2*-^1,/7.04-66.171^/+2^--48.3492.64*-96.9*53.422^--83.84*-17.061^--95.79.09,False
-57.3133.28+/-0.98-30.74-^2+^263.1358.33-75.3285.39-24.25-93.1713.6643.68+*+*+-/^1,+33.282^--30.742^+43.68*13.66+-93.17/-24.25+85.39--75.32/58.331^63.13+-0.98--57.31,False
-91.224.08-81.94+++^2-91.87-68.0-^2+^234.94-79.1773.91-57.21+^2-*--61.96-71.62/,+-81.94+4.082^2^--68.02^2^+^-73.91*-79.17/-71.62-61.96-34.94+-91.87+-91.22,True
-54.06-62.5997.5945.54-97.6889.1357.34-*^-20.13-39.63-71.58++*-1/-*-8.53-50.45-22.13/*-/+,+41.03/-71.58--39.63-20.131^*-57.34/89.13/-22.13*-50.45-8.53*--97.68-45.54/97.59+-62.59-54.06,False
-98.8575.4-8.27-1.1274.76-64.8930.94*///-^^1-8.5368.63-17.288.65-69.84++-^1+^2,*30.94/-64.89/74.76/-1.12--8.271^+75.4+-69.84+8.651^--17.28+68.632-8.53--98.85,True
56.08-^239.53*^22.47-42.568.561.62-13.552.9393.3-53.48-^1-^1*+^2-//1,2^1^--53.481^-93.3*52.932^+-13.5-1.62/68.56/-42.522.471^*39.53-56.08,True
-20.3171.0125.44/-+46.6798.28-21.111.3914.63-19.3816.4+^2+/*-/-88.15-92.17-36.0-3.49----,/25.44-71.012^+16.4+-19.38/14.63*1.39-^--36.0--92.17-88.15/--21.11-98.2846.67+-20.31,True
-48.98-7.9958.92-0.0386.6690.14-38.99-42.57+--+^2**//56.94+-53.1-45.82-57.52-78.23+-^1-,+-42.57/-38.99-90.142^+86.66*-0.03*58.92/-7.99+-78.231^--57.52--45.82-53.1/56.94/-48.98,True
75.7299.275.17*/+^1-23.64-21.4754.0986.138.61-86.3823.9560.5/*+-^2+^-30.26-+^2,*5.17/99.271^/60.5*23.95+-86.382^-38.611^+86.1-54.092^+-21.47-23.64+75.72,False
-27.37-48.95-97.64-72.1959.64*76.42-4.16-24.11-57.75-63.94-5.07/**+-^1*/*+++*77.84^1,/-5.07*-63.94*-57.75+-24.111^--4.16*//77.64*59.64+-72.19+-97.64+-48.951^77.84*-27.37,False
22.45-22.72-74.0328.59-96.0580.65-24.2666.376.44+48.979.6276.73/-^1++*//+-^1+^1,/76.731^-79.6248.9++76.44+66.3*-24.26/80.65/-96.05+28.591^--74.03+-22.721^22.45,True
75.51-58.14-99.9639.53-44.7352.56-91.768.57^52.64-87.8862.74+-^1//+-+^2+^2/+/,*62.741^--87.88/52.64/35.65-68.57--91.72^+52.562^+-44.73/39.53+-99.96/-58.1475.51,False
74.8950.8364.23-52.6140.6140.51*/97.7282.27-63.51--+^1+^1/+-^125.7969.81-47.16--,--63.51-/97.72/*40.511^-+1^+-52.61/64.23+50.831^--47.16-69.8125.79-74.89,True
96.8--28.33+66.57-60.26+^2+-20.0686.14-48.72-73.6386.99-48.38-33.52-55.94*-+^2*/+^1/,2^++*-55.94--33.522^+-48.38*86.99/-73.631^+-48.72+86.14-20.06+66.57+-28.33-*,True
-63.3741.8-30.28/++*5.5649.39-16.8-96.1817.47-^-^2-+70.48-75.77/--4.5742.77-^1,/30.28+-22.61+41.8-17.47/-96.182^--16.8+49.39/-75.771^-42.77-4.57-70.48+5.56*-63.37,False
55.3-12.7751.5-57.3561.751.03-75.7579.19-56.95-78.5+^2^**++^1////-63.36-67.4-++,2^+-78.5+-56.95*79.19*-75.75+1.031^+61.75/-57.35/51.5/-12.77+54.35+-67.4-63.36/55.3,False
-14.779.5-74.6129.5842.7656.33-16.46-10.62-58.0373.82*+^1+//*-+/^234.0931.57++^1,*/1^+-58.03+-10.62/-16.46/56.33*42.76-29.582^+31.5734.09++-74.611^+79.5-14.7,True
/-3.0632.9920.37--/-99.478.5287.72-26.67-80.92-18.18-85.17//-/+++/-3.09-^234.38*3.85,-20.37/*/-18.18--80.92/-26.67+87.72+8.52-99.47/-32.99+-3.062^3.85*34.38--3.09/30.9,False
-61.8977.59++--11.0711.6445.81**-*-18.39-66.18-37.85-*+^2-58.5951.7725.9114.67+^1//,+77.59*45.81*11.64--11.07--37.85*-66.182^1^+14.67/25.91/51.77-58.59+-18.39*22.37+-61.89,False
43.63-87.8491.4--92.9564.66-85.79-98.25-15.92+/*-*84.17-51.89/+^1+^1-^2/^2,+-15.92/-98.25*-85.79/-51.8984.17*-*1^+-92.951^+50.742^-91.42^--87.8443.63,False
-84.18-73.1219.08-52.877.49-73.44^-65.877.22-86.22-24.8443.43-60.1/*-^1-++-+-^1**/,/-60.1*43.431^--24.84--86.22+77.22+-65.8-66.85+-73.441^-7.49*-52.87*19.08/-73.12-84.18,True
-19.4732.42+75.6-43.44+*++^2--19.26-18.42-^1+20.26-10.95-2.08-4.5184.88-^1*//,+**75.6+-51.092^+32.421^--18.421^-84.88*-4.51/-2.08/-10.9520.26+-19.26--19.47,False
-74.362.732.26-21.9859.2521.47-49.73-68.6333.4530.22-7.8761.3*++2*+^2**+-+-^2+,*61.32^+-7.87*/2^+33.45*-68.63*-49.73+21.47-59.25+-21.9890.6^-2.26+2.73-74.36,False
-85.02-14.08-1.22-41.07-7.6195.6877.77//***-43.06/42.53-95.35-77.71/*-+^2-25.68-1.21/*,/-/95.68*-7.61*-41.071.22-*-14.08/-77.71*-95.352^/-1.21-25.68+/42.53*54.8443.06--85.02,False
-25.58-52.38+--92.25-98.9955.2++/-66.26.4355.45+^1-^2+28.59*/*/-84.585.83-31.52,+-52.38++91.92^+55.452^-6.43-66.2/+-98.99/24.05-5.83-84.58/31.52*28.59+-92.25--25.58,False
41.5248.2557.19-12.47-80.44-**-^2*-65.6790.06-2.23-89.0++^1*9.9893.2530.66-10.66-+//,--80.44**+57.192^+-89.01^--10.66+30.66/93.259.98*+-2.23/90.06-65.67*-48.2541.52,True
-33.9893.5881.062.4229.12-39.17-7.2665.94-35.35+-^2**----^2-92.74-61.3--+52.25-24.31/,++2^-65.94*-7.26*-39.17-29.12-2.422^--61.3-92.74--81.06-93.58/-24.3152.25+-33.98,True
-60.31-18.4158.35-22.97-78.92-36.75+-+-^2--/32.12-0.27-^2-96.46-30.5613.9-49.38++++56.45,+-36.75--78.92/-22.972^-58.352^--0.2732.12/+-49.38+13.9+-30.56-96.46---18.4156.45+-60.31,True
23.37*-98.06-38.6342.7421.28-61.96-79.43-73.8546.31-11.19-67.897.4/+/--/+++--68.14-67.39--+,/97.4+-67.8*-11.19-46.31--73.85/-79.43+-61.96+21.28*42.74--67.3968.14-+-38.63--98.06+8.5823.37,False
27.16-15.33-99.31-++80.74-92.19-93.94-++/-11.733.04-14.511.51-*50.61-95.25-5.24+++^1+-,--99.31+25.6+-5.24+-95.2550.61*-11.511^+-14.5+33.04-11.7/+-93.94--92.1980.74++-15.3327.16,True
-31.16-85.37-10.6910.8+-38.67-99.98-+^1-+^1+-69.5546.22-39.114.193.9868.87+-/--^2,+-99.98-38.67+1^+10.8--10.691-+-85.37+68.87-3.98/14.19--39.12^-46.22-69.55+-31.16,True
-85.44-2.6435.583.69-68.27+-/2-++^-63.856.8-2+50.22-5.938.09-//-77.09-71.45*^1,+-68.272^^83.69-35.5-56.8-63.82^/+-2.64-38.09*-71.45-77.09//-5.91^50.22+-85.44,False
-2.57-93.95-66.84-59.3338.5++^2-^1*/40.45+^2-1.8488.31-95.1377.079.55-57.5/+*-*,+38.52^+-59.331^--66.84*-93.952^/-57.5+9.55*77.07--/88.31-1.84+40.45/-2.57,False
29.61--72.8691.7160.31*//-77.85-43.31^/60.7875.2/*64.9358.0372.89-88.8991.43+^2++/+46.92,*60.31/91.71/*60.78/+-43.312/+91.43+-88.89+72.89/58.0346.92+64.93*-77.85/-72.86-29.61,False
29.9-2.280.3396.58-23.74-68.96-16.05-35.8848.18-46.52-28.03/-^2*-*-87.03-50.79/-+**+^1+,/-28.032^--46.52*48.18/-50.79-87.03*--35.88--16.05+-68.96*-23.74*96.581^+0.33+-2.2829.9,True
68.74-19.53^-12.3861.898.33-81.7863.26-43.44-94.66++*+^1-+*/-^1-85.78-78.35+^2,+-94.66+-43.44*63.261^+-81.78-8.33+61.89*-12.38/36.451^--19.532^+-78.3585.78-68.74,False
62.6421.09-57.9-15.6676.26-81.85-1.0282.63-46.1-44.15--^1+++*+**+-70.24-17.818.14-*+57.09,--44.1541.25^*-46.1+82.63+-1.02+-81.85*76.26+-15.66*-57.9*21.09-18.14*-17.857.09+-70.24+62.64,True
63.58-64.746.0452.97-55.03-4.9-/+--^1+^2-97.4970.52/-^2-15.337.2397.57-+^2,--4.9/-55.03+52.97-46.041^--64.72^/-2^-97.572^+7.23-15.33--97.49-63.58,True
-55.85-57.76-42.18+^1/*64.76/-70.0-79.51-8.7760.75-25.9247.6//+^1/++-8.9+79.4378.86*,1^+-42.18--57.76/47.6/-25.921^+60.75/-8.77+-79.51*78.8679.43+-8.9+-70.0/64.76*-55.85,True
-26.0991.954.9331.92--*+98.63-64.32-3.481.51-65.9367.43+-^1-+-*//47.5786.92-95.07--,-31.92-4.93*91.951^-41.87-67.43+-65.93-81.51*-3.4/-64.32^-95.07-86.9247.57*98.63+-26.09,False
65.186.551.85-56.45-88.9668.124.6-18.62-90.59--^2****+/-^-2.1575.4511.3-71.96*+^1,--90.592^--18.62*24.6*68.1*-88.96*-56.45*51.85//2^*-71.961^+11.375.45-65.18,False
44.3325.22-21.33-38.8610.45/*-^2-+-+^18.41-2.2452.49/-+56.1916.1-75.5-^1-,/10.45*-38.862^--21.33-25.221^/52.49--2.241^--75.5-16.156.19+8.41+83.2+44.33,False
-62.44--3.0269.1510.31**--31.319.26-34.11-7.89-/-/78.6569.488.25-99.12.54-40.47//-^1/-,*10.31*69.15-+/-34.11*9.26/-40.47/2.541^--99.1/8.25/69.4878.65/-31.31--3.02--62.44,True
74.69+^1/98.8581.66-**-80.4427.2-10.1928.16-13.48/*-82.629.8998.25-3.07/+-^1*-,1^-27.2-80.44/-3.07+98.251^-9.89-82.62*//*28.16***-81.66-98.8515.85+74.69,False
-44.18-9.72-27.09-56.69-49.67-82.19-99.81*--+-^1/-12.6895.02**58.672.41-+80.14-37.7-52.5/-,*-99.81--82.19--49.67+-56.691^-95.02-12.68/--27.09-72.41-^--37.780.14+58.6*9.72--44.18,True
-7.21-95.44-86.96-58.29-88.2-25.4481.9956.98-9.07-+/-59.7774.545.17-33.77--/+*/-*+^^242.15,--9.07--33.77-5.17/74.54-59.77/+56.98+81.99*-25.44/-88.2--58.29*-86.96+-95.442^42.15+-7.21,False
92.71/-81.2770.4129.51-37.15-44.8451.18-0.1686.7770.7580.7452.58+^2**//*^^1+-^1*,2^+52.58*80.74*70.75/86.77/-0.16*51.181^+-44.84+-37.151^-29.51*70.41-81.27/92.71,True
-54.38-66.73-38.94+-^56.72-53.2323.54--1-+-40.5444.722.54-62.62/++^2-^167.99-87.38*,-23.54--53.2356.721^-+-38.94--66.73/-62.62+22.542^+44.7-39.75^*-87.3867.99--40.54+-54.38,True
-46.2699.64-50.963.1673.3-51.6117.63//-^2+^1*/*-31.79-41.3768.7969.95+^1+-+,/17.63/-51.612^-73.31^+3.16/-50.96/99.641^+69.95+68.79-41.37+8.36-31.79*-46.26,False
30.56-40.9686.6570.9853.92-74.47-38.4252.67-29.69-95.24-81.06/+***/-87.81-35.89-*//*+^2^2,/-81.06++*-29.69*52.67--35.89-87.81/*-38.42*-74.47/53.92/70.98*86.652^+-40.9656.21^30.56,True
-34.78-34.19-34.5-13.0862.053.343.31-20.4755.677.39--+//+^2++^2-^2*14.6631.82+,-7.39-55.67+-20.47/43.31/53.32^+62.0+-13.082^--34.52^--34.19+31.8214.66*-34.78,True
54.5419.6444.0132.4554.52-53.9554.32-56.3368.160.62-19.53+^2+/*-+^1/+-*/5.68-98.88-,2^+-19.53+0.62/68.16*-56.33+54.321^+-53.95/54.52+32.45*44.01*19.64--98.885.68/54.54,False
11.839.04-86.7358.066.35-89.4170.7287.1++^2-/--19.0-44.7445.68/+^1+^2/+*,+87.12^+70.72--89.41/6.351^+-93.172^+45.68/-44.7419.0--58.06+-86.73*39.04+,True
32.57-82.3355.24-75.66-64.37-65.46+-66.67-83.22/*/*/-/53.943.1-34.32-68.88-58.86+^2+*-+*,//*-66.67/-0.72*-65.46/-64.372^+-58.86+-68.88*-34.32-43.1+/--75.66+55.24*-82.3332.57,True
-63.22-39.4146.35-44.57-38.36-5.18-12.97.61+12.23**-77.06-15.68+/+^1*+^2++--^1,+-15.68-77.06**12.23-29.01^+7.61*-12.92^+-5.18+-38.36+-44.57-46.351^--39.41-63.22,True
36.2322.759.35-46.9640.44-24.1540.4441.3467.6418.38-6.57/+^2--*-^2*-+^1++61.9,/+2^+18.38-67.64-41.34*40.442^--24.15+40.44--46.961^+59.35+*61.9+36.23,False
-83.52*-36.36-25.18-0.52-2.69+--+-+^-75.59^-79.170.916.124.846.03-79.77-52.78++*-*+1,+-2.69-^--25.18+-36.362^+-52.78+-79.77*46.03-4.8*6.12+70.91-79.11^+--98.79-83.52,False
30.7817.55-76.5283.2530.38-85.362.4848.39+/---^264.1224.03-47.75-11.21+/+^50.89-32.86//-/,+48.39/2.48--85.362^+-11.21/-47.75/-32.8650.89+/24.0364.12--30.38/83.25--76.52/+30.78,False
-73.9--^-46.1828.6567.46-8.57/**195.2288.26+^1*-71.2921.2753.95/-78.43-74.73/--/-,/-8.57*67.46*28.65-46.181^-1^+88.26/-74.73--78.43--10.69/53.95-21.27-71.29*95.22--73.9,False
-48.967.55-27.918.7561.7653.44-48.6999.974.07-/^1+^2---/+/^-48.0897.3146.22+*1,-4.071^+99.972^+-48.69-53.44-61.76-18.75/-27.9+46.22*97.31-48.081^++7.55-48.96,False
-66.51-8.71-14.421.2621.76-*/^**46.18-14.02-^1+*-47.61-67.32+-^60.02-55.7837.46*/2,-21.76*1.26/-14.421^--14.02*37.46/-55.7860.022+-+-67.32-47.61*+46.18-67.47*--8.71-66.51,False
48.8296.35-2.1-69.36-86.444.6-60.68-67.8334.6-58.9-42.84--^1/--+^1-^1*^1*/,--42.841^--58.9/34.6--67.83--60.681^+4.61^--86.441^+-69.36+-2.1/96.3548.82,False
-8.2682.91-**-57.76-33.93-40.832.0-93.4571.0244.263.25-66.13-75.66-4.57****+^2--/-*/,-82.91/-4.57*-75.66*-66.13*63.252^+44.2-71.02--93.45/2.0--40.83*-33.93/-57.7643.22*-8.26,False
75.6156.02*+61.94-56.3330.37-92.8487.9492.2559.35-^2**-*+-58.36+-59.58-39.7217.7//**,*56.022^-59.35*92.25*87.94--92.84*30.37/17.7/-39.72*-59.58*63.58-58.36+56.33-61.94+75.61,True
16.5761.4579.96-38.27-72.5889.832.2738.8181.27++^1*-4.5783.13-15.1269.45*+**-^1+**+,/81.271^*69.45+-15.12*83.13-4.57*+38.81*32.271^/89.8+-72.58*-38.27*79.96+61.4516.57,True
-63.8473.45-33.1-71.1814.77-72.3529.75-38.82++-^2+/+-//76.6249.49/-60.5-3.1964.0122.18-*+,+-38.82+29.752^--72.35+14.77/-71.18+-33.1-73.45/49.4976.62/-22.18*64.01+-3.19-60.5--63.84,True
-9.350.0524.79+*-+14.04-85.4944.57/--^1^95.69-59.77-28.71+/--51.1683.78-86.37-^1-,-24.79*0.05/44.57--85.491^-14.04+-28.71/-59.771^--86.37-83.78-51.16-^+69.01--9.35,False
78.31-23.9559.9482.01-14.76+*64.01-65.61-//++-76.80.21-59.7440.21-70.4-51.59-^2/+^1++,--64.01/+-14.76/82.01/+2^--51.59/-70.41^+40.21+-59.74+0.21-76.8++-23.9578.31,True
94.29/-16.93*-13.2640.77-59.7691.5576.3-19.9674.34++^1-^2+*++^147.56-41.8732.67/*,+74.341^+-19.962^-76.3+91.55*-59.761^/32.67*-41.8747.56+^40.77-13.26*-16.93/94.29,True
83.3-33.21-57.65-75.78-**+65.1276.25-38.0325.92-24.68-38.77-38.85/--*-40.58-37.852.94/+-+^2*,--75.78*-57.65*-33.21/-38.85--38.77/2.94+-37.85-40.58*--24.68*25.922^*-38.03*76.2565.12+83.3,True
98.78-25.888.23-39.2344.5455.629.8-/+^1-***-34.76/64.65*64.76-59.4551.88+^1+^1,-^+55.621^+44.54--39.23*88.23*-25.81^+51.88*-59.451^64.76*64.65/-34.76*98.78,False
-49.4531.3668.3-76.9433.8228.34-^+^1/**85.2366.85-7.3*-*92.31/-95.6626.825.04/*+*,-28.34*33.821^+-76.94/68.3*31.36*-7.3-66.85/5.04*26.82+-95.66*^92.31*85.23*-49.45,False
68.2588.13-95.11-69.4581.49/++^-61.35-14.51-29.4546.8531.76+-*+2-^1+^2/-4.9742.55*,/81.49+31.76-46.85*-29.45+-14.51-61.352^++-69.451^--95.112^+88.13*42.55-4.97/68.25,True
^--88.89-91.79-/-22.99-27.9586.938.96/+-/70.33-4.0919.94++^238.5334.09-30.03-+/-18.98,/8.96/86.93+19.942^+-4.0970.33/--27.95-22.99/--91.7988.89--30.03+34.0938.53---18.98/-23.79,False
-68.4156.99-24.5925.99-57.3-69.0592.1199.56--^2+^2/+***70.5-31.07-52.062.58-93.44*///,-99.562^-92.112^+-69.05/-57.3+25.99*-24.59*56.99*-93.44/62.58/-52.0/-31.0770.5*-68.41,True
-71.3974.06**-12.5696.01-57.316.12-+*/-9.47*-57.949.75-42.59-56.97*+^1+--12.64-^139.9,*74.06-16.12+-57.3*96.01*-56.971^+-42.59+9.751^39.9^-12.64--57.94*-9.47/-12.56*-71.39,True
6.211.74/-^277.36-18.5335.0267.6-65.0632.629.4+*-^2++-^2-99.0510.278.29+-,/1.742^+29.4*32.679.71^--65.06+67.6+35.022^--18.53+8.29-10.2799.05-77.36-6.21,True
61.29-33.36-72.15-11.35-90.1370.54-62.4-63.6642.0572.72+-+^1---+////-12.6545.1**53.27,+72.72-42.051^+-63.66--62.4-70.54--90.13+-11.35/72.15/-92.81/-33.36*45.153.27*-12.65/61.29,True
-80.9564.242.49-42.4439.52-7.8269.78/+-14.26*/-+*+-44.26-47.8846.82+/+*-26.3353.34-^1,*-14.2625.48//69.78--7.82+39.52*-42.44+46.82/-47.8844.26-+42.49+64.2-53.341^-26.33*-80.95,False
32.0293.5512.2166.3939.18-70.81-89.37-86.9190.4229.1247.01-/*-*-39.6954.41-71.08/-*+^-34.7/--*,-47.01/29.12*90.42/-71.08-54.41-39.69*--86.91*-89.372^+-70.81/39.18-66.39-12.21*93.5532.02,True
97.996.77-34.15--84.23--/43.46-72.8576.387.28-78.38-33.1-75.08-49.87/--^1++^2+/--,--84.23/-49.87--75.081^--33.1+-78.382^*7.28+76.38/-72.8543.46/-55.06--34.15-6.7797.99,False
50.12-68.12-51.56/--^26.0-27.63-91.12-93.11+-*-^1--91.769.5546.23/+^1^2,/-51.56--68.122^--58.68*-93.111^--91.12/46.231^+9.552^-91.76-27.63----,False
18.791.84-32.23-44.09-84.13-69.2--^2*-25.52-85.68/++^1-++^2/-68.2663.3-98.72--,2^/-85.68+-25.5295.37---69.21^/-84.13--44.09+-32.232^+1.84--98.72-63.3-68.26/18.79,True
-60.76-1.31-51.78-4.7752.7799.68-69.3175.16-21.65-89.61***-/*-^1-+*-28.96-55.265.74-+^1,*-89.61*-21.65*75.16--69.31/99.68*52.771^--4.77--51.78+-1.31/65.741^+-55.2-28.96**,True
32.83-31.5840.47-43.9358.39-72.73-52.86-5.25-84.03-88.464.32^-67.5397.46-7.72//--*+--*/--//,/-7.72/---67.53--5.53*4.32+-88.46--84.03--5.25*-52.86/-72.73-58.39--43.93/40.47/-31.5832.83,True
-85.99.9-18.66-78.9281.37-41.0-39.9956.52-7.0814.19//+*/+*2++^2*/16.7329.09/^2,/14.19*-7.08-56.52*-39.99/-41.02^+81.37+-78.922^+-18.66/29.0916.73/*9.92^-85.9,True
-34.8-9.7-47.15**-*-49.68-79.13+^184.6826.15*/73.5298.56-74.792.4788.62*--//*^2,*-47.15*-9.71^+-79.13-49.68*26.15*88.62-92.47--74.7/98.562^-95.17/73.52/84.68*--34.8,False
88.1913.49-15.9255.42-/^-64.45-30.17-47.1339.06-**1-+*/39.23-1.78+/43.56-28.17/-^1,-39.06*-47.13*-30.17-64.4536.49^/-55.42--15.92/-28.1743.56/+-1.78-39.23-20.78*+13.491^88.19,False
-40.44-14.5584.449.32--1+*73.2134.01-33.44-43.57-41.4-48.42-68.6177.58//*+^2//-^1/,1^-49.32/77.58/-68.61*-48.422^+-41.4/-43.57/-33.441^-34.0173.21*+84.4/-14.55-40.44,False
12.55//-6.4871.7478.689.9/-/-57.073.62^-43.34-19.57-17.01/*+-^2++-78.3252.9992.25/+,/9.9/-17.01*-19.57+-43.342^-73.17+3.62-57.07/-78.68+71.74-6.48//92.25+52.99-78.32/12.55,True
-14.65-89.1-41.24/**54.144.94+^2*79.9465.4-93.95-94.28+^15.37--^2-^1-77.4335.39/,/-41.242^2^+-94.28--93.952^-65.479.94*+4.9454.14**-89.11^/35.39-77.43--14.65,False
42.8143.6167.64/--^120.095.8250.0172.23-+^1-*-89.6756.1-74.6119.6735.63-+**^1,/67.64-43.611^-72.23-48.69^+50.01-35.63+19.67*-74.611^-56.1-89.67*-95.8220.0-42.81,True
-50.57-39.7624.32-90.6798.0779.9328.28-35.17-3.515.2344.15*++^2++^2-*+^2-**-20.53,*44.15+15.232^+-3.5+-35.172^+28.28-79.93*98.072^+-90.67-24.32*/-20.53*-50.57,True
-94.18-74.5-15.0-44.89-38.27-18.0+^2+^2-*+^1-^178.46-88.29-81.25-39.63-*^1/,2^+-18.02^+-38.27--44.89*-15.01^+-74.51^--39.631^+-81.25/-88.2978.46--94.18,False
-78.8197.12-70.5445.6140.2248.09-10.5631.7467.2334.68---^116.76-81.98-/^1++^2--*+,-34.681^--81.9816.76--67.231^-31.74+-10.562^+48.09-40.22-45.61*-70.54+97.12-78.81,True
-55.4657.020.93-75.9166.0499.395.2734.34-4.6174.34-13.59***+^2+/--*^-51.4614.78-1/+,*-13.59*74.34*-4.612^+34.34+95.27/99.3-66.04-14.78-51.461^*--75.91/0.93/57.02-55.46,True
85.1763.52-31.172.24-27.7517.75-26.46/--^2/-+^2/-16.7433.16^-79.2-21.42-++-^2,/-26.46-17.752^--27.75/72.24--31.12^+63.52--21.42+-79.2/56.452^-33.16-16.74/85.17,False
-82.12-57.23-52.9+++-0.691.78-22.48-6.58-87.26*+--^2+-66.2837.791.93+-^1+70.42-+,+-52.9+/*-87.26+-6.58--22.482^-1.78+91.931^-/+19.3570.42+-66.28+-0.69+-82.12,True
-66.077.95-^2+^248.14-64.0-63.437.2337.1-10.9938.65*+^2*+//-24.81-73.3-6.35+/+,2^-77.952^*38.652^+-10.99*37.1+7.23+-6.35/-73.3-24.81//-63.43+-64.048.14+-66.0,True
^-37.6-29.46-4.1-89.84-5.2590.58-46.4114.65-44.84-7.78+*-^2-^1-/-^2//+^1,+-7.78*-44.842^-14.651^--46.41-90.58/-5.252^--89.84/-4.1/-29.46+-37.61^-69.41,True
61.75-12.3-95.35-16.171.8711.82*+/+-^159.7983.0736.78+^2-^1---67.12++*-66.08,*11.82+1.87/-16.171^2^+36.781^-83.0759.79++-95.35--12.3+/-66.08*-67.12-61.75,False
-88.65-55.6-55.25-97.7452.78-43.46-9.9558.8-0.1690.0740.3990.12-8.0184.07-^2*/+--/+*+***,2^-84.07--8.01/90.12+40.39-90.07--0.16*58.8+-9.95*-43.46+52.78*-97.74*-55.25*-55.6-88.65,True
54.9651.8697.7259.26-27.0623.41-94.0172.6853.19-95.31-32.7-66.32*-^2/*-**/-^1-^1/,*-66.322^--32.7/-95.31*53.19-72.68*-94.01*23.41/-27.061^-59.261^-97.72/51.8654.96,True
-98.74-^227.07/-48.68-52.4341.21+*8.59-27.18/+-80.5858.0981.75+-13.46-83.92/-/++^2,2^/-27.188.59*+41.21/-83.92--13.46/-9.63+81.752^^58.0980.58-+-52.43-48.68/27.07--98.74,False
52.0383.54+/*-94.5912.92+-50.176.23-62.0669.891.1458.29*//+++^17.3-99.7-50.4753.19--*,+83.54+12.92-94.59**58.29/91.14//+-62.061^-53.19--50.47*-99.77.3++76.23-50.1/52.03,True
78.9217.75-*/73.44-14.02--26.6361.3335.19-0.92-65.91-44.51-82.97-34.72--^-46.69--^1+*-*-89.73,--14.0273.44--34.721^--82.97--44.511^--65.91+-0.92*35.19---26.63/*-17.75-89.73*78.92,True
66.47/44.6619.6264.88-81.69++-/2*--42.98-55.87/+38.5+-32.86-9.3/*-36.2547.5-88.45//,+-81.69+64.882^-19.62*44.66--98.48/-55.87/-9.3/-88.45/47.5-36.25*-32.86+38.5+42.98-66.47,False
41.05-57.01-8.93-0.98-^29.16-/+-78.1262.01-96.81-27.82+^1-/+^213.74-^2.2375.8/1,2^--0.98--8.93/-57.011^+-27.82--96.81/62.012^/75.82.231^-13.74+-78.12+41.05,False
3.174.68-72.4999.57-41.2478.48-86.8118.4618.68-79.7131.3612.5832.1459.3729.91++++/++*/^*++*,+29.91+59.37+32.14+12.58/31.36+-79.71+18.68*18.46/-86.81-78.48*-41.24+99.57+-72.49*4.683.17,True
40.1365.51-55.02-98.644.1979.59*/*-+83.7870.2238.82-61.0190.2964.35-99.61/*+^2*//-^2,*79.59/4.19*-98.64/-99.61*64.352^+90.29*-61.01///70.2283.78+--55.02-65.512^40.13,True
75.7/-49.62-32.58-84.44-30.0441.153.9368.2-1.09-16.338.38-*+^2+^1++^1-^^2/,-8.38*-16.332^+-1.091^+68.2+3.931^+41.15--30.042^--84.44/-32.58-49.62/75.7,False
17.5661.66-^1+94.351.3687.57+40.7667.7386.56+^2+-^1+^1---33.06-3.15*,1^-61.662^+86.56+67.731^-40.761^+-11.76-87.57-1.36*^33.06-94.35+17.56,False
35.8265.44-47.86-61.63-89.02-19.31+-96.5290.6685.8126.69-/^-26.42-73.28-2//--+*-/+^2,--73.28+2^/-26.69/85.81/+--96.52-78.13+-19.31*-89.02--61.63/-47.862^+65.4435.82,False
-57.9680.21**-65.1698.52-47.82-8.36-25.12+-^1--*99.5-39.58-26.04*^1-^1+^233.42,*80.21+-25.121^--8.36--47.821^+-26.041^--39.5899.5*-98.522^33.42+-65.16*-57.96,True
99.73-87.1312.07-73.65-37.1835.74-+*--/-1.5679.18-48.89-57.24-97.2798.75*+**+*1-+^2,+83.58*35.74--37.18*98.75+-97.27*-57.24*-48.891^+79.18-1.56/--73.65-12.072^--87.1399.73,False
-42.96-13.3767.54-46.56-54.46-61.36+++-^87.7934.1556.75/*2++-84.55/--87.53*//+^1,+-61.36+-54.46/56.75*34.1587.792^-+-46.56*-87.53/-17.0/-16.82-84.55++67.54+-13.371^-42.96,False
-32.24-97.14-25.06-14.9319.1755.12-55.14+^47.88/////-^2-99.4342.69+^1+31.0155.94-^1,1^+-55.14/55.12/19.17/-14.93/-25.06/-97.142^1^+42.69-55.941^31.01+-99.43--32.24,False
-44.35-49.32-23.5-^1-+54.896.88-98.0-38.56-21.98-/16.2-61.72-62.5-^2+-^1+^2-,1^----49.322^--62.5+-61.7216.2/--21.981^--38.562^+-98.0-6.8854.89+-44.35,True
47.4925.6224.7221.5134.859.05-99.5476.4895.1/-/1+^2/-^2+**+^2/89.1+,/95.11^-76.482^+-99.54-9.052^-34.85+21.51*24.72*25.622^+89.1-24.36+47.49,False
-72.05-21.8850.62-3.32-24.5737.83-79.2893.373.4160.91/*+-^1/-^2+^1+^1+^72.34,/60.91*3.41+93.371^--79.28/37.832^--24.571^+^1^+50.622^+-21.88-72.05,True
-9.25*5.7283.0417.6-57.7***++-1.617.4235.0570.13-91.19-+//+^2/87.27-35.75-34.82/-,*-57.7*17.6*83.04--91.19+70.13/35.05/7.42-1.61/+5.722^+74.52/-34.82--35.7587.27--9.25,False
44.74-76.8984.1487.67-60.45-50.33-57.58-11.35-49.1335.48-16.9638.59-57.02---/+--**+/++-69.41^2,--57.02^38.59--16.96/35.48+-49.13--11.35--57.58*-50.33*-60.45+87.67/84.14++2^-69.41+44.74,True
20.27-53.94-56.23-93.69+-70.16-56.63-36.7984.11-76.07-35.8487.35-5.5-10.54/+/+/+^2*/--/+/,*-10.54+-5.5/87.35+-35.84/-76.072^+84.11*-36.79/-56.63--70.16-35.91/-93.69+-56.23/-53.9420.27,False
-70.081.2+/-37.0363.2524.69--+-97.3133.8460.6716.25-79.2199.15-54.4782.6+^1*--/-^1*,-1.2^24.69-63.251^+82.6*-54.47-99.15--79.21/16.251^-**33.84-97.31+-37.03/-70.08,False
-16.23-18.6468.6215.3849.5381.39-94.4599.77/^+*--//53.4144.217.1529.52-46.3297.23++*+*-78.96,/99.77/-94.45+81.39*49.53-15.38--/-18.64+97.23+-46.32*29.52+17.15+44.278.96-53.41/-16.23,False
32.4874.89*/-97.67+15.6461.895.5197.3940.4532.79-70.38-^2+^1+^2+^2-^2-,*74.892^+-70.381^+32.792^+40.452^/97.392^-5.51-61.8915.64+-97.67/32.48,True
54.1999.52-40.34-55.96-98.49-7.1544.8786.24*90.46-5.6751.06+^1*-^1*+^1/++*+-,1^+51.06*-5.671^-90.46*-48.781^/86.24/44.87+-7.15+-98.49*-55.96+-40.34-99.5254.19,False
44.2*-80.02+-93.8254.3878.0730.4963.93-67.081.32-^1-^1*-^2--+-/+^2,-66.92^-81.321^*-67.0*63.932^-30.49-78.07-54.38+-93.82--19.0/-80.022^+-36.2644.2,False
-23.031.71-25.66-15.12-25.4334.8197.45+-70.61-22.612.83+^1-^1/*+--/-^2-^2,1^+2.831^--22.61/-70.61*-51.37+97.45-34.81--25.43/-15.122^--25.662^-1.71-23.03,True
-29.53-19.9-35.07-5.0222.1614.76-4.24/**+^1-/*81.3939.12-37.41-79.55-91.49-+///2.8-85.49+,/-4.24*14.76*22.161^+-5.02--35.07/-19.9--91.49+-79.55/-37.41/39.12/-85.492.8/81.39*-29.53,True
71.88--23.267.997.3411.06-98.08-53.7174.9680.01-33.24+^1-^1**-^2/++-^2+,1^+-33.241^-80.01*74.96*-53.712^--98.08/11.06+7.34+7.992^--23.26+-1.8171.88,True
5.53-9.7498.98-41.73-48.2710.2985.67-93.63-72.26---69.76+77.56-69.15/-++^2*+^2+*-+,/-69.15-77.56+65.43-69.76---72.262^--93.63*85.672^-10.29+-48.27*-41.73-98.98+-9.745.53,False
-50.33-79.71-86.1231.51+-+-^214.7497.53-24.94-27.9420.9-^2**--35.425.44+-^1-97.23,+31.51--86.12+-79.712^2^-20.9*-27.94*-24.94-97.53+25.441^-97.23-35.4/14.74--50.33,True
53.98-78.36-99.79-36.3293.85-29.61-99.0458.84***+-+^1+/-59.6727.18--^2-^1--74.8,*-90.82*58.84+-99.04--29.611^+93.85-27.18-59.67/+-36.322^--99.791^--78.36-74.8-53.98,False
54.4461.5710.0642.4-86.89-93.5586.37-1.01-46.45-/*/+/-^2**22.092.06*/-64.6224.61*^2,--46.45/-1.01*86.37/-93.55+-86.89/42.42^-10.06*2.0622.09**61.57*24.61-54.63^-64.62/54.44,True
-42.18-56.1960.02-72.6947.24--/--*36.06-59.1383.94-60.4-67.97/+*--74.0150.1288.54-6.73-/*^1,-47.24--72.69/60.02--56.19/-67.97+-60.4*83.94--59.13^*--6.73/88.54*50.121^-74.01--42.18,True
-63.248.98-33.01-14.2334.2-6.5-97.1157.0390.93^^1--+^2+-/-+^0.86-18.88+2^1,1^-90.93-57.03--97.112^+-6.5+34.2--14.23/-33.01+-18.880.862^+-48.981^-63.2,False
80.98-91.4973.3914.868.94*--^2-/-43.5182.36-23.81---^2.4199.32-74.99-87.96-+^2+2,*68.94-14.819.23^-73.39--91.49--23.81--87.962^+-74.99+99.322.412^--82.36-43.51/80.98,True
-12.6246.7363.5824.02+^1-*-+^59.0270.9279.9418.22-^1+^1-1-92.1798.68*^2,1^+24.02-63.58*46.731^-18.221^+79.94^70.9259.021^+*98.682^-92.17--12.62,True
47.19-62.8516.1957.98*-^2++-28.9572.17**5.02*-7.9312.323.9335.68+^2--2*-/,*57.982^-16.19+-62.852^+35.682^-3.93*12.32--7.93/68.56***72.17-28.95+47.19,False
-25.06-16.3535.49-+^2-23.018.09-89.3595.1225.49-66.8739.0+-*^1+++/^-44.5911.86-1,2^+39.0--66.871^+25.49+95.12+-89.35+8.09-23.01+-35.49-11.86-44.591^/16.35--25.06,False
-74.6365.43-28.030.93-72.44-81.59-53.11-78.2919.64/+^2/-^2/-+*-31.7-3.7227.82+^2/,/19.642^+-78.29/-53.112^--81.59/-72.44/0.93+-28.03*65.432^+27.82/-3.7231.7--,False
-87.2-5.49-27.69-7.25*/-^2*0.8/50.1485.8465.2-71.67-92.28-95.289.2585.67+/+//-/^1,*-7.25/-27.692^+-5.49+85.67/89.25+-95.2/-92.28/-71.67^65.2/85.841^50.14/0.8*-87.2,True
8.34-49.358.71+^2/+^1-26.37+-78.57-40.6724.6787.74+/43.8398.92-58.22+^1+-^2^,2^+8.71/-49.35-77.48^1^+-58.22+98.9243.83/+87.742^-24.67+-40.67-78.57+-26.37+8.34,False
*-47.81-59.18-**60.45-11.1259.5-7.2196.23-5.13-49.1538.31-60.7775.87+^2+^2---/-*-,--59.18*-47.812^+75.872^+-60.77-38.31--49.15+-5.13/96.23--7.21*59.5--11.1260.45*4.92,True
83.3160.8616.8985.14-^2*-+62.69-85.7336.6821.49/+*-^/21.84-1.8897.81-86.52-98.6+--+,2^-85.14*16.89-60.86/21.49+36.68*-85.731^+-98.6--86.52/97.81+-1.8821.84-62.69+83.31,False
43.13-1.859.4774.4883.1849.8288.7944.71-52.84-^2----+*/--95.7492.33-*37.6959.539.23*+,2^--52.84-44.71-88.79-49.82-83.18*74.48*9.47/-1.85*39.23+59.537.69*-92.33-95.74^43.13,False
-5.8715.3243.71/--+2.24-88.79-17.6881.86-57.6284.61-83.96-26.01-*-*/*/2+^2--14.93-,/43.71--26.01*-83.96-84.61*-57.62/81.86*-17.68/-88.792.242^--15.322^--14.93^+-5.87,False
-79.73-32.94-11.33-28.3426.56/++++^2-4.4826.84*35.7-39.56-68.5964.72+*+^2//-0.3176.73-,/26.56+-28.342^*26.84-4.48-+64.72*-68.592^+-39.5635.7++-11.33/-32.94-76.73-0.31/-79.73,False
--5.58**-5.7-21.45/-^1-31.36-34.43-85.83-71.32-75.38+/+*+^1-92.2821.1823.53-^1/,*-5.58/-21.451^+-75.38/-71.32+-85.83*-34.431^1^-//21.18-92.28+-31.36--5.7*-56.52,True
90.34-6.099.4460.3458.3**--5.3596.86-31.71*-^2--+^2*+-11.32-36.65*-^2/,*-31.712^-96.86--5.3565.6**58.3-60.342^+99.44*-6.02^--61.68/-36.65-11.32+90.34,False
-24.11*-56.7530.62+65.38-82.61-42.1541.12-33.92-29.26-75.3881.23**-+--+++^2//+^2,*81.23*-75.38--29.26+-33.92-41.12--42.15+-82.61+65.382^+-2.73/30.62^-56.75+-49.022^-24.11,False
33.1755.85/-^20.4813.86-99.5621.96-14.1486.72-/98.33-^2*+-/*+^2/^2,/55.852^2^-98.33*87.53+-7.67-86.72/-14.14*21.962^+-99.56/13.862*0.48-33.17,False
87.1839.197.4484.96-+--+19.12-97.7265.1317.0264.659.09+*-^2--88.1775.2-^50.98^1,-84.96+97.44-39.1+59.09*64.62^-17.02-65.13--97.7219.12+2^-75.2-43.54^88.17-87.18,False
73.23-49.7444.5632.0892.53-17.83.6624.5++-/62.6283.37-80.1+^1*/+^1+--^2*,+24.51^+-80.1*83.37/62.62-73.4-+3.66-12.1^+-17.8+92.53-32.082^-44.56*-49.7473.23,True
-40.93-58.72-8.19-56.1875.05^^2/++2*/97.1864.51+^2*63.1357.04/-^1-84.75-44.56*,2^-75.05/-56.182^+-8.192^+64.5197.18/*-58.72/57.041^*-44.56-84.75-63.13*-40.93,False
-16.89-37.71-2.49-35.3899.2393.01-67.9-11.5/*58.97-45.94*^11.05/+--/*-49.59-90.21-26.96/+^1,1^--45.9458.97*/-11.5/-67.9+93.01-99.23--35.38/-2.49*-37.71/-26.96+-90.211^49.59--16.89,False
5.0395.1147.69-99.67-77.11/++^32.58-11.69-96.2869.9-71.11//-/2+++^2+-66.0263.14+,/-71.11/69.9--96.28/-11.6932.582^++79.29+-77.11+-99.672^+47.69+95.11+63.1466.02^5.03,False
22.72+^1-30.26-^2/92.1-67.83--69.3191.57-15.5819.82**/-+-36.68-^1-30.42/,1^2^--67.8392.1*89.95/19.82--15.58+91.571^/30.42-42.44-36.68--69.31/--30.26-22.72,False
-12.79-29.15-67.2-70.44*-+^-1.3326.545.74-57.8680.4945.79-79.29-*64.2775.63/-^2/*++2+,*-70.44/75.6364.27*--79.292^-45.79/80.49*-57.86+5.74+26.54-1.332^+--67.2+-29.15-12.79,True
33.7941.85+-31.8529.7-69.77-18.59-64.6-78.09--66.12-57.8651.34**+/----^210.21-75.26/*-,*51.34*-57.8666.12---78.09+-64.6/-18.59--69.77-29.72^/-75.2610.21---31.85*-91.23-41.8533.79,True
-50.2310.3222.43-61.69-42.7850.8598.34-68.2157.2529.45---+^2*+++++^143.2534.27-49.71++,-29.45/57.25--68.212^+98.34*50.85+-42.78+-61.69+22.43+10.321^+/+34.2743.25+-50.23,False
59.272.38*+^117.8594.3-25.7935.3523.81-83.2139.162.56+/+-33.96/*+^2*-*++-50.65,*72.381^/-33.9699.86/+2.56*39.162^+-83.21*23.81-35.35^-25.79+94.3-50.65+17.85*59.2,False
-16.3118.0397.09-64.474.64-64.7-89.8940.2726.82-45.5873.07+-^1-+-*26.6127.3265.08+++***+,+73.071^/-45.58-26.82+40.27+65.08+27.3226.61*-/+-64.7*74.64*-64.4/97.09+18.03-16.31,True
^26.956.04-^1*/-78.77-90.0135.3695.0822.750.1722.6554.69/**1.98-63.4+*+^1**/,1^-6.04*26.95/54.69+-63.41.98**22.65*0.171^+22.75*95.08-35.36/-90.01-78.77/63.1,True
59.2680.09-17.5537.51-44.35-9.15-52.97-18.78-18.18+/*+//42.834.84-2.59-*+^2/+^1-50.95,+-18.18/-18.78*-52.97+-9.15--2.59*4.8442.83/+-44.352^+37.51/-17.551^+80.0950.95-59.26,True
37.9661.16.69-84.62+/-*11.41*-47.5-99.72-21.45-31.95-75.12/+-^2//-*-30.0999.92-67.21-+,+-84.62+6.69-61.1/-75.12+-31.952^--21.45/-99.72/-47.5--23.71--67.21+99.92-30.09*11.41*37.96,False
77.3220.48-97.830.11-63.6727.2819.4819.33-27.12-64.93-87.1-36.52-+++*-+**-++-81.3998.15+^2,--36.52+-87.1+-64.93+-27.12*19.33-19.48+27.28*-63.67*30.11--97.8+98.15-81.39/+20.482^77.32,True
-85.5142.5597.13-61.4694.47**+/*27.86-80.18-58.345.96+^1/+/-67.9577.08/*-47.35--77.28/-,*94.47*-61.46+97.13/42.551^+5.96/-58.34+-80.18/77.08--29.7-77.28--47.35*-67.95/27.86*-85.51,True
-85.65-89.76-93.8495.11-12.76-13.01-79.88-7.94+^2++-54.28-97.66-42.57-95.1886.6----/+^2++/,2^+*-86.6--95.18--42.57--97.66-54.28++-79.88/-13.012/+-12.76+95.11+-93.84/-89.76-85.65,True
-13.9116.45-40.9810.08-47.9126.123.71-93.29/-+1/*-47.75-14.9860.8527.08//--^2/-+^2,/-93.291^-23.71/27.08/60.85--14.98-47.75*/26.12^-*/10.08+-40.98+-2^-13.91,False
-68.43--98.0770.7156.83-47.7343.71+*57.65-33.5776.53-+-81.3263.25+-^1-^1*-/--61.19,-76.53+63.2581.32-+-33.5757.65*+43.711^--47.731^-56.83*70.71--98.07/74.46-61.19--68.43,True
28.4219.19-31.9421.49-63.37-6.8359.97-91.6711.04+*-*-66.51-45.97+-^1+**36.6867.75+/**2,+11.04**+-45.97-66.51*-59.971^--6.83+-63.37+67.7536.68**21.49/-31.94*19.192^28.42,True
-83.430.26-64.8417.6-4.3782.8373.53-**/*-51.43-52.9646.51-+1+^1*-^1/98.19-99.65-,-73.53*82.83-46.51+-52.96-51.431^/+-4.371^+17.6*-64.841^----99.6598.19/-83.4,False
-66.84/-81.08-99.33/-+*-31.03-74.92--36.8841.0-34.91-41.3645.348.43-//+++-^-51.0650.85*2,/-99.33--74.92-31.03*-8.43/45.34/-41.36+-34.91+41.0-36.88+--81.08+36.21*50.85-51.062^--66.84,False
-38.6353.2778.3816.12-67.81-84.93-16.01-15.79*-^2*-^-50.04-12.96-0.7525.3895.33/*+^1/*//,*-15.792^--16.01*-84.93/95.33*25.381^+-0.75/-12.96-50.04*--67.81*16.12/78.38/53.27-38.63,False
57.7-4.4228.71+--+/-76.81*/22.28-68.29-41.92-86.44-5.81-53.96-*--+24.46-86.97-17.71-81.86/+/,-59.54-28.71+-4.42--53.96*-5.81/-86.44--41.92+-68.2922.28//-81.86+-17.71/-86.9724.46*-76.81/57.7,True
35.95-40.94-98.62-9.75-53.28-62.38-59.62-10.5290.49*-/+^1*****-95.15-^2-48.0885.78+^2,*90.49--10.52/-59.621^+-62.38*-53.28*-9.75*-98.62*-40.942^2^+85.78-48.08--95.15*35.95,True
29.3358.1870.2656.48/++*-43.342.4123.7829.41-75.83-96.25*-^1/*--16.45*88.44+*^2,/56.48+70.26+58.18*-96.251^--75.83/29.41-23.78-2.41*11.362^88.44*16.45--43.34*29.33,False
37.92-93.04+96.19-2.650.79-73.19-55.224.6359.9*-^1-*+-^2--++^2-92.18-78.12/,*59.91^-24.63--55.2*-73.19+50.792+-^-96.19*-35.962^/-78.12-92.18++-93.0437.92,False
-50.79-94.9380.64---98.63-30.489.88-26.69-41.289.0418.8461.296.58*++-/-96.02-61.1655.67***-/-,-80.64*6.58+61.29+18.84*55.67*-61.16-96.02/+9.04*-41.28-^/9.88--30.48-98.63-94.93--50.79,True
99.89+^22.2430.86-10.62*-+^-^242.755.24-17.22-/+11.9187.0476.52+^2-^1,2^*-10.62-30.862^--17.22/5.242^+76.521^-87.0411.91+42.75-97.57+2.24+99.89,True
^-11.04-89.0-31.72-^1/-*23.99+-98.57-63.51/+-20.2952.5735.194.62--^-31.41-58.71*2*+,1^--31.72/-89.0--11.04/-63.51*-58.71-31.412^--94.62*35.1+52.57-20.29+-98.57+23.99*78.77,False
39.319.347.09-81.03-42.1568.562.07+59.16-31.89*+/+^2*-+^2*-/-77.0756.62-38.57*-,*-31.89+59.16/-60.172^+62.07*68.5--42.152^/-81.03*7.09-19.34*-38.57-56.62-77.07/39.3,True
-33.7-94.63^3.85+*79.6955.78-44.5970.49+^1*79.64-69.3621.6397.23+^2+*/++--,1^2^+97.23+21.63*-69.3679.64*+70.49/-44.59+55.7879.69*+3.85+38.4-94.63-32.54-33.7,False
63.7379.4620.1893.04-88.08-66.5425.98-8.2837.45-79.6823.187.9+^1-*-*44.8342.59**-*///,1^+87.9-23.179.68-*37.45*42.5944.83*--8.28^25.98--66.54*-88.08/93.04/20.18/79.4663.73,True
-43.15*-93.21^-52.98+/+^282.31-41.93-80.92-21.86-84.07/**//-15.64-15.24-25.69-74.26+-+^1,+-52.98/-78.512^/-84.07*-21.86*-80.92/-41.93+-74.26--25.69++1^-15.64/82.31+-93.21*-43.15,False
70.28-33.0733.6-63.0631.0391.390.66.64-41.2-67.08-21.62-^2+-*---^1--/+71.8^1,2^--21.62+-67.08--41.2*6.64-0.6-91.391^-31.03--63.06-33.6/-33.071^/+70.28,True
*95.929.11+-26.89100.056.73-48.5549.5361.71-60.39-48.8569.03-44.61///--+///+^1/-85.64,/-44.61/69.03/-48.85^-60.39-61.71+49.53/-48.55/56.73/100.01^+-26.89/79.54-9.1195.9285.64/,False
/-86.91-7.7381.3-/--/*-90.2699.08*38.5740.33-26.146.0548.24-32.38-+-+*-39.94-21.71-33.48//,-81.3/-7.73--86.91*99.08-90.26*--32.38+48.24-6.05+-26.14*40.3338.57//-33.48/-21.71-39.94-*,False
35.06-73.0-13.3453.85-42.56-74.9533.41-*+^1-+*27.3674.62-69.54-48.7692.32-68.65-46.15+*-+-/-,-33.41*-74.951^/-42.56-53.85+-46.15*-68.65-92.32+-48.76--69.54/74.6227.36*+-13.34--73.035.06,True
-30.64-3.83-98.09-61.4370.03-86.5633.0392.619.491.07--++++^1/++^-25.1431.05-97.5*+2+,-91.07-19.4+92.6+33.03+-86.561^+70.03/-61.43*-97.5+31.05-25.142^++-98.09+-3.83-30.64,True
22.2888.81-97.5-22.1513.4694.112.8352.64-33.783.21-69.71^-/+^2+^2-*---^2^1,+-69.71-83.21/-33.72^+52.642^+12.83-94.1*13.46--22.15--97.52^-88.811+22.28,False
-76.62-45.3651.8914.97*19.5875.98+^1*/-21.38-36.51-30.88/+-*-40.4289.3826.8634.58*/+-^1,-83.14^+75.9819.58*/-30.88+-36.51-21.38/*14.97*34.58/26.86+89.38-40.42*-51.891^--45.36-76.62,True
67.23-78.31-54.29+-75.08-47.67-22.5255.15/39.01-17.0-***+***+^2-28.54-22.27-30.62-*^1,--17.039.01/*55.15*-22.52*-47.67+-75.08*72.76*-54.29*-78.312^+-30.62*-22.271^-28.54+67.23,False
-48.9483.49-31.31-42.76+//-^1/79.4450.59-79.28-63.38/-/24.74-4.74+-89.192.42-83.7325.94///,+-42.76/-31.31/83.491^/-63.38--79.28/50.5979.44/25.94/-83.73/2.4289.19-+-4.7424.74/--48.94,True
49.3537.999.59**/-15.36-40.0778.5-84.2666.46*+*^1-/-46.9217.57-71.178.26/-^1/*-64.64,*9.59*37.99-66.46+-84.261^-78.5--40.07/8.261^--71.17/17.57-64.64*-46.92/-15.36*49.35,False
-55.5136.54-22.0714.9971.58-56.13-95.8***++^1+-60.0780.48-94.04-62.53/-82.39/++^2+-,*-95.8*-56.13*71.58+14.991^+-22.07+36.54/-82.39+-48.62^+-62.53+-94.04-80.4860.07--55.51,True
98.8992.7664.9287.41-29.98*21.0-28.22+^2*--29.75-88.16*-^2+^2+^2-11.28/+,-98.03^+-28.2221.0**-29.98*-88.1629.75--87.412^-64.9267.12^+92.762^+44.99-11.28+98.89,False
-65.1139.17-18.24-25.62-22.6-12.9892.63-75.67-//*^/83.67-76.97-26.01-40.3898.5-+^2-+^1++,--75.67/92.63/-12.98*-22.6-98.52^+-40.38--26.011^+-76.9783.67//-25.62+-18.24+39.17-65.11,True
95.18+*0.7-30.14-18.93-53.2556.1333.7844.91-98.56-45.23-11.88*-+-+/*-^1-^2*^2,*-11.88--45.23+-98.56-44.91+33.78/56.13*/1^--18.932^--30.14*0.72^-12.18+95.18,True
93.762.71-51.5229.83-32.1520.89-9.7122.08-50.24/**+///^+^292.62*-89.31-97.4-57.34/*^1,/-50.24*22.08*/+20.89/-32.15/29.83/-51.52-62.712^/-57.34*-97.41^/*92.62+93.7,True
57.97-73.4350.6277.94+-21.4371.14-8.0622.8716.1-22.55-^2-/+^1-^2/-^2++-,2^--22.55-16.1/22.871^+-8.062^-71.14/-21.432^-51.09+77.94+50.62--73.43*,True
-67.0741.28-51.8211.5517.073.1938.22-99.21-81.4249.4514.1341.69-^1-*---^1+^2//-*,-51.14^-41.69-14.13*49.45--81.42--99.211^-38.222^/73.19/17.0/11.55--51.82*41.28-67.07,True
52.1268.4431.26-16.77-72.87-95.84-61.9944.582.87//-/^50.7742.0727.3+-2/+^2/+-^1,/82.87/44.5+27.3-42.0750.772^/--61.99/-95.842^+-72.87/-16.77-31.261^-68.4452.12,False
16.22-25.551.92-87.916.0728.04-73.0382.7723.73/+-^2-^1+^2+^2-^1-^-77.81,/23.73+82.772^--73.031^-28.042^+16.072^+/1^-1.92--25.551^16.22,False
89.695.4983.57-93.1763.6725.57-97.8360.3236.2824.3690.09-/-^1-^2+*/*-^1+^2,-90.09/24.361^-36.282^+60.32+-97.83*25.57/63.67*-93.1758.37^-83.57+5.492^89.69,False
-29.0916.5648.18-67.0285.1994.94-13.19++//-95.89-34.1395.489.4869.85+*+-/+^2/--10.2-75.18*,+-13.19+94.94+69.85*89.48+95.4--34.13-95.89//85.19/-67.022^+48.18*16.56*-75.18-10.2--29.09,True
-85.164.0311.22-63.8/*-^2-14.5645.9178.18*+/-87.69-21.54+*-73.0-76.2489.53-50.37-40.59-//*,/-63.8*11.222^-64.03*78.18+45.91+-21.54--/-50.37/89.53*-76.24-73.0*-87.69/14.56--85.1,True
57.21-6.89/-99.79/80.942.65-59.2348.8-/+-^2/-93.16-20.43-90.8540.82+//*-^2-*,-48.8/-59.23+2.652^+40.82/-90.85/-20.43-93.16/-80.94*-35.862^--99.79-78.51*-6.8957.21,False
-2.72-44.32-98.3-48.9461.27-^1+/---65.4169.51-11.492.464.83/*++/-38.34-18.07*95.1398.29+-,1^-61.27+-48.94/-98.3*4.83*2.46*-18.07-38.34+98.2995.13/+--11.49-69.51-65.41--^-2.72,False
-66.4232.9-89.7583.15-68.63-45.122.1-3.8261.2-60.18-71.81-7.6/+^1++-^2/**/-/*41.6,/-7.61^+-71.81+-60.18+61.22^--3.82+2.1--45.12*-68.63/83.15-^/32.941.6*-66.42,False
34.6252.280.38-10.28-66.25-43.31--^95.87-71.6688.88-12.02-89.5150.9+-/2*/*1+^1+-/,-50.92^--89.51*-12.02/88.88*-71.6695.871^---43.311^+-66.25+-10.28-0.38/*34.62,False
74.86-94.8961.829.6-83.23-81.44-78.23*+/-++^2*80.82-23.7489.07-24.2643.111.4749.37/--/-*,*-78.23--81.44/-83.23-9.6+61.822^/49.37-11.47-43.1/-24.26-89.07*-23.7480.82*+-94.8974.86,True
95.1835.9233.1-3.6934.6-60.2457.65-68.87-93.55-68.492.065.15-24.4541.3826.58+--+++/+*+*/--,+26.58-41.38--24.45+65.15+2.0--68.49/-93.55+-68.87*57.65+-60.24++/-3.69-33.1-35.9295.18,False
-32.9230.6515.48-17.32-25.86-++^2-^2-24.38-65.654.1631.3314.5446.18-36.5297.86-**+-++,--25.86+-17.322^+15.482^-30.65-97.86*-36.52^46.18+14.54-31.33+54.16+-65.624.38--32.92,True
-88.76-77.14-97.83+^2-*25.53-93.01-50.16-9.816.993.48+*^2*/---23.2-88.3895.59-89.47---,2^+-97.83--77.14+93.482^+6.9/-9.81/-50.16--93.01--89.47-95.59--88.38-23.2^25.53*-88.76,True
0.4881.5/-/99.050.04-39.4934.73-50.8166.39+^2*/+/-+^2-41.2125.78-27.295.2++*,2^+66.39*-50.81/34.73+-39.49/50.0499.0/-^-81.52^+95.2+-27.2*25.78-41.21+0.48,True
-29.5645.6248.63-3.9870.32-16.0638.16-29.73*--++^-59.22-97.2-6.07-84.9-/+^21-//^2,/-29.73-38.16--16.06--84.9/-6.072^+-97.2-59.221^++70.32--3.98/-/45.622^-29.56,True
84.3946.8370.39-64.81-84.481.25-*-68.52-22.1780.27+*+^1+***84.5431.91-18.8734.772.65*-*-,+80.27*-22.17-68.52*-81.251^+-84.4+-64.81*70.39*46.83*72.65-34.7*-18.87/31.9184.54*84.39,False
36.28+*84.32-24.1681.82//94.4340.3264.686.25/+-+--9.4281.7447.46-25.4385.93++^2/^*,/81.82/-24.1684.32+42.08-86.25+85.932^+-25.43/47.46/81.74-9.42-+64.6*40.3294.43*+36.28,False
-34.75-17.51++^161.0835.2292.56-70.88-^1/++-61.9926.19-73.2141.1613.234.33-----^2,+-17.511^1^--70.88/92.56+35.22-4.33-13.23-41.16--73.212^-26.19-61.99+61.08+-34.75,True
-13.08+84.8548.9931.6310.24-38.47-50.27+^1-+-**-31.15+^2^85.06-73.08-48.37+^1+1,1*+-50.27--38.47+10.24-31.63*48.9984.85+2^1^+-48.37+-73.0885.061^+-31.15*-13.08,True
46.5866.23-79.32-55.682.55-93.0956.867.5653.75-31.9718.1945.54-17.1+/-*-*//+^2-++^2,*-17.1+45.54-18.19*-31.97-53.75*67.56/56.8/-93.092^+2.55--55.68+-79.322^+66.2346.58,True
90.82-21.5-25.1418.87-74.47-/31.08-84.8931.5566.28+15.29***/+^2/+++-15.47-88.96-25.04*+,*15.29*99.47*66.28/31.552^+-84.8931.08/--74.47/18.87+-25.14+-21.5^-25.04+-88.96-15.47+90.82,False
86.55-91.749.2822.54-81.0264.54-36.5378.064.55-1.8241.4314.32-34.43/+--^2++-/*+^2//,/-34.43+14.32-41.432^--1.82+64.55+78.0--36.53/64.54*-81.022^+22.54/49.28/-91.786.55,True
63.8195.87-31.69-61.71-63.31-3.67*57.77-^1/-*32.02-93.71-42.94-89.8*++^2/*+^1-,1^-57.77/62.5*-89.8+-42.942^+-93.7132.02*--3.67/-63.31*-61.711^+-31.69-95.8763.81,False
54.4-32.29-81.35-92.04-^2-+/-65.96-73.13-83.23//-56.6276.592.27-20.48-52.36-38.3418.22/+/-+*+,2^--92.04--81.35+-32.29/18.22+-38.34/-52.36--20.48+2.27*76.59-56.62//-83.23+-73.13-65.96/54.4,True
16.24-48.5-44.2289.75-75.51-94.177.5-2.5-56.4296.5-63.24-59.6-67.29-**-++^1++--+-^2,--67.29*-59.6*-63.24-96.5+-56.421^+-2.5+7.5+-94.17--75.51-*+-44.222^--48.516.24,True
4.0997.0923.9465.8871.0425.06+-^2++^1//70.76-28.17^+-+-8.31-7.8421.820.98/+/,+25.062^-71.04+65.881^+23.94/97.09+-31.47/^+21.82/-7.84-8.31---28.1770.76/4.09,False
-41.6524.09-50.67-^2--^98.92-46.36-31.26-31.3312.8129.84-85.67--*+^1+^2*/1,2^--50.67--85.67--*12.811^+-31.332^+31.26*-7.31+-46.3698.921^-+24.09-41.65,False
35.04-27.55-42.9989.5592.38/*-+/-29.97-80.6492.12++^-22.67*-33.2143.75-^2+^297.28^2,^^*89.55/-42.99+-27.55+92.121^+-80.642^-43.752^2^97.28+-33.21*-29.97/35.04,False
-12.8989.71-97.26-29.99+-93.7748.9716.4659.16+/*-^2/+^1/44.55-38.3810.4375.66+^^1+,+59.16/16.46*48.97/+2^^-29.99/-97.261^+89.71+75.661^-10.43+-38.3844.55/-12.89,True
-85.37-11.66-62.74-42.7186.9963.53-85.8561.34-77.03-55.59-61.5855.6455.29-^2*/-*+++//*-^2,2^-55.29*+/-61.58--55.59*-77.03+61.34+-85.85+63.53/86.99/-42.71*-62.742^--11.66-85.37,True
37.8-42.31-11.85*++^1-8.4116.53-46.98+/90.76-59.12-0.2866.97*/-1.4531.95+^1*/-^2,*-11.85+-42.311^1^+31.95-1.45/*66.97*-0.28/-59.1290.76/+-46.982^-16.53-8.41+37.8,True
22.1973.16-56.43-74.93*-^2-^1/-40.89-29.2941.28-73.3921.66+*/+++^2+^2-6.11,*-74.932^--56.431^-73.16*-76.18/21.66+-73.39+41.282^++2^-6.11+-40.89/22.19,True
-3.86-89.24-7.9198.2539.2-97.06-16.67+^1/**+*-12.443.16-++-2.6327.02/-96.018.86-^1,-75.21^+-16.67/-97.06*39.2*98.25*3.16-12.44*+-7.91+-89.24/27.021^-18.8696.0--2.63+-3.86,True
-84.23-5.0630.09-27.226.0525.8597.3590.35-96.322.02*-*-+*+^2*-^2/17.52-74.43+^1,+22.02--96.3*90.35-97.35+25.85*6.052^+-27.22+30.092^--5.06+-74.431^17.52/-84.23,True
87.6329.0964.01-37.558.02-10.39-3.7451.21/+++^2++^2-**-81.98-66.611.77*-^1,/51.21+-3.74+-10.392^+58.02+-37.52^/64.01-29.09*11.771^+-66.681.98--46.73*87.63,True
-54.85-53.56-32.02++-+-73.95-19.95-46.23-3.4460.0/-//-45.3984.07-50.1157.8456.31+/+/+74.42^2,+-32.02+-53.56/60.0--3.44+56.31/57.84+-50.11/84.07-45.39//-46.23+-19.95-73.95+2^74.42--54.85,True
45.39-76.7913.8-12.28-45.3639.96-5.61/-84.6283.7198.25+^2+--^1/-^2/+/+--88.28,2^+98.25+83.71--84.621^--77.0/-5.612^-39.96/-45.36+-12.28/13.8+-76.79+-45.39,True
-96.1-9.6290.43-56.9158.8826.47/+//71.1736.86++*-37.44-57.98-85.030.0428.5***++^1^1,/26.47+58.88+36.8671.17//-56.91*28.5*0.04*-85.03+-57.98^*+90.431^+-9.621^-96.1,True
**-91.2779.32-9.0547.45/*+^2-4.4175.59-69.76-73.124.56/+^1+^2+33.6765.79+^1,/47.45*-9.052^+79.32-91.27/24.561^+-73.12^+-69.76+75.59-4.41*1^+65.7933.67*,True
-4.93-11.02-55.7453.17-24.4677.32*/-98.41-88.2744.52-18.7475.59-3.56+^2-/++//-^2-/+,2^+-3.56-75.59/-18.74+44.52+-88.27-98.41//-0.62/77.322^--24.46-++-55.74+-11.02-4.93,False
+-85.6118.582.47-9.88-/+^2+--29.6670.05-+^219.7890.9723.87--^-0.6688.91*2/,--9.88/2.472^+18.58-70.05-29.66-/-85.612^*88.91-0.662^--23.87/90.9719.78+-30.19,True
60.2222.6848.3-88.3477.68-8.1-93.68-82.7829.84-57.06-97.09-^1--*-^2-/2+*-+--11.48,1^--97.09--57.06-29.84*-82.782^--93.682^--8.1+77.68*-88.34-48.3+22.68-11.48-60.22,False
75.7-27.7298.72-87.8693.0463.28-95.9364.7673.3315.0260.46-71.75-81.52-44.15/**+**++-^2**--,/-44.15*-81.52*-71.75+60.46*15.02*73.33+64.76+-95.932^/63.28*93.04*-87.86-98.72--27.7275.7,True
54.14-36.24-12.62-45.62-78.768.72-44.4386.8294.4697.2635.66-+^274.3513.25+///+*-^2-//,2^+13.2574.35+-35.66/97.26/94.46/^+-44.43/68.722^--78.7--45.62/-12.62/-36.2454.14,True
-60.449.4540.01-64.56-71.992.74-75.728.812.9534.33--*/+**///4.92-72.3158.01-+35.9469.91-+,-34.33-^*28.81/-75.7+2.74*-71.99*-64.56/40.01/49.45-69.9135.94+-58.01+-72.314.92/-60.4,True
46.3989.553.342.87-3.5344.98-12.2-*71.73-49.55--63.14-61.61-32.55+++-95.24-50.28-21.28-+-/++/,--49.5571.73+-32.55+-61.61-63.14-/--21.28+-50.2895.24-+-12.2-44.98/-3.53+42.87+53.3/89.546.39,False
47.92-38.0248.24-36.16*---59.7314.14++-76.8613.6683.3632.49-91.11-84.22-9.48-83.66++^1*+*/*,*-36.16-48.24--38.02+14.14+-83.661^+-9.48--84.22+-91.11*32.49/83.36*13.66-76.86+59.73-47.92,True
10.2524.92-69.5281.8766.53++^1-/*-29.7968.77-82.81-68.9389.17-60.0444.99-++^2++/+11.04,+66.531^+81.87--69.52/24.92-44.99+-60.042^+89.17+-68.93+-82.81/68.7711.04+-29.79*10.25,True
+30.8431.5125.5821.46+//++^2^-31.4572.32-/31.81-97.82-1/15.86-5.0615.9-33.43***,+21.46/25.58/31.512^--97.82//-72.32-31.451^+*-33.43*15.9*-5.0615.86/+30.84-11.82,False
94.47-34.72-1.49-10.92-89.9945.78-4.89-20.5981.8/+^1/-18.19-2.71/-^2//*-^1-,/81.820.59-1^/-2.71-18.19/+-4.892^-45.78/-89.99/-10.92*-1.491^-34.72-69.9794.47,False
-89.38-18.3152.1973.96-20.35-59.353.9186.92-74.9582.53/**/+^1**--^1+^1+^2,*28.76*82.53/-74.951^+86.92*3.91*-59.35--20.351^-73.961^+52.192^+-18.31-89.38,True
41.24-^1-92.79*-49.5678.35+^1-^1-3.7-54.9376.58-58.69-29.4761.5942.4161.62/*/-/*/,1^1^+^1^/61.62*42.41/61.59--29.47/-58.69*76.58/-54.93-3.7--49.56*-92.79-41.24,True
92.8264.287.07-40.8-31.782.616.25--25.5422.81-15.13-3.74-84.25++-^1*+-^1++//**,+-84.25+-3.741^--15.13*22.81+^1^--36.7+16.25+82.6/-31.7/-40.8*87.07*64.292.82,False
0.531.94+-61.61+-*--69.7659.42-7.84--+54.28-80.0-53.94-70.16-52.69-13.4+*+-^1+^1,+-61.61--64.97*31.94--7.84-59.42+-13.4*-52.69+-70.161^--53.941^+-80.054.28+-69.76-0.5,True
45.0247.85-40.78+89.63-93.64+^2-+-27.48-98.77-+*+^1-93.1898.68-56.9743.34-79.83-+*-,2^+-93.64-89.63--98.7727.48-+-4.37+-40.78*47.851^--79.83+43.34*-56.97-98.68-93.18+45.02,True
-75.61-65.2398.31-38.03-55.97-23.2559.11-57.45***+^2--^2//31.91*5.40.03-/68.81/94.55,*-57.45*59.11*-23.252^+-55.97--38.032^-98.31/-65.23-0.0394.55/68.81/5.4*31.91/-75.61,True
63.514.3830.53-25.6973.67-20.6196.9516.09-6.34-*/-++^2*-^2/-69.6-20.3145.79-^1-,--6.34*^/96.95-^+73.672^+-25.69*30.532^-14.381^-45.79--20.31-69.6/63.5,True
-87.9385.97/^56.07*-40.2629.17+-0.8284.8+^2*-32.5120.91-41.38+*+-^1/--21.35-7.73/,/85.972^+-41.38*20.91-32.51*+84.8+-0.821^-11.51/29.17/-7.73-21.35--40.26*56.07/-87.93,False
93.5497.29-51.42-82.0-81.02-80.67-79.5388.786.97-35.55+-^1//++^1++^2-^1^1,+-35.551^-6.97/88.78/-79.53+-80.671++-81.02+-82.02^+*1^-97.291^93.54,True
72.3831.4-^2+65.26+68.3842.44/-83.62-68.6633.1329.59**+^2-+^2++^1*,2^-31.4*29.59*33.132^+-68.66--83.622^+-73.21+42.441-+68.38*46.2165.26+72.38,False
53.43-94.456.57-*/45.9935.37*+^294.7847.39-54.1620.071.4/--+-88.48-95.87-32.8976.15+*-,-6.57*-94.45*35.372^/+-20.0--54.16+76.15--32.89--95.8788.48-+47.3994.78+45.99/53.43,True
35.15-45.98-3.662.6480.8537.83-63.31-67.86-7.11-66.1687.13-46.52+^1---+^2-//++*/84.26,1^+-46.52/87.13--66.16--7.112^+-67.86^-63.31/37.83/80.85+62.64+-3.6*-45.98//35.15,False
96.0-17.58-84.32-20.044.77+^2/--^2+9.53*-76.99-++^-54.39-92.18-1+-0.52-48.34/,2^+44.77/-20.0--84.322^--17.58--76.99--92.18-54.391^++-49.32/-48.34-0.52+9.53+96.0,True
37.23-4.59-17.4-34.2249.03+-^1*++^241.3420.3^19.77*/-^1/-9.7127.23-73.13++,+49.031^--34.22*-17.4+^2^**/-36.861^-20.3+-73.13+27.23-9.71/41.34+37.23,True
49.36-77.89-69.32-85.5151.0797.7986.22*////-^1/-99.03+**/-43.35-97.65-37.18*+^210.42,*86.22/97.79/51.07/-85.51/-69.321^--77.89*-64.77*-37.182^+-97.65-43.35/10.42*-99.03/49.36,True
7.8-77.36-++*-4.64-45.16-20.44+//-78.1820.185.01/---3.43+37.8-14.42--45.1599.71-*/*,--77.36+-20.44/-45.16/-4.64-61.74+/5.01-20.18-99.71*-45.15/-95.82*-14.4237.8+-3.43--78.18+7.8,False
83.7173.5-62.282.0111.11-13.9+--^2*+^2-^171.2538.87-56.0698.44**+^2+65.0,+-13.9-11.112^-2.01*-62.282^+73.51^*98.44*-56.062^+38.8765.0++-83.71,True
-56.33-39.778.09-59.0-86.5792.5820.815.06-85.63-61.54-*-/-*-/+/13.03-97.67**-74.52-35.35-95.32/*,--61.54*-85.63-15.06/20.8-92.58*-86.57--59.0/78.09/-39.7*-97.67/-95.32*-35.35-74.52*13.03*-56.33,False
79.12-3.639.769.6921.1143.2-76.994.66-18.52*+*-71.6267.84-53.75+/-54.680.43*++^1--+//,*-18.52**-54.6/+-53.75+67.84-71.62*+4.661^+-76.99-43.2-21.11+9.69/39.76--3.679.12,True
56.29-61.85-74.4-99.28-60.7516.19-38.4858.5415.84--*+^1//*+*^44.71-41.98+^-82.741^2,-15.84-58.54*-38.481^+16.19/-60.75/-99.28*-74.42^+-41.9844.711^*+-61.852^56.29,False
-6.2345.28-81.19*+^2-^2-96.29-67.28-73.29+++-30.7939.5-90.0-8.68-28.6222.52-+^2+/*,*-81.192^+45.282^+-73.29+-67.28-22.522^+-28.62+-8.68/-90.0*39.5-30.79+-96.29--6.23,True
2.5187.998.56*-^2+-11.8663.59-7.81-44.45-25.83-6.3813.21-85.6930.03//-^2/+/+*-,*8.562^--/30.03/85.6985.92^-35.39/13.21+-6.38/-25.83+-44.45*-7.81-63.59-11.86+2.51,False
85.11-89.39--96.7153.97-35.68-23.5422.9663.42/-/*-+^2+^2*--37.07-65.53-4.292.15+*-,/63.42-22.96/-23.54*-35.68-53.972^+-96.712^+-28.88*-89.39+2.15*-4.29--65.53-37.07-85.11,True
80.55-26.87/+-37.92-53.5296.87-17.1-80.67-28.09+///++^2-18.0559.9340.3139.17-^2-*,/-26.87+-28.09/-/19.25/-17.1+96.872^+-53.522^-39.17*40.31*59.9318.05--37.92+80.55,False
-32.37-61.5254.34-72.6963.11-90.79-73.145.83-++*64.56-6.94-21.7599.634.38-27.33*//*--^1/^+,-45.83+-73.1*-27.33/34.38/99.6*-21.75--6.9464.56*+-90.791^-63.11/-72.69+54.34+-61.52-32.37,False
-30.57-68.7924.31-78.93-0.24-62.55-79.91-93.8277.87-16.61*+^2-^1-*/--*-+181.01-87.04/,*-16.612^+77.871^-/--79.91**/-0.24--78.93-24.31*-68.791^/-87.0481.01--30.57,True
-38.5541.58-57.84+-^1+-8.85+^231.45-98.1381.42-^2-*-91.32-18.25-85.91-25.08+^2/+,+-57.841^-41.582^2^-81.42--98.132^+-25.08/-85.91+-18.25-*31.45+-8.85+-38.55,True
^-37.0778.76-83.95-24.77-47.92-82.8531.8136.63-33.31-3.93-4.93-45.9167.64-*/+^1-**---/*-,-67.64*-45.91/-4.931^+-3.93--33.31*36.63*31.81--82.85--47.92--24.77/-83.95*78.76--37.0777.75,True
-25.0519.5834.0850.3740.52-64.2364.75-85.1279.2928.88-20.26-12.7-40.11-28.4/-^2++/*/+/-*+-,/-28.42^--40.11+-12.7+-20.26/28.88*79.29--85.12+64.75/-64.23-40.52*50.37+/-19.58-25.05,False
17.85-29.5753.65-73.9362.9985.22-22.5993.28-41.44/**+/+^1-^2+*65.4272.98++-^2,/-41.44*93.28*-22.59+85.22/62.991^+-73.932^-53.65+-29.57+94.82^-72.9865.42*17.85,False
-10.9669.14-49.1351.6895.0235.04-96.69-28.8799.57-/++-51.9496.59-82.98+^2*-^2///-^2,-99.57/-28.872^+-82.98*96.59-51.94++-96.692^-35.04/95.02/51.68/-49.132^+69.14-,True
+88.3550.2766.91-1.47-42.32-61.36-*/+-/21.2812.79-58.29*+--^212.2318.74++91.73^2,*-61.36*-42.32/-1.47+66.91*-58.29++21.28/-50.27-88.352^+18.742^91.73+12.23-78.18,False
-52.12-79.81-11.09-57.86-55.48-10.6872.9543.7389.6//-+/+++^2*-85.59-94.54-28.90.19-++^1,/89.6/43.73-72.95+-10.68/-55.48+-57.86+-11.092^+-79.81-0.19+-28.9+-94.541^-85.59*-52.12,True
-60.9670.13-10.3768.91-39.05-1.2693.417.5/+++^1--++^1-83.3683.0285.91-56.55-++^1,/7.5+93.41+-1.261^+-39.05-68.91--10.37+70.131^--56.55+85.911^+83.02-83.36+-60.96,True
67.11-71.32-45.9-19.2-27.587.54-31.0637.55-68.8310.2317.7588.0297.84-++^47.62*+/^1/*/+--,-97.84+88.022^+**10.23+-68.831^-37.55/-31.06*87.54/-27.5+-19.2--45.9--71.3267.11,False
-84.3174.815.3459.3647.4699.61-83.68+*+/***-57.47-82.93/-^2-54.1781.0797.9975.33-84.56+^-+,+-83.68+99.61+47.46/59.36*15.34/-82.93-57.47**74.82^+-84.56+75.33-97.99+81.07-54.17--84.31,True
-45.4618.0136.25-4.2948.7871.71-84.98-55.29-90.54-93.16--/*/+^1-+-+-5.8646.79-21.34+^2*,----90.54/-55.29*-84.98/71.711^+48.78--4.29+36.25-18.012^+-21.34*46.79-5.86+-45.46,True
-8.12-*-25.7614.5468.5933.09--^2++^1+/*-66.7-63.6137.31-79.7351.25/++^1+,-33.092^-68.59+14.541^+-25.76+69.22/38.89/51.25+-79.731^+37.31+-63.61-66.7*-8.12,False
27.61-23.84-83.2780.0679.07--^242.3286.87-16.66-/-17.6297.52-68.8*+/^1*///96.54-92.76+,2^*-68.8++-17.62/--16.661^+86.8742.32--79.07*80.06/-83.27+-92.7696.54//-23.84^,False
-82.06-67.2-85.14-10.98-98.0988.0974.45-83.343.69+93.25-35.959.27++*+^2*+*-*+-^1-,+9.27+-35.95*93.252^+-67.17*43.69+-83.3*74.45-88.09*-98.09+-10.981^--85.14--67.2-82.06,True
-68.7166.4317.64-37.76-22.912.1244.084.5-66.1369.99++^2-^2+-/1*-^1-^1+,+69.992^+-66.132^-4.5+44.081^-12.12*-22.91^--37.761^-17.64+66.43-68.71,False
81.6112.1279.9937.25-21.5199.0214.3627.76-86.9340.71-10.73*+^2+^2--^1*+/-*-61.85,*-10.732^+40.712^+-86.93-27.761^-14.36*99.02/-21.51/37.25-79.99*12.1261.85-81.61,True
97.54-29.22-83.0730.1940.13-44.8843.26-85.18-87.48-50.11-+22.9439.24+-/+^2/+^2**+^1,+39.2422.94+--50.11--87.48/-85.182^+43.26/-44.882^^40.13*30.19*-83.071^+-29.2297.54,True
40.29-91.58+-84.25//-7.58-8.32-33.33-96.73-/++31.556.82+^2**+^2-27.1777.2261.42*/,--96.73/-33.332^+56.8231.5++-8.32-7.58//-84.25*-16.28^-91.582^*61.42/77.22-27.17+40.29,False
82.872.04-16.1-39.81-74.949.54-68.6893.75-7.39-^2/+-^31.4-4.47-1+/-+2+//-72.6,2^--7.39/93.75--4.4731.41^-+-68.68+49.54^-74.92^--39.81+-16.1/2.04-72.6/82.87,False
+-75.85/-20.12--4.99-//-9.77-40.85-85.880.1186.17*+-+-^1+97.98-40.17-65.76+^1+,--4.99*86.17+0.11--85.88+-40.85-9.77//-11.71^--20.12+-0.54-75.851^+-65.76+-40.1797.98+,False
-8.0335.31/*11.22/82.71-49.79-91.9170.64**+-1+^2+-^276.94-55.92-77.3526.72///,/35.31*-47.041^+70.642^+-91.91+-49.792^/26.72///-55.9276.94-82.71/11.22*-8.03,False
96.59-98.6384.8113.1370.11-63.5-71.62-6.3164.3856.8673.83-19.24-+^1/+*-*+^-44.06*-^1+,--19.241*+73.83/56.86+64.38*-6.31--71.62--63.52^+70.11*13.131^-84.81+-98.6396.59,False
-4.43-82.69-91.51-55.81-74.1291.01-94.23*/-^2+-+^-61.3781.69-14.4-34.33*/+^11-^1,*-94.23/91.012^--74.12+-55.81*-34.33/-14.4-7.35^+81.69-61.371^+^-91.511^+-82.69-4.43,False
-1.0125.77-87.02-94.01+19.14*/+73.96-16.81-15.07-75.0725.9-+^2+//*---48.03-31.41-73.0++,*19.14-25.92^+-75.07--15.07/-16.8173.96*/29.61/-94.01*-87.02-25.77+-73.0+-31.41-48.03--1.01,False
69.2138.9778.26+/-29.1856.01-64.4362.07++^1*--^2/-90.62-58.72-20.4//-61.878.55-^1,+62.071^+-64.43*56.01-29.18/+78.26+38.972^/-20.4/-58.72-90.621^---61.87/*69.21,True
-11.84-99.3146.82-7.11-95.35-85.37-74.3-^44.2/*-13.217.69*5.83-43.31-49.0523.9+^1/*++--*,1^*7.69-13.211^+23.9/-49.05*-43.315.83*/--74.3+-85.37+-95.35--7.11-46.82*-99.31-11.84,False
-38.85-70.1243.82-85.112.691.3189.0-48.7878.4219.4149.0528.9788.43*-/*--2-*-*+^2-*,*88.43-28.97/49.05/19.412^-78.42--48.78*89.0-1.31*2.692^+-85.11-43.82*-70.12-38.85,False
72.33-90.61*/-50.17-^2-35.72-49.4633.62*+84.96-23.2621.4972.52-74.5231.4481.41-*-/++^1,*-90.612^*33.62-81.41*31.44--74.52/72.52+21.491^+-23.2684.96+49.46--35.72--50.17/72.33,True
-68.2445.633.5967.56-2.9629.951.25-72.92-80.96-18.46+^-53.14-70.78-/11*+*/*/-^2+*,1^--70.78-53.141^+*-18.46+-80.96*-72.92/51.25*29.9/-2.962^-67.56+3.59*45.63-68.24,False
40.61-20.06*-0.6-95.5*+^1/-^1/7.9114.874.69-93.2155.93-10.3974.71+/-^1+**,*-95.51^+-0.6/-93.311+--20.06+74.71/-10.391^-55.93+-93.21*74.69*14.87.91/40.61,True
9.45--58.4-55.8275.62-30.7269.77-76.5868.4739.8985.58--^1-^1+^2.49+^2+*-*+,-85.581^-39.891^-68.471^+-76.582^+69.77+-30.72*75.62--55.82*-58.4+-78.729.45,False
5.0389.2779.6384.47/*/30.175.4612.85-78.02-37.18*-*+*59.04-22.13-11.52-*/--20.28-66.66-26.07+*,+84.47*-37.18--78.02*12.85--11.52*-22.1359.04*+75.4630.1/*79.63/89.27+-26.07*-66.66-20.28+5.03,False
-10.2984.447.8451.369.7775.75-77.65-^2++-2.4974.867.37-94.84-24.94//-^1+^1/++-,2^--77.65/-24.94/-94.841^-7.371^+74.86-2.49++75.75/9.77+51.36+47.84-84.4-10.29,True
12.5373.333.03-92.58-4.52-68.7884.0492.3458.4-46.7828.27-27.67+**++++^2/+^1//--41.0,+-27.67*28.27*-46.78/58.4+92.34+84.042^+-68.78/-4.521^+-92.58+33.03/*-41.0-12.53,True
49.06-89.87-5.7534.134.3787.03-41.53-90.42-2.6138.17*-+**-22.13-87.320.94*/-//-^2+^1,*38.17--2.61+-90.42^20.94/-87.3-22.13**-41.53-87.03/34.37/34.12^--5.75+-89.871^49.06,True
17.26-5.946.07*-38.47-63.9938.6840.73-43.14-76.94-77.11-73.14-59.17*+-^^1++^2/++**/,*-59.17+-73.14--77.111^+-76.94+-43.142^+40.73/38.68+-63.99+-38.47*-2.05*46.07/-5.917.26,False
-47.12-5.95-58.5655.83-45.08-6.38+8.49-1.15/*41.219.14-78.6343.01-82.93*/--+^2++^2++,*-82.93/43.01--78.63-19.14^//-1.158.49+2^+-6.38+-45.082^+55.83+-58.56+-5.95-47.12,False
-30.34+-49.04+81.2764.7916.21/*+20.76-70.26-21.9994.82-66.56-87.95+/-79.42-86.93*/+--^2/,//*64.79*-86.93/79.4265.57/+-87.95+-66.56-94.822^--21.99/-70.2620.76+81.27+-49.04+-30.34,True
29.2-3.81-57.13-74.95-42.88--+*1*-89.07-22.41-11.45/*^-27.33-37.34/2+++-13.4514.37-9.19*+,--42.881^/-11.45*-22.41-89.07/-37.34-27.332^*+--74.95+-57.13+-3.81*-9.19+14.37-13.45+29.2,True
-49.07-56.4762.110.69-^1-^1+^1/81.7777.7542.98-66.67-^2/-+^158.51^1,1^-10.691^+62.11^+-56.472^-^/42.98-77.751^1^58.51+81.77/-49.07,True
-44.6589.88-83.78-19.32--8.1422.87-96.858.69.52/**-++^2*+-22.3124.1524.77+/19.83^-89.41,/9.52*58.6*-96.8-22.87-8.14-+-19.322^^-83.78*89.88+24.77/24.1522.31-2^19.83+-44.65,False
10.25-69.2992.8*/-72.38-65.75/**74.06/45.344.81-21.27-6.2564.08-**-82.04-86.7640.71//+--+,/-65.75-72.38/*92.8*-69.29-64.08/40.71/-86.76-82.04**-6.25+-21.27-4.81-45.34+-59.474.06*10.25,True
73.6152.5916.964.55-88.29-12.51-62.42-98.42++-96.44-50.56-33.45-45.6116.094.58*-*++^2+/-//+,-94.58-**-45.61+-33.452^+-50.56-96.44++-98.42+-62.42/-12.51--88.29/64.55/16.9+52.5973.61,True
-77.48-13.26-57.2877.62-30.89-65.74-35.672.0116.5690.5945.776.4271.35-0.27*-**+^1+-/-+-*^,*-0.27-71.35*76.42*45.71^+*+16.56-72.01/-35.6--65.74+-30.89-77.62*-57.28+-13.26-77.48,False
-61.136.49/6.7724.0*29.118.9545.1940.54-+^51.0268.1897.94/*1*--^2-^1/-,/97.94*68.1851.021^+-40.54*45.19-8.9529.11+2^-24.01^-6.77/-5.88-+-61.13,False
-51.82++^82.92-62.9489.86-92.2114.33-12.0547.29--++2+^1-*239.95-8.74+*+4.49*,^47.29--12.052^+14.331^+-92.21-89.86*-62.9482.92-51.22^+*4.49-91.43*+-8.7439.95+-51.82,False
/-92.54-71.15-22.88+/*4.79-37.87-/-50.36-27.24-28.1896.7374.0195.22/++/+--64.95-2.1-^2*,+-22.88/95.22+74.01^96.73/-28.182^--2.1-64.95-+*-50.36/--37.874.79*/-71.15*-92.5461.05,True
57.599.4358.31/---75.0848.9983.3-56.15-34.7828.79-20.3217.3957.86//*/*--+^15.78*61.135.2*,/58.31-9.43/57.86/17.39*-20.32/28.79*-34.78--56.15-83.32^+48.99*5.261.13*-75.08-57.59,True
-61.4414.32-51.042.59^-15.2375.12-24.4244.0791.14-67.95*++^2+*/-++*/-46.1668.7679.04**,*-67.95+91.142^+44.07+-24.42*+/-15.23--14.52+2.59+-51.04*14.32*79.04*68.76-46.16/-61.44,False
-2.491.15-40.73-15.3571.7644.27/-^1/+----36.37-2.6552.9821.5**//-44.55/-86.328.24+,/44.27-10.32^-71.76/-15.35+-40.73-+*21.5*52.98/2.65/39.12-36.37-+28.24-86.3/-44.55--2.49,True
26.9392.86-52.97-*7.24-75.44-21.059.65-47.8929.52-24.24-^2-/-^1-^2-^2-^2,2^--24.24-29.52/-47.891^-59.652^--21.02^--75.447.24*--52.97*92.862^26.93,True
-84.328.84-57.5520.0321.3372.52*++^1+^1-+^169.742.89+/12.85-75.9185.9386.4-+*,*72.52+21.331^+20.031^+-57.55-28.841^+2.89-86.4+85.93*-75.9112.85/69.74--,True
35.22-34.33-90.77-96.0173.66-60.1880.35/---^1++74.794.02-32.35-//-79.76-3.8985.74++^1,/80.35--60.18-73.661^--96.0190.77-+-34.33--32.35/4.02+85.741^+-3.89-79.76/74.79+35.22,True
43.4152.9217.2493.4-11.74-99.46-38.3933.02+/*/-+^-75.03-14.4527.5399.27+^31.75+/1+^1/,+33.02/-38.39*-99.46/-11.742^+99.27+27.53/-14.45-75.031^+-93.41^+*/52.9243.41,True
+-36.662.05*++77.99-35.78-6.2--85.41-79.7269.6744.02-****--+^35.8879.69-12.78+/1,*2.05+-36.66-44.02*69.67*-79.72*/*-42.69--6.2+-12.78/79.6935.881^+--35.7877.99+66.04,False
24.2/-20.11*65.65-95.8512.87--3.6430.19-*+60.7-^2-71.61-41.6429.6+++-73.931.38+^1,-30.193.64--12.87*-95.852^+29.61^+31.38-73.9/+-41.64-71.61-60.7+65.65*-20.11/24.2,False
0.53-6.7916.5-24.5855.64+/+-/59.78-40.8347.0214.6442.7283.06--**6.72+-87.77+++^1*,+55.64/-24.58+16.5-83.06^42.72+-87.77+41.216.72**14.641^+47.02*-40.83*/--6.790.53,False
1.5153.34-83.59-25.855.6480.69-35.7592.34-38.8-43.8/*+^1+---38.04-50.6657.55++/-^1+*,--43.8*-38.81^+92.34+-35.75+57.55+-50.66-38.04--80.69-55.641^--25.8+-83.59*53.341.51,False
80.9913.46-58.1938.5968.3520.884.58-85.743.9-50.42-72.03-95.7752.14+*/+^2/+*/*/-^1-,+52.14*-95.77/-72.032^+-50.42/43.9+-85.7*4.58/20.88*68.35/38.59-51.48^--58.19-13.4680.99,True
-72.3488.52-90.377.7813.5336.5228.7-13.49-58.72/-*+^2*+/-+^2-2.85-81.7181.5479.85*+*,/-58.72--13.49*28.72^+36.52*13.53+77.78/-90.3-88.522^*79.85+81.54*-81.71-2.85+-72.34,True
-22.22-16.9856.12/-^2-/-42.53-42.6976.34---5.61-42.83+94.7586.94+-/*+-80.3-10.2-^2,/56.122^--16.98-76.34--42.69-42.53/+86.94-94.75/-38.68*-42.8328.54^--10.2-80.3+-5.61--22.22,False
-26.04--75.845.0-74.04-58.98-22.2990.79/*+/*+*+69.39-69.55+--^44.0451.58+2-13.14^1,/90.79**+-58.98/-74.04*5.0+-75.84*74.43+-69.55/51.5844.042^-1^-13.14-69.39+-26.04,False
-74.3-76.7^29.5743.84-61.36-61.65-34.15-32.0-63.18-24.81-10.37+*-**----94.4136.8652.93++*//*,+-10.37*-24.81--63.18*-32.0*-34.15--61.65+++36.86-94.41---61.36*-/29.57/58.72*-76.7-74.3,False
71.79-36.55-57.87-27.2724.88-28.63-93.52-18.04-17.78+///71.94-79.8*-^2-^1*+/-91.9956.5/-,+-17.78/-18.04*-79.871.94/*-93.522^--28.631^-24.88*-27.27/56.5-91.99/+-57.87--36.5571.79,True
24.5-55.85--23.7541.8780.9414.1776.2471.1196.57*-16.85-91.98+/-^1/+-^1/+/-++,+-91.98/-16.851^--81.99/96.57+71.11-57.0^-+/14.17+80.94/41.87--23.75+46.7+-55.8524.5,False
18.033.8-52.6855.2645.3785.88-++*^-57.276.2833.75*+1*+^1++-^2-24.49-23.94-,+63.38*33.75+6.28-57.271^*+85.88*45.371^-55.26+^+3.82^--23.94-24.49-18.03,False
43.62-90.68-76.77-60.6412.74-67.6618.94-86.7662.61***-39.05-86.51-81.5359.5/+^2/^-*/++^2,*62.61/59.52^+-81.53/^-39.05**-86.76+18.94--67.66*12.74/-60.64+-76.77+-90.68-81.0^43.62,True
44.12+-91.0-74.8-49.73+-41.7+-72.27-37.09-0.48--^2*+^1/*-^1/+81.34-68.78*,--0.482^--37.09*-72.271^+-15.0/-41.7^-91.841^--49.73/-74.8*-68.7881.34+-91.0+44.12,False
*+^218.79-+^2-55.1348.6-61.94-5.16-11.738.5670.7572.26*/+^2*/-36.5996.34+/,2^2^-48.6-55.13+*72.26/70.752^+38.56+96.34//*-11.7/-5.1661.94-18.79+40.81,False
7.25-89.08-68.1281.023.327.3316.0745.9-74.2531.35-72.63/+^1+^2+^2*-/-/++-50.23,/-72.631^+31.352^+-74.252^+45.9*16.07-27.33/3.3-81.02/-68.12+-89.08-50.23+7.25,True
-55.3625.79-3.2493.03/-53.159.12*//+-^1--^1-87.58-47.54-1.01/*36.0416.23+^2/,*59.12/-53.1*-46.42+93.031^--3.24-25.7958.37^2^/16.2336.04*/-1.01/-47.54-87.58--55.36,False
-64.7181.68-90.952.656.15-11.3227.81/++/+-^1++-34.42-33.769.15**-60.8790.66-48.16-41.04/+-,/27.81+-11.32+56.15/52.6/-90.91^-81.68*69.15*-33.7-34.42+/-41.04+-48.16---60.87+-64.71,True
0.0671.1987.89-81.3-53.22-16.766.0464.6651.04-84.142.06+^1/+-^1/-+^1-+^1-,1^+2.06/-84.14+51.041^-64.66/66.04--16.71^+-53.22--81.31^+87.89/71.190.06,False
87.4850.66-44.6859.64-36.8774.37-66.24++^254.3617.21-23.82+71.6/+^2*+^1*-*-/,2^/71.62^+76.78*-23.821^+17.2154.36++-66.24*74.37--36.87*59.64--44.68/50.6687.48,False
-57.2891.08-66.0816.16-51.76-84.3-62.57+-96.59-90.6469.97-^2/+^1-/*/-^1++^1,-87.32^-69.97/-90.641^+-96.59-86.62/-62.57*-84.3/-51.761^-16.16+-66.081^+91.08-57.28,False
55.88-73.56-47.97-56.2+85.5646.1927.93-33.071.0699.42+^1+-+^2-//+^1/-28.1619.83+,1^+99.42+1.06--33.072^+27.93-46.1985.56+/-56.2/-47.971^+-73.56^19.83-28.16/55.88,False
86.2873.4358.3216.4659.6-34.04-99.32-43.3322.17-*+/13.22-6.78*/++--67.2-34.57-^1/-/78.81,-+*-43.33*-6.7813.22/+-99.32/-34.04+59.61^--34.57-67.2-+16.46/58.32-73.4378.81/86.28,False
+95.5584.53-49.98-46.12-93.9850.09-0.539.86-17.69-12.63-^1-+^2*/-+-^1*+^1,1^-^--17.692^+39.86*-0.5/50.09--93.98+-46.121^--49.98*84.531^+95.5575.08,False
78.92-50.8272.86-+*-62.3237.2119.49/71.51-15.931.78-24.16-16.84-52.93-+^1-/+-/*-^1,-72.86+-50.82--52.931^+-16.84--24.16/31.78+-15.9-71.51/14.21*19.491^-37.21-62.32*78.92,False
-18.942.68*-12.24-0.99-23.3173.0455.51+-*28.075.21-40.97-70.3-*-+-^1--^2-^1,+55.51--70.3*-40.97-75.21+*-73.04+-23.311^--0.99--12.242^--43.231^-42.68-18.9,True
74.21-9.81-71.36-91.0274.79-76.98-62.928.04-95.1-97.730.67-^-^1-^2*+-^2//+^2,-30.67+^1^--95.12^/28.04*-62.9+-76.982^-74.79/-91.02/-71.362^+-9.8174.21,True
-41.28*-75.55-25.63-92.78-90.4491.0949.4942.368.7-94.48-70.2819.51*/+^+//-//++^2^1,*19.51/-70.28+-94.48*68.7+42.3/49.49/91.09--90.44/-92.78/-25.63+-75.552^+92.841^-41.28,False
7.07-68.58-28.7877.43-57.21-7.84-99.4149.24-30.79-^1/*//*+*/15.55-85.29-81.68-87.78*+*^2,1^--30.79/49.24*-99.41///-57.21*77.43+-28.78*-68.58*-87.78+-81.68*-85.292^15.55/7.07,True
-15.2324.32-82.1328.14-62.0531.3654.08-28.73//**--/*-73.76-79.58*-66.1454.76-26.61--^2^2,/-28.73/54.08*31.36*-62.05-28.14--82.13/24.32*-79.58--26.612^-54.762^66.14--73.76*-15.23,True
9.9598.7655.489.5426.35-47.6916.1-+***--86.48-93.81*22.88-3.47-58.29*-++//43.67^1,-16.1+-47.69*26.35*9.54*55.48*-58.29--3.47+22.88+-5.52/-93.81^--98.761^43.67/9.95,True
-93.0418.4465.66-69.4980.45-16.24-29.38-48.7275.61**//-33.782.2581.89+^1/--++^2-/1,-75.61*-48.721^+81.89/2.25-33.78//-29.38--16.24-80.45+-69.492^+65.661^-18.44-93.04,False
^-38.31-72.63-99.4753.44-4.33-88.9464.37-59.06-94.68-98.6826.86-16.51-++^2--*+++-/-^2,--16.51/26.862^+-98.68--94.68--59.06*64.37*-88.94+-4.33+53.44--99.47/-72.63--38.312^-45.45,False
-83.71-58.72-+^292.6875.4-63.61-11.284.81-39.22//***-^-78.64//-29.66-13.53/+33.3138.88-,--58.722^/-39.22/4.81*-11.28*-63.61*75.4/-78.64/-13.53-38.8833.31+-29.66/-55.56--+-83.71,True
-79.767.1333.73-55.7511.1587.8-4.1968.54-92.5927.57-8.2853.3262.58-4.24+-+/*--++/-+^2+,+-4.24+/+53.32/-8.28*27.57--92.59-68.54+-4.19+87.8/11.15--55.752^+33.73+67.13-79.7,True
12.19-68.86-44.0464.22*/-/3.56-41.48-90.1-+^1+60.51-86.5110.6751.79-62.01-26.86-51.54-*-/**,+64.22/-44.04--68.86--90.11^+-41.48--51.54*---62.01/51.79*10.67*-86.5160.51+3.56/12.19,True
-5.462.56-81.16-4.36-73.819.9-/+*-64.14-0.09-25.18-*-^2+^1--6.84-91.77-34.5-94.37+--,-19.9/-73.8--25.18*-0.09-64.14*+-4.362^--81.161^+2.56+/--34.5--91.77-6.84--5.46,True
-62.94-41.78-69.470.2186.64-51.6125.06-/**-/-^1-84.03-47.662.87-17.02-15.5389.6545.47--+-+-,-25.06/-51.61*86.64*70.21--69.4/-41.781^-45.47-89.65+-15.53--17.02+*--47.6/--62.94,True
70.38-57.8556.69-+/^-88.53.6137.84+^2-1/80.3-37.952.2-76.69-14.22-48.51+/--+^1,-56.692^+37.84-3.61-88.585.08^/+-57.85+-48.51/-14.22--76.69-52.21^+-37.980.3/70.38,False
-94.63+-14.77-98.75+^2/*+50.71-45.14-14.2496.3699.77-^1-/80.5112.4246.43+++^2/,2^+-98.75/-14.77*^1^-99.77+46.43+12.4280.51/-96.362^+-14.24/-45.1450.71+-94.63,False
-25.8720.3449.87-51.50.94-50.95/-*41.19-70.4128.7350.5754.41++-/+-^15.66*+-21.04/-27.061.71/,+-50.95+54.41/50.57-28.73/-70.4141.19*-0.94+-51.52^-49.87*20.34/1.71-27.06/-21.04+-25.87,False
8.16-98.21-37.8-12.5783.59-3.5280.0549.32-49.9144.4467.5444.6229.27**^/+^2-//-/-^1*,*29.27*44.62+*/44.442^/-49.91-49.32/80.05/-3.52-83.59/-12.571^--37.8*-98.218.16,False
60.8524.23-^1/21.5252.01-8.24-74.680.56-25.79-32.32-18.0744.47^-^2+*+^1*/*^2,1^-24.23*44.472^--18.07+-32.32*-25.791^+80.56*-74.6/-8.24*52.012^21.52/60.85,True
57.9366.75-49.32-87.027.6-52.14+-*-21.57-0.92-37.96+/-^2/*+^160.8*42.79-65.22+^2,+-52.14+-37.96/-0.92-21.57*-27.62^--87.0/-49.32*66.751^+/2^42.79*60.8-57.93,True
-48.5978.6312.09-38.4598.91*-56.55-71.5753.93-**+*/-/44.1682.04-8.27-45.9/*+-34.3433.3-47.93+*,-53.93*-71.57-56.55+*98.91+-38.45*12.09/78.63/-45.9*-8.27+82.0444.16+-47.93*33.3-34.34/--48.59,True
97.06-53.89-69.9179.13-72.2471.88-42.3/*+-+-*^-15.2-84.32-1/-98.03-63.46-30.8559.56-38.77*++,/-42.3*71.88+-72.24-79.13--84.32-15.21^*--63.46-98.03*-38.77*59.5630.85/-+-69.91+*97.06,False
-71.19/5.47-43.45--+^2^-3.8458.0*2-51.93.92-41.9156.8379.52.48*+^2-++^1,/-43.452^*58.0-3.8472.74^+*2.482^+79.5-56.83+-41.911^+3.92-51.9--/-71.19,False
-56.1829.4993.7-//0.6155.12---85.6366.98-18.9783.6561.7742.24-+*-^2*+^1-93.244.17*,-93.7-42.24+61.77*83.652^--18.97*66.98-85.63--55.120.61//29.491^*44.17*+-56.18,True
-96.411.3197.0246.48-61.51-+--^81.59-51.378.61-67.4356.56++/-2+^1+44.96-^2-95.21,--61.51+46.48*56.56+-67.43-8.61--51.3781.592^--97.021^+11.312^-95.21-44.96/-96.4,False
-36.01-52.75-63.8937.771.3298.95-75.21-77.38-79.42//*//-^2-^1**31.5159.75-79.21-+^2,/-79.42/-77.38*-75.21/98.95/71.322^-/1^--63.89*-52.75--79.21+59.752^31.51*-36.01,True
90.97-69.0398.34-28.06+21.2540.7772.5853.98*--^1+*1/-/66.7780.72-10.46-17.28/+^1*,*53.98-72.581+-40.7721.25+1^+-28.06/98.34--69.03/-17.281^+-10.46*80.7266.77/90.97,False
-0.9918.34+^2/-91.0-12.5745.613.93-18.74-5.93*/*+*-*88.41-53.351.3-52.09-++1-,2^+18.34*-5.93/-18.74*3.93+45.61*-12.57-91.0--52.091^+1.3--53.3588.41*-35.27/-0.99,False
48.4458.89-69.66*/*25.0992.7614.61-69.15**-/-0.4692.46-91.18-72.53+*++/269.867.81+++,*-69.66/58.89*-69.15*14.61+-72.53*-91.18+92.46-0.46/-92.762^+35.93+67.8169.8+25.09*48.44,False
-29.99-29.6869.3---18.1212.8267.35-50.65-95.2786.85*/+-//-30.9529.8282.12-77.07--+/50.242.46-,-69.3--29.68*86.85/-95.27+-50.65-67.35/12.82--77.07-82.12+29.82-42.4650.2/-30.95/18.12--29.99,True
0.8567.86-10.3656.7-36.1698.9195.59.9162.4834.082.5834.5178.53-/-*++-^2+/*/+^1,-78.53/34.51-2.58*34.08+62.48+9.912^-95.5+98.91*-36.16*56.7/-10.36+67.861^0.85,True
-86.4816.24-80.5355.3887.5823.37-65.99-54.89-4.050.1432.87-79.14-36.89-22.29-11.7*+++***+-*-/-+,*-11.7+-22.29+-36.89+-79.14*32.87-0.14*-4.05+-54.89--65.99*23.37-87.58/55.38--80.53+16.24-86.48,False
87.8197.99-60.42+-+^23.07/-9.7410.77*-^2-98.95+-^-32.0139.81-5.595.4*+/119.94,+-60.42-97.992^*10.77-22.71^*5.4+-5.59/39.81-32.011^-19.94+-98.95--9.74/3.07+87.81,True
58.1497.1394.59-40.48/39.66-3.41//+/*-*/-52.43-30.19-18.95+/37.9-48.63-99.83*-/-71.33-92.17+,/-3.41-39.66+-33.94//*94.59-97.13+-18.95/-30.19-52.43/*-99.83--48.63+-92.17-71.33/37.9/58.14,False
-73.27-57.5618.81+---88.06-72.52-88.541.6850.6347.51*+-54.6-98.52.0115.8578.16-93.88-*+***/+,+18.81--57.56*47.51--93.88*78.16/15.85*2.01*-98.554.6-+50.63/1.68/-88.54+-72.52-88.06--73.27,False
-15.12-62.08-99.6333.2153.143.0926.95-43.0579.94/-+/-74.034.3265.89+//+80.2898.7914.69*//+-/,/79.94--43.05+65.89/4.32-74.03/+26.95*14.69/98.7980.28++3.09/53.14+33.21--99.63/-62.08^,False
-6.7448.9760.09/-35.68-92.4978.2689.02-46.4483.86--+/-^1-*+^2/+-42.7541.74-38.88*-,-83.86--46.44+89.02/78.261^--92.49--35.68*-77.592^+60.09*48.97*-38.88-41.74-42.75+-6.74,True
-32.93-53.5-90.4-17.8-94.129.3325.11/**+^1--*^71.53-38.6246.2121.8923.0448.92+*-+*1,/25.11*29.33*-94.11^*-17.8--90.4+48.92*23.04-21.89+46.21*-38.6271.531^*--53.5-32.93,True
-32.88-82.48/+^1-22.8875.838.79-2.5352.79++*-6.75-65.77/-32.97/*-^1-^-94.29-^1,/-82.4865.09^+52.79/-32.97*-95.741^--65.77-6.75*+-2.531^-38.791^-75.8-22.88+-32.88,False
50.96+--55.47-3.01*/59.62-98.3282.0-85.99++/37.86-22.72+/-88.63-52.59-+70.44-10.86+^2^1,--3.01-55.47-+-85.99+82.0/-98.3259.62+-22.72--52.592^+-10.861^70.44+-88.63/37.86/+50.96,False
48.48+30.574.2518.3820.9342.3997.11-34.21-19.94-66.78-27.9477.24*-//**+*+^1/*-^2,*77.24--27.94/-66.78/-19.94*-34.21*97.11+42.39*20.931^+18.38/4.25*30.572^--94.948.48,False
39.82-53.31-42.81-44.0476.0945.666.62-32.0513.942.3-/-^1+-+^1--+**-66.36.41-,-42.3*13.91^--32.05+6.62-45.661^+76.09--44.04*42.81+83.05-6.41-66.3**-53.3139.82,False
3.0691.08-72.42-3.111.3246.88-50.33-*-74.0719.97*71.8648.259.34-53.77+*+-/*+^1+^2*,+19.97-+-53.77*59.34-48.271.86*---50.33/46.88*1.321^+-3.112^+-72.42*91.083.06,False
2.68.93-88.5415.25-70.3458.4289.3-20.578.31-1.3482.33-66.01-55.17+-*-^2*-/+/-++^1,+-55.17--66.01*82.332^*-1.34*8.31--20.57/89.3+58.42/-70.34-15.25+-88.54+8.931^2.6,True
95.96-17.97-74.6+^-52.127.73-71.479.4332.3591.92-*/82.5+*/**2-^1+^1^1,-91.92*-31.1582.5/*32.35/9.43*-71.47*7.73-52.122^+1^--74.61^+-17.971^95.96,False
45.193.3230.5543.34-93.2634.78-77.0^45.3868.89-3.37-35.37+^2/+-/*-^1-^1---,2^+-35.37/-3.37+68.89-45.38/-63.33/-77.01^-34.781^--93.26-43.34-30.55-3.3245.19,False
9.3861.57/-20.6713.42//-73.1464.7164.66-14.9429.06-73.1610.88-77.83-/--+-^1-^2^2,/61.57/13.42--77.83/10.88--73.16-29.06+-14.941^-64.662^-64.712^-73.14/20.67-9.38,True
62.23-67.26-*-38.8145.3946.7111.4438.93-19.8452.0218.9740.29-26.19---*+/**-/18.0340.29-88.18+*,--67.26--26.19-40.29-18.97*52.02+-19.84/**11.44*46.71--88.18*40.2918.03/-45.39-38.81*62.23,True
80.46-70.6222.65-21.370.9327.52-+/^-59.1-85.15-1-45.84-67.27+^1/*-/+-18.86-^1-5.04,--85.15-59.11-/1^+-67.27-45.84+-//0.93*-21.37-22.65/-70.621^-5.04--18.86+80.46,False
-13.6369.22/*-68.29-78.475.2351.17-49.99/8.75-74.1564.59**---+^1/-^2*-24.38-89.93/,/69.22*64.59/-74.15-8.75--53.68--49.991^+51.17/5.232^--78.47/-89.93-24.38*-68.29*-13.63,False
-1.87-63.29-94.9591.89-46.1396.71-74.06-80.5674.03+*+/+-+++/83.2489.3745.87-+6.29-82.26-22.62+-,+74.03*-80.56+-74.06/96.71+-46.13-91.89+-94.95+-63.29-45.87+89.3783.24/+-22.62--82.26-+-1.87,True
12.35-73.0-55.36-99.29+79.15-93.29-95.37-15.46-0.2136.396.137.9719.04+^2-***-/++--+-,2^+19.04-37.97*6.1*^*-0.21--15.46/-95.37+-93.29+79.15-6.01--99.29+-55.36--73.012.35,True
-43.01-51.32-24.8857.36-51.9-41.21^96.88-37.83**--*/++^125.2257.56-19.44+^2/+^2,*-37.83*96.88-69.14*-41.21*-51.9/57.361^2^+-19.44/57.5625.22++-24.882^+-51.32-43.01,False
-44.817.28-88.05-46.7-3.0760.72-59.78+-62.8585.75-28.662.93-30.6692.97-48.64**--+/+-*-+///,*-48.64*92.97--30.66-2.93+-28.66/85.75^-62.85--1.28*-59.78-60.72+-3.07/-46.7/-88.05/7.28-44.81,False
75.4444.35-18.89-0.0797.38-21.0669.72-54.89*-//*+^1*/-6.96--40.73-41.1814.5623.16-^1/*,*-54.89-69.72/-21.06-97.38*/1^+-18.89*44.351^-23.16/14.56*-41.18-40.73--6.96/+,True
65.77/51.6555.62-19.23-95.7-66.5754.39-36.74-80.0611.33-42.61-85.2/*//**+^2/-*+^1+,/-85.2*-42.61/11.33/-80.06*-36.74*54.39-65.79^+-66.57/-95.7--19.23*55.621^+51.65+94.96+,True
+/-25.876.53-46.14-46.4721.0530.2940.39-62.97+/*+--^2/+++51.36*-71.736.21+^1,+-62.97/40.39*30.29+21.05--46.472^--46.14/6.53+-25.87/-70.941^+36.21-71.7*51.36+48.35,False
-4.25-29.42+^1*30.05-25.95^68.9292.73-43.54*--^1-+^2/-69.595.43-57.27/*^1,1/*-43.54-92.731^-68.92--4.532^+-25.9530.05*+-29.42/-57.27-5.431^-69.59/-4.25,False
-94.4792.5592.2619.2756.0-86.46/*-//-35.49-66.58-20.25*/83.16-6.98-1.06+^^1--22.419.35-,/-86.46*56.0-19.27/92.26/92.55+-1.061^--6.9883.16/*-20.25--66.58-+22.41-35.49--94.47,False
-64.5685.38-^13.26-85.14-51.6**2--^1-27.37-75.99-62.25-84.22-/+--56.88-1.6294.0356.05--/,*-51.6*-85.1413.262^--85.381^--84.22/-62.25+-75.99-56.05-*/-1.62-56.88--27.37--64.56,True
20.16-29.5232.81-55.71-18.49-68.0278.26-62.83-78.37***++-^2/^^1--73.46-81.42+^2^1,*-78.37*-62.83*78.26+-68.02+-18.492^--55.71/32.811^--29.522^+-81.421^-73.46-20.16,True
64.68-78.65-36.35-74.8344.4789.7380.26+-*11.0416.79-78.9121.379.03+^2+^2/-*^1**+,+80.262^+*2^+21.3/-78.91-16.7911.04*-89.731^+44.47*-74.83*-36.35+-78.6564.68,True
75.75-86.6+/96.34-18.59-75.851.3489.35-67.1622.95-50.45+--^1**-*29.17-50.2247.12-*+^1,+-50.45---18.26^--67.16*89.35*51.34--75.8*-18.5996.34-47.12*-50.2229.17/+1^+-86.675.75,True
-79.97-7.97-2.59-9.9-94.0284.0627.7549.2-21.4148.47-+*+-^1*+^1-+83.2-56.9145.22-/*,-48.47+-21.41*49.2*27.751^-84.06*-94.021^+-9.9-45.22/-56.9183.2+--2.59*-7.97-79.97,True
-5.61*47.01-63.3128.8-26.446.49*/+^2+*^70.8710.87-65.71/-97.28-64.89-84.78-/*/+/1,*6.49/-26.442^+28.8--84.78/-64.89*-97.28/-63.12+-65.71/10.8770.871^*+-63.3147.01*-5.61,True
56.18-21.71-94.3228.58-51.9230.39-76.04*+/93.03-58.993.74-91.37/+*//-11.69-55.62-45.85++/++^2,*-76.04/-91.37+3.74*-58.9993.03//++-45.85+-55.62-11.69//-51.92/28.58+-94.32--21.712^56.18,False
-86.29-11.05-29.59-50.68/*-/-72.08-54.09-49.7641.52-28.1844.66+-/++/41.235.0326.41-60.06//*^2,/-50.68*-29.59--11.05+44.66--28.18/41.52+-49.76+-54.09/-60.06/26.41*5.032^41.23/-72.08/-86.29,True
7.5-16.19-20.21-31.5947.5998.04-+*8.6273.312.27-68.047.74**++^1//**6.362.03+^1,-98.04*7.74*-68.04+12.271^+73.38.62*+47.59/-31.59/-20.21*-16.19+2.031^6.36*7.5,True
94.2516.993.794.77-^1-^1--^233.21/-75.62-19.58-19.58+-+^1-89.5817.3129.12+-,1^-4.771^-3.79-16.992^/-19.58--19.581^+29.12-17.31-89.58+-75.62/33.21-94.25,False
-65.49-96.8-46.35-85.945.0837.31-11.91-85.61*+-^-30.9324.3176.53+31.4/+-+^22*-+//,*-85.61/*+29.18-76.532^+24.31-30.932^-+-11.91*37.31-5.08+-85.94/-46.35/-96.8-65.49,True
-66.02-32.1827.3-87.91-53.19-45.0818.38-^-17.61*-^1----31.2150.1517.5969.4-82.53-26.3*-/-+,2^-18.38*-45.081^--53.19--87.91-27.3--32.18*-26.3--82.53/69.4-17.59+50.1531.21--66.02,True
43.49^-8.2824.45-7.9720.884.2685.8622.3-49.6385.96/--+*67.66-74.97-68.51*-***+/-^1,/85.96--49.63-22.3*-68.51--74.9767.66*+85.86*84.26*/*-7.97+24.45/-8.281^--78.9443.49,False
2.18^-27.84-78.49-11.9175.79-24.71-56.78-82.03*+^1//-^1-/+*-85.53-6.3480.81+^2/,*-82.0331.51^+-56.78/-24.71/75.791^--11.91--78.49/-27.842^+80.81/-6.34-85.53*+-29.762.18,True
-29.5447.43-16.2-25.07-62.76-36.51-4.71-13.52*-19.862.72++^1+-^1+^----^1-65.95,+2.721^+-19.86+18.231/--13.52+-4.71*-36.51--62.76--25.07--16.21^-47.4365.95--29.54,False
-32.7860.33-80.97-64.83-93.36-47.2421.03-1.71-58.5728.84-42.02-15.56-46.7-*-^2*-+-*+*/+*,--46.7*-15.562*--42.02/28.84--58.57+1.71-33.69*21.03+-47.24*-93.36/-64.83+-80.97*60.33-32.78,False
-61.91-45.48-60.24-14.92+45.84-9.9-24.93-43.8670.14+^1*71.79-6.21+++/---^1-^2/,1^+-6.21^*+70.14+-43.86+-24.93+-9.9-45.84-67.991^--14.922^--60.24/-45.48-61.91,False
-88.6881.42-12.06-91.95-66.2654.9742.3781.5552.3284.69*+-++*+///15.5619.28-*-55.39-69.95/^2,*84.69+52.32-81.55+42.37+54.97*-66.26+-91.95/-12.06/81.42-19.28/-69.952^-55.39*15.56/+,True
17.74-63.6475.83-44.027.864.77**^-65.0474.16*/+*-22.6-43.8260.7127.69/-^1/+/++/,*74.16/-65.04-3.08+/27.691^-60.71/-43.82-22.6*+4.98+4.77/7.86+-44.02+75.83/-63.6417.74,False
-87.78-4.58-19.65-46.8923.4624.24//-/-^2/-41.1687.57-78.77+^2-^2+-87.44-57.6726.63--,/24.24/23.46--46.89+-19.652---4.5861.1^+-78.772^-87.57-26.63--57.67-87.44+-41.16/-87.78,False
47.830.5154.5180.8667.5671.53-/*-^1*/-61.2347.94-70.7326.9751.358.32+^2+*--^2,-^/67.56*80.861^-54.51*30.512^+8.32+51.35*26.97--70.732^-47.94-61.23/47.8,True
-35.378.6572.4573.5469.71+^1/52.9881.2882.09*-+*^-3.3661.1875.88+^1-2/*^1,1^*82.09-81.2852.98/+69.711^+75.88-61.18-3.362^*+73.54-72.45*8.651^-35.37,True
64.96-91.2-41.13-0.6624.17+/+^2*+-21.12-2.5336.2422.66+-**-16.1914.21-53.72-30.98-23.28--/*,+24.17/-0.662^+-41.13+22.66-^*-2.53-21.12/*-91.2--23.28--30.98/-53.72*14.21-16.19*64.96,False
-50.0222.8421.02-60.0498.53-45.6876.9-16.65-12.0676.33-31.39+**+-+**-*+^1^-36.1998.61-2,+-31.39*76.33*-12.06+-16.65-76.9+^*98.53*-60.04-21.021^-98.61-36.192^++22.84-50.02,True
11.7987.86-57.6581.96-49.3113.51*+/-/+^176.9478.5783.24-13.2247.489.61-+*/9.62-18.93-+*,*13.51+-49.31/81.96--57.65/87.861^-89.61+47.4--18.939.62/*-13.22+83.24*78.5776.94+11.79,True
-99.51-30.089.2616.43*-^2*/99.75-19.24*+^-96.89-25.63-81.9814.82-^2+^2-^21,*16.432^-89.26*-30.0*-19.242^-14.822^+-81.982^--25.63-96.891^+99.75/-99.51,True
14.7965.04-55.693.88-28.8690.982.91-98.08-58.3127.1991.83*//-2.045.42++/+-+^2---^1,*91.83+45.42-2.0//27.19+-58.31/-98.08+82.91-90.9-96.76^+-28.86-3.88*-55.691^-65.0414.79,False
47.56-88.270.2983.08-^1-/-^2-36.29/92.1326.8929.227.0270.16+*-^2--*--67.2,1^-83.08*70.29/-88.22^+70.16*27.022^-29.2-26.89-92.13*33.08-67.2--36.29-47.56,True
-54.11-40.3560.887.57--+*-67.98-16.33++77.9777.62-+44.18-19.42-33.6226.1371.77-^1/+/^2,-87.57-60.8+-40.35+--77.621^-71.77/26.13+-33.62/-19.422^^+77.97+-67.98*-54.11,True
90.662.8--34.5893.38-60.79-64.55-18.38++/*+-^2/-19.875.265.78+^1/-9.43-46.31/,-62.8+7.16/-18.38*-64.55+-60.792^-93.3847.82^+65.78/75.2/-46.319.43--19.8/34.58-90.6,True
76.645.22-34.3177.35-69.07++*-8.1418.6484.75-+*--^2^-37.03-5.49-73.6547.88*-^1--92.4,+-69.07-84.75+18.64-8.14*+77.35*-34.312^*47.881^--73.65/-5.49-37.031^--5.2276.64,False
47.71-49.98*26.97-57.91-64.49-^2-+^2++^79.66-42.4346.6992.1598.4645.78*/--/1/,2^--64.49--57.912^+26.97*45.78/98.46-92.15-46.69/-42.4379.661^++-24.77/-49.9847.71,True
64.4830.957.4621.07-96.5237.41-70.022.61-30.66-77.66***+/-16.41-78.9-85.91*+-+^1+*+*,*77.66*-85.05*-30.66*-85.91+-78.9-16.41/+2.61*-70.021^+37.41+-96.52*21.07+57.46*30.964.48,False
4.6738.37-17.97-63.4220.7493.5-63.9611.71-2.5536.58+^1+/****-/-/^28.4733.06*228.73,1^+36.58+-2.55/11.71--63.96*93.5*20.74*-63.42--17.97/38.37*33.0628.472^/28.73-4.67,True
-5.1396.08-90.9343.31-54.64^-63.53-85.6//-19.8932.06/*-++/*-76.27-18.9122.5750.52/++^1,/32.06-19.89//-85.6*-63.53--42.45+-54.64+43.31/-90.93+96.08/50.52+22.57+-18.911^76.27-/,False
-14.89-36.16-16.0499.1868.21+-+*-^137.6697.69-65.3559.9169.31-25.9961.04-^1*+^2*+-,+68.21-99.18+-16.04*-36.161^1^-61.04*-25.992^+69.31-59.91+-65.35-97.6937.66--14.89,False
40.26-92.4398.3459.62+40.3817.0748.85+/--**11.51-44.0691.8812.37-68.4140.91-13.38+*-+/-+24.83,+48.85+17.0740.38+-59.62-98.34*-92.43+-13.38*---68.41+12.37/91.88--44.0624.83+11.51*40.26,True
19.0380.51-18.04-57.34-*^-85.84-44.64-34.33-60.492.53-61.21/-^2-*-1-^*-41.6-88.81*^2,/-61.212^-92.53--60.4*-34.33/-44.64-85.841^*--57.34--18.04+80.51*-88.812^-41.6*19.03,False
-34.8514.43-5.72-9.72-72.49-38.59-70.43-3.3529.45/-*++^2-94.0362.6123.05-32.86//+/+^1/*,/29.45--3.35*-70.432^/-32.86/23.05+62.61-94.03++-38.59/^1^+-9.72--5.72*14.43-34.85,True
-0.82-31.9-14.194.12-30.4910.3236.29-76.9824.4672.8333.4^^1+--++^2+^1*+++90.49,1^+33.4+72.83-24.46--76.98+*2^+10.321^+-30.49*94.12+/+-31.990.49+-0.82,False
-17.38-60.41-7.07-11.7843.44-+*-80.32-5.0-0.85-^2//-*67.6698.0330.8191.6284.76+^1//*,-43.442^--0.85/-5.0-80.32*+-11.78/-7.07--60.411^+84.76/91.62/30.81*98.0367.66*-17.38,True
22.8472.38-20.9454.94+^-+^155.79-71.69/-31.3710.6233.36--^14.6860.1915.89-81.17--*2+,+54.94/-20.94-72.381^--81.17-15.89*60.1914.682^--33.36+10.62-31.37/71.69-55.79+22.84,True
*-52.4239.1552.47-65.77-3.2269.32-^1+^1--/*+-31.05-56.4141.6438.9795.6+*-^1*,1^-69.321^+-3.22--65.77-52.47/39.15*-52.42+95.6*38.971^-41.64*-56.41-31.05+92.9,True
-10.486.7373.9765.9982.78-72.78-^2-^1*---^170.35-15.6-47.5320.565.55-^1+/+,2^--72.781^-82.78*65.99-73.97-6.731^1^/5.55+20.56/-47.53+-15.670.35--10.48,True
-64.94-0.243.42-89.6232.44-82.951.3-71.89-32.989.97^+^1/-^-49.81*+^2*/---24.96-78.04/,+89.971^+*/-71.891^-51.3*-82.92^+32.44*-89.62/43.42/-78.04-24.96---0.2-64.94,False
-8.9491.97-90.1-77.6442.14-97.0515.6543.06-23.17-36.8377.349.590.2+-/-^1-*-+/^-/*-19.18,+0.2-9.59/77.341^--36.83-/*43.06-15.65+-97.05/42.14+-77.64--90.1/91.97-19.18*-8.94,True
83.61-49.7945.04-65.62-6.69---++-2.4430.87*-70.65-79.1552.6834.42-28.52-//++^1*-^2,--6.69--65.62-45.04--28.52/*/52.68+-79.151^+-70.65*59.062^-30.87+++-49.7983.61,False
-80.57-79.7524.78-0.42-10.5-78.87-13.9-*82.22-62.65-39.79-65.4289.3217.0-26.76/++*+^1+-++/-,/-26.76+17.0+89.32*-65.421^+-39.79+-62.6582.22*--13.9--78.87+-10.5+-0.42/24.78--79.75-80.57,True
2.5196.8242.5-37.21-49.32-72.36-23.54-+-+^1*++^2-70.2410.8865.5489.97-27.25-86.74*-*/*,--23.54+-72.36--49.321^+-37.21*42.5+96.822^*-86.74--27.25*89.97/65.54*10.88-70.24+2.51,True
-8.2739.64-95.910.8553.962.77-82.5215.3339.733.9626.4888.53-81.3+^2*/-^2*--+/-++,2^+-81.3*88.53/26.482^-3.96*^-15.33--82.52+62.77/53.9-10.85+-95.9+39.64-8.27,True
-84.27-65.71+^2*-64.583.013.2133.24*+/--31.44-10.71+--68.86-36.97-13.9847.3434.67-6.01+/-+*,2^+-65.71*33.24+13.21/3.0+-10.71+-6.01/34.67-47.34+-13.98*-36.97-68.86--31.44--64.58*-84.27,True
-35.42-60.0153.96-3.4275.27-21.93-41.5881.33+*/+++^1/-16.75-57.6344.12-34.39-^1*-^1+,+81.33*-41.58/-21.93+75.27+-3.421^1^--34.39*44.121^--57.63-16.75/+53.96+-60.01-35.42,True
35.12-39.63*+^194.65--50.98+/^85.9988.7447.96+*^28.3637.17/2-13.4843.7470.01+/,*-39.631^/37.1728.362^*+/-88.7485.991//+70.01/43.743.48+-50.98-94.65+35.12,False
45.7714.27-42.46-49.78-47.7426.86-65.062.3-5.629.9719.78-1.33+^2++-**+-/+^1-^-26.11,2^+-1.33+19.78+9.97--5.62*2.3*-65.06+26.86--47.74/-49.781^+-2^-14.2745.77,False
88.16-89.9440.69-45.24-18.08-64.59-94.1-96.91-26.721.0968.1268.4351.83-64.1/+^1+//*-*+/+//,/-64.11^+51.83+68.43/68.12/21.09*-26.7--96.91*-94.1+-64.59/-18.08+-45.24/40.69/-89.9488.16,True
70.34.070.8615.2831.3320.66-71.68-9.78++/-/*+^1*-76.1598.5844.48-82.59-11.32-60.3*-+**,+-9.78+-71.68/20.66-31.33/15.28*70.861^+4.0*-60.3*-11.32+-82.59*44.48*98.58-76.15*70.3,True
-25.31-12.2163.53.7534.2128.09-13.42++++54.6685.37+^1+^2+-^1+-58.21-93.28-88.33-*,+-13.42+28.091^+85.3754.66++34.212++3.75+63.51^--12.21-/*-93.28-58.21+-25.31,True
-31.67-4.31-78.54-60.48-40.26-98.72-99.1669.0321.37++-^2-^2+^2-*-97.9191.89+^1--,+21.37+69.032^--99.162^--98.722^++1^+91.89-97.91*--60.48--78.54--4.31-31.67,True
47.6850.82-29.92*-44.29-41.34-37.0849.19-46.9955.1427.8395.1975.27+*+*-*++47.23-26.8+^1+*/,+75.27*95.19+27.83*55.14--46.99-49.191^+-26.847.23+--37.08+-41.34-44.29**-29.92/50.8247.68,True
-92.5834.1921.69++^2/32.54-12.18-69.5596.34-10.0-23.4449.45-3.1979.595.29-1.53/-*/-////+,+21.692^+34.19/-1.53-95.29*79.5/-3.19-49.45+-23.44/-10.0/96.34/-69.55+-12.1832.54/-92.58,True
-96.24-88.14*-33.94-5.31-44.77-75.0140.0727.28-58.97-0.53-27.09-83.85-76.07//-*//-^1-+//,*-88.14/-76.07/-83.85--27.09*-0.53/-58.97/27.281^-40.07--75.01+44.77/-51.94/-5.3133.94--96.24,True
86.75-9.92-3.35*18.76-14.27-76.57+++++81.9297.69+^2*++-55.7616.321.44-96.43/-+/-51.72,+-76.57+^+18.762^+97.6981.92++78.38*-3.35+-9.92/-96.43-21.44+16.3-51.72/-55.76+86.75,True
81.03-44.97-58.51+-^1/-56.0251.72-44.6763.65-2.856.66-95.19/*+//53.5349.89++^2+--89.0,*-58.511^--44.97/-95.19*6.66+-2.85+49.8953.53//63.652^+-44.67+--89.0--56.02/81.03,True
24.37-40.59-+-2.9263.36-38.0130.1-56.71-88.1130.63-83.6+^2-+^2-11.6148.7728.69**++/**,--40.592^+-83.62^*28.69*48.77-11.61+-++-+-56.71/30.1*-38.01*63.36-2.92+24.37,True
71.64-33.92-75.07-82.1481.2978.1141.73/*+^2-+^74.9587.77/2+--^1-64.75/-27.6918.57*,/41.73*78.112^+81.29/87.7774.952-+--82.14+-75.07--33.921^*18.57-27.69/-64.75-71.64,True
79.36-47.43-24.6427.9-43.52*++-^-63.13+-20.24-62.49-75.56-*++^-13.75-53.0566.38/+245.9-3.45*,*-43.52+27.9+-24.642^--47.43--75.56*-62.49/66.38+-53.05-13.752^+*-3.4545.9+-20.24+79.36,False
-95.73-89.1-78.3680.42-49.73*+*/*^68.82*71.611.187.23+^2+-/-58.8-22.16+^1+-58.94,*-49.73+80.42*-78.36/-89.12^+7.23+1.181^+-22.16-58.8/-71.61+-39.4868.821^*-95.73,False
41.31-79.25--39.08-53.82-38.4891.3346.09*/*--^2**-97.98-59.0540.93-81.99-50.22+-*+^1,*46.09/91.33*-38.48--53.822^--39.08*-90.89^-79.25+-50.22--81.99*40.931^+-59.0597.98-41.31,True
42.653.9841.7460.91*39.2679.35-88.32-79.37-92.69++++/+--^1-47.5859.5-14.6731.02-91.91*/--,+*+-79.37+-88.32+79.3539.26**-+41.74-53.981^*-91.91/31.02--14.67-59.5-47.58-42.6,True
75.3742.6590.826.5618.0345.45+^1//+^1*42.17-44.04---7.83-6.56-3.78-^1+^1/,1^+45.45/18.03/6.561^1^--3.781^+-6.56-7.83*--44.0442.17*/90.82/42.6575.37,False
64.41-31.5614.04+21.75-1.179.69++-+-+^2-+^92.0143.2-50.37+-2-68.2743.93+^1,+79.69+-1.1-21.75+-51.14-14.042^+-31.56+-50.37-43.292.012^+1^+43.93-68.27-64.41,True
-28.03-71.1-96.065.12-56.83-/^-20.1-68.88*+^1+^21-+^2+-39.11-38.544.48-+,1^+8.722^+-68.88-20.11^*--56.83-65.122^+-96.0+-71.1-44.48+-38.539.11--28.03,False
58.43--72.7844.87-54.97**+-98.44-66.79+-48.5339.67-80.62-79.04-13.2545.9687.04***/+^1/^2,*+*44.87+-66.79*87.04*45.96*//-79.041^+-80.62/39.672^48.53--98.44+-72.78-58.43,True
-53.21-61.1350.23-^1*-^279.79+17.96+12.25-27.56-4.29-70.638.43-10.75+//-^1*^1,1^-50.23*-61.132*+-10.75/38.43/-70.61^--4.29*-27.561^12.25+17.96+79.79*-53.21,True
-71.24-48.48-^2/*88.060.02-34.48+-3.5713.14+-91.52-13.33*++--/+^2+58.02-31.53/,-91.42^--48.48*-13.33+-91.52+38.85-13.14--3.57/47.752^+-34.48+0.0288.06*/-31.5358.02/-71.24,False
-77.38-5.6587.943.69+94.38-48.87-92.81-90.08+-19.89-70.31+^1*+^1-^1/+*/*^1,1^+-70.31-19.89+*-90.081^+-92.811^^-48.87/94.38+-56.9-43.69/87.9*-5.651^-77.38,False
38.0293.43+/63.67-5.3585.8815.1924.9391.2-69.5614.8968.75+**25.6162.71-+^2-^1//-+,+93.43^68.75-62.7125.61**14.892^+-69.561^-91.2/24.93/15.19-85.88+-5.3563.67/38.02,True
64.450.3873.32-67.8*-25.37-20.21//*-/36.18-58.1-94.758.682.78-74.0-76.02-67.62-+*-^1*+-,/-20.21-25.37*+-67.8-73.32-0.38--67.62+-76.02*-74.01^-82.78*58.6+-94.7--58.136.18/64.45,False
-61.11-19.896.728.95-88.7577.4391.71-42.08--^53.38-53.87/1*--+^1/+/2-^247.03,/-53.8753.381^---42.08*91.71-77.43--88.751^+8.95/6.722^+-19.8990.77^47.03--61.11,True
-53.519.1424.2850.2420.76-40.24-37.4770.3522.9321.8+^2*41.81+92.54*-^2-+*++-//,2^*92.542^-97.0241.81*+21.8-*+70.35*-37.47+-40.24+20.76-50.24/24.28/9.14-53.51,True
94.4982.98-10.739.365.79-57.577.93-37.4594.4756.42-7.79/-76.19-98.34--**++^2*//^1+/,--98.34-76.19/--7.79*56.42*94.47+-37.452^+7.93*-57.57/65.791^+9.3+-10.73-82.9894.49,True
-36.36-47.166.34-34.15-32.086.22-73.5127.86-91.64-^1-^1+*///--56.63-62.43-40.22+*++,1^--91.641^-27.86+-73.51/86.22/-32.0/-34.15/66.34*25.27+-40.22+-62.4356.63---47.1-36.36,False
-29.64-24.492.9919.582.0441.6795.84-87.17/+^1***-^1++-26.47-74.150.51-^1-^1,/-87.171^+95.84*41.67-82.04*19.51^-92.99++1^-50.51--74.11^*+-29.64,False
-41.83-76.39-24.3989.2413.7268.08-82.09-71.35-53.27-^1*-+^2-*48.36-63.49-+^1/*^1,1^--53.27+-71.35--82.092^+68.08--63.4948.36*-13.721^+89.24/-24.39*-76.391^-41.83,True
87.2121.6374.0280.13+-51.12-40.81-3.7281.16--+^2*-+^1-/+62.27-90.65^13.02/**,-81.16--3.722^+-40.81*+--92.961^+80.13-74.02/21.63/13.02*0.84*-90.6562.27+87.21,False
-14.547.03-3.7965.47-58.1634.63-50.62-48.23-78.76-57.542.334.7/-^1/-*/-////+13.5^2,/4.71*-42.33/-57.5--78.76*-48.23/-50.62*34.63/-58.16/65.47/-3.79/47.032^13.5--14.5,True
-83.0946.17-80.97-70.2+*+/-59.9679.57-55.04-15.09++//29.54-89.39/--13.67-/+45.8273.29-32.15++,+-70.2*-80.97+46.17+-15.09+-55.04--89.3929.54//79.57/80.23+-32.15+73.2945.82+-13.67--59.96/-83.09,False
95.77-30.8-88.48-84.3978.8920.53-78.79-10.6747.1929.22-20.5392.13-63.57+^2+^1+/*+----+-,2^+-63.571^+92.13+-20.53/29.22-47.19+-10.67--78.79-20.53-78.89--84.39+-88.48--30.895.77,False
54.6267.6960.3261.0459.3670.45-^2-***-^1-8.9467.4284.58+^1/--39.53-80.53-^1,2^-70.45-59.36*61.04*60.32*67.691^1^/84.58/67.421^--80.53-39.53--8.94-54.62,True
-26.7663.752.31-88.38-3.8920.89-64.02-15.8-78.2181.32-*++--^^92.86+--^2-54.59-25.71-57.18/+,-81.32*-78.21+-15.8+-64.02-20.89--3.891^+-88.38+52.31-63.72^/++-25.71-54.59--26.76,False
48.41-41.25-3.2166.9-79.53-82.46-33.079.27-78.09*-/-32.68-66.357.46-20.48/-+*/-**^-^2-,/-20.48-7.46+-66.35-32.68/--29.78*-78.09/79.27--33.0*-82.46*-79.53-66.92^--3.21--41.2548.41,False
-21.78-26.77-77.1215.42-7.83-28.4950.65-20.74-50.88-95.56-78.83*-+++-^2*//++*1-82.51-33.43+,*-78.83--95.56+-50.88+-20.74+50.652^--28.49*-7.83/15.42/-77.12*-26.771^+-33.43-82.51+-21.78,False
-12.09-31.91--16.25-8.41-62.69+/-61.23-73.92+/-^218.2842.58*/-80.6647.3*--67.5663.96+^1,--31.91+-73.92-61.23/+-62.69/-8.412^*42.58*47.3+63.961^-67.56--80.66/18.28-^/-12.09,True
-90.7440.27-76.6840.63-2.65-//+^1+-19.21-34.2765.28-51.98-7.05-36.9585.25-17.6-^67.85*+*+--,--2.65/40.63/-76.681^+40.271^-+*85.25+-36.95*-7.05^-51.98-65.28--34.27-19.21+-90.74,False
34.94-23.5276.6679.52-79.165.85++//+^2-35.94-97.6797.88-11.1335.73*^1-*+^1/26.86,+65.85+-79.1/79.52/76.6653.15^+-23.521^-35.73-+*97.881^+-97.6726.86/35.94-34.94,False
65.9529.9657.150.7-24.69-21.99-7.7455.48-29.6593.745.6311.05+^1--^1++--/-++^2,1^+11.05-45.631^/93.7+-29.65+55.48--7.74--21.99/-24.69-0.7+57.15+29.962^65.95,False
-25.03-40.51-21.34-23.0812.6615.4663.07+/*+^2*-^2+^1-24.6711.88-22.99-76.38-53.86/**/,+63.07/15.46*12.662^+-23.08*-21.342^--40.511^/-53.86*-76.38/-22.99/11.88-24.67+-25.03,False
-28.99++*-0.6-49.71-60.8951.31+-+-48.7471.382.69*-^2-39.5244.0710.44///59.2112.4*/+,*51.31--60.89+-49.71-0.6**-2^-71.3-48.74+*^/59.21-27.22//10.44+44.07-39.52+-28.99,False
38.19/91.92-26.1543.63-85.93-^1+-+^1-^1/95.44-94.85-50.98-93.42/-/-69.74^2,1^--85.93+43.63--26.15-44.4^+91.921^--34.34/-93.42--50.98/-94.852^69.74-95.44/38.19,True
30.3184.5543.3827.06-3.08-*--^/-88.5388.17-95.3214.01-89.1/-^2+^2-^79.68+2+,--3.08*27.06/-89.12^-14.012^+-95.322^-88.17+-88.5338.552^--*+84.5530.31,False
-74.777.757.2856.6-68.4572.03-39.836.389.94-23.565.3-16.29-^1+-*-^2+*+**/^1,1^--16.29+5.3--23.56*89.942^-6.3+-39.83*72.03+-68.45*56.6*57.28/77.71^-74.7,True
37.0416.11-49.952.18^2.0317.5934.6729.1-93.4183.75///+^2+--+-^2*-+^2,/-83.88/83.752^+-93.41+29.1-34.67-17.59+2.032^--9.52*2.18--49.9567.16^+16.1137.04,False
91.3294.3231.34*-*^11.598.12-58.12-78.94-86.97-^1+-^1*90.8695.68-89.52**/2-77.42,*31.341^-^+-78.941^*-89.52*95.6890.86*--58.12/98.1211.52/*-94.3277.42-91.32,True
62.99--32.7+15.52+94.53-31.3710.44-56.2741.67-99.2556.42/+-^1*-*/-90.46*42.4295.84+^2,/56.42+-99.251^-41.67*-56.27-10.44*-31.372^+95.8442.42*-90.46/94.53+15.52+-32.7-/,True
74.0310.07-68.9579.09*-/-22.75+-67.82-*--^275.54-82.79-82.13-^2*70.0333.43-29.32-+,*79.09--68.95/10.07--67.82*-2.542^23.89^--82.13*-82.7975.54---29.32+-70.03-22.75-74.03,True
42.472.6264.93/-22.783.61-68.646.7517.77-35.36-11.53-67.95/*-*-+*-^2+/1*//-40.41,/-67.95*-11.53--35.36*17.77-6.75+-68.64-3.612^--22.781^+-93.73*64.93/2.62-40.41/42.47,False
29.77-18.78-20.2380.966.85-41.97-95.578.01-10.08-/58.72-79.48-67.37*-^2--^-92.75/--*-^2,*-67.372^--79.4858.72/--10.08-78.0186.75^--95.5/^-6.85-80.96*-20.23--18.782^29.77,False
-28.59-14.84-16.7360.16*-^1/-86.72-69.8160.8-14.13-*+^2+^140.32-59.1610.34+^2-,*60.161^/-16.73/-14.84--14.13^60.82^+-69.811^2^+10.34--59.1640.32+86.72--28.59,True
-46.97-22.3283.28+--^1^-70.78-10.81+^21*73.7-99.233.49^-56.9232.9-++^2-/,+83.281^2^+-10.81-70.781^---22.32-32.9+-56.922^+88.17-+/-99.2373.7/-46.97,False
-71.6850.11-37.24-98.82-+*/25.662.32-66.5982.22-69.658.5/+^1---^1/80.65-59.3-^-85.9,-^+-37.24*50.11/58.51^+-69.6-82.22--66.591^-2.321^--59.380.65/25.66/-71.68,True
-97.19-78.15-43.73-55.6529.5492.0729.95*-87.35-30.64+--0.1677.89-91.52-7.36-52.35-----^2/**/+,--52.35--7.36--91.52-77.89-0.16-+-30.64-87.35/2^-29.95/92.07*29.54*-55.65/-43.73+-78.15-97.19,False
-21.61-48.583.9669.82-81.47*+//*^2^-2.63+--99.9450.11+/2.353.5462.7725.2--^1*,*-81.47+69.82/83.96/-48.52^-25.21^-62.77*3.542.35/+50.11-99.94-/-2.6340.6+-21.61,False
-65.36-94.6114.9154.69-89.54-*/14.7172.0480.0114.95-17.51-65.871.12-96.07-///--*-73.7948.07--+-,--89.54--96.07/71.12/-65.8/-17.51-14.95-48.07-73.79*-80.01-72.0414.71/+54.69*14.91--94.61-65.36,False
-70.5873.5158.97-0.4472.2-94.8-10.7267.52-59.0424.23*-**+^1++*-47.3120.11+^2**^1,*24.23--59.04*67.52*-10.721^+-94.8+72.22^+20.11-47.31*+-0.44*58.97*73.511^-70.58,True
22.48-80.47-6.5939.99-41.8-52.7230.88+^2///+*-10.23-70.5616.07-81.2-58.717.06+-+**-+,2^+30.88/-52.72/-41.8/39.99+-6.59*-80.47-45.73+17.06*-58.7*-81.2-16.07+-70.5610.23-22.48,False
71.18-32.05-63.2171.96*5.842.3231.770.2257.31/+-+^2-+-^2-57.3760.78-^2+/+,/57.31++-31.72^+2.32-5.8452.89^2^-60.78-57.37-+64.85+71.96/-63.21+-32.0571.18,True
0.5726.3121.46-34.14--21.1321.49/*/+*-2.4620.7899.52-82.27-67.48///---+^1-^2,*-42.04/21.49/-67.48/-82.27/+-20.78-2.46*+-21.13--36.28--34.141^+21.462^-26.310.57,False
80.38-74.04-63.35-97.78-84.0722.9922.17//+^2--^1+-21.11-41.3574.55-65.37/--1-+^1,/22.17^22.992^+-84.071^/-65.37-74.55--41.35-21.111^---97.78--63.351^+-74.0480.38,True
55.03-35.6631.2425.4573.96-6.183.01*-*43.162.67-74.75-53.54-12.28-70.98-^2*-++-+^2++,*83.012^--70.98*-12.28--53.54+-74.75+62.6743.1*--6.1-73.962^+25.45+31.24+-35.6655.03,True
12.89-6.6-76.3835.2151.38-28.13-80.7895.0-97.678.12-^2//+^2-^2//-/21.36-79.4+*,2^-78.12/-97.6/95.02^+-80.782^--28.13/51.38/35.21/-79.421.36/--76.38*-6.612.89,True
-7.7530.9++-39.26^-54.420.1967.25-42.93-+-+^2*-/-42.36-90.66-^1-18.57-35.7-/60.37,++--42.93+67.25-0.192^+-54.42*1.671^--90.66-42.36--35.760.37/-18.57/--39.26+-7.75,True
-44.5986.0999.8955.2336.66-47.29*31.9955.1832.47-43.16-90.4944.27^/+/-^1+^2---+--,+44.27/-90.49+-43.16/32.471^-55.182^+31.99--25.74--47.29-36.66+55.23-99.89-86.09-44.59,False
-6.97-3.14-+^45.722.7764.56-29.26-8.85-+^81.4825.69.81+--44.28-10.62+2*-^2*2,+9.81+-10.6244.28--^81.482^+--8.85*-29.262^-64.56*2.7745.722^+--3.14-6.97,True
4.8650.86-84.8957.14-29.8284.0249.4986.29*+^2*+^2-+^1/*29.05+^193.66^1,*86.292^+49.49*^2^+-29.82-57.141^+-84.89/50.861^1^93.66*29.05*4.86,True
-38.45-44.36-86.8957.7285.6134.4214.22-71.1-69.04-+*-^1///+--90.58-30.7250.36-77.35+^1*/,--69.04+-71.1/14.221^-34.42/85.61/57.72/-86.891^+-77.35*50.36/-30.72-90.58-+-44.36-38.45,False
85.6475.4624.638.64-26.76-2.67-39.8939.08-36.3-^2+--^38.39-74.24+/2--^2*++,2^--36.3+-+74.24/96.9938.392----39.89--2.672^--26.76*38.64+24.6+75.4685.64,False
/93.48-35.48-14.4458.7699.9-11.43*++^1*-^2+/*-4.5981.2-**46.2741.1985.41/+,*-11.43+99.91^+58.76*-14.442^--35.48+93.48*-29.17*81.2/*/85.41+41.1946.27/78.67,False
-93.37-84.81-68.28--92.35-6.5117.5816.01*-86.2639.888.72-40.2681.09//++/+/-+*///^1,/81.09/-40.26+8.72+39.88/-86.26+68.43/16.01-17.58+-6.51*-92.35/-80.68/-68.28/-84.811^-93.37,False
-57.8672.988.01/**-9.3435.91-33.85*-/-4.13-68.49--**93.66-47.5344.52-65.6560.1252.11**/+*,*-33.85-35.91/-9.34-84.74--68.49-4.13**-88.01*72.9*52.11*60.12/-65.65+44.52*-47.5393.66*-57.86,True
82.8537.65-63.5635.4552.4-63.72-36.6+-^1+^1-/-56.6881.0-84.88**--^2+^1,+-36.61^--63.721^+52.4*-84.88*81.0-56.68/-35.45-63.562^-2.521++37.6582.85,True
-57.14-42.64-2.53-63.48++-41.96-60.32-71.7331.8-20.24++^2++**/-10.9+/1-20.2843.53-^2,+-20.242^+31.8+-71.73+-60.32-41.96++-63.48/-*-42.641^2^-43.53-20.28+-10.9/-57.14,False
-78.4459.52-+^2-71.353.35-76.2748.440.2263.36-97.62/*+**-14.376.03*-37.08-15.95+//-^2,-59.522^/-97.62*63.36/6.03-14.37+-15.95+**+0.22/48.44/-76.272^-3.35-71.35+-78.44,True
-81.0-63.88-35.1987.353.99-25.72-+*--18.5272.2939.54-66.8-55.74*+++^1+**-^2/+,*-55.74+-66.8+39.54-53.18^+72.29+-18.52-15.39*+-73.84*-25.72*3.992^-87.35/-35.19+-63.88-81.0,False
69.03-88.47-75.3477.45-75.57-59.2677.61-2.0964.3142.44*/-*78.78+-36.88-^2/*-/*-/--12.91,^42.44/64.312^--36.88/-78.78*--2.09*77.61--59.26/-75.57*77.45--75.34/-88.47-12.91-69.03,False
16.34-^2-80.6399.9827.59-76.8663.247.33-35.7582.67-16.91-19.18-0.74--^1-*+*-^1-*+,2^--0.741^-^--16.91*82.67+-35.75*47.331^-63.2--76.86*27.59+99.98-80.63-16.34,True
-87.655.17-19.73-5.85-1.7692.5129.82--/-13.5991.2468.270.32-24.44--^2-^2-^2//+^,-29.82--24.442^-70.32-83.0^-68.22^-91.24-13.59/-92.51/-1.76/-5.85+-19.73+55.17-87.6,True
10.52-83.13.0719.2226.33-87.949.13-19.558.3435.79-59.18--*+/*++^1//-^216.62-27.47*,--59.18-35.79*58.34+-19.5/9.13*-87.94+26.331^+19.22/3.07/-83.12^*-27.4716.62*10.52,True
-17.6477.8530.38-14.22-54.7620.6912.621.12-+^1-28.16-5.67-9.89-65.5/++----***47.3*34.43,1^/-65.5/-9.89+-5.67-28.16+-1.12-12.62-20.69--54.76*-14.22*30.38*^34.43*47.3*-17.64,False
23.32^70.6727.2749.35-5.8173.3375.9727.03*++-*95.02-98.37-59.36++-+----2.0561.9+^2,*27.03+75.97+73.33+-59.36+-98.3795.02*--5.81-49.35+27.27-70.67-67.542^+61.9/-23.32,True
65.8933.86-20.6481.1597.3159.235.1640.5848.67-14.19+^1+-+-+/38.79-80.68^+^2+*^1,1^+-14.19+48.67-40.58+35.16-59.2/-80.6838.79/-97.312^+81.15+-20.64*33.861^65.89,False
-4.27+^1-70.26-73.88/+^1-25.5576.5117.4*-6.84-55.54-/+^2++^1*-75.2-47.9*,1^/-73.881^--55.54/-6.842^+-73.56+17.41^*-47.9-75.2*+/-25.55+-70.26+-4.27,False
-36.3594.13-16.0-12.89-46.14-16.07*-83.235.78-+^2-^2///++^1+^1-^2,2^+-66.972^-35.78/-83.2/-17.75/-16.07+-46.141^+-12.891^+-16.02^-94.13-36.35,False
-27.9596.2155.0/-+6.54+-85.45-39.4937.89+/+^1-75.06/-44.01-82.26-+^120.1795.2160.1*+,/55.0-96.21+37.89--39.491^--82.261^*60.1+95.2120.17+-44.01/-75.06+-85.45+6.54+-27.95,False
92.49-55.0-36.23-44.0762.4134.8651.5668.830.75-22.5746.32-86.1-61.75+^1*//*-*-^1/+*/,1^+-61.75*-86.1/46.32/-22.57*30.75-68.8*51.561^-34.86/62.41+-44.07*-36.23/-55.092.49,True
-94.663.81-45.9765.2414.08-20.2864.9190.27+^1/*-+^2--^1-7.56-37.42-23.691.54//-+,1^+90.27/64.91*-20.28-14.082^+-1^/1.54/-23.69--37.42-7.56-/-45.97+63.81-94.6,False
-75.89-21.13-43.0493.7522.67-17.5125.45-53.87/-/*-+^2+--19.5463.46-96.93+/*-49.34-33.21+^2,/*-25.45/-17.51-*-93.752^+-43.04+-21.13+-96.93/63.462^+-33.21-49.34*-19.54--75.89,False
-15.99-59.7224.7145.2784.27-12.3986.39-33.6942.8-16.4830.24-45.32+**+///+/--^40.75-26.36+^2,+-45.32*30.24*-16.48+42.8/-33.69/86.39/-12.39+84.27/45.27-24.71--59.722^+-26.3640.75+-15.99,True
57.3353.76-*-60.6529.61/*60.69-79.514.98-95.25/*+--47.31-41.22-11.77-40.4925.19*-^2/-^2,-53.76/+/-95.25*14.98+-79.5*25.192^--40.49/-11.772^--41.22-47.31-60.69*-60.65*57.33,True
*-27.7771.04-36.05+++^278.35-52.39-28.2412.81-77.5153.16-28.69-^-24.29--^1/++*^1,+-36.052^1^--28.69-53.161^--77.51/12.81+-28.24+-52.3978.35++71.04*-27.771^2.49,False
64.2748.7458.699.4*++-13.99--86.25-93.1461.75-21.3999.64/-^1*+-38.74/-10.457.3132.91-/,*9.4+58.69+//99.641^--21.39*61.75-32.91/7.31-10.45/-38.74+93.14--86.25-13.99-64.27,False
-31.16-/-24.33-57.0170.83-4.65//*/--73.78--92.3-97.29-13.96-85.99-6.98-96.51-82.01//-^1+*+,/-4.65*70.83*-57.01-24.33//37.76/-82.01/-96.511^--6.98--85.99*-13.96+-97.29-92.3--73.78--31.16,True
-99.85-27.73-54.03+-^1/52.29-99.75-14.94-+*54.85-+235.6973.7726.5589.6273.39+//+^2,+-54.031---27.73--14.94+-99.752^+73.39/89.62/26.552^+73.7735.69-54.85*52.29//,True
80.21-16.6154.85-77.06^*+^1*-29.9747.01+-/12.53-67.2-2.52-94.810.23**+/-18.65-83.89///,*-58.661^+47.01-29.97*+-77.06+0.23*-94.81/-83.89-18.65/+-2.52/-67.212.53/-54.85/-16.6180.21,False
-21.22-62.74-57.7849.47-93.45-75.030.6636.833.41-38.18-^2+*-*-/38.5-41.58/+^1+/^1,2^--38.18+33.41*36.8-0.66*-75.03/-41.5838.5/--93.451^+49.47+-57.781^--62.74-21.22,False
-14.13-88.93-21.3678.15-37.8-52.55-82.26-87.25/72.84-48.7*-+^1--+^2+/-^2*--70.79,*-48.7-72.841^++--87.25--82.262^+-52.55+-37.8/78.152^-/*-88.93-70.79--14.13,False
-75.24//*88.1771.78-14.8129.89-84.61-^44.15-^1*+^2*-64.5356.92-+59.27-58.2827.46++,2^--84.611^-29.89/-14.812^+71.78-56.92+27.46+-58.2859.27+-64.53*88.17*-93.66/-75.24,False
48.63-59.69-16.7182.6-67.71-48.4945.23-23.49-80.9482.358.02-10.7-80.07-^2++^2/*//+/*-*,2^--80.07+-10.72^+58.02/82.3*-80.94/-23.49/45.23+-48.49/-67.71*82.6--16.71*-59.6948.63,True
44.3438.218.36-/-68.19-78.7355.81---^1*46.13-82.03-0.65-2.1458.6-32.0733.66++-+++^1,-55.81--78.73-68.19/-8.361^-38.21/33.66+-32.07-58.6+-2.14+-0.651^+-82.0346.13*44.34,True
85.36-96.084.78-39.2-70.6-66.94-1.12-38.73-^2+/-+^1-^2++-64.16-24.55**57.23-49.88,2^--38.73+-1.12/-66.94--70.61^+-39.22^-84.78*-24.55-64.16++-96.049.88-57.23*85.36,True
-22.79-50.46-15.26-55.79-49.84-45.28-89.735.86-7.87/++^1**-+-+^1-27.3918.3173.53+/^1,/*+35.861^+-89.7*-45.28*-49.84--55.79+-15.26--50.461^+73.531^-18.31-27.39+-22.79,False
58.2743.41-7.3222.3174.15-1.34-4.13-43.33-98.95-5.71-61.0146.5-49.06+-*+--^2-^1^-*-*,+-49.06-46.5*-61.01+-5.71--98.952^--43.331^--4.13/-1.34-74.15*22.31--7.32*43.4158.27,False
-76.87/-73.4993.5432.78-26.19+/51.0818.02-45.62*+^1+^2-+-97.483.12*+-97.047.38+^2,*-45.621^+18.0251.08/+-26.192^+/-93.54*3.122^+47.38-97.0+-97.48+-73.49/-76.87,True
-99.3426.06/+*^-14.9577.860.64-45.4567.26+-/-90.461.09-^2/+5.694.39+*+^2100.0,/26.06+67.262^-+-90.4/--45.45/0.64+77.86-14.952^**82.052^100.0+4.39+-99.34,False
-46.93-77.66-27.1661.3984.42-57.46-39.640.07-44.2739.7436.453.88+/+/-*-^2+***/-4.96^1,+53.88/36.4+39.74/--0.07*-39.642^--57.46+84.42*61.39*-27.16*-77.66-19.32^-4.96/-46.93,True
89.7997.228.53-38.26-63.3240.4170.9489.1973.0367.8731.3424.7+-//*+/----^162.1720.8++,+24.7-//67.87/73.03*89.19+70.94/40.41--63.32--38.261^+20.862.17--8.53+97.2289.79,True
29.14-4.6988.17-63.0618.3157.57-37.64-53.790.48-59.76-35.5262.61--+//*+^1*-/-^2^2,-62.61--35.52--59.76/90.48/-53.7*-37.641^+**18.31--63.06/88.172^--4.692^29.14,True
--84.7387.5271.3832.2750.5336.0+/+^1+/*+^2-26.09-95.63-4.56-46.4--*+-87.74^1,+36.0/50.531^+32.27+71.38/87.52*-84.732+--46.4--4.56*-95.631^-87.74+-26.09+-47.87,False
51.66-33.493.51-88.46/+--^1-74.1750.7359.82-5.23+-+/95.51-50.59++^8.53-78.32--6.16-1,/-88.46+3.511^+-5.23-59.82+50.73-74.17-+-50.5995.51/--33.491^1^-6.16--78.32+51.66,False
-44.24-88.79-69.3355.4198.6226.92-75.35-^1----^1/-^1-81.0-94.111.91//-20.7549.74-/,1^-/-26.92-98.62-55.411^--69.33/-88.791^-49.74-20.75//1.91/-94.11-81.0--44.24,True
-89.8823.232.98+-91.64-37.3674.1991.3-44.14-47.5-71.63-87.37//---44.57-43.13+++*/*+-^1+,/-87.37/-71.63+-43.13-44.57---47.5+-44.14+91.3*74.19/-37.36*-91.64+43.821^+32.98++-89.88,True
13.99--44.983.72-51.1290.311.37-19.1147.2759.64-5.77++**+*+-2----34.62-72.41-8.89-//,+-5.77+59.64*47.27*-19.11+1.37*90.312^--51.12/83.72--8.89/-72.41-34.62---44.9/-85.7713.99,False
-53.31-35.6967.2642.51-93.9582.54-15.2635.9360.9499.14/*/-^1--^1+*92.1220.26-14.45-+-/,/99.14*60.94/35.931^--15.26-82.541^--93.95--14.45+20.2692.12*+42.51-67.26/-35.69-53.31,True
-47.4417.37-94.0527.94-94.9195.09-44.8194.64-62.57-58.77*/-^1++^2-++++-19.16-30.97-5.25//,*-58.77/-62.571*-94.64+-44.812^+95.09+-94.91+27.94+-94.05+17.37/-5.25/-30.97-19.16+-47.44,True
-86.55-67.33-62.1377.12-20.5690.26*-54.58-26.3+^83.8-52.36-92.18--1**//-*/+^-71.44+66.25,--92.18--52.3683.81^+*-26.3*-54.58/-16.77/90.26--20.56*77.12/-62.132^+-67.3366.25+-86.55,False
48.27-73.0331.4332.82-36.87+^2*+^1^+^188.74+-62.67-75.19-9.37-8.91+^2*+--,2^+-36.87*32.821^+31.43--73.031^2^+-8.91*-9.37+-75.19--62.67--8.2888.74+48.27,False
86.19-2.74+-10.82-36.2285.66++^1/+^1+-46.77-90.5+^1-+48.17-63.1-^1-65.46,+85.661^+-36.22/-10.821^+-71.91^+-90.51^--63.148.17^-65.46--46.77+2.74-86.19,False
20.933.82-15.72-98.03-59.92-48.8-62.6189.33-35.12-76.0699.78^/*/--+^1*+^2**-^1,/77.65*99.78/-76.06--35.12-89.331^+-62.61**2^+-59.92*-98.03*-15.721^-33.8220.9,True
11.08-96.3786.05-21.53-^2--*85.8261.12-43.0614.7815.78-20.72-0.93--/+/-+-84.5278.5651.41-+,2^--21.53-86.05--0.93--20.72/15.78+14.78/-43.06-61.1285.82*--96.37-51.41+78.56-84.52+11.08,True
27.1245.2-88.87-73.75-69.8873.5239.4334.6927.39-2.06-8.73*^^2*+^2-^1*+^1/+*,*-8.73-32.26^--2.06*27.392^+34.691^-39.43*73.521^+-69.88/-73.75+-88.87*45.227.12,True
-51.52-71.75*12.5-97.0264.77-3.2521.29/+/*+-82.13*^9.5-61.26-1.1173.87.74-*++-1,/21.29*-3.25/64.77*-97.02-7.74*73.8+1.11+53.2--61.269.51^*-82.13+12.5*71.75--51.52,True
-86.38-84.8732.88-14.6533.8278.89-53.0-93.9199.55-26.6325.7396.22*/-*-^1-+^1++^1-/,*-/25.73--26.63*99.551^-+--53.01^+78.89+33.821^+-14.65-32.88/-84.87-86.38,True
-18.4-81.39-24.15-45.4637.8271.3851.91-63.84-68.74**-/+**-+-39.27-92.97-+^1-9.65-39.4-11.39//,*-68.74*-63.84-51.91/71.38+37.82*-45.46*-24.15--81.39--92.971^/-11.39/-39.4-9.65+-39.27+-18.4,True
69.22-65.43.61-*/-24.83-98.95-9.77-84.9181.43+++-^296.1996.878.91^-^2*--^1,*81.43+-84.91+-9.772^--98.95-24.83/2^-15.28*8.91-96.8796.19*-3.611^--65.469.22,False
-45.44-51.5329.2655.52-8.0846.28*-74.41**-^1+-16.81-66.5-22.69-89.58+^1*+/*-^2,*-74.41*5.431^-46.281^+-89.58*-22.69+-66.516.81-+-8.08/55.52*29.26-*2^-45.44,False
-58.86+*-43.12-42.6353.9-26.67-49.03*++-^2-98.74^55.12-33.59-/-21.15-52.97**60.9990.33-+-61.0,*-49.03+-26.67+53.92^--42.63-43.12^--33.59*-52.97-90.33^+60.99*-21.15/55.12*-98.74+-58.86,False
-85.89-19.01-44.8484.2-26.5159.9123.49-2.38-18.98-90.93-32.9761.7744.5+*/*+^1//*-/+^1*,+44.5/61.77/-32.97*-90.931^+-18.98/-2.38/23.49*59.91--26.51/84.21^+-44.84*-19.01-85.89,True
12.9811.6-81.44-*-10.9127.59/98.06+-/+^2+^2-96.7356.676.83-15.9179.93/-/-^1,+98.06-24.38*27.59-10.91*--81.442^+11.62^/79.93--15.91/76.83-56.61^-96.73+12.98,False
69.3180.16-0.2431.6452.898.0473.0666.15-40.17*67.73/+-^1*+-+40.5578.29---^1/+,/67.73+-67.761---40.17*66.15+73.06-78.2940.55+-8.04-52.891^-31.64/-0.24+80.1669.31,True
1.06-24.12-3.86-14.8237.3678.08-55.18-61.41-48.926.7714.06-60.68*+*+-^1-/30.814.24-/*/*+,*-60.68+14.06*6.77+-48.921^--61.41-4.24-/--55.18/78.08*37.36/-14.82*-3.86+-24.121.06,True
60.5688.52+*-40.0383.78-13.41/*+-67.71-39.6-72.2317.17-*+^2/-99.7-62.7-55.97--+74.59-89.85*,/-13.41*83.78-40.03*+88.52-17.17*-72.232^+-39.6--55.97--62.7*-89.85++-99.7/-67.71+60.56,True
67.8-44.5790.0474.423.06-6.01-37.2536.88-31.26/*+-+**--^2-11.84-82.36-22.42+*80.07-79.45+/,/-31.26*36.88+-37.25--6.01+23.06*74.4*90.04--44.572^+-79.4580.07*--22.42/-82.36-11.84-67.8,True
36.741.65-92.12-46.86-1.56-13.5342.47-31.63-84.65/+-*++^2/++-18.2912.57-/-28.3-14.74//-89.19,/-84.65+-31.63-42.47*-13.53+-1.562^+-46.86/-92.12+41.65-12.57/-14.74-89.19/-28.3/++36.7,True
-95.25*-78.68--83.05+^2/*/+^189.48-92.827.84-82.08-23.29-46.74/+^1+*-^2,2^+-83.05/-7.01*-78.68/-49.341^/-46.741^+-23.29+-82.08*27.84--2^89.48+-95.25,False
41.440.96-17.9487.2491.54-71.37-27.05-31.98-78.05-51.31/-++^1+^2/-^2+**-86.79^2,/-51.31--78.05+-31.981^+-27.052^+-71.37/91.542^-87.24+-17.94*40.962^-86.79*41.4,True
20.3367.0221.037.76-26.5338.424.5620.69-^1+--8.61-40.47-^1+^1*//-*-71.0281.44*,1^-20.691^-^-8.61-+4.561^+38.42*-26.53/37.76/21.0*81.44-71.02*-67.0220.33,True
63.79-30.5887.71-81.95-46.7360.3868.560.5843.46-+*///-34.7311.95-+-^1---91.05-14.3594.82+,/43.46+60.58*68.5/60.38-11.95-34.73//-46.73+-81.951^-87.71--30.58+94.8214.35--91.05-63.79,False
-7.39-^1-25.92-49.01-15.0680.589.9793.18/*+/35.22-68.9133.311.11++/*/-^1-57.13-74.78/,1^/93.18*89.97+11.11+33.3/-68.9135.22/+80.5*-15.06/-49.011^/-74.78-57.13--25.92--7.39,True
+--16.5385.5263.1387.32-44.22-74.5955.98-^1-^2+^2+*-^1+-35.47-91.6329.53--,1^-55.982^--74.592^+-44.22+87.32*63.131^-85.52-16.53--29.53--91.63-35.47+-11.84,True
-49.67-58.34-44.588.1615.01+-53.84-34.96**+*+/+*-87.3-86.21-48.52/**-85.36-79.3794.15+*^1,*-34.96*-53.84+-51.88*15.01+88.16/-44.5^-58.34/-48.52*-86.21+94.15*-79.371^-85.36*-87.3*-49.67,False
92.836.93-98.454.63-57.6-15.7739.83-96.99+^1/-^2/*-^1/+65.35-80.77+-46.02-6.13/,1^+-96.99-39.832^--15.77/-57.6*4.631^--98.45/36.93+-80.77/-6.1346.02-65.35+^,False
91.47-8.073.3395.05-11.47-/+^1+/88.96-62.3129.87-89.58-28.8356.77-52.79-*/-^2*-+/,*-11.47/*1^+73.33*10.28/-52.792^-56.77*-28.83--89.58+29.87/-62.3188.96/+-8.091.47,False
45.24-35.3721.16-5.9445.8-16.7-14.7557.35-15.79-76.4334.33++-++^2-^1-^1-^1+*,+34.33+-76.43--15.79+57.352^+-14.751^--16.71^-45.81^--5.94+21.16*-35.3745.24,True
-24.34-85.11-9.36-23.72-99.34-27.7759.591.1715.62-46.84-70.8513.3992.4354.24-++^2***+-+-/-*,-54.24+92.432^+13.39*-70.85*-46.84*15.62+1.17-59.59--27.77--99.34/-23.72--9.36*-85.11-24.34,False
14.96-70.68-48.435.6952.2180.1+*/+*/49.43-12.0--1.81-17.77-77.43-63.69/+^1+^2--/,+80.1*52.21/35.69+-48.4*-70.68/-63.691^+-2^--17.77--1.81-17.32/-12.049.43/14.96,False
85.39-44.1919.384.6463.7660.472.42-40.24-84.1988.14-61.88/+/--^1*+++^2/--41.89-62.71-,/-61.88+88.14/-84.19--40.241^-72.42*60.4+63.76+84.642^+19.3/-44.19--62.71-41.89*85.39,False
+-45.3-24.3974.6762.8392.01-4.5958.87-88.775.12-^2*+^2-/-*+^1*/61.7930.11/,2^-5.12+-88.772^+58.87--4.59/92.01-62.83*74.671^+-24.39*-45.3/30.1161.79/-43.33,False
-59.22-14.0548.47-67.6857.0917.5896.89-80.4312.0-57.8124.72*+^1*+-/*53.25-38.57-//-^2-,*24.721^+-57.81*12.0+-80.43-96.89--38.5753.25*/17.58/57.09/-67.682^-48.47--14.05/,True
-78.5266.44-48.6-65.72-70.91-53.17/+-*++-^187.77-2.321.7225.72-^2-^1*^1,/-53.17+-70.91--65.72*-48.6+66.44+78.521^2^-25.721^-1.72*-2.321^87.77--99.91,True
-86.16-90.62-57.62-55.2213.66-55.74-79.45++//--/-78.64*-28.3-27.81-74.99-47.55--^2*+^239.12,+-79.45+-55.74/^/-55.22--57.62--90.62--47.552^--74.99*-27.812^39.12+-28.3*-78.64/-86.16,True
-12.63-14.32-73.7994.67+/*-38.0945.6871.67-70.73-86.69-13.13+*/+-^2^53.88-16.36+1-+/2,+-13.13*-86.69/-70.73+71.672^-45.68-38.09*+-16.3653.881^/+94.67--73.792^+-14.32-12.63,True
-87.6490.9523.815.84-29.4328.4-60.91-/-^2/+^1//-92.9986.25-32.38-17.9762.8/+/-^1,--60.91/28.42^+-29.43/15.841^+23.8/90.95/62.8+-17.97/-32.38-86.251^-92.99/-87.64,False
19.37-58.21-57.74-37.96-88.16-34.8346.14-5.82-53.27-77.13-70.28+^1*+/+^1+--^-36.45*+^2,1^+-70.28*-77.13+-53.27/-5.821^+46.14+-34.83--88.161^--37.96*-57.742^+-58.2119.37,False
-22.599.03-39.21-61.16-64.957.3-^1-++-18.56-97.3-41.6943.3459.78-21.13-10.38-17.25///+*++*-,1^-57.3+-64.9/-17.25/-10.38*-21.13+59.78*43.34+-41.69+-97.3-18.56++-61.16*-39.21-9.03-22.59,True
58.43-57.1168.9986.86*70.858.49-*///-84.96/-52.79-81.3212.4751.97--^2-^2**+-92.49,-58.4970.8**86.86/68.99-^2^-12.472^--81.32*-52.79*-24.53-84.96//-57.11-92.49+58.43,False
38.64-12.8660.6221.2-92.31-27.8751.96-5.37-37.55---^2+/+/-29.476.03--*-13.12+-46.97-*,--37.55--5.372^-51.96+-27.87/-92.31-76.03-29.4/+21.2/60.62*-12.86--46.97*-23.8913.12-38.64,False
47.09-72.8-56.7566.81-61.94-85.24-42.8956.63-74.75-16.1816.8220.1--^1-/+*/-^1-+^2-,-20.11^-16.82--16.18/-74.75+56.63*-42.89/-85.241^--61.94-66.812^++--72.8-,False
77.7511.8654.361.59+-34.3235.91-62.22-50.7847.8317.19//-^1//---+/^-3.26-27.93-1/,/17.19/47.831^--50.78/-62.22/35.91--34.32--0.66-1.59--27.93-3.26-44.49^/+54.36/11.8677.75,True
11.7+-98.77^86.53+*/-63.33*-6.8272.74--72.3693.1-^1+^189.4912.91+*72.2972.0+,+86.53*49.781^-93.172.36--72.741^/72.072.29*+12.9189.49+-6.82*-63.33/-98.77+11.7,True
54.2968.8684.11-45.72-79.4693.66-89.63-92.71-35.473.4970.7525.2298.38-^2--//-////-^1+,2^-98.38-25.22-70.75/3.49/-35.47--92.71/-89.63/93.66/-79.46*-45.721^-84.11+68.86*,False
76.37+-91.9277.86-66.08-81.5182.2346.74+////-39.69-89.52+81.92-12.95-58.6-25.7/-^2//*^1,+46.74/82.23+-89.52-39.69//-25.72^--58.6/-12.9581.92/+-81.51/-66.08*^1^-91.92+76.37,False
-5.074.15-6.6549.25-41.6183.62-34.8-73.96-59.17-1.67-70.8-37.33*/*-^2*-+*+/+/-54.24^/,*-37.33/-70.8*-1.672^--59.17*-73.96--34.8+83.62*-41.61+49.25/-6.65+4.15/-77.7-54.24/-5.07,False
59.25-62.06-55.7633.7824.31-29.15-0.241.110.7272.22++*-/++^-51.15-67.48-^12*+^2-,+72.22+10.72*1.1--0.24/-29.151^--67.48-51.152*++24.31*33.782^+-55.76--62.0659.25,True
-25.590.15-11.9736.45--^1--20.5865.46-84.32++*21.37-48.67-78.41-93.4436.65-88.68//*+*--,-36.451^--11.97-90.15/-88.68/36.65*-93.44+-78.41*-48.6721.37*+-97.35--84.32-65.4620.58-+,False
40.76-46.0180.49-3.06*/-*-51.56-43.79-89.18-76.35-+^-26.7971.3281.3274.6385.83-^1/-/1+*,*-3.06/80.49--46.011^-85.83/74.63-81.32/71.32-26.791^+--76.35+-89.18*-43.79-51.56*40.76,False
-12.05-13.736.9228.4440.1252.3842.75-65.2377.28-75.7747.9470.59+-/*-/-*-*/*94.51-8.08/^2,+70.59-+/-75.77*77.28--65.23/42.75-52.38*40.12-28.44*6.92/-13.73/-8.082^94.51*-12.05,True
58.48-85.910.3541.3895.16*--^2/66.7-30.6//+^1-82.73-65.5672.66*/1.45-11.7-56.5-+*,*95.16-41.382^/-30.6^/-0.35/-85.911^--56.5+-11.71.45/*72.66*-65.56-82.73+58.48,True
-4.9625.83-55.55*-83.98-70.33-18.477.18-71.1894.65-13.34-^2++^2///+^1-++^1,2^--13.34-94.652^+-71.18/7.18--18.47/-70.331^+-83.98-28.6+-55.551^+25.83-4.96,False
36.41-24.47-77.1766.11-13.7563.0299.8984.6969.12+/-13.88-23.73/+-*/-/^61.8368.68-10.75/+-99.24/-,/-23.73-13.88/+69.12+--99.89*63.02/-13.75/-10.75+68.6861.831^/--/-77.17--24.4736.41,False
-80.61-92.18-87.61**-9.4493.32/*+*41.6797.7976.68-94.23-34.557.07/**+-^1-54.6626.58-^2,/93.32-9.44**-87.61*-92.18/7.07*-34.55*-94.23+76.681^-97.7941.67*2^-26.58-54.66*-80.61,False
-7.7753.1557.8934.33-29.4-21.58-87.6343.1599.8-81.93-44.03*/-*-/81.6538.95-^1*//+*^2,*-44.03/-81.93-99.8*43.151^-38.9581.65/--87.63*-21.58/-29.4/34.33+57.89*53.152^-7.77,True
^-24.49-93.8-38.84-59.24-81.430.518.31-75.95-85.67-33.4418.72/-/+^1*--^1*-^2+-,/18.72--33.44/-85.671^+-75.95*8.31-30.5125.53^--81.4*-59.242^--38.84/-93.8+-24.4962.19,False
-74.8414.78-42.99-97.8791.9617.2312.799.2885.6889.9524.06-60.53+-^1*--^1/+-+^1*+,+-60.531^-24.06*89.95-85.681^-9.28/12.79+17.23-91.96-69.35^+-97.87*-42.99+14.78-74.84,True
50.03-26.71-45.8240.4268.19-64.0-28.86*+-^92.79^64.43-54.129.11-72.63++*2*-**-97.3416.13/+,*-28.862^+-72.63+9.11+-54.1264.432^-+-64.0*68.19-40.42/16.13-97.34**-45.82+-26.7150.03,False
74.2345.35-60.1838.31-/-8.3815.4136.61^+^1-+^1*70.73-83.197.24-5.7771.67+^2*//,/36.611^+15.41-8.38/-38.31--60.181^2^+71.67*-5.77/7.24/-83.1970.73*+45.3574.23,False
54.08-50.4786.7280.2680.7-1.29++-^2--*+^43.98-68.92-236.44-33.9269.51+^2+^2,+-1.29+80.7-87.35^-80.26-86.72--50.47--68.9243.982^+2^+69.512^+-33.9236.44-54.08,False
72.53-30.04-1.27-54.542.3638.3981.05-95.5683.1380.47-84.84-94.935.63/+^2**++++/+-^2*,/35.632^+-94.9*-84.84**+83.13--95.56+81.05+38.39/2.36+-54.542^--1.27*-30.0472.53,True
-11.74-68.68-9.89/-28.9*-^1*/-19.8761.77-54.6292.82//+*75.35-24.1597.22-^2/^1,*-28.91^-47.1*-9.89/-68.68/92.82/-54.62+61.772^-97.22/-24.151^75.35*19.87--11.74,False
7.43-+/-73.7719.52-16.23/-+^43.7144.74-94.362.81+^1-*1-62.6545.222.21++62.79**,/-16.231*+62.81--94.3*44.7443.711^+-19.52-73.77+22.21+45.2-62.65/+*2.6962.79-7.43,True
-44.865.8391.61-14.96-97.8581.56/+--*+90.0493.8683.73-74.7143.71+^2-*+-5.5677.542.92/*,/81.56+-97.85--14.96*91.61*5.832^+43.71--74.71*83.73+93.86/2.92*77.545.56+90.04+-44.86,True
40.43-53.12-31.99-63.6787.89-38.8472.08+*+-++-/88.21+^278.6494.64-25.22-^2**-11.14,+72.08*-38.84+87.89--63.67+31.99+-30.32--53.122^2^--25.22*94.64-11.14*78.64+88.21/40.43,False
43.45-94.1/+-76.19-83.76**-65.2125.46-38.83-72.9343.6949.5818.2832.54*+^2-+^2-^2+*,/-94.1*-83.76*32.5440.56^+18.28-49.582^+43.692^--72.93+-38.83*25.46-65.21*-76.19+43.45,True
68.71-31.65-54.15/-14.8276.69/+^1*-+*65.88-66.75+/-29.52-37.45-29.1725.17+*/-74.2370.76-,/76.691^+-14.82*99.4--54.15+-31.65+-66.75+25.17*-29.17/*-70.7674.23--29.52/65.88*68.71,True
-85.41-42.6361.7-76.1-3.33-28.8419.68-3.12-47.84-3.0387.67/+//+*28.9247.9982.5-+/+^1/+*,/87.67+-3.03/-47.84/-3.12-*+47.9928.92*+19.68/-28.841^+-3.33+-76.1+61.7*-42.63-85.41,True
50.9823.41-61.15-65.739.7421.7729.4565.23-10.6633.74-46.34-20.72+^2-**-////+^1.58+^2,2^+-20.72--46.34*33.74*-10.66-65.23/29.45/21.77/39.74/-65.72^+-61.15+23.412^50.98,True
38.0170.64-^1+40.63+-51.98-43.22+/21.39-48.32-13.04-85.1-67.4-83.81-47.53//*++^2+^2,1^-70.64+-43.22/-47.53--83.81*-67.4+-85.12^+-13.04+^+-48.3221.39/-51.98+40.63+38.01,False
-77.07-18.25-64.9534.6537.36--/^29.3518.338.55-30.53+/*-78.27**/97.35-52.06-55.61-50.22+^2*+,-37.36+-30.53/38.55*18.329.352^/-34.65*-64.95*-18.252^+-50.22*-55.61+^97.35/-77.07,True
*0.95/59.78-25.453.3722.92-46.19-42.06-24.62**-^1*++^1++//53.4377.55+*-7.3,*-24.62*-42.06-40.3^--46.19*22.92+53.371^+-25.4+59.78+50.89/0.95+77.55-7.3*53.43/94.34,False
66.13-38.46-18.2871.2849.1477.12*-92.12-^1*-^1+-/**29.34-36.2579.11-/*58.27-59.87+,1^--92.12*90.271^-77.12+49.14-71.28/-18.28-79.11/-36.2529.34**-38.46+-59.8758.27*66.13,False
-30.8-27.52-41.01-30.3617.61-*/-14.8-75.58-61.796.69-74.97**-**-+-79.1-52.8650.01-37.77-81.49*--/,-17.61*-74.97*96.69--61.7**-14.8/*-30.36*-41.01--27.52*-81.49--37.77-50.01/*-79.1+-30.8,True
72.11-42.06-95.36-24.0514.6377.08-47.150.37-^1-*-26.16+-13.29-63.3949.04//+//*//+^1,1^-0.37/49.04/-63.39+-13.29/-99.66-26.16*--47.15*77.08*14.63/-24.05/-95.361^--42.0672.11,False
-88.8460.72-33.71-80.6899.71+/*-+-79.7156.69-95.4624.13-73.09-61.12-17.08-^2+^2*-*+^2,+99.71/-80.68*-33.71-60.722^--17.082^+-61.12*-73.09-24.13*-95.46+56.692^-79.71+-88.84,True
68.1895.59-61.92-69.6847.2464.48-68.4995.633.8157.64-44.0+---/*-^2+-^2/+^217.76,+-44.0-57.64-3.81-95.63/-68.49*/2^-47.24+-69.682^--61.92/95.592^17.76+68.18,True
23.5765.56+-44.58+14.5914.5979.74-22.1272.2139.33-92.65+/*/*--*+/+^1+-29.48-66.48*,+-92.65/39.33*72.21/-22.12*79.74-14.59-14.59*-83.18+-44.58/-43.681^+65.56*-66.48-29.48+23.57,False
-69.76-78.0620.2389.0-39.37-80.9-48.5790.7694.7-**++^2+**-19.3-91.0++-23.37-16.3953.93/-,-94.7*90.76*-48.57+-80.92^+-39.37+89.0*20.23*-78.06+-91.0/53.93--16.39-23.37-19.3*-69.76,True
51.55-36.55-+-13.6289.95+^2*92.1122.09-67.67-34.04.545.62-25.99-65.78-^1-^-71.79-/*+/,--36.552^+89.951^--2^--25.99-5.62/4.54*-34.0+-67.67/22.0992.11*-13.62+51.55,True
-60.6-55.510.5527.370.590.6686.66-88.26-55.43*-^1-+^1*+^1+-^1+^2-76.95,^-55.431^--88.26-86.661^+0.66*70.591/+27.3+10.551^--55.52^-76.95+-60.6,True
20.71-13.82-81.0796.45-92.93-55.7938.8381.010.5277.16/49.4889.9156.1-/*+/-^2-*+^2//,-56.1/89.9149.48/*77.16+10.52/81.02^-38.83--55.79*-92.932^+96.45/-81.07/-13.8220.71,True
-16.51-94.433.3589.1-*++*/-92.43-54.49+^-69.46-22.54-1/-69.5817.773.062.28-18.11/+++-,-89.1*3.35+-94.43+-54.49-92.43/--22.54-69.461^*/-18.11/2.28+3.06+17.77--69.5837.14+-16.51,True
10.1372.15-*-59.4871.7765.12-57.66-62.3455.05-98.22+-^1*+-++^1-41.2793.81-61.49-38.36*//,+-98.221^-55.05*-62.34+-57.66-65.12+71.77-59.48*-72.151^*-38.36/-61.49/93.81-41.27+10.13,True
62.72-48.55-81.8159.99+^2+++^253.04+-77.29-24.5337.11+-*-97.727.81-55.28-+36.0647.62*,2^+59.99+-81.81+-48.552^+37.11--55.28+27.81-97.7*47.6236.06*-24.53--77.29+53.04+62.72,True
-2.3244.1661.4-99.22-63.83-15.49-94.96-++^2-^2-^*-65.7843.0-3.2464.61+^1+-^2,--94.96+-15.492^+-63.832^--99.22-*-44.161^+64.61+^2^-43.0-65.78*-2.32,True
-18.39-57.9878.01-57.41/++^2--8.02-90.55-44.5981.019.99-67.39-+^26.739.82-^11^--*,/-57.41+78.012^+-57.981^-39.8226.71/+--67.39+9.99-81.01--44.59*-90.55-8.02--18.39,True
-23.45-66.3419.2882.32-93.02--/63.39-56.14+-++8.4567.22-81.3568.89//-+^2-98.57+-54.4819.29+,--93.02+-56.1463.39/-82.32-19.28+-66.34/68.89/-81.35-67.222^+19.29-54.48+-98.57+8.45+-23.45,True
34.67-21.2427.8940.8-13.78-60.7223.6726.16+-98.08-62.31-94.79-44.88-*+-**--^2^*/+^2,--44.88*-94.79+-62.31--98.08*-97.72*26.16-23.672^--60.72--13.78*40.8/27.892^+-21.24-,False
-99.39+/-86.3-85.0151.26-64.54+--+^28.1963.4977.01-6.31--+^-34.98-7.8963.97+-2-,+99.39+-64.54-51.26--85.012^--6.31+63.97--7.89-34.982^+-77.01-63.49*+-86.3/-45.71,False
-23.96-55.8498.65-74.3550.51-64.86-29.44---^2/+^2+^1-*/-^2-2.4690.84/,--35.72^--29.44/-64.862^+50.511^+-74.35-98.65*-55.84/23.962^/90.84*--81.97,False
69.96-14.35-66.1281.61-62.7392.39-0.24-87.5822.67/-^1-*/*-87.38-45.22+/*-+--^2-59.64,/22.671^--87.58--0.24+92.39/94.27*-45.22-87.38*/-62.73-81.61+-66.12--14.352^-59.64-69.96,False
-93.66-12.51-32.6689.88++^2-^2--13.13-46.11*-*86.9661.72-66.253.21*/*39.98-27.5471.14-+,+89.882^+-32.662^--12.51*-46.11*53.21/-66.2*61.7286.96*-71.14+-27.5439.98--13.13--93.66,True
46.73--/35.65-77.87-11.14-71.06-56.730.95-78.23-49.44-9.48-*///+++-83.01-49.92+14.3-12.83+-,-98.21--9.48*-49.44/-78.23/30.95/-56.7+-49.92-83.01++-12.8314.3++-71.06*-11.1477.87-35.65/46.73,True
-19.1874.86*-87.4512.63-73.73-92.6310.61-^1---0.98-83.3859.34-21.0670.81+*+*/+-^2/52.82,85.08^-10.61+70.81*-21.06+59.34*-83.38-0.98---92.63//+12.63-87.45*2^-74.8652.82/-19.18,True
73.79-7.92-^2-^274.9715.54--7.1-79.9773.1258.89+^2++-+++-86.2883.17-^1,2^--7.922^2^+58.89+73.12+-79.97--7.1+-42.43+15.541^-83.17-86.28+74.97-73.79,False
-84.3632.7425.4+/-26.69-31.37-38.99/-63.2984.07-36.6158.54***+-/*-89.3325.8422.43-36.28+*-*,+25.4+32.7484.36*58.54*-36.61*84.07+-63.29-32.47+-36.28*22.43+25.84-89.33*/-38.99*-31.37-26.69-,False
--18.91-38.03/*-40.24-77.4179.38---63.23-26.6126.0831.92-42.8815.97-60.25-/-++^2++^2-5.94,/-38.03-18.91-79.38--77.41-40.24--60.25/15.97--42.88+31.922^+26.08+-26.612^-5.94+-63.23*-,True
-50.72-29.71-2.74-55.7351.72-88.78-82.1893.71--/--+^1-^1+-79.47--69.3244.7341.47+^1/,-93.71--82.18/-88.78-51.72--55.731^+-2.741^-/1^+41.47/44.73-69.32--79.47+-50.72,True
86.13-7.21-72.72-8.92-68.6444.7-^2*////74.26-90.3529.1815.25+*/38.4964.728.08/+^1/,2^-44.7*-68.64/-8.92/-72.72/-7.21+15.25/28.081^+64.738.49/*29.18+-90.3574.26/86.13,True
-77.8721.1864.564.6443.6381.717.82-86.91/+^1/29.61-9.1988.5747.1975.65-/+^2-+-*//,/-86.911^--/47.192^+88.57--9.1929.61/+7.82+81.71-43.63*4.64/64.56/21.18*,True
-37.0642.3-44.2961.34-49.31+^2-*-+83.23+-14.3996.05-+93.1-79.34+/78.2745.4857.08-+^2,2^+-49.31-61.34*-44.29-42.3-96.05+-79.34/57.082^+45.4878.27/93.1+-14.39+83.23+-37.06,False
-0.3279.38-91.849.4785.0791.37-79.36-34.91-86.8795.56+/+/73.3963.7679.96*++*+^2+^1-/,+95.56/-86.87*79.96+63.7673.39-+-34.91+-79.36*91.372++85.071^+49.47--91.8/79.38-0.32,True
14.8320.7-44.76-65.23-99.94-29.05-*^118.0758.5546.75-^1-^1-*-^1*-32.863.85+,1^15.52^-46.751^-58.5518.07---29.05--99.94+-65.231^--44.76*20.7+3.8532.86-14.83,False
-28.14-10.538.0-76.12**+*-94.7517.8891.44-24.31-14.02-^1/++^1--25.14-69.92-49.28-^1-,^-76.12/38.0+-10.51^--14.02/-24.31+91.441^+17.881^--49.28--69.92-25.14--94.75*-28.14,True
36.8145.3425.69+-27.62-50.256.6/+^2++-^126.7620.43*-*-^2/+34.76^2,/56.62^+-50.2+-27.621^--45.96*20.4326.76-+-96.742^-25.69/45.342^34.76+36.81,False
-64.12-55.7982.955.16*47.9891.69-71.3387.09-97.09+*+*20.57//+-^1*/-15.73-9.21-3.11--/,+-97.09*87.09/-95.720.57*+-71.33+91.6947.98*1+-5.16--3.11--9.21-15.73/*82.95/-55.79-64.12,False
-35.1964.5652.59/-/-96.622.41-12.27-^2+-*^-18.14-69.78-78.4625.51**-280.769.78-17.74+*,+52.59-64.562^--12.27+2.41*25.51*-78.46*-69.78-18.142^*+-17.74*9.7880.76--96.62/-35.19,True
40.856.2454.72-61.0885.9715.0781.589.3952.22+^1++/1+^1+-^1-^2/^2,1^+52.22+89.391^+81.51^+15.07+85.971^-*2^-54.72/56.242^40.8,True
-83.95/-4.499.9797.15-86.8671.9188.64-10.64-31.91-/*/+^1*-+^2-10.68/9.24-^1-63.86,--31.91/-10.64+88.64/71.9139.27^+-86.86*97.15-9.972^1^-63.86-9.24/-10.68+-4.49/-83.95,False
80.3418.22-19.81-19.4322.1792.0684.3950.1+^-4.9581.2133.6*-^21/--+-*-/-17.1129.44*,*33.62^-81.21-4.951^+/50.1-84.39-92.06+22.17--19.43*-19.81-18.22*29.44-17.11+80.34,False
-54.28-28.7273.8526.246.5760.971.71-11.28/*/++*--74.7-75.92*/80.22-92.8710.66+-^1--6.49,/-11.28*1.71/60.97+46.57+26.2*73.85--28.72--75.92+*1^^-92.87-6.49-80.22/74.7--54.28,True
-49.94-47.3855.576.34-97.6334.5339.0179.28-98.0880.418.26-13.39-13.89-+^2+^1--/**-+++,--13.892^+-13.391^+8.26-80.41--98.08/79.28*39.01-34.53--97.63/76.34+55.5+-47.38-49.94,True
66.34-79.486.9513.9823.4-30.2658.2375.0957.5646.46-32.4261.48-16.5-10.9969.44**/-+/*++*/-/+,*69.44*-10.99+-16.5-61.48+-32.42/46.46*57.56+75.09+58.23*-30.26/23.4-13.98/6.95+-79.4866.34,False
-31.4-43.28-16.220.5517.5695.39-18.3686.3-59.1199.4897.48/60.499.17-^1-^2^++--++--,1^-9.1760.49/2^-97.48+99.48+-59.11+86.3--18.36*95.39-17.56+0.55--16.22--43.28-31.4,False
-24.6656.76-36.9119.5141.66-3.9517.6689.4-86.0514.945.55+---+//*+*+90.616.3622.95+^1/,+5.55-*--86.05-89.4+17.66--3.95/41.66+19.51+-36.91*56.761^+22.95/6.3690.61+-24.66,False
-65.6884.88/44.08-48.8371.94-38.11-67.78**+*65.7440.41-81.35-12.79-^1+-/-70.2240.5536.89*--*,*-67.78*-38.111^--12.79+-81.35-40.4165.74**36.89-40.55-/+71.94+-48.8344.08/*84.88-65.68,False
-52.38-26.61/*-93.0162.49-+*1-81.9720.7-84.36**+^143.53-26.99-5.11-+^-80.56-71.25-1/,/-26.61-62.491^*-84.36*20.71^--71.25-80.561^+--5.11/-26.9943.53+-81.97+-93.01*-52.38,False
17.51-64.55-88.2997.3819.1461.61-83.83++^1+/-59.2594.6999.24-28.1511.05//-+^1+^2-*,+-83.831^+61.61/11.05/-28.15-99.241^+94.69-59.25/+19.142^+97.38--88.29*-64.5517.51,True
-49.82^-11.23-49.48-59.46+/31.01-65.36-83.1381.66+-+--23.39-22.4669.08-20.4/-/-^2*-^1,+81.66--83.13/-20.4-69.08/-22.46-23.39-+-65.3631.01/+-59.462^--49.48*-11.23--67.861^-49.82,True
-77.8218.149.39-87.38-60.7863.0738.89-65.46-95.84-29.44-43.04-+//-^2+/+^1+*/-35.45^2,--43.04+-29.44/-95.84/-65.462^-38.89+63.07/-60.781^+-87.38+-*18.142^-35.45--77.82,True
-40.8261.48-16.6283.1830.0710.9323.1325.51+-**+/1+/-^231.3998.9-16.58-10.4994.26*///,+25.51-23.13*10.93*30.071^+83.18+-16.62/61.482^*94.26/-10.49/-16.58/98.931.39--40.82,False
78.5840.28-75.62-4.49-17.4180.35-7.16*--*^47.63-13.0839.6456.22-+^1-+^1-+-^2,-80.61-56.22+39.64*-13.0847.631^*--7.16-80.3542.79^+-17.41--4.49+-75.62-40.282^78.58,False
-62.13-65.8775.9447.27-73.4567.422.53-43.89-35.03-42.65-36.27-3.9210.0-85.92-*+/+^2-*-**+/*,--85.92-/+-3.92/-36.272^+-42.65--35.03*-43.89-2.53*67.42*-73.45+47.27/75.94*-65.87-62.13,False
-15.8383.88-85.98-/-+-25.91-98.3773.7-3.78-/-*+-72.24+-11.954.4-43.4440.72-77.24+^2/--,--85.98/83.88--3.78/73.7--98.37*-25.912^+-77.24/40.72--43.44-54.4-11.9+-72.24+26.85--15.83,False
-71.9491.08-35.1-45.1325.3532.2318.48+--+78.15-79.58-25.4716.8110.43//*+/+^2+/+^1,+18.48+10.43/16.81*-25.47+-79.58/78.1579.68--32.232^+25.35+-45.13/-35.11^+91.08-71.94,True
-30.3290.98-75.18-25.1171.0492.36-57.4990.6173.3259.41-10.98-54.63-71.21-1.81+--+**-^2-/**+/,+-1.81--71.21--54.63+-10.98*59.41*73.322^-90.61--57.49/92.36*71.04*-25.11+-75.18/90.98-30.32,True
5.75-27.16-98.46-48.394.09-34.09/-^1.77/-/--41.8258.43-19.42-3.666.78-73.4-62.46+**/+^1+,/-34.091^-94.09/-48.3--98.46/-27.16+-62.46*-73.4*66.78/-3.61^+-19.42+58.43-41.82-5.75,True
55.0372.15-54.9962.69///+^2-26.9841.04-79.5759.16-72.57+*+/*-91.26-30.9518.01-76.32-*+^1,/62.69/-54.99/72.152^+-72.57*59.16+-79.57/41.04--76.32*18.011^+-30.95-91.26+-26.98+55.03,False
-38.78-47.8633.44-27.01-8.592.4627.47*+*--*2^75.1253.07-23.0-23.66+*+^21*-^2,*27.47+2.46*-8.592^+-23.66*-23.02^+^75.121^---27.01*33.44--47.862^-38.78,True
-55.1929.3-15.74-64.75+40.09-70.5962.12+/-*/-++^2-70.43-^120.6^53.6896.03+*-81.94,+62.12/-70.59-40.09*-6.02/-64.75--15.74+29.32^1^+96.03-81.94*+/20.6--70.43+-55.19,False
52.7-76.9920.7786.9468.6612.16-43.27+*+^2+^1-*/24.0430.76/+^2-64.326.69-0.9+/,+-43.27*12.162^+68.661^+86.94-20.77*-76.99/30.762^+-0.9/26.69-64.3+-/52.7,True
32.1918.6586.4479.44++-^2+-24.6757.6734.5464.95-63.9-89.3515.34-^2**/+-/-54.35^1,+79.44++2^-18.652^-15.34*-89.35*-63.9/64.95+34.54-+1^-54.35/-24.67+32.19,True
-50.95-5.52-76.64-73.73-26.8621.910.4548.993.8566.72/-+74.0779.22-^1++*-*+-^2+,/66.721^-79.2274.07+-93.85+48.9+10.45*21.9--26.86*73.73+-32.322^--76.64+-5.52-50.95,True
-53.9319.95*-^1-2.257.76-51.55-52.09.91-*--^1+10.2292.577.2644.44*+^1-+1,*19.951^-9.91*-52.0--51.551^-7.76*44.441^+77.26-92.51^10.22+-2.25--53.93,True
-34.2339.22--69.91-12.0434.63-70.56*13.9/+---79.4721.62/--^1*46.48+^271.06--95.15,-39.22/13.9+42.32/21.62-79.47-^-70.56-34.631^--12.042^-95.15-71.06+46.48*69.91--34.23,False
-23.93-21.03/-89.2-89.05-19.922.71+-/-60.95-30.88-31.3565.5245.19-*+*--/14.1269.39-28.71*-+-,+2.71--*65.52+-31.35*-30.88-60.95/--19.92--89.05*-28.71-69.3914.12/--89.2+-88.84--21.03-23.93,False
-64.53-81.93-42.37-23.53*--23.65-71.5554.55-74.0734.81+*+/^14.6-27.22+^12*++26.5-94.06*,--23.53+34.81*-74.071^+-27.2214.62^++54.55*-71.5523.65---42.37+-81.93*-94.0626.5+-64.53,True
-24.1976.88-13.42-1.5858.58-18.9142.8925.92-73.28-+-1.0729.88-99.02-45.12*//+^2+^1-*/+,--73.28**/-99.02/29.881.07-+25.922^+42.891^+-18.91-58.58*-1.58+-13.42+76.88-24.19,False
-68.31-33.93-+/^78.8-20.83-92.8947.07/+^2*1-30.2-4.36*-71.61+/-^1-^2-55.78,+47.072^+-92.89*-20.8378.81^/+-71.61/-67.021^--4.36-30.2++-33.932^-55.78--68.31,False
-10.25-27.14*55.8181.31-13.7457.3432.38-94.02-79.66-98.46*-/--+-**+*-43.37^79.0552.49+*+,*-98.46--79.66/-94.02-32.38-57.34+-13.74-81.31*55.81*66.2+-27.14+52.49*79.05+-53.49^*-10.25,False
-4.6290.0458.7572.8-51.01-54.02-96.1977.92-48.28/-56.0252.97--+^2/++^2*+//-^2,-52.97--56.022^+-94.07/-48.28+77.922^+-96.19*-54.02+-51.01/72.8/58.752^-90.04-4.62,False
-77.33.476.58/+^1+21.17-14.8996.9814.96/-^1*91.5494.4771.1271.9881.31--/+^1/,/76.581^+3.4/14.961^-81.31-71.98/71.121^+94.4791.54*-96.98/-14.89^+-77.3,True
80.5234.9814.33-74.22-43.3385.0559.91-93.81-11.19-27.338.34-8.25+/69.69-81.45**++*+*-^2*-/,*-81.4569.69/+-8.25*8.34+++-11.19*-93.81+59.91*85.052^--43.33*-74.22-14.33/34.9880.52,True
77.3337.4324.318.4-86.2-74.32-53.0889.4195.57-81.71+-^2^+^2+^1-+^1-^2-,+-81.712^-95.57*89.412*+-53.081^+-74.32--86.21^+8.42^-24.31-37.4377.33,False
-26.4447.16-29.84-21.37-40.9358.1-41.02-99.85-62.66-74.18--^2*/-^1*--/96.2473.46-+^1,--74.182^--62.66*-99.85+-41.021^-58.1*-40.93--21.37*73.4696.24/--29.841^+47.16-26.44,False
37.68-22.7-24.62*-89.9-29.15-66.82-96.1647.459.43-52.6376.86-^2-**+^1**+-/+/,2^-76.86--52.63*9.43*47.4574.06^+-96.16*-66.82*29.15+-46.06--89.9/-62.17+-24.62/-22.737.68,False
-51.36/99.2797.93-54.88-79.53-66.8730.78-37.02-52.63//-^2-*-+/-37.3199.3873.84/-+^2*,/-52.63/-37.022^-30.78/-66.87*-79.53--54.88/73.84-99.38-37.31/+97.932^+99.27*11.0-51.36,True
-66.96-28.65-40.619.82-25.6190.09-52.9882.8374.116.96-12.2619.9-^2/++^2////+^2-*,2^-19.9/-12.26+6.962^+74.11*82.83/-52.98/90.09/-25.612^+19.82/-40.6*-28.65-66.96,True
-93.834.47-49.3712.458.71-35.58-91.79-96.28-19.57+^2-^2-*-80.97-14.3936.66++^*-^1-+,2^--19.572^--96.28+36.66+-14.39-80.97*--91.79/-35.58*58.711^-12.4--49.37+34.47-93.8,True
-85.71-65.5266.42-29.29-32.53-21.91-21.8-60.1-73.29.916.46-^2*+^2+//-2.29-89.21*--+/+,-10.26^-16.46*9.92^+-73.2+-60.1*-89.21-2.29/+-21.8--21.91--32.53+-29.29/66.42+-65.52-85.71,True
54.214.72-89.03-87.9233.6319.0310.68+/**+-^1/-65.1995.375.86*/+*--32.5977.95-86.84*+,+10.68/**33.63*-87.92+-89.031^*75.86/95.3-65.19/-4.72*-86.84+77.95-32.59-60.42+54.21,False
-40.22-46.2433.8651.5659.1870.68-76.6235.41-43.38.43-19.27/-+^2*--*1/-+-^2^2,/-19.27-8.432^+-43.3*35.41--76.621^-70.68/59.18-51.56+33.862^--46.242^-40.22,False
45.4116.22.2416.2914.3310.15-53.9837.49-57.62-1.4257.01---^1+/-^78.64//+-^2--0.82,-57.01--1.421^--57.62+37.49/-53.982^-*/14.33/16.29+2.242^-16.2-0.82-45.41,True
-88.33-0.178.3^-77.03/-+^2*+^*-54.19-5.23-25.36-26.77+*81.84-60.1999.14-38.43-+/-/,/-77.03-58.162^+8.3*-0.17--38.43+99.14/-60.1981.84*+-26.77--25.36/-5.23-54.19*-56.64+-88.33,False
/73.06/+/-58.9-31.62-35.2982.09+^2-/34.0325.0849.2725.76-43.76-42.53-^1/*+-^1,/73.062^+82.09--35.29/-31.62-58.9/1^--42.53/-43.76*25.76+49.271^-25.0834.03+-59.5,True
-20.240.81-77.8177.030.1772.32/-*---37.12-94.91-^2/--91.36-3.34-59.17--18.23**-/+,/72.32-0.17*77.032^--94.91-37.12---77.81/0.81*-18.23*-88.46--59.17/-3.34+91.36-79.65--20.24,False
-44.86-24.51++-91.439.130.5187.63*+^1/^^29.54*-26.57*44.07-64.38*+-28.0662.58+-44.92,+-24.51*87.631^+30.51/39.12^*-64.38+62.5844.92--28.06+44.07*-26.57*9.54--91.4+-44.86,True
52.178.17-35.0973.415.99-14.79-/+-/-89.8171.39*-^1*76.96-44.68-21.8-9.2744.36/***+/,--14.79/5.99+73.41*71.39-89.81/--35.091^-8.17*-68.2*44.36*-9.27+-21.8/-44.6876.96*52.17,False
-62.964.996.9-57.0677.83+-^2-^1/*-19.3446.76-85.142.32-29.34+^2++^1+^1,+77.832^--57.061^-96.9/4.92^+-29.34+42.321^+-85.11^+46.76-19.34*-62.96,True
47.5334.3275.35-89.341.88-36.79-13.3869.743.43+^1+^2--2*-^1+++--75.56/,1^+3.432^+69.742*--13.38*-36.791^-1.88+-89.34+75.35+34.32/75.56-83.4-47.53,False
56.0912.29-40.09-6.91-43.9916.1952.38-5.7778.08/75.56-82.09/-44.4-27.85----+-^2+*+++*,--27.85--44.4-50.37--82.0975.56/+78.082^--5.77+52.38*16.19+-43.99+-6.91^-40.09*12.2956.09,True
37.18-8.94-36.2232.1714.9145.02-^2///+*35.32-57.6521.21-60.49-*^67.72-65.17-1*+^1,2^-45.02/14.91/32.17/-36.22--65.1767.721^*--60.49*21.21+*35.32*+-8.941^37.18,True
-92.0-82.02-32.56-23.98-56.083.18-2.2210.29-55.814.74+--*+^2*/-+*++-1.78-12.181.81-+,--60.54-14.74*-55.82^+10.29*-2.22/83.18--56.0+-23.98*-32.56+-82.02-81.81+-12.1-1.78+-92.0,False
83.0864.56-57.5362.8195.4633.88-39.5244.1-59.91-62.6526.9284.39-93.2/+/*+^1-^2/+**/*,/-93.2+84.39/26.92*-62.651^+-59.912^-44.1/-39.52+33.88*95.46*62.81/-57.53/64.5683.08,True
93.9266.93*39.656.55-83.2-76.2349.96*22.18-/-/*+**72.5-66.0-96.66-14.96-+-+^1-,-+/-78.67*49.96/-76.23*-83.2+56.55--14.96+-96.66--66.072.5**39.61^+-56.76-66.9393.92,False
*45.25+**71.3679.41-70.41-8.19*-41.27--^37.0727.7736.3775.62+^2**1-39.39-39.48-,-79.4171.36**-79.5545.252^+75.62*36.37*27.7737.071^-+-39.48-39.39--41.27*8.19-70.41*,True
-54.5389.8969.01-1.6-54.41-77.684.7-46.21*--+-^2*+-^1-64.63^-17.239.0489.63**/-,*-46.21-+--77.68+-54.412^--1.6*69.01+89.891^*89.63*9.04/-17.23--3.99-64.63--54.53,False
-41.83-85.56-25.510.76+-2.15-57.117.6437.03-45.741.15/+-+^1+--^2-*91.29+62.27-48.36+,/41.15+-45.7-37.031^+17.64*-57.1-2.15+-0.762^--25.51--85.56+-48.3662.27+91.29*-41.83,False
66.9439.49-60.19-62.2855.323.84-71.18-76.43-87.64---/21.9-84.4911.53**+*-++-+--^2,*11.53*-84.4921.9/--16.6+-75.33*-87.64--76.43+-71.18+3.84-55.32+-62.28--60.192^-39.49+,False
58.06-53.64/**+/^52.32-44.92-61.34-7.67-54.77/*/+^22-47.4378.2776.45-46.97+//-72.17,/-53.64/-54.77*-7.67/-61.342^+-44.9252.322^/+-46.97/76.45/78.2772.17--47.43-13.0*58.06,True
69.5675.6961.39-35.858.9396.26+-1.0175.3993.64+-^1-++*-^1-+-^1-31.37-16.47+,+93.641^-75.39--1.01+-75.27+96.26*58.931^--35.8-61.39+75.691^+-16.47-31.37-69.56,False
-86.744.8845.12-38.9338.0173.2878.49-37.084.3886.728.54-76.38*/^-/+^1+-+/*+^1-66.43,*-76.38/8.54+86.72-84.38/-37.01^+78.49+73.28-38.01+-38.93/45.12**1^-66.43+-86.74,True
27.9523.4783.6418.86-37.888.27-17.64-13.4150.497.61-90.3424.61-86.88+*/-*---/*-*/67.96-78.74-,+-86.88*24.61/-90.34-7.61*50.49--13.41--17.64-8.27/-37.88*18.86-83.64*23.47--78.7467.96/27.95,True
58.02-5.5369.19-^2*/61.3-34.054.14-12.72-1.9310.835.093.0777.74*+^2+-^1/++/,2^-69.19*-5.53*77.742^+93.07+35.01^-10.8/-1.93--12.72+54.14/-34.061.3-58.02,False
-60.08-80.01-11.95-64.5894.58--^1+//-18.9678.9270.9287.7367.2-42.8**+^2-^2+^1,-94.581^^-64.58+-11.95--42.8*67.22^+87.732^-70.921^+78.92-18.96//-80.01-60.08,False
-35.51-96.265.3226.37-28.93-49.2578.5873.693.1187.20.499.41+-+--*/*+^1+-+-72.7136.22/,+9.41-0.49+87.2-93.11-73.6*//-49.25*^1^+26.37+5.32--96.26/36.22-72.71+-35.51,True
18.9761.68-41.06+-7.5810.35-61.8172.82--+-+/-97.63-68.2633.7138.9244.4115.49^+^1+--/*,-72.82--61.81+10.35-7.58+--41.06+61.681^+-39.26+15.49-44.41-38.92/33.71*-68.26-97.63/18.97,True
68.4754.42+-17.5794.5410.53-59.1--///^84.0492.76-96.0363.370.59+-+*/-3.9772.6675.41/+1,--59.1-10.53*94.54-17.57+/54.42+0.59-63.37+-96.03/75.41+72.66-3.97-*92.7684.041+/68.47,False
83.7871.5455.82-21.27-50.75-38.5830.99-74.61-80.51-94.23-^2+-^2/-+^1**-^2/-66.59,2^--94.23+-80.512^--74.61/30.99--38.581^+-50.75*-21.27*55.822^-71.54-66.59/83.78,True
-95.3-64.02-39.6146.5762.6181.9967.38-+^1***-*^85.390.9866.0583.74+^1-^1+2,/67.381^+81.99*62.61*46.57*-39.61--64.021^+83.741^-++90.9885.32^*-95.3,False
-45.41+^2*28.99-78.2463.29/-/77.7-9.1247.923.38+*+^1*-92.29*82.040.63+^2,2^/63.29+3.38*47.921^+-9.1277.7/--78.24*28.992^^0.6382.04*92.29--38.06+-45.41,False
-67.5857.8676.9150.99-69.426.456.84-77.8-74.16-92.4591.77-18.49-18.77*/+^1+^2^//-*/-+,*-18.77/-18.491^+91.772^+-92.45+-74.16/-77.8/6.84-6.45*-69.42/50.99-76.91+57.86-67.58,False
-45.38-78.020.0897.65+-*-^2-32.0867.637.72-60.16^-6.32+/-^29.17----21.8546.89.08**,+97.65-20.08*-78.02^+-6.32/-75.242^--60.16-37.72-67.6*9.08*46.8-21.85--32.08--45.38,False
19.6872.06-71.7845.93-77.1771.71+-+-/46.04-97.45-67.23*-//53.7310.7172.16-24.2589.33-+^2+/,+*--77.17+45.93*-67.23--97.4546.04/--71.78/72.06-89.332^+-24.25+72.16/10.7153.73/19.68,True
-41.538.4340.63-^1*-^1-62.22*74.18-46.49-98.7944.47-^2/++-0.86-53.05-39.49*-^1,1^-40.63*38.431^2^-44.47/-98.79+-46.49*-39.491^--53.05-0.86+74.18*-62.22-^,True
-20.4474.5-63.870.48-2.655.19+//-47.47-27.32-61.74^-86.6578.99-16.71///-^2/*/*-^2,+55.19/-16.71/78.99/-86.652^-*/-61.74*-27.32-47.47//-2.6/70.48*-63.82^-74.5-20.44,True
-49.1638.21-81.45-60.08-92.367.0695.41**/++-^1+/-23.5-17.7-^169.6-81.74-64.41+^^1,*95.41*67.06/-92.3+-60.08+-81.451^-38.211^--17.7-/+-64.41--81.741^69.6+-49.16,False
19.016.4667.945.6519.2923.217.76-23.2376.45-47.9271.01-24.01-56.58/*-/+^1-^1/+*++,*-56.58*-24.01-71.01/-47.921^+76.4523.23-1^-17.76+23.2+19.29*5.65+67.94+6.4619.01,True
16.4967.18+^2/65.9-31.5652.0675.24-46.7591.28+/+-^2+^1*37.84-37.8434.88-^2+,2^+91.28/^+75.242^-52.061^+-31.5665.9/+67.182^-34.88+-37.8437.84*/,False
40.11-39.4177.19-32.0526.63+-69.86-34.03-24.641.19+/+^1//*+^1--^198.81-90.97*-,+1.19/-24.641^+-34.03/-69.86/-0.42*26.631^+-32.051^*-90.9798.81--77.19-^40.11,True
50.253.21-78.25-57.45^-45.2216.54-81.838.36-73.5434.4923.08-^2-^1+//-*+^47.97*-/,2^-23.081^-34.49+-73.54/^/-81.83-16.54*-45.221^+-45.36*-57.45--78.25/3.2150.25,False
55.75-81.23-88.0174.7**/+-7.98-45.77-65.38--^2-14.56-4.16-37.2539.0670.71+-^1/-/^2,*74.7*-88.01/-81.232^+70.711^-39.06/-37.25--4.16-14.56--^/-45.772^-7.98+55.75,True
-93.518.04++^1*+-15.5211.5826.163.29---^2*42.7273.12-23.54-37.8911.37*/-^2-,1^+-53.16*8.04-63.29-26.12^-11.58*11.37/-37.892^--23.54-73.1242.72*-15.52+-93.51,False
-86.61-67.5622.82^99.57-92.0895.0486.4447.49-39.8-35.86-14.69-*-^1-*-^2*/-^2+*,--14.69*-35.861^--39.8-47.49*86.442^-95.04*-92.08/99.572^--76.83+22.82*-67.56-86.61,False
-42.8172.24/-52.2824.0641.92-^2/++^1/-77.63-73.64--6.78-36.94-32.384.89*-/22.8^2,/72.242^-41.92/24.061^--73.64-77.63*84.89--32.3/-36.94-6.78/*2^22.8+52.28--42.81,True
51.2-53.78-79.9838.2275.8231.54+^2*-+^262.6565.18--^1+^1+78.41-64.01-^2,2^+31.54*75.822^-65.1862.65+-38.221^--79.981^+-53.782^--64.0178.41+51.2,False
0.44-46.17-51.0334.1795.83-34.47-7.27-35.66**/++/-+--^1-30.61-44.59-48.47-26.1+/-^1,*-35.66*-7.27/-34.47+95.83+34.17/-51.03--46.171^+-26.1--48.47--44.591^-30.61--47.5+0.44,False
51.862.38-1.12-5.3523.3-27.66/-+^1+^1++-75.56-10.54-91.9-80.2699.53+^1*/+^2,/-27.66-23.31^+-5.351^+^+2.381^+99.53*-80.26/-91.9+-10.542^-75.56+51.86,True
14.73-0.1445.75-64.53-30.4370.57/*-***31.080.65-40.617.32-19.27-+/*/72.4259.12/-^1-50.22,/70.57*/--64.53*45.75*-0.14--19.27+17.32/-40.6*^/59.121^-50.22-72.42/31.0*14.73,True
-48.5114.2816.95-51.91-^36.1**51.2-60.62-73.39-92.86-^2*-^1+-80.69+-75.75-47.33-^2,1^--51.912^--92.86*-73.391^--60.6251.2**16.95/14.282^--47.33-75.75+80.69--48.51,False
62.58.82-18.3143.1181.43-77.869.47-99.48-42.67-14.94-48.09-4.3571.88--/+--^2+*/-^1*-,-71.88--4.35/-48.09+-14.94--42.672---99.48+9.47*-77.86/81.431^-43.11*-18.31-8.8262.5,True
28.04-5.57-36.64--^^227.55-65.0*--42.1110.1615.82-66.8696.89+^1+*/*-30.7235.75+^1,--36.64--5.572^*-65.01^+96.89+-66.86*15.82/10.161^+35.75-30.72*-42.11-27.55+28.04,True
-88.67.764.95-15.961.91-87.6-78.05-92.91-36.81-36.0/++^2+-^-35.71*-^1+*-2.33-63.72-,/-36.0+*2^+-92.91+-78.051^--87.6*61.911^--15.9+64.95*7.7--63.722.33--88.6,False
-65.612.05-25.79-30.048.1129.91-76.78-49.98-57.67*+++///--97.8888.660.27-62.7559.3353.06+--/*,+-57.67+-49.98+-76.78+29.91/48.11/-30.0/-25.79+53.06-59.33--62.75/60.27*88.697.88--2.05-65.61,True
49.0276.3-58.6821.4762.51-74.77---+//-52.55-93.8313.34-/-55.65-5.48**--37.55-94.08--43.14--+,--74.77-62.51-21.47+-58.68/76.3*-5.48-55.65/-13.34*-93.83--43.14--85.22+-94.08-37.55--52.55/49.02,False
36.4-23.15*-81.37-3.43/+-//-22.2652.3733.39-43.4358.01/-^1/**-37.5146.29-9.0911.03/--,/-3.43-81.37*+-23.15/58.011^/-43.43/33.39*52.37*-22.26-40.3//11.03--9.09-46.29-37.51-36.4,False
-50.66-56.96-60.58-86.07-23.67-96.92-21.3392.6893.81-89.141.68-70.46-+/-^1/+/+^1-+-^1,--70.46+41.68/-89.11^-93.81/92.68+-21.33^-96.921^+-23.67--86.07+-60.581^--56.96-50.66,True
73.44-42.79-61.6430.94/-25.42-96.37-1.56-9.39-73.1/-*-^2//-^1+^1/*-89.19^2,+---9.39*-1.562^--96.37/-25.42/57.361^-30.941^+-61.64/-42.792^-89.19*73.44,False
7.6250.64-92.34-0.62-26.3960.2848.36-77.43-28.74/+^1/--++^2*-^19.46-80.22-^1,/-28.741^+-77.43/48.36-60.28/-26.39+-0.622^+-92.34*50.641^1^*-80.229.46-7.62,True
-32.34*-66.38-71.01-21.84-17.4874.0961.057.66-7.9189.56-76.18-13.07-35.06^-^2-^2//+++-/*,*-35.062^--13.072^--76.18/-/-7.91+57.66+61.0+74.09--17.48/-21.84*-71.01-66.38*-32.34,True
39.29-84.1926.39-^1*+59.94-16.92-^1-4.3634.6-^2*68.3839.0153.9999.43+^1-+,1+-26.39*-84.191^--16.922^-34.61^+99.43-53.99+39.0168.38*4.36-59.94+39.29,True
-44.8954.9217.22-34.26-72.6310.82.767.0-^1//-+^20.2618.9-20.94+^49.71-2/-^2-,1^-67.0/2.7/10.82^+-20.94-18.920.262^+--72.63/-34.262^-17.22-54.92-44.89,True
18.747.57-55.439.47+^2-^1*+0.46-60.96-88.7269.3289.88-77.7594.57--^2/-^1**,2^+9.471+--55.43*47.57-94.572^--77.75/89.881^-69.32*-88.72*-60.960.46+18.7,True
-63.1638.93-91.99-36.77-92.61-45.5-60.01-92.574.8469.31-89.835.9456.01+^1+/**+^2/--//*,1^+56.01+35.94/-89.8*69.31*74.842^+-92.5/-60.01/-45.5--92.61/-36.77/-91.99*38.93-63.16,True
84.71-61.64-+45.64-46.52**-93.32-85.6779.06-36.295.02-^1*+^2+/89.48-14.6558.51-^2-,--61.64*^1^-5.02*-36.292^+^+-85.672^-58.51--14.6589.48/-93.32*45.64+84.71,True
-42.9-19.17-68.66-82.7144.716.089.88-51.98//--+-/0.3611.1-1.71/++^1-^78.5383.89++,/-51.98/9.88-16.08-44.7+-82.71/-1.71+11.10.36//-68.661^+-19.17+83.89+78.5395.74--42.9,False
-16.36-70.21-92.93-79.5336.74-+^1--/22.475.678.57-63.82^-84.0/*-+*--35.75-28.7346.51-+,-36.741^+/--92.93+-70.21/-84.0*-97.27--63.82+78.57*75.6-46.51+*-35.75-22.4/-16.36,False
45.0-25.82-97.1933.15-32.95-25.1353.9-44.21+-^1-*//+**90.360.9952.25-1.11/-^1*,+-44.211^-53.9-25.13*22.83/-32.95/33.15+-97.19/-1.111^-52.25*60.9990.3**-25.8245.0,False
-92.9583.97-5.4158.03-58.7478.5413.2165.113.4*/-^2+/+*++-51.6-80.575.53+^2-^2,*13.4/65.12^-13.21+78.54/-58.74+58.03*-5.41+83.97-38.67^-75.532^--80.5-51.6+-92.95,False
16.12-27.69-78.38+//-71.48-22.25**84.66-68.52^-27.7831.09-34.4377.56-+-^2+//+92.115.7+,+-78.38*-22.25-71.48//-27.69-77.56+-34.432^-31.09+-27.78/40.44+15.7*//-68.5284.66*16.12,False
-29.2981.87--27.3184.28-6.45/*--^35.73-93.1822.5744.1184.2967.54**+-^2-1-^2+,/-6.45*84.28*67.54*84.29+44.1145.11^-22.57--93.1835.731^---27.312^-10.92+--29.29,False
-79.07-36.02-79.5930.11++^+^1-53.61+99.54-17.11-14.1-43.22-4.8126.91-90.8588.66-87.35/*+-*--*,+30.11+-79.59--1^/-87.35*88.66+-90.85-26.91*-4.81/-43.22--14.1*-17.1199.54+-53.61+-79.07,False
39.2334.71-88.73-7.7461.8661.57**-*-+-11.5471.22-72.89-18.68-58.88-35.0/--^1+*-57.0794.51**,*61.57*61.86--7.74*-88.73/-35.0--58.881^--18.68*94.51-57.07*+-72.89*71.22-11.54+-34.7139.23,True
-97.96-26.2492.2174.4988.0/*++-17.0324.51-83.2426.0443.5991.6-^2-^2/--+-17.76^6.62,/88.0*74.49+92.21+-26.242^-91.62^-43.59/26.04--83.24-24.511^-17.76+^--97.96,True
52.82*57.32-32.9330.54-54.21*55.5370.47++/-+^1//93.39-0.63-62.85++^2+46.9-44.54/,+70.47++/95.97--54.211^+30.54/-32.93+-62.852^+-0.63/-44.5446.9+93.39/57.32*52.82,False
24.2195.61-56.23.0269.347.4486.47-95.05/*+/+-^29.17-16.6-54.2752.96-++^12-^2*,/-95.05*86.47+47.44/69.3-52.96+-54.271^+-16.629.172^-+3.0256.83^--56.2*95.6124.21,True
74.81-25.85-78.53-10.7229.48-68.83-88.65-22.56-77.27-91.19+^2*-^1/+-+^-72.42*35.84-56.41//*,2^+-91.19/-77.271^^-22.56/-88.65+-68.83-29.481^/-56.4135.84*+-10.72/-78.53*-25.8574.81,True
-49.6610.69-76.14/27.5-0.17-67.17*--^1/+-77.1-5.8374.74*-^1+-46.34*-58.6860.83+^-70.21,*-67.17--0.1727.5/1^--76.14/10.69*74.741^-*2^/60.83-58.68*-46.34+-77.1+-49.66,True
11.6814.0125.55*--30.1583.73-85.6-51.57-66.99-72.55**+-^1+^1--45.4351.5919.5375.86--/,*25.55-14.01*-72.55*-66.99+-51.571^--85.61^+83.73-75.86/19.53/51.59-45.43+30.15-11.68,True
1.9669.872.04-65.7471.93+-^1^-55.2478.29-75.55-43.361.984.56*--^2+^2/2*-*,1^*4.56-1.982^--43.362^+-75.55/78.29-55.242^-+71.93*-65.74-2.04*69.871.96,True
12.096.549.478.3411.3744.54-0.0270.386.2387.14-26.5/++^2^-72.7994.54*1/^//---+,/-26.52^*94.54-72.791^++87.14/86.23-70.3/-0.02/44.54-11.37-8.34-9.47+96.54*,True
50.189.06-32.834.02-21.0712.1361.639.2895.78^++^1++59.47-81.476.04*+^1/-^1+-,+95.78+*1^+61.63*76.041^+-81.459.47++12.13/-21.071^-4.02+-32.83-89.0650.1,False
-76.6238.48+^2/92.5913.97-54.04-27.72-+^1-^2+^295.3-95.33-^1*67.3966.15-,2^+38.48--27.721^*-54.042^^13.972^1^--95.33-66.1567.39*95.3+92.59/-76.62,True
-3.82-18.94-42.77.39+--53.08-49.24--37.7611.4-30.68/+/++++^2^-70.6272.0*1/^1,/-30.68+11.4/^+16.47+-49.24-53.08/+7.392^*72.0-70.621^++-42.7/-18.941^^,False
-64.352.8//10.7794.93-+-89.62/-86.1410.54+*---21.69-25.2671.98*/^1/76.07*17.1-77.18-,/2.8-94.93+10.54*-86.14-90.67*-1^--25.26--77.1817.1*76.07/-21.69--89.62+10.77/+,False
-43.25-31.49-32.63-27.23-25.4282.8613.83-83.94-91.76-82.3125.11-55.57-73.94+++^2/*/*+^1/*/-,+-73.94+-55.572^+25.11+-82.31*-91.76/-83.94*13.831^+82.86/-25.42*-27.23/-32.63--31.49-43.25,True
92.98-79.34-27.44+^1+^2-52.76*-21.0523.56-9.87+-97.34+-^1/-^2+86.2150.76*,1^+-27.442^+-79.34+-97.341^-11.04/-9.872^-23.56*50.7686.21+-21.05*52.76-92.98,True
16.77-97.36-41.0-49.467.58-34.5561.351.91-20.13-^2*-40.17-5.03-62.59--^2/+-^2/*-*,2^--62.592^--5.03-40.17*--20.13/1.91+61.352^--34.55/7.58*-49.46--41.0*-97.3616.77,True
-4.1-80.19+-12.29-37.26++*-^142.59-66.1926.5159.84-89.2-97.1490.39--^1++^1+-,+-80.194.1+-98.53*-37.261^-90.391^-/+-89.21^+59.84+26.51--66.1942.59--12.29-,False
-51.5615.4240.6778.22-44.94-*++/59.8344.4140.7926.89-80.7834.11-94.2**-+*^23.9987.08*1/+,--44.94*/+40.67*-94.2*34.11--80.78*87.0823.991^*+26.89/40.79+44.4159.83/+15.42-51.56,True
52.4-27.6359.62-92.24-11.755.31-37.48-97.5-40.99-^1^//^2+-/41.295.88++^2-^2,1^--40.99*-97.5/-37.482^-55.31+-11.7+5.8841.29/--92.242^+59.62-44.37^--27.6352.4,False
26.390.3317.580.1427.475.0396.8320.3-82.063.84-80.3-*+*+^1*//+/*-86.6950.94-^1,--80.3*3.84+-82.06*20.31^+96.83*75.03/27.4/0.14+17.58/0.331^-50.94-86.69*26.39,True
82.59+^2-96.86-39.89-58.3532.41-95.58/+^1-^1/*89.1393.7749.8711.31-97.53--/+^1,2^/-95.581^+/1^--58.35/-39.89--97.53-11.31/49.871^+93.7789.13*-96.86+82.59,True
-96.7864.0588.43-96.3530.64-89.03-2.63-19.77-^2+/-+^^-10.9147.7143.47/59.34++/*2-/,2^--19.77+-2.63/-89.03-30.64+59.34*-2.91/43.47*47.71-10.912^++-96.35-88.43/64.05-96.78,False
75.2-86.217.43-32.42-25.5-90.4-49.4664.4422.4422.4-22.2368.62-^2-^1+/**/-+^1/-,2^-68.621^--22.23+22.4/22.44*64.44*-49.46/-90.4^-25.51^+-32.42/7.43--86.2175.2,True
86.8668.65/-7.35-5.16-35.25*^1*-**-^1-76.431.59+^1+^113.59-39.67-^2,1^--35.25*-5.16--7.35*-47.75*68.651^1^+31.59-77.04^2^*-39.6713.59+-76.4-86.86,False
+^28.87-78.99-7.96-32.66-26.028.6990.42-31.13-37.8931.06*/+/--/++2-70.53-53.18-24.98*-^2,+31.06/-37.89+-31.13/90.42-8.69--26.02--32.66+-7.96+-78.9928.872^*-24.98--53.182^-70.53+,True
98.981.07-97.2814.8710.0762.17-64.21-21.38-89.52-89.24-6.2673.13*-+^2/**/+^1/+^2+,*73.13--6.262^+-89.24/-89.52*-21.38*-64.21/62.171^-10.07/14.872^+/+1.0798.98,True
53.99--51.1345.48-88.92-41.78-93.0860.69/+^1-^2/*+^2-14.39-60.451.26-77.9121.6+**-,/60.691^+-93.082^--41.78/-88.92*45.482^+21.6*-77.91*1.26*-60.45-14.39+--53.99,True
45.18-92.92-90.48-17.38-83.46-61.61*62.0-96.87-57.3*-+---5.3630.94-3.4258.16**/+^2*+76.58,*-57.3--96.8762.0*+-61.61--83.46+58.16*-3.42/30.945.36---17.382^+-90.48*-92.9276.58+45.18,True
-77.53/18.19-97.62+-29.8895.87-88.93-12.7-*^2-^2+-/-6.08-1.613.6217.7*+/+78.88,--12.72^--88.9370.74^-95.87+-29.88--66.07/-97.62*17.7+13.62/-1.678.88+6.08-18.19/-77.53,False
46.83-4.4535.08-24.0542.28-28.18^66.5421.923.991.9769.23-69.71+/-+^1-^1+*+//*/,+-69.71/69.23-91.971^+3.91^-21.92+66.54**+-28.18/42.28/-24.05*35.08/-4.4546.83,False
71.6216.8168.62-61.1499.1198.6423.04-43.22-86.2694.67^22.55-/+/-/--^2-+^2/^1,-22.55*-60.9+94.67/-86.26--43.22/23.04-98.642^-99.11--61.142^+68.62/16.811^71.62,False
69.4514.7565.8718.0561.71-7.1-98.11/-41.0985.726.2-65.11-89.53-*+*+^1+///+-^1-,--89.53*-65.11+26.2*85.71^+-41.09+48.74/-98.11/-7.1/61.71+18.051^-65.87-+69.45,False
26.5270.52*--58.7157.5358.65**-5.971.0++-^238.8213.93-/-72.03-59.6*-^1-73.8370.43/,*70.52+71.0-5.9**58.65+57.532^*-59.6-72.03/-13.9345.36^/70.43-73.83-^--58.71-26.52,True
-11.3531.14-30.94-6.3458.8332.870.1266.1763.16**+-*+/--8.86/46.818.149.6264.35-37.96***/,*63.16*66.17+70.12-32.8*58.83+-6.34/-30.94-31.14^-37.96*64.35*49.62/18.146.8*8.86--11.35,True
-73.46-82.59-31.876.0973.88-27.7-47.19-83.45-32.09-51.8169.61-13.3586.66-^1--+^1/+/-+-//,1^-86.66--13.35-69.611^+-51.81/-32.09+-83.45//--27.7+/-76.09--31.8/-82.59-73.46,False
-2.4897.945.5416.09-23.1381.28-70.6340.16+-20.68-37.0-67.32+/^-66.96-14.87+2//-++^1//,+-67.32/-37.020.68+-14.87-66.962^-+/40.16/-70.63*81.28+-23.131^+16.09/5.54/97.94-2.48,True
-43.87-12.213.79-14.0984.75-35.89-30.5918.8852.3678.66-51.9968.6817.28+**//*-**+^1/-+-80.78,+17.28*68.68*-51.99/78.66/52.36*18.88-**-35.89*84.751^+-14.09/13.79--12.2-80.78+-43.87,True
-72.49-32.93-31.18-^80.15-38.3-79.46+*2/*+22.35-9.0664.84-10.1632.9559.6652.32-+^2-*+*,+-79.46*-38.380.152^-/-31.18*-32.93-52.322^+59.66-32.95*-10.16+64.84*-9.06^+-72.49,True
47.37-57.533.8726.79--66.2820.02-*/29.03-30.6652.27*-^1-+-49.58-76.324.98-9.25/--^1-,-20.02-66.28-*52.271^--30.6629.03/*26.79/-9.25+4.981^--76.32-49.58+-33.87--57.547.37,True
62.6474.51-96.87-84.7214.14-53.05-38.11-4.6224.8524.4718.4884.2148.58-82.47/***+//-+*/-+*-73.36,/-82.47*+*84.21*18.48+24.47/24.85/-4.62--38.11+-53.05*14.14/-84.72--96.87+74.51-73.36*62.64,True
1.5994.24.7690.97-97.280.7367.96/+*-12.15-89.4-***/33.6386.8273.462.7692.75++/*/+89.62,/67.96--89.4-12.15*+0.73*-97.28*90.97+92.75+2.76/73.46*86.8233.63/*4.76/94.289.62+1.59,True
-71.5619.86-80.9192.7---27.5220.466.89-28.77-//-^2*++7.6395.67+84.2162.78+-++-81.59,+-28.77/6.89/20.46-27.52--92.72^--*19.86+62.78-84.21+7.9+95.677.63+-81.59+-71.56,False
58.29-88.268.93-9.85-54.5989.53-74.8650.52-35.5991.3712.1831.6275.28+-/+/-*+*-^1-^2-,+75.28-31.62/12.18+91.37/-35.59-50.52*-74.86+89.53*-54.591^--9.852^-68.93--88.2-,True
3.4413.15-22.9767.11-91.92+++--^159.09+73.0165.6250.6447.15-26.18+-^2-*++^1,+-91.92+67.11+-22.97-13.151^+-26.182^-47.15^50.64*65.62+73.011^+-72.5459.09-3.44,False
91.7135.793.19-81.5732.8739.15+/41.16-80.29-52.2472.88*+^1+-^2-71.07-60.67-53.43*-+++/,*72.881^+-52.242^*-53.43--60.67-71.07-+-80.2941.16/+39.15+32.87+-81.57+93.19/35.791.71,True
74.77-^154.64-^2-48.5340.65-56.1449.91-10.69-2.1-84.84/-^2+/-/+-22.42-73.37-7.9*/,1^2^/-84.842^--2.1+-10.69/49.91--56.14/40.65*-7.9/-73.37-22.42+-48.53-54.64-74.77,True
+-29.43-91.69-14.213.584.89-52.77-98.918.4816.4-82.21-81.48-92.72+***--+-++*/--60.495.55+,+-92.72*-81.48*-82.21*+-18.48--98.9+-52.77-4.89+3.58+-14.21*-91.69/-29.43+5.55-60.49--29.25,False
-51.4/21.4196.9681.1794.9537.7798.08-33.95-73.16-51.04-3.47++^2+-*+++*/*-95.97-96.7*,+-3.472++-51.04+-73.16--33.95*98.08+37.77^94.95+81.17*96.96/21.41*-65.55*-96.795.97--51.4,False
43.62-66.42*86.48*-60.5911.0180.621.7773.01-73.8328.5843.92+-+^2/-+^1+^-23.34+/*,+43.92-28.582^+-73.83/73.01-21.771^+80.61^+11.01+-60.59/44.6286.48**-66.4243.62,False
26.98-33.82-91.48++*54.83-18.4872.386.14-73.7215.4-98.2856.61-^1+/---^2+^2^2,+-91.48+-33.821^-56.61+-98.28/15.4--73.72*6.142^-72.382^*-18.482^54.83*26.98,True
-31.3/-+^1-46.7210.88-*-63.383.17-77.2-79.5--/+93.96+^1-20.62-65.53-5.86/*^2,-54.251^-10.88--79.5--77.2/83.17-97.12^/-5.86*-65.532^-20.62+93.96+-63.3*-46.72+-31.3,False
-6.22-85.91-44.83-51.38-21.1538.1610.71*33.93-42.8311.5144.22-22.34-89.66/*-*-//*/+^2-*/,*85.39/-89.66*-22.34-44.22/11.51/-42.8333.93**10.71/38.162^+-21.15--51.38*^/-85.91-6.22,False
-72.670.82+*-26.56-55.7465.6532.013.9141.42/+^1-+^2--^1^-5.3272.59*2^1,+70.82/41.421^-3.91-32.012^+65.651^*72.59-5.322^---55.741^-26.56*-72.6,True
-95.82.9-86.19-12.24-90.56-55.12-76.9234.0628.153.5+-/*--*/+-16.93-17.36-^2-^151.53,+53.5-28.1/-*-76.92--55.12--90.56*-12.24/-86.192^--17.3616.93*+2.91^51.53--95.8,False
-42.22-67.8-64.1739.01-25.26-9.6229.7990.7-/+*+^1*16.6923.91+/+/55.48-10.1375.46+^1/,-90.7/29.79+-9.62*-25.261^+23.9116.69*++/++-67.81^+75.46/-10.1355.48/-42.22,True
-65.1548.64-5.88*++^31.23-4.87-^21-67.1/-27.2362.74/-^291.28-76.8688.4561.62/-*,*-5.882^--4.8731.231^++48.6465.15/62.742^-61.62-88.45*-76.8691.28--27.23/-67.1/,True
+20.4716.4346.6915.5-54.5396.5335.5535.15--^74.63+*//+-/-71.3813.6962.81-+^2^2,-35.151^-35.55+96.53*-54.53/15.5/46.69+16.43-20.47-62.812^+/2^-71.38/-89.49,False
-54.04-29.8792.01+26.2182.2314.81-72.13++^-73.4124.74-72.515.65-3.1-^1++-1*-^1-/,1^--3.1+5.65+-72.51-24.74-73.411^++-72.13*14.811^-82.23*+-92.01/-29.87-54.04,True
99.6664.21+-7.52-71.1178.27-23.374.51-86.13-41.6176.761.91---^1+-+^1*+-**+-78.74,-1.91-76.761^--41.61+-86.13-4.511^+-23.37*78.27+-71.11--7.52*-57.38*64.21-78.74+99.66,False
10.76-62.4622.8347.5-56.9-71.5-28.69-37.5+*+*+^2-^2//-21.55-65.2493.5923.9315.64-+-*,+-37.5*-28.69+-71.5*-56.92^+47.52^-22.83/-62.46-15.64+23.93-93.59*-65.24-21.55/10.76,True
55.33*-99.78+-19.49-49.29-16.1314.09-63.8518.382.94*81.47-88.4513.96-74.86/-^1-++//-*-+,//1^-13.96--88.45+81.47+49.1/82.94+18.3--63.85*14.09--16.13+-49.29-19.49+-99.78*55.33,False
-13.9688.03-56.82+^1*-^278.8382.5956.6758.93-/94.56-41.78*-+-73.08-58.22-16.31-29.23-/++,1^+-56.82*88.032^**94.56/-58.93--29.23/-16.31--58.22-73.08+-56.67+82.5978.83--13.96,True
-79.2-47.01-44.28*-^1+^1-29.81-68.4983.1+65.7/-11.2260.387.24++++/-^1*/,*-44.281^--47.011^+87.24+60.3+++-18.64/65.71^--27.48*83.1/-68.49-29.81+-79.2,False
59.5752.24-84.61*---63.54-97.4465.3829.763.32-50.21+--+^2^77.89-64.9781.73-^2*2+-,*-84.61-52.24+-50.21-3.322^2^-81.73*-64.9777.892^+*29.76+65.38--97.44-63.54-59.57,True
76.46-71.8328.3660.24-3.74-3.3732.2334.82*96.76-49.41+-++/-6.9279.8681.66-85.94**/*/+/-53.98,+-49.4196.76*-34.82+32.23*-85.94^81.66/79.86-6.92/+-3.37*-3.74/60.24+28.36+-71.8353.98-76.46,False
96.235.71-69.28-43.11-34.01-91.91-8.05+++^1-^1-*+^268.8-47.9113.0884.13/-+^2,+-8.05+-91.911^+-34.011^+-43.11--69.28*5.712^/84.13-13.082^+-47.91-+96.23,False
-76.41*-57.6940.0135.1545.5876.37-35.71-59.751.12/-+*-*/34.06-48.0----*-32.38+^1-31.3,/51.12--59.7++*76.37-45.58--48.034.06/*35.15-40.01*-57.69-48.791^-31.3+-32.38*-76.41,True
42.46-25.04-31.0445.42-66.44/24.73+-+*+^2-*-34.2-83.43-10.0867.77-64.43-4.2-^1++-/,+24.73--70.14+-66.44*45.422^+-31.041^--4.2+-64.43+67.77--10.08/-83.43-34.2*--25.0442.46,True
65.1561.59-21.61-5.2-16.03-23.75-42.6693.06/-40.09+^2-+-^1/+^--^2--82.8764.53*,2^+-40.09--89.3+93.061^--42.66/-23.75+-16.03/-5.2--21.612^-61.59*64.53-82.87-65.15,False
76.310.59-21.8438.6172.56-54.07-73.0397.8-96.2739.24-91.74-90.64-*+*+*-^2--/++^1-21.5,--90.64*-91.74+39.24*-96.27+97.8*-73.032^-^-72.56-38.61/-21.84+10.591^-21.5+76.3,True
89.176.442.5240.97-62.88-53.84*+^2--+-^2-39.76/-11.93-61.9970.11-83.19-56.06+^1-//,*-53.842^+-62.88-40.97-++76.42^1^--56.06--83.19/70.11/-61.99-11.93/-39.76-89.1,True
60.22-81.7-33.11-73.36*-^1**71.98-45.25-26.36-7.6387.22-31.74-^2++-64.7956.86*-+^1*,*-73.361^--33.11*-81.72^--31.74*56.86-64.79++87.22--7.631^+-26.36*-45.2571.98*60.22,False
64.8-10.6380.41*//58.14-81.7253.48-9.8696.1512.76/-^2+-1-*/78.09-0.2577.46-19.05+++,-80.41/-10.63/12.762^-96.151^+-9.86-53.48*-81.72+-19.05+77.46+-0.2578.09/58.14/64.8,True
35.32-48.4175.46*+*-13.82-60.75-1.89**+^2-72.5433.34-42.3984.17*-+^1^40.96-5.8-1*,*75.46--48.41*-1.89*-60.752^*84.171^--5.840.961^/--42.39*33.34-72.54+-13.82*/,False
-79.98-43.6-34.5747.5521.51-34.15*+/*86.67-50.4867.9779.38+/+++^1-^18.22-31.66*+88.64,+-34.15+21.51+79.38+67.97+-50.4886.67*/47.55+-34.571^+-43.61/*-31.6688.64+8.22--79.98,True
-30.9-46.82-57.0290.81-4.12-86.7570.0924.64-64.05-36.46--+^2-^2+^1*+*+-^171.57,--36.46-/2^+24.642+-70.091^+-86.75*-4.12+90.81*-57.02+-46.821^71.57--30.9,False
-41.2694.67-42.36-94.02-28.8287.419.7276.3//-/--^29.71-67.0*2/*-^275.5-86.56-*2,/76.3/19.72-87.4/-28.82*/29.712^---94.02/-42.36*94.672^2^--86.5675.5--41.26,False
97.3685.38-61.44-44.73-63.0787.01+-91.94-52.51-22.49+/+*++^1+^1/-^1-^114.6,+-22.49/-52.51+-91.94*-45.01+-1^+-63.071^+-44.73/-61.441^-85.381^14.6-97.36,True
-16.92-9.9677.57/*/43.59-52.6617.0119.1625.9525.41*/+^2**^-37.2346.4728.26-*2+^2,*25.41/25.952^+19.16*17.01*-52.6643.59/-28.26*46.47-37.232^*-77.57+-9.962^-16.92,True
24.6+14.28-^13.862.8-+-87.7974.67-*29.8142.2-26.7-56.78+//*59.33-33.54-22.15+^1-,1^-2.8+-56.78/-26.7/42.229.81*-74.671^+-22.15--33.5459.33*-87.79+3.86-14.28+24.6,True
+-41.4762.0439.21-23.57-^1--*-0.18-80.2873.24+*/54.9541.6194.1536.02-94.87+^1*//,1^--23.57-39.21-62.04*-41.47+73.241^+-94.87*36.02/94.15*41.6154.95/*-80.280.18-6.5,False
-29.7532.54/-^2-28.47-31.82-76.1941.457.75-64.12++*-/*+-92.14-57.92-94.1229.35/+*^1,/32.542^+63.89*-64.12+57.75/41.4*-76.19/29.35+-94.12*-57.9292.14-+-31.821^-28.47--29.75,False
-6.7317.66-25.76/-^50.18*10.76-75.1551.852.943.68-80.279.5++-/32.3168.66-16.99/-/+/^1,/-25.761^-17.66+79.5+-80.2/-16.99-68.6632.31/-43.68/2.9+51.85+-75.151^10.76*-6.73,False
65.47-52.3155.38-14.9181.52-95.31-1.71-88.56+^1/-//***-37.2292.25+/76.2384.88-10.53-25.09--*,1^+-88.56/-1.71--/81.52/-14.91*55.38+92.25-37.22**-52.31--25.09--10.53*84.8876.23/65.47,True
-35.65-44.2918.4-65.3189.6-35.82-*^39.8446.48-1/****-77.77-84.67-87.470.14++/-20.3-11.89*+,/46.4839.841^*--35.82/89.6*-65.31*18.4+0.14*-11.89-20.3/+-87.47+-84.67-77.77**-44.29-35.65,True
26.068.1381.9752.84-*-0.3-69.4170.2518.36-70.35-^2/-+/+*86.26-71.62*--54.71-88.53-*1,2^--70.35/18.36-70.25+-69.41-0.3*-52.84-81.97+68.13*-71.62--88.531^-54.71-86.26*26.0,True
70.72-57.5556.22-3.2193.3930.1389.44-2.0470.87-23.96--24.04-//*-+^2/42.89-23.31*-+//-,--24.04/-28.66/-23.96*70.87--2.042^+-23.3142.89/+89.44/30.13+93.39/-3.21/56.22--57.5570.72,True
-57.369.0776.79-3.4638.7533.38-46.33-94.16/++^1++^235.85-88.0742.36**/*-^1--13.04,/-94.16+-46.331^+33.382^*42.36*-88.0735.85++38.75/-3.46*76.791^-9.07-13.04--57.36,True
-1.4114.73-94.55-23.69++-^2/-5.75-85.63-21.59-41.812.21-9.1110.6223.32-21.64-62.18-*/+-*-*-,+-23.69+-94.552^-14.73--62.18*-21.64/23.32+10.62--9.11*12.21--41.8*-21.59--85.63-5.75/*,True
-56.27-33.53-66.33-41.6238.4289.08-63.2-51.33-72.91++-^-41.4*-^1*++-86.1620.5-26.87-69.88/-+,+-72.91++2^--63.2*89.081^-38.42*-41.62+-66.33/-69.88--26.87+20.586.16-+-33.53-56.27,False
-49.1+43.4960.92-+-16.116.09++--86.8351.56-90.31*+^127.23-82.43-0.09-14.0364.47*/+^1*,-60.92*-90.311^+51.56-86.83--64.47/-14.031^+-0.09*-82.4327.23++6.09-16.11+43.49+-49.1,False
93.21-19.74-73.5-1.370.2781.31-97.1448.62-34.4527.85-26.0249.53-^2/*+--+^1-*+-^-75.02,2^-49.53/-26.02*27.85+-34.45-48.62--97.141^+81.31-0.27+-1.37+-73.51^--19.7493.21,False
47.01-42.7892.18-8.66-19.04-5.39-58.68-//+^1-+45.0491.35-23.33-37.49-78.72-24.41*/*-++^2,--58.68/-5.39/-19.0481.79^+-8.66*-24.41/-78.72*-37.49--23.33+91.3545.04+-92.18+-42.782-47.01,True
-94.6494.418.61-44.4481.588.6625.89-*+-+87.9278.28-81.14*//*+-57.72-93.38-66.22^-19.75^--/,-25.89*88.66+/*-81.14/78.2887.92+--44.44/18.61*94.4/-19.75-93.52--66.22/-93.38-57.72+-94.64,False
-9.9894.765.21-90.27-84.9-46.0982.54-23.64-29.5291.21-67.19-48.72-^1//+--93.8419.99+-/*--//,-33.89^--48.72/-67.19/91.21+19.99-93.84-+-29.52--23.64/82.54*-46.09--84.9--90.27/65.21/94.7-9.98,True
-69.09-42.26-87.82-80.92-48.9197.2515.79*----**34.07-9.0538.25-/*-19.82*73.7228.8857.5*++-,*15.79-97.25--48.91--80.92+-87.82*-42.26-38.25--9.05*57.5+28.88+73.72-29.04-19.82*34.07*-69.09,True
20.66+^1^28.79-4.8687.32--/+-89.11-27.13-96.21-68.949.59+-+-^59.6894.63-^21-,1^-87.32--4.86^28.79+9.59--68.942^-94.6359.681^-+-96.21--27.13-89.11+88.04+20.66,True
-44.31/-30.7597.28--96.72-89.63-51.125.48-86.19-99.82+-++*-91.66-55.87/-+^1+*-+*82.74,+-99.82--86.19+5.48/-55.87-91.66*+-51.12--89.631^+-96.72+86.16*/--30.75+-80.4382.74*-44.31,False
67.25/^64.5931.2241.0630.5893.78-28.177.85-13.79-25.6-43.8621.02-^2+-^2-++/*++1,2^+21.02+^2^--25.6--13.79+77.85+-28.1/93.78*30.58+41.06+31.2264.591^/67.25,True
-65.4738.44+-60.66-28.8860.47--/-9.9742.75+/-25.6356.91-/66.75+27.32+^1-63.45-44.32/^2,+38.44-60.47+42.75-9.97/--28.88-56.911^/-44.32-92.4^-63.45+27.32+66.75/-25.63-60.66--65.47,True
15.0332.71*--56.92-92.96-47.34-38.37*++--^2*-34.6611.4281.9917.26-15.78/+/-38.7630.35++/,*-38.37+-47.34+-92.96-56.92--93.212^-32.71/-15.78+30.35^/+17.26+81.99/11.42-34.66*15.03,False
12.08-33.1-24.9433.1825.18/^+/--16.6392.1434.2479.84-24.86+/--+60.472.9361.2717.31/-+^1,/25.18+33.18+-24.94/-33.1+-24.86/79.84-34.24-92.14/17.31-61.271^+2.9360.47+-16.63-/,False
-74.57-79.42-16.7233.6360.5451.365.07-23.4-94.45-79.2463.21-10.36**/-^2/+-^1-**-^1,*-10.36*63.21/-79.242^--94.45/-23.4+5.071^-51.36-60.54*33.63*-16.72--79.421^-74.57,True
77.2151.32-1.4640.745.9/-61.89-87.28-14.16-5.21-52.4957.96-60.28+/*+-/-*-^2+//^2,--60.28-57.96**+-5.21--14.16/-87.28--61.89*-72.742^-5.9+40.74/-1.46/51.322^77.21,False
90.48-6.3888.44-92.8214.3227.49-64.34-39.25-97.58-78.13/+^1---**+/-^2*^2,/78.131^+-6.42-97.58-77.78--39.25***27.49+14.32/-92.822^-88.44*-6.382^90.48,False
-90.09--55.1/29.293.4567.8292.86-43.52-2.18-50.8-25.16-26.1577.35+*+--+-^2^+^1^1,+77.35*-26.15+-25.16--50.8--2.18+-43.5274.47^-92.86-67.821^+3.451^29.29/-55.1--90.09,False
-11.4443.13-53.58-55.83/-+*/66.67-88.35.91-92.33-23.0480.45/+^1-//73.18-35.1855.253.39**+,/-55.83--53.58+43.13/80.451^+-23.04--92.33/5.91/-88.3*/*3.39*55.25+-35.1873.18*-11.44,True
19.11-87.43-24.9686.481.5538.27-18.43-35.16-7.44-27.28-53.3689.4513.14-^1-/-^1*+--+*-*,1^-13.14-89.45/-53.361^--27.28*-7.44+-35.16--18.43-38.27/81.55*86.4--24.96*-87.4319.11,False
-82.37-58.03+-23.0115.3140.27*/73.2781.880.74-11.64*+++*-4.0-75.29/+^1-^1*^2,*-11.64+0.74+81.8873.27/*40.27/-75.29-4.0*+15.311^+-23.011^--65.46*-58.032^-82.37,True
83.252.3255.2576.5192.03-53.575.44-96.17++/-++^2-31.75-20.55-**--60.42-85.23-55.05-^1/,+-96.17+75.44/-53.5-92.03-85.11^--20.55-31.75++76.51*55.25*2.321^--55.05/-85.23-60.42-83.25,False
-62.5675.8436.34-3.08-+--*-78.685.43/-22.19-92.29-89.2757.2111.56-40.197.87*++^1-^1/+,--3.08+36.34-75.84/85.43-78.6**7.87+-40.191^+11.561^-57.21/-89.27+-92.29-22.19--62.56,True
-77.9929.4436.37-77.6-56.38-90.44-11.0173.2346.72-35.25-18.2726.5671.610.53+-*+-^2--+**-+/,+0.53-71.61*26.56+-18.272^--35.25-46.72-73.23^-11.01*-90.44*-56.38--77.6+36.37/29.44-77.99,True
5.38-12.75-90.39-3.75*23.39/+*-/-^277.9627.69---88.1757.15+^2+-58.85-45.7933.5-+,/23.39+57.49*-3.75--90.39/-12.752^2^+57.15-88.17--27.69-33.5+-45.79-58.85+77.96-5.38,False
52.84/-21.89-75.45-45.2953.9689.99-69.79*+++-^1-34.329.89--+^284.67-2.9*-+^1,*-69.79+89.991^-65.192^+9.89-34.32-*-2.984.67++53.96-/1^+-75.45-21.89+52.84,True
-40.21-26.99+-52.5213.89-^256.72-61.27-20.1224.03-60.1614.63-84.27-78.99-^2/^^1//-*,2^-13.8952.52-2^--78.99/-84.271^-14.63/-60.16/24.03--20.12*-61.2756.72+26.99--40.21,True
-45.8858.2735.859.89+47.64/-***--29.1994.9736.83--*^-41.5910.69-62.8384.99-30.67---/1,/47.64-0.36*9.89*35.85*58.27-36.83--30.67-84.99--62.83/10.69-41.591^*-94.97-29.19--45.88,False
16.2843.6731.8856.67-7.871.1-90.81*-^1*//*/27.9849.5333.07-+--8.34-26.73-92.82-^2/,*-90.811^-71.1*-7.8/+/31.88-43.67-33.07+49.532^--92.82/-26.73-8.34-27.98/16.28,False
78.5493.27-*18.2931.687.96+-/88.66-78.86-^2+^1-32.0630.92-58.3992.5841.14-^1+-*,-93.27+7.96-31.682^--78.861^1^-41.14+92.58--58.39*30.92-32.06+88.66/18.29*78.54,True
32.9734.0876.34-19.4153.96-28.6651.76-60.7571.08+/63.6195.860.6240.17/-*-/--+*+^2^1,-40.17-60.62*95.863.61/+71.08--60.75/51.76-*-53.96+-19.41*76.34-75.14^+34.081^32.97,True
-20.2195.0173.3240.6-+-*-9.38-95.617.81/+--89.86-8.07+^1/*-80.1-64.15-^2-^2,+-77.56/17.8177.74^+-8.07-89.86-+-95.6-9.38*-40.62^--64.15-80.1*/73.322^-95.01-20.21,True
-45.4162.4360.1183.53^-94.9899.2340.5374.27-37.78/*/----/+--7.8211.298.08-39.06-^1++,/-37.78*74.27/40.53-99.23--94.98-66.92-83.53/60.11+62.431^--39.06+98.08+11.2-7.82--45.41,False
--78.62-62.95-1.2281.55-65.84-37.68-48.69+*-21.6529.37+^1-*//-95.9841.12**-^1-^1,1^+29.37-21.65*+-48.69--37.68*-65.84*41.12-95.98//81.55*-1.221^--62.951^--78.621.13,True
81.67-55.7343.08-+*^-6.841.5945.41-^2*2+-92.63-50.97-+^1-40.33-75.23**-85.96-12.89*,-43.082^-45.41*41.59-2^*+-55.73--50.971^*-12.89-85.96**-75.23-40.33--92.63+81.67,True
94.6681.25-20.83-79.75-20.3391.3438.2660.77-21.73----++-^1^80.64-97.81-39.1-17.35+**1/+,--21.73-60.77-38.26-91.34+-20.331^+-17.35*-39.1*-97.8180.641^-+-79.75+-20.83+81.2594.66,True
-5.62-41.87-1.7629.2-50.23-27.97+80.7582.7141.89-90.89-19.546.35+-^1*-+-^2+^1+++,+6.351^--19.54/-90.89-41.89+82.7180.75+2^--27.971^+-50.23+29.2+-1.76+--5.62,False
-33.78-23.95-22.2751.647.53-42.2-54.88-16.9875.8+^2-+*67.98-69.054.44-89.4//+-*-^2//,2^+75.8--16.98/*/4.44+-69.0567.98*+-54.88--42.2*47.532^-51.6/-22.27/-23.95-33.78,False
28.01-59.8139.6711.4322.1886.47-14.44-39.2154.38-40.6887.389.24-+^1-^1-^2//+*+-*,-89.241^+87.31^--40.682^-54.38/-39.21/-14.44+86.47*22.18*11.43-39.67*-59.8128.01,True
78.1753.5445.3515.56-79.14*-25.54-60.27-35.64-80.16-18.69*/--**++*-98.74-38.14*+*22.53-18.48--,*-18.69/-80.16--35.64--60.27*-25.54*18.0+-79.14*-38.14-98.74*+15.56--18.4822.53**45.35-53.5478.17,False
-97.7694.9787.66-40.1669.4966.03-52.35-22.4637.4297.42+^2+-^-72.7652.76-23.6**+++^1*+*,2^+97.421-*-23.652.76-+37.42*-22.46+-52.35+66.031^+69.49*-40.16+87.66*94.97-97.76,False
60.864.6760.3475.75-20.1883.48-91.3491.52-81.18-83.1310.47//*-/+19.9475.4+**/*---^1,/10.47/-83.13*-81.18+75.4*19.9472.62/-91.52*-91.34/83.48*+-75.75-60.341^-4.6760.86,False
30.2889.6460.04-51.3262.7442.0369.93-89.13-23.0846.87-24.59-++-//++^2-^2+/37.4878.67+,--24.59+46.87+-23.08/-89.13/69.93/++/2^+-51.322^-60.04-89.64+78.6737.48/30.28,False
16.93-55.08***+^295.6542.140.57+^1+^2++^2^-28.67-80.4/285.5^2,*-96.94--55.082^1^+40.572^+42.12^/-80.4-28.672^+2^85.5+95.65+16.93,False
96.62-8.23-93.49-85.74-69.9175.72-63.92--36.69-38.82+-*/+-**+^1/59.49-59.08-14.5274.79+//,+-38.82--36.69/11.41*-63.92+75.72--69.91*-85.74*-93.491^+-8.23+74.79/-14.52/-59.0859.49-96.62,False
-12.0-37.42-53.83-40.4775.19-25.2-25.39-3.88--88.61-88.75*----^1--28.8841.3283.81-/-//-,*-88.75--88.61--96.65--3.881^--25.39-83.81/41.3228.88---25.2-75.19/-40.47/-53.83*-37.42-12.0,False
-92.36-83.41//11.2169.3243.9670.64/86.05-60.7958.39-81.71++^2//+^2/+^1*-43.81,/-83.41+-81.712^+58.39/-60.79/86.052^+9.16/70.641^+43.96*69.3243.81-11.21/-92.36,False
31.792.3-63.59-68.2-83.8582.6881.75-^2+-+/-92.67-46.73+^148.48-89.9-29.6-88.76*++-/-,2^-81.75*82.681^+-46.73-92.67/*-88.76+/+-89.948.48+--83.85--68.2/-63.59-92.331.7,False
67.7132.3338.3668.2325.3552.09-18.343.77.05.351.67-71.14-^1/+^2-*+--^1/--,1^--71.14/51.672^+5.3-7.0*43.7+-18.3-52.091^-25.35/68.23-38.36*32.3367.71,False
^-32.4326.9313.89-89.6546.03+*---/-^2--66.2+-26.6438.06-2.79-31.88*+++29.92-72.1-,*-25.18-46.03--89.65-13.89/26.932^--32.43*-31.88+-2.79+38.06--72.129.92+-26.64+-66.2--96.32,False
-99.93-46.3422.29-92.827.92-31.7242.4-8.937.76-^1/++^1-*-/^-51.49+92.9-^1-0.4,1^-7.76/-8.93+42.41^+-31.72-7.92*-92.82-22.29/-46.3469.85^-0.4-92.9+-51.49/-99.93,True
-74.21-67.131.95-67.2658.16*36.81-33.7419.62-64.48-99.42*-+-*-**//*60.72+-37.0148.83-42.35--,*-99.42--64.48+19.62--33.74*36.81-27.28*58.16*-67.26/1.95/-67.13--42.35-48.83-37.01+60.72^-74.21,False
-69.6880.23-^/-30.24-14.35-31.81-84.81/*+-2*+-42.74+72.88-^224.7378.14-12.65//^2,/-84.81*-31.81^-14.35--30.2486.652^-*80.232^/-12.65/78.142^24.73-72.88+-42.74+-69.68,False
-70.5143.8299.6788.74--18.8717.44-11.5984.5619.58+--^2-^1+^2+^2++^2+,+19.58-84.562^--11.591^-17.442^+-18.872^+19.22+88.742^+99.67+43.82-70.51,True
-2.4869.9766.99-97.53-81.41-91.94-/+++^55.34*-14.5266.52-64.1144.19-2.34.74+^1/-/+^1,--91.94/-81.41+-97.53+66.992^+69.971^+4.74/-2.3-44.19/-64.111^+66.52-14.52*-2.48,False
-13.5760.6814.4973.8355.08-71.56-38.1760.8-/*-*/+-70.9414.52-77.53-91.2-76.51-^2/-+^2,-60.8/-38.17*-71.56-55.08*73.83*14.49+60.682^--76.51--91.2--77.53+14.522^70.94--13.57,True
-46.5931.48-75.23-88.7171.5677.78/--14.83-45.22-28.51-86.921.9772.6628.97^/+///+-^2+^2,/77.78**/72.66+1.97/-86.92/-28.51/-45.2214.83--71.56+-88.712^--75.232^+31.48-46.59,True
-48.711.8832.71-+^1/-53.8559.73**77.57-46.38/--86.086.26+^2-^184.61-18.07-82.44/*,-32.711^+11.88*59.73/-46.382^+6.261^+-82.44/-18.0784.61--86.08-77.57*-53.85/-48.7,False
-35.64-1.86-97.2811.8261.514.76--^2-+^1^-53.47-37.67^2++-74.03-47.9623.72*^+-13.31,-14.762^-61.51^--37.67-53.472^+-11.82+-97.28+-1.86*23.72--47.96-13.31+74.03--35.64,False
46.08-48.326.57^-90.995.7768.37-28.937.38-29.28-42.72///+^1*+/-/-^2+84.61-0.5/,/-42.72/-/37.381^+-28.9*68.37+5.77/-90.99-93.43+6.572^--48.32/-0.584.61+46.08,True
17.56-69.4182.73-75.4320.12-10.97-51.8783.79-7.63-+--+^2-*24.92.75*/*/63.62-45.39/--26.2,--7.63+83.79--51.87--10.972^+20.12*2.7524.9*--75.43/82.73*-69.41/-45.39-26.2-63.62/17.56,True
89.67-91.7350.3637.35+-+^1+^2-80.5724.0995.4181.9473.66-49.532.09-40.74*-*-^2//-,+37.35/50.361^+-91.732^*-40.74-2.09*-49.532^-73.66/81.94/95.41-24.09-80.57+89.67,True
42.75-94.18.3926.36-49.54-3.2514.8-80.9329.47-6.0114.888.079.11^*-/++^2///+-++-86.57,+9.11*88.07-14.8/-6.01+29.472^+-80.93/14.8/-3.25/-49.54+26.36-8.39+-94.1-86.57+42.75,True
13.93-23.27-59.73--+^19.4-32.83*/-24.32-62.2*++-57.19--6.42-44.5-49.58-28.892.47/*+/,--59.731^*-32.839.4+--23.27*62.2+-15.15/92.47*-28.8+-49.58/-44.5-6.42--57.19+-24.32/13.93,True
-50.6796.7351.0545.43-15.64-74.31-41.09-57.65-39.21/*/-++*-^2/46.4569.91+-^2-39.24-28.73-,/-39.21*-57.65/^--74.31+-15.64+45.43*51.052^+69.9146.45/-96.732^--28.73-39.24--50.67,True
62.72--8.74-74.4172.7+**-52.83-64.69-66.5628.6-18.9246.3147.57*+*93.5-93.7186.12+^1-*//*,+72.7*-74.41*47.571^+86.12--93.7193.5*+46.31*-18.92/28.6/-66.56*-64.69-52.83*+-62.72,True
-1.16-6.44-44.87-80.68-75.538.1-3.97.31-64.18-12.3745.68-92.74--^1/+-^2*/*-+^2-,--92.741^-45.68/-12.37+-64.182^-7.31*-3.9/38.1*-75.5--80.682^+-44.87--6.44-1.16,False
24.29-17.1953.4254.9232.32-15.56-6.84-46.78-6.07-6.26-99.979.15--+^1**-+^2-+*-^2,-9.15--99.971^+-6.26--6.07*-46.78--6.842^+-15.56-32.32+54.92*53.422^--17.1924.29,False
17.8978.14-58.071.72-68.2938.13-56.616.72-53.0622.3-^2-+^1-**/-+-28.35-85.39+^2,2^-22.3--53.061^+16.72--56.6*38.13*-68.29/1.72--58.07+78.142^+-28.35-17.89,True
-57.8232.0625.44-30.91--^10.1216.24-35.13***+^198.55/-45.964.77-69.92-10.3-6.2346.16*+^*/,--30.91*-35.13*16.2410.12*-25.44*32.061^*46.16+-6.23/-10.3*-69.92/4.77*/98.55+-57.82,False
79.3250.174.8527.13^86.78-53.159.89-45.6358.15/*+-*+/-^2++-34.47-85.97-59.5655.18++*,/58.15*-45.63+9.89--53.15*86.78+21.13/27.132^-4.85+50.17+++-59.56*-85.97-34.47+79.32,False
90.4196.59-81.3942.04-46.0334.4950.1637.18-73.0855.4495.95-38.49*+^2/*+^1/*/+-+^2,*-38.492^+95.95/55.44*^1^+37.18/50.16*34.49/-46.03+42.04--81.392^+96.5990.41,True
97.5876.8487.5981.56///-89.3621.7948.82---^2-23.76-55.1112.0-86.27-20.2-47.37/-^1/*+,/81.56/87.59/76.84-48.82-21.792^/-47.371^--20.2*-86.27*12.0+-55.11-23.76-89.36-97.58,True
-79.66-97.4130.8328.2269.37-4.36-51.19-48.7828.3-74.9339.12-25.63**---^2*-*+-^2-/,*-25.63*39.12--74.93-28.32^-48.78*-57.81-+*-4.36+69.372^-28.22-30.83/-97.41-79.66,False
-31.18-*-57.617.38-60.12-30.8416.7891.9-99.1425.17-29.9-65.02**--^-56.72--^2/--32.54-14.12*,*-65.02*-29.9-25.171^--99.14-91.92^-16.78/-30.84--60.12-17.38-57.6*-14.1232.54---31.18,False
69.23-53.41--87.91-50.5-71.42-+^19.2115.0861.06++*-82.64-8.4424.141.98+^2+-+/^2,1^+61.062^+1.98+24.14--8.44-82.64*+15.089.21+--71.42+-50.5-87.91-/-53.412^69.23,True
-69.93-57.9723.56-58.3-0.09-8.85-99.0398.42-14.6-91.5721.14-^1/-^2*+^1+^2//*+,1^-21.14/-91.572^--14.6*98.421^+-99.032^+-8.85/-0.09/-58.3*23.56--57.97-69.93,True
-^-86.55-73.77-7.99*-/-44.65-8.964.15-63.1^-15.53-^1-^2/*-2-33.967.16-^2,*-7.991^--15.532^--99.55/-63.1*4.15--8.96-44.65/--73.77-86.552^2^-7.16-33.96-,False
-76.01-82.93-82.61-70.15-41.489.52-95.4579.43/+-^1+^2+^1/-*-94.738.6584.95/+^1,/79.43+/1^-89.522^+-41.41^+-70.15/-82.61--82.93/84.951^+8.65-94.73*-76.01,True
77.14-23.68-18.36/-*-23.37-53.36-66.31-46.47-59.65-55.09*+-/37.1865.0646.94-8.65/--1-+/+-50.79,/-18.36*-55.09+-59.65+-8.651^-46.94-65.0637.18/--46.47+-66.31/-53.36-23.37*--23.68-50.79+77.14,False
23.28-9.150.87-36.2267.4781.2410.71-33.5512.7861.2991.8842.5880.8373.21+/*//-^2--+-**/,+73.21/80.83*42.58/91.88/61.292^-12.78--33.55-10.71+81.24-67.47*-36.22*0.87/-9.1523.28,True
--56.28/*28.84-6.73-23.5990.071.59-43.35+++^264.45-27.6711.01-38.13-^1-^2/-+/,/-56.28+-43.352^1^--38.132^-11.01/-27.6764.45++1.59-90.07+-23.59/-6.7328.84*-22.52,False
75.6-22.9949.43-99.8375.96-46.4-90.65-15.66-81.17++^2**-/+/-^221.2-84.7264.8-^1/,+-81.172^--15.66****-75.96/-99.83+49.43/-22.992^1^-64.8/-84.7221.2-75.6,False
-73.4-13.78-89.51-4.04-52.92-78.98-80.56-25.68-0.05-96.963.1+^1^-/27.775.12-23.92**/+*//-+,1^+63.1+-96.9*-23.92*5.1227.77/*-0.05/-25.68+-80.56^-78.98/-52.92/-4.04--89.51+-13.78-73.4,False
84.6576.95-26.61-43.79-75.4545.15-35.0241.2672.07/-*-/^--40.2918.83-69.1241.71++*-1-///,/72.07-41.26*-35.02+41.71+-69.12*18.83--40.29-35.291^/-45.15--75.45+-43.79/-26.61/76.9584.65,False
20.0613.160.8666.3432.25-71.089.6616.746.9446.521.88-38.37-27.29*/+-+-++-^2*+^1*,*-27.29/-38.37+1.88-46.52+46.94-16.7+9.66+-71.082^-32.25+66.341^+60.86*13.120.06,False
49.68-32.0881.51-+*4.4154.97*57.0676.56-34.79+*-9.8931.00.42+-^2-^1-*-^2,-81.51+0.422^-31.0-9.89*+-34.791^-76.56-57.06/10.73-54.974.41*+-32.082^49.68,False
-18.46-65.36-69.772.8811.51-88.21/+----7.06-75.383.48-91.3944.0435.35+-*/-64.64--^1+*,/-88.21+11.51-2.8869.77---65.36+35.35--64.6420.03*-44.041^--91.39+3.48*-75.38-7.06--18.46,True
-56.9619.61-55.444.7446.04-93.8177.78-92.3874.8-27.69+-64.7430.9775.48++-+^1++*++*+^1,/75.48+30.97-64.74+--27.691^+74.8+-92.38+77.78*-93.81+46.04*4.74*-55.441^+19.61-56.96,False
89.748.647.89-56.9449.41-72.85-65.8997.95-61.0591.46-78.2697.61-44.14-65.93-+-/*/+-+*-/+^2,--65.93/-44.14-97.61/-78.26*91.46/-61.05/97.95--65.89+-72.85*49.41--56.94/47.89+48.62-89.7,False
