Original,Perturbed,Is_Equivalent
+++--95**///-60-52-38-27-83/-76-39-20*/62-9085*4591,95-60-52/-38/-27/-8*3*--76-39/--20+6237/85*+4591*+,True
--+++--*-92-23/-4143-72***72-23-98-83**-46-28-49-14-84-67,-92-23*-4143/--72-72-23*-98*-83*/-46-28*-49*+-14+-84--67-,False
---+++40-37//4332-74/4277/11-3481***/75-9167-97-48,40-37+4332/-74/+4277/+11-34/-81-75-52/67*-97*-48*-,True
--+*//-53-3540*99-26/-6-57/9727*/*/*-51-9318526917,-53-35+40/99-26*--6-57/+9727/-50-93*18/52*69/17*-,True
*-++--+//*/-63-70-81230-10/44-41024-74*/9445-5526,59-70/-81*2/30/-10+44-41/-0-24+-74+9445/-55*-26-,False
+-----59*8419/697*9053//-26-9060**/*-5085-53246,-598430*-927/-9053*/-26-90/60/--3085*-53/2*46*+,True
+-+--/+/*47-7699**/35-23-24-53-66/-42-2163*6265-6847,47-76*99+35-23/-24*-53*+-66+-42-21/-63+6265*+-68-47+,True
-+++-++-31-929521-10*1-87//-78-24-54/*/*20-2-6357-31,-31-92+95+21--10+1-87*+-78-24/-76/+20-2*6+57*-31/-,False
+-+++////93-53-1590366114*//-70-954788-53//-95-4590,93-53/-15/90/36/61+14+-70-95/47/88*+-18--95-45/90/+,True
--++-++++--94*-391464/*-5206125266-41-8929347,94-3914*-64--730*61/+25+26+6+-41--8+92+-87-47-,False
-+-+---61***/96-1055-9557-80/-6033*//-26109261-1387,-6196-10/55*-95*57/--80--6033/+-2610/92/61*--13+-19-,True
---+////2061-7-46-3890/*+//56-66535-179886/13-82,2061/-7/-46/-38/90+56-6/65/35*-17*98/-86-13-82/-,True
-+-+---*-9849/65-51-57-4867**-5773-55//77-9529/-87-57,-9849+65-51/--57--48-67+-5773*-55*-77-95/29/+-8786/-,True
-----++/1616-97*/-512363//81-327981/*5056249810,1616/-97+-5123-63*+81-32/79/-81*5056*24/+98-10-,True
-+-+-+//*-241-45-81/-9273*8024-42*/-2116-2983*544,-241*-45/-81/-9273/+8024*--42+-2116/-29*-83+544--,True
-+-++-+39-57*/-595414-7619//*//5099-55238322-12-56,39-57+-5954/14*-35+19+5099/-55/23*83/-66/--12+-56-,False
+++++++*/-2963-2670*3641-34+*-27-75-88-93*/442728-29,-2963/-26*70+3641*+-34+-27-75*-46*+-74+4427/28*+-29+,False
-+-++--++-7*-53-33*//4527525-2-91/-2237-698385-100,-81-53-33*+4527/5/25*+-2--91--2237/+-69+83--76+-100-,True
--+-+--**-862352-59/-64-89722447*/427698*/798236,-86-16*52*-59--64-89/-72+24-47+4276/98*-7982/36*-,False
++-+-+///-39-2681-45-80-70-86-70**779947*//76-73-402,-39-26/81/-45/-80+-70--86+-70-7799*47*+76-73--40/2**,True
++--++--*-402357-6888/49-59*/13-7442-20-50**42-3478,-4023-57--68-22+49-59/+13-74/-39*--20--50+42-34*78*+,True
-----+4814-13-75///-4485485/11-36****-73-28-237-40,4814+-13--75*-4485/4/85/-11-36+--7379*-2*37*-40*-,False
+-+++*-+*-8462**30-78-624*/-75985*87-98-42162016,-8462*30-78*-62/+4--759/85*+87-98*+-42+16+20--94+,True
+++*+--49/-8091-68/*/73896462*-70-9*/18-79-5220,49-8091/--68-738/9*64/+62--70-9++18-79/-52*+20+,False
+-+++/*-1-13-60*-2145/*5-44-64*32-14*93-87//74-94-96,-1-13*-88/-2145*+5-44*-64/+32-97*+93-87*-74-94/-96*+,False
-++++-*/*8156-26-80/*-74-9-1975-4455***-49-68891363,8156*-26/-80*-89-9*-19/-75+-44+55+-49-68*89*13*+63-,True
-+---+--26767424///*//-32-5861-891-35547013*-98-80,-26-56-74+24--32-58/61/-89*1/-35/54/-70-13+-98-80*-,True
+-----*/238-1744-20//*0-80-4412*//5942-19-754712,238/-17*44--20-0-80*-44/12/-5942/4/-75*-47-12+,True
+---*/-984-94*12-15/21-41//98-9493***/88-15-33-2941,-984/-94*12-15*-21-41/-98-94/93/-88-15/-33*-98*39*+,False
--++--/**/36-93-98-5583/82-503*-59-72-64/77-41*29-26,36-93/-98+-55+83/82-50/-3--59-72*+-64-77-41/-29-26*-,True
-+--++*-93-39-86-28*///*74-25-9922-9422-55*7-10/-87-65,-93-39*-86*-28+74-25*-99/-19/-94/22*--55-7-10*+-87-65/-,True
--++---+--1581-70/2019/54-473/-62-14-/142473-695,-1581--70+2019//54-4/-73--62-14/+1424/73/+-69-5-,True
+-+++-*4974--69-3478*-4671*-6791*/519911//-6149-94,49-98*-69-34*-78+-4671*+-6791*+5199/11*--6149/-94/+,True
-+-++--447177//-4293-1553/-8054*///*-1041796-7834,-4471--96+-4293/-15/+53--8054/+-1041*79/6/-78/34*-,True
+-++++-***/-71-133-9659-5/26593366/63-84/-87-59-41,-71-1/33*-96*59*-5-2657/-33+66+63-84/+-87-59/--71+,True
-++-++--+**-99-43-24/7014-71-12//1194-12-27-3-23-9224,-99-43*-24*7014/+-71--12-1170*-12/+90+-3--23+-92+24-,False
-++-+**/*68-93-66-7391-2098/***-29-79-14-43-96/-51-597,68-93*40/-73*91/-20+98--29-79*-14*-43*-96/+-51-59/+7-,True
++----/**/*94-8661-10035-60-56*-5968-19-8*/7783-9366,94-86*61/-100*35*-60/-39--5968*-25--8-7783/28*+66+,True
++---//1671572/*48-122371+*592761//*29339-15,1671/5/72-48-12*23/-71-5927*61/+2933-9/-15/+,True
+-+-++*4-19-42-74/2636**//-98-6923772-72//10-49-80,4-19*-42+-74+-5436+--98-69/23/77*2*+-72-10-49*-80/+,False
+++-+--99/36-46/-83-48-29/*/3616781**92-3291-27-71,-9936-46/--12-48*-29/+361/67*81/-92-32*91*+-27+-71+,False
+++-+-+---6781-649261*-49-31-14*/8694-46*/-47981587,8981--54-92+61--49-31*+-14-8694/-46*+-4798/15*+87+,False
++-+++-+-91/2129-6411*9147*-892/*9448-61/-21-652,-912129/+-64-11+9147*+-8-21*+9448*-61/--21-65/+2+,True
-+-+++++-*3811-54-2345-48*19-48*-100889295/*-668639,3811+-54--23+-29+-48+19-48*+-10088/+79-95+-6686*39/-,False
+-+-+++-9217*-22-80-55-75///49-5226-99/**-77-74888347,-9217+-22-80*+-55+-75-49-52/26/-99-+-68-74*88*83/-47+,True
++++-+-+/*-43-28737*93-26/42344/65-56*4783-1221,-43-28*7+37+93-26*-423/+44+65-56/+4719*+-12+21+,False
++--+*++++--87-79*-6712*56-241150-9*45-62-21-25-4222,-87-79--67-11*+5644*+11+50+-9+45-62*+-21--25--42+22+,False
++--+++--84-7/6834-35/*-336537-4374/*22-35-59*-7088,-84-7-6834/+-35+-3365*37/+-43-74-22-35*-59/+-7088*+,False
+++---92//-34-2-615*//*/-528335-2118-28-83*346353,92-34-2/-6/-15--5283/35*-21/18/-28*--83+3463*+53+,True
-+-/**/**-42-1314-995342-6/*/-95943782*/523-78-8,-42-85*14*-99/53*42*-6/-9594/37*82/-523+-78*+-8-,True
-+++---/24963514-63-73-71//**3114-21886*/-15-1466,2496/35--14--63--73+-71+3114*-2*18/86*+-15-14/66*-,True
+--+--+-55-2017-22/328719-15-58/////-999-3-90-50-27,5564-17+-22-3287/-19+-15--58--999+-3/-90--50/-27/+,False
*+++--/67-6723/-2636///-31-96-5-51*-10096-8/*11-45-49,67-67/23--2636/--31-96/-5/-51/+-3796*+-8+11-45*-49/+,False
+++++-+--/-84211862/-16-615462/16-1761/38-86*-15-82,-8421/18-62--16-61/+54-62+-33-17/+61+38-86/+35-82*+,True
+---++*13-679948/-1-6351/-62-52-**//-64-184-375733,13-67*99+48+-1-63--51--62-52/--64-18/4/62*57*33*+,True
++--+-////78-100167479168*9720/32-9929//176441,78-18/16/74/79/1-68+97-54*-32-99/-29+1764/41/+,False
++---//26-70-96///81-58889*/*-1818-992132*19-59-69,1971/-96/81-58/8/89/--1849*-99/21*-32-19-59*+-69+,False
-----**-55-80-20*-100-5/-468597-12/*/**7310-51-50-10069,-55-80*-20*43-5*--4685/-97--12-7310*-51*-50/-100*69/-,True
+------54*-93-77*//-329127-23*-72229*-3676**93-4281,-54-93-77*--3291/27/-23*--722*-29--3628*-93-42*81*+,True
-+-++/207*/*-57866-76//0-14551-76///3728-1276,207/-578*66/-76*+0-14/73/+51--8+3728/-12/76/-,False
-+--+++-+*/-37-20-666*483976-30/85103797/-14-4317,-37-20/-6*-89+4839*-76+-30+8510/+37-97--39-43/-17-,False
-+---+--77-10*/-3648-39*//-3-226564**-2-8582-18131,-77-10--3648/-39*+-3-22/65/64*--70-85/69*--1-81+31-,True
++----++--763-7479/*-99-1998*-18-8/-7364-48*227855,163--74+79+-31-19*98/--18-8*-7664/--48-2278*+55+,False
-+--+-+--+-/-6894393895434-3779*/539161280-6,-6894/39-38+95-4-34/-51-79+539/16*-12-80+-6-,False
--+/1-25*////**/41-845-10501460-36-4229/*-8443-44,1-25/4167/5*67*50/14/60/-36/-42**29--8443*-44/-,False
+-++/--20//*-8331581-96/11-27////9548-35-33-9822-45,17-8331*5/81/--96-11-27/+9548/-35/-33/-98/+22--45+,False
++--++--+78/*-87-40-9566/593-71*/342829-96-16-9585,78-87-40*-95/+66-59-6/--71+34-26/29*+-96--16--95+85+,True
+++++*-4020-4///*/2356-12-49-31-56/-43-44-57/*37-93-59,-4020*52+2356/-12*-49/-31/-56/+-43-44/+48+37-93*-59/+,True
+-+--+//-196526/40-26*/-3670-99-45///-74-55-5-55-83-93,-1965/26/15-26/+-3670/-99*--45--74-55/1/-84/+-83--93+,True
-++++*/-5962-46*-/*/-96-4873-2415212237**9245-94-25,-5962/-46*-96-48/73*-24/23/21*+22+37+9245*-94*+-25-,False
---++-*+97*/-95-414171/**22-7-8-24-2-31/135-1530,97-95-41/41/+71+22-7*-8*-24/--2+-31/135/--58-30-,True
+++++-+/-70-9591*/24-81-5-67/2894/15-147/*1872-64,21-95/91+24-81/-5*--67+2894/+15-14/+-25+1817*-64/+,False
++-+-++--+-36/19-35-25*17-407890**-46-88-38-543460-40,-3619-35/+-25-17-40*--41+90+-46-88*-38*--54+34--95+-40+,False
----+*-95-482//****/-55-3920-9688-6937-1/-75-414-61,-95-48*2+-55-39/20*56*88*-69*37/-1/--75-41/--77--61-,True
---+-+++-85-52/-63-16949986/5377/**-16-47-70-72*4220,-85-52+-63-44/+94-99-86+5377/--16-47*-70*39/-4220*-,False
+---84-46******/-22637335-68-857241*/3035-7*8040,84-46--2263/73*35*-68*-85*72*41*-3035/45*-8040*+,True
++++--9568/-37-86*/*/523164392-1*-5216//-21-9142,9568--37-86/-523/16*43/92*+-1+-5216*+-21-91/42/+,True
-++-/*//7-80-8258-95/*/*-3128-99333267/-59-1+61-15,7-80--82/58*-95/-3128*-14/33*32/-67+-59-1/+61-15*-,False
-+-+22-84**//*-9347-68977950-65**/**-94-2839356851,22-84+-3447*-68/97/79*50*--100+-94-28*39*35/68*51*-,True
+-----*/-2755-85/*/2397-99-70/-6271/-49-52-4659/2024,-2755/-85*2397/-89*-70/--6271/--95-52/--46-59-2024/+,True
++-+-19*68-91*5788/549/0-89/**//22-5198-69-682,1968-91*-5769*+549/-0-89/+22-51/98/-69*-68*2/+,True
+---+/521///-675-41-30*/1-2651/39-213*/-25-37-32,521/-675/-41/-18/+1-26/51*-39-73/-3--25-37/-32*+,True
-+++---74///59-7510-17-60*/1831-97-60***6294-8277-94,-3659-75/10/-17/--60-1831/-97*+-60+6294*-82*77*+-94-,True
-+-++//-1755-86/88-51/*+**6616173633-7199/-99250,-1755/-86/88-51/+6616*17*36/33*-71++99--992/+50-,True
+++*///82-171644-91//*/-1796564098-61//*2287-473,82-17/16/44/-91*-1796/56*40/98/+-61+2287*-47/3/+,True
+---+---100/25-53**/-7-55-514969/777/-6045/97475,-10025-98/--64-55/-51/49*-69+777/--6045/-9747/-5+,False
-+----++++--3830*92-16-4-738/-6165/-49-4-29-64-38-51,-3830-92-16*+-4+-7+38+-6165/--49-52/--29--64--38+-51-,True
-++-----+-694340*/*-599018-26-77-29-5/94-1685*55-17,-6943+80--5990*18/-26*--77--29--5-94-16/*85+55-17*-,True
-+----++*-7879-91-23-28//*//74-46-58-25-35-5-52877295,-7879*-91+-23+-28-74-46*-9/-25+-35/-5/--52-87-72+95-,False
--+/1138/*//*8884-88-8932-41/27-57**/*-50-68-106780,1138/88-18*-88/-89/32/-41/+27-57/--50-68*-10/67*80*-,False
-+-+++*-31-1563///-56134245*-923//53-24-100367-72,31-15-4--5613/42/45/+-923*+-90-24/-100/+36--60+-72-,True
+--++++46/*/**-326985-95-64-65-70-50-77-541**-47-48-79,46-3269*85*-95/-64*-65/+73+-50*-77+-88-1--47-48*-79*+,False
+-+++-//*81-633-4/78414/*59-8253-38-77**2771-97,81-6*33/-98/7-53/-14+59-82*53/+-38+-77-2771*-97*+,True
++----***6964-8819-31**/-98-46-21-84/-36662-93/-1383,6964*90*19*-31--98-46/-21*-30*--3666/-2--93+-1383/+,True
--++----32*-16-88*53-6-22428*-8217*/489893/4855,32-16-88*-10-6*--22-42-8+-8217*+486/93*-4855/-,True
-++---///5489-6556-96*/9433-25-77-68*//-82-42-75-4762,5489/-65/56/-96-9433/-25*-56--68+-82-42--75/-47*+62-,True
+++-----+*/22-89-1-58-33*-335/-3530*40-844516-17-22,22-89/-1*-58+-72--335*--3530/-40-84*-45-16+-17+-22+,False
++-+++--31**/*/9-388131-98-38-13*709178/859043,-319-41/81*31/-98*-38*--13+7091*+78+8590/-4+3+,True
---+-+*-8815*-71547////-954-1830-10-2999//13-9147,-8815*-715*+94--95-13/-18/30/-10/+-29-99--72-91/47/-,False
-++--++/*-8670-55*-2921-43*-85-4631/**-13-97-86-59-57-90,-8670*-55/-2921*+-43+-85-46/-31--13-97*-86*-59/+-57+-90-,True
--+--/2777*//*26-57-6750-6//9071-62/932*-15-16-49,2777/70-57*-67/50*-6**9071/-62/-932/+43-16*--49-,False
--+-**/*744628-464***97-93-3431-81/-5270*/557777,7446*28/-4*64*97-93*-34*31*--81+-5270/-5577/-51*-,True
+--++---/8077/8143-55-*-62-6325/-19-46*-2059-23-1050,8015/8143/--55--62-63*25/--19-46/+-20-39*+-23--10-50+,False
--+*+++-41-70////-42-18-56-10-67**6491-20-87-396/93-32,-41-70+-42-18/-93/-10/-67/+6491*-20*+-87+-3+96*93-32*-,False
-++-++--+46-45-67-32/**/-9783-5245-71-82*-852121-3374,17-45+-67--32--9783/-52*52*-71*+-82+-8521*-21+-33+74-,False
+---+-*-31-8/****-73-43275-566/2-60-6279*8099-86,-31-8*-73-43*2*75*-5*66/-2-60/+-62-79-8099*--86+,True
+++//*/4396275-96/-4-39***/*-576154-41-18-57/-32-49,439/62*75/-96/-4-39/+-5761*54/-41*-18*52*+-32-49/+,True
--+++++-*/-37-53-9889**-60-6215469926-11/-47-61/44-95,-37-53/-40*89--60-62*15*+46+99+26+-11/-47-61/-44-95/-,True
++-----82-2320*-55-99*/////78-9827-66-3-58-17-96*-32-85,-82-23-20--55-99*-78-49/27/-66/-3/-58/-17*--96+-32-85*+,True
----+---51618996***/4777-33-6228087/**36-403079,-5161-89-96+4777/-33*-6*22*-80-87-36-40*30*79+-,True
-++--+---39/69-24/65-6074//*/27-192031-5776-460-83,-3969-24/-6552/-74+27-19/20*31/-57/-76--93+63+-83-,True
+--+-+-*/724956*265//*-2312-23366376-70-75*149,7249/56*265*--2312*-23/36/+63*76+-70--75-149*+,True
++-+--+---33*12810-7-44-7/-77-4335*20-47//147457,-331281*-0--7+-44--7--77-43/+35+20-47*+1474/57/+,True
--+++-++--83-5969-51-94-23-84/*/-97-4884-42/*-100-38617,-8363-69+-51+-94--23+-84+-97-48/84*-42/+-100-3*86/-17-,True
--+-+-61*/-39-5870/-78-1***-65-31-43-10/*949532/55-22,-61-39-58/70*+-78-1/--65-31*-43*-10*+9495*63/-55-22+-,True
+++-++*/8721-81-34*7-14-79*77-82/-3252/**-45-58-3132,8721/-81/-34/7-14*+-79-77-82*+-452/+-45-58*-31*32/+,False
+-----++1742-2012*/73-219+-8224-76*-5447*/-3049-93,1742+-20+12*73-2/19*--8224*--76--5447*-2749/-93*+,False
-+---*/*-379765-62*4399-646/*/*/-14-64-52-24237-76,-3797*65/-62*4399*--64-6--14-64/-52*-45/2*37/+-76-,False
+-+--++++4//-31-58-33-92156-7915/*-91-46-52/-7628-51,4-31-58/-33/+-92+15+-21+-79-15--91-46*54/+-7628/--51+,True
+--/----49/*-57-962/-7454-60/8340-98-41**9481-57-84,49-57-96-12/--7454/--60-8340/--98--41-9481*-57*--84+,True
-++-+-421997//-573-69/88-87*//**-91-2041-5085-3751,4219-97+-573/-69/-88-87*+-91-20*41*-50/85/-37*+51-,True
+------+---5753797649-100-70//42-1087/16-40-12*-7323,-5753-79-76+49--100--70-42-10/87/--32-40/--12-2723*+,True
-+--+++-+++-98-84**41-9947-23-8514*3676-73-5946-119,-98-84+41-99*47*+-23+-85-14+3676*+-73+-59-46--1+19-,True
++--+*--4/9952-6396//-59844035-31/-90-63//-58-127,49952/--63-96+-5984/40/+35--31--90-63/+-58-1/27/+,False
++-+-47-33***94-15-45-53/*//*-429966669-51**-5-6667,-47-33+94-15*-45*-44*--4299*66/66/14*-51/+-5-66*67*+,False
-+-+++-+++79-639*716252-91/-8516-2747*/-133-58-50,79-63/9+7162*/-30--91+-8516/+-27+47--13-13/-58*+-50-,False
++---+*-3661*-83-77/-1869*/*-38-75-13-7576*/3212-100-37,-3661*-14-77*+-18-46/--38-75*-13/-75*-4-3212/-100*+-37+,True
---+---24**/*314885418/**30-1438-73/-85-71-9319-81,-243148*8/54*18*-30-14*38*-73/--85-71/+-6-19--81-,True
--++-*+/5443-7518*/-218-94/6826/**634-59439738,5443/-75*18*-218/-94*-6826/+634*-59*43/+97-38-,True
+--+--+-83//**94947283-29-1011/*-18-9214/79-86-5-97,-839494*72*83/-29/+95-11--18-92*14/+79-86*--5--97+,True
+++-++-+++-22-90*1147-41951/-6226-2578-22**37-10-66,-22-90+1147*+-4+19-51+1726/+-25-78+-22+3761*-66*+,False
*+-+--+++++-90-9/-7911768887/77-52/60-86-5146-14,-90-9+-7911/+76+88+87+77-52/-60-86/--5+1-46+-14+,True
---+-+-7399/98-532//-31-1042//1631-71*2688*4261,7399-98-53/+2--3161/42/+1631/-65/-2688*-4261*-,True
--+/*****/-8339-7132-10-100-3117//-6975-1477*/9732-73,-8339/-71*32*-10*-100*-31*17/-6975/-14/+-27-9732/-73+-,True
-+----+++-48//16-4645/-17564965-94-8075*-26-596881,4816-46/45/--1756/+49+65-5--80-75--26-59*-68+81-,True
+--/+96****//-62-43-61-2356-7629/*/59-95-1095-283729,96-62-43/-61/-23*56*-16*29*+59-95/-10*95/--28-37-29+,False
+-+--/94-99/***17-95-65-57-25/-4-58*-651/-18-77*-15-5,94-99/17-95*-65*-57*-25/+-4-58/--651*+-18-28/--15-5*+,False
-/-+++-+*-++-13-50*-95-5490-73-7173-905850-182-23-37,13-50--95-54*+90+-73--71-73+-90*58+50+-18+2--23+-37-,False
+-++--450//****///-6283-100-4066-372-94-10-92-7760-35,-450+-6283/-100/-40/-37*-3*-39*-94*-10/-92/+-77+60--35+,True
+++--+-63-14*/*-3538-19-6-64-57**-43-12-25**35-216021,63-14--3538*-19/-6*+-67--57--4-12*-25*+35-21*-41*+21+,False
-++--+----73/36-39/-67-4747-8683-84*-2398-100//82-889,-8136-39---67-47/-47--86+83--84--2398*+-100+82-8/89/-,True
+++-+++--98*/4661-79-16-45**-799411*681-97-3948-51,984661/-79*--16--45--7994*11*+681*+-97--39+48+-51+,True
/+----/-8-82*/**-97-4562-96-1166**-95-2121*79-5993-27,-8-82/-97-45*62*-94/-11**-63--95-21*21*-79-59*-93+-27+,False
+-++---+*95-81-34/-576-98-11/-97-34-85///-33-715-66-93,95-81*-34+9476/--98--11--97-34/+-85+-33-71/5/-66/--93+,True
+++-+--++54853/-746//59-87-3820/3420-6541/6459,778+53+-746/-59-87+-38/-20+3420*--65+41+6459/+,False
-+--+++5337*//-32395462//-9047-92/-24-1788/-937965,5337+-3239/-16/62*+-8347/-92/+-24-17/-88--9379/+65-,False
+--++++-15*/*98-178911-49-288965*-4582*//48-899947,-1598-17*89/11*+-49+-28+89+65--2559*-48-89/99/47*+,True
-++-*-1370/*//3152789724-71**7450-27*//-37-82-3060,-1370*3152/78-97*24/--71+740*-27*+-37-37/-30/60*-,True
+/-++-+-741*-245***-825-28-92-3797-29**-57579262,741--245*+-825*-28*-92*--37+97+-29--5757*92*+-73+,True
-+--+-//-49-255713*55-61//-671-48//-207024-45*-4187,-49-25/57/13-55-61*--671/-48/--2070/24/--45+-4187*-,False
-+--++-+-2618-9959/63-61*///*85-2034-4357-7167393,-2618+-99-59+63-61/+85-20*34/-43/57/-5*-67--73+3-,False
-+-++--4230/-75-22///5193-4694*/*615238-521524-1,4230--75-22/-5193/-46/94/+6152*38/-52*+15-24+-1-,True
-+-+++-+553-4216/-2199-39/-53-10**-4380-30**161677,5-19+-42-16+-2199/+-39+-53-10/--4380*-30*+1616*77*-,True
+++++---++*59-8572*67-87-5380-8-51-359267*/-1729-44,593*72+6775*+-53-80--8--51+95+92+67+-1729/-44*+,False
-++---+--+++95/26-82-16-6775-999951-1-20-5696*-95-100,9526-82/+-16+-67/75--99-99+-26+-1--20--56+96+-95-100*-,False
+/*/*-93-3562-7670/*//*/+*/823442-2178-8935111697,-93-35*62/-76*70/8234/42*-21/78/-89*35/70/16*97/-,False
+-++++-----*36569477/-59-2/-6217-44-69-6478-5845-16,3656*-15-77--59-2/--6217/--44--69+-64+78+-58+45--16+,False
++--++-56*3882*/-8-2548//-97821612/-19-44*/1665-80,-5638-44*+-8-96*48*+-9782+16/-12--19-44/+1665/-80*+,False
-++++**/-18-6419-52*-8387*/75-3758//5238-38*2422-1,-18-64/19*-52*-8387*+75-37/58*+5238/-38/+2422*+-1-,True
+------965/**/1114-97-5286/-85-524998**83-133531,965+1114/-97*-52*86/--85-52/-49-98-83-13*35*-31+,True
++--+--*/**-8041-92-68-24*-61-5698//-3634-99-878-1452,-8041*-92*56/-24*-6130*--82--3634/-99/+-87--39--14+52+,False
+------89///-72-27415-73*/-82-15-37/--37-2812*-684-96,-89-75-27/41/5/--73--82-15/-37*--37-28*12/--404*--96+,True
++------/-1469-7580-562161*//214546-11**-8-2052,6669/-75-80--56-21-61-214/5/46*--11+-42-29*52*+,False
+-+-+798989-92*/*//****1-10474820-58-6338859-49,7989+89--92+1-10*47*48/20*-58/-63/3*88/43*--49+,False
-++----55***/26-767536-10044*-6-87/4454-84/-93-67,-5126-76/7*53*6*--100-44--6-87*-4454/+-84+-93-67/-,False
-+--++-+/87-9429/-8074*-95-63-47*/6-23-44-14/-535-33,87-94/29+-8074/--9579*+-47+-58-23/-44*+-14--535/+-33-,False
-+--++*149831*-52604550/*/*/-17-78-42-5462-93/-2-1,1498*31+-5260*+45-50--17-22/-42*-54/62*-93/+-2-1/-,True
--+-+-**/-43899647-2996-44/-5830/**55-5-8087*-78-51,-4389/96*47*-29-96+-44--5830/+55-5/-80*87/--78-51*-,True
-+---+--58*/56-4185-19*/-73-18-95-4127/52620*2497,5856-41-85*--19--73-18/-95*+-41-27-52-35/-20+2497*-,True
+-++--+88***194555-3671/*77-536*-3941-3656/-9122,88-3645*55*-36*+71-77-53*6/--3941++-36+56--9122/+,True
++++-/*//28-45-68-31-57**1272-52*-1864/-41-6631*-10059,28-45/-68/-31*-57/1272*-52*--1864*+4-66/+31+-10059*+,True
/+--+---72*/*-9991812*-114*-6474/35-82-8*-36-5291,-72-9991*81/2*--114*--6474*+35-82/--8--36-52*+91+,True
-+-+++-1068/-19-81-656623*72-10///*/-63-23-75143-32,1068--91-81/+-65+66+-71-72-10*+-63-23/86*51/43/-32/-,False
-+--+60/*/-6451-6345*539/98-46*-1013**/18-60-69-23,60-6451/-63*45/+539*-98-46/-9413*+92-60/-69*-23*-,False
-++-++-+-71/4-73*-9038-4598**/277759-55*6841-31-78,-714-21/+-9072*--45+98+2777/59*-55*-6841*+-31+-78-,False
++----27**///6125-43887786*583566*5114/331892,276125/-43/88*77*86*-5835*-66-5114*-3318/+92+,False
--+-+*-1848-6-62//*/-429098-5021////4978-6197-784,-1848*-6+-62--4290/98*-50/-85/+-278/-61/97--7/-84-,True
--+--++/59-43*93-7662**3075-2037///95-76-52-205817,-33-43/93-76*+62+3075*-20*-37-95-76/-52/-20/+58/17-,False
-/--++-15-63**/*-2011-23-731198**/-787879-442044-27,15-63--2011*-23/-73*11-+98+-7878/79*-44*-20-44--27-,False
+++-*/**-9375-55-52-23/*-479943/**-661-277853*-7345,-9375*-55*-52/-23*-4799*43/--661*-27*78/+53*-7345*+,True
+++++--+-*-288385-65-10*-12-83-5444/*30-7-2-80/-48-93,-2883*85--65+-10--79-83*--54+44+30-23*-2/+-31+-48-93/+,False
-++-+---*-91-84198615280-12/**//-75-82-8614-93214,-91-84*1-98-61-52-80--12+49-82/-86/14*-93*21/+4-,True
---//74-1886*/-596661//487953*/*/*-27585235-988,74-18/86/-5966/-5*-4879/53/--2758*-46/35*-9/88*-,False
-+--++-+-+-73*/-6-782751/-86-16-57*4985-356335628,-73-6-78/27-+51--86-16/+10-4985*+-35+63-3-56+-83-,True
-+-+---+++//-6274-65-54*48-6678446340-55/-518347,-9574/-65/-69+48-6*+67+84-46-3-40+-55--5183/+47-,False
-+-+-+-+//-3176-26-40*-962-727924*6814*-2240/-1356,-3176/-26/-40+-962*--72+79-24+6414*--7840*+-1356/*,True
+---++-----506117*18812-92/-1737-95-96*60-50/-6239,-4861-17-1881*-2--92+-1737/+-95--96-60-75*--6239/+,False
-++--+******-7864-762340991861-42/-76-84*332-7373,-78-9*-76*41*40*99-18*61+-42--76-84/--1532*+-73+73-,False
+--++-+++*-9570/-66779323/-29-5614/653188-51/45-25,-9570*-6677/+93+23+-29-56/-14+6531/+88-80/45-25/+,False
+-+-++-+-57-96**58638/-5941-34/*555724-251*18-76,-57-96+586*-19*--5941/+-34+5557*24/--25+1-92-76*+,True
-+-/----51-30*-3910-39*61-48**/-52454115/419984-98,51-30--3936*--39-61-48*--5245/41*15*+4199/-84+-98-,False
-++--++---7*-97141416/-72-420///-258193-88-98-26-23,-7-9714*-14-16+-7263/+0--2581/93*-88/--98+-26+-23-,True
--+---+/*827768-80-6312**89-7943-84**-457083/32-6,8277*68/-80+89-12-89-79*43*--84+-4570*83*-3283/-,False
+--++-+-18-7//*/-51-211543-62/*2260-4-641-305839,18-8--51-21/15*43*-62/+2260*-4/--64+1+-30-5-39+,False
*+++-+--**73651/**-25-19674453-641765-31-31/-8836,736*51*-25-19*67*-76/-53--64+17-65+-31+-31+-8836/-,False
+--+-+/**34-725449/-50-41**-7235-86/2721-74/8878,34-72*54*49/-50-41/+-72-80*-86*-272/+1--74-8878/+,False
-+---+--+++66-146412*6411256-7/*-58-3915213-25,66-14+64*12+6411*--60-56+-22--58-39*15/-21-3+-25-,True
-++--/2573*99-93*/-88-52-63*29-1668***/-51-35-557161,2573/99-93*--88-41/-63*-29-16*+68+-51-35/-74*71*61*-,True
--+--*-7435////2162-78-9929/**-81-18484827-99/-9974,-7435*2162/-78/-99/29/--81-18*-77*48--27+-99--9974/-,False
-++---4/*20-3996-11////*-49-576795-2741*13-23*-74-69,-5120-39*96*--11--97-57*67/-93/-27/-93/+13-23*+-74-69*-,False
++/-+--79-97/*232213-19*/809715/-99-90//-62-60-34-73,79-97-2322*13/--19+8097/15*--99-90/--62-60/-34/+27+,True
--+-+++-++-96715891-99*/*-26-809-7227-4461*-7439-67,-9671+58+91--99+-26-80*9/-72*+27+-44/61+-7480*--67-,True
--/-+--/*/-7-17-16-43/10-85/1877-99-3-84**60-27-4176,-7-17/-16*-43/10-85/-1877/--99+-3--84-60-27*-41*+76-,False
---+-----69*/14-109998*551-89/76-39**-35-98-44-8943,-6914-10/99*-98-551*-59-76-50/+-35-98*-44*--89-43-,True
/--+-+26-91/*/86-891569/-3816/**-33-2553-52-39--80-2,26-91+86-89/15*69/--3816/+-33-25*53*-52/--59--80-2/+,False
+----+*-5037-395*259/**54-82-9035/**-85-42715966,-5037*-3+95*25-99*-54-82*-90*35/--85-42*71*59/-66+,True
+++++--///84-1493-3*25-30-363139//4833-99/-6642-56,84-14/93/-3/25-30*--36-31+39+4833/-99/+-6642/+-56+,True
--+/5961/*****//-901772-787651-8939-59*7-30*6956,5961/3117/72/-78*76+51*-89*39*-59/+7-30*-6956*-,True
---++---24**92-34-2-58-71-4931/1821/*//794-5-197,-2492-34*-2*--58--71+-49+31-1859/-794/-5/-19*7/-,True
---++++--23583//94-4449442-78/-2322-32**58-37-42,2358-3-94-44-4/+94+-27+-65+-2322/--32-58-37*-42*-,True
--++----54/87-20/*/*5396-89-9179*16-8176-6428*-65-80,-3487-20--5396*-89/-91*79/-1689*-76+-64+28--65-80*-,True
++-+--76*--399999*-5562/*/-212-35841*-4455*217,76-3999/99*--5562*--212/-35*8/+41--4455*+217/+,False
-+-+-+--66/-39-25**-53-85-82-827612-11/54-2/*-229595,66-39-25/--53-85*-82*--82+76-12+-11-54-2/+-2295*95/-,True
++*--++++37*/*12-1115-66-35*141-89-42*44-11-8126-3,3712-11*15/-66*+-35+781*+-89+-42-44-11*--81+26+-3+,False
++-+---+--68/*14-74-42*84-9516-315/56472480-4711,6814-74*-42/-21-95*-16+-3-15-5647/-24+80--47+11+,False
+---++479/1524///-77358492/*2515-48*74-100*1079,379-1524/+-7735/84/92/-2515*-48/-74-100*+1087*+,True
--+-+++-59/-2733*/-47-77-5277//**-65942638185-4170,-59-2733/+-4776/-52*+77+-659*42*63*81/-85+-41-94-,True
--++-++-+-7667-481375-44/-537/*97-100-74//9-69-2-91,-7667+-48-13-75+-44--537/+97-100*-74/+9-69/-2/--91-,True
++--++----57-87-74*/-17-209/60-13417281/-6869/98-12,-57-87--74--17-20/9*-60-13/+41+72-81--68-12/+98-12/+,True
--+/+-/*3-6837**-13-83-48/-71-96/-95-74-87-11**-50-8084,3-68*37/-13-83*-48*--71-96/+-95-74/+-87+-11--50-80*84*-,True
+-+*/50-74-63**/*/*24-3161-46-22-53-32-74**/64-9786-2,50-74/-63*24-31*61/-46*-22+-53*-32*+-74-64-97/-70*-2*+,True
-+-++-+--644*/5-2884-74/*-787-5833-53/-33-82/-8144,-6454-5-28/53*+-74--787*-58/+33+-53--33-82/+-8144/-,True
+-+-++--/*9622908168*15852*-42-29/4735*666490,9622*90/81+68-158*+52+-42-29*-4735/+-9564*-90+,False
-++-+++--*64-81-27-74-63/-899/7720*9-25*35-9834-17,64-81*-27--74--63+-899/+7799/+9-25*-35-98*+34+-17-,True
+--*+--*/27-175959*-61-63*6125-83/4959-12-/54-36-63,27-17/59*59--61-63*-6125**-83-3659/--12-54-36/-63*+,False
----+-++-72-89-94*53-9648*/4852-79*2830*-2411/4552,-72-89/-94+53-96*-48+4852/-79*-2830/--2411*-4552/-,False
++--++60-10-26/***-7964-65-523423/*//2388-58-5083,60-10+-26+-7997*-65*85*23/-42-3+2312/-58/-50*83/+,False
--+--9669*//**/*-431620-37-492-9555*551767*-5-85,9669--4316*20/-87*-4*92/-95/55/*5517*+67--5-85*-,True
++-----/-9341/*282427/*-2610-59*3074-251/-52533,-9341/2824/27/--2610*-59+-3074*--2-51--5253/+3+,True
+-+-+++-/*-1-6475-30/-894972-64*/-743497-3775/-627,-1-64*75/-30--8949/+72+-64+-7434/97*--37+75/-157/+,True
+--++++10/*///2765564889-21-68/-2652-42/-96-628658,102765/42/48/89*-21/+-68--2652/+-42+-96-62/-86--10+,False
+++-++**-80-103688**-968291*1646/-14-52*/-2740-44-74,-80-10*36*88/-9682*91*+1646*--14-52/+-2740/-44*+16+,False
-+--+97/*/-47071-27/15-91*6794//68132*/64571,97-439/71*-74/+15-91/-6794*-681/32/+645/71/-,False
+++++-++-8324/-765*-88-1862-97-80/*//-26-593718-69-37,-8324+-765/+54-18*-62+-97+-80+-26-59/37/18*-69/+-37+,True
-++-+-+66/-66-3*433135//49-643/-263-77/*8544-52,66-66-3*+4331+-35+49-64/3/--263/+-77-8544*-52/-,False
----+---*-1874-7/-36-33-39/*/-48-871-8039*-36812245,-1874*-7--36-33/--39--48-8/68*63/+39--3681*-22-45-,True
+----/7642*-58-99*//-31-18-2977*/*/59-8835-37-674648,7642/-58-31*--31-18/-29/77*-59-88/35*-37/-67*-46-48+,True
++++---64-79//-2524-30*52-70**-64870/*-3322-31*-43-100,-64-79--2524/30/-52-70*+-648*70*+-3322*-31/+-43-100*+,True
-+++--+--5459-50*922124/6688*/*-80864862-87*-8661,-5459--50+9221*-24/6688/+286*48/62*+-87+-8661*-,True
-+--+-+/*-26-36-24*393118641-54-78+*//-84-7533767,-26-36*-24/3931*+18-64+1--54--78--841/33/76*7*-,False
-+-+++-*-953849-82***-5576-82-98*697**-86-85-100998,-9538*49--82+-5576*-82*-98*+69-90*+-86-85*-100*-99+8-,True
-+---+/344999*/-59-99-866*/-22-81-46*/*-44541-434,3449*-64--59-99/-86*-6--22-81/-46*--4454*1/-43*+4-,False
---++-/-90-3498*2824/-2469-27//*/-12-80-981985*9161,-90-34/98-2824*+-2469/+-27--12-80/-98*-37/85/-9161*-,False
++--++--68***24-7878-2686*-271-4/*-47-5513/916225,-6824-78*78*-26*-86+-271*+-4--47-63*13/-98-100/+25+,False
-+----+-44*1528/-71256190*/79-95-54-66***49-93-7964,-441528*+-7125/-61-90-79-95/-54+--66+49-93*-79*64*-,True
-+++---11+13-35/95-99-66**//-3035-96714743*/734-52,-1113-35/-95-99/--66+-3035/-96/71*47*+43+734/-52*-,False
+---+-/99-91/-948/-2715*36-834-96**/*-72-3413-5766,99-91/-9467/--2715/+36-83*-4--96--72-34*13/-57*66*+,True
-+---+*3589*/**40-6136-27-2174*-67-46+2574-42*39-26,3589*40-61*36*-27/-21*-74--67-46*-2574*--21+-44-26*-,True
-+-+-++*-40-52*34-39/-11-71*/-77-466258**7814-794612,25-52*34-17*+-11-71/+-77-46/62*-58+9714*-79*-46+12-,False
++-++-+**//-97-6866-6297-67-28/9111*-9337-63*499-27,-97-68/66/-90*97*-67+-28-9111/+9037*+-63-499*+-27+,True
+--+++--++-3845///65142080-76-4916116/85-50-2431,-3845+6514/20/80/+-76--49--90+1+16+8525/--24-31+,True
---++-76-60/*2-93-51//*69-60-3-2-52*///99-7-62-9287,-76-4+2-93*-51/+69-60*-3/-2/--52-99-7/-62/-92/87*-,False
-++**-388720*/***/90-49-119-4456-29/*-5078-94*-674,-3887*20*90-49/-1*19*-44*56/-29*+-5078--94-+-674*-,True
-+--+-75*/3371-93/*81-12-68*/60-52-23*-542/-50-75-65,753371/-93*--51-12*-68/+60-52/-23*--542*--50-75/+-65-,True
+++-+++/15157/20-76/*/-49-34-56-98-88*-17-84/1-72-61,151/57+20-76/+-4972/-56*99/+-88--17-84*+1-72/+-61+,True
++++*//*5970-63-58-37/****/-9975389985271-7-5944,5966*-63/-58/-37*-9975/3*89*98*52*-52/+-7+-59+44+,True
++++--++-+1882-83-91*/234034-27-70/7193*-74-37120,1882+-83*-91+2340/34*+-27--70-7193/+-74-3*+71+20+,True
*-+-+---+1721/587*3392*/21241-55987*-4341-54,1721+587/-3392*-212/28*--55+9-87+-4341*--54-,False
-+++---**-1355-1842/*-62-9577/*/3270-7587-9688-1991,-1355*-18-42+85-95*77/-3270/-75*87/--96+88+-19+91-,False
++----+-//*/-39-84-6137-120/-87-962/553755-55-166,-39-84*-61*-81/-12/0--87-9/+62-5537/-55--55--16+6+,True
+---+---1194-*62-1943/-35-43-43/-16-679/-265/-73-87,1194--4962*43/--35-43/--43+-16-7/-9--265/--73-87/+,False
++-++-+//919523-37*/246476/-9372-45/74-72/8330-3,9195/23/-37+2464/10*--9372/+-45+74-72/-83-27/+-3+,True
---+--/*//-74578979-76/99-89*-4-69*65-65*-31-45-35,-74-81/89/79*-7/6-99-89/--4-69*+65-65*--31-45*--35-,True
-++--+--62*/-8597-79*-73-22/4667-39-63*/7038-55-9066,62-8597/-79*--73-22*-1067/+-39--63-7038/-55*+-90+66-,False
-+-+--40*/779954/*/-981219-17*-7990*90-927*-4212,407784/54*--9812/19*-17/--7990*+90-9**27+-4298*-,False
++----++*-75-99-2-35***8519-25864163*/-411321-64-95,-75-99*-2+-35+-7619*-25*86*-41-63--4113/21*+-64+-95+,True
-+++++++-42*-8512399-41-67//5850-4*-40-9571/204,42-8-35*-23+12+-41+-67+5850/-4/+99-95*+34+204/-,False
+-+---/94-85*-/*-13265991545-73*//-33-6-80-612410,94-85/-1326*59/91/54*-5--3--33-6/-18/24*+24-10+,False
--+--68*3651*/7532540/4931*/***-99-78322190,683660*/753/25*-72+4931/--99-78*32/2*19/0*-,False
--++---56-2///-364-93-34/-26-7520-74*-37-12//-13-114,56-2--364/-93/-34/--26-75/-20+-74+-376*--13-1/14*-,False
-++76-66/*//7388-852684-*//*/*-48-3621-1221-83-4310,76-66+7388/-20/26*84/+-48-36*21/-12*21/-83/-43*66/-,False
++-++-+-946991*20-52/*217110*-4152-42/*/-23-596294,-9469+91-20-52*+2171/10/+-4152*+-42+-23-59/62*94++,False
---++-*7678-4/2367/**/-4395-64-3910-80**572789-51,7678*-4-2367/+-4395/-64*-39*10/+-80--5827*89*--51-,False
++----/23753344-12//88-189-94**/**60-767-9082-83,2375/33-44--12-36-1/89//-94+60-76*7*-90/82*-83*+,False
+++++-+-+-43//-2893-5536*-36-514-5570*-5-6174*4857,-43-2893/-55/+36--36-5/+14--55+70+-5-61*+35+4857*+,False
-+-----*/-91478-85**67158366*-94-17//-1571-85-52-58,-914/78*-85-6715*83*--33--94-68*--1571/91/--52/-58-,False
+-+-+-++++-957161-3476*3653/-64-4875/-372038-7767,5971-61+-34+76+3653*+-64-48/-75+1020/-38+-77-67/,True
-++-+--98*79-32/-8639-72//-62-7339*8548**/-60843-92,-9879-32*--8639/+-72--62-73/39/+-5348*+-608/43--92*+,True
+-+----+/-36-68/-5958//93-33-3377*8942/8745-56-25-64,-36-68/-59-48/+93-33/-77/-77-8942*-8745/--56+-25--64+,True
+-++-/*//-5648-81384-36*41-69/*/8826-129339*-3726,-5648/-8/13*84/-36-41-65*+8826/-12*93/+39--3726*+,True
--+----+80**879-70-40-38*-2265**946471/3066-82-16,80979*-70*+-40--38--2265*--7364*71*-3066/+-82--3-,True
+++++--+/6465-1444/18-65-54*3829/518/56-66/8-22,6465/-14+44-18-65/--13+8329*+518/+56-66/+849/+,True
+-+-**-4884-64*/44-25-8130*//*61116264-74*/29-36-69,-4884*-64*44-25/-81*-30+6111*62+64/-74*-29-36/-69*+,True
+-+---+-/41244/79-62/-4338//59-2779/-68-51-35-9088,412/44-79-62/+-4338/-59-27/79/--68-51/--35+-90-88+,True
+++----+--5746/24-27/45305469/-96-699048-53*-49-65,-5746-34-27/+4530/-54-10-96-69*90/-48+-53+-4958*+,False
---++++-*8380-5681/*24712521*/58-1064*-299641,8380*-56-81+2471/25/+21+58-1/0*+64--2996*/41-,True
-+-/*34-42-51/***/*/-44-2029-519-55-4468/-43-39*84-50,34-42*-51/-46-20/29*-5/19*-55*-44*68/--43-39/-84-50*-,True
+++--21*/**/*/30-50-47-5931918333-84-72-50/*-98-7495,21-83-50/-47*-59/31*91*83/33*--84--72+-50+-98-74-95/+,True
-++---++-+///*-5048-30432547-596139-486264-96-2993,-5048*-30/43/25/47+-59-61+39+-48-62-64--13+-33+93-,False
*--++---37*-5352/4949-85/*-76-75-1545**212811-1779,-37-5352*-4949/--85+-76-75--15/+45-2128*11*-1779/+,False
++-+-/++7558-28-25-82/5099*/6-7388-90//*242-87-56,7558+-86+-25+-82-5099/+6-73/88*--90+2-86*-87/-56/+,False
--+----93**-146317/**/-992379-5215-100-41*-22-5/-4737,-93-1463*17*--2123/79*-52*15/--100--79+-22-5*--4737/*,False
++--+--+**20-59/-46-65/**6857626014-6029-28-7225-62,20-59*-46-65/+7919*62*60/+14--60-29+-28--72-25+-62+,False
---------42/-1658+69-97-1220159642/**-4566-204617,42-1658/--89-97*--12-20-15-96-42--4566*-20*8/-17-,False
+++----2723/-52-1426*+*/87-9-9090-9590*4187/-70-15,2723--52-33/-26-8784/-90*90/-95*-90+4187*+-70-15/+,False
--+---89***-40-588626*-328/*-29-8348***-25-22626884,-89-40-58*86*26*--328*--29-40*48/+-25-22*62*68*-84-,True
-++/++++62*278*36-35/-42-31619-74-80///-1-30-2590,62278*+36-35*+-42-3/+16+19+-74+-84+-1-30/-25/90/-,True
----+*//-67668-125116/9313-41*****8695-58-6814-17,-67-7/8/-12*51+16-9313/--41-8695*-58*-68*14*-17*-,True
----+-/+/*/-2386164850*/16945599/20-95-88-277217,-2386/16*48/50+-5594/55*-99--92-95/+-88--27-72-17-,False
-+-----*/49-38-54*-26-6831-80**79-8590-73*/47-1796-97,49-38/-54*-26-68*-31--80-79-85-90*--73-47-17/96*+-97-,True
+--+-+///-17-6-1-39**268893/8-25-3446*/-14-1-7492,-17-6/-1/-39/2668*93*+8-25/--34+46--14-52--74*-92+,True
-+-++--43-32**-80-1-6//-30-96-52-6070*/*79-583-2121,43-32+-80-1*-6*+-30-96/-52/+-60+70-79-58*3/-21*+21-,False
----+*///-41-56-94-16-34***/-84486183-3652*-747418-11,-4132/17/-16/-34*-8448/61*83*-36*+52--7474*-18--11-,False
++-++/7-94-43-33*-3-96//**/*-7-456810-9220-86*-9940,724/-43+-33+-3-96*--7-45*68/10*-96*20/-86/+-9940*+,True
++-+-+/-3290/*-9566-715959*38-3953/*/*-9595-22-4158,-3290/-9566*-71/+59-59+38-39*-53+-9595*-22/-41*58/+,True
+---++/*-24-2143/**-86771573**-95-47-154-66-26/-218,-24-21*43/5677*15*73/+-95-47*-1/+54--66--26--218/+,False
++--+----8233*-669715**17-4-22*5244-89/-30-51/-45-75,-8233--6697*-15-17-4*-22*+52-76*--89--30-51/+-4583/+,False
-+++-+---732565//**871512-71-7853*3544-25/88-9285,-7325-65-8715*-75*-71/-78/+53-3544*+-25+88-92/+85-,True
-----+--++-18-20*-42640*57-87-62-59-16-90-48*59-39-72,18-20--426*+40+68-87*--62--59+-16-56--48*59-39*--72-,True
++--+++-81*//-45-90-6438*-35-454256*53-8761*/39-6420,-81-4566/-94/38*+-3532*+42+56-53-87*-61+39-64/20*+,True
+++--+-+++39896755/-3638/072-50-61**-79-5-1839-25,39-11+67+55+-3638/-072/+-50--61--79-5*-18*+39+-25+,False
++----+*-39**50-84-39-86/-932871*/-3035-15532/79-45,-5750-84*-39*+-86+-9328/-71--3035/-1*-55-32+79-45/+,False
-+--+---**-7-9498-41-6691/39-94+*-83-62-41-45-31*89-51,-7-94/98*-41--66-91-39-94/+-83-62*-41*--45--31+89-51*-,True
++-+-+/38-81//*-13644099**-65-8925/2-1-89-53-092,38-81/-1364*40/99/+-65-89*25*-2-1/+-89--53+092/+,True
-+++-+**-4974-75*-504-502022/-29-31//*-652474507,-4974*-51*504/-50++20-22+-29-31+/-6524*74/50/+7-,False
+-----+43062///-84-27-57-9667/*-36-13-5/-25-24/4052,430*62--84-27/-57/-96/-67--36-13*-5/--25-24/*4052/+,False
++-+--++69*1436249/-75-63-5941//-332546**-37394,69143*+62+28--7596/--59+41--3325/46/+-3739*4*+,True
+--+-++--10//7749-17*7117-61629-6937*30-39/7968,107749/-51/-7117*--6+16+29--69+37-30-39*-7968/+,False
-+++*-+-5944/8372/77-94-48/-55-23/-42-48/**-6-55-83-61,-5944+8372/-77-94/*-48+-55-23/+-42-48/+-6-55*-83*-61--,False
++-+---/-502-74+61-60-92/*/-1-674833*6041-58/2359,-502/-74-61-60*--92--10-67/48*33/+3541*--58+2359/+,False
-++----3735/-49-41-2**/-11-382127-/-33-7820*-11-72-16,3735--49-41/--2--11-38/21*27*--33-78/20/+-11-72*+-16-,True
+-++--*89-7976//-46-7182/**668-989756*-66-5*8762,89-79*76--46-71/82/-668*-98*97/+56+27-5*-8762*+,True
-+--+++87182*/71-1008*/*-82-29491*27-2843/25-1,441+82+71-100/8*+-82-2*-14/91*-27-28*-43+25-1/-,False
+-+++-+/2956/*-94-475/-4656/-5249-33*8712-79*9721,2956/-94-47*5/+-4656/--5249/+-33+8712*+-40-9721*+,True
--*++++++--656629-90-76/-50-44*-54-175-51/83-7*-2135,-6566-29+-90+-76+-50-44/+-54-17*+5--51+83-7/--2135*-,False
-+++-+-+-20**-553694-89-39-4-873240*///92-36491332,-20-5536*94**-89--39+-4-87+32+40+92-36/49/13/32*-,True
+--++-+-*9087-59/24-63*24-10-23*-352925*/5064-55-81,9087*-59-24-63/+24-10*--23+-3529*+25-5064/-55*--81+,True
--+-+--*407*-49-10**-4-8852-3644/21-74//-1865927,4064*-49-10*--4-88*52*--36+44-21-74-+-1865/9/-27-,True
++-++-+-7819*9662/-677/**576-2252663*/79-8-83,-7819+9662*--6-51/+576*-22*52-+6-63+79-8/-83*+,True
--+-+++-*91-93-51*-42-37-54/60-52/-18-81/-385*-51-78-28,91-93*-51--42-37*+-54+60-52/+-51-81/--385/+-51-78*--28-,True
-+-+-**82-1274*///-52-28-7067-17-15-76//-7327-8722-100,82-12*74*52-28/-70/67/-18/-15*--76+-7327/-87/-22+-100-,True
----++83*/-305629/*/72-88-9054-75///-62-7082-5-9936,83-3056/29*+72-88/-90*54/+-75*-62-70+82/-5/--99-36-,True
--+----+-3688-52*/46-3229*/566711-58-274384/3461,3688--52+46-32/29*-5667/11*--58--27-43+84-3461/+,True
-+-+---79**50165948/-2219-88**91-15-93***-4177-5084,-795016*59*-48--2219/+-88-91-15*-93*+-4177*-50*84*-,False
+-++-+-97-85*///-2-5166265//-523136748*/-71-2614,-97-85+-2-5/16/62/-66*--5231/36/+74+8--71-26/14*+,False
-+----*-1575*//-6867-36*/786940*64-53-29-10/-23-15,-1575*-68/67/-36*-7869/40*-64-53*--29-22+-23-15/-,True
+-+-+++**-52-8-50-65*/*-671455-820/1-732958*7338,-52-8*-50*-65+-67-56*55/-82*+0+1-73/-29+58--7238*+,True
-++++--**-3569-5/125490/-75-96*-338-45//-3569-837,-3569*-5*1254/-90/-755/+-338*+-45+-3569/-83/+7-,False
-+*-**-257-99*11-57/*///*-61-100788174244/7-20-47,-257*-99*11-57*--61-62*84/81/74/2*44/-7-20/+-47-,False
-++-++++//69677560/*-89314/-3364-69*96-593622,6967/75/60+-893*14/+-3364/+-6+-84-96-59*+36+22-,True
+-+--+/86-2793*-64-81*/*454-7550///80-45-12-1002765,86-27/93+-64-81*-454*-75/50*-80-45/-12/-100/+27-65+,True
++--++-+-2//-11956613*//*-6-10527243228837-9587,-2-1195/66/+13--6-10*52/88/43*+22+88-37--95+87+,True
-+++-++-34*/-2384-88-34-974*2-96/*/*15-3945791016,-34-2384+-88*+-34+-9-74+2-96*+15-39*45/79*10/+16-,True
++++++4750*-54-14-98/*-40-9834/+-1889-8///-50822-57,4725+-54-14*+-98+-40-98*-28/+-1889*-8/+-5082/2/-57/+,False
----++++51-83-67**855546*-931-59/5836/-55-18-98-74,51-60+-67+8555*46*+-931*+-59-5836/--55-18/-98-74--,True
++++--+/-652/1157/82-8386/-74-64/919**-66-46-8882,-652/1157/+82-83/-86*-74-64/+919/+-66-46*-88*+82+,True
+--+---**/70601141-11-5/-3926/-694097//-66-68666,70-95-11/41*-11--5+-3926/--6940/+97--66-68/66/-6+,False
+-+*/*673729-48/-5282*7781*////*-82-12-719684-1522,6737/29/-48*-5282/+7781*--82-12*-71/96/84/-15/22*+,True
------***/6059-12-9340/-6525*-45-38-26**-64225259-14,6059/87*-93*40--6525/--45-38*--26--6422*52*-59--14-,False
-+/---+//**-298-5025-19*13-22-88//7434-3576-8-41,-298*-50*25/-19/13-22*+-88-7434/-35/-7-6+-8+-41-,True
+--++-+///*-60-8131-77-31//-45-36-9-7722-681491*-89-88,-6097*31/-77/-31/-91-36/-9/+-77-22+-68-14-91--89-88*+,False
+++---*-69-66//*///621-14-79-69133-14-23-83-83*-24-99,-69-66*621/-71/-79--69*13/3/--14--23--83+76+-24-99*+,False
-+--++----*//-8955-46-76-87-631199-16*-36-43-13-84-81,-8955/-4/6*-10--87--63-11--85+-16+96-43*--13--84+-81-,True
+++*-+//5925-94/*-42-16-7269-7728*-4536***254715-20,5925/-94/-42-16*-72/+69--77+28+-4536*+50-8*15*-20*+,True
-+++-++++/24-43-33/-41-205750*-51-16-40/-26-36*218067,24-43/37+-41-20//57+50+-51-16*--40+-26-36/+2180*+67-,False
----+++/*-6082-85*/-92-2286-86**-17-197-1934-53*60-83,-6082*21/-92-22/86*+83+-17-19*7*+-19-34--53--37-83*-,False
-+++-/-2473//*1476-2929*-4052-13///94-27-7990/2193,-2473/1476*-29/29/--4052*+-13+97-27/-79/-77/+2193/-,True
++-++-+27-27*/65-82-23-33//*/-9721-472875-34*-1344,27-16+65-82/-23*--33+-9721/-47*28/7/+5--34+-13-39*+,False
++++++*6294/***4945-8550-17-99+-71-80/-6510/-1-8087,6294*4945*-85*50*-17/+-99+-71-80*+-6510/+-1-80/+87+,False
++++/-9742**////-775138-3119145/6015//-99-988777,-9742/-7751/38+-3/11/91*45*+6015/+-99-98/87/+77+,True
----+-734586/-3781*/*-82-8261-55/*//-6991-436816-77,7345-86--3781/*-82-82*61/-55*--6991/-43/68*16/--77-,False
+-++---+46/*19-28-69-763068-47**39650-61*/441925,46-29-28*-69/+-76-30-68--47+391*50*+-61-4419/25*+,False
+---/*-28-79-45*-47-98/-3969**////69-66-41-2718-2417-55,-28-79/-45/-47-98*--3969/-69-66/-41/-27*18/-24*17*--55+,True
+++++---+74*31-853-47/-74-69-46/*/-848434-263421,7431-85*+3--75--74-69/--46+-8484*34*-2/+63+4+21+,True
--+++++---55*4896-3674-60-/29-17569651//-79361942,-554896*+-36-74+-60+29-17/56*+96+51+-9436/19/-42-,False
+--+--//32-1-37-25-99/872726-70//***-8184-69-19492,32-1/-37/-25--99-8727/+28--70--8184*-69*-1*94-92/+,True
+++++-+---+/5742*21-1-5143-82*-79811136-71382,5742/-83-1*+-51-72--82--798*+1-11+36+-7+13+82+,False
----++//15-55-76*/9657-5676//-74-7-7493/-20-42*-8086,15-55/-76/9647/-56*+76+-74-76+-74/-93--20-18/--8086*-,False
+++----210*20-94-34/-3226*/-10-73*/**-83-75-71-63-57,-210-20-94---34--3226/+-10-7/3*+-83-75*-71*-63/-57*+,True
----+*8743****/74-82-22-561390-82/*/-17-43673083-86,8743*74-82/-22*-56*13*90*+-82--17-43/67*30*-83+-86-,False
----++-23-38*/-4692-74**/-11-7-88-5290-80*/-52-428863,23-38--4692/-74*+-11-7/-88*-52*-90--80--52-42/88*-63-,True
++--+-*-1-70///****086-9013201671-2818-59653130,-1-70*086*-90*13*20*16/71/-28/+18+-59-65--74+30+,False
-+-+---+27*/-696287-27/-4114218412*//229185018,27-6962/87*+-27--4114+-21--56+12-229/18/50*+18-,True
-++-+--++9395*-72-7737842**6099-348/*-36-7690-69,9395+-72-28*+3-78-42+6028*-34*-8+-36-76*90/+-69-,False
-++--*3-22-33*///15-454394416/*/6717-81-25*464,3-22*-33-15-45/43/94/4*-16+6717/-36*-25/+464*-,True
+++-+-*//974-160/*-4-9-33*-12-8220*-55-80/-907877,974/-68/60*-4-9*-33/--12-36*+20--55-80*--9078/+77+,True
++-++3668*/*-90-568270*/-12-1854//-39-816*/-10011-93,3668+-90-56*82/70*+64-18-60*--39-81/6/+-10011/-93*+,False
+-+-+-+++-4834-723-937-45/*-6843-4-24*/9096-14-24,4834--72+3+54+7--45+-6843*-4/--24+9096/-45*--24+,True
+--++-+-////9674-55-798868//-2887-77234-1929-384,9674/-55/-79/88*68--2887/-77/+2-34+-19+29--38-4+,True
++--+-**-3262-40*594954*//25-27-60/*-205158-24-82,-3262*-40*5949*-54+25-27/-6/0*/-2051*58/--24+-82+,True
+-++---//-66-95-25-85/-24-98*338310-19/*-80-76-89/69-56,-66-95/-25/-85*-78-98/-3383*-10+33+-80-76*-89/-69-56/+,False
++---+-+-*75-38*1470-662/17-55-7643/6391-83/3730,75-38+1470*--66+2-1712/+-76-43-6391/--83+3730/+,True
++++-+-+31-14/-15-82/-15-90-6692*/41-1478/*80-52213,31-31+-15-82/--1550/+30/92+41-14/78*+80-52*2/+13+,False
++++--90**992961*6112-63**///-28-661191-7445*6495,-909929*61*-6112*+-63+-2872/11/-77/-74*45**6495*+,True
-+--++-+*-5414*33-663/*-69-97-956-15*/241042-3392,-5414*33-7*+3--6911*-9/+-30+-15-2410/42*--33+92-,False
++-+----**27-69-552156//8996492777*-3586/-699690,27-69*-55*21/56-8996/49/-27-77+-3586*--6996/+90+,False
-+++-+29/863-63*8960/-4979/-52-26*/*/-613817-9280,95863/+-63-8960*+-4979-+-52-26/+-6138/17*-92/80*-,True
++---++12/*-9240448//*-62888020-24-21*-99-23/12-19,12-9240*4/+48+-6288*80/20/--24--21--99-23*+12-19/+,False
-+-+-+-*73-2035-76//*-8954-86-37*-15-25//53-95-8942-16,-82-20*35--76+-8954*-86/-37/-0-25*+53-95/-89/-42+-16-,True
+--+++---2188//-3282-51-65-8*917539-34/*-23-64-47-59,2188--9482/-55/--65--8+91-31*+39+-34--23-64*-47/--59+,False
-+-++--71-9353-15***-91-350-39*-8-50*//*-689995-5772,99-93-53+-15+-91-3*50*-39*--8-50*+9599*95/-57/72*-,True
+---+--53-46/*6125-3/911986/*-3969-81*//97-83-12-17,-53-46-6125*-3/+9119/-86--3969*-81/-97-83/-12/53*+,True
-+-+-+--66/017-90**-73-3134-51**/*-653-45-1990-2827,-660-34/--90+-73-31*34*--51+-653*-45/-19*90*--28+27-,False
+--++-902127/24-81*/44-2399**-85-95-5***-3465-37,9021-27+-25-81/+44-23/99*--85-95--5*--3465*-3*7*+,True
-+-*/58-2734///8483-59-68**2559-64/**/22-9986-4-67,58-27/34*8444/-59/97/-2559*-64*+22-99/86*-4*-67/-,True
-+--+-++---84877/78-854256*70-18-33-7666/7289-83,848-77--1-85/-42+56+70-18*--33+-76-42-7289/+-83-,False
---++--+-7264*//-734-42871-719795//-8654-18*50-53,-7264+-734/-8/8*-71*-71+97+95--8654/-18/-50-53*-,False
++-+-5/*/*///2729-8737-34-12-9688/-42-85-1048/9-31,52729/-87/37/50*-12/-96*88/--42-85/+-10-48+9-31/+,True
/+++--+-+*-20-576197916-35/-7436*-74348**591542,-20-57*61+97-9+25--35--7448/+-7434*+8+5915*42*+,False
--++++//-475946*-95-45//97-63-18/7984//-4-7734-20-38,-47-97/46/-95-45*+97-63/-18*+7984/+-4-77/34/+-20--38-,True
+----+--7254**428-16***/-40-78-203230/21-89-26-4961,-7254-428--16*+-40-78/-20/32*30*-17-89/--26-2-61+,True
/++--+---51-90*/-4563-8-2325*82-28/45-85//39-7644-49,-51-90--4563/-8*--23+25--31-28*-45-85/+39-76/44/+-49-,False
+-++-++/53195-81***45-65-37372-19**/3950209-37,531/95+29+45-65*-37*-37*-72--19+1450/20*9*--37+,False
-++-++-+-68-24*/340-4159-14-14***231427962/1234,-68-24+340/-41*-59--14+-14-231*42*79*+62+1234/-,False
----+-***-67-6648-666315*-99-63/-24-86**1714-88*2586,-67-66*48--66*63-15+-99-63+--24-86/-1714*-88*-2586*-,True
------*-4452/-9-63/-98-33//*4580-6041/-446852*22-6,-4452*-9-63/--98-33/-4580*-60/41/--4468/-52-22-23*-,True
-+----*184-6*-99491254*/**39771628/*44-77-89,184*25--9949*-12-54-397*71*-43/-6*+44-77*-89/-,False
+--+/*//**-16-69-38-65-91245577//53-2-171**411472,-16-69*-38*-65/-91/-65*55*77+53-2/-17/-1-4114*72*+,False
-+-+-+---56-5337-61*-66-49-66/*-62-5-5852-61*/-9-9-29,56-53-37--61--66-49*+-66-31-5*-58/+52--62+-77-9/-29*-,True
+--+--//**92-70-43-14-4*-78-46*-37726*-74-8647/-2858,92-70*-43*-14+-4/-78-46*--378*-6+-74-86*+47--2858/+,True
+-+-+-+*/54-56457-63/*9965-21-67/13-1222/*129939,54-5/64*57--63-9965*-21/+-67-82-12/+22-1299*39/+,True
+-+++--+*22-41//-2421372-99-78/-246429**-5169957,22-41*-242/13/+72--67--78+-2464/+29+-5169*9*--37+,True
-----+--931967-15-39*/-57-41-91/*-11-2476**/-67-7-6657,-9319-32+-15--39--57-41/-91*--11-24*76/--67-7/-66*57*+,True
++---++-9498-21-867915*-8917*//*//-79-97-621554-51-70,-9498+-21+-78-79-15--8917*+-79-97/-62/15*54/-51/-70*+,True
--+**1471-60*+//*/84758137-3123-72*-2-94*/76-69-47,-4471*-60*8475/81*37/-31/23*-72*+-2-94*-76-69/-47*-,True
-++-++-+--92-96*17-57-31*35581718-10*-587383/8651,92-96-1712*--31+3558*-17+18+-10--5873*+83+8651/-,True
+--++-++17*70-2337//-4297-44/-4096-322825*/34-63-91,1770-23*+37+-4297/-44/--4052/+-32+28-25-34-63/10*+,False
+-++--+-++68-28*4188/-4994-2011-96*53834-19/-14-17,68-28+4188*+-4994/+-20+11--96-5-60*+34--19--14-17/+,False
--+++--71*0-8654/71-58//*/59-89-46-2213/82-53/-45-14,-710-86//54+71-58/+59-89/-35*-22/-17/+82-53/--45-14/-,False
+-++++898*/708052-51///43-407759/*/-89-3223430,898+7080/52*+-51+43-40/77/59/+-89-3/22*34/-30+,True
-+++--+--+-*87-9499453-11*50-62-16-7028*7564-17-65,87-94*38-94+29--11-50-2*+-16--70-82+7564*+-17+-65-,False
+--++57//**/////-67-5394709246-883510-242186444,57-67-53/94/70/92/46/70*35*10/-2/+42+18-64-44+,True
++-+/*///-90-93-4598-37-6387/2-6428/*/*-18251-8037,-90-12/84/98/-37*-63/87+2-64--28+-182*51/-80*37/+,False
++-+-/-/-3773-59*2272*51-48/*-96-90-7-41*/-92773597,-3773/-59-2272*-51-48*--96-90*-7/+-41--9277/35*+35+,False
+-++-+++*//-62-11-92-2639-2424412/86-2633//98-63-97,-62-11/-92/-2*39+-2+42+44-12+8677/+33-98-63/-97/+,True
+-+++-+*-973378/**//-2-7775-62-512-225936/15-66-71,-9733/78+-2-77/75/-62*-51*2/--22+59*36+15-66/--71+,False
+++++++-4831*-577360*/11-2-2443-916***21-34-560,4831--5773*+60+11-2/-24*+43+-9+16+21-53*-5*60/-,True
++-++23////61432282-11//4-3437-27-68**/-93-15-980,236143/22/82/-11/+4-34/37/+-27--68+-93-15/-9*80*+,True
++++-1371*5847//*/*-100-2295033-64***-364-31-90-68,1371-5847*+-100-2*29/50*33/-64/+-364*-31*-90*+-68+,True
++--+999/-7345-70/*/**54-1008227569///4559791,999+-7345/--70-54-100*23*27/5*69/+455/97/91/+,True
-+-++--++/-24-30*/46-92-72/-57-3923-372141/62244-90,-24-30/46-92/-72*+-57-39/+23--37-21+41+622/-44+-90-,True
-+-----++-32*9054-29*/86-33-8632*-71-81-97-37*-2884-29,-329054*+-29+86-33/-86*-32--71-81*--97-87--2884*+-29-,True
+--+-+--38-55-3648-23*/**//*-63-9513750-4639-100-32-44,-38-55--87+48--23+-63-95*1/37/50*-46*39/-100*--32--44+,True
+-+++--**/-56-19-6660-76-4038-72*/52-133/-8486/92-19,-56-19/-66*-7*-37-47-38+-72+52-13/3*+-8486/-92-19/+,False
-///**/38-89-56-71-8-48-78**/////88-5831-853689211,3862/-56*-71*-8/-48/-78/88-58/31/-85/36/89/2*11*-,False
+-+++-+/-23*/-6959-55-93-20/*-164571*-55-57-14/4863-86,-23-6959/-55*--93+-20/-1645*71/+-55-57*+-14+4863/--51+,False
++-++++---38-29-56/7914**-89889070-81*313076/-9570,-38-29--56-2014/+-8988*90*-70+-60+3130*-76+-9570/+,False
-+-+--++/*-5018-5/78-71-66*-3342-60-55-23**-27-279520,9618*-5/78-71/+25+-3342*--60--55+-23--50-27*95*+20-,False
+/+++-96*/-777383/*/818-14977//9441-50//-5619-91,-96-7773/83*+818/-14*9*+77+9441/-50/--5619/-91/+,False
---+-*--7212//*-379316-84-3317-94//-97-30-92*9298-18,-2712--3793*16/-84/--33-17--94+-97-30/-92/-9298*--18-,False
/++--+++--50-93-7416/*/**3768-196478-57-80-6876-5577,-50-93--74+16+3768*-19*64/78*-57/+-24--68-76+-71+77+,False
+--++-----79-35*7293-10-31-24*-6712/**-39-62-5751-37-79,-79-35-7293---10--39--24+-6712*+-39-62*-57*51/--37--79+,True
--++--/-80-86/8051/-5897/**-2658674973/*-94-19-73-17,-80-86*8051/+-5897/--2632*67*49/+73+-94-19*-73/--17-,True
--+----745*-2-96/*-71-9824*-13-40**/-46152415/41-77,-745--2-96*--71-98*24//-13-40*+-4615/24*-18*-41-77/-,True
-++*++--++*1179/73-149552/38-83-21-36-86-75/64-2716,-4979*73-14/+95+52-38-83/--85+-36+-86--75+64-27/+16-,True
+-+++---77/-65-8**95-384537*491899/2-25-58*4476,77-65-8-/-38-38*45*-37-4918*+99+2-25/+-58-4476*+,True
/--+++-**723129/-35-9-85/*-148578/71-89-99*-66-5962,7231*29/-35-9/--85+-1485+78/+71-89/+-99-85-59*-62+,False
-+--*//-837413-12//*///77858-81-9228-460/1423-37,-83-100/-20/-12*-9578/58/-81*-92*28/-46/-0-1423/+-37-,True
++--++-*7891-53//49-9697*60-59-7036**/654320-62-34,7891*-53-49-96/97/+60-59*+-70-36-6543/20*-26*+-34+,True
+-++-++--10*/27-341*-3747-3*34-82-3/-48-424932-55,1027-34/1*-6347/*-3+34-82*+-3--48-42/+49+32--55+,False
---++/+/711753-4661*7932*/-728222//-5397-16*3223,7117/53+-46-61+7932*+-7282/22*--5397/-16/+3223*-,False
-+-++++++-28*292/-3-8-8637*9119*-11-34-56-3*95-27,-28292*+-370/+-86+37+9119*+-11-34*+18--3+95-27*-,False
++-+//-8-54-93**///90-45-554-43-47*/-84-3-10052/-69-68,-8-54/-93/90-45/-5/54/-43*-47*+-84-3/-100/-52+-69-68/+,True
-++++--+--6217*-292-83/23-66-10//-52-857*2509388,-6217--292/+-83-23-66/--10--10-85/7/+250*+93+83-,False
--+-+----88//-5956-31*-327-938718*//42-82044-6318,-88-5956/-31/--327/--93-87+18-42-8/20/44*+-63-18-,True
----+-83-5642*/-8242-4238*//**//5598-83-7922387773,-83-56+42+3242/-42*-38-5598/72/-79*77*38/-2/73*-,False
--++++---403530*//**64-447326626562829*-74-6-48,-4035-30-64-44*73*26/62/-68*+56+28+29+-74-6*--48-,True
----+++----675535**-7899664-80-4930/71-2583/4631,-6755-35--78-32*6*-64+-80+-68+76-71-92/-83-4631/-,True
+++++---+-37-84-83-49///-39-48-61-4-6549-14-76**85-1360,-37-84+-83--49--39-48/-61/-4/--59+49+-14+-76+85-13*60*+,True
++----+--+-96/*/23-6659-54-27-27-99-90-12686/47-10-13,-9623-66/-56*-54/+-70--27--99+-90--12-6-86-47-10/+-13+,False
+-++-*2977/**/-35-73-16-729286*9379**/-85253087-51,2977*-35-73/-16*-72*92/-86+9379*+-8541/30*87*--51+,True
++++--***-60-77-34-44*-3-34-51-39//-35-3712/*95-49-24-81,-605*-34*-44*-3-34*--51*-39--35-37/12/+95-49*-24/+-81+,True
--+--50-87//566551//*-532328-21**92-80-88*/33-5360,50-87-5665/51/--5323*28/-21/+92-80*-88*-33-53/60*-,True
++-+-+++-++-14-5739*-30-19-75-8453*-3323*2420-5234-91,-14-57+39+-30-19*--75+-84+53+-3323*-2420-+99-34+-91+,False
-+-+-++****237578351816*/-551-86-71-8155/-33-25-53,2375*78*35*18*16+-551/-86*+-71--81+55--33-75/+-53-,True
+-++--++19*1569///-5247552066/-95-51-4651*-34-1472,1915-82*+-5247/55/20/+66--95-51/--46/51+-34-14*-72+,True
--+--*--+-/**-31-2112-7583-6483-2*68-82-31-75-16148,-31-21*10*-75/83*77+83--2-68-82*--31--75--16+1-48-,False
+-+---++*1-56-3626/*89826964/*-602273387*-4019,-53-15*-36+26+8982*69/-64--6022*7/-33+87--4019*+,True
-++-+-+-+977/-267438159946//-45-111838*/-55-8579,9719+-2674/-38+15-99+46-68-17/18/+38+-55-85/79*-,True
++-+++***-100-65-8184//657741*48-7577-1732/*-5-2036,-10032*-81*36*6577/41/+48-75*+77+-17-71+-5-20*36/+,True
+-++*////*71-9572423368//2739-63-3213**-58-7947-72,77-95*72/42/33/68/2739/-63/+-32+18+-58-79*47*--72+,True
-++-----/-11-74/-80-6677*-52391643-30/*/-41-37-85-19,-11-74/-80-66/-77--5239*-16+43-5+81-3/7*-85/+-19-,True
-+++-+/-55-9660/*///984-45185173-30*-6244-72/-7459,-55-96/60+98-48/-45/18/51*73/--30+-6210*+-72+-7426/-,False
-----+++---95889/-5883-75-34/-653/5475/7392-1458,-958-89--5883/+-75+56+-653/--4772/-7392/--14-58-,False
+++--+-+-54-30*/-774-27/-93-7460-29//*7296-5677-2833,-54-30+-774/67*--93-74/+60--29-7296*-56/23/+-28+33+,False
----+---//538873*/97202545*8411-82*70-4970751,5388/45/9720*25*/45-8411*--82+70-49*-70-7-51-,True
-+-+-+--5349-55**-8128-71//-98487/7263-82*795323,5349--55--8128*-34*+-9848*7/-7263/*-82-7953*+23-,True
+---++-*-5646-7635*82-30///74-44-9633/-50-1093*-25-13,-5646*-76-35+82-30*+7485/-96/33/--77-10/-93--25-13*+,False
---++-80/378*****4562-6048-1668/-75-29*-5862/7232,-80378/+4562*-60*48*-16*68*+-7567/--5862*-7232/-,True
++---//531030-48*//2373-2116/*-173590*-21-24/7321,5310/30/-48-2373/-21/16*--1735*90*--21-24*+7321/+,True
++--+-+*-186-77/4870//436151-21/-2725/6515*-83-20,-186*-77+-9670/-4361/51/+-21--2725/-6515/+-83-20*+,True
+-+-/*-153546/*////+72103-2275-94-3729*54-35-8435,-4735*46/72-10/3/-22/75/-94/-37*-70/-54-35*+-84-35+,False
+-++--+++23**/-56-77-8335*773712-69-59*41-1564-761,23-56-77/-83*35*/7737*+91--69--59-41-15*+64+-7-61+,False
----+--/*37474679-47/-4850-779***7534-25-83*-660,3747*-65/79--47--4850/+-7*79-7534*-25*-83*--660*-,True
-------+--7960*-14746-1661-2139-55/*//-33-7758-95-30,-3949--147*+46--16-61--21-39--55--33-77/58/-95*-30/-,True
++++---5050//5958-35*99-87/*92-2944-97/*575179-37,5050-5958/-35/-99-87*-92-1*44/+-97+5751*79/+2+,True
+-++----163579***/*4714-9740-44-37*-3-6731/911-28,-1635-9+4714*-97/40*-44*-37*--3-67*+31+911/--28+,False
/------7226-52/*-388395/-215*/75-21-67*-41-35*2281,7226--52--3883*80/--215/-75-21/-67*--41-35*-2281*+,False
-+-++---+225580/7-92/*42-16799*1-749424/-75-10,2255+80-7-92/-42-16*7/-99+1-74*+94-24+-75-10/-,True
+++--+-+-96/*-9546-48**3534-11/-63322630-4*2650-95,-96-4346*-48-+-4234*-11*--6332/+26/30--4+2650*+-95+,False
+-++++-/92-83/-48-67/-3529*-5498/**97-70598761-7719,92-83/-48-67/--3529/+-5498*+97-70*59*87/+61+-77-19+,True
-+--+-+-+*///4678-5993-2294577-81-2144*-366644-47,4671/-59/93/-22*9+45-77+-81--21+44--3666*-44+-47-,True
+++-+---41*/*-37-12530-1*/-25-38-73/97-40/-68-90-16-59,-41-37-12*53/0*--1--25-38/-73*+97-40/--68-99/+-25+-59+,False
--+---/-851////*//78-88-73-619463-13-15-12-7-999-46,-851+78-88/-73/-61*94/63/-13/-15/--78--7-7+9--46-,False
-/--+---22*70-92*//-79-16-56-63-44*14-4916/6599*-91-96,-2270-92*--10-16/-56/-63*--44+14-49*-16-6599/--91-96*-,False
-+-/--+*57-30-73-6930/*9180-8290**-533456*/299756,57-30*-73+-69-30-9180*-82/--93--5334*56*+2997/56*-,False
-+---13/-5530+/*/*-9536-3776-7392-7054*/*-20-98-3879,13-5530/--9536-28/76*-73/92*--70-54+-20-98*-38/79*-,False
-+-+/+-+-*-8393/-31-304183-38*4938-48-24**-641-5-94,-8393*-31-30/-41+83--38+4938*--48+-24--781*-5/+-94-,False
--+-++-*/66-2354/19-33-38845//-454898-40*/-25382,25-23/54*1986/--38+84+5--4548/98/+-40--2510-2*-,False
--++--+---80//-48-85-83*4580147673-94**-81-40-13-100-78,-80-48-85/-83/-4580*-14+76-73--94+-81-40*-13*-72--78-,True
--++++-83-79-26-8822**/**-80-9012-8-4396***-1174-16-28,-83-79+-26+-88+22+-80-90*12*-8/-43*96*--1174*-16*2*-,False
*++--++-7214-84*//1952-6556/*7548-47*-5-1894*-912,-7214*-84+1952/-65*56*-7548*-47/--5-18*+94+-912*+,False
++------48//-41-34-8-2655-38/4339//-80-853*/-7987-100,-48-41-34/-8/--26-55--38-4339/--80-85/44/+8687/-100*+,False
---/-+--/27812780/6562/14-45-2672///-83262535-81,-9481/27--30-6562/+14-45---26-72--6226/25/35/--81-,False
+-+/-4575*///*729050-5681-90*-6693*//*-1-9-80-7087,-45-41/7290*50+14/81/-90*+-6693*--1-9*8/-70/87*+,False
-++-*+146844*/53-38-56/-79-7*-74-96///*-82-93-63-841,4568+44+5343/-56*--79-7/+-74-96*+43-93*-63/-8/41/-,False
+--+--91/**-44788165*-70-736676/***/-12518146588,-86-4478*81+-59/--70-73*+66-76--1251/8*14*65*88/+,False
+--+-+/*/-27-34-90-58/-19-89/*8063-33*44978-68/-100-41,-27-43/-90*-58*-19-89/+8063*77/-4497*+8--68--100-41/+,True
+-+-/-25-88*****1457635-4698*///2327-44-91171-56,-25-88/1457*6*35*-46*98*-2327/68/-91/1*+71--56+,True
------1/-20-49/60-18*/*6279-71-42*/--78-34-13-63*-8635,-1-20-49/-60-18/-6279*-71/-42*--78-34*-13/-63*--8635*-,False
-+++-+++--91466931///-3854-22-21*/-448755-51-88-4551,-9146-69+31+-3854/-22/-21/+-4487/55/--51+-88+-45+51-,True
-++--+-19**-238869-73*/20-25-8284*-4673/*-80-45-3190,-89-2388*69*--73+20-25/-82*-84--4673*+-80-45*-31/+90+,True
---++++-/-2688-51-77/62-79///2117-88-9147-101*67-26,-2688/-51*-77-62-79/+2117/-88/-91/+47+-10-1-67-26*-,True
+++/632797-17**/**/*/**91-198675231-64-7410564,6327/97--17+91-19*86*7/52*31/-64*-74*10/5*-5-+,False
---+++++-/-66435217*4-26**7640-37-61/-2070-1-76-29,-6643/52-17+4-45*+7640*-37*+-61+-2070/+-1--76--29-,True
-------+/-2722-168972/-9877*297333-72*/*-4042-558,-2722/-16+89-72--9877/-2973*-33--72--4042*-55/8*-,True
+-+-+++-88*-9-48-5270*-1-6843/*//1812-49-2397*-2618,-88-9-48*+-52+70+-1-68*--82+1812/-49/-23*97/--2618*+,True
+-+++-++-28/-718134/61-7264-39-22-31+///-6438-22-161,-28-7181/+19*61-72/-64+-39+-22+-31--6438/-22/-16*1*+,False
-+-+-*-//67157*/-7088-2*-9636**74554899-35-85-25,6715/7/-70-79/-2*--9636*-7455*48*-99+-35--85+-25-,False
-++-/**/21-84-8-759669***-71-86-1-81*/-194993*76-13,21-84/-8*-75*96/69--71-86*-1*-81*+-1949/-43*+76-13*-,True
-+-+---+-/-14-59/-3360-27/-867/6826-20-388564*-6758,-14-59/-3360/--27+857--6826/--20+-38+85-64+-6758*-,False
-+++-++-++-35-1897-284055//44-75-46*/93717267-69,-35-18+97+-28-40+55+-25-7/5/--46+9371/72*+67+-69-,False
-+-++*26-7568*/**//74-88-4679474671/-3785-89*6767,26-75+68+-26-88/-46/79*47*46/71*--3785/--89+-2867*-,True
++------+*65-2294-13-90-33-6*44-71*-87-23/*58-11-66-4,65-22*94+-13--90--33--6-3-71*--87-23*-58-11*-66/+-4+,True
*--++///-9355-88-27/**-94-11-5440*/-84-8011/-37-4-7997,-9355/-88/-27/-94-11*-54*40/+-84-80/11*+-37-9/--79-97-,True
+-+-+/7716**-975289-233912***///41-97-11-55-74-55-46,7716/-9752*89++-23-39+12-41-97/-11/-55/-74*-55*-92*+,True
------+-+/*-56-72-788863/10-89/-955682-47*1-97-5-63,-56-72*-78/88+63-10-89/+-9556/-82--47-1-97*--5--63-,True
-+++--85*7740//-666788-18*//*-5468-29-27-46**16-63-77,-857720*--6670/88/+-18+-5468*-29/-27/-46*+16-63*-30*-,False
-++-++-+-8599-30/-605*-40-53/*-65-31-15-81**0-637550,-85-24+-66--605/+-40-53*+-65-31*-15/-93+35-63*75*+50-,False
++--+-++++-*54-66-87-58-654910*/-15-22-70-23-52694-21,54-66*-87-82+-65+49+10+-15-22/-70---23+-52-6-94+-21+,False
---65*-66-38/*/-/**/*/-6-6895831136-8932-45-93-3,65-66-3*-8--6-68/95*83/11*36*-89/32*38/-93*-3/-,False
+-++++-+**8448-7-87-10*/-7-61-9083-2430-80/--9883-33,8448*-7*-87+-10--7-61/-90*+83+-24+18+-30--9883*-33/+,False
-+-----16*19-4757-37/87-45-9721**///-7468167935-43,1619-47*-57--37-87-56/--97-21+8868/16/79/35+-43*-,False
-++--+*/-33-82-20-48/-3085*/12134231/*-61-5837*14-38,-33-82/-20*-48+-3085/-1218/42*-31+-61-58*37/+14-56*-,False
-++-++++--++-48-91-32-8594-69-100-7618-73/*5111-745125,-48-91+-32+-85-94--69+-100--76+18+-73-5111*-74/+51+25-,True
-+-+++-+95-6024-28****/*73-7952-236818-21-57-4145-58,95-60+24-22+73-79*52/-23*68*18*-21/+-57+-41-45+61-,False
+--*-*/-4-6863//17-36-59//-49-3952***3720-2875-6242,-4-68/63*17-36/-59/--49-39/52/+3720*-28/75*--62-42+,True
---+--*/*-10-44-571-56-68/-628///28-8763-3192*-3076,-10-44*-57/1*-56--68--62-72/+28-87/63/-31/-92--3076*-,True
+-+-+-+-*47*-3983-32-3327//-71-44-52-38*-45-58/76-32-96,47-3983*--32--33+27--24-44/-52/+-38--45-58*+76-32/--96+,False
------+-399265///22-7045792869*173///3911-9956,-3992+65-22-88/45/79/-28-69-3073*-3911/-99/56/-,False
+---+--++--827619-28-44**-64-451571*-20-100*5839-52-31,-8276-19+-28+-44--87-45-15+-71+-20-100*-5839*-96--31+,True
-++-+-*/*45-5882-76*///94-46-9824-68-1640-71*8192-59,45-58*82/-76*96-46/-98/24/-68*--67+40--71+8192*+-59-,False
++--++--31-97-68*-470****-62-92-73-6697//-5767-830-54,-31-97--68+-470*+-62-92+-73*-66*97*--5767/-83/-0+-54+,False
+-+--**-44-809485-26/**-79-28976*/137091*/-3-26-8,-44-80*94*-61--26--79-28*17*76/+1370/91*--3-23/-8*+,False
+--+--+-++++71-94-88/3-77-16/-971-1896-89-9038660,71-94+79+3-77/+-16+-971/--18+96-88--90+38-6-60+,True
++-+--10*-13-81/*897-51/*/*//8-5811-91-47-59-50-6876,-10-13-81*-187*-51/+8-58/11/-91--47/-59*-50/--68+34+,False
+-++-**2815-98**-3-61-24*/36-95-26/-31-80*-59-71/22-40,2815*-98*-3-61*-24/-3678/-26*+-31-80/+-59-71*-22-40/+,True
+---+54-15///*****0-5882-20-4483-10035-2684*926-76,54-15+-62-58*82*-20*-44*83*-100*35/-26/-84-926*--76+,False
-+-+/*/67-37-2989/*/-10040-22-38**47-554483**64-6366,67-37/-29*89/-10040/-22*-38/+47-55-44*-83+64-63*66*-,True
++-----*/-392052/*/-8-43-61685083/-10-3377-24*5269,-3969/52*-8-43/-61*68/-50-83--10-33--77--24+5269*+,False
+--+*76010//**/*/18-3198-60755154-7779**91-50-31,760*10+18-31/98*-60/75*51*54/-77/-79-91-50*-31*+,True
+--++-+-*-86-33-2092/-331*90-682820/-3181**-51-86-69,-86-33*-20/92+-331/-9076++28+20--3181/--100-86*-69*+,False
-------35-66/13-82***-3898-1482-15*28-46/*81504169,35-66-13-95/--3898*74*82*--15-28-46*-8150*41/-69-,True
-+--+-/--67-85***92-81-8235-94*/-28-7632/-231188-53-85,-67-85-92-81*-82*35*--94--28-76/32*+-2311/-88--53+-94-,True
--++-/++--85//12-2573/-84-8445310/-2625542/-1-52,-851261/73/--84-84/+4+53-10--2625/+5+42*-1-52/-,False
++-+-+-/-100-100-43-94-71-80**64-75-84-50/***5521-6045-38,-10031/58--94+-71--80+64-75*-84*--50+5521*-60*99*-38/+,True
+---++--10/-58-4593/*-9-10036*618672-80*//1197-8893,-7-58-45/-93--9-100*36/+6186*-72--80-1197/-88/93*+,True
--+-+-----41*8-57*-635849-38/683552*/36-80-53-9966,-418-57*--6358*-49--38-6835/+52-36-80/-53*+-99-66+,True
--+---+*046/*16-6942*-6525*4781-86-6888//378380,046*53-69*42/+-6525*-4781*+-86--68+88/3783/80/-,True
---++/-6292//-36-525*-55-87/**//-716550314858-9857,-6292/-36-5/25/+-55-87*+-7165/50/31*48*58/--98-57-,True
++++--+635-68///*-99-80-52-7647*36-99/-8789/-1571-76,635+-68--99-80*-52/-76/47/-36-99*+-8789*+-1571/+-76+,True
+-----*/50-32-38/-473731*//-3754-67-69*-2937*7832-77,50-32/82*-4737/-31--3754/-67/-69*--2937*-7832+--77+,True
---+-+31//-4874-35*-983597/-3475/-2238///99-7613-45,31-4874--35/+-9835*-97+-3475/--2238/-99-76/-35/-45/-,True
-++-+++/*-1481-33-45/*-57-8733*/-269640-80*933-849,-1481*-33/-45+-57-87*33/+-2696/40*/-80-933*+-84-9-,False
--++-++/7-18/55-23-7-25-95/-323*+-9-1210//-89-61-97,7-18/5554/+-7+-25--95+-323/+-9-12/51*--89-61/-97/-,False
++--+++-39/-23-33-9415/**1-74-62-41/8329/81-95*-1066,-39-23-33/+-94+15+1-74*-62*-41*-8329/-8133/+466*+,True
-+-++++//804336-34-63//7-88-3-68-100*88-82+/-8364-18,9943+36/-34+-63+7-88/-3/+-68+-100--87-82*+-8364/-18/-,False
--+--+--8-19*4044-25*-1024-23/*/**-32545929-4146-14,-8-19-40-14*+-25--1024*--23+-32-22*59*29/-41*-90/--14-,True
---*++++/-45-67/-31-21/-10034-92-18***45-4528-5676-7577,-45-67/-3193/+-100-8/+91+-18+45-45*28*-14*+76--75-77-,False
--+--*+*/-85-61439123-80/39-87/**-57-193616*-51599,-85-61/43*91*23*-80-39-87/--57-19*36*16/+-515*-99-,False
+++*+28-69*/25-7958/883///-488783-30/*/94-40-65-79,28-69+25-79/58*+883*+-4887*83/94/+94-40/-65*-79/+,False
---**-15-73-8/////-72-54-69-9166-15//89-424*/50-9831,-15-73*-8/-72-54/-69/-91/66/-15/-89-4/24/-50-98/31*-,True
-+-+----+-2791-863/-36-16-23-50/-100-9860///-32-18-38-56,-2791--8-63--36-16/--23--81+-100-98/-60+-32-18/-38/-56/-,True
+-++-*1721**/-578684-88/26-6*/**48353049-51-80-15,1721*-5786/84*-88/-26-6/+4835*30*49/-51*+-10--15+,False
+--++++*-699058*3692/-76-64-6/*-9374-70+*-74-74622,-6990*58+3692*+-76-64/+-6+-9374*60/--74-7*46*-22+,False
--+-+-*//-3459-130-36-80/6838//**0-99-91-186154-88,-3459/-13/0*-36--80+6838/-0-99*-91*-18/61++54-0-,True
--+/--+---59-37-17-3013/-66-89/188966*-40-12*-89-9228,59-37--17--30--81+-48-89/-1889/-66+-40-12*+-89-92*/28-,False
-+---+-++-364-64-51*9835-41/*999915-9425/-8344-50,364--64*-51+98-13*--41+9999*15/--94-25--8344/+-50-,True
--+-//-64-65**98-96-38///-47-96-4453*//-9978-10-3732-79,-64-65/98-96*-38/+-47-96/-44/53/--9978/-10/-37*+32--1-,False
-+--++++++--74-27*4174-13-9-26-17*6195/-58-36182570,-74-27-4174*+-13+-9--26+-17+6195++-58-36/-18-25+70-,True
-+-+++++*/-37-2863-67*34-2081/-2-88*/268694-3291-73,-37-28/63*-67+34-20*+81+-2-88/+7386/94*+-32-91+-73-,True
+-+-++-+83*9921-58//80-251934-85//*71-4395-36-3712,839921*+-58-80-25/19/+34+-85-71-43*95/-36/*-37-12+,False
++/----+10/40-60-25-71-79//61-6371/87-91//-901139-1,1040-60/+-25--9--79-61-63/71/-87-91/+-9011/-63++-1+,False
---+-+/-+1485/-96-60-57/-1783/-88-84-88-56/-68-13*-77-40,1485+-11-60/--57+-1783/+-88-84/--88+-56--68-13/--11-40*-,False
----+--++/178932/-87958*/4645-82637/-85-745132,1789/32+-879*+58-4645/-82*-63+7/-85-74--51-32-,True
++-+++---57-35-66**/*/57654-72-6076/-10054-70724855,-57-35--66-446/54*-72/-60*76*/-10054/+-70+5-48+55+,True
-++-/++-13/-47-10065*/*-26856-7025-3***-969-242985,-13-47-21/-65+-268*56/-70*-25--3+-969*-24*29*+85-,False
-++--++-+-/-3-4497-2-28-26**1-1431-69*-100-71-19-21-70,-3-44/97--2+-28--26+1-14*31*+-69--100-71*--19+-21+-70-,True
-+++-///-87434-3-100-79*//-643-93-30-43//*-55-501230,-874/34/-3/-100--79+-643/-93/-30*+-43+-55-50*12/30/-,True
+-++--+++7//-3919-71-19-42-834-25/771775*/-94-52-44,7-3991/-71/+-19+-42/-83-4--25+7717/+75--94-52/-44*+,True
-+--++-6611-40*418*//*-3417609970/28-81//-942318,-6611+34+418*--3417*60/99/70*-13-81/+-9423/-7/-,True
+-++-+*/-14-43-9668-87/*35752964*-5054/*/-8127-8-54,55-43/-96*68+-87-3575*29/+64--5054*-5127/-8*-54/+,False
+-+++99/**//5027-881675-83/60-4383*4-12**-56-7924,7750-43/-88/16*75/-83/+60-43/+83+4-12*--56-79*24-+,False
+-+--+8*78-17*//8499-56376552//**668836449840,878-17*+8499/66/37*-65-52+6688*36*44/98/-40+,True
+--+--/625768-97-24/*/25585-51/*/-376-4643/-64-95,6257/68/-97--24+255/85*-51/--376/31*43/--64-95/+,False
+--+/**3279-3379**30-9398///-39-678745-54//-3-1584,5779*-33*79/30-93*98*+-39-67/87/45/-90+-395/84/+,False
+++--+7244/-2814*/**/877275133458*/3933-55-9784,7244+-2814/-8772/75*13*34/58*-3933/-55*/-97+84+,True
++-+-++-715816-8/*-2399-28*833*6520**-531-11-38,7158-98+-8+-2399*-28--833*+6520*--531*-11*+-38+,True
++-++-+50/45-36*65-50*843113///-407-65/-9-26-45,5045-36/+65-50*-8431*+13-977/-6/5/--9-26/+72+,False
+/--+++-8153-77*8454/1046*-5763-34*-8210*/-64-408,8153--77+8454*+1046/+7863*--34--8210*--64-40/8*+,True
++---*2272/7193/****-82-34-3714-37-9**-95-67-81-92,227*50-7193/--82-34*-37*14*-37*-9*-24-67*64*+-92+,False
+---+-/-2363///4629-94-39//6265-80-52*/16715156-98,-2363-4629/-94/-39/-6265/-80/+-52-1671/51*-56--98+,False
---------*6060/87665*-6992-8719**-6190-27-66-9389,6060*8766/-5--6992*--87-19--6192*-27*--66--93-89-,True
-++-----/2-58*-65-794-3082**-*29-7275489087489,2-58/-65-79*-4--30-82-29-72*75*48*90*-87+4+89-,True
+---+++--+--26-45683577-99-82*-46916774*/-13152489,-89-45-68+35-77--33+-82+-4691*+67-74--1315+24*-89+,False
+-+-***42-224288*-531/-23-81/*/*/36-31-36-6615-166,42-22*42*88*-531*--23-81/+36-31/-36--66/15*-16+-6+,True
-+++-+++-+-*-334479-58-69-75/-3185-1-393099/-201328,-3344*79--58+-69--75+-4185/+-1+-39-30+99+-2013/+28-,True
---+-++-57//-401698**-5029-19/2092689-30*-757355,57-4016/98/--5029*-19++2092/+25-9+-30--7573*-55/,False
+-++--+/1842/5318/*4-566*/735766985/90-28-93,1842/5318/+4-56*6/-7357/66*-98+5+90-28/--93+,True
+-+--*-88-1431////**505334-6-4913-38-73*/43-1463-66,-88-14*31*5053*34*-6/-49/13/-38/--73+43-14/63*--66+,True
+++-+++*65-56-81-90/256624-80/*//-3878-302219*91-45,65-56*-81+-90+2566/+24--80+-3878/-30/22*19++23-45*+,True
++-+++*-35-48-1/-31-68***-22-679161//27372952*91-81,-3535*-1/-31-68/+-22-67*91*61*+2737/29/-52+91-81*+,False
+++---**-287-8766-170-50//*/*-71239-962-41/17-14,-287*-87*66--17-0/-50+-5723*9/-9*62/-41/+-78-14/+,False
+++**/-6297-9776//*-45951-24//42441*//-100-25937,-6297/-97*76*-459/51/-24/+424/41/+-100-25/9/37*+,True
-+-/*57-92-41-11*/*/*0-96593485-54*///-7-748765-7,57-92*-41/-11-0-96*59/34*85/-54*+16-74/87/65/-7*-,True
-+++/6990///*/*//*0-27-25-85-79655388-71202780,6990/0-34*-25/91/-79*65/53*88/-71/20/+2+7+80-,False
++-+--+++-2758-67246630-28*/*/70-92-86455970*-63-38,4758+-67+24+-28-30--28+70-92/-86*45/59*-70+-63-38*+,True
+-+++--39//40-647697/*/9045-6222-94*36-5861*72-75,3940-64/76/-95-9045/-62*22/+-94+36-58*+13--16-75*+,False
-++-+----+//13-9818-24-5575-933-41/0-54*-52-958571,13-98/18/-24+-55-75--93--9--41+0-54/--52-95*+-23+71-,True
-+-+-+-+*/-766896-660-46*/-24668971/-533429/-7716,-7668/96*-6+60--46+-2466/24*-71+-5334+-29+-7716/-,True
++-++-*-32-57//**/-87465080-90279830**-54-4229217,-32-57*-8746/50*80*-90/27/-98+30+-54-4*22*-92+17+,True
+/+-+--67**//8265-56-323//-3955-8438*-2283/-7-316,-678265/-56/-32*3*--3955/-84/+38--2283*+-7-31/--45+,False
--+----*90-37//-503-48-17//-5763-65*-1637/-7-45-23-96,35-37*-503/-48/--17-8163/-65/--1637*--7-45/+-23--96-,False
-+-++--/*80-43-68/-164897*1556-8171//616683+75-25,80-43*-68/-7748/-97-1556*+-81+71-6166/83/+75-25/-,False
++-++---*//*-9-6479-62-656894*6337*-89-57-25-3214-64,-9-64*79/-62/-65*68-94-6399*--89-57**-25+-32-14+-64+,True
-++++-48*/-90757168**///**-678-7121-54-87-12-6074-54,-48-9075/71*+68+-4978*-71*21/-54/-87/-35*-60*+74/-54-,False
++---+---5942-95/+*-487823-18-65/2154-3047-80/-46-78,5942--31--4878*23*-18/--65+2154/--30-47--34+-46-78/+,False
--///*/*//7962-54122-42-24568**/-241186-48/999,7962/-54/1*22/-42*-2/-44/68/-2411/-72*-48**999/-,False
-+-+-+*-18-84*52-15//-454693*//*94-922327-72-31-31-100,-18-84*52-15*+7946/93/-94-92*-88/27/-72*+-31+-31+-100-,True
+++--+*///*738048-2755-874710**44-4512*-87-91-76-84,7380*48/-27/55/-87*47+10-44-45*12*--87-91*+-76+25+,True
++++++/693779-25/*/9022-46-7150**-29-90-35**-9510-33,6937/-97+-25+9022/-46*-71/+50+-29-90*-35*+-9510*-33*+,True
+--*////-623781683841//17-14-66**-58-78**59236,-6237/81/68/38/41*17-14/-66/--27-7*8*-5-81*36*+,False
++-++871924-37**///**-11-76-1711-23-8876-46/*-914742,8713+24+-59--11-76*-17*11/-23/-88/45*-46*+-9147*42/+,False
+-+-+*/*/178033-23-3018***/*49-933079-262134-91-3,1780/33*-23*54*18+49-93*30/79*-26*21*-34+-36--3+,True
-++--+*/*-4116-2952*//80-995340-38/40-45-27*-271113,-4116--29/52*80-99/53/40*+-38-40-45//-27+-2711*+13-,True
-++--++-+/-36-9550-68*-12-13270-3*6728-45/*2320-99,-36-95+50+-68--12-1*+32-70--3-6728*+-45+2320*-99/-,True
-++--+-+/**92-815299-44-10086-7/*-609337/52-82-46,92-81*52*99--44+46-60+-7--609*3/-37+52-82/+-46-,False
-+--+++-44*-149/-9926-3-44/-8073*-96-48/*590-10,44--149**-9926/+-3+-44--8073/--96-48*+590*-10/-,True
-+-+/-93-41/*375887*/*9255-2921/76-86*/*48-706711,-93-41/3758*87/+5955*-78/21*-76-86/+48-70*67/11*-,False
+---+--++***9797366831-16//76-25-7010-8885-67-64-12,9797*36*68*31+-16+76-25/-70/-10-0+85--11--64--12+,True
+++-++-//845580*13827667-78*-6053/-5444/*50-43-17,8455/80/1382/-76+67+-78--6053*+-5444/+50-43*-17/+,False
-+-+--++---9-82-4885-3/9-9492-100*-24-91*-35-80/-46-60,-9-82--48-85+-3+9-94/-92--100+-24-91*--35-80*+-46-60/-,True
-++++-+--*67-52*-2055/-4055-12*-2-6910-48+31-49-55,67-52*-2055*--4055/--12+-2-69*-10+-48+31-4*-9+-55-,False
--+-+**-795655//-9829-18*74-761*-4169**/-3-6-7072,-7956*55*-9829/-18/+74-76*-1+-4169*--3-6/-70*72*-,True
-+-+-++//*-65-15-97-9/*4275-1099*15-79172-3/58-65,-65-15*-97/-9/4275*-10/+99+15-79/+1+72--3+5887/-,True
++++--++-/567-98-80////51598139-95615793905780,567/-98--80+5159/81/98/-95/+61-57-93+90+57+80+,True
++++-+---191672**/61-397256-92-30-8713/-50-78/-9038,1916--67-61-39/72*-94*--92+-30--87+13+-50-78/+-9038/+,True
-++-+-/-799-4*45-8/*7168-7170*4965*/--49-73744,709/-4-45-8*/7168*-71/+70+4965*+-49-73/7/44*-,False
--+-++++-116-53//79546516-8760-21//8766-2/88-2,-116+-53+7954/65/+16+8760/--21+8766/-2/-88-2/-,False
++++-++-+-/-148944-25-34-1772*/5949-8*463165-1132,-1489/44--60+-34-49+72+5949/-8**4631*+65+-11+32+,False
++/---+--+-63-81-68-394178/9260-8446-21-46**-1830-32,63-81--68+-39/41-78+9260/--84-46--21+-46+-1830*-32*+,True
-/+--+++49-31575*/*5545-82-20**-63-25-72-32-45/2070,49-31+5+75+55-84*-82/-20*--63-25*-72*--32+-45+2070/-,False
-//****//***/39-28715572-9667-4386-10061-7426/60-82,39-28/71*55*72*-96/67/-43*86*-100*61*-74/26/60-70/-,True
+---++/-94-85-18//*83-8770-37*777/10-80-36/*-21-3725,-94-85/-18+67-87*70/-37/-777*-10-6/--36--21-37*38/+,True
-+++-++++-46*11-38/-81-93-15-17/2425*-24-94-44-54/35-87,-4611-38*+-81-93//-15+-17+2425/--24-94*--44--54+35-87/-,False
+-+++-+--39-59-7/-84-11*/83-95-3495*12439421/-20-99,39-59--7--84-11/+83-95/-34*-95+1243*+94+21--20-99/+,True
++-+----+5486/*-18-58-40-61-45//*7973972128-7494-43,5486+-18-53*-40/--61--45-7973*97*21/+28+-74-94+18+,False
-+--/*275885*79-23*****-7563-53-3813-38*-89-82/-47-80,2758*85/79-23*--7563*-53*-38*13*-38*-9-82*+-11-80/-,False
+-++-/***938135-87-96-66/-2587*1898*9-61*-32-6654,9381*35*-87*-96/-66/-2587/+1898*+9-61*-32-66*54*+,True
+--+-*/*****69-2050801732-42541-59-82*2126*45-70,69-20*50*80*17*32*-42/5*41--59+-82-2126*-45-70*+,True
++--++-909624///**-66-71776117-89/87-46//22928226,-9081+24+-66-71/77*61/-50/-89/-87-46/-2292/82/+26+,False
-+++-+-***//**-79-84-8-2650-37-50897-68-7557-52-5293,-79-84*-8*60/50/-37*-50*89*7--68+-75-57+-76+-52+93-,False
--++*806+//*7872-2937-5/-53-89//**-57915183-1846,806*7872*46/37/-5/+-53-89/+-5791*51*83/-18/-46-,True
+----++--*2645-72*98-87-3229*-72338*-32-3855/132,2645*-72-98-87*--32+29+-7233*-8--32-38*-55-132/+,True
+---++-18/96-7/*-52-33-564*//-973517472337/2533,18-92-7/--52-33*-56/+4+-9735/17/47*-23-37-2533/+,True
++-+--*/*-2955-6434-31/*/25-741792-5917*-93-9/-2-83,-2955*-64/34*-31-25-74/17*92/--59*17--93-9**-2-83/+,True
-+-+---+++-85-92/-21-9720/29-66-43/-70546174-81-1850,85-92--21-97/+20+29-66/+-43--7054/-61--73+-81--18+50-,True
------+-34-88/*/-60-63232582-35-655/*4584-28*-4192,34-88--60-63/23*25/+82--35--65-5-4584+-28/-8392*-,False
+----+--+/8050/*26-2328-81-61/19-57-737/113675-27,8050/26-23/28/+-81--61+19-74*+-73-7-116/-75--27+,False
++-++-++++63-10*-5095-9673-48//49-86-35608222/3213,63-10*-5095*+-96+73+-48-49-86+-35/+60+82-22+3213/+,True
++++-+*+-15-81-80-24-23**28-80-7/13-8919/*-63-86-8954,15-81--80+-24--23+28-80*-7*-13-89/+19+-6326*-89/+95+,True
++---++---5/3823-37-56*/-75-95455*58111*54-88-94,253823/--37--56+98-95/45*+5-5843*-1-54-88*+-94+,True
--*-+/62-659**17-2718///*/49817153-71-9519*-4314,62-6/59+17-27*18*-4981-71*53/-71/-95/+19*-4314*-,True
---+++-+--1366-22-7335-55/-88-46/-344-16*-2439*0-7,1366+-22--73+35--55+-88-46/*-316/*-16--2439*-0-7*-,True
--++-+-+++*-791772//1955313939-7476-120*-5-75-41,-7917*72+1955/31/+39*39--74+76--1+20+-5-75**-41-,True
-+--+-+-*64-33-37*5285*///029618-16-9347-39-5384,64-33*-37-5285*+02/96/18/-16*--93+47--39--53+84-,True
-++/*589-87/****/*-46-69492131-233145*-3099/48-15,589*-87/-46-69*49+21*31*1*31*45/+-9099*+48-15/-,False
+-+/-86714/***/*9158-278413-8132*/*/-8193662072,-867/14+9158*-27/84*13*-19-32/--8193/66*92/72*+,True
-+-+/*///-488450-35-40/*//687-98-18-32-97/-554-5931,-4884/50/-35/-40*687/-98/-18*-32/+-97+-554/--59+31-,True
-+--*++*/6224-42/46-57-54-95/*/-568-99-10056*-4975-50,6224/17*46-57/--54+-95+-568/-99*-100/-56--4975*+-50-,False
+++++--+385954-7342*44-53//*73-96-3396**-7096-9585,3859+54--73-42+44-53*-73-96*-33/96/+-7096*-95*+85+,False
+++-+++*9-24//*-8745-69-4-42-84*-8513/46-9473/-94-52,9-24*-8745*-69/-4/+-42+31+-8513*-46-94/+73--94-52/+,True
-----++-24/-62-35*41-8166*8737/*66-99-3636-3/6220,24-62-35/--12-81*+66+9737*-66-99/-36*-36--3-6220/-,False
---++++42*-8-96-27//-96-4-49**-4229-76*179/27-98-7,42-8-96*+-27+-96-4/-49/+8929*-76*+179*-27-98/--7-,True
-+-----**10-63-72//-892775-13-72*-37-23/6169/-325-1,10-63*-72*-8927/75/--13--72--37-23*+6169/--325/+-1-,True
-+--+-+18*/-35-4985/-95-5/9925*188793/-1170*-4157,18-35-49/85*+-100-5/-9925/+1887*-93+-1170/+-4157*-,True
-++-++51*/-38-28-93/*4162530*/14-8491*98-69*4816,51-38-28/-93++416*25/+30-14-84/91*+98-69*+4816*-,True
-+--+-+-27-6-56/*-34260+-449971*///21-7886-37-8715,-27-6+-56--342*60/+-4499*+71-21-78/86/-37/-87*+15-,True
---+-++--25/****-14-43-18-273881-8844-495473142815,25-14-43*-15*22*38*81/--88-44+-49+54-73+14-28-15-,True
--*-7644/-6429/**-52-8570-55/*****22-7065-48-18-3850,7644--6429/--52-85*70*-55/-22-70*65*-48*-18*-38*50/-,False
--+-++-++-1/45-1-18*/*/86-7-235551-4751-5313-99-38,-1-43-1/+-18+86-7/-23*70/51*--47+51+-53-13+-99--38-,True
+++-**27-13-12**-848-48/**/94-82-7323-4-62/*-875737,46-13*-12*-8475*-48*-94-90/-73*23*-4/+-62+-8757*37/*,False
+-+--+*326-42//2511-75/79-50*-73-25**9517-47*71-14,326*-42-2511/-75/--88-50/--73-25*+9517*-47*-71-14*+,True
++++++**-8-4917/-4699*7528*1348/36-100-33*/-95-8165,-873*17*-4699/+7528*+1348*+36-100/+-33+-74-81/65/+,True
--+++-+-//-2-74-8661/*4-37-23-17-658//-10231285-57,-2-74/-36/61-4-37*-23/+-17--6+58+-523/12/+85--57-,True
+--++-67**-4438-55-8652****/-8684-504665-31/*-5-68-98,-67-4438*-55*+-86+73--8684/-50*46*65*-31*-46-68*-98/+,False
+++--++-7/--23-43791-4728/-9722-18//**186-4-7-41,-7-23-4*37/+91+-47-28--9722/+-18*186*-4*-7/-41/+,False
+-+++-+6863-27/25-8992*-7696*//**91-61-171-44794,8163+-27-25-89/+-21+-7696*+91-61*-1*71/-44/7*-94+,False
+++----+*621/071-235342/*857535-48-70**92177,621*011/+-23-53-42-8575*35/--48+-70+9217/7*+,True
---+--+92**/-6018-36-8554/-1137/-28-1878*-996/-97-34,92-6018/-36*-85*+54--1137/--28-86/+78--996*--97-34/-,True
--+**-60-21-18/*-986712//*/19-10-2-9230***-81636228,-60-21*-18*-9882*12/+19-10*-2*-92/30/--8163*62*28*-,True
+*+--18/***///-67-463339-36-55237//7685-26/-502035,-18-67-46/33/39/-36*-5*20*37*-7685/-26/+-5020++35+,False
-+++++++*-63-30/90-14/94-71-26-42/-74-45-24*/7322-34-19,-63-30*90-14/+94-71/+-26+-42+-74-45/+-24+7322/-34*+-19-,True
+--++-96/*-3032894743*/291-62*/*-4020-9037*9086,96-7032*89/--75+43+291/-62*--4020*-90+37*-9086*+,False
+-++*-48-4489/**7450-8-33//48-83-57//*/12-9811-31-21,-48-44*89+7450*-8*-33/+44-83/-57/-12-98/11/-31/-21/+,False
--++--++/36-56***86-37-864-5573-6-14*-7955*23-590,36-56/86-37*-8*64*+-55+73--6--14+-7955*+-53-59*--90-,False
+----+*63-89-30*-90-27/-41-6-10/-3810**//30755956,63-89*-30+-90-27*--41-6/-26--3810-/3075/5/9*56*+,True
+-*--++19/85314852**-7876-60/*78-85-82//-5-487233,-658531/+48+52--7876*-60*-78-85*-82/+-5-48/72/-33+,True
+++++-/*/69-67-61-546*/-30-22-8332*9472*/433842-14,69-67/-61*-5/46--30-22/-83*+32+9483/+4338/42*+-14+,True
++-+-+/3719///-61-979691-15*29-49-25*2592**48-9762,3719/-61-97/96/91/+-15-29-49*+-25-2592*+48-97*62*-,True
+----+++-74/*93-3980-96*27-719/41-4*-12-77*-481931,-7493-39*80//-96+27-7*+19-85-4/--12-77**-4819*-31+,True
--++--*56-6776*-74-66-60-6//*+/-4538-8393-2251/-25-100,56-67*76--74-66*--60+-6+-4538/-83*93*-22/51/--25-100/-,True
++-++-++++-*-183159833*-793684-254647*-713069-100,-1831*5-98+33+-7936*+84+-25-46+47+-71-88*+69+-100*,False
++-+---+---21*-4-76*32-67-3636-97-67*-1231-60-58/-90-52,-21-4-76*-91-67*--36+93--97--67--1231*+-60--58+-90-52-+,False
+-+++92/*/-59-3824-91*907-2559*/*//-62-20-403247-64,92-59-38/24*-91++907*+-25+59--62-20/-40/-37*47/-64*+,False
-++-++---8211*-6-51**-73918422*-96-91-95//1868-67-9,-8211--6-51*--7391*84*+7+21-91*--95+18-74/-67/+-9-,True
------*-43-22-83/40-383/*/-7054-9556/*-57919/54-62,-43-22*-83-40-3/-83*-70-9/-95*56/--579*19/-54-62//,True
-++++-384**3691-434433*/*/88-63991379*/-91-947,376/3691*-43/+44+33+88-63/99*23/79*+-91-9/47*-,False
+-++---++*/-8451-33-27918-97-68-4197-93*/*-64707730,-8451/-33*-27+9+18--97--68--41+97+-93--6470*77/30*+,True
----+-63**//-78-4019-94-69*-67-97**/-489-4684-15/-46-52,-63-784/19/-94*-12*+-67-97*--422/-46*84*--15--46-52/-,False
+-+-+----/27-27-3298///2579-28-2281-3-82-69/-74433,27-27/-32-98-2579/-28/12/-81--3+-82--69+-7443--3+,True
+-----**98-34-83514*/*32-19-4774-28**29-8796/-31-70,98-34*-8*35-14-32-19*33/74*--28-29-87*96*--31-5/+,False
+++--+-67/17-54-94/*/-63-96-35-4914*58-7270*/-38-6960,6717-54/--94+-63-96/-35*-49/-14-58-72*+70+-38-69/60*+,True
++-+-++-6-6653*//70-48-9064*/887233920-17*9664,62-66-53+70-48/-90/64*+8872/33*-9+20--17+9664*+,True
-+----+*-38-522*-92615390*///-655775-5985/-216435,-38-52*2+-9261*-48-90--6557/75/-59+85*--2164/+35+,False
+-+--+-55-37-27-43*//*-2065-41-48-27/1018**/56798-99,-55-37+-27--43--2065*-41/-48/-27*+-8018/-567/98*-99*+,True
-/--*/6068-45**30-835/-89-33/+545593*//23-564298,2268/-45*30-8+35*--89-33/-54-7*93/+23-56/42/98*-,False
-++*---++--7252-75*/88-8386-1296/-534-53/-31-16-79,-7252--75+88-8/38*-6--12-96--534/--53+-31-16/+-79-,False
-+-+-++149*-9163-7622/-60-46//-48-7224***998133-78,149+-9163/+-76-22+-60-46/--48-72/24/+9981*33*-78*-,True
++--+/*96-118157/-21-17*-2581*-9278*/**-681755-4064,96-11*81*57+-21-17/--2581*--92-50*+-6817*55*-40/64*+,True
--+-275-*//-387872-2487/****9554756-14-98*30-27,27-17--38-38/72/-24*87-+955*47*56*-14*-98/-30-27*-,False
--+---/-64-33//597-4232*-6889/**79-667259--8086-15,-64-33/59-34/-42/-32--6889*-79-66*72*59/+-8080*--15-,False
++++--4256*2948*6261/*////58-4697-81-7069-817960,7256-2948*-6261*+58-46/97/-81/-70/69*-81/-79/60+,True
++----++94-19/13-6-423/58-13//-3-77-84//-90-3078-34,94-19+-4-6/+-42-3-58-13/--3-77/98/--90-30/78/+-34+,True
-+--+--+-+/-408053*65-78-87-69-83-9879**1173-40-62-1,-4080/53+65-78*--87+-92--83--98+79-1173*-40*--62+-1-,True
+--+--++/-1038***-8085038/4898-71-33*-1362-312025,-1038/-808/50*-82*+4898/+-71--33--1362*+-31-20-25+,False
+--+/*/*-43-59-82-48-4*-85-1-35//**-71-69-85-552/2572,-43-59*-82/-48*-4/-12-1*+-35--71-69*-85*-5/52/-2572//,True
-+-+--+/78936*90-27/**17945-51-1*-39-6477-47-77,789/36+90-27*-1-89*45*-51/--1+39-64*10*--47+-77-,False
-+----36*/-67-80-6-9142//*/-41-77-52-4213/64-65*-35-10,36-67-80/-6*--91-42-43-77*-52*-42/13/-64-65/+-35-10*-,False
-----75/-525581**-**///23-693-136-759472-34-21-44,75-5255--81-23-69/3/-13/6*-75*94*72*-34*--21--44-,False
+++-+--/*4730842982/-95-39-87/**-14-83-97-68/-725187,4730*84/29-82--95-39/+-87--14-83*66*-68/+5224/+87+,False
---++-*3886-//-3027-16-39**-7741-62-86/35-76-30*1270,3819*-3027*-16/-39*--1941*-62*+-86+35-76/--30-1270*-,False
+-++--/**34-23-66-20-52/6025//-11-51-8221/8169*4050,3447--66*-20+-52-6025/--61-51/-82/+21+8169/-4050*+,False
--+++-+--84-7726/70-3498*/99758392/-9095/-541689,8447-26-70-34/+98-9975/83*+92+-9095/+-5416/-89-,False
-++-++-+95-43*/+32116737-3-311874*-43-26/*83-92-62,95-43+3211*67/37*--3+-31+18-74+29-26*+83-92*-62/-,True
----+-**-//*674460-5-38-57-26/2156-2876-74-79*52-90,6744*60/-57/-38*-57*-26*2156/--28+76--74--79-52-90*-,False
+-++-+-*/-77-71-5186/*1-726766/*17-5353*-7-226859,-77-71/-51*86-1-72*67/+66/17-53*31/+-7-20*+68--86+,False
++-+*-55-41/-29-16//+/7654-35-1684****6031-40-91-52-69,-55-41*-29-16/+7654/-35*-16/84/-6031*-40*-91*-52*+-69+,False
--+---*+-15/-938*21-32-328462*-58-4*252//469370,-15-938/+21-32*+-32-84-62-22-4*+252*+4693/70/-,False
----+//97717-65-9294*-436/**/+/3819673-6678-14,9771/7*-65+-92-94--436*--7819/6*73/-66*78*-14/-,False
-+--/+---+--40-6391-38-634749798*-56-3237/*89-18-3,-40-63-91+-38--63-47-4+97+98--56-32*-37+89-18*-3/-,True
+++--+---6/-1233-1136//268919/28-3*75-18*-77-3519,-6-1233/--11-36+2689*19/-28-3/-75-18*+-77-35*+49+,False
+--+++-+-*/698185*-864/80-10091-92-49*99-1455-24-33,6981/85*-864+-80-100/+91+-92+-49+99-14*+55--24--33+,True
+---+--+*/**-3816-336369-343990/59114594/-36-9718,-3816*-33*63/69*-34+39-90-5911/+45-94--36-97/-18+,True
++-+++-6420*-4430/*/-53-54-7-7/*//57-4740-290-7672,-6420+-4430*+-53-54/-7*-7/+57-27/40/37*90/--76/72+,False
-+-+-----84/-20-48-216*2020/10-81*/-65-924/6933-52,-84-20-48/--2--5-2020*-10-81/+-65-92/4*-733/+-52-,False
--++-/*/-8061561-549-70/-36-14****/92-48-29-14-8192,-806/15*61/-77-49+-70+-36-14/-92-48/-29*-14*-81*92*-,True
-++-+-/+-40-697386///*-69-6687-9234*72-7340-94/60-36,-40-69/73/86--69-66*87/-92/34/+72-73*-40+-94+60-36/-,False
++-+++--7/-72-100/693/10-2958*/-27-51-10-4*/-25-80-17,-18-72-100/-693/*10-29/+-26+-27-51/-10*--4+-25-80/-17*+,False
---+----21*80-1084*-1535*/*/-91-7864-48-4067-73*-74-76,-2180-10*-72+-1535*--9160/64*-48/-40*+67--73--74-76*-,False
-+++*//-408991-56-74/*//*7967-36-88014**-48-5870-40,-40-74/91/-56*-74+7967*-36/-8/80*14/+-48-58*70*+-40-,True
---+++-+10/-342582/*/-66-61-62-90/-1088*87-6331-35,10-3425/+82--66-61/-62*-90/+-1088//-947**-63-31--35-,True
++++-/36-14/*-80-748/*-60359//*-649766-27/90-91-71,36-14/26-74*8/--603*59/+-6497*66*-27/+-33-91/+-71+,False
-+-++--+--+**-79-79-5255655233/-21-8795-17-3469-85-31,-79-79--52*55+65-52-33+-21-87/-95--17+-34+69--85+-31-,False
++++**-57-48-76*1-35*///**91-53-96-45-162545*683039,-57-48*-76*1-35*+91-53*-96*-45/-16/25/45*+-9530*+39+,False
--+/+-+*/-35-7652-92***088583-1048*0474*219,-35-76/52*-92+08*85*83*--10+48-047*+4-219*-,True
--+-+-**/-8822117164/*-11-1422/-209163*47-37*42-42,-8822-11*71*-58--11-14*-10/+-2091/-63+47-37*-42-42*-,False
--+-+----86///55-54-88-41*//837127743650-49-221948,-8655-54/-88/-41/-8371/-3/74*-36-84+-49-39+19-48-,False
+++++-+++-+133346-6575-51*-81275627/924524*3693,13-61+46--65+75--51+-8127*-56+27+9245/+24+3693*+,False
+--+--+/-19784/*-9363-8017*-67-50/-8143-61//72-20-85,-1978/4+-93-37*-80/-17--67-50*+-8143/--61-72-20/-85/+,True
--+++-45*//****-1-62-89-40-4724-100-6*-55-86*-14737218,-45-1-62*-89*-40*-47*24/-100/-6*+-55-86*+-1413*+72-18-,True
++++-+-+++-42864546/46-20-9880-7198/87-61-27*-3996,4286-45/46+46-20/+21-80+-25-98+87-61/+-27+-3996*+,False
+--+--/7371*/6-7269*/955993*/-6414-42-100/98-41-10,733/6-55/69*-9559/93*--6414/-42*+-100-98-41/--10+,True
--++-++-7*-5544/-5591*/46-1662-46-22-86-50/*-25-48-80,61-5544*--5591/+13-16/62*+-46--22+-86+-50--25-48*-80/-,False
++--+-+-+-4**-6073-92-66-8860/76-38-3311/-97-49/9789,-4-60-96*-92*+-66--88+60-66-38/+-68-11--50-49/+9789/+,False
-++-+++/--71/*-174156*43-11-1424/91-12-48-64/6294-31,-71-1741*56/-43-11*--14+24+91-12/+-48--64+6294/+-31-,True
+-++---+/69-42/-26-22-4652***-24-292-8719*92-99-69-12,69-42/-26-22/+2-52--24-2/92*-87*-19+92-99*+-69--12+,True
+++++-++-36*//3114-69-3989530**-9-38-48/-4749611,-363114/-69/-3++98+95-88+-9-38*-48/+-4749/+6+-44+,False
+-++--++-95//-2859-9611**/-49649-100*-79294579926,-95-2859/43/+11+-496/49*-100*--792*-94+57+99-26-,False
+--*/*//**/-2065-16673136-29-36*/-470-81-18*1325,-2065/-16*6*73/13/87*-29/-36*-470/-81*--18/1325*+,False
+-++++++-99*4254-221//61722061/*-88-5287-83-6-80,994254*--22+1+9372/20/+61+-88-52*87/+-83+-30--80+,False
+-++-59**/**-84-61-4915-7941**/*877013-9335*21884,-59-8448*-49*15/-79*41*+8770*13/-93*35**218*-84+,True
-++-++-+-11/-96-1524-54-62-54***/4229-213-91-47-66-58,11-96-15/-9+-49--62+57+4229/-2*13*-91*--47+-66+-58-,False
-+--++-96/*-24-37-56-71/92-90-14//4616-84*6087/1060,96-24-37*-56/--71+92-90/+-14-4616/-84*-6055*+1060/-,True
-+-------**74-852881-76-78/*5790549855-99*93-8011,69-85*28*81--76--78-5790-54/-98-55--99-93-36*+11-,True
-+---++-55///-20-62-531211-21*/69-6794-621*/-856-6,-55-20-62/-53/12/+11+-21-69-67/94*--6-21+-856/-6*-,True
++++-/**2662225-39/*24-53-96**41-12-6*/-2096-7773,2662*2*25/-39-24-53*-43/+41-12*-6*+-2096/-77*+73+,False
+++--**//-79-38529505/*-52-759841///-24-94-79-7-80,-79-38/52/95*0*5--52-75*98/-41+-24-94/-79+-7/+-80+,True
+-/--+/*-8527-83-448**/-2733-8631*-6373-25**8935-55,-8527*-83/-4+-14-3033/-86*31*--6373*--25-8935*-55*+,False
++-+-+*-458*923545/*32-90-867-46*//*9130-189481,-458*9235*+45-32-90*-86/+7--46+9130*-18/13/81*+,True
+-+-++*/*-3278-56-732386****-92-7250466112/45-35-25,-3278*-56/-73*23+86+-92-72*50*46*61*--1+63-35/--25+,True
-+-+-/*-90-56-87///79-28-83-815074**/-54-97-52-1/1673,-90-56*-87/79-28/-83/-81/--21+74--54-97/-52*-1*+1673*-,False
++-+-++-6565*-9213*/9148-54541//21-57-92**30-7-9,-6565+-9213*+91-71/-54*-54+1-21-57/-92/+30-7*-9*+,True
--+++++//*66-93-8-961*44-32-81-95*-20-19*-55-18/-8877,66-93*-35/-96/1+44-32*+-81+32+-86-19*+-55-18*--8877/-,True
-++++--3879*+-618162/6560*-35-55*308*//262347-93,-38-89--6181*-98*+6560/+-35-55*+308*+2623/47/-93*-,False
++++-+-50-2**51-40-2/**2-6274-21-74**/-187185470,-38-2+51-40*-2*-2-62*74*-21/+-74+-5971/85*4*+70+,False
-++-+34*-3443/-9622/7074+71-65/**//-20-30-2-719457,34-3443*+-9622/-7074/+71-65*+-20-30/-2/-71*94-57+-,True
/--+/*/-883488-99*4795*//*-536-29971/-2777*1724,-8834/88*-99/4795-+-536*-2/99/71*--27-14/-1724*-,False
+--+-+//*309036-65-96/-36-69/-1421*/-841759*614-15,3090*36/-65/-96+18-69/--1421/*-8417/59*-614*--15+,False
+-+-++-+36-96//-64-17-88*/20-46985847*/844449-45-71,3680+-64-17/-88/-20-46/98*+58+47-8444/49*+-45--71+,False
---+-+77*/-8648-6021/43-96-24*//*6-170-2480*55-35,77-8648/-60*+21--71-96/--24/6-1*70/-24/80*-55-35*-,True
++++++++20*-4881594-14*-107299*/**-51-9037-2-4599,20-4388*+15+94+-95+-1072*+99+-51-90*37*-2/-45*+99+,False
++++-+-++-32*-8984-6815*/51307860/-81-31/22-13915,-32-8984*+-68+15-51-43/78*+60--81-31/+22-13/+-6+5/,False
-+-+--+++--023-28-931*/-736676-7080/-949-282-19,023--28--9+31/-7366/76*+-70/80--949/+-28-2+-19-,False
-+---+-///-85468848*91-58*-73-52-5358/-78-73*-44-75-21,-746/88/48/91-58*--73-52*+-53-58--78-73/--44-75*+-39*,False
-+-++---88/16-1310-42*//-1132-1647/52/*-6031-63,-8-80-16-13/-10+-42+-1132/-16/47*-5-90/+-6031*-63/-,False
--+--+-+--+-98-48-362980-3484-9/-48-9325-29-81*-3-78,53-30--36-29-80--34+84--9+-48-93/-25--29+-81--3-78*-,True
+--+--+/28-99-69/*14-143097/*3878-48/*9199-161849,28-99/-69+14-14*30/-97-3878*-48/+9199*-16/-18*49+,True
-/---+-+-+/-58-4*-1215-3771-73/72-85*7-36-9794-4895,-58-4/-1215*+-37-71+76--86-85/+7-36*-27-94--48-95-,False
+---+---18/*-55-2451/20-35*8479/80-98*/-2793-454920,-18-55-24*51/-20-35/-8479/+80-98*--2793/-45*-49-20+,True
--+++**-36-1689/47-34-49/5182*76-74////-566765-2355,-36-16*89*47-34/+-49+5150/+76-74*--5667/65*-23/16/-,True
-++----*343114*//**-61-5734-32-2357-758*-90-18-11,3431*14--61-57*34*-3/2/-23*-57--96-8+65-18*+-11-,True
-+-+++---67/4326-57*/*/8135-7523239645-68/833542,-674326*+-57--2235/-75*23/23*+96+45--68-8335/+42-,False
-++++--11*//*4-33-726-17**6250687529//96-75-3944,-394-33*-72/6/-17*-6250*68*+75+29+96-75/-39/+44+,False
*+-++-58*35-12*/*/-5166703838/5081*54-67**29-2593,-5835-12*+-5166/-89*38/38*+5081+-54-67*+29-25*93*-,False
---+++-73*/-2161-9**-88-611/6246*41-87*/-97-2-39-44,-73-2161/-9*+-88-61*1*+6230/+41-87*--97-2/-39*--44-,True
+-+/-*+*-81322797/**-5288-3182-24*41-21/-4278*77-84,-9132*27*97*-5288*-31*82/--24+41-21*/-4278/-77-84*+,False
+-+--+-**89747/10-84-8174*/-98-153-42/*1237-23-82,897/47-10-84/--81+74+-98-1/53*--42+1237*-23/--82+,False
++++++-+-52/8014*-2037-63-2530-61*/*-835-49-8571-9,528014/--2037*+-63--25+30+-61+-835*-49/-85*+71+12+,True
++----*45-33/96-63-20**-338668*-61-50-16***8975-46-21,45-33*96-63/--20--3386*68*--61-50*--16+8975*-46+-21*+,True
-----++*2829-81**/*-17-54-876161573-11//65-289-10,2829*-81+-17-54*-87/61*6*+15-73--11-65-2/89/--10-,True
+++-+-52*6-82**//-8468-651298**139888//48-3214,-52-13-82*+-8468/-65/12*98+-1398*88*+48/-32/+14+,True
+-+++*/+49-98-77-273*/6615-70*-51-17*/48-45-71/2166,49-98/-77/-2*73+6615/-70*+-51-17*+48-45/-71*-2166/+,True
+-++--+-50/-85-9935/-2369/-97-67/*-39-239*/-44-23-17-79,-50-85-99/+35--2369/--97-67/+-39-23*9/+-4487/-17*--79+,False
-++--+*--4357*/*8454063*-3251-93-33*-79-45-59557,-4357-845*40/63+--3251*+-93--33-79-45/-59*+55+7-,False
++++-+++1*-5828/*-168618-44-8788-477*/*-89-6-98-78,1-5828*+-1686*18*+-44+-87--49+-4+77+-89-6*-98/-78*+,False
-+-+---++-3144-85*/-82-8045-36-22-5138-98/*-68-884-84,3144--85+-82-80/45*+-36-93--51-38+22--68-88*4/+27-,False
+-++--+-52*48-76*-3046/*52-4892-9/49-418**-62-52-25,-5248-76*+-3046*-52-48*92/--9+49-4/+18--62-52*-25*+,True
+-+-++++2-90*-15-71*-237*61-5174/-17-1572/+6742-57,2-90/-15-71*+-237*+61-51*+74--17-15//72-6742*-57/+,False
+++/++-+25/-25-2042-40-3719*3832*/40-4385*/57-2165,25-84-20/+42--40+-37+19-3832*+40-43/85*+57-21/65*+,True
-++--+++--88-76/564778**/-8496-219912-29/771387-21,-88-76-5647/+78+-84-89/-21*30*/12--29--613/+87+-21-,False
+-+--+-*//93-64-54118824-15-15///-91-734185*-99-71-77,93-6/-54/11*88-24+-15--15-1-73/41/85/+-99-71**-77+,False
+-+++-/-69-64//-782845/-28-4789*/-796499-8-41/-7664,-69-64/-7928/45/-28-47/89/+-7964/45*+-8+-41--7664/+,False
+++--+//-96-67-90+-99-14*/-3543-90/7443-4180**-8290-60,-96-67/-90/-99-14/+-3543/-90--7443/--41+80+-8290*-60*+,False
+-+++--15*/**/26-249134-60-70784662/-57-70/-838-33,1526-24/91*34*-60/-70*-78-78+62+-57-70/+-838/--33+,False
+-+-+-6*/-6943-84/*/691-9180/-969/*/-6987-8651-15,-6-2343/-84*+691/-91*25/--969/+-6987--86*51/--15+,True
++/**4846-44-91/-77-81/*/*//*-4999-8079-37-63219162,4846*-44*-91/-77-81/+4999*-80*79/-37/-63*21/91*62/+,True
+-++++---15***/10824947-18-5820-3067-89*18-74/67-64,-151082/49*47*-18*--58--54+-30+67+-96+18-74*-67-64/+,True
---+-*32960*7460//-225346//**2180-9674-75*-3982,329*60--3360*+-2253/46/-2180*-96*74/-75/--3982*-,False
+--++++--+-32-91-466437/198960/-76-28-99//-5754-1-7,-32-91+-46-64-37+19-63/+60+-76-28/+-99--5754/-1//-7+,True
---+++-*-9892295*****8127-1891-98-11/91-241477-8,-9892-29-5+8127*-18*91*-98*-11*-91-24/+14-77--8-,False
*--+++**-90525*96-63/*/-56-90922/-969666-83/-38-61,-905*25*96-63*+-56-90/92*2/+-9696/+66--94--38-61/-,False
-+++--+-+-/*25-66-9972-4176-58-78308877*58-85*-6976,2591*-99/72--41+76--58+-78+30-88-77+58-85*+-6976*-,False
--++-*-+*/1848-34*/-3330-41-36/*6987-20-56-4-24-38-39,1848/-34*-3330/-41*+-36-69-10*-20/+-56--4+-24+-38--39-,False
-+---36///*/-48722925-58-3247*-76-5425/**-9232-27,36-4872/29*25/-58/-32*-47--76-54*-25+-9232*-2*7/-,True
+++-/-71-42-90///**49996647278-72**//-79-714341-80,-71-42/-90-4999*-61*4/72/78/+-72+-79-71-43/41*-80*+,True
+--++---+-+50-96*-28537-847685/6968645*81-7976,50-96+-2853*-7+-45-76-85-6968/+6+45-81-79*-76*,True
-++--35/-2084*/-2843824//*-78-365-47/**59215585,35-2084/--2843/8*+24+-78-3*65/-47/+5921*55*85/-,False
++----**-2389-55/98-77-43/1530*/-36-73-7//-56-981,-2389*-55*98-77---43-15-97/--36-7/3*--7+-56-9/81/+,False
--+-*++973056-33*/*97-6376-29-79*48-75/**25-469729,9730*56+-33-97-63*76/-29*--79+48-75*-25-46*97*29/-,False
++---**////*348933649-598163-82/-3-42*-98-93-85,3489*33/64/9/-5/98*1*63--82+-3-42/--98-93*+-85+,False
+-----+--25-34-1-48**-40-43-7/-9045*-4152/99-96/-3520,-25-34--1+-48--40-43*-7*--9045/--4152*-9978/--3520/+,False
-+*---7**-65-9266/*939382/89-288*/33-45-6*9821,7-65-92*66*-9393*82/-89-2/-88-33-45/-6*+9821*-,False
+--+++-*83-25/+-23-1537-63/*-62-48-88-178216//-8533-99,83-25*-23-15/37/--63+-62-89*80/+-17+82-16--85-23/-99/+,False
-++++--58-2*-973888/*/62595881/*945587*/359962,25-2--9738*+88*6258/58*81/+9455*87/+3599/62*-,True
+-++--+-17//-14-93-79*95-77**-2-35-6721/78-1948*-9487,-17-1423/-79/+95-31*--2-35*-67*-21+78-19/+48--9487*+,False
--++--**70-31-67-15*/-7-94-20*//*98-2-9585-4-52273,70-31*-67--15--7-94/-20*-98-13*-95/85/-4*+-52+27-3-,False
-+-++-+/*-87-5294-7185/5562/-24-71*12-77/-42-14/-79-90,-87-52-94/-71+85-5548/*-24-71/+12-77*--42-14/+-79-90/-,True
-++++***/*833194-81-5068-82*96-41-58/-3171/*1737-95,8331*94/-81*-50*68*-82+14-41*+-58+-3171/+1737*-95/*,False
+---*-391382/32-89///12-518523**//*-32-739-31-37-41,7713*82-32-89/-12-51/85/23/--32-7*39/-31/-37*-41*+,True
----+-//85551294-49///985253-8035*9011**64-7871,-755/12/94--49+-7652/53/-80/-35-9011*-64-78*71*-,True
-+-+++-++/-88-5947-40-99/-100-15*38*-618020/737914,-88-59/47+-40+-99--10014/*38*+-6180*+20-7379/+14-,True
--++-+----203092*179-67*-3183-70/*-385244*-33-54,-20-30/92-179*+-67*-3183*+-70+-3852*44/--33-54*-,True
-++-++-+-*-6682/38-1-2796//-39-42-70-34/-78-8165886,-6682-38-53/--27+96--39-42/-70/+-34+-78-81/-6+58+86-,True
+++-+-78**///1312-385897356*-558143/5599*-1-77,781312+-38/58/97*35+-6+-5581*/58+5599/+-1-77*+,False
++-+--++-*-6299-98-24-9499//--61-78-9467-5-29*-522316,-6299*-98--24+-94+99--15-78/-94/67/--5+-29--5223*+16+,False
-++---++-98*-43-9360-40/*-85-9036/-2921/*-28-7749-43-65,-9878-93*+60+-40--85-90*36/--2921/+-28-77*49/+-43+-65-,False
--+++-+--7-80*4388***-546719-61-58*62-1239-9357-59,7-80-4388*--5467*19+-61*+-58-62-12*+39+79+57--59-,True
-+++-*-*/721-85*-985-76*/3-66-9560-4585**-7267-22,721/-85*-985*--76-3-66/-95*-60+-45+85+-7267*-22*-,True
+++++99-85*8195/*-223361////*-46-5855292958*911,99-85+8195*--2233*61/+-46-58*54/29/29/58/+-411*+,True
-+--------75-1/*-80-595/-40-60/-40-44-40-267/-86-2871,-75-1--80-5*95/--40-60/--4095+--40--2-67--86-28/+71+,True
++++--+*-6452*/*2614-920-10***861380-633037-5544,-6452*2614*-92/0*+-10-6013*80*-63*-30+37+-55+44+,False
-+++--**50-66-82-55*/-79-9082-6176*/+-37-399-59/4486,50-66*-82*-55--7915/82*--61+76+-37-3*99/-59*/4486/-,False
+-+------52**8-5235**-65-64-79-6692*-67-1544-29-5222,528-52*35*--65-64+-79*--66-92--679*-44--29+-52-22+,True
+--+++++*+61-61-43-68-48*/-8-1434-24-35//-93-90-237-8,61-24+-43--68+-48*-8-14/34*+-24+-35+-93-90/-23/-7--8+,False
++--+---94-100-90/53-52**/*/36-1333-99-24-76*6290-8216,-94-100--90-53-52/+36-13/33*-99/-24*-76*-6290*--82+16+,True
+++*+///426898-6825*96-91-66/***-55-81-74-6944/7951,4268/98/-68*25+96-91*+-66+-55-81*-74*-69*44-+7951/+,True
-++--+**-36-4340/94-80-537*-84-87*-2066*/*-9644-94-93,-36-43*40*94-80/+69-37--84-87*+-2066-+-5674*-94/-93*-,False
-+++++---/-29-105640*217983-48*-9845//478287-24-69,-2921/-72-40-2179*-83+-48+-9845*+4782/87/+-24+-69/,True
-+--++++86/-41-56-63-77-45*97-94**//72-422248-48-6626,86-41-56/+-24+-77+-45+9719*-72-42/22/2*-48*--66+26-,False
+++++++-31/+4343-436482//687682**-25-63-21-21*59-54,-314343*-43/+64+82+6876/82/+-25-63*-21*+-21+59-75*+,False
-+----++--915792/213/-121454-22**-88-23-29*-59-382,157-92+213/+-1214/+54--13--88-23*-29*--59-3*+82-,True
-++-/+-46/*/*5052-8997-11*31-5*-11-95-6245*4-6542,465052*-89/97*-11/-31-5*+-11-95*--62-45+450*-42-,False
-//*//***9394-291760-9743-57-98*//**-296-85-759673,9394*-29*17/60/-97/-96*-57/-98/-296*-85*-75/86/-36*-,False
++-+++-*-7972//*/64104529-62*682-23-35-28*763530,-7972*6410/45*-82/-62//682*+-23+-35+-28-7635*+30+,True
++++++46**///6489866433-39/53-17/14-18-48/5382-68,466489/86/64/33*-39*+53-17/+14-18/+-48+5382/+-68+,True
+--+-/*/-42-4453-281//*494075-61/*-23-26-74*-60-3442,-4249/53*-2/81-4940*-81/-61/+-23-26--74/--60-34*-42+,False
---+-//273617/-/2088-38-70//-2045-7381//8452819,-5736/17/2088/12/-70/--2045/-73/+81-8452/81/--50-,True
-++--++++-34/19-51-46-45/-16-935764*9291*-52-3-64-90,-3419-51/+-46+-45+-16-93/+57-64-9291*+-5286*+64-90/-,False
+-+--++//-56513*/*818385594*457113/-26-7837,-565/13/8183*8/5*+59+4--4271*-13+-26-78/-37+,True
+++-++/84-83*-6890/-442/3650//0-8234**-904298-50,84-83/2490*+-442/+3650/-0-82/-3/+-9042*98*+-50+,False
-++--46/72-9/*///87823573-51-7-22/***-8724-5319-47,-467214/-8745/35/73/-51--7/+-22+-8724*-53*19*-47/-,False
--+-+-/-9949-63*-44-40/**-5966-3736///22349-7666,-9949/-63--44-40*+-59*66*-37/-36+223/49/38/-66-,True
-+-++++--78/-29-67*725*/81-90-12*-1388-5737/-27-74-30,-78-29-67/-725*-79-90/-12*+-1388*+-57+37--27-74/+-30-,True
-+--++**35-7670-62//-2584-99*//6693424*-7337980,35-76*70*-62*-2584/-99/+669/34/24---733*-79+80-,False
++++-+++88/669/*5068275683-92-25-97***38-77789,-865669/+5068*27/+56+83--92+-25+-97+38-77*7*89-+,True
++---+*4666-96/4530*6349*24-99/2984///-10-4779-54,-6866*-96+4530/-6349*-24-99*-2984/+-10-47/93/-54/+,True
+-++-+*//-1071-1862*-2876-68/-9722**81-64-34-83/1959,-1071/-18/62*-2876*+-68-222/+81-64*-34*+-83-1959/+,False
++----//928852-42*-151**/*-26684345-98/-37-54-97-21,-6388/52/-42--151*--2668*43/45*-98*--37-54/--97--21+,True
--+---+--33-44**52396-49*70-961142/1239/-698417,33-44+5239*6*--49+70-96*-11-42-1239/+-6984/-17-,True
-+-+++---66-11-63**/*-68-2531-161**68-36710343766,-66-11--63*-68-25*31/-16*1*+68-36*7*+10+34-37+66-,True
++---///-196177-97-8715-53***//*-99-2584497961283,-1961/77/-97/-87-15--57--99-25*84/49/79*61*28**3+,True
+--+/+++9325//47-27-78**/56-27-16-5378/-32-992-28-78,9325+47-27/-78/+56-27/-16*-53*+78--32-9/+92--28--78+,False
+-+--*/*-73-54-3262-47/**82138871//1673-4*43277,-73-54*-32/62*-47-8213*88*71/-1673/-4/+4396*-7+,True
+--++--+*-82842/64-7625*-52-5/-85-38/-27-13/46-19-8,-828*42+640/-25--52-5*+-85-38/+-27-13/-46-19/--8+,True
-+-++----*-19-47-76-80/4394*3898-89**-24-40-42678145,-19-47*-76--80-8494/-3898*--89+-24-40*-42*+67+81+45-,True
-+*+--5083*-30-26-28/*/**-32-6932-3896-28*77-72*-51-17,5083--30-26*--28/-32-69*32*-38/96*-28/+77-72*+-51-17*-,True
-+-+-+++*-65-70-51/*-976381/-1239-62//4269-4121-4-37,-65-70*-51+-9763*81/+-1239/+-62-4269/-41/+21--4+-37-,False
+++-+-56/-14-26**///-36-344378-37-2422///28-442-68,-56-14-26/+-36-34/43/7/8*-37*-10+22+-63-44/2/-68/+,True
+---+-++708263-15*-976395/43-5*-5950*//4412-25-86,7082+63+-15-1663*+95-4319/--5950*-7112/-25/-86*+,False
+++-+----4456**-63-44-52**-5139*9579/-47-923832-91,-4456-24-66*-52*--513*9*-9579*+-47-92/-38+32+-91+,False
------+--+870-15/-6727//31-4471*-2999-43-55-74-3224,870+-15--6727-+31-53/71/+-2999*--43--55--74--32-24-,True
+++---52/-679*-7373**63-89-6016//-862378//-25-1525,52-679/--7319*-63-89--60*-16+-8623/78/+-25-15*25/+,False
++++----+--78-77**3489-756854/7053812928-8-9812,78-77-3489*-75*-68+97-7053/-81-29-28+-8/-98+12/,False
++-+*+-++-16*9921-4289-10027/11-10/3227/*90-53-50,-16992*+1+-42-89/-100-27+-94-10/-3227/+90-53*-50/+,False
+-++++-----35-83-24*-9638*72-2267//-62-64533746-62-97,-35-83--24--9638*--26-22*-67+-62-64/53/+-77+46+-62--97+,True
+-+*+-//9220-91*/*-4822-571417/-3739*68-45-27*-9086,9220/-91/4180*-57/14*-17+-3739/+68-45*+-27--9086*+,False
++++++/*-30-5-81-31//7-52-84*-8841*2538+-30-71*-92-28,-30-5*-81/-31+7-52/-84/+-8841*+2538*+87-71/+-92-28*+,False
+--++--+-74-41-21-9989///8376-31-91/1642**-952460-91,-74-41+-21--99-89+8376/-31--91/+1642+--9524*60*--91+,True
---+++--57*-81-39**-56-3141**98-63-21-13-43/5198/96-6,-5742-39*--56-31*72*+98-35*-21*+-13+-43-5198/-96-12/-,False
-++++-*---+-2695-5546-6-97/-3985-32/-1418-2850*8026,-2695+-55-46--6--97--3985/--32+-14-74/+-28+50+8026*-,True
+-++---++-49/**/-469990-7126-742/-8872538-137298,-49-4699/90*-14*26/+-74+2--887/-25-38+-13+72-19+,True
-+++++/4522*10-76//79-1684/*/-20-3197-91-3820*-2544,4522-10-76*/79-16/84*+-20-31/97*-91/+-38+20+-2544*-,False
+-+-+-+-1524-1***/10696-384654-2963/27-17/19-88,1524--1+1069/6*-38*46*--16+-29-63+27-17/-19-88/+,True
---+++++46*-97-56-51//*9698-25-33-68/-21-29/51144660,46-97-56*--51+9698*-25/-33/+-68+-21-29/+5114/-46-60-,False
++-++-+---+78-40**79-5572-17-81-11597-10-9989*-4295,7884+79-55*72*--17--81--11+59-7+-10+-100-89+-4295*+,False
+++-+-+++-/*-4072-8485-817711/747832/7962-1004626,-4072*-84/61--81+77+11+5478/-32*7962/--100+46+26+,False
-+--+--*+--631540//656047/282-18-61655/-98996,-6315-40+6560/47/-2-54/--18--6+16-55--989/*96-,False
+/-*/1029-7211/89-78*/**+*/*711977175403270-94,1029/-72*11-89-78/+711*97+71*75/40*32*70/-94*+,False
++-++-+5756*7359-79-35*5834/*/-94-722027//-100176,5756+7359*--79+-35+5834*--94-72/20*27/*-10017/6/+,False
+-+-*--/*-32-2317**78-48-30*1455/*-7570-6688-94-9116,-32-23*17/78-48*-30*-1455*--7570*-66/+88--94+-91-16+,True
-+++-+-+*-4-83/**-39-3-5894+82-75-19-80-7946*-97-574,-4-83*-39-3*-58*94/+82-75*--19+-80--79+46+80-5*+-31-,True
-+--+-++-*/61-8913/-61-5549*1219*-67-23-36-84-1822-56,61-89/13*-61-76/--16+1219*/-67-23*--36+-84--18-22+-56-,True
-+--++--+/-3322-53857/-73-18-10-81*-50-13**-448080-72,-3322*-53+85-7*-82-18/+-10+-81--50-13*--4480*80*+-72-,False
--++-++-+*-745929/-57-4-66235922-43*+*-82-47-6418-89,-7459*29+-57-4/--66+23+59-22+48--82-47*-64*18*--89-,True
----+-++/-14-98*/821373*-4-445933/73-76-13*-1910-67,-14-98-8213/73*+-4-44*+59-33+73-76/--13-9710*--67-,True
++-----+-65-6766/81-263*-82-71447*-441*/1-2548,65-67-66+81-98/-3--82-71*-44-7--441*+1-25/48*+,True
+----+-+-51-99/***-2363-3559-48-14-43-19**-37-87-905812,-51-99+-2363*-35*59*-48/--14+-43--19--49-87*-90*-58-12+,False
-+-+--+---+4529539-1*-71-64/-53-6022-1-53/80-56-79,452+95-39--1--71-64*+-53-60/-22--1+-53-5-56/+-79-,True
--++---/54-8277/-47-42-81/35-4911//*/-9256-30815614,54-82/77--47-42/--81-35-49/*11+-9256/-30*-91/56/-14-,False
+----+---10066**-914442152680/-70-3644//*9624-32-85,-10066--9144*42*-15+26-80+-70-36/-44+9624*-32/-85/+,True
-------*-8155*/*15-28-29641365*82-26*7038/52-166,-1155*15-28*-29/64*-13-65-82-26*-838**52-1/-1-,False
-+++-+----29-1612-801062/2-33//93-95-417923+-1-95,29-16-12--80-10-62+2-33/-93-95/-41/+79+23+-9-95*-,False
++-++-++*+-1-2-72-35*31-79/36-54-2-83-5*-64-3*1771,-1-2*-72*-35+3116*+36-54/--2+-83+-5--64-3*+1771*+,False
+-++-+--++48*5213-5893-7*//-90-79242331-799385-94,485213*+-58+93--7*-90-79/24/25*+31--79+93+-48--94+,False
+-+++/*/75843943/-2-86*-2926//1924-15*-2-15*-75-42,3584/39*43+-2-86/+-2926*+1924/-15/+-2-15*--75-42*+,False
++---//336-44+41-33/****35774316-74-33/34-97-2274,336/-44/41-22/-3577*43*16*-74*-33/-34-97/--22+74+,False
--+-++++-/-7796*75-96-31-7294-69//62-50-47*-944-49,-7796/75*--96+-31+-72+94+44+62-50/-47/+-944*--49/,True
++-++---*-333-5671*//-9166-22-60/899-93-67*-355090,-333*-56-71--91-21/-22/-60*-899/+-93+-67--3550*+90+,True
--+---+27-27*-598/25-427-82*/*62556480**-745-39,27-27+-4698*-25-42/-7--82+-1655*64/80*--745*-39*-,False
-+-+**+/73-886-966*/-1-41-38*//-28-188550/2031-54,73-8/86/-9*66*-1-41/-38*+-28-18/85*50*-2031/+-54-,False
--++-++--85/-93-80/*82-11-94-60/-74-10-7542-45-95/-3917,85-93-80/-82-11*-94/--60+-74-10/+-75-42+-40*-95--3917/-,False
----+++27*7927///29-6970-42-78-56/*308-9269/-6235,277927*+29-69/70/-42/+-78+-56-30-66*-92/-69--6235/-,True
--+-*47-41*///-39-70-49-3289*/277468*1849*/-593471,47-41*-39-70*-49/-32/89*-2774/68*+1874*-6334/71*-,True
+-++++*359/88-9010-7960//18-58-3643***91816576,359*88-90/+10+7960*+18-58/-36/+43-9181*65*76*/,True
-++-/-91-3746*//**86-65-7322-3475*///9575-2790-13,-91/-37-46+86-65*-44*22/-34/75*+9575/-27/42/-13*-,True
-+++-++-15-7917/*-4248-8042/-46-77**/*4574-24-672-34,95-79+17+-4248*-80/-42/-46-77/+4574*-24/-67-2*+-34-,False
--+-++**/27-96-6253-75-49**-82-20-96*/*-54-24-6385-2993,27-96*-62*53*-75+-49+-82-20*60*--54-24*-63/85*+-37-93-,False
+-+-+++-+/*21-29792928**-308813-39-91/-1225-1-7961,21-29*79/29+28--3088*13*+-39+-91+-1225/--1+72-61+,True
--+-+-++72-18**30-68-3611//372017/-9-6725--18-82-72,72-18+30-68*-36*+11-3720/17/+7321/-25+-18-82/--72-,False
++-+**436373-19/5976*-33-85/////*43-2922-92-473851,4363*73*-19+59-59/--33-85*+43-29*22/-92/-47/38/51/+,True
-++----+-*73-27*87-89/-52-6/-25925-369-22/-6735-33,73-27*87-89*+-52-83/+-2592/-5--36-9--22--6735/+-33-,True
--+++-+++-37-38***2070-16-14-35/420-85/-753968-6119,-37-38+2070*-16*-14*+-35+420/--85+-7539/+68+-61-19-,True
+----+**-578-31*7434-21*62-83/-1319*/*-87-23473747,-578*-31*7434*+-21-62-83*--1319/*-87-23*47/37*-47+,True
-+-+-+++85//*/21-46-991-618450-22-78/*-38-863158-16,8521-46/-9*91/-61/-84+50+-22--78+-38-86*31/-58+-16-,True
+-++------87-44*//-931-7351-56-545275-333/-40-21-28,87-44--931/-73/51*--56--54-52-75--33+3+-40-21/--28+,True
---*-++*628641/-3085**-35189580*237268*/-408045,6286*41+-3085/+-3518*95*-80-2372*-68--4080/45*-,True
-++--+-/38-5/*-8271-38**-58-792747/-337-8-31/81-75,38-5/-8271*-38/+-58-79*27*+47--337/*-8+-31+81-75/-,True
--+-*****/-821436-54-3759-83*142745-98/**192-5230,-8214/-98*-54*-37*59*-83*1427*-45/-98-192*-52*30/-,True
----+*/**-76349513-228/-8667*-9172*/77-529*-8-15,-7634*95*13/67*28+-8667/-8372*-77-5/29*--8-15*-,False
-++-+-----13*-6810-5-86/25564016699-41/*-5016-51,13-6810*+-5--86-2556/-40+16+6-99+-41+-5016*-51+-,False
--++-----3+4137*/95-8465*-9-10-35*146280*22-10-3,-34137*--36-32/73*--9-10*--35-1462*+80+22-10*--3-,False
+++-+91-17/*-1082-45*/*/-765429-4748//-222473*-16-10,91-17+-1082*-45/--7654/29*-47/48*+-22-80/73/--16-10*+,True
-++-+-*/76-90-68-39*/-99161635-70-66***/7685-642239,76-90/-68*-39--9916/16*+35--70+4+7685/-64/22*39*-,True
++-++++/*-369471-66/*92-94839*753012-22/*-79-1082,-3694*71/-66+92-94/-36/+9+7530*+12--22+-79-10*82/+,True
-++--/63-31*/*//965121-1588-2/*-542-93-6064*74-87,6383/9651/21/-15*13/-2*--542*-27/--60+-85+74-87*-,False
--++-+------38-7021-9053-211327*719**63-2152323,-38-70-21--90-53*-21-13+27-719*+63-21*52++32--54-,False
-+++--/-55-4565/*-76481//451-95//4795-13*-51-902,-55-45/65--764+81/-451/-95/+4795/40/+-51-90/+2*,False
---+**//4695-33487832//*-2640-87-27*//-61-503166-57,4695/74/48*78*32+-2640*-87/51/--61-50/31/66*--57-,True
--+-+++//*-6997-57-65*/-30-94-28-60*/8720-4773-5760-3,-6997*-57/-65/69-94/-28*+4+8720/-47*+73--57+60--3-,True
++-+-+*5777-6235/*-9292-3834-77*-2652//*81126-1,5777*6235/+-9292*-38/-34+-77--2652*+811*26/-1/+,False
+---+-++---69-88/-28371-512/71-26-3-17-15/*-93-9421,-69-88--53/-71+-51+2-71-26/+-3--17--15--93-94*21/+,False
+-+-+---//-48726-1931-41*/*0-4570-915/-67-39-4511,-487/32/-19-31--41-0-25*70/-9*+15--67-39/+-45-11+,False
----+++/9-89-75/2850-74*/-72-10-67***-42-2-6865549,9-89/-75+2850-+-74+-72-10/-67*-79-2*-6*86*-82-49-,False
--++++---51//-26-88-93-48/-14-99-91*88-92*-28-64/-13-13-89,-51-26-88/-93/--93--14-99/+-56+88-92*+80-64*+-23-13/--89-,True
--+--+-+-88-8992*2023/13348**65-98-78*8413/-2946,-8815+92-2023*+133/-48*65-98*-78*+-3513*--2946/-,True
++++--**-42-96-20/5823/65-54-72**/-473615-54*-1412-64,-42-96*-20*5823/-65-54/--72+-4736/15*-54*+-1412*+-64+,True
+--++-+-47**/3482-71-27-90897/*0-11-36/1460-37-8,473482/-71*-27*-49+89-7+0-11*-36/+1460/--37--8+,False
---+--*/-68-4720-1009567*-25-48*57-96///*-3599947435,-68-40/20*-100-95/67+-25-48*-57-96*--3599*94/74/35/-,True
+++--+*-129-314076**//-87-673-7-45***-6-21-33-3088,-129*-31+40-76--87-6/73/-98*44*+-6-21*-33*-30++88+,False
--++++--3771-96*4261///*-457838-1788-67*-2118/6831,-3771--96+4261*+-45-70*38/-17/88/+-67*-2118*--9431/-,True
---+-+---*-154*2276/44-79*3429/-4329489730-90-68,-154*2276*-44-79/+3429+--4329/+48-97+30--90--68-,True
++---****-60-685-651-31-55//-2927-23//2798-75/-17-32,-60-68*5*-6*51*-31--5--2927/-23/--2298/-75/+-17-32/+,False
------+-++955622/49-725338***-5439-929818-88-8347,3056+22+49-72/-53+38--5439*-92*98*-18--88--83-47-,True
+++--+-++3279-1771-45*/-399-37*2949*/5722-41-9-99,32-50+-17+71--45+-399/-37--2949*/5722/-41*+-9+-99+,True
++-+---+-90/99-6699-13*48-52*-896523***-3453-46792,-9099-66/+99--13+48-52*--8965*+23--3453*-4*67*+92+,True
---+/**/93-213191-32/-976486-38*//**-88-564-58-3916,93-21/31*-53*-32/-9764/+86--48--88-5*64*-58/-1/16*-,False
+----++*/-100-1314*-36-83-99*-93-28-93/796/40-16/52-66,-100-13/14*-36-83*+-99--933*--93-796/-40-16/-52-66/+,False
-+-----+++*62-7958-94//-9-864399-2277/-9-11-61-99-26,62-79*58+-94+-9-86/43/+99--64-77--9-11/--61--99+-26-,True
++-++---+-+++-62-499031-28/11-68-448117-4926121-25,-62-92+90+31+-28-11-68/+-44-81-17--49+33+1-21+-25+,False
