Formula,Result
-576.71/225.96-(-944.52+(-515.37/450.07+33.7/746.42*959.07)--886.52+-128.07),225.96-576.71/--128.07-886.52-944.52-+959.07746.4233.7450.07-515.37/+/*+
442.29--761.91-287.16--235.65+-622.25/-525.02/-779.89+659.95--606.25+-983.96,-983.96-606.25659.95+-525.02-622.25-235.65287.16-761.91442.29---+/*+-+
-95.83/482.6--633.41+(490.11/904.43+-790.56-576.49+818.42)+936.43+751.07,751.07936.43-633.41482.6-95.83/+++818.42576.49-790.56904.43490.11/+-*+
652.91-960.66-476.41*-294.25--233.83/-184.96*583.9--400.4/168.33*-637.29,-637.29/-400.4583.9-184.96-233.83-294.25476.41960.66652.91--*-/*-/*
481.24-141.19+381.72-427.96*20.83*-699.53*-21.48/-749.46*(-6.33-(-252.13)),-749.46-21.48-699.5320.83427.96381.72141.19481.24-+-***/*-6.33--252.13
947.08+515.65+774.77-(992.69*428.93)/-118.27/(-672.16--27.8)-398.65*358.62,358.62398.65-118.27774.77515.65947.08++-/428.93**-/-27.8-672.16-*
462.89/-742.91+-70.34+(-213.19*-851.64/873.85/407.21+-503.7*-305.48+-260.3),-70.34-742.91462.89/++-260.3-305.48-503.7407.21873.85-851.64-213.19*//+*+
(-811.83/-684.87--405.84-(669.56/-738.6--958.76+(423.95/378.19+-664.02/-586.75))),-405.84-684.87-811.83/---958.76-738.6669.56/-+-586.75-664.02378.19+/+/
515.12+265.57/-887.71*591.66--133.31*-72.35/668.29*-988.74--593.13+32.99,32.99-593.13-988.74668.29-72.35-133.31591.66-887.71265.57515.12+**-*/*-+
887.09/-4.23/(-597.69-393.47-(981.66--92.72-749.95*430.68-(493.81+808.89))),-4.23887.09//393.47-597.69--430.68749.95-92.72981.66--*-808.89493.81+
(-741.38--156.76)*367.36+992.1+-529.96--926.28*(916.81+969.67*117.15)/-872.31,-872.31-926.28-992.1367.36*-156.76-741.38-++-/*117.15969.67916.81+*
-661.1*-78.93--825.58/912.9*-996.76/-396.58+(-96.93*(-171.95*-572.94*(-637.12))),-396.58-996.76912.9-825.58-78.93-661.1*-/*/+-96.93*-572.94-171.95**-637.12
-947.45+-444.21-880.68*-740.07*102.38+(-459.73*-841.42-520.61*680.38+-59.49),102.38-740.07880.68-444.21-947.45+-**+-59.49680.38520.61-841.42-459.73*-*+
(591.8-178.85/-722.76/(61.44+723.82--159.82/(-298.51/(761.25+395.32*(-628.08))))),-722.76-591.8-//-159.82723.8261.44+-/-298.51/395.32761.25+*-628.08
495.55*796.44--904.52/-514.39+(-21.67/-648.46)-732.32*-109.48+673.37*361.61,361.61673.37-109.48732.32-514.39-904.52796.44495.55*-/-+-648.46-21.67/*+*
208.65+534.11/(-622.14*430.84*-332.59/-118.25*-849.03-430.33/-903.95/391.82),534.11208.65+/391.82-903.95430.33+-118.25-332.59430.84-622.14**/*--/
284.26/-618.73*33.92/381.63+771.27/959.3+524.47-(847.09/-623.01--529.65),524.47959.3771.27381.6333.92-618.73284.26/*/+/+--529.65*847.09/-
(-742.37*-420.6/568.51*(-735.59-359.02+(695.43-(524.3+836.2-682.93-35.24)))),568.51-420.6-742.37*/*359.02-735.59-+695.43--682.93836.2524.3+--
654.94--279.4*865.84+578.77/651.39+(-322.92+841.85--386.11+-162.06)+-635.9,-635.9651.39578.77865.84-279.4654.94-*+/++-162.06-386.11841.85-322.92+-+
(-451.86/-828.89)/(-325.49*664.13/-525.39+-87.64/-328.32+-657.0+300.81)-134.81,134.81-/-828.89-451.86/300.81-657.0-328.32-87.64-525.39664.13-325.49*/+/++
715.27+-476.74*155.42*-196.31-651.52--384.68/769.15*373.6*950.15+495.69,495.69950.15373.6769.15-384.68651.52-196.31155.42-476.74715.27+**--/**+
-629.88--364.61/-859.15+653.06-886.38+899.74/342.0--793.96+-418.7*696.9,696.9-418.7-793.96342.0899.74886.38653.06-859.15-364.61-629.88-/+-+/-+*
-414.06+625.55-104.08+786.26+-460.84+-472.95/-710.9/-42.79--66.46+-114.76,-114.76-66.46-42.79-710.9-472.95-460.84786.26104.08625.55-414.06+-+++//-+
-474.86--583.64*822.83*(-731.69*-47.2--743.93/(832.1*-480.29/-80.84--167.39)),822.83-583.64-474.86-**--47.2-731.69*+/-167.39-80.84-480.29832.1*/-
-956.6-(-286.26--793.33-142.74)/-552.27+974.53+224.41+-57.38-651.36/-941.08,-941.08651.36-57.38224.41974.53/-956.6-/142.74-793.33-286.26--+++-/
785.58/-495.96-(911.44*(532.36+(-335.68*-508.82--175.37)--838.77/736.9*-457.85)),-495.96785.58/-911.44*-457.85736.9-838.77532.36-+-175.37-508.82-335.68*-/*
-541.61+-929.48/344.94/-594.98/429.27+52.59+-762.09-270.59+545.72*-738.44,-738.44545.72270.59*52.59429.27-594.98344.94/-541.61+///++-+*
182.04/-395.59/-118.22/(663.6+709.98+94.05+-316.1/803.31+66.52+-476.57),-118.22-395.59182.04///-476.5766.52803.31-316.194.05709.98663.6+++/++
-129.87--90.88*87.66-392.23*34.25--512.23/(18.91-285.66*411.77)/727.23,727.23-512.23*392.2387.66-90.88-129.87-*-*-//411.77285.6618.91-*
(580.61/416.38+-119.07*297.48*(577.93+-92.98+-230.58/-287.01+-326.4)/-76.63),-76.63297.48-119.07416.38580.61/+*/*-326.4-287.01-230.58-92.98577.93++/+
179.97/413.01/-456.12-867.75--747.4/-409.81+429.59/-691.4+-886.04+-808.83,-808.83-886.04-691.4429.59-409.81-747.4867.75-456.12*179.97//--/-/++
450.51/576.68--408.24/309.68+-575.36-83.29*611.74--625.88*-329.74*995.64,995.64-329.74-625.88611.7483.29-575.36309.68-408.24576.68450.51/-/+-*-**
720.75*902.22-135.86*861.13*(653.69/246.72)--576.27*-732.22--633.07--117.14,-117.14-633.07-732.22-576.27861.13135.86902.22720.75*-*-*246.72653.69/*-*
(563.67*251.05/-798.34)/-783.64+-701.78+882.53/(-377.86+483.53/981.13/(-905.99)),882.53-701.78*/-798.34251.05563.67*/++/+483.53-377.86+//-905.99
-831.98-705.23/-71.22--75.01+-780.63*-721.14+141.73--919.9+-250.96--947.26,-947.26-250.96-919.9+-721.14-780.63-75.01-71.22705.23-831.98-/-+*+-+-
-235.0-(-310.77--531.53-785.15-686.99-717.99*994.78/814.63*742.01*-476.68),-235.0--476.68742.01814.63994.78717.99686.99785.15-531.53-310.77----*/**
883.81+(292.36/627.43*-142.0*260.7/-138.34/-693.28*(-604.63/-712.62-477.36)),883.81+-693.28-138.34260.7-142.0627.43292.36/**//*477.36-712.62-604.63/-
236.57-823.8-269.14*236.57+-697.46+-352.01*693.53/(-279.82*-805.7-677.75),693.53-352.01-697.46236.57269.14823.8236.57--*++*/677.75-805.7-279.82*-
-684.67*241.22/(-167.68-(147.83+823.24*(-692.25/-383.63/-289.6)--465.72+897.15)),241.22-684.67*/-167.68-897.15-465.72823.24147.83+-*-289.6-383.63-692.25//+
-218.59-(-801.28*(-953.26-60.5-971.19*-491.7+-964.7/883.32+-172.44*796.73)),-218.59--801.28*796.73-172.44883.32-964.7-491.7971.19/-953.26--*+/+*
87.58*-665.87+(-907.93*-583.75+-178.94-935.98*242.24+-649.45--33.62+-119.25),-665.8787.58*+-119.25-33.62-649.45242.24935.98-178.94-583.75-907.93*+-*+-+
539.25*-384.87--249.11--936.38-121.37/595.43/(-557.39*533.25-(-913.51-423.88)),595.43121.37+-249.11-384.87539.25*---//533.25-557.39*-423.88-913.51-
476.85*939.83-915.48/-674.46--164.34--982.56--690.96+(194.47*-120.3/-835.77),-690.96-982.56-164.34-674.46915.48939.83476.85*-/---+-835.77-120.3194.47*-
102.75*(-720.88*(341.41--134.98/603.08*(145.85/-689.56/694.73)/-154.07*(-830.92))),102.75*-720.88*/603.08-134.98341.41-//*694.73-689.56145.85//*-830.92
55.79-929.82-958.86*854.83-85.99+671.65-686.12+652.34+842.85+-463.84,-463.84842.85652.34686.12671.6585.99854.83958.86929.8255.79--*-+-*++
(994.99+978.0-260.57)/376.79-700.6--580.75--556.77--537.99/108.09+-657.77,-657.77108.09-537.99-556.77-580.75700.6376.79*260.57978.0994.99+-----/+
-906.35-928.97/-198.39*-906.89*(536.45*-467.75+-208.04+(152.53/206.23)/(311.39)),-906.89-198.39928.97-906.35-/**-208.04/536.45*++/206.23152.53/311.39
109.47+186.9+-322.56/907.25*-37.17+-81.92*527.64/77.29--272.01+174.32,174.32-272.0177.29527.64-81.92-37.17907.25-322.56186.9*++/*+*/-+
-278.34--462.3+-410.87/-560.09/207.91/935.74*(-912.4/48.45/(702.03+691.34)),935.74207.91-560.09-410.87-462.3-278.34-+//**48.45-912.4//691.34702.03+
24.53+740.26-844.15*616.74*379.12-(805.5+-746.04--738.17+395.47+-212.71),379.12616.74844.15740.2624.53+-**-/395.47-738.17-746.04805.5+-++
-989.35--412.35*(363.71*(278.34--105.57+-13.07-217.35/-324.08--174.2/-826.02)),-412.35-989.35-*363.71*-826.02-174.2-324.08217.35-13.07-105.57278.34-+-/-/
383.52--704.67-795.63+179.48/(-531.65--26.7-728.16)/(-246.77+-937.52*328.61),179.48795.63-704.67383.52--+//728.16-26.7-531.65--328.61-937.52-246.77+*
310.41+141.37/685.0--12.39-475.71/505.32*(-667.5+407.7)-510.62--27.73,-27.73510.62+475.71-12.39685.0141.37310.41+/--/-*407.7-667.5+-
230.76+311.88*-861.12/(-344.91+-436.84*(119.51*-940.87*44.1)-362.96-527.79),-861.12311.88230.76+*/527.79362.96-436.84-344.91+-*44.1-940.87119.51+*-
(-452.19+-837.41+976.25/-457.9)*-48.11*-596.41/807.75+-661.79+712.74/160.51,160.51712.74-661.79807.75-596.41-48.11*-457.9/-837.41-452.19++/*/++/
-215.14+-250.8/-372.78--552.89-713.77+-577.41-781.8-616.72*-790.9+866.88,866.88*616.72781.8-577.41713.77-552.89-372.78-250.8-215.14+/--+--*+
(-795.37/(130.26*-918.52)-287.36--802.27-(211.28+-742.18--866.35--531.56/-297.43)),-802.27287.36-795.37-/-918.52/*---297.43-531.56-866.35-742.18211.28+--/
-462.22*-990.12*4.6-681.88--778.89-253.61/-697.72*534.6/339.61*91.19,91.19339.61534.6-697.72253.61-778.89681.884.6-990.12-462.22**---/*/*
-741.09/194.19/-302.45/(-35.08*858.99)*489.31*88.36+(-658.28/-183.91)*455.41,455.4188.36489.31-302.45194.19-741.09//*/858.99-35.08**+**-658.28/
(347.52*(-968.25/-448.43+325.3-(277.51+204.29*551.5--288.99--998.49/(530.42)))),347.52*325.3-448.43-968.25/---998.49-288.99551.5204.29277.51+*--/530.42
(864.51/-378.42-843.73/840.09-480.65+210.51)-194.39*496.26*-314.46/787.06,787.06-314.46496.26194.39-210.51480.65840.09843.73/864.51/-/-++*/
-239.93/-581.32/866.4+-565.03*(-644.45+627.48*264.6-(-637.79*-746.54/-865.69)),-565.03866.4+-239.93//+*264.6627.48-644.45+*--865.69-746.54-637.79*/
199.59/-472.41/371.63*309.27/-409.15+-857.82+-440.45*816.64+(-131.49+-606.57),816.64-440.45-857.82-409.15309.27371.63-472.41199.59//*/++*+-606.57-131.49-
-108.25+250.84+-368.19-(431.16-504.2)-502.71/202.41--232.92--244.35/443.01,443.01-244.35-232.92202.41502.71-250.84-108.25++--504.2431.16-/--/
(516.53-(867.38--309.73+337.13)+(-291.09/-111.81)/-345.51/679.36-301.93--997.85),-997.85-679.36-345.51516.53+-337.13-309.73867.38-+/-111.81-291.09//--
492.66+-279.42/-917.22+-590.72/-170.59*670.27*-250.25--684.12/-271.35/531.16,531.16-271.35-684.12-250.25670.27-170.59-590.72-917.22-279.42492.66-/+/+*-//
-679.1/318.39/-921.69*(-59.13/(428.41*989.88-277.7)/857.01-(640.82-63.33)),-921.69318.39-679.1//*857.01-59.13//277.7989.88/*--63.33640.82-
194.02/-638.68*738.1*-721.15*-487.84*-735.48/984.16*-537.93/-557.41-865.45,865.45-557.41-537.93984.16-735.48-487.84-721.15738.1*194.02/****/*/-
19.45*-482.77--17.25*-85.3/-435.02/-224.64+-28.89/550.04+(427.36-864.82),550.04-28.89-224.64-435.02-85.3-17.25/19.45*-*//+/+864.82427.36-
767.33+949.87-959.46+732.1*532.86/-581.41+(162.53/-386.79/932.79-627.71),-581.41532.86732.1959.46949.87767.33+-+*/-627.71932.79-386.79162.53//-
(-764.66/338.69-243.56/(264.46+-867.83)/-268.54+328.91-149.47/20.08--615.91),-615.9120.08149.47328.91-243.56338.69-764.66/-//-867.83264.46++-/-
258.64*732.85+536.32/891.01*635.4+829.47/864.33+(728.75*-315.96*105.26),864.33829.47635.4891.01536.32732.85258.64*++*+/+105.26-315.96728.75**
(278.53*-629.69+-37.08-(675.3+-796.17*481.56-402.91/-888.59+78.78-(655.11))),-37.08-629.69278.53*+-78.78-888.59402.91481.56-796.17675.3+*-/+-/
-796.56--479.46*-409.57/-497.25-746.34+587.07*-73.12/802.23*(-918.76-418.31),802.23-73.12587.07746.34-497.25--479.46-796.56-*/-+*/*418.31-918.76-
-687.97+(-751.47*105.04/(-580.28+-595.51/331.25*-822.14)*-767.61/-911.7+(835.88)),-687.97+-911.7-767.61105.04-751.47**/-822.14331.25-595.51-580.28+/*/+835.88
-740.68+887.79*521.59/-241.0*79.45+-407.19+-772.61*-296.24/-839.28-605.42,605.42-839.28-296.24-772.61-407.1979.45-241.0521.59887.79-740.68/*/*++*/-
252.46+-587.79-(395.1/376.56/(838.04*-869.98+130.12/872.08+976.71*-328.95)),-587.79252.46+-376.56395.1//-328.95976.71872.08130.12-869.98838.04*+/+*
993.52+-543.63*(-664.72+-792.86--68.05)--532.9*525.33/384.42-928.8*-48.11,-48.11928.8384.42525.33-532.9-543.63993.52+-*-68.05-792.86-664.72+-*/-*
416.94+553.19+-211.54+-609.56-(54.7--388.88-(738.34-702.17+-940.29/619.65)),-609.56-211.54553.19416.94+++--388.8854.7--619.65-940.29702.17738.34-+/
777.76+-0.1*696.55*250.18-(395.08--241.02/880.56*42.29/-559.83/-862.83),250.18696.55-0.1777.76+**--862.83-559.8342.29880.56-241.02--/+//
(-193.89-(97.39--296.59)+(-267.42*127.89/785.63/-547.07*984.86+-812.13+-391.21)),-193.89+--296.5997.39+-391.21-812.13984.86-547.07785.63127.89-267.42*//*++
209.15/560.54/927.65*(753.45+420.3)+870.12-6.77/-967.63*-22.57/959.51,959.51-22.57-967.636.77870.12927.65560.54209.15//+*420.3753.45+-/*/
324.1/217.21--645.78+-822.89*-691.31+-851.72*(54.37/242.62+-172.02-138.69),-851.72-691.31-822.89-645.78217.21324.1/-+*+*138.69-172.02242.6254.37/+-
-643.6*(-765.95/846.02--224.45*549.1/654.97)/712.83--18.58*430.87/-626.4,-626.4430.87-18.58712.83-643.6/*654.97--224.45*-765.95/-*/-*/
-757.62/-741.96+584.31/634.34/-675.33--512.45/(-298.99--389.49-349.59/(-383.31)),-512.45-675.33634.34584.31-741.96-757.62/+//-/349.59-389.49/--/-383.31
681.64-(-486.83+-188.78-784.78+863.57)--640.77--840.29/-830.39/-717.45/-471.95,-471.95-717.45-830.39-840.29-640.77681.64--863.57784.78-188.78-486.83+-+-///
-5.08/-949.6/140.87/949.07*774.12--792.1*149.96+-728.63*(-265.03*-829.47),-728.63149.96-792.1774.12949.07140.87-949.6-5.08///+-*+*-829.47-265.03*
-655.06/-532.47+(741.83*-191.38+-584.16)*-325.69*-714.82*-67.07--926.66+512.56,512.56-926.66-67.07-714.82-325.69-532.47-655.06/+*-584.16-191.38741.83*+**-+
(412.88/-143.22+897.37*-100.47*480.9/285.85)/530.02--299.0+-763.19+-275.08,-275.08-763.19-530.02/285.85480.9-100.47897.37-143.22412.88/+**/-++
428.38/991.13/481.7+250.47-548.0/496.76*(-117.66/886.1+(432.04/15.16)),*548.0+481.7991.13428.38//+-/*886.1-117.66/+15.16432.04/
(-848.55*-307.92/-185.49-447.61*-216.89*-80.51+-638.71)+-277.4/914.73+-386.24,-386.24914.73-277.4+-638.71-80.51-216.89447.61-185.49-307.92-848.55*/-**+/+
946.27+(-87.62-(772.58*-989.65)/617.49)/805.69--262.74-639.19*658.7-575.47,575.47658.7639.19-262.74805.69946.27+/617.49-87.62-/-989.65772.58/--*-
(176.18/617.74/-472.77)*696.02-914.79*449.94/-106.26/677.93*-559.57+-41.37,-41.37-559.57677.93-106.26449.94914.79696.02*-472.77617.74*//-*//*+
-691.91/(-864.16*933.8+959.04*905.23-(14.03-412.62+-202.15/(687.7+-286.06))),-691.91/905.23959.04933.8-864.16*+*--202.15412.6214.03-+/-286.06/+
344.78+-448.08+-64.14-970.26*-210.25--956.97/849.73*-180.17*960.54/-461.18,-461.18960.54-180.17849.73-956.97-210.25970.26-64.14-448.08344.78++-/-/**/
-409.5--600.61*-931.29/-113.24*(160.03/-661.28)+-6.26-394.38+(123.72+-678.21),394.38-6.26-113.24-931.29-600.61-409.5-*/+*-661.28160.03/-+-678.21123.72+
-99.31+503.1*124.34/(775.94/653.87/(92.58/(-416.35+267.31*-764.18/889.42))),124.34503.1-99.31+*/653.87775.94//92.58/889.42-764.18--416.35+*/
-453.44/891.94/843.54*296.79+563.05+954.47*981.74--410.57*-866.03+(-955.87),-866.03-410.57981.74954.47563.05296.79843.54891.94-453.44//*++*-*+-955.87
977.53/994.98-535.13-(258.23-423.54--371.76/(363.11--315.82/358.97/811.79)),535.13994.98977.53/*--371.76423.54258.23--/811.79358.97-315.82363.11-//
-875.8/331.27/831.86/-148.59+900.14--325.09*-763.25+12.6+27.3-(-563.59),27.312.6-763.25-325.09900.14-148.59831.86331.27-875.8/*/+-*++--563.59
-27.8/968.52*100.59+-93.28/-857.87/-794.27/-409.55/-352.99-137.2-401.02,401.02137.2-352.99-409.55-794.27*-93.28100.59968.52-27.8/*+////--
-55.77--318.13/183.97/(-609.07*(-581.1-(457.82/-309.71/-433.48)*-502.72-(434.26))),183.97-318.13-55.77-//-609.07*-502.72-581.1-*-433.48-309.71457.82//-434.26
680.0--203.88--855.78-227.76/-286.58/(223.43*-643.41+-404.18)--324.83-826.62,826.62-324.83-286.58227.76-855.78-203.88680.0---/-/-404.18-643.41223.43*+-
(-570.12*869.11*893.87-(710.03--648.5-786.6)+-45.51/-590.68*-576.05*22.35),22.35-576.05-590.68-45.51893.87869.11-570.12**+-786.6-648.5710.03--/**
(-253.27+-544.56*-472.33--825.9+574.98)-(468.84*-484.3/-287.3*717.04+(-712.5)),-574.98-825.9-472.33-544.56-253.27+*-+717.04-287.3-484.3468.84*/*+-712.5
-134.53--366.77*-959.01+104.4+-855.4+243.6--682.6/629.37+-116.14/-294.22,-294.22-116.14/-682.6243.6-855.4104.4-959.01-366.77-134.53-*++/-/+/
-10.97/(452.84-803.51/285.49+(-935.31/715.57)*218.17-773.57/(670.64+81.27)),-10.97/773.57218.17285.49803.51452.84-/+*715.57-935.31/-/81.27670.64+
(-566.45--334.82+530.08*(258.57*-59.21*-65.67-(-89.23/438.64+-24.11)--208.16)),530.08-334.82-566.45-+*-208.16-65.67-59.21258.57-*---24.11438.64-89.23/+
-990.96-528.48-291.84+(-399.8+678.21*35.85-187.69/-213.79)--484.39*220.94,220.94-484.39291.84528.48-990.96---+-213.79187.6935.85678.21-+*-/*
-4.35*376.17--562.65+(682.25/(-551.78+989.05/-125.06--219.9/971.46+-826.54)),-562.65376.17-4.35*-+682.25/-826.54971.46-219.9/989.05-551.78+/-/+
-779.48/-660.13+669.66*(-315.35*(712.51-(866.52*-277.69/872.96--480.46/869.35))),669.66-660.13-779.48/+*-315.35*712.51-869.35-480.46872.96-277.69866.52*/-/
668.11--515.17/-394.01/(496.09+(7.73+153.71+639.66)/336.74/(-810.5*301.29)),-394.01-515.17668.11-//336.74496.09+/639.66153.717.73++/301.29-810.5*
602.13/-179.99+49.41*-370.16*(-822.65--757.01/176.24-(-342.05*-450.43+-88.57)),-370.1649.41-179.99602.13/+**176.24-757.01-822.65-/--88.57-450.43-342.05*+
532.56-(49.34/331.25+-686.01)+(-86.62-29.38*(115.31+-762.28*(-730.81+420.64))),532.56+--686.01331.2549.34/+29.38-86.62---762.28115.31+*420.64-730.81+
-303.39*-437.89+-919.46*331.6--586.37/(-290.32+(-641.77*381.85--934.56+209.53)),-586.37331.6-919.46-437.89-303.39*+*-/-290.32+209.53-934.56381.85-641.77*-/
-903.24--254.41*-591.14-790.54+-871.7+-366.85*(-851.73+-249.17/3.21)+413.13,413.13-366.85-871.7790.54-591.14-254.41-903.24-*-+++*3.21-249.17-851.73+/
-624.69-278.44/(254.9+366.04)--388.36-623.14/-540.97*865.18*(-63.21/(-786.14)),865.18-540.97623.14-388.36278.44-624.69--/366.04*+-/**-63.21/-786.14
829.01/-355.59--628.3/196.56/835.41*-885.34--330.99--172.91+-214.0/-449.2,-449.2-214.0-172.91-330.99-885.34835.41196.56-628.3-355.59829.01/-//*--+/
-375.55+-746.19*-636.34/-683.16--788.89+-250.44/-364.18*-325.82--163.26*461.79,461.79-163.26-325.82-364.18-250.44-788.89-683.16-636.34-746.19-375.55+*/-+/*-*
(505.03/-312.26-647.61+(-344.77/264.79/-581.48*-962.09+-114.84)+-539.18*713.64),713.64-539.18647.61-312.26505.03--++-114.84-962.09-581.48264.79-344.77//*+*
(-723.74-782.76*-33.9+-453.01)--679.72/772.45*65.01-755.06/-681.21*-185.27,-185.27-681.21755.0665.01772.45-679.72--453.01-33.9782.76-723.74-*+/*-/*
134.58-832.66+95.54--130.24+(375.36*228.54-217.1*139.47-119.11-(438.88)),-130.2495.54832.66134.58-+-+119.11139.47217.1228.54375.36*-*--438.88
-817.19--323.84*-6.29/795.02*-757.99-481.38+618.27/-541.26+-96.91/-899.73,-899.73-96.91-541.26618.27481.38-757.99795.02-6.29-323.84+-*/*-+/+/
229.77/-308.13+678.67--67.49--290.37+(-352.49*267.14*(-94.98--55.0--721.93)),-290.37-67.49678.67-308.13229.77/+--+267.14-352.49***-55.0-94.98--
-672.68*-890.62*136.15*69.57*(748.36/-204.28)--940.3*986.18+-641.83/791.37,+-641.83986.18-940.369.57136.15-890.62-672.68***-*-204.28748.36/*+/
(-102.86*339.55*195.44+331.26/389.42/107.61*577.72-418.3/446.95--533.79),-533.79446.95418.3577.72107.61389.42331.26195.44339.55-102.86**+//*-/-
324.02*(7.96-(-745.23*-302.2-994.86-707.87/-337.36*209.78)+957.65)+-450.72,-450.72324.02+*957.657.96+-209.78-337.36707.87994.86-302.2-745.23*--/*
64.23/-925.04*-915.76+125.65-252.89*97.71-683.93--82.73*-844.94+443.12,443.12-844.94-82.73683.9397.71252.89125.65-915.76-925.0464.23/-+-*--*+
30.66/-175.44+434.55/890.66+-327.57*-131.64*811.57+-316.37+-992.04+(-785.62),--316.37811.57-131.64-327.57890.66434.55-175.4430.66/+/+/*+++-785.62
-876.3+(598.25+358.06/44.0+579.88-481.41)-183.71--199.42/(-549.0*-573.95),-199.42183.71-876.3-+481.41579.8844.0358.06598.25+/+--+-573.95-549.0*
-656.64*359.52+497.31--232.44*-694.17/169.5/-163.63/37.48--434.09+-7.95,-7.95-434.0937.48-163.63169.5+-232.44497.31359.52-656.64*+-*///++
743.54-658.76/666.65/(-875.68/380.72*98.43/-579.52--533.92--284.77-(133.12)),666.65658.76743.54-//-284.77-533.92-579.5298.43380.72-875.68/*/----
-627.22+(-277.79+-184.16/(-608.61*-585.15/-997.0--798.37+(439.11+607.35-958.58))),-627.22+-184.16-277.79+/-798.37-997.0-585.15-608.61*/-+958.58607.35439.11+-
51.06/227.0/-452.22+-306.03--348.32*-619.66+944.27/723.51*33.06-719.62,719.6233.06723.51944.27-619.66-348.32-306.03-452.22227.051.06//+-*+/*-
460.39--184.16*-428.97/(29.89/383.42--788.67)--874.39-357.9+-665.17/-951.34,-951.34-665.17357.9-874.39-428.97-184.16460.39-*-/-788.67383.4229.89/--+/
-487.95+976.11+283.79*465.55+(-662.74/972.32-500.89)-75.68+-116.29--510.61,-510.61-116.29-465.55283.79976.11-487.95++*-+500.89972.32-662.74/-+-
(682.08/-229.14/635.63/-207.47/172.56+311.0/(990.43/74.59/452.76--818.36)),311.0172.56/635.63-229.14682.08////+/-818.36452.7674.59990.43//-
563.45/166.66/172.53+(-41.39+-62.25-219.75*593.56*-679.93)-(-380.17/826.23),172.53+563.45//-+-679.93593.56219.75-62.25-41.39+-**826.23-380.17/
-266.97/-934.99+(-560.29*939.11+16.14--524.32-296.74*402.29+478.22/-955.68),-934.99-266.97/+-955.68478.22402.29296.74-524.3216.14939.11-560.29*+-/*+/
-90.51*492.07*714.56+-11.45*315.47-862.04/962.15/288.11*-183.7+-322.37,-322.37-183.7288.11962.15862.04315.47-11.45714.56492.07-90.51*-+*-//**
-66.02--949.22+-470.94/58.93/57.22-(-182.53-459.02*-402.77+-83.55*-912.56),57.2258.93-470.94-949.22-66.02-+//--912.56-83.55-402.77459.02-182.53-*+*
575.65-(834.16*572.28/-24.98/-61.16+559.81-655.44/11.39*-187.78+(-391.75)),575.65--187.7811.39655.44559.81-61.16-24.98572.28834.16*//++/*+-391.75
(-31.49--921.13-(91.69-(-733.98/-767.18-80.24*864.22)+-365.61)*-382.3)+-883.19,-883.19+-382.3-921.13-31.49--*-365.6191.69+--80.24-767.18-733.98//*
766.25/131.89/(739.58-278.31--298.22)/699.97/-593.41*191.08+-506.76-428.81,428.81-506.76191.08-593.41699.97131.89766.25///-298.22278.31739.58-+/*+-
242.51-(-336.12/(142.99+-707.56)+390.07--588.63-503.27-(846.85+-810.84+(5.99))),242.51-503.27-588.63390.07-336.12+/-707.56142.99+----810.84846.85++5.99
-799.02/648.91+(-276.8--521.32*(939.71+-885.41)+(-697.67-920.4*356.49)--300.7),648.91-799.02/+-300.7-521.32-276.8--+*-885.41939.71/+920.4-697.67-*
-413.92*-571.57-794.86/(-589.11--412.49/(-699.63/-584.02-808.82-810.88-831.06)),794.86-571.57-413.92*-/-412.49--/831.06810.88808.82-584.02-699.63/---
572.7*(612.06+-460.55+435.14--66.17+120.88)-(34.67+-602.07+-706.43/-145.79),572.7-*120.88-66.17435.14-460.55*++-+-145.79-706.43-602.0734.67++/
-148.39--642.75*-822.79*-458.8+928.94/608.92/57.78*222.3/297.37*(313.43),297.37222.357.78608.92928.94-458.8-822.79-642.75-148.39-**+//*/*313.43
878.74/-338.17-347.97*-308.2*-702.21/-233.4/16.4+-196.99+-57.41/565.45,565.45-57.41-196.9916.4-233.4-702.21-308.2/-338.17878.74/-**//++/
(117.07+-292.4/504.42*(806.59*451.86+755.63)--604.33+-350.88--926.69-(-5.95)),-926.69-350.88-604.33504.42-292.4117.07+/-*755.63+806.59*++---5.95
-905.87--557.59/555.52+-333.11--96.71--870.83+(442.0+407.48)/-838.47/47.13,47.13-838.47-870.83-96.71-333.11555.52-557.59-905.87-/+--+/407.48442.0+/
(-668.53-536.36+-383.14+(942.89/(906.99*177.62)/421.26*-210.33-627.98-(159.47))),-383.14536.36-668.53-++627.98-210.33421.26942.89//177.62***--159.47
159.15/115.18+-774.77--795.22/-576.01+(-49.98+-245.15*(814.4/907.18+-747.3)),-576.01-795.22-774.77115.18159.15/+-/+-245.15-49.98+*-747.3907.18814.4/+
774.65+-373.99--272.13*73.32*(745.99+671.28*263.6+27.63+(-290.31-952.6)),73.32-272.13-373.99774.65+-**27.63263.6671.28745.99+*++952.6-290.31-
(-577.62+-764.66--957.13+(924.91*-43.96/(-809.16/456.0)-(737.89*-626.5*907.18))),-957.13-764.66-577.62+-+-43.96-*-/456.0-809.16/907.18-626.5-**
891.28*-63.25*-636.59-115.67*-943.66+(272.78/-352.49/(-7.56+-176.35+697.04)),*115.67-636.59-63.25891.28**-*+-352.49272.78//697.04-176.35-7.56++
630.47/(-853.38/588.47-694.31)--429.92--337.91/737.71*(-140.83/56.79+(-911.7)),737.71-337.91-429.92630.47-/694.31588.47-853.38/-//*--140.83/+-911.7
-312.68*555.87/45.82*-203.67--946.73-(334.66*112.31)+304.65+(969.14--927.26),304.65-946.73-203.6745.82555.87-312.68*/*-+-112.31334.66*+-927.26969.14-
-802.95--189.98*517.75-950.01/-45.43+251.25-(-37.8*212.89-182.2--723.99),251.25-45.43950.01517.75-189.98-802.95-*-/+--723.99182.2+-37.8*--
-809.17+256.65+(-796.13/(618.27+688.85-(248.05*(-843.83-961.3--727.86/-306.31)))),256.65-809.17++-796.13/688.85618.27+-248.05*-306.31-727.86961.3-843.83--/
-151.22*481.95-(800.7/255.68-489.91)*(39.96/363.85*(-970.98/-515.22*-960.64)),481.95-151.22*-*489.91255.68800.7/-363.8539.96/*-960.64-515.22-970.98/*
-800.07*159.82/25.19*-139.94/587.83-211.19*-802.4*-484.73*-310.81/440.58,440.58-310.81-484.73-802.4211.19587.83-139.94*159.82-800.07*/*/-***/
(-816.42-488.59*-649.56--578.68)/-298.84-406.71*-244.34*-246.45+-388.66+-80.58,-80.58-388.66-246.45-244.34406.71-298.84/-578.68-649.56488.59-816.42-*--**++
-264.32/(-70.65/-947.79--751.55--352.46*-565.69)--55.71/-93.06-519.05+129.88,129.88519.05-93.06-55.71-264.32-/-565.69-352.46-751.55-947.79-70.65/--*/-+
(957.48-397.72*-938.96*-991.69-336.1/365.28)*82.67*759.85*-293.21-162.77,+-293.21759.8582.67*365.28336.1-991.69-938.96397.72957.48-**-/**-
262.32--621.34*-378.76--926.89*-891.46-(345.18/(-127.09-(245.76*635.2*-500.51))),-891.46-926.89-378.76-621.34262.32-*-*-345.18//--500.51635.2245.76**
365.29-786.76+533.59--380.57+-663.52/-809.5+261.35/-779.74--848.59+-734.66,-734.66-848.59-779.74261.35-809.5--380.57533.59786.76365.29-+-+/+/-+
107.91--759.18+105.68*-332.42--20.27*-958.6+409.43-878.62--65.11+-40.68,-40.68-65.11878.62409.43-958.6-20.27-332.42105.68-759.18107.91-+*-*+/-+
-915.71*873.93-260.47--629.66+(-426.58/-789.87)-750.72--934.28-(-127.93-(-657.03)),-934.28750.72-260.47873.93-915.71*---+-789.87-426.58/---127.93--657.03
495.59+-953.75/(-414.16-998.28)-997.27+391.27/-419.08/(-92.02*-375.2--449.25),-419.08391.27997.27+495.59+-/998.28-414.16-*//-449.25-375.2-92.02*-
-59.99/-13.21/(-908.68*-858.62*-186.64)/(601.66+455.43)--230.63*-939.57/(-992.56),-939.57-230.63-13.21-59.99/-//-186.64-858.62-908.68**455.43601.66+*/-992.56
827.76--136.55--316.67+-34.17+-514.65+(-755.92+-744.25*283.37)*-72.07*-541.45,-541.45-72.07-514.65-34.17-316.67-136.55827.76--+++*283.37-744.25-755.92+**
-787.54+(748.28-(898.08-938.25/-925.93)*743.26-128.8--304.72/312.15/850.52),-787.54+850.52312.15-304.72128.8743.26748.28+*-925.93938.25898.08-/--//
(-5.51+-645.19+-918.97)/29.59+(163.3*-202.36)-343.87+-163.44+-399.56+(565.08),-399.56-163.44343.8729.59/-918.97-645.19-5.51++-+-202.36163.3*+++565.08
-930.39*-975.82/328.24-699.77/299.58-(-991.42+478.58-321.55+52.65+180.81),299.58699.77328.24-975.82-*/-/-180.8152.65321.55478.58-991.42+-++
-323.45*-273.91-609.24*(-240.77--980.95/(670.02*-364.67+-162.33/(-286.02*680.28))),609.24/-323.45*-*-980.95-240.77-/-162.33-364.67670.02*+/680.28-286.02*
-913.67+-813.03-449.83-262.91*(-872.42*-274.84/-400.67-108.06+293.51*737.62),262.91449.83-813.03-913.67+*-*737.62293.51108.06-400.67-274.84-872.42*/-+*
605.5/(-923.71+-533.31+-965.47*967.86*-284.18/56.67/585.59)*-491.86+679.86,679.86-491.86605.5*/585.5956.67-284.18967.86-965.47/-923.71++**//+
803.34*181.5+65.85*(-517.98/-90.32+(-37.52*395.43*-688.6/117.29+(-187.4))),65.85181.5803.34*+*-90.32-517.98/+117.29-688.6395.43-37.52**/+-187.4
-358.05+917.09+-776.81/779.24--826.77/574.31*879.29/-599.46/(960.62+55.94),-599.46879.29574.31-826.77779.24-776.81917.09-358.05*++-/*//55.94960.62+
919.04--318.65/(622.23*816.16+627.78*850.32)/456.87+451.37/(253.03*605.3),451.37456.87-318.65919.04-//850.32627.78816.16622.23*+*+/605.3253.03*
-747.55*649.78/-584.25--792.71-196.56*200.08*206.26*816.54/-600.03*(974.5),/816.54206.26200.08196.56-792.71-584.25649.78-747.55*/--***/*974.5
343.32/-336.74*888.83*(679.77-722.79+86.18+-182.4--631.58+415.49/-366.56),888.83-343.32/**-366.56415.49-631.58-182.486.18722.79679.77-++-+/
(267.59+-87.87+-712.0*390.66/(932.84/643.36*(923.41-(-585.67*-703.48*149.29)))),390.66-712.0-87.87267.59++*/+932.84/*923.41-149.29-703.48-585.67**
842.01-683.63+437.07+-856.69/-135.73-441.43-521.52*-492.86*436.55/-805.04,-805.04436.55-492.86521.52441.43-135.73-856.69437.07683.63842.01-++*--**/
(-522.83*427.54--990.48)/977.89-(18.1+-486.11)+(-999.66/-368.72*(-637.43-(660.5))),977.89/-990.48427.54+*-+--486.1118.1+-368.72-999.66/*-637.43-660.5
748.41-177.83-535.36-(-662.75*-225.22*-1.76*177.02+27.79+43.94+844.8),535.36177.83748.41---844.843.9427.79177.02-1.76-225.22-662.75**-+++
140.19+-327.92*875.81/-288.57+634.82+(-146.03*879.2+-341.62*595.58/(348.92)),634.82-288.57875.81-327.92140.19+*/++595.58-341.62879.2-*+*/+
410.5-51.23*(-23.09*74.26)+(845.72/184.25*-750.35*-448.38/(-893.45-(-305.01))),51.23410.5++*74.26-23.09*-448.38-750.35184.25845.72/**/-893.45--305.01
-154.4*359.92+-943.43-440.2/679.31*(656.13+-643.57/-259.91+(584.85--353.14)),679.31440.2-943.43359.92-154.4*+-/*-259.91-643.57656.13+/+-353.14584.85-
-997.99/676.76+886.8*752.01+-406.62--209.87+(957.14+-11.73/(432.14+87.2)),-209.87-406.62752.01886.8676.76-997.99/+*+-+-11.73957.14+/*432.14+
-611.88*177.7+827.57/-479.25*277.68*-407.25*632.98-148.63--603.95+-84.76,-84.76-603.95148.63632.98-407.25277.68-479.25827.57177.7-611.88*+/+**--+
(-509.19-959.98-81.99*-641.33--989.88+-391.13/478.81*-65.02+512.53*-607.88),-607.88512.53+478.81-391.13-989.88-641.3381.99959.98-509.19--*-+/*+*
-728.3+(-467.47/328.66--960.14)-(-419.9+(-377.95*-662.38+(-986.72*979.79/(602.64)))),-728.3-+-960.14328.66-467.47/--419.9+-662.38-377.95/+979.79-986.72*/602.64
-948.76/-34.91-(-310.94+403.15--985.78/-152.81+418.3+-544.51+-171.65)/-217.75,-217.75-34.91-948.76/+/-171.65-544.51418.3-152.81-985.78403.15-310.94+-/+-+
884.92-708.78+(-949.3*-763.13*867.72*621.39*(-79.52+973.91*992.82)+-786.67),708.78884.92-+-786.67621.39867.72-763.13-949.3***+*992.82973.91-79.52+*
239.63-295.07*-643.97*-915.64*-427.58+608.78/-106.49/994.43--937.16*-447.89,-447.89-937.16994.43-106.49608.78*-915.64-643.97295.07239.63-***+//-*
-681.09--14.9/-212.42/-255.55/(-8.96-(112.55/133.8+31.65*66.34/-756.39)),-255.55-212.42--681.09-///-8.96--756.3966.3431.65133.8112.55/+*/
968.61*-191.95/289.41/503.72--487.44-121.6*423.95+307.64--579.15*964.85,964.85-579.15307.64423.95121.6*503.72289.41-191.95968.61*//--*+-*
962.75+853.34+-92.06+-233.3--605.31*356.01+907.0+88.29+774.87+-162.89,-162.89774.8788.29907.0356.01-605.31-233.3-853.34962.75+++-*++++
717.54/592.79--309.09-499.38-151.18*(379.34*-272.51-493.29*331.99+782.06),151.18499.38-309.09592.79717.54/---*782.06331.99493.29-272.51379.34*-*+
614.76*-571.11+-132.96*-922.27--584.81*-396.89+441.75*-534.78-333.01-740.62,740.62333.01-534.78441.75-396.89-584.81-922.27-132.96-571.11614.76*/*-*+*--
503.34--94.58*201.7/554.85-(371.11-16.8/-940.1*(-263.76-831.73/-446.91)),554.85201.7-94.58503.34-*/--940.116.8371.11-/*-446.91831.73-263.76--
-257.16/50.53--622.26-(948.16/700.91)+-367.04-(137.26/697.24-53.63)/-58.7,-58.7-367.04-622.26/-257.16/-+-700.91948.16/-/53.63697.24137.26/-
-143.8--892.02*-765.25--940.13/663.43+-857.08-(961.5/-763.85)/337.24/(763.0),337.24-857.08663.43-940.13/-892.02-143.8-*-/+-/-763.85961.5//763.0
515.15*-249.82+(506.62-502.55+687.65)/942.88--255.38*-67.04+860.9*211.69,/860.9-67.04-255.38942.88-249.82515.15*+/687.65502.55506.62-+-*+*
686.17/-237.31/942.95-694.09+(-903.1+28.75/-47.64*758.02-344.71)+-680.98,-680.98694.09942.95-237.31686.17//-+/344.71758.02-47.6428.75-903.1+/*-
684.62+591.16/(-603.55+690.89+283.32--498.61-84.87*289.82)+253.34/-209.59,-209.59253.34591.16684.62++/289.8284.87-498.61283.32690.89-603.55++--*/
-658.38/983.13/476.23/83.28/406.21-326.69/405.87*-30.52-(-73.64*792.91),-30.52405.87326.69406.2183.28476.23983.13-658.38////--*-792.91-73.64*
-898.47/-902.86+850.2*80.15*-118.67/551.58-251.27/-126.05--394.28/-333.95,-333.95-394.28-126.05251.27551.58-118.6780.15*-902.86-898.47/+**/-/-/
-738.77+350.83-116.62+-951.68+240.52+-794.88*-305.38/(700.61*(-885.07*311.11)),-305.38-794.88240.52-951.68116.62350.83-738.77+++++*/700.61*311.11-885.07*
-429.91-289.1/392.69+-723.7-102.97-502.13*-807.06+(473.21/655.49*206.47),-807.06502.13102.97-723.7392.69--429.91-/+--*+206.47655.49473.21/*
(-159.78/-459.93+-292.34+(-239.62--843.09+-130.58--867.67+-747.58-625.08+850.6)),-292.34-459.93-159.78*++850.6625.08-747.58-867.67-130.58-843.09-239.62-+-+-+
-240.76--931.48--615.81*-284.19+(-483.2*-17.14+15.73)+-7.44*453.51*350.35,350.35453.51/-284.19-615.81-931.48-240.76--*++15.73+-483.2*+**
(201.03*-633.06+-753.23/-92.26)--4.89-93.66*507.34--11.39--603.75*955.18,955.18-603.75-11.39507.3493.66-4.89--92.26-753.23-633.06/*+/-*--*
740.8*-515.53-752.86/(701.81+41.89*-387.04*-701.55+-135.61)/-456.15-(54.12),-456.15752.86-515.53740.8*-//-135.61-701.55/41.89701.81+**+-54.12
(-304.15-173.58)*-636.39*-110.3+-696.78+935.6--41.9/166.37/651.76*34.44,34.44651.76166.37-41.9935.6-696.78-110.3-636.39*173.58-304.15-*++-//*
-558.65-860.41+-641.36/295.55*-555.64-487.24/-72.35+-855.85+(-757.82-883.11),-855.85-72.35487.24-555.64295.55-641.36860.41-558.65*+/*-//+883.11-757.82-
749.45*-321.23*(-558.51/592.11/(888.63+-439.22)--968.41/-742.82*(-739.27+-406.21)),-321.23749.45**-742.82-968.41592.11-558.51/-*-439.22888.63+/*-406.21-739.27+
-412.9--973.65/758.32-556.84/-800.09/521.32--271.35+-555.66+972.89+-646.95,-646.95972.89-555.66-271.35521.32-800.09556.84758.32-973.65-412.9-/-//-+++
952.69*-914.02-(388.58+-572.22+-679.4/164.38)+-309.43+-868.69*(-586.86+(614.7)),-868.69--914.02952.69*+-164.38-679.4-572.22388.58++/+*-586.86+614.7
74.68+449.13-129.23*-24.14*(864.46+-974.31-864.77-333.43*(-408.28--634.0)),-24.14*449.1374.68+-**333.43864.77-974.31864.46+--*-634.0-408.28-
566.61*-534.62+-182.53/-17.66+949.35*722.71*(206.25*583.63*-136.93/-270.02),722.71949.35-17.66-182.53-534.62566.61*+/+**-270.02-136.93583.63206.25**/
-987.07-(-529.88*-605.66*512.29*-119.52)-16.7+-158.43/(338.15+868.03+-661.52),-158.4316.7-987.07/--119.52512.29-605.66-529.88***+/-661.52868.03338.15++
848.61*(539.4/-99.84-412.37)*-211.64-(-113.84*-509.78*(513.55-527.46-(-224.55))),-211.64848.61**412.37-99.84539.4/---509.78-113.84**527.46513.55---224.55
(-498.49+-672.64/189.43*575.1+-324.61)/947.09/159.11*-148.74*-964.01+-835.19,-835.19-964.01-148.74159.11947.09/-324.61575.1189.43-672.64-498.49+/*+/**+
-963.96+(-779.61-611.58*-79.13-148.1--177.75*-782.69)-291.14-(30.54--977.03),291.14*-+-782.69-177.75148.1-79.13611.58-779.61-*--*--977.0330.54-
-944.55+167.27*320.5/-183.28--471.61/567.14/-869.57-426.76+(-524.6/460.28),426.76-869.57567.14-471.61-183.28320.5167.27-944.55+*/-//-+460.28-524.6/
(187.76--431.65/265.02)*453.69+930.39/423.1-170.83/-959.7*578.7-899.9,899.9578.7-959.7170.83423.1930.39453.69*265.02-431.65/-/+/-/*-
-902.26/(-937.11/-111.87+(422.54+-422.91+-609.87+(660.53*(-136.13/-410.58/-991.7)))),-902.26/-111.87-937.11/+-609.87-422.91422.54+++660.53*-991.7-410.58-//
372.69*-724.14--571.39/(105.4/272.05*-22.01/-13.43*-368.24+151.42*-290.1),-571.39-724.14372.69*-/-290.1151.42-368.24-13.43-22.01272.05105.4*-/*+*
(-831.9--776.6+-366.04--406.98/(-532.07/-678.71--572.84*(-338.05*-995.69--95.49))),-406.98-366.04-776.6-831.9---/-572.84-678.71-532.07/-*-95.49-995.69-338.05*-
-421.08+-336.88-(419.42--925.45-913.1*985.65+-700.24*-126.68--155.91/(349.41)),-336.88-421.08+--155.91-126.68-700.24985.65913.1-925.45419.42--*+*-/349.41
183.29*-292.24--694.83*177.48/722.82--995.68/522.77-(-363.91+-685.1+91.08),522.77-995.68722.82177.48-694.83-292.24183.29*-*/-/-91.08-685.1-363.91++
108.61/606.85*-704.12--670.57+-644.87--450.66/-827.03/(478.16+654.59/601.25),-827.03-450.66-644.87-670.57-704.12606.85108.61/*-+-//601.25654.59478.16+/
(-841.48+-266.05/650.57*676.28/-21.46+-805.74+-931.9*(-464.81/550.36*70.37)),-931.9-805.74-21.46676.28650.57-266.05-841.48+/*/++*70.37550.36-464.81/*
-105.24*(598.88*(117.66+(-754.13*186.02+636.43*712.85--712.05)/(683.5+893.35))),-105.24/598.88/117.66+/-712.05712.85636.43186.02-754.13*+*-893.35683.5+
-849.9+-280.72--907.67/43.87-590.86*-849.57*-333.22*134.75+-344.87+-756.34,-756.34-344.87134.75-333.22-849.57590.8643.87+-280.72-849.9+-/-***++
207.16/-860.39+(322.57/741.08+(506.16-346.72/(378.39+917.5-384.66-736.03))),-860.39207.16/+741.08322.57/+346.72506.16-/736.03*917.5378.39+--
(451.27/-621.22)+(804.56-655.57*-178.38+-858.16*888.98*-866.32*(50.51--449.01)),+/451.27/-866.32888.98-858.16-178.38655.57804.56-*+***-50.51-
798.82/544.17*216.17*-594.54/-160.02*-541.48+-169.35*(-779.03/617.63)+719.46,719.46-169.35-541.48-160.02-594.54216.17544.17798.82/**/*++*617.63-779.03/
-593.1-(436.37/-720.32+993.62/366.11+836.88)/354.94*900.89/-161.11+-249.54,-249.54-161.11900.89354.94-593.1-/836.88-993.62-720.32436.37/+/+*/+
552.05+-794.22--3.56--272.32+882.05+310.74*(-682.6--888.26)-(-586.0*(612.65)),310.74882.05-272.32-3.56-794.22552.05+--++-*-888.26-682.6--586.0*612.65
735.23*392.3/(-732.92+-359.2/841.38/-484.05/202.48)--462.71*-955.99-(-730.4),-955.99-462.71392.3735.23*-/202.48-484.05841.38-359.2-732.92+///*--730.4
425.15--215.7/986.27+(170.01-(533.93+(-598.0+816.3)*807.24*-761.87)/733.46),986.27-215.7425.15-/*733.46170.01-/-761.87807.24533.93+*816.3-598.0+*
-51.04-(91.99+213.88/(844.71*(-20.25/(-362.94-205.32--20.85+-74.59-52.22)))),-51.04-213.8891.99+/844.71*-/52.22-74.59-20.85205.32-362.94--+-
512.08+-718.76*(393.34/(751.01*337.91)--597.33*577.0*-729.65+-34.69/-930.66),-718.76-+*-930.66-34.69-729.65577.0-597.33393.34//337.91751.01***+/
-42.42+(494.78+-167.18/546.47*-326.76+-702.34--464.26--240.24*564.61+-773.61),-42.42+-773.61564.61-240.24-464.26-702.34*546.47-167.18494.78+/*+--*+
89.1--920.98*(957.94/500.85+864.99+464.01--779.47/(526.85*(-84.49+597.35))),-920.98+-*-779.47464.01864.99500.85957.94/++-/526.85/597.35-84.49+
(-390.4*-913.94--955.6*-990.01+(545.14-832.59+(-745.12/506.31--710.36+-298.65))),-990.01-955.6-913.94-390.4*-*+832.59545.14-+-298.65-710.36506.31-/-+
-763.19+(609.07-159.12)+527.15/30.94+955.2*473.47*651.51+705.86*271.62,271.62705.86651.51473.47955.230.94527.15-763.19++159.12609.07-/-**+*
162.72+740.09*(748.01*155.27/88.98/-919.63+842.52)/(-561.2--416.04)-(914.52),740.09162.72+-/*842.52-919.6388.98155.27748.01*//+-416.04-561.2-/
705.27*(-49.26-920.74*46.54--151.76)-943.49*57.89*(-221.89+(740.8+-367.57)),57.89943.49705.27-*-151.7646.54920.74-49.26-*-**-221.89+-740.8+
159.13/686.24*-700.05+-594.87-(-82.72--575.73*(-463.23*-983.52+781.12/135.91)),-594.87-700.05686.24159.13+*+--575.73-82.72-*135.91781.12-983.52-463.23*+/
-279.18+-418.6+727.78-851.85*-300.92/903.13*-198.2-929.18--285.65/625.1,625.1-285.65929.18-198.2*-300.92851.85727.78-418.6-279.18-+-*/*--/
(-49.62--575.35+490.06)--159.64*425.73/524.37*-405.44--666.76+(-798.27-474.37),-666.76+524.37425.73-159.64-490.06-575.35-49.62-+*/*-+474.37-798.27/
(853.69/-70.44/-726.6-560.06/-695.35)*-493.5-(454.9*-729.47--659.89)*675.01,--493.5*-695.35560.06-726.6-70.44853.69//-/-*-659.89-729.47454.9*-
156.77+-980.04-513.2+(174.5-85.63*-515.97+364.23*(-3.58+-118.33)*-603.78),+-980.04156.77+-+-603.78364.23-515.9785.63174.5-*+**-118.33-3.58+
-707.21+701.96/260.02/-893.0--227.08+635.42*596.5-(-0.69/831.64+210.72),596.5635.42-227.08-893.0260.02701.96-707.21+//-+*-210.72831.64-0.69/+
629.82+-307.64*697.88+672.76/-387.56+-35.48-(-923.6/-465.77/-388.45)-(-755.91),-35.48-387.56672.76697.88-307.64629.82+*+/+---388.45-465.77-923.6//+
-245.51--791.91+473.01+-701.26-168.58*937.0+-968.78--636.9/539.66*-951.5,-951.5539.66-636.9-968.78937.0168.58-701.26473.01-791.91-245.51-/+-*+-/*
-847.69-969.69/(786.33+342.0/262.58)--931.82/-352.17+61.59*685.38-566.26,566.26685.3861.59-352.17-931.82969.69-847.69--+262.58342.0786.33+//+*-
827.27-991.76+-145.08--87.42/-658.07/(-878.96/-796.64/-636.84/438.9*278.93),/-87.42-145.08991.76827.27-+-//278.93438.9--796.64-878.96///*
703.74+-484.27/558.26*379.89*-124.39/44.58--802.62--168.75+(273.17+-195.0),-168.75-802.6244.58-124.39379.89558.26/703.74+/**/--+-195.0273.17+
-958.36/-136.7-845.79+426.77*286.92-688.83+-310.37+677.75*342.16+-519.98,-519.98342.16--310.37688.83286.92426.77845.79-136.7-958.36/-+*-++*+
593.78+282.69*340.6/-661.6*-415.5/408.53-709.78-(-499.17/999.54-(-23.04)),709.78408.53-415.5-661.6340.6282.69593.78+*/*/**999.54-499.17/--23.04
123.14-706.15-543.34+-118.86/-846.73*532.52+(-290.35+-803.01)+-258.47*-10.22,-10.22-258.47532.52-846.73-118.86543.34706.15123.14-++/*++-803.01-290.35+*
815.5*689.69--839.31-683.36-11.37*636.37+(247.13*-569.01+840.51+782.89),636.3711.37683.36-839.31+815.5*---*+782.89840.51-569.01+*++
840.57/-823.65+947.28/417.91*-587.43-426.31-656.97--634.75+357.94/-581.68,-581.68357.94-634.75656.97426.31-587.43417.91947.28-823.65840.57/+/*----/
983.02-245.43+-239.63*-393.27-(487.87/521.94-(-872.95+-965.35-278.01)-205.98),-393.27-239.63245.43983.02-+*-205.98521.94*/-*278.01-965.35-872.95+-
308.17/-449.46+-521.63*329.25--953.4*603.41*-158.98+269.17+694.98*-341.59,/694.98269.17-158.98603.41-953.4329.25-521.63-449.46308.17/+*-**++*
74.54*(473.28+332.29*-443.3--134.79)*282.59/(-895.89/(-78.65-696.6*(548.13))),282.5974.54**-134.79-443.3332.29473.28+*-/-895.89/696.6-78.65-*548.13
-866.77/-90.63*134.26/(604.84/627.4-670.45-566.06*-705.81/-811.79)+617.83,617.83*-90.63-866.77/*+/-811.79-705.81566.06670.45627.4604.84/--*/
-31.62--405.7*-379.34*-127.74/(786.5/156.65--810.06-606.01/-934.98/780.44),-127.74-379.34/-31.62-**/780.44-934.98606.01-810.06156.65786.5/--//
19.57--264.42+-180.62/-514.25*227.89/567.26--123.04/(-661.67*(-309.11-(-789.56))),-123.04567.26227.89-514.25-180.62-264.4219.57-++*/-/-661.67*-309.11--789.56
568.83/(257.44+-101.7--135.72+547.44+512.04-(-870.91-628.2+-3.06*762.34)),568.83/512.04547.44-135.72-101.7257.44+--+-762.34-3.06628.2-870.91-+*
-582.05-144.29*(-974.96+940.34)*-421.02-(333.33+357.87+190.03+276.62/(-382.35)),-421.02144.29-582.05-**940.34-974.96+-276.62190.03357.87333.33++/*-382.35
99.98*-873.89*133.67*954.75--457.93/-179.51/272.78+492.79*-899.46--709.36,-709.36-899.46492.79272.78-179.51-457.93954.75133.67-873.8999.98***-//+*-
909.58+157.78+944.62*163.11/-760.73-807.19-(260.89/122.7+-725.56*965.24),807.19-760.73163.11944.62*909.58/+*/--965.24-725.56122.7260.89/+*
787.54+-726.04+466.88+690.99+-782.01*469.11*(-682.03+-192.68/148.26)--786.74,-786.74469.11-782.01690.99466.88-726.04787.54++++*-*148.26-192.68-682.03+/
(-892.99/21.0*177.89)-(-816.13*386.56*-70.48/-196.02-891.51*(131.14*(-901.2))),-177.8921.0-892.99/*891.51-196.02-70.48386.56***/-*131.14*-901.2
-610.81/917.47+584.57-913.49-(154.76--426.51--108.07)/421.6+-449.8/-964.73,-964.73-449.8421.6913.49584.57917.47-610.81/+--/-108.07-426.51154.76--+/
294.71*116.09--518.59*-902.61/289.84/679.4/-286.88/(-837.06+234.18*570.27),-286.88679.4289.84-902.61-518.59116.09294.71*-*////570.27234.18-837.06+*
-889.56*-245.22+-683.86/235.69-621.05*660.85*285.76/(-712.88+(776.69/765.67)),285.76660.85621.05235.69-683.86-245.22-889.56*+/-**/-712.88+/776.69/
(-704.01--546.63)/861.9-206.73/(-369.23*-533.16/-879.34*240.42)*602.26+-856.91,-856.91602.26206.73861.9/-546.63-704.01-**/240.42-879.34-533.16-369.23*/*+
(-409.95/563.91/904.36+-37.94+-308.65*-976.89-161.64/(388.03*740.79)+-43.98),-43.98161.64-976.89-308.65+904.36563.91-409.95//++*-+/740.79388.03*
392.65-331.52*-221.76/-165.96/(-479.96+-226.41/(-696.32+(-313.61-329.04*(348.27)))),-165.96-221.76331.52392.65-*//-226.41-+/-696.32+329.04-313.61-*348.27
151.75/-178.49+(-298.88+-266.51-523.7/-315.94*-616.3/803.51+875.3-732.73),-178.49151.75/+732.73875.3803.51-616.3-315.94523.7-266.51-298.88+-/*//-
-738.1+-833.35+-974.07+-578.04-660.66+-92.12*705.6+-121.84/(147.05-(831.56)),-121.84705.6-92.12660.66-578.04-974.07-833.35-738.1+++-+*+/147.05-831.56
-566.53+-553.84*-818.11/694.8/870.19*-931.94+(798.52+-781.75)+-859.22*-201.52,-201.52+-931.94870.19694.8-818.11-553.84-566.53+*//*++-781.75798.52+*
-227.7-948.63*-859.31-451.28*405.2--368.39/110.31*(346.12/389.33*-179.64),110.31-368.39405.2451.28-859.31948.63-227.7-*-*-/*/389.33//*
791.66+(82.06*(560.39+-953.54)*-95.57*-185.18+548.4)*-413.21/(5.09+-544.43),-413.21791.66+*548.4-185.18-95.5782.06**-953.54560.39+*+/-544.435.09+
(-196.25+-568.7+-821.95/-117.63*31.65--612.87)*97.61--614.98-295.43/238.8,238.8295.43-614.9897.61*-612.8731.65-117.63-821.95-568.7-196.25++/*----
-710.05+-26.41/(203.65*626.86)/629.62--136.67/-49.14--118.5+-903.36*-462.07,-462.07-903.36-118.5-49.14+629.62-26.41-710.05+//626.86203.65*-/-+*
-227.04*(599.23+75.26)*(721.43*42.3*239.04+515.49--549.97+-600.52/129.24),-227.04**75.26599.23+129.24-600.52-549.97515.49239.0442.3721.43**+-+/
-960.1*41.96+-51.65+-672.63/-479.8-342.37*794.14+-353.97*-77.31+-686.52,-686.52-77.31-353.97794.14342.37-479.8-672.63-51.6541.96-960.1*++/-*+*+
(503.91-(135.34/213.92)/491.67*-197.08--97.2/427.99+-426.15)+-741.63-639.9,639.9-741.63+-426.15427.99-97.2-197.08491.67503.91-/213.92135.34/*-/+-
246.41-912.92*-276.05/792.24+630.53-445.74-523.05*(-287.9/950.08+827.39),523.05445.74630.53792.24-276.05912.92246.41-*/+--*827.39950.08-287.9/+
-530.92--816.66+858.28*342.07-(624.27-568.89)*(392.8*584.45*-861.3*954.26),342.07858.28-816.66-530.92-+*--568.89624.27-954.26-861.3584.45392.8***
652.95*453.17-964.44-217.67+-240.61--73.58+348.87/829.73-330.86+855.75,+330.86829.73348.87-73.58-240.61217.67964.44453.17652.95*--+-+/-+
-361.79*-824.05+4.32+17.69--966.62+698.45+762.8*-654.18+(833.92*-659.98),-654.18762.8698.45*17.694.32-824.05-361.79*++-++*+-659.98833.92*
359.09-(-918.96--91.33+-553.92+-607.27+615.28/-957.64+618.27*-781.03/-558.37),359.09--558.37-781.03618.27-957.64615.28+-553.92-91.33+-+++/+*/
-548.99/-79.4*-727.58+878.99/(-576.83-461.19)*904.61+110.17-(162.36/733.17),110.17/878.99-727.58-79.4-548.99/*+*/461.19-576.83-+-733.17162.36/
315.15--518.12--427.32--300.93/-130.2+-663.39+-89.72*552.92/782.09+790.59,790.59782.09552.92--663.39-130.2-300.93-427.32-518.12315.15---/++*/+
109.85--914.2/-931.69+(757.86-909.09/-354.67)/(107.16/22.39*482.49+894.02),-931.69-914.2109.85-/+/-354.67909.09757.86-/894.02482.4922.39107.16/*+
649.48*438.49*(359.94*140.19+461.95*(-633.08/(-763.07-785.75+348.08)/-716.19)),438.49649.48**461.95140.19359.94*+*-716.19-633.08//348.08785.75-763.07*+
433.8+-298.19*354.68+-653.76--125.54-219.77*392.05/285.88*-299.71-541.26,541.26-299.71/392.05219.77-125.54-653.76354.68-298.19433.8+*+--*/*-
-979.2*181.88+370.69+(316.87--728.61+304.09+-88.89/502.6+-724.08+121.34),370.69181.88-979.2*++121.34-724.08502.6-88.89304.09-728.61316.87-++-++
-294.16-766.79/753.71+-269.97/-490.67-525.74/(-861.28+-707.55*217.34*554.27),525.74-490.67-269.97753.71766.79-294.16-/-/-/554.27217.34-707.55-861.28+**
592.41/(-937.69/(451.93-630.14)*975.64+267.98--512.16*(789.81*(3.78/-766.01))),592.41/-512.16267.98975.64-*/630.14451.93-+-*789.81*-766.013.78/
-432.84/288.01*-382.98+-201.44-44.56--420.39/206.94+114.78/676.31--635.67,-635.67676.31114.78206.94-420.3944.56-201.44-382.98--432.84/*+--/+*-
445.8*572.14/-745.86+50.21+524.25*-555.39*-477.82/819.08--776.21+167.92,+-776.21819.08-477.82-555.39524.2550.21-745.86572.14445.8*/++**/-+
-333.82-145.96+(-708.43/959.11)*-865.39*(-126.4*(793.56-(150.35+-304.05-(-418.01)))),-865.39145.96-333.82-+*959.11-708.43/*-126.4*793.56--304.05150.35+--418.01
(492.01*674.84*321.9)/-407.08+775.67*657.87+-472.18--469.21*-673.02*-994.89,--673.02-469.21-472.18657.87775.67-407.08/321.9674.84492.01**+*+-**
(-622.44-105.22*-921.18+-474.53--360.05)*-446.16+311.15*-952.62-(73.95*-954.6),-952.62311.15-446.16*-360.05-474.53-921.18105.22-622.44-*+-+*--954.673.95*
(-790.8*86.26+-917.15*593.51+-732.42*993.86-(494.77+32.6-(-632.29*738.42))),993.86-732.42593.51-917.1586.26-790.8*+*+*-32.6494.77+-738.42-632.29*
(298.34-278.1+(224.8+543.41/-865.96--714.36-450.49+(-244.43*-826.71/(-113.32)))),278.1298.34-+450.49-714.36-865.96543.41224.8+/--+-826.71+//-113.32
-95.16/-386.12/(748.03+226.35)+99.55/993.67-95.3*334.78+-621.99*-44.57,-44.57-621.99334.7895.3993.6799.55-386.12-95.16/+/226.35748.03+/-*+*
(940.05-23.4--97.03+-635.66+-866.17/605.5-663.47)-455.52-237.21*424.09,424.09237.21455.52-663.47605.5-866.17-635.66-97.0323.4940.05+-++/--*
(-528.26/-624.66+-602.78)-(911.97+-801.95/-673.36/561.09/27.22)*-499.27*(187.66),-499.27--602.78-624.66-528.26/+*27.22561.09-673.36-801.95911.97+///*187.66
(-312.89*(263.4/-550.56/-742.8/853.43*919.81)*-475.73*-724.37/(986.62-(-774.49))),-724.37-475.73-312.89**919.81853.43-742.8-550.56263.4///**/986.62--774.49
421.26/198.03-387.85-54.6/879.62*696.57-767.83*154.11*53.41+527.32,527.3253.41154.11767.83696.57879.6254.6387.85198.03421.26/--/*-**+
-531.89*-857.29*(-160.08*-837.08*-60.38*885.73*370.4+-166.99*-498.02+-879.32),-857.29-531.89**--498.02-166.99370.4885.73-60.38-837.08-160.08*-**+*+
-213.83+397.44/(33.76+-778.3+(-729.71--510.12-(-160.94--123.1*-200.7+(-672.06)))),397.44-213.83+/-778.333.76++-510.12----200.7-123.1--*+-672.06
(-585.95/400.81)--139.44/597.0*-712.43/-982.33-(-990.44/-331.46)/-542.13+203.2,203.2-542.13-982.33-712.43597.0-139.44-400.81-585.95+///-/-331.46-990.44/+
454.55--153.26*-336.94-938.65+-789.62-748.99*551.34+-180.76+-203.95-106.0,106.0-203.95-180.76551.34748.99-789.62938.65-336.94-153.26454.55-*-+-*++-
-131.21-134.5+-36.74+475.71*751.45*-935.7/8.83-(80.11--158.14*397.6),8.83-935.7751.45475.71-36.74134.5-131.21-++**/-397.6-158.1480.11**
(-106.14--506.26+-226.33)-250.82*-933.91-(829.52*249.82+-479.66--813.71)/388.02,388.02-933.91250.82/-226.33-506.26-106.14-++-/-813.71-479.66249.82829.52*+-
923.34+345.21-(-582.81+(85.61--25.82-240.46/-664.23)-750.11--768.11-840.4),345.21923.34*-840.4-768.11750.11-582.81-+-664.23240.46-25.8285.61--/--
341.53*571.9+-325.32+-642.7+-434.19/-805.2*-165.01+-254.19/50.2+(725.33),50.2-254.19-165.01-805.2-434.19-642.7-325.32571.9341.53*+++/*+/+725.33
-392.58/368.45--904.39*-888.98-(983.54/(-90.36+-636.72)*-627.9*749.44/-875.48),-888.98-904.39368.45-392.58/-*--875.48749.44-627.9983.54*/-636.72-90.36+*/
(-235.76*269.36*488.77)*-107.98/916.64/734.05-601.64--107.05/-210.85*133.33,133.33-210.85-107.05601.64734.05916.64-107.98*488.77269.36-235.76**//--/*
448.72+32.68*592.03+-105.03+548.21/-298.88-(-586.9/-476.18/-867.88--116.75),-298.88548.21-105.03592.0332.68448.72+*++/--116.75-867.88-476.18-586.9//-
311.66-82.02-238.02*(-788.46+466.39/-403.89-146.41/(204.77/-659.1+-564.42)),238.0282.02311.66--*146.41-403.89466.39-788.46+/-/-564.42-659.1204.77/+
-0.25*651.9*275.77*503.09-(-469.88+(-228.57+338.42)-629.98+(-107.33+-398.71)),503.09275.77651.9-0.25***-629.98-469.88-+338.42-228.57+++-107.33+
-670.45+(856.73*(-645.94--576.07+90.38/-411.61/995.34*15.52*-695.61)-383.16),-670.45+383.16856.73-*-695.6115.52995.34-411.6190.38-576.07-645.94-+/***
581.88-808.98*476.68*722.5--158.92/128.41*(996.67+-929.09*-414.31/-280.06),128.41-158.92722.5476.68808.98581.88-**-/*-280.06-414.31-929.09996.67+*/
(22.63-42.43)--848.38--849.39+371.46+151.02-153.99+855.63+666.11+(253.23),666.11/153.99151.02371.46-849.39-848.38-42.43---++-+++253.23
24.76-169.2*-349.81/(-190.53/748.11/997.18)*(251.71/(439.8+(981.65*(544.49)))),-349.81169.224.76-**/997.18748.11-190.53*/251.71/439.8+-*544.49
129.65--489.68*-389.53/-269.15--270.41+(-524.25--221.08+-558.94--608.04/-690.69),-270.41-269.15-389.53+129.65-*/-+-690.69-608.04-558.94-221.08-524.25-+-*
(-465.99-(-643.11+653.83/-875.45+-424.61/(-734.95+(634.26-752.39/-777.86)/632.4))),-465.99--424.61-875.45653.83-643.11+/+/632.4-734.95+/-777.86752.39634.26-/
-566.19+827.51+-302.09*146.71-764.51*-838.16/667.87/-705.58-49.13/(-998.84),49.13-705.58667.87-838.16764.51146.71-302.09827.51-566.19++*--//-/-998.84
(-338.63--431.83-357.9-(120.03-(833.73/361.75*-901.86*-632.22-658.63*(280.4)))),357.9-431.83-338.63---120.03-658.63-632.22-901.86361.75833.73/**-*280.4
(263.74+754.9*-964.07)*(-560.67*(-953.84/-514.31+-124.4/-25.95+545.59-875.96)),*-964.07*263.74+*-560.67*875.96545.59-25.95-124.4-514.31-953.84/+/+-
-919.16-645.24-292.55-669.88/288.58+-932.92*-937.15-455.19-(321.66/702.6),455.19-937.15-932.92288.58669.88292.55--919.16---/+*--702.6321.66/
962.83/-490.36-(857.64/-388.99*444.01)+(727.74+113.26*-51.42)*243.33*988.31,988.31243.33-490.36962.83/+-444.01-388.99857.64/**-51.42113.26727.74+**
-838.29/771.6/-703.27-620.38+440.29/790.02/358.95/-780.31-995.84+976.41,976.41995.84-780.31358.95790.02+620.38-703.27771.6-838.29//-+///-+
394.5+(408.04/(-878.35-(12.33/961.86/11.83)+-666.53+-910.08)/148.95-915.22),394.5/915.22148.95408.04//-910.08-666.53-878.35+-11.83961.8612.33//+-
-478.74+499.02--910.56-(-999.08*744.72*-156.02*(-759.23+-337.24/-806.5/-375.88)),-910.56499.02-478.74+-+-156.02744.72-999.08****-806.5-337.24-759.23+//
-14.83*687.03/678.73-(565.6--516.46)+-462.1/(-203.38/-578.87-(-169.78-(-213.78))),-462.1678.73687.03-14.83*/+--516.46565.6-/-578.87-203.38/--169.78--213.78
-350.94*-835.29--261.06+841.78*367.36+-20.61/-71.94--16.05*153.16*-393.04,-393.04153.16-16.05-71.94-20.61367.36841.78-261.06+-350.94*-+*+/-**
-689.78-658.44--695.99*-491.15/940.41+-386.11*(485.96-759.76-(-646.82-254.89)),-386.11940.41-491.15-695.99658.44-689.78--*/+*759.76485.96-*254.89-646.82-
495.05*-556.19-(-188.88-86.67*668.49/-187.12/-324.32/(-509.63/376.76*-848.51)),-556.19495.05*--324.32-187.12668.4986.67-188.88-*///-848.51376.76-509.63/*
797.27+(392.84*949.13-37.74)/999.17+-431.25+939.87-(-911.38*306.95)*-614.49,-614.49939.87-431.25999.17797.27+/37.74949.13392.84*-++-*306.95-911.38*
166.12+(-250.65+(-787.37-514.32*-182.25-286.8)/(244.89--351.14-777.92*(-168.32))),166.12+-250.65+/286.8-182.25514.32+-*-777.92-351.14244.89--*-168.32
(-276.22/(445.56+-781.2*-27.65+-982.3-538.17/613.16)+797.76)*360.95--444.18,-444.18360.95*797.76-276.22++613.16538.17-982.3-27.65-781.2445.56+*+-/-
199.99--968.05+875.41+(-142.14*(-987.4+133.32-23.61*(813.25/770.92+998.41))),875.41-968.05+-++-142.14*23.61133.32-987.4+-*998.41770.92813.25/+
-161.42*819.17*667.03/-20.94/422.73/-68.85/275.35+197.46/-512.96+-461.92,-461.92-512.96197.46275.35-68.85422.73-20.94667.03819.17-161.42**+///+/+
-665.77+-660.33+(-495.68*(-187.21-743.74--84.07*700.62*(-659.68/733.98)/288.62)),--665.77++-495.68*288.62700.62-84.07743.74-187.21--*/*733.98-659.68/
-727.04-(802.36-951.82/64.18)+(579.42+-515.0)-312.46+593.85/419.79--472.52,-472.52419.79593.85312.46-727.04-+-64.18951.82802.36-/-515.0579.42+*/-
-160.05-755.94-187.68/-899.5/734.68-751.29-352.92/(-411.73*-978.71/714.83),352.92751.29734.68-899.5187.68--160.05--//--/714.83-978.71-411.73*/
-97.72/466.39/447.45+-842.13/-260.14*980.73/896.31*(246.38/779.28*-929.85),896.31980.73*-447.45466.39-97.72//+/*/*-929.85779.28246.38/*
418.07+(656.94+-801.48+675.62-696.03*325.11*(-763.52*-314.55)*(834.23*(-389.98))),418.07+325.11696.03675.62-801.48656.94++-***-314.55-763.52*834.23*-389.98
545.97*(-66.83-380.9-566.42)/-30.76-(-717.75/437.19)*453.71+838.45/-454.88,-454.88838.45453.71-30.76545.97/*-380.9-66.83---*437.19-717.75/+/
-125.77*-496.16-362.24-400.93*-817.72-(794.55+-561.14+(-260.47-245.35--159.61)),-817.72400.93362.24-496.16/*--*--561.14794.55++-159.61245.35-260.47*-
-768.93--304.07*-220.43+-870.6-498.1-949.32+397.93+22.15/-813.91+-913.12,-913.12-813.9122.15397.93949.32498.1-870.6-220.43-304.07-768.93-*+--++/+
-808.9+395.76-415.26/-199.07/903.72/512.16--235.54/87.08/-566.49+917.96,917.96-566.4987.08-235.54512.16903.72-199.07415.26395.76-808.9+-///-//+
218.21-565.0/-771.31*467.96/-957.11-654.57*279.93/-648.5/700.43-99.62,99.62700.43-648.5279.93654.57-957.11467.96-771.31565.0218.21-/*/-*//-
648.1*(150.2+-305.35/-168.37+480.57)*181.19-998.46-(41.92-139.18-(-758.41)),998.46181.19648.1**480.57-168.37-305.35150.2+/+--139.1841.92---758.41
-425.6+769.02+(-742.39/-642.23-296.24)/-236.37--542.08+249.54*-182.08/217.07,217.07-182.08249.54-542.08-236.37769.02-425.6++/296.24-642.23-742.39/--+*/
(-737.45+-463.84+657.66+733.38/334.47)*-999.37--676.84-596.41*(711.12/(172.32)),596.41+-999.37*334.47733.38657.66-463.84-737.45+/+/--*711.12/172.32
-868.33/-298.9/-430.89+-397.02/-900.36/465.42/(685.15/-685.04)*326.12--821.6,-821.6+465.42-900.36-397.02-430.89-298.9-868.33//+//*/-685.04685.15/-
-69.78-155.64/-91.28+-219.89+-680.46/-816.51/712.02/-429.42+-74.32--123.35,-123.35+-429.42712.02-816.51-680.46-219.89-91.28155.64-69.78-/++//-+-
-1.93+-21.32/-679.44/-600.57/-682.29--468.59/313.97--705.38+393.57+(98.22),393.57-705.38313.97-468.59-682.29-600.57-679.44-21.32-1.93+///-/-+*98.22
(-526.25--967.46)/-123.75/-124.34*565.86*220.92+-95.89*773.17*706.01+62.11,62.11706.01*-95.89220.92565.86-124.34-123.75/-967.46--/**+**+
-895.1*582.51*618.75*(-81.48/461.26/(-747.94/-918.04*-106.73/477.92*93.32)),618.75582.51-895.1***461.26-81.48//93.32477.92--918.04+/*/*
-20.05/201.84/(203.18*-682.95*-966.07)+69.22*78.22+873.36-914.6/-651.14,-651.14914.6873.3678.2269.22201.84-20.05/+/-966.07-682.95203.18*+*+-/
-695.89*(542.99*(-231.21-248.15+-695.33+198.61)*-361.12--746.1)--706.47/780.81,780.81-706.47-695.89-*-746.1-361.12542.99**198.61-695.33248.15-231.21-++-/
921.66/-911.07*237.34-230.23+-32.52/-693.37/865.05/72.57+-180.7*-943.89,-943.89-180.772.57865.05-693.37-32.52-237.34-911.07921.66/*-+///+*
-701.82-546.95/-683.68+(102.09*-952.41*952.44+-343.76+-244.91+756.53-623.8),-683.68546.95-701.82-/+623.8756.53-244.91-343.76952.44-952.41102.09**+/+-
(145.04/414.74-374.01*-601.87/-32.86*-424.65)+362.97*254.85-(-24.9+(324.3)),254.85362.97+-424.65-32.86-601.87374.01414.74145.04/-*/**+-24.9+324.3
-540.22/748.31/638.35/190.79/764.35--643.84+-210.0*-71.41-723.67--819.85,-819.85723.67-71.41-210.0-643.84764.35190.79638.35+-540.22////-+/--
580.04-691.94+(-799.82--277.1+-6.26*-781.86--330.66+-853.13/-188.44-12.77),691.94580.04/+/-188.44-853.13-330.66-781.86-6.26-277.1-799.82-+*-+/-
853.7--15.22/(93.76+(104.9+-963.25--527.58+688.72-956.73+(-444.09*896.34))),/853.7-/93.76+956.73688.72-527.58-963.25104.9+-+-+896.34-444.09*
812.75*(559.03+104.15)+705.85*965.33+-320.1+-59.51-141.53-618.92--794.87,-794.87618.92141.53-59.51-320.1965.33705.85812.75+*104.15559.03+*++---
(929.06/697.75/(657.6/772.65+643.74)/739.73+-983.8+722.9*-786.86-392.79),392.79-786.86722.9+739.73697.75929.06///643.74772.65657.6/+++*-
-268.59/296.47/-146.75/107.94/719.85/96.1/-10.26*(-970.05/-569.06-(-947.01)),-10.26/719.85107.94-146.75296.47-268.59//////*-569.06-970.05*--947.01
-328.47+-960.93*-409.16*-72.56-693.91*-638.85/(-965.52+352.08/-611.38/-956.19),-638.85693.91-72.56-409.16-960.93-328.47+**-*/-956.19-611.38352.08-965.52+//
517.35/-577.68/-392.91-(-366.13/8.76*19.31)/(43.65*148.26/-144.04/-101.04),-392.91-577.68517.35//--19.318.76-366.13/*-101.04-144.04148.2643.65*//
337.22-(-660.92/-147.4/806.31+690.82+855.72-(186.57+963.66/-993.8)+673.85),337.22-673.85855.72690.82806.31-147.4-660.92+/+++--993.8963.66186.57++
(-251.81+-887.31*(414.36/(108.79+-583.75)+-634.67+696.93+-582.25+-859.05*(-138.08))),-887.31-251.81+*-859.05-582.25696.93-634.67414.36+/-583.75108.79/+++*-138.08
689.57-930.4-965.6-0.4-65.07/681.35-397.67+-573.59*64.71-(-11.02),64.71-573.59397.67681.3565.070.4965.6930.4689.57----/-+*--11.02
-753.48/-308.5+121.8*916.77*506.62+423.04/(810.84--808.0/(-379.83-101.67)),423.04506.62916.77121.8-308.5-753.48/+*/+/-808.0810.84-/101.67-379.83-
730.88*115.62-(370.6--407.4+(529.56+282.01)*-415.22)*-69.09*87.65--505.9,-505.987.65-69.09115.62730.88*-*-415.22-407.4370.6-+*282.01529.56++-
-37.32+(-505.5/850.76)+975.13+-198.14-40.57/-734.75*473.38/363.15+(-477.62),*473.38-734.7540.57-198.14975.13-37.32++850.76-505.5/+-/*/+-477.62
(174.67-758.53+793.56-799.62-597.14+-597.63--272.86-227.2--55.68*-46.17),-46.17-55.68227.2-272.86-597.63597.14799.62793.56758.53174.67-+--+---/
436.25-399.43-912.58/(572.76*-796.02/-253.88-389.62*404.25+388.45--805.99),912.58399.43436.25--/-805.99388.45404.25389.62-253.88-796.02572.76*/-*+-
164.21*-413.22--323.98-(942.22-(-97.53+489.52+-938.31-41.11*412.83*-46.14)),-323.98-413.22164.21*--942.22--46.14412.8341.11-938.31489.52-97.53++/**
467.52*464.03-983.7/910.0+-444.71+439.13/107.76--893.05/-816.53*-214.95,-214.95-816.53-893.05107.76439.13-444.71910.0983.7464.03467.52*-/++/-/*
-36.19-(-886.66/724.85/-495.05)--4.12--127.51/-379.87/847.64/624.39*-42.54,-42.54624.39847.64-379.87-127.51-4.12-36.19---495.05+-886.66//-///*
670.52+253.25/-635.15/683.11*44.02-357.97/85.61+73.29+(481.82*224.79),73.2985.61357.9744.02683.11-635.15253.25670.52+//*-+++224.79481.82*
448.96/-15.42/-501.52*691.92*-175.11+(312.19/-991.14/457.96/-469.62*800.0),-175.11691.92-501.52-15.42448.96///-+800.0-469.62457.96-991.14312.19///*
428.7+-662.91--313.3-(-232.54/623.11--571.25)+-326.44+376.42--32.79/840.22,/-32.79376.42-326.44-313.3-662.91428.7+-+--571.25623.11-232.54/-+-/
-168.68--29.48*963.96/-879.22/234.49/(-651.53+-815.7)--193.9*-749.84-184.21,184.21-749.84-193.9234.49-879.22963.96--168.68-*//-/-815.7-651.53+*-
827.34+49.83*230.49+-517.97*44.97*(136.39*-38.55/-783.67/-388.75--425.65),44.97-517.97230.4949.83827.34+*+**-425.65-388.75-783.67-38.55136.39*/--
496.22/861.55--362.0/933.04*721.26/-926.24+-729.88-303.11*657.62+(-884.68),657.62303.11-729.88-926.24721.26933.04-362.0861.55496.22/-/*/+-*+-884.68
-962.76-784.49*-606.36-158.69--976.54*467.02-(823.05--694.0-678.11/-334.47),467.02-976.54158.69-606.36784.49-962.76-*--*--334.47678.11-694.0823.05--/
390.44/-47.55-446.55*(-319.06+403.88)--156.99/602.3/764.07+-254.22/934.16,934.16-254.22764.07602.3-156.99446.55-47.55390.44/--*403.88-319.06++/+/
-42.99*699.6--763.61-559.49*-87.19*-443.53*(45.46*(-667.71/420.64*-899.08)),-443.53-87.19559.49-763.61--42.99*--***45.46/-899.08420.64-667.71/*
862.17*-112.11/(217.55-179.2*103.87)*235.08/550.54-829.59*-843.4/-3.4,-3.4-843.4*550.54235.08-112.11862.17**/103.87179.2217.55-*/-*/
-83.71*777.56+745.32+-428.36/93.08/455.4/189.49+386.67*126.45/175.08,175.08126.45386.67189.49455.493.08-428.36745.32777.56-83.71*+*///+*/
30.2+(-586.73/824.56)+960.08/906.73+-874.68*306.81-(-371.58--293.73/85.44),306.81-874.68906.73960.0830.2+++-586.73//+*-85.44-293.73-371.58-/
(-400.48*-339.5-(-982.36*811.35*205.3--956.1)/-189.29-824.11/331.5--729.89),-729.89331.5824.11-189.29-339.5-400.48*-/-956.1205.3811.35-982.36*---/-
-353.54+907.84-299.8*-712.11-(830.97*-651.96*-564.67--555.33/747.57*(-449.65)),-712.11299.8907.84-353.54+-*-747.57*-564.67-651.96830.97**-/*-449.65
421.38--212.67*728.64-(288.76*161.36)*751.07--76.29/(-0.19--822.28/129.22),-76.29751.07728.64-212.67421.38-*-*161.36288.76*-/129.22-822.28+-/
447.96--949.58/660.02+-51.07--345.91+596.56*-468.53*-972.12--722.05--759.77,-759.77-722.05-972.12-468.53596.56-345.91-51.07660.02-949.58447.96-/+-+**+-
209.54+-219.88--391.97-656.71-(503.58*(979.69/781.72/655.45+-603.14+419.42)),656.71-391.97-219.88209.54+---503.58*419.42-603.14655.45781.72979.69//++
-355.19+254.95*-887.95/-907.21--204.75*-530.52--504.74*-384.38-7.22/(-405.84),7.22-384.38-504.74-530.52-204.75-907.21-887.95254.95*+*/-*-*-/+
-295.93*669.75-90.06/(855.94+(-677.85+404.35+431.81--117.37)*278.67+241.19),90.06669.75-295.93*-/241.19278.67855.94+*-117.37431.81--677.85++-+
499.1*-950.27*-70.4+719.51+(-368.67-(-195.13+(-745.22*363.42/578.92/-293.05))),719.51-70.4-950.27499.1*/++-368.67--195.13+*578.92363.42-745.22*//
936.01/-574.13-515.24*-303.55+-762.94-591.51-4.29+815.12+-254.15-178.83,178.83-254.15815.124.29591.51/-303.55515.24-574.13936.01/-*+--++-
-73.1+-799.53/196.98/-634.09/-818.48/117.36+(-595.58+-766.58/(448.38+(-772.06))),117.36-818.48-634.09196.98-799.53-73.1+////+-766.58-595.58+/448.38+-772.06
(596.25/-45.03--439.02-40.02+309.97+104.97+682.13*-531.57+842.3/228.33),228.33842.3-531.57682.13104.97309.9740.02-439.02-45.03596.25/-*+++*+/
(-676.9+-390.03-571.48+(968.06-815.51*-405.77-552.95-(-207.2-857.88+-174.04))),571.48-390.03-676.9+-+/-405.77815.51968.06-*--*857.88-207.2-+
(291.65*(-785.43--62.36/(-686.8*-484.06*652.23--246.43)*(471.04+-743.89*-322.44))),291.65*-62.36-785.43-*/-246.43652.23-484.06-686.8/*--322.44-743.89471.04+*
309.94*-664.91*(-900.99/-953.66+(-201.76/300.63+-187.95)-378.64+-252.99--375.89),-664.91309.94**-375.89-252.99378.64--900.99/-+-187.95300.63-201.76/++-
-515.49+-439.19/-359.71/293.07--777.77-712.97--444.7+-106.17+-406.03--799.32,-799.32-406.03-106.17-444.7712.97-777.77293.07-359.71-439.19++//---++-
-398.19*-880.15-458.64-765.94+799.23*-742.81/(562.93*375.42-512.74-575.46),-742.81799.23765.94458.64-880.15-398.19*--+*/575.46512.74375.42562.93*--
479.88*-269.91-553.92*(-807.96*(-326.96--792.62*427.75/826.33--614.36--867.61)),553.92-269.91479.88*-*-807.96*-867.61-614.36826.33427.75-792.62-326.96-*/--
970.02+143.68*-491.34-454.43/-310.96+(-129.79/155.81-(-621.68+620.88-193.54)),-310.96454.43-491.34143.68970.02+*-/+155.81-129.79/-193.54620.88-621.68+-
959.23/-673.68*-371.45/-653.34/-588.77/807.23*312.49+130.44/132.84*-850.21,-850.21132.84130.44312.49807.23-588.77-653.34-371.45-673.68959.23/*/*/*+/*
-490.53/(-930.38/-45.48/-928.96--787.01-372.11/-887.91/-209.79-515.31+-226.28),-490.53/-226.28515.31-209.79-887.91372.11-787.01-928.96-45.48-930.38//--//-+
(-630.42/-159.09)+-268.47+-961.09--355.42*833.8+(705.09-(-901.46+-697.97+876.24)),833.8-355.42-961.09-268.47*-159.09-630.42/+--+705.09-876.24-697.97-901.46++
-790.15*301.19/850.75/-543.0+(527.33+-860.16+-379.09+(680.9-471.3/-814.43)),-543.0850.75301.19-790.15*//+--860.16527.33+++-814.43471.3680.9-+
248.83-(-280.46+-137.85-710.62+-484.9+-228.59*357.38*-200.91*-944.32)-452.51,452.51248.83---944.32-200.91357.38-228.59-484.9710.62-137.85-280.46+-++***
-926.17*785.95/-402.57+940.44/500.3+823.96--167.44/819.59*-488.51+(46.62),-488.51819.59-167.44823.96500.3940.44-402.57785.95-926.17*/+/+-/*+46.62
522.23-818.82--685.61+199.68-99.31+529.23*-71.55*15.6*990.59-(139.39),990.59+-71.55529.2399.31199.68-685.61818.82522.23--+-+***-139.39
57.61-688.79+941.77/-67.53*114.14+-64.33-(69.1*-840.17)*787.84-558.56,558.56787.84-64.33+-67.53941.77688.7957.61-+/*+-*-840.1769.1+-
(-203.31+984.13+546.86/276.25*-755.34)--312.21+273.43+-208.22+-750.85/912.46,912.46-750.85-208.22273.43-312.21--755.34/546.86984.13-203.31*+/*+++/
160.12-595.75/707.71+-156.28--539.75+516.49--95.51*-644.53+(390.51/(175.58)),-644.53-95.51516.49-539.75*707.71595.75160.12-/+-+-*+390.51/175.58
342.73*-589.46/-408.89+129.24-862.09*612.97-580.48/290.91/156.1+-639.08,-639.08156.1290.91580.48612.97862.09129.24-408.89-589.46342.73*/+-*-//+
326.57+-227.82+-734.64-288.73/877.98+-211.91*-701.77-(942.4/928.09/179.79),-701.77-211.91877.98288.73-734.64-227.82326.57+++/+*-179.79928.09942.4//
294.47--805.97/(816.62+587.11--742.72-15.86-(514.19/(-946.46/(575.92-776.87)))),-805.97294.47-//-742.72587.11816.62+---514.19/-946.46/776.87575.92-
509.2/220.94+(23.02-(951.05/-763.31/608.3/-336.4--176.14/(-822.1+156.05))),220.94509.2/+/--176.14-336.4608.3-763.31*///-/156.05-822.1+
-595.72+336.99*220.18+(-128.48--857.93)*-39.46*909.22--163.91-(18.57+-441.12),-163.91909.22-39.46220.18336.99-595.72+*+*-857.93-128.48-*---441.1218.57+
-277.42*-36.73*177.53*-895.3-420.0/791.27/-325.56/-427.04+-413.2*(601.62),-413.2-427.04-325.56791.27420.0-895.3177.53-36.73-277.42**/-///+*601.62
995.38/(737.88*408.79)+-168.32*-864.13*550.6*836.53+(-738.92+(-289.87--538.26)),836.53550.6-864.13/995.38+/408.79737.88****+-738.92+-538.26-289.87-
(-920.21*162.7/333.86-867.18+911.2*(-90.94-(943.8*(803.3/(488.91+-422.16))))),911.2867.18333.86162.7-920.21*/-+*-90.94/943.8*803.3/-422.16488.91+
(787.19/-590.58/-53.84--941.21)/429.48+-429.23*704.99-367.57*973.94*(-923.86),973.94367.57704.99-429.23429.48/-941.21-53.84-590.58787.19//-+*-**-923.86
882.54*-998.57/-781.92*172.9+-871.7/-32.48/-238.35+-764.92+67.23--880.76,-880.7667.23-764.92-238.35-32.48-871.7172.9-781.92-998.57882.54*/*+//++-
-484.69-141.94/-428.27-698.42/10.83*-640.49+-556.22+(-104.07*-668.81--253.41),-556.22-640.4910.83698.42/141.94-484.69-/-/*++-253.41-668.81-104.07*-
(-938.67-689.72/-515.54+400.82*106.48+59.52/211.59+781.2*270.67-250.85),250.85270.67781.2211.5959.52*400.82-515.54689.72-938.67-/+*+/+*-
-914.18-241.63+598.15*32.53*548.88-599.34+-709.55*-64.71/-554.11-(445.1),-554.11-64.71-709.55599.34548.8832.53598.15241.63-914.18-+**-+*/-445.1
-302.61-51.91/271.18--175.01*(-912.72-794.23)*308.26-981.65/-710.84/-275.18,-275.18-710.84981.65+-175.01271.1851.91-302.61-/-**794.23-912.72--//
-326.79*(588.58-494.23)*980.43+672.65/710.57-929.03*-420.89/482.24+-329.05,-329.05482.24-420.89929.03710.57672.65980.43-326.79**494.23588.58-+/-*/+
-637.44/-114.8*824.66+-407.25/-697.85-551.21-38.83/-665.0-383.25--42.34,-42.34383.25-665.038.83+-697.85-407.25824.66-114.8-637.44-*+/--/--
-248.62--962.5+280.96*-620.91+-184.17*-415.54/(622.62*713.84*-863.17)-123.57,123.57-415.54-184.17-620.91280.96-962.5-248.62-+*+*-/-863.17713.84622.62**
-332.03--4.58+853.24-640.09/-721.31+-831.28*435.64--120.41+-431.84*141.15,141.15-431.84-120.41435.64-831.28/640.09853.24-4.58-332.03-+-/+*-+*
863.36--202.55--286.86+(704.54-341.84+(-649.88/144.55*309.95+-706.06*-763.34)),-286.86-202.55/--+341.84704.54-+-763.34-706.06309.95144.55+/*+*
(83.88*903.86+-750.69+-692.72)/(118.95-183.52)*608.78/(359.13*706.86)/-320.25,-320.25608.78*/-692.72-750.69903.8683.88*++183.52118.95-//706.86359.13*
-251.45+-438.87*805.71-653.51/(425.45+(95.67/-403.24)--856.06)-698.56*390.01,390.01698.56653.51805.71-438.87-251.45+*--/-856.06425.45-+-*/*
488.04--247.3--80.44+-645.19--739.98/-540.61/-650.76/-854.72--991.14+389.25,389.25-991.14-854.72-650.76-540.61-739.98-645.19-80.44-247.3488.04--+///+-+
-247.36+839.87*887.06/(-862.49-881.75+815.8+523.66)*891.13+-693.68--424.42,*-693.68891.13887.06839.87-247.36+**/523.66815.8881.75-862.49-+++-
(556.86*-59.2/-604.86)/(-872.53/466.8--624.3+830.63/573.51+(-682.96/(-986.66))),/-604.86-59.2556.86*/573.51830.63-624.3466.8-872.53*-+/+-682.96/-986.66
475.01/-758.7*-262.42-754.0-872.7+415.97-(-888.57*-205.91+64.14*-758.95),415.97872.7/-262.42-758.7475.01/*--+--758.9564.14-205.91-888.57*+*
-645.75/-391.77/-146.06*-626.23-454.04-180.7/(764.17/816.89--977.35--404.27),180.7454.04-626.23-146.06-391.77-645.75//*--/-404.27-977.35816.89764.17/--
-649.63+363.07*-980.84+(465.67+-325.14-(-403.13+-776.85)--408.25+849.05/410.19),-980.84363.07-649.63+*+410.19849.05-408.25-325.14465.67+---776.85*+++
(-86.24/-83.04/-343.83*972.56)*-696.51+-686.47*297.45-931.98+-439.86-(-554.64),-439.86931.98/-686.47-696.51*972.56-343.83-83.04-86.24//*+*-+--554.64
863.89/585.05/-765.01-252.29+(644.08--763.84+(622.87*-178.89/996.6+681.63)),252.29-765.01585.05863.89//-+-763.84*++681.63996.6-178.89622.87*/+
768.91/-933.68*-92.58+-376.14+-666.96/-779.66*342.02*(317.63-850.5+372.61),342.02-779.66-666.96-376.14-92.58-933.68*/*++/**372.61850.5317.63-+
-928.53--820.26/-780.13*697.83*-740.76*901.22*-978.99+258.77+-21.34--882.98,-882.98-21.34258.77-978.99901.22-740.76697.83-780.13-820.26-928.53-/****++-
16.67/-178.76/979.93--142.63--222.95--661.03+125.11-(-930.66*-754.27/-400.55),125.11-661.03-222.95-142.63979.93-178.7616.67//---+--400.55-754.27-930.66*/
850.51--718.49*(-228.49/994.24*-750.2*124.82/323.33*105.57*56.61-264.96),-718.49850.51-*264.9656.61105.57323.33124.82-750.2994.24-228.49/**/**-
657.03-(-892.62*552.15*296.51-(-587.36/-850.12)-513.97)*-558.9--448.44--9.06,-9.06-448.44-558.9657.03-*513.97296.51552.15***---850.12-587.36+--
(702.95*(492.14*-788.53/-273.0+229.23-(747.32/-536.35)-(61.55+526.36-474.32))),702.95*229.23-273.0-788.53492.14*/+---536.35+/474.32526.3661.55+/
116.95+97.01-417.5/(147.16/742.66--607.15/297.44-(-215.45+639.85/723.49)),417.597.01116.95+*/297.44-607.15742.66147.16/-/-723.49639.85-215.45+/
573.63-670.26/893.98*(-945.78+-505.17-513.64/916.18*664.31*-353.38-(-682.6)),893.98670.26573.63-*+-353.38664.31916.18513.64-505.17-945.78+-/**--682.6
-265.98--542.2--286.9*-766.28*-221.62/316.47-(710.87+-597.02/(934.99+-419.9)),316.47-221.62-766.28-286.9-542.2-265.98--**/--597.02710.87+/-419.9934.99+
-812.43+(-596.11*-805.05+466.2-(-457.91+-316.38--827.01*497.4)-399.48)/-635.92,-635.92-812.43+/399.48466.2-805.05-596.11*+--497.4-827.01-316.38++-*
-265.56/590.26/-204.54/164.28/-89.03*-544.8--197.83*(-563.7+-535.62/(497.7)),-197.83-544.8-89.03164.28-204.54590.26-265.56///+*-*-535.62-563.7+/497.7
(-436.62+324.98/(-116.72--804.71/-75.96-865.38/110.95-195.46-914.97/-34.03)),324.98-436.62+/-34.03914.97-110.95865.38-75.96-804.71-116.72-/-/--/
-921.54*6.79-390.78*-189.15*(741.07+-20.89*573.94-270.9+446.18/-433.12),-189.15390.786.79**-**-433.12446.18270.9573.94-20.89741.07+*-+/
(-502.15+441.06/254.46--667.74)*(-363.84/-931.26-(-492.16+356.64*793.72-568.76)),*-667.74254.46441.06-502.15+/--931.26-363.84/-568.76793.72356.64-492.16+*-
505.37*-963.11*-563.86-471.26--908.17/271.77*200.63-441.08+545.13-148.56,148.56545.13441.08200.63271.77-908.17471.26-563.86-963.11505.37**--/*-+-
895.06/-613.94+22.52--143.4*836.47+-256.92--530.81-615.59-793.74+203.95,203.95793.74615.59*-256.92836.47-143.422.52-613.94895.06/+-*+---+
726.88*-151.59-46.29-708.01+(795.46--281.09)-41.76*312.33-6.54+-952.81,-952.816.54312.3341.76708.0146.29-151.59726.88*---+-281.09795.46-/-+
164.58/758.54*-637.23+-173.61--956.49+-485.92+753.45--735.2/671.96-8.27,8.27671.96-735.2753.45-485.92-956.49-173.61*758.54164.58/*+-++-/-
222.33*(669.58--521.51+-504.77--675.19--204.34)+-58.73*311.59/167.86*251.13,251.13167.86311.59-58.73222.33+*-204.34-675.19-504.77-521.51669.58-+--*/*
(447.59+-503.55+557.02)*-149.14--77.7/-404.44+937.21-973.93+-227.27-967.06,967.06-227.27973.93937.21-404.44-77.7-149.14*557.02/447.59++-/+-+-
49.51+988.65+-921.99/735.62/344.96/474.67+142.5*703.61/-304.49/-494.26,-494.26-304.49703.61142.5474.67344.96735.62-921.99988.6549.51-+///+*//
207.21*-80.88+663.82/35.76-285.8/-636.89*-103.28+(887.8+961.85+-325.6),--636.89285.835.76663.82-80.88207.21*//-/*+-325.6961.85887.8++
-926.18-40.91+-70.68/344.52/(-610.51+(-2.9/457.64-324.81/-597.32*-403.79)),344.52-70.6840.91-926.18-+//-610.51++-597.32324.81457.64-2.9/-/*
539.45--300.42+(806.57*715.88+480.11/322.88--780.77*-902.48)--613.43+629.44,629.44-613.43-300.42539.45--+-902.48-780.77322.88480.11715.88806.57*+--*+
944.63*(305.7*417.6+-460.84)--109.12/-687.71-(195.16*-57.48/(981.24+754.07)),-687.71-109.12944.63-*-460.84417.6305.7*+/--57.48195.16*/754.07*+
564.9-242.21/897.31/-557.64-458.75+447.72--690.49--728.18*-876.91*(181.39),-876.91-728.18-690.49447.72458.75-557.64897.31242.21564.9-//-+--**181.39
-727.74-912.54*-220.15/(449.72-556.02-(896.05-(-27.26*805.87)*(82.1/-882.17))),+912.54-727.74-*/556.02449.72--896.05-*805.87-27.26*-882.1782.1/
-159.18/-886.45*89.42*-920.98/674.22+-47.77-68.65/657.84*124.21/(770.94),124.21657.8468.65-47.77674.22-920.9889.42-886.45-159.18***/+-/*/770.94
6.57/-132.3*-25.98/-854.8-(98.76*131.32/261.5/388.19--421.08+(-195.16)),-854.8-25.98-132.36.57/*/--421.08388.19/131.3298.76*//-+-195.16
-377.62/-689.32/-330.44/(298.33*-45.2+(806.85*(-768.43*453.12*(-650.67+-383.67)))),-330.44-689.32-377.62///-45.2298.33*+806.85*453.12-768.43-*-383.67-650.67+
791.46+797.75+(936.55*182.69--338.51/554.83+-991.64)+(-280.23/-930.36*135.9),797.75791.46+-+-991.64554.83-338.51182.69936.55*-/+135.9-930.36-280.23/*
(629.88/-408.64)*-571.82*(-553.06/(-106.45+500.14/-534.84-673.14/175.83+-428.57)),-571.82*-408.64629.88/*+/-428.57175.83673.14-534.84500.14-106.45+/-/+
830.27*894.03-743.85-(-892.74/(985.06+439.41/46.18-668.69*-279.34)+861.77),743.85894.03830.27*--861.77-892.74+*-279.34668.6946.18439.41985.06+/-*
-229.94-192.7*428.23+-568.33--587.94*695.37/41.84+671.93/229.88*114.32,114.32229.88671.9341.84695.37-587.94-568.33428.23192.7-229.94-*++*/+/*
-235.16+97.95+333.19*251.67*(608.39/(-493.07*832.0*(128.52-(511.12*261.14)))),251.67333.1997.95-235.16++**608.39/832.0-493.07**128.52-261.14511.12*
-474.37*-973.08-984.19+-828.85-416.7*544.1--865.19*438.9/-177.08/269.9,269.9-177.08438.9-865.19544.1416.7-828.85984.19-973.08-474.37--+-*-*//
-183.67+-585.79+-91.09-(-123.96*-332.59/245.9+917.52/-568.55-(-994.11*432.25)),-91.09-585.79-183.67++--568.55917.52245.9-332.59-123.96-/+/-432.25-994.11*
722.59*120.2--278.46-929.68/335.04--994.13+113.65/-443.68/917.31+-996.17,-996.17917.31-113.65-994.13335.04929.68-278.46120.2722.59*--/-+//+
711.71*-453.01/(-324.82*940.51*104.45+682.05)--711.42/-136.07+381.8/97.22,97.22381.8-136.07-711.42-453.01711.71*-/682.05104.45940.51-324.82**+/+/
-617.26+-277.12/153.72/-393.49+-760.26-593.98/458.25--437.75--508.37/-319.74,-319.74-508.37-437.75458.25+-760.26-393.49153.72-277.12-617.26+//+-/--/
260.62*(138.7-202.45+-772.14-932.14)/891.51*204.29/452.53+-995.79*904.42,904.42-995.79452.53204.29891.51260.62/*932.14-772.14202.45138.7-+-+/+*
219.59-462.49/425.7*(-848.51+970.45/-499.52-(13.08/-325.17)--644.81+127.36),425.7462.49219.59-/*127.36-644.81-499.52970.45-848.51+/---325.1713.08/+
-175.35/581.97/369.15*368.47*-195.17-2.24-610.16--49.98--400.71-(66.17),-400.71-49.98610.162.24-195.17368.47369.15581.97-175.35-/**-----66.17
421.45*-524.43+498.87-576.23-224.8/-330.51+-710.73+212.31--550.18+-188.23,-188.23-550.18212.31-710.73-330.51224.8576.23498.87-524.43421.45*+--/++-+
-397.89*-507.29-(-709.55/584.2-700.59/-908.92--891.78/727.99-172.25*480.58),-507.29-397.89*-480.58172.25727.99-891.78-908.92700.59584.2-709.55/-/-/-*
-197.65/923.48/-539.1--862.44*31.37-685.02--438.53+-555.52*-90.92/146.58,146.58-90.92*-438.53685.0231.37-862.44-539.1923.48-197.65//-*--+*/
-56.95+(-203.95+349.86)*341.55-991.99*(326.67/498.89/501.56+221.8)*(-936.72),991.99341.55-56.95+*349.86-203.95+-*/221.8/498.89326.67//+-936.72
571.67/-478.58-713.78*682.53*115.79+-159.38-(-124.11+(370.71*-688.86+(347.49))),-159.38115.79682.53713.78-478.58571.67/-**+--124.11+-688.86370.71*+/
415.12*(-22.01+(-815.07/110.57/(-949.07--139.69+413.72)+987.02+-852.88*-304.45)),415.12*-22.01+-304.45-852.88987.02110.57-815.07//-413.72-139.69-949.07-++*
(-649.09/405.64)*(903.42/-522.62+-936.42-836.23+58.82)-(-96.65--79.62/714.81),-*405.64-/58.82836.23-936.42-522.62903.42/+-+714.81-79.62-96.65-/
669.88/399.89+(-298.86/523.02+-853.23+-193.25+(754.61-688.96)+500.09+49.35),399.89669.88/+49.35500.09-193.25/523.02-298.86/++++688.96754.61-+
-900.98-(-81.63+(-629.03*-699.79+-24.85-235.72/-794.68/(-437.88/883.28*-311.58))),-900.98--81.63+-794.68/-24.85-699.79-629.03*+-//-311.58*-437.88/*
-955.85-30.24+(182.12/-195.78--744.28/133.29+648.3*-742.5*-418.52-137.16),30.24-955.85-+137.16-418.52-742.5648.3133.29-744.28-182.12/-/+**-
801.15/-542.31/(-209.38/(595.03--6.51+-314.2--515.57-883.0-(530.55+5.54))),-542.31801.15//-209.38/883.0-515.57-314.2-6.51595.03-+---5.54530.55+
219.93/755.51+-315.38+639.7--374.29*-388.85-943.01+-607.43/929.17*-612.65,-612.65929.17-607.43943.01-388.85-374.29639.7-315.38755.51219.93/++-*-+/*
-437.98--618.93+322.4*899.41+(-31.97+873.9*237.16/692.59)*-926.08/(-525.49),-926.08899.41--618.93-437.98-+*+*692.59237.16873.9-31.97+*//-525.49
(876.72+-399.03)+-123.66+231.11*-736.12*-50.81+178.15-714.53--768.46-183.93,183.93+714.53178.15-50.81-736.12231.11-123.66+-399.03876.72++**+---
774.24+736.55+-541.33+357.81--389.3*313.78*271.41+48.58+(578.64--188.79),48.58271.41313.78-389.3357.81-541.33736.55774.24+++-**++-188.79578.64-
-221.25+220.34/-260.66+358.42--509.99/(-507.31+(-797.75/-45.75)*-500.32)/(583.58),-509.99358.42-260.66220.34-221.25+//-//-500.32-507.31+*-45.75-797.75/583.58
(280.92/-641.01*(-619.28/319.43*(805.94/859.4/201.26*-643.61+(271.54-(639.08))))),-641.01280.92/*319.43-619.28/*-643.61201.26859.4805.94//*+271.54-639.08
800.39/-461.23/263.69/-620.91--981.39+246.63*97.25+(655.65/221.9/-837.89),97.25246.63--620.91263.69-461.23800.39//--+*+-837.89221.9655.65//
-864.47*52.57/305.09/-298.61--507.27*827.4/135.76-230.86/587.8*(-442.1),-230.86135.76827.4-507.27-298.61305.0952.57-864.47*//-*/-/*-442.1
-198.34--897.32-510.02-(214.1/959.28*(718.59+-666.53*358.44-250.56*(-296.02))),510.02-897.32-198.34---959.28214.1/*250.56358.44-666.53718.59+*-*-296.02
-758.23/53.98--254.05*440.28+-92.37+-400.0/639.46*(573.05*-826.71)/-859.12,-859.12639.46-400.0-92.37440.28-254.05--758.23/-*++//*-826.71573.05*
-299.44+-383.9--442.66+780.36+990.21--307.98*37.09/-405.64/-64.67*-339.16,-339.16-64.67-405.6437.09-307.98990.21780.36-442.66-383.9-299.44+-++-*//*
(-324.87-673.71+-364.25+931.42--741.54/-820.99/983.17)*(-62.46/-326.01-(332.74)),*983.17-820.99-741.54931.42-364.25673.71-324.87-++-//-326.01-62.46/-332.74
549.66-658.32-(-32.34--213.66/500.48/110.77-625.6)/-317.98-32.05--862.6,-862.632.05-317.98658.32549.66/-/625.6110.77500.48-213.66-32.34-//---
(101.98-84.82)/(-61.15-198.0/803.08)*-35.03--422.06+-665.54-172.08/-728.11,-728.11172.08-665.54-422.06-35.03*/84.82*-803.08198.0-61.15-/-+-/
986.62*-614.74/695.5*(-179.04/(-765.03+(766.43*94.29/806.69)/(887.92/483.97))),695.5-614.74986.62*/*-179.04/-765.03+/806.6994.29766.43*/483.97887.92/
(852.64-750.62*(-487.56*-265.13)--869.82*241.15*283.13*66.57-415.33)/-156.57,-156.57/415.3366.57283.13241.15-869.82750.62852.64--*-265.13-487.56****-
(830.81*(319.43+-561.14-881.72+-608.39)--949.7--40.88+641.93/88.86*(-412.51)),88.86641.93-40.88-949.7830.81-*-608.39881.72-561.14319.43+-*-+/*-412.51
-113.93+27.3-162.48--688.17/864.7-783.37/-601.72-304.29+995.75-190.65,190.65995.75304.29-601.72783.37864.7-688.17162.4827.3-113.93+--/-/-+-
-229.53-974.58*-748.31*414.67+-690.19/-322.55+(-427.35/-829.98*-162.04+-210.32),-322.55-690.19414.67-748.31974.58-229.53-**+/+-210.32-162.04-829.98-427.35/*+
243.49*(788.88/-716.61)*167.1+-580.88-652.87*156.79/806.4+(-80.72/-993.86),806.4156.79652.87-580.88167.1243.49**-716.61788.88/+-*/+-993.86-80.72*
96.62-(906.43/63.08/986.82)/(-694.92/436.97-(565.89*-624.87)+-542.73+58.81),96.62-/986.8263.08*//58.81-542.73436.97-694.92*+--624.87565.89*+
-719.64/(329.0+29.28-491.59+-969.47*538.43)/746.2*(284.71*(-670.5+507.97)),*-719.64//538.43-969.47491.5929.28329.0+-+**284.71*--670.5+
280.59/548.62/-894.8/-494.29*(-738.78+-993.12)+254.15*-40.87/855.44-507.09,507.09855.44-40.87254.15-494.29-894.8548.62280.59///+**-738.78+*/-
663.86*(292.2*-222.38)*899.43+-721.75-964.72/280.32-(627.27/-743.63-793.02),280.32964.72-721.75899.43663.86**-222.38292.2*+-/-793.02-743.63627.27*-
379.47/-628.04--783.46+-877.64-669.53--317.45/(-166.08+-970.99)-(267.25*-328.96),-317.45669.53-877.64-783.46-628.04379.47/++---/-970.99-166.08+-328.96267.25*
402.38/-519.28/-28.78-85.68/-695.87/-708.89--748.05+-612.33--231.68*973.33,973.33-231.68-612.33-748.05-708.89-695.8785.68-28.78-519.28402.38//-//-+-/
(-799.61*-621.04+-479.92-58.59-994.36/(725.74-916.31-976.57/-385.53*-632.14)),994.3658.59-479.92-621.04-799.61*+--/--385.53976.57916.31725.74--/*
139.38*988.82-609.09--232.55*(304.26-145.8*864.29+802.58*699.36*17.8),-232.55609.09988.82139.38*--*17.8699.36802.58864.29145.8+-*+**
(-593.26+-867.04+-781.61-34.37/-354.18*-847.87*-446.07)-108.68/388.42-96.51,96.51388.42108.68--446.07-847.87-354.1834.37-781.61-867.04-593.26++-/**/-
(-348.74-398.86+589.15-860.0*-343.67/911.11*-52.61/-351.98)+-106.4/745.78,745.78-106.4+-351.98-52.61911.11-343.67860.0589.15*-348.74-+-*/*//
-219.3+371.95*645.17/821.36/640.7+-901.95+634.58/403.41-(936.61+318.05),403.41634.58-901.95640.7821.36645.17371.95-219.3+*//++/-318.05936.61+
-42.18-669.08*(-504.36/(147.9*-991.9--838.63+-700.46*-144.09-921.18*711.84)),669.08-42.18-*-504.36/711.84921.18-144.09-700.46-838.63-991.9147.9*-+*-*
-244.0*-407.9--351.54--952.43*-29.11--613.06-130.5-851.84/-69.45+-193.64,-193.64-69.45851.84130.5-613.06-29.11-952.43-351.54-407.9/*+-*---/+
-857.17+(-443.63+479.41--10.61+(-55.55*-86.78*(256.68--283.26-(-109.9*-23.95)))),-857.17+-10.61479.41-443.63+-+-86.78-55.55**-283.26256.68---23.95-109.9*
-725.71/501.64--23.19/903.55/291.81/798.53--146.15/(950.36-157.07*-636.88),-146.15798.53291.81903.55/501.64-725.71/-///-/*157.07950.36-*
-89.46*855.66-275.14--680.53+-13.74+648.75/51.61-(539.85+814.92--70.36),-648.75-13.74-680.53275.14855.66-89.46*--++/--70.36814.92539.85+-
864.86*-466.08--174.93*-276.47-(159.51+564.52)+(903.72-421.89)--983.82/579.66,579.66-983.82-276.47-174.93-466.08864.86*-*-+-564.52159.51+421.89903.72-/
-288.41+(-773.8-(387.32*-147.78+(495.49/865.36-674.38/568.34+-636.25+(716.14)))),*+-773.8--147.78387.32*+-636.25568.34674.38865.36495.49/-/++716.14
466.82-(-113.07*605.51)-(308.09*972.72--797.47)--261.86/-717.83*-881.62-655.47,655.47-881.62-717.83-261.86466.82---605.51-113.07*-797.47-308.09*-/*-
35.01/146.91/-830.98--273.39+102.6-821.62+(-845.24-923.02+315.78+-39.54),821.62102.6-273.39-830.98146.9135.01//-+-+-39.54315.78923.02-845.24-++
-969.09/-171.14/29.21*-996.23+-718.01+(-709.52+-922.38-(728.35/-582.96)+-848.28),-718.01-996.2329.21-171.14-969.09*/*++-848.28-922.38-709.52++--582.96728.35/
-24.7--246.83/-38.22*503.32+260.53+(-848.07*-696.28/109.59/709.61)*469.07,469.07260.53503.32-38.22-246.83-24.7-/*++-709.61109.59-696.28-848.07*//
-675.17*(928.36/-613.5+632.04+-631.68/267.44+285.62--541.34+-4.12-498.5),-675.17*498.5-4.12*285.62267.44-631.68632.04-613.5928.36/++/+-+-
-603.93+-566.59-115.47*333.4+-931.1--648.64/-56.51*-651.14*(509.98-40.27),-651.14-56.51/-931.1333.4115.47-566.59-603.93+-*+-/**40.27509.98-
986.69/158.42--701.27+-528.29*(956.87/952.23)/(-613.87/691.42+185.17)/-817.49,-817.49-528.29-701.27158.42986.69/-+//*+956.87/185.17691.42-613.87/+
438.55*-602.48*(801.54/-599.8)*280.4/(74.45*-512.1*563.3)*-402.09*916.14,916.14-402.09280.4-602.48438.55***-599.8801.54/*/563.3-512.1****
253.4/355.89/(-874.13/-758.35-(-616.25+-40.19*(166.93*-181.84+(-128.64+965.38)))),355.89253.4//-758.35-874.13/--40.19-616.25+*-181.84166.93*+965.38-128.64+
635.72+265.06--34.37+19.12/-814.42-996.03*-998.27/-28.12*(669.55*(382.1)),-28.12-998.27996.03-814.4219.12-34.37265.06635.72+-+/-*/*669.55*382.1
911.1+505.91*989.69+-923.68/690.78/(528.68/(-134.46+-379.02/488.66/(6.34))),690.78-923.68989.69505.91911.1-*+//528.68/488.66-379.02-134.46+//6.34
(-966.33*-74.91*-471.5+(148.34+382.17+-119.14+(-98.0--576.11*-512.48)*880.11)),-471.5-74.91-966.33**+880.11-119.14382.17148.34+++*-512.48+-98.0-*
(385.1/-559.84-295.28/-720.36*761.94+970.3+13.34/316.04+-763.52/-346.88),-346.88-763.52316.0413.34+761.94-720.36295.28-559.84385.1/-/*++/+/
-220.64/234.06--479.33*-434.46--411.71*-681.95-(-160.76/656.52/(-824.52/-193.23)),-681.95-411.71-434.46-479.33234.06*/-*-*-+-160.76//-193.23-824.52/
634.43*854.37*-919.21--267.66--422.27*-309.64*109.16--631.38/469.41*-908.59,-908.59469.41-631.38109.16-309.64-422.27-267.66-919.21854.37634.43**--**-/*
755.71/633.96--277.21-(-369.01*577.86+525.54*421.99+973.27*-497.58/741.43),-277.21633.96755.71/--741.43-497.58973.27421.99525.54577.86-369.01*+*+*/
366.26+227.45/-541.33*998.48/-102.64/189.21*(868.62--903.99-27.08/-572.39),189.21-102.64998.48-541.33227.45366.26+/*//+-572.3927.08-903.99868.62--/
982.99/269.15--424.34*458.08-(740.28+(739.93*803.28)+-750.55)--119.35-129.31,129.31-119.35458.08-424.34269.15982.99/-*---750.55740.28++803.28739.93*-
-621.17*(-16.93+-937.38-517.97*281.19--846.12+8.14-(-528.66+712.58/885.51)),-621.17*8.14/281.19517.97-937.38-16.93+---+-885.51712.58-528.66+/
(615.04*-486.95+(-365.5*(-64.61-538.73+472.2)*827.15--861.68/(898.16/683.68))),-486.95615.04*+-861.68827.15-365.5**472.2538.73-64.61-+//683.68898.16/
922.06/-946.09-209.97/-157.71*476.09+379.5+-156.15*-164.03/(-588.58*-814.15),-164.03-156.15379.5476.09-157.71209.97-946.09922.06/-/*++*/-814.15-588.58*
936.69+-734.61/543.93+917.68+146.75--71.18-(-358.75*825.96+346.92)+(226.37),-71.18+917.68543.93-734.61/+/++-+-346.92825.96-358.75*+226.37
-645.95*-466.82-(-509.55/-977.4-982.39+-891.22+-19.17/-337.79*636.89/305.48),-466.82-645.95*/305.48636.89-337.79-19.17-891.22982.39-977.4-509.55/-++**/
914.86/(-488.47+890.62+42.46)+637.97+-329.9+-701.12--402.64/(-51.25*-880.11),-402.64-701.12-329.9637.97914.86+/42.46890.62-488.47+++++/-880.11-51.25*
-812.18-(795.54*(-279.26*106.19+226.8*281.82*-502.5+(90.36*825.78+-952.03))),-812.18-795.54*/281.82226.8106.19-279.26*+**+-952.03825.7890.36*+
-391.31-303.62/-323.89+(227.03/505.14--792.99-945.12-537.54+230.93+-79.2),-323.89303.62*--+-79.2230.93537.54945.12-792.99505.14227.03/---++
93.32--174.13/991.53/-695.46/(645.26*-828.27+-299.94*(759.32+-693.91--610.62)),-695.46991.53-174.1393.32-///-299.94-828.27645.26*+*-610.62-693.91759.32+-
(-388.77--251.49)--548.31*-485.6-881.84*-933.42-(-454.24*-694.51/-844.81+373.61),-933.42881.84-485.6-548.31--251.49-388.77-*-*-373.61-844.81-694.51-454.24*/+
410.78+265.69*-410.69--670.95/-596.55/634.89--42.78/641.98/(-298.06+-784.64),641.98-42.78634.89-596.55--410.69265.69410.78+*-//-//-784.64-298.06+
522.87*-652.01*890.08+71.35/177.76+-385.66--538.94--793.07-438.68/-934.52,-934.52438.68-793.07-538.94-385.66177.7671.35890.08-652.01522.87**+/+---/
596.6-21.47+973.51*-731.83*(293.25-813.05)-966.4+861.7/-600.81/550.56,550.56+861.7966.4-731.83973.5121.47596.6-+*-*813.05--+//
166.07+-16.59/(936.84+(-884.95/-799.0+998.72)*-59.3-286.81+(438.73-677.81)),*166.07+/286.81-59.3936.84+*998.72-799.0-884.95/+-+677.81438.73-
(114.06+-646.93)+-548.37--613.51*-212.11-106.26/-360.46+-497.23+-595.21*101.89,101.89-595.21-497.23-360.46106.26-212.11+-548.37+-646.93114.06+-*//++*
40.44/73.5--887.9+-272.63*-162.3*-724.74+-451.69--799.32/(-519.88/-107.71),-799.32-451.69-724.74-162.3-272.63-887.973.540.44/-+**+-/-107.71-519.88/
-558.0--191.69-745.16+(-101.79-673.1-(793.46*(938.25/97.54/-16.18/767.97))),745.16-191.69-558.0--+673.1-101.79--793.46*767.97-16.1897.54938.25///
718.95-136.93*-812.98*91.28/-201.96+-589.02/393.54-514.29/277.08+702.8,702.8277.08514.29393.54-589.02-201.9691.28-812.98+718.95-**/+/-/+
-61.32+-482.91+-930.59+-35.94/58.98+(-255.62-320.35)-976.05+-113.66*-896.13,-896.13+976.0558.98-35.94-930.59-482.91-61.32+++/-+320.35-255.62-+*
160.79/-803.91+-892.38-902.52*-492.46+(136.72/871.59)*-488.99*202.03/-336.41,-336.41202.03-488.99-492.46902.52-892.38-803.91160.79/+-*+*871.59136.72/*/
-860.14*-44.04-47.17/-35.07/751.25/-462.17/-157.06+213.36*718.84*-705.18,-705.18718.84213.36-157.06-462.17751.25-35.07*-44.04-860.14*-////+**
956.53*872.68+-227.96/-743.54*-881.26+175.33--540.19*719.42*-682.65*866.56,866.56-682.65719.42-540.19175.33-881.26-743.54-227.96872.68956.53*+/*+-*/*
216.58+-477.77*-104.8/139.04*(241.17/(-383.71*-3.48/(684.77*-32.69*-887.95))),139.04-104.8-477.77216.58+*/*241.17+-3.48-383.71*/-887.95-32.69684.77**
-467.21/(-526.07+(975.09/154.12+(-512.55-(-247.14+144.41/-246.26-576.37+-372.93)))),-467.21/-526.07+154.12975.09/+-512.55--372.93576.37-246.26144.41-247.14+/-*
-750.94*-738.42*-120.36*541.25/-80.32+590.49-19.21-565.55*152.47/449.62,449.62152.47565.5519.21590.49-80.32541.25-120.36-738.42-750.94***/+--*/
921.92/319.41+-144.29--440.01-(-207.98/878.77*974.82*30.18)+311.31+578.7,578.7311.31-440.01-144.29319.41921.92*+-+-30.18974.82878.77-207.98/**+
493.86/(221.01+-943.09/763.68-87.67+-385.52/-670.66/-958.1*(-156.76/29.07)),493.86/-958.1-670.66-385.5287.67763.68-943.09221.01//-+//*29.07-156.76/
130.68+-731.32-780.16*559.58+897.69+-783.31-679.35*667.75--736.87-873.03,873.03-736.87667.75679.35-783.31897.69559.58780.16-731.32130.68+-**+-*+-
-598.85/45.64+598.63+(464.74/(-155.43-41.26/609.0-272.84)*856.57)*499.92,499.92598.6345.64-598.85/-+-856.57464.74*/272.84609.041.26-155.43-/-
910.11*(561.45*(-590.66--860.53--898.38-(-395.66--44.64*-886.14--641.12+913.34))),910.11*561.45**-860.53-590.66---913.34+-886.14-44.64-395.66-*-+
-757.09-861.92/-863.01*-541.47*144.81-968.12/-991.08/-283.89+12.14-209.54,209.5412.14-283.89-991.08968.12*-541.47-863.01861.92-757.09-/**-//+-
715.47/-982.8--814.65-452.82*-440.09+-957.67+-983.53*(-525.17*-137.64--312.8),-983.53-957.67-440.09452.82*-982.8715.47/--*++*-312.8-137.64-525.17*-
530.4*-620.17/(355.12-739.59*913.29/929.22*59.04*210.77-75.52--717.15),-620.17530.4*/-717.1575.52*59.04929.22913.29739.59355.12-*/**--
72.97*-890.68*563.93--667.97-228.43--73.3/-696.97+264.0/-73.69/-742.71,-742.71-73.69264.0-696.97-73.3228.43-667.97563.93-890.6872.97*----/+//
894.27--494.31+651.75+499.82+(-608.82/-454.53-465.73*17.32/621.24/(708.38)),499.82651.75-494.31894.27-+++621.2417.32465.73-454.53-608.82/-*/+708.38
-545.16+(-475.84/-183.94+(572.83--236.1*527.44/238.15/-227.74/(-388.06*453.39))),-545.16+-183.94-475.84/+-227.74238.15527.44-236.1572.83-*///453.39-388.06*
351.18-640.74--679.22-(-767.42/-932.37*(946.47*-918.38*294.45+684.09+(-156.98))),-679.22640.74351.18----932.37-767.42-*684.09294.45-918.38946.47***+-156.98
-985.9-484.49-(-207.34*904.9)+-790.45/178.57+-690.7--138.09*(-207.39--877.32),-138.09-690.7178.57-790.45484.49-985.9---904.9-207.34*/+-*-877.32-207.39-
-383.6*630.22/-761.46--885.33-203.0*545.88/381.69-203.87/816.65/894.46,894.46816.65+381.69545.88203.0-885.33-761.46630.22-383.6*/--*/-//
(-444.32/868.5)--849.26+966.9-(-791.14*525.12+248.49/-857.76/160.25--892.94),966.9-849.26-868.5//+--892.94160.25-857.76248.49525.12-791.14*+//-
(-305.29-(-918.0/391.75/77.43--300.42/285.08+(-482.94-(-216.68+-790.87-747.38)))),-305.29-285.08*77.43391.75-918.0//-/+-482.94-747.38-790.87-216.68+-
829.34*-878.33/-728.63-162.46+246.05--381.32-(712.82/(932.54+-571.98-118.13)),-381.32246.05162.46-728.63-878.33829.34*/-+--712.82/118.13-571.98932.54+-
(183.13+-29.25)*351.63-322.02+-847.12--489.8/-975.94/202.05+(-158.28/-504.54),202.05-975.94-489.8-847.12322.02351.63*-29.25183.13+-+-//+-504.54-158.28/
307.7--243.61/-210.53/689.18/(984.74+-377.02)/(-899.57-233.43/-112.01*-405.41),689.18-210.53-243.61307.7-////-377.02984.74+-405.41-112.01233.43-899.57-/*
-892.81*400.69+69.96+-76.24-(-746.68*576.74/467.18+899.03*-320.36*-306.08),-76.2469.96400.69-892.81*++--306.08-320.36899.03467.18576.74-746.68*/+**
-467.01+93.78*-730.12--392.52+-138.88-(-50.25/-166.99/-976.97*-197.84-550.04),-138.88-392.52-730.1293.78-467.01+*-+-550.04-197.84-976.97-166.99-50.25//*-
92.54-480.35*(-339.8/-74.13/346.39)/-249.76*751.33/-455.71/921.53+228.62,228.62921.53-455.71751.33-249.76480.3592.54-/*346.39--339.8//*//+
-352.54/-462.99+48.23/-229.88/-463.13+107.55+(676.03--839.79)*806.08--731.14,-731.14806.08107.55-463.13-229.8848.23-462.99-352.54/+//++*-839.79676.03--
-319.05--599.94*805.22--444.06*-33.21/(922.2*(717.86/672.31-219.92*-809.79)),-33.21-444.06805.22-599.94-319.05-*-*/922.2*-809.79219.92672.31717.86/-*
-810.02/-930.38+412.02*177.1*-861.33/62.82/-778.79*(-953.32+-653.68--154.74),-778.7962.82-861.33177.1412.02-930.38-810.02/+**//*-154.74--953.32+-
410.92+938.0/(288.07-(738.37+(332.0--102.34/(-365.07*(71.25*-686.78/-400.83))))),/410.92+/288.07-738.37+-102.34+-/-365.07*-400.83-686.7871.25*/
848.64/-559.91--762.39*-457.31+-122.21*976.27-950.75+(-479.68*-326.07/-958.34),950.75/-122.21-457.31-762.39-559.91848.64/-*+*-+-958.34-326.07-479.68-/
-979.02-337.05/59.7+-65.15/(540.69+(-928.34*-190.15+(62.79--845.77*-900.23))),-65.15*337.05-979.02-/+/540.69+-190.15-928.34*+-900.23-845.7762.79-*
-771.77+-572.79/-755.53*(-106.3--895.81*718.59-(32.51*-234.47*(147.64/(-966.96)))),-755.53-572.79-771.77+/*718.59-895.81-106.3-*--234.4732.51**147.64/-966.96
(-672.87--66.63*-64.39/(-135.7+-737.45)*-188.18/-962.39+329.26*-334.25-(-12.65)),-334.25329.26-962.39-188.18-64.39-66.63--**/-737.45-135.7+/+*--12.65
-210.59*513.91*259.09/855.55-(318.12*60.85--696.72/-476.62)/932.85/-898.73,-898.73932.85855.55259.09513.91-210.59**/-/-476.62-696.7260.85318.12*-//
-422.54-349.49*-416.89/662.66*589.9/721.41*-113.2*-477.53*-190.86-512.28,512.28-190.86--113.2721.41589.9662.66-416.89349.49-422.54-*/*/***-
(445.75+654.22*(185.65/-27.39+292.74+401.81/742.92+-466.24+271.3--954.54)),654.22445.75+*-954.54271.3-466.24742.92401.81292.74-27.39185.65/++/++-
853.16*5.23*-909.53/-30.61/434.33*(655.78*-5.69/-875.93)*604.83/-403.15,-403.15604.83434.33-30.61-909.535.23853.16**-/**-875.93-5.69655.78*//
-939.49*(-600.99/94.44-468.53*(-383.69+(-708.79/347.56+-242.5+(429.61--122.58)))),-939.49*468.5394.44-600.99/-*-383.69+-242.5347.56-708.79/+++429.61-
-707.87--815.34--297.14-419.32/-546.56/513.02/-819.54*(924.0/938.98/-435.74),-819.54513.02-546.56419.32-297.14-815.34-707.87---///*-435.74938.98924.0-/
-339.61*-322.32/313.31*472.07/296.86-323.28+884.98+-732.84/(-335.36/687.71),-732.84884.98323.28296.86472.07313.31-322.32-339.61*/*/-++/687.71-335.36/
-968.22*-44.65*-334.9+(-516.67*-568.68*-612.97-(540.62-209.83+30.6*281.07)),-334.9-44.65-968.22-*+-612.97-568.68/**-281.0730.6209.83540.62-+*
(270.0/170.56-253.9--47.25)/251.65--777.72*-485.04--467.56*692.69-257.54,257.54692.69-467.56--777.72251.65/-47.25253.9170.56270.0*---*-*-
(705.63+651.82)+-187.09+(-83.47*68.56)/-774.62--895.25+-357.21--857.93*520.86,520.86-857.93-357.21-895.25-774.62-187.09+*705.63++/68.56-83.47*-+-*
277.47/-806.56+859.1/(-869.44/47.02+464.0)*552.33+-194.63/-558.73*971.4,971.4-558.73-194.63552.33859.1-806.56277.47/+*/464.047.02-869.44/++/*
472.69/178.4/431.03+-412.9+120.4-(665.65+-761.56)*582.76*546.52*930.3,930.3546.52582.76120.4-412.9431.03178.4472.69//-+-*-761.56665.65***
812.87/(998.88-863.3+-69.66-(766.43+660.84)+70.86-446.86-306.26/157.95),812.87/157.95306.26446.86*-69.66863.3998.88-++-660.84766.43+--/
591.38+31.32+-728.03/(-738.7/-200.81*-488.78*(-77.64/(-546.06/834.75)-708.93)),-31.32591.38++/-488.78-200.81-738.7/**708.93-77.64-/834.75-546.06/
(531.93*373.01-(419.49-(-406.73--743.81)*171.38)*-78.95/-637.62-138.63)*(799.53),*138.63-637.62-78.95373.01531.93*-*171.38419.49-*-743.81-406.73-/-799.53
724.2+13.14--749.99*-197.96+686.85+338.58*(731.91--248.24--542.29-530.39),338.58686.85-197.96-749.9913.14724.2+-*++*530.39-542.29*731.91---
(89.4/-800.14*-318.53*383.54-444.63*-729.48)*-42.21-621.14--574.29*-474.86,-474.86-574.29621.14-42.21*-729.48444.63383.54-318.53-800.1489.4/**-*--*
438.82--909.82+693.36/(-897.17/-921.88)*-909.4-919.51+-319.01+867.06-946.72,*867.06-319.01919.51-909.4693.36-909.82438.82-+*/-921.88-897.17//++-
771.3+67.23*70.6+901.85*-793.24*-181.51+168.63*315.03-(442.38+(850.2)),315.03168.63-181.51-793.24-+67.23771.3+*+**+*-442.38+850.2
-251.75/(-299.6+-298.52*-392.4)+-200.8*(737.53/86.25/-100.42+161.2-574.03),-200.8-251.75+/-392.4-298.52-299.6+***161.2-100.4286.25737.53//+-
(188.18--924.04)+558.09-809.54--596.25/-684.14*159.44/(-56.37+-49.43*(72.64)),159.44-684.14-596.25809.54558.09+-924.04188.18---/-/-49.43-56.37+*72.64
465.23+361.71--72.96-706.99*-599.64/840.33/251.51*(-603.71*-428.0)/-141.75,+251.51840.33-599.64706.99-72.96361.71465.23+--*/*/*-428.0-603.71*
833.62+(-234.88/-474.46+(142.26--296.87*750.74+(699.91+-775.03)+(-472.91-854.76))),833.62+-474.46-234.88/-750.74-296.87142.26-*++-775.03699.91+854.76-472.91-
-507.18*(92.3+782.71/-262.4+-808.3/(271.27-541.67+-249.74/(-82.78/433.97))),/*-808.3-262.4782.7192.3+/+/-249.74541.67271.27-+/433.97-82.78/
600.16*-980.3/(438.6--262.31*(-244.82/427.37/(867.14/629.01-897.5*-658.41))),-980.3600.16**-262.31438.6-*427.37-244.82//-658.41897.5629.01867.14/+*
(156.76-294.58*491.84)+-615.96+887.84-960.94/-681.14+-75.86-(-290.94*-435.06),-75.86-681.14960.94887.84-615.96*491.84294.58156.76-*+-/+--435.06-290.94*
17.72+-502.18/-22.38*-671.78*664.37+-515.76-(254.11/827.74/-848.75/-326.12),-515.76664.37-671.78-22.38-502.1817.72+/**+--326.12-848.75827.74254.11///
-248.76-(-105.74*725.23+643.92+(-348.05/(569.02/-931.44/-562.39+842.05+-492.83))),-248.76-643.92725.23-105.74*++-348.05/-492.83842.05-562.39-931.44569.02//++
-279.91*16.91--181.87/(-870.86-494.07-171.74-519.17+(410.79-320.76)*128.27),-181.8716.91-279.91/-/128.27519.17171.74494.07-870.86---+*320.76410.79-
-902.31+-126.77-(-730.27-907.33+-681.37/918.03)--97.83+426.86+53.52/955.35,955.3553.52426.86-97.83-126.77/+--918.03-681.37907.33-730.27-+/++/
988.82+156.04+(699.46/(-540.05*(-570.3/(179.3/(-459.39*705.92--0.72*921.42))))),156.04988.82++699.46/-540.05*-570.3/179.3/921.42-0.72+-459.39*-*
622.26-(-311.93*-69.98+(967.0*973.94)/374.79)--892.15+31.65+-330.53*-935.48,-935.48-330.5331.65-622.26--374.79-69.98-311.93*+/973.94967.0*++*
243.48--58.83/-245.92-651.51-(-200.55*-784.43+315.03/-63.52-(-536.71-466.9)),651.51+-58.83*-/---63.52315.03-784.43-200.55*+/-466.9-536.71-
160.62+597.13*-71.08+-183.46*892.15*-920.76+585.42--739.54/-15.5-690.41,690.41-15.5-739.54585.42-920.76892.15-183.46-71.08597.13160.62+-+**+-/-
(-572.14/666.43*975.1)-771.67/11.86+353.25+-3.58--468.87/134.06*372.92,372.92134.06-468.87-3.58353.2511.86771.67-975.1666.43-572.14/*/++-/*
-431.15*(583.6/-940.99)/9.81-(-372.88*-368.73*902.4-(751.09+-908.35--175.92)),9.81-431.15/*-940.99583.6/-902.4-368.73-372.88**--175.92-908.35751.09+-
-760.85/(-156.42-266.67*-447.24/-150.89*336.91*376.82/269.08/335.85*(-996.11)),-760.85/335.85269.08376.82336.91/-447.24*-156.42-*/**//*-996.11
421.72--611.37/668.04*702.9/(-110.04/988.36/(-327.6+-419.6)/-384.62/-873.96),702.9668.04-611.37421.72-/*/-873.96-384.62988.36-110.04///-419.6-327.6+/
263.1+624.43*-170.25+419.22/-493.78*940.54/467.59-47.19-370.69/(-488.29),370.6947.19467.59940.54-493.78419.22-170.25624.43/+*+/*/--/-488.29
669.22+-659.69--515.45+(-561.41+436.99)--736.81*-394.88--244.89*(-915.19--755.57),+-394.88-736.81-515.45-659.69669.22+--+436.99-561.41+*-*-755.57-915.19-
131.26+(699.53--872.1*(36.19*-864.03--812.17/-602.65+(-180.02-828.06/999.43))),131.26+/699.53-*-602.65-812.17-864.0336.19*-/+999.43828.06-180.02--
900.67-242.81/351.36*(-503.52+586.02--894.8)-492.61+890.09/-810.59+334.84,334.84-810.59890.09492.61351.36242.81+-/-*-894.8586.02-503.52+-+/+
(-281.14+-733.09)+111.16-526.89-(445.9-312.28/560.89*616.63+(674.42+-580.1)),526.89111.16+-733.09-281.14+--616.63560.89+445.9-/*+-580.1674.42+
-37.84/(-951.17*(-567.16--3.65+(-530.03-396.55+-176.37+-476.99-358.76*-99.22))),-37.84/-951.17*-3.65-567.16-+-99.22358.76-476.99*396.55-530.03-++-*
(-302.43-966.05*-102.71-937.67/964.79*506.96/-492.29)*806.36--831.78--355.49,-355.49-831.78806.36*-492.29506.96964.79937.67-102.71966.05-302.43-*-/*/-*
-161.51-(422.78/(574.61--405.26)*612.63)/(640.95/(431.75/659.79/-862.92)-103.02),-161.51-/612.63422.78*/-405.26574.61-103.02640.95-/-862.92659.79431.75//
498.81+991.93+(778.69+-818.28*788.87/-784.91/-800.02-(224.24-(464.05+219.84))),991.93498.81++-800.02-784.91788.87-818.28778.69+*//-224.24-219.84464.05+
-639.02-(278.08/-507.63/(-159.68*-405.86+997.05*209.22*-814.34)/(482.81/685.96)),-639.02--507.63278.08///-814.34209.22997.05-405.86-159.68*+**685.96482.81/
709.22+750.36*(-842.95/230.16)/-51.18*139.19*-216.65+100.51-707.26/(-879.65),707.26100.51-216.65139.19-51.18750.36709.22+/*230.16-842.95/**+//-879.65
(539.69+(-677.97-513.39*-626.94*312.83)+68.64+(90.28-365.6*968.81+858.75)),68.64539.69++312.83-626.94513.39-677.97-**+858.75968.81365.6--*+
-517.31/(103.23-631.34--6.77--380.67/485.32--792.38+96.16-(291.65/605.58)),-517.31/96.16-792.38485.32-380.67-6.77631.34103.23---/-+*605.58291.65/
-845.77/409.43-882.1-34.81*(-327.02+974.35*-891.97*-240.73-610.86/942.39),34.81882.1*-845.77/--*942.39610.86-240.73-891.97974.35-327.02+**-/
607.95+-134.47+-362.64+192.47*-574.31-850.79+319.49*832.69*141.39--776.22,-776.22141.39*319.49850.79-574.31192.47-362.64-134.47607.95+++*-+**-
509.65/-826.92*-995.58*-919.97*-603.63*-370.74/370.46/672.73--914.8--290.67,-290.67-914.8672.73370.46-370.74-603.63-919.97-995.58-826.92509.65*****//--
246.19+619.39+-483.33/895.69/-225.04--222.48/-277.37--539.68*-98.48-(-519.75),-98.48-539.68-277.37-222.48-225.04895.69-483.33619.39246.19++//*/-*--519.75
751.24*265.23/-420.83-719.49+509.01*8.31*931.33-113.69-453.2+-896.42,+453.2113.69931.33/509.01719.49-420.83265.23751.24*/-+**--+
-848.63+420.23*501.39*-449.49/365.01--117.22+(-391.24*-505.6+-520.18-153.47),-117.22365.01-449.49501.39420.23-848.63+*+/-/153.47-520.18-505.6-391.24*+-
612.03/622.53-187.76/-13.15*-41.56*-317.58*(165.98*-219.72+-763.25)+484.85,484.85-317.58-41.56-13.15+622.53612.03/-/**+*-763.25-219.72165.98*+
(729.56/474.44*-809.92+739.76--949.62)/864.82-198.56-(95.59+972.33)*-19.63,-19.63/864.82/-949.62739.76-809.92474.44729.56/*+---*972.3395.59+
474.51/-877.68/-117.4*-50.63/(739.24/-564.07*-54.09*383.12-977.51/(430.68)),-50.63-117.4-877.68-//*/977.51383.12-54.09-564.07739.24/**-/430.68
-79.21+-242.85*800.99-44.56-258.91-538.38/635.48/-285.12+-824.42+476.7,476.7-824.42-285.12635.48538.38258.9144.56800.99-242.85-79.21+*---//++
-555.11-(975.36/416.86/-196.59)*31.48/-741.24/776.99/132.6*-998.57*-317.73,-317.73-998.57132.6776.99-741.2431.48-555.11-*-196.59416.86975.36/////**
(90.73*52.28-(375.03/-533.9/663.58*-47.17-122.33*-416.49*-907.47--677.94)),52.2890.73*--677.94-907.47/122.33-47.17663.58-533.9375.03//*-***
-817.94+-132.99-661.84*646.87*545.67*486.51-(826.67-481.88+(-236.76+862.16)),486.51545.67646.87661.84-132.99-817.94+-***-481.88826.67-+862.16-236.76+
467.29*282.91*(-517.45*494.0*-770.1/-209.96-627.98/949.41/-579.58+312.9),282.91467.29**312.9-579.58*627.98-209.96-770.1494.0-517.45**/-//+
363.14+(-107.93-(-484.49*401.89)*121.76--726.01)*44.91-(-67.24*-253.52)-708.2,708.244.91363.14+*-726.01121.76-107.93-*401.89-484.49*----253.52+*
41.5-(935.09/-653.32)/691.28*584.55--185.42+(-619.49/457.32)+904.87*-847.79,-847.79904.87-185.42584.55691.2841.5-/+935.09/*-++457.32-619.49/*
821.24-744.41/(-335.11+473.46/-446.71--512.06*-188.11)--343.01-658.7/(-690.55),658.7-343.01744.41+--/-188.11-512.06-446.71473.46-335.11+/-*-/-690.55
380.56*88.2--480.65+(139.02/876.54-588.75)--396.79-(421.77/(397.57+-885.62)),-396.79-480.6588.2380.56*--*588.75876.54139.02/--421.77/-885.62397.57+
-594.35--843.99--237.84-47.93-396.43/483.03+-61.55+-464.51--706.85+795.18,795.18-706.85-464.51-61.55483.03396.4347.93-237.84+-----/++-+
-86.48*-484.52*412.96*803.72*945.04-91.96+575.35+-553.33/-433.67-693.78,693.78-433.67-553.33575.3591.96945.04803.72412.96-484.52-86.48****-+//-
697.58--680.52+-428.65*-776.41+747.79/610.79/-909.7*96.93+-939.93*(312.42),-939.9396.93-909.7610.79747.79-776.41-428.65-680.52697.58-+*+//++*312.42
(-752.48+984.83)*204.65*-352.02/638.65*483.98/340.13+63.64+733.97/655.28,655.28733.9763.64340.13483.98638.65-352.02204.65*984.83-752.48+*/*/*+/
(-74.81*254.97/58.26)*-934.76/902.62-492.58-995.2/962.87*-211.39/(-21.75),-211.39962.87995.2492.58902.62-934.76*-254.97-74.81*//--/**-21.75
302.17+-590.38-773.38/-969.03-739.11-(-195.18-970.14)--143.21*-112.57--220.36,-220.36-112.57-143.21739.11-969.03773.38-302.17+-/---970.14-195.18-*-
552.69*409.12/-393.73--755.7--621.85/265.75-259.0/-746.89+(977.44-(753.82)),-746.89259.0265.75--755.7-393.73409.12-*/--/-/+977.44-753.82
678.99/-183.33+400.22--191.84/-412.28*655.36/-993.03*908.93/(433.3/520.8),908.93-993.03655.36-412.28-191.84400.22-183.33678.99/+-/*/*/520.8433.3/
-474.28-57.77+(-99.06+-152.07)/-678.35*826.47+983.64+(-708.24*-559.03*93.16),983.64826.47-678.3557.77-474.28-+/-152.07-99.06+*++93.16-559.03***
180.79*-520.09/17.61+(392.86*(254.84-162.09*-399.68*131.05-(-702.5*5.62))),17.61-520.09180.79*/+392.86*131.05-399.68162.09254.84-**-5.62-702.5*
752.17+-78.62+(-770.29*-592.61)/-200.01*953.12*(-816.92+812.62*141.26+(-981.26)),953.12-200.01-78.62752.17++*-592.61-770.29***141.26812.62-816.92+*+-981.26
-700.24+385.5-(260.07*-964.31*-545.47+408.11/106.79)*-148.61-79.61--668.2,-668.279.61+385.5-700.24+-*106.79408.11-545.47-964.31260.07**+/--
-220.96--204.53--769.2+-381.02+297.04/745.37/679.22*-180.18*80.65--972.16,-972.1680.65-180.18679.22745.37297.04-381.02-769.2+-220.96--++//**-
-888.15--474.89+-920.83*-677.41-122.55/-436.8+-894.78--838.28+79.68/278.24,278.2479.68-838.28-894.78-436.8122.55-677.41-920.83-474.89-888.15-+*-/+-+/
452.48--940.07--25.67+258.49+-849.22+57.77+(843.74/-916.12/876.2/-217.79),57.77-849.22258.49-25.67-940.07452.48--++++-217.79876.2-916.12843.74///
935.82+570.01*159.43*-386.75+268.22*-414.1--359.34+668.14--610.25-763.71,763.71-610.25668.14-359.34-414.1/-386.75159.43570.01935.82+**+*-+--
685.39-35.22-(-114.72--250.16+-219.42*(-841.62+827.2-865.52+-575.11*-629.6)),35.22685.39---219.42-250.16-114.72-+*-629.6-575.11865.52827.2-841.62+-+*
(417.97/-574.37/468.65)+-214.71+(884.14+-942.97*261.75/499.35+(416.29/873.13)),-214.71+468.65-574.37417.97//+499.35261.75-942.97884.14+*/+873.13416.29/
708.21*(963.57-295.8)+-691.0-(518.98+918.69+815.22/-737.52-852.57--354.3),-691.0708.21+*295.8963.57/--354.3852.57-737.52815.22918.69518.98++/--
(789.7-981.18)--806.07+-856.69+749.32-610.38*-449.58/(59.73/(-900.6/-814.63)),-449.58-749.32-856.69-806.07-981.18789.7-++-*/59.73/-814.63-900.6*
-438.44*-784.96*610.5/(-214.85--164.79+535.61-102.34+(665.63*-408.64)+-748.32),610.5-784.96-438.44*//-748.32102.34535.61-164.79-214.85-+-++-408.64/*
(-901.57*-249.25)--752.49+853.74*454.03*(-826.36/985.84/335.5--179.93/-927.42),454.03--752.49--249.25-901.57*+**-927.42-179.93335.5985.84-826.36//-/
376.61/737.58--511.26+41.64/977.93-345.17*845.38+(802.19+-11.94*-161.82),845.38345.17977.9341.64-511.26737.58376.61/-+/**+-161.82-11.94802.19+*
531.22--720.25/-320.73--312.91+374.86+488.88*-67.33*-886.08*(173.98-777.5),-886.08-67.33488.88374.86+-320.73-720.25531.22-/-++***777.5173.98-
(-638.93/-767.21)+-155.44+(-981.51-(-291.51--104.38+-476.38/666.32*702.27)--612.31),-155.44+-767.21-638.93//-612.31-981.51--702.27666.32-476.38-104.38-291.51-+/*
834.62/-373.22+(72.83*-872.17-474.74)--338.67/(-725.86-490.09-414.37/201.8),-338.67+834.62/-+474.74-872.1772.83*-/201.8414.37490.09-725.86--/
879.68+(-419.72+-188.62)+-489.71-(940.74--836.48*-735.52+(536.58*-0.3/294.87)),-489.71879.68++-188.62-419.72+--735.52-836.48940.74-*+294.87/536.58*/
-651.61+221.17+-855.49/946.58*(446.64/587.85+-15.31*647.32+417.72)--742.26,-742.26946.58-855.49221.17-651.61++/-*417.72/-15.31587.85446.64/+*+
76.06+(-296.01/855.9)--139.17/-556.67*665.52/643.29-(-630.72/197.69--855.77),+665.52-556.67-139.1776.06-+855.9-296.01//*/--855.77197.69-630.72/-
(719.59/-566.59)/-828.59/-39.49/517.43*541.26--97.6*(-103.22-629.43/-429.14),-97.6541.26517.43-39.49-828.59/-566.59-///*-*-429.14629.43-103.22-/
510.11*-40.17*540.17-515.48+(-538.39/741.0+-99.84)*252.74/-561.73+16.51,16.51-561.73252.74515.48540.17-40.17510.11**-+*-99.84741.0-538.39/+/+
-604.06+(56.38-12.85/-119.51--679.9-910.05)+-382.06/-235.65+846.24+365.19,365.19846.24-235.65-382.06-604.06++910.05-679.9-119.5112.8556.38-/--*++
727.19+828.4/-529.61*-763.08+(245.84*460.14/90.9+859.07)/208.84+-608.7,-208.84-763.08+828.4727.19+/*+/859.0790.9460.14245.84*/++
210.65+710.34*469.78/-543.89-11.59*-902.51*(-403.45+-697.55*477.88*227.14),-902.5111.59-543.89469.78710.34210.65+*/-+*227.14477.88-697.55-403.45+**
902.47-59.27*(-953.03/901.07+39.45*940.14+-732.42--250.12+(-790.56*928.61)),59.27902.47-*-250.12-732.42-39.45901.07-953.03/+*+-+928.61-790.56*
-69.21/-312.64--519.17/(271.22*837.29-523.87*525.67/769.83+470.78*-321.05),-519.17-312.64-69.21/-/-321.05470.78769.83525.67523.87837.29271.22*-*/+*
217.67*343.12-291.8--1.76/-74.22-(77.14--257.57+(523.75*873.9+-896.59)),-74.22/291.8343.12217.67*--/--257.5777.14-+-896.59873.9523.75*+
-68.88+773.13/-869.7+528.68*940.76+829.37+-621.61*429.7*-927.2/534.45,534.45/429.7-621.61829.37940.76528.68-869.7773.13-68.88+/+*++**/
(-99.16+(862.67/-603.97/545.34/-311.18)-533.61)*570.81*814.91*-463.74--206.36,-206.36-463.74814.91570.81*533.61-99.16-*-311.18545.34-603.97862.67///**-
-868.77--853.19+-926.15--89.53*179.56+-393.92/945.99-152.65/-580.0-(412.14),-580.0152.65945.99-393.92179.56-89.53-926.15-853.19-868.77-+-*+/-+-412.14
-462.48-404.16/12.7*920.97--794.31*202.51/854.3--312.33*921.15-(32.73),921.15-312.33854.3202.51+920.9712.7404.16-462.48-/*-*/-*-32.73
-442.92+-722.87+760.61+-58.93-153.44/972.68+-880.04/585.59+-281.7-(-185.9),-281.7585.59-880.04972.68153.44-58.93/-722.87-442.92+++-/+/+--185.9
-933.87/425.48--618.44-356.48/189.49-765.06-853.92/-795.67*-148.39+-585.11,-585.11-148.39-795.67853.92765.06189.49356.48-618.44425.48-933.87/--/--/*+
(36.61+974.71)*(955.01/576.62/316.99/-823.99+564.49/-272.16)/(-134.65+(-210.15)),/*974.7136.61+-272.16564.49-823.99316.99576.62955.01///+/-134.65+-210.15
697.54/-560.83/-129.62-(-426.19/440.43-892.04-996.85)/465.22/208.94+114.21,114.21208.94465.22-129.62-560.83697.54//-/996.85892.04440.43-426.19/--/+
200.39*-162.03/121.42*-711.94+-39.91-53.45/575.47+951.92*754.17*-695.23,-695.23754.17951.92575.4753.45-39.91-711.94121.42-162.03200.39*/*+-/++*
415.17*-417.03*822.54*-253.5+130.22/-304.82*-601.91/397.21+(104.0+(950.48)),397.21-601.91-304.82130.22-253.5822.54-417.03415.17***+/*/+104.0+950.48
(177.45*-678.1+-287.41/3.66*190.52)--419.21+463.95*-8.89+-722.95+913.9,913.9-722.95-8.89463.95-419.21-190.523.66-287.41-678.1177.45**/*+*++
-685.55-215.63-(-22.91-635.82+-309.03*654.45+-842.02+-950.7)+489.37*658.24,658.24489.37215.63-685.55-+--950.7-842.02654.45-309.03635.82-22.91-+*++*
928.22*137.93/-328.88*(692.06-902.32*919.54/(246.7+704.78/760.49*-873.42)),-328.88137.93928.22*/*919.54902.32692.06-*/-873.42760.49704.78246.7+/*
-433.26/533.05/806.91+983.41/-575.13/398.22/-859.82/(-119.29*-18.31-8.15),-859.82398.22-575.13983.41806.91533.05-433.26//+//+/8.15-18.31-119.29*-
-357.83--10.36-1.94/-732.66--549.57+(-841.68-338.63)*227.4*297.64--347.07,-347.07297.64227.4-549.57-732.661.94-10.36-357.83--/-**338.63-841.68-*-
699.0*73.88--360.61+846.2/-248.35+55.33*641.58+340.42-(-357.88/-384.37),340.42641.5855.33-248.35846.2-360.6173.88699.0*/+-+*+--384.37-357.88/
-469.81/(113.36-288.29*-235.2*808.39--17.75--307.97/-641.99+568.07)*(789.05),-469.81*/568.07-641.99-307.97-17.75808.39-235.2288.29113.36-**--/++
-234.62+(-188.06-(-681.51*-497.91/876.81*-970.6-(142.99/961.34/947.49)/194.78)),-234.62+-188.06-194.78-970.6876.81-497.91-681.51*/*-/947.49961.34+//
-731.72*-192.7+-593.61*-474.09/-855.29*401.93-546.53-621.29-74.24+-990.14,-990.1474.24621.29546.53401.93-855.29-474.09-593.61-192.7-731.72*+*+*---/
4.94+757.57-450.27--357.09+-783.81*(-835.2*(223.5/-468.24/204.34+788.05)),-783.81-357.09450.27757.574.94+--+*-835.2*788.05+-468.24223.5//+
-550.21/-312.45*-673.54*8.95/(-766.29/-17.54/-741.65/-873.1/-716.82+563.91),8.95-673.54-312.45*/**/563.91-716.82-873.1-741.65-17.54-766.29+///+
97.73--189.93+480.46+-865.54-261.57-261.56+388.29/682.43*-864.32-850.4,850.4-864.32682.43388.29261.56261.57-865.54480.46-189.9397.73*++--+/*-
661.72*-5.16/989.14+762.86*-94.52+-466.22*-510.01/555.22--992.37*469.42,469.42-992.37555.22-510.01-466.22-94.52762.86989.14-5.16661.72*/+*+//-*
275.02*-173.66+957.51/617.84/380.07--925.74/289.32+110.41-722.73+-814.6,-814.6722.73110.41289.32-925.74380.07617.84957.51/275.02*+//-/+-+
735.41+-439.15-903.41*(-338.53--206.89-179.08*-7.3/-929.4+(-963.21/924.24)),903.41-439.15735.41+-*-929.4-7.3179.08-206.89-338.53*-*/+924.24-963.21/
342.28--786.12-813.05/-228.66-562.8--333.79+-164.92--299.82-174.81/418.43,418.43174.81-299.82-164.92-333.79/-228.66813.05-786.12342.28--/--+--/
922.9/995.13*894.79*-596.84--906.25+-536.22--962.79-785.52/-834.88+(416.91),-834.88785.52-962.79-536.22-906.25-596.84894.79995.13922.9/**-+--/+416.91
-955.6-544.32+359.29--332.34--999.86-424.87-(-302.61--276.25+(402.56+-476.86)),424.87-999.86-332.34359.29544.32/-+-----276.25-302.61-+-476.86402.56+
(-416.67-813.54/878.33/406.01)-206.22+-922.58+-945.76+162.92*370.33+-867.21,-867.21370.33162.92-945.76-922.58206.22-406.01878.33813.54-416.67-//+++*+
984.76+-21.92+-671.16*817.99/23.43-711.81*-957.13+413.67+-755.16/3.08,3.08-755.16413.67-957.13711.8123.43817.99-671.16-21.92984.76*+*/-*++/
(568.57+(659.39*809.27)+-839.28)-(-145.99+(-954.97*-282.41+119.09*-460.13+511.73)),--839.28568.57++809.27659.39*-145.99+511.73*119.09-282.41-954.97*+*+
(-428.88+-749.78+-420.49/-24.36)/-323.6*-702.35*-383.58+807.24*-638.36/-281.33,-281.33-638.36807.24-383.58-702.35-323.6/-24.36-420.49-749.78-428.88++/**+*/
-890.53*-696.11/522.16*843.96*-511.34+762.89-978.72+-173.46/574.38*-215.88,-215.88574.38-173.46978.72762.89-511.34843.96+-696.11-890.53*/**+-+/*
-490.49-(-910.08+(-35.55--844.44+360.1-5.29+(-554.76*903.98+250.73+-751.4))),/--910.08+5.29360.1-844.44-35.55-+-+-751.4-903.98-554.76*++
-418.04+-58.55+177.66*191.34+301.55/-612.71--371.12*-259.8/813.33/(-418.24),813.33-259.8-371.12-612.71301.55191.34177.66-58.55-++*+/-*//-418.24
340.98+-255.34-188.48+905.49*-9.27*229.84-(112.67+620.82)*759.62*(401.54),759.62229.84-9.27905.49188.48-255.34340.98+-+**-*620.82112.67+*401.54
(-149.47*(538.24/(921.51/(-679.78/-548.61)/854.74-432.4/-429.29+388.68+966.36))),-149.47*538.24/-388.68-429.29432.4854.74921.51//-548.61-679.78/-/++
32.64*-106.92*791.65-659.31/(-583.5+680.29)*-310.36*(-979.67+-50.87+583.24),-310.36659.31791.65-106.9232.64**-*/680.29-583.5+*583.24-50.87-979.67+*
(300.83+640.59/(203.19-833.0/963.07--974.14+-864.99--370.49-66.82)*214.98),-640.59300.83+*/66.82-370.49-864.99-974.14*833.0203.19-/-+--
142.96+-423.01*-71.52+(687.29+173.51/-445.7--410.3+732.87*-250.69)*104.9,104.9-71.52-423.01142.96+*+*-250.69732.87-410.3-445.7173.51687.29-/-+*
-286.3+604.53--14.21+(-153.12/-504.88*(656.25*149.48-(957.78/853.27)/-774.34)),-14.21604.53-286.3+-+-504.88-153.12/*-774.34149.48656.25*-/853.27957.78/
-862.23--157.19-(148.46+862.28*-957.62)--981.59*889.78/-701.07/460.16+-702.8,-702.8460.16-701.07889.78*-157.19-862.23----957.62862.28148.46+**//+
-774.3/110.82/-189.89/(21.9-289.97/-938.94*(328.07+-115.02)/740.61+-80.19),-189.89110.82-774.3///-80.19740.61-938.94289.9721.9-//*-115.02328.07-+
(717.88--938.82)*-564.11/612.61+-210.34/-744.63-529.6/922.23*-827.13-62.21,62.21-827.13*529.6-744.63-210.34612.61-564.11*-938.82717.88-*+/-/*-
254.13/252.64/(-489.48/-334.08+171.9+-163.74)--439.87*979.93/169.49*-163.98,-163.98169.49979.93-439.87-+/-/-163.74171.9-334.08-489.48/++*/*
669.36/940.72/398.12*587.78/-903.75/7.2-552.48-66.62*(-683.98*715.37),66.62552.487.2-903.75587.78*940.72669.36//*//--*715.37-683.98*
(-804.62/975.39*388.14/-269.96-419.92/391.24+709.17*-395.39+-93.96*272.55),/-93.96-395.39709.17391.24419.92-269.96388.14*-804.62/*/-/+*+*
122.75*-504.67+739.05+(60.73+978.79)*60.63+-418.92--111.21-297.67/-840.29,-840.29297.67-111.21-418.9260.63739.05-504.67122.75*++*978.7960.73++--+
-766.18*-989.06/591.38+-546.5/50.33+979.16+(-398.24*346.4*-568.22+359.42),979.1650.33-546.5591.38/-*/+/++359.42-568.22346.4-398.24**+
-56.82+222.02*-114.7-108.31+543.53+590.31--738.86-933.92/-102.57--584.95,-584.95-102.57933.92-738.86590.31543.53--114.7222.02++*-++--/-
-677.44--857.35/-952.09/-531.33-742.99+-895.1/576.39+-522.16+-571.87+-224.02,-224.02-571.87-522.16576.39-895.1742.99-531.33-952.09-857.35+-//-+/+/+
986.3+916.72*-538.29--655.11*959.17/-647.75-815.4+(861.08*405.08*106.71),815.4-647.75959.17-655.11-538.29916.72986.3+*-*/-+106.71405.08861.08+-
-493.85+(271.85--429.58-(265.0+(461.98*(899.0+909.54-(297.76--13.09)+49.49)))),-493.85+-429.58271.85--/+461.98*49.49909.54899.0++--13.09297.76-
(-450.91+864.2)*(863.44/(887.86/171.42+275.78*(-732.83/-574.09+(878.67+987.61)))),*864.2++863.44/275.78171.42887.86/+*-574.09-732.83/+987.61878.67+
(180.95/(-62.2*732.98*385.23*-473.17)+-384.74+206.08/-840.3/-467.4--880.61),-880.61-467.4-840.3206.08-384.74180.95+/-473.17385.23732.98-62.2***+//*
-752.26*-953.37/-399.0*(-735.13/643.86--662.25/-501.95*(371.9+728.25)/-147.37),-399.0-953.37-752.26//*-147.37-501.95-662.25643.86-735.13/-//*728.25371.9+
-529.45*-85.23*-188.23+-912.03*193.28+-347.55/-45.96/-622.61*-693.07--947.8,--693.07-622.61-45.96-347.55193.28-912.03-188.23-85.23-529.45**+*+//*-
355.91/(-862.27--154.23+-199.35+-984.46+1.83)-(424.28-708.59)-(483.54/(194.74)),355.91--/1.83-984.46-199.35-154.23-862.27-+++708.59424.28-483.54/194.74
(-127.27-(-959.91+-192.03+943.4*455.49+(-680.28+370.16--670.77)-841.17*-28.47)),-127.27--28.47841.17455.49943.4+-959.91++*-+-670.77370.16-680.28+-*
-356.96*-232.29/841.2+(310.75+132.92/970.07)/928.36-(272.4*-239.69/-897.64),928.36841.2--356.96*/+/970.07132.92310.75+/--897.64-239.69272.4*/
549.9*-758.94/-298.69*(-603.1+(200.03*127.55/848.38)*53.05)/161.06-98.89,98.89161.06-298.69-758.94549.9*//*53.05-603.1+*848.38127.55200.03*/-
(338.61-(-903.77-600.77)/321.74+469.63*-363.81*-734.59-(-16.77-(-764.85/654.2))),-734.59-363.81469.63321.74338.61//600.77-903.77-+**--16.77-654.2-764.85/
656.28/791.16-(446.93+-167.15+-330.8+-631.39*778.19*407.92)+-269.64/(-407.44),-269.64791.16656.28/+-407.92778.19-631.39-330.8-167.15446.93+++**/-407.44
-454.61--814.45*815.14/-477.38-255.53+-789.87*44.29*(198.69/-359.04*-57.36),44.29/255.53-477.38815.14-814.45*-*/-+**-57.36-359.04198.69/*
642.14*838.05--11.73-539.47+-955.33*953.02+-26.71*-34.82*-999.61+273.43,273.43-999.61-34.82-26.71953.02-955.33539.47-11.73838.05642.14*-/+*+**+
427.46+-811.58--13.37-47.03-486.23/39.26--363.86+630.6/(511.13*997.46),630.6-363.8639.26486.2347.03-13.37-811.58427.46+/--/-+/997.46511.13*
-980.89*960.37--535.01+(569.5+214.26/642.32)+186.69+437.55-122.91/163.91,163.91122.91437.55186.69-535.01960.37-980.89*-++642.32214.26*+/+-/
-90.52-(-855.67*753.25/(-609.11/-525.39+471.98)/-464.47)+459.31--984.06/366.45,366.45-984.06459.31-90.52*--464.47753.25-855.67*//471.98-525.39-609.11/+-/
38.38/806.7+(231.98/-69.87*-480.71*387.97)*-168.02+-195.84*409.94*435.41,435.41409.94-195.84-168.02806.738.38/-*387.97-480.71-69.87231.98/**+**
31.54-(558.98*171.77*(-420.13--147.33--434.89/626.83--830.98/687.75/-7.34)),31.54-171.77558.98**-7.34687.75-830.98626.83-434.89-147.33-420.13--/-//
-752.93/-892.89/-187.85+326.37+627.37*-519.03/-387.92*174.21*(-6.1+-613.13),174.21-387.92-519.03627.37326.37-187.85+-752.93//++*/**-613.13-6.1+
412.77/-908.18/-217.52/258.3/111.24/(539.22/304.77+675.32-233.19-972.95),111.24258.3-217.52-908.18412.77/////972.95233.19675.32304.77539.22/+--
-823.6*-331.77+420.49/-516.6/-274.98*66.25+817.52*-70.83*-267.46/-451.16,-451.16-267.46-70.83817.5266.25-274.98-516.6420.49-331.77-823.6*+//*+**/
(-602.61+640.98--330.3-(-850.99/(27.39*688.82+-795.31)-(257.11*(-45.81*9.69)))),-330.3640.98-602.61+---850.99-/-795.31688.8227.39*-/*9.69-45.81*
996.5+(307.3/(-58.67-486.47-310.27*-120.57/889.68)+-481.45/-354.91)+-690.71,+996.5++-354.91-481.45307.3+/889.68-120.57310.27486.47-58.67--*//
802.24*906.09+-982.59/-227.52/-92.51*(979.92+-274.47-182.94+(213.88-321.49)),-92.51-227.52-982.59906.09802.24*+//*182.94-274.47979.92*-+321.49213.88-
202.92+600.36/945.26+-280.64+(-972.27--625.47+222.39)+106.41/-232.86/-189.88,-189.88-232.86106.41-280.64945.26600.36202.92+/+++222.39-625.47-972.27-+//
310.18+-24.5+406.09+-209.89+(336.16/(251.29-494.35/-506.73*780.25/419.01)),-209.89406.09-24.5310.18++++336.16/419.01780.25-506.73494.35251.29-/*/
-568.69-173.01--29.29/780.01/-402.48+-99.75/998.46*570.24/839.49+(548.36),839.49570.24998.46-99.75-402.48780.01-29.29173.01-568.69--//+/*/+548.36
(-625.46*-85.29)+(-41.82--869.02*639.13)-255.92/(-422.98+133.61-632.96)/-7.1,-7.1255.92-/-85.29-625.46*639.13-869.02-41.82-*//632.96133.61-422.98+-
959.78+(-109.03-(-330.54+-544.48*-690.51)/-358.08*271.07+-694.75*-222.94+918.04),959.78+918.04-222.94-694.75271.07-358.08-109.03-/-690.51-544.48-330.54+**+*+
-898.32+-970.68-204.17*913.64--178.2--867.06-(-363.91/(-319.08*-650.4/-682.75)),+-178.2913.64204.17-970.68-898.32*-*----363.91/-682.75-650.4-319.08*/
-650.9--220.13-506.3/(460.52/(85.15+(-987.37/590.53)-921.51)*387.83-(-406.24)),--220.13-650.9--/387.83460.52*/921.5185.15-+590.53-987.37/--406.24
-520.49/35.86+-415.9/-701.82/-590.82-(-841.94*502.43--851.37/75.35*666.74),-590.82-701.82-415.935.86-520.49/+//-666.7475.35-851.37502.43-841.94*-/*
555.51+51.73--545.05--941.45/540.64*35.26*523.82/434.86/583.21*(-435.24),583.21434.86523.8235.26540.64+-545.0551.73555.51+-+/**//*-435.24
526.75*-828.5*-269.17/-214.29+-527.16/-78.22+-762.93--571.21*-326.51+754.72,754.72-326.51*-762.93-78.22-527.16-214.29-269.17-828.5526.75**/+/*-*+
196.54+107.12/(-396.23--598.14)*-673.93*-319.68--858.4*-121.43*184.42*(339.3),184.42-121.43-858.4-319.68-673.93+196.54+*/-598.14-396.23-*-***339.3
-717.98-518.75/828.95*37.88*(-750.15*(-862.44*664.35+529.2+-806.28+349.02)),37.88828.95518.75-717.98-/*--750.15*349.02-806.28529.2664.35-862.44++++
195.95+5.35/-661.09/-360.47/134.19*(-300.39*425.33+930.17/547.72--995.99),134.19-360.47-661.095.35195.95+///*-995.99547.72930.17425.33-300.39*+/-
614.8*-549.38/368.06-931.08*569.49+484.77/(-970.87*(289.06+26.71/451.93)),484.77569.49931.08368.06-549.38614.8*/-*+/-970.87*451.9326.71289.06+/
-77.49*-747.43*990.64-375.48--388.84-468.71--567.47/-638.3+-478.52+453.3,453.3-478.52-638.3-567.47468.71-388.84375.48990.64-747.43-77.49**----/++
81.12/-248.26*786.95-783.87*-880.3--652.75*875.43-441.2*-904.64+-863.27,-863.27-904.64441.2875.43-652.75-880.3783.87786.95-248.2681.12/*-*-*-++
962.99/-812.64-(716.42+(370.36+-311.59+(510.96+953.57+(234.46-199.9/-843.54)))),-812.64962.99/-716.42+-311.59370.36++*510.96++-843.54199.9234.46-/
-668.69*(-523.62+-211.21)/(-751.57+-258.67+290.16)+(-696.53/201.13*-336.64)/123.24,123.24-668.69+/*-211.21++290.16-258.67-751.57++/-336.64201.13-696.53/*
-870.59+-49.8--265.79*607.46+109.41+-736.43/386.68/657.86*(-494.86+207.29),657.86386.68-736.43109.41607.46-265.79-49.8-+-*++//*207.29/+
-132.16/-761.49/213.43*466.5+-407.52--588.51+-492.45+765.72--592.91*-26.69,-26.69-592.91765.72-492.45-588.51-466.5213.43-761.49-132.16//*+-++-*
879.84*898.03*214.78+369.3--505.11/-625.47/-147.75--763.65/751.03*-285.88,-285.88751.03-763.65-147.75-625.47-505.11369.3214.78898.03879.84**+-//-/+
-534.0/-526.35/-454.89+-807.74*982.47*(93.48*309.74*196.2+-661.91+912.37),982.47-807.74-454.89-526.35-534.0//+**912.37-661.91196.2309.7493.48**++
48.57*-418.56-852.95/-837.65/517.24*-636.84*(-850.29+769.56*(345.49-(-323.73))),-636.84517.24-852.95-418.5648.57**//**769.56-850.29+*345.49--323.73
951.44/38.85--505.61/-960.49+-222.55+-921.91*(-405.03+581.71)*327.7+480.4,480.4327.7-921.91-222.55-960.49-505.6138.85951.44/*/++**581.71-405.03++
-367.44-281.43*-948.51-903.93/(661.77-195.99/-284.61*-289.69--200.24*-482.17),903.93-948.51281.43-367.44-*-/-482.17-200.24-289.69-284.61195.99661.77-/*-*
-525.94/-328.98+632.38+(-999.9-20.57)*804.87*499.86-525.38+100.31*171.28,171.28100.31525.38499.86804.87632.38-328.98-525.94/++*20.57-999.9-*-+*
-771.56+994.4*-835.59+526.34+(899.99*152.4--554.55/-467.5/(226.51*490.7)),526.34-835.59994.4-771.56+*++-467.5-554.55152.4/*-//490.7226.51*
(-48.6-443.87/252.81+957.23)+-361.28--476.73-355.41/279.84+(-753.64/(-87.38)),279.84355.41-476.73-361.28/957.23252.81443.87-48.6-/+--/+-753.64/-87.38
-953.65-(392.65-(715.55+-495.75+-51.28/-132.79-170.6-691.39*-941.37)-507.48),-953.65-507.48392.65---941.37691.39170.6-132.79-51.28-495.75*++/--*
(420.3/-837.42*503.17/424.18*-445.15)*-926.74*952.08--982.94*(-365.51+(-616.76)),-982.94952.08-926.74*-445.15424.18503.17-837.42420.3/*/**-*-365.51+-616.76
-109.34*-932.73+-678.5+808.06+461.5/129.84+(-514.65+243.6*-494.69+818.82),129.84461.5808.06-678.5-932.73-109.34*+++/+818.82-494.69243.6-514.65+*+
999.37/203.5+(-657.76+-710.48+924.09-474.28*762.16)*-319.91+-320.01+(-1.71),-320.01-319.91203.5999.37/+*762.16474.28924.09-710.48-657.76++-*++-1.71
203.32*55.43+-598.9/(-473.42+-842.94/(-900.87*-47.71-903.89*-305.63/88.84)),-598.9/203.32*+/-842.94-473.42+/88.84-305.63903.89-47.71-900.87*-*/
-871.08*-560.69+(408.1-31.56)*475.69*828.44/186.46/-914.76/(346.59+-370.13),-914.76*828.44475.69-560.69-871.08*+*31.56408.1-*///-370.13346.59+
657.31/907.77*-843.2*712.44+(-730.7-(-12.05*449.81)*(-410.58+360.28*(-465.14))),712.44-843.2907.77657.31/**+-730.7-*449.81-12.05*360.28-410.58+*-465.14
-964.21+-652.29/(-142.18+449.12-713.95*928.75*769.25+(142.52+396.44+(723.68))),-652.29-964.21+/769.25928.75713.95449.12-142.18+-+*+396.44142.52++723.68
38.42/365.75/395.58+389.18-715.32*(-174.25+411.73--391.25+876.23)*162.02,162.02715.32389.18395.58365.7538.42//+-**876.23-391.25411.73-174.25+-+
-143.55/7.15/936.84+-638.97-426.89--297.22/300.78/-461.46*(-605.74--394.45),-461.46300.78-297.22426.89-638.97936.847.15-143.55//+--//--394.45-605.74-
-467.87-67.11/717.33*298.72--22.78-(-410.69-790.03)/244.52-294.63/785.76,785.76294.63244.52-22.78298.72717.3367.11-467.87-/*--/790.03-410.69--/
240.64/346.46*621.32+514.29--890.08*-972.63+-845.42-(-379.49*(965.55*270.83)),-845.42-972.63-890.08514.29621.32346.46/-*+-*+--379.49*270.83965.55*
-565.57*-361.13/87.4-316.55/(74.38+952.68/956.53)/-924.86+-714.44/515.11,515.11-714.44/316.5587.4-361.13-565.57*/-//956.53952.6874.38*/+/
279.89*456.43+(706.98-(409.74/492.54)*84.62--511.13)/120.94/368.05-980.98,980.98368.05120.94456.43279.89*+/-511.1384.62706.98-*492.54409.74/-//
463.22*-303.34--15.95+-96.75/390.96*817.73*(-382.97/557.18--308.77/-285.23),817.73390.96-96.75-15.95-303.34463.22*-+/*--285.23-308.77557.18-382.97/-/
-56.09*100.13-37.43/(312.34-(82.61/625.64*-540.98+-967.71*805.06)/-525.61),37.43100.13-56.09*-/-525.61312.34-/805.06-967.71-540.98625.6482.61/*+*
775.67*304.62/972.77+582.11+757.53/-961.27--390.2+568.33/901.2/-155.05,-155.05-568.33-390.2-961.27757.53582.11972.77304.62+*/++/-+//
831.49-960.27+(749.8/-826.83+-934.02-528.64/694.78+(-987.14/(605.49+-642.61))),960.27831.49--694.78528.64-934.02-826.83749.8/+-/+-987.14/+605.49+
-676.59*-381.3-823.85--88.53*-42.27/559.27/347.29/-145.45/377.36/917.79,917.79377.36-145.45347.29559.27-42.27-88.53823.85-381.3-676.59*--*/+///
-911.43+-497.52/694.47/-928.41*586.61+824.98--21.59*(624.75-236.02-309.79),-21.59824.98586.61-928.41694.47-497.52-911.43+-/*+-*309.79236.02624.75--
772.84-110.59*(-523.53/459.67+-420.41+363.68/101.09+860.89*-177.14*882.97),110.59772.84-*882.97-177.14860.89101.09363.68-420.41459.67-523.53/++/+**
121.48/-914.38*451.52+262.85*-396.93+(-359.13+356.83+-424.91+953.6*(-117.59)),-396.93262.85451.52-914.38121.48/*+*+953.6-424.91356.83-359.13+++*-117.59
-478.8-993.98*-818.03+637.59+342.19+-934.82*(653.83/27.98+-799.5-951.71),-934.82342.19637.59-818.03993.98-478.8-*+++*951.71-799.527.98653.83/+-
-418.61/432.23/-855.62/-440.41+-550.92+124.35--128.88+(-54.59-819.63*221.85),-128.88124.35-550.92-440.41-855.62432.23-418.61///++-+221.85819.63-54.59-*
-970.13--864.14*(627.01--307.61*-645.16+-977.46/104.79*-162.96--835.09--209.76),-864.14-970.13-*-209.76-835.09-162.96104.79-977.46-645.16-307.61627.01**+/*--
(97.89/-574.76/-562.35--320.89*-378.43+-525.44*738.29)-811.2-(-544.14-171.99),811.2-738.29-525.44-378.43-320.89-562.35-574.7697.89//-*+*-171.99-544.14-
-7.86--309.29+-815.5+-407.84/-465.8+-780.73-546.1+519.65*(-930.58*(534.24)),519.65546.1-780.73-465.8-407.84/-309.29-7.86-++/+-+*-930.58*534.24
664.69/-639.8*499.45+197.02+-825.89-554.68--288.17-310.31/487.12+(441.4),487.12310.31-288.17554.68-825.89197.02499.45-639.8664.69/*++---/+441.4
175.41*(-421.1*(-881.0/635.52*818.52/-428.06/-302.38*217.69/40.66)--591.15),/*-591.15-421.1-*40.66217.69-302.38-428.06818.52/-881.0/*//*/
626.47/778.02+-711.24/976.61-(97.21+240.93*598.98-987.65/-834.9/10.88),976.61+778.02626.47/+/-10.88-834.9987.65598.98240.9397.21+*-//
-291.45/-462.24/756.19*(749.06-(-40.49*-715.87+964.13+(-697.18/969.56+-350.4))),756.19-462.24-291.45//*749.06-*-715.87-40.49*++/969.56-697.18/+
-491.05+-200.66-(591.44*875.27)-609.7+-604.93+(-948.91+899.45+-77.96*112.98),-604.93609.7-200.66*+--875.27591.44*++112.98-77.96899.45-948.91++*
-653.2-(-681.38*(-470.26+-442.07*(237.69*-387.17-390.89-625.37+-924.13*197.51))),-653.2--681.38*-442.07-470.26+*197.51-924.13625.37390.89-387.17237.69*--+*
670.29--77.88--950.94-596.33*295.04-482.23+-480.62+515.35+-62.03/-971.56,-971.56-62.03515.35-480.62482.23295.04596.33-950.94-77.88670.29---*-+++/
758.33*722.12/-868.97/-274.92*(348.49*266.77)-761.31-410.23--365.05*725.56,725.56-365.05410.23761.31/-868.97722.12758.33*//-*266.77348.49*--*
2.6/314.4--86.28/(187.03-(-833.38--302.53)+(-611.23-955.15-831.97*-581.38)),-86.28314.4---/187.03+--302.53-833.38--581.38831.97955.15-611.23--*
570.05-(81.03+823.59/529.43*-626.96)/-343.81--214.73/-454.55/-645.44+-134.98,-134.98-645.44-454.55-214.73-343.81570.05-/-626.96529.43/81.03*/*-//+
(550.68/87.64)-402.25--490.57+283.85+408.1/(-333.34*-114.92*-753.83+925.47),408.1283.85-490.57--87.64550.68/-++/925.47-753.83-114.92-333.34**+
(-654.48/-361.63*214.65*-932.49+80.28)*(-39.74/-903.45*139.26)+(-368.68+(-977.38)),+**-932.49214.65-361.63-654.48/**+139.26-903.45-39.74/*-+-977.38
-498.69--881.92/294.75-205.79+-121.19*466.65/-351.92-20.39+(-780.41-504.49),20.39-351.92466.65-121.19205.79294.75-881.92-498.69-/-+*/-+504.49/-
880.54*282.29*584.6*(693.2*369.83*(219.88/509.77-95.7)+720.09-(158.44)),584.6282.29880.54***720.09/693.2*+*95.7+219.88/--158.44
-196.98/793.12+-50.56*636.22+-147.1*846.27*-144.2+-130.1+-130.36+963.61,/-130.36-130.1-144.2846.27-147.1636.22*793.12-196.98/+*+**+++
-700.1*256.12/(-885.57/-598.62/-620.12/-78.96-44.01+-449.67-884.84--837.36),256.12-700.1*/-837.36884.84-449.6744.01-78.96-620.12-598.62-885.57///-+--
648.15--796.06-492.67/-281.66*-744.61/-849.35/-242.18/341.97-(815.42*(862.71)),341.97-242.18-849.35-744.61-281.66492.67-796.06648.15--/*///-815.42*862.71
-27.37--717.95*405.46*226.28*215.23/-287.0*743.16-345.16+794.91/-460.29,-460.29794.91345.16743.16-287.0215.23226.28405.46-717.95*-***/*-+/
-137.65*(-120.29/(-442.57-54.75+(-65.75/-998.91+-780.9-522.86+816.14+-2.63))),-137.65*-120.29-54.75-442.57-+-2.63816.14522.86-780.9-998.91-65.75/+-++
-452.37--554.46+900.1*80.63*-405.48/74.23/616.82+642.53/518.33/-658.15,-658.15518.33642.53616.8274.23-405.4880.63/*-452.37-+**//+//
-221.47/897.92*-160.69/-372.71+-637.01+639.42+-260.17-(-626.59+-245.77+382.64),-260.17639.42-637.01-372.71-160.69897.92-221.47/*/+++-382.64-245.77-626.59++
678.73-675.74/159.1--801.51+-910.81--166.35-(-681.09*320.03/768.85/595.5),-166.35-910.81-801.51159.1675.74678.73-/-+--595.5768.85320.03-681.09*//
(-670.02/-29.2)/(269.79+(308.8+60.04/-297.55--430.8--781.51-80.03)+-721.56),/-29.2-670.02/-721.56269.79++80.03-781.51-430.8-297.5560.04308.8+/---
270.5/373.16/-674.19--387.97/631.09/630.5--880.68*-403.29+760.51*(-900.94),760.51-403.29-880.68630.5631.09/-674.19373.16270.5//-//-*+*-900.94
271.16+816.17+-767.41*-241.01/-910.09+792.52*476.58+257.33/-635.24-372.53,372.53-635.24257.33476.58792.52-910.09-241.01-767.41816.17271.16++*/+*+/-
-379.44--721.32/-142.64*-580.69-418.65+-90.65--674.06/(450.66+284.24--99.77),-674.06-90.65418.65-580.69-142.64-721.32-379.44-/*-+-/-99.77284.24450.66+-
956.79-(528.2*-718.06-81.59)+(-557.13*-712.57)-295.73+394.64*(573.17*-128.74),394.64295.73/-+-81.59-718.06528.2*--712.57-557.13*/*-128.74573.17*
(432.9/420.88*534.49+-439.52)-523.71/(-850.11--43.21)/828.43+-336.88-125.47,125.47-336.88828.43523.71--439.52534.49420.88432.9/*+//-43.21-850.11-+-
-613.27-380.32+-309.01--424.53/(-992.62+-215.8+-158.41/-285.0-(-225.75--977.08)),-424.53-380.32-613.27-+-/-285.0-158.41-215.8-992.62++/--977.08+-
-848.85/-347.59*-523.83*-411.68--296.55--38.46+815.62-(192.91/(-929.82*-337.12)),815.62-38.46-296.55-411.68-523.83-347.59-848.85/**--+-192.91*-337.12-929.82*
-395.47/126.23-(65.45/(-161.99/-387.72/104.74--722.16+46.77-965.91*44.88)),126.23-395.47/-65.45/44.88965.9146.77-722.16104.74-387.72-161.99//-+-*
(-720.59+230.21)+(105.67/-676.08/726.7+310.54/491.3/414.24)/504.96+-840.57,-840.57504.96+230.21-720.59+-414.24491.3310.54726.7-676.08105.67//+//+
-665.81+892.0+547.59*958.22/212.87-(-2.53+919.67/428.52+-684.48-444.17),212.87*547.59892.0-665.81++//-444.17-684.48428.52919.67-2.53+/+-
-516.42*-93.82*936.92/-732.33--997.88/(515.34+-88.13+153.04)+-552.77*(-468.27),-552.77-997.88-732.33936.92-93.82-516.42**/-+/153.04-88.13515.34+-*-468.27
(703.85+(875.98--540.86/-999.52/-885.45+385.6+532.33)*748.0/314.07/-157.29),-157.29314.07748.0703.85+*532.33385.6-885.45-999.52-540.86875.98-//++//
-333.28--204.56+487.21/(-759.89*784.19+865.04--624.76-276.2)+(-656.77+-930.38),487.21-204.56-333.28-++/276.2-624.76865.04784.19-759.89*+---930.38-656.77+
-761.56+-366.76*-49.24-904.86/-580.95+-539.17*-850.71/149.46-781.27-499.19,499.19781.27149.46-850.71-539.17/904.86-49.24-366.76-761.56+*-/+*/--
-86.6+-429.01+-886.2-902.73*(554.3-364.02/-408.3-557.95*689.04*(739.74)),902.73-886.2/-86.6++-*689.04557.95-408.3364.02554.3-/-**739.74
-957.72*-460.82/978.73--637.98*473.18*(746.16-(138.46+82.75)/618.75)-570.89,570.89473.18-637.98978.73-460.82-957.72*/-*-*618.75746.16-/82.75138.46+
-194.52--739.62*602.43+-537.39-(520.82+441.75/-906.13+-451.04/232.29)+711.97,711.97-537.39602.43-739.62-194.52-*++-232.29-451.04-906.13441.75520.82+/+*
(438.19*935.53+482.44*774.44+783.35--308.67--212.03+-340.73-(-784.74-416.89)),-340.73-212.03-308.67783.35774.44482.44935.53+*+*+--+-416.89-784.74-
777.97*357.18*411.66*-110.02+-569.3-(-994.73/482.8-160.43)-176.13*-323.12,-323.12176.13-569.3-110.02411.66357.18777.97***+---482.8-994.73/-*
551.65*-603.99+-518.74+-799.93-236.22*(77.6--737.86+-942.2*843.2+-690.15),236.22-799.93-518.74-603.99551.65*++-*-690.15843.2-942.2-737.8677.6-+*+
(-388.21/-267.66)-(-367.07*(461.41*188.99-989.12)*(-430.21+(802.94/-642.58+821.22))),--267.66-388.21/-367.07**989.12188.99461.41*--430.21+821.22-642.58//+
551.77*-387.57-(-694.51--528.7-918.25+(697.8*(-520.24+258.71/(578.64-654.43)))),-387.57551.77*-918.25-528.7-694.51+-+697.8*258.71-520.24+/654.43578.64*
-559.25*(-344.86+371.33)--405.87/(437.62-945.85*-142.91)-403.83*(770.05/465.42),403.83-405.87-559.25-*371.33-344.86/-/-142.91945.85--**465.42770.05/
171.82+24.43+(-398.35/-247.96+(-379.1+191.94)+315.76+-608.5)/-612.03*275.56,275.56-612.0324.43171.82+//-608.5315.76-247.96-398.35/++191.94-++*
-377.05-651.85*(108.36+662.64--725.93/994.06+773.14*-175.87+-971.02+-559.43),651.85-377.05-*-559.43-971.02-175.87773.14994.06-725.93+108.36+-/+*++
753.64+-299.37-438.72/928.27-407.27+-139.75/-16.98*292.03+741.86+-112.81,-112.81741.86/-16.98-139.75407.27928.27438.72-299.37753.64++/-+/*++
527.86+-193.65*(-272.76+-632.64*133.76*(615.8-(23.01/-398.56)*82.15*94.95)),-193.65527.86+*133.76-632.64-272.76+**94.9582.15615.8-+-398.5623.01/*
-531.99+-965.54+-343.43*-255.78*204.16*736.07/-777.33/503.99/-99.95+-906.36,-906.36-99.95503.99-777.33736.07204.16-255.78-343.43-965.54-531.99++***///+
-989.39/-927.47-97.94/-314.79--82.06/-407.12+-305.99/198.85*70.73*760.17,760.1770.73198.85-305.99-407.12-82.06-314.7997.94-927.47-989.39/-/-/+/**
-718.05/-793.88-944.44+306.27--888.44-(937.5/-935.69)-204.52+890.71+494.99,494.99890.71204.52-888.44306.27944.44-793.88-718.05/-+----935.69937.5/++
22.23*-440.3*-8.69-822.52*-882.1+865.51/-974.57*192.77+(482.68--755.87),192.77-974.57865.51-822.52-8.69-440.322.23**-*+/*+-755.87482.68-
123.82-865.62+-206.55*530.2+-884.22+-356.22/694.18/386.5--737.55*(-438.73),-737.55/694.18-356.22-884.22530.2-206.55865.62123.82-+*++//-*-438.73
-905.03*410.71/(64.79*-246.09+-72.14-820.92+779.94+-789.91*(-87.27+102.02)),410.71-905.03*/-789.91779.94820.92-72.14-246.0964.79*+-++*102.02-87.27+
19.08*98.15*-387.09/566.66*-20.64-394.64--594.17--744.6--322.64+931.89,931.89-322.64-744.6-594.17394.64-20.64566.66-387.0998.1519.08**/*----+
-136.91/323.61+-526.29-(110.26--375.71+964.29)*-655.33*869.43--541.32*-67.13,-67.13-541.32869.43-655.33*323.61-136.91/+-*964.29-375.71110.26-+*-*
-235.02+661.1-595.24/533.3/257.47*(577.2+(-279.24-142.31*132.96/485.43)),257.47533.3595.24661.1-235.02+-//*-+485.43132.96142.31-279.24-*/
(855.82+807.06*907.51+(969.43+(905.37+655.11+957.49*43.86/-676.55/855.83))),907.51807.06855.82+*+969.43+855.83-676.5543.86957.49655.11905.37++*//
86.61/-63.53+815.14+848.56+35.33+63.75*224.43--745.11+287.9/486.45,486.45287.9-745.11224.4363.7535.33848.56815.14-63.5386.61/+*++*-+/
-283.83-294.31+-201.04*447.5+-414.72+-190.38/(382.51-73.45/194.85/923.42),-190.38-414.72447.5-201.04294.31-283.83-+*++/923.42194.8573.45382.51-//
971.64+-591.54/-852.03-789.61-646.42/376.78--615.7/187.16*750.08*512.63,512.63750.08187.16-615.7376.78646.42789.61-852.03-591.54971.64++--/-/**
-668.94*-92.19+837.7+(-520.87-283.35/-462.64)+-772.34/724.44*-846.3*917.59,917.59-846.3724.44-772.34837.7-92.19**+++-462.64283.35-520.87-//**
-459.79+-887.91--315.06/591.62+997.98+-640.09*396.26*(977.72+-280.49+394.61),396.26-640.09997.98591.62-315.06-887.91-459.79+-/++**394.61-280.49977.72++
-310.41-716.97/-949.13/(802.96+-524.5--410.23-186.93+67.02)--993.09*(-172.89),-993.09-949.13716.97-310.41-/--67.02186.93-410.23/802.96+--+*-172.89
39.86+113.49*205.24--67.17-915.5/657.13*464.72--641.04/620.01*72.68,72.68620.01-641.04464.72657.13915.5-67.17205.24113.4939.86+*--/*-/+
557.43/-730.82-960.97+548.02*-844.88+154.18*441.35/907.45-208.78+149.86,149.86208.78907.45441.35154.18-844.88548.02960.97-730.82557.43/-+*+*/-+
729.9+(-155.43-68.51)/58.08+300.29+322.02*-725.92*254.73--120.83/-718.15,-718.15-120.83254.73-725.92322.02300.2958.08729.9+/68.51-155.43-++-*-/
722.22*-580.98-106.21*(-299.18/-840.65+(327.68--152.75/-921.69+-882.92*-602.54)),106.21-580.98722.22*-*-840.65-299.18/+-602.54-882.92-921.69-152.75327.68-/+*
988.9+734.84--96.28/(913.63*-403.11--597.93+1.83)*788.39*-532.8--995.27,-995.27//-96.28734.84988.9+-*/1.83-597.93-403.11913.63*-+*-
-611.16-(871.12--861.47*122.35--475.13/662.15-58.89*-884.37--23.57/-986.97),-611.16--986.97-23.57-884.3758.89662.15-475.13122.35-861.47871.12-*-/-*-/
-586.99/429.09+-196.72/199.35+11.33+(-301.18*252.28)--157.12*(-960.56*911.03),-157.1211.33199.35-196.72+-586.99/+++-+252.28-301.18**911.03-960.56*
285.56+(-5.39+-381.42/942.38)+258.86*407.88/78.36/-648.95--957.26*(22.85),-957.26-648.9578.36407.88258.86285.56-+942.38-381.42-5.39+/*//-*22.85
(721.61+322.28+366.52/-65.06/999.56/-163.4+(262.98/-846.92)--41.12)--105.79,-105.79--41.12-163.4999.56-65.06366.52322.28721.61++///-+-846.92262.98/
-457.27/-332.3-998.63/-841.21+-558.56--700.54/-485.86/867.29/-655.48-783.17,783.17-655.48867.29-485.86/-558.56-841.21998.63-332.3-457.27/-/+-///-
-803.78/-585.66+366.19-574.16/-847.56-332.2+(564.08/978.63/(806.48+-760.32)),332.2-847.56574.16366.19-585.66-803.78/+-/*+978.63564.08//-760.32806.48+
773.24--414.93+(-818.86/339.73-940.49+278.07*-443.13/-199.6/-75.25-(-488.29)),-414.93773.24-+-75.25-199.6-443.13278.07940.49339.73-818.86/++*//--488.29
(-199.84+-156.28)+-268.39/155.93-(-938.39/-328.77)-732.05-304.21+880.43+-808.6,-808.6880.43+732.05155.93-268.39+-156.28-199.84+/---328.77-938.39/-++
-539.1/(-622.54*-911.63)-853.73+-337.28+(34.5+-775.51*-109.46*(211.04*397.18)),-337.28853.73-539.1-*-911.63-622.54*++-109.46-775.5134.5+**/211.04*
-671.12/917.57/-144.63+42.21--570.3-521.46--148.39/947.46/270.56/752.19,752.19270.56947.46-148.39521.46-570.342.21-144.63917.57-671.12-/+---///
-689.66--704.84/386.92*365.89+(84.73+-890.84*-785.83/(-734.56+-337.96--82.94)),365.89386.92-704.84-689.66-/*+-785.83-890.8484.73+*/-82.94-337.96-734.56+-
928.07*252.58*(-958.68/-806.41)--774.57--878.9+(-74.96/-77.5)*647.6*490.34,+647.6-878.9-774.57252.58928.07*-*+-958.68/-+*-77.5-74.96/*
(-222.96/-88.78--282.34*-618.59)/126.12-807.59/152.18--374.65-782.03*-470.02,-470.02782.03-374.65152.18807.59126.12/-618.59-282.34-88.78-222.96/-*-/--*
-846.88-363.26*-847.31+816.54--94.89+795.12/878.38/992.01-(718.18/-750.06),992.01878.38795.12-94.89816.54-847.31363.26-846.88-*+-+/*--750.06718.18/
433.88-(371.0/41.4)/-475.82-(-653.34+467.44/90.96/538.82--322.66/-873.41),-475.82433.88-/41.4*/--873.41-322.66538.8290.96467.44-653.34+//-/
-154.15/-165.45-996.79/-164.92+(806.13-740.51+-358.68--417.93/895.09+990.35),-164.92996.79-165.45-154.15/-/+990.35895.09-417.93-358.68740.51806.13---/+
-124.78*-139.04+-723.1+-349.09-298.53/(405.88-429.0)*978.73*121.94*-155.82,-155.82121.94978.73298.53-349.09-723.1-139.04-124.78+++-*/429.0405.88-**
-875.18-698.22*(943.98/-138.83)+-750.32/462.46*874.4-317.1/-315.06*(-5.4),-315.06317.1874.4462.46-750.32698.22-875.18-+*-138.83943.98//*-/*-5.4
100.71*937.32/-953.25/-274.63--495.18*-318.77*-658.05/-213.01/-222.69-998.99,998.99-222.69-213.01-658.05-318.77-495.18-274.63-953.25937.32100.71*//-**/+-
89.71--373.79-794.24+104.8+-917.23*(407.85-747.09+422.28)*-112.15*-914.75,-914.75-112.15-917.23*794.24-373.7989.71--++**422.28747.09407.85-/*
288.72--89.03+-901.08/986.43-870.44+(747.34/-387.67--144.0+-374.63-18.08),870.44986.43-901.08-89.03288.72-+/-+18.08-374.63-144.0-387.67747.34/-+-
-301.64/374.12*-671.41-(991.15*483.32/-873.88/774.56*626.51*468.05*-270.14),-671.41374.12-301.64/*--270.14*626.51774.56-483.32991.15*//***
(643.38*851.6)+(630.7/-54.25*455.37+(-566.66+987.06*(-132.15+414.15/(401.76)))),+851.6643.38*455.37+630.7/*+987.06/+*414.15-132.15+/401.76
-677.09*629.4/-833.23*80.09+505.25+-410.41*-540.7*-863.97+-895.46*-282.89,-282.89-895.46-863.97+-410.41505.2580.09-833.23629.4-677.09*/*++**+*
335.34/-200.34--984.57*(-964.12--900.1*-48.44*-593.45*(-18.37*-957.15*682.98)),-984.57-200.34335.34*+*-593.45-48.44-900.1-964.12-***682.98-957.15-18.37**
-384.47*391.58-(88.51/(942.52/-560.08-(-767.68+-658.91*-700.6)+-208.42+-462.73)),391.58-384.47*-88.51/-462.73-208.42/942.52/+--700.6-658.91-767.68+*+
832.85+340.78+225.58*(578.17-922.86)*-320.7*(170.71/(-233.22*261.71+(386.66))),-320.7225.58340.78832.85++**922.86578.17**170.71/--233.22*+386.66
(-173.86+(849.64+(-703.7*-428.29/778.8*(460.79+-593.31/589.14+-848.06--295.81)))),-+849.64+778.8-428.29-703.7*/*-295.81-848.06589.14*460.79+/+-
-446.8*-631.46*260.42*578.35/-230.15/284.03-111.6/671.19/(916.56*(678.65)),671.19+284.03-230.15578.35260.42-631.46-446.8***//-//916.56*678.65
87.44--108.58/818.17+644.48/(-183.56*-276.81)*(-519.94/-73.85+(994.5+-957.91)),644.48818.17-108.5887.44-/+*/+-183.56*-73.85-519.94/+-957.91994.5+
-196.5-651.87-889.42*870.96*-627.57--261.13+-797.02/-820.23*(-112.03/919.08),-820.23-797.02-261.13-627.57870.96-651.87-196.5--**-+/*919.08-112.03/
-883.9*(909.54*704.68+-951.92)-182.67+374.98*(-875.86-81.11-537.85*-97.14),374.98182.67*-*-951.92704.68909.54*++*-97.14537.8581.11-875.86--*
850.89/828.53*-863.06*-628.95+609.93+-356.49/-369.27+-251.37*-666.42+-333.07,-333.07-666.42*-369.27-356.49609.93-628.95-863.06828.53850.89/**++/+*+
28.25+(597.54/475.84+567.02-613.42/570.49/-884.69*-804.92*186.79)/805.76,805.7628.25+/186.79-804.92-884.69570.49613.42567.02475.84597.54++///**
-323.31-(18.7*434.05+225.7+(117.21-490.0--989.28*856.84+-632.71--880.62)),-323.31-225.7434.0518.7*++-880.62-632.71856.84-989.28490.0117.21--*+-
869.42+-958.4*-902.16+-728.65+615.7-605.6/(919.46--314.38--927.71/711.04),605.6615.7-728.65-902.16-958.4869.42+*++-/711.04-927.71-314.38919.46--/
(120.8--919.15-471.9*-52.68/905.45+-460.76-(-128.79-387.01--582.84+697.23)),-460.76905.45-52.68471.9-919.15120.8--+/+-697.23-582.84387.01+--+
975.0*-988.18+-971.52--317.19--764.16+772.51--380.77+754.01/-34.78--424.68,-424.68-34.78754.01-380.77772.51-764.16*-971.52-988.18975.0-+--+-+/-
-879.99*770.18*742.57*280.54*387.72/191.4+(57.35*62.49/968.73+547.22),191.4387.72*742.57770.18-879.99+***/+547.22968.7362.4957.35*/+
714.62+-549.3*490.11-(942.56+(443.18+-832.65--65.76/(-605.43-408.03)*381.46)),490.11-549.3714.62-*-942.56++-65.76-832.65443.18+-*/408.03-605.43-
(-465.53+159.37+-736.5*121.05)*-39.59--577.44*(-669.28/-694.48+935.46*677.12),--39.59*121.05-736.5159.37-465.53++*-*677.12935.46-694.48-669.28/+*
431.35-(-943.86+-966.22*650.65*-106.67-978.71)*71.12/-142.32/-179.02-(-268.35),-179.02-142.3271.12431.35-*978.71-106.67650.65-966.22-943.86+**-//--268.35
263.46/613.83/865.57-800.42+398.98/-616.6+-714.7--622.83--387.13*20.9,20.9-387.13-622.83-714.7-616.6398.98800.42865.57613.83263.46//-+/+/-*
-139.29/502.28*(316.12*-75.81--247.58+-421.85/(153.5*-829.34)--540.78*-889.96),502.28-139.29/*-889.96-540.78-421.85-247.58-75.81316.12*-+-/-829.34/**
414.13*-526.86*70.4/519.18*531.73+27.34-(-552.23*-436.86/926.49/-81.85),27.34531.73519.1870.4-526.86414.13**/*+--81.85926.49-436.86-552.23*//
557.93+-945.76*530.53/963.72*760.82/450.37*-761.9*186.19*(791.25--853.58),186.19-761.9450.37760.82963.72530.53-945.76557.93+*/+/***-853.58791.25-
328.98*483.2+964.16/(570.91/-348.77+521.45*760.35)/-59.02*-317.95+429.65,429.65-317.95-59.02964.16483.2-*+//760.35521.45-348.77570.91/+**+
186.67--397.99/-178.17/526.95+-126.78*463.71-(-136.34-172.22+716.29+-556.88),463.71-126.78526.95-178.17-397.99186.67-//+*--556.88716.29172.22-136.34-++
3.16/-458.59-(374.15/-545.37*(768.12--524.81*570.78)*655.05-933.49/96.64),-458.593.16--96.64933.49655.05-545.37374.15/**570.78-524.81768.12-*-/
-438.02+352.59/796.3/-439.1-882.45/50.42--325.82-885.61+336.87/65.59,65.59336.87885.61-325.8250.42882.45-439.1796.3352.59-438.02+//-/--+/
917.81-954.28/713.77-207.93+-67.57/-209.95+802.99/275.89--396.72/913.83,913.83-396.72275.89802.99+-67.57207.93713.77954.28917.81-/-+/+/-/
544.68*-678.6/(-111.72/413.56/-759.14)/-616.23*-237.38-(861.37*311.65-(-291.89)),-237.38-616.23-678.6544.68*//-759.14413.56-111.72//*-311.65861.37*/-291.89
152.32+(-475.85-551.8+-636.19--113.07/166.55+934.96--600.77*(-936.13/113.25)),152.32+-600.77934.96166.55-113.07-636.19551.8-475.85-+-/+-*113.25-936.13/
-105.99--126.74+-810.44--998.25/-325.5/91.65-21.3+-460.41*-592.2+-214.05,-214.05/-460.4121.391.65-325.5-998.25-810.44-126.74-105.99-+-//-+++
-915.48+-277.33/206.01/252.92-6.23-939.12+-745.86*220.02*408.23*346.31,346.31408.23220.02-745.86+6.23252.92206.01-277.33-915.48+//-*+***
664.97-314.97/-856.88/-644.62-48.47+-683.09*-450.95--802.76+-393.53/-482.78,*-393.53-802.76-450.95-683.0948.47-644.62-856.88314.97664.97-///+*-+/
-821.1--191.01*-670.49/935.14/806.89--741.03/435.09+-511.53*(817.28+430.65),-511.53435.09-741.03806.89935.14-670.49-191.01-821.1-*//-/+*430.65817.28+
