Formula,Result
(46.44--63.38-49.64-(-28.18*-81.19**2--20.63*-75.37**2-(-37.49*-6.12*-27.0--95.52*73.36)/19.64)),-46.44--63.38*-28.182^--81.19*-20.632^*-37.49*-6.12--27.0*-95.5273.36/--75.3719.64-49.64
69.28/-37.41--65.88/(87.58--20.54**2+-43.56-97.47)/-38.39-14.56/77.59**2+-41.99/98.18**2,/69.28--37.41-87.582^+-20.54--43.5697.47//-65.88--38.39/14.562^+77.59/-41.992^98.18
11.66*(-48.18**1+-54.86/-28.76+73.05)/89.42**2+95.95-56.65/-57.37+-80.91/-66.19**2-(58.94),1^+-48.18/-54.86+-28.7673.05*/11.662^*89.42-95.95/56.65+-57.37/-80.912^58.94--66.19
(88.8*65.53/7.13)*67.16*-67.85+-35.58**2-(-81.52--56.17**1-(-38.49**1+32.56-74.92**1)),*88.8/65.537.13**67.16+-67.852^--81.521^1^+-38.49-32.561^74.92--56.17--35.58
-51.89-83.91*82.06/-97.51/-62.74+18.78**1+-91.2-(-35.81-(-1.04/-17.17+15.0-33.14*-27.91+35.02)),--51.89*83.91/82.06/-97.51+-62.741^+18.78/-1.04+-17.17*15.0*33.14--27.9135.02--35.81--91.2
(-79.19*-89.31)-54.23**1--76.44+-8.06/61.73--24.61*-87.07**1+-51.54+35.66+(-31.43*37.46**1),*-79.19-89.31-1^-54.23+-76.44/-8.06-61.73*-24.611^+-87.07+-51.54*-31.431^37.46/35.66
23.4/-76.8--14.79-(-95.93*72.58+-43.93)*77.35/31.99--38.81-56.32*85.03/51.11/(77.59*(18.87+91.54)),/23.4--76.8*-95.93+72.58-43.93*--14.79/77.35-31.99--38.81*56.32/85.03+18.8791.54*77.59/51.11
7.04/96.9*(66.17--96.9**1--48.34**2-92.64)-53.42*-83.84**2--17.06*-95.7**1-9.09,/7.04-66.171^/+2^--48.3492.64*-96.9*53.422^--83.84*-17.061^--95.79.09
33.28+-57.31-(-30.74**2--0.98**2+(43.68+13.66*-93.17+-24.25*85.39+-75.32-58.33/63.13**1)),+33.282^--30.742^+43.68*13.66+-93.17/-24.25+85.39--75.32/58.331^63.13+-0.98--57.31
-81.94+4.08+-91.22**2+(-68.0**2--91.87**2+(-57.21**2+73.91--79.17*34.94-(-71.62/-61.96))),+-81.94+4.082^2^--68.02^2^+^-73.91*-79.17/-71.62-61.96-34.94+-91.87+-91.22
57.34*(41.03+-71.58/-39.63--20.13)**1-89.13/-97.68*(-22.13/-50.45*-8.53)-45.54-97.59/-62.59+-54.06,+41.03/-71.58--39.63-20.131^*-57.34/89.13/-22.13*-50.45-8.53*--97.68-45.54/97.59+-62.59-54.06
30.94*-64.89/74.76/-1.12/-8.27-75.4**1+-98.85-(-69.84+8.65+-17.28**1-68.63+8.53**2),*30.94/-64.89/74.76/-1.12--8.271^+75.4+-69.84+8.651^--17.28+68.632-8.53--98.85
56.08**2-(39.53*(-53.48**1-93.3**1-52.93*-13.5**2+1.62-68.56/-42.5/22.47)**1),2^1^--53.481^-93.3*52.932^+-13.5-1.62/68.56/-42.522.471^*39.53-56.08
25.44/71.01--20.31+(16.4**2+-19.38+14.63/1.39*-21.11/(-3.49--36.0--92.17--88.15)-98.28-46.67),/25.44-71.012^+16.4+-19.38/14.63*1.39-^--36.0--92.17-88.15/--21.11-98.2846.67+-20.31
-42.57+-38.99/90.14-86.66**2+-0.03*58.92*-7.99/-48.98/(56.94+(-78.23+-57.52**1--45.82--53.1)),+-42.57/-38.99-90.142^+86.66*-0.03*58.92/-7.99+-78.231^--57.52--45.82-53.1/56.94/-48.98
(5.17*99.27/75.72**1+(60.5/23.95*-86.38+38.61**2-86.1**1+54.09--21.47**2+-23.64)),*5.17/99.271^/60.5*23.95+-86.382^-38.611^+86.1-54.092^+-21.47-23.64+75.72
-5.07/-63.94*-57.75*-24.11+-4.16**1-76.42*77.64/59.64*-72.19+-97.64+-48.95+-27.37*(77.84**1),/-5.07*-63.94*-57.75+-24.111^--4.16*//77.64*59.64+-72.19+-97.64+-48.951^77.84*-27.37
(76.73/79.62**1-48.9)+76.44+66.3+-24.26*80.65/-96.05/28.59+-74.03**1--22.72+22.45**1,/76.731^-79.6248.9++76.44+66.3*-24.26/80.65/-96.05+28.591^--74.03+-22.721^22.45
62.74+-87.88**1-52.64/35.65/68.57+-91.7-52.56**2+-44.73**2+39.53/-99.96+-58.14/75.51,*62.741^--87.88/52.64/35.65-68.57--91.72^+52.562^+-44.73/39.53+-99.96/-58.1475.51
40.51/(-63.51-82.27-97.72)*40.61**1--52.61**1+64.23/50.83+74.89**1-(-47.16-69.81-25.79),--63.51-/97.72/*40.511^-+1^+-52.61/64.23+50.831^--47.16-69.8125.79-74.89
96.8-(-28.33+(-60.26**2+66.57+(-55.94*-33.52--48.38**2+86.99*-73.63/-48.72**1+86.14+-20.06))),2^++*-55.94--33.522^+-48.38*86.99/-73.631^+-48.72+86.14-20.06+66.57+-28.33-*
30.28/-22.61+41.8+-63.37*(17.47--96.18/-16.8**2-49.39-5.56+(-75.77/70.48-(42.77**1--4.57))),/30.28+-22.61+41.8-17.47/-96.182^--16.8+49.39/-75.771^-42.77-4.57-70.48+5.56*-63.37
-78.5**2+-56.95+79.19*-75.75*1.03+61.75**1+-57.35/51.5/-12.77/55.3/(54.35+-67.4+-63.36),2^+-78.5+-56.95*79.19*-75.75+1.031^+61.75/-57.35/51.5/-12.77+54.35+-67.4-63.36/55.3
73.82*-58.03**1+-10.62+-16.46/56.33/42.76*29.58--74.61**2+(31.57+34.09)+79.5**1+-14.7,*/1^+-58.03+-10.62/-16.46/56.33*42.76-29.582^+31.5734.09++-74.611^+79.5-14.7
(20.37-32.99/(-85.17/-18.18/-80.92--26.67/87.72+8.52+-99.47)--3.06+30.9/(-3.09**2-(34.38*(3.85)))),-20.37/*/-18.18--80.92/-26.67+87.72+8.52-99.47/-32.99+-3.062^3.85*34.38--3.09/30.9
77.59+-61.89+(45.81*11.64*-11.07-22.37*(-37.85--66.18*-18.39**2+(14.67**1+25.91/51.77/-58.59))),+77.59*45.81*11.64--11.07--37.85*-66.182^1^+14.67/25.91/51.77-58.59+-18.39*22.37+-61.89
-15.92+-98.25/-85.79*64.66*(-51.89/84.17)--92.95**1+50.74**1+91.4**2--87.84**2-43.63,+-15.92/-98.25*-85.79/-51.8984.17*-*1^+-92.951^+50.742^-91.42^--87.8443.63
-60.1/43.43*-24.84**1--86.22-77.22+-65.8+66.85--73.44+7.49**1--52.87*19.08*-73.12/-84.18,/-60.1*43.431^--24.84--86.22+77.22+-65.8-66.85+-73.441^-7.49*-52.87*19.08/-73.12-84.18
-43.44+75.6*-51.09+32.42**2+-19.47-(-18.42**1--19.26+(84.88**1--4.51*-2.08/-10.95/20.26)),+**75.6+-51.092^+32.421^--18.421^-84.88*-4.51/-2.08/-10.9520.26+-19.26--19.47
(61.3*-7.87**2+30.22*33.45**2+-68.63*-49.73*21.47+59.25--21.98+2.26**2-2.73+-74.36),*61.32^+-7.87*/2^+33.45*-68.63*-49.73+21.47-59.25+-21.9890.6^-2.26+2.73-74.36
(77.77/95.68/-7.61*-41.07*1.22)--14.08*-85.02-(-77.71/-95.35*42.53**2+(-1.21/-25.68)-54.84*43.06),/-/95.68*-7.61*-41.071.22-*-14.08/-77.71*-95.352^/-1.21-25.68+/42.53*54.8443.06--85.02
-52.38+-25.58-(55.2+-98.99+(55.45**1+6.43**2--66.2)/-92.25+(24.05/28.59/(5.83--84.58)*(31.52))),+-52.38++91.92^+55.452^-6.43-66.2/+-98.99/24.05-5.83-84.58/31.52*28.59+-92.25--25.58
-80.44--12.47*57.19*48.25**2-(-89.0+-2.23**1+(-10.66-30.66+93.25/9.98)*90.06/-65.67)*41.52,--80.44**+57.192^+-89.01^--10.66+30.66/93.259.98*+-2.23/90.06-65.67*-48.2541.52
-35.35+65.94**2--7.26*-39.17*29.12-2.42-81.06**2-(-61.3--92.74)-93.58--33.98+(-24.31/52.25),++2^-65.94*-7.26*-39.17-29.12-2.422^--61.3-92.74--81.06-93.58/-24.3152.25+-33.98
-36.75+-78.92--22.97/58.35**2--18.41/(-0.27**2-32.12)-(-49.38+13.9+-30.56+-96.46)--60.31+(56.45),+-36.75--78.92/-22.972^-58.352^--0.2732.12/+-49.38+13.9+-30.56-96.46---18.4156.45+-60.31
97.4/-67.8+-11.19/46.31--73.85--79.43/-61.96+21.28+42.74*-38.63-(-67.39-68.14)--98.06-8.58+23.37,/97.4+-67.8*-11.19-46.31--73.85/-79.43+-61.96+21.28*42.74--67.3968.14-+-38.63--98.06+8.5823.37
-99.31--15.33+(25.6+-93.94+(11.51-(-5.24+-95.25+50.61)*-14.5**1+33.04+-11.7)/-92.19-80.74)+27.16,--99.31+25.6+-5.24+-95.2550.61*-11.511^+-14.5+33.04-11.7/+-93.94--92.1980.74++-15.3327.16
(-99.98+-38.67)+10.8**1+-10.69--85.37**1+-31.16+(68.87+3.98-14.19/-39.1-46.22**2--69.55),+-99.98-38.67+1^+10.8--10.691-+-85.37+68.87-3.98/14.19--39.12^-46.22-69.55+-31.16
-68.27+83.69**2-35.5--2.64/(56.8--63.8)**2+-85.44+(38.09--5.9/(-71.45*-77.09)/50.22**1),+-68.272^^83.69-35.5-56.8-63.82^/+-2.64-38.09*-71.45-77.09//-5.91^50.22+-85.44
38.5+-59.33**2+-66.84**1--93.95*-2.57/(40.45**2+(-57.5/9.55+77.07*-95.13-88.31/-1.84)),+38.52^+-59.331^--66.84*-93.952^/-57.5+9.55*77.07--/88.31-1.84+40.45/-2.57
29.61-(60.31*91.71/-72.86/(-43.31/(75.2/60.78)+-77.85*(91.43**2+-88.89+72.89+58.03/64.93+(46.92)))),*60.31/91.71/*60.78/+-43.312/+91.43+-88.89+72.89/58.0346.92+64.93*-77.85/-72.86-29.61
-28.03/-46.52**2-48.18*-35.88-(-50.79/-87.03)*-16.05--68.96+-23.74*96.58*0.33**1+-2.28+29.9,/-28.032^--46.52*48.18/-50.79-87.03*--35.88--16.05+-68.96*-23.74*96.581^+0.33+-2.2829.9
-94.66+-43.44+63.26*-81.78**1+8.33-61.89+-12.38*36.45/-19.53**1-68.74-(-78.35**2+85.78),+-94.66+-43.44*63.261^+-81.78-8.33+61.89*-12.38/36.451^--19.532^+-78.3585.78-68.74
-44.15--46.1**1-82.63+-1.02+-81.85+76.26*-15.66+-57.9*21.09*62.64+(18.14--17.8*-70.24+(57.09)),--44.1541.25^*-46.1+82.63+-1.02+-81.85*76.26+-15.66*-57.9*21.09-18.14*-17.857.09+-70.24+62.64
-4.9--55.03/52.97+46.04--64.7**1-63.58**2+(70.52/-97.49**2-(97.57-7.23**2+-15.33)),--4.9/-55.03+52.97-46.041^--64.72^/-2^-97.572^+7.23-15.33--97.49-63.58
-42.18**1+-57.76--55.85*(64.76/(47.6/-25.92/60.75**1+-8.77/-79.51+-70.0+(-8.9+(78.86*79.43)))),1^+-42.18--57.76/47.6/-25.921^+60.75/-8.77+-79.51*78.8679.43+-8.9+-70.0/64.76*-55.85
(31.92-4.93-91.95*-26.09+(41.87**1-67.43--65.93+81.51--3.4*-64.32/98.63/(-95.07-86.92-47.57))),-31.92-4.93*91.951^-41.87-67.43+-65.93-81.51*-3.4/-64.32^-95.07-86.9247.57*98.63+-26.09
-90.59--18.62**2-24.6*68.1*-88.96*-56.45*51.85*6.5/65.18**2-(-71.96*11.3**1+75.45),--90.592^--18.62*24.6*68.1*-88.96*-56.45*51.85//2^*-71.961^+11.375.45-65.18
10.45/-38.86*-21.33**2-25.22-44.33+(83.2**1+(52.49/-2.24-8.41+(-75.5**1-16.1-56.19))),/10.45*-38.862^--21.33-25.221^/52.49--2.241^--75.5-16.156.19+8.41+83.2+44.33
-62.44-(10.31*69.15*-3.02-(-7.89--34.11/9.26*-31.31/(-40.47/2.54/-99.1**1-8.25/69.48-78.65))),*10.31*69.15-+/-34.11*9.26/-40.47/2.541^--99.1/8.25/69.4878.65/-31.31--3.02--62.44
74.69**1+(81.66-(27.2--80.44)*(-13.48*(-3.07/98.25+9.89**1--82.62)/28.16*10.19)*98.85-15.85),1^-27.2-80.44/-3.07+98.251^-9.89-82.62*//*28.16***-81.66-98.8515.85+74.69
-44.18-(-99.81*-82.19--49.67--56.69+-27.09**1-(95.02--12.68)/9.72*(72.41-58.6+(-52.5/-37.7-80.14))),*-99.81--82.19--49.67+-56.691^-95.02-12.68/--27.09-72.41-^--37.780.14+58.6*9.72--44.18
-9.07-56.98+(-33.77-5.17-74.54/-59.77)/81.99+-25.44*-88.2/-58.29--86.96*-95.44+-7.21**2+(42.15),--9.07--33.77-5.17/74.54-59.77/+56.98+81.99*-25.44/-88.2--58.29*-86.96+-95.442^42.15+-7.21
(52.58**2+80.74*70.75*86.77/-0.16/51.18*-44.84**1+-37.15+29.51**1-70.41*-81.27)/92.71,2^+52.58*80.74*70.75/86.77/-0.16*51.181^+-44.84+-37.151^-29.51*70.41-81.27/92.71
-38.94-(23.54--53.23-56.72)**1+-66.73--54.38+(-62.62/22.54+44.7**2+-40.54**1-(-87.38*67.99)),-23.54--53.2356.721^-+-38.94--66.73/-62.62+22.542^+44.7-39.75^*-87.3867.99--40.54+-54.38
17.63/-51.61/73.3**2-3.16**1+-50.96*99.64/-46.26*(69.95**1+68.79+41.37-8.36+-31.79),/17.63/-51.612^-73.31^+3.16/-50.96/99.641^+69.95+68.79-41.37+8.36-31.79*-46.26
-81.06/-95.24+-29.69*52.67*-38.42/(-35.89--87.81)*-74.47*53.92/70.98/86.65*-40.96**2+30.56**2,/-81.06++*-29.69*52.67--35.89-87.81/*-38.42*-74.47/53.92/70.98*86.652^+-40.9656.21^30.56
7.39-55.67--20.47+43.31/53.3/62.0**2+-13.08+-34.5**2+-34.19**2--34.78*(31.82+14.66),-7.39-55.67+-20.47/43.31/53.32^+62.0+-13.082^--34.52^--34.19+31.8214.66*-34.78
-19.53**2+0.62+68.16/-56.33*54.32+-53.95**1+54.52/32.45+44.01-19.64*54.54/(-98.88-5.68),2^+-19.53+0.62/68.16*-56.33+54.321^+-53.95/54.52+32.45*44.01*19.64--98.885.68/54.54
87.1+70.72**2+-89.41-6.35/58.06-(-93.17**1+45.68**2+-44.74/19.0)--86.73+39.04*11.8,+87.12^+70.72--89.41/6.351^+-93.172^+45.68/-44.7419.0--58.06+-86.73*39.04+
-83.22/-66.67*-0.72/-65.46*-64.37/-75.66-(-58.86**2+-68.88+-34.32*43.1-53.9)/55.24+-82.33*32.57,//*-66.67/-0.72*-65.46/-64.372^+-58.86+-68.88*-34.32-43.1+/--75.66+55.24*-82.3332.57
12.23*(-15.68+-77.06)*29.0/7.61**1+-12.9*-5.18**2+-38.36+-44.57+46.35--39.41**1--63.22,+-15.68-77.06**12.23-29.01^+7.61*-12.92^+-5.18+-38.36+-44.57-46.351^--39.41-63.22
-6.57/18.38**2+67.64-41.34-40.44*-24.15**2-40.44+-46.96-59.35**1+22.7+36.23+(61.9),/+2^+18.38-67.64-41.34*40.442^--24.15+40.44--46.961^+59.35+*61.9+36.23
-2.69+-0.52--25.18--36.36+-98.79**2+(-52.78+-79.77+46.03*4.8-6.12*70.91+-79.1)**1--83.52,+-2.69-^--25.18+-36.362^+-52.78+-79.77*46.03-4.8*6.12+70.91-79.11^+--98.79-83.52
48.39+2.48/-85.36-30.38**2-(-11.21+-47.75/24.03+(-32.86/50.89)+64.12)-83.25/-76.52-17.55/30.78,+48.39/2.48--85.362^+-11.21/-47.75/-32.8650.89+/24.0364.12--30.38/83.25--76.52/+30.78
-73.9-(-8.57/67.46*28.65*-46.18)**1-(88.26**1+95.22*(-74.73/-78.43--10.69-53.95/21.27--71.29)),/-8.57*67.46*28.65-46.181^-1^+88.26/-74.73--78.43--10.69/53.95-21.27-71.29*95.22--73.9
4.07-99.97**1+-48.69**2+53.44-61.76-18.75--27.9/7.55/(46.22+97.31*-48.08)**1+-48.96,-4.071^+99.972^+-48.69-53.44-61.76-18.75/-27.9+46.22*97.31-48.081^++7.55-48.96
21.76-1.26*-14.42/-8.71-(-14.02**1-46.18+(-67.32-(37.46*-55.78/60.02)**2+-47.61)*-67.47)*-66.51,-21.76*1.26/-14.421^--14.02*37.46/-55.7860.022+-+-67.32-47.61*+46.18-67.47*--8.71-66.51
-42.84--58.9**1-34.6/-67.83--60.68-4.6**1+-86.44**1--69.36**1+-2.1*96.35/48.82,--42.841^--58.9/34.6--67.83--60.681^+4.61^--86.441^+-69.36+-2.1/96.3548.82
82.91--8.26*(-4.57/-75.66*-66.13*63.25*44.2**2+71.02--93.45-2.0/-40.83--33.93*-57.76/43.22),-82.91/-4.57*-75.66*-66.13*63.252^+44.2-71.02--93.45/2.0--40.83*-33.93/-57.7643.22*-8.26
56.02*75.61+(61.94-(59.35**2-92.25*87.94*-92.84-30.37*56.33+(17.7/-39.72/-59.58*63.58*-58.36))),*56.022^-59.35*92.25*87.94--92.84*30.37/17.7/-39.72*-59.58*63.58-58.36+56.33-61.94+75.61
81.27+38.81**1+(69.45*-15.12+83.13*-4.57)*32.27*89.8**1--72.58+-38.27*79.96*61.45+16.57,/81.271^*69.45+-15.12*83.13-4.57*+38.81*32.271^/89.8+-72.58*-38.27*79.96+61.4516.57
-38.82+29.75+-72.35**2-14.77+-71.18/-33.1+73.45--63.84/(49.49/76.62)/(22.18-64.01*-3.19+-60.5),+-38.82+29.752^--72.35+14.77/-71.18+-33.1-73.45/49.4976.62/-22.18*64.01+-3.19-60.5--63.84
24.79+0.05*-9.35-(44.57/-85.49-14.04**1-69.01+(-28.71+-59.77/95.69-(-86.37**1-83.78--51.16))),-24.79*0.05/44.57--85.491^-14.04+-28.71/-59.771^--86.37-83.78-51.16-^+69.01--9.35
-14.76+(-65.61-64.01)/82.01/59.94/-23.95+(-51.59**2--70.4/40.21**1+-59.74+0.21+-76.8)+78.31,--64.01/+-14.76/82.01/+2^--51.59/-70.41^+40.21+-59.74+0.21-76.8++-23.9578.31
94.29/(-16.93*(74.34+-19.96**1+76.3**2-91.55+-59.76*40.77**1+(32.67/-41.87*47.56)+-13.26)),+74.341^+-19.962^-76.3+91.55*-59.761^/32.67*-41.8747.56+^40.77-13.26*-16.93/94.29
-75.78--57.65*-33.21*83.3+(-38.85/-38.77--24.68-(2.94/-37.85+-40.58)*25.92*-38.03**2+76.25*65.12),--75.78*-57.65*-33.21/-38.85--38.77/2.94+-37.85-40.58*--24.68*25.922^*-38.03*76.2565.12+83.3
9.8-55.62+44.54**1+-39.23-88.23*-25.8*98.78*(-34.76/(64.65*(51.88**1+-59.45+64.76**1))),-^+55.621^+44.54--39.23*88.23*-25.81^+51.88*-59.451^64.76*64.65/-34.76*98.78
28.34-33.82*-76.94**1+68.3/31.36*-49.45*(-7.3*66.85-85.23*(5.04/26.82*-95.66+40.33*92.31)),-28.34*33.821^+-76.94/68.3*31.36*-7.3-66.85/5.04*26.82+-95.66*^92.31*85.23*-49.45
(81.49/-69.45+(31.76+46.85--29.45*-14.51+-61.35)**2+-95.11**1-88.13**2+68.25/(42.55*-4.97)),/81.49+31.76-46.85*-29.45+-14.51-61.352^++-69.451^--95.112^+88.13*42.55-4.97/68.25
(-91.79-(8.96/86.93+-27.95-(19.94+-4.09**2+70.33)/-22.99)/88.89)-(-30.03-34.09+38.53)--23.79/(-18.98),/8.96/86.93+19.942^+-4.0970.33/--27.95-22.99/--91.7988.89--30.03+34.0938.53---18.98/-23.79
99.56-92.11**2--69.05**2+-57.3/25.99+-24.59*56.99*-68.41*(-93.44*62.58/-52.0/-31.07/70.5),-99.562^-92.112^+-69.05/-57.3+25.99*-24.59*56.99*-93.44/62.58/-52.0/-31.0770.5*-68.41
74.06*-71.39*(16.12--57.3+96.01*-12.56/(-9.47*(-56.97*-42.59**1+9.75+-57.94-(-12.64**1-(39.9))))),*74.06-16.12+-57.3*96.01*-56.971^+-42.59+9.751^39.9^-12.64--57.94*-9.47/-12.56*-71.39
1.74/6.21**2-(29.4+32.6*-65.06**2-67.6+35.02+-18.53**2-77.36-(8.29+10.27-99.05)),/1.742^+29.4*32.679.71^--65.06+67.6+35.022^--18.53+8.29-10.2799.05-77.36-6.21
72.72+42.05--63.66**1+-62.4-70.54--90.13--11.35+72.15/-92.81/-33.36/61.29/(45.1*-12.65*(53.27)),+72.72-42.051^+-63.66--62.4-70.54--90.13+-11.35/72.15/-92.81/-33.36*45.153.27*-12.65/61.29
(-14.26*25.48)/69.78/-7.82-39.52+-42.44*42.49-(46.82+-47.88/44.26)+64.2+-80.95*(53.34--26.33**1),*-14.2625.48//69.78--7.82+39.52*-42.44+46.82/-47.8844.26-+42.49+64.2-53.341^-26.33*-80.95
47.01-29.12/90.42*-86.91*(-71.08/54.41--39.69)--89.37*-70.81**2+39.18/66.39-12.21-93.55*32.02,-47.01/29.12*90.42/-71.08-54.41-39.69*--86.91*-89.372^+-70.81/39.18-66.39-12.21*93.5532.02
-84.23-55.06/(-49.87/-75.08--33.1**1--78.38+7.28**2+76.38+-72.85/43.46)--34.15-6.77-97.99,--84.23/-49.87--75.081^--33.1+-78.382^*7.28+76.38/-72.8543.46/-55.06--34.15-6.7797.99
-51.56/-68.12-50.12**2-(6.0-(-58.68--93.11*-91.12**1-27.63-(46.23/9.55**1+-91.76**2))),/-51.56--68.122^--58.68*-93.111^--91.12/46.231^+9.552^-91.76-27.63----
-69.2**2-(-85.68/-25.52+95.37)--84.13**1+-44.09--32.23+1.84**2+18.79/(-98.72-63.3--68.26),2^/-85.68+-25.5295.37---69.21^/-84.13--44.09+-32.232^+1.84--98.72-63.3-68.26/18.79
-89.61*-21.65*75.16*-69.31-99.68/52.77*-4.77**1--51.78--1.31+-60.76*(65.74--55.2**1+-28.96),*-89.61*-21.65*75.16--69.31/99.68*52.771^--4.77--51.78+-1.31/65.741^+-55.2-28.96**
-7.72/97.46/-67.53--5.53-4.32*-88.46+-84.03--5.25--52.86*-72.73/58.39--43.93-40.47/-31.58/32.83,/-7.72/---67.53--5.53*4.32+-88.46--84.03--5.25*-52.86/-72.73-58.39--43.93/40.47/-31.5832.83
14.19/-7.08/56.52+-39.99*-41.0/81.37**2+-78.92+-18.66**2+9.9/(29.09/16.73)*-85.9**2,/14.19*-7.08-56.52*-39.99/-41.02^+81.37+-78.922^+-18.66/29.0916.73/*9.92^-85.9
-47.15*-9.7*-34.8-(-79.13**1+-49.68)*(26.15*84.68/(88.62*92.47--74.7-98.56/73.52/(-95.17**2))),*-47.15*-9.71^+-79.13-49.68*26.15*88.62-92.47--74.7/98.562^-95.17/73.52/84.68*--34.8
55.42/(39.06--47.13*-30.17*-64.45)**1--15.92-13.49+(-1.78+(-28.17/43.56)/39.23--20.78)*88.19**1,-39.06*-47.13*-30.17-64.4536.49^/-55.42--15.92/-28.1743.56/+-1.78-39.23-20.78*+13.491^88.19
49.32**1-84.4*(77.58/-68.61/-48.42*-41.4**2+-43.57/-33.44/34.01**1-73.21)+-14.55/-40.44,1^-49.32/77.58/-68.61*-48.422^+-41.4/-43.57/-33.441^-34.0173.21*+84.4/-14.55-40.44
12.55/(9.9/78.68-(-17.01/-19.57*-43.34+73.17**2-3.62+-57.07)/71.74+-6.48)/(92.25/52.99+-78.32),/9.9/-17.01*-19.57+-43.342^-73.17+3.62-57.07/-78.68+71.74-6.48//92.25+52.99-78.32/12.55
-41.24/-89.1*(4.94**2+(-94.28**2+-93.95-65.4**2-79.94)*54.14)*-14.65**1-(35.39/-77.43),/-41.242^2^+-94.28--93.952^-65.479.94*+4.9454.14**-89.11^/35.39-77.43--14.65
67.64/43.61-42.81**1-(72.23-50.01**1+95.82-(35.63-19.67+-74.61*56.1**1--89.67)*20.0),/67.64-43.611^-72.23-48.69^+50.01-35.63+19.67*-74.611^-56.1-89.67*-95.8220.0-42.81
44.15*15.23+-3.5**2+-35.17+28.28**2+79.93-98.07*-90.67**2+24.32--39.76*-50.57*(-20.53),*44.15+15.232^+-3.5+-35.172^+28.28-79.93*98.072^+-90.67-24.32*/-20.53*-50.57
(-18.0**2+-38.27**2+-44.89--15.0*-74.5**1+-94.18**1-(-39.63--81.25**1+-88.29/78.46)),2^+-18.02^+-38.27--44.89*-15.01^+-74.51^--39.631^+-81.25/-88.2978.46--94.18
34.68-67.23**1-(-81.98-16.76)-31.74**1--10.56+48.09**2+40.22-45.61--70.54*97.12+-78.81,-34.681^--81.9816.76--67.231^-31.74+-10.562^+48.09-40.22-45.61*-70.54+97.12-78.81
-13.59*74.34*-4.61*34.34**2+95.27+99.3/66.04--75.91*(14.78--51.46)**1-0.93/57.02/-55.46,*-13.59*74.34*-4.612^+34.34+95.27/99.3-66.04-14.78-51.461^*--75.91/0.93/57.02-55.46
-26.46/17.75--27.75**2-72.24/-31.1-63.52**2+85.17/(-21.42--79.2+56.45+33.16**2--16.74),/-26.46-17.752^--27.75/72.24--31.12^+63.52--21.42+-79.2/56.452^-33.16-16.74/85.17
-52.9+-57.23+-82.12+(-87.26*-6.58+-22.48-1.78**2--0.69+(91.93+37.7**1--66.28+(19.35+70.42))),+-52.9+/*-87.26+-6.58--22.482^-1.78+91.931^-/+19.3570.42+-66.28+-0.69+-82.12
77.95**2--66.0**2+(38.65*-10.99**2+37.1*7.23+-63.43/(-6.35+-73.3/-24.81)/-64.0+48.14),2^-77.952^*38.652^+-10.99*37.1+7.23+-6.35/-73.3-24.81//-63.43+-64.048.14+-66.0
-7.78+-44.84*14.65**2--46.41**1-90.58--5.25/-89.84**2--4.1/-29.46/-37.6+-69.41**1,+-7.78*-44.842^-14.651^--46.41-90.58/-5.252^--89.84/-4.1/-29.46+-37.61^-69.41
11.82*1.87+-16.17/-95.35**1-(36.78**2+83.07**1-59.79)+-12.3-61.75-(25.31+-67.12*(-66.08)),*11.82+1.87/-16.171^2^+36.781^-83.0759.79++-95.35--12.3+/-66.08*-67.12-61.75
84.07**2--8.01*90.12/40.39+90.07--0.16-58.8/-9.95+-43.46*52.78+-97.74*-55.25*-55.6*-88.65,2^-84.07--8.01/90.12+40.39-90.07--0.16*58.8+-9.95*-43.46+52.78*-97.74*-55.25*-55.6-88.65
-66.32*-32.7**2--95.31/53.19*72.68--94.01*23.41*-27.06/59.26**1-97.72**1-51.86/54.96,*-66.322^--32.7/-95.31*53.19-72.68*-94.01*23.41/-27.061^-59.261^-97.72/51.8654.96
-98.74**2-(27.07/(41.21+(-27.18/8.59)*-52.43-(-83.92/-13.46--9.63/81.75+58.09**2+80.58)+-48.68)),2^/-27.188.59*+41.21/-83.92--13.46/-9.63+81.752^^58.0980.58-+-52.43-48.68/27.07--98.74
83.54+52.03*(12.92+-94.59)/(58.29*91.14/69.8/-62.06+76.23**1+(53.19--50.47--99.7*7.3)+-50.1),+83.54+12.92-94.59**58.29/91.14//+-62.061^-53.19--50.47*-99.77.3++76.23-50.1/52.03
17.75-(-14.02-73.44)/(-34.72--82.97**1--44.51--65.91**1--0.92+35.19*61.33--26.63)*78.92*(-89.73),--14.0273.44--34.721^--82.97--44.511^--65.91+-0.92*35.19---26.63/*-17.75-89.73*78.92
-81.69+64.88+19.62**2-44.66*-98.48-66.47-(-55.87/42.98+(38.5+(-9.3/-32.86*(-88.45/47.5/-36.25)))),+-81.69+64.882^-19.62*44.66--98.48/-55.87/-9.3/-88.45/47.5-36.25*-32.86+38.5+42.98-66.47
-0.98**2--8.93--57.01/41.05+(-27.82**1+-96.81-62.01/-78.12**2+(13.74-(75.8/2.23)**1)),2^--0.98--8.93/-57.011^+-27.82--96.81/62.012^/75.82.231^-13.74+-78.12+41.05
29.91+59.37+32.14+12.58+31.36/-79.71+18.68+18.46*-86.81/78.48--41.24*99.57+-72.49+4.68*3.17,+29.91+59.37+32.14+12.58/31.36+-79.71+18.68*18.46/-86.81-78.48*-41.24+99.57+-72.49*4.683.17
79.59*4.19/-98.64*-55.02+(-99.61/64.35*90.29**2+-61.01*38.82/70.22/83.78)-65.51-40.13**2,*79.59/4.19*-98.64/-99.61*64.352^+90.29*-61.01///70.2283.78+--55.02-65.512^40.13
(8.38--16.33*-1.09**2+68.2**1+3.93+41.15**1+-30.04--84.44**2--32.58/-49.62)/75.7,-8.38*-16.332^+-1.091^+68.2+3.931^+41.15--30.042^--84.44/-32.58-49.62/75.7
61.66**1-17.56+(86.56**2+67.73+40.76**1--11.76**1+87.57-1.36-94.35-(-3.15*33.06)),1^-61.662^+86.56+67.731^-40.761^+-11.76-87.57-1.36*^33.06-94.35+17.56
26.69/(-73.28--26.42)**2-85.81/90.66/-96.52-78.13--19.31+-89.02*-61.63--47.86/65.44**2+35.82,--73.28+2^/-26.69/85.81/+--96.52-78.13+-19.31*-89.02--61.63/-47.862^+65.4435.82
80.21*-57.96*(-25.12+-8.36**1--47.82-98.52-(-26.04**1+-39.58**1-99.5)*-65.16**2+(33.42)),*80.21+-25.121^--8.36--47.821^+-26.041^--39.5899.5*-98.522^33.42+-65.16*-57.96
83.58+35.74*-37.18--73.65-(98.75*-97.27+-57.24*-48.89*79.18**1+-1.56)/12.07--87.13**2+99.73,+83.58*35.74--37.18*98.75+-97.27*-57.24*-48.891^+79.18-1.56/--73.65-12.072^--87.1399.73
-61.36+-54.46+-46.56-(56.75/34.15*87.79)**2+67.54+(-87.53*-17.0/-16.82/-84.55)+-13.37+-42.96**1,+-61.36+-54.46/56.75*34.1587.792^-+-46.56*-87.53/-17.0/-16.82-84.55++67.54+-13.371^-42.96
(-55.14**1+55.12/19.17/-14.93/-25.06/-97.14/-32.24**2-(42.69**1+-99.43+(55.94-31.01**1))),1^+-55.14/55.12/19.17/-14.93/-25.06/-97.142^1^+42.69-55.941^31.01+-99.43--32.24
-23.5**1--49.32--44.35+(-21.98/(-62.5**2--61.72+16.2)--38.56**1--98.0**2+6.88-54.89),1^----49.322^--62.5+-61.7216.2/--21.981^--38.562^+-98.0-6.8854.89+-44.35
95.1/76.48**1--99.54**2+9.05/34.85**2-21.51+24.72*25.62*47.49**2+(89.1+-24.36),/95.11^-76.482^+-99.54-9.052^-34.85+21.51*24.72*25.622^+89.1-24.36+47.49
60.91/3.41*93.37+-79.28**1-37.83/-24.57**2--3.32**1+50.62**1+-21.88**2+-72.05,/60.91*3.41+93.371^--79.28/37.832^--24.571^+^1^+50.622^+-21.88-72.05
-57.7*17.6*83.04*5.72+(-91.19-70.13+35.05/7.42/-1.61)+74.52**2+-9.25/(-34.82/-35.75-87.27),*-57.7*17.6*83.04--91.19+70.13/35.05/7.42-1.61/+5.722^+74.52/-34.82--35.7587.27--9.25
-57.02-38.59--16.96-35.48/-49.13+-11.35--57.58--50.33*-60.45*87.67+84.14/-76.89+44.74+(-69.41**2),--57.02^38.59--16.96/35.48+-49.13--11.35--57.58*-50.33*-60.45+87.67/84.14++2^-69.41+44.74
-10.54*-5.5+87.35/-35.84+-76.07/84.11**2+-36.79*-56.63/-70.16-35.91--93.69/-56.23+-53.94/20.27,*-10.54+-5.5/87.35+-35.84/-76.072^+84.11*-36.79/-56.63--70.16-35.91/-93.69+-56.23/-53.9420.27
1.2--70.08/(24.69-63.25--37.03+(82.6**1+-54.47*99.15--79.21-16.25/60.67**1-33.84*-97.31)),-1.2^24.69-63.251^+82.6*-54.47-99.15--79.21/16.251^-**33.84-97.31+-37.03/-70.08
99.77/-94.45/81.39+49.53*15.38-68.62--18.64/-16.23/(97.23+-46.32+29.52*17.15+44.2+53.41-(78.96)),/99.77/-94.45+81.39*49.53-15.38--/-18.64+97.23+-46.32*29.52+17.15+44.278.96-53.41/-16.23
74.89*32.48/(-97.67+(-70.38**2+32.79**1+40.45**2+97.39**2+5.51**2-61.89-15.64)),*74.892^+-70.381^+32.792^+40.452^/97.392^-5.51-61.8915.64+-97.67/32.48
51.06**1+-5.67*90.46**1--48.78*86.24**1+44.87/-7.15+-98.49+-55.96*-40.34+99.52-54.19,1^+51.06*-5.671^-90.46*-48.781^/86.24/44.87+-7.15+-98.49*-55.96+-40.34-99.5254.19
81.32**1--67.0**1-63.93*30.49**2-78.07-54.38--93.82+-19.0--80.02/-36.26**2+44.2,-66.92^-81.321^*-67.0*63.932^-30.49-78.07-54.38+-93.82--19.0/-80.022^+-36.2644.2
2.83**1+-22.61**1--70.61/-51.37*97.45+34.81--25.43--15.12/-25.66**2-1.71**2--23.03,1^+2.831^--22.61/-70.61*-51.37+97.45-34.81--25.43/-15.122^--25.662^-1.71-23.03
(-4.24/14.76*22.16*-5.02**1+-35.07--19.9/-29.53*(-91.49--79.55+-37.41/39.12/81.39/(-85.49+2.8))),/-4.24*14.76*22.161^+-5.02--35.07/-19.9--91.49+-79.55/-37.41/39.12/-85.492.8/81.39*-29.53
-33.24**1+80.01**1-74.96*-53.71*-98.08**2-11.06/7.34+7.99+-23.26**2--1.81+71.88,1^+-33.241^-80.01*74.96*-53.712^--98.08/11.06+7.34+7.992^--23.26+-1.8171.88
-72.26-(-69.15/77.56-65.43+-69.76)--93.63**2-85.67*10.29**2+-48.27+-41.73*98.98--9.74+5.53,/-69.15-77.56+65.43-69.76---72.262^--93.63*85.672^-10.29+-48.27*-41.73-98.98+-9.745.53
31.51+-86.12--79.71+-50.33**2-(20.9**2--27.94*-24.94*97.53-14.74-(25.44+35.4**1-(-97.23))),+31.51--86.12+-79.712^2^-20.9*-27.94*-24.94-97.53+25.441^-97.23-35.4/14.74--50.33
-90.82*58.84*-99.04+-29.61-93.85**1+-36.32/(27.18--59.67)+-99.79**2--78.36**1-53.98-(-74.8),*-90.82*58.84+-99.04--29.611^+93.85-27.18-59.67/+-36.322^--99.791^--78.36-74.8-53.98
-46.45--1.01/86.37*-93.55/-86.89+42.4/10.06**2-61.57*(2.06*22.09)*54.44/(24.61*-64.62**2),--46.45/-1.01*86.37/-93.55+-86.89/42.42^-10.06*2.0622.09**61.57*24.61-54.63^-64.62/54.44
47.24--72.69-60.02/-56.19--42.18*(-67.97/-60.4+83.94*-59.13-36.06)-(-6.73-88.54/50.12*-74.01**1),-47.24--72.69/60.02--56.19/-67.97+-60.4*83.94--59.13^*--6.73/88.54*50.121^-74.01--42.18
90.93**1-57.03--97.11--6.5**2+34.2+-14.23--33.01/48.98+(-18.88+0.86)**2--63.2**1,1^-90.93-57.03--97.112^+-6.5+34.2--14.23/-33.01+-18.880.862^+-48.981^-63.2
68.94*14.8-73.39**2--91.49-80.98/(-23.81-82.36-(-87.96--74.99**2+99.32+2.41)**2--43.51),*68.94-14.819.23^-73.39--91.49--23.81--87.962^+-74.99+99.322.412^--82.36-43.51/80.98
24.02**1+63.58-46.73*-12.62+(18.22**1-79.94**1+70.92-59.02)**1-(98.68*-92.17**2),1^+24.02-63.58*46.731^-18.221^+79.94^70.9259.021^+*98.682^-92.17--12.62
57.98*16.19**2--62.85+47.19+(72.17*(35.68**2+3.93**2-12.32*-7.93-68.56/5.02)*-28.95),*57.982^-16.19+-62.852^+35.682^-3.93*12.32--7.93/68.56***72.17-28.95+47.19
-25.06-(35.49**2+(39.0+-66.87-25.49**1+95.12+-89.35+8.09+-23.01)-16.35/(11.86--44.59)**1),2^+39.0--66.871^+25.49+95.12+-89.35+8.09-23.01+-35.49-11.86-44.591^/16.35--25.06
19.64/-78.29**2+-53.11/-81.59**2--72.44/0.93/-28.03+65.43*-74.63-(27.82**2+-3.72/31.7),/19.642^+-78.29/-53.112^--81.59/-72.44/0.93+-28.03*65.432^+27.82/-3.7231.7--
(-7.25*-27.69/-5.49**2--87.2*(0.8/(85.67+89.25/-95.2+-92.28/-71.67/65.2-85.84/50.14**1))),*-7.25/-27.692^+-5.49+85.67/89.25+-95.2/-92.28/-71.67^65.2/85.841^50.14/0.8*-87.2
8.71**2+-49.35/8.34**1+(-26.37+(87.74+(-58.22**1+98.92+43.83)/24.67**2--40.67+-78.57)),2^+8.71/-49.35-77.48^1^+-58.22+98.9243.83/+87.742^-24.67+-40.67-78.57+-26.37+8.34
-59.18--47.81*4.92*(75.87**2+-60.77**2+38.31--49.15--5.13-96.23/-7.21-59.5*-11.12-60.45),--59.18*-47.812^+75.872^+-60.77-38.31--49.15+-5.13/96.23--7.21*59.5--11.1260.45*4.92
85.14**2-16.89*60.86-83.31+(21.49/36.68+-85.73*62.69**1-(-98.6+-86.52-97.81--1.88+21.84)),2^-85.14*16.89-60.86/21.49+36.68*-85.731^+-98.6--86.52/97.81+-1.8821.84-62.69+83.31
-52.84**2-44.71-88.79-49.82-83.18-74.48*9.47*-1.85/43.13-(92.33*(39.23*59.5+37.69)--95.74),2^--52.84-44.71-88.79-49.82-83.18*74.48*9.47/-1.85*39.23+59.537.69*-92.33-95.74^43.13
43.71/15.32-(-26.01--83.96*84.61--57.62*81.86/-17.68*-88.79/2.24)**2--5.87**2+(-14.93-40.37),/43.71--26.01*-83.96-84.61*-57.62/81.86*-17.68/-88.792.242^--15.322^--14.93^+-5.87
26.56/-28.34+-11.33**2-(26.84*-4.48)+(64.72+-68.59*-39.56**2+35.7)+-32.94/-79.73/(76.73--0.31),/26.56+-28.342^*26.84-4.48-+64.72*-68.592^+-39.5635.7++-11.33/-32.94-76.73-0.31/-79.73
-5.58*-56.52*(-21.45/-5.7**1-(-75.38+-71.32/-85.83+-34.43*-31.36**1+(23.53**1-21.18/-92.28))),*-5.58/-21.451^+-75.38/-71.32+-85.83*-34.431^1^-//21.18-92.28+-31.36--5.7*-56.52
58.3*(-31.71*96.86**2--5.35-65.6)*60.34-99.44**2+-6.0*90.34+(-61.68**2--36.65/-11.32),*-31.712^-96.86--5.3565.6**58.3-60.342^+99.44*-6.02^--61.68/-36.65-11.32+90.34
81.23*-75.38*-29.26--33.92+41.12--42.15--82.61+65.38+-2.73**2+30.62/-56.75/-49.02+-24.11**2,*81.23*-75.38--29.26+-33.92-41.12--42.15+-82.61+65.382^+-2.73/30.62^-56.75+-49.022^-24.11
55.85/33.17**2-(98.33**2-87.53*-7.67+86.72--14.14/21.96*-99.56**2+13.86/0.48**2),/55.852^2^-98.33*87.53+-7.67-86.72/-14.14*21.962^+-99.56/13.862*0.48-33.17
84.96-97.44+39.1-87.18+(59.09+64.6*17.02**2-65.13--97.72-19.12)-(75.2**2-88.17**1),-84.96+97.44-39.1+59.09*64.62^-17.02-65.13--97.7219.12+2^-75.2-43.54^88.17-87.18
24.5+3.66-(-80.1**1+83.37*62.62/-73.4)+-17.8**1+92.53+32.08-44.56**2--49.74*73.23,+24.51^+-80.1*83.37/62.62-73.4-+3.66-12.1^+-17.8+92.53-32.082^-44.56*-49.7473.23
(75.05**2--56.18/-8.19**2+-58.72/(64.51**2+97.18)*-40.93*(57.04/63.13**1-(-44.56*-84.75))),2^-75.05/-56.182^+-8.192^+64.5197.18/*-58.72/57.041^*-44.56-84.75-63.13*-40.93
-11.5*(-45.94**1-58.97)/-67.9/93.01+99.23--35.38--2.49/-37.71*-16.89-(-26.96/-90.21+49.59**1),1^--45.9458.97*/-11.5/-67.9+93.01-99.23--35.38/-2.49*-37.71/-26.96+-90.211^49.59--16.89
79.29+(-71.11/69.9/-96.28--11.69/32.58)**2+-77.11+-99.67+47.69**2+95.11+5.03-(63.14+66.02),/-71.11/69.9--96.28/-11.6932.582^++79.29+-77.11+-99.672^+47.69+95.11+63.1466.02^5.03
22.72**1+(-30.26**2-(-67.83-92.1)/(89.95*19.82/-15.58-91.57+-69.31-(36.68**1-(30.42/-42.44)))),1^2^--67.8392.1*89.95/19.82--15.58+91.571^/30.42-42.44-36.68--69.31/--30.26-22.72
-70.44*-67.2+(-79.29-(75.63/64.27)*45.79**2-80.49/-57.86*5.74+26.54+-1.33)**2--29.15+-12.79,*-70.44/75.6364.27*--79.292^-45.79/80.49*-57.86+5.74+26.54-1.332^+--67.2+-29.15-12.79
-78.09-(51.34*-57.86*66.12)--64.6+-18.59/-69.77-29.7--31.85**2-(-75.26/10.21)--91.23*41.85-33.79,*51.34*-57.8666.12---78.09+-64.6/-18.59--69.77-29.72^/-75.2610.21---31.85*-91.23-41.8533.79
29.45-57.25/-68.21-98.34**2+50.85*-42.78+-61.69+22.43+10.32+-50.23**1+(-49.71+34.27+43.25),-29.45/57.25--68.212^+98.34*50.85+-42.78+-61.69+22.43+10.321^+/+34.2743.25+-50.23
(72.38*59.2**1+(2.56+(-33.96/99.86)/39.16*-83.21**2+23.81*35.35--25.79*94.3+17.85+(-50.65))),*72.381^/-33.9699.86/+2.56*39.162^+-83.21*23.81-35.35^-25.79+94.3-50.65+17.85*59.2
73.07+-45.58**1-26.82-40.27+-89.89-(65.08+27.32+26.61)*-64.7+74.64*-64.4*97.09/18.03+-16.31,+73.071^/-45.58-26.82+40.27+65.08+27.3226.61*-/+-64.7*74.64*-64.4/97.09+18.03-16.31
6.04**1-26.95*63.1/(54.69/22.65*(-63.4+1.98)*0.17*22.75**1+95.08*35.36*-90.01/-78.77),1^-6.04*26.95/54.69+-63.41.98**22.65*0.171^+22.75*95.08-35.36/-90.01-78.77/63.1
-18.18+-18.78/-52.97*-9.15+-44.35/(-2.59-4.84*42.83)/37.51**2+-17.55/80.09**1+59.26-(50.95),+-18.18/-18.78*-52.97+-9.15--2.59*4.8442.83/+-44.352^+37.51/-17.551^+80.0950.95-59.26
-84.62+6.69/61.1-37.96*(-75.12/-31.95+-21.45**2--99.72/-47.5/-23.71-11.41*(-67.21-99.92+-30.09)),+-84.62+6.69-61.1/-75.12+-31.952^--21.45/-99.72/-47.5--23.71--67.21+99.92-30.09*11.41*37.96
-36.52--87.1+-64.93+-27.12+19.33*19.48-27.28+-63.67*30.11*-97.8-20.48+(98.15+-81.39)/77.32**2,--36.52+-87.1+-64.93+-27.12*19.33-19.48+27.28*-63.67*30.11--97.8+98.15-81.39/+20.482^77.32
(94.47*-61.46*97.13+42.55/-85.51*(5.96**1+-58.34/-80.18+27.86/(77.08/-67.95*(-47.35-(-29.7--77.28))))),*94.47*-61.46+97.13/42.551^+5.96/-58.34+-80.18/77.08--29.7-77.28--47.35*-67.95/27.86*-85.51
-7.94**2+-79.88+(86.6--95.18--42.57--97.66--54.28)+-13.01/-12.76**2+95.11+-93.84+-89.76/-85.65,2^+*-86.6--95.18--42.57--97.66-54.28++-79.88/-13.012/+-12.76+95.11+-93.84/-89.76-85.65
-93.29/23.71**1-26.1*(27.08/60.85/-14.98--47.75)/-47.91**2-10.08/-40.98+16.45+-13.91**2,/-93.291^-23.71/27.08/60.85--14.98-47.75*/26.12^-*/10.08+-40.98+-2^-13.91
43.71*(76.53--33.57-(63.25+81.32)+57.65)+-47.73**1-56.83**1-70.71*-98.07-74.46/-68.43-(-61.19),-76.53+63.2581.32-+-33.5757.65*+43.711^--47.731^-56.83*70.71--98.07/74.46-61.19--68.43
11.04+-91.67*59.97-(-45.97+-66.51)*-6.83**1--63.37+21.49*(67.75+36.68)*-31.94/19.19*28.42**2,+11.04**+-45.97-66.51*-59.971^--6.83+-63.37+67.7536.68**21.49/-31.94*19.192^28.42
73.53-82.83*-4.37/(46.51--52.96+-51.43)**1+17.6**1+-64.84*30.26**1--83.4/(-99.65-98.19),-73.53*82.83-46.51+-52.96-51.431^/+-4.371^+17.6*-64.841^----99.6598.19/-83.4
-99.33/-81.08*(-74.92--31.03)+(8.43-45.34/-41.36/-34.91+41.0+-36.88)-36.21+-66.84-(50.85*-51.06)**2,/-99.33--74.92-31.03*-8.43/45.34/-41.36+-34.91+41.0-36.88+--81.08+36.21*50.85-51.062^--66.84
-15.79*-16.01**2--84.93*-67.81-(95.33/25.38*-0.75**1+-12.96/-50.04)*16.12*78.38/53.27/-38.63,*-15.792^--16.01*-84.93/95.33*25.381^+-0.75/-12.96-50.04*--67.81*16.12/78.38/53.27-38.63
(59.54-28.71--4.42+57.7/(-76.81/(-53.96--5.81*-86.44--41.92--68.29+22.28)*(-81.86/-17.71+-86.97/24.46))),-59.54-28.71+-4.42--53.96*-5.81/-86.44--41.92+-68.2922.28//-81.86+-17.71/-86.9724.46*-76.81/57.7
90.49*-10.52--59.62/-62.38**1+-53.28*-9.75*-98.62*-40.94*35.95*(-95.15**2-(85.78**2+-48.08)),*90.49--10.52/-59.621^+-62.38*-53.28*-9.75*-98.62*-40.942^2^+85.78-48.08--95.15*35.95
56.48/70.26+58.18+29.33*(-96.25*-75.83**1-29.41/23.78*2.41--43.34-(16.45*(11.36*88.44**2))),/56.48+70.26+58.18*-96.251^--75.83/29.41-23.78-2.41*11.362^88.44*16.45--43.34*29.33
59.9*24.63**1--55.2--73.19*50.79+-2.6**2-96.19--35.96*-93.04**2+(-78.12/-92.18)+37.92,*59.91^-24.63--55.2*-73.19+50.792+-^-96.19*-35.962^/-78.12-92.18++-93.0437.92
-50.79-(80.64-94.93-(6.58*61.29+18.84+9.04+(55.67*-61.16*-96.02)/-41.28*-26.69-9.88/-30.48--98.63)),-80.64*6.58+61.29+18.84*55.67*-61.16-96.02/+9.04*-41.28-^/9.88--30.48-98.63-94.93--50.79
99.89**2+(-10.62*30.86-2.24+(97.57**2-(-17.22-5.24/42.75+(76.52**2+87.04**1-11.91)))),2^*-10.62-30.862^--17.22/5.242^+76.521^-87.0411.91+42.75-97.57+2.24+99.89
-31.72**1--89.0/-11.04-78.77*(23.99+(-63.51/-98.57+(94.62-(-58.71*-31.41)**2-35.1*52.57+-20.29))),1^--31.72/-89.0--11.04/-63.51*-58.71-31.412^--94.62*35.1+52.57-20.29+-98.57+23.99*78.77
-31.89*59.16+-60.17/62.07**2+68.5*-42.15--81.03**2+7.09*19.34-39.3/(-38.57*56.62--77.07),*-31.89+59.16/-60.172^+62.07*68.5--42.152^/-81.03*7.09-19.34*-38.57-56.62-77.07/39.3
3.85+(70.49**1+(97.23**2+21.63+-69.36*79.64)*-44.59/55.78+79.69)*38.4+94.63-32.54--33.7,1^2^+97.23+21.63*-69.3679.64*+70.49/-44.59+55.7879.69*+3.85+38.4-94.63-32.54-33.7
(87.9**1+23.1-79.68)-37.45*-8.28*(42.59*44.83)-25.98*-66.54--88.08*93.04/20.18/79.46/63.73,1^+87.9-23.179.68-*37.45*42.5944.83*--8.28^25.98--66.54*-88.08/93.04/20.18/79.4663.73
-43.15*(-52.98+-78.51/-93.21**2+(-84.07/-21.86*-80.92*-41.93/82.31/(-74.26+-25.69--15.24+-15.64**1))),+-52.98/-78.512^/-84.07*-21.86*-80.92/-41.93+-74.26--25.69++1^-15.64/82.31+-93.21*-43.15
-21.62**2--67.08+-41.2-6.64*0.6-91.39-31.03**1--63.06-33.6--33.07/70.28+(71.8**1),2^--21.62+-67.08--41.2*6.64-0.6-91.391^-31.03--63.06-33.6/-33.071^/+70.28
(-44.61/69.03/-48.85/-60.39-61.71-49.53+-48.55/56.73/100.0/-26.89**1+79.54/9.11-95.92)/(85.64),/-44.61/69.03/-48.85^-60.39-61.71+49.53/-48.55/56.73/100.01^+-26.89/79.54-9.1195.9285.64/
81.3--7.73/-86.91-37.65*(99.08*-90.26)/(-32.38-48.24+6.05--26.14+40.33*38.57)-(-33.48/-21.71/-39.94),-81.3/-7.73--86.91*99.08-90.26*--32.38+48.24-6.05+-26.14*40.3338.57//-33.48/-21.71-39.94-*
33.41--74.95*-42.56**1+53.85--13.34*(-46.15+-68.65*92.32--48.76+-69.54-74.62/27.36)+-73.0-35.06,-33.41*-74.951^/-42.56-53.85+-46.15*-68.65-92.32+-48.76--69.54/74.6227.36*+-13.34--73.035.06
91.07-19.4-92.6+33.03+-86.56+70.03**1+-61.43/-98.09+(-97.5*31.05+-25.14)**2+-3.83+-30.64,-91.07-19.4+92.6+33.03+-86.561^+70.03/-61.43*-97.5+31.05-25.142^++-98.09+-3.83-30.64
-69.71+83.21--33.7/52.64**2+12.83**2+94.1-13.46*-22.15--97.5-88.81**2-22.28**1,+-69.71-83.21/-33.72^+52.642^+12.83-94.1*13.46--22.15--97.52^-88.811+22.28
(75.98**1+19.58)*14.97/(-30.88/-36.51+-21.38)*51.89-(34.58*26.86/89.38+-40.42)*-45.36**1--76.62,-83.14^+75.9819.58*/-30.88+-36.51-21.38/*14.97*34.58/26.86+89.38-40.42*-51.891^--45.36-76.62
(-17.0-39.01)/55.15*-22.52*-47.67*-75.08+72.76*-54.29*-78.31*67.23**2+(-30.62--22.27*-28.54**1),--17.039.01/*55.15*-22.52*-47.67+-75.08*72.76*-54.29*-78.312^+-30.62*-22.271^-28.54+67.23
-42.76+-31.31/83.49/-48.94**1-(-63.38/-79.28-50.59/79.44)/(-4.74-(25.94/-83.73/2.42/89.19)+24.74),+-42.76/-31.31/83.491^/-63.38--79.28/50.5979.44/25.94/-83.73/2.4289.19-+-4.7424.74/--48.94
9.59*37.99*49.35*(66.46*-84.26+78.5**1--40.07--15.36/(8.26/-71.17**1-17.57/-46.92*(-64.64))),*9.59*37.99-66.46+-84.261^-78.5--40.07/8.261^--71.17/17.57-64.64*-46.92/-15.36*49.35
-95.8*-56.13*71.58*14.99+-22.07**1+36.54+-55.51-(-82.39/-48.6+-62.53**2+-94.04+80.48-60.07),*-95.8*-56.13*71.58+14.991^+-22.07+36.54/-82.39+-48.62^+-62.53+-94.04-80.4860.07--55.51
(-28.22**2+21.0)*-29.98*87.41-(-88.16*29.75)-64.92**2-92.76**2+98.89**2+(44.99+-11.28),-98.03^+-28.2221.0**-29.98*-88.1629.75--87.412^-64.9267.12^+92.762^+44.99-11.28+98.89
-75.67-92.63/-12.98/-22.6*-25.62/(98.5--40.38**2+-26.01--76.97**1+83.67)/-18.24+39.17+-65.11,--75.67/92.63/-12.98*-22.6-98.52^+-40.38--26.011^+-76.9783.67//-25.62+-18.24+39.17-65.11
95.18+(-11.88*-45.23--98.56+44.91-33.78+56.13/-53.25*-18.93**1--30.14**2-0.7*-12.18**2),*-11.88--45.23+-98.56-44.91+33.78/56.13*/1^--18.932^--30.14*0.72^-12.18+95.18
-50.24/22.08*-9.71*20.89+-32.15/29.83/-51.52/62.71-93.7**2+(92.62*(-57.34/-97.4*-89.31**1)),/-50.24*22.08*/+20.89/-32.15/29.83/-51.52-62.712^/-57.34*-97.41^/*92.62+93.7
-22.55**2-16.1-22.87/-8.06**1+71.14**2--21.43/51.09**2-77.94+50.62+-73.43-57.97,2^--22.55-16.1/22.871^+-8.062^-71.14/-21.432^-51.09+77.94+50.62--73.43*
41.69**1-14.13-49.45*-81.42--99.21-38.22**1-73.19**2+17.0/11.55/-51.82-41.28*-67.07,-51.14^-41.69-14.13*49.45--81.42--99.211^-38.222^/73.19/17.0/11.55--51.82*41.28-67.07
82.87/44.5/-61.99/(27.3+42.07-50.77)**2--95.84/-72.87**2+-16.77/31.26-68.44**1-52.12,/82.87/44.5+27.3-42.0750.772^/--61.99/-95.842^+-72.87/-16.77-31.261^-68.4452.12
23.73/82.77+-73.03**2-28.04**1-16.07**2+-87.9**2+1.92**1--25.55-16.22**1,/23.73+82.772^--73.031^-28.042^+16.072^+/1^-1.92--25.551^16.22
90.09-24.36/36.28**1-60.32**2+-97.83+25.57*63.67/-93.17*83.57**1-5.49+89.69**2,-90.09/24.361^-36.282^+60.32+-97.83*25.57/63.67*-93.1758.37^-83.57+5.492^89.69
-13.19+94.94+85.19/(69.85+89.48*95.4+-34.13--95.89)/-67.02/48.18**2+16.56/-29.09-(-75.18*-10.2),+-13.19+94.94+69.85*89.48+95.4--34.13-95.89//85.19/-67.022^+48.18*16.56*-75.18-10.2--29.09
-63.8/11.22*64.03**2--85.1-(78.18*45.91+14.56/(-21.54+-87.69*(-40.59--50.37/89.53/-76.24*-73.0))),/-63.8*11.222^-64.03*78.18+45.91+-21.54--/-50.37/89.53*-76.24-73.0*-87.69/14.56--85.1
48.8--59.23/2.65+80.94**2-(40.82+-90.85/-20.43/-93.16)/-35.86*-99.79**2-78.51--6.89*57.21,-48.8/-59.23+2.652^+40.82/-90.85/-20.43-93.16/-80.94*-35.862^--99.79-78.51*-6.8957.21
(61.27**1--48.94+-98.3/-44.32-(4.83*2.46*-11.49+(-18.07*-38.34)/(98.29+95.13)-69.51--65.41)--2.72),1^-61.27+-48.94/-98.3*4.83*2.46*-18.07-38.34+98.2995.13/+--11.49-69.51-65.41--^-2.72
-7.6/-71.81**1+-60.18+61.2+-3.82**2-2.1/-45.12--68.63*83.15/-89.75-32.9/-66.42*(41.6),/-7.61^+-71.81+-60.18+61.22^--3.82+2.1--45.12*-68.63/83.15-^/32.941.6*-66.42
-43.31-(50.9--89.51**2--12.02*88.88/-71.66*95.87)**1--66.25**1+-10.28+0.38-52.28/34.62,-50.92^--89.51*-12.02/88.88*-71.6695.871^---43.311^+-66.25+-10.28-0.38/*34.62
-78.23*-81.44--83.23/9.6-61.82+-94.89**2+(49.37/11.47-43.1--24.26/89.07--23.74*80.82)*74.86,*-78.23--81.44/-83.23-9.6+61.822^/49.37-11.47-43.1/-24.26-89.07*-23.7480.82*+-94.8974.86
(26.58+41.38--24.45-65.15+2.0+-68.49--93.55/-68.87+57.65*-60.24+34.6+-3.69/33.1-35.92-95.18),+26.58-41.38--24.45+65.15+2.0--68.49/-93.55+-68.87*57.65+-60.24++/-3.69-33.1-35.9295.18
-25.86--17.32+15.48**2+30.65**2--32.92-(97.86--36.52*46.18*14.54+31.33-54.16+-65.6+24.38),--25.86+-17.322^+15.482^-30.65-97.86*-36.52^46.18+14.54-31.33+54.16+-65.624.38--32.92
-97.83**2+-77.14--88.76*(93.48+6.9**2+-9.81*-50.16/-93.01-25.53-(-89.47-95.59--88.38--23.2)),2^+-97.83--77.14+93.482^+6.9/-9.81/-50.16--93.01--89.47-95.59--88.38-23.2^25.53*-88.76
-92.25/(66.39**2+-50.81*34.73/-39.49+50.04/99.0)-81.5-0.48**2+(95.2+-27.2+25.78*-41.21),2^+66.39*-50.81/34.73+-39.49/50.0499.0/-^-81.52^+95.2+-27.2*25.78-41.21+0.48
-29.73*38.16--16.06-70.32+(-84.9--6.07/-97.2**2+-59.22)**1+-3.98-48.63/45.62/-29.56**2,/-29.73-38.16--16.06--84.9/-6.072^+-97.2-59.221^++70.32--3.98/-/45.622^-29.56
81.25-(80.27+-22.17*-68.52)*-84.4**1+-64.81+70.39*46.83*84.39*(72.65*34.7--18.87*31.91/84.54),+80.27*-22.17-68.52*-81.251^+-84.4+-64.81*70.39*46.83*72.65-34.7*-18.87/31.9184.54*84.39
(36.28+(81.82/-24.16/84.32)*(42.08+86.25-64.6-(85.93+-25.43**2+47.46/81.74/-9.42)+40.32*94.43)),/81.82/-24.1684.32+42.08-86.25+85.932^+-25.43/47.46/81.74-9.42-+64.6*40.3294.43*+36.28
(-17.51+-34.75**1+(-70.88**1-92.56/35.22+61.08+(4.33-13.23-41.16--73.21-26.19**2--61.99))),+-17.511^1^--70.88/92.56+35.22-4.33-13.23-41.16--73.212^-26.19-61.99+61.08+-34.75
(-50.27**1+-38.47-10.24+31.63-48.99*84.85)+-13.08*(-31.15**2+(-48.37**1+-73.08+85.06)**1),1*+-50.27--38.47+10.24-31.63*48.9984.85+2^1^+-48.37+-73.0885.061^+-31.15*-13.08
-17.1*45.54/18.19--31.97*53.75-67.56*56.8/-93.09/2.55**2+-55.68--79.32+66.23**2+46.58,*-17.1+45.54-18.19*-31.97-53.75*67.56/56.8/-93.092^+2.55--55.68+-79.322^+66.2346.58
-74.47-(15.29*99.47*66.28*31.55/-84.89**2+31.08)/18.87/-25.14+-21.5+90.82+(-25.04*-88.96+-15.47),*15.29*99.47*66.28/31.552^+-84.8931.08/--74.47/18.87+-25.14+-21.5^-25.04+-88.96-15.47+90.82
-34.43/14.32+41.43--1.82**2-64.55+78.0+-36.53-64.54/-81.02*22.54**2+49.28/-91.7/86.55,/-34.43+14.32-41.432^--1.82+64.55+78.0--36.53/64.54*-81.022^+22.54/49.28/-91.786.55
57.77**1-62.5/-3.67-(-89.8*-42.94+-93.71**2+32.02)*-63.31/-61.71*-31.69**1+95.87-63.81,1^-57.77/62.5*-89.8+-42.942^+-93.7132.02*--3.67/-63.31*-61.711^+-31.69-95.8763.81
(-92.04**2--81.35--32.29+54.4/(-83.23/(18.22/-38.34+-52.36/-20.48-2.27+76.59*-56.62)/-73.13+-65.96)),2^--92.04--81.35+-32.29/18.22+-38.34/-52.36--20.48+2.27*76.59-56.62//-83.23+-73.13-65.96/54.4
-67.29--59.6*-63.24*96.5--56.42+-2.5**1+7.5+-94.17+-75.51-89.75--44.22+-48.5**2-16.24,--67.29*-59.6*-63.24-96.5+-56.421^+-2.5+7.5+-94.17--75.51-*+-44.222^--48.516.24
25.06+71.04**2-65.88+23.94**1+97.09/4.09/(-31.47+-28.17-(0.98/21.82+-7.84/-8.31)-70.76),+25.062^-71.04+65.881^+23.94/97.09+-31.47/^+21.82/-7.84-8.31---28.1770.76/4.09
-50.67**2-24.09-(-85.67-29.84-12.81*-31.33**1+31.26**2+-7.31*-46.36/98.92)**1+-41.65,2^--50.67--85.67--*12.811^+-31.332^+31.26*-7.31+-46.3698.921^-+24.09-41.65
92.38/89.55*-42.99/-27.55+35.04/(92.12+-80.64**1+-29.97*(43.75**2--33.21**2+(97.28**2))),^^*89.55/-42.99+-27.55+92.121^+-80.642^-43.752^2^97.28+-33.21*-29.97/35.04
(59.16+16.46/48.97*-93.77)+-29.99**2--97.26/89.71**1+-12.89/(75.66+10.43**1--38.38+44.55),+59.16/16.46*48.97/+2^^-29.99/-97.261^+89.71+75.661^-10.43+-38.3844.55/-12.89
55.29**2-55.64*-61.58/-55.59--77.03*61.34+-85.85+63.53+86.99/-42.71/-62.74*-11.66**2--85.37,2^-55.29*+/-61.58--55.59*-77.03+61.34+-85.85+63.53/86.99/-42.71*-62.742^--11.66-85.37
(-11.85*-42.31+37.8**1+(-46.98/(66.97/(31.95**1+-1.45)*-0.28*-59.12/90.76)+16.53**2--8.41)),*-11.85+-42.311^1^+31.95-1.45/*66.97*-0.28/-59.1290.76/+-46.982^-16.53-8.41+37.8
-74.93*-56.43**2-73.16**1-22.19/(-76.18*21.66/-73.39+41.28+-29.29**2+-40.89**2+(-6.11)),*-74.932^--56.431^-73.16*-76.18/21.66+-73.39+41.282^++2^-6.11+-40.89/22.19
(-16.67**1+-97.06/39.2*98.25*-7.91+(3.16--12.44)*-89.24+-3.86+(27.02/-2.63-(18.86**1-96.0))),-75.21^+-16.67/-97.06*39.2*98.25*3.16-12.44*+-7.91+-89.24/27.021^-18.8696.0--2.63+-3.86
22.02*-96.3-90.35*97.35-25.85+6.05*-27.22**2+30.09+-5.06**2--84.23/(-74.43+17.52**1),+22.02--96.3*90.35-97.35+25.85*6.052^+-27.22+30.092^--5.06+-74.431^17.52/-84.23
51.21/-3.74+-10.39+58.02**2+-37.5+64.01**2+29.09-87.63*(-46.73-(11.77*-66.6**1-81.98)),/51.21+-3.74+-10.392^+58.02+-37.52^/64.01-29.09*11.771^+-66.681.98--46.73*87.63
-32.02+-53.56+-54.85+(60.0/-3.44--46.23/(56.31+57.84/-50.11+84.07/-45.39)/-19.95+-73.95)-(74.42**2),+-32.02+-53.56/60.0--3.44+56.31/57.84+-50.11/84.07-45.39//-46.23+-19.95-73.95+2^74.42--54.85
98.25**2+83.71+-84.62--77.0**1--5.61/39.96**2--45.36/-12.28+13.8/-76.79+45.39-(-88.28),2^+98.25+83.71--84.621^--77.0/-5.612^-39.96/-45.36+-12.28/13.8+-76.79+-45.39
26.47/58.88+-56.91/(36.86+71.17)/90.43+(28.5*0.04*-85.03*-57.98+-37.44)*-9.62**1+-96.1**1,/26.47+58.88+36.8671.17//-56.91*28.5*0.04*-85.03+-57.98^*+90.431^+-9.621^-96.1
(47.45/-9.05*79.32**2+-91.27)*(24.56/-73.1**1+-69.76**2+75.59+-4.41)*(65.79**1+33.67),/47.45*-9.052^+79.32-91.27/24.561^+-73.12^+-69.76+75.59-4.41*1^+65.7933.67*
(-3.56**2+75.59--18.74/44.52+-88.27+-98.41)/-0.62/77.32/-24.46**2-53.17--55.74+-11.02+-4.93,2^+-3.56-75.59/-18.74+44.52+-88.27-98.41//-0.62/77.322^--24.46-++-55.74+-11.02-4.93
-9.88-2.47/18.58**2+-85.61-(70.05--29.66)+-30.19**2+(23.87-(88.91*-0.66)**2-90.97/19.78),--9.88/2.472^+18.58-70.05-29.66-/-85.612^*88.91-0.662^--23.87/90.9719.78+-30.19
-97.09**1--57.06-29.84--82.78*-93.68**2--8.1**2-77.68+-88.34*48.3-22.68+60.22-(-11.48),1^--97.09--57.06-29.84*-82.782^--93.682^--8.1+77.68*-88.34-48.3+22.68-11.48-60.22
-44.15/-81.52*-71.75*60.46+15.02*73.33*64.76+-95.93+63.28**2-93.04*-87.86*98.72--27.72-75.7,/-44.15*-81.52*-71.75+60.46*15.02*73.33+64.76+-95.932^/63.28*93.04*-87.86-98.72--27.7275.7
35.66**2+(13.25+74.35)-97.26/94.46/86.82/-44.43+68.72*-78.7**2--45.62--12.62/-36.24/54.14,2^+13.2574.35+-35.66/97.26/94.46/^+-44.43/68.722^--78.7--45.62/-12.62/-36.2454.14
34.33-2.95-28.81*-75.7/2.74+-71.99*-64.56*40.01/49.45/-60.4/(58.01+(69.91-35.94)--72.31+4.92),-34.33-^*28.81/-75.7+2.74*-71.99*-64.56/40.01/49.45-69.9135.94+-58.01+-72.314.92/-60.4
(-49.55-71.73)-(-32.55+-61.61+-63.14)--12.2-(-21.28--50.28+95.24)+44.98--3.53/42.87+53.3+89.5/46.39,--49.5571.73+-32.55+-61.61-63.14-/--21.28+-50.2895.24-+-12.2-44.98/-3.53+42.87+53.3/89.546.39
-36.16*48.24--38.02-47.92-(14.14+59.73+(-83.66+-9.48**1+-84.22--91.11+32.49*83.36/13.66*-76.86)),*-36.16-48.24--38.02+14.14+-83.661^+-9.48--84.22+-91.11*32.49/83.36*13.66-76.86+59.73-47.92
66.53+81.87**1+-69.52-24.92/10.25*(44.99--60.04+89.17**2+-68.93+-82.81+68.77/-29.79+(11.04)),+66.531^+81.87--69.52/24.92-44.99+-60.042^+89.17+-68.93+-82.81/68.7711.04+-29.79*10.25
21.46+25.58/31.51/30.84**2+(72.32/(-97.82-31.81)--31.45)**1+(-33.43*15.9*-5.06*15.86)/-11.82,+21.46/25.58/31.512^--97.82//-72.32-31.451^+*-33.43*15.9*-5.0615.86/+30.84-11.82
(81.8/20.59)--4.89**1+(-2.71/-18.19)/45.78**2--89.99/-10.92/-1.49*34.72**1-69.97-94.47,/81.820.59-1^/-2.71-18.19/+-4.892^-45.78/-89.99/-10.92*-1.491^-34.72-69.9794.47
28.76*82.53*-74.95/86.92**1+3.91*-59.35*-20.35-73.96**1-52.19**1+-18.31**2+-89.38,*28.76*82.53/-74.951^+86.92*3.91*-59.35--20.351^-73.961^+52.192^+-18.31-89.38
41.24**1-(-92.79*(78.35**1+-49.56**1-(61.62/42.41*61.59/-29.47--58.69/76.58*-54.93/-3.7))),1^1^+^1^/61.62*42.41/61.59--29.47/-58.69*76.58/-54.93-3.7--49.56*-92.79-41.24
-84.25+-3.74+-15.13**1-22.81*-25.54+-36.7**1-16.25+82.6+-31.7/-40.8/87.07*64.2*92.82,+-84.25+-3.741^--15.13*22.81+^1^--36.7+16.25+82.6/-31.7/-40.8*87.07*64.292.82
-61.61+-64.97-31.94*0.5-(-7.84-59.42--69.76+(-13.4+-52.69*-70.16+-53.94**1--80.0**1+54.28)),+-61.61--64.97*31.94--7.84-59.42+-13.4*-52.69+-70.161^--53.941^+-80.054.28+-69.76-0.5
-93.64**2+89.63--4.37-(-98.77-27.48)+-40.78+47.85*45.02**1+(-79.83-43.34+-56.97*98.68--93.18),2^+-93.64-89.63--98.7727.48-+-4.37+-40.78*47.851^--79.83+43.34*-56.97-98.68-93.18+45.02
-57.45*59.11*-23.25*-55.97**2+-38.03-98.31**2--65.23/-75.61/(31.91*(0.03-5.4/(68.81/(94.55)))),*-57.45*59.11*-23.252^+-55.97--38.032^-98.31/-65.23-0.0394.55/68.81/5.4*31.91/-75.61
-6.34-16.09*96.95/-20.61-73.67+-25.69**2+30.53*14.38**2-63.5/(45.79**1--20.31--69.6),--6.34*^/96.95-^+73.672^+-25.69*30.532^-14.381^-45.79--20.31-69.6/63.5
85.97/-87.93/(56.07*(84.8**2+(-41.38+20.91*-32.51)*-0.82+11.51**1-29.17/-40.26-(-7.73/-21.35))),/85.972^+-41.38*20.91-32.51*+84.8+-0.821^-11.51/29.17/-7.73-21.35--40.26*56.07/-87.93
-35.55+6.97**1-88.78/-79.53/-80.67+-81.02**1+-82.0+-51.42**2+97.29**1-93.54**1,+-35.551^-6.97/88.78/-79.53+-80.671++-81.02+-82.02^+*1^-97.291^93.54
31.4**2-72.38+(29.59*33.13*-68.66**2+-83.62--73.21**2+42.44+68.38**1+46.21*65.26),2^-31.4*29.59*33.132^+-68.66--83.622^+-73.21+42.441-+68.38*46.2165.26+72.38
6.57--94.45*53.43/(35.37*45.99**2+(71.4/20.0--54.16-47.39-(76.15+-32.89*-95.87-88.48)+94.78)),-6.57*-94.45*35.372^/+-20.0--54.16+76.15--32.89--95.8788.48-+47.3994.78+45.99/53.43
-46.52**1+87.13/-66.16--7.11--67.86**2+-63.31-37.83/80.85/62.64+-3.6+-45.98*35.15/(84.26),1^+-46.52/87.13--66.16--7.112^+-67.86^-63.31/37.83/80.85+62.64+-3.6*-45.98//35.15
44.77**2+-20.0/-84.32--17.58**2-96.0+(-76.99--49.32+(-92.18--54.39)**1+9.53+(-48.34/-0.52)),2^+44.77/-20.0--84.322^--17.58--76.99--92.18-54.391^++-49.32/-48.34-0.52+9.53+96.0
49.03+-34.22**1--17.4*-4.59+37.23**2+(19.77*-36.86/20.3**1-41.34/(-73.13+27.23+-9.71)),+49.031^--34.22*-17.4+^2^**/-36.861^-20.3+-73.13+27.23-9.71/41.34+37.23
86.22*97.79/51.07/-85.51/-69.32/-77.89**1-49.36/(-64.77*-99.03/(-37.18*-97.65**2+-43.35)*(10.42)),*86.22/97.79/51.07/-85.51/-69.321^--77.89*-64.77*-37.182^+-97.65-43.35/10.42*-99.03/49.36
-77.36-7.8+(-20.44+-45.16/-4.64/-61.74)+(5.01/20.18--78.18-(-3.43+(99.71--45.15*-95.82/-14.42*37.8))),--77.36+-20.44/-45.16/-4.64-61.74+/5.01-20.18-99.71*-45.15/-95.82*-14.4237.8+-3.43--78.18+7.8
-13.9+11.11-2.01**2--62.28*73.5**2+83.71**1-(98.44*-56.06*38.87**2+71.25+(65.0)),+-13.9-11.112^-2.01*-62.282^+73.51^*98.44*-56.062^+38.8765.0++-83.71
-61.54--85.63*15.06-20.8/92.58--86.57*-59.0-78.09/-39.7+-56.33*(-97.67*13.03*(-95.32/-35.35*-74.52)),--61.54*-85.63-15.06/20.8-92.58*-86.57--59.0/78.09/-39.7*-97.67/-95.32*-35.35-74.52*13.03*-56.33
-18.52*4.66*(-53.75/(80.43*-54.6)+67.84+-71.62)+-76.99**1+43.2-21.11-9.69+39.76/-3.6/79.12,*-18.52**-54.6/+-53.75+67.84-71.62*+4.661^+-76.99-43.2-21.11+9.69/39.76--3.679.12
15.84-58.54--38.48*16.19**1+-60.75/-99.28/-74.4*-61.85*(-41.98**2+44.71)**1+56.29**2,-15.84-58.54*-38.481^+16.19/-60.75/-99.28*-74.42^+-41.9844.711^*+-61.852^56.29
-81.19*45.28**2+-6.23**2-(-73.29+-67.28+-96.29+(22.52--28.62**2+-8.68+-90.0/39.5*-30.79)),*-81.192^+45.282^+-73.29+-67.28-22.522^+-28.62+-8.68/-90.0*39.5-30.79+-96.29--6.23
8.56*87.99**2-2.51+(30.03/85.69/35.39**2-13.21/-6.38+-25.83/-44.45+-7.81*63.59--11.86),*8.562^--/30.03/85.6985.92^-35.39/13.21+-6.38/-25.83+-44.45*-7.81-63.59-11.86+2.51
63.42/22.96--23.54/-35.68*53.97--96.71**2+-28.88**2+-89.39*85.11-(2.15+-4.29*-65.53--37.07),/63.42-22.96/-23.54*-35.68-53.972^+-96.712^+-28.88*-89.39+2.15*-4.29--65.53-37.07-85.11
-26.87/80.55+(-28.09+80.67/19.25/-17.1/96.87+-53.52**2+-37.92-(39.17**2-40.31-59.93*18.05)),/-26.87+-28.09/-/19.25/-17.1+96.872^+-53.522^-39.17*40.31*59.9318.05--37.92+80.55
45.83--73.1+-90.79*(-27.33*34.38/99.6/-21.75*-6.94-64.56)+63.11**1--72.69/54.34+-61.52+-32.37,-45.83+-73.1*-27.33/34.38/99.6*-21.75--6.9464.56*+-90.791^-63.11/-72.69+54.34+-61.52-32.37
-16.61*77.87**2+-93.82**1--79.91--62.55*-0.24/-78.93-24.31--68.79*-30.57**1-(-87.04/81.01),*-16.612^+77.871^-/--79.91**/-0.24--78.93-24.31*-68.791^/-87.0481.01--30.57
(-57.84+41.58**1--38.55+(-8.85**2+(81.42**2--98.13-31.45*(-25.08**2+-85.91/-18.25+-91.32)))),+-57.841^-41.582^2^-81.42--98.132^+-25.08/-85.91+-18.25-*31.45+-8.85+-38.55
67.64--45.91*-4.93/-3.93**1+-33.31-36.63*31.81*-82.85--47.92--24.77--83.95/78.76*-37.07-77.75,-67.64*-45.91/-4.931^+-3.93--33.31*36.63*31.81--82.85--47.92--24.77/-83.95*78.76--37.0777.75
-28.4/-40.11**2--12.7+-20.26+28.88/79.29*-85.12-64.75+-64.23/40.52-50.37*34.08+19.58--25.05,/-28.42^--40.11+-12.7+-20.26/28.88*79.29--85.12+64.75/-64.23-40.52*50.37+/-19.58-25.05
-41.44/93.28*-22.59*85.22+62.99/-73.93**1+53.65**2--29.57+17.85*(94.8+72.98**2-65.42),/-41.44*93.28*-22.59+85.22/62.991^+-73.932^-53.65+-29.57+94.82^-72.9865.42*17.85
99.57--28.87/-96.69+(-82.98**2+96.59*-51.94)+35.04**2-95.02/51.68/-49.13/69.14**2+-10.96,-99.57/-28.872^+-82.98*96.59-51.94++-96.692^-35.04/95.02/51.68/-49.132^+69.14-
-61.36*-42.32*-1.47/66.91+50.27/(-58.29*12.79+21.28)-88.35-78.18**2-(18.74+12.23+(91.73**2)),*-61.36*-42.32/-1.47+66.91*-58.29++21.28/-50.27-88.352^+18.742^91.73+12.23-78.18
89.6/43.73/72.95--10.68+-55.48/-57.86+-11.09+-79.81**2+-52.12*(0.19--28.9+-94.54+-85.59**1),/89.6/43.73-72.95+-10.68/-55.48+-57.86+-11.092^+-79.81-0.19+-28.9+-94.541^-85.59*-52.12
7.5/93.41+-1.26+-39.05**1+68.91--10.37-70.13+-60.96**1+(-56.55-85.91+83.02**1+-83.36),/7.5+93.41+-1.261^+-39.05-68.91--10.37+70.131^--56.55+85.911^+83.02-83.36+-60.96
97.84-88.02+17.75**2+10.23*-68.83+37.55**1--31.06/87.54*-27.5/-19.2+-45.9--71.32-67.11,-97.84+88.022^+**10.23+-68.831^-37.55/-31.06*87.54/-27.5+-19.2--45.9--71.3267.11
-83.68+99.61*47.46+59.36/15.34*74.8*(-82.93/-57.47)*-84.31**2-(-84.56+75.33+97.99-81.07+-54.17),+-83.68+99.61+47.46/59.36*15.34/-82.93-57.47**74.82^+-84.56+75.33-97.99+81.07-54.17--84.31
-93.16--90.54--55.29/-84.98*71.71/48.78**1+-4.29-36.25+18.01--45.46+(-21.34**2+46.79*-5.86),----90.54/-55.29*-84.98/71.711^+48.78--4.29+36.25-18.012^+-21.34*46.79-5.86+-45.46
33.09-68.59**2-14.54+-25.76**1+69.22+38.89/-8.12*(51.25/-79.73+37.31**1+-63.61+-66.7),-33.092^-68.59+14.541^+-25.76+69.22/38.89/51.25+-79.731^+37.31+-63.61-66.7*-8.12
79.07**2-(-16.66-(-68.8*97.52+-17.62)/86.87**1+42.32)-80.06*-83.27/-23.84/(-92.76+96.54)/27.61,2^*-68.8++-17.62/--16.661^+86.8742.32--79.07*80.06/-83.27+-92.7696.54//-23.84^
9.27+-35.95+93.25*-67.17**2+43.69*-83.3+74.45*88.09--98.09*-10.98+-85.14**1--67.2--82.06,+9.27+-35.95*93.252^+-67.17*43.69+-83.3*74.45-88.09*-98.09+-10.981^--85.14--67.2-82.06
69.99+-66.13**2+4.5**2-44.08+12.12**1--22.9*-37.76**1-17.64**1-66.43+-68.71,+69.992^+-66.132^-4.5+44.081^-12.12*-22.91^--37.761^-17.64+66.43-68.71
-10.73*40.71**2+-86.93**2+27.76-14.36**1-99.02*-21.51/37.25/79.99-12.12*81.61-(61.85),*-10.732^+40.712^+-86.93-27.761^-14.36*99.02/-21.51/37.25-79.99*12.1261.85-81.61
-50.11+(39.24+22.94)--87.48--85.18/43.26**2+-44.88/40.13**2+30.19*-83.07*-29.22**1+97.54,+39.2422.94+--50.11--87.48/-85.182^+43.26/-44.882^^40.13*30.19*-83.071^+-29.2297.54
-84.25/(-96.73--33.33/-8.32+(56.82**2+31.5)+-7.58)/-16.28*-91.58*40.29**2+(61.42*77.22/-27.17),--96.73/-33.332^+56.8231.5++-8.32-7.58//-84.25*-16.28^-91.582^*61.42/77.22-27.17+40.29
-7.39**2-93.75/-68.68-(-4.47-31.4)**1+49.54+-74.9/-39.81**2--16.1+2.04/82.87/(-72.6),2^--7.39/93.75--4.4731.41^-+-68.68+49.54^-74.92^--39.81+-16.1/2.04-72.6/82.87
(-4.99--11.7/(86.17*0.11+-85.88--40.85+-9.77)/-20.12**1--0.54+-75.85)+(-65.76**1+-40.17+97.98),--4.99*86.17+0.11--85.88+-40.85-9.77//-11.71^--20.12+-0.54-75.851^+-65.76+-40.1797.98+
35.31/-8.03*(11.22/(-47.04*70.64**1+-91.91**2+-49.79+82.71**2-(26.72/-77.35/-55.92/76.94))),/35.31*-47.041^+70.642^+-91.91+-49.792^/26.72///-55.9276.94-82.71/11.22*-8.03
-19.24-73.83**1+56.86/64.38+-6.31*-71.62--63.5-70.11**2+13.13*84.81**1--98.63+96.59,--19.241*+73.83/56.86+64.38*-6.31--71.62--63.52^+70.11*13.131^-84.81+-98.6396.59
-94.23*91.01/-74.12**2--55.81+-91.51+(-34.33*-14.4/81.69**1+-61.37)**1--82.69**1+-4.43,*-94.23/91.012^--74.12+-55.81*-34.33/-14.4-7.35^+81.69-61.371^+^-91.511^+-82.69-4.43
19.14*29.61*(25.9--75.07**2+-15.07+-16.81/73.96)/-94.01/-87.02*25.77--1.01-(-73.0+-31.41+-48.03),*19.14-25.92^+-75.07--15.07/-16.8173.96*/29.61/-94.01*-87.02-25.77+-73.0+-31.41-48.03--1.01
78.26+(62.07+-64.43**1+56.01*-29.18)/38.97+69.21**2-(-20.4/-58.72/-90.62)/(8.55**1--61.87),+62.071^+-64.43*56.01-29.18/+78.26+38.972^/-20.4/-58.72-90.621^---61.87/*69.21
-74.3**1-(7.69*-13.21)*(23.9**1+-49.05/-43.31*5.83)/-85.37+-95.35+-7.11-46.82--99.31*-11.84,1^*7.69-13.211^+23.9/-49.05*-43.315.83*/--74.3+-85.37+-95.35--7.11-46.82*-99.31-11.84
88.43*28.97-49.05/19.41*78.42**2--48.78-89.0*1.31-2.69*-85.11**2+43.82--70.12*-38.85,*88.43-28.97/49.05/19.412^-78.42--48.78*89.0-1.31*2.692^+-85.11-43.82*-70.12-38.85
-90.61*72.33/(-50.17**2-(-35.72-(33.62*49.46+(81.41-31.44*-74.52-72.52/21.49+-23.26**1+84.96)))),*-90.612^*33.62-81.41*31.44--74.52/72.52+21.491^+-23.2684.96+49.46--35.72--50.17/72.33
(-70.78**1--53.14)**1+-18.46*-80.96+-72.92*51.25/29.9*-2.96/67.56**2-3.59+45.63*-68.24,1^--70.78-53.141^+*-18.46+-80.96*-72.92/51.25*29.9/-2.962^-67.56+3.59*45.63-68.24
-95.5*-0.6**1+-93.31/-20.06**1-40.61/(74.71+-10.39/55.93**1--93.21+74.69*14.8*7.91),*-95.51^+-0.6/-93.311+--20.06+74.71/-10.391^-55.93+-93.21*74.69*14.87.91/40.61
85.58-39.89**1-68.47**1--76.58**1+69.77**2+-30.72+75.62*-55.82--58.4*-78.72+9.45,-85.581^-39.891^-68.471^+-76.582^+69.77+-30.72*75.62--55.82*-58.4+-78.729.45
84.47/79.63/(-37.18*-78.02-12.85*75.46+(-11.52--22.13*59.04)*30.1)*89.27/5.03-(-26.07+-66.66*-20.28),+84.47*-37.18--78.02*12.85--11.52*-22.1359.04*+75.4630.1/*79.63/89.27+-26.07*-66.66-20.28+5.03
-77.65**2-75.75+(-24.94/-94.84/7.37**1-74.86**1+-2.49)+9.77/51.36+47.84+84.4--10.29,2^--77.65/-24.94/-94.841^-7.371^+74.86-2.49++75.75/9.77+51.36+47.84-84.4-10.29
-27.67+28.27*-46.78*58.4+92.34+84.04+-68.78**2+-4.52/-92.58**1+33.03+73.3/12.53-(-41.0),+-27.67*28.27*-46.78/58.4+92.34+84.042^+-68.78/-4.521^+-92.58+33.03/*-41.0-12.53
38.17*-2.61--90.42+-41.53*(20.94*-87.3/-22.13)*87.03-34.37/34.1/-5.75**2--89.87+49.06**1,*38.17--2.61+-90.42^20.94/-87.3-22.13**-41.53-87.03/34.37/34.12^--5.75+-89.871^49.06
-59.17*-73.14+-77.11--76.94**1+-43.14+40.73**2+38.68/-63.99+-38.47+-2.05*46.07*-5.9/17.26,*-59.17+-73.14--77.111^+-76.94+-43.142^+40.73/38.68+-63.99+-38.47*-2.05*46.07/-5.917.26
(-1.15/(-82.93*43.01/-78.63-19.14-41.2)/8.49)+-6.38**2+-45.08+55.83**2+-58.56+-5.95+-47.12,*-82.93/43.01--78.63-19.14^//-1.158.49+2^+-6.38+-45.082^+55.83+-58.56+-5.95-47.12
-30.34+(-49.04+(16.21/64.79*81.27+(-87.95+(-86.93*79.42/65.57)/-66.56+94.82--21.99**2--70.26/20.76))),//*64.79*-86.93/79.4265.57/+-87.95+-66.56-94.822^--21.99/-70.2620.76+81.27+-49.04+-30.34
-42.88--74.95**1+(-11.45/-22.41*-89.07)*(-37.34/-27.33)**2--57.13+-3.81+29.2+(-9.19*14.37+-13.45),--42.881^/-11.45*-22.41-89.07/-37.34-27.332^*+--74.95+-57.13+-3.81*-9.19+14.37-13.45+29.2
10.69**1-62.1**1--56.47**1+-49.07/(-66.67**2-42.98/77.75-81.77**1+(58.51**1)),1^-10.691^+62.11^+-56.472^-^/42.98-77.751^1^58.51+81.77/-49.07
(9.52/58.6*-96.8*22.87--8.14)--19.32+-83.78**2+89.88*-44.65-(24.77+24.15/22.31)+(19.83**2),/9.52*58.6*-96.8-22.87-8.14-+-19.322^^-83.78*89.88+24.77/24.1522.31-2^19.83+-44.65
92.8/(-65.75/-72.38)*-69.29*10.25*(64.08--6.25*(40.71/-86.76/-82.04)*-21.27+4.81-45.34--59.4+74.06),/-65.75-72.38/*92.8*-69.29-64.08/40.71/-86.76-82.04**-6.25+-21.27-4.81-45.34+-59.474.06*10.25
-98.42+(94.58-16.0--45.61*-33.45+-50.56**2+-96.44)+-62.42+-12.51/-88.29-64.55/16.9/52.59+73.61,-94.58-**-45.61+-33.452^+-50.56-96.44++-98.42+-62.42/-12.51--88.29/64.55/16.9+52.5973.61
-0.27*71.35-76.42*45.7*90.59**1+16.56+72.01--35.6/-65.74--30.89+77.62--57.28*-13.26+-77.48,*-0.27-71.35*76.42*45.71^+*+16.56-72.01/-35.6--65.74+-30.89-77.62*-57.28+-13.26-77.48
(40.54+(97.94/68.18*51.02)**1-45.19*8.95-29.11)*24.0**2-6.77**1--5.88/6.49--61.13,/97.94*68.1851.021^+-40.54*45.19-8.9529.11+2^-24.01^-6.77/-5.88-+-61.13
-51.82+(47.29--12.05-14.33**2+-92.21**1+89.86--62.94*82.92)**2+(-8.74+(4.49*-91.43)*39.95),^47.29--12.052^+14.331^+-92.21-89.86*-62.9482.92-51.22^+*4.49-91.43*+-8.7439.95+-51.82
-22.88+-71.15*(-37.87/(95.22/74.01+96.73+-28.18/-27.24-(-2.1**2--64.95)+-50.36)-4.79)/-92.54*61.05,+-22.88/95.22+74.01^96.73/-28.182^--2.1-64.95-+*-50.36/--37.874.79*/-71.15*-92.5461.05
58.31/9.43-57.59-(57.86/17.39/-20.32*28.79/-34.78*-56.15-83.3-48.99**2+-75.08*(5.2*61.13)),/58.31-9.43/57.86/17.39*-20.32/28.79*-34.78--56.15-83.32^+48.99*5.261.13*-75.08-57.59
-67.95*91.14+44.07**2+-24.42+75.12*-15.23/-14.52-2.59+-51.04+14.32*-61.44/(79.04*68.76*-46.16),*-67.95+91.142^+44.07+-24.42*+/-15.23--14.52+2.59+-51.04*14.32*79.04*68.76-46.16/-61.44
44.27/71.76**1--15.35/-40.73+1.15--2.49-(21.5*52.98*2.65/39.12/-36.37)-(-44.55/(28.24+-86.3)),/44.27-10.32^-71.76/-15.35+-40.73-+*21.5*52.98/2.65/39.12-36.37-+28.24-86.3/-44.55--2.49
-52.97*(-24.24**2-29.52--47.89/59.65**1--21.0**2--75.44**2-7.24)-92.86-26.93**2,2^--24.24-29.52/-47.891^-59.652^--21.02^--75.447.24*--52.97*92.862^26.93
72.52*21.33+20.03**1+-57.55**1+28.84--84.3**1-(2.89+69.74/(86.4-85.93+-75.91*12.85)),*72.52+21.331^+20.031^+-57.55-28.841^+2.89-86.4+85.93*-75.9112.85/69.74--
(80.35/-60.18-73.66--96.01**1-90.77)--34.33+35.22+(-32.35-4.02/74.79/(85.74+-3.89**1+-79.76)),/80.35--60.18-73.661^--96.0190.77-+-34.33--32.35/4.02+85.741^+-3.89-79.76/74.79+35.22
33.02+-38.39/-99.46*-11.74/93.4+(99.27**2+27.53+-14.45/-75.03)**1-17.24**1+52.92/43.41,+33.02/-38.39*-99.46/-11.742^+99.27+27.53/-14.45-75.031^+-93.41^+*/52.9243.41
2.05*-36.66+66.04+(44.02-69.67*-79.72*-85.41*-42.69*-6.2--35.78+(-12.78+79.69/35.88)**1-77.99),*2.05+-36.66-44.02*69.67*-79.72*/*-42.69--6.2+-12.78/79.6935.881^+--35.7877.99+66.04
(24.2/(-20.11*(12.87-(30.19-3.64)--95.85*65.65+(60.7**2-(29.6+-41.64/(31.38**1+-73.9)+-71.61))))),-30.193.64--12.87*-95.852^+29.61^+31.38-73.9/+-41.64-71.61-60.7+65.65*-20.11/24.2
55.64+-24.58/16.5+-6.79/(83.06-42.72-14.64*(-87.77+41.21+6.72)*47.02**1+-40.83*59.78)-0.53,+55.64/-24.58+16.5-83.06^42.72+-87.77+41.216.72**14.641^+47.02*-40.83*/--6.790.53
(-43.8--38.8*92.34**1+-35.75+80.69-(57.55+-50.66+-38.04)-55.64/-25.8**1--83.59+53.34*1.51),--43.8*-38.81^+92.34+-35.75+57.55+-50.66-38.04--80.69-55.641^--25.8+-83.59*53.341.51
52.14+-95.77*-72.03/-50.42**2+43.9/-85.7+4.58*20.88/68.35*38.59/-58.19**1-13.46-80.99,+52.14*-95.77/-72.032^+-50.42/43.9+-85.7*4.58/20.88*68.35/38.59-51.48^--58.19-13.4680.99
-58.72/-13.49-28.7*36.52**2+13.53*77.78+-90.3/88.52--72.34**2+(79.85*81.54+-81.71*-2.85),/-58.72--13.49*28.72^+36.52*13.53+77.78/-90.3-88.522^*79.85+81.54*-81.71-2.85+-72.34
56.12/-16.98**2--22.22/(76.34--42.69--42.53)-(86.94+94.75--38.68/-42.83*-5.61+(-10.2**2--80.3)),/56.122^--16.98-76.34--42.69-42.53/+86.94-94.75/-38.68*-42.8328.54^--10.2-80.3+-5.61--22.22
90.79/-22.29*-58.98+-74.04/5.0*-75.84+74.43*-26.04+(-69.55+69.39-(51.58/44.04)**2-(-13.14**1)),/90.79**+-58.98/-74.04*5.0+-75.84*74.43+-69.55/51.5844.042^-1^-13.14-69.39+-26.04
-10.37+-24.81*-63.18--32.0*-34.15*-61.65--61.36-(52.93+36.86+-94.41)-43.84*29.57/58.72/-76.7*-74.3,+-10.37*-24.81--63.18*-32.0*-34.15--61.65+++36.86-94.41---61.36*-/29.57/58.72*-76.7-74.3
(-17.78+-18.04/-93.52/(-79.8*71.94)*-28.63**2-24.88**1--27.27*-57.87+(56.5/-91.99)/-36.55-71.79),+-17.78/-18.04*-79.871.94/*-93.522^--28.631^-24.88*-27.27/56.5-91.99/+-57.87--36.5571.79
-91.98+-16.85/-81.99**1-96.57/71.11+76.24**1-14.17/80.94+41.87/-23.75-46.7+-55.85+24.5,+-91.98/-16.851^--81.99/96.57+71.11-57.0^-+/14.17+80.94/41.87--23.75+46.7+-55.8524.5
63.38+85.88*(33.75*6.28+-57.27)**1+45.37*55.26**1--52.68+3.8+18.03**2-(-23.94--24.49),+63.38*33.75+6.28-57.271^*+85.88*45.371^-55.26+^+3.82^--23.94-24.49-18.03
62.61*-86.76*(59.5/-81.53**2+-86.51/-39.05)*18.94+-67.66-12.74*-60.64/-76.77+-90.68+43.62**2,*62.61/59.52^+-81.53/^-39.05**-86.76+18.94--67.66*12.74/-60.64+-76.77+-90.68-81.0^43.62
44.12+(-0.48--37.09**2--72.27*-15.0**1+-41.7/-91.84*-49.73**1--74.8/-91.0+(-68.78*81.34)),--0.482^--37.09*-72.271^+-15.0/-41.7^-91.841^--49.73/-74.8*-68.7881.34+-91.0+44.12
40.81**2+(18.79**2+(48.6--55.13)-(72.26*70.75/38.56**2+-11.7/(96.34+-36.59)*-5.16/61.94)),2^2^-48.6-55.13+*72.26/70.752^+38.56+96.34//*-11.7/-5.1661.94-18.79+40.81
-72.63/31.35**1+-74.25**2+45.9**2+16.07*27.33-3.3/81.02--68.12/-89.08+7.25+(-50.23),/-72.631^+31.352^+-74.252^+45.9*16.07-27.33/3.3-81.02/-68.12+-89.08-50.23+7.25
59.12*-53.1/-46.42*93.03+-3.24**1-25.79--55.36**1-(-1.01*(16.23**2+36.04)/-47.54/-87.58),*59.12/-53.1*-46.42+93.031^--3.24-25.7958.37^2^/16.2336.04*/-1.01/-47.54-87.58--55.36
27.81/-11.32+56.15+52.6/-90.9+81.68**1--64.71+(69.15*-33.7*-34.42)+(-41.04/-48.16+90.66--60.87),/27.81+-11.32+56.15/52.6/-90.91^-81.68*69.15*-33.7-34.42+/-41.04+-48.16---60.87+-64.71
2.06**1+-84.14/51.04+64.66**1-66.04/-16.7--53.22**1+-81.3-87.89**1+71.19/0.06,1^+2.06/-84.14+51.041^-64.66/66.04--16.71^+-53.22--81.31^+87.89/71.190.06
-66.24**2+(71.6/76.78**2+-23.82*17.21**1+54.36)+74.37*-36.87-59.64*-44.68-50.66/87.48,2^/71.62^+76.78*-23.821^+17.2154.36++-66.24*74.37--36.87*59.64--44.68/50.6687.48
69.97**2--90.64/-96.59**1+86.62--62.57/-84.3*-51.76/16.16**1--66.08+91.08**1+-57.28,-87.32^-69.97/-90.641^+-96.59-86.62/-62.57*-84.3/-51.761^-16.16+-66.081^+91.08-57.28
(99.42**1+1.06+-33.07-27.93**2+46.19-85.56)+-56.2/-47.97/-73.56**1+55.88/(19.83+-28.16),1^+99.42+1.06--33.072^+27.93-46.1985.56+/-56.2/-47.971^+-73.56^19.83-28.16/55.88
22.17--43.33*-99.32/(-6.78*13.22)+-34.04/59.6+16.46-(-34.57**1--67.2)+58.32/73.43-86.28/(78.81),-+*-43.33*-6.7813.22/+-99.32/-34.04+59.61^--34.57-67.2-+16.46/58.32-73.4378.81/86.28
-12.63**1--17.69-39.86**2+-0.5*50.09/-93.98--46.12+-49.98**1-84.53*95.55**1+75.08,1^-^--17.692^+39.86*-0.5/50.09--93.98+-46.121^--49.98*84.531^+95.5575.08
72.86--50.82+78.92*(-52.93--16.84**1+-24.16-31.78/-15.9+71.51-14.21/19.49*37.21**1--62.32),-72.86+-50.82--52.931^+-16.84--24.16/31.78+-15.9-71.51/14.21*19.491^-37.21-62.32*78.92
55.51+73.04*(-70.3--40.97*75.21-28.0)--23.31+-0.99**1--12.24--43.23**2-42.68**1--18.9,+55.51--70.3*-40.97-75.21+*-73.04+-23.311^--0.99--12.242^--43.231^-42.68-18.9
30.67--97.7+-95.1**1-28.04**2--62.9*-76.98+74.79**2--91.02/-71.36/-9.81**2+74.21,-30.67+^1^--95.12^/28.04*-62.9+-76.982^-74.79/-91.02/-71.362^+-9.8174.21
19.51*-70.28/-94.48+68.7*42.3+49.49/91.09/-90.44--92.78/-25.63/-75.55+92.84**2+-41.28**1,*19.51/-70.28+-94.48*68.7+42.3/49.49/91.09--90.44/-92.78/-25.63+-75.552^+92.841^-41.28
-30.79**1-49.24/-99.41*-7.84/-57.21/77.43*-28.78+-68.58*7.07/(-87.78*-81.68+-85.29*15.55**2),1^--30.79/49.24*-99.41///-57.21*77.43+-28.78*-68.58*-87.78+-81.68*-85.292^15.55/7.07
-28.73/54.08/31.36*-62.05*28.14--82.13-24.32/-15.23*(-79.58*-73.76-(-26.61-54.76**2-66.14**2)),/-28.73/54.08*31.36*-62.05-28.14--82.13/24.32*-79.58--26.612^-54.762^66.14--73.76*-15.23
16.1--47.69+26.35*9.54*55.48*98.76-(-58.29*-3.47-22.88+-5.52+-93.81/86.48)-9.95/(43.67**1),-16.1+-47.69*26.35*9.54*55.48*-58.29--3.47+22.88+-5.52/-93.81^--98.761^43.67/9.95
75.61--48.72*-29.38/(81.89**1+2.25/-33.78)/-16.24-80.45--69.49+65.66**2+18.44**1--93.04,-75.61*-48.721^+81.89/2.25-33.78//-29.38--16.24-80.45+-69.492^+65.661^-18.44-93.04
-16.51-26.86/-98.68**2+-94.68--59.06-64.37*-88.94+-4.33+53.44+-99.47--72.63/-38.31--45.45**2,--16.51/26.862^+-98.68--94.68--59.06*64.37*-88.94+-4.33+53.44--99.47/-72.63--38.312^-45.45
-58.72--83.71**2+(-39.22/4.81/-11.28*-63.61*75.4*92.68-(-78.64/-55.56/(-13.53/-29.66+(38.88-33.31)))),--58.722^/-39.22/4.81*-11.28*-63.61*75.4/-78.64/-13.53-38.8833.31+-29.66/-55.56--+-83.71
-4.24+62.58-53.32+-8.28/27.57*-92.59-68.54--4.19+87.8+11.15/-55.75-33.73**2+67.13+-79.7,+-4.24+/+53.32/-8.28*27.57--92.59-68.54+-4.19+87.8/11.15--55.752^+33.73+67.13-79.7
64.22*-44.04/-68.86-12.19/(-90.1--41.48**1+3.56+(-51.54--26.86*-62.01-51.79/10.67*-86.51*60.51)),+64.22/-44.04--68.86--90.11^+-41.48--51.54*---62.01/51.79*10.67*-86.5160.51+3.56/12.19
19.9--73.8/-4.36*(-25.18--0.09*-64.14)+-81.16**2-2.56**1+-5.46-(-94.37+-34.5--91.77--6.84),-19.9/-73.8--25.18*-0.09-64.14*+-4.362^--81.161^+2.56+/--34.5--91.77-6.84--5.46
25.06--51.61/86.64*70.21*-69.4--41.78/-62.94**1-(45.47-89.65--15.53+-17.02-62.87+-47.6--84.03),-25.06/-51.61*86.64*70.21--69.4/-41.781^-45.47-89.65+-15.53--17.02+*--47.6/--62.94
56.69--57.85/(37.84**2+3.61--88.5)**1+70.38/(-48.51+-14.22/-76.69-52.2--37.9**1+80.3),-56.692^+37.84-3.61-88.585.08^/+-57.85+-48.51/-14.22--76.69-52.21^+-37.980.3/70.38
-98.75**2+-14.77/-41.33*-94.63+(99.77**1-96.36-(46.43+12.42+80.51)/-14.24**2+-45.14/50.71),2^+-98.75/-14.77*^1^-99.77+46.43+12.4280.51/-96.362^+-14.24/-45.1450.71+-94.63
-50.95+0.94*(54.41+50.57+28.73--70.41/41.19)--51.5+49.87**2-20.34*-25.87+(-21.04/(1.71/-27.06)),+-50.95+54.41/50.57-28.73/-70.4141.19*-0.94+-51.52^-49.87*20.34/1.71-27.06/-21.04+-25.87
29.27*44.62*67.54+44.44/-49.91**2+49.32-80.05/-3.52/83.59--12.57/-37.8**1--98.21*8.16,*29.27*44.62+*/44.442^/-49.91-49.32/80.05/-3.52-83.59/-12.571^--37.8*-98.218.16
24.23**1-60.85/(44.47*-18.07**2--32.32+-25.79*80.56**1+-74.6*-8.24/52.01*21.52**2),1^-24.23*44.472^--18.07+-32.32*-25.791^+80.56*-74.6/-8.24*52.012^21.52/60.85
-52.14+27.6*(-37.96+-0.92/-21.57)--87.0**2--49.32/66.75*57.93**1-(60.8*(-65.22+42.79**2)),+-52.14+-37.96/-0.92-21.57*-27.62^--87.0/-49.32*66.751^+/2^42.79*60.8-57.93
(53.93--71.57*-56.55)*98.91*-38.45+12.09*78.63/-48.59-(-45.9/-8.27*82.04+44.16)/(-47.93+33.3*-34.34),-53.93*-71.57-56.55+*98.91+-38.45*12.09/78.63/-45.9*-8.27+82.0444.16+-47.93*33.3-34.34/--48.59
-42.3/71.88*-72.24+79.13--69.91*(-84.32--15.2)**1-(-63.46--98.03)/(-38.77*59.56*30.85)+-53.89+97.06,/-42.3*71.88+-72.24-79.13--84.32-15.21^*--63.46-98.03*-38.77*59.5630.85/-+-69.91+*97.06
-71.19/(-43.45/5.47**2+(58.0*-3.84)**2-(2.48*79.5**2+56.83--41.91+3.92**1+-51.9)),/-43.452^*58.0-3.8472.74^+*2.482^+79.5-56.83+-41.911^+3.92-51.9--/-71.19
93.7-29.49/(55.12-(42.24-61.77+83.65*-18.97**2-66.98*-85.63)-0.61)/-56.18**1+(44.17*-93.2),-93.7-42.24+61.77*83.652^--18.97*66.98-85.63--55.120.61//29.491^*44.17*+-56.18
-61.51-46.48+97.02-(56.56+-67.43+8.61--51.37-81.59)**2-11.31**1+-96.4+(44.96**2-(-95.21)),--61.51+46.48*56.56+-67.43-8.61--51.3781.592^--97.021^+11.312^-95.21-44.96/-96.4
-79.42/-77.38/-75.21*98.95/71.32/37.7**2--63.89**1--52.75*-36.01*(-79.21-59.75+31.51**2),/-79.42/-77.38*-75.21/98.95/71.322^-/1^--63.89*-52.75--79.21+59.752^31.51*-36.01
(53.98*72.58-40.77**1-21.25)+-28.06**1+98.34/-69.03-90.97/(-17.28/-10.46**1+80.72*66.77),*53.98-72.581+-40.7721.25+1^+-28.06/98.34--69.03/-17.281^+-10.46*80.7266.77/90.97
18.34**2+-0.99/(-5.93*-18.74/3.93*45.61+-12.57*91.0--35.27*(-52.09-1.3**1+-53.35-88.41)),2^+18.34*-5.93/-18.74*3.93+45.61*-12.57-91.0--52.091^+1.3--53.3588.41*-35.27/-0.99
-69.66*58.89/48.44*(-69.15*14.61*92.76/(-72.53+-91.18*92.46+-0.46)-25.09**2+(35.93+67.81+69.8)),*-69.66/58.89*-69.15*14.61+-72.53*-91.18+92.46-0.46/-92.762^+35.93+67.8169.8+25.09*48.44
69.3--29.68--29.99-(86.85*-95.27/-50.65+67.35-12.82/18.12/(-77.07-82.12-29.82+-30.95/(42.46-50.2))),-69.3--29.68*86.85/-95.27+-50.65-67.35/12.82--77.07-82.12+29.82-42.4650.2/-30.95/18.12--29.99
(78.53-34.51/2.58-34.08*62.48+9.91+95.5**2-98.91+-36.16/56.7*-10.36/67.86+0.85**1),-78.53/34.51-2.58*34.08+62.48+9.912^-95.5+98.91*-36.16*56.7/-10.36+67.861^0.85
-11.7*-22.29+-36.89+-79.14+32.87*0.14--4.05*-54.89+-65.99-23.37*87.58-55.38/-80.53-16.24+-86.48,*-11.7+-22.29+-36.89+-79.14*32.87-0.14*-4.05+-54.89--65.99*23.37-87.58/55.38--80.53+16.24-86.48
(-60.42+97.99-87.81**2+(3.07/(10.77*-9.74**2-(-98.95-(5.4*-5.59+39.81/-32.01)**1+(19.94))))),+-60.42-97.992^*10.77-22.71^*5.4+-5.59/39.81-32.011^-19.94+-98.95--9.74/3.07+87.81
-3.41/39.66/-33.94+-40.48/94.59*97.13-58.14/(-18.95+-30.19/-52.43)/(-99.83*-48.63-37.9/(-92.17+-71.33)),/-3.41-39.66+-33.94//*94.59-97.13+-18.95/-30.19-52.43/*-99.83--48.63+-92.17-71.33/37.9/58.14
18.81+-57.56--73.27-(47.51*50.63-(-93.88-78.16*15.85+2.01*-98.5*54.6)+1.68/-88.54/-72.52+-88.06),+18.81--57.56*47.51--93.88*78.16/15.85*2.01*-98.554.6-+50.63/1.68/-88.54+-72.52-88.06--73.27
79.94/-43.05-26.95+(65.89+4.32/-74.03)/3.09+(14.69*98.79/80.28)+53.14/33.21+-99.63--62.08/-15.12,/79.94--43.05+65.89/4.32-74.03/+26.95*14.69/98.7980.28++3.09/53.14+33.21--99.63/-62.08^
83.86--46.44-89.02+78.26/-92.49**1--35.68--77.59*60.09**2+48.97/-6.74+(-38.88*41.74--42.75),-83.86--46.44+89.02/78.261^--92.49--35.68*-77.592^+60.09*48.97*-38.88-41.74-42.75+-6.74
25.11/29.33*-94.1*-17.8**1+-90.4--53.5*(48.92+23.04*21.89-46.21+-38.62*71.53)**1--32.93,/25.11*29.33*-94.11^*-17.8--90.4+48.92*23.04-21.89+46.21*-38.6271.531^*--53.5-32.93
-82.48/-32.88**1+(52.79+-2.53*(-32.97/-95.74*-65.77**1--6.75)+38.79**1-75.8**1--22.88),/-82.4865.09^+52.79/-32.97*-95.741^--65.77-6.75*+-2.531^-38.791^-75.8-22.88+-32.88
50.96-(-3.01--55.47)+(-85.99+82.0+-98.32/59.62)/(-22.72+37.86/(-52.59--88.63+(-10.86**2+70.44**1))),--3.01-55.47-+-85.99+82.0/-98.3259.62+-22.72--52.592^+-10.861^70.44+-88.63/37.86/+50.96
77.24*-27.94--66.78/-19.94/-34.21*97.11*42.39+20.93*18.38**1+4.25/30.57*-94.9**2-48.48,*77.24--27.94/-66.78/-19.94*-34.21*97.11+42.39*20.931^+18.38/4.25*30.572^--94.948.48
42.3-13.9/-32.05**1-6.62+45.66-76.09**1+-44.04-42.81*83.05+-53.31*(6.41--66.3)*39.82,-42.3*13.91^--32.05+6.62-45.661^+76.09--44.04*42.81+83.05-6.41-66.3**-53.3139.82
(19.97+-74.07)*(-53.77+59.34*48.2-71.86)--50.33-46.88/1.32*-3.11**1+-72.42**2+91.08*3.06,+19.97-+-53.77*59.34-48.271.86*---50.33/46.88*1.321^+-3.112^+-72.42*91.083.06
-55.17+-66.01-82.33*-1.34**2-8.31*-20.57-89.3/58.42+-70.34/15.25--88.54+8.93+2.6**1,+-55.17--66.01*82.332^*-1.34*8.31--20.57/89.3+58.42/-70.34-15.25+-88.54+8.931^2.6
(91.92-32.35/(-31.15*82.5)*9.43/-71.47*7.73*-52.12)**2+-74.6**1--17.97**1+95.96**1,-91.92*-31.1582.5/*32.35/9.43*-71.47*7.73-52.122^+1^--74.61^+-17.971^95.96
-35.37**2+-3.37/68.89+45.38--63.33/-77.0/34.78**1--93.26**1-43.34-30.55-3.32-45.19,2^+-35.37/-3.37+68.89-45.38/-63.33/-77.01^-34.781^--93.26-43.34-30.55-3.3245.19
61.57/9.38-(13.42/20.67/(-77.83-10.88/-73.16-29.06--14.94+64.66**1-64.71**2--73.14**2)),/61.57/13.42--77.83/10.88--73.16-29.06+-14.941^-64.662^-64.712^-73.14/20.67-9.38
-67.26-62.23*(-26.19-40.29-18.97-52.02*-19.84+38.93/11.44*46.71*45.39-(-88.18-40.29*18.03)/-38.81),--67.26--26.19-40.29-18.97*52.02+-19.84/**11.44*46.71--88.18*40.2918.03/-45.39-38.81*62.23
27.52/(-85.15--59.1)**1+(-67.27**1+-45.84)-0.93/-21.37*22.65--70.62/80.46+(-18.86**1-(-5.04)),--85.15-59.11-/1^+-67.27-45.84+-//0.93*-21.37-22.65/-70.621^-5.04--18.86+80.46
69.22/-13.63*(64.59*-74.15*8.75--53.68--49.99-51.17**1+5.23/-78.47**2--68.29*(-89.93/-24.38)),/69.22*64.59/-74.15-8.75--53.68--49.991^+51.17/5.232^--78.47/-89.93-24.38*-68.29*-13.63
74.03+-80.56*-74.06+96.71/-46.13+91.89--94.95+-63.29+-1.87/(45.87-89.37+83.24)+(-22.62+-82.26-6.29),+74.03*-80.56+-74.06/96.71+-46.13-91.89+-94.95+-63.29-45.87+89.3783.24/+-22.62--82.26-+-1.87
19.04**2+37.97-6.1*36.39*-0.21*-15.46--95.37/-93.29+79.15+6.01--99.29--55.36+-73.0-12.35,2^+19.04-37.97*6.1*^*-0.21--15.46/-95.37+-93.29+79.15-6.01--99.29+-55.36--73.012.35
-37.83*96.88*69.14--41.21*-51.9*57.36/-24.88**1+(-19.44**2+57.56/25.22)+-51.32**2+-43.01,*-37.83*96.88-69.14*-41.21*-51.9/57.361^2^+-19.44/57.5625.22++-24.882^+-51.32-43.01
-48.64*92.97*-30.66-2.93--28.66+85.75/-62.85+-1.28--59.78*60.72--3.07+-46.7/-88.05/7.28/-44.81,*-48.64*92.97--30.66-2.93+-28.66/85.75^-62.85--1.28*-59.78-60.72+-3.07/-46.7/-88.05/7.28-44.81
-54.89*69.72--21.06/97.38--0.07*-18.89**1+44.35*75.44/(-6.96-(23.16**1-14.56/-41.18*-40.73)),*-54.89-69.72/-21.06-97.38*/1^+-18.89*44.351^-23.16/14.56*-41.18-40.73--6.96/+
-85.2/-42.61*11.33/-80.06/-36.74*54.39*-66.57**2+-95.7/-19.23-55.62*51.65**1+94.96+65.77,/-85.2*-42.61/11.33/-80.06*-36.74*54.39-65.79^+-66.57/-95.7--19.23*55.621^+51.65+94.96+
-62.97+40.39/30.29*21.05+-46.47--46.14**2-6.53/-25.87+-70.94+48.35+(51.36*(36.21**1+-71.7)),+-62.97/40.39*30.29+21.05--46.472^--46.14/6.53+-25.87/-70.941^+36.21-71.7*51.36+48.35
-29.42**1+(-43.54*92.73-68.92**1--4.53--25.95**2+30.05)*-4.25/(-57.27/5.43--69.59**1),1/*-43.54-92.731^-68.92--4.532^+-25.9530.05*+-29.42/-57.27-5.431^-69.59/-4.25
-86.46/56.0*19.27-92.26/92.55/-94.47-(-20.25/(-1.06+-6.98**1-83.16)*-66.58-35.49-(9.35-22.41)),/-86.46*56.0-19.27/92.26/92.55+-1.061^--6.9883.16/*-20.25--66.58-+22.41-35.49--94.47
(-51.6*-85.14*13.26)**2-85.38--64.56**1-(-84.22--62.25/-75.99+-27.37-(56.05-94.03--1.62/-56.88)),*-51.6*-85.1413.262^--85.381^--84.22/-62.25+-75.99-56.05-*/-1.62-56.88--27.37--64.56
-78.37*-62.83*78.26*-68.02+-18.49+-55.71**2-32.81/-29.52**1-20.16-(-81.42**2+-73.46**1),*-78.37*-62.83*78.26+-68.02+-18.492^--55.71/32.811^--29.522^+-81.421^-73.46-20.16
80.26+89.73-(79.03**2+21.3**2+-78.91/16.79-11.04)*44.47**1+-74.83*-36.35*-78.65+64.68,+80.262^+*2^+21.3/-78.91-16.7911.04*-89.731^+44.47*-74.83*-36.35+-78.6564.68
(-50.45+22.95--67.16**1-89.35*51.34*-75.8--18.59*96.34)/(47.12--50.22*29.17)+-86.6**1+75.75,+-50.45---18.26^--67.16*89.35*51.34--75.8*-18.5996.34-47.12*-50.2229.17/+1^+-86.675.75
48.47--21.41+49.2*27.75+84.06**1--94.02*-9.9**1+-2.59+(45.22--56.91/83.2)--7.97*-79.97,-48.47+-21.41*49.2*27.751^-84.06*-94.021^+-9.9-45.22/-56.9183.2+--2.59*-7.97-79.97
-5.61*(6.49*-26.44/28.8**2+-63.31*(-84.78--64.89/-97.28*-63.12/-65.71+10.87/70.87)**1+47.01),*6.49/-26.442^+28.8--84.78/-64.89*-97.28/-63.12+-65.71/10.8770.871^*+-63.3147.01*-5.61
-76.04*30.39/(-91.37/3.74+-58.99*93.03)/-51.92/(-45.85+-55.62+-11.69)/28.58/-94.32+-21.71+56.18**2,*-76.04/-91.37+3.74*-58.9993.03//++-45.85+-55.62-11.69//-51.92/28.58+-94.32--21.712^56.18
-50.68/-29.59*-11.05--86.29/(44.66+-28.18-41.52/-49.76+-54.09+-72.08/(-60.06/26.41/5.03*41.23**2)),/-50.68*-29.59--11.05+44.66--28.18/41.52+-49.76+-54.09/-60.06/26.41*5.032^41.23/-72.08/-86.29
98.04-47.59+(7.74*-68.04*12.27+73.3**1+8.62)*-31.59/-20.21/-16.19*7.5*(2.03+6.36**1),-98.04*7.74*-68.04+12.271^+73.38.62*+47.59/-31.59/-20.21*-16.19+2.031^6.36*7.5
4.77**1-3.79**1-16.99-94.25**2-(33.21/(-19.58/-19.58--75.62**1+(29.12+17.31--89.58))),1^-4.771^-3.79-16.992^/-19.58--19.581^+29.12-17.31-89.58+-75.62/33.21-94.25
-85.61*-11.91-(31.4/29.18+76.53-24.31**2+-30.93)**2+37.31*5.08--85.94+-46.35/-96.8/-65.49,*-85.61/*+29.18-76.532^+24.31-30.932^-+-11.91*37.31-5.08+-85.94/-46.35/-96.8-65.49
(18.38**2--45.08*-53.19**1--87.91-27.3--32.18--66.02-(-26.3*-82.53-69.4/17.59-50.15+31.21)),2^-18.38*-45.081^--53.19--87.91-27.3--32.18*-26.3--82.53/69.4-17.59+50.1531.21--66.02
85.96/-49.63-22.3-85.86*(-68.51*-74.97-67.66)+84.26*20.8*-7.97*24.45+-8.28/-78.94**1-43.49,/85.96--49.63-22.3*-68.51--74.9767.66*+85.86*84.26*/*-7.97+24.45/-8.281^--78.9443.49
-82.03*-56.78**1+-24.71/75.79/-11.91**1--78.49--27.84/-29.76+(80.81**2+-6.34/-85.53)*2.18,*-82.0331.51^+-56.78/-24.71/75.791^--11.91--78.49/-27.842^+80.81/-6.34-85.53*+-29.762.18
2.72+-19.86**1+18.23+-13.52**1--4.71+-36.51*-62.76--25.07--16.2-47.43**1--29.54-(65.95),+2.721^+-19.86+18.231/--13.52+-4.71*-36.51--62.76--25.07--16.21^-47.4365.95--29.54
-46.7--15.56*-42.02**2-28.84*-58.57-1.71+33.69-21.03*-47.24+-93.36*-64.83/-80.97+60.33*-32.78,--46.7*-15.562*--42.02/28.84--58.57+1.71-33.69*21.03+-47.24*-93.36/-64.83+-80.97*60.33-32.78
70.14**1+(-6.21+71.79)*-43.86+-24.93+-9.9+45.84-67.99--14.92**1--60.24**2--45.48/-61.91,1^+-6.21^*+70.14+-43.86+-24.93+-9.9-45.84-67.991^--14.922^--60.24/-45.48-61.91
84.69*52.32+81.55-42.37+54.97+-66.26*-91.95+-12.06/81.42/-88.68/(19.28-15.56*(-69.95/-55.39**2)),*84.69+52.32-81.55+42.37+54.97*-66.26+-91.95/-12.06/81.42-19.28/-69.952^-55.39*15.56/+
(74.16*-65.04/-3.08)*4.98*(27.69/60.71**1--43.82/-22.6)+4.77+7.86/-44.02+75.83+-63.64/17.74,*74.16/-65.04-3.08+/27.691^-60.71/-43.82-22.6*+4.98+4.77/7.86+-44.02+75.83/-63.6417.74
24.24/23.46/-46.89--19.65+-4.58**2--87.78/(-78.77**2+87.57**2--41.16+(26.63--57.67--87.44)),/24.24/23.46--46.89+-19.652---4.5861.1^+-78.772^-87.57-26.63--57.67-87.44+-41.16/-87.78
71.53-67.56/80.86*54.51**1-30.51*47.8/(8.32**2+51.35+26.97*-70.73-47.94**2--61.23),-^/67.56*80.861^-54.51*30.512^+8.32+51.35*26.97--70.732^-47.94-61.23/47.8
(69.71**1+(82.09*81.28-52.98)/73.54*(75.88**1+61.18--3.36)**2+72.45/8.65*-35.37**1),1^*82.09-81.2852.98/+69.711^+75.88-61.18-3.362^*+73.54-72.45*8.651^-35.37
24.17+-0.66/-41.13**2+-91.2/(22.66+36.24--2.53*-21.12)*64.96*(-23.28--30.98--53.72/14.21*-16.19),+24.17/-0.662^+-41.13+22.66-^*-2.53-21.12/*-91.2--23.28--30.98/-53.72*14.21-16.19*64.96
-31.39+76.33*-12.06*-16.65+76.9--45.68+98.53*-60.04*21.02-22.84**1+(98.61--36.19)**2+-50.02,+-31.39*76.33*-12.06+-16.65-76.9+^*98.53*-60.04-21.021^-98.61-36.192^++22.84-50.02
13.51*-49.31+81.96/-57.65-87.86/11.79**1+(89.61-47.4+-13.22/(-18.93-9.62)*83.24+78.57*76.94),*13.51+-49.31/81.96--57.65/87.861^-89.61+47.4--18.939.62/*-13.22+83.24*78.5776.94+11.79
16.43*89.26**2--30.0*-99.51/(-19.24*99.75+(14.82**2--81.98**2+-25.63**2--96.89)**1),*16.432^-89.26*-30.0*-19.242^-14.822^+-81.982^--25.63-96.891^+99.75/-99.51
91.83*27.19/(45.42+-2.0)/-58.31+-98.08/82.91+90.9--28.86**2+3.88--55.69*65.04**1-14.79,*91.83+45.42-2.0//27.19+-58.31/-98.08+82.91-90.9-96.76^+-28.86-3.88*-55.691^-65.0414.79
83.08**1-70.29--88.2/47.56**2-(70.16+27.02*29.2**2-26.89-92.13-33.08*-36.29-(-67.2)),1^-83.08*70.29/-88.22^+70.16*27.022^-29.2-26.89-92.13*33.08-67.2--36.29-47.56
87.57-60.8--40.35+-54.11*(-16.33+-67.98+(77.62-77.97+(71.77**1-26.13/-33.62+-19.42/44.18**2))),-87.57-60.8+-40.35+--77.621^-71.77/26.13+-33.62/-19.422^^+77.97+-67.98*-54.11
62.8-90.6-(7.16+-18.38/-64.55*-60.79+93.38**2-34.58/(65.78**1+75.2/-19.8-(-46.31/9.43))),-62.8+7.16/-18.38*-64.55+-60.792^-93.3847.82^+65.78/75.2/-46.319.43--19.8/34.58-90.6
-69.07+77.35*(84.75-18.64+-8.14)+-34.31*5.22**2-(47.88*-73.65**1--5.49--37.03)**1-76.64,+-69.07-84.75+18.64-8.14*+77.35*-34.312^*47.881^--73.65/-5.49-37.031^--5.2276.64
-64.49**2--57.91-26.97**2+-24.77+(45.78*98.46/92.15-46.69--42.43/79.66)**1+-49.98/47.71,2^--64.49--57.912^+26.97*45.78/98.46-92.15-46.69/-42.4379.661^++-24.77/-49.9847.71
77.66*-85.05*-30.66*2.61+(-85.91*-78.9+-16.41)/-70.02*37.41**1+-96.52+21.07*57.46+30.9*64.48,*77.66*-85.05*-30.66*-85.91+-78.9-16.41/+2.61*-70.021^+37.41+-96.52*21.07+57.46*30.964.48
36.58**1+-2.55+11.71/-63.96-93.5*20.74*-63.42*-17.97-38.37/4.67/(33.06*28.47)**2-(28.73),1^+36.58+-2.55/11.71--63.96*93.5*20.74*-63.42--17.97/38.37*33.0628.472^/28.73-4.67
-85.6/(32.06/-19.89)/-63.53*-42.45--54.64+43.31+-90.93/96.08*-5.13-(50.52/22.57+-18.91+76.27**1),/32.06-19.89//-85.6*-63.53--42.45+-54.64+43.31/-90.93+96.08/50.52+22.57+-18.911^76.27-/
(68.21+99.18--16.04+-36.16*-14.89**1-(61.04**1--25.99*69.31**2+59.91--65.35+97.69-37.66)),+68.21-99.18+-16.04*-36.161^1^-61.04*-25.992^+69.31-59.91+-65.35-97.6937.66--14.89
(48.85+17.07/40.38)+59.62-98.34--92.43*40.26*(-13.38+40.91*-68.41-12.37+91.88/-44.06-11.51+(24.83)),+48.85+17.0740.38+-59.62-98.34*-92.43+-13.38*---68.41+12.37/91.88--44.0624.83+11.51*40.26
-57.34*(-61.21/92.53**2--60.4--34.33*-44.64/-85.84)**1--18.04-80.51+19.03*(-88.81*-41.6**2),/-61.212^-92.53--60.4*-34.33/-44.64-85.841^*--57.34--18.04+80.51*-88.812^-41.6*19.03
29.45/-3.35--70.43*-38.59**2+(-32.86/23.05/62.61+-94.03)+-72.49/-9.72**1+-5.72/14.43*-34.85,/29.45--3.35*-70.432^/-32.86/23.05+62.61-94.03++-38.59/^1^+-9.72--5.72*14.43-34.85
33.4**1+72.83+24.46--76.98-36.29+10.32**2+-30.49**1+94.12*-14.1+-31.9+-0.82+(90.49),1^+33.4+72.83-24.46--76.98+*2^+10.321^+-30.49*94.12+/+-31.990.49+-0.82
43.44--11.78+(-0.85**2--5.0/-80.32)*-7.07/-60.41--17.38*(84.76**1+91.62/30.81/98.03*67.66),-43.442^--0.85/-5.0-80.32*+-11.78/-7.07--60.411^+84.76/91.62/30.81*98.0367.66*-17.38
54.94+-20.94/72.38-22.84**1+(55.79-(71.69/(33.36-(-81.17-15.89-60.19*14.68)**2-10.62+-31.37))),+54.94/-20.94-72.381^--81.17-15.89*60.1914.682^--33.36+10.62-31.37/71.69-55.79+22.84
69.32**1--3.22**1+-65.77-52.47-39.15/-52.42*92.9+(95.6+38.97*41.64**1--56.41*-31.05),1^-69.321^+-3.22--65.77-52.47/39.15*-52.42+95.6*38.971^-41.64*-56.41-31.05+92.9
-72.78**2-82.78**1-65.99*73.97-6.73--10.48**1-(5.55**1-20.56+-47.53/-15.6+70.35),2^--72.781^-82.78*65.99-73.97-6.731^1^/5.55+20.56/-47.53+-15.670.35--10.48
89.97+-32.9**1+-71.89/51.3**1--82.9*32.44**2+-89.62*43.42/-0.2-(-78.04/-24.96)--64.94,+89.971^+*/-71.891^-51.3*-82.92^+32.44*-89.62/43.42/-78.04-24.96---0.2-64.94
0.2+9.59-77.34/-36.83**1--23.17-43.06*15.65--97.05+42.14/-77.64+-90.1-91.97/-8.94*(-19.18),+0.2-9.59/77.341^--36.83-/*43.06-15.65+-97.05/42.14+-77.64--90.1/91.97-19.18*-8.94
-6.69--65.62-45.04--49.79+(-28.52-34.42/52.68/-79.15+-70.65**1+59.06*30.87**2--2.44)+83.61,--6.69--65.62-45.04--28.52/*/52.68+-79.151^+-70.65*59.062^-30.87+++-49.7983.61
-13.9*(-26.76/17.0+89.32+-65.42*-39.79**1+-62.65+82.22)--78.87--10.5+-0.42+24.78/-79.75--80.57,/-26.76+17.0+89.32*-65.421^+-39.79+-62.6582.22*--13.9--78.87+-10.5+-0.42/24.78--79.75-80.57
-23.54--72.36+-49.32--37.21**1+42.5*96.82+2.51**2+(-86.74*-27.25-89.97*65.54/10.88*-70.24),--23.54+-72.36--49.321^+-37.21*42.5+96.822^*-86.74--27.25*89.97/65.54*10.88-70.24+2.51
-81.3**2+88.53*26.48/3.96**2-39.73*15.33--82.52-62.77+53.9/10.85--95.9+39.64+-8.27,2^+-81.3*88.53/26.482^-3.96*^-15.33--82.52+62.77/53.9-10.85+-95.9+39.64-8.27
-65.71**2+-84.27*(33.24*13.21+3.0/-64.58-(-10.71+-31.44-(-6.01+34.67/47.34--13.98+-36.97*-68.86))),2^+-65.71*33.24+13.21/3.0+-10.71+-6.01/34.67-47.34+-13.98*-36.97-68.86--31.44--64.58*-84.27
81.33+-41.58*-21.93/75.27+-3.42+53.96**1+(-34.39**1-44.12*-57.63**1--16.75)/-60.01+-35.42,+81.33*-41.58/-21.93+75.27+-3.421^1^--34.39*44.121^--57.63-16.75/+53.96+-60.01-35.42
-39.63*35.12**1+(94.65-(-50.98/(47.96*(37.17/28.36)**2+88.74-85.99)**1+(70.01+43.74/3.48))),*-39.631^/37.1728.362^*+/-88.7485.991//+70.01/43.743.48+-50.98-94.65+35.12
-1.33**2+19.78+9.97+-5.62-2.3*-65.06*26.86+-47.74--49.78/-42.46**1+14.27**2-45.77,2^+-1.33+19.78+9.97--5.62*2.3*-65.06+26.86--47.74/-49.781^+-2^-14.2745.77
-64.1/51.83**1+68.43+68.12/21.09/-26.7*-96.91--94.1*-64.59+-18.08/-45.24+40.69/-89.94/88.16,/-64.11^+51.83+68.43/68.12/21.09*-26.7--96.91*-94.1+-64.59/-18.08+-45.24/40.69/-89.9488.16
-9.78+-71.68+20.66/31.33-15.28/70.86*4.0**1+70.3*(-60.3*-11.32*-82.59+44.48*98.58*-76.15),+-9.78+-71.68/20.66-31.33/15.28*70.861^+4.0*-60.3*-11.32+-82.59*44.48*98.58-76.15*70.3
-13.42+28.09+34.21+(85.37**1+54.66)+3.75**2+63.5+-12.21**1--25.31+(-88.33--93.28*-58.21),+-13.42+28.091^+85.3754.66++34.212++3.75+63.51^--12.21-/*-93.28-58.21+-25.31
21.37+69.03+-99.16**2--98.72**2--40.26**2+-60.48-(91.89**1+-97.91)*-78.54--4.31--31.67,+21.37+69.032^--99.162^--98.722^++1^+91.89-97.91*--60.48--78.54--4.31-31.67
(75.27+95.19*27.83+55.14*-46.99-49.19*-37.08+(-26.8**1+47.23)--41.34+-44.29)*-29.92*50.82/47.68,+75.27*95.19+27.83*55.14--46.99-49.191^+-26.847.23+--37.08+-41.34-44.29**-29.92/50.8247.68
21.69+34.19**2+-92.58/(-1.53/95.29-79.5*-3.19/49.45--23.44/-10.0/96.34/-69.55/-12.18+32.54),+21.692^+34.19/-1.53-95.29*79.5/-3.19-49.45+-23.44/-10.0/96.34/-69.55+-12.1832.54/-92.58
-88.14*-96.24-(-76.07/-83.85/-27.09--0.53*-58.97/27.28/40.07**1--75.01-44.77+-51.94/-5.31/33.94),*-88.14/-76.07/-83.85--27.09*-0.53/-58.97/27.281^-40.07--75.01+44.77/-51.94/-5.3133.94--96.24
-76.57+-14.27+18.76+78.38+(97.69**2+81.92)+-3.35*-9.92+86.75+(-96.43/21.44-16.3+-55.76/(-51.72)),+-76.57+^+18.762^+97.6981.92++78.38*-3.35+-9.92/-96.43-21.44+16.3-51.72/-55.76+86.75
-58.51+-44.97**1-81.03/(-95.19/6.66*-2.85+63.65/(49.89+53.53)/-44.67**2+51.72+-56.02-(-89.0)),*-58.511^--44.97/-95.19*6.66+-2.85+49.8953.53//63.652^+-44.67+--89.0--56.02/81.03
-40.59-24.37+(-83.6**2+30.63**2+(28.69*48.77*-11.61)--88.11+-56.71+30.1/-38.01*63.36*-2.92),--40.592^+-83.62^*28.69*48.77-11.61+-++-+-56.71/30.1*-38.01*63.36-2.92+24.37
41.73/78.11*81.29**2+-82.14+(87.77/74.95)**2--75.07+-33.92-71.64**1-(-64.75/(18.57*-27.69)),/41.73*78.112^+81.29/87.7774.952-+--82.14+-75.07--33.921^*18.57-27.69/-64.75-71.64
-43.52*27.9+-24.64+-47.43**2-79.36+(-75.56--62.49*-20.24+(66.38/-53.05+-13.75)**2+(-3.45*45.9)),*-43.52+27.9+-24.642^--47.43--75.56*-62.49/66.38+-53.05-13.752^+*-3.4545.9+-20.24+79.36
-49.73*80.42+-78.36*-89.1/-95.73*(7.23**2+1.18+71.61/(-22.16**1+-58.8)--39.48+68.82)**1,*-49.73+80.42*-78.36/-89.12^+7.23+1.181^+-22.16-58.8/-71.61+-39.4868.821^*-95.73
46.09*91.33/-38.48*-53.82--39.08**2--90.89*-79.25*41.31-(-50.22+-81.99-40.93*-59.05**1+97.98),*46.09/91.33*-38.48--53.822^--39.08*-90.89^-79.25+-50.22--81.99*40.931^+-59.0597.98-41.31
(-92.69+-79.37+-88.32+79.35+39.26)*60.91*41.74+53.98-42.6**1-(-91.91*31.02/-14.67-59.5--47.58),+*+-79.37+-88.32+79.3539.26**-+41.74-53.981^*-91.91/31.02--14.67-59.5-47.58-42.6
45.45**1+18.03/6.56/90.82**1+(-44.04*(-3.78**1--6.56**1+-7.83)-42.17)*42.65/75.37,1^+45.45/18.03/6.561^1^--3.781^+-6.56-7.83*--44.0442.17*/90.82/42.6575.37
79.69+-1.1+21.75--51.14+14.04--31.56**2+64.41+(-50.37+43.2-92.01)**2-(43.93**1+-68.27),+79.69+-1.1-21.75+-51.14-14.042^+-31.56+-50.37-43.292.012^+1^+43.93-68.27-64.41
-56.83*(8.72**1+-68.88**2+-20.1)**1-65.12--96.0**2+-71.1+-28.03-(44.48--38.5+39.11),1^+8.722^+-68.88-20.11^*--56.83-65.122^+-96.0+-71.1-44.48+-38.539.11--28.03
58.43-(-54.97*44.87*-72.78+(-66.79+-98.44-(87.04*45.96*-13.25*-79.04/-80.62**1+39.67/48.53**2))),*+*44.87+-66.79*87.04*45.96*//-79.041^+-80.62/39.672^48.53--98.44+-72.78-58.43
50.23**1--61.13*-53.21**2-(79.79+(17.96+(-10.75+38.43/-70.6/-4.29**1--27.56*12.25**1))),1^-50.23*-61.132*+-10.75/38.43/-70.61^--4.29*-27.561^12.25+17.96+79.79*-53.21
-48.48**2--71.24*(-13.33*-91.52+38.85+13.14--3.57-47.75/-34.48**2+0.02+88.06)/(-31.53/58.02),-91.42^--48.48*-13.33+-91.52+38.85-13.14--3.57/47.752^+-34.48+0.0288.06*/-31.5358.02/-71.24
(-70.31**1+-19.89)+-90.08*-92.81**1+-48.87**1-94.38/-56.9+43.69-87.9/-5.65*-77.38**1,1^+-70.31-19.89+*-90.081^+-92.811^^-48.87/94.38+-56.9-43.69/87.9*-5.651^-77.38
(93.43+38.02/(68.75/14.89*(62.71-25.61)*-69.56**2+91.2**1-24.93/15.19/85.88--5.35+63.67)),+93.43^68.75-62.7125.61**14.892^+-69.561^-91.2/24.93/15.19-85.88+-5.3563.67/38.02
(-20.21/-25.37)*-67.8/73.32-0.38-64.45/(-67.62--76.02+-74.0*82.78**1-58.6*-94.7+-58.1-36.18),/-20.21-25.37*+-67.8-73.32-0.38--67.62+-76.02*-74.01^-82.78*58.6+-94.7--58.136.18/64.45
-42.08-(-53.87/53.38)**1-91.71*77.43--88.75-8.95**1+6.72/-19.89**2+-61.11**2-(47.03),/-53.8753.381^---42.08*91.71-77.43--88.751^+8.95/6.722^+-19.8990.77^47.03--61.11
21.8**2+(92.54*97.02**2-41.81)*22.93-70.35+-37.47*-40.24+20.76+50.24-24.28/9.14/-53.51,2^*92.542^-97.0241.81*+21.8-*+70.35*-37.47+-40.24+20.76-50.24/24.28/9.14-53.51
(-98.34--76.19)/-7.79-56.42*94.47*-37.45+7.93**2+-57.57*65.79/9.3**1+-10.73+82.98/94.49,--98.34-76.19/--7.79*56.42*94.47+-37.452^+7.93*-57.57/65.791^+9.3+-10.73-82.9894.49
-91.64**1-27.86**1--73.51+86.22*-32.0/-34.15/66.34/-47.1-(25.27*-40.22+-62.43+56.63)--36.36,1^--91.641^-27.86+-73.51/86.22/-32.0/-34.15/66.34*25.27+-40.22+-62.4356.63---47.1-36.36
-87.17/95.84**1+41.67*82.04-19.5*92.99**1--24.4+-29.64+(50.51**1--74.1--26.47**1),/-87.171^+95.84*41.67-82.04*19.51^-92.99++1^-50.51--74.11^*+-29.64
-53.27**1--71.35*-82.09-68.08**2+13.72*(-63.49-48.36)-89.24**1+-24.39/-76.39*-41.83**1,1^--53.27+-71.35--82.092^+68.08--63.4948.36*-13.721^+89.24/-24.39*-76.391^-41.83
81.16--3.72--40.81**2+-51.12*-92.96-80.13**1+74.02-21.63/87.21+(13.02/0.84*-90.65*62.27),-81.16--3.722^+-40.81*+--92.961^+80.13-74.02/21.63/13.02*0.84*-90.6562.27+87.21
4.7/42.33**1--57.5/-78.76--48.23*-50.62/34.63--58.16/65.47/-3.79/47.03/-14.5-(13.5**2),/4.71*-42.33/-57.5--78.76*-48.23/-50.62*34.63/-58.16/65.47/-3.79/47.032^13.5--14.5
-70.2+-80.97*46.17+-83.09/(-15.09+-55.04+79.57/(-89.39-29.54)/-59.96-(80.23/-13.67+(-32.15+73.29+45.82))),+-70.2*-80.97+46.17+-15.09+-55.04--89.3929.54//79.57/80.23+-32.15+73.2945.82+-13.67--59.96/-83.09
-63.57**2+92.13**1+-20.53+29.22/47.19--10.67+-78.79-20.53-78.89--84.39--88.48+-30.8-95.77,2^+-63.571^+92.13+-20.53/29.22-47.19+-10.67--78.79-20.53-78.89--84.39+-88.48--30.895.77
70.45**2-59.36-61.04*60.32*67.69*54.62**1-(84.58**1+67.42/-8.94-(-80.53**1--39.53)),2^-70.45-59.36*61.04*60.32*67.691^1^/84.58/67.421^--80.53-39.53--8.94-54.62
81.32--78.21*-15.8+-64.02+20.89--3.89--88.38**1+52.31+63.7--26.76**2-(-57.18/-25.71+-54.59),-81.32*-78.21+-15.8+-64.02-20.89--3.891^+-88.38+52.31-63.72^/++-25.71-54.59--26.76
-29.78/(-20.48/7.46--66.35+-32.68)--78.09*79.27/-33.0--82.46*-79.53*66.9--3.21**2--41.25-48.41,/-20.48-7.46+-66.35-32.68/--29.78*-78.09/79.27--33.0*-82.46*-79.53-66.92^--3.21--41.2548.41
-78.83*-95.56--50.88+-20.74+50.65+-28.49**2--7.83*15.42/-77.12/-26.77+-21.78**1+(-33.43+-82.51),*-78.83--95.56+-50.88+-20.74+50.652^--28.49*-7.83/15.42/-77.12*-26.771^+-33.43-82.51+-21.78
-31.91--12.09-(-62.69+(-73.92+-61.23)/-8.41/16.25**2-(42.58*18.28/(47.3*-80.66-(63.96+-67.56**1)))),--31.91+-73.92-61.23/+-62.69/-8.412^*42.58*47.3+63.961^-67.56--80.66/18.28-^/-12.09
-2.65-40.63/-76.68/40.27**1+-90.74+(-17.6**1-85.25*-36.95+-7.05*-51.98+65.28--34.27--19.21),--2.65/40.63/-76.681^+40.271^-+*85.25+-36.95*-7.05^-51.98-65.28--34.27-19.21+-90.74
65.85+-79.1+79.52/76.66/-23.52**2+34.94-(35.73**1--11.13-97.88*-97.67**1+35.94/(26.86)),+65.85+-79.1/79.52/76.6653.15^+-23.521^-35.73-+*97.881^+-97.6726.86/35.94-34.94
11.05**1+45.63-93.7**1--29.65+55.48+-7.74--21.99--24.69/0.7-57.15+29.96+65.95**2,1^+11.05-45.631^/93.7+-29.65+55.48--7.74--21.99/-24.69-0.7+57.15+29.962^65.95
63.07+15.46/12.66*-23.08**2+-21.34*-40.51**2--25.03**1+(-53.86/-76.38*-22.99/11.88/-24.67),+63.07/15.46*12.662^+-23.08*-21.342^--40.511^/-53.86*-76.38/-22.99/11.88-24.67+-25.03
-28.99*(51.31*-60.89--49.71+-0.6)+(82.69*71.3**2--48.74)+(10.44/(12.4*59.21/-27.22)/44.07+-39.52),*51.31--60.89+-49.71-0.6**-2^-71.3-48.74+*^/59.21-27.22//10.44+44.07-39.52+-28.99
-85.93**1-43.63+-26.15-91.92**1+-34.34**1-38.19/(-93.42/-50.98--94.85/95.44-(69.74**2)),1^--85.93+43.63--26.15-44.4^+91.921^--34.34/-93.42--50.98/-94.852^69.74-95.44/38.19
-3.08-27.06*43.38-(-89.1/14.01**2--95.32**2+88.17**2--88.53+38.55)**2-84.55+30.31,--3.08*27.06/-89.12^-14.012^+-95.322^-88.17+-88.5338.552^--*+84.5530.31
-16.29**1-5.3+-23.56-89.94*6.3**2--39.83+72.03*-68.45+56.6*57.28*77.7/-74.7**1,1^--16.29+5.3--23.56*89.942^-6.3+-39.83*72.03+-68.45*56.6*57.28/77.71^-74.7
-83.88/83.75/-93.41**2+29.1+34.67-17.59-2.03+-9.52**2-2.18*-49.95-16.11**2+37.04,/-83.88/83.752^+-93.41+29.1-34.67-17.59+2.032^--9.52*2.18--49.9567.16^+16.1137.04
31.34*94.32*(-86.97**1--78.94+-58.12**1-(-89.52*95.68*90.86)*98.12/11.5)**2-91.32-(77.42),*31.341^-^+-78.941^*-89.52*95.6890.86*--58.12/98.1211.52/*-94.3277.42-91.32
62.99-(-32.7+(15.52+(56.42/-99.25+41.67**1--56.27*10.44--31.37*94.53/(-90.46*(95.84**2+42.42))))),/56.42+-99.251^-41.67*-56.27-10.44*-31.372^+95.8442.42*-90.46/94.53+15.52+-32.7-/
(79.09*-68.95-10.07/74.03-(-67.82--2.54*22.75**2-(-82.13**2--82.79*75.54)-(-29.32-33.43+70.03))),*79.09--68.95/10.07--67.82*-2.542^23.89^--82.13*-82.7975.54---29.32+-70.03-22.75-74.03
-67.95/-11.53*-35.36-17.77*6.75--68.64+3.61*-22.78**2--93.73**1+64.93*2.62/42.47/(-40.41),/-67.95*-11.53--35.36*17.77-6.75+-68.64-3.612^--22.781^+-93.73*64.93/2.62-40.41/42.47
-10.08-(-67.37*-79.48**2-58.72)/78.01--95.5**1--41.97/6.85-80.96--20.23*-18.78-29.77**2,*-67.372^--79.4858.72/--10.08-78.0186.75^--95.5/^-6.85-80.96*-20.23--18.782^29.77
60.16*-16.73**1--14.84/-28.59-(-14.13-60.8*-69.81**2+86.72**1+(10.34**2+-59.16-40.32)),*60.161^/-16.73/-14.84--14.13^60.82^+-69.811^2^+10.34--59.1640.32+86.72--28.59
83.28+-22.32**1-(-10.81**2+-70.78)**1--46.97/(32.9--56.92+88.17**2+3.49--99.23/73.7),+83.281^2^+-10.81-70.781^---22.32-32.9+-56.922^+88.17-+/-99.2373.7/-46.97
-98.82--37.24+50.11*-71.68/(58.5/-69.6**1+82.22--66.59-2.32**1-25.66/(-59.3**1-80.65)),-^+-37.24*50.11/58.51^+-69.6-82.22--66.591^-2.321^--59.380.65/25.66/-71.68
(-30.64-(-52.35--7.36--91.52-77.89--0.16)+-87.35)*29.95**2-92.07/29.54*-55.65*-43.73/-78.15+-97.19,--52.35--7.36--91.52-77.89-0.16-+-30.64-87.35/2^-29.95/92.07*29.54*-55.65/-43.73+-78.15-97.19
-81.47*69.82+83.96/-48.5/-21.61**2+(-2.63-(50.11+(25.2-62.77**1-3.54*2.35)/-99.94)+40.6),*-81.47+69.82/83.96/-48.52^-25.21^-62.77*3.542.35/+50.11-99.94-/-2.6340.6+-21.61
(-89.54-54.69/(-96.07-71.12/-65.8/-17.51/14.95-80.01-(48.07--73.79)*72.04-14.71)+14.91+-94.61--65.36),--89.54--96.07/71.12/-65.8/-17.51-14.95-48.07-73.79*-80.01-72.0414.71/+54.69*14.91--94.61-65.36
24.23*-59.04-67.52*-10.72*-94.8**1+72.2+-0.44*(20.11**2+-47.31)+58.97*73.51*-70.58**1,*24.23--59.04*67.52*-10.721^+-94.8+72.22^+20.11-47.31*+-0.44*58.97*73.511^-70.58
30.88**2+-52.72/-41.8/39.99/-6.59+-80.47*22.48-(45.73-17.06+-58.7*-81.2*16.07--70.56+10.23),2^+30.88/-52.72/-41.8/39.99+-6.59*-80.47-45.73+17.06*-58.7*-81.2-16.07+-70.5610.23-22.48
57.31/70.22+31.7-2.32**2+5.84-64.85**2-(60.78**2--57.37)+71.96+-63.21/-32.05+71.18,/57.31++-31.72^+2.32-5.8452.89^2^-60.78-57.37-+64.85+71.96/-63.21+-32.0571.18
-42.04*21.49/-21.13*(-67.48/-82.27/99.52/20.78--2.46)+-36.28--34.14-21.46**1+26.31**2-0.57,*-42.04/21.49/-67.48/-82.27/+-20.78-2.46*+-21.13--36.28--34.141^+21.462^-26.310.57
22.17/22.99/-84.07**2+-97.78**1-(-65.37/74.55--41.35--21.11)**1--63.35--74.04**1+80.38,/22.17^22.992^+-84.071^/-65.37-74.55--41.35-21.111^---97.78--63.351^+-74.0480.38
83.01*-6.1-(-70.98**2--12.28*-53.54--74.75+62.67+43.1)*73.96-25.45**2+31.24+-35.66+55.03,*83.012^--70.98*-12.28--53.54+-74.75+62.6743.1*--6.1-73.962^+25.45+31.24+-35.6655.03
78.12**2--97.6/95.0/-80.78**2+-28.13**2-51.38/35.21/-76.38/(-79.4/21.36)--6.6*12.89,2^-78.12/-97.6/95.02^+-80.782^--28.13/51.38/35.21/-79.421.36/--76.38*-6.612.89
30.9+-7.75+(-42.93-67.25+0.19--54.42**2+1.67*-39.26-(-90.66**1--42.36)/(-35.7--18.57/(60.37))),++--42.93+67.25-0.192^+-54.42*1.671^--90.66-42.36--35.760.37/-18.57/--39.26+-7.75
44.27+-90.49/-43.16+32.47/55.18**1-31.99**2+-25.74--47.29-36.66-55.23+99.89-86.09--44.59,+44.27/-90.49+-43.16/32.471^-55.182^+31.99--25.74--47.29-36.66+55.23-99.89-86.09-44.59
-3.14+(-8.85+(9.81+25.6-(-10.62+44.28)-81.48)**2--29.26*64.56**2-2.77*45.72)**2--6.97,+9.81+-10.6244.28--^81.482^+--8.85*-29.262^-64.56*2.7745.722^+--3.14-6.97
86.29*49.49**2+84.02*-29.82**2+57.14--84.89**1+50.86/4.86*(29.05**1+(93.66**1)),*86.292^+49.49*^2^+-29.82-57.141^+-84.89/50.861^1^93.66*29.05*4.86
-69.04--71.1+14.22/34.42**1-85.61/57.72/-86.89/-44.36-(-77.35**1+50.36*-30.72/-90.58)+-38.45,--69.04+-71.1/14.221^-34.42/85.61/57.72/-86.891^+-77.35*50.36/-30.72-90.58-+-44.36-38.45
(-36.3**2-39.08+-39.89-(74.24+96.99/38.39)**2--2.67--26.76**2-38.64*24.6+75.46+85.64),2^--36.3+-+74.24/96.9938.392----39.89--2.672^--26.76*38.64+24.6+75.4685.64
-11.43*99.9+58.76**1+-14.44*-35.48**2-93.48+78.67*(-29.17*81.2*-4.59)/(85.41/41.19+46.27),*-11.43+99.91^+58.76*-14.442^--35.48+93.48*-29.17*81.2/*/85.41+41.1946.27/78.67
81.09/-40.26/8.72+39.88+-86.26/68.43+16.01/17.58--6.51+-92.35*-80.68/-68.28/-84.81/-93.37**1,/81.09/-40.26+8.72+39.88/-86.26+68.43/16.01-17.58+-6.51*-92.35/-80.68/-68.28/-84.811^-93.37
(-33.85*35.91--9.34/-84.74)*(-68.49--4.13)/88.01-72.9*-57.86*(52.11*60.12*-65.65/44.52+-47.53*93.66),*-33.85-35.91/-9.34-84.74--68.49-4.13**-88.01*72.9*52.11*60.12/-65.65+44.52*-47.5393.66*-57.86
-36.6+-63.72**1-52.4**1+35.45/(-84.88*81.0*-56.68)-63.56-2.52**2-37.65**1+82.85,+-36.61^--63.721^+52.4*-84.88*81.0-56.68/-35.45-63.562^-2.521++37.6582.85
-63.48+(-20.24+31.8**2+-71.73+-60.32+-41.96)+-2.53/-42.64*-57.14/(-10.9**1+(43.53**2--20.28)),+-20.242^+31.8+-71.73+-60.32-41.96++-63.48/-*-42.641^2^-43.53-20.28+-10.9/-57.14
59.52--78.44**2+(-97.62/63.36*0.22+(6.03/-14.37)*(-15.95+-37.08)*48.44/-76.27/3.35**2--71.35),-59.522^/-97.62*63.36/6.03-14.37+-15.95+**+0.22/48.44/-76.272^-3.35-71.35+-78.44
-73.84*(-55.74*-66.8+39.54+72.29**1+-18.52+-15.39)+-25.72*3.99*87.35**2--35.19/-63.88+-81.0,*-55.74+-66.8+39.54-53.18^+72.29+-18.52-15.39*+-73.84*-25.72*3.992^-87.35/-35.19+-63.88-81.0
42.44*64.31/-2.09-(-36.88**2--91.51/78.78)*77.61*-59.26--75.57/77.45*-75.34--88.47/69.03-(-12.91),^42.44/64.312^--36.88/-78.78*--2.09*77.61--59.26/-75.57*77.45--75.34/-88.47-12.91-69.03
16.34**2-(-0.74--19.18**1--16.91-82.67*-35.75+47.33*63.2**1--76.86-27.59*99.98+-80.63),2^--0.741^-^--16.91*82.67+-35.75*47.331^-63.2--76.86*27.59+99.98-80.63-16.34
29.82-92.51/(-24.44-70.32**2-68.2**2-91.24**2--13.59)--1.76/-5.85/-19.73+55.17+-87.6,-29.82--24.442^-70.32-83.0^-68.22^-91.24-13.59/-92.51/-1.76/-5.85+-19.73+55.17-87.6
-59.18-35.79-58.34*-19.5+9.13/-87.94*26.33+19.22**1+3.07/-83.1/10.52**2-(-27.47*16.62),--59.18-35.79*58.34+-19.5/9.13*-87.94+26.331^+19.22/3.07/-83.12^*-27.4716.62*10.52
1.12**1+(-65.5/-9.89/-5.67+-28.16)-12.62-20.69--54.76--14.22*30.38*77.85*-17.64*(47.3*(34.43)),1^/-65.5/-9.89+-5.67-28.16+-1.12-12.62-20.69--54.76*-14.22*30.38*^34.43*47.3*-17.64
27.03*75.97+73.33+-5.81-(-59.36+-98.37+95.02)*49.35-27.27+70.67-67.54-23.32-(61.9**2+-2.05),*27.03+75.97+73.33+-59.36+-98.3795.02*--5.81-49.35+27.27-70.67-67.542^+61.9/-23.32
-14.19**1+48.67+40.58-35.16+59.2-97.31+(-80.68/38.79)/81.15**2+-20.64+33.86*65.89**1,1^+-14.19+48.67-40.58+35.16-59.2/-80.6838.79/-97.312^+81.15+-20.64*33.861^65.89
-4.27**1+(-73.88/-70.26**1+(-55.54--6.84/-73.56**2+17.4+76.51**1+(-47.9*-75.2)*-25.55)),1^/-73.881^--55.54/-6.842^+-73.56+17.41^*-47.9-75.2*+/-25.55+-70.26+-4.27
-66.97**2+35.78**2--83.2/-17.75/-16.07/-46.14+-12.89**1+-16.0**1+94.13**2--36.35,2^+-66.972^-35.78/-83.2/-17.75/-16.07+-46.141^+-12.891^+-16.02^-94.13-36.35
55.0/96.21--27.95+(6.54+(37.89+-39.49--85.45**1+(-75.06/(-82.26--44.01**1+(60.1*95.21+20.17))))),/55.0-96.21+37.89--39.491^--82.261^*60.1+95.2120.17+-44.01/-75.06+-85.45+6.54+-27.95
-61.75**1+-86.1*46.32/-22.57/30.75*68.8-51.56*34.86**1-62.41/-44.07+-36.23*-55.0/92.49,1^+-61.75*-86.1/46.32/-22.57*30.75-68.8*51.561^-34.86/62.41+-44.07*-36.23/-55.092.49
90.27**1+64.91/-20.28*14.08-65.24**2+-45.97**1-(1.54/-23.69/-37.42--7.56)-63.81+-94.6,1^+90.27/64.91*-20.28-14.082^+-1^/1.54/-23.69--37.42-7.56-/-45.97+63.81-94.6
-53.87/25.45--17.51/22.67-93.75--43.04**2+-21.13+-75.89-(-96.93+63.46/-19.54*(-33.21**2+-49.34)),/*-25.45/-17.51-*-93.752^+-43.04+-21.13+-96.93/63.462^+-33.21-49.34*-19.54--75.89
-45.32+30.24*-16.48*42.8+-33.69/86.39/-12.39/84.27+45.27/24.71--59.72--15.99+(-26.36**2+40.75),+-45.32*30.24*-16.48+42.8/-33.69/86.39/-12.39+84.27/45.27-24.71--59.722^+-26.3640.75+-15.99
(53.76-57.33*(29.61/-60.65*(-95.25/14.98*-79.5+60.69-(25.19*-40.49**2--11.77/-41.22**2--47.31)))),-53.76/+/-95.25*14.98+-79.5*25.192^--40.49/-11.772^--41.22-47.31-60.69*-60.65*57.33
-36.05+71.04**2+(-28.69**1-53.16--77.51**1-12.81/-28.24+-52.39+78.35)+-27.77*2.49**1,+-36.052^1^--28.69-53.161^--77.51/12.81+-28.24+-52.3978.35++71.04*-27.771^2.49
9.4*58.69+48.74+64.27-(13.99-(-86.25-(99.64/-21.39**1-61.75*93.14+(-38.74/(32.91-7.31/-10.45))))),*9.4+58.69+//99.641^--21.39*61.75-32.91/7.31-10.45/-38.74+93.14--86.25-13.99-64.27
(-4.65/70.83/-57.01*-24.33)/37.76/-31.16-(-73.78-(-82.01/-96.51/-6.98**1--85.99+-13.96*-97.29+-92.3)),/-4.65*70.83*-57.01-24.33//37.76/-82.01/-96.511^--6.98--85.99*-13.96+-97.29-92.3--73.78--31.16
(-54.03+-27.73**1--99.85/(-14.94--99.75+52.29*(54.85**2-(73.39+89.62/26.55/73.77**2+35.69)))),+-54.031---27.73--14.94+-99.752^+73.39/89.62/26.552^+73.7735.69-54.85*52.29//
-58.66*-77.06**1+(47.01+-29.97)*54.85/(0.23+-94.81*-2.52/(-83.89/-18.65)+-67.2/12.53)--16.61/80.21,*-58.661^+47.01-29.97*+-77.06+0.23*-94.81/-83.89-18.65/+-2.52/-67.212.53/-54.85/-16.6180.21
-38.18**2-33.41+36.8*0.66--75.03*-93.45-(-41.58/38.5)/49.47**1+-57.78+-62.74**1--21.22,2^--38.18+33.41*36.8-0.66*-75.03/-41.5838.5/--93.451^+49.47+-57.781^--62.74-21.22
(-48.7*72.84--29.71**1+-87.25--82.26--52.55**2+-37.8+78.15/-21.36**2--88.93*-14.13-(-70.79)),*-48.7-72.841^++--87.25--82.262^+-52.55+-37.8/78.152^-/*-88.93-70.79--14.13
-75.24/(-93.66*(-84.61**2-29.89**1--14.81*71.78**2+88.17*(56.92--64.53+(27.46+-58.28+59.27)))),2^--84.611^-29.89/-14.812^+71.78-56.92+27.46+-58.2859.27+-64.53*88.17*-93.66/-75.24
-80.07**2--10.7+58.02**2+82.3/-80.94*-23.49/45.23/-48.49+-67.71/82.6*-16.71--59.69*48.63,2^--80.07+-10.72^+58.02/82.3*-80.94/-23.49/45.23+-48.49/-67.71*82.6--16.71*-59.6948.63
8.36-(55.81--78.73--68.19)/38.21**1-44.34*(33.66/-32.07+58.6--2.14+-0.65+-82.03**1+46.13),-55.81--78.73-68.19/-8.361^-38.21/33.66+-32.07-58.6+-2.14+-0.651^+-82.0346.13*44.34
-38.73**2--1.12+-66.94/-70.6--39.2**1+84.78**2--96.0+(-24.55*-64.16)+85.36*(57.23-(49.88)),2^--38.73+-1.12/-66.94--70.61^+-39.22^-84.78*-24.55-64.16++-96.049.88-57.23*85.36
-7.87/35.86+-89.7**1+-45.28*-49.84*-55.79--15.26+-50.46--22.79**1+(73.53+18.31**1--27.39),/*+35.861^+-89.7*-45.28*-49.84--55.79+-15.26--50.461^+73.531^-18.31-27.39+-22.79
-49.06+46.5--61.01*-5.71+-98.95--43.33**2--4.13**1--1.34/74.15-22.31*-7.32-43.41*58.27,+-49.06-46.5*-61.01+-5.71--98.952^--43.331^--4.13/-1.34-74.15*22.31--7.32*43.4158.27
-76.87/(-26.19+(-45.62*18.02**1+51.08)/32.78**2+93.54--73.49+(3.12*-97.48+(47.38**2+-97.0))),*-45.621^+18.0251.08/+-26.192^+/-93.54*3.122^+47.38-97.0+-97.48+-73.49/-76.87
26.06/-99.34*(67.26+-45.45/(61.09**2--90.4)-0.64/77.86+-14.95)**2+(82.05*4.39**2+(100.0)),/26.06+67.262^-+-90.4/--45.45/0.64+77.86-14.952^**82.052^100.0+4.39+-99.34
53.88+36.4/39.74+-44.27/0.07--39.64*-57.46**2-84.42+61.39*-27.16*-77.66*-46.93/(-4.96**1),+53.88/36.4+39.74/--0.07*-39.642^--57.46+84.42*61.39*-27.16*-77.66-19.32^-4.96/-46.93
24.7+31.34-67.87/73.03/89.19*70.94+40.41/-63.32--38.26-8.53**1-(20.8+62.17)-97.22+89.79,+24.7-//67.87/73.03*89.19+70.94/40.41--63.32--38.261^+20.862.17--8.53+97.2289.79
62.61--35.52--59.76-90.48/-53.7/-37.64*57.57**1+18.31*-63.06-88.17/-4.69**2-29.14**2,-62.61--35.52--59.76/90.48/-53.7*-37.641^+**18.31--63.06/88.172^--4.692^29.14
36.0+50.53/32.27**1+71.38+87.52/-84.73*-47.87**2+(-46.4--4.56--95.63*-26.09+(-87.74**1)),+36.0/50.531^+32.27+71.38/87.52*-84.732+--46.4--4.56*-95.631^-87.74+-26.09+-47.87
-88.46/3.51+-33.49**1-(-5.23+59.82-50.73+-74.17)-(-50.59+95.51)/51.66**1+(-78.32-(-6.16**1)),/-88.46+3.511^+-5.23-59.82+50.73-74.17-+-50.5995.51/--33.491^1^-6.16--78.32+51.66
-75.35**1-26.92-98.62-55.41--69.33**1--88.79/-44.24**1-(1.91/(49.74--20.75)/-94.11/-81.0),1^-/-26.92-98.62-55.411^--69.33/-88.791^-49.74-20.75//1.91/-94.11-81.0--44.24
-87.37/-71.63/-47.5-(-43.13+-44.57)--44.14+91.3+74.19*-37.36/-91.64*43.82+32.98**1-23.2+-89.88,/-87.37/-71.63+-43.13-44.57---47.5+-44.14+91.3*74.19/-37.36*-91.64+43.821^+32.98++-89.88
-5.77+59.64+47.27*-19.11*1.37+90.31*-51.12**2+83.72--44.9-(-8.89--72.41/-34.62)--85.77/13.99,+-5.77+59.64*47.27*-19.11+1.37*90.312^--51.12/83.72--8.89/-72.41-34.62---44.9/-85.7713.99
99.14/60.94*35.93/-15.26**1-82.54--93.95**1-42.51*(-14.45-20.26+92.12)+67.26--35.69/-53.31,/99.14*60.94/35.931^--15.26-82.541^--93.95--14.45+20.2692.12*+42.51-67.26/-35.69-53.31
-58.77*-62.57/94.64**1--44.81+95.09**2+-94.91+27.94+-94.05+17.37+-47.44+(-5.25/-30.97/-19.16),*-58.77/-62.571*-94.64+-44.812^+95.09+-94.91+27.94+-94.05+17.37/-5.25/-30.97-19.16+-47.44
(-92.18--52.36-83.8)**1+-26.3*-54.58*-16.77/90.26/-20.56-77.12*-62.13/-67.33**2+-86.55+(66.25),--92.18--52.3683.81^+*-26.3*-54.58/-16.77/90.26--20.56*77.12/-62.132^+-67.3366.25+-86.55
(-36.87**2+32.82*31.43**1+-73.03-48.27**1+(-8.91**2+-9.37*-75.19+-62.67--8.28-88.74)),2^+-36.87*32.821^+31.43--73.031^2^+-8.91*-9.37+-75.19--62.67--8.2888.74+48.27
86.19-(85.66+-36.22**1+-10.82/-71.9**1+2.74+(-90.5**1+-46.77+(-63.1**1-48.17)-(-65.46))),+85.661^+-36.22/-10.821^+-71.91^+-90.51^--63.148.17^-65.46--46.77+2.74-86.19
77.65/99.78*-76.06/-35.12-89.33--62.61**1+-48.8*-59.92**2+-98.03*-15.72*33.82**1-20.9,/77.65*99.78/-76.06--35.12-89.331^+-62.61**2^+-59.92*-98.03*-15.721^-33.8220.9
-21.53**2-86.05--96.37*(-0.93--20.72-15.78/14.78+-43.06/61.12-85.82)-11.08+(51.41-78.56+-84.52),2^--21.53-86.05--0.93--20.72/15.78+14.78/-43.06-61.1285.82*--96.37-51.41+78.56-84.52+11.08
-8.73*-2.06**2-27.39*34.69**2+39.43**1-73.52*-69.88**1+-73.75/-88.87+45.2*27.12,*-8.73-32.26^--2.06*27.392^+34.691^-39.43*73.521^+-69.88/-73.75+-88.87*45.227.12
(-51.52-(71.75*(21.29/-3.25+64.77/-97.02*12.5+(-82.13*(7.74-73.8*1.11+53.2+-61.26-9.5)**1)))),/21.29*-3.25/64.77*-97.02-7.74*73.8+1.11+53.2--61.269.51^*-82.13+12.5*71.75--51.52
96.22*25.73/-26.63-99.55*-93.91**1--53.0-78.89**1+33.82+-14.65**1+32.88--84.87/-86.38,*-/25.73--26.63*99.551^-+--53.01^+78.89+33.821^+-14.65-32.88/-84.87-86.38
-68.74*-63.84*51.91-71.38/37.82+-45.46*-24.15*-81.39--18.4+(-92.97--39.27**1+(-11.39/-39.4/-9.65)),*-68.74*-63.84-51.91/71.38+37.82*-45.46*-24.15--81.39--92.971^/-11.39/-39.4-9.65+-39.27+-18.4
3.61/(81.43*-84.91+-9.77+-98.95**2--24.83)*(15.28**2-8.91*96.87-96.19)--65.4**1-69.22,*81.43+-84.91+-9.772^--98.95-24.83/2^-15.28*8.91-96.8796.19*-3.611^--65.469.22
-74.41*5.43*46.28**1--8.08-(-89.58**1+-22.69*-66.5+16.81)+55.52/29.26*-51.53--45.44**2,*-74.41*5.431^-46.281^+-89.58*-22.69+-66.516.81-+-8.08/55.52*29.26-*2^-45.44
-58.86*(-49.03*-26.67+53.9+-42.63**2--43.12)+(-98.74*(-33.59-55.12/(-52.97*-21.15*(90.33-60.99+(-61.0))))),*-49.03+-26.67+53.92^--42.63-43.12^--33.59*-52.97-90.33^+60.99*-21.15/55.12*-98.74+-58.86
44.5+61.77*-32.97/-90.93*-18.98**1+-2.38/23.49/59.91*-26.51-84.2/-44.84**1+-19.01*-85.89,+44.5/61.77/-32.97*-90.931^+-18.98/-2.38/23.49*59.91--26.51/84.21^+-44.84*-19.01-85.89
(-81.44-(98.06+24.38-27.59/-10.91)*11.6**2+12.98**2+(79.93/-15.91-76.83/56.6--96.73**1)),+98.06-24.38*27.59-10.91*--81.442^+11.62^/79.93--15.91/76.83-56.61^-96.73+12.98
(67.73/-67.76+-40.17**1-66.15*73.06+8.04+(78.29-40.55)-52.89-31.64**1--0.24/80.16+69.31),/67.73+-67.761---40.17*66.15+73.06-78.2940.55+-8.04-52.891^-31.64/-0.24+80.1669.31
-60.68*14.06+6.77*-48.92+-61.41**1--55.18-(4.24-30.81)/78.08/37.36*-14.82/-3.86*-24.12+1.06,*-60.68+14.06*6.77+-48.921^--61.41-4.24-/--55.18/78.08*37.36/-14.82*-3.86+-24.121.06
88.52+(-13.41/83.78*-40.03)*60.56+(17.17--72.23*-39.6**2+-67.71/(-55.97--62.7--99.7+(-89.85*74.59))),/-13.41*83.78-40.03*+88.52-17.17*-72.232^+-39.6--55.97--62.7*-89.85++-99.7/-67.71+60.56
-31.26/36.88*-37.25+-6.01-23.06+74.4*90.04*-44.57-67.8**2-(-22.42+(-79.45+80.07)*-82.36/-11.84),/-31.26*36.88+-37.25--6.01+23.06*74.4*90.04--44.572^+-79.4580.07*--22.42/-82.36-11.84-67.8
-84.65/-31.63+42.47--13.53*-1.56+-46.86**2+-92.12/41.65+36.7+(12.57--18.29/(-14.74/-28.3/(-89.19))),/-84.65+-31.63-42.47*-13.53+-1.562^+-46.86/-92.12+41.65-12.57/-14.74-89.19/-28.3/++36.7
-83.05**2+-7.01/-78.68*-49.34/-95.25**1+(-46.74/-23.29**1+-82.08+27.84*-92.8-89.48**2),2^+-83.05/-7.01*-78.68/-49.341^/-46.741^+-23.29+-82.08*27.84--2^89.48+-95.25
-51.31/-78.05--31.98+-27.05**1+-71.37**2+91.54/87.24**2--17.94+40.96*41.4*(-86.79**2),/-51.31--78.05+-31.981^+-27.052^+-71.37/91.542^-87.24+-17.94*40.962^-86.79*41.4
20.69**1-4.56-(-40.47**1--8.61)+38.42**1+-26.53*37.76/21.0/67.02-(81.44*-71.02)*20.33,1^-20.691^-^-8.61-+4.561^+38.42*-26.53/37.76/21.0*81.44-71.02*-67.0220.33
43.46/60.58+68.5*60.38/-46.73/(11.95--34.73)/-81.95+87.71**1--30.58-63.79-(-91.05-(94.82+14.35)),/43.46+60.58*68.5/60.38-11.95-34.73//-46.73+-81.951^-87.71--30.58+94.8214.35--91.05-63.79
-7.39**1-(93.18/89.97*80.5/(11.11+33.3+-68.91/35.22)+-15.06*-49.01/-25.92**1-(-74.78/-57.13)),1^/93.18*89.97+11.11+33.3/-68.9135.22/+80.5*-15.06/-49.011^/-74.78-57.13--25.92--7.39
(55.98**1--74.59**2--44.22**2+87.32+63.13*85.52**1--16.53)--11.84+(29.53--91.63--35.47),1^-55.982^--74.592^+-44.22+87.32*63.131^-85.52-16.53--29.53--91.63-35.47+-11.84
-34.96*-53.84*-51.88+15.01*88.16+-44.5/-58.34+-49.67*(-48.52/-86.21*-87.3*(94.15+-79.37*-85.36**1)),*-34.96*-53.84+-51.88*15.01+88.16/-44.5^-58.34/-48.52*-86.21+94.15*-79.371^-85.36*-87.3*-49.67
-96.99**1+39.83--15.77**2--57.6/4.63*-98.45**1-36.93/92.8+(-80.77+65.35-(-6.13/46.02)),1^+-96.99-39.832^--15.77/-57.6*4.631^--98.45/36.93+-80.77/-6.1346.02-65.35+^
-11.47*95.05/73.33**1+-8.0/(10.28*-52.79/56.77**2--28.83*-89.58-29.87+-62.31/88.96)+91.47,*-11.47/*1^+73.33*10.28/-52.792^-56.77*-28.83--89.58+29.87/-62.3188.96/+-8.091.47
34.33+-76.43+-15.79-57.35+-14.75**2+-16.7**1-45.8**1--5.94**1-21.16+-35.37*45.24,+34.33+-76.43--15.79+57.352^+-14.751^--16.71^-45.81^--5.94+21.16*-35.3745.24
54.24-92.43+13.39**2+-70.85*-46.84*15.62*1.17+59.59--27.77--99.34--23.72/-9.36--85.11*-24.34,-54.24+92.432^+13.39*-70.85*-46.84*15.62+1.17-59.59--27.77--99.34/-23.72--9.36*-85.11-24.34
80.1+52.21*35.69/-48.4+-70.68*14.96/(-63.69/-77.43**1+-17.77**2+-1.81-17.32--12.0/49.43),+80.1*52.21/35.69+-48.4*-70.68/-63.691^+-2^--17.77--1.81-17.32/-12.049.43/14.96
-61.88/88.14+-84.19/-40.24-72.42**1-60.4*63.76+84.64+19.3**2+-44.19/85.39*(-62.71--41.89),/-61.88+88.14/-84.19--40.241^-72.42*60.4+63.76+84.642^+19.3/-44.19--62.71-41.89*85.39
5.12**2--88.77*58.87**2+-4.59-92.01/62.83-74.67*-24.39**1+-45.3*-43.33/(30.11/61.79),2^-5.12+-88.772^+58.87--4.59/92.01-62.83*74.671^+-24.39*-45.3/30.1161.79/-43.33
24.72*-57.81**1+12.0*-80.43+96.89-17.58*(-38.57-53.25)/57.09/-67.68/48.47**2--14.05--59.22,*24.721^+-57.81*12.0+-80.43-96.89--38.5753.25*/17.58/57.09/-67.682^-48.47--14.05/
-53.17/-70.91+-65.72--48.6*66.44+78.52+-99.91**1-(25.72**2-1.72**1--2.32*87.77**1),/-53.17+-70.91--65.72*-48.6+66.44+78.521^2^-25.721^-1.72*-2.321^87.77--99.91
-79.45+-55.74+13.66/-55.22/-57.62--90.62--86.16/(-78.64*(-47.55--74.99**2--27.81*-28.3**2+(39.12))),+-79.45+-55.74/^/-55.22--57.62--90.62--47.552^--74.99*-27.812^39.12+-28.3*-78.64/-86.16
94.67*(-13.13+-86.69*-70.73/71.67+45.68**2--38.09)/(-16.36+53.88)**1+-73.79--14.32**2+-12.63,+-13.13*-86.69/-70.73+71.672^-45.68-38.09*+-16.3653.881^/+94.67--73.792^+-14.32-12.63
-60.91-28.4/-29.43**2-15.84/23.8**1+90.95/-87.64/(62.8/-17.97+-32.38/86.25--92.99**1),--60.91/28.42^+-29.43/15.841^+23.8/90.95/62.8+-17.97/-32.38-86.251^-92.99/-87.64
-70.28**1+-77.13*-53.27+-5.82/46.14**1+-34.83+-88.16--37.96**1--57.74*-58.21**2+19.37,1^+-70.28*-77.13+-53.27/-5.821^+46.14+-34.83--88.161^--37.96*-57.742^+-58.2119.37
57.3**1--64.9+-61.16+(-17.25/-10.38/-21.13/59.78+43.34*-41.69+-97.3+-18.56)+-39.21*9.03--22.59,1^-57.3+-64.9/-17.25/-10.38*-21.13+59.78*43.34+-41.69+-97.3-18.56++-61.16*-39.21-9.03-22.59
(58.49-70.8)*86.86*68.99/-57.11/(51.97-12.47**2--81.32**2--52.79*-24.53*-84.96)/58.43+(-92.49),-58.4970.8**86.86/68.99-^2^-12.472^--81.32*-52.79*-24.53-84.96//-57.11-92.49+58.43
-37.55--5.37-51.96**2--27.87+-92.31/21.2+(76.03--29.4)/60.62--12.86*38.64-(-46.97--23.89*13.12),--37.55--5.372^-51.96+-27.87/-92.31-76.03-29.4/+21.2/60.62*-12.86--46.97*-23.8913.12-38.64
20.1-16.82**1--16.18--74.75/56.63+-42.89*-85.24/-61.94**1-66.81--56.75**2+-72.8-47.09,-20.11^-16.82--16.18/-74.75+56.63*-42.89/-85.241^--61.94-66.812^++--72.8-
17.19/47.83/-50.78**1--62.22/35.91/-34.32--0.66-1.59-54.36/(-27.93--3.26)**1+11.86/77.75,/17.19/47.831^--50.78/-62.22/35.91--34.32--0.66-1.59--27.93-3.26-44.49^/+54.36/11.8677.75
11.7+(86.53+49.78*-98.77/(-63.33*(72.74-(93.1**1-72.36)--6.82**1+(12.91*(72.0+72.29)+89.49)))),+86.53*49.781^-93.172.36--72.741^/72.072.29*+12.9189.49+-6.82*-63.33/-98.77+11.7
98.38**2-25.22-70.75-3.49/-35.47/-92.71--89.63/93.66/-79.46/-45.72*84.11**1-68.86+54.29,2^-98.38-25.22-70.75/3.49/-35.47--92.71/-89.63/93.66/-79.46*-45.721^-84.11+68.86*
(76.37+(46.74+82.23/-81.51/(-89.52+-39.69)/(-25.7/-58.6**2--12.95/81.92)+-66.08/77.86*-91.92**1)),+46.74/82.23+-89.52-39.69//-25.72^--58.6/-12.9581.92/+-81.51/-66.08*^1^-91.92+76.37
-37.33*-70.8/-1.67*-59.17**2--73.96*-34.8-83.62+-41.61*49.25+-6.65/4.15+-5.07/(-77.7/-54.24),*-37.33/-70.8*-1.672^--59.17*-73.96--34.8+83.62*-41.61+49.25/-6.65+4.15/-77.7-54.24/-5.07
72.22+10.72+1.1*-0.24--29.15/24.31+(-67.48**1--51.15)**2+33.78*-55.76**2+-62.06-59.25,+72.22+10.72*1.1--0.24/-29.151^--67.48-51.152*++24.31*33.782^+-55.76--62.0659.25
36.45--11.97**1-90.15--25.5-(-97.35+(-88.68/36.65/-93.44*-78.41+-48.67*21.37)*-84.32-65.46-20.58),-36.451^--11.97-90.15/-88.68/36.65*-93.44+-78.41*-48.6721.37*+-97.35--84.32-65.4620.58-+
-3.06*80.49/-46.01-40.76*(-76.35+(85.83**1-74.63/81.32-71.32/-26.79)**1--89.18+-43.79*-51.56),*-3.06/80.49--46.011^-85.83/74.63-81.32/71.32-26.791^+--76.35+-89.18*-43.79-51.56*40.76
70.59+47.94--75.77/77.28*-65.23-42.75/52.38-40.12*28.44-6.92*-13.73/-12.05*(-8.08/94.51**2),+70.59-+/-75.77*77.28--65.23/42.75-52.38*40.12-28.44*6.92/-13.73/-8.082^94.51*-12.05
95.16*41.38-0.35**2-(-30.6/66.7)/-85.91/58.48**1+(72.66/(-56.5--11.7+1.45)*-65.56*-82.73),*95.16-41.382^/-30.6^/-0.35/-85.911^--56.5+-11.71.45/*72.66*-65.56-82.73+58.48
-13.34**2-94.65+-71.18**2+7.18/-18.47/-70.33/-83.98**1+28.6--55.55+25.83**1+-4.96,2^--13.34-94.652^+-71.18/7.18--18.47/-70.331^+-83.98-28.6+-55.551^+25.83-4.96
69.12+(-23.73/-13.88)/84.69+99.89-63.02*-13.75/66.11/(-10.75/68.68+61.83)**1--77.17/-24.47-36.41,/-23.73-13.88/+69.12+--99.89*63.02/-13.75/-10.75+68.6861.831^/--/-77.17--24.4736.41
-87.61*(93.32/-9.44)*-92.18*-80.61*(7.07/-34.55*-94.23*76.68+97.79**1-41.67)*(26.58**2--54.66),/93.32-9.44**-87.61*-92.18/7.07*-34.55*-94.23+76.681^-97.7941.67*2^-26.58-54.66*-80.61
-44.03*-81.93/99.8-43.15*-87.63/(38.95**1-81.65)--21.58*-29.4/34.33/57.89+53.15*-7.77**2,*-44.03/-81.93-99.8*43.151^-38.9581.65/--87.63*-21.58/-29.4/34.33+57.89*53.152^-7.77
18.72/-33.44--85.67/-75.95**1+8.31*30.51--81.4**1--59.24*-38.84**2--93.8+-24.49+62.19,/18.72--33.44/-85.671^+-75.95*8.31-30.5125.53^--81.4*-59.242^--38.84/-93.8+-24.4962.19
-60.53+24.06**1-89.95*85.68-9.28**1-12.79/17.23+91.96--97.87**1+-42.99*14.78+-74.84,+-60.531^-24.06*89.95-85.681^-9.28/12.79+17.23-91.96-69.35^+-97.87*-42.99+14.78-74.84
-28.86*-64.0**2-(-72.63+9.11+-54.12+64.43)**2+68.19*40.42--45.82*(16.13/-97.34)*-26.71+50.03,*-28.862^+-72.63+9.11+-54.1264.432^-+-64.0*68.19-40.42/16.13-97.34**-45.82+-26.7150.03
38.31-(36.61/15.41**1+-8.38)/-60.18-45.35**1+(71.67**2+-5.77*7.24/-83.19/70.73)*74.23,/36.611^+15.41-8.38/-38.31--60.181^2^+71.67*-5.77/7.24/-83.1970.73*+45.3574.23
-1.29+80.7+80.26**2-86.72--50.47-54.08+(-68.92-43.98)**2-(69.51**2+-33.92**2+36.44),+-1.29+80.7-87.35^-80.26-86.72--50.47--68.9243.982^+2^+69.512^+-33.9236.44-54.08
35.63/-94.9**2+-84.84*80.47*83.13+-95.56+81.05+38.39+2.36/-54.54+-1.27**2--30.04*72.53,/35.632^+-94.9*-84.84**+83.13--95.56+81.05+38.39/2.36+-54.542^--1.27*-30.0472.53
-28.9*47.1**1--9.89*-68.68/-11.74-(92.82/-54.62/61.77+19.87*(97.22**2--24.15/75.35**1)),*-28.91^-47.1*-9.89/-68.68/92.82/-54.62+61.772^-97.22/-24.151^75.35*19.87--11.74
7.43+(-16.23/19.52+(62.81**1+-94.3-44.74*43.71)**1--73.77)/(22.21+45.2+-62.65)-(2.69*62.79),/-16.231*+62.81--94.3*44.7443.711^+-19.52-73.77+22.21+45.2-62.65/+*2.6962.79-7.43
81.56/-97.85+-14.96-91.61*5.83*-44.86+(43.71**2+-74.71-83.73*93.86+90.04-(2.92/77.54*5.56)),/81.56+-97.85--14.96*91.61*5.832^+43.71--74.71*83.73+93.86/2.92*77.545.56+90.04+-44.86
72.08+-38.84*87.89+-63.67-31.99+-30.32+-53.12-40.43/(88.21**2+(-25.22**2-94.64*78.64*(-11.14))),+72.08*-38.84+87.89--63.67+31.99+-30.32--53.122^2^--25.22*94.64-11.14*78.64+88.21/40.43
(-94.1/43.45+(-83.76*-76.19*(32.54*18.28**2+49.58-43.69**2+-72.93**2--38.83+25.46*-65.21))),/-94.1*-83.76*32.5440.56^+18.28-49.582^+43.692^--72.93+-38.83*25.46-65.21*-76.19+43.45
76.69/-14.82**1+99.4*-54.15--31.65+68.71*(-66.75+65.88/(25.17+-29.17*-37.45/-29.52-(70.76-74.23))),/76.691^+-14.82*99.4--54.15+-31.65+-66.75+25.17*-29.17/*-70.7674.23--29.52/65.88*68.71
87.67/-3.03+-47.84/-3.12/19.68+(82.5-47.99+28.92)*-28.84/-3.33**1+-76.1+61.7+-42.63*-85.41,/87.67+-3.03/-47.84/-3.12-*+47.9928.92*+19.68/-28.841^+-3.33+-76.1+61.7*-42.63-85.41
-20.72**2+-46.34-33.74*-10.66*65.23-29.45/21.77/39.74/-65.7/-61.15**2+23.41+50.98**2,2^+-20.72--46.34*33.74*-10.66-65.23/29.45/21.77/39.74/-65.72^+-61.15+23.412^50.98
70.64**1-38.01+(40.63+(-43.22+-51.98/(-47.53/-83.81--67.4*-85.1+-13.04**2+-48.32**2+21.39))),1^-70.64+-43.22/-47.53--83.81*-67.4+-85.12^+-13.04+^+-48.3221.39/-51.98+40.63+38.01
37.36-34.65/(-30.53+38.55/18.3*29.35)**2--64.95*-18.25*-77.07/(-50.22**2+-55.61*-52.06+97.35),-37.36+-30.53/38.55*18.329.352^/-34.65*-64.95*-18.252^+-50.22*-55.61+^97.35/-77.07
-24.62*-42.06*-46.19**1-22.92*53.37+-25.4**1+59.78+50.89+0.95/94.34/(77.55+53.43*(-7.3)),*-24.62*-42.06-40.3^--46.19*22.92+53.371^+-25.4+59.78+50.89/0.95+77.55-7.3*53.43/94.34
-92.12**1-90.27*77.12**1-49.14+71.28--18.28/-38.46*(79.11--36.25/29.34)*66.13*(-59.87+58.27),1^--92.12*90.271^-77.12+49.14-71.28/-18.28-79.11/-36.2529.34**-38.46+-59.8758.27*66.13
17.61--30.36/(-74.97*96.69*-61.7--75.58*-14.8)*-41.01*-27.52--30.8+(-81.49*-37.77-50.01--52.86/-79.1),-17.61*-74.97*96.69--61.7**-14.8/*-30.36*-41.01--27.52*-81.49--37.77-50.01/*-79.1+-30.8
0.37**1--47.15*(49.04/-63.39/-13.29+-99.66/-26.16)-77.08*14.63*-24.05/-95.36/-42.06**1+72.11,1^-0.37/49.04/-63.39+-13.29/-99.66-26.16*--47.15*77.08*14.63/-24.05/-95.361^--42.0672.11
(99.71+-80.68/-33.71*60.72--88.84+(-17.08**2--61.12**2+-73.09*24.13--95.46*56.69+-79.71**2)),+99.71/-80.68*-33.71-60.722^--17.082^+-61.12*-73.09-24.13*-95.46+56.692^-79.71+-88.84
-44.0+57.64-3.81-95.63--68.49/64.48*47.24**2--69.68+-61.92**2-95.59/68.18**2+(17.76),+-44.0-57.64-3.81-95.63/-68.49*/2^-47.24+-69.682^--61.92/95.592^17.76+68.18
-92.65+39.33/72.21*-22.12/79.74*14.59-14.59--83.18*-44.58+-43.68/65.56**1+23.57+(-66.48*-29.48),+-92.65/39.33*72.21/-22.12*79.74-14.59-14.59*-83.18+-44.58/-43.681^+65.56*-66.48-29.48+23.57
94.7-90.76*-48.57*-80.9+-39.37**2+89.0+20.23*-78.06*-69.76*(-91.0+19.3+(53.93/-16.39--23.37)),-94.7*90.76*-48.57+-80.92^+-39.37+89.0*20.23*-78.06+-91.0/53.93--16.39-23.37-19.3*-69.76
(-36.55-51.55+(89.95**2+-13.62*(-65.78**1--25.99**2-5.62-4.54/-34.0*-67.67+22.09/92.11))),--36.552^+89.951^--2^--25.99-5.62/4.54*-34.0+-67.67/22.0992.11*-13.62+51.55
-55.43*-88.26**1-86.66-0.66**1+70.59*27.3**1+10.55+-55.5**1--60.6**2+(-76.95),^-55.431^--88.26-86.661^+0.66*70.591/+27.3+10.551^--55.52^-76.95+-60.6
(56.1-89.91/49.48)/77.16*10.52+81.0/38.83**2--55.79--92.93*96.45**2+-81.07/-13.82/20.71,-56.1/89.9149.48/*77.16+10.52/81.02^-38.83--55.79*-92.932^+96.45/-81.07/-13.8220.71
89.1-3.35*-94.43+-16.51/(-54.49+-92.43)*(-22.54--69.46)**1+(-18.11/2.28+3.06+17.77+-69.58-37.14),-89.1*3.35+-94.43+-54.49-92.43/--22.54-69.461^*/-18.11/2.28+3.06+17.77--69.5837.14+-16.51
72.15-(-98.22+55.05**1--62.34*-57.66+65.12-71.77+-59.48)*10.13**1+(-38.36*-61.49/93.81/-41.27),+-98.221^-55.05*-62.34+-57.66-65.12+71.77-59.48*-72.151^*-38.36/-61.49/93.81-41.27+10.13
59.99**2+-81.81+-48.55+62.72**2+(53.04+(-77.29-(37.11+24.53-(-55.28-27.81+-97.7)*(47.62*36.06)))),2^+59.99+-81.81+-48.552^+37.11--55.28+27.81-97.7*47.6236.06*-24.53--77.29+53.04+62.72
-94.96--15.49+-63.83**2+-99.22**2-61.4-44.16--2.32*(64.61**1+-3.24+43.0**2--65.78),--94.96+-15.492^+-63.832^--99.22-*-44.161^+64.61+^2^-43.0-65.78*-2.32
-57.41/78.01+-57.98**2+-18.39-(-67.39+(39.82**1-26.7)**1-9.99+81.01--44.59--90.55*-8.02),/-57.41+78.012^+-57.981^-39.8226.71/+--67.39+9.99-81.01--44.59*-90.55-8.02--18.39
-93.02-82.32/(-56.14+63.39)-19.28--66.34+-23.45+(68.89/-81.35/67.22-8.45**2+(-98.57+(19.29+-54.48))),--93.02+-56.1463.39/-82.32-19.28+-66.34/68.89/-81.35-67.222^+19.29-54.48+-98.57+8.45+-23.45
-44.88--94.79*-62.31+-98.08--97.72*26.16*23.67--60.72**2--13.78-40.8*27.89/-21.24**2+34.67,--44.88*-94.79+-62.31--98.08*-97.72*26.16-23.672^--60.72--13.78*40.8/27.892^+-21.24-
99.39+-45.71/(-64.54+51.26--85.01--86.3**2+(-6.31-77.01+(63.97+-7.89--34.98)**2-63.49-8.19)),+99.39+-64.54-51.26--85.012^--6.31+63.97--7.89-34.982^+-77.01-63.49*+-86.3/-45.71
-35.7--29.44**2--64.86/50.51**2+-74.35**1+98.65--55.84*23.96/-81.97**2-(90.84/-2.46),--35.72^--29.44/-64.862^+50.511^+-74.35-98.65*-55.84/23.962^/90.84*--81.97
22.67/-87.58**1--0.24-92.39*-62.73*(94.27/-45.22*-87.38)/81.61--66.12+-14.35-69.96**2-(-59.64),/22.671^--87.58--0.24+92.39/94.27*-45.22-87.38*/-62.73-81.61+-66.12--14.352^-59.64-69.96
(89.88+-32.66**2+-12.51**2--93.66-(-46.11*-13.13*(53.21*-66.2/61.72*86.96)-(71.14--27.54+39.98))),+89.882^+-32.662^--12.51*-46.11*53.21/-66.2*61.7286.96*-71.14+-27.5439.98--13.13--93.66
98.21-46.73/(35.65-(-9.48--49.44*-78.23/30.95/-56.7/-71.06+(-49.92+-83.01)+(-12.83+14.3)+-11.14-77.87)),-98.21--9.48*-49.44/-78.23/30.95/-56.7+-49.92-83.01++-12.8314.3++-71.06*-11.1477.87-35.65/46.73
(10.61**1--92.63-(70.81+-21.06*59.34+-83.38*-0.98)--73.73/12.63+-87.45)*74.86**2--19.18/(52.82),85.08^-10.61+70.81*-21.06+59.34*-83.38-0.98---92.63//+12.63-87.45*2^-74.8652.82/-19.18
-7.92**2-73.79**2-(58.89**2+73.12+-79.97+-7.1--42.43+15.54+74.97+(83.17**1--86.28)),2^--7.922^2^+58.89+73.12+-79.97--7.1+-42.43+15.541^-83.17-86.28+74.97-73.79
(25.4+32.74+84.36)-(58.54*-36.61*84.07*-63.29+32.47--38.99*(-36.28+22.43*25.84--89.33)/-31.37*-26.69),+25.4+32.7484.36*58.54*-36.61*84.07+-63.29-32.47+-36.28*22.43+25.84-89.33*/-38.99*-31.37-26.69-
(-38.03/-18.91)-(79.38--77.41--40.24)*(-60.25-15.97/-42.88-31.92+26.08**2+-26.61+-63.23**2+(-5.94)),/-38.03-18.91-79.38--77.41-40.24--60.25/15.97--42.88+31.922^+26.08+-26.612^-5.94+-63.23*-
93.71--82.18--88.78/51.72--55.73--2.74**1+-29.71**1--50.72+(-79.47-(41.47**1+44.73/-69.32)),-93.71--82.18/-88.78-51.72--55.731^+-2.741^-/1^+41.47/44.73-69.32--79.47+-50.72
44.7**2--68.64*-8.92/-72.72/-7.21/86.13/(15.25+29.18/(28.08/64.7**1+38.49)*-90.35/74.26),2^-44.7*-68.64/-8.92/-72.72/-7.21+15.25/28.081^+64.738.49/*29.18+-90.3574.26/86.13
-86.91/7.82**1+(75.65-47.19/88.57**2+-9.19-29.61)/81.71+43.63-4.64*64.56/21.18/-77.87,/-86.911^--/47.192^+88.57--9.1929.61/+7.82+81.71-43.63*4.64/64.56/21.18*
-49.31**2+61.34--44.29*42.3--37.06+(83.23+(96.05--14.39+(-79.34+93.1/(57.08/45.48**2+78.27)))),2^+-49.31-61.34*-44.29-42.3-96.05+-79.34/57.082^+45.4878.27/93.1+-14.39+83.23+-37.06
95.56+-86.87/-34.91/(79.96*63.76+73.39)+-79.36+91.37*85.07**2+49.47**1+-91.8-79.38/-0.32,+95.56/-86.87*79.96+63.7673.39-+-34.91+-79.36*91.372++85.071^+49.47--91.8/79.38-0.32
-29.05**1-(46.75**1-58.55**1-18.07)--99.94--65.23*-44.76**1-20.7*14.83-(3.85+32.86),1^15.52^-46.751^-58.5518.07---29.05--99.94+-65.231^--44.76*20.7+3.8532.86-14.83
-76.12*38.0/-10.5+-28.14*(-14.02**1--24.31/91.44+17.88**1+-94.75-(-49.28**1--69.92--25.14)),^-76.12/38.0+-10.51^--14.02/-24.31+91.441^+17.881^--49.28--69.92-25.14--94.75*-28.14
56.6/-50.2**2+-27.62+-96.74**1-(-45.96-20.43*26.76)+25.69**2-45.34/36.81+(34.76**2),/56.62^+-50.2+-27.621^--45.96*20.4326.76-+-96.742^-25.69/45.342^34.76+36.81
(-97.09+87.09*-71.33*(-95.7/20.57)+91.69+47.98)*5.16**1-82.95/(-3.11--9.21--15.73)*-55.79/-64.12,+-97.09*87.09/-95.720.57*+-71.33+91.6947.98*1+-5.16--3.11--9.21-15.73/*82.95/-55.79-64.12
52.59/64.56--35.19/(-12.27**2-2.41+-96.62*(25.51*-78.46*-69.78--18.14)**2-(-17.74+9.78*80.76)),+52.59-64.562^--12.27+2.41*25.51*-78.46*-69.78-18.142^*+-17.74*9.7880.76--96.62/-35.19
52.22**1+89.39+81.5**1+15.07**1+85.97+-61.08**1-54.72**2-56.24/40.8**2,1^+52.22+89.391^+81.51^+15.07+85.971^-*2^-54.72/56.242^40.8
-83.95/(-31.91--10.64/88.64+71.91/-86.86**1+97.15*9.97--4.49**2+(-10.68/(9.24**1-(-63.86)))),--31.91/-10.64+88.64/71.9139.27^+-86.86*97.15-9.972^1^-63.86-9.24/-10.68+-4.49/-83.95
(33.6*81.21**2--4.95)**1+50.1/84.39-92.06-22.17+-19.43--19.81*18.22-80.34+(29.44*-17.11),*33.62^-81.21-4.951^+/50.1-84.39-92.06+22.17--19.43*-19.81-18.22*29.44-17.11+80.34
-11.28/1.71*60.97/46.57+26.2+73.85*-28.72--54.28-(-75.92-74.7/(10.66+-92.87**1-80.22-(-6.49))),/-11.28*1.71/60.97+46.57+26.2*73.85--28.72--75.92+*1^^-92.87-6.49-80.22/74.7--54.28
-13.89--13.39**2+8.26**1+80.41--98.08-79.28/39.01*34.53*-97.63-76.34+55.5+-47.38+-49.94,--13.892^+-13.391^+8.26-80.41--98.08/79.28*39.01-34.53--97.63/76.34+55.5+-47.38-49.94
69.44*-10.99*-16.5+61.48--32.42+46.46/57.56*75.09+58.23+-30.26*23.4/13.98-6.95/-79.48+66.34,*69.44*-10.99+-16.5-61.48+-32.42/46.46*57.56+75.09+58.23*-30.26/23.4-13.98/6.95+-79.4866.34
(9.17**1-60.49)/97.48**2-99.48+-59.11+86.3+-18.36-95.39*17.56+0.55+-16.22--43.28--31.4,1^-9.1760.49/2^-97.48+99.48+-59.11+86.3--18.36*95.39-17.56+0.55--16.22--43.28-31.4
5.55+14.94--86.05-89.4-17.66+-3.95-41.66/19.51+-36.91+56.76*-24.66+(22.95**1+6.36/90.61),+5.55-*--86.05-89.4+17.66--3.95/41.66+19.51+-36.91*56.761^+22.95/6.3690.61+-24.66
(-67.78*-38.11*71.94*(-12.79**1--81.35+40.41-65.74)+(36.89*40.55--70.22)/-48.83+44.08)/84.88*-65.68,*-67.78*-38.111^--12.79+-81.35-40.4165.74**36.89-40.55-/+71.94+-48.8344.08/*84.88-65.68
-26.61/-52.38*(62.49--93.01**1+(-84.36*20.7*-81.97**1+(-5.11+(-71.25--80.56)**1--26.99/43.53))),/-26.61-62.491^*-84.36*20.71^--71.25-80.561^+--5.11/-26.9943.53+-81.97+-93.01*-52.38
-83.83+61.61**1+19.14+(11.05/-28.15/99.24-94.69**1+-59.25)/97.38**2+-88.29--64.55*17.51,+-83.831^+61.61/11.05/-28.15-99.241^+94.69-59.25/+19.142^+97.38--88.29*-64.5517.51
-59.46+(81.66+-83.13--65.36-(-20.4/69.08--22.46/-23.39)+31.01)/-49.48**2--11.23*-67.86--49.82**1,+81.66--83.13/-20.4-69.08/-22.46-23.39-+-65.3631.01/+-59.462^--49.48*-11.23--67.861^-49.82
-43.04--29.44+-95.84/-65.46/38.89**2-63.07+-60.78/-87.38**1+9.39+18.14*-77.82-(-35.45**2),--43.04+-29.44/-95.84/-65.462^-38.89+63.07/-60.781^+-87.38+-*18.142^-35.45--77.82
25.51+23.13-10.93*30.07*83.18**1+-16.62+61.48/-40.82**2-(94.26*-10.49/-16.58/98.9/31.39),+25.51-23.13*10.93*30.071^+83.18+-16.62/61.482^*94.26/-10.49/-16.58/98.931.39--40.82
80.61--7.16*(56.22-39.64+-13.08*47.63)**1-80.35--17.41**1+-4.49--75.62+40.28-78.58**2,-80.61-56.22+39.64*-13.0847.631^*--7.16-80.3542.79^+-17.41--4.49+-75.62-40.282^78.58
-85.92-10.0--3.92+-36.27/-42.65**2+-35.03--43.89*2.53-67.42*-73.45*47.27+75.94/-65.87*-62.13,--85.92-/+-3.92/-36.272^+-42.65--35.03*-43.89-2.53*67.42*-73.45+47.27/75.94*-65.87-62.13
-85.98-83.88/-15.83-(-3.78-73.7/-98.37--25.91*26.85+(-72.24+(-77.24**2+40.72/-43.44-54.4--11.9))),--85.98/83.88--3.78/73.7--98.37*-25.912^+-77.24/40.72--43.44-54.4-11.9+-72.24+26.85--15.83
18.48+32.23-(10.43/16.81/-25.47*-79.58+78.15/79.68)-25.35**2+-45.13+-35.1/91.08**1+-71.94,+18.48+10.43/16.81*-25.47+-79.58/78.1579.68--32.232^+25.35+-45.13/-35.11^+91.08-71.94
-1.81+-71.21--54.63--10.98+59.41*73.32*90.61**2--57.49-92.36/71.04*-25.11*-75.18+90.98/-30.32,+-1.81--71.21--54.63+-10.98*59.41*73.322^-90.61--57.49/92.36*71.04*-25.11+-75.18/90.98-30.32
-34.09/94.09**1--48.3/-98.46--27.16/5.75-(-62.46+-73.4*66.78*-3.6/-19.42**1+58.43+-41.82),/-34.091^-94.09/-48.3--98.46/-27.16+-62.46*-73.4*66.78/-3.61^+-19.42+58.43-41.82-5.75
62.69/-54.99/72.15/55.03**2+(-72.57+59.16*-79.57+41.04/-26.98+(-76.32-18.01*-30.95**1+-91.26)),/62.69/-54.99/72.152^+-72.57*59.16+-79.57/41.04--76.32*18.011^+-30.95-91.26+-26.98+55.03
27.47*2.46+-8.59*-27.01**2-(-23.66+-23.0*53.07**2+75.12)**1-33.44*-47.86--38.78**2,*27.47+2.46*-8.592^+-23.66*-23.02^+^75.121^---27.01*33.44--47.862^-38.78
62.12+-70.59/40.09--6.02*-64.75/-15.74-29.3+-55.19**2+(-70.43**1-(20.6/(96.03+53.68*(-81.94)))),+62.12/-70.59-40.09*-6.02/-64.75--15.74+29.32^1^+96.03-81.94*+/20.6--70.43+-55.19
-43.27+12.16*68.66**2+86.94**1+20.77--76.99*52.7/(30.76/24.04**2+(-0.9+26.69/-64.3)),+-43.27*12.162^+68.661^+86.94-20.77*-76.99/30.762^+-0.9/26.69-64.3+-/52.7
79.44+86.44+18.65**2-32.19+(15.34**2--89.35*-63.9*64.95/34.54+57.67--24.67/(-54.35**1)),+79.44++2^-18.652^-15.34*-89.35*-63.9/64.95+34.54-+1^-54.35/-24.67+32.19
66.72/93.85+(79.22**1-74.07)-48.9+10.45+21.9*-26.86-73.73*-32.32+-76.64**2--5.52+-50.95,/66.721^-79.2274.07+-93.85+48.9+10.45*21.9--26.86*73.73+-32.322^--76.64+-5.52-50.95
19.95*-53.93**1-(9.91--52.0*-51.55-7.76**1--2.25+(44.44*77.26**1+92.5-10.22**1)),*19.951^-9.91*-52.0--51.551^-7.76*44.441^+77.26-92.51^10.22+-2.25--53.93
39.22--34.23-(13.9/42.32+-70.56-(21.62/-79.47)-34.63--12.04**1-69.91*(46.48**2+(71.06-(-95.15)))),-39.22/13.9+42.32/21.62-79.47-^-70.56-34.631^--12.042^-95.15-71.06+46.48*69.91--34.23
2.71+-19.92/(45.19-65.52*-31.35+-30.88*-60.95)--89.05--89.2-(-28.71*69.39-14.12)/-88.84+-21.03--23.93,+2.71--*65.52+-31.35*-30.88-60.95/--19.92--89.05*-28.71-69.3914.12/--89.2+-88.84--21.03-23.93
-23.53*-42.37-(34.81+-74.07*54.55/(-27.22**1+14.6)**2+-71.55*23.65)--81.93+-64.53+(-94.06*26.5),--23.53+34.81*-74.071^+-27.2214.62^++54.55*-71.5523.65---42.37+-81.93*-94.0626.5+-64.53
-73.28-25.92-(-45.12*-99.02/29.88/1.07)+42.89**2+-18.91**1+58.58--1.58*-13.42+76.88+-24.19,--73.28**/-99.02/29.881.07-+25.922^+42.891^+-18.91-58.58*-1.58+-13.42+76.88-24.19
-33.93/(47.07/-92.89**2+-20.83*78.8)**1+(-71.61+-67.02/-4.36**1--30.2)--68.31**2-(-55.78),+47.072^+-92.89*-20.8378.81^/+-71.61/-67.021^--4.36-30.2++-33.932^-55.78--68.31
-98.46*-79.66--94.02/32.38-57.34--13.74+81.31-55.81*66.2*-27.14+-10.25*(52.49+79.05*-53.49+-43.37),*-98.46--79.66/-94.02-32.38-57.34+-13.74-81.31*55.81*66.2+-27.14+52.49*79.05+-53.49^*-10.25
52.97--56.02--94.07**2+-48.28/77.92+-96.19**2+-54.02*-51.01+72.8/58.75/90.04**2--4.62,-52.97--56.022^+-94.07/-48.28+77.922^+-96.19*-54.02+-51.01/72.8/58.752^-90.04-4.62
(76.58/3.4**1+-77.3+(14.96/96.98**1-(81.31-71.98-71.12/94.47**1+91.54)*-14.89/21.17)),/76.581^+3.4/14.961^-81.31-71.98/71.121^+94.4791.54*-96.98/-14.89^+-77.3
-8.25+(-81.45*69.69)/8.34*-27.33+-11.19+-93.81*59.91+85.05*-43.33**2--74.22*14.33-34.98/80.52,*-81.4569.69/+-8.25*8.34+++-11.19*-93.81+59.91*85.052^--43.33*-74.22-14.33/34.9880.52
-81.71+95.57**2-89.41*-53.08**2+-74.32**1+-86.2-8.4**1+24.31**2-37.43-77.33,+-81.712^-95.57*89.412*+-53.081^+-74.32--86.21^+8.42^-24.31-37.4377.33
-74.18--62.66**2--99.85*-41.02+58.1**1--40.93*-21.37--29.84/(73.46-96.24)-47.16**1+-26.44,--74.182^--62.66*-99.85+-41.021^-58.1*-40.93--21.37*73.4696.24/--29.841^+47.16-26.44
76.86**2--52.63-9.43*47.45*-96.16**1+-66.82*29.15*-46.06+-89.9--62.17/-24.62+-22.7/37.68,2^-76.86--52.63*9.43*47.4574.06^+-96.16*-66.82*29.15+-46.06--89.9/-62.17+-24.62/-22.737.68
(-52.63/-37.02/30.78**2--66.87--79.53*-54.88-97.93/(73.84/99.38--37.31)+99.27**2+11.0*-51.36),/-52.63/-37.022^-30.78/-66.87*-79.53--54.88/73.84-99.38-37.31/+97.932^+99.27*11.0-51.36
19.9**2--12.26/6.96+74.11**2+82.83/-52.98/90.09/-25.61/19.82**2+-40.6--28.65*-66.96,2^-19.9/-12.26+6.962^+74.11*82.83/-52.98/90.09/-25.612^+19.82/-40.6*-28.65-66.96
-19.57**2+-96.28**2--91.79-(36.66+-14.39+-80.97)*-35.58/58.71*12.4**1--49.37-34.47+-93.8,2^--19.572^--96.28+36.66+-14.39-80.97*--91.79/-35.58*58.711^-12.4--49.37+34.47-93.8
16.46**2-9.9*-73.2**2+-60.1+-21.8/(-89.21*-2.29)/-21.91--32.53--29.29+66.42/-65.52+-85.71,-10.26^-16.46*9.92^+-73.2+-60.1*-89.21-2.29/+-21.8--21.91--32.53+-29.29/66.42+-65.52-85.71
10.68+19.03/33.63*-87.92*-89.03+4.72**1-(75.86*95.3/-65.19)/54.21+(60.42-(-86.84*77.95+-32.59)),+10.68/**33.63*-87.92+-89.031^*75.86/95.3-65.19/-4.72*-86.84+77.95-32.59-60.42+54.21
-19.27/8.43--43.3**2+35.41*-76.62-70.68**1-59.18/51.56-33.86+-46.24**2--40.22**2,/-19.27-8.432^+-43.3*35.41--76.621^-70.68/59.18-51.56+33.862^--46.242^-40.22
57.01--1.42--57.62**1-37.49+-53.98/10.15**2-14.33/16.29/2.24+16.2**2-45.41-(-0.82),-57.01--1.421^--57.62+37.49/-53.982^-*/14.33/16.29+2.242^-16.2-0.82-45.41
-77.03/58.16-8.3**2+-0.17*-88.33+(-56.64*(-26.77*(-38.43-99.14+-60.19/81.84)+-25.36--5.23/-54.19)),/-77.03-58.162^+8.3*-0.17--38.43+99.14/-60.1981.84*+-26.77--25.36/-5.23-54.19*-56.64+-88.33
73.06/-59.5/(82.09**2+-35.29--31.62/-58.9)+(-42.53**1--43.76/25.76*49.27+25.08**1-34.03),/73.062^+82.09--35.29/-31.62-58.9/1^--42.53/-43.76*25.76+49.271^-25.0834.03+-59.5
72.32/0.17-77.03*-77.81-(-94.91**2--37.12)-0.81/-20.24-(-18.23*-88.46*-59.17--3.34/91.36+-79.65),/72.32-0.17*77.032^--94.91-37.12---77.81/0.81*-18.23*-88.46--59.17/-3.34+91.36-79.65--20.24
-24.51+-44.86+(87.63*30.51**1+39.1/-91.4**2-(9.54*(-26.57*(-64.38*44.07+(62.58+-28.06-(44.92)))))),+-24.51*87.631^+30.51/39.12^*-64.38+62.5844.92--28.06+44.07*-26.57*9.54--91.4+-44.86
-14.79-5.99/73.41+-35.09-(71.39*-89.81)/8.17**1-52.17*(-68.2*44.36*-9.27*-21.8+-44.68/76.96),--14.79/5.99+73.41*71.39-89.81/--35.091^-8.17*-68.2*44.36*-9.27+-21.8/-44.6876.96*52.17
77.83+-57.06**2-96.9**1-4.9/-62.96*(-29.34**2+42.32+-85.1**1+46.76**1+-19.34),+77.832^--57.061^-96.9/4.92^+-29.34+42.321^+-85.11^+46.76-19.34*-62.96
3.43**1+69.74**2+-13.38**2--36.79*1.88**1--89.34+75.35+34.32+47.53-(75.56/-83.4),1^+3.432^+69.742*--13.38*-36.791^-1.88+-89.34+75.35+34.32/75.56-83.4-47.53
(-27.85--44.4-50.37--82.09-75.56)/78.08+-5.77**2-52.38+16.19*-43.99+-6.91+-40.09+12.29*56.09,--27.85--44.4-50.37--82.0975.56/+78.082^--5.77+52.38*16.19+-43.99+-6.91^-40.09*12.2956.09
45.02**2-14.91/32.17/-36.22/-8.94*(-60.49*(-65.17-67.72)**1-21.21*-57.65+35.32)+37.18**1,2^-45.02/14.91/32.17/-36.22--65.1767.721^*--60.49*21.21+*35.32*+-8.941^37.18
-60.54-14.74--55.8*10.29**2+-2.22*83.18/-56.0--23.98+-32.56*-82.02+-92.0+(81.81--12.1+-1.78),--60.54-14.74*-55.82^+10.29*-2.22/83.18--56.0+-23.98*-32.56+-82.02-81.81+-12.1-1.78+-92.0
-93.2/84.39+26.92/-62.65*-59.91**1+44.1**2--39.52/33.88+95.46*62.81*-57.53/64.56*83.08,/-93.2+84.39/26.92*-62.651^+-59.912^-44.1/-39.52+33.88*95.46*62.81/-57.53/64.5683.08
22.18--78.67/49.96--76.23/-83.2*56.55+39.6*(-14.96--96.66+-66.0-72.5)*-56.76**1+66.93-93.92,-+/-78.67*49.96/-76.23*-83.2+56.55--14.96+-96.66--66.072.5**39.61^+-56.76-66.9393.92
(-79.55*(79.41-71.36)*45.25)*(70.41-(8.19*(-41.27-(75.62**2+36.37*27.77*37.07)**1-(-39.48--39.39)))),-79.4171.36**-79.5545.252^+75.62*36.37*27.7737.071^-+-39.48-39.39--41.27*8.19-70.41*
-46.21*4.7--77.68--54.41+-1.6**2-69.01*89.89+-54.53**1-(89.63*9.04*-17.23/-3.99--64.63),*-46.21-+--77.68+-54.412^--1.6*69.01+89.891^*89.63*9.04/-17.23--3.99-64.63--54.53
(41.15/-45.7+37.03-17.64**1+-57.1*-2.15)+0.76--25.51**2--85.56--41.83*(91.29+(-48.36+62.27)),/41.15+-45.7-37.031^+17.64*-57.1-2.15+-0.762^--25.51--85.56+-48.3662.27+91.29*-41.83
-16.6/(11.53*-84.49*21.9)--75.33+-87.64*-76.43--71.18+3.84+55.32--62.28+-60.19-39.49**2-66.94,*11.53*-84.4921.9/--16.6+-75.33*-87.64--76.43+-71.18+3.84-55.32+-62.28--60.192^-39.49+
-53.64/58.06*(13.0/(-54.77/-7.67*-61.34/-44.92**2+52.32)**2+(-46.97+76.45/78.27/-47.43-(72.17))),/-53.64/-54.77*-7.67/-61.342^+-44.9252.322^/+-46.97/76.45/78.2772.17--47.43-13.0*58.06
93.64+75.39**1--1.01--75.27+96.26+58.93*-35.8**1-61.39-75.69+69.56**1-(-16.47+-31.37),+93.641^-75.39--1.01+-75.27+96.26*58.931^--35.8-61.39+75.691^+-16.47-31.37-69.56
-76.38*8.54/86.72+84.38--37.0/78.49**1+73.28+38.01--38.93+45.12/4.88*-86.74**1+(-66.43),*-76.38/8.54+86.72-84.38/-37.01^+78.49+73.28-38.01+-38.93/45.12**1^-66.43+-86.74
-86.88+24.61*-90.34/7.61-50.49*-13.41--17.64-8.27--37.88/18.86*83.64-23.47*27.95/(-78.74-67.96),+-86.88*24.61/-90.34-7.61*50.49--13.41--17.64-8.27/-37.88*18.86-83.64*23.47--78.7467.96/27.95
69.19**2--5.53*58.02/(77.74*93.07**2+35.0+10.8**1--1.93/-12.72+54.14+-34.0/61.3),2^-69.19*-5.53*77.742^+93.07+35.01^-10.8/-1.93--12.72+54.14/-34.061.3-58.02
(94.58--64.58**1--11.95+-80.01/(-42.8-67.2*87.73**2+70.92**2-78.92**1+-18.96)/-60.08),-94.581^^-64.58+-11.95--42.8*67.22^+87.732^-70.921^+78.92-18.96//-80.01-60.08
9.41+0.49-87.2+93.11-73.6-78.58*-49.25/-28.93*26.37**1+5.32+-96.26--35.51+(36.22/-72.71),+9.41-0.49+87.2-93.11-73.6*//-49.25*^1^+26.37+5.32--96.26/36.22-72.71+-35.51
(72.82--61.81-10.35+-7.58)+-41.06-61.68+18.97/(-39.26**1+15.49+44.41-38.92-33.71/-68.26*-97.63),-72.82--61.81+10.35-7.58+--41.06+61.681^+-39.26+15.49-44.41-38.92/33.71*-68.26-97.63/18.97
(-59.1-10.53-94.54*-17.57)+54.42/68.47/(0.59+63.37--96.03+92.76/(75.41/72.66+-3.97)*84.04)**1,--59.1-10.53*94.54-17.57+/54.42+0.59-63.37+-96.03/75.41+72.66-3.97-*92.7684.041+/68.47
-94.23**2--80.51+-74.61**2-30.99/-38.58--50.75**1+-21.27*55.82*71.54**2-83.78/(-66.59),2^--94.23+-80.512^--74.61/30.99--38.581^+-50.75*-21.27*55.822^-71.54-66.59/83.78
67.38/81.99**1+62.61*46.57*-39.61*-64.02--95.3*(83.74**1+66.05**1-90.98+85.3)**2,/67.381^+81.99*62.61*46.57*-39.61--64.021^+83.741^-++90.9885.32^*-95.3
-45.41**2+(63.29/-78.24-(3.38+47.92*-9.12**1+77.7)/28.99*-38.06-(92.29*(0.63**2-82.04))),2^/63.29+3.38*47.921^+-9.1277.7/--78.24*28.992^^0.6382.04*92.29--38.06+-45.41
-18.77*-18.49/91.77**1+-92.45**2+-74.16+-77.8/6.84/6.45--69.42*50.99/76.91-57.86+-67.58,*-18.77/-18.491^+91.772^+-92.45+-74.16/-77.8/6.84-6.45*-69.42/50.99-76.91+57.86-67.58
97.65+20.08--78.0*-45.38**2-(-6.32+-75.24/-60.16**2-37.72-67.6--32.08-(9.08*46.8*-21.85)),+97.65-20.08*-78.02^+-6.32/-75.242^--60.16-37.72-67.6*9.08*46.8-21.85--32.08--45.38
71.71+-77.17-45.93+-71.78/(-67.23*-97.45-46.04)-72.06/19.68/(89.33--24.25**2+72.16+10.71/53.73),+*--77.17+45.93*-67.23--97.4546.04/--71.78/72.06-89.332^+-24.25+72.16/10.7153.73/19.68
40.63**1-38.43*-41.5**1-(-62.22*(44.47**2--98.79/-46.49+74.18+(-39.49*-53.05**1--0.86))),1^-40.63*38.431^2^-44.47/-98.79+-46.49*-39.491^--53.05-0.86+74.18*-62.22-^
55.19+-2.6/(-16.71/78.99/-86.65/74.89**2--61.74/-27.32*-47.47)/70.48/-63.8*74.5**2--20.44,+55.19/-16.71/78.99/-86.652^-*/-61.74*-27.32-47.47//-2.6/70.48*-63.82^-74.5-20.44
95.41*67.06*-92.3/-60.08+-81.45+38.21**1--49.16/(-17.7**1--23.5)+(-64.41+-81.74-69.6**1),*95.41*67.06/-92.3+-60.08+-81.451^-38.211^--17.7-/+-64.41--81.741^69.6+-49.16
(-56.58/-24.01*71.01--47.92/76.45**1+23.23)-17.76**1-23.2/19.29+5.65*67.94+6.46+19.01,*-56.58*-24.01-71.01/-47.921^+76.4523.23-1^-17.76+23.2+19.29*5.65+67.94+6.4619.01
67.18**2+(91.28+-46.75/75.24+52.06**2--31.56**1+65.9)/16.49*(34.88**2--37.84+37.84),2^+91.28/^+75.242^-52.061^+-31.5665.9/+67.182^-34.88+-37.8437.84*/
1.19+-24.64/-34.03**1+-69.86/-0.42/26.63*-32.05**1+77.19**1-(-90.97*98.81)--39.41-40.11,+1.19/-24.641^+-34.03/-69.86/-0.42*26.631^+-32.051^*-90.9798.81--77.19-^40.11
23.08**2-34.49**1--73.54+8.36/-81.83/16.54--45.22*-45.36**1+-57.45*-78.25-3.21/50.25,2^-23.081^-34.49+-73.54/^/-81.83-16.54*-45.221^+-45.36*-57.45--78.25/3.2150.25
74.7*-88.01*-81.23/55.75+(-65.38**2-(70.71+39.06**1--37.25/-4.16--14.56)--45.77/-7.98**2),*74.7*-88.01/-81.232^+70.711^-39.06/-37.25--4.16-14.56--^/-45.772^-7.98+55.75
-53.16**1+8.04*-93.51+(63.29-26.1-11.58**2--15.52*(11.37*-37.89/-23.54**2-73.12-42.72)),1^+-53.16*8.04-63.29-26.12^-11.58*11.37/-37.892^--23.54-73.1242.72*-15.52+-93.51
-14.69--35.86*-39.8**1-47.49-86.44*95.04**2--92.08*99.57/-76.83**2-22.82+-67.56*-86.61,--14.69*-35.861^--39.8-47.49*86.442^-95.04*-92.08/99.572^--76.83+22.82*-67.56-86.61
(72.24/-42.81-(41.92**2-24.06/52.28**1+(-73.64--77.63)/(84.89*-32.3--36.94/-6.78)+(22.8**2))),/72.242^-41.92/24.061^--73.64-77.63*84.89--32.3/-36.94-6.78/*2^22.8+52.28--42.81
31.54**2+75.82*38.22**2+(65.18-62.65)--79.98**1--53.78**1+51.2+(-64.01**2-78.41),2^+31.54*75.822^-65.1862.65+-38.221^--79.981^+-53.782^--64.0178.41+51.2
-35.66*-7.27*-34.47/95.83+34.17+-51.03/-46.17-0.44+(-47.5**1-(-26.1+-48.47/-44.59--30.61**1)),*-35.66*-7.27/-34.47+95.83+34.17/-51.03--46.171^+-26.1--48.47--44.591^-30.61--47.5+0.44
-27.66/23.3--5.35**1+-1.12**1+2.38+51.86+(99.53**1+-80.26*-91.9/-10.54+-75.56**2),/-27.66-23.31^+-5.351^+^+2.381^+99.53*-80.26/-91.9+-10.542^-75.56+51.86
70.57/-30.43*-64.53-45.75*-0.14*14.73*(-19.27-17.32+-40.6/80.65*31.0/(59.12/72.42**1-(-50.22))),/70.57*/--64.53*45.75*-0.14--19.27+17.32/-40.6*^/59.121^-50.22-72.42/31.0*14.73
-51.91**1-16.95*(-92.86**2--73.39*-60.62**1-51.2)*14.28/-48.51-(80.69+(-47.33**2--75.75)),1^--51.912^--92.86*-73.391^--60.6251.2**16.95/14.282^--47.33-75.75+80.69--48.51
71.88--4.35--48.09/-14.94+-42.67--99.48**2-9.47+-77.86*81.43/43.11**1--18.31*8.82-62.5,-71.88--4.35/-48.09+-14.94--42.672---99.48+9.47*-77.86/81.431^-43.11*-18.31-8.8262.5
(-36.64--5.57-28.04**2+(-65.0*27.55-(96.89**1+-66.86+15.82*10.16/-42.11*(35.75**1+-30.72)))),--36.64--5.572^*-65.01^+96.89+-66.86*15.82/10.161^+35.75-30.72*-42.11-27.55+28.04
-36.0/-36.81+-92.91**2+-78.05+-87.6**1-61.91*-15.9**1-64.95+7.7*-88.6-(-63.72-2.33),/-36.0+*2^+-92.91+-78.051^--87.6*61.911^--15.9+64.95*7.7--63.722.33--88.6
-57.67+-49.98+-76.78+29.91+48.11/-30.0/-25.79/2.05-(53.06+59.33--62.75-60.27/88.6*97.88)--65.61,+-57.67+-49.98+-76.78+29.91/48.11/-30.0/-25.79+53.06-59.33--62.75/60.27*88.697.88--2.05-65.61
-74.77-62.51-21.47--58.68+76.3/49.02/(13.34-(-5.48*-55.65)/-93.83*-52.55-(-43.14--85.22--94.08+-37.55)),--74.77-62.51-21.47+-58.68/76.3*-5.48-55.65/-13.34*-93.83--43.14--85.22+-94.08-37.55--52.55/49.02
(-3.43/-81.37)*-23.15+36.4/(58.01/-43.43**1-33.39/52.37*-22.26*-40.3)-(11.03/-9.09-46.29--37.51),/-3.43-81.37*+-23.15/58.011^/-43.43/33.39*52.37*-22.26-40.3//11.03--9.09-46.29-37.51-36.4
-70.46-41.68+-89.1/93.81**1-92.68/-21.33+-96.92/-23.67**1+-86.07--60.58+-56.96**1--50.66,--70.46+41.68/-89.11^-93.81/92.68+-21.33^-96.921^+-23.67--86.07+-60.581^--56.96-50.66
-73.1+-9.39--1.56*-96.37**2--25.42/57.36/30.94**1--61.64**1+-42.79/73.44*(-89.19**2),+---9.39*-1.562^--96.37/-25.42/57.361^-30.941^+-61.64/-42.792^-89.19*73.44
-28.74/-77.43**1+48.36/60.28--26.39/-0.62+-92.34**2+50.64*7.62**1-(-80.22**1-9.46),/-28.741^+-77.43/48.36-60.28/-26.39+-0.622^+-92.34*50.641^1^*-80.229.46-7.62
-32.34*(-35.06*-13.07**2--76.18**2-89.56/-7.91/57.66+61.0+74.09+-17.48--21.84/-71.01*-66.38),*-35.062^--13.072^--76.18/-/-7.91+57.66+61.0+74.09--17.48/-21.84*-71.01-66.38*-32.34
26.39**1--84.19*39.29+(-16.92**1-59.94-(34.6**2-4.36*(99.43**1+53.99-39.01+68.38))),1+-26.39*-84.191^--16.922^-34.61^+99.43-53.99+39.0168.38*4.36-59.94+39.29
67.0**1-2.7/10.8/-72.63+(-20.94**2+18.9-20.26)**2--34.26/17.22**2-54.92--44.89,1^-67.0/2.7/10.82^+-20.94-18.920.262^+--72.63/-34.262^-17.22-54.92-44.89
9.47**2+-55.43**1-47.57*18.7+(94.57--77.75**2-89.88/69.32**1--88.72*-60.96*0.46),2^+9.471+--55.43*47.57-94.572^--77.75/89.881^-69.32*-88.72*-60.960.46+18.7
56.01**1+35.94+-89.8/69.31*74.84*-92.5**2+-60.01/-45.5--92.61--36.77/-91.99/38.93*-63.16,1^+56.01+35.94/-89.8*69.31*74.842^+-92.5/-60.01/-45.5--92.61/-36.77/-91.99*38.93-63.16
-61.64-84.71+(-46.52*45.64*(5.02**1--36.29*79.06**2+-85.67+-93.32/(58.51**2--14.65-89.48))),--61.64*^1^-5.02*-36.292^+^+-85.672^-58.51--14.6589.48/-93.32*45.64+84.71
-51.98/9.88/16.08-44.7--82.71+-68.66/(-1.71/11.1+0.36)/-19.17**1+-42.9-(83.89+78.53+95.74),/-51.98/9.88-16.08-44.7+-82.71/-1.71+11.10.36//-68.661^+-19.17+83.89+78.5395.74--42.9
36.74--79.53**1+-92.93--70.21+-16.36/(-84.0/-97.27*-63.82-78.57+75.6*22.4-(46.51--28.73+-35.75)),-36.741^+/--92.93+-70.21/-84.0*-97.27--63.82+78.57*75.6-46.51+*-35.75-22.4/-16.36
-44.21+53.9**1-25.13-22.83*-32.95/33.15/-97.19+-25.82*(-1.11/52.25**1-60.99*90.3)*45.0,+-44.211^-53.9-25.13*22.83/-32.95/33.15+-97.19/-1.111^-52.25*60.9990.3**-25.8245.0
13.4*65.1/13.21**2-78.54+-58.74/58.03+-5.41*83.97+-92.95+(75.53**2--80.5**2--51.6),*13.4/65.12^-13.21+78.54/-58.74+58.03*-5.41+83.97-38.67^-75.532^--80.5-51.6+-92.95
-78.38+-27.69/(-22.25*-71.48)/16.12*(77.56--34.43+31.09**2--27.78+40.44/-68.52/(15.7+92.1)/84.66),+-78.38*-22.25-71.48//-27.69-77.56+-34.432^-31.09+-27.78/40.44+15.7*//-68.5284.66*16.12
-6.45/84.28*-27.31-(67.54*84.29*44.11+22.57**2--93.18-35.73)**1-10.92**2-81.87+-29.29,/-6.45*84.28*67.54*84.29+44.1145.11^-22.57--93.1835.731^---27.312^-10.92+--29.29
(30.11+-79.59+-36.02--79.07**1+(-53.61+(-87.35/88.66*-90.85+26.91--4.81*-43.22/-14.1--17.11*99.54))),+30.11+-79.59--1^/-87.35*88.66+-90.85-26.91*-4.81/-43.22--14.1*-17.1199.54+-53.61+-79.07
61.57*61.86*-7.74--88.73*34.71+(-35.0/-58.88--18.68**1--72.89+(94.51*-57.07)*71.22*-11.54)-39.23,*61.57*61.86--7.74*-88.73/-35.0--58.881^--18.68*94.51-57.07*+-72.89*71.22-11.54+-34.7139.23
(88.0/74.49*92.21+-26.24+-97.96-(91.6**2-43.59**2-26.04/-83.24-24.51-17.03+(-17.76**1))),/88.0*74.49+92.21+-26.242^-91.62^-43.59/26.04--83.24-24.511^-17.76+^--97.96
52.82*(70.47+55.53+95.97/-54.21-30.54**1+-32.93/57.32/(-62.85+-0.63**2+93.39+(-44.54/46.9))),+70.47++/95.97--54.211^+30.54/-32.93+-62.852^+-0.63/-44.5446.9+93.39/57.32*52.82
-95.05/86.47*47.44+69.3/3.02-(52.96--54.27+-16.6**1+29.17)**2+-56.2**2-95.61*24.21,/-95.05*86.47+47.44/69.3-52.96+-54.271^+-16.629.172^-+3.0256.83^--56.2*95.6124.21
-91.19**2+-77.27*-22.56**1--88.65/-68.83+29.48--10.72**1+(-56.41/35.84)*-78.53/-25.85*74.81,2^+-91.19/-77.271^^-22.56/-88.65+-68.83-29.481^/-56.4135.84*+-10.72/-78.53*-25.8574.81
(-67.17*-0.17-27.5)/-76.14**1-10.69/-49.66+(74.74*-5.83**1--77.1+(-46.34*(60.83**2+-58.68))),*-67.17--0.1727.5/1^--76.14/10.69*74.741^-*2^/60.83-58.68*-46.34+-77.1+-49.66
(25.55*14.01-11.68-(-72.55*-66.99*-51.57+-85.6**1-83.73**1+30.15-(75.86-19.53/51.59/-45.43))),*25.55-14.01*-72.55*-66.99+-51.571^--85.61^+83.73-75.86/19.53/51.59-45.43+30.15-11.68
71.93**1-(4.56*1.98--43.36**2--75.55**2+78.29/-55.24)**2+-65.74*2.04-69.87*1.96,1^*4.56-1.982^--43.362^+-75.55/78.29-55.242^-+71.93*-65.74-2.04*69.871.96
-26.5/87.14**2+(94.54*-72.79)**1+86.23/70.3--0.02/44.54/11.37-8.34-9.47-96.54+12.0,/-26.52^*94.54-72.791^++87.14/86.23-70.3/-0.02/44.54-11.37-8.34-9.47+96.54*
95.78+9.28+61.63**1+12.13+(76.04*-81.4**1+59.47)+-21.07/4.02**1--32.83+89.06-50.1,+95.78+*1^+61.63*76.041^+-81.459.47++12.13/-21.071^-4.02+-32.83-89.0650.1
38.48**2+-76.62/(-27.72--54.04**1+13.97**2-92.59**2+(-95.33**1-95.3*(66.15-67.39))),2^+38.48--27.721^*-54.042^^13.972^1^--95.33-66.1567.39*95.3+92.59/-76.62
7.39/(-30.68/11.4+-37.76/16.47+-49.24+-53.08)+-42.7**2+(72.0*-70.62)**1+-18.94/-3.82**1,/-30.68+11.4/^+16.47+-49.24-53.08/+7.392^*72.0-70.621^++-42.7/-18.941^^
2.8/-64.35/(94.93-10.77+(10.54+-86.14*90.67--89.62-(71.98*-25.26**1--21.69/(76.07*(-77.18-17.1))))),/2.8-94.93+10.54*-86.14-90.67*-1^--25.26--77.1817.1*76.07/-21.69--89.62+10.77/+
-73.94+-55.57+25.11**2+-82.31/-91.76*-83.94/13.83*82.86**1+-25.42/-27.23*-32.63/-31.49--43.25,+-73.94+-55.572^+25.11+-82.31*-91.76/-83.94*13.831^+82.86/-25.42*-27.23/-32.63--31.49-43.25
-27.44**1+-79.34**2+92.98-(52.76*(-97.34+11.04**1--9.87/23.56**2--21.05+(50.76*86.21))),1^+-27.442^+-79.34+-97.341^-11.04/-9.872^-23.56*50.7686.21+-21.05*52.76-92.98
-20.13**2-(-62.59--5.03**2--40.17)*1.91/61.35+-34.55**2-7.58/-49.46*-41.0--97.36*16.77,2^--62.592^--5.03-40.17*--20.13/1.91+61.352^--34.55/7.58*-49.46--41.0*-97.3616.77
(-80.19+4.1)-(-98.53+-37.26*-12.29**1-(90.39--97.14**1--89.2+59.84**1+26.51+-66.19-42.59)),+-80.194.1+-98.53*-37.261^-90.391^-/+-89.21^+59.84+26.51--66.1942.59--12.29-
-44.94-78.22*40.67+15.42+(-94.2*34.11*-80.78-26.89*(87.08*23.99)**1+40.79/44.41+59.83)/-51.56,--44.94*/+40.67*-94.2*34.11--80.78*87.0823.991^*+26.89/40.79+44.4159.83/+15.42-51.56
-40.99**1--97.5*-37.48/55.31**2--11.7+-92.24-(5.88+41.29)/59.62**2+-27.63**2-52.4,1^--40.99*-97.5/-37.482^-55.31+-11.7+5.8841.29/--92.242^+59.62-44.37^--27.6352.4
(-80.3-3.84*-82.06+20.3*96.83**1+75.03*27.4/0.14/17.58+0.33/26.39*(50.94**1--86.69)),--80.3*3.84+-82.06*20.31^+96.83*75.03/27.4/0.14+17.58/0.331^-50.94-86.69*26.39
82.59**2+(-95.58/32.41**1+-58.35**1--39.89/-96.86*(-97.53-11.31-49.87/93.77**1+89.13)),2^/-95.581^+/1^--58.35/-39.89--97.53-11.31/49.871^+93.7789.13*-96.86+82.59
-19.77**2--2.63+-89.03/30.64--96.35+(59.34+-2.91+43.47/47.71*-10.91)**2+88.43-64.05/-96.78,2^--19.77+-2.63/-89.03-30.64+59.34*-2.91/43.47*47.71-10.912^++-96.35-88.43/64.05-96.78
68.62**2--22.23**1-22.4+22.44/64.44*-49.46*-90.4/-25.5--32.42**1+7.43/-86.21-75.2,2^-68.621^--22.23+22.4/22.44*64.44*-49.46/-90.4^-25.51^+-32.42/7.43--86.2175.2
-35.25**1--5.16*-7.35--47.75*68.65*86.86**1-(31.59**1+-76.4**1+(-39.67**2-13.59)),1^--35.25*-5.16--7.35*-47.75*68.651^1^+31.59-77.04^2^*-39.6713.59+-76.4-86.86
(31.06*-37.89/-31.13+90.42/8.69--26.02--32.66--7.96+-78.99+28.87)**2+(-24.98*-53.18--70.53**2),+31.06/-37.89+-31.13/90.42-8.69--26.02--32.66+-7.96+-78.9928.872^*-24.98--53.182^-70.53+
73.13*-6.26--89.24**2+-89.52/-21.38*-64.21*62.17/10.07**1-14.87/-97.28**2+1.07+98.98,*73.13--6.262^+-89.24/-89.52*-21.38*-64.21/62.171^-10.07/14.872^+/+1.0798.98
53.99-(60.69/-93.08**1+-41.78**2--88.92/45.48*-51.13**2+(21.6+-77.91*1.26*-60.45*-14.39)),/60.691^+-93.082^--41.78/-88.92*45.482^+21.6*-77.91*1.26*-60.45-14.39+--53.99
(-57.3*-96.87-62.0)*-61.61+-83.46--17.38-(58.16+-3.42*30.94/5.36)--90.48**2+-92.92*45.18+(76.58),*-57.3--96.8762.0*+-61.61--83.46+58.16*-3.42/30.945.36---17.382^+-90.48*-92.9276.58+45.18
-77.53/(-12.7--88.93**2-95.87**2--29.88+-66.07--97.62/18.19-(17.7*13.62+-1.6/6.08+(78.88))),--12.72^--88.9370.74^-95.87+-29.88--66.07/-97.62*17.7+13.62/-1.678.88+6.08-18.19/-77.53
-69.71+69.23/91.97-3.9**1+21.92**1-66.54+-71.5*-28.18+42.28/-24.05/35.08*-4.45/46.83,+-69.71/69.23-91.971^+3.91^-21.92+66.54**+-28.18/42.28/-24.05*35.08/-4.4546.83
22.55--60.9/94.67+-86.26/-43.22-23.04/98.64-99.11**2--61.14-68.62**2+16.81/71.62**1,-22.55*-60.9+94.67/-86.26--43.22/23.04-98.642^-99.11--61.142^+68.62/16.811^71.62
-89.53--65.11*26.2+85.7*-41.09**1+48.74+-98.11/-7.1/61.71/18.05+65.87**1-14.75-69.45,--89.53*-65.11+26.2*85.71^+-41.09+48.74/-98.11/-7.1/61.71+18.051^-65.87-+69.45
70.52*26.52-(58.65*(71.0+-5.9)*57.53+-58.71**2-(13.93-(-59.6*-72.03)/38.82**1-(70.43/-73.83))),*70.52+71.0-5.9**58.65+57.532^*-59.6-72.03/-13.9345.36^/70.43-73.83-^--58.71-26.52
63.16*66.17*70.12+32.8-58.83*-6.34+-30.94/31.14--11.35-(8.86/(-37.96*64.35*49.62*18.1/46.8)),*63.16*66.17+70.12-32.8*58.83+-6.34/-30.94-31.14^-37.96*64.35*49.62/18.146.8*8.86--11.35
86.66**1--13.35-69.61--51.81**1+-32.09/-83.45+-47.19/-27.7-73.88+76.09--31.8--82.59/-73.46,1^-86.66--13.35-69.611^+-51.81/-32.09+-83.45//--27.7+/-76.09--31.8/-82.59-73.46
(-67.32+-37.0/20.68)-(-14.87+-66.96)**2+40.16/-70.63/81.28--23.13+16.09**1+5.54/97.94/-2.48,+-67.32/-37.020.68+-14.87-66.962^-+/40.16/-70.63*81.28+-23.131^+16.09/5.54/97.94-2.48
17.28+68.68*-51.99*78.66/52.36/18.88*-30.59--35.89*84.75*-14.09**1+13.79/-12.2--43.87+(-80.78),+17.28*68.68*-51.99/78.66/52.36*18.88-**-35.89*84.751^+-14.09/13.79--12.2-80.78+-43.87
(-79.46+-38.3*80.15)**2--31.18/-32.93*-72.49+(52.32-59.66**2+32.95--10.16*64.84+-9.06*22.35),+-79.46*-38.380.152^-/-31.18*-32.93-52.322^+59.66-32.95*-10.16+64.84*-9.06^+-72.49
(20.02--66.28)-26.79/(52.27*-30.66**1-29.03)*33.87+(-9.25/4.98--76.32**1--49.58)--57.5-47.37,-20.02-66.28-*52.271^--30.6629.03/*26.79/-9.25+4.981^--76.32-49.58+-33.87--57.547.37
-82.47/48.58*84.21*18.48*24.47+24.85/-4.62/-38.11--53.05+14.14*-84.72/-96.87-74.51+62.64*(-73.36),/-82.47*+*84.21*18.48+24.47/24.85/-4.62--38.11+-53.05*14.14/-84.72--96.87+74.51-73.36*62.64
67.96/0.73+(-89.4--12.15)*-97.28*90.97*4.76/(92.75+2.76+73.46/86.82*33.63)*94.2/1.59+(89.62),/67.96--89.4-12.15*+0.73*-97.28*90.97+92.75+2.76/73.46*86.8233.63/*4.76/94.289.62+1.59
92.7-(-28.77-6.89/20.46/-27.52)--80.91**2-19.86*-71.56+(62.78+84.21-7.9+95.67+7.63)+(-81.59),+-28.77/6.89/20.46-27.52--92.72^--*19.86+62.78-84.21+7.9+95.677.63+-81.59+-71.56
75.28+31.62-12.18/91.37+-35.59/50.52--74.86*89.53+-54.59*-9.85**1-68.93**2--88.2-58.29,+75.28-31.62/12.18+91.37/-35.59-50.52*-74.86+89.53*-54.591^--9.852^-68.93--88.2-
-91.92+67.11+-22.97+13.15-3.44**1-(-26.18+47.15**2-50.64-65.62*73.01+-72.54**1+59.09),+-91.92+67.11+-22.97-13.151^+-26.182^-47.15^50.64*65.62+73.011^+-72.5459.09-3.44
39.15/(72.88*-52.24**1+-80.29**2-(-53.43*-60.67--71.07)+41.16)+32.87+-81.57+93.19+35.7/91.71,*72.881^+-52.242^*-53.43--60.67-71.07-+-80.2941.16/+39.15+32.87+-81.57+93.19/35.791.71
74.77**1-(54.64**2-(-84.84/-2.1**2--10.69+49.91/-56.14-40.65/-48.53+(-7.9*-73.37/-22.42))),1^2^/-84.842^--2.1+-10.69/49.91--56.14/40.65*-7.9/-73.37-22.42+-48.53-54.64-74.77
-92.72+-81.48*-82.21*16.4*18.48--98.9--52.77+4.89-3.58+-14.21+-91.69*-29.43/-29.25-(5.55+-60.49),+-92.72*-81.48*-82.21*+-18.48--98.9+-52.77-4.89+3.58+-14.21*-91.69/-29.43+5.55-60.49--29.25
-3.47+-51.04**2+-73.16+-33.95-98.08*37.77+94.95+81.17+96.96*21.41/-65.55*-51.4-(-96.7*95.97),+-3.472++-51.04+-73.16--33.95*98.08+37.77^94.95+81.17*96.96/21.41*-65.55*-96.795.97--51.4
(43.92+28.58--73.83**2+73.01/21.77-80.6**1+11.01**1+-60.59+44.62/86.48)*-66.42*43.62,+43.92-28.582^+-73.83/73.01-21.771^+80.61^+11.01+-60.59/44.6286.48**-66.4243.62
-91.48+-33.82+26.98*(56.61**1--98.28+15.4/-73.72-6.14*72.38**2--18.48**2+54.83**2),+-91.48+-33.821^-56.61+-98.28/15.4--73.72*6.142^-72.382^*-18.482^54.83*26.98
54.25--31.3**1+(10.88--46.72*(-79.5--77.2-83.17/-63.3+(93.96**1+(-5.86/-65.53*-20.62**2)))),-54.251^-10.88--79.5--77.2/83.17-97.12^/-5.86*-65.532^-20.62+93.96+-63.3*-46.72+-31.3
(85.39*-89.66--22.34*44.22-11.51/-42.83/33.93)*10.71*38.16/-21.15**2+-51.38--44.83*-85.91/-6.22,*85.39/-89.66*-22.34-44.22/11.51/-42.8333.93**10.71/38.162^+-21.15--51.38*^/-85.91-6.22
70.82+-72.6*(41.42/3.91**1+32.01-65.65**2+-55.74**1-(72.59*-5.32)**2--26.56**1),+70.82/41.421^-3.91-32.012^+65.651^*72.59-5.322^---55.741^-26.56*-72.6
53.5+28.1-34.06/-76.92*-55.12--90.56--12.24*-86.19/2.9*(-17.36**2-16.93)+-95.8**1-(51.53),+53.5-28.1/-*-76.92--55.12--90.56*-12.24/-86.192^--17.3616.93*+2.91^51.53--95.8
90.7-29.79/-9.62+-25.26*39.01**1+(23.91+16.69)*-64.17/-67.8+-42.22/(75.46**1+-10.13/55.48),-90.7/29.79+-9.62*-25.261^+23.9116.69*++/++-67.81^+75.46/-10.1355.48/-42.22
(-5.88*48.64+(-4.87**2-31.23)**1+65.15)-(-67.1/(62.74/-27.23**2-(61.62/88.45--76.86*91.28))),*-5.882^--4.8731.231^++48.6465.15/62.742^-61.62-88.45*-76.8691.28--27.23/-67.1/
35.15-35.55**1-96.53+-54.53*15.5/46.69/16.43+20.47--89.49/(62.81-13.69**2+-71.38**2),-35.151^-35.55+96.53*-54.53/15.5/46.69+16.43-20.47-62.812^+/2^-71.38/-89.49
(-72.13+(-3.1**1-5.65+-72.51+24.74--73.41)**1+14.81*82.23**1-26.21)+92.01--29.87/-54.04,1^--3.1+5.65+-72.51-24.74-73.411^++-72.13*14.811^-82.23*+-92.01/-29.87-54.04
1.91-76.76--41.61**1--86.13+4.51--23.37**1+78.27*-71.11+-7.52--57.38*64.21*99.66+(-78.74),-1.91-76.761^--41.61+-86.13-4.511^+-23.37*78.27+-71.11--7.52*-57.38*64.21-78.74+99.66
-37.5+-28.69*-71.5+-56.9*47.5**2+22.83**2--62.46/10.76/(15.64-23.93+93.59--65.24*-21.55),+-37.5*-28.69+-71.5*-56.92^+47.52^-22.83/-62.46-15.64+23.93-93.59*-65.24-21.55/10.76
55.33*(-99.78+(-74.86/13.96**1--88.45-81.47+49.1+82.94/18.3+-63.85-14.09*-16.13--49.29+-19.49)),//1^-13.96--88.45+81.47+49.1/82.94+18.3--63.85*14.09--16.13+-49.29-19.49+-99.78*55.33
-56.82**1+88.03*-13.96**2-(58.93-(-41.78*94.56)/56.67+(-29.23--16.31/-58.22--73.08)-82.59+78.83),1^+-56.82*88.032^**94.56/-58.93--29.23/-16.31--58.22-73.08+-56.67+82.5978.83--13.96
-44.28*-47.01**1--79.2**1+(87.24+60.3+-11.22+-18.64+65.7/-27.48**1-83.1*-68.49/-29.81),*-44.281^--47.011^+87.24+60.3+++-18.64/65.71^--27.48*83.1/-68.49-29.81+-79.2
-84.61*52.24-59.57-(-50.21+3.32-29.76**2+(81.73**2--64.97*77.89)**2-65.38+-97.44--63.54),*-84.61-52.24+-50.21-3.322^2^-81.73*-64.9777.892^+*29.76+65.38--97.44-63.54-59.57
(-49.41+96.76)*34.82-32.23+-3.37+(-85.94*81.66*79.86/-6.92)/-3.74*60.24/28.36+-71.83+76.46-(53.98),+-49.4196.76*-34.82+32.23*-85.94^81.66/79.86-6.92/+-3.37*-3.74/60.24+28.36+-71.8353.98-76.46
-8.05+-91.91+-34.01**1+-43.11**1+-69.28-5.71*96.23**2+(84.13/13.08--47.91**2+68.8),+-8.05+-91.911^+-34.011^+-43.11--69.28*5.712^/84.13-13.082^+-47.91-+96.23
51.12/-59.7--35.71+76.37*45.58-35.15/(-48.0-34.06)*40.01--57.69-48.79--76.41*(-32.38**1+(-31.3)),/51.12--59.7++*76.37-45.58--48.034.06/*35.15-40.01*-57.69-48.791^-31.3+-32.38*-76.41
24.73+-70.14--66.44+45.42*-31.04**2+-25.04*(-4.2**1--64.43+67.77+-10.08--83.43/-34.2)-42.46,+24.73--70.14+-66.44*45.422^+-31.041^--4.2+-64.43+67.77--10.08/-83.43-34.2*--25.0442.46
-40.09**2+-89.3-93.06+-42.66**1--23.75/-16.03+-5.2/-21.61-61.59**2-65.15-(64.53*-82.87),2^+-40.09--89.3+93.061^--42.66/-23.75+-16.03/-5.2--21.612^-61.59*64.53-82.87-65.15
-90.64--91.74*39.24+-96.27*97.8+-73.03*-54.07**2-72.56-38.61--21.84/10.59+76.3**1+(-21.5),--90.64*-91.74+39.24*-96.27+97.8*-73.032^-^-72.56-38.61/-21.84+10.591^-21.5+76.3
-53.84*-62.88**2+40.97-42.52-76.4+89.1**2-(-39.76/(-56.06**1--83.19-70.11/-61.99/-11.93)),*-53.842^+-62.88-40.97-++76.42^1^--56.06--83.19/70.11/-61.99-11.93/-39.76-89.1
-73.36*-33.11**1--81.7*60.22*(-31.74**2-87.22+(56.86*-64.79)+-7.63--26.36**1+-45.25*71.98),*-73.361^--33.11*-81.72^--31.74*56.86-64.79++87.22--7.631^+-26.36*-45.2571.98*60.22
80.41*-10.63/64.8/(12.76/96.15**2--9.86**1+53.48--81.72*58.14/(-19.05+77.46+-0.25+78.09)),-80.41/-10.63/12.762^-96.151^+-9.86-53.48*-81.72+-19.05+77.46+-0.2578.09/58.14/64.8
75.46*-48.41-35.32*(-1.89*-60.75*-13.82**2+(84.17*-42.39**1+(-5.8-40.96)**1-33.34*-72.54)),*75.46--48.41*-1.89*-60.752^*84.171^--5.840.961^/--42.39*33.34-72.54+-13.82*/
-34.15*21.51+47.55*(79.38+67.97+-50.48+86.67)/-34.57+-43.6**1+-79.98**1-(-31.66*8.22+(88.64)),+-34.15+21.51+79.38+67.97+-50.4886.67*/47.55+-34.571^+-43.61/*-31.6688.64+8.22--79.98
-36.46--64.05-24.64**2+70.09**2--86.75**1+-4.12*90.81+-57.02*-46.82+-30.9**1-(71.57),--36.46-/2^+24.642+-70.091^+-86.75*-4.12+90.81*-57.02+-46.821^71.57--30.9
76.3/19.72/87.4--28.82/-94.02-(-67.0*29.71)**2--42.36/94.67*-41.26**2-(-86.56**2-75.5),/76.3/19.72-87.4/-28.82*/29.712^---94.02/-42.36*94.672^2^--86.5675.5--41.26
-22.49+-52.51/-91.94+-45.01*87.01+-63.07**1+-44.73**1+-61.44/85.38**1-97.36**1-(14.6),+-22.49/-52.51+-91.94*-45.01+-1^+-63.071^+-44.73/-61.441^-85.381^14.6-97.36
77.57/(25.41*25.95/19.16**2+17.01*-52.66*43.59)*(28.26-46.47*-37.23)**2--9.96+-16.92**2,*25.41/25.952^+19.16*17.01*-52.6643.59/-28.26*46.47-37.232^*-77.57+-9.962^-16.92
24.6+(14.28**1-(2.8-3.86+(74.67-(-56.78+-26.7/42.2/29.81)*-87.79*(-22.15**1+-33.54-59.33)))),1^-2.8+-56.78/-26.7/42.229.81*-74.671^+-22.15--33.5459.33*-87.79+3.86-14.28+24.6
-23.57**1-39.21-62.04--41.47*6.5-(73.24+-80.28/(-94.87**1+36.02*94.15/41.61*54.95)*0.18),1^--23.57-39.21-62.04*-41.47+73.241^+-94.87*36.02/94.15*41.6154.95/*-80.280.18-6.5
32.54/-29.75**2-(63.89+-64.12*57.75+41.4/-76.19*-31.82-(29.35/-94.12+-57.92*92.14)+-28.47**1),/32.542^+63.89*-64.12+57.75/41.4*-76.19/29.35+-94.12*-57.9292.14-+-31.821^-28.47--29.75
-25.76/17.66**1--6.73*(79.5+-80.2+43.68-(-16.99/68.66-32.31)/2.9/51.85+-75.15+10.76**1),/-25.761^-17.66+79.5+-80.2/-16.99-68.6632.31/-43.68/2.9+51.85+-75.151^10.76*-6.73
-88.56**1+-1.71/-95.31-81.52/-14.91/55.38*-52.31*(92.25+-37.22)*65.47/(-25.09--10.53-84.88*76.23),1^+-88.56/-1.71--/81.52/-14.91*55.38+92.25-37.22**-52.31--25.09--10.53*84.8876.23/65.47
-35.82*(46.48-39.84)**1-89.6/-65.31*18.4*-44.29*(0.14+-87.47+(-11.89*-20.3)/-84.67+-77.77)*-35.65,/46.4839.841^*--35.82/89.6*-65.31*18.4+0.14*-11.89-20.3/+-87.47+-84.67-77.77**-44.29-35.65
52.84-(-70.35**2-18.36/70.25--69.41+-0.3)*81.97/68.13+26.0*(-71.62*86.26-(-88.53--54.71**1)),2^--70.35/18.36-70.25+-69.41-0.3*-52.84-81.97+68.13*-71.62--88.531^-54.71-86.26*26.0
-24.04--28.66/-23.96/70.87*-2.04-89.44**2+(-23.31*42.89)/30.13-93.39+-3.21/56.22/-57.55-70.72,--24.04/-28.66/-23.96*70.87--2.042^+-23.3142.89/+89.44/30.13+93.39/-3.21/56.22--57.5570.72
(-94.16/-46.33+33.38**1+38.75**2+(42.36*-88.07*35.85)+-3.46/76.79*9.07**1--57.36-(-13.04)),/-94.16+-46.331^+33.382^*42.36*-88.0735.85++38.75/-3.46*76.791^-9.07-13.04--57.36
-23.69+-94.55+14.73**2--1.41/(-62.18--21.64*23.32/10.62+-9.11-12.21*-41.8--21.59*-85.63--5.75),+-23.69+-94.552^-14.73--62.18*-21.64/23.32+10.62--9.11*12.21--41.8*-21.59--85.63-5.75/*
-72.91+-51.33+-63.2**2-89.08*38.42**1--41.62*-66.33+-33.53-(-69.88/-26.87-20.5+86.16)+-56.27,+-72.91++2^--63.2*89.081^-38.42*-41.62+-66.33/-69.88--26.87+20.586.16-+-33.53-56.27
-49.1+(60.92-43.49+(6.09-(-90.31*51.56**1+-86.83)+(64.47--14.03/-0.09**1+-82.43*27.23)+-16.11)),-60.92*-90.311^+51.56-86.83--64.47/-14.031^+-0.09*-82.4327.23++6.09-16.11+43.49+-49.1
49.53**2--26.02/27.85*-34.45+48.62--97.14-81.31**1+0.27--1.37*-73.5+-19.74**1-93.21,2^-49.53/-26.02*27.85+-34.45-48.62--97.141^+81.31-0.27+-1.37+-73.51^--19.7493.21
-58.68--5.39/-19.04/-8.66**1+92.18+(-24.41*-78.72/-37.49*-23.33-91.35+45.04)--42.78+47.01**2,--58.68/-5.39/-19.0481.79^+-8.66*-24.41/-78.72*-37.49--23.33+91.3545.04+-92.18+-42.782-47.01
25.89-88.66*81.5+-44.44+(-81.14*78.28/87.92)-18.61/94.4*-94.64+(-19.75/93.52--66.22--93.38/-57.72),-25.89*88.66+/*-81.14/78.2887.92+--44.44/18.61*94.4/-19.75-93.52--66.22/-93.38-57.72+-94.64
-48.72**1--67.19/91.21/-29.52-(19.99+-93.84)+-23.64-82.54/-46.09*-84.9--90.27-65.21/94.7/-9.98,-33.89^--48.72/-67.19/91.21+19.99-93.84-+-29.52--23.64/82.54*-46.09--84.9--90.27/65.21/94.7-9.98
15.79*97.25--48.91--80.92--87.82--42.26*-69.09*(38.25--9.05/34.07*(57.5*28.88+73.72+29.04--19.82)),*15.79-97.25--48.91--80.92+-87.82*-42.26-38.25--9.05*57.5+28.88+73.72-29.04-19.82*34.07*-69.09
20.66**1+(87.32--4.86-28.79/88.04+(9.59+-68.94--96.21-(94.63**2-59.68)**1+-27.13--89.11)),1^-87.32--4.86^28.79+9.59--68.942^-94.6359.681^-+-96.21--27.13-89.11+88.04+20.66
-99.82+-86.19-5.48+-51.12+(-55.87/-91.66)*-89.63--96.72**1+86.16+97.28*-30.75--80.43+-44.31*(82.74),+-99.82--86.19+5.48/-55.87-91.66*+-51.12--89.631^+-96.72+86.16*/--30.75+-80.4382.74*-44.31
67.25/(21.02**2--43.86+-25.6**2--13.79-77.85+-28.1+93.78/30.58*41.06+31.22+64.59)**1,2^+21.02+^2^--25.6--13.79+77.85+-28.1/93.78*30.58+41.06+31.2264.591^/67.25
(38.44+-65.47-(60.47--28.88-(42.75+-9.97)/60.66/(56.91--25.63/(66.75+(27.32**1+(-44.32/-63.45**2)))))),+38.44-60.47+42.75-9.97/--28.88-56.911^/-44.32-92.4^-63.45+27.32+66.75/-25.63-60.66--65.47
(-38.37*-47.34+-92.96+-56.92)-93.21-32.71**2-15.03*(-15.78/17.26/(30.35+-38.76)+81.99+11.42/-34.66),*-38.37+-47.34+-92.96-56.92--93.212^-32.71/-15.78+30.35^/+17.26+81.99/11.42-34.66*15.03
25.18/33.18+-24.94+-33.1/12.08-(-24.86+79.84/34.24-92.14--16.63+(17.31/61.27-2.93**1+60.47)),/25.18+33.18+-24.94/-33.1+-24.86/79.84-34.24-92.14/17.31-61.271^+2.9360.47+-16.63-/
-10.36*63.21*-79.24/-94.45**2--23.4/5.07+51.36**1-60.54-33.63*-16.72*-79.42--74.57**1,*-10.36*63.21/-79.242^--94.45/-23.4+5.071^-51.36-60.54*33.63*-16.72--79.421^-74.57
-60.28+57.96--52.49*-5.21+-14.16--87.28/-61.89--72.74*5.9**2-40.74+-1.46/51.32/77.21**2,--60.28-57.96**+-5.21--14.16/-87.28--61.89*-72.742^-5.9+40.74/-1.46/51.322^77.21
78.13/-6.42**1+97.58-77.78--39.25--64.34*27.49*14.32+-92.82/88.44**2--6.38*90.48**2,/78.131^+-6.42-97.58-77.78--39.25***27.49+14.32/-92.822^-88.44*-6.382^90.48
-90.09-(-55.1/(77.35+-26.15*-25.16+-50.8--2.18--43.52+92.86**2-67.82-3.45**1+29.29**1)),+77.35*-26.15+-25.16--50.8--2.18+-43.5274.47^-92.86-67.821^+3.451^29.29/-55.1--90.09
-55.83/-53.58-43.13+-11.44/(80.45/-23.04**1+-92.33-5.91/-88.3/66.67)*(3.39*55.25*-35.18+73.18),/-55.83--53.58+43.13/80.451^+-23.04--92.33/5.91/-88.3*/*3.39*55.25+-35.1873.18*-11.44
13.14**1-89.45--53.36/-27.28**1--7.44*-35.16+-18.43-38.27-81.55/86.4*-24.96--87.43*19.11,1^-13.14-89.45/-53.361^--27.28*-7.44+-35.16--18.43-38.27/81.55*86.4--24.96*-87.4319.11
40.27/(-11.64*0.74+81.88+73.27)*15.31*(-75.29/-4.0)+-23.01**1+-65.46**1--58.03*-82.37**2,*-11.64+0.74+81.8873.27/*40.27/-75.29-4.0*+15.311^+-23.011^--65.46*-58.032^-82.37
-96.17+75.44+-53.5/92.03-76.51**2+(-20.55--31.75)+55.25*2.32*83.25-(-55.05**1--85.23/-60.42),+-96.17+75.44/-53.5-92.03-85.11^--20.55-31.75++76.51*55.25*2.321^--55.05/-85.23-60.42-83.25
-3.08-36.34+75.84--62.56*(85.43/-78.6)-(7.87*-40.19+11.56**1+57.21**1--89.27/-92.29+-22.19),--3.08+36.34-75.84/85.43-78.6**7.87+-40.191^+11.561^-57.21/-89.27+-92.29-22.19--62.56
0.53+71.61-26.56*-18.27+-35.25**2-46.72-73.23--11.01+-90.44*-56.38*-77.6-36.37+29.44/-77.99,+0.53-71.61*26.56+-18.272^--35.25-46.72-73.23^-11.01*-90.44*-56.38--77.6+36.37/29.44-77.99
23.39/57.49+-3.75*-90.39--12.75/5.38**2-(27.69-(57.15**2+-88.17)-77.96+(33.5--45.79+-58.85)),/23.39+57.49*-3.75--90.39/-12.752^2^+57.15-88.17--27.69-33.5+-45.79-58.85+77.96-5.38
52.84/(-69.79*89.99+53.96**1-(65.19-9.89**2+-34.32)+(-2.9*84.67)+-45.29--75.45**1+-21.89),*-69.79+89.991^-65.192^+9.89-34.32-*-2.984.67++53.96-/1^+-75.45-21.89+52.84
-40.21-(26.99-(13.89**2-52.52)+(-78.99**2--84.27/14.63**1--60.16/24.03/-20.12--61.27*56.72)),2^-13.8952.52-2^--78.99/-84.271^-14.63/-60.16/24.03--20.12*-61.2756.72+26.99--40.21
47.64/0.36-9.89*35.85*58.27*-45.88-(36.83-94.97*(-30.67-84.99--62.83-10.69/-41.59)**1--29.19),/47.64-0.36*9.89*35.85*58.27-36.83--30.67-84.99--62.83/10.69-41.591^*-94.97-29.19--45.88
-90.81*71.1**1--7.8*56.67/31.88/43.67-16.28/(33.07-49.53+27.98-(-92.82**2--26.73/-8.34)),*-90.811^-71.1*-7.8/+/31.88-43.67-33.07+49.532^--92.82/-26.73-8.34-27.98/16.28
93.27-78.54*(7.96+31.68-18.29/(-78.86**2-88.66**1+(41.14**1-92.58+-58.39-30.92*-32.06))),-93.27+7.96-31.682^--78.861^1^-41.14+92.58--58.39*30.92-32.06+88.66/18.29*78.54
71.08+(40.17-60.62-95.8*63.61)/-60.75-51.76/-28.66-53.96--19.41+76.34*34.08**2+32.97**1,-40.17-60.62*95.863.61/+71.08--60.75/51.76-*-53.96+-19.41*76.34-75.14^+34.081^32.97
-77.56+40.6*(17.81/-95.6-(-8.07**1+-89.86)+-9.38)-73.32*(-64.15**2--80.1)/95.01**2--20.21,+-77.56/17.8177.74^+-8.07-89.86-+-95.6-9.38*-40.62^--64.15-80.1*/73.322^-95.01-20.21
-37.78/74.27*40.53/99.23--94.98-66.92-83.53-60.11/62.43+-45.41-(-39.06**1-98.08+11.2+-7.82),/-37.78*74.27/40.53-99.23--94.98-66.92-83.53/60.11+62.431^--39.06+98.08+11.2-7.82--45.41
-48.69*(29.37**1+-21.65)+-37.68--65.84*81.55/(41.12*-95.98)/-1.22*-62.95**1--78.62**1-1.13,1^+29.37-21.65*+-48.69--37.68*-65.84*41.12-95.98//81.55*-1.221^--62.951^--78.621.13
43.08--55.73*(45.41**2-41.59*-6.8)**2+81.67+(-50.97--92.63**1+(-75.23*(-12.89*-85.96)*-40.33)),-43.082^-45.41*41.59-2^*+-55.73--50.971^*-12.89-85.96**-75.23-40.33--92.63+81.67
-21.73-60.77-38.26-91.34--20.33+-79.75**1-(-17.35+-39.1*-97.81*80.64)**1+-20.83/81.25+94.66,--21.73-60.77-38.26-91.34+-20.331^+-17.35*-39.1*-97.8180.641^-+-79.75+-20.83+81.2594.66
(6.35+-19.54**1--90.89/41.89-82.71+80.75)+-27.97**2--50.23**1+29.2+-1.76+-41.87+-5.62,+6.351^--19.54/-90.89-41.89+82.7180.75+2^--27.971^+-50.23+29.2+-1.76+--5.62
75.8**2+-16.98--54.88*(-89.4/4.44/-69.05+67.98)+-42.2-47.53*51.6**2--22.27/-23.95/-33.78,2^+75.8--16.98/*/4.44+-69.0567.98*+-54.88--42.2*47.532^-51.6/-22.27/-23.95-33.78
89.24-87.3**1+-40.68**1-54.38**2--39.21/-14.44/86.47+22.18*11.43*39.67--59.81*28.01,-89.241^+87.31^--40.682^-54.38/-39.21/-14.44+86.47*22.18*11.43-39.67*-59.8128.01
-18.69*-80.16/-35.64--60.27--25.54*18.0*-79.14+15.56*(-38.14*-98.74)+45.35*(-18.48-22.53)+53.54-78.17,*-18.69/-80.16--35.64--60.27*-25.54*18.0+-79.14*-38.14-98.74*+15.56--18.4822.53**45.35-53.5478.17
97.42**2+37.42**1-(-23.6*52.76)+-22.46*-52.35+66.03+69.49**1+-40.16*87.66+94.97*-97.76,2^+97.421-*-23.652.76-+37.42*-22.46+-52.35+66.031^+69.49*-40.16+87.66*94.97-97.76
10.47/-83.13/-81.18*91.52/(75.4+19.94*72.62)--91.34*83.48/-20.18*75.75-60.34-4.67**1-60.86,/10.47/-83.13*-81.18+75.4*19.9472.62/-91.52*-91.34/83.48*+-75.75-60.341^-4.6760.86
-24.59-46.87+-23.08+-89.13/69.93/42.03/62.74+-51.32**2+60.04**2-89.64-30.28/(78.67+37.48),--24.59+46.87+-23.08/-89.13/69.93/++/2^+-51.322^-60.04-89.64+78.6737.48/30.28
-96.94*-55.08*16.93**2+(40.57**1+42.1**2+95.65**2+(-80.4/-28.67)**2+(85.5**2)),*-96.94--55.082^1^+40.572^+42.12^/-80.4-28.672^+2^85.5+95.65+16.93
-38.82+-36.69-11.41*-63.92*75.72+-69.91--85.74*-93.49*-8.23**1+96.62/(74.79+-14.52/-59.08/59.49),+-38.82--36.69/11.41*-63.92+75.72--69.91*-85.74*-93.491^+-8.23+74.79/-14.52/-59.0859.49-96.62
-88.75*-88.61--96.65--3.88--25.39**1--25.2-(83.81-41.32/28.88)-75.19--40.47/-53.83/-37.42--12.0,*-88.75--88.61--96.65--3.881^--25.39-83.81/41.3228.88---25.2-75.19/-40.47/-53.83*-37.42-12.0
-83.41/-92.36/(-81.71+58.39**2+-60.79/86.05/9.16**2+70.64/43.96**1+69.32*11.21-(43.81)),/-83.41+-81.712^+58.39/-60.79/86.052^+9.16/70.641^+43.96*69.3243.81-11.21/-92.36
81.75**2-82.68*-83.85/(-46.73**1+-92.67)+(-88.76*-29.6+-89.9+48.48)--68.2--63.59/92.3-31.7,2^-81.75*82.681^+-46.73-92.67/*-88.76+/+-89.948.48+--83.85--68.2/-63.59-92.331.7
-71.14**1-51.67/5.3**2+7.0-43.7*-18.3+52.09-25.35**1-68.23/38.36-32.33*67.71,1^--71.14/51.672^+5.3-7.0*43.7+-18.3-52.091^-25.35/68.23-38.36*32.3367.71
-25.18*46.03--89.65-13.89-26.93/-32.43**2--96.32-(-66.2+(-31.88*-2.79+38.06+-26.64+(-72.1-29.92))),*-25.18-46.03--89.65-13.89/26.932^--32.43*-31.88+-2.79+38.06--72.129.92+-26.64+-66.2--96.32
7.76**1--8.93/42.4+-31.72**1+7.92--92.82*22.29--46.34/-99.93/(-51.49+(92.9**1-(-0.4))),1^-7.76/-8.93+42.41^+-31.72-7.92*-92.82-22.29/-46.3469.85^-0.4-92.9+-51.49/-99.93
-99.42*-64.48-19.62+-33.74-36.81*27.28-58.16*-67.26*1.95/-67.13/-74.21*(60.72+(-42.35-48.83--37.01)),*-99.42--64.48+19.62--33.74*36.81-27.28*58.16*-67.26/1.95/-67.13--42.35-48.83-37.01+60.72^-74.21
(-84.81/-31.81*-14.35+-30.24-86.65)**2-80.23*-69.68+(-42.74+(72.88**2-(-12.65/78.14/24.73**2))),/-84.81*-31.81^-14.35--30.2486.652^-*80.232^/-12.65/78.142^24.73-72.88+-42.74+-69.68
19.58+84.56--11.59**2-17.44**1--18.87**2+19.22**2+88.74+99.67**2+43.82+-70.51,+19.58-84.562^--11.591^-17.442^+-18.872^+19.22+88.742^+99.67+43.82-70.51
-91.94--81.41/-97.53+66.99+69.97**2+-2.48*(4.74**1+-2.3/44.19--64.11/66.52**1+-14.52),--91.94/-81.41+-97.53+66.992^+69.971^+4.74/-2.3-44.19/-64.111^+66.52-14.52*-2.48
60.8--38.17/-71.56*55.08-73.83*14.49*60.68+-13.57-(-76.51**2--91.2/-77.53-14.52+70.94**2),-60.8/-38.17*-71.56-55.08*73.83*14.49+60.682^--76.51--91.2--77.53+14.522^70.94--13.57
77.78/71.56-(28.97*72.66/1.97+-86.92/-28.51/-45.22/14.83)--88.71+-75.23**2-31.48**2+-46.59,/77.78**/72.66+1.97/-86.92/-28.51/-45.2214.83--71.56+-88.712^--75.232^+31.48-46.59
32.71-11.88**1+-48.7/(59.73*-53.85*(-46.38/77.57-(6.26**2+-86.08**1-(-82.44+-18.07*84.61)))),-32.711^+11.88*59.73/-46.382^+6.261^+-82.44/-18.0784.61--86.08-77.57*-53.85/-48.7
14.76-61.5**2-11.82**1+(-37.67--53.47)**2--97.28+-1.86+-35.64-(23.72*-47.96-74.03+(-13.31)),-14.762^-61.51^--37.67-53.472^+-11.82+-97.28+-1.86*23.72--47.96-13.31+74.03--35.64
-42.72/-29.28/37.38/-28.9**1+68.37*5.77+-90.99/93.43-6.57/-48.32**2-46.08+(-0.5/84.61),/-42.72/-/37.381^+-28.9*68.37+5.77/-90.99-93.43+6.572^--48.32/-0.584.61+46.08
-7.63-83.79+-51.87--10.97-20.12**2+-75.43-(2.75*24.9)*82.73/-69.41*17.56/(-45.39/63.62-(-26.2)),--7.63+83.79--51.87--10.972^+20.12*2.7524.9*--75.43/82.73*-69.41/-45.39-26.2-63.62/17.56
37.35+50.36--91.73**1+89.67**2+(-40.74*2.09--49.53*73.66**2-81.94/95.41/24.09--80.57),+37.35/50.361^+-91.732^*-40.74-2.09*-49.532^-73.66/81.94/95.41-24.09-80.57+89.67
9.11+88.07*14.8--6.01/29.47+-80.93**2+14.8/-3.25/-49.54/26.36+8.39--94.1+42.75+(-86.57),+9.11*88.07-14.8/-6.01+29.472^+-80.93/14.8/-3.25/-49.54+26.36-8.39+-94.1-86.57+42.75
(-59.73--23.27**1+(-32.83*9.4)-13.93/(62.2*-15.15+-24.32+(-57.19-(92.47/-28.8*-49.58+-44.5/-6.42)))),--59.731^*-32.839.4+--23.27*62.2+-15.15/92.47*-28.8+-49.58/-44.5-6.42--57.19+-24.32/13.93
-39.21/-57.65*-41.09/-74.31--15.64+45.43+51.05*96.73**2-(69.91+46.45)/-50.67**2-(-28.73--39.24),/-39.21*-57.65/^--74.31+-15.64+45.43*51.052^+69.9146.45/-96.732^--28.73-39.24--50.67
(62.72-(72.7+-74.41*-8.74*(47.57*46.31+(86.12**1+-93.71-93.5)*-18.92*28.6/-66.56/-64.69*-52.83))),+72.7*-74.41*47.571^+86.12--93.7193.5*+46.31*-18.92/28.6/-66.56*-64.69-52.83*+-62.72
-92.74-45.68**1--12.37/-64.18+7.31**2--3.9*38.1/-75.5*-80.68--44.87**2+-6.44--1.16,--92.741^-45.68/-12.37+-64.182^-7.31*-3.9/38.1*-75.5--80.682^+-44.87--6.44-1.16
9.15--99.97--6.26**1+-6.07--46.78*-6.84--15.56**2+32.32-54.92+53.42*-17.19**2-24.29,-9.15--99.971^+-6.26--6.07*-46.78--6.842^+-15.56-32.32+54.92*53.422^--17.1924.29
22.3**2--53.06-16.72**1+-56.6-38.13*-68.29*1.72/-58.07-78.14+17.89-(-85.39**2+28.35),2^-22.3--53.061^+16.72--56.6*38.13*-68.29/1.72--58.07+78.142^+-28.35-17.89
-30.91-25.44*(-35.13*16.24*10.12)-32.06*-57.82**1+(98.55/(46.16*-6.23+-10.3/-69.92*4.77/-45.96)),--30.91*-35.13*16.2410.12*-25.44*32.061^*46.16+-6.23/-10.3*-69.92/4.77*/98.55+-57.82
58.15/-45.63*9.89+-53.15-86.78*21.13+27.13/4.85**2-50.17+79.32+(55.18+-59.56+-85.97*-34.47),/58.15*-45.63+9.89--53.15*86.78+21.13/27.132^-4.85+50.17+++-59.56*-85.97-34.47+79.32
-38.49*95.95**2+55.44/-73.08*37.18**1+50.16/34.49*-46.03/42.04+-81.39-96.59**2+90.41,*-38.492^+95.95/55.44*^1^+37.18/50.16*34.49/-46.03+42.04--81.392^+96.5990.41
(81.56/87.59/76.84/97.58-(48.82-21.79-89.36**2-(-47.37/-20.2**1--86.27/12.0*-55.11+-23.76))),/81.56/87.59/76.84-48.82-21.792^/-47.371^--20.2*-86.27*12.0+-55.11-23.76-89.36-97.58
-25.63*39.12*-74.93-28.3-48.78**2--57.81*-51.19--4.36*69.37+28.22**2-30.83--97.41/-79.66,*-25.63*39.12--74.93-28.32^-48.78*-57.81-+*-4.36+69.372^-28.22-30.83/-97.41-79.66
-31.18-(-65.02*-29.9*25.17--99.14**1-91.9-16.78**2--30.84/-60.12-17.38--57.6)*(-14.12*32.54),*-65.02*-29.9-25.171^--99.14-91.92^-16.78/-30.84--60.12-17.38-57.6*-14.1232.54---31.18
(-71.42**1+(61.06+15.08*(1.98**2+24.14+-8.44--82.64)+9.21)--50.5+-87.91)--53.41/69.23**2,1^+61.062^+1.98+24.14--8.44-82.64*+15.089.21+--71.42+-50.5-87.91-/-53.412^69.23
21.14**1--91.57/-14.6**2-98.42*-99.03**1+-8.85**2+-0.09/-58.3/23.56*-57.97+-69.93,1^-21.14/-91.572^--14.6*98.421^+-99.032^+-8.85/-0.09/-58.3*23.56--57.97-69.93
(-7.99*-73.77-(-15.53**1--99.55**2--63.1/4.15*-8.96--44.65)/-86.55)**2-(7.16**2--33.96),*-7.991^--15.532^--99.55/-63.1*4.15--8.96-44.65/--73.77-86.552^2^-7.16-33.96-
79.43/-95.45+89.52**1--41.4**2+-70.15**1+-82.61/-82.93--76.01*(84.95/8.65**1+-94.73),/79.43+/1^-89.522^+-41.41^+-70.15/-82.61--82.93/84.951^+8.65-94.73*-76.01
(-18.36/-23.68-(-55.09*-59.65+-46.47-(-8.65+46.94**1-65.06-37.18)/-66.31+-53.36/-23.37)*77.14+(-50.79)),/-18.36*-55.09+-59.65+-8.651^-46.94-65.0637.18/--46.47+-66.31/-53.36-23.37*--23.68-50.79+77.14
73.21+80.83/42.58*91.88/61.29/12.78**2--33.55-10.71-81.24+67.47--36.22*0.87*-9.15/23.28,+73.21/80.83*42.58/91.88/61.292^-12.78--33.55-10.71+81.24-67.47*-36.22*0.87/-9.1523.28
-56.28/-22.52*(-43.35+1.59**2+(-38.13**1-11.01**2--27.67/64.45)+90.07--23.59+-6.73/28.84),/-56.28+-43.352^1^--38.132^-11.01/-27.6764.45++1.59-90.07+-23.59/-6.7328.84*-22.52
-81.17+-15.66**2--90.65*-46.4*75.96--99.83/49.43+-22.99/75.6**2-(64.8**1--84.72/21.2),+-81.172^--15.66****-75.96/-99.83+49.43/-22.992^1^-64.8/-84.7221.2-75.6
63.1**1+-96.9+-0.05/(-23.92*5.12*27.77)*-25.68/-80.56+-78.98*-52.92/-4.04/-89.51--13.78+-73.4,1^+63.1+-96.9*-23.92*5.1227.77/*-0.05/-25.68+-80.56^-78.98/-52.92/-4.04--89.51+-13.78-73.4
(72.07/41.26--35.02*45.15/(41.71+-69.12+18.83*-40.29--35.29)**1--75.45--43.79/-26.61/76.95/84.65),/72.07-41.26*-35.02+41.71+-69.12*18.83--40.29-35.291^/-45.15--75.45+-43.79/-26.61/76.9584.65
-27.29*-38.37/1.88+46.52-46.94+16.7-9.66+-71.08+32.25**2-66.34+60.86**1+13.1*20.06,*-27.29/-38.37+1.88-46.52+46.94-16.7+9.66+-71.082^-32.25+66.341^+60.86*13.120.06
81.51--32.08+(-34.79+(0.42+31.0**2--9.89)*76.56**1-57.06-10.73*54.97-4.41)*49.68**2,-81.51+0.422^-31.0-9.89*+-34.791^-76.56-57.06/10.73-54.974.41*+-32.082^49.68
(-88.21/11.51+2.88-69.77)--65.36--18.46-(35.35+44.04*(-64.64-20.03)--91.39**1-3.48+-75.38*-7.06),/-88.21+11.51-2.8869.77---65.36+35.35--64.6420.03*-44.041^--91.39+3.48*-75.38-7.06--18.46
(75.48+30.97+-64.74)+-27.69-74.8**1+-92.38+77.78+-93.81*46.04+4.74*-55.44*19.61**1+-56.96,/75.48+30.97-64.74+--27.691^+74.8+-92.38+77.78*-93.81+46.04*4.74*-55.441^+19.61-56.96
-65.93--44.14/97.61--78.26/91.46*-61.05/97.95/-65.89--72.85+49.41*-56.94-47.89/48.6+89.7**2,--65.93/-44.14-97.61/-78.26*91.46/-61.05/97.95--65.89+-72.85*49.41--56.94/47.89+48.62-89.7
