Formula,Result
98.3+-754.81*807.55+-635.89*-838.25--129.55/814.17--194.41*-523.07*-700.85,*-523.07-194.41814.17-129.55-838.25-635.89807.55-754.8198.3+*++-/-**
-565.82/-423.58/36.89/593.35*512.52-7.57/996.79--321.97*617.76+674.99,674.99617.76-321.97-7.57512.52593.3536.89-423.58-565.82///*-/-*+
-429.28--770.45+-811.76+-122.19-686.6--121.31/-223.84/858.66*589.91*833.77,833.77589.91858.66-223.84-121.31686.6-122.19-811.76-770.45-429.28-++--//-*
-882.33--241.13*57.39*-473.13-514.35*-450.32--945.77*-845.73-73.27+-827.96,-827.9673.27-845.73-945.77-450.32514.35-473.1357.39-241.13-882.33-**-*-*-+
-382.18/-44.4+-831.5/-710.84+-706.69/328.74*-3.93--82.47*-384.34/522.73,522.73-384.34-82.47-3.93328.74-706.69-710.84-831.5-44.4-382.18/+///*-*/
397.2+-481.43*478.42/729.51/459.48--956.58-305.61+397.56*404.6+717.14,717.14404.6397.56305.61-956.58459.48729.51478.42-481.43397.2+*/*--+*+
-94.64/-246.14-924.17-479.99*2.15/-368.77+226.47*637.58/516.54/431.62,431.62516.54637.58226.47-368.772.15479.99924.17-246.14-/--*/+*//
167.6*-801.95*-271.07+870.73/338.87+775.3/88.03/-960.18+-657.27+-876.73,-876.73-657.27-960.1888.03775.3338.87870.73-271.07-801.95167.6**+/+//++
-208.45/946.38+-251.99*-603.14/646.95*26.53--957.75/436.29+-561.56+-400.92,-400.92-561.56436.29-957.7526.53646.95-603.14-251.99946.38-208.45/+*//-/++
-50.91+-899.16-921.1/290.22/-453.64+395.7-192.99/412.85--790.2--801.74,*-790.2412.85192.99395.7-453.64290.22921.1-899.16-50.91+-//+-/--
-148.92/227.41+735.62/-282.51/-352.74--131.13/828.18/-201.67/80.63+-667.49,-667.4980.63-201.67828.18-131.13-352.74-282.51735.62227.41-148.92/+//-///+
-150.91/-26.15/-757.93/-644.89+-319.22*341.4-4.03*-386.29--170.41--399.18,-399.18-170.41-386.294.03341.4-319.22-644.89-757.93-26.15-150.91///+*-*--
-820.69--262.99*-386.74*-213.14+-332.5+118.79-348.73*-600.99/499.64*410.07,410.07499.64-600.99348.73118.79-332.5-213.14-386.74-262.99-820.69/**++-*/*
-562.71+-607.22+893.8*102.9--393.63-244.31+374.87+-99.57-62.44*66.84,66.84+*374.87244.31-393.63102.9893.8-607.22-562.71++*--++-*
446.7/708.83/126.48--130.56/813.67-803.05/267.61/983.66*504.73*-148.03,+504.73983.66267.61803.05813.67-130.56126.48708.83446.7//-/-//**
-1.41-917.26*-821.36*670.17/575.51--155.62/837.27--406.36+948.04/-506.49,-506.49948.04-406.36837.27-155.62575.51670.17-821.36917.26-1.41-**/-/-+/
-897.48/176.37*180.6*60.3+659.36-992.22*-637.43/-484.35*704.93+788.04,788.04704.93--637.43992.22659.3660.3-176.37-897.48/**+-*/*+
-307.36/-330.76*-374.01-630.61*634.18/-415.91/46.69+-877.5+-908.75*-634.85,-634.85-908.75-877.546.69-634.18630.61-374.01-330.76-307.36/*-*//++*
545.16*-109.72-895.44*373.38+-337.62--952.96+-412.56+524.29+381.93-199.11,199.11381.93524.29-412.56-952.96-337.62373.38895.44-109.72545.16*-*+-+++-
-252.26--544.43*208.65-873.28*303.15--202.43+402.25/-393.63/-272.8/905.32,905.32-272.8-393.63402.25-202.43303.15873.28208.65-544.43-252.26**-*-+///
-894.12+35.65--234.67-249.39/244.68--906.57-788.76--790.37*-539.32+-191.16,-191.16-539.32-790.37788.76-906.57244.68249.39-234.6735.65-894.12+--/---*+
-181.96--188.4-525.77-143.15--704.1/-658.95/709.14*713.73*-550.42/-519.52,-519.52-550.42713.73709.14-658.95-704.1143.15--188.4-181.96----//**/
276.13--132.78*743.2+-583.45+468.02+-483.25*131.1+-512.58*-692.1-113.6,113.6-692.1-512.58131.1-483.25468.02-583.45743.2-132.78276.13-*+++++*-
990.6*-673.03-575.0/700.3/-374.61--400.86/191.67*947.91-797.76-523.77,523.77797.76947.91191.67-400.86-374.61700.3575.0-673.03990.6*-//-//--
-955.71--227.7+346.7/-417.94--237.08+812.64*-902.88+770.48+-640.77/499.73,499.73-640.77770.48-902.88812.64-237.08-417.94346.7-227.7-955.71-+/-+*++/
659.08*-872.52*-276.38*-578.96+-938.84*-561.1/-988.13/930.29+643.01+419.61,419.61643.01930.29-988.13-561.1-938.84-578.96-276.38*659.08***+*//++
-871.39/-595.52+-445.17+-756.57+215.47/-452.0*73.75/-114.85/850.75+339.12,339.12850.75-114.8573.75-452.0215.47-756.57-445.17-595.52-871.39/+++/*//+
575.13/29.64*-377.37-303.77/587.37+34.62*-435.99--729.25*-35.34*-874.39,-874.39-35.34-729.25-435.9934.62587.37303.77-377.3729.64575.13/*-/+/-**
-209.37--966.17*-78.95+-647.2*-870.92*-661.99-489.49*183.99/-186.4*-718.01,-718.01-186.4/489.49-661.99-870.92-647.2-78.95-966.17-209.37-*+**-*/*
545.02*-482.24/14.14+-82.75--195.73+-942.87/-633.06/860.95*609.71+-416.87,-416.87609.71*-633.06-942.87-195.73-82.7514.14-482.24545.02*/+-+//*+
-490.74--24.41+441.88+-786.95+-117.9+-189.89/752.85/40.65--213.71*171.15,171.15-213.7140.65752.85-189.89-117.9-786.95441.88-24.41+-++++//-+
-628.79--727.56/973.57/-565.2+-587.18*356.01--938.01--209.58*-274.31+119.14,119.14-274.31-209.58-938.01356.01-587.18-565.2973.57-727.56-628.79-//+*--*+
-890.69+-616.3/113.14/680.25--4.23*-251.8--500.35*-629.62/-418.43/-456.72,-456.72-418.43-629.62-500.35-251.8-4.23680.25113.14-616.3-890.69+//-*-*//
-684.57+298.41/-609.78+-789.15--937.81-48.19*268.22+108.29+592.22--647.33,-647.33592.22108.29268.22*-937.81-789.15-609.78298.41-+/+--*++-
-287.42-90.02/-141.22/330.52*472.76*940.12-361.11*-852.24--926.43*518.08,518.08/-852.24361.11940.12472.76330.52-141.2290.02-287.42-//**-*-*
263.12/-692.94+175.24/-954.38--692.6*506.01+483.57+-260.08-359.84/47.52,47.52359.84-260.08483.57506.01-692.6-954.38175.24-692.94263.12/+/-*++-/
-604.98/624.97--13.02+-694.24+623.48+642.23*863.91+392.64--601.5*225.36,225.36-601.5392.64863.91642.23623.48-694.24-13.02624.97-604.98/-+-+*+-*
-334.55/-775.89+968.64+712.08--242.92*805.63*160.44*-710.48/-122.38/-588.95,-588.95-122.38-710.48160.44805.63-242.92712.08*-775.89-334.55/++-***//
794.4+-575.24/593.05*951.46/47.71-866.3+987.18*-236.78--70.36--916.83,-916.83-70.36-236.78987.18866.347.71951.46593.05/794.4*/*/-+*--
-332.92--226.72-130.36/697.25/-496.5-348.45*377.89*911.83*-167.61/-666.8,-666.8-167.61911.83377.89348.45-496.5697.25130.36-226.72-332.92--//-***/
61.92+790.68*-417.1/632.04+151.12*-219.19/311.22*442.73+987.17+555.64,555.64/442.73311.22-219.19151.12632.04-790.6861.92+*/+*/*++
-37.45*-590.62+-574.48/80.28/-192.01*-199.21+197.48-821.06*805.58+-797.04,-797.04805.58821.06197.48-199.21-192.0180.28-574.48-590.62+*+//*+-*+
-577.5/-399.93*892.41*-996.85+434.85-295.87--607.59*-669.58*-581.6/-184.49,-184.49-581.6-669.58-607.59295.87434.85-996.85892.41-399.93-577.5/**+--*-/
120.95*34.14*187.05/-656.73/27.85-291.53/443.0--645.29+-69.87*12.39,12.39-69.87-645.29443.0291.5327.85-656.73187.0534.14120.95**//-/-+*
940.67+353.93+167.04*511.52-492.23--332.49*714.24*-496.99-390.5-692.2,/390.5-496.99714.24-332.49492.23511.52167.04353.93940.67++*--**--
828.22/-919.22/27.55+-216.54/888.72*-844.99--796.57/-709.52-222.75+-863.31,-863.31222.75-709.52-796.57-844.99888.72-216.5427.55-919.22828.22//+/*-/-+
883.0--326.87*-60.44--118.57-232.47+-399.55*-697.78/-716.91--680.38*-475.89,-475.89-680.38-716.91-697.78-399.55232.47-118.57-60.44-326.87883.0-/--+//-*
894.16+53.37*470.28*-354.27+939.56+-110.89/-681.24*750.62*552.09*-808.79,-808.79552.09750.62-681.24-110.89939.56-354.27470.2853.37894.16+**++/***
-376.79/322.62*-781.45--980.75/236.37+599.75*-541.15/-526.12*744.61/960.22,960.22744.61-526.12-541.15599.75236.37-980.75-781.45322.62-376.79/*-++*/*/
-24.94+91.55/-926.97--681.46*406.62/-309.17--342.67/743.1+-637.58/776.75,776.75-637.58743.1-342.67-309.17406.62-681.46-926.9791.55-24.94+/-+/-/+/
372.27*320.88*-94.49*577.89+809.51-218.17--870.87-811.64--771.52+-619.59,-619.59-771.52811.64-870.87218.17809.51*-94.49320.88372.27***+----+
595.57--502.62/-597.4*-544.18*839.53/-250.96/200.14-457.26+502.25--773.48,-773.48502.25457.26200.14-250.96839.53-544.18-597.4-502.62595.57-/**//-+-
511.9*-183.68+94.48+-54.92-362.7*-862.47/404.0+-937.8-537.56+346.29,346.29537.56-937.8404.0-862.47362.7-54.9294.48-183.68511.9*++-*/+-+
460.44*-276.94+671.4-620.65+-210.03/-156.87--712.65+321.51*-433.79*-939.1,-939.1-433.79321.51-712.65-156.87-210.03620.65671.4-276.94460.44*+-+/-+*+
-577.73*-157.48/907.15*-48.99/176.8/-212.47+477.67/-181.12/-228.05-75.03,75.03-228.05-181.12477.67-212.47176.8-48.99907.15-157.48-577.73*/*//+*/-
-898.33*-923.33+-817.53*-856.12-791.23+560.93+722.75/468.49+-49.34-88.62,88.62-468.49722.75560.93791.23-856.12-817.53-923.33-898.33*+*-++/--
561.13--861.7+857.6*-419.85--304.57*647.53-462.93*-727.11*-180.2+96.88,96.88-180.2-727.11462.93647.53-304.57-419.85857.6-861.7561.13-+*-*-**+
-981.08-91.19*978.51*-429.26+749.64*-78.29+-139.27-284.5/-365.8*-63.39,-63.39-365.8284.5-139.27-78.29749.64-429.26*91.19-981.08-**+/+-/*
-354.34*-998.92--864.02/497.37-824.07+-958.9+-74.56-670.83/970.42/-411.46,-411.46970.42670.83-74.56-958.9824.07497.37/-998.92-354.34*-/-++-//
-44.44+-139.3*-84.96-1.22--154.27*267.89/-325.63*-430.57+290.19+-178.61,-178.61290.19-430.57-325.63/-154.271.22-84.96-139.3-44.44+*--*/*++
675.63+-164.6/-177.61/-149.1/968.41*-661.35-111.78-434.66--976.44/584.63,584.63-976.44434.66111.78-661.35968.41-149.1-177.61-164.6675.63+///*---/
640.7/597.4/-737.26/329.23/-978.52/-42.47*-593.86+-536.16+-699.42-326.42,326.42-699.42-536.16-593.86+-978.52329.23-737.26597.4640.7/////*++-
-458.16-470.03--590.51+-749.1-138.09+789.84/-793.47/-18.45*190.71/-525.77,-525.77190.71+-793.47789.84138.09-749.1-590.51470.03-458.16--+-+//*/
-166.54--371.73-423.09/-289.6/-743.81/296.64*801.66--252.9+-350.07--415.85,-415.85--252.9801.66296.64-743.81-289.6423.09-371.73-166.54--///*-+-
30.58/-43.01+-226.78*-342.71/-942.52/-471.87--131.27/880.09*779.88*-917.96,-917.96779.88880.09-131.27-471.87-942.52-342.71+-43.0130.58/+*//-/**
733.13*-18.43*867.28*603.49*-983.9/-184.0-36.78+457.98-799.73*49.57,49.57799.73457.9836.78-184.0-983.9603.49/-18.43733.13+***/-+-*
-455.24*-380.34*594.18+-662.55+211.85/213.09/308.58*-237.43+-170.01/-507.36,-507.36-170.01-237.43308.58213.09211.85-662.55594.18-380.34-455.24**++//*+/
539.65-825.06--380.94+460.41-153.3/332.75+-947.11+302.76--4.11+805.1,805.1-4.11302.76-332.75153.3460.41-380.94825.06539.65--+-/++-+
30.54/-494.66--193.42/879.87--187.71*-123.2*525.38+-754.36+-422.99+-77.18,-77.18-422.99-754.36525.38-123.2-187.71*-193.42-494.6630.54/-/-**+++
886.81--923.32+-400.75--109.09*707.68/922.69/-686.56-117.64*97.27*-804.83,-804.8397.27117.64-686.56922.69707.68-109.09-400.75-923.32886.81-+**//-**
-510.01--911.49-220.06+814.55--971.11*-263.19*-912.37+438.81+-833.3+-42.7,-42.7-833.3438.81-912.37-263.19-971.11814.55220.06-911.49-510.01--+-**++/
188.99/404.33/585.58+-130.19--992.38*-705.22*393.6/-286.06/-518.47+-302.04,-302.04-518.47-286.06393.6+-992.38-130.19585.58404.33188.99//+-**//+
-578.56*374.42/812.23*-973.28-911.3*371.33+344.62+-678.9+786.05--465.14,-465.14786.05-678.9344.62371.33911.3-973.28812.23374.42+*/*-*+++-
-163.6/262.4*-467.13*-585.56+609.47/254.29*253.89*229.65+-787.94--141.53,-141.53-787.94229.65253.89254.29609.47-585.56-467.13262.4-163.6/**+/**+-
965.7/432.8+376.14/402.22*-235.38/295.4-54.28-124.65-550.8/-437.85,-437.85550.8124.6554.28295.4-235.38402.22376.14432.8965.7/+/*//--/
737.15-333.69/-706.9+490.36+-112.21+-636.6/634.13/-453.71/-12.72*6.33,6.33-12.72-453.71634.13-636.6-112.21490.36-706.9333.69737.15-/+++///*
703.27/-490.9+736.03*915.73-728.8--801.81+-51.42-469.41*-738.06--623.64,-623.64-738.06469.41-51.42-801.81728.8915.73736.03-703.27/+*--+-*-
-338.04/720.33*-695.45/608.69/-278.43+218.69*-768.66/-4.66/-653.98*-500.89,-500.89-653.98-4.66-768.66218.69-278.43608.69-695.45720.33-338.04/*//+*//*
318.54+760.4*152.55+740.79/667.58/-606.0/457.83*-771.45*499.26--128.23,-128.23499.26-457.83-606.0667.58740.79152.55760.4*+*+///**-
9.95*-858.72*301.59/-466.98--190.83--367.53-148.8*644.15--211.49+184.54,184.54-211.49644.15148.8-367.53-190.83-466.98*-858.729.95**+---*-+
742.28/-460.46*-358.96--698.85/-410.68+-23.2+333.8*773.04*923.25--83.01,-83.01923.25773.04333.8-23.2-410.68-698.85-358.96-460.46742.28/*-/++**-
607.36--782.28/109.31+624.03*-402.59+508.88*138.26--775.93*252.1+694.27,694.27252.1-775.93138.26508.88-402.59624.03109.31-782.28607.36-/+*+*-/*
-482.18+761.38/-163.31*-982.23+273.29--755.19*754.03+-336.32--538.51+-656.31,*-538.51-336.32754.03-755.19273.29-982.23-163.31761.38-482.18+/*+-*+-+
-320.35*-471.67--204.28+378.47/-45.63--870.64+137.58+203.19--509.14+-702.11,-702.11-509.14203.19137.58-870.64*378.47-204.28-471.67-320.35*-+/-++-+
-97.58-211.92-825.68*901.4+-228.99/-890.69-202.5/-529.33/-967.29/583.24,583.24-967.29-529.33202.5-890.69-228.99901.4825.68211.92-97.58--*+/-///
108.89*-6.22/-668.8+2.3/371.86/-968.65/111.18*-68.3/788.73-537.63,537.63788.73-68.3111.18-968.65371.862.3-668.8-6.22108.89//+///*/-
452.2*-954.51+-922.0*-204.09+-858.05*-782.5*910.54*-941.39*-320.18+-446.33,-446.33-320.18-941.39910.54-782.5-858.05-204.09-922.0-954.51452.2*+*+****+
672.99/366.15*683.82*819.08--152.03+203.82-138.47-397.92*-320.01*498.3,--320.01397.92138.47203.82-152.03819.08683.82366.15672.99/**-+--*+
-242.11*501.03*-161.93+105.54-330.21*-849.37/-867.06/360.77-995.91-105.28,105.28995.91360.77-867.06-849.37330.21105.54-161.93501.03-242.11**+/*//--
477.63+283.42-999.39*-37.4+-308.81-68.99/236.43/-794.28/408.96+-163.91,-163.91408.96-794.28236.4368.99-308.81-37.4999.39283.42477.63+-*+-///+
-554.06*835.71+611.22/-686.03+-962.27+-695.89+-671.44+586.65/732.24*363.44,363.44732.24586.65-671.44-695.89-962.27-686.03611.22835.71-554.06*+*++++/*
-529.03*-304.38+310.71+140.44*-373.84+-320.05--145.95/-73.76*-495.89*-714.76,-714.76-495.89-73.76-145.95-320.05-373.84140.44310.71-304.38-529.03*++*+-/**
801.78*-735.72/894.27*114.43/-782.17/945.59+163.69*-65.24--524.75/575.78,575.78/-65.24163.69945.59-782.17114.43+-735.72801.78*/*//+*-/
-772.25*-307.21*767.82/369.13*-204.41*-578.85/504.72+457.17*-970.82*224.08,224.08-970.82457.17504.72-578.85-204.41369.13767.82-307.21-772.25**/**/+**
-500.56*-508.82/-580.11+-296.26/178.32-574.12+413.55*957.14-923.68+-985.12,-985.12923.68957.14413.55574.12178.32-296.26-580.11-508.82-500.56*/+/-+*-+
-768.89/-124.34--30.96/-383.53-9.35*-363.38/-978.1*-499.73*-242.89+-238.87,-238.87-242.89-499.73-978.1-363.389.35-383.53-30.96-124.34-768.89/-/-*/**+
-953.89+-552.08/810.17+-568.13*180.96+528.58/281.0/246.36+596.1/-954.8,-954.8596.1246.36281.0528.58180.96/810.17-552.08/+/+*+//+/
97.82-535.45*919.59/513.88*-822.98/-5.53*-269.33+372.34/-863.16+-878.09,-878.09-863.16372.34-269.33-5.53-822.98513.88919.59535.4597.82-*/*/*+/+
-16.35*38.92/-376.99*622.83/397.22+-44.12*533.83+-633.82/-36.76/-63.26,-63.26-36.76-633.82533.83-44.12397.22622.83-376.9938.92-16.35*/*/+*+//
-702.6*307.04--959.42--132.05*-296.32-263.12/-713.31/500.86*364.25-93.74,93.74364.25500.86-713.31263.12+-132.05-959.42307.04-702.6*--*-//*-
-277.3*736.41+-283.0/801.81*815.0+-531.02+-51.12+498.61+-652.45+239.79,239.79-652.45498.61-51.12-531.02815.0801.81-283.0736.41-277.3++/*+++++
-109.55/-560.19--982.67+-309.43*-170.27+-605.31*-355.12+935.94/-52.09--799.43,-799.43-52.09935.94-355.12-605.31-170.27-309.43-982.67-560.19-109.55/-+*+*+/-
-96.81*-336.39+-204.15-52.1+993.57/575.05/-506.22/-234.09*739.63*-7.82,-7.82739.63-234.09-506.22575.05993.5752.1-204.15-336.39-96.81-+-+///**
532.62+-375.72/764.72*148.63/558.26--798.15--422.36*-113.35*-840.71*-184.02,-184.02-840.71-113.35-422.36-798.15558.26+764.72-375.72532.62+/*/--***
186.43*-996.5/-566.27*-460.43+996.65--902.4/-857.7-959.67--276.56/-156.95,-156.95-276.56959.67-857.7-902.4996.65-460.43-566.27-996.5186.43*/*+-+--/
811.7+200.29--263.53*-949.49*-180.18+451.19--682.89--805.43*-625.07/996.87,996.87-625.07-805.43-682.89451.19-180.18-949.49-263.53200.29811.7+-**/--*/
242.16--294.1-549.79-502.2*949.91*-988.5*749.79-411.98+-966.32--492.29,-492.29-966.32411.98749.79-988.5949.91502.2549.79-242.16---+**-+-
-959.74-530.67+-55.1+-517.73--128.96+-865.63*710.15--722.62+-73.89*-79.02,-79.02-73.89-722.62710.15-865.63-128.96-517.73-55.1530.67-959.74-++-+*++*
-448.5-167.89+-100.76/296.26/163.2+-188.57*-739.24+-479.67--573.63*64.89,64.89-573.63-479.67-739.24-188.57163.2296.26-100.76167.89-448.5*+//+*+-*
805.08--674.71-191.03+675.8+-986.67--700.15+224.95--433.24-873.27+-505.77,-505.77873.27-433.24224.95--986.67675.8191.03-674.71805.08--++-+--+
527.42*497.52*-240.01*977.75*-171.67+829.78/-224.1--195.56-155.98/461.56,461.56155.98-195.56-224.1829.78-171.67977.75-240.01497.52527.42****+/--/
905.07*-91.27/436.19+-418.5+-892.53-744.87/-85.93/-994.71+747.96*564.81,564.81747.96-994.71-85.93744.87-892.53-418.5436.19-91.27905.07*/++-//+*
-66.93/32.11--75.5--70.62/-882.11+769.5/757.71*35.72*-461.94*-226.23,-226.23-461.94-757.71769.5-882.11-70.62-75.532.11-66.93/--/+/***
-824.35+-429.95+-649.66--312.34+381.4*599.46--855.09*186.09*747.64--802.54,-802.54747.64186.09-855.09599.46381.4-312.34-649.66-429.95-824.35++-+*-**-
141.15+808.89+182.44--774.67/-627.81+404.52-324.19+29.82*272.26-173.42,173.42272.2629.82324.19404.52-627.81-774.67182.44808.89141.15++-/+-+*-
168.93/-29.67/153.77*797.09--246.89+-680.95/802.25*-608.45/-39.32/134.98,134.98+-608.45802.25-680.95-246.89797.09153.77-29.67168.93//*-+/-//
-25.39+204.69--24.52*540.96--745.57/-328.61/637.31+626.2*-3.62/-523.97,-523.97-3.62626.2637.31-328.61-745.57540.96-24.52204.69-25.39+**-//+*/
954.92/-189.44--259.4/876.61*936.09+810.98*154.84--626.41-620.61/-668.1,-668.1620.61-626.41154.84810.98936.09876.61-259.4-189.44954.92/-+*+*--/
157.01-94.99+192.34/-426.27--211.79--549.47-483.83+-702.93/-318.15*-878.21,-878.21-318.15-702.93483.83-549.47-211.79-426.27192.3494.99157.01-+/---+/*
-881.15+498.22*401.33+-539.4*691.31/-338.03/516.72/-719.32-761.18*219.08,219.08*-719.32516.72-338.03691.31-539.4401.33498.22-881.15+*+*///-*
351.11--93.6*-0.89+490.18+-897.26*-207.08/987.1--180.61*-182.94*190.87,190.87-182.94-180.61987.1-207.08-897.26490.18-0.89-93.6351.11-*+++/-**
788.37+908.49/-767.76*-517.11*-218.41/-92.42+584.0+-889.52+737.48--43.35,-43.35737.48-889.52584.0-92.42-218.41-517.11-767.76908.49788.37+/**/+++-
488.22/367.43/-607.53--635.23/-878.7+192.18--803.3/-363.88+335.5*919.51,919.51335.5-363.88-803.3+-878.7-635.23-607.53+488.22//-/+-/+*
869.23-284.72/239.33+875.72*497.72+210.65--936.77+889.94+-695.89--188.7,-188.7-695.89889.94-936.77210.65497.72875.72239.33284.72869.23-/+++-++-
98.7+852.24*986.4/-25.13+-17.45*124.54*-711.13+946.06-941.38-528.69,528.69941.38/-711.13124.54-17.45-25.13986.4852.2498.7+*/+**+--
816.28*312.45/906.53+-127.21+-487.31*-735.73*280.64--671.32--519.8*-572.68,-572.68-519.8-671.32280.64-735.73-487.31-127.21906.53312.45816.28*/++**---
-48.98/-180.91/490.59/402.66*-776.88*336.05-267.96/281.38/-150.18--926.59,*-150.18281.38267.96336.05-776.88402.66/-180.91-48.98///**-//-
766.03/227.66*594.11/870.84-443.53*397.58--67.49*736.04*135.75-913.92,913.92135.75736.04-67.49397.58443.53870.84594.11-766.03/*/-*-**-
812.83/-358.95*156.19+539.57*70.74+658.16*-637.0+978.13/61.56+913.61,913.6161.56978.13-637.0658.1670.74539.57156.19-358.95812.83/*+*+*+/+
201.4+323.58*628.2-65.14/-254.95*197.23+990.96*465.48+-994.36/612.72,--994.36465.48990.96197.23-254.9565.14628.2323.58201.4+*-/*+*+/
984.88+711.52+-373.52--617.39+123.35--23.7*-115.36*-431.51*878.59+778.26,778.26878.59-431.51+-23.7123.35-617.39-373.52711.52984.88++-+-***+
322.01/-978.73/-886.49/-43.01-218.75+689.23*-654.3*-687.18/-893.5/-268.45,-268.45-893.5-687.18+689.23218.75-43.01-886.49-978.73*///-+**//
-72.97*48.98--347.16-242.75--626.12*-696.28/-288.8*410.06/-146.36*-287.2,-287.2-146.36410.06-288.8*-626.12242.75-347.1648.98-72.97*---*/*/*
651.77-597.0*-445.11+-433.93*504.88+694.43--214.11-453.02*-498.77*-939.12,-939.12-498.77453.02-214.11694.43-+-445.11597.0651.77-*+*+--**
5.36*995.34-874.53+140.12+71.03+254.73+774.61/-274.79--119.97--432.69,-432.69--274.79774.61254.7371.03140.12874.53995.345.36--++++/--
-935.55+-262.35-782.26*348.68*-993.24--647.64--539.75--115.58-929.61/-962.88,-962.88929.61-115.58/-647.64-993.24348.68782.26-262.35-935.55+-**----/
-614.56-807.02+754.21/762.12-783.97-288.93/-608.36-462.37-754.98/207.97,207.97754.98462.37-608.36288.93783.97762.12754.21807.02-614.56-+/+-/--/
120.7*-891.76/39.22*154.09*505.78/-133.58*752.73*-801.14-33.77/875.17,875.1733.77-801.14752.73-133.58505.78154.0939.22-891.76120.7*/**/**-/
564.01*690.49/-917.09--480.82-400.31/-600.37/-692.78*561.71+724.6*314.64,314.64724.6561.71-692.78-600.37400.31-480.82-917.09690.49564.01*/--//++*
934.43*967.64/-589.66*-563.46*-389.56/-290.7+-679.32+444.02/353.22+-257.4,-257.4353.22444.02-679.32-290.7-389.56-563.46-589.66967.64934.43*/**/+//+
-153.84+-918.21-872.3*-59.71/661.72/-906.47/-743.47*795.69+62.13--587.58,-587.5862.13795.69-743.47-661.72-59.71872.3-918.21-153.84+-*///*+/
-676.3+637.83+-866.14+770.11-866.55/943.86*392.14--222.37-74.98*242.1,+74.98-222.37392.14943.86866.55770.11-866.14637.83-676.3+++-/*---
457.24/293.08+375.19+555.38/287.52--417.13/484.91/-163.11+-451.91/441.41,441.41-451.91-163.11*-417.13-555.38375.19293.08457.24/++/-//+/
494.9-110.84+-638.26+383.52--148.23+-12.98--26.46-361.26/-707.11--912.33,-912.33-707.11361.26-26.46-12.98-148.23383.52-638.26110.84494.9-++-+--/-
-593.74+-932.9/-193.6-150.98--642.54--792.31-894.53*-763.12*-258.25*-335.5,-335.5-258.25-763.12894.53-792.31-642.54150.98*-932.9-593.74+/----**/
493.62+-826.25+-526.18-988.48*804.61+-813.3+-154.87*-634.2*-816.42/738.19,738.19-816.42-634.2/-813.3804.61988.48-526.18-826.25493.62++-*++**/
-846.88--214.97+-494.67*-399.62+-553.92/-488.74*534.26+251.25+-257.42/-250.44,-250.44-257.42251.25534.26-488.74-553.92-399.62-494.67-214.97-846.88-+*+/*++/
828.88-181.49*-894.38/364.12--759.33/-83.84*-975.5+-526.6*364.42/178.98,178.98364.42-526.6-975.5-83.84-759.33364.12-894.38181.49828.88-*/-/*+*/
449.26*396.3+604.05*451.83--521.81+69.02/-739.98*-558.25--508.94+-4.35,-4.35-508.94-558.25-739.9869.02-521.81451.83604.05396.3449.26*+*-+/*-+
923.7-25.98*-118.47-401.16+366.79-313.85/-342.05+891.59*410.07*-870.72,-870.72410.07891.59+313.85366.79401.16-118.4725.98923.7-*-+-/+**
-685.01+-421.28-726.23/684.15+895.3/734.58-256.2/273.53*-696.37/588.41,--696.37273.53256.2734.58895.3684.15726.23-421.28-685.01+-/-/-/*/
105.8+-681.77*567.56+-29.7/-793.45+-583.53/229.73+721.59+536.94+642.61,642.61536.94721.59229.73-583.53-793.45-29.7567.56-105.8+*+/+/+++
406.61/805.21+442.75/694.95/-374.94+-733.99*-954.11--211.83--375.97*-458.39,-458.39-375.97-211.83-954.11-733.99-374.94694.95442.75805.21406.61/+//+*--*
110.84*-146.96*375.64*776.59+-263.42*625.64+793.33*-274.24+785.65+-184.16,-184.16785.65*793.33625.64-263.42776.59*-146.96110.84***+*+*++
266.48/424.37/830.72*211.68/-342.12*-77.41+202.3/-702.21+-489.04/-933.24,-933.24-489.04-702.21202.3-77.41-342.12/830.72424.37266.48//*/*+/+/
776.31-523.21--43.23-95.47*-833.93*13.19--141.28-822.93*69.44/-978.62,-978.6269.44822.93-141.2813.19-833.9395.47-43.23+776.31--/**--*/
-412.25/-959.42-949.56+425.84+892.46--288.02/574.0--24.27+-111.44--108.86,-108.86-111.44-24.27574.0-288.02-425.84949.56-959.42-412.25/-++-/-+-
-978.38/-296.6+133.28*-576.54/-37.07/-717.17+172.79+630.17-869.33+-963.25,-963.25869.33630.17172.79-717.17-37.07-576.54133.28-296.6-978.38/+*+/++-+
689.68/37.87*-302.04*137.7--113.19*179.21+377.62/-521.54*-772.32*-930.22,-930.22-772.32-377.62179.21-113.19--302.0437.87689.68/**-*+/**
170.85*-616.0--389.27/496.94-86.04+428.04/-338.04*-925.58*-432.09/20.7,20.7-432.09-925.58-338.04428.0486.04496.94-389.27-616.0170.85/-/-+/**/
-862.26+537.08-356.73--191.08*619.07/-785.24/388.41/532.55*-339.45*824.42,824.42-339.45532.55388.41-785.24619.07-191.08356.73537.08-862.26+*-*//***
939.75*-788.11/-955.43+-406.55+733.42+979.06--359.72--581.68/-217.14/-463.67,-463.67-217.14-581.68-359.72979.06/-406.55-955.43-788.11939.75*/+++--//
306.95-746.33*265.68--880.09/-644.08+486.17--489.27*934.44+303.83/398.23,398.23303.83/-486.17-644.08-880.09265.68746.33306.95-*-/+-*+/
-98.98*-207.91-965.81/-201.5*-650.04-323.65*165.97/578.92/180.22/-62.34,-62.34180.22578.92165.97323.65-650.04-201.5965.81-207.91-98.98*-/*-*///
148.55*653.99/320.09/754.81--530.15+-612.84-421.79-553.05+-984.64-122.94,122.94-984.64553.05421.79-612.84-530.15754.81320.09653.99148.55*//-+--+-
-87.17--306.97/-997.35+213.83*-465.9+-94.42*900.59--876.24/-968.73+-131.39,-131.39-968.73-876.24900.59-94.42-465.9213.83-997.35-306.97-87.17//+*+*-/+
-683.98*500.35--387.69+783.76+-545.61/-645.42-604.6--330.59+885.45-306.09,306.09*-330.59604.6-645.42-545.61783.76-387.69500.35/*-++/--+-
770.08/962.23*144.82*-507.96*168.91*-702.76--0.27*682.21+-350.43/117.31,117.31-350.43682.21-0.27-702.76168.91-507.96144.82962.23770.08/****-*+/
437.77+-66.55*-496.95/640.66--780.34-231.99--786.43/490.79+319.41+628.07,628.07319.41490.79-786.43/-780.34640.66-496.95-66.55437.77+*/---/++
856.77+83.35+-548.73+475.87+14.98*-607.42*-628.94+-870.23*-163.58-324.79,+-163.58-870.23-628.94-607.4214.98475.87-548.7383.35856.77++++**+*-
561.75+204.7+-120.95/454.52-366.84/259.63/-601.42+62.73*-369.59/11.53,11.53-369.5962.73-601.42259.63366.84454.52-120.95204.7561.75++/-//+*/
-415.79/-157.55*-861.89+-490.06+-386.58/-584.73/623.32*565.73+-543.68+74.15,74.15-543.68565.73623.32-584.73-386.58-490.06-861.89-157.55-415.79/*++*/*++
81.92--142.53*407.08*977.95*255.07*798.19*311.26+433.0/681.65+-856.58,-856.58681.65433.0311.26798.19255.07977.95407.08-142.5381.92-*****+/+
-971.49/-413.89--507.51*908.86/267.73--99.71*-629.49*-740.89/609.4/374.87,374.87609.4-740.89-629.49-99.71+908.86-507.51-413.89-971.49/-*/-**//
-487.51+-759.28*-48.61/928.0-422.11-934.44/-331.91+-887.0+-242.76*-107.29,-107.29-242.76-887.0-331.91934.44/928.0-48.61-759.28-487.51+*/--/++*
-455.62-587.9/371.82-365.72+557.02/-366.44/-131.97+-231.15/-93.17*-772.54,-772.54-93.17-231.15-131.97-366.44557.02365.72371.82587.9-455.62-/-+//+/*
962.03*-404.24-511.84*-539.71+-972.42*514.51*-994.64*744.09*-488.04*813.13,813.13-488.04744.09-994.64514.51-972.42-539.71511.84+962.03*-*+*****
-516.03--383.71/710.56/766.66/423.29*-621.25*461.03+-521.37-981.05*29.53,29.53981.05-521.37461.03-621.25423.29766.66710.56-383.71-516.03-///**+-*
422.34+612.24*-400.89+193.04--447.23--765.77+-28.42*-816.41+749.12-390.55,390.55749.12-816.41-28.42--447.23+-400.89612.24422.34+*+--+*+-
-341.5/-569.57+-148.49*8.2--705.79+-105.48--82.47-186.36/766.57/-998.99,-998.99766.57186.36-82.47-105.48-705.798.2-148.49-569.57-341.5/+*-+--/-
259.49-106.12*-838.88+83.17--776.9*-671.22+830.31-580.32/-8.42/363.23,363.23-8.42580.32830.31-671.22-776.983.17-838.88106.12259.49**+-*+-//
256.23+279.39/-699.33/-985.28+-364.26*907.91+797.42--752.87+-733.54/795.54,795.54-733.54-752.87797.42907.91-364.26-985.28-699.33279.39256.23+//+*+-+/
-65.29-467.07*380.46*-525.18*897.91+289.01*10.96/-936.4*-120.96+-984.47,-984.47-120.96*10.96289.01897.91-525.18380.46467.07-65.29-***+*/*+
-212.99+-430.57+-601.35+-444.91/-412.16*-622.15-561.11--682.55/205.58/-775.64,-775.64205.58-682.55561.11-622.15-412.16-444.91-601.35-430.57-212.99+++/*--//
916.16+401.05/-541.97/-476.99*622.93+-288.06/336.81*-118.51/212.78-4.99,4.99212.78-118.51336.81-288.06622.93-476.99-541.97401.05916.16*//*+/*/-
23.99/-226.13-292.19*-845.57*-732.83/-988.14--903.28/-524.32/163.75+387.83,387.83163.75-524.32-903.28-988.14-732.83-845.57292.19-226.1323.99/-**/-//+
292.4/647.79+-366.67+-85.5*901.53--950.31*-720.84*917.57/42.53+-512.87,-512.8742.53917.57*-950.31901.53-85.5-366.67647.79292.4/++*-**/+
968.38*-252.39+-894.71*-407.07+-536.89/-634.65-530.56/-993.95/-229.85*-368.25,-368.25-229.85-993.95530.56-634.65-536.89-407.07-894.71-252.39968.38*+*+/-//*
393.62--242.94-859.37*55.22/9.71*120.25-988.67*-247.86+376.22/-281.72,-281.72376.22-247.86988.67120.259.7155.22859.37-242.94393.62--+/*-*+/
-787.58/804.42--34.85/-467.54*590.72/-26.57--476.8/278.04+851.19-369.33,369.33851.19278.04-476.8+590.72-467.54-34.85804.42-787.58/-/*/-/+-
-753.31+360.59-981.47+-160.29+846.24+526.79+384.54*250.58*716.95*579.84,579.84716.95250.58384.54+846.24-160.29981.47360.59-753.31+-++++***
384.28-836.48*-567.76/328.63--626.02+-695.65-27.05/-394.44*-886.12--193.28,-193.28-886.12-394.4427.05-695.65-626.02328.63-567.76836.48384.28-*/-+-/*-
-180.17--673.11/456.25*986.51/-744.44/294.92+928.67+228.48/451.07*-701.56,-701.56451.07228.48928.67294.92-744.44986.51456.25-673.11-180.17-/*//++/*
-280.02-544.34/-171.22*520.5-700.58*432.01*-766.81+634.53/-767.7+-292.77,+-767.7634.53-766.81432.01700.58520.5-171.22544.34-280.02-/*-**+/+
-414.92/-150.92-86.18/451.05+-654.39-847.32/578.01*-787.7--270.05*-796.71,-796.71*-787.7578.01847.32-654.39451.0586.18-150.92-414.92/-/+-/*-*
-619.7+252.12*-582.05*-998.68*372.18*225.82/-635.03+173.9/588.99-803.39,803.39588.99173.9-635.03225.82372.18-998.68-582.05252.12-619.7+****/+/-
-181.51+-796.13--154.88/-804.29+212.64-117.52+-751.66*102.46*-673.44*-358.56,-358.56-673.44102.46-751.66117.52212.64-804.29-154.88-796.13-181.51+-/+-+*/*
237.7+871.28+185.94+-620.91+907.8--968.18-879.08/-945.71/416.48+901.9,901.9416.48-945.71879.08*907.8-620.91185.94871.28237.7++++--//+
63.42--720.64*629.5*-84.23+-87.47-874.34--463.62/80.6*581.72/-198.87,-198.87581.7280.6-463.62874.34/-84.23629.5-720.6463.42-**+--/*/
-624.38+-297.12--576.95/-238.13-444.58*564.38*506.71/370.3+657.26-698.82,698.82657.26370.3506.71564.38444.58-+-297.12-624.38+-/-**/+-
-321.03+191.18-959.66+-322.42*253.65-724.67+-601.91+665.43+-856.24/739.6,739.6-856.24665.43-601.91724.67253.65-322.42959.66191.18-321.03+-+*-+++/
-725.32*372.76*-574.84*-435.27--371.18--344.31+604.99*-876.37/814.47--338.55,-338.55814.47-876.37604.99-344.31-371.18-435.27-574.84372.76-725.32***--+*/-
-456.18-92.7-402.47+-786.54+265.91/-495.37*500.96--925.39--796.0*-491.77,-491.77-796.0-925.39500.96-495.37265.91-786.54402.47--456.18--++/*--*
290.16-161.7/736.27+-263.03*-875.7*654.24--467.48*916.7*-883.33/-53.46,-53.46-883.33916.7-467.48654.24-875.7-263.03736.27161.7+-/+**-**/
-16.71/-728.25/-226.04*-593.04+-680.13*656.08/-956.96+-543.92*903.9*273.04,273.04903.9-543.92-956.96656.08*-593.04-226.04-728.25-16.71//*+*/+/*
-181.87*85.34*709.57/-113.48-98.18--48.38*-134.1+113.13/-97.25-580.56,580.56-97.25113.13-134.1-48.3898.18-113.48709.5785.34-181.87**/--*+/-
-482.91-163.81-304.46+242.08/566.61/-734.41*10.33/952.86+-55.76--878.87,-878.87-55.76952.8610.33-734.41+242.08304.46163.81-482.91--+//*/+-
635.47-122.93*469.16*-526.49*577.99/-818.25+284.33/916.52+-541.77--608.6,-608.6-541.77916.52284.33-818.25/-526.49469.16122.93635.47-***/+/+-
838.17*-687.14+-583.34+794.51/-979.7*562.48+237.01+203.74+665.16-742.61,742.61665.16203.74237.01562.48-979.7794.51-583.34-687.14838.17/++/*+++-
721.3--351.87+-357.14/955.97+24.69/900.74+855.17+-973.21/768.37*-773.33,-773.33768.37-973.21855.17+24.69955.97-357.14-351.87721.3-+/+/++/*
-656.8*-26.11+-676.12*909.63+-331.57+-691.62/-876.05-289.62/461.15*-948.82,-948.82461.15289.62-876.05-691.62-331.57--676.12-26.11-656.8*+*++/-+*
-619.63+-268.32/-127.79*-251.26-659.84+715.08*-936.92-913.74+220.42--22.51,-22.51220.42913.74-936.92715.08659.84-251.26-127.79-268.32*+/*-+*-+-
712.69+-321.47*209.64/749.65/-233.57*436.76*-101.19*791.35/108.13+848.84,848.84108.13791.35-101.19436.76-233.57749.65209.64-321.47712.69+*//***/+
-250.05*741.41+-82.31+504.0*713.49*-845.93*-169.21*-493.85-265.78+208.67,208.67265.78-493.85-169.21-845.93713.49504.0-82.31741.41-250.05*++***+-+
108.04*777.38--394.37*669.97+-464.26+-448.78--974.52*-364.05-278.12*654.5,654.5278.12-364.05-974.52-448.78-464.26669.97-394.37777.38108.04*--++---*
94.6*-19.08+-808.75/568.14*167.83+-329.85--643.03+890.0--951.77--546.15,-546.15-951.77890.0-643.03-329.85167.83568.14-808.75-19.0894.6*+/*+-+--
921.52*510.96+-240.94--521.32*252.91*9.29--4.21--389.88+-853.04/409.78,409.78-853.04-389.88-4.219.29252.91-521.32-240.94510.96921.52*+-**--+-
-146.34/-776.04--200.6+699.81+-608.22*-976.39*845.57*-733.28+118.18/-648.14,-648.14118.18-733.28845.57-976.39-608.22699.81-200.6*-146.34/-++***+/
-190.75*909.03*-972.72-550.58/-446.72/331.93+846.63*702.06--564.89*1.17,1.17-564.89702.06846.63331.93-446.72550.58-972.72909.03-**--/+*-*
-252.02+352.29/-622.63*-734.82-226.98--447.83+321.65+-247.01/767.97--871.67,-871.67767.97-247.01321.65-447.83226.98-734.82-622.63352.29-252.02+/*--++/-
802.1/-575.67-901.37+-15.39*108.39/343.04/-714.26+-866.38+703.99*983.37,983.37703.99-866.38-714.26343.04108.39-15.39901.37-575.67802.1/-+*//+**
837.37--397.9--13.27/-549.58--850.87/318.97/-280.24*-428.13--700.14/611.73,*-700.14-428.13-280.24318.97-850.87-549.58-13.27-397.9/--/-//*-/
678.41+-799.38*-470.2-117.89+-227.79-659.62/-414.02*-48.23/-778.44*230.88,230.88-778.44-48.23/659.62-227.79117.89-470.2-799.38678.41+*-+-/+/*
-310.96+263.82/-538.32+-821.83/391.8/552.73+-463.67*-501.59+-484.87-117.3,117.3-484.87-501.59-463.67552.73391.8-821.83-538.32263.82-310.96+/+//+*+-
-176.11+-732.27/637.21*-352.0+621.59*817.34*752.95+83.35+681.24+592.97,592.97681.2483.35752.95817.34621.59-352.0637.21-732.27-176.11+/*+-*+++
170.55+-994.95*-44.44*232.96+694.61/463.29/-674.06/-50.94--761.72-219.1,219.1-761.72-50.94*463.29694.61232.96-44.44-994.95170.55+**+///--
-825.87-473.57+-993.05-746.94+-808.48*-422.18-938.83--24.17/-843.13/-203.98,-203.98-843.13-24.17938.83-422.18-746.94-993.05473.57-825.87-+-+*--//
709.19*848.66-537.02-625.21-135.44-458.29/-589.99/323.24*679.54-60.37,60.37679.54323.24-589.99458.29135.44625.21537.02*709.19*----//*-
-223.54*-292.83*-934.59*83.38+-618.22*728.63*-130.53/-11.34--878.45+920.68,920.68-878.45-11.34-130.53728.63-618.2283.38-934.59-292.83-223.54***+**/-+
-529.06*-449.31/-817.19/-219.31*-982.82/-308.01/397.17+207.4/-818.07--480.45,-480.45-818.07207.4/-308.01-982.82-219.31-817.19-449.31-529.06*//*//+/-
351.06*-693.39+-455.24--895.29--623.57/-356.42-692.67/-525.06--722.0/670.91,670.91-722.0-525.06692.67-356.42-623.57+-455.24-693.39351.06*+--/-*-/
-831.55--397.31-727.87+176.15*168.95*-163.91+-134.54-695.66/-313.88/433.15,433.15-313.88695.66-134.54-163.91-176.15727.87-397.31-831.55--+**+-//
238.43/-317.06*-254.15/-431.45/-758.2-360.63+-135.34/114.72-854.55-930.64,930.64854.55114.72-135.34360.63-758.2-431.45-254.15-317.06+/*//-+/--
-697.27+-296.49*-104.87*-167.82/-715.82/-609.21-114.49+-990.89-775.17/-596.58,-596.58775.17-990.89114.49-609.21-715.82-167.82-104.87-296.49-697.27+**//-+-/
27.09/384.23+-41.44-30.5/200.28*-201.21-594.44/610.42/85.84*-691.84,-691.8485.84610.42594.44-201.21200.2830.5-41.44384.2327.09/+-/*-/**
11.32+-739.04*-738.71*617.92+315.57*199.32/-566.67+-109.27/951.41/-508.56,-508.56951.41-109.27-566.67199.32315.57617.92-738.71-739.0411.32+**+*/+-/
674.73+-429.8/-57.18*257.24--88.87-169.88*363.13/-227.79+-713.85-352.35,352.35-713.85-227.79363.13169.88-88.87257.24-57.18-429.8674.73+/*--*/+-
235.21*465.79/-100.27--112.42+112.99--112.07--864.31-469.89+23.56+477.05,477.05*469.89-864.31-112.07112.99-112.42-100.27465.79235.21*/-+---++
-439.74+-309.16--657.54+-602.99+958.84*-498.94--873.89+-48.9*901.08/311.05,311.05901.08-48.9-873.89-498.94958.84+-657.54-309.16-439.74+-++*-+*/
-102.88-805.97*231.13*824.69+-247.78/-236.93-391.46/306.35*-79.41*-799.41,-799.41-79.41306.35391.46-236.93-247.78824.69231.13805.97-102.88-**+/-/**
-763.65+-633.74*-866.78+215.77+-386.52--265.12/749.82-645.9/105.03--51.9,-51.9105.03645.9749.82-265.12-386.52215.77*-633.74-763.65+*++-/-/-
-579.16*478.54*519.73*-949.26+158.37+-735.71+-51.08*83.43/-997.99+-770.76,-770.76-997.9983.43-51.08-735.71158.37-949.26519.73478.54-579.16***-++*/+
268.54*-242.29+-711.05/-376.93*675.09*-878.44*-973.64-362.83-149.76/291.53,291.53149.76362.83-973.64-878.44675.09-376.93-711.05-242.29268.54*+/***+-/
-535.59+-437.21-666.08/-214.25*434.05/-831.92/562.69+-866.1/-513.66--377.22,/-513.66-866.1562.69-831.92434.05-214.25666.08-437.21-535.59+-/*//+/-
-507.37/-369.72*-22.41-354.68+-238.19+-935.09--452.58+17.01-583.29*-772.63,-772.63583.2917.01-452.58-935.09-238.19354.68-22.41-369.72-507.37/*-++-+-*
-238.09*642.24/-645.1--382.48/-697.24-435.78+-847.13-544.88*810.31+100.53,100.53810.31544.88-847.13--697.24-382.48-645.1642.24-238.09*/-/-+-*+
9.42--443.87*-850.88/624.07+2.14--256.17/153.01*-509.82+-911.58--550.53,-550.53-911.58-509.82153.01-256.172.14624.07-850.88-443.879.42-*/+-/*+-
338.26/-902.3*606.23/935.75+295.33/499.8*-301.94-850.39/-262.27*-836.42,-836.42-262.27850.39-301.94499.8295.33935.75606.23-902.3338.26/*/+/*-/*
-216.47/-672.83/-823.19/471.17*83.36*346.21*-368.39--934.16/448.65*-684.09,-684.09448.65*-368.39346.2183.36471.17-823.19-672.83-216.47///***-/*
831.87+-655.12*-624.6/714.82+-817.04--0.18*83.16--375.23+-983.88--835.44,-835.44-983.88-375.2383.16-0.18-817.04714.82-624.6-655.12831.87+*/+-/-+-
-677.23/-897.21+-465.41-605.42*681.54/-311.88/-933.43+-698.71+-836.92+702.81,702.81-836.92-698.71-933.43-311.88681.54605.42-465.41-897.21-677.23/+-*//+++
-302.88/114.38*-698.39/198.08-554.81*-521.77--439.8/177.41*-534.33/6.09,6.09-534.33177.41--521.77554.81198.08-698.39114.38-302.88/*/-*-/*/
-757.02--124.24--159.63-914.33*-354.73/-646.56*182.69--938.37/-834.04/-782.77,-782.77-834.04-938.37182.69-646.56-914.33/-124.24-757.02---*/*-//
64.72/-247.8/161.6/413.97*553.98*-666.42+385.83/-244.92*-19.14-117.67,117.67-19.14-244.92+-666.42553.98413.97161.6-247.864.72///**+/*-
-558.8*-717.33/318.81/-668.9+20.5+-567.46/-972.3+-705.08/-562.82+411.11,411.11-562.82*-972.3-567.4620.5-668.9318.81-717.33-558.8*//++/+/+
-924.35*-542.94--312.86*558.85--376.85+799.17--78.28+-427.07*-375.09*-99.4,-99.4-375.09-427.07-78.28799.17-376.85558.85-312.86-542.94-924.35*-*-+-+**
-173.73--389.34*-877.01/25.14+649.55-915.21*-483.89+392.32-486.79/-503.31,-503.31486.79392.32-483.89915.21649.5525.14-877.01-389.34*-*/+-*+-/
-789.97/-358.58+-320.77/712.13+684.51*5.55/690.64+763.18/467.73*-780.73,-780.73467.73763.18690.645.55684.51712.13-320.77-358.58-/+/+*/+**
90.53--37.8--345.41*-206.67+-745.34/-314.18+-781.19/-15.12+337.55*813.77,813.77337.55-15.12-781.19-314.18-745.34-206.67-345.41-37.890.53--*+/+/+*
803.37+294.22/982.56--834.47/5.28/-976.92+-952.74/-729.71+-523.59+-272.45,-272.45-523.59-729.71-952.74-976.925.28-834.47982.56294.22803.37+/-//+/++
-431.14/441.48+-992.08+-603.23+581.39--20.64*-792.5+-38.98*-112.85*213.43,213.43-112.85-38.98-792.5-20.64581.39*-992.08441.48-431.14/+/+-*+**
369.5*-531.47+-35.59*-299.73/-18.36/-366.15/-796.16+-873.85+518.96-237.87,237.87/-873.85-796.16-366.15-18.36-299.73-35.59-531.47369.5*+*/+/++-
-630.33+597.34-416.63*256.7+-376.23+-706.91+644.79--562.0+-433.35--519.02,-519.02-433.35-562.0644.79-706.91-376.23-416.63597.34-630.33++*+++-+-
-449.91/-930.68/216.34+12.98/244.47-172.84--496.12/-870.07*297.76+466.23,466.23297.76-870.07-496.12172.84244.4712.98216.34-930.68-449.91//-/--/*+
194.18*889.49/303.38+-221.19+-436.61+656.56+-648.66/92.85/-643.9/-385.6,-385.6-643.992.85-648.66/-436.61-221.19303.38889.49194.18*+++++///
-765.34+744.48--631.07*-555.54-567.19/950.56-162.59-641.42+399.37*335.25,+399.37641.42162.59950.56567.19-555.54-631.07744.48-765.34+-*-/--+/
-919.85*-86.98--232.89+-735.51*-803.32+-143.76*-274.72+852.89--824.6*378.7,378.7-824.6852.89-274.72-143.76-803.32-735.51-232.89-86.98-919.85*-+*+*+-*
449.72+-309.05--204.25+684.06+656.83*-499.12+323.52+585.17*-678.17+-338.48,-338.48-678.17585.17323.52-499.12656.83684.06-204.25+449.72+-/+*++*+
-422.58*86.91+-757.93/3.79+-519.15/738.18+-882.16--111.55/-0.09/454.21,454.21-0.09-111.55-882.16738.18-519.153.79-757.9386.91-422.58*+/+/+-//
969.23--861.72+-887.26*-307.49/-448.45/203.24-65.01/751.27/125.21-859.54,859.54125.21*65.01203.24-448.45-307.49-887.26-861.72969.23-+*//+//-
-106.11*-77.23-43.06*-954.21-504.28--740.74--565.45--526.37-353.31/-533.61,-533.61353.31-526.37-565.45-740.74*-43.06-77.23-106.11*-*-----/
-376.81--279.17/-650.37--847.58+-699.06/449.67+-257.67-745.09*-482.27+662.74,662.74-482.27745.09-257.67449.67-699.06-847.58-650.37-279.17-376.81//-+/+-*+
-808.54+-40.95--715.37+-36.0-288.86/-572.41*-991.33/86.21/643.81+845.29,845.29643.8186.21-991.33-572.41288.86-36.0-715.37-40.95-808.54--+-/*//+
656.55--163.15+503.35/496.62/387.28-270.77--250.08*-465.1+120.77*950.75,950.75120.77-465.1-250.08270.77387.28496.62503.35-163.15656.55-+//--*+*
-809.88*-367.0*975.89*-447.63--806.91/628.16/-739.52+529.05-895.48*-217.59,-217.59895.48529.05-739.52628.16-806.91-447.63975.89-367.0-809.88***-//+-*
-51.58-815.65+-136.64+-45.07/523.99--417.57*-454.59-617.36+-996.48+-625.76,-625.76-996.48617.36-454.59*523.99-45.07-136.64815.65-51.58-++/-*-++
-429.61+927.0*952.27*-860.47*736.87-651.19/-531.22*683.59+438.3-157.84,157.84438.3683.59-531.22651.19736.87-860.47952.27927.0-429.61+***-+*+-
553.84/-151.88--426.17+-800.14+-752.79+826.73*-846.51*-624.4/220.51*-34.56,/220.51-624.4-846.51--752.79-800.14-426.17-151.88553.84/-+++**/*
505.1/930.13-212.46/-916.18--529.13/79.18*-30.24--132.03*52.05*190.03,190.0352.05-132.03-30.2479.18-529.13-916.18212.46930.13505.1/-/-/*-**
-503.54*30.91-598.46/-975.92+175.15--983.1--971.73+-425.36+987.94*662.34,662.34987.94-425.36+-983.1175.15-975.92+30.91-503.54*-/+--++*
250.75*-782.06-474.2-82.23+-857.62-204.86*-327.38-221.56+265.93*-516.41,-516.41265.93221.56-327.38204.86-857.6282.23474.2-782.06-*--+-*-+*
-927.75/-343.13-44.38/925.44+250.18/-814.23+-726.25*528.12*241.5/949.75,949.75241.5528.12-726.25-814.23250.18925.44--343.13-927.75/-/+/+*+/
13.16+843.06+-481.88--254.78/617.88+-213.37*-220.26*378.81-270.29*-887.88,-887.88270.29378.81-220.26-213.37617.88-254.78-481.88843.0613.16++-/+**-*
309.06/-406.01/212.35/-948.7--782.24-267.22*-67.58-75.6*-644.67*5.87,5.87/75.6-67.58267.22-782.24-948.7212.35-406.01309.06///--*-*+
-849.0+-821.84/617.84*-221.13--899.27/529.87+-172.97--267.87+219.44-127.45,127.45219.44-267.87-172.97529.87-899.27-221.13617.84-821.84-849.0+/*-/+-+-
161.33--888.0--840.49+717.85+449.8-771.87*152.84+-950.34/796.4-486.08,486.08796.4-950.34152.84771.87449.8717.85-840.49-888.0161.33--+/-*+/*
-495.18-281.07*-847.26/111.61/940.88*314.02*49.12+302.01--618.39/-790.46,-790.46-618.39302.0149.12314.02940.88111.61-847.26281.07-495.18-*//**+-/
-349.44/18.28+180.47/-464.03*-282.93*445.53*569.99*135.77+-764.41+-375.21,-375.21-764.41135.77569.99445.53-282.93-464.03180.4718.28-349.44/+/****++
932.39--663.78/-683.89/879.53+233.28*958.44*361.77*-956.33/879.5+-469.15,-469.15879.5-956.33361.77958.44233.28879.53-683.89-663.78932.39-//+***/+
797.69+-974.77/-214.44/481.72--869.78*504.34/-584.71/578.2/-873.19/-291.6,-291.6-873.19578.2-584.71504.34-869.78481.72-214.44-974.77797.69+//-*////
852.64--942.09*-20.14/849.33-921.05/-733.39+901.85-774.44*988.1/-744.48,/988.1774.44901.85-733.39921.05849.33-20.14-942.09+-*/-/+-*/
653.66*64.04*737.87*583.9--458.35/263.23*-223.25+635.1-291.1*-919.63,-919.63291.1635.1-223.25263.23-458.35583.9737.8764.04653.66***-/*+-*
848.81+125.89+-59.77+781.24+-910.81+182.05/134.75*-630.62--896.33--457.73,-457.73-896.33-630.62134.75182.05-910.81781.24-59.77125.89848.81+-+++/*--
-26.88/-897.47+-386.81*-304.6/485.99/511.02/969.11/-276.19*119.46/872.6,872.6119.46-276.19969.11511.02485.99*-386.81-897.47-26.88/+*////*/
-476.35+-978.55*773.99/-233.96*767.91+-532.09+-362.19*927.41/-485.94-414.33,414.33-485.94927.41-362.19-532.09767.91-233.96773.99-978.55/+*/*++*/-
-999.81*-655.88+-790.39/-905.99+875.28*256.41/578.92-582.53/598.86-842.2,842.2598.86582.53578.92256.41875.28-905.99-790.39-655.88**+/+*/-/-
-409.67/-4.86+-528.11*-77.23*-135.02/532.19/817.72*534.12-767.34*-157.93,-157.93767.34534.12/532.19-135.02-77.23-528.11-4.86-409.67/+**//*-*
-832.72+860.18-125.53/-579.43-502.35-402.76/535.85-459.83+-188.63/335.49,335.49-188.63459.83535.85402.76502.35*125.53860.18-832.72+-/--/-+/
-948.43+865.28+742.21*-719.02*519.22--148.96+-145.91-144.5--37.68/-72.04,-72.04-37.68144.5-145.91-148.96519.22-719.02742.21865.28-948.43++**-+/-/
898.61+532.09*-132.43/389.79/350.05/346.52/519.1+-79.26*-981.19--610.39,-610.39-981.19-79.26519.1346.52350.05389.79-132.43532.09898.61+*////+*-
-800.54-80.33+-78.22/639.42*-564.9*452.99+-646.31*473.81*805.6--202.12,-202.12805.6473.81-646.31452.99-564.9639.42-78.2280.33-800.54-+/**+**-
-850.63*-939.38+-925.25--931.37/862.6*311.31+580.26+803.43-38.79/-729.56,+38.79803.43580.26311.31862.6-931.37-925.25-939.38-850.63*+-/*++-/
996.15+197.22+-570.94/615.38/-72.93+969.57+-871.74+-10.13+377.33+781.37,781.37377.33-10.13-871.74969.57-72.93615.38-570.94197.22996.15++//+-+++
875.1/414.37/-553.3*-464.5+29.54*-308.13/-271.32+681.28*-58.74/582.82,582.82-58.74/-271.32-308.1329.54-464.5-553.3414.37875.1//*+*/+*/
-217.11*737.08/246.68+454.23+-268.28-282.77+423.12-259.94/-774.68*-601.68,-601.68-774.68259.94423.12*-268.28454.23246.68--217.11*/++-+-/*
249.26*838.67/352.61*-503.01/195.9/282.01--767.54/-225.68/-869.32*735.29,735.29-869.32-225.68-767.54282.01195.9-503.01352.61838.67249.26***//+//*
862.93--704.25/-224.23/-551.14*707.64+941.92--351.7/604.6--542.72*-609.08,-609.08-542.72604.6*941.92707.64-551.14--704.25862.93-//*+-/-*
322.97+494.97*-761.53/547.53+245.7--403.01-802.54/-726.36/-316.29*829.78,829.78-316.29-726.36802.54-403.01245.7547.53-761.53494.97322.97+*/+--//*
-949.69--557.56+709.89*-758.78/441.73/469.92-511.7+-648.1+-798.05*261.86,261.86-798.05-648.1511.7469.92441.73-758.78709.89-557.56-949.69-+*//-++*
373.68+-299.31-333.85-259.81/-777.87*458.05+-387.9/465.71/-418.26*-795.79,-795.79-418.26*-387.9458.05-777.87259.81333.85-299.31373.68+--/*+//-
-715.07*-7.26+-125.6/923.75+902.03+-960.55--778.22/653.91-28.07+698.25,698.2528.07653.91-778.22-960.55902.03923.75-125.6-7.26-715.07**/++-/-+
-603.47+-922.21-644.99+-139.09+-133.69+-400.13*-189.49*-920.31*-727.36+502.91,502.91-727.36-920.31-189.49-400.13-133.69-139.09644.99-922.21-603.47+-+++***+
841.38+38.63--78.83--909.58/-992.52/-137.67/-770.39-879.9*-112.77*-601.7,-601.7-112.77879.9-770.39-137.67-992.52-909.58-78.8338.63-+--///-**
697.26+-169.17--139.11/116.03/-501.98--673.59*657.93/253.46+-474.83/888.0,888.0-474.83253.46657.93/-501.98116.03-139.11-169.17697.26+-//-*/+/
945.75--289.98+33.72+447.54/850.81+485.63/-89.54+-607.88+-189.21/360.68,360.68-189.21-607.88-89.54485.63850.81447.5433.72-289.98945.75-++/+/*+/
-662.61/822.66/275.23+348.66-580.46/86.08*721.86/643.94+349.75+497.99,497.99349.75643.94721.8686.08580.46348.66275.23822.66-662.61//+-/*/++
107.81-432.45/52.66*-285.36-883.42--394.13*-980.17*26.39+843.78--684.15,-684.15843.7826.39-980.17-394.13883.42*52.66432.45107.81-/*--**+-
995.17*-885.11+-402.51--512.66/244.71-439.69--167.15/315.27-615.06-985.93,985.93615.06315.27-167.15439.69244.71-512.66-402.51-885.11995.17*+-*--/--
-937.36-626.12*531.65+793.68+-626.53/-521.51/-31.44+-747.94+-689.98/614.21,--689.98-747.94-31.44-521.51-626.53793.68531.65626.12-937.36-*++//++/
442.47+-262.7+-492.41--37.42--919.49*-884.16+962.25*723.13*694.91+-847.38,-847.38-723.13962.25-884.16-919.49-37.42-492.41-262.7442.47++--*+**+
-842.29--923.19/892.9-601.13+-230.54+-781.12+80.17*108.66*-611.78/-762.16,-762.16-611.78108.6680.17-781.12-230.54601.13892.9-923.19-842.29---+-+**/
-133.93+-768.56*-433.27*571.31--795.54+225.87/-21.59-68.05--317.85--516.68,-516.68-317.8568.05-21.59225.87-795.54571.31/--133.93+**-+/---
735.15*985.04+398.72-164.85/-901.68/211.99/-439.59/301.89*-600.73/175.11,175.11-600.73301.89-439.59211.99-901.68164.85398.72985.04735.15-+-////*/
-10.47/11.12/-960.59+-573.7/-310.92-932.01+694.76+-126.62+363.83/-408.54,-408.54363.83-126.62694.76932.01-310.92-573.7-960.5911.12-10.47//+/-+++/
716.66+699.38-896.64/-361.35-135.71-816.22*-458.61*887.42*-764.59-155.12,155.12-764.59887.42-458.61816.22135.71-361.35896.64699.38716.66+-/--***-
844.66*742.5+442.57*3.5+537.34+-807.2+300.82--998.32+-70.21+-491.72,-491.72-70.21-998.32--807.2537.343.5442.57742.5844.66*+*+++-+*
311.24*844.24-247.03--515.21*373.01-559.8+227.43--7.75/-627.59*-960.95,-960.95-627.59-7.75227.43559.8373.01/247.03844.24311.24*--*---/*
-951.33+-489.02+748.16*16.8+-927.44+562.6--303.23--420.95+-106.42*986.33,--106.42-420.95-303.23562.6-927.4416.8748.16-489.02-951.33++*++--+*
-118.68/-43.73/171.39+-222.73+-247.92+30.16+-758.3+-158.11+903.12*-145.14,-145.14903.12-158.11-758.330.16-247.92-222.73171.39-43.73-118.68///+++++*
953.86*468.49*-417.77*746.63-941.3/947.95*857.87-458.5*216.42-61.21,61.21216.42458.5857.87947.95941.3746.63-417.77468.49953.86****/*-*-
-493.57/334.03/-161.64+141.31-516.21--858.03+-95.01*-648.28/493.37+303.35,303.35493.37-648.28-95.01-858.03516.21141.31-161.64334.03-493.57+/+--+*/+
-907.85-11.94-976.94--514.55+704.87+767.8-785.52/368.26/780.41*-855.98,-855.98780.41368.26785.52767.8704.87-514.55976.9411.94-907.85---++-//*
777.82--701.43-348.87/-862.79/-462.11/68.57*-147.9/541.45*326.28*448.73,448.73326.28541.45-147.968.57-462.11-862.79348.87-701.43777.82--///****
-291.08*-372.56/524.58*-255.88/5.33*197.81*595.11*560.69*-530.15-583.05,583.05-530.15560.69595.11-5.33-255.88524.58-372.56-291.08*/*/****-
-688.36*666.49-917.5/278.62*-488.3-994.31--503.78*808.34+608.15*749.11,749.11608.15808.34-503.78994.31-488.3278.62917.5666.49-688.36*-/*--*+-
122.94+-507.4-256.21--53.41--733.26*-379.83*-394.25*20.95+86.42-899.21,899.2186.4220.95-394.25-379.83-733.26-53.41256.21-507.4122.94+---***+-
-396.3/963.52*62.0+934.88+333.74-302.95-531.46/-532.18+-425.23*-38.11,-38.11-425.23-532.18531.46302.95333.74934.8862.0963.52-396.3/**+--/+*
-29.59+142.42--568.99--600.74+-809.2*-941.09/-195.11+168.03+-754.22+559.02,559.02-754.22168.03-195.11-941.09-809.2-600.74-568.99142.42-29.59+--+*/+++
243.29*-450.04-977.75*-231.94+55.6+810.24-848.76-708.65+-652.44+831.95,831.95-652.44708.65848.76810.2455.6-231.94977.75-450.04243.29*-*++--++
-685.28/773.42+62.14*-786.81--628.96*-786.23*-952.03+-934.58+-400.01/-988.71,-988.71-400.01-934.58-952.03-786.23-628.96-786.8162.14773.42//+*-**++/
289.71/105.05/-350.82+-63.23*-772.88-556.67+-786.86+-773.52*485.38-851.52,851.52485.38-773.52-786.86556.67-772.88-63.23-350.82105.05289.71*-+*-++*-
603.03-982.11*615.6-885.13+-108.11*198.22--95.66+453.91+-602.22+693.5,693.5-602.22453.91-95.66198.22-108.11885.13615.6982.11603.03-*-+*-++/
-461.68/-57.36/-118.32/133.66-306.17/-387.93/-809.98-919.56/156.1+116.39,116.39*919.56-809.98-387.93306.17133.66-118.32-57.36-461.68+//-//-/+
-143.45/493.34/-86.77-387.8/-362.6+650.87/-4.52-833.87*0.47-873.67,873.670.47*-4.52650.87-362.6387.8-86.77493.34-143.45//*/+/-*-
62.88/-313.85-998.48/105.29-863.6/938.83*616.85*664.12*-693.63/-216.75,-216.75-693.63664.12616.85938.83863.6105.29998.48-313.8562.88/-/-//**/
-808.18-444.87*259.93*537.72*-63.77*448.11-90.11*-758.39-314.32+-337.45,-337.45314.32-758.3990.11448.11-63.77537.72259.93444.87+-****-*-+
-992.52/-330.28*-713.72-825.09+160.77+449.28--949.48/-869.37*-805.62*275.98,275.98-805.62-869.37-949.48449.28160.77825.09-713.72-330.28-992.52/*-++-/**
323.58/729.88*851.4/-91.81/572.43-547.0+278.85*-855.57/-472.04--141.97,--472.04-855.57278.85547.0572.43-91.81851.4729.88323.58/*//-+*/-
401.11*194.6*-725.99+698.61*245.13+-799.57+742.09/478.67+551.5/-372.02,*551.5478.67742.09-799.57245.13698.61-725.99194.6401.11**+*++/+/
152.69-21.61+-180.44*815.02+-897.79*752.75*136.72-135.3+-930.18+509.23,509.23-930.18-136.72752.75-897.79815.02-180.4421.61152.69-+*+*--++
-952.87/-300.92*433.24/36.89/465.01*-483.07/589.31+-61.99+832.43*-559.87,-559.87832.43-61.99589.31-483.07465.0136.89/-300.92-952.87/*//**++*
-241.4+48.57+-328.54-250.56/879.28+432.69/-605.35/484.65--291.36--378.53,-378.53-291.36484.65-605.35432.69879.28250.56-328.5448.57-241.4++-/+//--
-458.87/893.51+987.61*822.49*230.6*-316.37/-594.46*-311.1--662.6*-945.61,-945.61-662.6-311.1-594.46-316.37230.6822.49*893.51-458.87/+***/*-*
712.63/-984.59-865.64-529.95/200.45--24.06/-97.6/984.02*158.19+-503.47,-158.19984.02-97.6-24.06200.45529.95865.64-984.59712.63/--/-//*+
-745.92/-167.56+29.51/-407.76--379.4/60.21*-948.88--769.03+817.35*394.69,394.69817.35-769.03-948.8860.21-379.4-407.7629.51-167.56-745.92/+/-/*-+*
-547.65+483.38--481.99/-142.03--503.28-286.77*155.55+679.1/-19.37+552.98,552.98-19.37679.1155.55286.77/-142.03-481.99483.38-547.65+-*--*+/+
-411.28+325.4--183.67--731.74/-519.25+26.79--997.51*-743.37-446.78+318.77,318.77446.78-743.37-26.79-519.25-731.74-183.67325.4-411.28+--/+-*-+
150.19/-924.84/770.54/-756.9-436.7/-846.85-19.09/668.56+-254.25--952.98,-952.98-254.25668.5619.09-846.85436.7-756.9770.54-924.84150.19///-/-/+-
-630.17+-22.59-706.07-666.83/-532.87--76.84*465.1-36.92-162.08*-219.06,-219.06162.0836.92465.1/-532.87666.83706.07-22.59-630.17+--/-*--*
547.85--609.19*416.41+-43.28*775.12/777.31+-333.96/-357.56/-620.98--230.05,-230.05-620.98-357.56-333.96777.31775.12-43.28416.41-609.19547.85-*+*/+//-
367.28/839.76/-353.0/-810.61-124.3*-949.94*220.09/-23.34+433.67*423.96,423.96433.67-23.34220.09*124.3-810.61-353.0839.76367.28///-**/+*
-336.26--957.95/-207.8*106.41*736.48/-649.06/788.74*-493.36/672.57/-989.99,-989.99672.57-493.36788.74-649.06736.48106.41+-957.95-336.26-/**//*//
-210.87+123.62+171.43+-407.68-0.41/138.34--789.72-238.62+291.72+728.46,728.46291.72238.62-789.72138.340.41*171.43123.62-210.87+++-/--++
25.28/-760.67--878.08/91.16+757.94/760.21--316.07--758.11+-424.9-439.94,439.94/-758.11-316.07760.21757.9491.16-878.08-760.6725.28/-/+/--+-
165.26+143.12*40.08+78.58/404.12/419.66+763.21-225.46/31.42*261.92,261.9231.42225.46763.21419.66*78.5840.08143.12165.26+*+//+-/*
-799.97--105.59/-562.14--303.11/-52.18*498.89/358.74-205.7+287.61/104.96,104.96287.61205.7358.74498.89-52.18-303.11-562.14-105.59-799.97-/-/*/-+/
-305.95+858.83/441.42+-19.06*474.16/-552.27+40.18+-999.68*-205.92*-959.48,-959.48-205.92-999.6840.18-552.27474.16-19.06441.42858.83-305.95+/+*/++**
158.02/-362.19*466.79+-790.8/93.34/-692.32/-668.71/20.42/-36.77-371.5,371.5-36.7720.42-668.71-692.3293.34-790.8/-362.19158.02/*+/////-
-897.42--361.41/494.06-830.45-987.35/-269.07/840.51+-134.51*33.26*-861.06,-861.0633.26-134.51840.51-269.07987.35830.45494.06-361.41-897.42-/--//+*+
162.6*525.97--765.16*-817.77*-532.57+-553.31-357.89+-614.56*-233.46-700.77,700.77-233.46-614.56357.89-553.31-532.57-817.77-765.16525.97162.6*-**+-+*-
362.72*210.7*727.39*523.92--672.05/-672.98+908.17+466.46+-531.94--209.13,-209.13-531.94466.46908.17-672.98-672.05523.92727.39*362.72***-/+++-
437.8/798.49/-826.66+-941.15--720.02+204.7/-236.26*638.37+-760.67/421.14,421.14-760.67638.37-236.26+-720.02-941.15-826.66798.49437.8//+-+/**/
836.22--636.94+-70.52*4.61-26.82+107.99/689.37+-140.93+-562.56+708.36,708.36-562.56-140.93689.37107.9926.824.61-70.52-636.94836.22-+*-+/+++
917.57/-836.01/-48.58--591.0--393.57+860.83+66.42/-228.67/51.82*309.67,309.6751.82-228.67/860.83-393.57-591.0-48.58-836.01917.57//--++//*
766.96+483.17+657.05/923.35+-6.34+-4.76+-956.34+381.75--792.87/17.69,17.69-792.87381.75-956.34-4.76-6.34/657.05483.17766.96++/*+++-/
656.47-956.29+-175.66+-836.79*320.21*-832.83/830.81/224.04+-658.12/375.29,375.29-658.12224.04830.81-832.83320.21-836.79-175.66956.29656.47-++**//+/
805.05+811.35/197.12+93.25+898.6-543.75*-247.05/-619.16/205.65-372.05,372.05205.65-619.16-247.05543.75898.693.25197.12811.35805.05+/++-*//-
576.78*-400.35/786.34/-87.78*34.35*-21.82/-520.75/3.66+630.67/282.7,282.7630.673.66-520.75-21.8234.35-87.78786.34-400.35576.78*//**//+/
-607.01-169.31/-591.5*-6.68*-954.07*836.74/-327.1/-200.6--143.84/-689.4,-689.4-143.84-200.6-327.1836.74-954.07-6.68-591.5169.31-607.01-/***/*-/
-635.39/-170.79+-806.91-494.28+-298.16*-785.84-495.92--346.07*863.41+-19.38,-19.38863.41-346.07*-785.84-298.16494.28-806.91-170.79-635.39/+-+*--*+
959.78+-741.83--749.14--408.93--73.34+-873.76-186.75-145.75+-213.9/-861.76,-861.76-213.9145.75186.75/-73.34-408.93-749.14-741.83959.78+---+--+/
149.34-530.25/296.34+-967.8--850.2+-402.25+-92.2/930.47-112.62+472.63,472.63/930.47-92.2-402.25-850.2-967.8296.34530.25149.34-/+-++/-+
-264.58--96.3+294.32*315.48/-927.27/-759.36/-751.07*-203.8--869.03--633.93,-633.93-869.03-203.8-751.07-759.36-927.27315.48294.32-96.3-264.58-+*///*--
-982.52+90.45*842.46/-151.08+629.95/341.65+-91.16*246.75/381.73/429.45,429.45381.73246.75-91.16341.65629.95-151.08842.4690.45-982.52+*/+/+*//
-340.0--175.31*165.67+-269.59+-498.68--706.63*-764.13+575.82*743.27+726.3,726.3743.27575.82-764.13-706.63-498.68-269.59165.67-175.31-340.0-+++-*+*+
996.35+57.76+534.79/-707.2/-995.68--936.95*-927.9--870.32+47.62/905.91,905.9147.62-870.32-927.9-936.95-995.68-707.2534.7957.76996.35++//-*-+/
231.32+-80.83/-4.45--235.77+649.72+-187.04*667.45/-553.44/160.34*73.39,73.39160.34-553.44667.45-187.04649.72-235.77-4.45-80.83231.32+/-+**//*
994.87*276.37/44.99*234.11-612.85*407.35--433.85*293.46+884.15+-247.99,-247.99884.15293.46-433.85407.35612.85234.11/276.37994.87*/*-+-*++
-179.7+-500.22+142.75/125.0/267.61+-578.48+194.27+-982.15/-535.56*-532.74,-532.74-535.56*194.27-578.48267.61125.0142.75-500.22-179.7++//+++/*
590.34*-845.28*-944.27+96.02-324.41*-366.37*-744.43--263.82/197.76/-212.9,-212.9197.76-263.82-744.43-366.37324.4196.02-944.27-845.28590.34**+-**-//
-247.09+-857.23--888.94/-696.01--755.45*-42.2/-821.99*-37.91*-110.89-314.44,314.44+-37.91-821.99-42.2-755.45--888.94-857.23-247.09+-/-*/**-
-413.65/273.55+933.81-50.07/489.88/497.1/-613.06*232.58/777.28*-297.13,-297.13/232.58-613.06497.1489.8850.07933.81273.55-413.65/+-///*/*
-180.52--618.99--858.12+-294.96--316.41--905.14-507.57-79.41+-856.56*-785.16,-785.16-856.5679.41507.57-905.14-316.41-294.96-858.12-618.99-180.52--+----+*
-381.2*500.01*926.99*916.24*-145.65--109.01*-299.6*640.43/-630.06*-200.71,-200.71-630.06640.43-299.6-109.01-145.65916.24926.99500.01-381.2****-**//
347.3-598.75--201.45-967.55+-158.26/-453.53-572.62+545.58-239.5/-374.44,-374.44239.5545.58572.62-453.53-158.26--201.45598.75347.3---+/-+-/
-398.38*-971.43+303.9+-550.65+243.56*845.96+788.3+556.21+272.74--414.27,-414.27272.74556.21788.3845.96243.56-550.65303.9--398.38++++*+++-
126.65/600.74+32.85+-907.72+759.2/937.08+-573.01/-404.45/503.36*-79.69,-503.36-404.45/937.08759.2-907.7232.85600.74126.65/+++/+//*
-104.7/-292.51*850.33/144.03/-119.41-965.81+683.17/-955.61+-495.63*957.88,957.88-495.63-955.61683.17965.81-119.41144.03850.33-292.51-104.7/*//-+/+*
326.93/-399.98*298.14*-319.66/969.09/-820.1--421.44--139.6-231.77-404.05,404.05231.77-139.6-421.44-820.1969.09-319.66298.14-399.98326.93/**//----
-354.88/-204.54/-20.17-937.31+-331.08*472.24*-335.51*627.75*313.42-352.26,352.26313.42627.75-335.51472.24-331.08937.31-20.17-204.54-354.88//-+*/**-
-166.69*-241.31-665.08+312.53/-12.05+-170.59-722.81/-403.69/483.58+-506.85,-506.85483.58-403.69722.81-170.59-12.05312.53665.08-241.31-166.69/*+/+-//+
-461.15+113.27*-206.15*626.72/-190.5*984.88*961.35+21.74*25.68*915.53,915.5325.6821.74961.35984.88-190.5626.72-206.15113.27-461.15+*+/**+**
779.18*-472.83--39.29--71.82*79.76--95.51/651.38*834.35/-771.52+983.79,983.79-771.52834.35651.38-95.5179.76-71.82-39.29-472.83779.18*--*-/*/+
148.95/985.03/36.9+283.31+-523.32+657.8*-921.72*223.88*-927.26+-728.61,-728.61-927.26223.88-921.72657.8-523.32283.3136.9985.03148.95//+++***+
853.71/514.73+688.16+-410.71*-504.73+656.28-130.45+-4.73/988.83+337.51,337.51988.83-4.73-656.28-504.73-410.71688.16514.73853.71/++*+-+/+
-432.26/-961.77/-272.83*822.87-865.73+-618.6+-538.57*-665.3*425.03/60.71,60.71425.03-665.3-538.57-618.6865.73822.87-272.83-961.77-432.26//+-++**/
164.01/-385.51-279.86*727.15-979.48/408.34+-636.52/-74.52+-701.62/-615.91,-615.91-701.62-74.52-636.52408.34979.48727.15279.86-385.51164.01/-*-/*/+/
-442.17--325.63*-397.56*102.03*814.14+935.19/-600.86--401.27--868.45/-79.0,-79.0-868.45+-600.86935.19814.14102.03-397.56-325.63-442.17-***+/--/
-693.92--33.22*-550.71/-452.59--683.03*-735.0/761.98*-442.81--217.93+-898.02,-898.02-217.93-442.81761.98-735.0-683.03-452.59-550.71-33.22-693.92-*/-*-*-+
455.64+-500.24/-643.24/97.93*-368.57-278.14+-10.99+-749.71-193.32*-952.69,-952.69193.32-749.71-10.99278.14-368.5797.93-643.24-500.24455.64+//*-++-*
887.43--328.2*767.21/-44.73/-796.34-843.17--77.02-72.08--600.41*-309.75,-309.75-600.4172.08-77.02843.17-796.34-44.73767.21-328.2887.43-*//----*
-690.61+-175.52*292.91--605.33*-866.91-410.51-294.24*-482.59/-703.2+163.39,163.39-703.2-482.59294.24410.51-866.91-605.33292.91-175.52-690.61+*-*---/+
457.04--804.36-379.06*283.7/-864.89--914.46*53.22-304.94/-266.92*-241.08,-241.08-266.92304.9453.22-914.46-864.89283.7379.06-804.36457.04--*/-*-/+
333.26--52.0*211.5+-461.33--420.53-310.53*-620.99+-917.61+-236.01/-326.14,-326.14-236.01-917.61-620.99310.53-420.53-211.5-52.0333.26-*+--*++/
430.96/268.74--518.12-344.7--298.45*232.85-734.29/-244.47/338.14--88.78,-88.78338.14-244.47734.29232.85-298.45344.7-518.12268.74430.96/---+-//-
677.49*-696.56*-297.21/-713.54+760.99*-846.0+-451.5*-365.99*-709.32*786.39,786.39-709.32-365.99+-846.0760.99-713.54-297.21-696.56677.49**/+*+***
-155.88+978.97+246.9+-386.8+-757.37+-189.76*911.52*-617.92--540.46/-181.53,-181.53-540.46-617.92911.52-189.76+-386.8246.9978.97-155.88+++++**-/
-229.51*163.07*24.86+58.62+-333.17*-486.84--748.06*-223.37+1.97*-492.53,-492.531.97-223.37-748.06-486.84-333.17-24.86163.07-229.51**++*-*+*
823.05/854.45*936.61*-561.1*851.24/185.86*-45.29*-838.99/-236.02/860.78,860.78-236.02-838.99-45.29185.86851.24-561.1936.61854.45823.05/***/**//
255.67+-917.81/130.91/-539.65*204.87-341.91+-832.85*487.43--64.76/663.65,663.65-64.76487.43-832.85341.91204.87-539.65130.91-917.81255.67+//*-+*-/
691.17*945.77+-194.57--723.22/-245.91/425.84*-797.33+-746.4*52.54+-469.89,-469.8952.54-746.4-797.33425.84+-723.22-194.57945.77691.17*+-//*+-+
895.72+177.99--492.83/243.77*-810.14-871.42*-319.45*-141.36/-163.28+394.38,394.38--141.36-319.45871.42-810.14243.77-492.83177.99/+-/*-**/+
240.7--471.11/-953.41+-957.88+587.12*-126.38*-946.94/670.64+-572.09/736.35,736.35-572.09670.64-946.94-126.38587.12*-953.41-471.11240.7-/++**/+/
8.26*-672.63/-498.67+-297.79*173.54+225.61/863.32*-133.72*826.7/-77.97,-77.97826.7-133.72863.32225.61173.54*-498.67-672.638.26*/+*+/**/
236.37/-227.01/-223.5+-782.99--947.08+995.25/448.88+880.51*630.0--973.19,-973.19630.0880.51448.88995.25-947.08-782.99--227.01236.37//+-+/+*-
-681.84/721.06+-980.33-957.94/902.03*603.12+740.77+-318.99-645.06/952.95,952.95645.06-318.99740.77603.12902.03957.94-980.33721.06-681.84/--/*++-/
-248.93--914.35/-3.89/-953.14--592.35*-308.61-596.55+-399.35--772.02-791.77,791.77-772.02-399.35596.55-308.61-592.35-953.14-3.89-914.35-248.93-//-*-/--
-196.95/-224.48*-120.18/-819.83-15.68+683.42+355.34*279.35--594.38+-720.93,-720.93-594.38279.35355.34683.4215.68-819.83-120.18-224.48-196.95/*//++/-+
24.45--368.24/-282.05+-881.22*307.19*168.53+-787.64--93.98--725.54-974.14,974.14-725.54-93.98-787.64+307.19-881.22-282.05-368.2424.45-/+**+---
-616.12/394.46*931.23--664.27-467.33-13.15/731.76*-144.28+-137.7+-486.66,-486.66-137.7-144.28731.7613.15467.33-664.27931.23394.46-616.12/*---/**+
331.36/-815.66*-763.85--836.72/-303.94*500.22-779.91+-748.9*924.42--136.41,-136.41924.42-748.9779.91500.22-303.94-836.72-763.85-815.66331.36/*-/+-+*-
951.32+-987.94+-616.59*867.72--796.15*-568.46/277.61-504.08*-507.26--693.29,-693.29-507.26504.08277.61-568.46-796.15867.72-616.59-987.94951.32++*-*/-*-
-593.62*-768.98+365.96+-155.61--550.96*-384.04+-180.02-468.7-22.19/152.66,152.6622.19468.7-180.02-384.04-550.96-155.61365.96-768.98-593.62*++-*+/-/
-452.38/-60.46+347.87-158.25--720.11+-761.14*-317.98*-841.58+322.7/-241.17,-241.17*-841.58-317.98-761.14-720.11158.25347.87-60.46-452.38*+--+**+/
780.1/61.6+-92.05*-289.1--257.26--95.5--142.68+832.89-982.15*-738.6,*982.15832.89-142.68-95.5-257.26-289.1-92.0561.6780.1/+*---+-*
-844.42/-388.21/-415.41/848.35/656.01-755.17*170.14+647.62+197.09/514.32,514.32197.09647.62170.14755.17656.01848.35-415.41-388.21-844.42////+*++/
168.5+-948.0*-122.47+-435.26/653.23/-515.92-848.87+383.47*-125.5+116.43,116.43-125.5383.47848.87-515.92653.23-435.26-122.47-948.0168.5+*+//-+*+
-918.03-461.6-452.48*-582.6-489.62--140.98*870.3+757.21+270.16+-555.65,-555.65270.16757.21870.3-140.98489.62-582.6452.48461.6/--*--*+++
-115.44/632.68/-611.05/-132.28+-783.51*-170.52+-435.05--271.41*-998.14/-868.61,-868.61-998.14-271.41-435.05-170.52-783.51-132.28-611.05632.68-115.44///+*+-*/
-32.47*-212.02+-24.4*-181.58+901.14-207.65/771.17*-37.69+942.54+164.23,164.23942.54-37.69771.17207.65901.14-181.58-24.4-212.02-32.47*+*+-/*++
-282.51-363.64+-326.21-609.94/-328.39+-922.75--283.64+-751.52+-567.38/-218.65,-218.65*-751.52-283.64-922.75+609.94-326.21363.64-282.51-+-/+-++/
614.83*894.59*-832.6+91.37*99.87/906.75/-781.04*-454.36+-41.57/-69.9,-69.9-41.57-454.36*906.7599.8791.37-832.6894.59614.83**+*//*+/
289.5+925.87/991.63/-973.33*530.03*670.49-141.13*848.51/-631.52*622.52,622.52-631.52848.51141.13670.49530.03-973.33991.63925.87289.5+//**-*/*
383.78/349.32*51.31-430.75*-406.94/489.55/468.89+-352.39/986.42+78.93,78.93986.42-352.39468.89489.55+430.7551.31349.32383.78/*-*//+-+
-625.37/995.29-679.72-529.83*592.29-993.51+575.1*709.38+47.2/32.54,32.5447.2709.38575.1*592.29529.83679.72995.29-625.37/--*-+*+/
-120.27-298.31*936.62-431.92+-19.35-740.25/-209.31*-762.69/538.42+-56.39,-56.39538.42-762.69-209.31740.25-19.35431.92+298.31-120.27-*-+-/*/+
696.31--413.78/-639.12-216.48*391.91*478.55/435.09--932.72*566.31--892.12,-892.12566.31-932.72435.09478.55391.91216.48-639.12-413.78696.31-/-**/+**
149.86/-492.55/418.47--259.21--145.23*787.92-226.12+-170.01+-13.38/421.39,421.39-13.38-170.01226.12787.92-145.23-259.21418.47-492.55149.86//--*-++/
-955.31-83.81/-343.76/-708.77*672.06*877.97+-357.06--146.69*180.23+-775.25,-775.25180.23-146.69-357.06877.97672.06-708.77-343.7683.81-955.31-//**+-*+
-765.98/-661.7*-577.44/-63.46/-589.21+-29.96/-954.29--197.37*-547.81/631.65,631.65-547.81-197.37-954.29-29.96-589.21-63.46+-661.7-765.98/*//+/-*/
752.97*338.38*-974.5*344.47-790.89*276.52/-643.24--892.1/-696.35/-961.05,-961.05-696.35-892.1-643.24276.52+344.47-974.5338.38752.97***-*/-//
770.9--160.77/460.53+-39.47--402.72*-166.19+-723.34*826.65/-407.14+-601.8,-601.8-407.14826.65-723.34-166.19-402.72-39.47460.53-160.77770.9-/+-*+*/+
508.82--786.35--718.32-609.99-35.46/-33.8+186.61*52.07*-448.15*995.14,995.14-448.1552.07+-33.835.46609.99-718.32-786.35508.82----/+***
-359.24--242.16--682.6+677.72/-805.53+-131.42*572.01*619.04--566.85/-959.1,-959.1-566.85619.04572.01-131.42-805.53677.72-682.6-242.16-359.24--+/+/*-/
-558.16--467.8/-613.01+-399.08--6.12*887.85+710.01--459.9*597.02/-249.86,-249.86597.02-459.9710.01887.85-6.12-399.08--467.8-558.16-/+-*+-*/
-262.21+535.7*-804.1/725.16+535.37*-930.79+629.61-347.14--695.42--720.63,-720.63-695.42347.14629.61-930.79535.37725.16-804.1535.7-262.21+*/+*/---
189.33/222.91+-287.86-536.45*148.66+427.94*662.29/-956.42--774.73+-694.2,-694.2-774.73-956.42662.29427.94*536.45-287.86222.91189.33/+-*+*/-+
884.64-768.35+662.77--280.6-451.01*209.76-696.72/-35.7*443.83+353.28,353.28443.83-35.7696.72209.76451.01-280.6662.77768.35884.64-+--+-/*+
-841.39/-45.76-144.4+916.83+-904.99/-554.55*803.41/471.98-637.26+903.72,903.72637.26471.98803.41-554.55-904.99916.83144.4-45.76-841.39/-/+/*/-+
249.79/807.56*584.83+-842.55--160.48+-804.8-417.37--402.25-439.41*491.01,491.01439.41-402.25417.37-804.8-160.48-842.55584.83807.56249.79/*+-+---*
-534.08/591.11*605.78/906.6*710.76/849.23*321.54*-611.75-161.22-462.94,462.94161.22-611.75321.54849.23710.76906.6605.78591.11-534.08/*/*/**--
-346.29*-62.49*-600.22/278.22*-30.69/928.44+604.6--772.53/-606.92+507.93,507.93-606.92-772.53604.6928.44-30.69278.22-600.22-62.49-346.29**/*/+-//
263.52/-791.93-900.25+-976.63*142.34*-411.56+90.68/-80.93--883.54/200.97,200.97-883.54-80.9390.68-411.56142.34-976.63900.25-791.93263.52/-+**+/-/
-435.2--962.55/-383.9-556.8/971.12+4.01+-313.53/-337.52-748.21+-352.32,-352.32748.21-337.52-313.534.01971.12556.8-383.9-962.55-435.2-/-/++/-+
-919.53-694.79/-438.2/-228.69+-128.44/-994.54/-249.51*156.83-423.11*589.37,589.37423.11156.83-249.51-994.54-128.44-228.69-438.2694.79-919.53-//+//*-*
-159.61*198.72/-275.47--256.99*500.72*-827.64/-836.02*-857.92--135.93/461.23,461.23-135.93-857.92-836.02-827.64500.72-256.99-275.47198.72-159.61*/-**/*-/
756.89-794.76*473.43--284.57--715.4*783.86-86.47/1.1*32.96+701.5,701.532.961.186.47783.86-715.4*473.43794.76756.89-*--*-/*+
-159.55+-972.67-771.49/723.67+966.75*981.85+728.11+-546.92--487.22*324.32,324.32-487.22-546.92728.11981.85966.75723.67771.49-972.67-159.55+-/+*++-*
721.19/122.13/994.03+943.58*-364.43*-320.37/584.78+734.59/764.4+-475.95,-475.95764.4734.59584.78-320.37-364.43943.58994.03122.13721.19//+**/+/+
868.67/-588.12/-312.12-829.51-854.45+-216.76--901.58+-459.15--398.58*-495.7,-495.7-398.58-459.15-901.58-216.76854.45--312.12-588.12868.67//--+-+-*
-227.76-828.61*-814.3+-965.73-593.91+628.78-196.2--302.26*634.41*-170.25,-170.25634.41-302.26196.2628.78593.91-965.73-814.3828.61-227.76-*+-++-**
310.18*-612.96-670.34+-505.57--418.92+-18.66*9.51/-940.49-329.4/-738.98,-738.98329.4-940.499.51-18.66-418.92-505.57670.34-612.96310.18*-+-+*/-/
-810.96-987.28-405.18-528.09/210.13+-805.73--85.66-93.14/656.7*612.82,*656.793.14-85.66-805.73210.13528.09405.18987.28-810.96---/+--/*
796.44--449.61+123.11/-201.29/599.57*30.4*664.7/710.1*-50.67-302.32,302.32-50.67710.1664.730.4599.57-201.29123.11-449.61796.44-+-/**/*-
-38.82*839.94+163.05*-242.1--36.05--763.33/837.43+-261.02+828.89+-545.36,-545.36828.89-261.02837.43-763.33-36.05-242.1-839.94-38.82*+*--/+++
-381.79/-202.27/37.11+323.61/965.91/-502.4*506.08/749.53*-872.16*-782.6,/-872.16749.53506.08-502.4965.91323.6137.11-202.27-381.79//+//*/**
406.55+263.01*28.73+729.8-34.55+939.49--999.46*-648.21/608.07/-663.03,-663.03608.07-648.21-999.46939.4934.55729.828.73263.01406.55+*+-+-*//
-762.61*-928.9+577.83/464.85--620.62--173.7/-568.58*422.32+-541.9-754.09,754.09-541.9422.32-568.58-173.7-620.62464.85577.83-928.9-762.61*+/--/*+-
471.17-85.76*-141.23+750.68--48.21/-694.6-217.05/741.78+-166.59+-541.01,-541.01-166.59741.78217.05-694.6-48.21750.68-141.2385.76471.17-*+-/-*++
-863.79+454.47-116.01-761.93/-140.36+-333.2*-150.52+735.84*443.0*726.22,-443.0735.84-150.52-333.2-140.36761.93116.01454.47-863.79+--/+*+*/
376.59/348.5*292.05*-397.1/962.64+-804.76+-314.09+-149.54-40.45*447.35,447.3540.45-149.54-314.09-804.76962.64-397.1292.05348.5376.59/**/+++-*
-333.27/772.19+-954.92--125.95+774.79*-484.57+935.53-467.24+-167.13-956.55,956.55/467.24935.53-484.57774.79-125.95-954.92772.19-333.27/+-+*+-+-
808.0*305.77*993.52*241.0+-223.74-707.41+304.86*-875.13/-514.8*-682.7,-682.7--875.13304.86707.41-223.74241.0993.52305.77808.0***+-+*/*
97.89+155.93/471.58--217.8/-545.05*-318.65+88.64+-155.2/-853.71/-793.64,-793.64-853.71-155.288.64-318.65-545.05-217.8471.58155.9397.89+/-/*++//
-173.77+648.57--408.33/-347.61+-289.04-742.1*-866.85/884.43--468.84+463.89,463.89-468.84884.43-866.85742.1-289.04-347.61-408.33648.57-173.77+-/+-*/-+
-975.62+-113.74*-822.17*60.48-862.61/719.88-55.78+-938.01--243.87--679.51,-679.51-243.87-938.0155.78719.88862.6160.48-822.17-113.74-975.62+**-/-+--
153.65+709.25--477.7*-978.95*2.52/-784.16--269.83*623.33+692.19-470.63,470.63692.19623.33-269.83-784.162.52-978.95-477.7709.25153.65+-**/-*+-
591.31-582.04*993.98+-5.26+742.18*-831.55*34.84*448.15*-276.0*-434.86,-434.86-276.0448.1534.84-831.55742.18-5.26993.98582.04591.31-*++***/*
546.87--818.52/-412.53+-498.3/-225.68-609.74/-750.4/947.99-315.2/695.68,695.68315.2947.99-750.4609.74-225.68--412.53-818.52546.87-/+/-//-/
479.82+-87.69/-366.81/736.59*-121.56*-8.9--733.46*-682.45/-441.13/-281.93,-281.93-441.13-682.45-733.46-8.9-121.56736.59-366.81-87.69479.82+//**-**/
-488.24*575.61/890.31-555.61*412.35/-862.03+770.34*-579.81*155.74/-609.01,-609.01155.74-579.81770.34-862.03412.35555.61890.31575.61-488.24*/-*/+**/
392.04*720.37/624.89/-486.69+-740.06-915.23+-153.26-689.45*-484.27/-593.41,-593.41-484.27689.45-153.26915.23-740.06-486.69624.89720.37**//+-+-*/
-5.25--251.22/910.51*-593.36/-719.38-277.15-746.91*999.68+554.85*-479.96,-479.96554.85999.68746.91277.15-719.38-593.36910.51-251.22-5.25-/*/--*+*
791.43--132.68/423.27+755.37*-962.58+-396.53*-303.46/-463.01+462.05*836.1,836.1462.05-463.01-303.46-396.53-962.58755.37423.27-132.68791.43-/+*+-/+*
-962.2*-743.89+112.95+-660.36/593.78-454.66*-335.86+742.28--233.57-803.83,803.83-233.57742.28-335.86454.66593.78/112.95-743.89+*++/-*+--
768.6*-18.21+-522.1--825.33+-593.45--51.39-726.96*131.23+-240.56-610.72,610.72-240.56131.23726.96-51.39-593.45-825.33--18.21768.6*--+--*+-
-934.25-215.81+-511.33/970.23*-930.42-858.67/241.6+-38.37*211.56/-270.93,-270.93211.56-38.37241.6858.67-930.42970.23+215.81-934.25-+/*-/+*/
-382.7--979.1+-62.32-58.5/261.98+755.75*-360.05+-167.43+-608.29--738.36,-738.36-608.29/-360.05755.75261.9858.5-62.32-979.1-382.7-+-/+*-+-
305.09+668.24/-229.92*401.11-380.74/325.83/16.7/-164.2*414.27+-336.14,-336.14414.27-164.216.7325.83380.74401.11-229.92668.24305.09+/*-///*+
-746.73/-611.5-804.18+326.95-218.47--737.39+-235.28+-927.1-582.06+237.62,237.62*-927.1-235.28-737.39218.47326.95804.18-611.5-746.73/-+--++-+
-10.58--814.44/643.25--329.83--201.73/7.36-683.9*-885.13-681.21-457.92,457.92681.21-885.13683.97.36-201.73-329.83*-814.44-10.58-/--/-*--
-561.31*-343.95--538.9*-43.82+739.07--70.98--952.75*521.67+850.6/135.43,135.43850.6/-952.75-70.98--43.82-538.9-343.95-561.31*-*+--*+/
-385.92-88.64*-582.82+-748.34+47.93--680.53--577.44-586.78*168.93--566.81,-566.81168.93586.78-577.44-680.5347.93-748.34-582.82--385.92-*++---*-
-236.57*863.09+-379.55*-796.39+981.95-331.19*114.12/282.77-627.44-991.77,991.77/282.77-331.19981.95-796.39-379.55863.09-236.57*+*+-*/--
970.65/-2.13*934.92--269.55--237.7-538.15/-641.4+-934.58+-363.85+8.42,8.42-363.85-934.58-641.4538.15-237.7-269.55934.92-2.13970.65/*---/+++
642.74*-332.92/-36.22/817.83+-304.45+763.56--499.93*-638.59*298.94/-170.98,-170.98298.94-638.59*763.56-304.45817.83-36.22-332.92642.74*//++-**/
423.51*-245.38*328.05*352.96-943.1+-356.82*579.24--557.82/171.78*825.67,825.67171.78-557.82/-356.82943.1352.96328.05-245.38423.51***-+*-/*
-934.25--987.66/163.88*361.3/-347.13/-709.89*-368.44/-877.4+-326.67*-61.22,-61.22-326.67-877.4-368.44-709.89-347.13361.3163.88--934.25-/*//*/+*
-884.4/892.33/743.58+836.55+701.98/585.53-435.76/-861.26*-759.04+502.6,502.6-759.04-861.26435.76585.53-836.55743.58892.33-884.4//+++-/*+
-980.72*542.91*-40.94*596.15/870.31+102.52--786.58/-206.23*-583.8*736.55,736.55-583.8-206.23-786.58102.52/596.15-40.94542.91-980.72***++-/**
555.57-779.85+-189.78+135.81--596.63+-737.53+-513.73-23.13+-188.5/-767.59,-767.59-188.523.13-513.73-737.53-596.63135.81-189.78779.85555.57-++-++-+/
245.83+-332.62+119.52/-897.13/-422.65-765.92+-523.25*-930.62/-575.21*716.17,716.17-575.21-930.62-523.25765.92*-897.13119.52-332.62*++//-+*/*
241.56-3.44-100.92-714.78/-520.13+-758.22-628.65+-619.06/-960.74/594.8,+-960.74-619.06628.65-758.22-520.13714.78100.923.44241.56---/+--//
-107.55/-990.51+-332.27--995.07+821.61/749.77*-320.87+-827.89+824.79-448.99,448.99824.79-827.89-320.87749.77821.61-995.07-332.27-990.51-107.55/+-+/*++-
-137.47*883.33+-47.77*-3.88/-34.07+-509.49-478.59-488.12*335.71/-310.25,-310.25*488.12478.59-509.49-34.07-3.88-47.77883.33-137.47*+*/+--*/
-620.79/180.57/-431.2-883.06*70.13+749.19/493.13--827.1+350.32*-786.97,-786.97350.32-827.1493.13749.1970.13883.06-431.2*-620.79//-*+/-+*
761.34+64.49--368.48+662.81-296.86-214.92--955.06*-695.09/343.97-687.56,687.56343.97-695.09-955.06214.92296.86--368.4864.49761.34+-+---*/-
311.43+129.11--153.38/864.92/855.19*-467.23--582.45/-584.23*-427.49-839.94,839.94-427.49-584.23-582.45-467.23855.19864.92-153.38129.11311.43*-//**/*-
667.68--925.48*957.32*-884.49/561.82+187.02*-490.32*-737.27/381.62+-77.21,-77.21381.62-737.27-490.32187.02561.82-884.49957.32-925.48667.68-*//+**/-
-594.64/294.11-105.8/336.31/-21.4*-839.18/450.67/0.15+-531.94/264.21,264.21-531.940.15450.67-839.18-21.4336.31105.8294.11-594.64/--/*//+/
-874.48/81.74--487.66/774.84+-704.14--650.18/-281.54+-370.71-190.19--261.11,//-370.71-281.54-650.18-704.14774.84-487.6681.74-874.48/-/+-/+--
424.04/-247.78+367.51/-679.71+885.21+-259.88--453.04*-987.26*-841.14-204.34,204.34-841.14-987.26-453.04-259.88885.21-679.71367.51*424.04/+/++-*+-
387.37/552.79/394.18+-30.33/165.52*160.35*-702.06--475.64*130.72+-430.07,-430.07130.72*+160.35165.52-30.33394.18552.79387.37//+/**-*+
-950.96/1.43--877.07--451.45+110.23*91.77+593.95+-985.75/-591.43/-474.57,-474.57-591.43-985.75593.9591.77110.23-451.45-877.071.43-950.96/--+*++//
396.38*-664.66-649.96--341.58+205.55--514.54/-557.93+500.64*-346.66--967.08,-967.08-346.66500.64-557.93-514.54205.55-341.58649.96-664.66396.38*--+-/+*-
-513.57+536.97+-655.25/406.87/851.98*-532.26--408.96*-704.82/83.41*-85.33,-85.33--704.82-408.96-532.26851.98406.87-655.25536.97-513.57++//*-*/*
-363.08+-828.25*273.43*267.5/669.68+501.94+638.84/64.74+689.81*915.86,915.86689.8164.74638.84501.94669.68267.5--828.25-363.08+**/++/+*
250.79/-856.07/-507.04*-497.1/-226.66*906.75+-125.66*322.41*937.56*-827.0,-827.0937.56322.41-125.66906.75-226.66-497.1-507.04-856.07250.79//*/*+***
140.89*228.39/665.24-697.21+-28.66*303.83--96.81*-812.33+396.96+-979.52,-979.52396.96+-96.81303.83-28.66697.21665.24228.39140.89*/-+*-*++
271.21/138.44/41.53*585.24-173.84/-351.0--889.98--700.29+818.39*585.16,585.16818.39-700.29-889.98-351.0173.84585.2441.53138.44271.21//*-/--+*
453.48--780.97/438.54/-125.56*192.75+581.75*112.87*293.48--929.26*-356.96,-356.96-929.26293.48112.87581.75192.75-125.56438.54-780.97453.48*//*+**-*
889.02/-662.62+89.56--356.01/-64.58-539.78-814.96/819.05+-586.28+-259.96,-259.96-586.28819.05814.96539.78-64.58-356.0189.56-662.62889.02/+-/--*++
-348.65/-926.57/-730.78*-361.85*333.82-921.69+-321.95/98.64*-740.5/486.84,486.84-740.598.64-321.95921.69333.82-361.85-730.78-926.57-348.65//**-+/*/
529.94+97.69--100.37/-516.46*416.06*99.67/-665.11/-179.77*810.18/240.79,240.79810.18-179.77-665.1199.67416.06-516.46-100.3797.69529.94+-/**//*/
239.2*-851.76/-321.1--774.45+45.58+-353.16-803.78/723.42/-171.43--564.29,-564.29-171.43/803.78-353.1645.58-774.45-321.1-851.76239.2*/*++-//-
475.21*-832.05-148.64--167.83--49.85/873.94+-901.33+627.88/541.23*-300.71,-300.71541.23627.88-901.33873.94-49.85-167.83148.64-832.05-*---/++/*
-704.16--254.02+-883.34/866.29/570.22--835.33*395.36*-46.93--887.4+757.77,757.77-887.4-46.93395.36-835.33570.22866.29-883.34-254.02-704.16-+//-**-+
602.62--40.98/-76.68/924.96--848.65+-101.01/-232.76*685.25/-362.01*897.67,897.67-362.01685.25-232.76-101.01-848.65924.96-76.68-40.98602.62-//-+/*/*
780.24-402.9--115.94+-467.19-30.85*244.33/-846.93-693.94*939.67*-868.4,-868.4939.67693.94-846.93244.3330.85-467.19-115.94402.9780.24--+-*+-**
133.92+100.09/226.09--451.7--822.12/793.79+-623.52*932.38*-307.63*659.11,659.11-307.63*-623.52793.79-822.12-451.7226.09100.09133.92+/--/-***
-757.11/-850.71+-693.77-472.6+507.59+-109.17/568.59--171.09--738.24/-704.73,-704.73-738.24-171.09568.59-109.17507.59472.6/-850.71-757.11/+-++/--/
388.41*-809.3/691.03*437.88+-42.49/363.97/-283.56*-244.55+300.3/558.41,558.41300.3-244.55-283.56363.97-42.49437.88*-809.3388.41*/*+//*+/
307.01+-707.18-19.18+301.67--452.28*-936.18+-70.61*387.5/-862.76*45.57,45.57-862.76387.5-70.61-936.18-452.28301.6719.18-707.18307.01+-+-*+*/*
-494.5-157.24--834.17-221.09--433.43*395.64-77.48*339.04--402.51/-894.9,-894.9-402.51339.0477.48395.64-433.43221.09+157.24-494.5----*-*-/
-978.09-665.15/988.26+290.33+686.76/-659.83/-3.32-633.49+-622.43*-584.17,/-622.43633.49-3.32-659.83686.76290.33988.26*-978.09-/++//-+*
-595.11--730.16/-958.1+872.1/880.27+286.94-410.93-59.2/-356.67+278.23,278.23-356.67-410.93286.94880.27872.1-958.1-730.16-595.11-/+//--/+
198.4/-648.76/58.03*564.33*-545.72+-972.01--712.21/464.45--903.88+-405.87,-405.87-903.88464.45-712.21-972.01-545.72564.3358.03-648.76198.4//**+-/-+
-347.8-602.64*-58.33*783.07/-685.89+914.09/-6.84+-123.35/-1.47+-552.49,-552.49-1.47-123.35-6.84914.09-685.89783.07-58.33602.64-347.8-**/+/+/+
335.37+-687.24+-848.32*-882.39*-783.25+-133.04/-511.73*-175.4-583.98*-935.62,-935.62583.98-175.4-511.73+-783.25-882.39-848.32-687.24335.37++**+/*-*
260.54*853.2--948.04/-570.4*-703.05+295.61+-557.54-352.54+780.88-426.64,426.64780.88352.54-557.54295.61-703.05-570.4/853.2/*-/*++-+-
78.63-404.72--538.84/-517.81*-553.18*929.52/386.86+-786.95--452.65--879.67,-879.67-452.65-786.95386.86929.52-553.18-517.81-538.84404.7278.63+-//*/+--
-101.27+176.93--906.47--971.0+952.05/759.07-905.23/641.36-518.97*-188.7,-188.7518.97*905.23759.07952.05-971.0-176.93-101.27+--+/-/-*
164.02+-685.67-998.6*495.06/28.36*467.4/-123.21-624.78/-408.84+-39.26,-39.26-408.84624.78-123.21467.428.36495.06998.6-685.67164.02+-*/*/*/+
736.43*693.05/-709.71-132.18+55.11+-682.82+966.32*409.69-371.61+573.38,573.38371.61409.69966.32-682.8255.11+-709.71693.05736.43*/-+++*-+
131.61/223.42--195.13+-217.42-911.02-258.62*812.34*894.47/115.82-458.98,458.98115.82894.47812.34258.62911.02-217.42-195.13223.42131.61/-+-/*+/-
-426.49/-100.6*-939.24/-454.08+9.59--656.69+-853.89/51.54+47.63--271.45,-271.4547.6351.54-853.89-656.699.59-454.08-939.24-100.6-426.49/*++-+/+-
366.23*493.56+-703.63--125.41-241.39-86.12-358.63*-45.33-830.66*103.14,*830.66-45.33358.6386.12241.39-125.41-703.63493.56366.23*+----*-*
640.64+-892.82--61.82*880.82/-840.79*501.61--13.93+762.17-30.11/316.9,316.930.11762.17-13.93501.61-840.79880.82-61.82-892.82640.64+-*/*-+-/
-790.71/866.78/-471.29/87.2+-229.17*716.28/837.46+622.97*-495.44/580.41,--495.44622.97837.46716.28-229.1787.2-471.29866.78-790.71///+*/+*/
-654.1+736.22+876.69+-0.92*516.39*805.88--282.3--908.26/197.83-708.92,708.92*-908.26-282.3805.88516.39-0.92876.69736.22-654.1/++**--/-
-793.74*715.58/821.2-706.46/502.22*324.11*-596.5--612.45--4.83+249.29,249.29-4.83-612.45-596.5324.11502.22706.46+715.58-793.74*/-/**--+
-744.16*221.27--376.04/-769.85-919.64+-796.34--3.47*-809.18+658.76+662.07,662.07658.76-809.18-3.47-796.34919.64-769.85-376.04221.27-744.16*-/-+-*++
-54.81--149.9*120.26--151.49+-285.79/449.12/914.42+438.23*-593.07*-904.2,-904.2-593.07438.23914.42449.12-285.79-151.49120.26-149.9-54.81-*-+*/+**
-256.83-553.29-247.97*-265.04*423.16+0.94/641.42-551.68/-960.12*-766.0,-766.0-960.12551.68641.420.94423.16-265.04247.97553.29-256.83--**+/-/*
-717.04*-994.67/571.83/-980.86/66.75/-287.9-600.9+-257.04*-274.29+59.44,59.44-274.29-257.04600.9-287.966.75-980.86571.83-994.67-717.04*////-+*+
-814.77*850.12/-267.81*134.41/216.29+55.9*937.38*570.88+-857.83+485.95,485.95-857.83570.88937.3855.9216.29134.41-267.81850.12-814.77*/*/+**/+
91.14/-503.99-650.13+543.48*553.83-673.5/-807.22*-770.24*-615.96*624.34,624.34-615.96-770.24-807.22673.5553.83543.48650.13-503.9991.14/-+*-/***
-297.93+116.51-865.39-906.97*720.6+-509.8/-51.42-983.76*771.26--681.79,*771.26983.76-51.42-509.8720.6906.97865.39116.51-297.93+--++/-*-
463.83*817.99*-159.53/544.94/140.8/-54.32--471.43+90.16/79.25-901.23,901.2379.2590.16-471.43-54.32140.8544.94-159.53817.99463.83-*////+/-
153.54*29.68/-445.86+-474.31/484.65--136.15/191.79+303.26*-813.11--965.47,-965.47-813.11303.26191.79-136.15484.65-474.31-445.8629.68153.54*/+/*/-*-
-829.81+401.24+-469.54--450.32/101.04*-823.8*-405.23*266.82--28.06/-341.51,-341.51-28.06266.82-405.23-101.04-450.32-469.54401.24-829.81++-/***-/
-704.28--68.09--321.88*272.44*-753.15*-207.0+-917.8+-442.56--343.57/-383.4,/-343.57/-917.8-207.0-753.15272.44-321.88-68.09-704.28--***++-/
-213.44-218.71--230.59*570.06+-62.53--213.15*-195.61+351.8+-254.12*273.32,273.32-254.12351.8-195.61-213.15-62.53570.06-230.59218.71-213.44---+-*++*
-773.61*594.79*575.07/-71.67/245.66-770.64/-652.33/362.93+297.06*-183.49,-183.49297.06362.93-652.33770.64245.66-71.67575.07594.79-773.61**//-//+*
700.53/-527.55*-318.59*-159.58/-831.1-123.83*358.96+817.81/209.63+704.85,704.85209.63817.81358.96123.83-831.1-159.58--527.55700.53/**/-*+/+
-978.16+325.09+218.17*-933.23/-980.45+994.64+-745.54+-973.83+63.23-522.55,522.5563.23-973.83-745.54994.64-980.45-933.23218.17325.09-++*//+++-
-510.04+159.17+175.48*231.43+-233.22--330.53/-617.5/-167.45+254.15/332.69,332.69254.15-167.45-617.5-330.53-233.22231.43175.48159.17-510.04++*+-//+/
-451.21/485.84-157.98/13.84+73.07+768.99--841.92*-282.28/-339.26+893.64,893.64-339.26-282.28-841.92768.9973.0713.84157.98485.84-451.21/-/++-*/+
-854.71/791.33*984.39-520.3-150.9--898.58+647.84*-370.51*-122.16/-827.13,-827.13-122.16-370.51647.84-898.58-520.3984.39791.33-854.71/*---+**/
-62.43/-672.53+-962.37+9.78*-373.93--754.11+854.64+-880.27+116.06*237.75,237.75116.06-880.27854.64-754.11-373.939.78-962.37-672.53-62.43+++*-+++-
712.08-705.58-225.59+-327.83+-925.01--687.73+231.92-899.65/-678.05+-390.5,-390.5-678.05899.65231.92-687.73-925.01-327.83225.59705.58712.08--++-+-/+
-217.96/458.34/745.95/-952.73/-32.14-322.41*-68.28*411.0+-43.1*894.28,894.28-43.1411.0-68.28+-32.14-952.73745.95458.34-217.96////-**+*
438.26-723.65--674.91/-885.73*145.37+-562.42/49.95+-712.05+-463.65/109.95,109.95-463.65-712.0549.95-562.42145.37-885.73-674.91723.65438.26--/*+/++/
-120.04+-755.27*502.55/207.81-438.34--137.35--373.23*-947.24+-17.69/-36.58,-36.58--947.24-373.23-137.35438.34207.81502.55-755.27-120.04+*/---*+/
-453.53-209.35--360.93-198.45+46.34--859.69+-278.27/-434.96*-334.46*861.67,861.67-334.46-434.96-278.27-859.6946.34198.45-360.93209.35-453.53---+-+/**
-344.1+102.4+987.42-656.85+529.27-489.31--620.75-935.34/625.48-768.55,768.55625.48935.34-620.75489.31529.27-987.42102.4-344.1++-+-+-/-
988.41+-799.12*499.45--903.15/-287.29--662.51/-11.88+76.94-419.16-89.04,89.04419.1676.94-11.88-662.51-287.29-903.15499.45-799.12988.41+*-/-/+--
-121.58-254.68--92.27/-851.39-268.4*-995.77+215.35*-223.97+-347.76+824.05,824.05-347.76-223.97215.35-995.77268.4-851.39-92.27254.68-121.58*-/-*+*++
563.79+-290.84-821.27*-124.87*-344.13-575.78/-522.48+66.0+-609.38/-320.5,-320.5-609.3866.0-522.48575.78-344.13-124.87821.27+563.79+-**-/++/
-990.68/650.76+-120.25/432.0/-465.33-588.49/-349.74-229.75/426.04*-656.51,-656.51426.04229.75-349.74588.49-465.33432.0-120.25650.76-990.68/+-/-/-/*
-412.24*-163.44/-273.68*906.46/-939.18/336.44/272.08*-761.56/-793.79*-696.14,-696.14-793.79-761.56272.08336.44-939.18906.46-273.68-163.44-412.24*/*///*/*
-715.05/-792.85/909.01-787.47*-629.86/-601.44+394.69+-661.2--878.77*161.91,161.91-878.77-661.2394.69-601.44-629.86787.47909.01-792.85-715.05//-*//+-*
-669.36-291.31/-387.1*-821.08+-273.13*-166.36+-574.34*-667.44*825.94+456.73,456.73825.94-667.44-574.34-166.36-273.13-821.08-387.1291.31-669.36-/***+**+
202.67*532.68*754.8+833.78/549.58-312.61/-796.14/463.45--372.69+628.82,628.82-372.69+-796.14312.61549.58-754.8532.68202.67**+/-//-+
681.06-647.0/739.46/537.69--52.54+358.68/432.19/529.24/-806.31*436.26,436.26-806.31529.24432.19/-52.54537.69739.46647.0681.06-//-+///*
-646.65--91.28/490.79/-95.02*-89.0-625.71-787.53--205.23+-507.15*569.56,569.56-507.15-205.23787.53625.71-89.0-95.02490.79-91.28-646.65-//*---+*
-201.9+-401.71/411.95+-693.05*-944.54*-194.79+-699.91-43.94--264.0/788.95,788.95-264.043.94-699.91-194.79-944.54-693.05411.95-401.71-201.9+/+**+--/
19.48--453.51/-676.55-642.74+926.94/-717.83*-271.36*-532.19+-858.26--66.57,-66.57-858.26-532.19-271.36-717.83926.94642.74-676.55-453.5119.48-/-+/-*+-
-150.13+-867.44*-196.09-898.29/-102.96*73.49+-104.25--457.36/-546.97/-455.33,-455.33+-457.36-104.2573.49-102.96898.29-196.09-867.44-150.13+*-/*+-//
569.59/-85.56+-978.35/919.39/-434.91+836.94--744.1-684.55*-508.97+682.65,682.65-508.97684.55-744.1836.94-434.91919.39-978.35-85.56569.59/+//+--*+
41.02*575.99--641.8+571.31*-271.78*394.31*554.51+85.04+420.84/-992.7,-992.7420.8485.04554.51394.31-271.78+-641.8575.9941.02*-+***++/
-649.12*331.1+-783.3/-360.45/-713.58--496.41/-577.32+562.92--604.03--510.45,-510.45-604.03562.92-577.32-496.41-713.58-360.45-783.3331.1-649.12-++/-/+--
42.79+-398.42*-843.19/92.37+-952.63+858.02*602.58/-859.33/-852.31+52.83,52.83-852.31-859.33602.58858.02-952.6392.37-843.19-398.4242.79++/++*//+
627.85-888.8+709.49-461.38*505.96*-920.44--20.51+330.68+354.88+-762.45,-762.45354.88330.68-20.51-920.44505.96461.38709.49888.8627.85-+-**-+++
322.9+-638.08*-555.88/-985.45+-634.79/780.36+-264.22*896.98+790.66-93.17,93.17790.66896.98-264.22780.36-634.79-985.45-555.88-638.08*+*/+/+++-
607.56/338.24+874.02/-807.15--5.11+-720.99+-31.23/-547.87-941.04/573.6,573.6941.04-547.87-31.23-720.99-5.11-807.15874.02338.24607.56/+/-/+--/
448.5*619.3+-216.61/406.1/-783.72/520.13+-154.69/233.41+784.96*-642.78,-642.78784.96233.41-154.69520.13-783.72406.1-216.61619.3448.5*+///+/+*
132.15+889.75+124.1+-568.65/-171.28*-533.7--541.27+835.95+889.57*497.09,497.09889.57835.95-541.27-533.7-171.28-568.65124.1889.75132.15+++/*-++*
921.03*-996.87/250.86+809.98/144.26+-142.6+654.17+-285.39*186.63/-853.2,-853.2186.63-285.39654.17-142.6144.26809.98250.86-996.87+*/+/+++*/
193.1-868.37/-327.07-408.77/-915.58+340.92/707.68*986.06*436.45-351.6,351.6436.45986.06707.68340.92-915.58408.77-327.07868.37193.1-/-/+/**-
-684.09/221.6*954.95--152.49/-195.65*853.98/531.48*157.0*-250.38+56.0,56.0-250.38157.0531.48853.98-195.65-152.49954.95221.6-684.09/*-/*/**+
-758.95*106.69-868.09*835.22+-956.62*116.98*-500.46/-258.71*375.3/-420.53,-420.53375.3-258.71-500.46116.98-956.62835.22868.09106.69-758.95*-*+****/
-595.7-987.03-917.23*195.89/369.43*523.57--810.32-721.42/-960.27+314.13,314.13-960.27721.42-810.32523.57369.43195.89917.23987.03-595.7--*/*--/+
-678.84--335.6*-923.36-490.5--733.79--213.96+-412.14/-952.74/621.77*499.71,499.71621.77-952.74-412.14-213.96-733.79490.5-923.36-335.6-678.84-*---+/**
-642.87--553.18--405.44*462.71*304.6/986.8-398.77/-463.43*920.12*-380.33,-380.33920.12-463.43398.77986.8304.6462.71-405.44-553.18-642.87--**/-/**
-823.77--162.47/-385.4-102.65/502.82/142.29+-100.8+-342.21--8.43*-762.59,-762.59-8.43-342.21-100.8142.29502.82102.65-385.4-162.47-823.77-/-//++-*
-282.28--390.08+966.23+-694.75/299.58-438.72*-327.42*-413.09*451.05+505.42,505.42451.05-413.09-327.42438.72299.58-694.75966.23-390.08-282.28-++/-***+
241.58/108.7--400.7/-573.15*-208.04*783.74+-215.91--166.66+684.2/122.85,122.85684.2-166.66-215.91783.74-208.04-573.15-400.7108.7241.58/-/**+-+/
-125.4+784.21/-947.41/775.01+461.36*-813.5/660.11/-397.35*834.81--286.35,-286.35834.81-397.35660.11-813.5461.36775.01-947.41784.21-125.4+//+*//*-
932.82*-159.21--687.54*-913.95-248.61--467.48/-430.4/-325.65/-253.22+383.64,383.64-253.22-325.65-430.4-467.48248.61-913.95-687.54-159.21932.82*-*--////
80.82*-525.2*-609.14*-935.04/-189.62+519.2*-423.83/779.77*-179.0/253.85,--179.0779.77-423.83519.2-189.62-935.04*-525.280.82***/+*/*/
369.56-695.42+570.41*329.26*806.9+13.93-701.55/-735.05/-5.38+222.05,222.05+-735.05701.5513.93806.9329.26*695.42369.56-+**+-//+
-244.29--765.37*-263.99*-974.05-992.94--549.46/-211.86--360.9-848.76/-964.48,-964.48848.76-360.9-211.86-549.46992.94-974.05-263.99-765.37-244.29-**--/--/
-938.86*-188.08+-297.57/70.9*-57.19+-234.01--671.42*-191.13*-167.09+156.14,--167.09-191.13-671.42-234.01/70.9-297.57-188.08-938.86*+/*+-**+
-421.02-971.86-218.91+-279.96--67.52+891.19/854.38*502.43+703.95*-895.8,-895.8+502.43854.38891.19+-279.96218.91971.86-421.02--+-+/*+*
-172.65*-921.81+745.56+613.46*611.13+111.69/491.87--634.54/397.85+-340.97,*397.85-634.54491.87111.69611.13613.46745.56-921.81-172.65*++*+/-/+
321.36-88.08+-944.16*629.63/470.45/-475.55/133.22-797.9*-949.18*431.72,*-949.18797.9133.22-475.55470.45629.63-944.1688.08321.36-+*//+-**
-469.15+-944.54+-497.28--565.57+-10.42+222.14-991.07+244.6*-460.27*-229.29,-229.29-460.27244.6+222.14-10.42-565.57-497.28-944.54-469.15++-++-+**
-846.26-121.13/875.98-417.81*-341.82+923.19*-518.21+379.52--76.39*154.48,154.48-76.39379.52-518.21923.19-341.82417.81875.98121.13-846.26-/-/+*+-*
471.08/103.51*389.59+567.62/617.52*782.24-872.0*-836.72/-826.76-688.7,688.7-826.76-836.72872.0782.24617.52-389.59103.51471.08/*+/*-*/-
-797.23*-642.41/-798.17+977.29/-784.48*-472.7/-664.7+-840.85/284.11*374.97,374.97284.11-840.85-664.7-472.7-784.48977.29-798.17-642.41-797.23*/+/*/+/*
-230.62/-772.72/-449.04*831.08*-435.99+411.99--900.02+887.49*812.92/522.29,522.29812.92887.49-900.02411.99-435.99831.08-449.04-772.72-230.62//**+-+*+
180.13-550.46+583.51*-510.77+248.74/95.24/-211.27/-986.19*114.67+-508.0,-508.0114.67-986.19-211.2795.24248.74-510.77583.51550.46180.13-+*+//-*+
130.38--596.46*494.02/-853.89*-598.99--150.82/-255.86/-978.1/350.64-494.15,494.15350.64-978.1-255.86-150.82-598.99-853.89--596.46130.38-*/*-+//-
665.54+690.88*-121.52*-881.05*53.63--871.36+269.96+185.05*-277.22+345.45,345.45-277.22185.05269.96-871.3653.63-881.05-121.52690.88665.54+***-++*+
683.4*840.5-459.32/-224.18-869.46*548.74--571.45*243.21-690.59-812.39,812.39690.59243.21*548.74869.46-224.18459.32840.5+*-/-*-*--
-512.83/-101.76+235.16+258.21-237.89+-114.34/257.4-779.6+620.61*-56.23,-56.23620.61779.6257.4+237.89258.21235.16-101.76-512.83/++-+/-+*
-446.38/-303.54-565.33*-6.76+277.26/-435.16--133.79-380.17*230.1+649.38,649.38230.1380.17-133.79-435.16277.26+565.33-303.54-446.38/-*+/--*+
-767.93--620.97+852.46+-803.83+795.49-407.6--859.84--609.96/-723.56/9.42,9.42-723.56-609.96-859.84407.6795.49-803.83+-620.97-767.93-+++---//
62.03-640.41-979.0+349.7/131.11/106.72*-95.5*-180.92--896.98+251.61,/-896.98-180.92-95.5106.72131.11349.7979.0640.4162.03--+//**-+
294.84--564.34/527.52-282.0/-539.39/-697.75+842.9+735.63*405.84-826.53,826.53405.84735.63842.9-697.75-539.39*527.52-564.34294.84-/-//++*-
-368.54--562.9/-761.61*33.15/864.77*738.5-15.81+180.58*-724.09/-823.48,-823.48-724.09180.5815.81738.5864.7733.15-761.61-562.9-368.54-/*+*-+*/
595.01/-984.9+251.28--424.5-18.7/-133.72+-238.26+994.06*689.81*845.15,845.15689.81994.06-238.26-133.7218.7*251.28-984.9595.01/+--/++**
128.18+-224.83+-928.36--618.65*219.31*444.32/-559.86+-2.35-449.69+504.73,504.73449.69-2.35-559.86444.32219.31-618.65-928.36-224.83128.18++-**/+-+
683.19/-841.81+-927.74+-86.53/-912.76--739.7*-876.28+-424.08+71.92+-250.38,-250.3871.92-424.08-876.28-739.7-912.76-86.53-927.74-841.81683.19/++/-*+++
661.56/-476.59+177.93/-386.47*382.1-956.18--373.04*282.52/643.9--621.3,-621.3643.9282.52-373.04956.18382.1-386.47177.93-476.59661.56/+/*--*/-
-866.17*-545.18*943.11*636.37--824.44*191.42*-537.5--711.45/-217.13*-911.21,/-217.13-711.45-537.5191.42-824.44*943.11-545.18-866.17***-**-/*
-928.4/-4.09+-64.0+-738.35+-473.56/-220.02*101.41/397.51+-619.16--616.04,-616.04-619.16397.51101.41-220.02-473.56-738.35-64.0/-928.4//++/*/+-
927.11+-994.89-522.75/769.24/-261.64+-38.31-389.53*50.08*-605.56/-270.99,-270.99-605.5650.08389.53-/769.24522.75-994.89927.11+-//+-**/
311.6--530.94/287.44*155.25+-947.16/-929.79--882.92*-544.28*-384.62+-160.24,-160.24-384.62-544.28-882.92-929.79-947.16155.25287.44-530.94311.6-/++/-**/
-357.95*747.87*926.16*655.61*-56.68+-655.6--860.05*640.73*513.68+976.86,976.86513.68640.73-860.05-655.6-56.68655.61926.16747.87-357.95****+-**+
-701.67+642.92*-403.07-998.75/-3.67+-567.72+-557.74/897.27-43.63*-431.63,-431.6343.63897.27-557.74-567.72-3.67998.75-403.07642.92-701.67+*-/++/-*
763.29*-785.65/660.23*-444.63+-270.62/803.84-897.57-281.11*834.72+-74.59,-74.59834.72281.11897.57+-270.62-444.63660.23-785.65763.29*/*+/--*+
-846.63+-953.02*773.66-730.75/408.2/-405.04--11.46+879.63--488.77-217.88,217.88-488.77879.63-11.46-405.04408.2730.75773.66-953.02-846.63++-//-+--
200.98*-909.74+-698.46/787.83+47.39+715.65/194.24/960.95*605.1-673.5,673.5605.1960.95194.24715.6547.39787.83-698.46*200.98*+/*+//*-
-502.85/-215.23/612.22*159.12+354.38-944.6*679.18*867.34-977.91+-999.95,-977.91867.34679.18944.6354.38159.12612.22-215.23-502.85//*+--*-+
244.15-632.14+694.02/-924.91*-937.55*-565.23/973.44+391.67--811.48+-731.75,-731.75-811.48391.67973.44-565.23-937.55-924.91694.02632.14244.15-+/*-/+-+
786.08*-565.98/307.65*671.17*892.12/999.68/-461.49--104.48+-181.12*-58.42,*-181.12-104.48-461.49999.68892.12671.17307.65-565.98786.08*/**+/-+*
-581.45+199.71/-766.71*-504.8+664.22/704.08*-433.79+104.2-205.35-130.29,130.29205.35104.2-433.79704.08664.22-504.8-766.71199.71-581.45+/*+/*/--
776.79*-42.21+449.11-131.81--697.24*-640.13+-736.62/-431.02*-90.79+-295.24,-295.24-90.79-431.02-736.62-640.13/131.81449.11-42.21776.79*+--*+/*+
410.9-534.09+370.58-728.53*697.76/-582.94/874.21--404.01*607.82*877.93,877.93607.82-404.01874.21-582.94697.76728.53370.58534.09410.9++-*//-**
-25.7/-569.46+837.67/843.56--548.04/-550.46*528.47-947.09*202.26/-429.97,/202.26947.09528.47-550.46-548.04843.56837.67-569.46-25.7/+/-/*-*/
760.31+-359.38+-201.33/-598.21+-76.24-659.97/-425.65-651.33--48.41-783.44,783.44-48.41651.33-425.65659.97-76.24-598.21-201.33-359.38760.31++/+-/---
821.38*972.95--709.46*-267.26/998.48/-445.91*336.11+-734.92+561.21+394.3,394.3561.21-734.92336.11-445.91998.48-267.26-709.46972.95821.38*-*//*+++
612.16/696.32*215.41-763.2--818.75--799.19--895.65*-879.81*-913.2/592.23,592.23-913.2-879.81-895.65/-818.75763.2215.41696.32612.16/*----**/
41.61+-656.55/-751.86--522.58/-604.69--718.08/37.96/869.21/-591.32+-404.79,-404.79-591.32869.2137.96-718.08-604.69-522.58-751.86-656.5541.61+/-/-///+
129.55-477.02*399.65*534.69+-922.99+198.01*277.1+129.67--290.66/774.4,774.4-290.66129.67277.1198.01-922.99534.69399.65477.02129.55/*/++*+-/
722.45+-746.61/419.32*-667.96*-775.48*470.38--171.96*708.13*7.07*518.75,518.757.07708.13-171.96470.38-775.48-667.96419.32-746.61722.45+-**+-***
-257.65/-419.23/830.79/-138.06/123.17--743.44*779.38-673.64*-733.32*713.72,713.72-733.32673.64779.38-743.44123.17-138.06830.79-419.23-257.65////-*-**
-996.54+-898.35--477.08*106.55/-268.78/-553.16+766.1*-836.12/555.75+-888.1,-888.1555.75-836.12766.1-553.16+106.55-477.08-898.35-996.54+-*//+*/+
509.5/-430.83*952.96+88.0-137.07*277.64*-773.51/-271.49/-848.16+-777.9,-777.9-848.16-271.49-773.51277.64137.0788.0952.96-430.83509.5/*+-**/-+
-41.1+594.42--596.16--852.89/-133.91/566.5/-690.33*-888.15+-129.03/-454.99,-454.99-129.03-888.15-690.33566.5-133.91-852.89-596.16594.42-41.1+--///*+/
252.65*-207.64/63.9-985.22+504.65-148.14/240.28*-3.55--752.74*-910.27,-910.27-752.74-3.55240.28148.14504.65985.2263.9-207.64252.65+/-+-/*-*
902.32--529.77/-459.71*145.05*986.59--688.84+-493.01/305.42+646.63+322.38,322.38646.63305.42-493.01-688.84986.59145.05-459.71-529.77902.32-/**-+/++
-953.02-46.11*-106.74-664.87--600.38*-660.6/601.14--478.24*-473.56/-668.58,-668.58-473.56-478.24601.14-660.6-600.38664.87-106.7446.11-953.02-*--*/-*/
421.48+-455.29--940.45+132.81+705.84+226.15+-955.91+249.62/28.36--502.58,-502.5828.36/-955.91226.15705.84132.81--455.29421.48+-+++++/-
663.04*-903.45/511.95/-374.39*-128.3*940.01+169.23/-95.98*87.46+494.87,494.8787.46-95.98169.23940.01-128.3-374.39511.95-903.45-*//**+**+
-282.4--39.06*-783.64+268.16*-395.81-953.1*-447.42--131.64*-411.81*-884.53,-884.53-411.81-131.64-447.42953.1-395.81268.16-783.64-39.06*-*+*-*-**
225.26*-493.26+-908.32+918.67/138.98+-762.25+-701.23+129.57+166.15*149.71,149.71166.15129.57-701.23-762.25138.98918.67-908.32*225.26*++/++++*
139.25-117.56-455.44+-309.64+82.89+365.68*-719.81--323.47/994.27+487.13,487.13994.27-323.47-719.81365.6882.89-309.64455.44117.56139.25--+++*-/+
86.75*132.18+-17.96*-589.97+-965.52-887.67/664.98--713.79+-773.51*-326.41,-326.41-773.51-713.79664.98887.67-965.52*-17.96132.1886.75*+*+-/-+*
274.52*93.82*-250.53-542.51*543.65/-602.59+-237.61+-394.85+492.48--57.37,-57.37492.48--237.61-602.59543.65542.51-250.5393.82274.52**-*/+++-
-925.45*902.2/997.74-322.37*-857.54/132.11/331.8+-119.79--240.77/492.57,492.57-240.77-119.79331.8132.11-857.54322.37997.74902.2-925.45*/-//++-/
-733.69*238.77-176.47*121.16/434.19-444.04-292.16/231.44--744.78-217.27,217.27-744.78231.44292.16444.04434.19121.16176.47238.77-733.69*-*---/--
-115.73+473.44*-467.89*201.25+677.66/745.37+147.8+947.76*343.46/547.09,547.09343.46947.76+745.37677.66201.25-467.89473.44-115.73+**+/++*/
-40.44*929.62/965.18--703.6+-40.17/-406.14+907.15-924.46+-931.82/414.53,414.53-931.82924.46907.15-406.14-40.17-703.6965.18929.62-40.44*/-+/+-+/
911.32*258.29*140.54+496.81-774.54--301.88+-289.16+-698.96*51.37*-859.88,-859.88/-698.96-289.16-301.88774.54496.81140.54258.29911.32**+--++**
552.08*-522.43/-346.11+-753.02+-130.85-14.86/-987.65/943.99/426.11/-489.99,-489.99426.11943.99-987.6514.86-130.85-753.02-346.11-522.43552.08*/++-////
-753.64+-886.92/-763.78/657.78-225.72/378.43--786.68*-680.97/-44.74+850.18,850.18-44.74-680.97-786.68378.43225.72657.78-763.78-886.92-753.64+//-/-*/+
-471.74/-453.95+482.87/202.39*-321.26/-712.45/-187.72/899.16+-842.2+322.78,322.78-842.2899.16-187.72-712.45-321.26202.39482.87-453.95-471.74/+/*///++
-256.27-406.94-892.37--929.83/950.01/211.6*-293.55+-404.49+160.85--414.08,-414.08160.85-404.49-293.55211.6950.01-929.83892.37406.94-256.27---//*++-
85.51--436.22+292.85/-514.93*141.01*612.97+979.52*-988.04*-893.87-855.95,--893.87-988.04979.52612.97141.01-514.93292.85-436.2285.51-+/**+**-
44.01/-898.63--398.53-428.97+-678.7/-459.25*-300.73/-293.14/794.51/-578.67,-578.67794.51-293.14-300.73-459.25-678.7428.97-398.53-898.6344.01/--+/*//+
572.26+-252.48+705.43/726.66-276.84/416.03--273.99+15.8-506.43+66.57,66.57506.4315.8-273.99416.03276.84726.66705.43-252.48572.26++/-/-+-+
-322.82--223.7/780.43-320.03*-666.12-626.76--38.99+444.57+800.72+-356.45,-356.45800.72444.57-38.99626.76-666.12320.03780.43/-322.82-/+*--+++
618.76/508.24-190.56/-427.64/-799.37*-647.43+-258.97-93.95*945.02+-279.36,-279.36945.0293.95-258.97-647.43-799.37-427.64190.56508.24618.76*-//*+-*+
-399.17--40.64--728.45*859.24*-423.46-551.18*-14.84*-492.98/-18.19/-782.43,-782.43-18.19-492.98-14.84551.18-423.46*-728.45-40.64-399.17--**-**//
-790.36/140.49/-653.55*808.57-286.19--176.56/-263.48-338.67+950.2-94.44,94.44950.2+-263.48-176.56286.19808.57-653.55140.49-790.36//*--/-+-
-141.95-557.07*742.95/-674.23/-165.57*962.04-407.42-979.4/354.64-393.81,393.81354.64979.4407.42962.04-165.57-674.23742.95557.07/-*//*--/-
888.22/783.55/-936.48--9.25/-278.1*523.22+980.99/-268.94--204.98*298.16,298.16-204.98-268.94980.99523.22-278.1-9.25-936.48783.55888.22//-/*//-*
212.25/-725.92+120.14+480.48-354.74--356.23+-604.53+-682.09*469.58*335.71,335.71469.58-682.09-604.53-356.23354.74480.48120.14-725.92212.25*++--++**
-32.42+257.0+570.19*885.9+922.51--752.61+587.64/-634.26*-946.51+-878.42,-878.42-946.51-634.26587.64-752.61922.51885.9+257.0-32.42++*+-+/*+
-748.82+-326.98--360.22+-507.75+943.68--566.06+513.18*514.54*-722.59*-955.21,-955.21-722.59514.54513.18-566.06943.68-507.75-360.22-326.98-748.82+-++-+*+*
640.39-17.34/-969.84-792.25--214.55/279.37/-781.04-130.1/-595.54+-524.28,-524.28-595.54130.1-781.04279.37-214.55792.25-969.8417.34640.39-/--//-/+
635.05+32.93-179.36*546.32+66.01+-420.39--398.49*-857.22/-603.97/577.7,577.7-603.97+-398.49-420.3966.01546.32179.3632.93635.05+-*++-*//
-472.96/924.64/9.68--780.95--255.65*183.7-344.0*-939.15/696.42+-917.42,-917.42696.42-939.15344.0183.7-255.65-780.959.68924.64///--*-*/+
873.52*193.41/145.45+16.44--963.56/-458.56*28.07/-89.41*-393.88--640.6,-640.6-393.88-89.4128.07-458.56-963.5616.44145.45193.41873.52*/+-/*/--
488.72/-908.64/327.74+589.99--556.6--906.03-878.35-468.98+-478.41*45.44,45.44-478.41468.98878.35-906.03-556.6589.99327.74-908.64488.72//+----+*
182.42*750.91+552.91+572.4--653.03/-520.34+446.73*-379.5+-645.85/513.72,513.72-645.85-379.5446.73--653.03572.4552.91750.91182.42*++-/+*+/
886.22*-266.43*-953.36/442.15+-546.43*-73.49*-43.26/900.34+-813.66+-559.84,*-813.66*-43.26-73.49-546.43442.15-953.36-266.43886.22**/+**/++
-782.36--61.93*-188.06/-928.56+309.19--580.79-372.65*248.99--488.45-374.08,374.08-488.45248.99372.65-580.79309.19-928.56-188.06-61.93-782.36-*/+--*--
-903.11--969.63+496.98+-202.28/660.53-187.48-648.15/833.71/862.07+557.53,557.53862.07-648.15187.48660.53-202.28*-969.63-903.11-++/--//+
-911.07-674.86/624.63+868.44+-638.36+-652.0/483.32--477.36+-868.32+-244.05,-244.05-868.32-477.36483.32-652.0-638.36868.44624.63674.86-911.07-/+++/-++
-600.98/-781.37+938.3*75.97+-413.46*293.76*596.6/155.59-228.22*-715.94,-715.94228.22155.59596.6293.76*75.97938.3-781.37-600.98/+*+**/-*
352.73*37.32--241.35/279.61+73.07+950.99--901.66/-850.12+-562.8--283.48,-283.48-562.8-850.12-901.66950.9973.07++37.32352.73*-/++-/+-
825.94-186.48*-775.85*-160.52*15.21/209.75*258.16/686.64/-760.53--931.9,-931.9-760.53686.64258.16209.7515.21--775.85186.48825.94-***/*//-
325.89/282.45+621.83+931.07--363.4-296.14--631.16*101.95/-288.33/-265.65,-265.65-288.33+-631.16296.14+931.07621.83282.45325.89/++---*//
-812.63--473.26/846.49+232.73*112.91+825.62*52.37/138.65*-805.8+-146.54,-146.54-138.6552.37825.62112.91232.73846.49-473.26-812.63-/+*+*/*+
-38.25+-442.21+594.14+-847.24/-139.43*845.73-101.38--909.16*-177.33+356.68,356.68-177.33-909.16101.38845.73-139.43-847.24594.14-442.21-38.25+++/*--*+
-648.24*493.82/-222.45-53.07/801.87*823.13+-930.44-420.36/448.99+423.69,423.69448.99420.36-930.44823.13801.8753.07-222.45493.82-648.24-/-/*+-/+
686.62-447.41/86.77+819.89+-299.12/344.33+673.72+-131.99-793.44+-917.21,-917.21793.44-131.99673.72344.33-299.12819.8986.77447.41686.62-+++/++-+
-721.94*-691.56*-924.68-806.6/-329.51/567.22-248.58-45.02+-99.46--79.01,-79.01-99.4645.02248.58567.22-329.51*-924.68-691.56-721.94**-//--+-
186.75*-321.45--866.55-158.49/793.35--619.39*-458.41+-494.21+-409.8*-837.49,-837.49-409.8-494.21-458.41-619.39793.35158.49-866.55-321.45186.75**-/**++*
262.72+-481.08+395.67/-433.75*583.48+-351.88/-997.43/819.03*841.95/-82.87,-82.87841.95819.03-997.43-351.88583.48-433.75395.67-481.08262.72++/*+//*/
340.39*-182.01+467.98-899.02--69.88--582.01*-950.71--40.58-51.01-32.35,+51.01-40.58-950.71-582.01-69.88899.02467.98-182.01340.39*+---*---
429.31/-744.39+37.9--375.97+147.22*-874.26+876.48/996.08/-548.52--3.62,-3.62-548.52996.08876.48-874.26147.22-375.9737.9-744.39429.31/+-+*+//-
-288.86/635.09/269.01/335.65/928.79--606.68*-842.75+-114.2-579.61*-492.59,-492.59579.61-114.2-842.75-606.68928.79335.65269.01635.09-288.86//+/-*+-*
-357.19--102.03*-868.83+-557.83*-16.46+622.8/-580.68*-23.14*224.2-814.26,814.26224.2-23.14-580.68622.8-16.46-557.83/-102.03-357.19-*+*+/**-
236.54--619.6*-730.7+750.08*570.59/-424.26/126.1-774.01-431.01--246.71,-246.71431.01774.01126.1-424.26570.59750.08-730.7-619.6236.54/*+*//---
-236.94--13.84*864.48+950.52/-560.61--613.15-970.69*-597.77*231.25/298.86,298.86231.25-597.77970.69-613.15-560.61950.52864.48-13.84-236.94-*+/--**/
-847.19--351.82--253.13-74.76/338.06-465.76-276.4*-594.64/-807.64*-515.8,-515.8-807.64-594.64276.4465.76338.0674.76-253.13-351.82-847.19---/--*/*
719.26/439.54*972.99/-114.43/232.51*-494.63*859.7--320.16-476.85-435.51,435.51476.85-320.16859.7-494.63232.51-114.43972.99439.54719.26/*/+**---
-218.25+512.45*-124.67/451.6/-135.87+-918.12+-729.13/39.61+531.29-197.68,197.68531.2939.61-729.13-918.12-135.87451.6-124.67512.45-218.25+*///+/+-
452.15/410.71/812.48*-550.88/453.12-651.06/39.88--568.4/973.7*-626.69,-626.69973.7-568.439.88651.06453.12-550.88812.48410.71452.15//*/-/-/*
411.39/662.59/583.26/930.25+225.92--631.65*52.7-26.29+110.76/-822.81,-822.81110.7626.2952.7-631.65+930.25583.26662.59411.39///+-*++/
26.58-304.1+-824.1--440.23-718.0/-563.56--81.78/393.94+-679.92*-589.96,-589.96-679.92393.94-81.78-563.56--440.23-824.1304.126.58-+--/-/+*
-87.73+220.38+-886.54-490.98-123.28/-778.54/-819.58+-171.77-261.92/785.29,785.29261.92+-819.58-778.54123.28490.98-886.54220.38-87.73++---/+-/
-96.81--214.51/364.88/865.86/-780.46--863.64/-47.23+-573.84+728.54+-404.32,-404.32728.54-573.84-47.23-863.64-780.46865.86364.88-214.51-96.81-///-/+++
-879.71/-441.78-60.72--222.16--671.94+49.95/-887.67/-353.06-543.86/-598.73,-598.73543.86-353.06-887.6749.95/-222.1660.72-441.78-879.71/---+//-/
-461.46/451.43*292.49/80.34*-367.19/371.76/43.74--783.66+-804.62/583.83,583.83-804.62-783.6643.74371.76-367.1980.34292.49451.43-461.46/*/*///+/
536.12*-576.04*-118.38*-189.3/-337.76*370.84+-688.33/-61.82*-470.46*903.6,903.6-470.46-61.82-688.33370.84-337.76-189.3-118.38-576.04536.12***/*+***
-380.51+-274.83-742.35/444.83/-285.56--679.03--950.99-480.65/105.88--197.82,-197.82*480.65-950.99-679.03-285.56444.83742.35-274.83-380.51+-//---/-
-112.58+315.21*459.97*133.39/-578.14+-558.8+842.23*647.23/-367.68+-779.32,-779.32-367.68647.23/-558.8-578.14133.39459.97315.21-112.58+**/++*/+
400.3+411.42*50.61*624.96/-643.59/-423.3/356.54--546.17/569.38--278.5,-278.5569.38-546.17356.54-423.3-643.59624.9650.61411.42400.3+**///+/-
829.95/-666.07+-516.46/-564.55--797.43--353.37/337.08*270.44*300.67/-530.48,-530.48300.67270.44337.08-353.37-797.43-564.55-516.46-666.07829.95/+/--/**/
-85.37/616.29/-491.26/-8.91+631.46-390.22/-843.38*289.52-575.86+876.92,876.92575.86289.52-843.38390.22631.46-8.91-491.26616.29-85.37///+-/*-+
350.0+-555.49*826.92/-900.28--662.36+-235.11-671.03*73.86/780.42*-538.85,-538.85780.4273.86671.03-235.11-662.36-900.28826.92-555.49++*/-+-*/*
403.99*-430.93*-361.05*-737.62/15.15/-608.45-87.17--968.87--274.84+175.82,175.82-274.84+87.17-608.4515.15-737.62-361.05-430.93403.99***//---+
-821.45/837.01+-641.86*721.38+808.8-536.8-500.16*-984.25*-258.82*725.13,725.13-258.82-984.25500.16536.8808.8721.38-641.86837.01-821.45/+*+--***
-205.88/325.7/249.9+-775.79+120.43*-3.44*-654.26/241.24+-514.16*541.62,541.62-514.16241.24-654.26-3.44120.43-775.79249.9325.7-205.88//++**/++
-564.21/96.91-673.0-253.6-390.8-610.39/-98.85/849.38+-580.81/748.86,748.86-580.81849.38-98.85610.39390.8253.6673.096.91-564.21/----//+/
157.03-900.4/211.07*-620.18*-649.44--819.91+-158.29*821.5+858.86*542.91,542.91858.86821.5-158.29-819.91-649.44-620.18211.07900.4157.03-/-**+*+*
255.45+127.7*273.26+665.21/-732.09/979.5+878.3/-86.67/-541.0--569.66,-569.66-541.0-86.67878.3979.5-732.09665.21273.26127.7255.45+*+//+//-
-53.59+-659.3+-621.18+303.31-560.5+171.39/190.68+644.81/-986.88--786.77,-786.77-986.88+190.68171.39560.5303.31-621.18-659.3-53.59+++-+/+/-
902.65*802.03*67.16/-658.81*79.15*-833.8/-578.23*-21.06*-244.75+422.03,422.03-244.75-21.06-578.23-833.879.15-658.8167.16802.03902.65**/**/**+
-720.38+328.25+-201.12*701.88--531.1*-107.95-164.61*-521.14+-889.01*273.47,273.47-889.01-521.14164.61-107.95-531.1701.88-201.12328.25-720.38++*-*-*-*
-373.96*-404.36/852.88-322.77+-770.96/248.07-266.06/919.43/-805.3/249.27,249.27-805.3919.43266.06248.07-770.96322.77852.88-404.36-373.96*/-+/-///
525.26/783.77-887.95*835.51*-515.91*-98.79/514.05/638.75/378.81+426.57,426.57378.81638.75514.05-98.79-515.91835.51887.95783.77525.26/-***///+
-508.62+-819.76+-347.56/-395.45/538.29/-460.41+-914.73*-958.78-73.85*-858.71,-858.7173.85-958.78-914.73-460.41538.29-395.45-347.56/-508.62++///+*-*
825.17/-860.28--885.02/86.76*-632.35--462.12+-37.09*-408.76/306.31--999.7,-999.7306.31-408.76-37.09-462.12-632.3586.76-885.02-860.28825.17/-/*-+*/-
-364.47/429.52*-939.89*-825.99/-715.13/190.58/311.33-820.12/-440.06-976.9,976.9-440.06820.12311.33190.58-715.13-825.99-939.89429.52-364.47/-*///-/-
-761.51-753.68*-769.39/3.79/-631.43-240.29+-512.82*221.97--79.26/-980.8,-980.8-79.26221.97-512.82240.29-631.433.79-769.39753.68-761.51-*//-++-/
699.07/140.16--546.29/842.06*174.24/647.34+-272.41/-647.26*-950.26*-70.5,-70.5-950.26-647.26-272.41647.34174.24842.06-546.29140.16699.07/-/*/+/**
-863.42/607.94+109.42/436.78*-297.19+-743.59-599.02-98.69/-436.2-131.08,131.08-436.298.69599.02-743.59-297.19436.78109.42607.94-863.42/+/*+--/-
67.46*808.73*-204.11/-508.46-962.46+-606.68*-310.01+-668.19/-790.15/792.45,792.45-790.15-668.19-310.01-606.68962.46/-204.11808.7367.46**/-+*+//
596.04/-196.85+985.97-958.95/-300.29+818.97+-701.57-562.17/597.76*-349.86,-349.86597.76562.17-701.57818.97-300.29958.95985.97/596.04/+-/++-/*
561.53/-207.27-11.32+-509.39+31.49--554.08*-455.93*623.6/-579.72/-825.69,-825.69-579.72623.6-455.93-554.0831.49-509.3911.32-561.53/-++-**//
-798.31*717.75--223.92-460.02-315.53-991.34+-323.1+837.84*942.64+-870.39,-870.39942.64837.84-323.1991.34315.53460.02*717.75-798.31*----++*+
-711.98--161.44/-580.17*-570.21+-715.77/555.42-838.31/723.75*-108.48*-429.38,-429.38-108.48723.75838.31555.42-715.77-570.21-580.17-161.44-711.98-/++/-/**
642.76*-367.29*-658.96--997.36/368.22*-459.03--936.16+355.52-804.46*555.05,555.05804.46355.52-936.16-459.03368.22-997.36-658.96-367.29642.76**-/*-+-*
-101.87*-29.71/428.14+271.83*916.49-974.86--716.14*-389.1/-938.52+281.17,281.17-938.52-389.1-716.14974.86916.49271.83428.14-29.71-101.87*/+*--*/+
-994.9+-158.55/-621.89--815.73/-721.05--491.55/711.69--520.85*30.37+703.66,703.6630.37-520.85711.69-491.55-721.05/-621.89-158.55-994.9+/-/-/-*+
959.8--366.45*799.45+708.56+-161.0+-88.07+-519.7-435.6+662.49+945.15,945.15662.49435.6-519.7-88.07+708.56799.45-366.45959.8-*++++--+
60.62/982.49/13.41*-898.38*353.46/-631.87/-502.3/-628.2+-578.2*289.9,289.9-578.2-628.2-502.3-631.87353.46-898.3813.41982.49-//**///+*
-731.83*872.05-476.59*903.37*-997.13-4.5*822.03-336.51+491.65/101.99,101.99491.65336.51822.034.5-997.13903.37476.59872.05-731.83*-**-*--/
143.01-435.38*165.92*834.43--890.91+-577.38-885.94/433.35-972.08+-662.69,-662.69972.08433.35885.94-577.38-890.91834.43165.92435.38143.01-+*-+-/-+
273.44+948.53/366.93+-698.61/797.21-26.75-847.47--515.88/94.95/-484.59,-484.5994.95-515.88847.4726.75797.21-698.61366.93-273.44+/+/---/+
968.1/412.6*60.76/528.75--791.98-387.2-588.34/-559.05-683.33/-924.31,-924.31683.33-559.05588.34387.2*528.7560.76412.6968.1/*/---/-/
484.57--333.66+246.66-12.03/-969.62/142.38*-692.45*-601.44*573.55*-473.74,-473.74573.55-601.44-692.45142.38-969.6212.03246.66-333.66484.57-*+//****
138.98/525.19--53.17--478.43-545.82-416.56--34.78+977.53*-999.63+320.76,320.76-999.63977.53-34.78416.56545.82--53.17525.19138.98/---*-+*+
-948.26*-364.05*-478.59-523.04/-57.57*869.41+-190.54+-341.08*72.58*347.69,347.6972.58-341.08-190.54869.41-57.57523.04-478.59-364.05-948.26**-/*+++*
43.45-321.65--855.03*385.33/773.29/-143.11--821.37/602.12-981.02*-890.19,-890.19981.02602.12-821.37-143.11773.29385.33-855.03321.6543.45--*//-/-*
588.96--936.09*417.1*169.83+929.13/654.41+-666.66--353.59+-428.0/372.33,372.33-428.0-353.59-666.66654.41929.13169.83417.1-936.09588.96-**+/+-+/
-53.03+-274.55--344.3/-912.7+-23.54+-36.65+876.4+484.96--562.51/318.07,--562.51484.96876.4-36.65-23.54-912.7-344.3-274.55-53.03+-/++++-/
-135.09-769.32*831.75/24.13-846.98*-317.93*-337.62-783.39+-311.07-802.53,802.53-311.07783.39-337.62-317.93846.9824.13+769.32-135.09-*/-**-+-
61.58+-800.01*-377.5+798.9+-852.85*-955.42/450.86*355.68*469.07-38.21,*469.07355.68450.86-955.42-852.85798.9-377.5-800.0161.58+*++*/**-
453.15*-154.45-170.32/-656.35+-295.09*-335.09--28.03--962.81+361.38-46.14,46.14361.38-962.81-28.03-335.09-295.09-656.35170.32-154.45453.15*-/+*--+-
-225.07+-773.58+-930.8+-599.0+-366.02/918.21--325.58*997.51*-230.22--828.34,-828.34-230.22997.51-325.58918.21-366.02-599.0-930.8-773.58-225.07++++/-+*-
-497.5+-188.96*395.01--161.51*-546.45-817.49/-247.54--355.34-753.24--236.19,-236.19753.24-355.34-247.54817.49-546.45-161.51395.01/-497.5+*-*-/---
168.8--164.62/660.82*856.87/-267.73/530.03*895.67*-495.26*-963.86-183.56,183.56-963.86-495.26895.67530.03-267.73+660.82-164.62168.8-/*//***-
295.66+275.18/602.99*-68.56*-337.36+-953.35/-902.89+-704.11/307.01*631.17,631.17307.01-704.11-902.89-953.35-337.36-68.56602.99275.18295.66+/**+/+/*
-91.82/962.05-144.93*-584.62*7.12/149.01*-207.25*725.11--506.7--420.34,-420.34-506.7725.11-207.25149.017.12-584.62144.93962.05-91.82/-**+**--
-111.91--221.2-119.15/-980.14--706.52/-631.23-455.57*430.16+-354.14-951.91,951.91-354.14430.16455.57-631.23-706.52-980.14119.15-221.2-111.91--/-/-*+-
607.17-481.83--793.48-874.91--264.09+315.25+-583.02+312.51+450.45/-19.71,-19.71450.45312.51-583.02315.25-264.09874.91-793.48481.83607.17----++++/
741.69+259.99/654.54+258.96--228.69+517.52*50.33-730.94-623.1*-841.87,-841.87623.1730.9450.33517.52-228.69258.96654.54259.99741.69+/+-+*--*
-739.04/-302.61*-254.94--4.14*-271.17-866.78+-74.16/52.58-301.98--822.65,-822.65301.9852.58-74.16*+-4.14-254.94-302.61-739.04/*-*-+/--
-70.37/-687.36*-781.22+-599.41*-872.57+509.63+-287.05/833.07+-137.83--705.71,-705.71-137.83833.07-287.05509.63-872.57-599.41-781.22/-70.37/*+*++/+-
434.72-365.72+983.81+713.75*-347.24*-117.11/-108.64/-994.36*975.45--24.74,-24.74975.45-994.36-108.64-117.11-347.24713.75983.81365.72434.72-+***//*-
-41.6*442.77--376.07/-684.58*184.62/-281.83--623.47--577.38/-370.17+18.3,18.3-370.17-577.38-623.47-281.83184.62-684.58-376.07442.77-41.6*--*/--/+
702.17/415.5*403.59+150.11*115.77*370.03/733.35*478.79+162.79/892.82,892.82162.79478.79733.35370.03115.77150.11403.59415.5702.17/*+**/*+/
-350.69+759.84*708.76--601.62*-560.48+-959.34/55.65+-954.74+-792.3*-467.71,-467.71-792.3-954.7455.65-959.34/-601.62-759.84-350.69+*-*+/++*
-471.63/-116.33/798.43-836.89*676.12*-607.09/80.92/532.53/892.3--895.22,-895.22892.3532.5380.92-607.09676.12836.89798.43--471.63+/-**///-
-355.11-586.55+889.11-718.03--239.29/-796.49*-968.76*-417.67--445.6-435.02,435.02-445.6-417.67-968.76+-239.29718.03889.11586.55-355.11-+--/**--
-496.26/419.03/-353.84--18.33*-859.67*-543.41/721.54+-815.03*461.49/-455.95,-455.95461.49-815.03+-543.41-859.67-18.33-353.84419.03-496.26//-**/+*/
767.09+335.45+271.3*-436.5--805.56*222.51-898.93/750.35*514.74-669.79,669.79514.74750.35*222.51-805.56-436.5271.3335.45767.09++/-*-/*-
4.18+328.53*-882.28/762.03*123.09*840.96*-659.38--283.97--522.89--480.14,-480.14-522.89-283.97-659.38840.96123.09762.03-882.28328.534.18+*/***---
934.34+419.76--655.96+-61.43+-440.59/866.12+762.14*-702.29+164.25*324.39,324.39164.25-702.29762.14866.12-440.59-61.43-655.96419.76934.34+-+//+*+*
-611.97/-260.04+-209.5+810.45/334.9+0.39--314.78*29.13/-569.4/112.15,112.15-569.429.13-314.780.39334.9810.45-209.5-260.04-611.97/++/--*//
-872.02/-621.83*-774.39--715.19+852.92--207.94-717.81-580.63+29.33+-19.82,-19.8229.33580.63717.81-207.94852.92-715.19-774.39-621.83-872.02/*-+--/++
602.59+985.16/979.37+-478.71-400.7--51.24+383.53+-818.46*-732.46--959.98,-959.98-732.46-818.46*-51.24400.7-478.71979.37985.16*+/+--++*-
-614.4/509.41+-837.98-248.47/-382.43+118.67-409.84+221.66*446.22+-360.47,-360.47446.22221.66409.84118.67-382.43248.47-837.98509.41-614.4/+-/+-+*+
726.38+564.5+-364.04--910.98+840.3*94.79-151.88+-720.49--625.81-590.22,590.22-625.81-720.49151.8894.79840.3-910.98-364.04/726.38++-+*-+--
763.15*-785.86-494.03+373.54--58.35*-591.33/-467.7+287.7*561.0-828.55,-561.0287.7-467.7-591.33-58.35373.54494.03-785.86763.15*++-*/+*-
627.85*920.86+233.63/-744.79-691.85/-715.14/791.51*907.88/-487.32/-605.33,-605.33-487.32907.88791.51-715.14691.85-744.79233.63920.86627.85*+/-/-*//
-587.1+-771.33+196.74+-453.28/611.21*980.58-818.43-595.55*-640.12/523.45,523.45-640.12595.55818.43980.58611.21-453.28196.74*-587.1+++/*--*/
-657.73*-507.11-471.62+212.35*418.64-109.4/-559.1/93.31+845.66+-59.53,-59.53845.6693.31-559.1109.4418.64212.35471.62-507.11-657.73*-++-//++
-661.17*183.58+-7.35+558.68*-200.76*-937.06*82.01-871.25+721.58*-437.94,-437.94721.58871.2582.01-937.06-200.76558.68-7.35183.58-661.17*++***-+*
662.27--829.5-12.84+-463.04/565.83-578.46--752.71-852.45*-524.35+393.87,393.87-524.35852.45-752.71578.46565.83-463.0412.84-829.5662.27--+/---/+
-454.62+847.57/-319.81-501.79-677.77/-215.97-168.88/-499.88+-960.05-408.96,408.96-960.05-499.88168.88-215.97677.77501.79-319.81*-454.62+/--/-/+-
-388.8/357.77+484.61*486.85/855.5+825.48/862.0/-573.07+-457.55+8.08,8.08-457.55-573.07862.0-855.5486.85484.61357.77-388.8/+*/+//++
344.64+435.33/-650.97-780.69/328.77*-348.63*-587.02*151.44+224.91-772.21,772.21224.91151.44-587.02-348.63328.77780.69-650.97435.33344.64+/-/***+-
-664.42+-46.39*-935.62+-42.86+-728.79-926.68--814.36*-857.49/408.8+412.12,412.12408.8--814.36926.68-728.79-42.86-935.62-46.39-664.42+*++--*/+
-450.1+89.71--782.04*-963.4-663.14*219.34/-566.1*200.81+-178.32*-725.86,-725.86+200.81-566.1219.34663.14-963.4-782.0489.71/+-*-*/*+*
715.89-752.5-685.72-348.27-39.72*-254.33--93.38--137.15*87.33--755.35,-755.3587.33+-93.38-254.3339.72348.27685.72752.5715.89----*+-*-
551.84+384.42*-376.17/55.0+95.47/22.98/439.5/-897.65*714.91/-262.67,-262.67714.91-897.65439.522.98/55.0-376.17384.42551.84+*/+///*/
775.35-49.34/824.63*5.54--864.48-411.87+-844.49/396.52*376.87*765.05,765.05376.87396.52-844.49411.87-864.485.54824.6349.34775.35-/*--+/**
807.06/-797.9/9.8+-703.47*-148.06+899.45/875.79+-993.21/-103.32/597.34,597.34-103.32-993.21875.79899.45-148.06-703.47--797.9807.06//+*+/+//
521.07*-257.79-964.25+254.3*-282.95*604.03+802.47+381.61/638.78+972.88,972.88638.78381.61/604.03-282.95254.3964.25-257.79521.07*-+**++/+
141.72/-126.74*-353.74+991.13/386.8--452.11-442.82*164.58/-881.08+352.98,352.98-881.08-442.82-452.11386.8991.13-353.74-126.74141.72/*+/--*/+
-988.82/-467.23*-421.15/-941.14*-772.55*136.21*-486.86+-952.66/-197.76+-187.06,-187.06-197.76-952.66-486.86136.21-772.55-941.14-421.15-467.23-988.82/*/**-+/+
-336.2/-190.72/-624.84/-655.37--433.17/-854.7--684.83/489.07+726.15*233.26,233.26726.15489.07-684.83-854.7+-655.37-624.84-190.72-336.2///-/-/+*
-949.9--576.39--307.64-920.48*-134.05/818.09+980.28+971.4+-889.14+819.18,/-889.14971.4980.28818.09-134.05920.48-307.64-576.39-949.9---*/++++
-977.88-333.74*232.13*300.42/921.02+36.29/550.78+-75.71*810.46/-882.66,-882.66810.46-75.71550.7836.29921.02300.42232.13333.74-977.88//*/+/+*/
-775.37*157.02*-519.6+492.06/-481.57-144.83-488.07+-260.27/-152.86/-992.31,-992.31-152.86-260.27488.07144.83-481.57492.06-519.6157.02-775.37**+/--+//
-485.82--450.42/-836.81/398.13*573.02*-743.15*370.09--540.77+-211.92*504.33,504.33-211.92-540.77370.09-743.15573.02398.13-836.81-450.42-485.82-//***-+*
-655.41/199.39--728.22/-399.38*809.5*-583.45*553.23*312.62*22.57--177.4,-177.422.57312.62553.23-583.45809.5-399.38-728.22199.39-655.41/-//****-
451.41-943.58*36.68/-925.3/87.6-633.89*-943.72+-840.19+-307.0/280.37,280.37-307.0-840.19-943.72633.89+-925.336.68943.58451.41-*//-*++/
-925.58--788.69+-205.09-780.68-642.56--322.18--459.49/-896.59--190.66--281.62,-281.62-190.66-896.59-459.49-322.18642.56780.68-205.09-788.69-925.58-+----/--
-954.1*997.73*-760.44+108.51*-342.93+-564.05/420.76-302.64*258.47*-74.81,/258.47302.64420.76-564.05-342.93108.51-760.44997.73-954.1**+++/-**
-449.09+719.0--8.32/-823.71-192.19/542.71/802.98-10.3+-408.33--900.41,-900.41-10.3802.98542.71192.19-823.71-8.32719.0-449.09+-/-//-++
-221.49+-136.79--317.03+-765.53+882.77-534.76*-322.47*-551.47-976.36/-858.68,-858.68976.36-551.47-322.47534.76882.77-765.53-317.03-136.79-221.49+-++-**-/
-181.74*354.4/329.94--322.93+-871.66+-214.8*97.05/554.6--851.94-369.51,369.51-851.94554.697.05-214.8-871.66-322.93329.94354.4-181.74*/-++*/--
-136.79/-687.45+-115.0/-397.37-79.47--59.27*353.45+921.96*274.16*-674.31,-674.31274.16921.96353.45-59.2779.47-397.37-115.0+-136.79/+/--*+**
-331.58--382.61--686.33*-22.65+-534.14-991.33*-185.92*7.32+-643.95/-839.25,-839.25-643.957.32-185.92991.33-534.14-22.65-686.33-382.61-331.58--*+-**+/
722.69*618.65+-870.9-501.22--747.61*-18.06*344.06-272.24+120.18+219.29,219.29120.18272.24344.06-18.06-747.61501.22-870.9618.65722.69*+--**-++
915.05--933.55--618.82/-106.26*364.15--22.91*-824.57/840.1*-475.21--754.58,-754.58-475.21840.1-824.57-22.91364.15-106.26-618.82*915.05/-/*-*/*-
-726.82/191.51--202.66--290.91--386.32-801.65-458.73*271.72-455.24+287.35,287.35455.24/458.73801.65-386.32-290.91-202.66191.51*/-----*-+
-426.55*-458.63+-535.5/-517.49+-192.97-297.2+764.62/-836.15/28.53--909.02,-909.0228.53-836.15764.62297.2-192.97-517.49-535.5-458.63-426.55*+/+-+//-
-362.95+-46.14*-763.25/-936.31-853.99*-706.43-174.13*899.25*-90.54*578.49,578.49-90.54899.25174.13-706.43853.99-936.31-763.25-46.14-362.95+*/-*-***
-644.87+-316.62--748.22+768.83+293.35--41.87/32.03*-518.88/-336.06+-620.03,-620.03-336.06-518.8832.03-41.87293.35768.83-748.22-316.62*+-++-/*/+
899.35--383.67*-11.81/-877.63*-95.52+469.84/-843.52--929.97*495.88/974.59,974.59495.88-929.97-843.52469.84-95.52-877.63-11.81-383.67899.35-*/*+/-*/
491.92+-15.49*-446.6/982.71+786.96+101.92*474.31--823.79-701.21--945.59,-945.59701.21-823.79474.31101.92786.96982.71-446.6-15.49491.92+*/+/*---
-577.41-783.24*95.41/784.25/-43.18-415.45--75.97*925.77+-487.44+-332.43,-332.43-487.44925.77-75.97415.45-43.18784.2595.41783.24-577.41-*//--*++
266.67--819.26/481.55+977.89*-361.02/-847.24*347.26+-47.78/984.24+-72.27,+984.24-47.78347.26-847.24-361.02977.89481.55-819.26266.67-/+*/*+/+
518.73+514.67*-25.77/-337.42+-106.3--712.26+-15.7-652.68*159.42+172.73,172.73+652.68-15.7-712.26-106.3-337.42-25.77514.67518.73+*/+-+-*+
-799.8+-538.35*-377.5/-5.24+-11.01*295.79/57.04+-213.72-191.32*415.62,415.62191.32-213.7257.04295.79-11.01-5.24-377.5-538.35-799.8+//+*/+-*
149.28+-753.56+-586.66*-419.73*-621.74/-922.4*-222.29/714.23-73.8+-377.26,-377.2673.8714.23-222.29+-621.74-419.73-586.66-753.56149.28++**/*/*+
954.66+48.54*143.88/613.66+-564.05*-747.27+-305.07+-705.8*213.12--951.39,-951.39213.12*-305.07-747.27-564.05613.66143.8848.54954.66+**+*++*-
777.01/702.99--957.39--322.04+511.0*-277.49/-711.07+551.89/-596.27+70.62,70.62/551.89-711.07-277.49511.0-322.04-957.39702.99777.01/--+**+/+
-0.74/700.04*-554.97-260.85*805.87--169.59-126.01+-588.52--128.48+-976.47,-976.47-128.48-588.52126.01-169.59-260.85-554.97700.04-0.74/*-*--/-+
86.18+-743.62*996.85/-268.64-945.29-158.06-788.93*-574.05+-85.24-275.28,275.28-85.24-574.05+158.06945.29-268.64996.85-743.6286.18+*/-/-*+-
-316.58*-63.9/44.25--532.93*613.33/-907.38/-147.63/-872.84--613.13/-593.91,-593.91-613.13-872.84-147.63-907.38613.33*44.25-63.9-316.58*/-*///-/
152.17-850.29/394.42*-273.71+547.82/377.27+620.05/-484.3*455.05--983.55,-983.55455.05-484.3620.05377.27547.82-273.71394.42850.29+-/*+/+/*-
371.16*-186.74-607.68/-208.56*702.65--897.88/-318.82+-871.35*-720.47*576.21,576.21-720.47-871.35-318.82-897.88702.65-208.56607.68-186.74371.16*-/*-/+**
578.57-372.36+682.94--913.32/-750.48*498.86--314.71+568.12/90.0--551.01,-551.0190.0568.12*498.86-750.48-913.32682.94372.36578.57-+-+*-+/-
812.75+536.08+962.75+-869.2*428.32--120.05+-885.08+-266.77/-438.61-480.07,480.07-438.61-266.77-885.08-120.05428.32-869.2962.75536.08812.75+++*-++/-
-676.47*-976.92*303.86-576.82/836.02-354.18*323.68*174.61+-506.75--358.7,-358.7-506.75174.61323.68354.18-576.82303.86-976.92-676.47**-/-**+-
813.49--346.38+-888.46--395.59/616.7/-364.38-980.21*421.33-302.99*24.54,24.54302.99421.33980.21/616.7-395.59-888.46-346.38813.49-+-//-*-*
-935.4/-239.13-474.54*-773.44*665.81*974.59*-962.72-31.18-523.84*-823.61,-823.61523.8431.18-962.72974.59665.81-773.44474.54-239.13//-/***--*
-870.79--548.75-511.22/-415.18--831.27*-569.94+195.8*787.62-957.13/-552.21,-552.21957.13787.62195.8-569.94-831.27-415.18511.22-548.75-870.79--/-*+*-/
-250.15*989.87+-538.92-152.16+846.3+-784.51*-834.15/110.77+-378.52/-404.72,-404.72-378.52110.77-834.15-784.51846.3152.16-538.92989.87-250.15*+-++*/*/
72.33-566.5-912.37+-426.47/202.69*525.52*-971.25*-609.89*-619.65+-702.99,-702.99-619.65-609.89-971.25525.52202.69-426.47912.37566.572.33---/****+
-928.84*920.06/-803.28+873.32*626.54*-228.23+929.96-430.99/-940.83*-535.63,-535.63-940.83430.99929.96-228.23626.54873.32-803.28920.06-928.84*/+**+-/*
959.91/-856.93--236.69/-797.81+821.95/834.58-241.92/317.17*947.04+-244.76,-244.76947.04317.17241.92834.58821.95-797.81-236.69-856.93959.91/-/+/-/*+
-321.28/-938.75+427.05/-737.67*-475.22+863.7/-592.96+109.6/-884.48--466.02,-466.02-884.48109.6-592.96863.7-475.22-737.67427.05-938.75-321.28/+/*+/+/-
856.73/732.66/-160.03-430.34*259.7*-949.81*884.24--765.16+944.54*349.46,349.46944.54-765.16884.24-949.81+430.34-160.03732.66856.73//-***++*
436.64+684.59-462.3-303.01+293.58*982.52--565.96*449.1-411.14*-792.97,/411.14449.1-565.96982.52293.58303.01462.3684.59436.64+--+*-*-*
-226.43*-743.59+-189.77/749.52+-242.08-569.9/814.94*559.85+-405.62+-417.02,-417.02-405.62559.85814.94569.9-242.08749.52-189.77-743.59-226.43*+/+-/*++
-539.63+591.73*-507.04+156.88-61.68+395.1+-20.32*-249.32*-441.39+7.39,7.39-441.39-249.32-20.32395.161.68156.88-507.04591.73-539.63+*+-++**+
-395.14/-947.38*381.04+-591.18-142.08+-714.93-486.37/-896.35*-57.16-447.79,447.79-57.16-896.35486.37-714.93142.08-591.18381.04-947.38-395.14/*+-+-**-
-34.58-708.48+-821.39/494.78-478.41--183.46*148.62*577.23-704.75*-159.86,-159.86704.75577.23148.62-183.46478.41494.78/708.48-34.58-+/--**-*
-822.09+-680.2+318.63--333.22+890.31/-596.7*-144.95--422.51*-56.69/-794.68,-794.68-56.69-422.51-144.95-596.7+-333.22--680.2-822.09++-+/*-*/
-784.37*-333.56+470.48/-247.09/-477.39+244.23-290.09/3.92+-40.69+676.25,676.25-40.69/290.09244.23-477.39-247.09470.48-333.56-784.37*+//+-/++
511.88-512.45/-486.36+12.54*-375.13*344.93/-614.25*618.55+967.69/821.51,821.51967.69618.55-614.25344.93-375.1312.54-486.36*511.88--+**/*+/
326.64/153.85/-266.71--6.07+-368.75--33.47*-802.5--112.27*-484.67+675.53,675.53-484.67-112.27+-33.47-368.75-6.07-266.71153.85326.64//-+-*-*+
73.74*-581.11/-860.11*724.6-717.71--217.65*625.73+504.1-499.16*-926.33,-926.33499.16504.1625.73-217.65717.71724.6-860.11-581.1173.74*/*+-*--*
-642.13/-538.25+-440.61+134.02*459.6*592.78+-255.74*640.87+-978.47-99.81,+-978.47640.87-255.74592.78459.6134.02-440.61-538.25-642.13/++**+*+-
777.87+-514.75/-283.81/888.56+156.48--229.77*-316.54+-799.49/985.82+756.34,+985.82-799.49-316.54-229.77156.48888.56-283.81-514.75777.87+//+-*+/+
-484.52+999.55*-72.46/968.39+599.56/-433.95+133.89*-228.2*485.93/992.32,992.32485.93-228.2133.89-433.95599.56968.39-72.46999.55-484.52+**+/+**/
-511.36+-994.94+-820.68-490.68*775.82/157.85*-852.57+-413.36+579.0*539.2,-579.0-413.36-852.57157.85775.82490.68-820.68-994.94-511.36++-*/*++*
69.22--77.88+100.73-139.8/430.56/869.12*-320.51+-246.0--371.07--888.35,-888.35-371.07--320.51869.12430.56139.8100.73-77.8869.22-+--/*+--
-765.63+-241.18-453.66*298.95/979.36/111.66/418.27+-680.96/466.03+-862.71,-862.71466.03-680.96418.27111.66979.36298.95453.66-241.18*+-*///+/+
-242.86/586.77--362.12*161.67*-702.73/-424.84--60.93+60.79/-847.39/976.25,976.25-847.3960.79-60.93-424.84-702.73161.67-362.12586.77-242.86/-**/-+//
-449.27+965.8*858.42*213.11+718.71*255.33*-286.89/-951.15--24.01*-325.23,-325.23-24.01-951.15-286.89255.33718.71213.11858.42965.8-449.27***+**/-*
681.7/-49.79*272.69+544.49/-773.5*-797.56+-347.64--45.24--330.45+580.24,580.24-330.45-45.24-347.64-797.56-773.5544.49272.69-49.79+/*+/*+--+
-352.63--35.81*-967.84--582.94--31.45*-881.2+232.96-441.82*-202.13*357.02,357.02-202.13441.82232.96-881.2-31.45-582.94-967.84-35.81-352.63-*--*+-**
845.87/-66.6*-583.92*-422.18*-799.76/958.44-296.86-300.53*770.32+-308.63,-308.63770.32300.53296.86958.44-799.76-422.18-583.92-66.6845.87/***---*+
286.07*-883.3/-899.46+-189.23/305.92+-607.81*704.68-995.17*-135.26--792.86,-792.86-135.26/704.68-607.81305.92-189.23-899.46-883.3286.07*/+/+*-*-
312.33*608.55--736.9/274.7*710.42*-197.63/582.33-223.21+-419.53*-803.69,-803.69-419.53223.21582.33-197.63710.42274.7-736.9608.55312.33*-/**/-+*
-33.21-783.82/-280.94+-670.68/-765.78*956.24/847.99+-282.42+618.23/-939.29,-939.29618.23-282.42847.99956.24-765.78-670.68-280.94783.82-33.21-/+/*/++/
543.79*-437.59*-110.69/-886.5+3.06-190.39*-415.55+-565.82*581.12+-538.72,-538.72581.12-565.82-415.55190.393.06-886.5*-437.59543.79**/+-*+*+
579.14*420.12*-790.74+-568.56*-435.91/-247.62-354.78+-765.11/1.3*-833.49,-833.491.3-765.11354.78-247.62-435.91-568.56-790.74420.12579.14**+*/-+/*
-855.48--826.21/881.24/559.88/-893.48+685.47/461.87--524.6-779.04/-464.15,-464.15779.04-524.6461.87685.47-893.48559.88881.24-826.21-855.48-///+/--/
836.62*-812.3+919.18-360.37*-359.4*-883.1-586.37*-499.42--738.55+927.08,927.08-738.55-499.42586.37-883.1-359.4360.37919.18-812.3836.62*+-**/*-+
372.26+131.08+128.65+-193.48/-827.19+-561.3*-940.12/-313.56*306.17-15.78,15.78306.17-313.56-940.12-561.3-827.19-193.48128.65131.08372.26+++/+*/*-
-204.76*643.2-737.94--999.03/139.88+-189.89*370.41*895.84*848.52+-884.67,-884.67848.52895.84370.41-189.89139.88-999.03737.94643.2-*--/+***+
-353.87-320.96--708.38*-856.32*40.14/-774.47-459.0*380.7*-900.88-809.41,809.41-900.88380.7459.0-774.4740.14-856.32-708.38320.96-353.87--**/-**-
-663.97+210.2+827.62-300.3*12.19+-558.91+426.26--473.13*239.27+255.14,255.14239.27-473.13+-558.9112.19300.3827.62210.2-663.97++-*++-*+
-280.94+-347.24*-782.18+-159.01/442.09*-282.09/346.86+684.53+-396.57*-420.54,-420.54-396.57*/-282.09442.09-159.01-782.18-347.24-280.94+*+/*/++*
-958.49+26.69-293.62+-516.18*933.4-976.56/-631.37+-369.6/-33.43+-939.46,-939.46-33.43-369.6-631.37976.56933.4-516.18293.6226.69-958.49+-+--/+/+
582.48--357.73-505.15*-660.26--901.63/803.77-832.71/-417.44/-565.89/640.25,640.25-565.89-417.44832.71803.77-901.63-660.26505.15-357.73582.48--*-/-///
-327.91*276.73--659.8+941.07-641.46--715.05*527.46--228.36*797.04+619.03,619.03797.04-228.36527.46-715.05641.46941.07-659.8276.73-327.91*-+--*-*+
-568.37/-542.96/-456.14+-101.61--481.51--131.02+-943.01/-731.79--643.71--669.11,-669.11-643.71-731.79-943.01-131.02-481.51-101.61-456.14-542.96-568.37//+-/+/-/
-741.37-1.04-87.15*-429.02/514.55+282.33+597.2-114.52/-691.36/-327.66,-327.66-691.36114.52597.2282.33514.55-429.0287.151.04-741.37--*/++-//
352.13/451.23+-492.05--486.91+227.55+-904.52--998.36*153.3*528.04-605.0,605.0528.04153.3-998.36-904.52227.55-486.91*451.23352.13/+-++-**-
-498.11/-804.69*-9.29-771.18*229.92--554.5/-232.33--607.23--106.04/-899.05,-899.05-106.04-607.23-232.33-554.5229.92771.18-9.29-804.69-498.11/*-*-/--/
265.5-82.01--54.16*696.95/189.3-233.12--532.2+-642.97--968.36+374.55,374.55-968.36*-532.2233.12189.3696.95-54.1682.01265.5--*/--+-+
324.53--63.02+-691.0+932.78*14.88--316.09-686.45+-852.08--514.19+-802.91,-802.91-514.19-852.08686.45-316.0914.88932.78-691.0-63.02324.53-++*-++-+
-238.19*809.43*-93.99*-515.83/729.96--786.12+-600.0/809.39/711.34*724.96,724.96711.34809.39-600.0-729.96-515.83-93.99809.43-238.19***/-+//*
410.68--99.64/575.06+-653.31*561.53/-495.51+300.17--693.77+-422.36/105.61,105.61-422.36-693.77300.17-495.51561.53-653.31575.06-99.64410.68-/+*/+-+/
-308.99--814.36*49.87/799.8--936.82/-878.38/565.31/-778.11+-100.69+34.22,*-100.69-778.11565.31-878.38-936.82799.849.87-814.36-308.99-*/-///++
-990.66*884.18*-326.48*277.48-415.45/910.41+316.27+201.85*302.63*-767.59,*302.63201.85316.27910.41415.45277.48-326.48884.18-990.66***-/++*+
-453.06--995.78/-295.5+-205.3+129.55/-493.06+-815.06*-628.9+25.25+-556.43,-556.4325.25-628.9-815.06-493.06129.55-205.3-295.5-995.78-453.06-/++/+*+-
-992.1/-136.87/645.94-455.44+609.99/895.87*704.36*-208.82-980.01--614.81,-614.81980.01-208.82704.36895.87609.99455.44--136.87-992.1//-+//*--
-822.02+-427.38/948.19--504.95*956.48-302.5*870.5--783.03*616.19--218.87,-218.87616.19-783.03870.5302.5956.48-504.95948.19-427.38-822.02+/-*-*-*-
-200.66/173.99+583.0/630.51*216.52-854.33+-697.34--147.47/-864.31+393.04,393.04-864.31-147.47*854.33216.52630.51583.0173.99-200.66/+/*-*-/+
-874.93*472.92*-90.23/-910.64-792.4--66.58*-837.67-107.64*-211.26+-119.96,-119.96-211.26107.64-837.67-66.58792.4-910.64-90.23472.92***/*-*-*+
88.47--454.46*225.94/302.05/-543.94--106.34*859.25*432.73+67.97*-196.91,-196.9167.97432.73859.25-106.34+302.05225.94-454.4688.47-*//-**+*
956.42/710.35-589.98-118.97*135.3/620.69*-46.27+258.64*-618.43*415.63,415.63-618.43258.64-46.27620.69135.3118.97589.98710.35956.42/--*/*+**
819.51--551.43/-223.96+-551.45--673.69+-583.17*728.41*623.37*-954.17*122.07,122.07-954.17623.37728.41-583.17-673.69-551.45-223.96-551.43819.51-/+-+*/**
-96.87/892.39-442.84/886.23*608.73+29.79-995.65*-521.33/-252.75/691.74,691.74-252.75/995.6529.79608.73+442.84892.39-96.87/-/*+-*//
-247.52/-875.84-766.14/288.15-30.44+-540.53--333.5--854.39/-19.22*446.73,446.73-19.22-854.39-333.5-540.5330.44288.15766.14-875.84-247.52/-//+--/*
721.34*450.17*-78.01*457.68+485.24*-470.76-505.1*726.66+-402.84+92.98,92.98-402.84726.66505.1-470.76485.24457.68-78.01450.17721.34***+*-*++
828.8*-34.8*125.75*-792.09/-885.28/-966.43/408.31+655.13/-476.46*163.01,163.01-476.46655.13408.31-966.43-885.28-792.09125.75-34.8828.8***///+/*
43.94-54.17-30.5+417.46+608.69+33.57+23.97*249.72+75.41/663.45,663.4575.41249.7223.9733.57608.69417.4630.554.17*--++++*+/
548.19*0.28+-253.76*-226.62*-200.4/247.65/-652.03+954.81/247.49+-642.88,-642.88*954.81-652.03247.65-200.4-226.62-0.28548.19*+**//+/+
310.45/-872.11*401.9--586.15+-654.93*455.82+-553.13/-30.77/455.31+-925.79,-925.79455.31-30.77-553.13455.82-654.93-586.15401.9-872.11310.45/*-+*++/+
416.67*-203.86--179.26/-476.05/474.47+-871.24/-849.45*459.87-128.02-817.27,+128.02459.87-849.45-871.24474.47-476.05-179.26-203.86416.67*-//+/*--
-729.3/-996.0/-620.63*120.75/-147.43*-772.79-445.43-5.42-10.84-118.08,118.0810.845.42445.43-772.79-147.43120.75-620.63-996.0-729.3//*/*----
853.69-45.86+346.33+858.25*-42.1--109.82--356.61+457.71+-457.54-565.86,565.86-457.54457.71-356.61-109.82-42.1858.25346.3345.86/-++*--++-
-194.36*-289.96*-479.72+388.1*-123.55-226.74/575.73--909.53/727.43+330.1,330.1727.43-909.53575.73226.74-123.55388.1-479.72-289.96-194.36**+*-/-/+
732.3/605.07/-629.83+377.27+194.95/-182.53*827.86*-913.47/111.4--344.51,*111.4-913.47827.86-182.53194.95377.27-629.83605.07732.3/-++/**/-
118.6*-780.37/272.61/-502.04*-482.32*-673.52+-643.9*565.37/-232.13/75.23,75.23-232.13565.37-643.9-673.52-482.32-502.04272.61-780.37118.6*//**+*//
310.02+-301.05--932.91+-766.36+-904.68+558.79/-892.33*-938.67+-530.19-87.12,87.12+-938.67-892.33558.79-904.68-766.36-932.91-301.05310.02+--++/*+-
-745.57-671.25*698.12*760.6/409.81*-914.91-828.09+788.28+-58.58+-993.66,-993.66-58.58788.28828.09-914.91409.81760.6698.12671.25-745.57-**/*-+++
-205.73*-306.22+-701.5*-595.35*-778.22/-892.71*-287.93-530.22/534.03+-122.3,-122.3534.03530.22-287.93-892.71-778.22-595.35-701.5-306.22-205.73++**/*-/+
668.06/-838.97/-863.01/-629.33*-734.42--895.29*39.56-377.02+-341.72+249.53,249.53-341.72377.0239.56-895.29-734.42-629.33-863.01-838.97668.06///*-*-++
849.62+-45.83*-695.82+-558.9*830.83+255.92-785.05+-589.53+-692.9-209.88,209.88-692.9-589.53*255.92830.83-558.9-695.82-45.83849.62+*+**-++-
846.29+-234.11+-191.19-290.06--420.95-381.5/-830.76/467.84/946.02-187.55,187.55946.02467.84-830.76381.5-420.95290.06-191.19-234.11846.29++---///-
634.48--367.85+-621.9--588.71/681.8--61.96+-40.5/-488.67+-428.47-354.76,354.76-428.47-488.67-40.5-61.96681.8-588.71-621.9-367.85634.48++-*-+/+-
129.45*-177.51*-200.95+-588.71+-584.69--566.95-25.06--744.06+-511.0+482.06,/-511.0-744.0625.06-566.95-584.69+-200.95-177.51129.45**++---++
227.67/457.06/505.76*711.43/-862.1-687.37-546.62*693.74+-292.09--968.64,-968.64-292.09693.74+687.37-862.1711.43505.76457.06227.67//*/--*+-
902.88*-902.55-448.38/348.37/69.91+578.42*-814.91+231.15/-756.19/-16.08,-16.08-756.19231.15-814.91578.4269.91348.37448.38-902.55902.88*-//+*+//
474.42--76.21/-727.46*-503.05+272.22/-440.04*-326.72/-749.96*-142.58/460.12,460.12-142.58-749.96-326.72-440.04272.22-503.05-727.46-76.21474.42-/*+/*/*/
540.37+-102.99-484.51*-280.28--481.08*511.06-894.7-177.25*563.44*871.88,871.88563.44177.25894.7511.06-481.08-280.28484.51-102.99540.37+-*-*--**
444.87+-916.53--484.9*-948.57+848.78*498.79+-841.63--291.6+-613.49-469.01,469.01-613.49-291.6-841.63498.79848.78-948.57+-916.53444.87+-*+*+-+-
-892.75*319.0/-482.66*232.16*724.43*13.71+-43.82*799.54*-793.06*-575.5,-575.5+799.54-43.8213.71724.43232.16-482.66319.0-892.75*/***+***
703.77+86.96--727.14-377.17*-200.48--312.33+793.5/-986.04*-516.03+-586.66,-586.66+-986.04793.5-312.33-200.48377.17+86.96703.77+--*-+/*+
-361.63/780.86+-945.92--822.22+499.84--139.11/-399.71-235.48+-810.83/-967.44,-967.44-810.83235.48-399.71*499.84-822.22-945.92780.86-361.63/+-+-/-+/
-914.79*651.93--575.52-167.25*470.74+834.56+-139.44+-901.11/-692.89+706.38,706.38-692.89-901.11-139.44834.56470.74167.25-575.52651.93-914.79*--*-++/+
-991.84+886.62*243.33--582.46/151.14+53.78/-571.68*-6.16/-583.62*-576.5,-576.5-583.62-6.16-571.6853.78151.14-582.46243.33886.62-991.84+*-/-/*/*
-808.78/-880.0+782.88--850.48/40.89*-62.59/-773.25/-155.1+-318.17/233.8,233.8-318.17-155.1-773.25-62.5940.89-850.48782.88-880.0-808.78/+-/*//+/
-803.59-752.96*92.35/324.25/-253.88/-158.57/-701.47+385.58--462.24--390.79,-390.79+385.58-701.47-158.57-253.88324.2592.35752.96-803.59-*////+--
296.18+965.47/-147.0*458.44+-271.86+-701.34/270.96-804.92/-978.5-32.91,32.91-978.5804.92270.96-701.34-271.86458.44-147.0965.47++/*++/-/-
891.85/-405.82+212.13*320.46*376.88*-27.64*150.2*-804.82/-145.28/262.75,262.75-145.28-804.82150.2*376.88320.46212.13-405.82891.85/+*/***//
698.5+-346.94--163.88--727.01-227.33*162.69/-341.51--948.46*838.55+-338.58,-338.58838.55-948.46-341.51162.69227.33-727.01-163.88/698.5+---*/-*+
503.91/-301.74*-416.48--332.66/-519.4/207.93*-608.1-295.61/420.77-703.66,703.66420.77295.61-608.1207.93-519.4-332.66-416.48-301.74503.91/*-//*-+-
650.76/-630.24--102.4+-382.23/-301.03-593.28-228.19+-249.26/513.0+525.78,525.78513.0-249.26228.19593.28-301.03-382.23-102.4-630.24650.76/-+*--+/+
817.44*95.19*890.96*166.38/505.2--215.11*931.06+-553.67/794.47--389.23,-389.23794.47-553.67931.06-215.11505.2166.38890.9695.19817.44***/-*+/-
415.92*-291.95/566.83+317.94/724.82/-161.11+-557.53+655.4*629.99*-605.67,-605.67629.99655.4-557.53-161.11724.82317.94566.83-291.95415.92*/+//++**
675.76+-126.76--220.63*299.22-748.99*783.32*311.16--502.33*-788.09+290.49,290.49-788.09-502.33311.16783.32748.99299.22-220.63-126.76675.76+-/-**-*+
848.42/797.98/-671.32*857.55/-449.08*571.89*758.28+67.11+-584.59*251.87,251.87-584.5967.11758.28571.89+857.55-671.32797.98848.42//*/**++*
42.33+21.75/-845.65/383.4+467.63/913.43-476.62/693.31--540.72-358.71,358.71-540.72693.31476.62913.43467.63383.4-845.6521.7542.33+//+/-/--
-312.99/270.92-739.63--883.83+-885.42*362.65*849.8+31.56+576.66/471.25,471.25576.6631.56/362.65-885.42-883.83739.63270.92-312.99/--+**++/
99.82+266.85*645.45+-491.71*369.1*-115.35+561.3/384.07/-573.1--295.81,-295.81-573.1384.07561.3-115.35369.1-491.71645.45266.8599.82+*+**+//-
637.58*262.82--612.09-627.95-738.25*669.78/265.86+42.07-164.25-151.16,-164.2542.07265.86669.78738.25627.95-612.09262.82637.58*---*/+--
-206.45+609.02/-759.72/-759.74+-284.82+-898.22+-856.48+-828.74+-322.29/-199.33,-199.33-322.29-828.74-856.48-898.22-284.82-759.74-759.72609.02-206.45+//++*++/
929.46+-215.51+60.67*476.93*406.78/7.41+-975.21/-676.43/302.31/772.59,772.59302.31-676.43-975.217.41406.78-60.67-215.51929.46++*+/+///
-179.04--600.43+947.71--907.67/-316.67*940.91/801.84--115.98/356.24*-34.57,-34.57356.24-115.98801.84940.91-316.67-907.67947.71-600.43-179.04-+-/*/*/*
-642.86+-342.53*903.52+64.96/989.79--92.01/563.5-696.64-180.47*321.32,321.32180.47696.64563.5-92.01989.7964.96903.52-342.53-642.86+*+/-/--*
506.18+-378.22+657.97/-908.4/96.22--419.83+208.94--629.56-621.06+821.91,821.91621.06-629.56208.94-419.8396.22-657.97-378.22506.18*+//-+--+
630.85+-36.46--611.41--623.79+-590.46+201.03/-304.08-209.6-156.43*-31.19,-31.19156.43209.6-304.08201.03-590.46-623.79-611.41-36.46630.85++-++/--*
838.97*-579.1-170.81*-83.22*-729.37/-959.48*-310.77/-496.68/-424.19/-400.29,-400.29-424.19-496.68-310.77-959.48-729.37-83.22--579.1838.97*-**/*///
-621.75*-137.04-494.72/-718.36-49.06/34.22+-807.56-810.15/-391.01/91.62,*-391.01810.15-807.5634.2249.06-718.36494.72-137.04-621.75*-/-/+-//
-298.13+-953.12+124.7-490.21--903.68*45.5*124.0/158.21+-756.83+-76.45,-76.45-756.83158.21124.045.5-903.68490.21124.7-953.12*++--**/++
-396.02/125.36--287.65--233.91/-159.23--542.06*-793.07--944.74+813.02*51.51,-813.02-944.74-793.07-542.06*-233.91-287.65125.36-396.02/--/-*-+*
342.76/-102.99--902.62--117.75*-748.0/-464.04*971.8--941.1/-783.99*182.02,182.02-783.99-941.1971.8-464.04-748.0+-902.62-102.99342.76/--*/*-/*
-860.07*-433.7+852.67+141.24/-808.57*295.47-776.2*-816.34*-641.95*-169.13,-169.13-641.95-816.34776.2/-808.57141.24852.67-433.7-860.07/++/*-***
885.25/400.36*830.23-427.61/846.91-212.53+-913.65-237.03*-781.25--567.48,-567.48-781.25237.03-913.65212.53846.91427.61*400.36885.25/*-/-+-*-
-458.85*-997.95+535.72*-493.73-743.03+821.47+-681.56*-18.45+157.18--287.09,-287.09157.18-18.45-681.56*743.03-493.73535.72-997.95-458.85*+*-++*+-
304.31*695.49/-386.15/428.36*784.41-933.61+-249.91*641.14--795.57--145.98,-145.98-795.57641.14-249.91933.61784.41428.36-386.15695.49/*+/*-+*--
-945.15--336.9--327.62--139.68*611.21+863.06/785.93+-426.61*187.39+-302.36,-302.36187.39-426.61785.93863.06611.21-139.68-327.62-336.9-945.15*--*+/+*+
-488.94--340.16+677.85-896.68/-782.83*292.89-604.71*-246.77+268.33--479.67,-479.67268.33-246.77604.71292.89-782.83896.68677.85-340.16*-+-/*-*+-
-383.85-189.69-877.42--54.59/999.03/-852.03--159.88--538.71--397.67-988.5,988.5-397.67-538.71-159.88-852.03999.03-54.59877.42--383.85---///---
-265.99--47.62/-290.95+196.77--996.06/197.87/-227.51*236.92/75.22+-463.61,-463.6175.22236.92-227.51197.87+196.77-290.95-47.62-265.99-/+-//*/+
266.06*407.05+987.36-956.09*-611.72*-396.58+-840.61+-763.08--349.43--572.46,-572.46-349.43-763.08-840.61-396.58-611.72956.09987.36407.05266.06*+-**+*--
214.8*440.03-112.04+-512.25/-186.74/544.08+-526.47/-616.4--663.46/207.42,207.42-663.46-616.4-526.47544.08-186.74-512.25112.04440.03/*-+//+/-/
781.19/-347.04-631.62*98.83+870.68*-822.19/-744.93-157.19/-818.54--595.32,-595.32-818.54157.19*-822.19870.6898.83*-347.04781.19/-*+*/-/-
-69.8+-822.17+-393.05/-570.38-811.59-126.0*-459.41*-257.4--369.15--460.72,-460.72-369.15-257.4-459.41126.0811.59-570.38-393.05-822.17-69.8++*--**--
761.63*-51.91-181.15*-424.21--866.31--113.49*920.07*-617.24+-710.35/566.71,/-710.35-617.24920.07-113.49-866.31-424.21181.15-51.91**-*--**+/
