Formula,Result
/-364.57*842.92*736.56+-959.02///40.61+-309.59941.47++355.03--906.27*-163.82/610.59482.46/453.04*362.57,(362.57*(-364.57/842.92*40.61/(736.56*-959.02+-789.66)/355.03+(-309.59+941.47)+453.04/(-906.27--163.82*610.59/482.46)))
-504.99-529.84+-968.19/582.96/--915.17550.87//-243.53-213.8++462.34-825.12*-96.08/-658.35163.9+647.81,504.99-529.84--968.19+582.96/462.34+(857.85/-243.53/(915.17-550.87)/-213.8)+825.12--96.08*-658.35/647.81+(163.9)
-265.59--543.35*12.01+-858.32+561.26-696.35//-889.28+-696.54/139.15--664.02-**-268.95/-463.14-102.23/-705.05,265.59--543.35-12.01*-858.32+-889.28/(561.26+-696.35)/-696.54+-705.05/(139.15/-268.95*(-664.02--744.31)*-463.14/-102.23)
*-765.8+-224.86*-638.7--72.21+-784.83+944.48*-311.01823.87*/101.68-883.03*-200.91+/*943.63*861.7*685.61,-765.8*685.61*(-224.86+-638.7*-72.21-861.7*(-784.83+944.48+943.63*(-56.86*(-311.01*823.87)+(101.68/-200.91*(-883.03)))))
/919.75/-866.07*-964.46-370.9+*/423.42/-280.83/788.02-255.57*+904.55/786.61834.33**-620.0-666.49*-543.7,919.75/-866.07/-964.46*370.9--143.45+-620.0*(423.42/904.55*(-280.83/788.02/-255.57)+786.61/834.33)*-543.7*(-666.49)
*710.8*-32.46*703.68*-884.68--727.65--255.35+-718.92/-891.15*768.91-412.04--711.7/105.63--777.98-585.47-926.1,710.8*-32.46/703.68*-884.68*-727.65--255.35--718.92+-891.15/768.91*412.04--711.7-105.63/-777.98-585.47--926.1
+880.87-527.23/328.7+-817.03--220.05+473.97-978.26/-763.79/972.94+-263.75+-431.03--357.13--956.07-693.13*,880.87+527.23-328.7/-817.03+-220.05-763.79-(473.97+-978.26)/972.94/-263.75+-431.03+-357.13--956.07-693.13--537.97
*-903.83*-381.84/738.54-158.22*975.79+266.78*-616.58/773.44*-136.54*420.29--103.92318.81--121.17*875.57/962.39,-903.83*-381.84*962.39/(738.54/158.22-975.79*266.78+-616.58*773.44/-136.54*420.29*875.57*(-121.17-(-103.92-318.81)))
*-655.9/772.7+-942.46482.0/+464.29*-450.13-861.81*--259.1--904.37+-816.47*364.99-+-409.69*-937.81/-951.97,-655.9*772.7/-259.1-(464.29+(-942.46+482.0)/-450.13*-861.81)*-904.37--951.97/(-937.81*(-816.47+364.99*-409.69+(-950.42)))
/-816.72*402.68+705.24*182.88*904.72+-341.88+667.03+514.98-+846.36++-926.86+-237.35+930.28+-565.97-558.82,-816.72/402.68*705.24+182.88*904.72*-341.88+667.03+514.98+-926.86+(-721.04-846.36)+-237.35+930.28+-565.97+-558.82
--220.78+-979.26+45.82*-252.88*-108.8*350.24+-7.84*356.86/630.69*890.99+-90.99-/358.66---559.07883.74,-220.78--979.26+45.82+-252.88*-108.8*350.24*-7.84+356.86*630.69/890.99*-90.99+-559.07-(-437.83-358.66)-883.74
*-944.45432.83*+-64.03/-942.8*-303.18/-391.24*-333.01+-98.62*256.87/-537.78-44.19+654.69*509.05-369.85/508.26,-64.03+(-944.45*432.83)*-942.8/-303.18*-391.24/-333.01*-98.62+256.87*-537.78/44.19-654.69+509.05*508.26/(-369.85)
+818.36/-295.89+-117.25+146.97+-206.37*555.7118.06*+415.01*643.38+551.07--997.46-598.39/795.77*-688.03--743.95,(818.36+-295.89/-117.25+-743.95-(415.01+(146.97+-206.37+555.7*118.06)*643.38*551.07+-688.03*(795.77/(-997.46--598.39))))
/-317.41--343.12-528.56--569.57--459.54/-883.83/+*227.99+-803.78+19.84/-514.5/268.09+-686.66-431.01+592.92,-317.41/-343.12-528.56--569.57--459.54--883.83/-780.46/227.99*-803.78+19.84+592.92+(-514.5-268.09/-686.66+-431.01)
-/-220.71+-74.41/-429.91/-634.06--449.76+91.15--184.93*-572.77-524.68*/-104.94*972.15/*-557.18*96.79,-782.51-96.79*(220.71--74.41+-429.91/-634.06/-449.76-91.15+-184.93--104.94*(-572.77*-524.68)/972.15*-693.67/-557.18)
*-124.37+-619.45/-739.18--132.27++//-794.56+356.94/200.79-*/527.86+659.82+587.43455.27/38.39,-124.37*-619.45+-739.18/-132.27--290.15+741.45/794.56-356.94+200.79/426.39-527.86/659.82+38.39/(587.43+455.27)
/-63.64*-954.92--180.06*943.72/-342.09*-938.25/47.4798.7*/-259.45+671.68-828.07-97.0386.58-806.57/-349.79,-349.79/(-63.64/806.57-(-259.45*(-954.92*-180.06-943.72*-342.09/-938.25*47.47/98.7)/671.68+828.07-97.03-86.58))
*642.58/216.96--114.95--31.48--643.41930.72/+116.34*401.24-**-795.31*-147.39--162.59*-956.29+/633.66,642.58*216.96/-114.95--31.48-116.34+(-643.41-930.72)/401.24*449.98--795.31*-147.39*-162.59--956.29*-140.86+633.66
-285.89+660.13+-183.0+/+-304.34--51.82/300.59+302.89*+--46.68--826.31/-538.89+-754.69-880.76-36.49,285.89-660.13+-304.34+(-183.0+590.49)/-51.82-300.59/302.89+223.27/-46.68--826.31--538.89/-754.69+880.76--36.49
/-478.1*-846.42/161.59--330.74+-204.11-966.13*+-471.13+-431.65+-933.78+-230.86+-617.7223.37/++926.59+-388.01,-478.1/-846.42*161.59/-330.74--471.13*(-204.11+-966.13)+-388.01+(-431.65+-933.78+-230.86+-617.72+926.59+(116.7/(23.37)))
/157.4-817.62*-279.77+301.79+571.57+-905.9-981.07+-734.52925.83-463.35*-279.76/358.54-81.06+-409.69-593.1,157.4/817.62-593.1-(-409.69+(81.06-(-279.77*301.79+571.57/-905.9+358.54/(981.07--279.76*(463.35-(-734.52+925.83))))))
*-+-742.47+731.57-95.91++699.73459.18+-900.11--745.66--374.83*-203.38/-710.92*-308.18946.38*479.94+843.7,-675.06*900.11+(-742.47+731.57+-95.91)+(699.73+459.18)--745.66--374.83-843.7+(-203.38*-710.92/479.94*(-308.18*946.38))
+-163.29+240.94+-435.99/-222.04/-635.64*369.79+-179.22/-409.4/-777.77+135.12-414.59+*/-747.8503.69+*,-163.29+240.94+-435.99+-222.04/-635.64/369.79*65.0+(-179.22+-409.4/-777.77/135.12+414.59--670.64+-747.8/503.69)
+-136.35/-296.74-235.75368.44/-136.49*222.22-/-83.32--892.5/536.17/290.63+917.48+-896.43*-357.624.71,136.49-(-136.35+-296.74/235.75-368.44)/222.22-104.02-83.32--892.5-536.17/290.63/917.48+-896.43+-357.6*24.71
+-926.3**304.38*+779.55307.02--648.6*262.69-312.81--191.15+-308.89*171.07*-397.18-140.37/+-416.3436.44,-926.3+648.6-(779.55+(-8.59*304.38)*307.02)-262.69*312.81--416.34/(-191.15--308.89+171.07*-397.18*-140.37)+36.44
*204.94-366.8736.12/*-841.89966.09/-26.24--873.97/120.33-*+801.95*-192.25-257.03--506.48-160.7747.79,26.24/(-841.89/(204.94*366.8-736.12)*966.09)--873.97-120.33/246.51-801.95+-192.25*257.03--506.48-160.77-47.79
/-229.61-794.01*507.0+-909.52-181.59*-243.91*23.54+-484.33++*485.14+-463.66*-396.79382.38/659.25*-733.62,-229.61/794.01-507.0*-909.52+181.59--243.91*-733.62*(23.54*-484.33+-501.99+485.14*-463.66+-396.79*659.25*(382.38))
*912.66-555.66*-594.84-141.75*609.78/-664.27+238.25+/*959.23--890.11+958.97/962.31/+-787.48*822.83,912.66*555.66--594.84*141.75-822.83*(-787.48+(609.78*-664.27/238.25+766.14+959.23*-890.11-958.97+962.31/445.12))
*778.42*935.13--943.98/519.89/149.31+946.23--5.59*953.5+439.44*-325.4259.14*244.91/749.35--468.36*-928.62,778.42*935.13*-943.98-519.89/149.31/946.23+-5.59*953.5*-928.62*(-468.36-(749.35/(244.91*(439.44+-325.4*259.14))))
*366.73/743.81+-522.97+588.02+894.42+209.91/-65.58/-476.66-216.08--179.43/520.81*-92.06-/565.68*214.79,214.79*(366.73*179.43-(743.81/-522.97+588.02+894.42+209.91+-65.58/-476.66/-216.08)-520.81/-92.06*-357.75/565.68)
*792.37*328.48*//247.05*-251.9+-976.98-268.71+--354.48*-617.73*377.02-822.8/+-268.94+**-273.05408.11,(792.37*328.48*-85.27*247.05/-354.48+(-251.9*-976.98+-268.71)--617.73*377.02*-822.8)/-268.94+430.26+-273.05*408.11
-*/797.9--110.62/-843.7-60.58-745.42/+-428.33--865.73*750.11/-440.96-824.62+-212.19370.26--500.61*-347.0,-907.44--428.33/(797.9/-110.62--843.7/60.58--745.42)+-347.0*(-865.73-750.11*-440.96/824.62--500.61-(-212.19+370.26))
-250.0/614.3736.28/+161.64+140.59/-679.91-/+-+-819.53+-25.53/-351.42/465.84-851.2+141.23+-649.64,(250.0-614.3/736.28)/161.64+-649.64+(141.23+(140.59+-679.91/492.52-468.14+-819.53+-25.53+-351.42/465.84/-851.2))
+-139.5/-69.44*615.83*-995.69*-9.99-278.98/--477.56/558.01*-347.01-506.51*-294.44/881.71/-32.81836.2/-828.78,(-139.5+-69.44*615.83*-995.69*-9.99*-278.98)/-828.78/(-477.56*558.01/-347.01*506.51--294.44*881.71/-32.81/836.2)
+-116.7-271.9+-675.91*331.54+-310.797.42*-855.85-347.6*-657.6*181.64988.27*/100.47/183.23-731.47+608.42,-116.7+271.9-855.85-(-675.91+331.54*-310.7+97.42)*100.47*(347.6--657.6*181.64*988.27)/608.42+(183.23/-731.47)
--567.18-767.93-810.11-883.62*/-10.510.52/--459.76*-940.77-141.79+743.8-378.32//--197.22599.61-775.2,-567.18-767.93-810.11-775.2-(883.62--197.22/(421.85*10.51-0.52)-(-459.76--940.77*-141.79)/(743.8+-378.32)/599.61)
-59.6-772.31--511.65+79.18-775.3*-793.56/-759.02*405.75+841.93--16.65*758.14251.62/--533.66/479.78514.65,59.6-772.31--511.65--533.66-(79.18+775.3--793.56*-759.02/405.75*841.93+-16.65-758.14*251.62)/479.78/514.65
--172.18--571.72+303.28--475.35--58.41*-839.0976.66*/-517.8/-427.09/487.94-600.89--772.99/115.02-546.36-477.08,-172.18--517.8+(-571.72-303.28+-475.35--58.41--839.09*76.66)*-427.09/487.94/600.89--772.99-115.02/546.36--477.08
/-177.45-807.07/-804.51+271.64-350.67--966.47-625.99+-418.42/660.39/282.35*15.31-860.17//672.47--827.26-236.57,-177.45/807.07--804.51/271.64+350.67--966.47-625.99--418.42+660.39/282.35/672.47/(15.31*-860.17)/-827.26/-236.57
*-290.78/-578.41+854.09/-48.5*-841.0/231.69/-729.87+716.32--155.99--317.38--527.91-741.44-459.77*822.0/-957.8,-290.78*-957.8/(-578.41/854.09+822.0*(-48.5/-841.0*231.69*-729.87/716.32+-155.99--317.38--527.91-741.44--459.77))
--990.81--994.03*37.2-589.64+-508.06+189.74--159.26+69.29--690.21/-428.15*755.56-601.51+-278.13+-478.9*-911.67,-990.81--994.03-37.2*589.64--508.06+189.74+-159.26-69.29+-690.21--911.67*(-478.9+(-428.15/-278.13+(755.56*-601.51)))
/-471.53530.32-*-247.08-926.83/*192.66*-385.84+-351.25+-477.63*560.14--150.08+735.81-312.24-201.77-583.88-447.13,(-471.53/530.32)-192.66*(-247.08*-926.83)*-385.84*447.13-(-351.25+-477.63+560.14--150.08-735.81+312.24-201.77--583.88)
*578.62+901.3*-996.93*173.74--81.39*-221.21/-709.26*55.73281.49/+-14.6-785.57-871.35*745.1+297.68-137.08,578.62*901.3+-996.93-173.74*-14.6+(-81.39--221.21*-709.26/55.73*281.49)/785.57-871.35-745.1*297.68+-137.08
*582.79/-682.18+979.79/898.62*-891.01/-864.35/-46.62/-630.31/+--886.69*-182.21--363.13/346.07--627.61-823.27,582.79*-682.18+979.79+898.62/-891.01*-864.35/-46.62/-630.31/-451.92/-886.69--182.21*-363.13-346.07/-627.61--823.27
/530.92*-197.49+-317.37/-525.04*7.18+406.54-308.91+125.3*327.81*255.28995.48+-346.92/-934.51+-640.61/-337.25,530.92/-197.49*-317.37+-337.25/(-640.61-(-525.04/7.18*-934.51/(406.54+-346.92+(308.91-125.3+327.81*255.28/995.48))))
*851.67*-160.17-292.57*-833.25/193.32+268.65-15.73-863.85/-791.48*-965.01-124.17*---365.25-77.09/456.62,851.67*-160.17*292.57--833.25*193.32/456.62/(268.65+15.73-863.85--791.48--365.25-(-965.01*124.17--343.52)--77.09)
+799.59388.56*-721.74*-636.73/198.31/+*-567.67--624.99-682.91/-41.31+894.02*63.66+379.33248.66/534.38,721.74-(799.59+388.56)*-636.73*198.31/-502.03/-567.67*-624.99-682.91--41.31/894.02+63.66*534.38/(379.33+248.66)
-//871.86+407.56/-712.99--894.2-739.96+-826.45-661.55*+652.51/-485.04/922.29+710.84+-391.7/732.88-78.32,108.15-871.86/652.51+(407.56+-712.99/-894.2-739.96--826.45+-661.55)*-485.04/922.29/710.84+-391.7+732.88/-78.32
/423.78*-159.8/-179.45-196.89-200.4290.0/*-328.06219.89//-671.53-+*973.26--433.76+993.82-618.11--607.39,(423.78/-607.39-(-159.8*-671.53/(-328.06/(-179.45/196.89-200.42-90.0)*219.89)-328.78-973.26*-433.76-993.82+-618.11))
--147.68-964.68--521.95*-330.04*-377.85+-481.02863.66-+220.51--625.26-612.8**574.31+-834.19-822.29565.55/-116.15,-147.68-964.68--521.95--330.04*-377.85*-116.15+(220.51-(-481.02+863.66)+574.31*(-625.26--612.8)*-834.19+822.29-565.55)
+40.99*937.03335.77**133.88/551.06+-595.35*-287.52--895.47-243.5--+-582.17*276.28138.51/160.8*-899.14,(40.99+937.03*335.77)*-899.14+(160.8/(133.88*551.06/-595.35+-287.52*-895.47-243.5--197.9--582.17+276.28*138.51))
*++311.63-566.68++178.26*-463.62-694.37--398.4--551.66-712.55*-504.28*-380.32264.19-447.17+770.53*-620.99,(-443.87*311.63+-566.68)*-620.99*(770.53+(178.26+447.17*(-463.62*694.37--398.4--551.66--712.55)-(504.28--380.32*264.19)))
++/422.35/864.32-831.17/+-163.75/-654.48/-317.24-223.75//861.01-844.45/-901.58*-346.51*-755.29776.61/907.73,412.87+422.35/-163.75+(864.32/-831.17)/-654.48/861.01/(-317.24/-223.75)/844.45--901.58/-346.51*-755.29*907.73/(776.61)
+434.78*-60.03-500.73/513.82+*-182.87*194.7/210.65/-159.69-507.64+-38.7*-333.73-647.47+409.92801.78,434.78+-60.03*500.73-513.82/-379.25+182.87-194.7*210.65/-159.69/507.64--38.7+-333.73*647.47-409.92+801.78
*-761.19*918.05/-976.43--306.02/-647.17*400.27/459.24+797.44-**/+854.91*341.65-242.82-//-301.35,-761.19*918.05*-976.43/-306.02--647.17/400.27*459.24/797.44+238.68--734.34*-301.35/(76.53-(854.91+341.65*-242.82))
*-223.58--694.03+-152.15+376.76++--703.14+219.54+83.46+-637.17-696.9249.66/--329.94*908.38/+-214.46,(-223.58*-694.03--152.15+-214.46+(376.76+983.42+-703.14--329.94/(219.54+83.46+-637.17+696.9-249.66)-908.38*-666.67))
-512.13+823.59+-771.04-469.14--203.96/-521.55--303.16-468.73*-624.9535.05+-507.77*-557.87/-802.05169.14*--768.15,512.13-823.59+-771.04+469.14--203.96--521.55/-303.16--768.15-(468.73--624.95*35.05)*(-507.77+-557.87*-802.05/169.14)
/-572.47+-291.11-+-981.24-948.34+-589.5861.02*+173.7-81.07*780.93-650.86+-740.95905.24--102.82-375.39,-572.47/-291.11+-572.34-375.39-(-102.82-(981.24-173.7+(948.34--589.58+61.02)/81.07-780.93*650.86--740.95+905.24))
--353.53/-748.25+-871.17+-814.48*453.81+227.74/842.68*-472.26--843.53897.58//-49.9+-909.84/-717.28+/526.33,-353.53--748.25*-871.17+-49.9/(-814.48+453.81*227.74+842.68/-472.26*-843.53-897.58)/-909.84+-717.28/-366.41+526.33
+111.28/-491.18*154.96+225.75+-883.11*528.82*-645.63-/+572.16+-753.34897.62++-968.07*-796.15*-73.41-965.12,111.28+-491.18/154.96*225.75+-883.11+528.82*-645.63*-934.9-572.16+-968.07+(-753.34+897.62)+-796.15*-73.41/-965.12
/--**-78.38--310.33/-227.4*136.48*588.75+-941.6*-256.9*-276.7*705.73*-923.7-194.63/-125.14--551.16,-120.46/-998.35--78.38*-310.33--227.4/136.48*588.75*-551.16-(-941.6+-125.14/(-256.9*-276.7*705.73*-923.7*-194.63))
--976.28-280.1*713.52+-502.67/+--857.84-54.87-*985.7--709.17/-610.18+-719.58701.04-+-542.21-938.87+59.32,(-976.28-280.1-713.52*-502.67+189.83/-857.84/-54.87)-985.7*-709.17-59.32+(-542.21-(-610.18/-719.58+701.04)+-938.87)
+-176.24*-338.43-356.19+-349.47-315.73*-/-122.32+-832.72-748.49*-621.52--158.88963.57+--20.75*896.98359.22+,(-176.24+-338.43*356.19--349.47+-315.73)*(61.48*-122.32/-832.72+748.49--20.75+(-621.52*-158.88-963.57)-896.98*359.22)
/-302.26+-763.71+639.76+613.15*260.02*321.6265.36-+519.79*269.39-587.29/*//434.04532.52/693.92-519.9,-302.26/-763.71+-383.17/(519.79-(639.76+613.15+260.02*321.6*265.36)+269.39*-587.29)*519.9-(434.04/693.92/(532.52))
+305.04/513.26+901.74/374.88*-620.91-522.95+--68.74*424.39*537.18*-994.4/432.03+391.4--800.78219.26*232.37,305.04+513.26/901.74+-68.74+(374.88/-620.91*-522.95)-424.39*537.18*-994.4*432.03/391.4+232.37*(-800.78-219.26)
+281.97+-900.96*686.2--397.21/913.48*-675.23*-188.65+-644.47*-686.93+--857.77/-614.23/-209.54+717.2-784.33,281.97+-900.96+686.2*784.33-(717.2-(-397.21--209.54+(913.48/-675.23*-614.23/(-857.77-(-188.65*-644.47+-686.93*-23.27)))))
+-+500.83+435.29/792.65+903.21*140.33288.08/*286.8/-409.04*265.24+-633.75/361.78*-659.9368.82*310.02,777.06+500.83+286.8/(435.29+792.65/903.21+140.33*288.08)*310.02*(-409.04/265.24*-633.75+361.78/-659.93*68.82)
+442.79/-23.31*388.3583.61+711.3484.17*+-315.81+-336.97-935.28/++419.34+-534.75+194.04/-654.44-*-115.69,442.79+-23.31/419.34+(388.3*583.61)*(711.3+484.17)/(-315.81+-336.97+-935.28)+-534.75+194.04+-654.44/47.68--115.69
+693.01+-742.44/37.5*-580.16*-479.71+-12.27-370.51*-474.46+300.08*/+-365.71*769.17--866.5-207.49/*,(693.01/-139.95/(-742.44+37.5/-580.16*-479.71*-12.27+370.51--474.46*300.08+392.67*-365.71+769.17*-866.5--207.49))
+383.65-372.49*110.28*-598.89+193.26*495.16*877.41*383.69*-834.65/618.14-83.4/+167.73--26.26*570.06,383.65+372.49-110.28*-598.89*193.26+570.06*(495.16*877.41*383.69*-834.65*-26.26-(167.73+(618.14/83.4*176.57)))
*-870.87+-199.22/163.92*++188.08-818.87+-776.51/-762.86+22.45668.27-++/-66.04/802.85/-607.83431.24,-870.87*-199.22+163.92/-349.6*188.08+47.35-(818.87--776.51+-762.86/22.45+668.27)+-66.04/802.85/-607.83/431.24
--868.32-196.23/694.53/580.32*902.43--428.43--604.03*-731.12*-398.75*-679.74*-430.25/-480.24-/401.24-460.63,-868.32-196.23-694.53/580.32/902.43*-428.43--604.03--731.12*-398.75*-679.74*-430.25*-480.24/599.34-460.63-(401.24)
*854.31--967.54+-934.47+391.7+854.34+-526.9311.16-+-292.07*253.63+918.97+339.52-532.41*-73.9238.27*318.29,854.31*-967.54-73.9-(-934.47+-292.07-(391.7+854.34+-526.9+311.16)+253.63*918.97+339.52+-532.41)*318.29*(238.27)
+712.87/-578.51+-748.66/-167.2*-572.67-151.29-+744.38+152.47*692.3249.97--463.29-938.4+228.8/-138.18--400.11,712.87+-578.51/-748.66+744.38-(-167.2/-572.67*-151.29)+-400.11-(-138.18/(152.47+228.8+(692.32*938.4-(-463.29-(49.97)))))
--365.17+//241.55+-675.66*-68.68-328.88/-559.67/-138.37/-315.19--283.41+++415.49--926.18+-818.05203.78,-365.17-817.81+241.55/-675.66+-68.68*328.88--559.67/-138.37/-315.19/-283.41--915.84-415.49+-926.18--818.05+203.78
/-927.3*886.39*763.82--497.34+238.41*-839.74+629.83---/+503.29--912.5/731.88/396.53220.9*438.55,-927.3/886.39*763.82*-497.34-238.41+-839.74*629.83+474.6--891.16-503.29+-912.5-438.55*(731.88/396.53/220.9)
+-528.17/**902.15--/330.64*660.47/725.34+-888.56+-393.17--344.44345.65*/75.91446.54--168.58+-13.63,(-528.17+-411.8)-(335.55*902.15)-330.64/660.47*725.34/-13.63+(-888.56+-393.17+-168.58-(75.91*(-344.44-345.65)/446.54))
+-902.24+900.24/560.23*-919.69/-344.72*-908.89-650.98++-78.19/753.66*-940.32*+/121.22/-211.5289.64*/,-902.24+900.24+560.23/-919.69*-78.19+(-344.72/-908.89*-650.98)+753.66/-940.32*-48.37*121.22/-211.5/476.89*(289.64)
/-87.28/-115.76/-565.53*926.46*+--92.74*-538.35-16.66*196.63+877.7*50.19-53.21*-95.73--683.06*-365.02,-87.28/-115.76/-565.53/926.46*776.11*-92.74--538.35*16.66-196.63*877.7+-365.02*(-683.06-(-95.73*(50.19*-53.21)))
-72.21**-436.42+112.83-293.91*+68.13--469.14+-958.65--680.84+133.24+252.01/693.63*-863.15904.43+-471.06,72.21-68.13*(-124.23*436.42-112.83/-293.91)+-469.14/-958.65+-471.06+(-680.84-133.24+252.01+693.63/-863.15*904.43)
+601.4/406.44--413.44/-274.28+-725.61+-841.04--796.97--813.7/163.82/*26.02+-884.53*578.49*118.57/347.48,601.4+406.44/-413.44--274.28/-725.61+347.48/(118.57*(-841.04+578.49*(-796.97--813.7--884.53+(163.82/461.84/26.02))))
-503.22+-141.55/621.55*-425.35+-391.07+-126.29-814.79+834.28*-168.2/105.74/-599.53702.36*/-401.42*617.85728.41,503.22--141.55+621.55/-425.35*-391.07+-126.29+814.79-834.28*-168.2*-401.42*(105.74/-599.53/702.36)/617.85*728.41
+-462.73*226.16*172.84*561.8/-438.83+-597.93+-276.92+-266.12/*+662.7449.59/+-213.64518.32+447.01+543.22,-462.73+226.16*172.84*561.8*-438.83/543.22+(-597.93+-213.64/(-276.92+-266.12+217.8/662.74+49.59)+447.01+(518.32))
/-352.26+157.13+163.74-46.81--771.07+-333.6+-147.35*-481.9-893.48*-467.81*700.38-733.38/-279.95/-726.24-791.95,-352.26/157.13+163.74+46.81--771.07+-333.6+791.95-(-147.35+-481.9*893.48--467.81*-726.24/(-279.95/(700.38*-733.38)))
-733.22+526.41*-652.22-356.18660.96**-251.72/424.18+910.7+-524.32-//161.07748.7+672.7--93.54+40.19,733.22-526.41+40.19+(-652.22*-251.72*(356.18-660.96)*424.18/910.7+-524.32+-93.54-(-486.01-161.07/672.7+(748.7)))
*-169.91--317.16+503.41-519.5*--600.9*550.52--432.18-60.04/*-15.95*-161.64+734.63+-488.53--454.61*252.99-,-600.9*(-169.91*-317.16-503.41+-519.5)--15.95/(550.52*-432.18--60.04)*-161.64*734.63+-488.53+-454.61-252.99*462.53
*-/76.04/459.41--*-463.12+-215.79--159.63+-425.44-899.16-474.52+324.2-113.36*626.68439.8*345.24,233.19*76.04/459.41/-337.44--463.12*-215.79+-159.63--425.44+899.16-474.52-324.2+345.24+(113.36-626.68*439.8)
/-116.13569.42-+783.04-378.91/-513.16+-574.88-801.83--819.13-645.46+730.2+988.31+226.54679.25/-91.71--717.18,-717.18-(-116.13/569.42)-(783.04/378.91--513.16/-574.88+-801.83)-(-91.71/(819.13/645.46-730.2+988.31+226.54+679.25))
/-958.83***-168.84+-308.81*-0.02/-453.49/375.04/14.89*516.18/443.89-919.18*-988.27*69.48*-611.67--779.58,(-958.83/-791.75)*-168.84*-308.81+-779.58-(-0.02*-611.67*(69.48*(-988.27*(-453.49/375.04/14.89/516.18*443.89+-919.18))))
/304.99/-440.52-57.57*11.31+-843.58+-817.92+181.66*817.99-115.34/+930.6+-262.55+-210.15--159.77/-199.44-485.63,304.99--440.52/57.57-11.31*930.6+(-843.58+-817.92+181.66+817.99--115.34)/-262.55+-210.15+-159.77--199.44/-485.63
+413.28*-536.47--904.5+589.1--785.07993.84-**-607.76--737.22-909.41+644.57145.82/-342.79-921.45-117.46,413.28+117.46-(-536.47*921.45-(-904.5-589.1+-785.07-993.84)-(-342.79/(913.46*607.76--737.22-909.41-644.57+145.82)))
-897.54/-146.39-94.02-51.98-990.94--387.28/332.41819.85*-798.42--651.11/-401.55*705.84*994.98+*641.71,897.54--146.39/94.02-51.98-990.94-798.42-(-387.28-332.41/819.85)*-651.11--401.55/705.84*994.98*638.1+641.71
*-203.38*-411.37/727.36/899.35/231.98*174.98/-475.36-60.39*-67.38--101.17*-593.76+330.6838.96/++*,-203.38*-411.37*727.36/899.35/231.98/-113.49/(174.98*-475.36/60.39--67.38*-101.17--593.76*330.68+38.96)+(-551.55)
--716.76--805.75-301.32+-907.25/*+-642.16*739.58*395.02+-234.61-350.83-56.12557.84*-888.94+185.85-983.1,-716.76-907.25+(-805.75--301.32)--452.67/-642.16+739.58*888.94*(395.02*-234.61+350.83-56.12-557.84)-185.85+-983.1
/-404.95/-807.93-879.12/-+-169.82/-573.97-55.3+-547.79/-369.02*-503.41-696.07*-439.88582.9--642.45/-203.94,-404.95/-807.93/879.12--880.62--169.82+-203.94/(-573.97/55.3--547.79+-642.45-(-369.02/-503.41*696.07--439.88*582.9))
/107.6619.86--115.7/794.69*385.81-676.04*-375.91--396.72*-335.75910.61/+-425.11/-424.15+-575.5--373.18-518.95,(107.66/19.86)-115.7-794.69/385.81*676.04--375.91*-425.11/(-396.72--335.75*910.61)+-424.15/-575.5+-373.18--518.95
--793.39/-229.25*713.69--624.32*-319.91/255.0833.68//+-513.64**/-357.86/192.44*-171.97409.24/93.83,-859.26/(-793.39--229.25/713.69*-624.32--319.91*255.0/833.68)/513.64--171.97*-357.86/93.83/(192.44/-171.97*409.24)
+31.35+362.93/-/-126.51/-43.04/538.5+277.64--411.96/-160.08--846.74+-815.4+*+197.46*/57.13,31.35+362.93+-654.95/-126.51/-43.04/538.5/277.64+-411.96--160.08/57.13/(-846.74--815.4+198.79+197.46+-625.52)
/70.81-674.37--883.69*-51.99801.87+-141.04*-899.18--266.82//--524.26-370.9+-841.95*-216.9+236.92*492.02,492.02*(70.81/674.37-236.92+(141.04+(-883.69--51.99*801.87)--216.9*(-899.18*-266.82--841.95+(-208.64/-524.26--370.9))))
--131.39--541.69+269.44/-623.95+-193.79*526.28/-601.22+-850.95/478.14+195.1-223.14**-795.47/533.02*438.21-886.88,-131.39--795.47*(-541.69-269.44+-623.95/-193.79+526.28*-601.22/-850.95+478.14/195.1+-223.14)*533.02/438.21*-886.88
/-223.88+-71.74*-175.32+939.92-135.27+317.35422.02/*335.09-761.27/-624.61/*+406.85/-288.84+-911.68-677.45,-223.88/-71.74+-175.32*939.92+135.27-335.09/(317.35+422.02)*761.27--624.61/-969.08/406.85+-288.84/-911.68+-677.45
+-426.85--273.26/446.31/-199.92--440.95+-148.0/-465.46--670.0/974.58+68.88/-936.09698.32+821.75+-693.44*40.87,-426.85+40.87*(-273.26-446.31/-199.92/-440.95--693.44+(-148.0+-465.46/-670.0-974.58/68.88+821.75+(-936.09/698.32)))
+-32.71*-606.7361.5/*373.77-662.75*/95.19*213.52--162.54*-856.2/-600.09602.61**-849.88--118.88+-563.39754.53,(-32.71+95.19/(-606.73*61.5)*(373.77*-662.75)/213.52*-162.54--856.2*-600.09/602.61)*-849.88*-118.88--563.39+754.53
--492.43+751.88*-812.63--215.33-152.4/+-566.23--735.22/-931.82--487.96+875.02*548.44/220.54/-436.97+-743.68-275.74,-492.43-751.88+-812.63*-566.23+(-215.33+-152.4)/-735.22--931.82/-487.96-875.02+548.44*220.54/-436.97/-743.68+-275.74
/309.34-924.11--804.8+593.65--289.52--769.5-711.38/810.66--*887.93-656.43+--981.98--955.4618.56--458.24,(309.34/-924.11)-804.8-593.65+-289.52+-769.5-711.38-810.66/-338.14--458.24+(887.93*-656.43)-(-981.98--955.46-18.56)
/-337.26+-652.73+291.34*++-930.33+-214.46-65.84-889.81--788.19/536.54+944.73*-907.07+944.76+-10.9-922.4,-337.26/-652.73+291.34+566.76*-930.33+-214.46+65.84-889.81--788.19-536.54/944.73+-907.07*944.76+-10.9+-922.4
+-30.07+506.04-331.54+558.04/-265.77-515.81-+-415.56/424.67+-918.38-449.83*+283.57+-34.43689.51/771.43/-412.26,-30.07+506.04+-415.56-(331.54-558.04+-265.77/-515.81)+424.67/283.57+(-918.38+-449.83)*-412.26/(771.43/(-34.43+689.51))
+484.93915.32**//-20.54430.64/*-428.02-151.84/-595.53/91.57/-386.35+485.9+-586.59-369.19/+586.08914.44,-428.02/(4.48*(484.93+915.32)*-20.54/430.64)*151.84--595.53/91.57/-386.35/586.08+(485.9+-586.59+-369.19)/914.44
-828.6+764.92/145.36--38.32+807.23*++-87.59/-862.48+1.7-148.31--888.24*750.48+11.12-243.78+-804.91,828.6-764.92+145.36+-38.32-807.23+-567.15*-87.59+-862.48/1.7+148.31--888.24-750.48*11.12+-804.91+(-243.78)
*-924.2*-383.6*904.42+80.24+79.97/384.27--929.35/-196.48*-0.15-392.56-323.64-957.64775.26/657.28/560.93,-924.2*-383.6*904.42*80.24+79.97+384.27/-929.35--196.48/560.93/(-0.15*392.56-323.64-657.28/(957.64-775.26))
*458.56*458.62/-280.27/-210.59--847.88-619.07/+217.57/142.55*-300.16+126.21+296.56--478.78814.0-932.08/-460.29,458.56*217.57/(458.62*-280.27/-210.59/-847.88--619.07)+-460.29/(142.55/932.08-(-300.16*126.21+296.56+-478.78-814.0))
-195.02-828.6+381.79/-411.5+589.64+++69.36+-203.16--840.4*-274.31659.16*-834.14-795.34+861.26*176.44,195.02-176.44*(861.26+(828.6-795.34-(381.79+-411.5/589.64+57.52+-834.14+(69.36+-203.16+-840.4--274.31*659.16))))
*-50.35+741.5+374.37+-286.34/793.99*529.46--713.37-82.07/--376.57-898.68/-226.89+-453.96-148.02+-311.82*289.59,289.59*(-50.35*-311.82+(741.5+374.37+-286.34+793.99/-376.57/(529.46*-713.37--82.07)-898.68--226.89/-453.96+-148.02))
*-54.69*981.88+-317.07+-218.12/-366.36--3.99*-118.8-12.36*-526.08-610.07-*-57.18/-799.05/-626.96225.39/657.7,(-54.69*981.88*-317.07+-218.12+526.08-(-366.36/-3.99--118.8*-12.36)*-610.07)--57.18*-799.05/-626.96/657.7*(225.39)
--4.68/51.48-221.75-+272.02--746.01/-980.99--523.38/-5.35/-953.28+602.24+**991.02+922.02-836.95/85.11,-4.68-272.02-(51.48/-221.75)+-746.01--980.99/-523.38--5.35/-953.28/85.11*(602.24+-742.02)/(991.02*922.02+-836.95)
+-952.8--972.64*-719.23/188.94--601.85+-269.09*-582.7*-*-892.31/581.66*342.88*501.09+-167.49291.55--904.28,-952.8+-972.64--719.23*188.94/-601.85--269.09+-582.7*-904.28-(-930.32/-892.31*581.66/342.88*501.09*-167.49+291.55)
*-+-668.29+-976.53-409.47*647.75/250.06+-910.92+-569.21/-392.99--702.38*691.93+-34.11/-*479.83-18.24,545.2*-668.29+-976.53+409.47-647.75*250.06/-910.92+-569.21+-392.99/-702.38-691.93*-34.11+732.43-479.83*-18.24
/-555.87/492.64/778.32*-628.49498.89//-367.69/947.71+303.51-994.03*-282.11*346.85*268.07-494.51-221.09+479.39,-555.87/492.64/-367.69/(778.32/-628.49*498.89)/947.71/303.51+994.03--282.11*346.85*268.07*494.51-479.39+(-221.09)
--726.0/-452.6*-775.6-51.31+-84.3*326.67256.81/-169.44-79.51+-758.98744.64//--478.61*-751.81*31.89-114.6,(-726.0--452.6/-775.6*51.31--84.3+326.67*256.81)/(-169.44/79.51--758.98+744.64)/-478.61--751.81*31.89*-114.6
--479.53/862.35/272.92/579.47*-261.04/714.91*-430.24*811.33*-232.64949.81*--995.51/-701.3573.24+-883.22*845.52,-479.53-862.35/272.92/579.47/-261.04*714.91/-430.24*811.33*845.52*(-883.22*(-232.64*949.81)+(-995.51--701.35/73.24))
-522.06*155.63*-183.73+65.18/341.15/859.43*-313.91/351.96-715.9+86.89+633.32+-142.32/-25.49/-859.21-723.64,522.06-155.63*-183.73*65.18+341.15/859.43/-313.91*351.96/715.9-86.89+633.32+-142.32+-25.49/-859.21/-723.64
/947.76--309.67--319.42*286.06+-886.25*992.09-814.12/210.3904.38*-649.88+-289.13-412.22*-148.87/849.4-623.37,947.76/-309.67--319.42-286.06*623.37-(849.4/(-886.25+649.88*(992.09*814.12-210.3/904.38)--148.87*(-289.13+-412.22)))
+708.56*698.44/337.88+-615.01--532.41*-403.45-979.3+190.8--849.23-217.46917.12+-291.7*289.11-534.85/-407.07,(291.7+(708.56+698.44*337.88/-615.01+-532.41--403.45/979.3-190.8+-849.23-217.46-917.12)-289.11*-534.85)/-407.07
--86.72+-893.43-338.89---54.02*-840.18/829.88/-194.82889.41++-379.57+453.6--584.35*-968.53+995.48+-58.21-872.98,(-86.72--893.43+-338.89)--54.02--379.57+(-840.18*829.88/-194.82/889.41)+453.6+-584.35--968.53*995.48+-58.21+-872.98
-221.65/-877.59+-804.84+-590.88+-913.756.22-948.56/888.52-560.4/-384.0*599.75+-557.27-676.45/-824.69*+*,221.65--877.59/-804.84+-941.97+(-590.88+-913.7+56.22)*(948.56--824.69/(888.52/560.4*-384.0/599.75*-557.27+-676.45))
+885.92-124.25+985.71982.32/--314.45*-921.08--273.65*-857.18/700.89-97.51+-307.56--507.69+995.63*-786.18--182.97,885.92/-182.97-(124.25--786.18*(-314.45/(985.71+982.32)--921.08*-273.65--857.18*995.63+(700.89/-507.69-(-307.56+(-97.51)))))
/-663.58--195.66--9.85*/+759.88*+-598.19/+++-687.29402.24/*-3.55*-847.35103.94+563.84*338.89,-663.58/-254.01/(-195.66--9.85--217.22*759.88+429.02*-598.19)+338.89/(-687.29+402.24)*(563.84+(-3.55*-847.35*103.94))
-701.96*850.53/-167.13/987.07/-450.0+-972.08/309.42624.87/-874.13/-410.97/-824.1*714.05/-126.38+285.2120.92,701.96-850.53*-167.13/874.13/(987.07/-450.0/-972.08+309.42/624.87)--410.97/-824.1/714.05*-126.38/285.2+120.92
/826.23/-769.05*710.95+-901.5/-33.17*-325.99-128.02--54.88204.59/137.08-99.25/**224.39+-62.85+-504.6/,826.23/-769.05/710.95*224.39-(-901.5+54.88-(-33.17/-325.99*-128.02)-204.59)/(137.08/-99.25)*-62.85+-504.6+822.49
--710.74/-63.28/294.91+596.15*763.68-37.9518.08*+-758.39--499.42/-787.45/275.0*64.15/277.48-729.96+145.19,-710.74--63.28/294.91/596.15+-758.39*(763.68*37.9-518.08)+-499.42-145.19+(-787.45/275.0/64.15*277.48/-729.96)
+-106.0+769.3*109.98779.8*--834.1--889.1+371.54--256.32--319.82*342.17-654.25-933.87-106.56+-452.18854.19,-106.0+-834.1-(769.3+109.98*779.8)*-889.1-371.54+-256.32--319.82-342.17*654.25-933.87-106.56--452.18+854.19
-297.14+796.51-565.79+391.96-486.65--137.87+-385.56-99.22*+680.94+144.14+-199.36+-198.49-+*-472.54-595.8,297.14-796.51+565.79-391.96+486.65-680.94*(-137.87--385.56+-99.22)+144.14+-199.36+-198.49+648.59--472.54*-595.8
-989.47945.6--167.76*799.57140.31**-185.97/-520.02+996.14*286.7/-348.84-111.92-524.23/+-418.39//314.41,167.76-(989.47-945.6)--185.97*(799.57*140.31)*-520.02/996.14+286.7/-348.84/314.41/(-418.39+(111.92--524.23)/-811.66)
+-282.41273.81+-413.81+639.39//--584.35--398.47+215.19111.92++814.76+354.45516.43/+-192.81/-847.41129.49,413.81+(-282.41+273.81)--192.81+(639.39+814.76+(-837.04/-584.35--398.47-215.19+111.92)+354.45+516.43)/-847.41/129.49
+127.76/-824.19/-820.61+-14.04-816.37-772.69*-56.87*822.12/707.97--430.88+516.39/-440.26-971.32-648.88--676.84,127.76+-824.19+-676.84+(-820.61/-14.04+816.37-772.69--56.87+822.12*707.97/-430.88-516.39+-440.26/971.32--648.88)
/-643.89*838.88*-869.54-+*-278.27/-276.95/384.42+661.29/377.0352.37++455.12+-984.48+229.7--394.36-309.09,-643.89/455.12+(838.88*-869.54*-768.96--278.27*-276.95/384.42/661.29+377.03*52.37)+-984.48+229.7*-394.36--309.09
+-317.15/-444.32/597.71/-417.31--84.98*687.23+633.15+-328.71+64.78+++50.99-294.94--17.47--967.29+/,-317.15+-444.32/597.71/-417.31/978.91+(-84.98-687.23*633.15+-328.71+64.78+-967.29-(36.3+50.99+-17.47-(-294.94)))
--147.67/-515.05*471.05+227.75*-597.79*-540.85/-594.84+*/633.43993.6/*-630.8/-471.08--297.97265.72/-878.17,-147.67--515.05/471.05-227.75+-597.79*-540.85*-594.84/-630.8/(-713.24+633.43/993.6)*-878.17/(-471.08/-297.97-265.72)
*216.29655.97/*912.5+-500.73+-666.43-524.85**-760.59-274.23+-325.21-395.79--162.6--605.7+-436.05282.1-337.98,912.5/(216.29*655.97)*-760.59*(-500.73+-666.43+-524.85)*274.23--325.21+395.79--162.6-337.98*(-605.7--436.05+282.1)
/757.82*-380.06*-211.24--967.44/-863.75+-74.21+-404.63*972.23/315.89*736.78--644.61+-327.15-867.99-901.63*-181.08,757.82/-380.06*-211.24--967.44--863.75/-74.21+-404.63+972.23*315.89*736.78*-644.61--327.15+-181.08*(867.99--901.63)
+-562.57-799.46*/-86.32+-949.86--40.95--137.49/27.55--98.84+-152.04+-686.38--518.49*263.81/47.66-246.9--314.43,(-562.57+-799.46)*-86.32/-949.86+-40.95--137.49-27.55/-98.84--152.04+-686.38+-518.49-263.81*47.66/-314.43-(-246.9)
/-420.36*-896.88/-636.3-356.94*-488.71+119.55-304.65*/*794.43-684.65*+-642.35*39.62*87.03*971.34347.07,-420.36/-896.88*-636.3/356.94--488.71*119.55+-642.35/(304.65--517.6)*(794.43*-684.65)+39.62*87.03*971.34*347.07
*609.0+-611.61++-106.66/+-867.42--486.2712.49*-985.94+-251.14-88.33/-955.24957.73*/*617.14**-257.82,(-867.42/(609.0*-611.61+-283.18+-106.66)+-486.2-712.49)*(-985.94*-251.14+88.33--955.24/957.73)/617.14*-741.12*-257.82
+401.88/516.92/-366.41--794.8+-174.99-931.5/+230.51/789.86*-176.57*-678.37--116.3*29.2-924.43*+-561.96/,401.88+516.92/-366.41/230.51+(-794.8--174.99+-931.5)/789.86/-176.57*-561.96+(-678.37*-116.3-29.2*-924.43)*656.84
/-265.17-635.88+-684.01/402.32/840.92-751.53+/*654.5*226.95+-448.41-379.57*319.04/383.82+721.23--616.15,-265.17/635.88--684.01+402.32/-616.15-(840.92/721.23+(751.53--805.06+654.5*226.95*-448.41/383.82/(319.04*(-379.57))))
--519.36*885.03+-227.37--300.48*547.86*669.83/-108.47-699.59-426.37*-476.04-360.15*-874.36-/-392.53/-716.11,-519.36-885.03*-716.11/(-227.37+-300.48-547.86*669.83*-108.47/-392.53/(699.59-874.36*(426.37--476.04*-360.15)-474.57))
--536.95--398.22/370.33748.71/--584.18+-616.34*-737.57/-634.5/952.6*-26.19/870.39764.8--786.39+-55.77--,670.14-(-584.18/(-536.95--398.22-370.33/748.71)--616.34+-737.57*-55.77+(-786.39-(-634.5/952.6/-26.19*870.39/764.8)))
/284.58--35.6-448.47*-486.62/160.25/-691.0/384.28+475.58*165.11+-63.05/634.86*-59.0-570.41-643.67*-,284.58/-35.6-448.47--486.62*160.25/-691.0/384.28/475.58+165.11*-63.05+634.86/-59.0*448.64*(570.41--643.67)
+758.88-621.96/-935.47250.71+-686.29+601.33*-930.28-728.57/-675.51+867.05--936.87-++-166.02265.14*--607.31,-607.31-(758.88+621.96--935.47/250.71)*(675.51-(-686.29+601.33+-930.28*-728.57)/867.05+-936.87--443.89--166.02+265.14)
+446.2--115.66+-919.59*-923.61*597.57*-122.49*364.47*571.38/741.0--926.43*270.72-/644.72+-374.17+-746.07,446.2+-115.66--919.59+-923.61*597.57*-122.49*364.47*571.38*741.0/-746.07+(-926.43-270.72*-374.17+(-992.75-644.72))
*782.39*-62.17*-140.33/-632.0/286.8+-92.24+-610.95-57.75*+-930.63-906.55*-121.19+-162.2*-367.21*-651.52-450.68,(782.39*-62.17*-140.33*-632.0/286.8/-92.24+-610.95+-57.75)*-930.63+906.55--121.19*-162.2+-367.21*-651.52*-450.68
+-387.51/160.45*-718.66--323.6455.49/+649.17443.68+*-507.84/-836.42/-143.19++*203.93*738.76-276.37+-590.88,-387.51+160.45/-590.88/(-718.66*-323.64-55.49)+(649.17+443.68)+(-507.84*-836.42/-143.19/-67.75+203.93*738.76*-276.37)
*-754.56*-313.81*-263.54/281.0-301.55/-996.38*/-251.54*-633.64+-265.39*-188.27--438.97/-14.97-151.31958.15,-754.56*-313.81*-263.54*281.0/301.55--996.38/410.08*251.54--633.64*-265.39+-188.27*-438.97--14.97/151.31-958.15
*422.48/-539.49--219.82+93.88/-983.01*-305.86*-434.41*236.55+-714.37/-680.85--136.21/898.39/771.5104.76*505.08,422.48*-539.49/-219.82-93.88+-983.01/-305.86--434.41*236.55*505.08*(-714.37+-680.85/-136.21-898.39/771.5/104.76)
-//-95.58--831.48+736.22+184.81/-759.51*312.35+75.01*642.56--712.0/674.61*-868.3558.17/984.43-488.01,488.01-(415.32--95.58/-831.48-736.22+184.81+984.43/(-759.51+312.35*75.01+642.56*-712.0-674.61/-868.35*58.17))
*-147.4*136.12*-160.62*-401.81/-396.18*-185.54/-568.92/-94.52+-696.05--693.09*-587.52659.88+762.34/380.41/660.68,-147.4*136.12*-160.62*660.68/(-401.81*-396.18/-185.54*-568.92/-94.52/-696.05+-693.09-380.41/(-587.52*762.34+(659.88)))
-370.2-476.37-179.17+285.61-795.49/13.06/238.44--153.31+632.2--97.42+144.21--37.95-457.66/-111.95-117.9,370.2-476.37-179.17-285.61+795.49-13.06/238.44/-153.31-632.2+-97.42-144.21+-37.95-457.66--111.95/-117.9
--66.09--926.7/155.86*-38.03+-747.26-97.34+911.82+254.16*659.28//+820.53-851.13*693.5*876.92+549.19,-66.09--926.7-155.86/-38.03*-747.26+97.34-549.19+(911.82+876.92*(254.16+659.28*-833.36/820.53+-851.13)*(693.5))
*-98.45/496.6*-294.98*672.44*-609.53+987.67/-212.72-219.76*-997.8*-640.2+-328.03*267.42-250.34/*+623.04,623.04+(-98.45*-824.68/(496.6/-294.98*997.8*(672.44*-609.53*987.67+-212.72/-219.76)--640.2*-328.03+267.42*-250.34))
*-983.0--503.13+-0.46*26.14+764.5*568.2--21.78*-211.67+-922.22901.67/-864.05560.87*/-235.36*506.32-395.46,(-235.36*(-983.0*-503.13--0.46+26.14*764.5+568.2*-21.78--211.67*864.05-(-922.22+901.67)/560.87)/506.32*-395.46)
*96.47--652.12--354.97-237.62/*-159.69*877.62-143.69/*149.72-78.08+--950.21804.33*-925.27/-285.25165.01--476.28,96.47*-652.12+-476.28/(-354.97--237.62)-(925.27-(-950.21+(-159.69*149.72/(877.62*-143.69)*-78.08)-804.33)*-285.25/165.01)
+-693.08*-515.25+-800.98*-990.3-713.46--288.89/896.49-614.55/-958.47-341.36*135.63/+-76.09/-34.7-858.58-881.45,881.45-(858.58-(-34.7/(-693.08+-515.25*-800.98*-76.09+(-990.3*713.46--288.89-896.49/-614.55)/(-958.47/135.63*(-341.36)))))
*597.97*944.72/-879.28/766.43+889.41*308.6+841.35-199.24*-745.73247.97++-431.37+92.12+990.18-/-199.31,597.97*944.72*-431.37+(-879.28/745.73*(766.43/889.41+308.6*841.35+-199.24)-247.97)+92.12+-199.31/(990.18+467.87)
--/706.36+-588.36/-659.95--91.96-768.23*-641.22/-114.19*-624.17*933.66*-357.1/-674.2277.23*-404.14/343.89,221.73-706.36/-588.36+343.89/(-659.95--91.96-768.23--641.22*-114.19/-624.17*933.66*-404.14*(-357.1*-674.22/77.23))
+-83.51-535.69/-370.03+-951.55+-231.41+125.99+-87.06+-231.99+-484.88422.61**45.25/113.69-331.66/-72.26-979.38,-83.51+979.38-(535.69--370.03/-951.55+-231.41+-72.26/(45.25*(125.99+-87.06--231.99+-484.88+422.61)*113.69/-331.66))
+-285.22--336.27/659.77-201.13/-651.01*747.47/665.54298.48*-937.27*---122.14-365.59+-587.27+889.35*-349.96,-285.22+-336.27/-349.96*(659.77/889.35+(201.13--651.01/747.47*-587.27+(937.27*(665.54/298.48)-30.68*-122.14--365.59)))
/19.55+**-365.42/-680.26-789.65*-788.9/223.85+978.46-171.91*-393.36-/--521.95+-938.24271.36--939.23,19.55/788.9*(-44.17+-365.42*-680.26/-789.65)/223.85/978.46+171.91--393.36*-939.23-(-135.92--521.95--938.24+271.36)
-45.42/538.2/-537.86717.66*-342.9+696.84/-374.13/-412.6*890.2-711.54*+-168.47**/-181.24/-198.54687.76,45.42-538.2/342.9-(-537.86/717.66)*696.84+-374.13/-412.6/-168.47*(890.2*-711.54)+-675.66*-181.24/-198.54/687.76
--101.75-473.24*-406.84/918.35-212.63/861.95+68.06+-870.83+150.77+-547.9--255.57*554.55+617.25530.97*-360.46,-101.75-473.24--406.84*918.35/212.63-861.95/68.06+-870.83+150.77+-547.9+-255.57--360.46+(554.55*617.25+530.97)
*-847.02-228.32+-285.83*-195.36*-355.34+682.85*105.73367.23++64.04+705.3350.11/--225.29/936.32131.13*67.47,285.83*(-847.02*-228.32)-64.04+(-195.36*-355.34*682.85+105.73*367.23)+67.47/(-225.29-(705.33+50.11)/936.32/131.13)
+252.95-96.8--868.13*620.52*-392.33-980.69/925.7-1.44/-338.83-667.13/+262.11*-856.66484.23+570.51/265.76,252.95+265.76/(96.8--868.13-570.51+(620.52*262.11+(-392.33*980.69-925.7-1.44--338.83/-667.13)+-856.66*484.23))
*374.52-243.07*-729.08--223.72*-584.08*-181.31/-19.84-29.12500.26/+847.39-662.05--598.56*880.52+124.51*-488.45,729.08/(374.52*-243.07)--223.72--488.45*(847.39/(-584.08*-181.31*-19.84/29.12-500.26)+124.51+(880.52*(-598.56/(-662.05))))
+/+-284.79/185.72--611.6346.51/*40.63/-193.89+878.44/275.75*-794.14**-351.47*-470.45-281.73--407.2,-407.2-(470.45*(40.63/(591.0+-284.79+185.72/-611.6-346.51)*-193.89/878.44+275.75/-794.14*-717.67*-351.47)--281.73)
/-900.14+--190.72+-57.71/-877.92+100.0*-855.66-414.66/-252.13+823.08/385.74*494.54+586.23-140.31+-194.4,-900.14/-133.23+190.72*-57.71*-877.92/100.0+-855.66*414.66--252.13/823.08+385.74/494.54*-194.4+(586.23+-140.31)
+874.59--126.84+834.61*-160.76-398.81+820.51--991.34*421.74+782.18-399.37-/715.0899.66*320.38--882.66*992.65,874.59+-126.84+834.61+-160.76*398.81*992.65*(820.51+-991.34-421.74*-882.66-(782.18+-399.37)-(320.38*(715.08/99.66)))
*253.06//*-724.95/113.73*423.6*768.37*398.2+-*-512.05-182.89-432.81-713.51**379.48862.87/-707.28,253.06*969.82/-724.95*113.73/423.6*768.37*398.2*-707.28/(379.48*(446.82+-512.05*182.89-432.81--713.51)*862.87)
-600.4/924.47+642.85*--758.0/-394.4/-938.09/-167.69+333.16--576.14+104.16+-595.04+-696.97*694.41-531.13,600.4-924.47/642.85+-355.57*758.0--394.4/-938.09/-167.69/333.16+-576.14-104.16+-595.04+-696.97+694.41*-531.13
*670.91-591.67+-113.41*-759.6532.79-+-857.39/279.71--74.54/-291.38*19.72+567.69/911.9891.43/79.41*709.03,670.91*591.67--857.39-(-113.41+-759.6*532.79)+279.71/709.03*(-74.54--291.38/19.72*567.69+911.9/79.41/(891.43))
+-832.53+-182.71+406.13--219.33/-376.41*13.13+-643.15/-121.36+261.02763.3/+-295.24+-753.75*397.9+722.56687.65,-832.53+-182.71+406.13+-295.24-(-219.33--376.41/13.13*-643.15+-121.36/261.02+763.3)+-753.75+397.9*722.56+687.65
/541.52+111.14*438.03*-949.0-562.96*-650.08*-420.88-92.64*--299.85+468.07247.29/-102.86-685.97/806.47/795.71,795.71/(806.47/(685.97*(-299.85*(541.52+111.14+438.03*-949.0*562.96--650.08*-420.88*-92.64)-468.07+-102.86/(247.29))))
*320.89-517.22/-829.43-628.56++776.71+245.93+745.1594.74/+-161.09-+/-673.12*-435.21608.44/339.84--162.4,-162.4-(320.89*517.22--161.09+(776.71+(-829.43+-628.56)+245.93+745.15+94.74)/339.84/(-742.1--673.12/-435.21*608.44))
--745.84+-954.78*734.94/408.29/-532.03*-959.65*430.21+-283.25-162.02*-911.38+970.9630.97-971.52/154.2+-593.14,-593.14+(-745.84--954.78+734.94*408.29/-532.03/-959.65*154.2/(971.52-(430.21*911.38*(-283.25+-162.02)-970.96*30.97)))
+329.75+221.02195.7/*12.8/-907.33+630.94+-684.81/-527.59+-23.1--540.14104.26--85.3/+*-445.57-644.01,(329.75+221.02+195.7)/12.8*-907.33/644.01-(630.94+-684.81+-445.57*(-527.59/-279.99/(-85.3-(-23.1+-540.14-104.26))))
-173.31/244.95*747.49--805.61/-679.01*-125.09+356.15260.15/+-661.94+-12.28+-363.59396.24--634.51*29.79*-255.64,173.31-244.95/-255.64*(747.49/-805.61--661.94+(-679.01/-125.09*356.15+260.15)/29.79*(-12.28+-634.51-(-363.59+396.24)))
--254.02-+*-113.91+55.75/-385.15-883.11*-814.46*-522.45*163.42-384.8*-906.16-896.15*982.18*862.32*820.55,-254.02--167.37-820.55*(-113.91*55.75+-385.15/883.11-862.32*(-814.46*982.18*(-522.45*163.42*384.8--906.16*-896.15)))
/359.06+-847.89*-35.63*-150.78/-557.61*-459.01--741.79557.07/+-347.94*/*-6.72+-313.28*-513.77-358.9/483.72,359.06/-847.89--35.63*-150.78*-557.61/-459.01*-347.94+(-741.79-557.07)/-615.07*-6.72*-313.28+483.72/(-513.77*-358.9)
--425.53*626.06*828.23/-369.75-+*-20.11/980.42/455.29*671.36+255.08-176.56*-641.0938.68--658.99/688.91,-425.53-626.06*828.23*-369.75/-23.41--20.11*980.42/455.29/671.36*255.08+688.91/(176.56--641.09*-658.99-(38.68))
+408.39*264.44/229.18-618.86-937.49/*+358.42+-433.16+154.11*760.34--77.88+89.98161.93/924.06+-81.42,408.39+264.44*229.18/618.86-937.49--15.33/358.42+-81.42+(-433.16+154.11+760.34*-77.88-924.06/(89.98+161.93))
-276.75-552.13/328.3/782.59--726.35--70.79--287.91*-372.85*683.42-633.73--740.18667.92/+-495.68*297.73,276.75-552.13-328.3/782.59/297.73*(-726.35--70.79--287.91--372.85*683.42*-692.37/(633.73--740.18-667.92)+495.68)
*-826.84+367.77+*/59.3-956.22+896.0-677.78/-50.26+687.76+-/503.14/-483.67927.68/402.33+654.7,-826.84*367.77+942.5+59.3/956.22-896.0+677.78--50.26/654.7+(687.76+208.07+402.33/(503.14+-483.67/927.68))
**+-800.27*32.37/-776.88/184.32-615.83769.29*+929.96*399.33/398.3*893.69--154.66-995.03*+338.53,-931.3*-800.27+32.37-929.96+(-776.88/184.32/615.83-769.29)*399.33*398.3/893.69*338.53+(-154.66-995.03--56.52)
-772.56/-413.57--332.19*920.53**-767.32*825.65--71.16--33.07-324.81++-623.78406.8*+-451.6--24.35,(-24.35-(772.56--413.57/-332.19-920.53*-565.47*-451.6+(767.32-825.65*-71.16--33.07-324.81--300.82)*(-623.78+406.8)))
*-759.81/-270.11*-874.51689.3++338.27-940.16/460.77*-881.74*954.81*395.79--994.5*335.53-760.72/-268.51--195.42,-759.81*338.27+(-270.11/-874.51/689.3)+940.16/460.77/-195.42-(-881.74*954.81*-268.51/(395.79*-994.5-335.53*-760.72))
*-651.25-568.27/+379.19-918.07*-576.73+519.13*-113.2432.56*/-152.57*-867.43--27.91-152.22448.11-877.89*/,(379.19+(-651.25*-568.27)/-918.07)*576.73-519.13+-287.36*(877.89-(-152.57*(-113.24*32.56)/-867.43*-27.91-152.22-448.11))
-224.47*657.16/-291.99/34.76/-858.55*-543.47*794.77--224.51/130.9+-549.08+676.32-331.47+639.88--85.83--309.99,224.47*657.16*-291.99/34.76/-858.55/-543.47*-309.99-(794.77*-85.83+(-224.51-130.9/-549.08+639.88+(676.32+-331.47)))
+-500.02+-479.27/232.84--55.54*698.55+-637.1--428.33/-219.41+521.62-450.61/395.77--400.0/494.21-521.54--266.42,-500.02--479.27+232.84/-55.54-698.55*-637.1+-428.33--219.41*-266.42-(521.62+450.61-395.77/-400.0-494.21/-521.54)
-404.99-240.95+785.82*-235.57/333.41--496.55--700.71/-293.3/-603.51*401.69/-701.25*618.08*782.37612.18*-651.89,404.99-240.95-785.82+-235.57*333.41/-496.55*-700.71--293.3/-603.51/401.69*-701.25/-651.89*(618.08*782.37*612.18)
-502.83*-54.73*+/294.04973.11/+-143.44--850.88/19.22*-840.9-444.61/-218.48+388.43-171.11+-811.18*-219.74,502.83--143.44+(-54.73*196.8*294.04/973.11)/-850.88-19.22/-840.9-444.61--219.74*(-811.18+(-218.48/388.43+-171.11))
+528.67/+708.95*//+486.77*-740.49*-801.36*-621.04/212.23/-380.41*-583.88+-66.7424.38+-535.12-843.11,528.67+212.17*(378.65/708.95)/486.77+-740.49*-801.36*-621.04*843.11+(212.23/-380.41/-583.88*-66.74-24.38)-(-535.12)
*-623.77--910.49*/+**-766.69+-+-699.4--213.43/463.38-857.69354.53/751.92--44.61*-147.06*-125.47,(-623.77*-910.49-975.6*-51.94+-125.47*(-766.69*-147.06*(-44.61-(328.67+-699.4+-213.43-751.92/(463.38/857.69-354.53)))))
-722.38--28.73*-517.65-299.24*--853.85--196.71/-149.14/366.54+-83.93*-689.8/-237.28863.18/+593.31+757.89-610.12,722.38--853.85*(-28.73--517.65*-299.24)--196.71-593.31/(-149.14/366.54/-83.93+-689.8*-237.28/863.18)+757.89+-610.12
/117.38-357.62/34.75*-24.47-276.1/+385.86/-600.51+998.15*-877.6+80.6/-648.01/999.36-210.52404.56*-117.34,117.38/385.86+(357.62-34.75/-24.47*-276.1)/-600.51/998.15+-877.6*80.6+-648.01*-117.34*(999.36/210.52-404.56)
+449.98--48.93*568.53*639.07--624.41*-453.32-595.89/+-770.75/420.41/-772.91*11.19/*--142.47*-924.75-370.83,449.98+-48.93-568.53*639.07*-624.41--770.75+(-453.32*-595.89)/420.41/-772.91/11.19*471.79+-142.47--924.75*-370.83
+-+104.7*-127.73*-13.3*987.37*576.93/-61.25+-610.98-389.51*+-618.51*410.92+756.05-713.56---513.15-830.47,-692.1+104.7+-513.15-(-127.73*-13.3*987.37*576.93*-618.51+(-61.25--610.98+-389.51)*410.92*756.05+-713.56)--830.47
/-99.82*948.91*284.07*-574.13--606.83/84.01--973.53+-426.78-717.82*262.21482.07*+--406.35-471.31/+-222.06-136.22,-99.82/948.91*-222.06/(284.07*-406.35+(-574.13*-606.83-84.01/-973.53--426.78+-717.82)*(262.21*482.07)--471.31)+-136.22
-648.75/513.59/279.61-812.26*-58.16*276.81/76.4*205.97/783.97*/+517.98732.77*/813.78947.86+30.14,(648.75-30.14+(513.59/279.61/812.26--58.16*276.81+76.4/205.97*813.78*(783.97/-826.76*517.98+732.77)/947.86))
/871.67+15.62*23.24*78.47--970.32-894.95/-504.65+266.07+68.82*-507.02*/+96.53+901.32825.27-731.3,871.67/15.62+23.24*504.65/(78.47*-970.32--894.95)-266.07+68.82+-507.02*287.99*96.53+731.3-(901.32+825.27)
+-244.37/-947.74/479.39--830.43+-157.55/-/-29.79-707.02+-110.4-238.46//-266.11*+-465.41-364.64+347.05,-244.37+-947.74/479.39/-830.43--157.55+646.5/-29.79/707.02--110.4+238.46-347.05+(-465.41+(778.64/-266.11)*-364.64)
*-134.68/-805.51--41.67875.51/--201.88+-194.25*883.72*-808.64-162.29-688.43--708.65/-824.88--87.57*-436.69-659.41,-134.68*-201.88-(-805.51+-41.67-875.51)/-194.25+883.72*-808.64*162.29-688.43--708.65--824.88/-87.57--436.69*-659.41
--914.94--824.09*565.19+999.99-101.17*/-819.01/864.21/541.99--458.3--835.01-*--540.08377.31/+646.1218.58,-914.94--824.09-565.19*646.1*(999.99+-101.17)+(-819.01/864.21/541.99/-458.3--835.01-153.57--540.08-377.31)/218.58
+740.31--399.78/-544.04843.21/*964.58--446.49+-241.01-656.84+-937.07--311.8/-828.68/-655.02+-867.84809.58*429.12,964.58/(740.31+-399.78--544.04/843.21)*-446.49--241.01+656.84--937.07*-311.8-429.12*(-828.68/-655.02/-867.84+809.58)
+435.74+-855.27-911.33/-308.47*-280.42+643.0+584.32/988.25+-332.35910.2++166.85--310.09-802.45763.21-837.29,308.47/(435.74+-855.27*-911.33)--280.42*643.0+584.32+166.85+(988.25/-332.35+910.2)+-310.09-837.29-(802.45-763.21)
/695.65-91.06/705.78*-523.19+298.62+-821.77*749.47+-81.52/337.37+289.06+661.1163.05*297.33--447.44*574.64,695.65/91.06-574.64*(705.78/-447.44-(-523.19*298.62+297.33*(-821.77+749.47*-81.52+337.37/289.06+661.11+63.05)))
+603.0+414.76+681.03--650.88-753.02/+-952.1-242.69*--357.59152.49**233.56*310.18/365.55-447.5/-878.96/633.91,603.0+233.56*(414.76+-357.59*(-952.1+(681.03+-650.88--753.02)/-242.69)-152.49)*310.18*633.91/(-878.96/(365.55/-447.5))
+-865.04/275.58--906.84--202.94+969.27*-292.94*850.07/---973.3-956.63--96.24712.83+-368.71+-910.74--472.62,-865.04+275.58/-906.84+-472.62-(-202.94-969.27+-292.94*850.07*-106.73/-973.3-956.63--910.74+(-96.24--368.71+(712.83)))
*926.31*458.17+-195.12--677.04*-220.81/*+981.94/159.15+-219.32/835.66+-742.62-474.01-148.47--668.43*23.56,926.31*458.17*-195.12+-677.04--220.81*23.56*(-668.43-(-125.11/981.94+159.15/-219.32+835.66/-742.62+474.01--148.47))
*-30.97+113.64/-703.24-839.39*491.36+-13.34/-168.45*-198.74//--879.29/183.95+-11.07-418.16/532.99--726.9,-30.97*113.64+-703.24/839.39-491.36*-13.34+-726.9-(-168.45/-198.74*532.99/(130.11/-879.29-183.95/-11.07+-418.16))
/218.66+686.95+-182.2*413.7-173.49--196.9-167.84*/804.0--67.78-282.87/-161.84*-353.08/-140.39-757.87/-362.2,218.66/686.95--182.2+413.7*804.0*(173.49--196.9--167.84)/-67.78-282.87--161.84/-353.08*-140.39/-362.2/(-757.87)
+-114.63+-573.35--93.21*860.49-422.83*/-857.47*405.3*-327.61-992.57*11.79-133.46+-264.6-897.91+-450.89*125.06,-857.47*(-114.63+-573.35+-93.21-860.49*-422.83)-405.3*-327.61*125.06*(992.57--450.89+(264.6+(11.79*-133.46)--897.91))
-761.56-73.94+*870.2*737.23--600.03/-755.95--633.27--749.44--584.61+-475.87/-814.55/221.99+-742.29-170.12+-734.23,(761.56--73.94)+870.2*-734.23+(737.23*-600.03--755.95/-633.27--749.44--584.61--475.87+-814.55/221.99/-742.29+-170.12)
--299.39*205.36/-63.2/825.45-234.35---777.69+198.26+-957.09/292.11-581.51-260.57+-632.84*84.0-166.47--470.2,-299.39-205.36*-777.69-(-63.2/825.45/-234.35)-198.26+-957.09+-470.2-(632.84+(292.11/581.51--260.57)-84.0*-166.47)
+475.22/-15.08+-220.42--502.36/702.1-361.44-+-359.26809.57*-936.29-414.67/+-207.61592.01/-113.9+916.35+337.4,475.22+337.4+(916.35+(-113.9/(-15.08/-207.61/(936.29-(-220.42+-502.36-702.1/-361.44)-(-359.26+809.57)*-414.67)+592.01)))
*-273.01**--60.79-193.49212.95*-790.16+-904.63*-642.98*-611.66-844.65-100.81-+-434.87*-428.6--22.89,-273.01*360.1*-22.89-(-60.79-428.6*(193.49-212.95)-(-434.87-(790.16--904.63+-642.98*-611.66*844.65--100.81)+-227.58))
/124.05/-809.06+738.46/325.01-++372.96/376.28*301.0--500.81--553.28+-884.88-703.24*-26.32-724.96-747.64,124.05/-809.06/738.46+325.01/894.15-372.96+747.64-(376.28/301.0*-500.81--553.28--884.88+703.24--26.32*-724.96)
-*--485.78*129.4+-931.98-427.64/*-610.24+753.73--911.5*822.63*47.13*-248.18+843.41476.62*880.58/-825.28,-825.28/(-610.24/(67.47--485.78-129.4*-931.98+-427.64)*753.73+880.58*(-911.5-822.63*47.13*-248.18*843.41+476.62))
+427.43/13.79*-622.23*246.73/-152.41*471.73-152.97*-80.14/786.49+-897.79*-454.43-210.6+877.29-/--,427.43+13.79/-622.23*246.73*-152.41/471.73*152.97--80.14*786.49/-897.79+348.95-(-454.43*273.13-(877.29+(-210.6)))
+-650.89*739.43/211.22/-570.11+-308.64/373.78+-330.76*524.39/-47.45/768.47*635.95-935.26*-662.2*379.3--882.95,-650.89+739.43*211.22/-570.11/-882.95-(-308.64+373.78/-330.76+379.3*(-662.2/(524.39*-47.45/768.47/635.95*-935.26)))
-++207.46/397.69-591.0+643.77-++179.67-522.94582.24*+-76.62/742.79+-475.64+21.07/-519.4-293.56,31.64-207.46+397.69/591.0-643.77+-669.09-179.67+-76.62+(522.94-582.24)*742.79/-475.64+21.07+-519.4/-293.56
-++-512.1+-577.91+281.79/250.18/-735.11-399.35*-304.0-*+284.96+538.01/618.75*-476.94202.55+757.44,-199.51--512.1+-577.91+281.79+250.18/-735.11/399.35--304.0*-267.52-284.96*538.01+618.75/757.44+(-476.94*202.55)
+23.99--496.22*932.8+-174.86--435.5/-205.38*415.77+894.68/-265.69/-454.39*-688.38*-361.77621.29+899.13/-549.6,23.99/-549.6/(-496.22-932.8*-174.86+-435.5--205.38/415.77*894.68+899.13+(-265.69/-454.39/-688.38*-361.77*621.29))
*-238.68+-272.27314.85---983.5-569.2/-804.58*852.86*383.95/999.67/-298.64528.54/+779.26*-420.42280.48-/,(-238.68*-272.27+314.85)--983.5-569.2--804.58/852.86*383.95*999.67/779.26+(-298.64*528.54)/168.02-(-420.42*280.48)
-//-109.63+418.12*529.24-64.52-932.3--431.94*+*-631.49+-91.15--12.5562.19*-217.39*237.37/256.39,-912.36--109.63/418.12+529.24*64.52-256.39/(237.37*(932.3--217.39*(-431.94-312.66*-631.49*-91.15+-12.55-62.19)))
*421.55*-607.01/10.98/-913.34/-937.11+-626.26-39.62--288.24/32.29*110.66365.61*+-119.96--726.6-347.14/389.15,421.55*-607.01*10.98/-913.34/-937.11/389.15/(288.24+(-626.26+-39.62)--119.96+(32.29/110.66*365.61)*-726.6--347.14)
+955.08+-693.06++*97.44/509.45*-530.57/-221.33+984.08--615.94*794.39+319.6--584.02/-923.89-519.54/54.86,955.08+-693.06+69.3+97.44*509.45/-530.57*-221.33/984.08+-615.94-794.39*319.6+-584.02-54.86/(-923.89/-519.54)
--958.12+184.42*+/-1.77/653.91*999.96+612.02-85.93*+-40.02--805.83-695.11--663.47+749.97-989.38/-,-958.12-184.42+440.77*-1.77/653.91/999.96*-40.02+(612.02+-85.93)*-805.83-416.06/(695.11--663.47-749.97+-989.38)
--854.46--390.37/-689.61*-342.86-62.35/+-95.56+-289.93-77.12+/-521.65-997.35--260.4-864.37*-746.74+-160.97830.61,(-854.46--390.37--95.56+(-689.61/-342.86*-62.35)/-289.93+-77.12)+-521.65/997.35--260.4-864.37--746.74*-160.97+830.61
+-714.46/85.27/493.61--771.84*-665.35+-828.52--253.82--682.56-777.7/413.65293.81+832.02/-262.92--324.14/-637.16,-637.16/(-714.46+85.27/-324.14-(493.61/-771.84--665.35*-828.52+-253.82--682.56-777.7--262.92*(413.65/832.02+(293.81))))
*+/-212.17*-151.41*942.64*-623.65*784.26633.06/--254.73--215.4/-102.73+-287.45/275.08/339.57368.62-484.52,719.89*-212.17/-151.41*942.64*-623.65*-254.73/(784.26*633.06)--215.4--102.73/-287.45+275.08/339.57/484.52-(368.62)
/579.47+207.79+-290.69--122.14+-526.43/-225.1--741.27/-127.05+-433.17*129.7380.8/-746.95/605.01-309.35--391.84,579.47/207.79+-290.69+-122.14--526.43+-225.1/-741.27--127.05/-391.84-(309.35-(-433.17+605.01*(129.73*-746.95/(80.8))))
*675.86--431.19*-238.3331.71/+-926.29*-49.25*-57.14/-119.82/-832.01*-822.68++278.89/693.52+-894.53/860.59,675.86*-926.29+(-431.19--238.33*31.71)*-49.25*860.59/(-57.14*-119.82/-894.53+(-832.01/-822.68*-630.79+693.52/(278.89)))
--*-692.24+250.84+-922.36*500.77+237.84+963.9-760.83--587.55+-150.57+88.62-144.13*-669.42/271.13-887.86,-442.08--692.24*250.84+-922.36+500.77*237.84+887.86-(963.9+271.13/(760.83--669.42*(-587.55--150.57+88.62+-144.13)))
+289.47*289.35+-828.37-521.98*19.68/-470.72*943.7*164.56/556.55-211.39-*/-542.83--+-993.8-168.65,289.47+289.35*-828.37+521.98-19.68*-470.72/943.7*164.56*556.55/211.39-516.47--542.83/-858.81--993.8+-168.65
/-651.28--747.69--858.11/206.46+-534.0-609.01-311.02--989.77-591.16+683.5+-460.09+-909.88--333.8+-216.92642.53,-651.28/-747.69--858.11-206.46/-534.0+609.01-311.02--989.77-591.16-683.5+-460.09+-909.88+-333.8--216.92+642.53
-200.99+-178.75-163.88+-258.15/-393.29*-928.44534.82-+-15.71/569.13-254.28/-671.04--131.0+/-316.78-694.31,(200.99--178.75+-163.88)/258.15--393.29/-15.71-(-928.44*534.82)+569.13/254.28--671.04/-131.0-413.72+694.31-(-316.78)
+-49.1+-167.27*400.99+-385.11--353.08-749.54+10.61-97.36*908.23*-336.21+976.53-603.57/-272.05*-135.93+163.48,-49.1+-167.27+400.99*163.48+(-385.11+-353.08+749.54--135.93*(-272.05/(10.61-97.36-908.23*-336.21*976.53+-603.57)))
--345.82/-852.85*-294.22/839.55*-977.6/-200.75*201.19-778.7*-436.61--759.59/-976.22264.29--+54.29/729.39,-345.82--852.85/-294.22*839.55/-977.6*729.39/(54.29+(-200.75/201.19*778.7--436.61*-928.52-(-759.59--976.22/264.29)))
/562.64*506.07+-375.62*699.58+-40.98/510.54171.52**107.73*-168.55/-494.5*184.24*-178.31*-994.01478.19+-622.95,562.64/506.07*-375.62+699.58*-40.98+107.73*(510.54/171.52)*-168.55*-494.5/184.24*-622.95+(-178.31*-994.01*478.19)
+528.36--721.3*61.55+-749.88*616.74-114.55-902.17+-610.5*-47.47729.84*-631.48/937.17*/505.42/-598.22,528.36/-598.22/(631.48*(-721.3-61.55*-749.88+616.74*114.55-902.17--610.5+-47.47*729.84)-937.17/-876.29*505.42)
*352.11--889.63-535.79++-878.76+-796.02*803.76/-901.05-683.8519.22/-103.75--659.88+++151.84*948.9-337.7,-878.76+(352.11*-889.63--535.79)+103.75-(-796.02+803.76*-901.05/683.8-519.22)/-659.88-349.53+151.84+948.9*-337.7
+-772.42/-895.56*-804.88*74.88/750.94-777.96*615.1--812.1/-189.2--596.83*-941.18+716.71+-629.68-563.38*-441.27,-772.42+-895.56/-804.88/74.88*750.94/777.96-615.1*-812.1--189.2--596.83--941.18*-441.27*(716.71+-629.68+-563.38)
/-879.89+170.3+-436.18+-885.51/-215.58/486.85+-29.08--563.31-731.68/+-740.5*-162.6*790.17+-980.41908.56+-927.81,-879.89/170.3+-927.81+(-436.18+-885.51+-740.5/(-215.58/486.85+-29.08+-563.31--731.68)+-162.6*790.17*-980.41+908.56)
/301.95*117.98+-821.29+-263.66533.16**625.59/-845.08+960.12--768.34/-866.39*811.28-118.76+-605.12*343.81/646.51,301.95/117.98*-821.29+625.59*(-263.66+533.16)+-845.08/646.51-(960.12+343.81*(-605.12+(-768.34--866.39/811.28*-118.76)))
*951.63+-840.32885.31*+400.35+424.16+-620.26/844.38-324.31+487.51*-763.89+-781.31/-118.95+122.18828.78*-314.96,951.63*400.35+(-840.32+885.31)*424.16+-620.26+844.38+324.31-487.51+-763.89*-314.96*(-781.31+-118.95/122.18+828.78)
+-7.89*466.05/890.69/-406.84/-942.59+530.69-401.15+924.15-339.01*-518.8//--697.22/119.19--213.79-77.42,-7.89+466.05*890.69/-406.84/-942.59/530.69+401.15-924.15+339.01--518.8*-281.01/-697.22-119.19/-213.79--77.42
*502.8+922.17*662.15*-856.27+137.47/**-123.17267.55*+408.61*-545.94*573.75-426.0*+-48.57*-368.19-178.16,(502.8*922.17+662.15*-856.27*137.47+-48.57*(113.75/-123.17*267.55)*(408.61+-545.94*573.75+-426.0)+-368.19*-178.16)
-883.64--245.23*975.99*-336.28*536.84+-418.12*191.26--178.84--340.86+-485.51+-822.93/78.71/727.0638.42--751.57,883.64--245.23-975.99*-336.28*536.84*-418.12+191.26*-178.84--340.86*-485.51+-751.57-(-822.93+78.71/727.06/38.42)
-273.61-346.37*-857.16*562.07*-175.57-120.54*620.8+-876.99*-178.16--103.96+222.95+864.11-886.63/+-505.36+,-505.36/(273.61-346.37--857.16*562.07*-175.57*120.54-620.8*-876.99+-178.16*-103.96-222.95+864.11+-886.63)+43.3
+205.92+427.71/++33.49--495.06*-558.13*516.08+137.18543.05*/-186.02--870.9+-193.69-648.2-940.06-790.93,205.92+427.71+-372.56/33.49+-495.06--558.13*516.08/-186.02*(137.18+543.05)/-870.9--193.69+648.2-940.06--790.93
--990.53--288.32*-684.74/181.74+648.64/83.88+573.59--103.03*-914.82-738.9346.25*305.02+-828.37/-235.56*-293.62,-990.53--293.62*(-288.32--235.56/(-828.37+(-684.74*181.74-648.64+83.88/573.59+305.02*(-103.03--914.82*738.9-346.25))))
+894.15/98.29+-528.96/-388.64+983.29*385.88--857.59-175.18/+527.89--491.0/-541.68/126.82-7.28*873.56--548.16,894.15+98.29/-528.96+-388.64/527.89/(983.29+385.88*-857.59--175.18)+-491.0--541.68/-548.16-(873.56-(126.82/-7.28))
/-977.61+-564.58+266.53+482.4+744.13*476.96--756.02*638.76*-442.96/-647.74--215.12-745.01/-372.68276.25-472.62,-977.61/-564.58+266.53+482.4+744.13+476.96*472.62-(-756.02-638.76*-442.96*-647.74/-215.12-745.01--372.68/276.25)
*-209.62+62.06/-+823.22*-818.08-*--443.91-823.68+727.4-530.82*/-830.63/-756.2451.7*66.98*497.59,-209.62*497.59*(62.06+510.69/823.22+-818.08*160.17/-443.91-823.68-727.4+-530.82)*(-830.63/66.98*(-756.2/451.7))
*-969.48*-523.87*225.89+-271.3-555.95-+634.97/-446.27+-326.61+301.31*-378.99/-878.45--153.42-510.43/194.92-267.08,-969.48*634.97*(-523.87*225.89*-271.3+-555.95)+-446.27/-326.61+301.31+267.08-(-378.99*194.92/(-878.45/-153.42--510.43))
-466.73-405.96-126.84/*-671.91*-182.77--+457.08+-22.72-793.69+799.82+254.06/-25.42+667.59473.64/+,(466.73-405.96--126.84)/-671.91*-182.77*890.56-457.08+-22.72+793.69-799.82+254.06+-25.42/-473.59/(667.59+473.64)
*-457.88*-768.13*-747.89/939.21*79.43*-345.01/-723.36+-856.66*221.97/261.08*237.83-978.84-59.86/*-433.75,433.75-(-457.88*-768.13*-747.89*939.21/79.43*-345.01*-387.08/(-723.36/-856.66+221.97*261.08+59.86-(237.83*-978.84)))
+-787.43+635.64*-932.51--112.24+-788.22*-481.71794.41++-713.57+142.61*-687.72*-102.69/606.91-770.7736.75--170.26,-787.43+635.64+-932.51*-112.24--713.57+(-788.22+-481.71*794.41)+142.61*-687.72*-170.26-(-102.69*606.91/770.7-736.75)
/438.54*300.88-++*/-905.99535.83*+379.28*-698.4/-93.63/66.46/392.57257.71+-339.6/771.59/-788.3,-788.3/(438.54/771.59/(379.28+(300.88*998.0--558.82+-905.99/535.83)*-698.4*-93.63/66.46/-339.6+(392.57/257.71)))
+804.62+655.65/*+-631.76--578.73--77.9*-659.85+333.79-265.51+-625.8--106.9/207.12*193.5+-916.24*487.94,487.94*(804.62+655.65+-916.24+(764.27/-631.76+-578.73--77.9--659.85*193.5+(207.12/(-106.9-(333.79+-625.8+(-265.51))))))
+36.81-762.4863.09**-619.66+878.6/572.38+-381.34/-63.89/106.36*648.46-672.07/-944.12-548.71+733.29*128.17,(36.81+762.4-863.09)*-619.66*878.6+572.38/-381.34+-63.89/106.36/128.17*(733.29+(648.46*672.07*-944.12/-548.71))
*968.29/-419.97--304.18-979.05*--775.31--14.76/950.22*205.76+-539.24/171.83-817.16+788.23*620.0489.12/638.88,968.29+-419.97/-775.31-(-304.18--979.05)*-14.76-950.22/205.76*-539.24+171.83/817.16-638.88/(788.23+620.04*89.12)
+-24.24-703.15*-1.12/519.29*-733.64--90.85288.99**141.29-428.23*505.08+-697.77-569.72--318.78--291.11647.94,-24.24+703.15--1.12*519.29/141.29*(-733.64*-90.85-288.99)*428.23-505.08*-697.77+569.72--318.78--291.11-647.94
+-45.34-687.51-618.4*-174.63*-307.21/*+-186.61-496.87--734.36+-890.61+-7.29-146.76*-550.23*858.15/-313.26,-45.34+687.51-618.4--174.63*-307.21*863.32/734.36-(-186.61+-496.87)--313.26/(-890.61+858.15*(-550.23*(-7.29+-146.76)))
--204.6--566.39*-366.51*-186.16/734.74/-683.4-769.38-+-291.92-807.3/--622.2-*+-643.53+-220.01212.2*-198.95,-204.6--566.39--366.51*-186.16*-622.2/(-291.92-(734.74/-683.4/-769.38)+-807.3)-392.88--198.95*(-643.53+-220.01+212.2)
--128.58/-28.68/-392.22/243.32-789.05+-548.58-324.33--911.19*-595.31++/-278.85568.0+452.87--970.19--180.58,-128.58--28.68/-392.22/243.32/789.05--548.58+324.33--911.19--180.58-(-970.19-(-595.31/233.84+452.87+(-278.85/568.0)))
-994.93+40.51+756.54-677.78-379.53/+-473.44*-771.78*972.51-730.36+614.06-94.9478.25/-685.62*75.27-170.08,170.08/(994.93-40.51+756.54+677.78--379.53)-(-473.44/-771.78*75.27*(972.51*-685.62/(730.36-614.06+94.9-478.25)))
*485.76/-938.9*-356.31*-718.87+-402.47*928.79457.32*+-352.85--249.69-988.09--575.53-806.9+518.3*234.44*894.6,485.76*894.6*(-938.9/234.44*(-356.31*-718.87*-352.85+(-402.47+928.79*457.32)*518.3+(-249.69/988.09--575.53--806.9)))
+712.38--727.57/-466.98/-794.8+347.72/-751.32/-718.12/-/164.1/*--848.69*899.96643.31+-66.11-917.53,712.38+-727.57--466.98/-794.8/347.72+66.11+(-751.32/-718.12/-707.89/164.1/550.41--848.69-899.96*643.31)--917.53
+736.38-348.31+-370.91/392.76*-485.37/-364.25/-443.58/---68.31/-671.65--595.46-682.7*420.32-549.73*-698.86,736.38+348.31--370.91+392.76/-485.37*-364.25/-443.58/620.76/-68.31--698.86*(-671.65/549.73-(-595.46-420.32*(-682.7)))
-//597.55-66.26++-70.21*223.23-460.12*-807.61*732.59//--929.22+-80.45*253.49-367.82-456.26/-723.71,(358.58--70.21+(597.55/-66.26)+223.23+460.12--807.61*732.59*-163.29/-929.22--723.71/(-80.45+253.49*367.82--456.26))
+---671.85-355.61++*-6.64-566.7++/*267.46+176.25-820.4**723.82*761.21*-697.2*-519.1-952.94,25.32+-671.85-355.61-465.72+-352.68+(-6.64*-566.7)+723.82*(267.46*176.25+-820.4)*761.21*-697.2*-519.1*-952.94
-679.36+-430.33*-210.98/-239.99/255.9+-585.16*275.48-589.38-350.83*737.46+-51.76*139.27/-824.81*102.42-136.53,679.36+136.53-(-430.33+-210.98*-239.99/255.9/-585.16+102.42*(-824.81/(139.27*(-51.76+(737.46*(275.48*589.38--350.83))))))
+-798.25--531.38/-305.45*-30.26*-133.6--43.28/-81.23/-455.13/457.33+-861.55*-630.12/*/-301.59/387.77989.24,-798.25+-531.38--305.45/-30.26*-133.6*-43.28--81.23/-455.13/457.33/-861.55+-630.12*-826.75/-301.59/387.77/989.24
-704.35//*-40.5/-247.24-0.32--762.88/-485.69+346.13--638.23+-574.68/-318.24-481.43//-180.9+381.78530.51,(704.35--605.69)/-40.5*-247.24/0.32--762.88--485.69/346.13+-638.23--574.68+-180.9/(-318.24/-481.43)/381.78+530.51
--987.6/282.04*-118.93*-289.18/860.69-85.2/+437.23/-916.6-725.27/-806.63--421.55+400.03--723.41384.9+838.15,437.23+(-987.6-282.04--118.93*-289.18*860.69/-85.2)/-916.6/725.27*-806.63/838.15+(-421.55-400.03+-723.41*384.9)
+-627.77423.97*+631.11+410.56/-314.82*-9.02*197.02*219.88-733.34+-757.08*379.96/+*-560.36-478.57*130.0,631.11+(-627.77+423.97)*410.56+-314.82/-9.02*197.02*219.88*733.34--757.08+379.96*130.0*(-765.83/-560.36*-478.57)
-926.43--709.4/427.54*-641.86/-926.25/-103.95+688.64--975.5/-307.18/-60.47/-110.55-*744.4+388.92*572.29,926.43--709.4-572.29*(388.92+(427.54/-641.86*-926.25/-103.95/688.64+-975.5--307.18/-60.47/-110.55/-966.87-744.4))
/-*-394.55/307.19*-217.73+-272.2--127.25+915.71+112.22--240.38*-306.99+-82.84*-317.67-41.2+617.48--431.28,937.97/-394.55*307.19/-217.73*-272.2+-127.25-915.71+112.22+-240.38--306.99*-431.28-(-82.84+-317.67*617.48+(-41.2))
+643.07871.05+--147.43/+-936.6/978.02*-73.55*-641.08-345.16/-903.61/670.67-5.78++773.15+425.49-246.88,-147.43+(643.07-871.05)--952.68/936.6-978.02/-73.55*773.15+(-641.08*345.16--903.61/670.67/-5.78)+425.49+-246.88
/-138.46-251.52*370.22+790.87-758.75-978.56+773.64/245.69+-363.25/500.87/-395.91-229.29959.33-**334.22,-138.46/251.52-370.22*790.87+758.75-978.56-773.64+245.69/-363.25+500.87/-395.91/229.29-334.22*(-11.53-(959.33))
*-78.16-471.77+349.81--720.31/778.28-422.25+-196.05*231.85/227.57**+934.89+-336.63-713.84630.97--755.53,(-78.16*471.77-349.81+-720.31-778.28/422.25--196.05+231.85*227.57/-877.34*934.89+-336.63+713.84--755.53-(630.97))
*839.57/-789.34/-34.35--360.52*-739.95/-809.39+353.58/-162.74+151.49--712.51+-395.48/689.51+--206.97/-314.83,839.57*-789.34/-34.35/-360.52--739.95*-809.39/-314.83/(353.58+-206.97-(-162.74/151.49+-712.51--395.48+689.51/471.09))
*596.23/-603.18+45.36/251.54-705.47--554.7*-771.96*458.85*750.0-967.6+-593.15+910.79*-961.45388.26/525.92,596.23*-603.18/45.36+251.54/705.47--554.7--771.96*458.85*525.92/(750.0*967.6--593.15+910.79+-961.45*388.26)
+449.96*-334.9*500.02--559.79--984.57+602.24-342.25-904.46/-260.82*248.54--857.87*-457.31-455.52*252.25/638.43,449.96+-334.9*638.43/(500.02*-559.79--984.57-602.24+342.25-904.46--260.82/248.54*-857.87-252.25*(-457.31*-455.52))
-277.38*-703.85/79.16--617.87+-37.94-323.55/767.59+186.03*786.2/358.54*613.53/55.99+-975.95/585.99-309.1,277.38--703.85-79.16/-617.87--37.94+323.55-767.59/186.03+786.2*358.54/613.53*55.99/-975.95+585.99/-309.1
/-632.89/-259.66-761.97+487.38-594.82*+717.53+-30.06+-897.6*403.77-927.07*/*-615.38315.28*-411.81*-943.1,-632.89/-259.66/761.97--943.1*(717.53+(487.38+-594.82)*-30.06+-897.6--411.81*(-615.38/(403.77*927.07--789.47)*315.28))
-83.03/661.14--739.44--645.66--434.78*-712.57/-842.47855.6//219.6*-361.3--459.68-881.16*-347.41//--863.28,83.03-661.14/-739.44-219.6/(-645.66--434.78--712.57*-842.47/855.6)/-863.28-(132.73*(-361.3*-459.68--881.16)/(-347.41))
+-396.21--724.18*538.3*580.89-865.48-+-472.67-930.37+722.9+826.7--248.54+-880.87+-146.87445.89*613.719.5*,(-396.21+-724.18-538.3*-472.67-(580.89*-865.48)+930.37-722.9+826.7+-248.54--880.87+-146.87+445.89)*(613.7*19.5)
/-991.52/323.1+0.95*531.23/70.78--176.92-492.27+-172.87+-635.77+594.0/-916.99-352.19-+887.65539.38*-344.95,-991.52/323.1/0.95+531.23*70.78/-176.92-492.27--172.87+-635.77/594.0+-344.95*(887.65-(-916.99/-352.19)+539.38)
-577.64/647.82+-847.98-939.67--476.97/-905.71+-327.64-884.78--646.7*87.72/-426.17+636.62--763.6212.3-709.54,(577.64-647.82/-847.98+939.67--476.97--905.71--327.64+884.78/-646.7-87.72-709.54-(-426.17/636.62+-763.62-12.3))
+104.16/289.51+-177.78/460.81+-3.79312.09/+-240.85/498.01*18.84+-874.82+790.09+578.48-501.66+*+939.03,104.16+939.03+(-236.72+(-240.85/(289.51/-177.78+460.81/-3.79+312.09)+498.01/18.84*-874.82+790.09+578.48+-501.66))
*139.54+735.5-615.33/428.59/45.34/667.66-948.95/+253.73-+-283.75*637.93*-72.5325.85/900.25--60.6,139.54*735.5+615.33-428.59+-60.6-(45.34/900.25/(667.66/-948.95)/(253.73+11.73-283.75-637.93*-72.5*325.85))
--138.13699.89*+419.85/-61.56--44.04*-496.96-967.27*382.85-180.46*/98.68-658.67+-477.04+-112.63--697.76-552.28,477.04*(-138.13-699.89)*(419.85+-61.56/-44.04--496.96*967.27-382.85*-180.46)+(98.68/-658.67)--112.63+-697.76--552.28
/152.76+108.97+615.96/-828.64*-665.82+-269.74/-431.44---879.73-837.74/-302.82-832.99/876.51-775.21/-48.09,152.76/108.97+615.96+-828.64/-665.82*-269.74+-431.44/-48.09/(-461.98-879.73-837.74--302.82/832.99-876.51/-775.21)
*418.31--577.24-204.42/-313.16+360.46--637.74292.36-+75.39+630.95+++-460.0961.4*452.2+998.78*-894.15,(418.31*-577.24-204.42--894.15*(-313.16/75.39-(360.46+-637.74-292.36)+630.95+-39.16+-460.09+61.4)*(998.78+(452.2)))
/-345.36+196.93--361.57*469.29--307.14--785.55-621.44*-347.2--513.06+-740.62--591.14153.22+//367.28+15.59,(-345.36/196.93/15.59+(-361.57-469.29*-307.14--785.55-621.44--347.2*367.28/(-513.06--694.04+(-740.62+-591.14-153.22))))
+-686.28/482.54-/+21.88+852.54*698.33--465.81+427.43+-983.3697.83/-335.49/187.1+466.49812.65/-875.04,-686.28+482.54/935.86-21.88+-875.04/(335.49/(852.54+698.33*-465.81-427.43+-983.36+97.83)/187.1/466.49+812.65)
*825.29/-832.16+979.46/-126.48/-164.44*164.3354.35*-//-219.06+-573.08/-923.95-41.71-74.53+494.87/--985.72,825.29*-832.16/589.35-(979.46+-126.48/-164.44/164.33*54.35)*-219.06/-985.72-(-573.08+-923.95/-41.71)/(494.87+(-74.53))
+-575.54/841.98+560.32+792.61*164.07*-936.34*-738.53*-679.76-841.04//405.16/-904.41+-8.03+-573.15/-388.28-561.94,-575.54+841.98/560.32+792.61+164.07*-936.34*405.16/(-738.53*-679.76/-841.04)/-904.41+-8.03+-573.15+-388.28/-561.94
/820.76+-545.71/-986.89+-938.79-924.964.26**403.32-367.35--469.21+--905.71+498.16-206.83+/*-804.19,820.76/-804.19*(-545.71+-986.89/-976.42*(-938.79+924.96-4.26)+(403.32*206.83-(367.35--469.21-498.16+(-681.89+-905.71))))
/-12.29+493.17+972.38*-227.56/232.65/46.52/857.33*877.69-533.84**--219.15-27.38+79.73-971.9-+,-12.29/493.17+972.38+-227.56*-884.56-(971.9-(232.65/79.73+(46.52/857.33/877.69*533.84--125.59*-219.15--27.38)))
+328.92/-774.2--781.62*721.99/118.36*-620.44+508.6*83.72+-773.21-205.56-196.25/-762.87--103.26-36.46+-418.55,328.92+-774.2/-781.62--418.55+(721.99*118.36/36.46-(-620.44*-103.26-(508.6+-762.87/(83.72*196.25-(-773.21+-205.56)))))
*-603.73*-452.41+-860.19--858.41--861.75/-195.47--984.04+692.17-775.98/-998.08+-*-892.78+565.1242.39--441.11,-603.73*-452.41*-860.19*-858.41--861.75--195.47/-984.04*692.17+775.98--998.08/343.86+-441.11-(-892.78*565.1+242.39)
*-85.01--227.61*569.98/--226.11-712.77--701.73*827.39+-322.6*-335.04-/--53.72+-88.64663.28--323.55,-85.01*-227.61-569.98*659.29/226.11-712.77--701.73-827.39*-323.55-(-322.6+-335.04*724.27--53.72--88.64+663.28)
*128.9-870.93/149.2+231.08*142.99*/347.1**82.47558.66/-404.77+757.2*412.35966.69--890.66*911.27,404.77/(128.9*870.93-82.47*(149.2-231.08+142.99*668.45*347.1)*558.66)-911.27*(757.2+-890.66-(412.35*966.69))
*-414.91/-194.3+952.62*-177.49-877.95-988.82--22.22+682.14+809.18-456.73-834.0+-12.29-773.12*-403.52-229.52,-414.91*-194.3/952.62+-177.49/229.52-(877.95-988.82--22.22-682.14+809.18+456.73--403.52*(834.0--12.29+-773.12))
*780.35-406.13--245.94/-53.63360.11/*-352.51+-830.38--548.27+-658.22/-972.69*-429.05--143.68-44.07*-155.29447.03,780.35+406.13--245.94--352.51/(-53.63/360.11)*-830.38+-548.27/-658.22+-972.69/-429.05*-143.68-44.07*-155.29*447.03
/-436.31-110.06--271.75/79.36*611.98*265.91+361.12--646.06*456.22+-448.77-183.65*/-644.76+455.45--274.0,-436.31/110.06--271.75-79.36/611.98*265.91*361.12+-646.06--274.0-(456.22*455.45+(-448.77+183.65-968.64*-644.76))
*-660.43*-187.21*-838.58*711.96*553.46*249.92/529.09*45.5*-84.23/463.58/-265.48-/*196.6/-359.39-502.83,-660.43+-187.21*-838.58*711.96*553.46*249.92*529.09/45.5*-84.23*463.58/-265.48/-652.44-196.6*-359.39/-502.83
/521.53/-474.28--176.29*-488.58--903.47+-553.72-883.96/-890.9/-326.37+-806.98/-484.19/368.58+-608.96-817.57--413.52,521.53/-474.28/-176.29--488.58*-903.47--553.72+883.96--890.9/-326.37/-806.98+-484.19/368.58/-413.52+(-608.96+-817.57)
/298.68/539.25*737.7-++-421.1-150.19/--48.31+227.9--924.3*-310.06-251.05++815.45+688.86377.87/832.03,298.68/539.25/832.03/(737.7*-48.31-(896.73--421.1+-150.19)/227.9+815.45+(-924.3--310.06*-251.05)+688.86+377.87)
/57.6*-665.66+-673.41/-290.2/732.26+-693.9-160.25+654.97/-110.66*-626.97-497.26/-749.13+-230.9615.27*-175.51,57.6/-665.66*-673.41+-290.2/732.26/-693.9+-175.51*(160.25-654.97+-110.66*-626.97*497.26--749.13/-230.96+15.27)
/-360.1+-175.04+837.54/812.46+290.49/967.07--998.12+413.07+243.01+-657.13/-845.13+*--594.81-252.96*-209.51,-360.1/-175.04+837.54+812.46/290.49+967.07/-998.12-413.07+243.01+-657.13+-845.13/376.27+-209.51*(-594.81--252.96)
*236.86+-845.51/874.58/740.95*-244.3/153.97-91.39*-161.32-790.2/165.01*-837.99/482.95*-35.8+-336.27316.61,236.86*-845.51+874.58/740.95/-244.3*153.97/91.39*-161.32*790.2-165.01/-837.99*482.95/-35.8*-336.27+316.61
+-282.54+-545.77--373.96--73.23/592.71+-717.78+598.05/240.36+/-96.27*-233.29-239.66+-831.71*684.39+318.22,-282.54+-545.77+318.22+(-373.96--73.23-592.71/-717.78+598.05+684.39*(-831.71+(240.36/22.76+96.27+-233.29*-239.66)))
+160.93/-982.12--393.84*1.21*57.77/403.49/5.82*-135.22-524.56/+-107.64+-607.55-751.47-714.58*+-121.3--578.9,160.93+-982.12/-393.84--578.9-(1.21*57.77*403.49/-121.3+(5.82/-107.64+(-135.22*-524.56)/-607.55+-751.47)*(-714.58))
*205.25*910.08+224.94852.89//-874.67+-181.27-180.07-747.8*900.23/476.95*403.47-+/-812.63-185.39/*,(205.25*910.08*224.94+852.89)/-874.67/-181.27+180.07-747.8-900.23*476.95/403.47*633.98--825.28/(-812.63/-185.39)
/-43.94+-227.87-517.7/-588.96+882.29+-702.53+586.97*208.97--885.22*-120.86+-662.66-419.74/412.99-826.48--496.14,-43.94/-227.87+517.7--588.96/882.29+-702.53+586.97+208.97*-885.22--120.86*-662.66+419.74-412.99/-496.14-(-826.48)
+-/759.03+292.11--808.69-405.05654.77+--414.69*9.8*-/-672.59-747.91-162.32*483.9/900.43-750.98,-613.23+759.03/292.11+-414.69+(-808.69-405.05-654.77)-9.8*656.86*-672.59/747.91-162.32-483.9*900.43/-750.98
*-76.71*715.53*252.67/-243.03+-35.28/307.0--937.46/109.88*-719.68*773.06+90.99*-706.02/-68.06839.54*-495.43,-76.71*715.53*252.67*-243.03/-495.43*(-35.28+307.0/-937.46-109.88/-719.68*773.06*90.99+-706.02*-68.06/839.54)
/938.04+-849.76+-586.15/159.06*553.76-1.01--774.98*-181.4*-17.55*+*283.84*-252.01/-661.64-23.29/-497.23,938.04/-849.76+-586.15+159.06/553.76*1.01--497.23/(-774.98--181.4*-17.55*111.08*283.84*-252.01*-661.64/-23.29)
+-653.53+824.74/420.15+814.22*973.5+208.62+924.74446.14+-832.96+-588.82*171.53/836.22-132.92*613.38-966.23,-653.53+824.74+420.15/814.22+832.96+(973.5*208.62+924.74+446.14)--588.82+171.53*836.22/132.92-613.38*-966.23
*-968.05/-718.9--172.13/-112.18*-896.98-651.39+573.26*809.18/707.84--362.84*-696.83132.28/+887.43+631.79-908.29,887.43/(-968.05*-718.9/-172.13--112.18/-896.98*651.39-573.26+809.18*707.84/-362.84--696.83*132.28)+631.79+-908.29
*-269.96--516.27-612.62-143.21/+-856.46/418.73/-595.96+603.55*937.41*-658.75-172.79/--157.32+-943.8*/961.19,-269.96*-516.27--856.46/(612.62--143.21)+418.73/-595.96/603.55+937.41*-157.32-(-658.75*-172.79)/-943.8+813.79*961.19
-456.51--746.09--680.48*-488.11+-71.53*254.22-713.43/149.09+-268.24130.7*/133.11*-335.46414.61-615.07/580.97,456.51--746.09--680.48-580.97/(-488.11*-71.53+254.22*615.07-(713.43-149.09/133.11*(-268.24+130.7)/-335.46-414.61))
/725.25/-88.38*-56.61876.6*+204.99-555.49/*-284.68*-165.8--196.9/-166.78+389.14291.48//926.75*-859.49-952.11,(725.25/-88.38/204.99*(-56.61*876.6)+-555.49)/-284.68+926.75/(-165.8+-196.9--166.78/389.14+291.48)/-859.49*-952.11
--*-660.59*-65.56-529.97*/-796.24--99.51*-25.1+454.95--21.0413.52/--434.91*206.84280.64+936.35,445.38--660.59*-65.56*529.97-884.55*796.24--99.51--25.1*-434.91-(454.95+-21.04-13.52)/206.84*936.35+(280.64)
*-648.63+-429.68/-955.8343.69-+-300.88*-30.22*-503.98*+765.09*-56.14/-933.14*-291.78--742.46--939.66901.8,765.09*(-648.63*-300.88-(-429.68+-955.83/43.69)+-30.22*296.71+503.98)+-56.14--933.14/-291.78*-742.46--939.66-901.8
--609.86+-395.62+225.98+932.79-778.87--878.17--172.42/138.77-284.64++769.69/--998.0+182.8/37.57*70.24,-609.86--395.62+225.98+70.24*(37.57/(182.8+(932.79+778.87-769.69+(-878.17--172.42-138.77/-284.64)+-422.68/-998.0)))
--640.9+-402.89*-50.06/791.12+851.58-767.0*-689.11-953.29++686.07560.65*-278.53**/849.36+154.77--106.97,-106.97-(-640.9-154.77+(-402.89+-50.06*791.12/851.58+686.07+(767.0/-689.11*-953.29)+849.36/(-30.18*(-278.53*(560.65)))))
*993.15/-467.14+-685.53*309.27-260.78+-331.07-328.72-+900.63+-251.11*133.7+-35.68274.67**453.81*-742.98755.46,(331.07+(993.15*-467.14/-685.53+309.27*-260.78)--328.72)-900.63-453.81*(-251.11+133.7*-35.68+274.67)*-742.98*755.46
+-333.62*909.06*-483.05+-389.82*974.57*793.86-456.59/738.21+-943.76+-820.82*492.34/-437.92-213.9--40.84+/,-333.62+909.06*-483.05*-389.82+-111.47+(974.57*-40.84-(793.86*456.59-738.21/-943.76+-820.82+492.34*-437.92/-213.9))
/-572.47*507.97-270.69--448.64+803.78*-81.97++---573.56433.61/--715.24+-555.07-486.76*-731.23355.29,731.23*(-572.47/-715.24/(507.97*410.72+(270.69--448.64-803.78+-81.97*32.47)-573.56-433.61)--555.07+-486.76)-355.29
**-181.9*77.46988.03++-465.82/-608.22-578.41+**-477.53-536.34/155.49-712.59//-539.5-262.29*-900.75,76.24*-900.75*(181.9--465.82+(77.46*988.03)+-608.22/578.41--691.49+-539.5/(-477.53*536.34-155.49/-712.59)/-262.29)
/420.26-866.29-445.32/246.65-282.14*-565.95+-635.7+656.9/-176.17-540.91/--982.51--448.46-286.75+*/686.04-,(420.26/-866.29)-(445.32-246.65/282.14--565.95*686.04/(-982.51-(-635.7+656.9+-176.17/-540.91)/-524.67+(-448.46--286.75)))
--174.31/-137.42*-240.87*---233.13+228.05+-469.34--429.53+-621.48+903.26-374.49-+124.92*932.62480.23+446.58,-174.31--137.42/-240.87*78.19*446.58+(-233.13-124.92-(228.05+-469.34+-429.53--621.48+903.26+-374.49)+932.62*480.23)
+-880.42*937.39/59.6+-910.93/587.24+-400.87943.11-+-860.26*350.76+-329.93-136.9---58.57*-157.06-685.62--298.13,-880.42+937.39*59.6/-910.93+-860.26-(587.24/-400.87+943.11)+350.76*-58.57-(-329.93+-136.9)--157.06*-298.13-(-685.62)
--993.94-494.65--654.88-403.19-115.23+-548.01/-677.35/404.25/558.9*871.14/-327.83+532.44--875.62-45.43515.5,-993.94-494.65--654.88-403.19-115.23--548.01--677.35/404.25-558.9/871.14*-327.83/532.44+-875.62-45.43-515.5
/-807.52*+*-256.9463.53+*-968.19-802.32-336.4*641.2+901.19+130.06-878.03+414.26-885.53-196.4-29.77,(-807.52/-318.46*-256.9*463.53)+-968.19*802.32-29.77-(336.4-641.2*196.4-(901.19+130.06+878.03-414.26+-885.53))
/919.6/-819.8+389.52--823.82/+-39.1*/-620.34/324.07*754.25-333.28--717.59/-0.11*-583.76*718.61*-57.33,-57.33*(718.61*(919.6/-819.8/389.52+-823.82--620.34*(237.15/-39.1)/324.07/-583.76*(754.25*-0.11/(-717.59-(-333.28)))))
*-909.23-65.45*420.13531.53++660.52+-924.39/803.49*507.63/492.93+-8.89+386.85/547.54*554.35-118.89*-904.47,-909.23*660.52+(65.45-420.13*531.53)+-924.39+803.49/507.63+492.93/-8.89+-904.47*(386.85/547.54/554.35*-118.89)
+*-80.91*584.01+-787.7+-136.81/398.14-894.17*-317.2/151.35--827.13+651.81-977.74/168.83/-638.37*-367.69,-154.66+80.91-584.01*-787.7+-136.81+398.14/894.17--317.2*151.35/-367.69/(-827.13-651.81+-977.74)*(-638.37/(168.83))
+-58.55+339.78+760.82-100.77/-734.67+-381.22+694.87+601.37*590.79+218.26+812.18*978.19578.77+-927.87-236.63,-58.55+339.78+236.63-(760.82+100.77--734.67/-381.22+694.87+601.37+590.79/-927.87+(218.26+812.18+978.19*578.77))
--785.25-312.43*887.42*-613.86*-173.84/-850.67*-136.34/812.38730.49/+-960.2/547.36+-644.78556.42/-534.32/307.82,-785.25-312.43-307.82/(887.42*-960.2+(-613.86*-173.84*-850.67/-136.34*812.38/730.49)/547.36/-644.78+-534.32/(556.42))
/232.45/-142.82*80.94/44.25--878.56704.45*-212.17*-762.7+99.54+71.12/775.11+-764.52-347.41*+-155.84-650.18,232.45/-142.82/80.94*44.25/212.17-(-878.56*704.45)*-762.7*99.54+71.12+-155.84*(775.11/-764.52+-347.41)+-650.18
/-439.88--360.21+918.99--773.56*-36.14-884.2--313.95/576.39/628.64/-293.43-/263.49/781.92+257.29/391.67,-439.88/-360.21-918.99+-773.56*-36.14-884.2-391.67/(-313.95-576.39/628.64/-293.43/73.5-257.29+(781.92/(263.49)))
+238.7---302.88*-66.14+-379.09--284.9139.99//-267.84*-507.53--563.79*725.24*381.81*657.37*-565.92-206.48,238.7+347.36-302.88--267.84/(-66.14*-379.09+-284.9-139.99)/-507.53*-563.79-725.24*381.81*657.37*-565.92*-206.48
+-107.88--699.83/809.04*-459.88+588.49+-169.58*361.59/-307.76+-918.18--345.35-542.76*-546.19+-975.58407.29/+761.73,-107.88+-699.83-809.04/761.73+(-459.88*588.49+-169.58+361.59*-307.76/-918.18+-345.35--542.76)/(-546.19*-975.58-407.29)
/-144.05*-818.38*736.03*-17.6-445.85-308.38++-943.73-303.42-977.52/*314.29--937.69-407.75*+--/394.64,610.99+(-144.05/-818.38*736.03*314.29/(-943.73+(-17.6*445.85--308.38)+303.42--977.52)*-937.69--407.75)*873.65-394.64
*-187.03/183.31/-352.9/-261.03/98.44--906.9536.19/--922.42/387.6-252.78//787.48/-520.92---79.73*-237.04,(-187.03*-237.04*(787.48/(183.31/-922.42-(-352.9/-261.03/98.44/-906.9-536.19)/387.6/-252.78)/-520.92+282.64*-79.73))
*-51.24-634.76+-383.05--922.28+-452.15/130.04--290.51*989.46/361.94/481.34--548.06/648.8--499.06-155.76/37.28,-51.24-634.76--383.05+-922.28--452.15+130.04/-290.51-989.46*361.94/481.34/37.28/(-548.06-648.8/-499.06--155.76)
/350.53*632.74-125.88-964.12//-578.27/-323.13+-819.58+-166.27-907.38--411.34*-195.19/107.87*639.23*494.9-823.35,(350.53/632.74*125.88--964.12)/-578.27/-323.13/-819.58+-166.27+907.38--411.34--195.19*107.87/639.23*494.9*-823.35
/424.88*161.25490.51**-577.27/-648.16-373.93/--977.91/-381.36-148.89+-537.04//+842.09462.3+-665.78/-885.94,(424.88/161.25*490.51)/-577.27*-885.94/(-648.16/-373.93)/(-977.91--665.78+(-381.36/148.89--537.04+-318.55/842.09+462.3))
--249.92-705.89+786.54+261.34+-790.44/-451.64+-687.47-951.49+-166.72-87.08-38.41-+*-220.54*15.81+-355.08,-249.92-705.89-786.54+261.34+-790.44+-355.08+(-451.64/15.81*(-687.47+-220.54*(316.93*(951.49--166.72+87.08--38.41))))
+-695.29*9.0--894.72*-832.13*-8.65*-250.22+475.31666.07*-785.7-84.72/-869.54/-500.97537.02*449.41+-862.56,-862.56+(449.41*(-695.29+785.7-(9.0*-894.72--832.13*-8.65*-250.22*475.31+666.07)*84.72--869.54/-500.97/537.02))
/276.3-935.35+-720.28/-759.21-228.3-871.44*-766.5*750.52/-382.58+31.7+-+115.16*397.98277.94-208.54,276.3/935.35--720.28+-759.21/766.5-(228.3--871.44)*208.54-(750.52*-382.58/31.7+984.73)-(115.16+397.98*277.94)
*-272.68/166.35*-427.37/653.51+-439.08/854.4*-970.57/857.61*-391.97--806.07*-985.35//--230.43866.19+134.2,-272.68*166.35/-427.37*653.51/-439.08+854.4/-970.57*857.61/134.2+(-391.97*-806.07--985.35*-261.05/-230.43-866.19)
--110.84-776.59/+-414.62+-552.26/-658.14+-238.83+-369.14/-664.42+-846.9329.11+*-567.19--542.96/-674.14+-935.04,(-110.84--776.59)/-935.04+(-414.62+-674.14/(-552.26+-658.14/-542.96/(567.19-(-238.83+-369.14+-664.42/-397.78+(-846.93+29.11)))))
*800.64-233.55+851.84*776.19/623.52/-*-531.04+228.97+-441.63-+-518.87/-454.24--574.88*-218.7+849.95,800.64*233.55-851.84+776.19*623.52/-718.05/-531.04*849.95+(-218.7*(-574.88-(228.97+-441.63+-454.24/(-132.37--518.87))))
*409.01*418.41--616.52+754.02/381.11*840.41*-148.27*579.61+-612.92-244.93/*570.7*979.49/-183.52336.19*279.55,279.55*(409.01*418.41+-616.52-754.02+381.11/840.41*570.7/(-148.27*579.61*-612.92+-244.93)*979.49*-183.52/336.19)
-49.1/-848.5-857.68*312.34+470.72+214.68+-889.32/-635.08+-744.75--823.17+*+-544.43642.8*193.37+878.84,(49.1--848.5/857.68-312.34*470.72+214.68+-889.32-878.84+(-635.08/-744.75+-823.17-350.81+193.37*(-544.43+642.8)))
/-103.35+109.3/-963.53*-758.66+172.0*-873.79--417.4+321.85--466.49--5.7-714.03*691.2/-990.93+241.15916.01,-103.35*109.3+-963.53/-758.66*172.0+-873.79*-417.4-321.85+-466.49--5.7*714.03-691.2*-990.93/241.15+916.01
/790.55/-807.06*-734.68/-522.02-860.74+-783.31/96.5*-700.16--738.91/-32.35/125.66-10.31+-356.07/-761.79-63.4,790.55/-807.06/-734.68*-522.02/860.74--783.31+96.5+-700.16*-738.91--32.35/125.66/10.31--356.07+-761.79/-63.4
*715.41/837.35+228.9+-746.63/-26.25*578.73/-149.19-292.71*--859.05+471.87+488.28-602.32--237.26-214.01464.81,(715.41*837.35/228.9+-746.63+-26.25*578.73*-149.19/-292.71)*-859.05-471.87+488.28+602.32--237.26-214.01-464.81
*-108.06*241.58/-576.87-248.52*-345.57--887.74*-917.64/-912.37-223.53/-262.66818.82/+-263.32*-24.78-/-641.6,(-108.06*241.58*-576.87/248.52--345.57*-263.32+(-887.74--917.64*-912.37/223.53--262.66+818.82)/-24.78*-317.03--641.6)
+138.47-791.58*--914.04676.98/+-107.08*578.31+-717.52-433.07--758.83318.62+-49.89--593.35-117.87/977.0-652.44,49.89+(-107.08+(-914.04-(138.47+-791.58)*676.98)/578.31*-717.52+433.07--758.83/318.62)--593.35-117.87-977.0/-652.44
+512.97+772.14+--66.66-761.98+-920.32-326.84*202.77*716.55+249.67-241.06*-726.31946.73***+-992.61,512.97+772.14+46.19+66.66-761.98--920.32+326.84-202.77*716.55*-992.61-(249.67+-241.06)*(274.61*(-726.31*946.73))
*-811.91/677.46-799.7*350.61+339.72--165.91+//-341.19--16.03-322.02-63.47*/-644.3/23.27655.61+-676.41,-811.91*677.46/799.7-350.61*339.72+-165.91-698.43+-341.19/-676.41+(-16.03--644.3*(322.02--63.47)/23.27/655.61)
+596.97/-365.98+-665.45*-496.88*638.43-564.21739.1*+818.12--548.7-149.16//635.01/638.03-218.37-210.57-400.8,596.97+-365.98/-665.45+-496.88*635.01/(638.43*818.12*(564.21-739.1)+-548.7--149.16)-638.03*218.37-210.57--400.8
+185.86*211.81+895.48-//115.16+-222.49/-761.03/+*-265.19-705.07--660.97+470.42+-142.89-196.18+4.46,185.86+4.46+(211.81*895.48+196.18-(-838.49-115.16/-222.49+-142.89+(-761.03/509.61/470.42+(-660.97-(-265.19*-705.07)))))
*337.76-569.36+671.33+432.63-269.53--877.54*129.77/-206.64354.83--738.18--892.9*658.31-61.79++96.48-974.44,337.76*569.36-671.33+96.48*(432.63+269.53-738.18-(-877.54-129.77*-206.64*354.83)--892.9-658.31*-61.79)+-974.44
-5.7-415.81/-329.3--583.56*90.76*-837.62/-808.3**/232.2/-245.04*-320.33*-315.61-532.14-957.16*739.05,5.7-415.81--329.3/-583.56-90.76*-837.62*-808.3/-324.54*232.2/-245.04/-320.33*-315.61*532.14-739.05*(-957.16)
+-800.89-703.4/959.61-254.09-905.04+-695.24*252.87/882.98--795.52-97.39*+/-611.64/*-146.95-841.5--600.57,(-800.89+703.4-959.61/-254.09)+(905.04--695.24-252.87*882.98/-795.52--97.39)*-611.64/-865.69/-600.57-(146.95--841.5)
+-574.05+-590.34-348.9/--13.19/616.79--912.62/-964.77/-487.68*490.71+233.42*-322.3+-324.66*854.53310.01/-,415.08/(-13.19/(-574.05+-590.34+-348.9)-616.79/-912.62--964.77/-487.68/490.71*233.42+-322.3*-324.66*854.53*310.01)
+-300.11--756.53+-313.92*-561.0*848.96-174.52/-637.41454.68*-464.52*22.47-638.46+514.15/690.62-574.67/-379.42,-300.11+-756.53--313.92+-561.0/848.96*174.52-464.52-(-637.41/454.68)*22.47*638.46/-379.42/(514.15+690.62--574.67)
--505.29*564.5*-41.32-756.87*-156.93*81.46-254.33+-971.38--18.8357.73++-254.64201.05*/900.5726.87/,(-505.29-564.5*-174.35)/(41.32-756.87--156.93*900.5*(-254.64+(81.46*254.33--971.38+-18.83-57.73)+201.05)/726.87)
-2.92*486.86+-952.25/-889.73-102.71+-291.55/884.78*-191.12*-322.69-712.06-284.24+/+-973.85-934.71--664.69,2.92-486.86*-952.25+-889.73/102.71--291.55+884.78/-191.12*-322.69*712.06-284.24--664.69-(-274.04+-973.85+-934.71)
*735.46/-990.56+-659.65--971.99--990.46/-/755.05+-901.51/-14.32/-200.63-63.78/-568.17--950.93-756.65*156.41,735.46*-990.56/-659.65+-971.99--990.46--756.44/755.05/-901.51+-14.32/-200.63/63.78-156.41*(-568.17/-950.93+-756.65)
+-958.54/-392.79/-718.09/636.37+-658.82*442.77--666.53+378.39+*304.92*-961.05+254.32+847.28+-79.76/-665.33,-958.54+-392.79/-665.33/(-718.09/-79.76+(636.37/847.28+(-658.82+442.77*-666.53-254.32+(378.39+-961.05*(692.82+304.92)))))
*734.29--299.52-77.14+-586.15--638.29--694.7--66.43/224.8*742.98-490.75+-39.2*789.32642.89*155.66/349.36,734.29*-299.52-77.14--586.15*-638.29--694.7--66.43-224.8/349.36/(742.98*490.75--39.2+789.32*155.66*(642.89))
-//684.67*992.94-654.52//603.83-887.68/-136.42925.55*+94.69+-28.92/-418.43/-487.64*80.06202.77--652.5,974.03-94.69+(136.42/(684.67/992.94*-654.52)/(603.83/-887.68)-925.55)*-28.92+-418.43/-652.5-(-487.64/80.06*202.77)
/-52.46/**-738.1+559.54/399.73-986.8-+712.58/-869.85+-933.69+-785.72*243.45/-328.87-529.39/893.63-,-52.46/-218.66-712.58-(-738.1*559.54+399.73/-986.8)+-869.85/-933.69+-785.72+243.45*-328.87/529.39-893.63/-250.82
+495.14+-761.82+-703.31/-30.89--658.96/114.76/-19.86*-353.63+-544.72--211.67+-858.35/696.02/965.48/-69.59807.23,495.14+-761.82+-703.31+-30.89/-658.96-114.76/-19.86/-353.63*-544.72+-211.67--858.35+696.02/965.48/-69.59/807.23
--992.32/-121.99--898.06/-521.75+-518.87--684.75-867.56/286.48606.65*/18.21-176.7+-944.61-202.01*-221.03+,-992.32--121.99/-898.06--521.75/-518.87+-684.75-867.56-18.21*(286.48/606.65)/176.7--944.61+202.01--221.03*952.45
/57.88-644.54+-820.4--33.95275.34---675.44-189.09--143.18*-+-561.07-311.23128.2+-249.29*-427.19/-917.08,57.88/644.54--820.4+-675.44-(-33.95-275.34)--917.08/(189.09--427.19*(-143.18-599.06*-561.07+311.23--249.29+(128.2)))
+361.04-210.77*--559.57-389.07*-58.35--312.68-182.53-300.97/+--888.89473.06++-851.87--524.65344.43*-30.66,(361.04+-210.77)*-559.57--30.66*(389.07--58.35*-312.68-182.53--851.87+(300.97--865.07/-888.89-473.06)+-524.65-344.43)
-166.87-223.13283.48-+-238.03+277.52/319.62+-426.03757.14*/238.62+130.01/529.67/-874.13-835.1+-895.93+-340.26,166.87--340.26-(223.13-283.48)+(-238.03+277.52+238.62*(319.62/-426.03+757.14)/130.01+-895.93+(529.67/-874.13/-835.1))
-106.55+-536.95*564.11*838.58-779.79+112.05+69.31-226.69+838.75-993.91+--718.24-470.49**473.96--445.69155.35,106.55--536.95+564.11*838.58*779.79-112.05+473.96*(69.31+-718.24+(226.69-838.75+-993.91)--470.49)*-445.69-155.35
+-720.07/918.17807.47*+348.77+-377.79-520.28--538.17/124.46+-226.67/721.74281.27-+-204.78/-981.15233.04+-738.9,-720.07+348.77*(918.17/807.47)+-377.79+520.28--738.9+(-538.17--204.78-(124.46/-226.67+721.74/281.27)+-981.15/233.04)
*-291.18+60.38/-952.91+++515.06/426.4+915.21/-426.22/-9.88*-166.38+934.03+295.71-223.16*+-845.11-759.42,-291.18*60.38+-952.91/-342.2+515.06+426.4/-845.11+(915.21+-426.22/-9.88/-166.38/934.03+295.71+-223.16)*-759.42
*-751.8+-734.24/-264.08-+-721.73+-128.84+885.21+806.87/-597.73+724.2*-49.12279.83-+876.63-625.63/-360.23,-751.8*-734.24--264.08/544.01-721.73--128.84+885.21+806.87+876.63+(-597.73/724.2+-49.12*279.83)*-360.23/(-625.63)
-313.0/-470.08*196.53*52.22/948.77*-326.78*-804.53+157.57*191.79*670.24+249.51+-619.95/934.8-158.41-23.11,313.0--470.08/196.53*52.22+948.77/-326.78*-804.53*157.57+191.79*670.24*249.51+-619.95+934.8/23.11/(-158.41)
/-700.94+-506.22/707.02--8.86*-581.03-72.82/+1.1*-785.48-252.74*-129.19-764.89*815.76-122.35/+/393.37,-700.94/-506.22+129.19-(707.02/-8.86-1.1/(-581.03*-72.82)+-785.48*-252.74)*-565.08/(764.89-815.76*-122.35)+393.37
/586.2+-653.4+739.03-370.1*-940.81+23.54/-44.9+779.95/242.11/758.02*-335.72/580.1-972.85+-637.24+627.48,586.2/-653.4+739.03+370.1-627.48+(-940.81*23.54+-44.9/779.95+-637.24+(242.11/758.02/-335.72*580.1/-972.85))
*738.99*-781.21-702.45+564.82--437.59--582.98/654.89*-259.47-615.52/*-624.84*553.0----845.07-427.32/241.49,738.99*-781.21*702.45-564.82+-437.59--582.98--624.84/(654.89/-259.47*-615.52)*553.0*687.38-241.49/(-845.07--427.32)
*49.02/120.74*-674.38+-320.68*-185.61--707.82*943.74656.85*+643.84*-842.67*-553.42*+-110.69-92.67-7.94,7.94-(92.67-(49.02*120.74/-674.38*-320.68+-185.61*-707.82*643.84+(943.74*656.85)*-842.67*-553.42-138.76*-110.69))
*46.85-681.49+-680.74--629.7/-676.41/-892.65-58.16/164.54*+*-382.89-403.7*590.75+-759.22*517.47*65.44,65.44*(46.85*681.49--680.74+-629.7-517.47*(-676.41/-892.65/58.16-164.54/-759.22+(590.75-(-743.89*-382.89*-403.7))))
+-752.62+-652.38*-576.2+593.49/339.35*541.35+795.41/163.44/-683.08*364.12*544.3+389.91//724.02--996.27,-752.62+-652.38+-576.2*593.49+339.35/541.35-795.41+-996.27-(163.44/724.02/(-683.08/364.12*544.3*389.91+512.85))
+-696.72+-857.3/936.66-139.92*-585.79/323.53/255.66/-193.68+577.42/-780.38737.55/212.37*145.44//+-435.93,-696.72+-435.93+(-372.6/(-857.3+936.66/139.92--585.79*323.53/255.66/-193.68/577.42+145.44*(212.37/(-780.38/737.55))))
/-+-760.13+703.87-544.18++*-263.61/-91.72-391.1-626.59+815.32--942.98*/-735.49*995.73+996.15,(400.38/-760.13+703.87+544.18--219.91)+-263.61*-91.72/391.1-996.15+(626.59-815.32+995.73*(-942.98-514.74*-735.49))
*177.68972.7**-228.56-223.32--625.47*-375.64--611.68/882.57/-496.47/941.95--561.07/-186.94-39.02-506.84827.5,(177.68*972.7)*-228.56*223.32*-625.47--375.64*-611.68-882.57/-496.47/941.95/-561.07--186.94/39.02-506.84-827.5
/737.14-380.8--632.61+419.99*-656.3+**-672.06*645.81/29.69--489.73/747.87/353.7-270.84*-853.51*-567.53,737.14/380.8--632.61-419.99+-567.53+(-656.3*316.55+-672.06*645.81*29.69/-489.73-747.87/-853.51*(353.7/-270.84))
+629.25*-663.69/846.44**+109.1/674.03--11.61*-776.23-86.65*-584.99/770.87--342.73/-415.16+-935.09571.23,629.25+-663.69*109.1+(846.44/-248.99)*674.03/584.99*(-11.61--776.23*-86.65)-770.87/-342.73--415.16/-935.09+571.23
--511.47+116.69+998.78/+--838.47/-629.94+-214.39/365.58*-534.01+679.66-959.42*-523.37--506.74/-691.26+-190.46,-511.47-116.69+998.78+-190.46+(-720.47/-691.26/(-838.47--506.74-(-629.94/-214.39+365.58/-534.01*-523.37/(679.66+-959.42))))
/-512.11--504.59*-942.38--294.07*33.58+-315.09/-328.16+-790.31-496.1*---897.35-567.76-38.7*-705.63/-924.95,-512.11/-504.59--942.38*-294.07--924.95/(33.58*-315.09+-705.63*(-328.16/-790.31+38.7-(496.1-690.6*-897.35--567.76)))
+-125.78-/-12.67/399.27+432.64/-108.09/-414.83/879.28+60.13/-598.87429.91*155.52--309.28*617.84/18.05,-125.78+-559.1-12.67-399.27/432.64+-108.09/-414.83/879.28/60.13*-598.87/18.05/(617.84*(-309.28-(155.52*(429.91))))
*-131.19/-416.36/234.0/-203.31-987.86-818.48-27.97279.93**-673.97+-644.7+-959.38/421.66-515.32+341.45-549.92,-131.19*-416.36/234.0/-203.31/-673.97*(987.86-818.48-27.97-279.93)*-644.7+-959.38+421.66/515.32+341.45+-549.92
/+*258.41+242.5/-458.42/806.44395.22+--114.65+/+245.58+-118.62-245.35-291.49++-711.98/-299.49-213.23,325.56/258.41*242.5+-458.42/-114.65+(806.44/395.22)-317.04+245.58+-118.62+-711.98+(245.35--291.49)+-299.49/-213.23
--103.69--722.92485.51//++86.79/-755.7+-709.24+755.03/-969.61-214.51+-6.35--820.15432.16/-380.8+-81.74,(-103.69--722.92-485.51)/556.34/86.79+-755.7/-709.24+755.03+-969.61/-81.74+(-380.8/(214.51--6.35+-820.15*432.16))
+640.54-494.89*845.56+-691.4/-*467.14+-846.61*619.39*-883.31-536.48/-777.52219.59*-426.8/-325.0274.04,640.54+494.89-845.56*-691.4+-255.47/467.14*-846.61+619.39*-883.31*536.48+426.8*(-777.52/219.59)/-325.0/274.04
--523.71/663.02*523.37*-491.71-179.7/-115.2-853.26+728.26*539.06+-328.26+-559.08--525.42--805.74/-279.27,-523.71--279.27/(663.02/523.37*-805.74-(-491.71*179.7--525.42-(-115.2/853.26-728.26+539.06*559.08-(-328.26+-599.69))))
*-784.93+600.46/-98.79-91.02/-171.1/724.25-162.31+687.93+142.88*372.5+-488.91-218.34*-466.49--452.84/-658.07,-784.93*600.46+-98.79/91.02--171.1/724.25/162.31-687.93+142.88+-658.07/(-452.84-(-466.49*(372.5*-488.91/-218.34)))
*-733.83/-115.46116.42/+173.49+594.12/-425.37/-545.18/-302.01+-331.46--746.63*434.15277.67*479.57/806.14*6.78,6.78*(-733.83*173.49/(-115.46/116.42)+806.14/(479.57*(594.12+-425.37/-545.18/-302.01/-331.46+-746.63-434.15*277.67)))
+-474.18/-436.32+-388.72+-799.52*-360.64/-22.25-603.4+572.26-729.38/+999.14-895.02+-277.78+-630.02-210.92379.66,-474.18+-436.32/-388.72+-799.52+-360.64*-22.25/999.14+(603.4-572.26+-729.38)/895.02--277.78+-630.02*210.92-379.66
/-596.11/658.23+-239.82/249.47*-602.26--239.43*-121.64+141.95-877.62+-111.4*-857.2-543.73*-13.81--74.13/-,-596.11/914.7/(658.23/-239.82+249.47/-602.26--239.43--121.64*-74.13-(-13.81*(141.95+877.62--111.4+-857.2*-543.73)))
+-748.5/-656.72/-937.24430.54*163.73--891.99+906.82/-534.38*-315.13+490.71-68.14/-261.14/-337.48+-503.31/+-318.19,-748.5+-318.19+(-656.72/-937.24/430.54)/(163.73*-891.99--503.31+(906.82+-337.48/(-534.38/-315.13*-261.14/(490.71+-68.14))))
*-294.39*-86.81/487.83+-529.32--328.02+++33.73-++89.66*621.32*-549.94-663.01*741.31*-492.23/-533.19,-294.39*-86.81*487.83/-529.32+-328.02--533.19/(695.05+-492.23*(33.73+980.73-89.66+621.32/741.31*(-549.94*-663.01)))
-178.16*849.15+118.58/-430.89/-770.95-611.11--738.33+126.05-788.18/-184.08--429.31/821.11*384.68882.93+205.29,178.16-849.15/118.58+-430.89/-770.95/611.11--738.33-126.05+788.18--184.08/-429.31-821.11/384.68*205.29+(882.93)
+58.93--257.89+-996.49+-9.58*644.47+434.76--873.47/-463.74*845.48/-237.08--373.89-683.61--554.55+-*-693.7,58.93*-257.89--996.49+-9.58+644.47*434.76+-873.47--463.74/845.48*-237.08/-693.7*(557.64+(-373.89--554.55-(-683.61)))
/558.29--763.27-*--471.68/-996.37/-422.37*-851.34/500.9+-757.19+731.95/-799.38+-352.87-352.5+375.81-243.98,243.98-(558.29/-763.27-613.63--471.68--996.37/-422.37/-851.34*500.9/-757.19+731.95+375.81+(-799.38/-352.87+-352.5))
/-*798.3-620.46--35.26--439.53+-338.68*993.74---36.59+271.09/-344.08-481.57/-367.23750.5/-664.94,-99.27/798.3*620.46--35.26--439.53--338.68+993.74*-624.91-36.59-271.09+-344.08/481.57--664.94/(-367.23/750.5)
*142.98/354.68*675.61+-737.14/-988.5178.22**-85.23+-991.97-*/-488.52829.5//-361.1/6.51-399.51+-,-361.1/(142.98*354.68/675.61*-85.23*(-737.14+-988.51/78.22)*-991.97+574.51--488.52/829.5)/6.51/946.07+(-399.51)
--770.13-/-468.88/-665.5254.76/--624.37/504.75*-225.91*-446.73/-373.6-624.95-675.04/639.99*-273.31-153.31,-770.13--714.97-468.88-153.31/(-665.5/254.76)-(-273.31*(-624.37-639.99/(504.75/-225.91*-446.73*-373.6/624.95--675.04)))
/-500.87-77.05*-508.04*-456.39*+-39.4--623.73/219.11-662.7+/489.07++722.41-921.91+-593.13-565.95,(-500.87/77.05--508.04*623.73-(-456.39*458.95*-39.4)-219.11/722.41+(662.7-797.9+489.07)+921.91--593.13+-565.95)
*-301.94-359.32-167.66/+653.76-0.61--695.57-680.96*-832.41+-662.68*103.96*-170.71646.88+--517.47*-177.23-536.59,(-301.94*653.76/(359.32*-167.66)+832.41-(0.61--695.57--680.96)*-662.68+103.96*-170.71*646.88)+-517.47--177.23*-536.59
--45.57*150.27*728.52/777.14/-805.58+-787.8+132.2-*+-896.12*-258.96-772.65*-758.27898.4/-673.75*165.29,-45.57-150.27*728.52*165.29*(673.75-(777.14+-805.58/-787.8+132.2+801.98--896.12+-258.96*-772.65)/(-758.27*898.4))
/-131.92/142.97/-722.33*235.3+913.18-329.32/-520.73-819.12-490.16+-115.92-304.9++-718.62*-384.59-838.78+-868.91,-131.92/142.97/-722.33/235.3*913.18+329.32--868.91+(-520.73/-718.62+(819.12-490.16--115.92+-304.9)+-384.59*-838.78)
-711.65+-605.61-337.39-676.31--884.44+273.68+-59.54*448.81--809.87--808.85-990.98/*407.81+605.83/299.28-68.31,711.65--605.61+337.39-676.31-407.81/(-884.44-273.68+-59.54+448.81*-809.87--808.85--990.98)*605.83+299.28/-68.31
----326.64+-460.2--859.65+657.66*860.16-455.85/*313.37*-385.11*321.41/-25.54-503.68-258.36+-325.64+-601.98,627.07--326.64--460.2+-859.65-657.66+-601.98+(-325.64+(258.36-(313.37/(860.16*-455.85)*-385.11*321.41*-25.54/-503.68)))
--214.1-417.16--943.09212.31**127.33+16.42/355.04--463.61*608.01-116.93-693.67+-168.41/824.19*-251.07--993.33,-214.1-127.33*(417.16+-943.09-212.31)*16.42+-993.33-(-251.07*(355.04/824.19*(-168.41+(-463.61-608.01*116.93--693.67))))
*189.83/-841.54+504.15-23.58/296.35/-804.88*-148.85/586.68-812.6-+-962.96+825.04-417.92*+-897.3468.55-326.77,189.83*-841.54/504.15+23.58-296.35/-804.88/-962.96-(-148.85*586.68/-812.6)+326.77-(-897.3+(825.04*-417.92)*468.55)
*-771.54-487.94//-969.6/632.94+702.72+-859.64-339.58/-172.38/441.86*-811.12*603.01-600.67/213.92+401.16-254.11,-969.6/(-771.54*-487.94)/632.94/702.72+-859.64+339.58/-172.38/441.86/-811.12*603.01*600.67-213.92/401.16+-254.11
/127.26*-731.57-535.79/+197.5-752.97/335.73--141.48-466.39//-737.59--322.62--200.6/532.15+889.77475.49*807.75,127.26/197.5/(-731.57*-535.79)+752.97--737.59/(335.73/-141.48--466.39)*-322.62--200.6-532.15/807.75*(889.77+475.49)
*89.2--32.11+-410.58+474.6/-639.73/942.5/673.48-320.44120.3+-778.83-997.93+708.48+361.01*-981.4755.85,89.2*-32.11--410.58+778.83+(474.6/-639.73*942.5/673.48/320.44-120.3)-997.93-708.48+361.01+-981.47*55.85
+710.13+727.17/-293.62-205.98-417.31599.44/--525.99+972.46*221.54764.47**250.99/3.04*-523.05-330.84*-457.09,710.13+727.17+-293.62/-525.99/(205.98-417.31-599.44)-250.99*(972.46+221.54*764.47)*3.04+-523.05*-457.09*(-330.84)
*800.9/9.54*-348.36*-258.19-132.12-631.84-/*-995.64/-700.77-800.33/-430.06*341.42-327.5177.06--733.54,800.9*9.54/-348.36*-258.19*132.12-631.84-62.58--995.64*-700.77/800.33--430.06/341.42*-733.54-(327.5-177.06)
+480.67*-232.05*-42.21--630.08-*/-725.14/-799.53*-345.03885.46+/795.03*-533.55533.74*-+-331.85/647.37,647.37/(480.67+-232.05*-42.21*-630.08--331.85+(85.89--725.14/-799.53/-345.03*885.46)-(-30.77*(795.03/-533.55*533.74)))
/-758.93-*+*/-455.16*-95.62+142.33+370.73*632.87+-518.97*325.51*282.63-629.6+838.23*-17.87-784.35,-758.93/-935.36-686.62+-455.16/-95.62*142.33+784.35+(370.73+632.87*-518.97+325.51*282.63*-629.6)-(-17.87*(838.23))
/-65.98*174.83-154.57++-450.88*878.73--985.05+975.99--708.3+654.67/-953.25-/-55.64-++-247.69-493.51,-65.98/-450.88+(174.83*-154.57)+878.73*-985.05-975.99*-708.3-654.67+-953.25/-947.03--247.69+(55.64-463.96)+-493.51
-621.0+968.62/593.545.04*-728.0625.05*+-543.59-521.42*704.93*359.3/135.69+236.61-227.32/--446.4,(621.0-728.0*(968.62+593.54/5.04)-625.05)*-543.59+521.42-704.93*359.3*135.69/236.61+-446.4-(227.32--779.07)
+524.07/-443.49+-432.72--312.88542.93*-+-44.86/678.46+784.91435.45*+809.78-174.19*-516.47*156.19-966.08/,(524.07+-443.49/-432.72+-312.88-542.93)/(966.08-(675.53*156.19*(809.78+(-44.86+678.46/784.91+435.45)*-174.19)*(-516.47)))
-854.61+-728.13*-716.19-374.09+-727.39-676.91*383.76--23.94--130.16*333.98+351.37/-431.39+-876.75*-339.12355.71,854.61--728.13+-716.19*374.09--727.39+676.91-383.76*-23.94--130.16-333.98*351.37+-431.39/-876.75+-339.12*355.71
*-223.26-244.65-861.37+-232.01+-25.53+300.91-+/857.74*811.56*156.17*118.84*-574.16874.2*-126.98/356.5,-223.26*244.65-861.37--232.01+356.5/(-25.53+300.91+13.12-857.74/-126.98*(811.56*156.17-118.84+-574.16*874.2))
*458.32-856.43*-932.96/137.26-720.1**-252.68*800.75+-530.1*-425.93-878.87*--64.13/-712.74/-419.09104.3+-31.16,458.32*856.43--932.96*-252.68*(137.26*-720.1)*800.75*-530.1+-64.13-(-425.93*-878.87)*-31.16+(-712.74/-419.09/104.3)
--956.5+174.86--214.54-253.08+-819.86+-918.97+413.41*-541.51*233.3+-233.22*494.94-516.05--202.38*206.08577.53,-956.5-174.86--214.54-253.08--819.86+-918.97+413.41+-541.51*233.3*-233.22+494.94*516.05--202.38-206.08*577.53
+-841.78+/-937.39*-524.06--605.12--351.3/239.71-*-816.98/466.14*398.64/418.74808.23-+*391.74,(-841.78+501.1+-937.39)*524.06--605.12--351.3-239.71/-720.74-816.98-391.74*(-435.67-(466.14/398.64*418.74/808.23))
--930.82*-639.54*+/350.88*-91.68*490.39+-572.66+411.87+-592.49+-611.14-991.29*772.15-298.92-36.99/-295.61,(-930.82--639.54*728.02*350.88/-91.68*-295.61/(490.39*-572.66+411.87+36.99-(-592.49+-611.14+991.29-772.15*-298.92)))
*849.15+--137.64+-32.23/-251.06*-393.87/-96.34*137.149.87*+103.29*796.09+-727.96*-718.23-/452.68,849.15*232.63+137.64--32.23+-251.06/-393.87*103.29+(-96.34/137.1*49.87)*796.09*-727.96+452.68/(-718.23*462.59)
/189.4/-931.25--909.05/883.49/706.64/-792.81+665.34-330.6+-221.54-128.94--412.55*-790.51*670.52+-319.23-939.67,(939.67-(189.4/-319.23+(670.52*(-931.25/-909.05-883.49/-790.51*(706.64/-792.81/-412.55/(665.34+-330.6)-(221.54--128.94))))))
--922.0+971.08/209.98+++-368.91-513.18*-956.5164.15**513.64+-709.37/102.79-859.83/+537.83-54.82--537.07,-922.0--537.07-(971.08+209.98/404.02+537.83+(513.64*(-368.91+513.18--956.51*64.15)*-709.37+102.79/-859.83)/-54.82)
+-565.13--658.62761.03/*602.78+-809.96/-303.44/*/-687.06+**-681.63-456.44*-471.06+-647.08/647.31-220.95,(-565.13+-658.62-761.03)/602.78*-809.96+-303.44/-16.81/-687.06/-456.48+-681.63/456.44--471.06*-647.08+647.31/-220.95
*328.19*231.54+560.16/-381.81+-95.11/82.98/-644.15/-184.5*/*505.51*210.2277.9-848.34*-708.59+-982.4,328.19*-982.4+(-708.59*(231.54*560.16+848.34-(-381.81/-95.11+82.98/-644.15/-184.5/958.62*505.51*210.22*77.9)))
/581.21+467.11+-758.23+-571.28*-169.61-404.53+487.41-696.62/*+/392.53/764.15-50.55/+329.16+-249.14-635.5,581.21/329.16/(467.11+-758.23+-571.28+-169.61*513.82/(404.53-487.41+-696.62)*392.53/764.15/-50.55)+-249.14+-635.5
--779.72+904.41/179.32*/-685.39+-689.76+513.78*-590.38/288.26+-878.64-923.84-493.25+367.95465.83/-298.91,-779.72-904.41+179.32/-552.3*685.39--689.76+513.78+-590.38*288.26/-878.64+923.84-493.25--298.91/(367.95+465.83)
*228.91*-768.12/716.74-836.57*-116.91/493.49*568.54360.59*+955.52/712.67*-1.91-113.0/-14.38--398.23/40.62,228.91*40.62/(-768.12*716.74/836.57-955.52/(-116.91*493.49/568.54*360.59)+712.67/-1.91*-398.23-(-14.38/(-113.0)))
/-829.68--321.52/323.08*226.16*-328.0--395.33+211.34/70.37/-256.77/-634.16*-499.08+-850.73*146.86**-158.85,-829.68/-321.52-323.08/226.16*-328.0*-395.33-211.34+70.37/-256.77/-634.16/-499.08*-850.73+146.86*432.66*-158.85
-751.94/448.58-76.3*-634.04++-*-475.84/+663.31--76.91*-148.71-175.82/-442.65-531.15+-912.42+232.76,751.94-232.76+(663.31+(634.04*(448.58/-76.3)-982.64+761.06--475.84)/-76.91--148.71*175.82--912.42+(-442.65/-531.15))
--897.54/470.09--85.8/-94.71-*+-10.12/426.46*-925.8--576.36--522.57+421.79*272.99608.46+657.68*641.77,-897.54-470.09/-85.8--94.71/-107.83*-10.12+426.46/-925.8*-576.36--522.57-421.79+641.77*(272.99*657.68+(608.46))
++/-433.72-366.12---64.74+-952.97-713.63---497.77/+-182.14--901.04+-19.73*82.58-123.78-150.84-845.77,-64.74-(462.78+-433.72/-366.12)--952.97+713.63--182.14/(-55.47--497.77)+-901.04--19.73+845.77-(82.58*123.78--150.84)
+-277.66*-915.76+613.09/373.99/-130.1-825.91+-341.81*-70.92--61.34/-924.12*6.68*-331.41/737.4*192.73-293.17,-277.66+-915.76*613.09+373.99/-130.1+825.91--341.81+-70.92*-61.34--924.12/6.68*-331.41*737.4/192.73*-293.17
--642.26*545.21/762.36-932.45+*-47.62472.23/-873.51*353.74/-240.31-*/-678.53/811.96-697.04+212.27930.73,-642.26-545.21*873.51+(762.36/-932.45)-(-47.62*472.23)/353.74*-240.31/-773.87--678.53/811.96/697.04-212.27+930.73
/-154.25--953.97/861.75--205.41*+-924.72//487.74/-345.02+3.81/998.5/544.01-251.17/-659.0729.55+210.28,(-154.25/210.28+(-953.97-861.75/487.74/(-205.41--53.44*-924.72)/-345.02/3.81+659.07-(998.5/544.01*-251.17)/29.55))
+/*38.52*-15.05/244.62+389.16--412.29538.63++-548.73+-165.53--444.13--743.76/968.97*-525.14*-78.02-890.22,265.78+38.52*-15.05*244.62/389.16+-548.73+(-412.29-538.63)+-165.53+-444.13--743.76-968.97/-525.14*-78.02*-890.22
-851.79--557.2/-659.29*571.04326.59*+-966.91-32.22*-985.06-599.7/+*74.79*-843.12+166.37-777.62+-224.74,851.79--557.2--659.29/-966.91+(571.04*326.59)*32.22--985.06*599.7--224.74+(-33.33/74.79*-843.12*166.37+-777.62)
-+*-267.15*979.71*-151.92/270.15+863.77/265.52--241.12-581.35+*--621.57970.87*-521.87*46.37+-409.01,-362.83--409.01+(-267.15*979.71*-151.92*270.15/863.77+46.37*(-521.87*(265.52/-241.12-581.35-788.7+-621.57-970.87)))
*-924.28*427.83-152.71/+-874.33*453.75--378.19+-752.83*957.09--588.22+-*4.69+951.66*638.32+413.16-652.66,-874.33/(-924.28*427.83*-152.71)+453.75*-378.19--752.83+957.09*-588.22--785.54+4.69*951.66-638.32*413.16+-652.66
/-621.58*518.07/*-333.77-559.92/821.44-926.19-640.07//69.21-344.57/383.42/575.58-468.66**465.22,-621.58/518.07*645.59/333.77-559.92/821.44/69.21/(926.19--640.07)/344.57-465.22*(383.42/575.58/468.66-716.41)
//+531.95/+/91.46*-485.03/124.54+859.87/43.39-945.97+658.73*581.42*-424.16--934.81*-801.76-518.6,960.5/531.95+614.65*91.46/-485.03*124.54/859.87+43.39/945.97-658.73+581.42*-424.16*-934.81--801.76*-518.6
--564.95*118.32*218.79*417.71*256.13-309.33--648.11-/---292.36+359.95+399.13--931.1--943.19*-395.9,-292.36-(-564.95-118.32*218.79*417.71*256.13*-309.33)/(-648.11--976.68)-359.95+-395.9*(399.13+-931.1-818.27-943.19)
+-135.55*897.2*-617.47*-328.55*-367.77/914.56+106.81/760.46+-273.95/-711.94-228.67/700.6325.36*-264.92*-638.0,-135.55+897.2*-638.0*(-617.47*-328.55*-367.77*-264.92*(914.56/106.81+760.46/-273.95+-711.94/228.67-700.63/25.36))
-955.29-299.36+--855.02/51.7+-88.14*-642.52--625.84-248.09*+-323.47/-399.74-763.31864.7-/-278.6/-703.55602.23,-855.02+(955.29--299.36)--323.47*(51.7/-88.14+-642.52*-625.84--248.09)+-399.74/-278.6*(763.31-864.7)/-703.55/602.23
*924.47*-607.98---585.4308.29/--19.79-498.99+-736.34*615.72-889.97*606.81*817.2*+444.19+510.32,(924.47*-607.98*546.71-585.4-308.29)/-19.79-498.99--736.34+615.72*889.97-510.32+(444.19+(606.81*817.2*-770.33))
-**470.05--491.23/127.03*-647.46+638.6*125.99*875.46--511.85-745.58/394.12--140.86+-185.59-859.26/519.5,-612.51-470.05*-491.23-127.03/-647.46*638.6+125.99*875.46*-511.85-745.58-394.12/-140.86-519.5/(-185.59+-859.26)
+874.82+-852.76--760.23468.07**-898.22-/+204.75398.39*/-406.16*268.79/-94.19*641.99*-24.1465.39*771.96,(204.75+(874.82+-898.22*(-852.76+-760.23-468.07)*-990.35)/398.39)*-406.16/268.79*771.96*(-94.19/641.99*-24.14-65.39)
+-744.77-894.81-784.51-496.28*-914.22*-704.05-997.2**511.44*275.58-983.74-+398.48-826.58+571.59465.46+475.96,-744.77+894.81-784.51-398.48-(496.28--914.22*511.44*(-704.05*-997.2)*275.58*-983.74)+826.58-475.96+(571.59+465.46)
+795.41*-635.47/-74.77--551.65*525.69+893.25*-550.44--394.26276.13/--101.63620.18/*-495.47+678.52/443.29-477.38,-495.47/(795.41+-635.47*-74.77/-551.65-525.69*-101.63-(893.25+-550.44*-394.26-276.13)/620.18)*678.52+443.29/-477.38
+-142.85/-624.86--969.54-600.48/-132.65-+/543.49+-268.69--504.51*261.43+618.91+-1.05-668.06*-156.34-655.19,-142.85+132.65-(-624.86/-969.54--600.48)/950.11-543.49/-268.69+-504.51-261.43*156.34-(618.91+-1.05+-668.06)*-655.19
-964.78+76.73--725.68--219.43*-759.4/-543.78*752.77*425.74*-112.99+-725.35+933.12*/*277.45371.22+115.13,964.78-76.73+-725.68--219.43--759.4*-543.78/752.77*425.74*-112.99*-725.35+933.12+115.13+(-579.55*277.45*371.22)
+42.52--589.78*+905.31/388.74-456.47-164.93-269.48-136.4964.17/-11.64--503.9--455.19*-651.66--554.85,-554.85-(-651.66*(42.52+-455.19*(-764.32-589.78)-(905.31+388.74/456.47--503.9-(164.93--11.64/(269.48-136.4-964.17)))))
--608.66*-707.89+936.54/145.18*66.52+-931.94*-525.21/663.32-862.16/260.94/-351.65/-90.21*932.96--383.98162.32,-608.66--707.89*936.54+145.18/66.52*-931.94+-525.21*663.32/862.16-260.94/-351.65/-90.21/932.96*-383.98-162.32
+37.64*-739.98/-556.59+754.33953.04/*486.45--577.72-756.85--764.43*304.9-877.35--208.14-256.9/657.38-609.67,(37.64+-739.98*-556.59/754.33+953.04)/486.45*-577.72-756.85--764.43-609.67-(304.9*877.35-657.38/(-208.14--256.9))
+-656.5+-48.02--379.36+688.58*-273.2+710.38--463.99+-64.25/975.82-889.96---712.2+-123.0/-*-618.07-98.57,-656.5+-48.02+-379.36/688.58+-273.2*710.38+-463.99--64.25+-712.2-(975.82/-889.96)--123.0+-115.63/-618.07*-98.57
+227.45/-304.85/970.46/540.14--535.51*512.49*-860.07-995.73/567.86*/-615.77+799.1138.69+-193.24+-641.77,227.45+-304.85+970.46/540.14/-535.51-512.49*-860.07*615.77/(995.73-567.86/-908.43)--641.77+(799.1+-193.24+(138.69))
*-688.45+716.35-13.26*626.66+-278.26-+--350.65--639.28-876.59**118.52/-955.44--485.79--842.74/-728.4450.52,-688.45*716.35+13.26-626.66*-278.26+118.52*(-759.72--350.65--639.28--876.59)*-955.44/-485.79--842.74--728.4/450.52
+-683.21+991.82*44.86+-404.71/882.58+234.15-471.55*++-486.64990.14/697.4+-741.6+976.44-411.23--256.94,-683.21+-256.94-(411.23-(991.82+44.86*-404.71+882.58*976.44+(-741.6+(234.15+697.4/(471.55-256.3*-486.64+990.14)))))
*916.05+281.15*/987.66*+127.15*-145.57/67.62-829.14/353.14-989.41+-509.85--498.58/474.95-641.21+632.14,916.05*127.15+(281.15+-600.18*987.66)*-145.57*67.62/829.14-353.14/989.41--509.85+632.14+(-498.58-474.95/-641.21)
*479.74+-789.69*/*-782.19+/-500.79--353.1/826.75*54.8/-315.01891.04/-273.73-950.73+219.8*-678.19,479.74*-678.19*(219.8+(950.73-(-789.69+-20.38*-782.19*47.79+500.79--353.1-826.75/-273.73/(54.8*-315.01/891.04))))
+-289.65+515.62/--700.9/+901.3/418.39*694.43*617.77+692.2-580.69//836.43/32.34/863.63/+655.79,-289.65+515.62+901.3+(-818.93/-700.9)/418.39/694.43*617.77*836.43/(692.2+-580.69)/32.34/863.63/-429.63/655.79
+++-888.56--468.7/-0.36589.36*-109.68/-130.48-312.47*480.08/-28.42+-295.91/692.16-368.22332.25/178.5,907.38+109.68*(-888.56+-468.7--0.36/589.36)--130.48/312.47-480.08*-28.42/178.5/(-295.91+692.16/368.22-332.25)
+*--517.82--43.15-328.44+--301.1/-987.04*906.53-15.95+819.74--549.52--899.78*362.87+99.04+574.91478.26,634.26+-517.82--301.1+(-43.15--328.44)--987.04/906.53*15.95-819.74+-549.52--899.78-362.87*99.04+574.91+478.26
/-64.23*-927.04/948.69+108.18*16.88+621.99+-272.47*-784.14*-474.36+287.66/-819.1-879.2*/434.65-96.41/362.67,(-64.23/-927.04*948.69/108.18+434.65*(16.88*621.99+-272.47+-784.14*-474.36*287.66+-819.1/-879.2)/-96.41)/362.67
/-645.52--334.83--61.11-387.07-736.12/-445.8+825.62+-916.88-143.51*/266.11/437.12+-530.47+-626.81-995.52-864.83,-645.52/-334.83--61.11-387.07-736.12--445.8/825.62+266.11*(-916.88+-143.51)/437.12/-530.47+-626.81+995.52--864.83
+-111.63-476.36/871.36+-365.92--825.92-565.75/+48.82*---918.67*146.05*79.42*-433.7-202.75+461.51*592.13,592.13*(-111.63+461.51+(48.82/(476.36-871.36/-365.92+-825.92--565.75)+-529.6*-918.67-146.05*79.42*-433.7*-202.75))
-418.74-777.44223.55*/810.88-155.53/662.64*203.6*-36.75-611.33/-486.9+-36.15+-219.05171.57+58.92-386.61,(418.74-777.44-223.55)*810.88/155.53-662.64/203.6*-36.75*386.61-(611.33--486.9/-36.15+-219.05+58.92+(171.57))
*-850.11/-650.32--232.36-170.33-26.17*805.41-43.1/450.85-189.67//-667.4/934.25--255.09-440.04*+-828.66-75.97*,(-850.11*-650.32/-232.36-170.33--26.17)*(-667.4/(805.41*43.1-450.85/-189.67)/934.25/-255.09--440.04)*(-828.66+-75.97)
--640.43*-899.67/-338.72+64.43-658.64-*/886.26*-457.72/-369.42+-357.48+-123.37-918.38+-476.01+369.91--488.21,-640.43--899.67*-338.72/64.43+658.64--247.63-886.26+-457.72*-488.21-(-369.42/-357.48+369.91+(-123.37+-476.01+(-918.38)))
/-727.82+-279.81*599.99/573.46*-839.5910.0*/-869.53--245.71+848.3+126.6/698.12/234.34-181.12*605.03/*,-727.82/-279.81+599.99*573.46/-869.53*(-839.59*10.0)/-245.71-848.3+126.6+-759.08/(605.03*(698.12/234.34/-181.12))
-*+-111.07+-201.81-128.9*328.54/-827.17/693.11/527.45--469.91/559.74/833.4/-523.7-545.75+-267.0841.22,508.38--111.07+-201.81+128.9-328.54*-827.17/693.11/527.45/-469.91-559.74/833.4/-523.7/545.75--267.0+841.22
*171.69*636.59/-777.74*745.22--69.87/330.56*-703.8476.9*+-724.16/124.12*4.33*-672.28768.57+-988.64*+,171.69*-724.16*(636.59*-777.74/745.22*-69.87-330.56/-703.84+76.9)+124.12/-600.14*(4.33*-672.28*-988.64+(768.57))
*769.0/-872.97--752.54+513.27*/+178.03+353.7/105.04-252.49--979.9+-70.49/782.33996.59/-613.05--278.75,769.0*-872.97/178.03+(-752.54-513.27+143.54)/353.7+-278.75-(-613.05/(105.04/252.49--979.9--70.49+782.33/996.59))
/-20.18*-810.29+-10.78/-523.43-49.84*/-370.39+766.63+-489.58531.55---888.58-/+519.53+-889.65/995.48963.29,-20.18/-810.29*-370.39*(-10.78+-523.43/-49.84)/519.53+(-888.58-(766.63+-489.58+531.55)-701.17)/-889.65+995.48/963.29
+977.77/-879.24-140.54+*648.92+-151.64+-236.04+523.47+719.0*459.23+454.31*-512.24-590.39-+-814.21*12.46-718.38,(977.77+-879.24/-140.54)+648.92*-151.64+-236.04*523.47+719.0+459.23*454.31+-814.21-(-512.24*-590.39)+12.46*-718.38
+-851.87+-80.07-880.29-629.98*-595.27*823.16+212.58/-930.67/-434.49--2.98/324.46+-75.19/647.61*241.09551.83,-851.87+-80.07+880.29-629.98--595.27*823.16*212.58+-930.67/-434.49/-2.98-324.46/-75.19+647.61/241.09*551.83
*37.14/145.67861.82/+-414.07/-371.26+-474.28*641.06*730.86-374.14-34.35+959.43-554.49+-241.98--998.48-776.36,-414.07/(37.14*145.67/861.82)+-371.26/-474.28+641.06/730.86*776.36-(-998.48-(374.14--241.98+(34.35-959.43+-554.49)))
*-72.51--741.4+-934.88--285.58*1.73+-292.42--160.31*309.93+176.95-538.79*-715.88+-500.77-709.48-458.42--337.09,-72.51*-741.4--934.88+-285.58-1.73*-292.42+-160.31-309.93*176.95+538.79--715.88--337.09-(-500.77+709.48--458.42)
*-588.12*320.29/-852.81*-492.52--881.83/513.81+291.51+244.55--406.39*-511.93/-440.73743.74-763.03/--81.19-288.5,-588.12*320.29*-852.81/-492.52*-881.83-288.5-(513.81/291.51+244.55+-81.19-(-406.39--511.93*-440.73/743.74)/(-763.03))
/35.69-999.36+917.58*-180.55++--187.17+-375.78/171.66-688.99-199.17/170.29+4.97*-824.83-7.95/-619.8*,(35.69/-999.36)*(917.58+-180.55*990.22+-187.17--375.78+171.66/688.99-199.17-170.29/4.97+-824.83*-619.8/(-7.95))
/-822.6--938.54/381.86--65.55-378.4-836.39*+-840.27*-96.45/461.99--629.65*557.83*++-333.76/827.21-712.68,-822.6/-938.54-381.86/-65.55--840.27*(378.4--836.39)+-96.45*461.99/-629.65-557.83*-889.41*-333.76+827.21/-712.68
/732.97/-914.86+-745.04*-489.65--704.89--89.48*-719.25+-+-609.75*463.49-533.68-879.55-+-857.46408.08--259.16,732.97/-914.86*-745.04+-489.65*-259.16-(-704.89--89.48--719.25*856.5+-609.75+-857.46-(463.49*533.68--879.55)+408.08)
/-363.11/-648.7/-71.24*529.33+35.37-233.64--964.31/175.31/772.67*265.4--454.51-368.44+81.94--248.35-446.6,-363.11/446.6-(-648.7/-71.24/529.33*-248.35-(35.37+233.64--964.31-175.31/772.67/265.4*-454.51-81.94+(-368.44)))
--290.33*191.71-88.58/*-956.35+205.36*-31.19*239.98+21.97+52.13/-524.74/-815.75*-867.67--379.42*98.07435.29,-956.35/(-290.33-191.71*-88.58)*205.36+-31.19*239.98*21.97+52.13+-524.74/-815.75/-867.67*-379.42*98.07*435.29
-72.74/118.05/-887.14-478.44/409.78+-818.76+906.95+-541.62+-689.2+436.13-397.33219.17/-350.49/825.56/-733.29,72.74-118.05/-887.14*478.44-409.78/-818.76+-733.29/(906.95+825.56/(-541.62+-689.2*436.13+397.33--350.49/(219.17)))
-540.77--211.8/50.15*873.26*497.61--656.49/-646.18-323.17--318.32--639.65/*-35.4174.38-517.33*-572.6,540.77--211.8--572.6+(50.15/873.26*497.61/517.33-(-656.49--646.18/323.17--318.32--639.65--200.35/35.41-74.38))
+965.09*497.48*460.46/-442.22-13.72*19.03/658.69-611.25/-313.44--965.09-258.89--409.93-237.85/85.96/951.87,965.09+497.48*460.46*-442.22/951.87/(13.72-19.03*658.69/611.25--313.44/-965.09-258.89-85.96/(-409.93--237.85))
/-269.24*54.97*104.09/74.35+567.89-734.62+-625.29-417.06--565.41/-429.32968.11-+297.15/494.63--255.29987.11,-269.24/54.97*104.09*74.35/297.15-(567.89+734.62--625.29-417.06--565.41--429.32/968.11)+494.63/-255.29-987.11
+-950.09--703.16--860.79+-265.17/775.27/-787.67/-227.95-991.07*385.36*375.36/--736.7/-277.14341.73+-140.61,-950.09+-703.16--860.79--265.17+775.27/-787.67/-227.95/991.07-385.36*375.36*748.27/-140.61+(736.7--277.14/341.73)
*579.94*-90.13-282.82/808.24*820.98/-288.68--546.55/-378.67--414.88+-790.6955.37*--281.84267.74+-267.56/928.01,579.94*-90.13*928.01/(282.82-808.24/820.98*-267.56+(-288.68/-546.55--378.67/-414.88--281.84-(-790.6+955.37)*267.74))
+806.73/-372.86*-626.5/-255.77+138.88-366.09+864.05+-904.09804.84*+-459.31//+696.81/-561.89+-106.3618.17,806.73+-372.86/-626.5*-255.77/138.88+366.09-864.05+-459.31*(-904.09+804.84)+-762.65/696.81+-561.89/-106.36+18.17
*635.34/-320.45--432.37+337.65/-399.22/-202.21--936.03/387.92-569.11/-340.05*933.85/-378.43/-255.48465.12+51.58,635.34*-320.45/-432.37-337.65+-399.22/-202.21/-936.03-340.05+(387.92*-569.11)/933.85*-378.43/-255.48/51.58+(465.12)
*53.0+-728.79/-926.73-868.26*-78.53*408.8-+--717.6/-38.59/-114.33*-809.31+648.4/-739.34/-938.3-293.05,53.0*-728.79+-926.73/868.26--717.6+(-78.53*408.8*943.6)--38.59/-114.33/-809.31*648.4+-739.34/-938.3/-293.05
*-967.5-721.53/+/-791.55/330.93--898.16*-688.07/-146.37+960.4/219.74*-297.36386.32+-307.72*-91.99+822.82,-967.5*822.82+(721.53--510.12/-91.99*(-791.55/330.93/-898.16--688.07*-146.37/960.4*-307.72+(219.74--297.36*386.32)))
--725.15-974.36-221.58/-903.89-724.17/-920.41-895.85*-444.1/474.92--810.22+-650.07--915.38-274.71*--453.24239.84,-725.15-974.36-221.58--903.89/724.17--920.41/895.85--444.1*474.92/-810.22--453.24-(-650.07+-915.38--274.71)*239.84
*-650.83/-483.52-362.2/*749.87/-20.31379.43*+881.32*-696.18+970.28/762.58--196.91*375.05*--224.05+768.47,768.47+(881.32/(-650.83*-483.52*-362.2)+(749.87*-20.31/379.43)*-696.18*970.28+762.58/-224.05-(-196.91-375.05*884.43))
-439.2+-609.8/-571.23-534.2/396.14--218.78-598.88/--989.01--840.08-14.35*937.87+828.3-161.86*994.81+-706.56,439.2--609.8+-571.23/-989.01/(534.2/396.14/-218.78--598.88)--840.08-14.35-937.87*-706.56+(828.3+994.81*(-161.86))
+-870.83/866.84-74.76**565.45-56.54/--262.97+-429.21+-440.42/-62.0/-153.05*-387.75+989.17593.67+-780.19*-30.92,(-870.83+866.84/-74.76)*-262.97-(565.45*-56.54)/-429.21+-30.92*(-440.42+-780.19+(-62.0/-153.05/-387.75*989.17+593.67))
/807.65--112.3-171.56--564.72*315.0-553.62*564.48-611.55*-10.1*-458.42*-892.9+561.53+510.12/*-491.01,807.65/-112.3-171.56--564.72-315.0*553.62-564.48*611.55--10.1*-458.42*-892.9*561.53+-491.01*(510.12+942.25)
/444.66*-767.34//-597.22*-759.42/941.12-855.62-303.82/--675.95/-675.09-474.36/199.78-943.72-988.31+166.53,444.66/166.53+(-767.34*141.96/597.22--759.42*941.12/-675.95/(855.62--303.82)--675.09/474.36-988.31-(199.78/-943.72))
+-534.49-208.45--+/49.0/-945.19/827.97/393.24-378.47/--917.47*-34.7--217.59-449.98/-369.62/-836.64+181.47,181.47+(-836.64+(-369.62*(666.2-(-534.49+-208.45)--917.47-(49.0/-945.19/827.97/393.24/-378.47)/-34.7*-217.59--449.98)))
*++566.6--212.96+-230.66-28.62--368.15+-221.28*-764.9*-819.13-896.54456.92+*-809.32*-598.76823.45+-668.05,505.28*566.6+-212.96--230.66+28.62--368.15--221.28+-764.9*-819.13*-668.05+(896.54-456.92)+(-809.32*-598.76*823.45)
/-749.64-772.25/-466.76-772.33/753.81/99.99-340.86-+464.69+661.34-283.73**310.84+403.57*836.91-532.09*687.83/,(-749.64*-772.25)/(-466.76/772.33-753.81/687.83*(310.84*(464.69+(99.99/-340.86)+661.34+-283.73)*403.57+836.91*-532.09))
/667.53-734.77/-946.16-60.6-965.94*-903.14--930.39--800.88-315.07/470.68--427.62*833.11-900.04--736.72/481.37,667.53/734.77--946.16/60.6-965.94--903.14*-930.39-481.37/(-800.88-315.07-470.68/-736.72-(-427.62-833.11*-900.04))
*341.73*350.86+601.28+874.61+581.2-350.75-*--107.36/836.46/-318.8573.9+500.77*663.14--946.44-304.49,(341.73*350.86*304.49-(601.28+874.61+-946.44-(581.2+-107.36*(350.75--374.79)*836.46/-318.85/663.14*(500.77+(73.9)))))
+106.86+439.48+321.98*451.01+165.69*911.88-598.51*--498.55211.23//-421.66+-73.17-179.54+788.12+-320.71*358.96,358.96*(106.86+439.48+321.98+-320.71+(451.01*165.69+-421.66*(911.88*-598.51)/(-498.55-211.23)/788.12+(-73.17+-179.54)))
+692.39+-25.85*510.58/551.94/-881.7*834.7+-*-321.22+-599.2+-873.86-*+567.21*247.4-222.81*-115.5,692.39+-25.85+510.58*551.94/-881.7/834.7*-819.33+-321.22*-599.2+-873.86+-194.07-567.21+-115.5*(247.4*-222.81)
+-646.68+-445.18-585.81/810.71*-467.41*-257.7/341.15+-669.48+-923.48+-927.11--711.05--454.06+//742.24911.88,-646.68+-445.18+585.81-810.71/-467.41*-257.7+341.15/-669.48+-923.48+742.24/(-927.11+-711.05--454.06-628.5)/911.88
-781.22-820.11/-555.84*721.4+330.7/-532.29/550.1/-441.88+7.44*39.37*505.19-418.08++979.05/-725.05119.27,781.22-820.11--555.84/721.4*330.7+-532.29/550.1/-441.88/7.44+39.37*979.05+(505.19*-418.08)+-725.05/119.27
--24.69--81.47+599.37*-269.21734.44++-436.4/881.15*-866.45/-860.19---515.12-769.21-274.84/-643.01/461.59,-24.69--436.4+(-81.47-599.37+-269.21*734.44)+461.59/(-643.01/(881.15/-866.45*-860.19/674.21-515.12-769.21--274.84))
--128.22++/12.75/-803.64*-682.2/470.75-61.9+480.67/+647.57---653.52/1.64-871.19*647.79+-60.91,-128.22-521.29+12.75/-803.64/-60.91+(-682.2*647.79*(470.75-61.9--653.52-(480.67+60.63/647.57)-1.64/-871.19))
*534.1*-16.85/-807.42+512.33114.25*-883.18944.33*-+394.29+466.41+-624.94*167.75591.86--832.27--972.47+-225.99,(534.1*-225.99-(-16.85*-807.42/512.33+114.25)*(-883.18*944.33)+(394.29+-972.47+(-832.27-(466.41+-624.94+167.75+591.86))))
///-7.96-297.43/*-655.23/-679.43--645.43/-36.64-189.41**+/-872.91+-163.74-608.29-283.28+-157.4--21.32,-655.23/(-295.48/-7.96/-297.43)*-679.43/-21.32-(-645.43--157.4+(984.37*(-36.64/-189.41)*-872.91/-163.74+608.29--283.28))
*-492.69*409.65+370.49*-621.99*548.27/-214.47-443.09--297.48+779.52*-354.07-209.82/--560.69-947.0*636.98,-492.69*409.65*370.49+636.98*(947.0-(-621.99*548.27*-214.47/443.09--297.48--560.69-(779.52+-354.07*209.82-123.69)))
+292.88/-687.66/873.11-834.72*-172.36-156.27*+-698.15625.03/+-114.5473.0/597.51--157.32-649.66-887.75*-665.56,(665.56-(-114.5+(292.88+-687.66/873.11--698.15+(834.72--172.36*-156.27)*625.03)/473.0)*(597.51/-157.32-649.66--887.75))
*-924.49--448.36--237.79-617.28*-78.32*-391.46*-295.49/-830.58-37.74/--208.35*802.07/543.63--711.63-663.4--523.43,-924.49*-448.36--237.79--208.35/(617.28--78.32*-391.46*-295.49*-830.58/-37.74)-802.07*543.63/-523.43-(-711.63--663.4)
/239.89/402.73-+125.27/+-533.89*-873.76--456.14/-80.93/-179.81/-149.62*-191.48+437.71*945.65/-207.3540.54,-533.89+(239.89+402.73/-283.49-125.27)/-873.76*-456.14--80.93/-179.81/-149.62/-191.48*437.71+945.65/-207.35/40.54
+476.86*-99.55--653.14*-370.31*332.05*-940.49-94.48*763.87++++--58.34/-985.98*898.63+-231.19-791.45,476.86+-99.55*-653.14--370.31*332.05*-940.49*94.48-763.87*-96.02+583.81+-58.34--985.98/898.63*-231.19+-791.45
--/-268.26*-197.37/-*214.78+399.21+692.71-253.22-151.81896.36*+-339.93*102.89--663.1-/23.59,-231.53--268.26/-197.37*409.69/214.78*399.21+692.71+253.22--339.93*(151.81-896.36)+102.89*-663.1-94.19-23.59
+568.13*-20.93/-765.68/-884.08*520.8+-218.94*720.09-594.28**923.46486.82/*868.39-152.45/852.22+-650.72-684.15,568.13+-20.93*-765.68/-884.08/520.8*868.39/(923.46*(-218.94+720.09*-594.28)*486.82)*152.45-852.22/-650.72+-684.15
--241.85*-50.15955.69*+-411.14+739.18/-54.9**+-137.49/-688.19*615.57--862.19-367.68+669.06*-411.53/-302.78,-411.14*(-241.85--50.15*955.69)+739.18+-54.9/748.97*-302.78/(-411.53*(-137.49+-688.19/615.57*-862.19-669.06+(-367.68)))
--655.59+904.42-216.5*+-21.75/-270.67+-/-446.71+99.79-774.3-350.72/579.22-243.78*-770.29328.02+575.51,(575.51+(-21.75*(-655.59-904.42+-216.5)+-270.67/-875.44+-446.71+99.79+774.3-350.72-579.22/243.78--770.29*328.02))
/363.9+-411.7+-618.53/-970.58/-474.93/-482.54/-743.02//-322.51+--844.92*-225.9-392.71/840.31+-444.68+-726.75,363.9/-726.75+(-444.68+(-411.7+-618.53+-970.58/-474.93/-482.54/-743.02/-844.92+(584.86/-322.51)-840.31/(-225.9*-392.71)))
-/*-593.6/-679.86*-930.8/655.83-/-883.81*-465.27/907.34/-956.63-531.86/+226.87/-508.97158.61--328.75,-363.92--593.6*-679.86/-328.75/(-930.8*655.83/398.64-883.81--465.27*907.34/-956.63/-531.86)-(226.87+-508.97/158.61)
*626.23*818.35-635.3/-655.64+-470.1-142.47+-974.45--504.76-208.21-166.29/-782.87-620.03--660.57959.84+752.49,(626.23*655.64/(818.35*-635.3)-752.49+(-470.1+142.47--974.45*-504.76-208.21/166.29-660.57-(-782.87/-620.03)-959.84))
/-66.11*965.71--199.31*-429.43+**46.92/-327.22+68.56+-934.76560.05*+-986.77*674.54*-203.44-624.19-563.24,-66.11/-986.77+(965.71*-199.31--429.43*408.87+46.92*-327.22/68.56+-934.76+560.05)*674.54*563.24-(-203.44*-624.19)
--908.24/-585.97*-124.95*-748.46+-976.33+-420.14*-246.17*769.09-186.74548.35/-556.02*-580.0/350.12-978.59/299.85,-908.24-299.85/(978.59-(-585.97/-124.95*-748.46*350.12/(-976.33+-420.14+-580.0*(-556.02/(-246.17/769.09*186.74-548.35)))))
+-604.87-++911.86--717.84*-791.05-554.17/-83.45/424.65--500.62--572.58--772.03+-135.0-426.18-248.14*758.64,-604.87+233.31-911.86+-717.84--791.05*554.17--83.45/424.65/-500.62--572.58--772.03-758.64*(-135.0+426.18--248.14)
+-8.05+-661.18997.16/-584.97/331.99--603.48-203.98-642.4/49.53+791.46*-481.33*841.58*-531.09-409.22--105.94,-8.05+584.97-(-661.18+997.16)/331.99/-603.48-203.98-642.4-49.53/791.46/-481.33*-105.94-(841.58*-531.09*-409.22)
*896.93+-607.32+876.28+541.93+-425.46-256.4+962.7-57.32+-774.65-+/-638.27187.74++-653.04*-547.5157.7,896.93*-607.32+876.28+541.93+-425.46+256.4-962.7+57.32--774.65+-403.32--653.04+(-638.27/187.74)+-547.51*57.7
*319.32-483.51-8.22*-432.26--625.91/205.21-255.5+-417.33/-980.01/408.51/-190.57*+-800.06*-965.3-181.78,319.32*181.78-(483.51-8.22--432.26*-625.91-205.21/-965.3*(255.5--417.33+-980.01/-800.06+(408.51/-190.57/-202.78)))
*208.8--567.01/-755.83677.41/-522.02*376.78-230.78-666.23/-235.48+639.13+985.9/820.21-390.2/722.74+814.69,208.8*522.02-(-567.01--755.83/677.41)/376.78*814.69+(230.78-666.23--235.48/639.13+985.9+820.21/722.74/(-390.2))
-22.13+-826.4+-783.0*-305.69+626.88667.12**765.99*-316.98*-28.32**/416.45/-239.01/118.62614.34+*,22.13--826.4+-783.0+-305.69*765.99*(626.88-667.12)*-316.98*-28.32*-769.87*416.45/-735.92+(-239.01/118.62/614.34)
*-831.86/-875.77*454.79/283.53--483.17*379.27*866.6-78.74+104.05-208.98/--815.44-188.69*-294.95/-541.78+-355.97,(-831.86*-875.77/-355.97+(454.79*-541.78/(-294.95*(283.53/-483.17/379.27*866.6*-815.44/(78.74-104.05+-208.98)--188.69))))
/-499.73/-295.59+-314.38***-375.11*-90.79--985.59*++533.48*292.1/-421.2957.52*217.01/-825.57--66.91,-499.73/-295.59/-66.91-(-314.38+-875.2*-375.11*-825.57/(-90.79*-985.59-217.01*(-592.19*533.48+292.1*-421.2/957.52)))
*638.42/777.57+894.0976.39/+-371.8*877.89+511.75*978.52*-996.31/-391.98*-99.16+688.03*-775.87-683.99*-694.81,638.42*777.57/-371.8+(894.0+976.39)/877.89*511.75+978.52*-996.31*-391.98/-99.16*688.03+-775.87*-694.81*(-683.99)
*88.82-439.41/974.71/519.03*-551.63--+-345.2+198.16--409.1*783.38-930.6/-864.53*70.91*754.6/-143.34,-143.34/(88.82*439.41-754.6*(974.71/519.03/70.91*(-551.63*-864.53/(-42.43--345.2+198.16+-409.1-783.38*-930.6))))
+-/-818.66*-704.63/19.31--638.94899.08*+-211.01*604.72/-245.69--192.31--997.47-234.07-401.0/-791.07*-183.06,922.58+-183.06*(-211.01*(-818.66/-704.63*19.31/-638.94-899.08)+604.72*-791.07/(-245.69/-192.31--997.47-234.07--401.0))
--707.67--983.86/-242.0*439.78--426.06/-907.86/-144.23-115.63/+695.18--347.896.38-432.53--424.87*-158.32/526.94,-707.67--983.86--242.0/526.94/(-158.32*(439.78*-426.06-695.18+(-907.86/-144.23/-115.63)/-347.89--424.87-(432.53-(6.38))))
*--494.94+541.78-676.8+701.52307.17++-153.3+-64.73+-642.79+689.87-174.81*++-503.73-107.98*172.4,-966.24*494.94-541.78+676.8--153.3+(701.52+307.17)+-64.73+172.4*(-642.79+689.87+-174.81)*(107.98-(-407.05+-503.73))
--230.79/-756.9+-183.31/-808.1/0.74-876.61+-*464.68*612.08*/+20.61-778.9+-344.76251.66+*,-230.79--756.9/-183.31+-808.1/0.74/876.61-452.74+464.68*612.08*470.29+(-118.15*20.61+778.9--344.76+251.66)
/-436.58/-428.98--886.67*-833.51+981.84/-421.94/275.35+-861.21*458.5546.02+117.15/-654.48*988.05/870.02-367.1,-436.58/367.1-(870.02/(-428.98/-886.67-988.05*(-833.51*981.84+-654.48/(117.15+(-421.94/275.35/-861.21+458.5*546.02)))))
--871.42*-381.7/-480.55+/*-888.75--122.15+854.75--62.25*-695.67/-208.0*667.89*218.21/-948.95-570.26+-562.28,-871.42--381.7*-480.55/265.06+-888.75--122.15-854.75+-62.25--695.67*-208.0/667.89*218.21*-948.95/-562.28+(-570.26)
++/-903.3/539.61*723.25-249.98+-749.43-33.45--675.0/-595.91--84.93/835.57-985.32/-82.82*-209.67*199.41,199.41*(-209.67*(-646.52+675.0-(-903.3/539.61/723.25*249.98--749.43+-33.45)--595.91/-82.82/(-84.93-835.57/-985.32)))
*-409.63+-449.15/-188.38+109.68*-146.76/*-23.37*149.72-886.64+-927.78--928.85--804.16-652.5+808.33+961.35,-409.63*-449.15+-188.38/109.68+-146.76*902.94/961.35+(23.37-149.72*886.64--927.78+808.33+(-928.85--804.16--652.5))
*-36.53+5.61+377.4+198.36+-778.23/-646.85/-/-98.43/-564.03+218.11-96.52-528.03+373.84+-399.38-16.51,-36.53*5.61+377.4+198.36+-778.23+-646.85-271.07/-98.43/-564.03/218.11+96.52-528.03-373.84+-399.38+-16.51
+544.62+975.14--783.82--242.18440.11**-184.93*-460.15*-434.38+133.51*152.81-975.42886.84/*564.54-232.03/54.4,(544.62+975.14+-783.82/-242.18-440.11)*-184.93*-460.15*-434.38*133.51+54.4/(564.54/(152.81*975.42-886.84)*-232.03)
+-279.91*6.57/680.45-437.26*-864.95199.61*/-341.17+-506.95*/660.87++-766.32-39.8--383.31-238.7-334.41,-279.91+6.57*680.45/437.26--766.32*(-864.95*199.61)+(-341.17/-506.95+-611.71*660.87)+39.8--383.31-238.7--334.41
/-93.88*//352.48337.97*/-134.09+659.41-557.91*-522.21+214.55*728.03*407.56**305.76*193.78+385.77,-93.88/-946.38*-134.09*(352.48/337.97)/659.41+557.91--522.21*214.55+728.03*385.77+(193.78*(407.56*-995.94*305.76))
--155.82/++700.2-397.04*/-693.48--779.09/401.47/-28.09*376.39+437.46-366.45/193.22*-519.42/-491.01685.06,-155.82-111.57/-693.48*(700.2+-397.04)/-779.09-401.47/-28.09/376.39*437.46+366.45-193.22/-519.42*-491.01/685.06
+47.68/-743.34+388.05/+-625.25/-899.89536.15/*-242.75*905.91/-708.42*-653.71/-176.4532.86*+-846.52-301.81,-846.52*(47.68+-242.75/(-743.34/388.05+919.47/625.25--899.89/536.15)*905.91*-708.42+-653.71*-176.4/532.86)+-301.81
*-774.41-951.86*-294.71-277.01--382.39+-567.62**+-105.06+-528.66+-931.09/-728.35*-771.85*192.05-739.55+-223.85,-774.41*951.86--294.71*277.01--382.39--567.62+-223.85+(512.83--105.06+-528.66+-931.09+-728.35/-771.85*192.05*-739.55)
*-522.36*-783.99/13.44-580.86-159.08+523.63*-289.29-149.5+/-138.0+523.15911.49*336.7--501.87*524.41+-159.87,-522.36*-783.99*13.44/580.86--159.87-(159.08-523.63+-289.29*-149.5)+(524.41*(-138.0/-501.87-(336.7*(523.15+911.49))))
+266.18+**-62.6/-119.32-310.29--240.52*-**+-319.81/-490.79--198.21-119.6/-101.58721.2*132.2,266.18+663.11+132.2*(-62.6*-119.32/310.29-101.58/(-240.52--410.11*991.59*-319.81+-490.79/-198.21--119.6)-721.2)
/-858.16-699.74++986.06*17.44+-800.38/-639.74+362.63/-463.25*-69.46*863.14-339.96+777.77-494.83+-823.08/728.25,(-858.16/-699.74)+986.06+728.25/(17.44*-800.38+-639.74/362.63+-463.25/-69.46*-823.08+(494.83-(777.77+(863.14*-339.96))))
+-892.56-437.07-690.56/-192.98/-14.22/-649.5-554.82//+-929.62+862.31*-892.72+123.55-212.15+-90.19+-665.23,-665.23/(-892.56+437.07--929.62+(690.56--192.98/-859.53)/(14.22--649.5/-554.82)/-90.19+(862.31+-892.72*123.55+-212.15))
-569.09/-533.32--40.08-185.74**554.87-690.14-988.8+597.61+-89.53930.58*--436.05/522.7-932.15--63.82*-333.28,569.09--533.32/554.87*(-40.08--185.74)*690.14-988.8--436.05-(597.61+-89.53+930.58)*522.7/-333.28*(-63.82-(-932.15))
/470.3+481.18-246.06**-338.12--699.11*740.35--384.19/-409.01*329.63387.01+--558.87/-429.36/409.55-237.43,470.3/481.18+246.06-949.51*338.12--699.11-740.35*-384.19--558.87+(-409.01/329.63*387.01)--429.36/409.55/-237.43
+424.52*-634.5--998.69+53.2542.04/-+/79.13*-203.48/-866.26/-316.79*-661.04*306.64694.78*/+892.6,424.52+-634.5*-998.69-608.44/(53.25+42.04)-79.13/-203.48*-866.26/-316.79/927.88*(-661.04*306.64*694.78)/892.6
/-507.65--229.84*-636.74/230.42*668.41*687.14300.85*--924.83/-134.16--857.09*-322.35-800.93-+-234.81+691.3,-507.65/691.3+(-229.84--636.74*230.42/-924.83-(668.41*687.14*300.85)*-234.81+(-134.16--857.09--322.35*800.93--382.52))
-872.55-529.15/447.16--596.0+604.16*926.84*445.32-717.32+++853.71-341.52*/986.58-927.63*-137.15*-252.83,872.55-529.15-447.16/-596.0-604.16+926.84*445.32*717.32--252.83*(-457.56+986.58*(853.71+-341.52)/-927.63)*(-137.15)
*257.4--877.5/555.79/-564.35+921.31+922.5-930.79102.05---437.14/-406.79/620.68*-263.08--903.55454.02+-426.99,257.4*-877.5-555.79/-437.14-(-564.35/921.31+922.5+930.79+102.05)--406.79/-426.99+(620.68/-263.08*-903.55-454.02)
+-472.82*-751.33/524.07+-121.53/-195.52/628.61*-828.46+714.62-235.08/276.24-638.04/-168.96+-63.13/-953.56/96.68,-472.82/-751.33*96.68/(524.07/-121.53+-953.56/(-63.13+(-195.52/628.61/-828.46*714.62+-168.96/(235.08-276.24/-638.04))))
--936.81+-+486.12/547.47/-200.8*573.17*86.18-633.91--144.81--109.63512.71*--818.5/-470.02*925.68566.65,-936.81-174.93+486.12+547.47/-200.8/573.17*86.18*633.91--144.81--818.5-(-109.63-512.71)*-470.02/925.68*566.65
*-281.77+86.75*581.66/-938.33/832.47-425.55--855.52+-767.83+--35.79+-958.34+-752.39/-623.12/512.83729.8,-281.77*86.75*581.66*958.34+(855.52-(-938.33/832.47/-425.55)--767.83+-671.4+-35.79)--752.39+-623.12/512.83/729.8
--30.5936.71**-405.14-704.36*--373.14-252.82-*+-66.9-5.85/604.49-87.82+381.09-393.14-343.66115.41,(-373.14-(-405.14*(-30.5-936.71)*-704.36)*252.82-633.58)*-66.9+5.85-604.49/87.82-381.09+393.14-343.66-115.41
/291.22+-686.78/-102.33+-891.14*653.01--290.28--923.8-387.32-555.22*891.46*80.57*++-808.73-279.49*-859.52,291.22/-686.78+-102.33/-891.14+653.01*-859.52*(-290.28--923.8-387.32-555.22-891.46*80.57*141.4*-808.73+-279.49)
/-*-844.48+-57.49/-512.89/-627.58-850.11/-574.71+62.18*-509.28+-514.88--305.0+-145.28*-709.92-972.9*-815.96,774.24/-844.48*-57.49+-512.89/-627.58/850.11--574.71/62.18+-509.28*-514.88+-305.0--145.28+-709.92*-815.96*(-972.9)
+468.81*-416.68*-949.75*679.53--380.74+/+384.12/39.48-441.77/-655.33--543.52-864.75912.48/**-880.16,468.81+-416.68*-949.75*384.12+(679.53*-380.74--548.55)/-880.16*(39.48/441.77--655.33/926.63/(-543.52-864.75-912.48))
--418.14+183.09--343.88*-386.33*778.58*497.42*-308.45+-84.42+-829.69+275.92*194.5*-925.88-316.43/860.64*615.66,(615.66*(-418.14-183.09+-343.88--386.33*860.64/(778.58*497.42*-308.45*-84.42+-829.69+275.92+194.5*-925.88*-316.43)))
/-351.79+-536.5+856.01/-493.44+-209.58--908.93/270.73/787.08-60.75*379.32/567.14-946.76*-248.38+-351.56+-67.45,-351.79/-536.5+856.01+-493.44/-209.58+-908.93-270.73/787.08/-67.45+(60.75-379.32*-351.56/(567.14/-248.38*(-946.76)))
/117.63/891.82/845.94+-889.37-140.06/945.76-/+-826.77+-477.55/585.78*224.77/-563.49+-466.85/-240.69-18.16,117.63/891.82-845.94/-889.37+140.06-945.76/415.35--826.77+-477.55+585.78/224.77*-563.49/-466.85+-240.69/-18.16
+844.17/934.83*278.3*949.35*-702.04-14.73-+-361.61-616.4/612.49--713.36*-791.9+-12.9868.91/800.08*-955.9,(844.17+-361.61-(934.83/278.3*949.35*-702.04*-14.73)+616.4--955.9*(612.49/-713.36-800.08/(-791.9*-12.98+68.91)))
-183.86/-890.97/-200.26--547.75*153.24/-328.93--374.3463.67**-125.31/-230.53/317.43/739.98*-957.45-818.53/723.1,183.86--890.97/-200.26/-547.75--125.31*(153.24*-328.93/-374.34-63.67)*-230.53/317.43/723.1+(739.98/-957.45*-818.53)
--777.23+-418.75+742.53/-606.57-126.75+704.37+116.86+-398.85*-227.14/-727.59-458.86571.59*288.8/207.42*499.5,-777.23--418.75+742.53+-606.57/126.75-704.37+116.86+-398.85+-227.14*-727.59/499.5*(458.86-207.42/(288.8*(571.59)))
*338.28+-415.68+767.76-514.87+--624.46--739.63+-627.82/-526.74--219.25+787.06/530.53548.89*--87.49/-783.7/,(338.28*-415.68+767.76+-514.87)+-624.46--739.63--627.82+-526.74/-219.25-787.06+-87.49*(530.53/548.89)--783.7/-827.91
/106.08*-104.29+-169.5+862.81-370.58--617.84*52.51*-872.0--357.3--268.73*788.74*871.19--249.43818.3-264.2,106.08/-104.29*-169.5+862.81+370.58--617.84-52.51*-872.0*-357.3--268.73*788.74*871.19*-249.43-264.2-(818.3)
+351.58-986.58*-985.56+-757.66*-407.38/609.85-*--78.98+-453.14-488.56++-412.36+-478.63-714.56+-648.1+590.34,351.58+986.58--985.56*-757.66+-407.38*609.85/496.65--78.98--412.36+(-453.14+-488.56)+590.34+(-478.63+-648.1+(-714.56))
/271.61-823.54*/-538.42-135.71*--*153.5+853.9415.98*/824.85*928.4-171.61/-746.15*/-779.65/-847.86,(-538.42*(271.61/-823.54)/-135.71)*-855.61-153.5*-847.86/(824.85*(853.9+415.98)/928.4*171.61--746.15/-780.42*-779.65)
//*864.15/993.47*592.36+367.93*312.45-223.21/-440.17/207.6*-242.84/34.88-815.96/*-396.14-997.98+778.0,-756.02/864.15*993.47/592.36*778.0+(367.93+-396.14/(312.45*223.21--440.17/207.6/-242.84*34.88/-815.96)*-997.98)
/-449.42*-62.34325.53+-59.65/-310.43*-206.76*101.62/510.03/-131.87/-926.94+-734.65+830.34*-128.67-*887.11,-449.42/59.65+(-62.34*325.53)--310.43/-206.76*101.62*510.03/-131.87/-926.94/-734.65+830.34+-128.67*-379.85-887.11
-229.79+-818.72/-4.78*998.2-866.49**997.4-758.75/*732.83--204.6--877.71961.05-*/-*-180.69/-290.35,229.79--818.72+-4.78/732.83/(997.4*(998.2*-866.49)*-758.75)*-290.35/(-180.69*(-110.14/(-204.6-410.84-(-877.71-961.05))))
-149.63*-828.67*423.04--720.77408.68+*747.18/-891.86*-+327.7-18.49/-479.93--55.8+-839.31131.81--658.09,149.63--828.67*-658.09+(423.04/-720.77-408.68)-(747.18*-891.86/188.11*327.7+18.49--479.93/-55.8--839.31+131.81)
+-206.35-718.82/*-251.6+-488.1277.96/+-/-21.21/319.53*-928.92*-446.85/54.93-689.9+440.49657.49+123.31,(-206.35+-718.82)/-251.6*-837.62+(-488.1+277.96)/123.31+(-21.21/319.53/-928.92*-446.85*54.93/689.9-440.49+657.49)
/-879.49+871.83+-217.39/-118.78/-286.88+660.45+752.82-402.82/-520.64*407.87-468.79798.36/+396.38-854.21--190.66,-190.66-(-879.49/871.83+-217.39+-118.78/-286.88/396.38+(660.45+752.82+402.82--520.64/407.87*468.79-798.36)/-854.21)
/530.04/991.45-990.63/730.13/863.32+435.01+233.21+643.45+-959.99/666.31-74.82*-86.51*-535.68/-611.95-718.32,530.04/86.51-(991.45/990.63-730.13/863.32/435.01+233.21+643.45+-959.99+666.31/-74.82)*-535.68*-611.95/-718.32
-609.34-378.45--863.49*-693.74453.88*+885.34-60.77/883.07*-620.45/+-235.81*74.2/-350.93-540.65/585.86,(609.34-378.45--863.49--693.74*453.88)*585.86/(885.34+60.77-883.07/-620.45*-798.37/235.81-74.2*-350.93/-540.65)
/-295.72*-122.23*996.62+-251.12*-*282.87918.47-615.88/-132.9235.94/*+-631.93/723.22/-411.4-360.89+-433.98,-295.72/-122.23*996.62*-251.12+-229.68*-631.93+(282.87*918.47)/(615.88--132.92/35.94)*723.22/-411.4/-433.98+(-360.89)
*482.2**/318.01+124.28--74.53--262.44/458.47--186.05-677.44-310.81-508.0*-387.26-232.14-901.92*672.69,482.2*-232.2*318.01/124.28+-74.53-672.69*(-262.44-458.47/-186.05-901.92-(677.44-310.81-508.0--387.26*-232.14))
+868.62/11.44**-478.49/+-363.0/-647.25+589.23+-390.78861.44**-612.22*-+641.22449.44*--300.54-876.25,(-300.54-(868.62+641.22-(-612.22*(-363.0/(11.44/-983.13*-478.49)+-647.25/589.23+-390.78+861.44)*-739.52)+449.44)*-876.25)
*-235.93*0.61+-841.73-618.65/+-840.33+-536.68-269.16++240.58/-185.28*-536.13*-499.54--314.17*-532.88720.63+-934.09,-840.33+(-235.93*0.61*-841.73+-618.65)/240.58+(-536.68+-269.16)+-934.09+(-185.28/-536.13*-499.54+-314.17--532.88/720.63)
/703.78-540.57+824.95/669.46-952.95+-247.82+313.02*637.58*981.78--306.89*40.14-465.31*-88.62-631.04+-585.78,703.78/540.57-824.95/669.46/952.95--247.82+313.02+637.58*-585.78+(981.78*88.62*(-306.89-40.14*-465.31)--631.04)
*--604.51--519.26*-49.58316.16/--403.73/610.15*-633.03-20.12*518.55-583.23*+284.88+210.55-844.11308.32,-25.25*604.51--519.26--403.73-(-49.58*316.16)/610.15/-633.03*20.12-284.88+(518.55*-583.23)*210.55+844.11-308.32
*-580.03*-142.53+172.05+-332.35*-993.41698.85/*249.93*-301.23-909.27+-788.67-281.53*+-515.41150.2++-57.45-393.1,-580.03*-142.53*172.05+249.93/(-332.35+-993.41*698.85)*-301.23*-57.45+(-515.41+(909.27--788.67+-281.53)*150.2)+-393.1
/294.54/-501.69/97.66+-948.46*979.76/762.77*435.98--965.79--147.36-152.67+191.49/-267.78-630.25/468.54-540.18,294.54/-501.69/97.66/-948.46+979.76*762.77/435.98*-965.79--147.36-540.18-(152.67-468.54/(191.49/-267.78/-630.25))
+-912.86+-385.29*+--26.36*-274.97/622.12/-407.23*817.95-536.16+396.36*299.55-248.28-226.31*-153.08-911.07,-912.86+-385.29+-625.56*-26.36--274.97*622.12/-407.23/817.95*536.16-396.36+299.55*248.28-226.31--153.08*-911.07
/-239.47+-654.26-801.26-521.82/-594.55*860.69+620.57+-887.5+911.68--431.93884.96*+-258.33+-279.35471.11-684.97,-239.47/-654.26+801.26-521.82--594.55/-258.33+(860.69*620.57+-887.5+911.68+-431.93-884.96)*684.97-(-279.35+471.11)
*928.75910.0++-205.25*-815.27*750.06*/+966.94*992.68-402.97*-990.56-180.54-451.41/-857.63*-832.34--991.44,-205.25+(928.75*910.0)+-991.44-(-832.34*(-857.63/(-815.27*451.41-(750.06*-114.97*180.54-(-990.56*(966.94+992.68*-402.97))))))
*-739.8*/*-44.89896.34--925.22914.67/+701.92+-994.86*-726.31-18.15-814.64/*--424.61--145.82+50.87,-739.8*50.87+(-145.82/(925.22-(-685.25*-44.89*896.34)-914.67)-(701.92+-424.61-(-994.86+471.74/(-726.31*18.15--814.64))))
*67.42/-947.69+-123.21*542.45/363.32*795.28*-211.47+419.18*418.59654.38*--679.72--858.71344.57--297.06+-4.63,67.42*-947.69/-123.21+542.45*363.32/795.28*-679.72*(-211.47*419.18+418.59*654.38)--4.63+(-858.71--297.06-(344.57))
/-1.63*940.67/969.84/-878.78*347.74*-925.86//+383.65*918.68+561.48--444.98/17.22*654.28-223.03-879.37,(-1.63/940.67*969.84/-878.78/347.74*-925.86*-541.13/383.65+918.68*561.48+-444.98-17.22/654.28*-223.03)-879.37
--742.67+83.85/726.77*-294.18709.54*+430.97--632.04*//331.65*-481.77+954.99*-443.46/-953.0-54.23-354.38,-742.67-430.97+(83.85+726.77/-294.18*709.54)*-632.04-919.54*331.65/-481.77*954.99+-443.46*-953.0/54.23--354.38
/-334.22/-116.43/-290.96--334.42--443.98-836.08/+725.53+-/-376.3+-999.55*-119.66--1.79/-397.09820.89*180.4,-334.22/-116.43/-290.96/725.53/(-334.42--443.98--836.08)+359.53+-376.3/-999.55+180.4*(-119.66*-1.79--397.09/820.89)
-230.22105.62/*679.51*-593.7--779.14-876.46/-62.91--679.99+-970.92574.06/504.81*-481.12229.08/--922.65--750.05,(230.22-105.62)/-750.05-(-922.65-(679.51*-593.7*62.91-(-779.14--876.46)/-679.99--970.92-574.06)/(504.81/-481.12*229.08))
/281.2/-635.18*629.04-742.57/-104.7/-426.92*-92.43/-798.59/-545.21/327.61/82.37*160.88-+-670.36*-190.43,281.2/-635.18/629.04*742.57--190.43*(-104.7/-426.92/-92.43*-798.59/-545.21/-670.36+(327.61/82.37/160.88*-363.09))
/-937.77*-329.06266.84*+105.73/**573.6358.54---712.76/-890.75-592.97-880.45/430.56963.73-797.34+593.99,-937.77/105.73+(-329.06+266.84)*-433.43/-712.76-(573.6*358.54)--890.75/592.97-880.45-430.56/593.99+(797.34-(963.73))
+-404.16/-127.67/112.42+-800.28--852.47/-440.13-911.9+-546.11-567.99686.45//-91.98+-177.06/-21.71228.45--43.97,-404.16+-127.67/112.42/-800.28+-852.47--91.98/(-440.13/911.9--546.11+567.99-686.45)/-177.06+-43.97-(-21.71*228.45)
*-188.14/743.51--362.63--353.5/358.5*-791.42*383.09+613.3*-723.86-660.57*-702.33+-488.17+103.58958.14-657.21,-188.14*743.51/-362.63--353.5-358.5+-791.42*383.09*657.21-(613.3+-723.86*660.57--702.33*-488.17+103.58+958.14)
-848.91+617.59+603.28*20.5--783.61+726.41--198.98+827.16-187.36-//599.43*-681.4--190.66--728.4-76.19,848.91-617.59+603.28+20.5*-783.61-726.41+-198.98-827.16+187.36--510.88-599.43/-681.4*-190.66--728.4--76.19
-122.42*/*857.54--147.88+659.83-620.96/*689.87-747.2+-269.79270.5/507.93/-404.49+679.96/*--706.76,(-706.76-(362.83/(122.42-689.87/(731.07*857.54*-147.88-659.83+-620.96)*679.96+(747.2--269.79+-404.49/(507.93/(270.5))))))
--523.9*549.99/489.57/-616.58--445.58+305.94+626.15-*/-172.55+257.58+123.18*/-171.28+332.04/387.01,-523.9-549.99*489.57/387.01/(-616.58/-445.58-305.94+626.15+358.47-332.04+(-172.55/257.58+123.18+8.34*-171.28))
*714.0+-58.0/344.1/170.33/-617.6*-887.5+831.54+962.09-156.58//-246.35+832.15/256.62817.76-482.04-577.54,714.0*-58.0+344.1/170.33/-617.6/-887.5*-246.35/(831.54+962.09+-156.58)/832.15+577.54-(256.62/482.04-(817.76))
*-171.49--3.43/-691.91*801.53*866.85/785.94/-382.8/+*-146.84628.39*--831.88*750.99+671.28+-138.9-667.93,-831.88-(-171.49+-3.43--691.91/801.53*866.85*785.94--382.8/-827.63/-146.84*628.39)*750.99*671.28+-138.9+-667.93
*-794.51/-507.18/-549.47+770.77*862.61/-393.88/**53.8*-486.44-124.01-903.05/271.57-530.79*655.57650.03,-794.51*-507.18/-549.47/770.77+862.61*-393.88/-540.41/53.8*-486.44*124.01-903.05-271.57/530.79-655.57*650.03
+-704.62/758.65/-195.73/550.79+-57.28+-590.54368.0*-401.6+-84.07/-926.8*143.42/-188.31-236.57994.09-494.45,-704.62+758.65/-195.73/550.79/401.6*(-57.28--590.54+368.0)--84.07+-926.8/143.42*-188.31/236.57-494.45-(994.09)
+274.59/-827.02/-694.66/506.61+-252.11/-/-576.84*-884.62+-303.95*-487.75+-284.16-800.07-480.06*--606.0842.28,274.59+-827.02/-694.66/506.61/-252.11+564.85/-576.84/-884.62*-606.08*(-303.95+-487.75*-284.16*800.07--480.06)-42.28
-117.38+-977.9*171.57/804.45*88.44--273.96--599.99*32.95*-16.34*-827.87--885.56486.18--368.68/-390.72*-518.79,117.38--977.9+171.57*804.45*-518.79*(88.44*-390.72/(-273.96--368.68-(-599.99-32.95*-16.34*-827.87--885.56-486.18)))
+175.48-348.76+-411.46*-695.85-848.84//925.97*-654.31-518.29/+-575.99+482.45--23.7/502.11673.31*-72.58*-721.74,(175.48+925.97/(348.76--411.46+-695.85*-848.84)/-654.31*-518.29)/-575.99+482.45--23.7-502.11/-721.74*(-72.58*(673.31))
+268.07*-615.78--253.6*-120.35*259.25--23.52--259.64--931.65/595.74/*--956.61*25.96-331.0/-634.16/816.85,268.07+-615.78*-253.6--120.35*259.25*-23.52--259.64--931.65-595.74/816.85/(-634.16/(152.07/-956.61-25.96*-331.0))
*-240.43+-967.91645.35//280.36/54.76/*-399.01-71.74---876.63+225.88/-/159.37+202.48+419.19129.82,280.36/(-240.43*-967.91+645.35)*54.76/935.29/-876.63-(399.01--71.74)-225.88+-933.96/159.37/202.48+419.19+129.82
+-604.6/359.86/-941.92--309.79/**23.29+870.66--477.13-421.85+-339.05*635.89*853.27816.03*-602.53/-172.63,-604.6+359.86/-941.92/-309.79--304.09/23.29*870.66+-477.13--172.63/(421.85--339.05+635.89*853.27*-602.53*(816.03))
/385.64*-801.53--123.62858.08/--862.6**-50.3*922.63+877.01--341.3+-50.22-166.39-137.29+-249.28+-233.95,385.64/-862.6-(-801.53*-123.62-858.08)/905.39*50.3-922.63/877.01+-341.3--233.95+(-50.22+-249.28+(166.39--137.29))
*-157.12-543.8-973.3-16.49//550.44-605.55*-836.05*//-844.69*-235.59-191.37*-635.16*873.25/-699.11//,(-157.12*940.57/(543.8-973.3--16.49)/(550.44/-699.11/(873.25*(-635.16*(605.55--836.05*285.36*-844.69/-235.59*-191.37)))))
--209.14-356.11/-540.09*467.14*//100.7/905.01*307.7-235.54/85.57-171.16-979.54+757.61+-459.26/785.22,-209.14-356.11--540.09/467.14*251.74*785.22/(100.7/905.01/307.7*-459.26+(235.54-757.61-(85.57/-171.16)+(979.54)))
--447.92--45.38/-511.1553.45*/-61.17-303.4++--242.23--94.59--761.96-586.96+454.8+910.95--469.86,-447.92--45.38--61.17*(-511.1/553.45)/303.4-790.93+-242.23--94.59--761.96-586.96-469.86-(454.8+910.95+-332.74)
--483.5/-691.3+738.61+-475.93--658.71*-153.64+562.91*-600.35--973.62+872.45+917.0+-478.95-148.55/3.4+703.71,-483.5--691.3/738.61+-475.93+-658.71--153.64*562.91+703.71+(3.4/(-600.35*-973.62-872.45+917.0+-478.95+-148.55))
+116.51-185.22+-470.54-800.02*-/726.76/576.77*782.56-*+-296.33*871.92*-624.71*-314.59-109.87*245.93,116.51+185.22--470.54+800.02--916.97*726.76/576.77/782.56*527.31--296.33+245.93*(871.92*-624.71*-314.59*-109.87)
/687.84+247.86+-410.01-437.44--367.17/-918.01+-861.25*-172.66*-566.8--825.85-512.8683.92*-837.1*115.48,687.84/247.86+-410.01+918.01/(437.44-326.15-367.17)--861.25+115.48*(-172.66*-566.8*-837.1*(-825.85-512.86-83.92))
-654.01-323.95+924.3*-520.48+//-960.33+27.62--438.96+999.33+-849.3851.68--40.29/215.73+635.39/-111.45,654.01-323.95*924.3+-111.45/(-520.48*-61.01+-960.33/27.62+635.39+(215.73/(-438.96-999.33+-40.29-(-849.38*51.68))))
*-463.99*852.29-66.75*-411.76/417.67/679.84/7.25+865.31-258.11/456.96*-875.59+-6.06513.81+32.94*-403.39,-463.99*411.76*(852.29*-66.75)--403.39*(417.67/679.84/7.25/865.31+32.94+(258.11-456.96/-875.59*-6.06+513.81))
+831.88-843.28++743.6-714.78-/736.84*-512.17-908.38/*630.09*-631.97*399.4--766.1-*+-309.4623.34/-922.88,(743.6+(831.88+-843.28)+-714.78)-736.84/630.09/(-512.17+-908.38)*-631.97*399.4*-922.88/(-766.1-306.7--309.46+23.34)
--465.35/-273.92-7.68+925.92--765.55*/-186.63/249.09/-269.32/-291.28+-435.69/+-723.0/556.4+-638.25,(-638.25+(-465.35--273.92/556.4*(7.68-925.92+591.92-765.55)/(-186.63/-723.0+(249.09/-269.32/-291.28/-435.69+-349.42))))
+362.41--675.37/455.12-646.64/-641.04*211.16-532.21/401.15--916.31+-234.26+//461.8-963.19-191.08*+-820.79,362.41+-820.79+(-675.37-455.12/-646.64)*(-641.04/211.16*532.21-401.15/-916.31--234.26+191.08-(197.09+461.8/-963.19))
*201.34*548.95*792.01+721.44*-859.53*-287.39-409.05*+/-814.38+-626.4-670.83-598.14-829.563.99*969.58,201.34*548.95*792.01*721.44+702.78*(-859.53*-287.39*-409.05)+814.38--626.4+969.58*(670.83-598.14-829.5-63.99)
-34.15+-317.91+-690.4--368.27+-*523.53/502.23/-772.57+663.57/639.88223.06**-383.99/120.39*154.96680.84,34.15--317.91+-690.4+-368.27-933.4/523.53*502.23/-383.99*(-772.57/663.57+639.88/223.06)*120.39/154.96*680.84
+927.96/106.37+-408.35+117.22--273.75*-888.59-243.34/+-323.24+*/0.71+-545.44--687.71-686.31/--291.09530.76,927.96+106.37+-408.35+117.22+-273.75--323.24/(-888.59*-243.34)+675.89+0.71/-545.44+-291.09+(-687.71--686.31)-530.76
/372.0*247.74+-508.1*376.62*-264.71+223.6/133.68--344.49+-544.73/386.11*400.95-501.44*151.48-763.99+871.79,372.0/247.74*-508.1+376.62*871.79-(-264.71*223.6+133.68/-344.49--544.73+763.99*(386.11/400.95*-501.44)-(151.48))
+966.27+-491.36/-927.38*381.27*-555.55+/-566.33-960.35--668.61399.87//113.49515.02//742.6+713.44518.35,966.27+-491.36+-927.38/381.27*-555.55*742.6/(788.82+566.33-960.35-113.49/(-668.61-399.87)/515.02)/713.44+518.35
+-536.94/747.12+32.46-967.69-683.64+-60.07-746.26/-474.22/-398.83*-251.05938.18/-*/-367.76-105.92-957.75,-536.94-747.12/957.75-(32.46+967.69-683.64--608.38/(-60.07+746.26--474.22/-398.83/-251.05*938.18)--367.76/-105.92)
--696.94-107.58*-732.79*-447.9+771.42*-658.94+-647.54+-990.15/-241.81*228.59+620.8-*53.94--25.26+852.22,-696.94-107.58--732.79*-447.9*771.42+852.22+(-658.94*-647.54+-990.15+-25.26-(-241.81/228.59*53.94*(620.8+127.73)))
*184.86/171.39+-910.13+20.34-74.3//-959.9-184.74//920.52702.22*+-716.3+272.98-**-76.54-393.51-568.88,(184.86*171.39/-910.13+-959.9/(20.34+-74.3)/-184.74)/-716.3*(920.52/702.22)+272.98+11.7--76.54*393.51--568.88
/-79.47*87.3-138.74*-911.05+-402.53-256.21---798.84/947.25*775.25/578.05/591.23-282.8+110.84-918.03*250.41,-798.84-(-79.47/87.3*138.74--911.05*-402.53+-256.21)-947.25/775.25*578.05/591.23/282.8-110.84+250.41*(-918.03)
--743.75--947.46-/*579.78-390.01+785.19/997.24/-826.3--303.56/-476.55+408.84*264.65+-653.62-494.39/478.24,-743.75--947.46-758.81-579.78*390.01-785.19+478.24/(997.24/-826.3/-303.56--476.55/408.84+264.65*-653.62+-494.39)
/577.52+-547.34--455.06/831.27-849.71--675.61+-502.35*-549.53/-865.79+336.53*889.12*-274.83*332.62-957.94/773.58,577.52/-547.34+-455.06-831.27/849.71/-675.61--502.35--549.53*-865.79/336.53-889.12*-274.83*773.58/(332.62*-957.94)
*-298.48/-641.7--154.74+333.09++*-863.76**--316.05+408.77*-218.29*780.88+532.13*-996.75269.31+-6.3,-298.48*-641.7/-154.74-333.09+-316.05*(12.36+-863.76*947.35)-408.77+-218.29/780.88*532.13+-6.3+(-996.75*269.31)
-/*-651.71-195.61--674.24-203.53+-56.14--952.66709.2+--697.55/-129.69*-847.39-724.45/-764.91--793.56-525.95,-678.75--651.71*195.61-764.91+(-674.24-203.53--56.14+-952.66-709.2)-(-697.55--129.69/-847.39*-724.45)/-793.56+-525.95
/-828.1*-610.26*71.37*37.33*874.39+-915.19+325.39+556.69+11.71/724.96*140.05*778.93-957.92*862.11--986.15,-986.15-(-828.1/-610.26*71.37*862.11*(37.33*874.39*-915.19+325.39+556.69+11.71+724.96/140.05*778.93*-957.92))
+947.07+554.29/151.52-664.82**-445.84+-832.32-334.5+-841.94+-261.11/-166.74649.17*377.58+747.25--162.44--557.41,(947.07+554.29+151.52/-664.82)*-445.84*-832.32+-557.41-(-162.44-(334.5-747.25+(-841.94+-261.11+377.58*(-166.74/649.17))))
/741.63*712.89+-560.37+638.48--247.74*-260.03*//-582.88-997.53/867.54*-599.01-3.5*-406.36739.52*-7.12,741.63/712.89*-560.37+638.48+-247.74--260.03*-7.12*(744.57*-582.88/406.36-(997.53-867.54/-599.01*-3.5)*739.52)
-305.48*906.03-205.1+/--783.47-779.94--951.72+354.54/309.88683.76*/-989.97*-561.66*968.93-420.25+417.64,-783.47-(305.48-906.03*205.1--362.07)/779.94--951.72-417.64+(-989.97*(354.54+309.88/683.76)/-561.66*968.93*-420.25)
*874.32-446.86-843.61+-847.37*-616.48/858.5*36.63--686.48--783.78/-277.95/-670.2*-801.21*-911.01-821.65*-748.25,874.32*446.86-843.61--847.37+-748.25*(-616.48*858.5/36.63*-686.48--783.78--277.95+-670.2/-801.21*-911.01*-821.65)
*248.87+-570.96+124.64818.15+--923.87-609.34/514.07/-235.0155.21*-808.48/-40.58--542.0--375.76*-646.08607.26,808.48*(248.87*-570.96+-923.87+(124.64+818.15)-609.34-514.07/-235.01/55.21)--40.58/-542.0--375.76--646.08*607.26
/685.2*670.0/*--133.71--119.16/915.66+-247.44+-335.02-745.86-829.95+798.17/-582.07+-693.55616.18+-987.18,685.2/670.0*-392.17/-133.71--119.16-915.66/-247.44/-335.02+745.86-829.95-798.17+-582.07/-693.55+-987.18+(616.18)
*-363.45-104.85-887.61--820.87684.99*-/-228.09--976.96/331.62-771.64+-312.68-845.33-322.14/205.86901.34*141.11,(-363.45*104.85--887.61)-(-820.87-684.99)*-228.09/-976.96-331.62/141.11*(771.64--312.68+845.33-322.14+205.86/901.34)
--216.42--313.61-708.39+-968.16+831.72/265.93-990.15*572.57*312.61+403.89-514.82487.37*+37.94+-120.46-302.53,-216.42--313.61-708.39--968.16+831.72+37.94*(265.93/990.15-572.57*312.61+403.89+514.82-487.37)+-120.46+-302.53
/815.34/-940.77*643.74/643.44*-320.11-750.24*-218.87-244.23-90.92-573.16/-347.69--477.47--200.17-330.47/-35.55,815.34/-940.77/643.74+643.44/-320.11*750.24--35.55/(-218.87*244.23-90.92-573.16--347.69/-477.47--200.17--330.47)
+275.96*356.98+-991.32+-64.9-3.65-899.7*-883.76-86.75886.93--922.37/22.2-798.52-445.87*516.39/944.75,275.96+356.98*-991.32+944.75/(516.39*(-64.9+3.65/899.7-922.37-(-883.76*86.75-886.93)-22.2/445.87-(-798.52)))
*-156.49+838.63--758.47*-917.3-846.15--20.58+828.54-+--235.47458.46-+-182.97+-992.31/73.41-541.08+-88.2,-156.49*838.63+-758.47--917.3*846.15--20.58-828.54+-770.45--88.2-(-235.47-458.46)+(-182.97--992.31+73.41/-541.08)
--499.06/-270.58-960.93568.85/+257.35--55.58/332.26*-411.88-619.03/-826.6121.13*-336.27+/*734.98226.46,-499.06--270.58/257.35+(960.93-568.85)/-55.58-336.27*(826.6-(332.26/-411.88*-619.03)/121.13)-796.98+734.98*226.46
*-315.63--811.73-573.67+-41.93-188.09/215.0*723.26--603.19-56.72/*/-773.07+-491.68+-901.22163.05*-947.48,-315.63*-811.73-573.67--41.93+188.09-215.0/723.26*-603.19-56.72--251.28/-947.48*(-773.07/-491.68+-901.22+163.05)
/574.59+-576.62*-855.11-66.13+359.74+475.81*149.72*456.21*590.16+-482.43-916.39+-968.57--284.69/-648.77+817.5,574.59/817.5+(-648.77/(-576.62+-855.11*66.13-359.74+-284.69-(475.81+149.72*456.21*-968.57+(590.16*-482.43+-916.39))))
/-985.42+864.86*-378.04*983.3*552.53/-915.89--272.92462.39**-902.81959.49--150.1+-894.58-689.6+-593.63/974.44,-985.42/864.86+-378.04*983.3*552.53*974.44/(-915.89/-593.63+(150.1*(-272.92-462.39)-(-902.81*959.49)--894.58*-689.6))
--742.22*328.43+-530.8/201.78+-224.86-513.5*673.13+591.34+629.87-843.47+914.72+194.73+269.77+-251.58/-118.83,-742.22--118.83/(-251.58+(269.77+(328.43*-530.8+201.78/-224.86+513.5-673.13*591.34+194.73+(629.87+-843.47)+(914.72))))
+-207.84*-377.99-80.93*552.32///764.44-749.06/--869.27+-427.82+-29.76*284.48+-750.66801.83*-141.01*231.89,231.89*(-141.01*(-207.84+-869.27/(-377.99+80.93-552.32*-523.54/764.44/-749.06)--427.82+-29.76+284.48*-750.66+801.83))
-400.85*555.48/-685.1*324.77/666.87*733.46*974.74/-318.81-541.04/541.21*-813.74+540.64*5.17/909.9995.34,400.85-555.48*-685.1/324.77*666.87/733.46*974.74*-318.81/541.04-541.21/-813.74*540.64+5.17*909.99/95.34
/990.07+-94.8/-463.4+177.76+-991.13302.63//-694.32+145.45/-101.5661.67---+639.0458.84-499.64*-230.8,990.07/-94.8+-463.4/-230.8*(-616.93-(-694.32/(177.76+-991.13+302.63)/145.45+-101.56/61.67)-639.0+499.64-(458.84))
-104.68-945.52/-308.14-359.36/769.67/-227.74+-408.8-374.38--34.57+459.15*-636.74+-115.14-916.42677.36*551.08,308.14/(104.68--945.52)-359.36-551.08*(769.67/-227.74/-408.8+374.38--34.57-459.15+-636.74*-115.14+916.42-677.36)
+249.4--566.55/-383.17*981.31//+-331.08-500.03-+774.15/676.9--226.16+253.7531.19/+693.53320.05+453.62,249.4+-566.55--383.17/453.62+(774.15-(981.31*972.04/-331.08+-500.03)+676.9/693.53/(-226.16-253.75+31.19)+320.05)
+**397.19+549.34/-270.34--378.48*-749.92*-760.18+696.46-*-629.22/+313.63429.12--775.8+-41.69+823.24,272.21+397.19*823.24+(549.34+-270.34/-378.48--749.92*-41.69+(-775.8+(-760.18*696.46+313.63/(-436.84--629.22)+429.12)))
+202.34*-571.6*-525.89/253.58--148.06202.28*--210.79-198.44+773.07/-877.9572.87/779.49/-479.05-50.85*-428.65,202.34+-571.6--525.89*253.58/-428.65*(-148.06-202.28)*(50.85-(-479.05+(-210.79-198.44-773.07+779.49/(-877.9/572.87))))
+402.06-144.93+/-745.64/-177.33*-246.09/-412.42/*--762.3*-186.56--592.63--88.99+-515.5/-+892.85903.68,(402.06+-144.93)+-745.64/-177.33/-246.09*-412.42/783.51/-762.3--186.56*-592.63--88.99--515.5+222.21/892.85+903.68
*368.13+-209.68-442.1/-256.65--761.21-147.34/--622.45+940.8*74.49/-221.03*515.56*778.31173.01+-666.12*80.89,(368.13*-209.68+442.1--622.45*(-256.65/-761.21--147.34)-940.8+74.49*-221.03/80.89*(515.56/778.31*-666.12+(173.01)))
*175.89--755.45-111.39+-131.91*866.89-276.16/--521.67-645.44//-610.12*-660.36**-939.94-/-547.33294.87-688.81,-610.12/(175.89*-755.45-111.39--521.67-(-131.91/866.89*-276.16)/-645.44)/-660.36*688.81-(997.2*-939.94)-(-547.33/294.87)
/-961.2/-409.04/-866.99*-272.28-587.4+653.3/324.35/-654.5-750.38/+91.55/75.1/962.749.91*353.43+-14.62,-961.2/-409.04/-14.62+(-866.99/91.55+(-272.28*587.4-653.3+324.35/-654.5/-750.38)/75.1/962.74/353.43*(9.91))
/409.08--601.75-393.37/953.94-384.99*-842.94+-677.94--823.65/33.61+981.03/339.52-653.1/-564.73+685.44+-948.72,409.08/-948.72+(685.44+(-601.75+393.37-953.94/384.99--842.94*-677.94+-823.65-33.61/981.03/-564.73/(339.52/-653.1)))
--911.05/-2.3--445.62/-842.27+-879.86+-93.5*240.07636.94+--731.66+136.15--968.64/-194.23-955.43/*-358.5988.36,-911.05--2.3/-445.62--842.27/-731.66+(-879.86+-93.5+240.07*636.94)-136.15+-968.64--358.5/(-194.23/-955.43)*988.36
/-241.13/114.87+865.02+-330.82*980.36/-697.29*168.52+-660.82*20.2/354.32/805.75574.93+-203.1--105.49/94.0,-241.13/114.87/865.02+-330.82+980.36*-697.29/168.52*-660.82+94.0*(-105.49-(-203.1+(20.2*354.32/805.75/574.93)))
*-290.66-105.83--639.71/-880.74/-187.06/890.68*969.92-//674.5/-508.73+-723.86372.09/295.25+214.43-653.13,-290.66*105.83--639.71--880.74/-187.06/653.13-(890.68/969.92*839.96-214.43+(674.5/-508.73/295.25/(-723.86+372.09)))
-597.97-170.64/--354.81*-186.65280.34/-918.15/932.4--408.72-939.09--253.87*-991.59/-331.63*-566.43-706.54-,(918.15*(-354.81/(597.97--170.64)--186.65*280.34)-932.4/-408.72-939.09--253.87--991.59*-331.63/-566.43*706.54--204.21)
*-555.11+-488.42--730.93/-402.83///-303.63+810.12--476.05/*/48.93795.93*587.16--357.38+---831.65,-555.11*-488.42+-730.93--402.83/-831.65-(205.76+(-253.17/-303.63/810.12+-476.05--357.38-(319.13/587.16*(48.93/795.93))))
/100.05*604.1+-610.67+-265.66544.19*-661.52*986.42-624.87/628.54/994.33/878.09*509.13//+300.66-82.7,100.05/604.1*661.52*(-610.67+-265.66+544.19)-986.42*624.87-628.54/994.33/878.09/509.13*326.83/300.66+-82.7
*-744.8-545.52*-181.75/606.66-155.78/986.88965.49*/-675.33/-507.22150.58*--950.48/-456.54/-493.6-135.64+,(-744.8*-950.48-(545.52--181.75*606.66/155.78--675.33*(986.88/965.49)/-507.22/150.58)*-456.54/-493.6/135.64-907.16)
-549.64*874.14+-638.32+-40.05*-284.52/-413.06*-906.1+-+128.81--235.58+225.86-203.62+-821.71--10.36*-996.36,549.64-874.14*-638.32+-40.05+-284.52*-413.06/-906.1*555.82+-996.36*(128.81+-10.36+(-235.58-225.86+-203.62)-(-821.71))
*-864.19/-746.12*630.73*-297.9*-258.34784.53*-580.9*938.57341.25*-915.63--49.97+-550.14/285.31847.3+653.63,580.9*(-864.19*-746.12/630.73*-297.9*-258.34*784.53)-915.63-(938.57*341.25)*-49.97+-550.14+653.63+(285.31/847.3)
+275.89--685.21/-955.47/140.22-821.04-503.56*-526.75--960.1/177.77+839.35*923.59822.66*282.6/198.06-776.4,275.89+-685.21--955.47/140.22/821.04-503.56--526.75*-960.1-776.4-(198.06/(177.77/839.35-282.6*(923.59*822.66)))
/153.48*831.65-825.7*-721.44/-92.91*327.0--849.41-349.08+710.69+938.9-989.76--915.14/-987.16+-849.29*-583.81,153.48/831.65*825.7--583.81*(-721.44*-92.91/327.0*-849.41-349.08--849.29+(710.69+938.9+-987.16/(-915.14-(-989.76))))
+-535.91--780.39--549.85*-439.3+-614.41*168.0-528.98/-856.73--253.62-239.98*-820.43/-907.01154.25/-811.64*270.67,-535.91+-780.39--549.85--439.3*270.67*(-614.41+820.43/(168.0*-528.98)*(856.73--253.62--239.98)--907.01/-811.64/(154.25))
-628.32*38.33/-390.02877.27*+87.46*-266.6-90.0/-71.19*-641.31--566.24-19.73--991.17/+853.34/-791.04,(628.32-38.33/-390.02/877.27)*-791.04/(87.46+-266.6*90.0--71.19/-641.31*-566.24-19.73--991.17-255.45/853.34)
+810.65263.59-*415.53+405.0/471.54+437.06-306.96884.72//305.98/-306.18/365.27*265.61-939.84-340.09/991.35,(810.65+263.59)-415.53*405.0+471.54/305.98/(437.06+306.96-884.72)/-306.18/365.27/991.35/(265.61*939.84--340.09)
/-130.09--614.97+95.87+995.19-339.74*-404.21-828.85*-716.94-869.3*+724.87+-138.21*-203.28403.37/296.01*-795.56,-130.09/724.87+(-614.97-95.87+995.19+339.74-716.94*(-404.21*-828.85)--869.3)*-795.56*(-138.21+-203.28*296.01/(403.37))
--426.66/-652.45--673.03+213.01*-170.81+-210.76*-504.08*-620.12-914.25*-544.44*-722.83*781.24-197.76-316.75-41.36,-426.66--652.45/-673.03-213.01+-170.81*-210.76+-504.08*-620.12*914.25--544.44*-722.83*781.24*197.76-316.75--41.36
/858.36+367.35*-853.21*-37.6+-205.19/149.86-361.5+-608.47-105.78-*697.4+--934.8+552.34+590.88-438.12,858.36/367.35+-853.21*-37.6*-205.19+149.86/361.5--934.8+(-608.47-105.78--557.59-697.4)-552.34+590.88+-438.12
-152.26*-121.4*-449.13-960.9-+-499.28+193.32-/+-100.38--451.55+688.85-931.53*42.63/993.54673.04+-447.51,152.26--121.4*-499.28-(-449.13*-960.9)+193.32+-944.14/-100.38+-447.51+(-451.55-688.85+931.53-42.63*993.54/673.04)
*297.04*-440.04--649.63/-852.28984.39--46.98+139.51*745.15--253.02-616.38/+-130.94+-830.55-580.7313.93/-865.78,297.04*-440.04-130.94+(-649.63--852.28/984.39)/(-46.98-139.51+745.15*-253.02--616.38)--830.55+580.73--865.78/(13.93)
+616.29/297.06+-747.57*496.64*798.68-808.49+-463.41+-178.74-486.84+-289.91+-*305.79*623.87-496.51/-896.08,616.29+297.06/-747.57+496.64*798.68*808.49--463.41+-178.74+486.84--289.91+912.24+305.79*-896.08/(623.87*-496.51)
/188.96*827.18-225.19122.3*--680.4*408.64-146.82/-903.39+-428.0--486.25*601.38/956.84+-780.63*-383.83421.03,188.96/827.18*-680.4*(225.19-122.3)-408.64*146.82--903.39/-428.0+-486.25-601.38*956.84/-780.63+-383.83*421.03
-988.66-416.13-+115.19-400.24*902.38+-349.03+236.88+607.32421.01**-627.28*-451.69+/-/527.11--483.26,(988.66--416.13)-115.19+400.24-902.38*-349.03+236.88+-627.28*(607.32+421.01)*-483.26-(527.11/(-451.69*-980.15+-118.02))
-975.15/-566.42--244.66*-*-804.74*-74.24*-731.07/-475.57+914.44+-671.13-586.45+-506.11/-46.45+-840.64--631.17,(975.15--566.42/-244.66--748.83*-804.74*-74.24*-631.17-(-731.07*-840.64+(-475.57--46.45/(-506.11+(914.44+-671.13+-586.45)))))
-118.25*-718.0*+-41.94+188.53/490.55+-256.83--349.47+856.24*902.01796.23/963.9--337.41+-830.31--655.57,118.25--41.94+(-28.13*718.0)*188.53+-655.57-(-830.31+(-337.41-(490.55/-256.83+963.9/(-349.47-856.24+902.01*796.23))))
--492.32*-594.17/10.1+340.89+619.7978.36+-952.98--424.62*361.36/-161.77--550.8710.37+694.59/-815.31/60.13,-492.32--594.17*10.1/340.89+952.98*(619.79+78.36)-60.13/(-815.31/(-424.62-361.36*-161.77/-550.8-694.59+(710.37)))
*835.19/-153.77-734.88/*794.56--201.17+69.56-947.3+-804.44-535.9-626.48*//-764.91/+937.57+-521.67,(794.56/(835.19*-153.77/-734.88)*-201.17-69.56+-947.3)+804.44-535.9-626.48--659.85*-764.91/725.2/-521.67+(937.57)
--371.1--148.44+717.41*250.66-656.93*/-160.52/134.43*-538.85+715.13/-300.76*838.3/924.73*-515.53+755.63-354.72,-371.1--148.44--160.52-(717.41+250.66*-656.93)*134.43/-538.85-715.13+-300.76/838.3*924.73/-515.53*755.63+-354.72
+17.87--612.72-782.56/+-715.09*-852.56+-379.89*-12.47+-575.38--730.33*-680.77--112.74/87.46-252.71*-774.58/718.88,-715.09+(17.87+-612.72--782.56)/-852.56/-379.89+-12.47*718.88/(-575.38+-774.58*(-730.33--680.77*-112.74-87.46/-252.71))
/-268.44/-252.96*128.14*148.7-950.39**-783.77*522.41-213.45+962.12-**696.86-642.59/20.18--313.76823.4,-268.44/-783.77*(-252.96/128.14*148.7*-950.39)*522.41*213.45-962.12+426.7-696.86*642.59-20.18/-313.76-823.4
--912.98*-284.08+-986.03-247.62*-720.33*-569.98*-255.58+-675.49*141.44+131.84*324.04-428.52*-632.08-877.64-5.14,-912.98--284.08*-986.03+247.62--720.33*-569.98*-255.58*-675.49+5.14-(877.64/(141.44*131.84+324.04*-632.08*(-428.52)))
*717.45/539.44*854.22+-8.87*503.94+-579.11*411.03/-995.76-740.03-543.11--818.49-696.47--896.64/251.8+-324.22,-324.22+(717.45*251.8/(539.44/854.22*-896.64-(-8.87+696.47-(-818.49-(503.94*-579.11+411.03*-995.76/740.03--543.11)))))
/-48.33/*+157.68967.77--875.13+-851.18/874.73+-350.31*220.18351.31*---556.0/-580.35+479.9+-602.58-725.97,-48.33/-556.0-(804.06/157.68+967.77)*(-875.13--851.18+874.73/-350.31+220.18*351.31)--580.35/479.9+-602.58+-725.97
/-651.02/-235.07/934.47*441.91-667.45--+--41.55*486.18--51.92-426.34/-930.45+726.28-442.36786.99*-,-341.81-(-651.02/-235.07/934.47/441.91*-667.45)--41.55-486.18*-51.92-426.34--930.45/726.28+631.2*(442.36-786.99)
+-988.24+-37.44/-431.99/963.64*/--96.18/-334.81+/268.14*-376.21-782.39/-888.85/-27.62--547.42/948.55,-988.24+948.55/(-37.44+-431.99/963.64/-547.42-(179.05*-27.62/(-96.18--888.85/(782.39-(-376.21*(268.14/(-334.81/-292.23)))))))
/-252.98*268.35311.42*+678.55--386.33*792.59*/--+-299.61/254.22*-844.81/762.24+195.5277.12-23.05,678.55*(-252.98/268.35*311.42)+-386.33-23.05-(792.59*118.32*6.09)-(-299.61+254.22/-844.81*762.24/195.52+77.12)
/+115.33/*222.36-946.78--872.43+320.54688.26//582.55-847.99/-685.48**/-426.93/882.7/704.89-180.27,582.55/(349.7/115.33)/(222.36*946.78--872.43-320.54+688.26)/847.99--685.48/-247.62*-426.93/882.7/704.89/-180.27
*-638.17-929.34-185.19/-877.3--934.69-842.96/-723.85+247.07*-675.39667.94--515.46--*539.66+-825.63+-830.4,-638.17*929.34-185.19--877.3/-830.4-(-934.69--825.63+(539.66*(842.96--387.41-(-723.85/-515.46-(247.07+-675.39*667.94)))))
--510.8*-488.77/-831.22*219.02/149.53*872.63/-229.61-813.37/867.64--428.28--382.81/249.89+-820.51--452.59,-510.8--488.77*-831.22/219.02*149.53/872.63/-229.61/813.37-867.64/-428.28--382.81-249.89/-452.59-(-557.36+820.51)
/799.5+757.0+-8.26+389.79-358.69//492.36/994.46/448.37-772.17+966.86-/*373.245.5+-261.876.94,799.5/757.0+-8.26+492.36/(389.79+-358.69)/994.46/448.37/772.17-966.86--908.18-261.8+(373.2*45.5)-76.94
-429.12+24.29*726.62-*+346.14-225.38-141.11/-460.37*273.0/-22.81-726.05/-744.86*580.6--122.05*825.46,429.12-825.46*(24.29+726.62*-428.61-346.14+-122.05-(580.6*(-744.86/(225.38-141.11--460.37/273.0*-22.81/-726.05))))
--77.84*-642.07+-495.66*288.69-66.18*+-445.72-519.04*--25.19+++765.86643.51---812.16/-551.05-222.31*37.4,(-77.84--445.72*(-642.07*-495.66+288.69*-66.18)+-519.04)*-25.19-68.03+-812.16-(765.86+643.51)--551.05/37.4*(-222.31)
/-269.58/-473.32-678.44--183.41/-809.29-274.0+23.6+-35.9*-126.85*998.78/143.83--122.31*-111.74572.18+276.69,-269.58/-473.32/678.44--183.41--809.29/274.0-23.6+-35.9+-126.85*998.78*143.83/-122.31--111.74*276.69+(572.18)
/-182.67+-970.45+344.76--370.31*-355.23-735.37+718.23+-388.5*313.5/768.5+393.7246.01++883.22-136.05/90.39,-182.67/-970.45+344.76+-370.31--355.23*735.37-718.23+-388.5+313.5*883.22/(768.5/393.72+46.01)+90.39/(-136.05)
+878.87+242.15-191.22+--300.08*-721.06*-298.91*185.3*-247.66/-790.59*888.38--401.05--286.35-853.1727.66+676.35,-300.08+(878.87+242.15+-191.22)+-721.06*-298.91*185.3*-247.66*-790.59/888.38*-401.05--286.35-853.1-676.35+(727.66)
+617.82+-240.76/-82.92+-557.69/187.33293.25*/-616.79/**17.96*275.03/*379.64*-524.5--612.99544.18,617.82--240.76+-82.92/524.5-(-616.79*(-557.69+187.33/293.25)/-308.45/17.96*275.03*620.07/379.64)*-612.99-544.18
+-136.7/-795.43--584.35+-570.01-823.21*983.75432.15/*-*909.15/-96.98/52.59260.32-634.67+-965.63*963.21,-136.7+471.18/(-795.43/-584.35--570.01+823.21-983.75*432.15)*909.15*-96.98/52.59+963.21*(-965.63+(634.67-(260.32)))
+771.03+727.79/408.71+-988.63/-762.12/-839.83/182.32-*/-746.0/*/-414.67/-72.99*-284.06+638.92452.13,771.03+727.79+408.71/-988.63+-762.12/-839.83/182.32/159.3--746.0/-99.15/-414.67/-72.99/-284.06*638.92+452.13
/-144.22/200.47--273.77/448.73*-12.25-212.13-285.65/73.73+-341.71-728.28--319.6-78.74//-665.5942.01--549.75,-144.22/200.47/-273.77-448.73/-12.25*-549.75-(212.13-285.65-73.73/-341.71+728.28*-665.59/(-319.6--78.74)/42.01)
--828.03*548.4/-842.99+915.72-273.52-381.67/-945.82970.18*937.98+-674.04--872.27**/221.2-277.15+-300.31,-300.31+(277.15-(-828.03-221.2/(548.4*-740.67*(-842.99/-872.27-(915.72-273.52-381.67--945.82/-674.04+(937.98*(970.18)))))))
+-24.81*372.62*-682.98126.56/*++-342.05*360.62-990.16*197.17+-5.8*100.51+-437.73--650.5+-82.95-407.2,-356.76/(-24.81+372.62*-682.98*126.56)*-342.05+360.62*990.16-197.17*-5.8+100.51*-437.73+-650.5--82.95+-407.2
-179.3+779.45--974.15*-795.46--658.15+667.79--15.02/-452.51*-22.58304.77*333.81+321.23+-721.44/659.65/-516.93,179.3-779.45+-516.93/(-974.15--795.46*659.65/(-658.15--721.44-(321.23+(667.79+-15.02--452.51/333.81*(-22.58*304.77)))))
+649.77*-53.73+-59.49*-+-113.73+-456.27*-482.83/566.1--307.91-926.26*+*/-565.22-805.76-285.31*24.85,649.77+-53.73*-59.49+-617.03*-113.73+-456.27+-482.83*566.1/34.33*(-307.91--926.26)+24.85*(-565.22/805.76--285.31)
*+*-545.0/-556.6--578.94*-134.1-640.11/-756.26*68.32+-642.57/451.84-931.25+784.12+330.66-198.59-760.48,14.93*-545.0*-556.6+-578.94-756.26-(-134.1*-640.11)/68.32*760.48-(-642.57+451.84/931.25-784.12+330.66+-198.59)
*-229.4+-961.52+-46.1/501.45--837.41--557.77*566.96/739.66/-934.75/643.12/-357.54+43.05-371.73--501.85/676.9,-229.4*-961.52+-46.1+501.45/-837.41--557.77-566.96*676.9/(739.66/-501.85-(-934.75/643.12/-357.54/43.05+-371.73))
-223.31--811.81+-667.16*-616.66-91.87656.26+-348.15--388.09/-330.58-10.13/632.87-453.9/-784.42--778.67-284.49,223.31--811.81--667.16+-616.66*348.15*(91.87-656.26)--388.09--330.58/784.42/(10.13-632.87/-453.9)--778.67--284.49
--711.5-465.76-549.2/--282.15*-841.87*90.57/731.82*-483.81/685.28--361.81+-459.4-727.96*799.33--798.04/135.08,-711.5-135.08/(465.76--549.2)/(-282.15--841.87*90.57*731.82/-483.81*685.28/-798.04*(-361.81--459.4+-727.96)*(799.33))
/*/-237.75/317.84*-911.49-/83.03/--563.4--213.63*610.31--266.45+400.99*686.45245.16*-412.85+-930.1,461.4/-930.1+(-237.75/317.84/-563.4/(-911.49*-346.5-83.03)--213.63--412.85*(610.31*-266.45-400.99+686.45*245.16))
+-339.28--177.52*417.46/648.48+374.71+356.35//*-723.59902.38/--292.01+-635.39/-440.99-386.06/181.98--213.23,-339.28+-177.52-417.46*-292.01-(648.48/374.71+356.35+613.73/-723.59*902.38)/-635.39/-440.99/-213.23-(181.98/(-386.06))
+982.82*629.99*-550.11900.6*+208.03+216.41*982.95954.15/+-849.74+-854.77+-409.88/-80.39-322.43/342.05/443.56,(982.82+629.99*-849.74/(208.03+(-550.11*900.6)*216.41+982.95*954.15)--854.77+-409.88+443.56/(342.05/(-80.39/-322.43)))
*617.8*-658.52/-613.78+-847.6*333.7/893.67+622.82+-796.64-491.95+--668.38+855.47*659.38*340.11639.43*-726.6,617.8*-658.52*-613.78/-847.6+333.7*893.67/-668.38+(622.82+-796.64+-491.95)-855.47+659.38*-726.6*(340.11*639.43)
--813.12+39.05--573.55+772.85/-12.72-185.34*/-651.35/-930.91**--268.81-539.61/536.74615.48+808.76--48.57,-813.12-39.05+-573.55--48.57-(772.85+-651.35*(-12.72/-185.34)/-930.91/808.76+(32.69*-268.81-539.61-536.74/615.48))
/604.68*137.57+551.68--214.16/-763.4*15.72+-274.62-806.43*-974.89/671.96*532.16-886.37*494.73578.54*326.07,604.68/137.57*551.68+-214.16--763.4/15.72*-274.62+806.43--974.89*326.07*(671.96/532.16*886.37-494.73*578.54)
/-249.89+89.65/-952.27/-106.85/-852.16+-862.05*-17.82*506.84583.9-/-331.57+-997.94+105.42108.46*61.27--340.17,-249.89/-340.17-(89.65+-952.27/-106.85*-852.16/-862.05+-17.82*506.84*583.9)-(61.27*(-331.57/-997.94+105.42+108.46))
--300.98/196.56*-585.95*213.93+-544.71/-636.86--219.13/-34.2+351.71-513.58-670.19-760.73/980.27/-936.95--918.4,-300.98-196.56/-585.95+213.93*-544.71+-636.86/-219.13--918.4-(-936.95/(980.27-(-34.2/351.71+513.58-760.73-(-670.19))))
*-884.36--884.85--203.78-928.42+-787.73-87.75+826.43-/*909.67-869.28*-500.36996.81*+235.61*-557.29479.47,(-884.36*-884.85--203.78-928.42--787.73+87.75-826.43+166.22-500.36-(909.67*-869.28)*996.81)*235.61+-557.29*479.47
*-740.23*914.77--40.93-839.46/320.89-281.17507.99+--91.23-104.96-+-/676.28*144.26-887.54+-414.45--962.93,-740.23*-962.93-(914.77*-414.45+(-40.93--336.11-(839.46--91.23-(320.89/281.17-507.99)*-104.96)+676.28/144.26*-887.54))
+-506.38--88.72-702.15+835.22/92.47/556.7*-591.75/-305.67*-952.59/+-490.27/-546.77-385.37*-622.36*873.29,-506.38+-88.72-702.15-835.22+92.47/873.29*(556.7/-591.75*-305.67/-952.59*100.45/-622.36*(490.27--546.77/-385.37))
--55.82-741.47/-686.33--884.52/676.3/-184.92-249.55833.85*835.64+-872.16/350.67/-888.66/232.74--714.72*864.15,(-55.82-864.15*(-714.72-(232.74/(741.47--888.66/(-686.33/350.67/(-872.16+(-884.52-676.3/-184.92/835.64*(249.55-833.85))))))))
/-151.82-856.47/-261.75*-717.85-*952.3**-+176.27+-420.99--361.57*312.91+728.29*-804.35678.09-408.18,-151.82/856.47-408.18-(-261.75/-423.61*(-717.85*773.1-952.3)*176.27+-420.99+-361.57-312.91*728.29*-804.35*678.09)
*-358.68+165.49+-366.91-28.23+-257.27**+-105.51+743.8618.52-+972.8/846.69*264.17+430.3366.89*205.01,-358.68*165.49+-366.91+28.23--257.27+833.75*-105.51+972.8-(743.8+618.52)+846.69/264.17*430.33+205.01*(66.89)
*-34.52-686.61//+-417.3247.83/*808.27*545.19--581.35*-29.59*-366.34-888.28+413.12*-44.62/90.29*142.0,(-34.52*808.27/(-417.32/(686.61--744.71)+47.83)*142.0*(90.29/(-44.62*(545.19*-581.35--29.59*413.12+(-366.34*-888.28)))))
/84.95-386.7+--388.56/869.35*479.84+-414.1+-118.46//--410.05+448.52*-878.84*549.29--76.92+-315.36-774.22,(84.95/-386.7)+-388.56-869.35/479.84*-414.1+-118.46+-211.68/-410.05-448.52+-878.84*549.29*-76.92--315.36+-774.22
-816.15--553.19/-728.79/11.55/999.38-337.14+92.62+-966.05960.64/*200.86--557.91*855.3775.98+++201.79,816.15--553.19--728.79/201.79+(11.55/200.86/(999.38/337.14-92.62+-966.05+960.64)*-557.91-855.37*-755.48+(75.98))
--463.02/798.95*-875.11/245.18/-712.52*959.73-/-853.04*-520.46-282.99+299.01451.81+-29.71+-981.1+562.99,-463.02-798.95/-875.11+245.18/562.99+(-712.52/-981.1+(959.73*1.22--29.71+(853.04--520.46*282.99-299.01+451.81)))
*-536.91-454.29*691.64134.75*/684.13-574.08-*+471.48+139.22-336.77++-384.74*-92.47--693.7-643.45-225.07,-536.91*-384.74*(684.13*(454.29-691.64*134.75)/574.08*-733.71)+(471.48+139.22+-336.77)+-92.47*225.07-(-693.7--643.45)
*+/-595.08-158.4*/686.16+-358.85+-308.67-796.87-531.96--547.34-178.09*-813.58*-957.64-889.81*-308.16-617.98,686.16*(-226.93*-595.08/-158.4)/547.34-(-358.85+-308.67+796.87--531.96)-178.09--813.58*-957.64*889.81--308.16*-617.98
/-316.91/-615.45+-167.43--761.19*-193.78+785.59+-655.8-498.54/--788.59*224.56--960.74-136.49-874.29*-969.28//,-316.91/-615.45/-167.43+-788.59-(-761.19--193.78*785.59+-655.8/-498.54)/224.56*-533.65/(-969.28*(-960.74-874.29-(-136.49)))
--880.97+467.54*3.94*541.37+508.93-266.73/+-122.99-901.87++772.71/130.19-889.7-599.75*-767.08-887.0-922.03,-880.97-467.54+772.71+(3.94*-122.99/(541.37*508.93+-266.73)+-901.87)+130.19/889.7-599.75--767.08*887.0--922.03
/-820.2--777.1-952.15*811.42+538.64*474.8/39.65*400.62+-585.05-++692.27--518.19/-515.92*-414.83-373.29,-820.2/-777.1-952.15-811.42*538.64+474.8*39.65/400.62*-585.05+405.76-692.27+-518.19--515.92/-414.83*-373.29
+466.38321.95/-973.33*-593.43206.97+*693.89535.86++-687.31-99.96/-*-504.15*-671.78+612.35+-927.36833.19,(-687.31/(466.38+321.95)+(973.33--593.43*206.97)+(693.89*535.86)+-99.96)/-861.86-504.15--671.78-612.35+-927.36+833.19
*-515.52/-422.19+-424.72/-235.62879.74/+-555.61-87.55*659.52-59.79+-924.87*572.49*-651.2+-557.02-148.92/461.58,-515.52*-422.19/-555.61/(-424.72+-235.62/879.74)+87.55-659.52*59.79--924.87+572.49*-651.2*461.58/(-557.02+-148.92)
-389.97--783.5*210.41+926.59*-473.81--811.83-/-363.58----89.98+416.44*-746.72/841.08*987.31201.48,389.97--783.5-210.41*926.59+-473.81*-811.83-260.35-363.58--241.0--89.98-416.44+-746.72*841.08/987.31*201.48
*623.16+327.98-589.62/655.03/952.58653.15---636.24--196.37-/+105.57+-35.65*789.65+/-766.11/980.88,105.57/(-636.24-(623.16*327.98+589.62-655.03/952.58/653.15)--196.37-443.42)+-35.65+789.65*283.06+980.88/(-766.11)
+-990.67*-672.65/937.88--332.83--904.14-677.94*/488.55-26.72*962.78-526.84/-382.88-557.39+-52.07*-951.81+851.86,-990.67+-672.65*488.55*(937.88/-332.83--904.14--677.94)/851.86+(-951.81*(26.72-962.78*526.84--52.07+(-382.88/-557.39)))
*242.58-238.36*--780.26*922.6--564.45/-*-150.33*581.65/-301.56*21.42--339.98368.83/*-963.11502.48+-149.39,-780.26-(242.58*-238.36)*-149.39+(922.6*-564.45--963.11/(-782.6/-150.33*581.65*-301.56+21.42*-339.98-368.83)*502.48)
--195.11/-599.22+-473.1+-782.44176.43//173.62+-370.04*740.35/51.9+-502.04+-87.01+-540.47/-649.94+777.5999.42,(-195.11--599.22/-473.1+-782.44+176.43)/173.62/-370.04+740.35*51.9+-502.04+-87.01--540.47+-649.94/777.5+999.42
/-850.37-457.0278.69--490.2*181.88/-316.69-446.83/--658.93+194.05+-949.84/-938.13*-22.47-126.8--448.43+-923.04,(-850.37/457.0+278.69)-(-490.2/181.88*-316.69/-446.83)/658.93-194.05+-923.04+(-949.84+-448.43-(-938.13/-22.47*-126.8))
--881.21*608.79-547.08---568.98*-986.49+-581.85*-936.8--548.42--884.2*/*564.24-324.84/+-24.39*+-36.69,-881.21--568.98-(608.79/-547.08)--986.49*-581.85+-936.8*-548.42--36.69+(-884.2--639.71*-24.39/(564.24*-324.84)+-121.36)
/660.16/485.1*288.18*371.83-591.86*403.25-615.12*+338.6/-377.8-634.24/-699.69*705.6+430.25627.33--308.24,660.16/485.1/288.18*371.83*338.6+(591.86-403.25*-615.12)*699.69-(-377.8/-634.24)/-308.24-(705.6*430.25+627.33)
/-873.07+-221.36*-136.55+-572.92-692.59*-949.0*-85.5560.42--//-364.24-72.07/24.38/719.25/361.57809.75,-117.17-(-873.07/-221.36+-136.55*-572.92+692.59--949.0*-85.55*60.42)--364.24/72.07-24.38/719.25/361.57/809.75
+-779.25--748.26/-706.45///-64.34/-767.39/574.63+-191.95*822.84*-180.69*-69.03-475.12*-689.89-220.91*-212.53,(-64.34/(-779.25+-748.26--706.45/733.32)/-767.39/574.63/-191.95+822.84*-212.53*(-180.69*689.89*(-69.03*-475.12)*-220.91))
+-499.56+-407.78*-261.09*-229.7/-917.52*-570.78-61.05*787.84*92.15//+-376.71*883.42-132.95/-590.76--817.81,-499.56+-407.78+-261.09*-229.7*-917.52/-570.78*-817.81-(-590.76/(61.05-787.84*92.15-342.98/-376.71+883.42*-132.95))
+223.76-335.35+19.66/599.28/-971.49+-556.58-93.12*-375.23*-139.2/928.5-512.81*778.33--79.41306.89--26.43,223.76+335.35-19.66+599.28/-971.49/-556.58+93.12--375.23*-139.2*928.5/-26.43*(512.81-778.33*-79.41-306.89)
--309.66/-712.18-*+882.7+932.72-231.84*+-884.58+838.97/-235.3+-69.22/825.06-851.78-279.74144.72--149.52,-309.66--884.58*(-712.18/-974.71)+(882.7+932.72+-231.84)*838.97+-149.52-(-235.3/-69.22+825.06/851.78-279.74-144.72)
-210.08*708.64/699.22--720.48/+--785.69+717.81/-674.18-*-150.76-808.14*337.83553.94995.86/+-427.29,210.08-708.64*699.22/-720.48--194.03/-785.69-717.81+-674.18/-323.62--427.29+(150.76-808.14-337.83/553.94)/(995.86)
+535.34349.44--156.72/446.02+880.04--866.4/-932.32*691.37637.86--499.9/350.69+120.82+364.98+833.47--602.37,(535.34+349.44)-156.72-446.02/-602.37-(833.47+(364.98+(880.04+120.82+(-866.4--932.32/350.69/(-499.9-(691.37*637.86))))))
+479.98/341.2*791.19/-338.1/835.55*-981.26*-613.88857.29*/++203.89/-588.05*374.23+-730.65--546.59-129.81,479.98+341.2-791.19*-338.1/835.55/-981.26*138.58*(-613.88*857.29)/203.89+-588.05/374.23*-730.65+-546.59--129.81
/-204.2/-885.47*490.28--918.87-713.98*+-457.78*539.93+-269.65--438.97+-921.07-818.34/-396.44/-201.47999.74-345.72,(-204.2/-885.47/490.28*-918.87--713.98)*396.44-(-457.78+539.93*-269.65+-438.97--921.07+-818.34)/345.72-(-201.47/999.74)
/104.78*-148.77*-863.71/315.85980.17/*-289.53+-195.68+-949.35*-869.11+-749.26--812.37-84.25/2.41+-247.68-920.35,(920.35-(104.78/-247.68+(-148.77*2.41/(-863.71*315.85/980.17)/(-289.53--195.68+-949.35+-869.11*-749.26+-812.37--84.25))))
+562.16*409.22/1.48+309.15--1.81+534.78+-531.31/-551.68/-772.36/-234.08-944.47/287.12/210.25/418.99+136.29,562.16+136.29+(409.22*1.48/309.15+-1.81-534.78+418.99/(-531.31+210.25/(-551.68/-772.36/287.12/(-234.08/-944.47))))
/463.92*798.32*834.66702.85/*-65.09+-109.14*730.99--683.91--936.69162.89/+743.21-995.83*-794.4-100.89-39.81,794.4/(463.92/798.32*834.66*702.85)*(-65.09*-109.14+730.99*743.21+(-683.91--936.69+162.89)/-995.83)-100.89--39.81
-286.85/-742.57*180.57--917.25*-+-64.21--440.48/122.836.92/-775.05+-691.4*/-335.59**-375.2344.93,-375.23*(286.85--742.57/775.05/(180.57*-917.25--712.74*-64.21+-440.48-122.83/6.92)--691.4+509.03*-335.59)*44.93
//+-648.16--984.26/503.22/-790.65/-696.89-344.16*--101.1*931.29-237.13-+69.7*-350.5-381.17+820.93-611.45,-867.52/-648.16+611.45-(820.93+(69.7-(-984.26-503.22/-790.65/-101.1-(-696.89/-344.16)*931.29*-237.13)+-350.5*-381.17))
-388.97+105.16/-837.54/-959.3+348.17+676.92*-891.27*66.93+-236.03*-57.86--942.74*-181.34-562.24/-212.84+265.21,265.21*(388.97-105.16+-837.54/-959.3/348.17+676.92+-891.27*66.93*-236.03+-57.86*-212.84/(-942.74--181.34*-562.24))
/-932.0/29.49--816.25*-511.6*-2.21/873.46+-284.32+9.06+-387.66-612.77*+665.19+**302.51740.44*566.37,(665.19*(-932.0/29.49/-816.25--511.6*-2.21*873.46/-284.32+9.06+-387.66+-612.77)+545.34+302.51*740.44)*566.37
-750.16+-155.13/207.09+/+-0.5792.79+--746.28-551.78-139.86-516.05*/-487.05/17.19*-664.86-939.3*-524.52,750.16--155.13+207.09/238.18+-487.05*(-746.28+(-0.5+792.79)-551.78-139.86--516.05)/17.19/-524.52*(-664.86*-939.3)
--355.88/-44.57-975.66*510.73/153.98*-278.3-495.21--31.78*-614.07+-728.19*62.38--983.39+-892.83+-745.02,-355.88--44.57/975.66-510.73*153.98/-278.3*495.21--31.78--614.07*-728.19+62.38*-983.39--892.83/745.02-(-858.85)
/486.26-684.53*--437.37/636.83--767.18+-444.84+-938.74*-470.97+624.31*870.4*-13.95++/82.43+-483.55-743.32,(486.26/-684.53)*-437.37-636.83/-767.18--444.84+-938.74+-470.97*624.31+870.4*-13.95*-894.29+82.43/-483.55+-743.32
/969.22-388.22-386.37+-178.66-550.55+456.16--981.56+-276.99+-253.1*43.48/980.07*314.31*-969.25319.89*/,969.22/388.22-386.37--178.66+550.55-456.16+-981.56--276.99+-253.1+-707.72*(43.48*980.07/314.31*-969.25*319.89)
*682.2/242.56/807.37+-989.82+-/-39.7/-282.36/182.67*-259.08*672.34/45.18/-*3.11831.49/468.62,682.2*242.56/807.37/-989.82+-568.24+-39.7/-282.36/182.67/-259.08*468.62/(672.34*45.18/-460.71/3.11*831.49)
*155.55+581.19/-105.45+-732.55-280.02/--780.17-274.35+-241.35/13.59--204.98*624.26*-351.91/645.31--236.9515.52,-780.17/(155.55*581.19+-105.45*-732.55+-280.02)-274.35--241.35+13.59/-204.98-624.26*-351.91*645.31/-236.9-515.52
-158.45+-114.68*472.81/516.11+-553.58-597.02*+-36.42+856.88+511.57--375.92+56.77*-543.82/-986.25-251.92-915.94,158.45--114.68+472.81*-36.42*(516.11/-553.58+-597.02)+856.88+511.57+-375.92-56.77+-543.82*-986.25/915.94-(-251.92)
*-226.55/631.59*964.69+-662.45/140.12+-877.4*-*772.1/992.87-386.62+511.0495.23+680.26+-694.0+301.51,301.51+(-226.55*631.59/-694.0+(964.69*-662.45+140.12/-877.4+466.59*772.1*992.87/386.62-511.04+680.26+(95.23)))
*148.74+29.8/-163.31*-/-722.53//+452.69/-282.54/757.48--829.67*-2.1-420.44**-586.39+929.12-667.98,(148.74*29.8+-163.31/-0.43*-722.53/-954.41/-586.39*(452.69+-282.54-757.48/-829.67--2.1*-420.44)*929.12+-667.98)
+-860.92+-334.63+-192.1--825.18*-332.94/-993.22*135.8*-561.43/634.78*74.2+-819.79*750.13*553.42--289.7528.48,-860.92+-334.63+-192.1+-825.18--332.94*-993.22/135.8*-561.43*634.78/74.2*-819.79+750.13*553.42*-289.75-28.48
-397.8/767.81-/*35.7-708.55/-446.32--445.0541.3-+650.43--133.14--682.9+362.01*304.4529.06+73.8,(397.8-767.81/446.32/(-987.59-35.7*-708.55)*-445.05-41.3)-650.43+-133.14--682.9-73.8+(362.01+304.45*29.06)
/914.73/688.12+591.69*823.21--592.16-324.86*468.84+-809.49+-801.93/-401.19-859.95+-278.24-711.65/702.85--90.02,914.73/688.12/591.69+823.21--592.16-324.86*468.84*-90.02-(-809.49+-801.93+702.85/(-401.19/859.95--278.24+-711.65))
/-182.06/472.21+-981.46+-507.99*965.26+-686.81/-917.44+-264.09/233.88/-199.67-210.57*678.11--385.14/-175.47/-881.92,-182.06/472.21/-981.46+-881.92/(-175.47/(-507.99+965.26*-686.81+-917.44+-264.09+233.88/-385.14-(678.11*(-199.67/-210.57))))
+721.58+-374.64/737.96+296.34--977.96+-34.07*701.5233.27*/-468.25--487.81*-347.19*-351.72-932.66+*-636.01,-468.25*(721.58+-374.64+737.96/296.34+-977.96--34.07+701.52*33.27)/-487.81--347.19*-351.72*932.66-735.38+-636.01
*-359.03/-778.68/593.27*793.3/205.76+667.74-415.84-20.88+--101.74-731.77*+-300.25/-272.23--954.65*244.53-753.37,-359.03*-778.68/593.27/793.3*-300.25*(-101.74+(205.76/667.74+415.84--20.88)--731.77)+-272.23/-954.65-244.53*-753.37
*497.18*81.46--12.61+355.5*-115.91-206.11/*597.23--602.21//-468.59/237.2+323.6778.2*-337.55*956.02,497.18*81.46*-12.61-956.02*(597.23/(355.5+-115.91*-206.11)*-468.59/(730.22-602.21)/237.2/323.6+-337.55*(778.2))
*-656.6+-996.84*165.03-767.18-598.25--276.91+-117.78--256.2--128.91--586.38+760.99/726.12*275.76+-570.24725.35,-656.6--996.84+165.03*767.18-598.25--276.91--117.78+-256.2--128.91--586.38-760.99+726.12/275.76*-570.24+725.35
*-267.26+212.42/-367.63/-437.7+768.78-854.73*+104.42--522.38+-997.76*-926.03*-685.17233.2--549.54*-923.05*349.6,-267.26*349.6*(212.42+-923.05*(-549.54-(-367.63+-437.7/104.42*(768.78+-854.73)+-522.38--997.76+-926.03*-685.17*233.2)))
/-696.13764.06**-977.2+-88.51-989.68-220.68/--660.45-854.37-*799.77*229.17555.97++-408.77-703.32/-992.98--762.27,-762.27*(-696.13/764.06)-(-660.45/(-977.2*-88.51+989.68/-220.68)--854.37)+(799.77*229.17*555.97)-(-408.77+-992.98/(-703.32))
*305.9/-4.51-504.61/*-803.18/-905.86/-19.25--47.64+-361.49-694.04*689.96-924.7759.29*835.4*887.75*-215.4,(-803.18/(305.9*-4.51/-504.61)*-215.4*(-905.86/887.75*(-19.25/-47.64-835.4*(-361.49+694.04*689.96*924.77-59.29))))
--771.45*994.35+-340.29--958.73+-902.2+-847.85+-536.05+160.25/509.64+680.14+199.13163.51-+*-837.36--111.66,(-771.45-994.35*-340.29+-958.73--902.2+-847.85+-111.66-(-536.05*160.25+509.64/680.14+-621.66-(199.13+163.51)+-837.36))
*850.72+726.91-685.9--711.48*933.76--432.15/-404.13-862.27+-105.32*349.76-456.24/--755.32+596.66/-640.97-873.93,850.72*726.91+685.9--711.48-933.76/-432.15--404.13/862.27--105.32+-755.32/(349.76*-456.24)-596.66+-640.97/-873.93
/594.43-12.29--919.13+-681.99--483.06*171.27/-532.55/552.82/238.87/-549.05-/646.18*--293.23-788.03+-157.19,594.43/12.29--919.13--681.99/-483.06-171.27*-532.55/552.82/238.87/-549.05/-157.19+(-293.23*(221.19-646.18)--788.03)
*-316.06/-214.57215.06-184.21807.23/-*-608.45/-988.91+200.13-916.33*903.31890.0//-15.13627.09--436.38+-123.4,(-316.06*-214.57/215.06)/(184.21-807.23)--608.45*-988.91/-123.4-(-15.13/(200.13+916.33-903.31+890.0)/627.09)+(-436.38)
-189.41--131.15-422.74+780.1+111.94525.6/+-529.99+-144.97*-204.65*21.5--344.88/-291.55--586.03*346.72-296.67,189.41--131.15-422.74-780.1+-529.99/(111.94+525.6)+-144.97+-204.65+21.5*-344.88--291.55/-586.03-346.72*-296.67
-+*777.99+24.26--724.68+215.85+128.3/-611.67-628.56--597.7*/--93.6/-185.68+354.11+238.36-423.83,-201.37-777.99*24.26+-724.68-597.7-(215.85+128.3+-611.67/-628.56)-957.66*-93.6--185.68/354.11+238.36+-423.83
-571.31/801.57-442.97*103.32-703.48*-+-55.14+-194.29-211.59/-764.57/578.92-296.08//-620.78/78.54-+-639.18,764.57-(-55.14-(571.31-801.57/-442.97)*(103.32*-703.48)+-194.29+-211.59)/-639.18+(-620.78/(578.92/-296.08)/78.54/101.65)
+-509.79/+*-59.33/420.98959.71//-943.54/564.62*-474.12+116.71-928.71*-459.52/-961.38-726.38+878.63780.43,-509.79+-943.54/(-547.49/-59.33*420.98/959.71)/564.62/-474.12*116.71+928.71--459.52*-961.38/726.38-878.63+780.43
*552.1+508.84+-454.86--872.91+-137.99*303.92+146.66*213.53-329.62+263.31583.47*--843.28/-282.23*485.26-875.03,552.1*508.84+-454.86+-872.91--137.99+-843.28*(303.92*146.66+213.53*329.62-263.31+583.47)--282.23+485.26*-875.03
+-940.2/444.95/294.18*558.94117.02+-435.82/-953.92+-812.95--542.94+-853.94/-441.1-44.94/--351.7*-401.51,-401.51*(-940.2+444.95/-351.7-(294.18/558.94*117.02)/(44.94-(-435.82+-953.92/-812.95+-542.94*-452.58+-441.1/(853.94))))
/-749.48-743.89-470.7*740.62*872.1--*42.37-41.04+-874.3*328.26*560.48/802.47-381.23-292.12--938.53+,(-749.48/-743.89)+(470.7-740.62*872.1*874.3+(-184.69-42.37*-41.04)--938.53-(328.26*560.48*802.47/381.23--292.12))
*-307.94/-134.44*239.07/349.14*869.66--524.99/79.58/964.95-382.14/-483.6/-349.53+506.12/-723.61--697.37476.5,-307.94*-134.44/239.07*349.14/869.66*-524.99-79.58/964.95/382.14--483.6/-349.53/506.12+-723.61/-697.37-476.5
/-191.62-360.6*+-797.73--120.65*-493.85*-540.18*-189.46--36.23/-318.32293.49/+252.0+-792.93+173.35276.21*-706.73,-797.73*(-191.62/-360.6)+-120.65--493.85*-540.18*-189.46*-36.23--706.73/(-318.32/293.49)*(252.0+-792.93+173.35/276.21)
/-450.79+**-720.89*-26.66*-624.61*/605.26//-474.21*93.92+-460.4*977.67491.42/-376.57+-463.63191.91,-450.79/-620.07+-720.89*-26.66*-624.61*-474.21/(759.06*605.26)/376.57/(93.92*-460.4+977.67*491.42)--463.63+191.91
+250.7+-116.14/-977.1--49.65--108.8-812.78*-529.07///-122.53+-160.17--909.0/-898.02/-122.21-257.32/-422.59,250.7+-116.14+-977.1/-49.65--108.8-812.78--529.07*516.77/-122.53/-160.17+-909.0--898.02/-122.21/-422.59/(-257.32)
/688.25***-678.94/516.71/-312.6-935.21*+396.87/281.0/497.7*-773.45*-214.83664.93-911.08/-344.54/-8.71,688.25/-399.39*-678.94*516.71/396.87*(-312.6--935.21)+281.0/-8.71/(-344.54/(497.7/911.08+(-773.45*-214.83*664.93)))
/404.35*505.96*-91.0/-882.25*182.6509.85---956.25--611.14-771.16*+986.23*561.92+724.9-883.74+477.17--898.02,-898.02-(477.17+(986.23+(-956.25-(404.35/505.96*-91.0*-882.25/182.6*509.85)--611.14--771.16)*561.92+724.9+-883.74))
--156.62*-955.26+286.64/-316.58-577.34--447.52+343.63--376.52*191.05+-730.59/-421.47--217.37+-816.76893.59+-321.83,-156.62--955.26*286.64+-316.58+577.34--447.52-343.63+-376.52-191.05*-730.59+-421.47/-217.37--816.76+-321.83+(893.59)
*-880.89--413.27*-17.89/48.54*896.76+-387.110.11*+-848.87/375.22-113.65--190.53/502.6-689.68**302.01869.16,-880.89*-413.27--17.89*48.54/-848.87+(896.76*-387.11+0.11)*375.22/113.65-302.01*(-190.53-502.6/-689.68)*869.16
+949.5-141.45+208.51--857.37*-319.33+892.3+-129.48*//-628.08/502.65*197.23+-331.35-7.77--518.26/187.79,949.5+141.45-208.51+187.79/(-857.37--628.08/(-319.33*892.3+-129.48+-215.56)/502.65/197.23*-518.26-(-331.35+-7.77))
+17.42-*--978.1469.55*-268.79*-290.11+-613.95/+611.12**+-613.32+-987.27/-845.61741.57/542.25*-26.63,(-613.32+(17.42+-669.95--978.1-469.55)*(-268.79*-290.11*-613.95+-325.2/611.12)*-26.63*(-987.27+542.25/(-845.61/741.57)))
--512.04*532.08+-403.42*-500.99--821.05//+15.08/481.86*415.08+-582.07-748.46*+130.44-761.31*420.19-144.09,-512.04-532.08*130.44/(-403.42+15.08/(-500.99*-821.05-54.12)+481.86/415.08*-582.07+-748.46)+761.31-420.19*-144.09
*-439.8/89.73/-120.04-*/-239.33/-258.64*478.08--226.03*292.64867.66/825.02--28.03*134.93-219.77*-191.79,-439.8*89.73/-120.04/-191.79*(855.48-219.77-(134.93*(-239.33/-258.64/-28.03*(478.08*-226.03-825.02/(292.64*867.66)))))
-57.03+-930.2+41.24-983.72/232.81+104.49-452.66---971.54900.53//-652.09-*/-794.33*-905.7+-390.63827.98,57.03--652.09/(-930.2+-971.54-(41.24+983.72-232.81/104.49+-452.66)-900.53)/-289.89--794.33/-905.7/-390.63+827.98
-613.59*-32.4*577.74+/+-749.9*+/-759.72*-424.36/871.2*-935.14+**-371.19335.82+716.37-578.67,613.59--32.4*577.74*461.44+-749.9+426.7*-759.72/-424.36*871.2/-935.14*-925.87+-371.19*578.67-(716.37+(335.82))
*-939.57/88.71*622.73+-444.49/202.49*780.78-42.36/-145.62*-854.62*-324.47--921.41/-103.14-180.82-311.04--540.38,-939.57*88.71+622.73*-444.49+202.49/780.78*42.36--145.62/-854.62*-324.47*-540.38-(-921.41--103.14/311.04-(-180.82))
/-803.27*-73.1-301.09/-128.61-232.21*-830.26*-+-474.71+65.84131.41/+567.28+//-248.1650.19--706.51,-803.27/-73.1*301.09--128.61/232.21--830.26*-140.7*-474.71+567.28+(65.84+131.41)/-236.3+-706.51-(-248.16/50.19)
+-945.92-12.29*-770.04*-857.68*66.55-28.3-625.93*-819.34+-788.72/815.77-530.12++899.24/-479.8-986.88/-333.33,-945.92+12.29--770.04*899.24+(-857.68*66.55*28.3-625.93--819.34*-788.72+815.77/-530.12)+-333.33-(-479.8/-986.88)
*768.46*366.99*206.07/-448.17*785.9--458.63*149.8*-560.78-156.03-872.22/739.49/232.32+-332.74--831.06-287.04,768.46*366.99*206.07*-448.17/785.9*-458.63-149.8*-560.78*156.03-872.22-739.49/232.32/-332.74+-831.06+-287.04
/826.58+63.15*-673.41-*/381.19480.14/--958.8/-550.76486.94*--796.73*-346.5-/-127.96--791.88/-250.78,-250.78*(826.58/63.15+-958.8-(-673.41*776.45-381.19/480.14)/-550.76/486.94)/(-791.88-(-127.96/(-796.73--346.5*-416.57)))
-294.04--976.9/-388.31**--808.36+//552.58*-850.64--818.76+140.29-644.81+840.99+489.4886.53*-485.3,294.04--976.9--388.31/771.61*-808.36-737.27+552.58/-850.64*-818.76-140.29+644.81--485.3*(840.99+489.48+86.53)
-874.68+545.59+-435.73/518.52677.73+/899.63*759.68*-968.86+-6.62*52.3-974.64/-+450.93*/956.94618.06,(874.68-545.59+-697.16+(-435.73+518.52/677.73)-(899.63/759.68*-968.86*-6.62+52.3*-974.64)/450.93)*956.94/618.06
--371.08+924.61-68.85//+-782.83*314.53*654.22+-628.88/817.3/-669.83-250.39/-437.81154.66/216.27-183.44,-371.08--782.83+(924.61+68.85-135.94)/314.53*654.22*-628.88+817.3/-669.83/183.44-(250.39-216.27/(-437.81-154.66))
*-557.36/167.21/**-797.77*-377.33/-772.49-574.69*-608.67250.93*--605.92/-315.34184.97*+622.93+135.32-539.4,-557.36*167.21*-950.34/-605.92-(-797.77*-377.33*-772.49/574.69--608.67*250.93)/622.93+(-315.34/184.97)*135.32+-539.4
/441.54*/--176.45-218.6-23.4/+-766.33/-396.9+304.57/-238.62+210.1786.22*+-964.68/-207.19-667.92/,(441.54/-766.33+(854.87*-176.45-218.6--23.4)/-396.9/304.57+-238.62/210.17+86.22)/(-884.34*667.92-(-207.19/(-964.68)))
+410.71*953.87-373.86+-850.18/501.79/-127.46--735.62/833.35*-833.6*-603.36*-756.16+112.88*222.65690.04*-138.42,410.71+953.87*373.86--850.18+-138.42*(501.79/-127.46/-735.62-833.35/-833.6*-603.36*-756.16*112.88+222.65*690.04)
+-859.97/939.68*313.61*-416.6--775.21-646.62+-432.01--895.23458.97/+-182.26--659.39*185.67--123.92-444.45+-881.48,-859.97+939.68/313.61*-182.26/(-416.6*-775.21-646.62+-432.01/-895.23-458.97)+-659.39--881.48+(185.67*-123.92--444.45)
-136.37-794.45-446.79+-431.35411.96//984.23424.04*+2.3*369.06121.28**+*-954.61-255.43*-268.46*-923.58,136.37-794.45--923.58*(446.79-20.1*(2.3/(-431.35+411.96)+(984.23/424.04)*369.06*121.28)*-268.46*(-954.61*-255.43))
-*/-161.3*382.53/-363.4+-398.62-31.0/+-676.87/35.34/858.23/-341.01--175.04*-233.04*-435.94754.16--707.4,812.29--161.3/382.53*-363.4/-676.87+(-398.62+-31.0)/35.34/858.23/-341.01/-175.04--707.4-(-233.04*-435.94*754.16)
/-965.36*-60.67+749.9+-197.34--42.8*974.59*-762.06+875.86440.73/-495.33/-95.27+422.8--673.0-860.84--650.72,-965.36/-60.67*749.9+-197.34+-42.8-974.59*-762.06*495.33-(875.86+440.73)/-95.27/422.8+-650.72-(-673.0--860.84)
*/469.53//-227.26-238.31/-786.25+-919.34+422.01*-310.29*560.77+-760.49/-111.26*352.48-451.02*384.81*540.99,-227.26/(390.91*469.53)/238.31--786.25/-919.34+422.01+540.99*(-310.29*560.77*-760.49+-111.26/352.48+-451.02)*(384.81)
/++-661.46*-334.63+-653.54-817.52+-115.11//+-309.79-811.54+168.79-608.54+878.17*493.37+-925.29315.39,466.22/-661.46+-334.63*-653.54+817.52--115.11+50.76/-309.79+811.54-168.79+608.54-878.17+493.37*-925.29+315.39
+959.31/887.6-863.11+783.73+686.73+17.36-592.11--135.27/24.84*-774.69+-579.4466.75/961.22/982.46/*,959.31+887.6/863.11-783.73+686.73+17.36+328.87/(592.11--135.27-982.46/(24.84/-774.69*961.22-(-579.4+466.75)))
*686.27--509.39*991.51+-502.24*-551.81-172.14-*486.17+-264.39/-781.77/801.72*-644.47+519.37--567.85-557.11/-613.38,(686.27*-509.39-991.51*-502.24+-551.81*-172.14)-486.17*-264.39+-613.38/(-781.77*801.72/-644.47*519.37+-567.85--557.11)
+-182.11+-922.93*-4.71*884.73*-801.72*48.14--48.28/300.38949.84/412.41*-154.98--432.68-956.95/750.95*-366.64,(-366.64*(750.95/(956.95-(-432.68-(-182.11+-922.93+-4.71*-154.98*(884.73*412.41/(-801.72*48.14*-48.28-300.38/949.84)))))))
+482.82+248.28/-553.48-845.15*-190.39*61.37-680.67-+295.79*-460.64+/+22.18*-911.18718.39+-696.32229.75,(295.79-(482.82+248.28+-553.48/845.15--190.39*61.37*-680.67)+-460.64*-893.07+22.18+-911.18*718.39)+696.32-229.75
/-893.35-475.7/-566.33+-783.93/+/-897.15/741.06/738.02/-724.2*223.99-73.84*375.76+-269.11/769.86-414.44,-893.35/475.7/-566.33/-783.93+-406.77/-897.15/741.06/738.02/-724.2/223.99*73.84-375.76*-269.11+769.86/-414.44
*-90.41--744.07*-701.16--514.15+-55.64-278.24849.73*-355.08113.19-+685.78--524.23503.28*+505.86/-407.99668.49,505.86-(-90.41*-744.07-355.08*(-701.16*-514.15--55.64+278.24-849.73)+113.19)+(685.78+-524.23-503.28)*-407.99/668.49
*-27.49-827.8+-939.17-712.5+-202.82+-226.06-798.59+-790.07-222.57/+245.83-352.68--113.71-*483.89-97.35,-27.49*827.8--939.17+97.35-(712.5--202.82+-226.06+245.83/(798.59--790.07+-222.57)+352.68-483.89*(-113.71--643.21))
*-505.98/627.15-332.86-/-114.34/911.23/36.47+*/827.96-640.71+207.24+353.27/-656.66836.43-+30.7-957.78,(-505.98*627.15/-332.86)--114.34/911.23/36.47/-242.22+827.96/640.71-207.24+353.27+30.7-(-656.66/836.43)+-957.78
-81.47--130.48--198.69+261.76-484.47*-415.06*-333.82-891.63/136.69509.92//128.4--671.51197.19-866.25-550.19,81.47--130.48--198.69-261.76+484.47-550.19-(866.25-(128.4/(-415.06*-333.82*891.63-136.69/509.92)--671.51-197.19))
+618.87/-95.32-347.5-+878.16--631.23+381.12*-840.65/-73.8/-126.9/771.01-882.13/970.24--891.02+192.9717.91,878.16-(618.87+-95.32/-347.5)+-631.23-381.12+-840.65*-73.8/-126.9/771.01/882.13+970.24+-891.02-192.9+717.91
/-128.23+842.23+-664.51/869.8+581.38/741.54-811.0-+246.89-887.33/-*-446.55/-158.57+-893.87168.97*637.96,-128.23/842.23+-664.51+869.8/581.38+246.89-(741.54/-811.0)+887.33-595.62/-446.55*-158.57/637.96*(-893.87+168.97)
+-716.53/++-108.93--464.68/-161.62+335.49/83.41564.18---644.67-946.7+813.07*-46.89-307.35*-483.46*347.34,-716.53+75.78/-108.93+-464.68--161.62/335.49+-644.67-(83.41/564.18)-347.34*(-483.46*(946.7-813.07+-46.89*-307.35))
/-578.76/-665.72--399.71-//382.44+315.97+249.03*-466.1/-836.59+234.07+-257.2+666.85/649.04*577.75741.35,-578.76/-665.72/-399.71--714.97-382.44/315.97+249.03+-466.1*-836.59/234.07+-257.2-666.85+649.04/577.75*741.35
+195.45/868.56-306.51/-154.5--717.84*803.62*-264.79708.27-*746.82+909.77/-343.1--663.94+-835.4841.28+981.79,(195.45*868.56/306.51--154.5/-717.84-803.62*-264.79*708.27)+746.82*981.79+(909.77+-343.1/-663.94--835.48+41.28)
--296.44*559.73/-152.16/318.15+524.26/316.93--338.74982.56/--70.59*379.84/649.1--439.75*-264.89-758.4+-204.67,-296.44-559.73*-152.16/-70.59/(318.15/524.26+316.93/-338.74-982.56)--204.67+(379.84*649.1/-439.75--264.89*-758.4)
+762.04/265.31-*/958.23*555.42+-352.04-372.43+8.24*418.08*885.86-172.69*/-820.32-148.14+680.77+/,625.76+(762.04+265.31/906.41-958.23/555.42*-352.04+-820.32*(372.43-8.24+418.08*885.86*-172.69)/680.77+(-148.14))
*656.85*++5.83--134.96-602.57*379.67/-801.52*134.38+-840.81+180.11/-541.92708.83+102.45-489.3+-492.91,5.83+(656.85*-323.56)+-134.96--492.91+(602.57-489.3-(379.67*102.45+(-801.52/134.38*-840.81*180.11+-541.92/708.83)))
*-191.33/-602.67--453.11+-117.0+-694.35*510.21*-803.56*-891.34-599.23/+-*+-396.21--204.22+249.78971.45,-191.33*-602.67/-453.11--459.38/(-117.0+-694.35+510.21*-803.56*-891.34*-599.23)+617.91*396.21--204.22/249.78+971.45
/625.15*129.2+-710.21+856.44-535.13*+110.09**--296.92504.07/+119.37/886.84157.42--621.37-277.34/-927.55,625.15--927.55*(129.2*-710.21+856.44+-535.13)/(110.09+275.66*-296.92-504.07)/(119.37+886.84/277.34-(-621.37-(157.42)))
/-649.36/190.7*651.6/-406.25*-914.75+257.05782.13--286.95+370.54*-57.18*745.56-453.17/531.59+-555.67-912.01,-649.36+190.7/912.01-(-555.67+(651.6*286.95+(-406.25/-914.75*257.05+782.13)-531.59/(370.54+-57.18*745.56*-453.17)))
--122.11*344.18-459.93*8.13*-479.8*443.71-968.7+/316.84-827.22+179.71++913.03*942.17--647.95*-942.44,-122.11-344.18*459.93-8.13*-942.44*(-647.95+(-479.8*443.71*-968.7)-(316.84/827.22-942.17*(913.03+(179.71+435.54))))
-842.73-921.3/24.21/269.34696.12+--191.88-947.88/374.5--77.55391.63*--406.67-878.13-302.01+/+-652.67,(842.73--652.67+(921.3-24.21/-191.88+(269.34/696.12)-947.88--206.2+(374.5/-406.67*(-77.55-391.63)-878.13--302.01)))
/44.75-381.13*-404.54--43.1/-996.14/894.92-431.25*939.78*-385.62-384.1--290.29/-151.33/-366.71-351.04--101.37,44.75/381.13--404.54*-43.1--101.37-(351.04-(-996.14/-366.71/(894.92/431.25--151.33*(939.78*-290.29-(-385.62*-384.1)))))
+-598.57*591.17/*+-645.05*545.29--130.75-384.86++-570.11/166.44/976.51*650.58++829.3*-725.07*-485.74,-598.57+591.17*3.52/-645.05+-570.11+(545.29*-130.75--384.86)+166.44/-485.74*(976.51/650.58*-725.07*(-214.53+829.3))
+-968.45-824.88++576.51+-90.42/604.91/250.83-517.77-796.8/932.66-661.96---981.97+-257.79663.48/751.8--904.46,-981.97-(576.51+(-968.45+-824.88)+-90.42+604.91/250.83/517.77-796.8-932.66/-661.96)--904.46-(-257.79+751.8/(663.48))
+379.83--217.06+363.36*-606.25/771.41+213.28*-38.58/-503.76*-814.08+356.22*-422.6-199.13-273.16*-413.77-26.07,379.83+-217.06-363.36+-606.25*771.41/213.28+-38.58*-503.76/-814.08*356.22+-422.6*199.13-273.16--413.77*-26.07
/813.74-293.03-405.85/898.44-832.12--164.42+-72.45+-543.95-561.22*-776.6-763.96-42.38/672.22+-581.29+268.07,813.74/293.03-268.07+(-581.29+(405.85-898.44/832.12--164.42--72.45+-543.95+672.22/(561.22--776.6*42.38-(-763.96))))
--744.19+564.53+913.19--997.98-*/53.28*887.24+902.64/-753.65*-978.83-924.64/-278.64+360.28-790.38*-150.64,-744.19-564.53+913.19+-997.98--118.64-53.28/-150.64*(278.64/(887.24*902.64+-753.65/-978.83*-924.64)-360.28+-790.38)
-494.1/-649.4+302.37--+923.14-731.25/-535.86/-736.57+91.41-819.33--230.55-502.67**86.97927.15/721.66,494.1--649.4/302.37+-444.79-923.14+731.25--535.86/86.97*(-736.57/91.41+819.33--230.55--502.67)*721.66/(927.15)
--679.05-886.01/--556.62--282.55+77.73*-457.65+-599.27*793.6/572.42*-250.96-297.42/808.04+-336.3168.75+-306.35,(-679.05--886.01)/-556.62--282.55-77.73+-457.65*-306.35+(-599.27+793.6*572.42/-250.96*297.42-808.04/-336.31+68.75)
*111.99*794.76-+--42.18/-422.67/-971.74-819.89//817.98/-467.03--9.14-724.5+-390.58+-435.42195.98*-599.71,817.98/(111.99*794.76*911.49--42.18--422.67/-971.74/-819.89)/-467.03/-9.14-724.5/-390.58+-435.42+-599.71*(195.98)
/-150.49++/435.61/-197.86--825.83--957.07+-940.78*-424.5--804.79*914.32*-423.65-222.1/-749.71+712.1870.5,-150.49/738.28+435.61/-197.86/-825.83--957.07--940.78+-424.5*-804.79-914.32*-423.65*222.1--749.71/712.18*70.5
*92.18*617.4*-69.19*-945.1+-439.11--15.12+-368.84+917.77--87.6+-710.33/776.53/344.35--321.93702.57+-780.63,92.18*617.4*-69.19*-945.1*-439.11+-15.12--368.84*917.77+-87.6--710.33+776.53/344.35/-780.63+(-321.93-702.57)
*811.01--492.49--361.53488.82**46.68*508.41-741.53/-12.48*826.87+-799.31+-230.82*145.58+672.95*-54.3-281.4,(811.01*-492.49--361.53-488.82)*46.68*508.41*741.53/-12.48/826.87*-799.31+-230.82+145.58*672.95+-54.3*-281.4
+573.66/869.69/-415.8--200.33-0.97++-875.61+316.8+-+-887.48+-106.89+-940.52*-860.67-954.65**-356.07-895.11,(573.66+869.69/-415.8/-200.33--0.97)+-875.61+316.8+531.43+-887.48+-106.89+-356.07*(-940.52+-860.67*-954.65)*-895.11
*-830.93/90.0--369.59-381.41--194.59-289.69/*-466.15*576.32+-340.52--666.59-510.83/-741.49*-122.11/-121.31--377.52,-830.93*90.0/-466.15/(-369.59-381.41--194.59+-289.69)*-377.52-(576.32*-340.52--666.59--121.31/(-122.11*(-741.49/(-510.83))))
--354.3/933.93826.62/+-63.4/-92.79+253.81/-405.53--521.59-755.54*/-596.68+871.72846.06*-495.14//197.18,-354.3-495.14-(-63.4+(933.93-826.62)/-92.79/-596.68*(253.81+-405.53/-521.59--755.54)/871.72+846.06)*197.18/(-471.2)
--312.03+949.29*-574.78*-634.45-+642.1*-130.39*-971.88*+*463.67800.39-610.13+-434.18*824.22/-304.95,642.1-(-312.03-949.29+-574.78*-362.8*634.45)+-130.39*-304.95/(824.22*(-971.88*-434.18+(212.94*610.13-(463.67*800.39))))
/878.91-60.6/-912.33*-789.73-829.68-450.2576.22++/-921.68/-102.84--465.42/988.62/-660.57-857.9981.56,878.91/60.6--912.33/-789.73*829.68-780.05+(450.25-76.22)+921.68--102.84/-465.42-988.62/-660.57/857.9-981.56
--180.16+209.88+547.12/-604.09+17.21/-826.69-368.26/-851.09*-+-492.37-289.13+-718.49-793.97-*46.77,-180.16-209.88+547.12+-604.09/17.21+-826.69/46.77*(718.49+(368.26--851.09/-681.33*-492.37+-289.13)-793.97--201.0)
*-310.85/-528.46-250.78744.32+/-916.35/469.28/-23.93+-240.0*489.49-366.36/+-761.22+40.61+705.94-483.08*-768.79,(-310.85*-528.46/250.78-744.32)+-916.35/469.28/-23.93/-240.0+-768.79/(489.49*-366.36)*(-761.22+40.61+705.94+-483.08)
+-586.67*197.59*255.36+-394.34--857.46-606.83972.11/+-531.52/230.17*-888.54/232.43*380.45--632.87-509.63582.86,-531.52/(-586.67+197.59*255.36*-394.34+-857.46-606.83-972.11)+230.17/-888.54*232.43/380.45*-632.87-509.63-582.86
/61.95202.33/*628.9--378.87+605.46-339.71-33.3--128.84/910.04/-426.02-744.55*+-381.9*-851.33+-133.89-478.52,(628.9/(61.95+202.33)*-378.87-605.46+339.71-33.3--128.84-910.04/-426.02/-744.55)*-381.9+-851.33*-133.89+-478.52
-315.08*-920.72/-144.19--743.29-581.99*-530.15*545.45+-159.21+689.16855.05///-998.18+886.16+-64.86797.89,315.08--920.72*-144.19/-743.29/581.99--530.15*545.45*-159.21+-359.08/(689.16+855.05)/998.18-886.16+-64.86+797.89
+943.34*-540.87*713.78/514.61+-517.15+-771.08646.41---749.44--85.88*-164.6/356.97+531.65-940.1*823.35--236.5,-236.5-(943.34--540.87*713.78*823.35*(514.61/-749.44-(-517.15+-771.08+646.41)--85.88--164.6*356.97/531.65+-940.1))
*166.61-990.64*662.8*254.37*319.07--137.88*-387.13-932.07*+227.01+-9.09-178.06/169.29-462.86/-323.32/72.61,(166.61*990.64-662.8*254.37*319.07*227.01+(-137.88--387.13*-932.07)*-9.09+178.06-72.61/(169.29/-323.32/(-462.86)))
-988.26*-307.15/246.9*764.14+215.09-*+-278.43*739.56-434.05-108.14-709.31--795.76/-325.76-159.89--369.99,-369.99-(988.26--307.15*246.9/764.14*215.09+285.25--278.43+739.56*434.05-108.14-709.31--795.76--325.76/-159.89)
+-286.56-24.53--127.87/-270.12-*--11.82794.06/*688.12-532.66*-304.72*30.59/-674.02*/-224.94/-824.08,(-286.56+24.53--824.08/(-127.87--270.12/-261.84-688.12/(-11.82-794.06)*532.66--304.72*-224.94/(30.59*-674.02/-835.25)))
/-772.69+-365.33-365.2+-925.57*870.56/487.01--469.76--94.68/-30.02*-217.67-123.84/--408.6871.7--570.23+807.02,-772.69/-365.33+365.2-807.02+(-925.57+870.56/487.01/-469.76/-570.23-(-94.68--30.02/-408.68/(-217.67*-123.84)-71.7))
+-666.81/569.89*-575.75-923.36*566.44/939.4*-346.17*-495.92*134.69/423.32658.55*--826.11-465.66/90.52-617.67,-666.81+569.89/617.67*(-575.75*923.36-566.44*939.4+-346.17*-495.92*134.69*423.32/658.55)-(-826.11-90.52/(-465.66))
-521.32+684.65*233.75/-493.47353.55+-746.6*718.17/922.83+620.01*-559.58--410.32-329.44*+68.11+-210.9863.26,521.32-684.65+68.11+(233.75*-493.47-353.55)+(746.6-718.17*922.83/620.01+-559.58*-410.32--329.44)*-210.98+63.26
--718.85*548.13+-297.93364.14**445.66*366.31/782.58+219.16--467.08+*-215.46-160.34--267.06622.55-440.54,(-718.85-548.13*-297.93+364.14)*445.66*366.31/782.58/219.16+-467.08-440.54-(809.76+215.46-160.34--267.06-622.55)
*-221.24*-/-815.38-862.25-176.47+561.45490.4*/-710.82/-140.14--976.47*-125.79*939.14312.54*-977.07/405.24,(-221.24*-785.7*405.24/(-815.38/862.25--710.82*(176.47-561.45+490.4)/-140.14/-976.47--125.79*-977.07*(939.14*312.54)))
+-998.76+-576.89-115.61*-483.76/569.26+676.05-57.98//-232.94--974.72/560.38-958.08/--686.36+326.77+107.76196.62,-998.76+-576.89+115.61--686.36/(-232.94/(-483.76*569.26/676.05+-57.98)/-974.72-560.38/-958.08)-326.77+107.76+196.62
--172.15/59.03-872.89*-778.8+-364.28*-252.1--15.32*-552.14+508.39*-134.14*770.15+-565.34*922.11+674.93127.65,-172.15-59.03/872.89--778.8*-364.28+-252.1*-15.32/-552.14*508.39+-134.14*770.15*-565.34+922.11*674.93+127.65
+-392.83+384.25-971.27/-633.11/-58.6/408.17+223.17931.2*+-993.83+716.44/-200.78*/--134.48+-366.34-740.54,-392.83+384.25+971.27--633.11/-58.6/408.17/-993.83+(223.17+931.2)*716.44+-200.78/578.76*-134.48--366.34+-740.54
--353.75-46.92+920.2/-314.36/987.57/-305.82-52.64+-251.31*770.9+919.05/-554.76/-14.3*-619.38/409.18-596.04,-353.75-46.92-920.2+-314.36/987.57/-305.82/52.64--251.31+770.9*919.05+-554.76/-14.3/-619.38*409.18+-596.04
-735.63+-842.27/416.93/-827.6*847.96386.93/-147.36-*+779.74*774.14/377.57+470.22+-344.78595.23/-417.52,735.63--842.27+416.93/-827.6/147.36-(847.96*386.93)/-595.28-779.74+774.14*377.57/-417.52/(470.22+-344.78+595.23)
/-+916.29/-954.04-882.23886.94+--924.29*-55.19+540.49-329.29*-446.29--83.83+-341.18+-851.45-833.4*189.66,-426.99/189.66*(916.29+-924.29+(-954.04/882.23-886.94)--55.19/540.49+329.29--446.29*-83.83--341.18+-851.45+-833.4)
/-234.72/444.87*-395.44*-783.14+-383.38+134.54-589.91/872.4*-769.69*-895.54-116.68-427.72-661.3/860.36/-596.22,-234.72/444.87/-395.44*-596.22/(860.36/(-783.14*-383.38+134.54+589.91-872.4/-769.69*-895.54*116.68-661.3-(-427.72)))
/-185.73*-254.45/-29.53+-81.31-449.67/-647.44/-384.83--433.09+396.42-492.74/--110.46*+*+-982.53-283.87,-185.73/-254.45*647.44/(-29.53/-81.31+-449.67)--520.16*(-384.83/-433.09-396.42+492.74--433.04/-110.46)+-982.53+-283.87
--*-301.55+360.07/-615.53+-124.14+111.78/382.58+558.72--640.02*-806.43--100.01-581.67/72.07--851.94357.71,82.56--301.55*360.07+-615.53/-124.14+111.78+382.58/558.72+-640.02--806.43*-100.01-581.67-72.07/-851.94-357.71
/-612.38/-736.42/-783.83+-937.14/-169.98/*-607.93--560.71+582.57+352.17--87.59*639.79-324.6/-361.91-537.12,-612.38/537.12-(-736.42+-783.83/-937.14+-361.91/(-169.98/996.46/607.93--560.71-582.57+352.17+-87.59-639.79*-324.6))
/170.24-986.35*198.79+528.51/-*18.37-818.61--681.07-803.96-+195.02*-808.36+312.91--667.0917.91*-594.47,170.24/986.35+198.79*195.02-(528.51+-376.48)-(18.37*818.61--681.07--803.96)+-594.47*(-808.36*312.91+-667.0-917.91)
-85.11745.11*/620.76/544.39///-161.83-497.28*+-691.72+283.16+467.27-461.98-286.97+-748.93*104.55/504.79,620.76*(85.11-745.11)/504.79/(544.39/104.55*(-793.86+-691.72+(-161.83/-497.28)*283.16+467.27+-748.93+(461.98--286.97)))
--957.52++-423.21-378.13/-689.34/-11.37/--367.17*--540.64+-904.38-932.3--780.21/-937.3676.33+33.14,(-957.52-725.79)+423.21--540.64-(378.13--689.34/-11.37/256.42/-367.17)*-904.38+932.3-33.14+(-780.21--937.36/76.33)
*264.21/-401.2-535.32/-+-317.46/-134.71+-647.08*-993.4/946.45*639.91+-542.36*298.97*913.18*-994.98-422.99,264.21*-401.2/535.32-281.25/-317.46+-134.71/-647.08+-993.4*946.45/639.91*-542.36+298.97*913.18*-994.98*-422.99
*-253.77--616.0-999.88+-418.98+*/-189.56-577.11*500.97*-493.03*355.16+728.79+34.21+-32.59306.79+-308.44,-253.77*-616.0--189.56*(999.88--418.98+925.62)/577.11-500.97*-308.44+(-493.03*355.16*728.79+34.21+-32.59+306.79)
*-957.63+771.96-436.5*725.64/-357.42-906.96*--420.38+-640.9+*-77.67-29.49/-445.0/-49.49-176.25*-547.48,-957.63*-547.48*(771.96+436.5-176.25-(-420.38-(725.64*-357.42/-906.96)*-640.9+-130.08+-49.49/(-445.0/(77.67--29.49))))
+-25.79+103.58+903.82+-89.44*375.45-48.89*610.54*-58.15--414.22-318.24/-892.68*-642.43-676.88+245.67/+-556.1,-25.79+-556.1+(103.58+903.82--89.44+375.45*-48.89)/(610.54*-58.15*-414.22-318.24--892.68/245.67+(-642.43*-676.88))
/-/-917.67--998.08+743.84+387.86*882.62+-942.56*-392.63+-374.66+-363.74209.24+494.64+858.72*120.51*873.44,-257.74/873.44*(-917.67/-998.08-743.84+387.86+882.62*-942.56+-392.63*-374.66+120.51*(858.72+(-363.74+494.64+(209.24))))
*-664.13+-945.84+925.03-127.03+*-21.89/-956.37-729.84-827.85++-676.93/675.61+-957.87-705.34-961.89*-735.1*936.81,(-676.93+(-664.13*-945.84+925.03+-127.03)+(-21.89*-956.37/729.84--827.85)+936.81*(675.61/-957.87+-735.1*(705.34--961.89)))
/-350.87+541.27-++78.45/170.94-46.74/-+*-366.75--365.75*-678.14--588.16*-654.65895.36*-792.0--977.24,(-350.87/541.27+-877.16)+-977.24-(-107.94-(78.45+170.94/-46.74)/-366.75*-365.75--678.14*-588.16--792.0*(-654.65*895.36))
+-675.29/-559.32/955.3+-872.67/-499.12+453.43/470.98*-5.23*777.66+-983.73*911.99/290.13533.71+-836.0-729.09,-675.29+-559.32/955.3/-872.67+-499.12/453.43+729.09-(470.98/-836.0+(-5.23*777.66*-983.73+911.99/290.13/533.71))
+86.6+-242.77--180.7/776.92-722.52/-839.61+463.15-336.85-+229.62+114.16+-267.29/73.6*-96.91-700.62-940.74,86.6+-242.77+-180.7-776.92/722.52--839.61/229.62-(463.15--336.85)+114.16+-267.29+73.6/-96.91*700.62--940.74
/-825.75*-976.3-132.29*--462.06*-944.16*-604.73-*+-957.14+985.85+139.08547.09*--665.14-653.56*-974.06*564.2,-825.75/-462.06-(-976.3*-132.29)*-944.16*-604.73*-42.9-564.2*(-957.14+985.85+-665.14*(139.08+547.09)--653.56)*(-974.06)
+-217.62-3.04*-535.08+118.97-923.07/-229.4+925.88*-224.27*439.99729.43-/225.58*-612.7892.9++877.45-960.62,-217.62+3.04--535.08*118.97+877.45-(923.07--229.4/925.88+-224.27*439.99-729.43)+(225.58/-612.7*892.9)+-960.62
/951.57*839.31/14.34+-174.26*-361.34142.81**-432.26-13.38--366.16--+501.79/-776.03-867.43-179.48+-210.45,951.57/839.31*14.34/-174.26+-432.26*(-361.34*142.81)*13.38--210.45+(-366.16-918.44-501.79+-776.03/867.43--179.48)
/-265.16+-335.2*-492.53*-708.59656.47*-732.95-891.66/+-140.5/-32.0-690.06-+523.26*14.2--70.82-953.78+302.57,523.26/(732.95*(-265.16/-335.2--492.53*-708.59*656.47)--891.66)-(-140.5+-32.0/-690.06)+14.2*302.57+(-70.82--953.78)
--908.05+724.54+256.41/-715.4/522.67*197.44--598.61+810.2*-630.21-228.48*+-623.45*-284.79*724.56-978.14+311.06,311.06+(-908.05*724.54+256.41+-715.4/522.67/197.44*-598.61-810.2+-623.45*(-630.21*-228.48)+-284.79*724.56+-978.14)
*-257.99246.99/+-979.86-398.29+116.39+-474.41549.82--974.39--184.56*-630.86522.04-+29.24--714.88-178.01+360.84,-979.86/(-257.99*246.99)+398.29-116.39+360.84-(-474.41+549.82)-(974.39--184.56--630.86*522.04)+(29.24--714.88--178.01)
**//-862.52+-706.5--10.02+548.86+137.3*831.3-825.43++-833.94--125.55+218.05-56.54*825.8958.01,239.26*703.2/862.52--706.5+-10.02-548.86+-833.94+(137.3+831.3*-825.43)+-125.55-218.05+56.54-825.8*958.01
+302.05--186.32--/-886.53*-280.08/-590.04-450.73/-789.89*-569.01/380.46-251.64/*-709.53-581.46/-5.66-184.73,302.05+-186.32--714.25--886.53/-280.08*-590.04/450.73--789.89/-709.53/(-569.01*380.46/-251.64)*581.46--5.66/-184.73
+-106.03/203.36-365.91-+923.71580.52--324.58*238.55--214.84*883.64/627.8*-609.73*610.07931.78*732.65/--539.75,-106.03+-539.75-(203.36/-365.91)-(923.71/580.52)/(-324.58-238.55*-214.84-883.64*627.8/-609.73*732.65*(610.07*931.78))
*763.02--216.91*918.25/799.22+-733.16/838.07+-196.04+-111.08--142.25--288.31--294.51+-156.56/-333.03*-664.82-344.67,763.02*-216.91-918.25*799.22/-733.16+838.07/-196.04+-111.08+-142.25--288.31--294.51--156.56+-333.03/-664.82*-344.67
--193.48/720.57/-288.82+750.11+600.3-982.31-+218.74/-623.9/-140.19+-823.23+966.81--837.37411.9--486.74+659.5,-193.48*659.5+(-486.74-(720.57/218.74-(-288.82/750.11+600.3+-982.31)+-623.9/-140.19--823.23+966.81+-837.37-411.9))
-//-715.83*-776.92--634.59-987.54*53.25/-570.34/22.02+151.09*-402.15*665.97973.45*-561.24/-601.03/973.86,965.09--715.83/-776.92*-634.59-987.54-53.25*-570.34/973.86/(-601.03/(-561.24*(22.02/151.09+-402.15*665.97*973.45)))
+-369.88-574.38-774.2*829.35-397.31/-*12.04/-880.58-75.86+226.19-150.13469.85*51.47+130.21+-958.17,-958.17+(-369.88+574.38/130.21+(774.2-829.35*397.31-186.46/51.47*(12.04*-880.58/75.86-226.19+150.13-469.85)))
+-319.76+*--923.36*-414.07-71.26+685.18*674.89-277.13--594.45+-641.76/798.76+903.04+-186.92-866.0/-534.18,-319.76+-439.96+-923.36--414.07+71.26-685.18+674.89*-534.18-(277.13--594.45--641.76+798.76/903.04+-186.92+-866.0)
/-903.25*414.37/629.56**-993.92*220.41-4.18//541.09180.8++++73.92/-802.38+715.64-103.79*-670.68,(-903.25/414.37*629.56/200.63/(918.77*993.92-220.41*-4.18)+(541.09/180.8)+-670.68*(73.92+-802.38/715.64+-103.79))
+-278.06+-54.91-147.98*+-380.79-236.33*614.05*157.02*+-758.88-+-392.32+-74.84+-245.0362.74+-260.83593.53,(-278.06+-54.91+-147.98)*-380.79+236.33-614.05*-392.32-(157.02*-675.94*-758.88)+-74.84+260.83+(-245.03+62.74)-593.53
/+--131.62/-199.67+159.64-101.41*112.24-1.2*-959.14+695.7+-746.92-375.17---789.49-749.66*241.59-601.47,(266.14/-131.62--199.67/159.64+101.41-959.14-(112.24*-1.2)*695.7+-746.92+-375.17)--789.49-749.66-241.59*-601.47
*442.57*-383.33+-614.21/396.97*-484.45*173.89*288.08*385.5*574.47+42.07--627.55*-76.25*844.95-459.96*-375.11,442.57*-383.33*-614.21+396.97/-484.45*173.89*288.08*385.5*574.47*42.07+-627.55--76.25*-375.11*(844.95*-459.96)
*-926.07*-517.69*-816.68+24.16-/--423.48--171.72*598.25--647.68-605.62*508.35/684.89*-353.15/-972.9599.88,-926.07*-517.69*-816.68*24.16+-492.35--423.48--171.72-598.25*-647.68-605.62+508.35*684.89/-353.15*-972.9/599.88
*-165.32+976.82*-576.45*859.5*342.76*-676.31+-891.6--676.1-383.41391.32-492.84+-874.56/-288.48*826.94-31.87,31.87+(-165.32*976.82+-576.45*859.5*342.76*826.94*(-676.31*-891.6+-288.48/(-874.56+(-676.1-492.84-(383.41-391.32)))))
+-774.72*-795.29+315.42*626.8*839.28/527.81/-596.67228.77/*982.03--175.87+720.0+-21.64-700.5+942.21/433.13,-774.72+-795.29*315.42+626.8*839.28*527.81/982.03/(-596.67/228.77)*433.13/(-175.87-720.0+-21.64+942.21+(-700.5))
-715.06+-569.78*49.26--825.93--155.42--407.14+-269.64+-454.32--836.5/162.48+*--142.49*+335.25--677.1,715.06--569.78+49.26*-825.93--155.42--407.14--677.1-(-269.64+-454.32+-836.5--142.49*(162.48/339.56)-197.19*335.25)
+-*-711.62*325.42*253.08*828.27*135.54+-365.03490.41++-342.62+216.52--227.68*-934.89/-466.78822.12+-100.56,645.23+-711.62*325.42*-342.62+(253.08*828.27*135.54*-365.03+490.41)+216.52+-227.68--934.89*-100.56+(-466.78/822.12)
-55.46++*-303.72*112.46*-960.26/-553.87*473.52--289.8576.92/+696.01+11.11+-297.68+885.25+-838.59107.04,55.46--618.16+-303.72/112.46*696.01/(-960.26--553.87/473.52*-289.85-76.92)+11.11+-297.68+885.25+-838.59+107.04
/252.94+-412.26*-624.2--400.03*751.32*953.66-10.49/8.65+-564.27-269.14/-86.6731.44-50.02+-505.49+532.25,(252.94/532.25+(-412.26+-624.2*-505.49+(-400.03-751.32*953.66*10.49-8.65/-564.27+269.14-50.02-(-86.6/731.44))))
*889.04/-998.99+-571.95-959.85+***-373.24+-165.01+670.42-495.6+746.43/941.73+550.74-602.75-461.7/904.75,889.04*-998.99/489.42+(-571.95+-959.85)-904.75/(-373.24*-165.01+670.42+495.6-746.43+941.73/550.74+602.75--461.7)
/309.36/-593.59*-*880.36--482.1/-101.38*-931.21/936.93736.87/+-504.4/-732.95/-925.64-811.54/-836.71*-342.81,-342.81*(309.36/-593.59/-287.69-880.36*-482.1--836.71/(-101.38/-504.4+(-931.21*936.93/736.87)/-732.95/-925.64/-811.54))
-942.4*340.2180.24-+//-+-268.54-856.94/560.73+282.5--277.99-436.63+-873.19994.75-+296.66-855.59,942.4--493.94-(340.2*180.24)+231.12/-268.54+856.94-560.73/282.5+296.66+(-277.99--436.63)-(873.19-994.75)+-855.59
/154.74-91.84/-704.63*863.7-976.02+533.05+-489.98+-126.98/-196.08+*/---228.19-867.08+-412.11--666.23,154.74/91.84--666.23-(-704.63/863.7*976.02-533.05+-489.98+-412.11+(-126.98+-196.08/540.45+839.83/-228.19--867.08))
-*+123.75--54.85*-616.95/504.33+-531.12+83.21*57.96-522.76-910.88*4.05--976.81-35.58-481.42-661.0,338.31-123.75*-54.85--616.95*504.33/-531.12+83.21+57.96*522.76-910.88-4.05*-976.81-661.0-(35.58--481.42)
-604.87--230.09*-190.56-708.35/316.07*-154.86*81.5-233.42/399.61/-491.91-28.59/695.53--771.24/-216.04/129.61,604.87--230.09--190.56*708.35-316.07/-154.86*81.5*233.42-399.61/129.61/(-216.04/(-491.91/-771.24/(695.53/(-28.59))))
-754.9/-436.52+-891.3*-492.96-886.87*-980.63+-977.49/-842.88/-679.26*-384.62/394.11/621.69***479.88961.6,754.9--436.52/-891.3+-492.96*886.87--980.63*-977.49+-842.88/-679.26/-384.62*394.11/621.69/-446.69-479.88*961.6
+742.4450.47*-922.71/856.14/-292.06*60.32+-228.18*-228.75*-655.11+794.6+845.41/718.27*693.63*+-462.59,(742.4+450.47)*922.71-856.14/-292.06/60.32*-228.18+-228.75--655.11*794.6+845.41+718.27/693.63*-525.96*-462.59
+-199.82*894.19+516.04+434.13-589.89+--803.73-424.43*-94.54-644.88-829.6--693.86+-945.2/-609.41-660.42*+-294.6,-199.82+894.19*516.04+-803.73+(434.13+-589.89)-424.43--294.6+(-94.54*644.88--829.6)*(-693.86--945.2+-609.41/-660.42)
*61.24/117.53/-232.3+-882.69-721.08++-568.92-925.57*/-316.99/308.88+204.96+269.96/-277.23+519.21/*-776.98,(61.24*117.53/-232.3/-882.69+-721.08)+-316.99*(-568.92+-925.57)/308.88/204.96+269.96+-277.23/519.21+-727.61/-776.98
*995.22/936.14+888.63-94.97//-692.87-800.91+-192.43/-510.12--94.44-287.29/-786.75*720.33/784.59993.67/452.29,995.22*-692.87/(936.14+888.63+-94.97)/786.75-(800.91--192.43+-510.12/-94.44--287.29)/452.29/(720.33*784.59/993.67)
*-341.73/652.42/-779.94/-495.57-720.67*+-347.97*521.9/-427.33--967.1/-566.32/-536.0212.94/+-488.64110.16+556.11,(556.11/(-341.73*652.42/-779.94/-347.97*(-495.57/-720.67)+521.9*-427.33/-967.1--566.32/-536.0/212.94)+(-488.64+110.16))
*598.65*229.87-513.55**973.11*-797.59+97.54/-431.08*-+-41.61--379.52/-253.3137.49/937.73/17.37/284.62,(598.65*229.87*-513.55)*973.11*-797.59*97.54+-431.08/284.62/(16.09*17.37/(937.73/(-41.61+-379.52--253.31/37.49)))
*957.69+*+/*119.41-760.75/*-953.5*504.11*352.47/-78.01/-334.08/-152.0355.42/--847.37-795.85-611.7,611.7-(-953.5/(957.69*673.97+279.01+119.41*-760.75)*-847.37-(504.11*352.47*-78.01/-334.08/-152.03+55.42)/-795.85)
-333.42/855.5/-371.5**+-497.43*607.01--893.89+-643.65/-85.96-561.99//423.96-596.1/687.91290.63*-150.49,333.42-423.96/(855.5/-371.5/-270.58*-497.43+607.01--893.89--643.65+-85.96/-561.99)/-150.49*(596.1-687.91/290.63)
*257.81-38.33-**63.41/509.03+-371.92--882.37/347.58*550.64+-105.6*-871.05*/*-1.75*997.09810.43,257.81*38.33-859.87-63.41*509.03/-371.92+-882.37-347.58/550.64*-105.6+-871.05*66.95*-1.75*997.09*810.43
-646.76-968.94+-778.39-747.77**646.03*613.57+533.52-857.15*+735.19420.14---852.93/-479.36/-547.84-762.89+-976.95,646.76-968.94--852.93*(-778.39+-747.77)*(646.03*613.57*533.52+-857.15)-(735.19+420.14)--479.36/-976.95+(-547.84/-762.89)
/-115.27-815.38--639.5+-624.54+394.86*-988.56+-47.48*464.66/792.69+-782.48*983.77992.51**-270.4638.09/-938.67,-115.27/815.38--639.5/-624.54+394.86+-988.56*-47.48+464.66*792.69/-938.67/(-782.48+-270.4*(983.77*992.51)*638.09)
*344.64/-792.84*297.88*155.13-478.95---355.43/729.32+202.22+973.11/505.88*332.19/150.18-593.41/-195.04-+,-355.43-(344.64*-792.84/297.88*155.13*-478.95)--452.66-(729.32/202.22+-195.04/(973.11+505.88/332.19*150.18/-593.41))
+-196.68--586.79+-950.61+493.78*292.43*/--138.97--321.41/140.1+714.06*550.48*-213.44525.9*-391.72/-209.13,-196.68+-586.79*-950.61+493.78+292.43*624.87*-138.97--321.41-140.1/714.06+550.48*-213.44*-209.13/(-391.72*(525.9))
+-121.08-947.16*324.02*725.59*--668.09*-150.06-710.48308.63/*-27.36+++-919.85*894.98*818.47-299.82,-121.08+947.16-324.02*725.59*-513.27*-27.36/(668.09--150.06*710.48-308.63)*918.42+-919.85+894.98*818.47*-299.82
/-841.77/-131.25/223.07+-229.95--584.65*686.54+210.88--*-455.84--623.55+747.86-443.3+-406.05--656.56-390.38,-841.77/-131.25/223.07/-229.95+-584.65-686.54*210.88+705.05--455.84*-623.55-747.86+443.3--406.05+-656.56--390.38
