Formula,Result
68-38657/697/--874+433-137-237/-433+616+580-674+341-835+617-,-+-+-++--+-68//-38657697-874433/980-372433616580674341835617
973110+52321/-710/867*+-101+-532377/-324/--634-889*-238/61*-569*-,--+++973110*//52321-710867-101//-532377-324-*/*148-889-23861-569
-243119/-444--933+972-994*+-878+-139--577210/--316-911-280*-224-459/+,+----+++-/-243119-444-933*972-994-878-139/-577210-316*911-280-224-55
-1000535+-967+53--331839/--757--686787*426*--84-212*+-49480/-303*-,-+---+++-1000535-96753/-331839-757**-686787426*-84-212*/-49480-303
937-775-221-43--808-297/-360*--496497/-451-700+612-312*-596/+903-,-++------937-77585443*/-808-297-360/-496497451700/*612-312-596903
698-408*452*337-942+256351/-256+210--724583/+-487-315--851*-40/-,-+-+-+-**698-40899337942/256351256210/-724583/*/-487-315-851-40
470599-992*+973464-+765-219+-608+250-975/-150*86*+52099/--329-,--+++-++470*599-992/973464-773219-608**/250-9752986/52099-329
-915-927*-732/-526936*--813-714/403/155*+482-532*+270+645--272458/+,+-+++-/*-915-927-732*-526936*//-813-714403155*482-532270645/-272458
875736--553869/+859286/-265*+905-295*-657+749-288-599/+-355-902*+,++-+-++-875736/-553869*/859286-265*905-295657-839/288-599*-89-902
864-645-181*--89923/510/270*-609/--503-613/--929-83*868*-793*+727-,-+---864/-645-181/*//-89923510270500*-503-613***-929-83868-793727
51-300-53867*-845*+975840/-677-925*-275-570*108/-319/-795*426/+,+-+-51-300**53867-845/975840/*//***677-60-275570108-319-795426
-268485/234/-883*126*-914*361/-885567*455*814/-951/421*+-122+-841+,+++/***//-268485234-883126-914361*//**-885846455814-951421-122-841
-418-306462*675*-326/-395/--430-224*-233*-638*--775+-765-13/795*95/+,+----418//**-306462675-326846***-430-224-233-638-775/*/197-1379595
-474-4*263684*+-460-564-935-315/+29-11-925-249*-17-87*607*-,----+--+*-474-4*263684-658564/935-3152911*925-249**17-87607
-340-920/-37*-74234/733*+-814+-489-551/+365+-344420/137/-923--737-,---++++*/-340-920-37*/-74234733-814/-489-551365-/-344420137923-737
600812-29*-728/-470/477*875/+483292/706*-655*+341--874+903-438-,--+-++600/*//*812-29-728-470477875**+483292706-655341-874903438
399145-949*-878*--391+973+560+-548-428*+2+-883-307+891345+-884+,+-+-+++++-399**145-949-878-391973560*-548-4282-883307+891345884
830-50-494*-69*--64--120--975-926+169762/+578--276-808773/+787+,++--++----830**-50-494-69-64-735-975926/169762578-276/808773787
-658-767-608742*--961881--517--708232/-870--798611*+-657277/189/+,++-------658-767*608742*-961881517/-708232870*-798611//784277189
-823884382*--29+-511714*-215/+-525-451+-304-257*+17--893669*814*-,--++-++--823*884382-29/*-511714-215115451*-603-34917**-893669814
901-958950*175/-771/-311*+-814--381-961*-566*-119-267*--947-129*501/+,+-+--+901*//*-958950175-771-311-814*-381-961566*-119-267/*-947-129501
5317*-575/-912-817*--957-715765/-241*--851--723868/+-139+-403968*-,-*+----/*5317-593*-912-817-957*/715765-241-851/-723868-139*-403968
811-240--422--759--837-343/--688+-969-441*+173--454-518507/240*-690-,----++----811-240-422-759/-837-343-688*-969-441173-454*/518507240690
-624-555-883*--539+-674-888--371-98-920/-504-620*-3-661*785*-274/-,------+--624*-555-883-539-674888-371/98-920*504-310/**3-661785-274
313574*-439*615/-94-876/+791-442/347/+541-945/+9753/-687+-698+,++-++++**313574-439753/-94-876//791-442347/541-945/9753687-698
-633-981+60-865790/-339/-464*-722/--820559*720*303/773*370*--447-,----+-190-98160/*//865790-339-464-722*//**-820559720303773-310-447
156-529+93306*-360*+148--709-642*-630537/--938-858*-568+-269311/-,-+----++156-529**93306-360148/-709-642/630537*-938-858568/-269311
-333-159273*780/-838/+303149*205/-210*-896--403--825-447++-216613*-,-+---+-333//*-159273780-838*/*-202-86205-210896-403/-825-447*-216613
-805-996-249+30844/-39+-446+-801-15458/--117-979--14559/+970+,++----++-+--805-996249/9264439-446-801/15458-117979/-14559-346
390341/775*-510--816+-727--745+-296178*+-917-363*-65/-689-463/-917-,---++-+-*/390-399775-510-816-727-11*-296178/*-917-770-65/689-463917
-121706*-882/-388/-752/-164/200/-750*169/739*671*-955+837572/-804-,--+**/*/////*-121706-882-388-752-164200-750169739671-955/837244804
-604-681/-993+-504244*-644-175/-808*--859653/--294-706/+-107917*456*-,-+--+/-604-681-993*/**-504244-191175-959/-859653/-294-706**-107917456
-631-200/730*-948+956-492--969420*+722-513/--441+-342-996+-311+-681-,-++-+-+--++/-631-200730-948392492*-969420/722-513-441-342996-311-681
153575*-87613/+697--628-982/563*-943-174+-670-676/-537/-298-477/+,+-+---+*153575/-87613697*/-628-982976943174//-670-676-537+298-477
-714-709*-742*-190--262--844409/267/143/-786*-550+617600/-178*-861/+,++---**-714-709-742-190-262*///-844409267143-786550/*+-342600-178-861
331-727*740*-354--849994*-284785/-125-240*681*589/-283-621*--520-,------**331-727740-354*-849994/284785/**125-764681589*283-621-520
704199*-269+-91--401+-711-205*-988--632734/202/505/+-742-396*-209/-,-+-+-+*711199-269-91-401**-580-205-988///632734202505/*-742-396-209
-236904*152*-914--421111/-586-280*-211/--678-907/-636*-771/--731948*-,-----**-236904152-914/-421111/*586-280-211/*/-678545-636-771*162948
-242-373/521661*-277+-738-534/-369236/-678--862-374/+-175-16/307*+,++---+-/-242-555*521661277/-738-534/369236678/-862-374*/-175-16307
-127101/-101/5156*-444*-52*--812--214744/-403*158*+-716--287-766/-,-----*/-127101-101**-5156-444-52-812**/-214744305158-716/-287-766
535-215-783--810-363*+398--981--143-802/--240+-831+-38268*+-235--65-,--++*---+--535-215783*-810-363398-981/-143-802-240-831*-38268-235-65
882-254/895392/-662/701*+323321*+195-80/-487/132*--737+138-431/-,-+-+-/882-254*//895392-662701*-917-755*//195-80-487132-737/138-431
176-531/-772925*-255*-709812/+-486+62244*+204--527+195-127+826+,++-+++++-/176-531**-772925-255/709812-486*789244204-527195127826
244764+-419316/--703-121/+387950/--118-301*+-226626/-603740/+-275+,++-+-+-+-799764/-419316/-703-121/387950*71-301/156626/603740-275
-853342663/-858*204*+427+-935+286+-274--423-455*-589/--404-623*+-410+,++--++++-853*//342758-858612427-935286-274/*-423-455-589*-404-623-410
-471507--929-967*+-785-762525*+439571/+660+398+-502+-639--450+-228+,++-+++++-+--471507*-929-967-785*698525/439571660398-502-639-450-228
920-829-666*443/90*-965/277*--751+867-294/-452+192913*80*+-671-,-++-+-919+/*/*-829-66644390-965277-751/867-294452**19291380-671
120-835365/+599-389/-260/-983*-351*--146--472745*-760*+599--616619*-,--+--+120/-835365**//599-389-260-983-351-146**-472745-760599*-616619
-512-146*585*-28+346-103/-540+-515+295--892626*--287-988-939/+-639-,-+---++-+**-512-146585-28/346-103540-515295*-892626-287/988-939-639
359-385-78/142*--903+-476-650786/--915109*-148-478/334/924*+449+,++--+*-359*/-385-78142-903-476/650786*-915109*//148-478334924-272
40268*811/-845/943+703900*--962--109+844+-16497*+944780*-298+,+-+++-++//*-740268811-845943*703900-962-109844*-16497*944780298
-968803+-74138*--824-727-821-466383/-894*-258-851*-924/-470-287+,+-------+-968803*-74138-824727821*/466383-894/*-564-851-924470287
-149-415/-444-788*-325-936/+-970-124*-399387*63/+-783+384981*-134/+,+++-+-/-149-415*-444-788/325-936*-970-124/*39938763-783/*384981279
775-399/-876*-770/-675/-10+790433/-907-106-566-364*6/--720--485+,+-----+//*/775-399-876-971-675-10/790433907106/*566-3646-720-485
-970-391*-685/-187/-282*-359/-948/-493/-619-994/-988/--281+41+-882--639-,--++-///*//*-970-391-685-187-645-359-948-493//-619-994-988-28141-882-639
301839-223/-549/45*617/--340+566415*510*-697-775+-781--640--156-,---+--+-301+*//839-223-54945617-340**566415510697775-781-640-156
376-94+-988-863-575-383+959175/+810-678-281--429-919/+494-994*-,-+----+---+376-94-988863575383/959175810678281/-429-919*494-994
-347856/112*602*-816*-769*-598/869*-118*996/222-949*-581*962*-424/+,+/**/****/-347856112375-816-769-598869-118996/***222-949-581962-424
-655718/636-939-663*-699-581/-755+-402+-598407/171/+731+317+-857-,-+++++---+-655718636*939-663/699-581755-402//-598407171731317-857
46-874/328-655203/--53912*+467-62*928*-396-621/434*-743/+337-,-+-+--/46-874328/655203*-53912-*467-62928**/396-621434-743337
-381-365-998+-93-361*968*+-422+843--868-847--705-457*303*-302/+-819-,-+---++*--215-365998**-93-361968-422843-868847/**-705-457303-302-819
-764285--942+-216631/-601/-656*+431-687*-897398/316*+309647/-581*+,+--++--764285-942*//-216631-601-847*431-687*/554398316*/309647-128
-568250*769/564-144+-796-617-291*--980+280922*44/-166*-691*-50/+,*+--+-+*-568250769564144-796*617-291-980/**/*28092244-166-691-50
-440813-929*91/+32+132-466-505/+-946+-163-52/--407305*-568/-856*+,+-++/++-440/*813-9299132132/466273-946/-163-52*/*-407305-568-856
580-878358*+154--393-540/490*381/-815--108-250145/6/-547*-695/+,+----+580*-878358154/*/-393439490381815-108/*//2501456726841
109-764+-212850/-796/-119/-764/+344-9/751*+513--828-978*-546/-703-/,--+++109-764////-212850-796-119-764*/344-9751513//*-828-978-546-703
46121+331971*598/+-866+951-806+-713-320875*-369/+-123-224362*+,+-+-+-+++46121/*331971598496951806-713/*320875186-123*224362
-479-890+-953978*453*+-715-212*224*+277--331-369*--156+-575971*-443-,--+--+++-479-890**445978453**-715-212224277*-331-369-156*-575971443
818807818*-397+-16366/567/4*--847-848*-49--14973/-966*-28-,-/---+-818*-79818397*//-163665674*-847-84849*/-14973-96628
134-542-303/-425-119/-753+588--984-367/-762-923/-529/--634-653*170*-,----+-+134/288-303/425-119753-592/-984-367//762-923-529**-634-653170
-508850+-304+750-382*-190-826*+-77+973-315/-158+116+250+707-728*+,++++-++-++-508850-304*750-383*190-826-77/973-315452116250*707-728
489-229+37-175*594*+-477-124903/--817-316/80/-611/+-341-908915/-,--+--++489-229**37-175594-477/124903///-817-31680-611-341/908915
-498-496/-297*493/-668-680*-230/818/-394*+-775+-560+-192615/+-99+-657-,-+++++/*/-498-496-297493*//*-668-680-230818-655-775-560/-192615-99-657
-924826/663/-664-718/-395/-369-422-873*-645-668+459+93266/-48/-,-++----//-924826663//-664-718-395369*422-873645-312459//336266-48
-802326-739/+-346-952+895995*+-709827/-6*-55/456*+-715-738/125*+,++++-+-802/326-739-346952*895995*/*/-709827-6-55456//-715-738125
-215806*149/774/-24428*-269+-936542*--896-2/+758-783-900-338*+,+--+-+-//*-215806149774*-24428269*-936542/-896-2758783*900-338
-859-138*634*-864/866530/-247+794-799/--485+6+717646/-346*--490-,--+--+-/**-859-138634-864/866530247/794-799-4856*/717646-346-490
924-898*-74-128/-484-845*98/526*-925*-185*886*--633753/-894/738/*,+--*924-898/-74-128****/*484-84598526-925-185886///-633753-894738
901122/886/-24*-150--98-709/319*974/-470/842*928/-107956/139*+,+--*//901801886-24-150**//*/-98-709319974-470842928*/107956139
-898897654/+697332*+722280*--992828*+-595+57461/+492579/+-7+,+++++-++-898/897654*697332*722280*-992828385/57461/492579-7
607202--147+-807291*-674/--11699/+383/652-795*-287*981/457/995*+,+++-+-607202-147/*-807291-674/-11699383*//**569-795-287981457995
6-495*614-907/520*--515-586*-950-646*963/830/+-447-279*-874837/+,+-+-**6-495*/614-907520*-515-586//*950-646-785830*-447-279/874837
-282-31-260-81*-332/690/-290*+76+-965530*-464*-58556*-14-380-,----++--282-798*//*260-81-332690-29076**-965530-464*5855614380
-491-504-351/-977850*-203/-411-257-270+-259+-855-323--633--742+823-,*+----+---+-49-504351/*-977850-203411257270-259-855323-633-742823
548-371/-771*200*186--393+894+-438--809165*199/+-880--610--741+-276-,-+--+-++-**/548-371-771200186-393894-81/*-809165199323-610-741-276
-698-488107/205*+-203+772--320-446*-788/-94*+-258+202670/--415-707+,+-/++-++-698*/-488107205-203772*/*-320-446-788-94-258/202670-415707
-924612/976/-924*401*-52563/+608+-910184/915/-355/-714817*+969+,+--++**//-924612976-924376/-52563608/*/-910184915-355*714817969
-122-836*-76/-585/990/-724--509263/504/383/+-403+921723*524*-178*+,+++-///*-122-836-76-585990-724///-509263504383-403***921723524-178
744937*-154+110-815+907+-213--825+920--170-278-505*-721*-567-665+,+----+-++-+*744-943-154110815907-213-825920-170**278-505414567665
249958*-90*494*-723*-944540*+664+-243-46-344/+874-868/--900-486-,---+-+++***249958-90494-723*-944540789-243/46-344/874-868-900486
-720114/-238/540/186-111/247/--18-5*+-919292/-288740*-518*--702-,---+--//-720114-238540//186-111247*-18-5/-919292**678740-518-702
-709-636/580+116253*--936-856/+-41-252*996*371*-920*--821+-698--66-,--+-+-++-709-636580*116253/-936-927****-41-252996371-920-821-698-66
-308644-999-773*--927--938804/-349*-607841**31+-145-221*+-876--169+,+-+/------308644*999-773-927*/-771804-349*60784131*-145-221-876-169
417-56-518623/318/+-64735/-97-355*+650908*-895/+-665-319*+898-,-++++-417-56//518623318*//-64735-494355/*650908-895*-665-319898
-704447+171171*+331-527--141+565739/-563/680/+963475/781*-114/-,-++--++-704447*171171331527-141///565739-563-865/*/963475781-114
-134446/407869/-769*--653+658--368--878+429--330-42+-193+218641/-,-++--+--+-/-134446*/33869-769-653658-368-878429-33042-193/72641
-24-250-402/+622-167/465/-6*+-19850/+-937+-837774*+895+-471703/-,-++++++-24/-250-402*//622-167465-6/-19850-937--837774895/-471703
-560719+785-978*-329*573*-875--9-590+-868612*-979/571*474/+-216+,+++---+-560719***785-978-329573875-9590/*/*-868612-97957191-216
-284901-489497/-918*-917336/271/-527*+-96-727+161-574--985888/+,+--*-+---284901*/489497-918*//917336271-527-96727161574/-985888
-800-965175*801*-588*+71-607*635*-931/--266+978664*-843*+-614+-663-,-+++-+-800***-965175801-588/-*71-607635-931-266**978664-843-614-663
-777-57+-14839/--31399*+923--830-625948/7*--623--950+-744-992*-,*+----+-+-777-57/-14839*-31399923-830*/625-99151-623-659*-744-992
117559-611-844*-43*+-127--615--423-445--585+-870943*+27--596-496+,+--++----+-117559*/611-844-43-127-615-423445-585*-870-74327-596496
-662-771+-295+921-12288/+367-626/-668/-885*447*801/+748409/-425+,+-++-++-662-771-295921/12288/**//367-626-668-885447801/748409425
-880-625/394-410/-429*253/+250-20/--376192/-126/265/+567--457-817*+,+-+-+/-880-625/*/394-410-429253/250-20+//-376192-126265567*-457-817
-691-30/-545/-216251*+15+230+-945231*+302862/-112+785+989-361*-,-++-++++//-691-30-545*-21625115230*-945231/302862112785*-112-361
915-654507*-253*--841+619399/--440-279*+288-914*-654*-201479/+7+,++-+-+-446**-654507-253-841/619399*-440-279**288-914-654/2014797
702692/-827+-351326/-54/+134--634-823/+-113+844+-75+715-297*+-692+,++++++-++/702692-827//-351326-54134/-634-823-113844-75*900-297-692
125-653*273613/+586-344*+732+-307+555+-459--879-788*+453+468-727*-,-++-+++++*125-653/-487613*586-344732-674555-459*-879-788-598*468-727
773-126*342*534--69+435-507/-356*-401-893/-491*+329-86*-373/-211*+,++-+-**773-126342534-69*/435-507-356*/-580-893-491*/*329-704-373-211
-503-903*296*107-147/344*725*912/993*-379*+772-539-294/-179/273/-,--+**-503-903296**/**/107-147344725912993-379772///539-294-179273
589-575*-117+-512-991*-456-662/915*+-855605/+619-566/-851*-809*-400+,+-++-+*589-575-117*-512-392*/456-662915/-855605**/619-566-851681400
-284-898-398/+-182-670487*-320--769-354319/-610/-91*-456+471+146+,++++----+-284/-898-398-182*670487320-769*//520319-610-91456471146
7985*67/-665*301/-674*482/-792/-652/962/588--757+28127*-698+,+-/-////*/*/*798567-665301-674349-792-652962588-757*28127698
362969*-447-292/+29--442+10-41/--9+81118*-813-427/-956-374*+,+--+-+-+*362969/-447-29229-442/10-41-9*81118+813-427*956-374
-413-311+875--339--8-912/-495/-12/525/97/-341*-157*+500685/+-810+,+++--+-413-311875240**///+/-8-912-495-1252597-341956/500685-810
-315-367--704+-988--82-945*--378-629/-435--129+211+-936+541+-453-82/+,++-++----+--315-367-704-988*-82-945/-378-629435-129211-936541/-453-82
-137-690*-612927/-251+889-401*-24/-722--319/+112+-506890*-152*+674-,-++++-*-137-690/-612927251///*889-401-24-722-319112**-506890-152674
-737-701893*-587/68/-331*+334-188/-82+-332-31833++-190489/979/-,-+-++-+-737*//*-701893-58768-331334188-82-332/31833//-190489979
-870-679*320+-491+397+-753+174-862/-467/962*-704*-146/*-193340/--1-,---++-+*-870-679320-491397-753/**/*174-862-467962-704-146/-193340-1
-213-334/-976/-15/581*-867+-690-379*-566*-753/--20987/--96-738/+501-,-+--+*///-213-334-976-15581-867/**-690-379-566-753/-20987/-96-738501
-590126*425/988/-176-747*+637--617+-223-508404*566/353/57*+-31+,++-+-+//*-590126425988*-176-747637-617-223**/*508404566353-391-31
50192644/-800/-751*-394*+-640+-616+-751+32--476-770/--462+-949--415-,--+--++++564**//92644-800-751-394-640-860-75132/-476-770-462-949-415
-132-204-793*-775+-87469/703/-726+-994-843/628/+801988*173*+496-,-+++-+--132*-204-793775//-87469703726*/-99417628**801988173496
-330700-670*-900*878*--808-265/-571/-884/220/-563*-219*-234*-944/156*+,+--330***700476-900878*/***////-808-265-430-884220-563-219-675-944156
175-13261*--141--841957/730*-111*888/-897*233*-752-23890/-286*-,-----198*-13261-141**/**/-841957216-111888-897233752*/23890-286
229755/313/363-122*-496/411*-124/843*702/-529*183*+411--451486/+,+-+//229755313**/*/*/*363-122-496411-124843702-529183411/-338486
-659-785--537848/-273*+-6560*+-129975/-821/+44-6+-653-387/-428*+,++++++--659-785*/-537848-273*-6560//-129975-821446*/-653-387-428
529-134/-961-275858/-782*+-117--565+-409+-678-553/-662-182*-252/+-338-,-+-++-+-/529-134-961*/275858-782-117-565-409/-678-553/*662-182-252-338
834-705402*-487*+-581-308*583/900/-996/--732-292*863/+-854--856+64+,++-+-+834**-705402-487///*-581-308583900-996/*-732-292863-854-85664
973669/971*99--535-642/-752+-259+678-498/-739*731*-16/79*-380/+,+++--//97366997199/-535-642752-259/*/**/678-498-874-824-1679-380
369991/-704+166/-604-336*11/-515*200/29/145*+804+175+967-413+,+-+++++/369991-704166-//-/*-604-336-232-51520029145804175967413
-720-903217*866*-514*-129*+-582950/+-320-80+-64+-210-242*-31--581-,---++-++-720****-903217866-514-129/-582950-32080-64*-210-24231-581
-472-777/487*-875*-397*-996+-218-502*-807*+219--348-619+-171-549*-841/+,++--++***/-472-777487-875-397-996**-218632-807219-348619/*-171-549-841
855907*-543/853457*-642/--935--246-249*+316520/956*+127551/-573-+,+++--/*855907-543/*853457-642-935*-246-249*/316520956*/127551-573
812810*-855*-151+246--197-93*-267/-553+-549+435+370--257--863-851/-,---+++--+**812810-855-151246/+-197-93-239553-549435370-257/-863-851
-785156*853*-902-654*823*606/+540-641+461373/-231/+891+870--472-,--+++-+**-785156853/**-902-654823606540641//461373-231891870-472
880-71182/-465/+-50585/+223--153--422--470428*+-37-428/+85-705/+,+++---++880//-71182-465/-50585223-145-422*-470428/-37-428/-531-705
-3683485*/681-662*+-696-337/-558*+69216/-594361/-196/-416/--383+,+--++--3*683485*681-662*/-696-337-558/69216*//594361-196-416-383
-893209/452525/+-583+939+-945--829246++370-763*-970*-790/-640/-194+,+-+-+++/-893209/452525-583939-945/-829246//**370-763-970-368-200194
75047886/--850--800-536*-133*--63+720-601*+95123/-520*-224*+644+,++++---750+47886-850**-800-536-133-63*720-601**/95123-520-224644
-246-697-478964/-833/+-298982*-462*-488*+-460-285/-864/-192/305*-305*+,+++--246-697//478-939-833***-298982-462-488**///-460-285-864-192305-305
55-466-300--590--642+-593--86494*--481885/-400/667*-258+-349669*-,-+---+---55-466300-590-642-593/-86494*//-481-230-400667258*-349669
594-354--626-914*-432*--198+-845389*542*-698+297--732--782--820+-2-,-+---+-+*-594-354**-626-914-432-198**-845389542698297-73268-820-2
-275873--176721*-57/--912-807-527/332/-654945/-78*893*+221-457*-,*+-----275873/*-176721-57-912//807-527332**/654945-78893*221-457
630449*-155--156629*-514*-785825*+382-461/152*+-547-275/180/+553+,++++--*630449-155**-156629-514*785825*/382-461152//-547-275180553
334-324+-147-172*+-730-122/122/-729/-365/--546+965--66-43+208914/*,-+--+-++-437-324*-147-172////-730-465122-729-365-546965-6643/208914
274-682--391+831-54*+860-367/--33650/115/967/+-1869*+-308860/+,++++++-274-682-391*831-54/860-367///-33650115967*-1869/-308860
-641363-634/921/55/-984*-264/190*655/642/--547-38537*+653+-749-,-++---641//*/*///-1000-63492155-984-264190655642858*38537653-749
-980-867*116-760*-552-42--964609*+-110-64*-254--910-960*-759/+-96-,-+--+---*-980-867*116-76055242*-833609*-110-64108/*-910-960-759-96
-191-512129/-747-150*114*--498+-887-710*--60235*500*+-661-991--138+,+--+-+---191/148129**747-150114-838*-887-710**-60235500-661991-138
-343204+-5--314--326-410533*-591--876-6-615/343/367*+-74-41+,+-+------+-343248-5-314-326*410533591240*//6-615343367-7441
-712-126*-77/706/740/49*-698*223/-646-391*-485-581-370--277+-774-,-+----/**///*-712972-7770674049-698223*-646-391485581370-277-774
-977622-780*+781-766/-967*+311+725+615-429-493*-902*+594--508+-575+,++-+-++++-977*622-780*/781-766-96786725615**429-493-902594-508-575
487218/249+46-227+253-601/-834*-889--805280*132/+-661--62704*+,+-+/-+-+/48721824946227*/253-601-834889/*105280132-661*-62704
-32251*775/37+429-431*971/+-551--553-718/763/-404*-436+-89-229*+,++--++/*1365177537/*-358-431971-551*//-553-718763-404436*-89-229
-314-313-652+-125794*-659*-328*-264*248*421*--922--771-127*+-78-411+,+-+--+--314-725652******-125794-659-328-264248421-922*-771-127-78411
556-953+-50624/+-833--527+903+298871/-710/121*+439299/-673+124-,-+-+++-++556-953/-50624-833-527903*//298871664121/439299673124
-581-799608/+-598-962+-909--817225*+-723705*635*--450-105--692-490+,++-*-+-+-+-581/-799608-793962-909/-817225**-723705635-450105-692490
146-44*325*-168/-685/-512-361-868/+204-501*-420*-957-590/+795+-34-,-++-+-//**146-44325-168-685-512/361-868**204-501977/95783795-34
-893-715199*+-620-756--207--571+238+614-511/930/-986*-454/--244282*+,+-++---+-893*-715287-620756-207-571238/*//614-511930-986-454*-244282
-64431-169*+279-200/453*-764--85+-593522/-149*227*+-519-368-738+,+--++--+-644*31-169*/279-200453764-85**/-593522-149227-519368738
-116-733-704*+981+-243-173/--320+280--883384*-542+25/301/352*+953-,-+-+-++-116*-733-704981/-243-173-320280*//**-883384-542226301352953
-509-593/-165-498*+-232139*+-28-387-123-185/+598-581+893-334*-778-,--/-+-+++/-509-593*-165-498*-232139-28387/123-185598581*893-265778
576285/160155*-744*396/-197+--999--625-242*-205-234486*91/+-496-,-+----/576285*+**788155-744396-197-999*-625-242205/*23448691-496
501-346+-751-415*--91+988-168186/256*+-850951/77/+344717*+-589+,++++++-*501-346*-751-415-91988*/168186256//-85041377*344717-589
46-209*-883/476+-20791/+941+942-923/648*-633/-639/-281-543--35-,----+++**46-209-883476/-20791941*/*/942-923648-633-639281543-35
-37377-592/+-73384*880*--100846--175/244*-303/+-707-242647*-353-,---+-*-37/377-592**-73384880/*//-100846-175244-303-707*242647353
165485/870*942191/763/+988-680702/+-358+466351-+-757+-586574//,+++++-+*/165485870//942191763988/680702-358/466351-757/-586574
263307/284-866--683955*+339/182608*+-59-206/+299-371285/+-96-,-+-++++--/263307284-227*-683955339*182608/-59-206299/371285-96
-7218513*--115-612-295/490*-774+939--100--434-263*+-522+-967188/-,-++--+----721*8-291-115*/612-295490774654-100*-434-263-522/-967188
88101164**491+34+886-63872/23*--788+-611-551352*--33021/+,+--+--++-88*10116449134886*/6387223-788-611*551352/-33010
-931074*669*+-570-689/--579-436*--807147/199/-550/-698/+-38-458-,--+--+-93**1074669/433-814*-579-436/*//-807147199589-698-38458
561692-190*+-965612*+356+998+433+218+-913-86*--38+-485782*--701+,+-+-++-+++561*692-190*-965612356998433218*-913-86-38+-485782-701
614383/-702/-759+901+38-649*+276-840-437*519++218-951*+-268278/+,+++-+++//614383-702-759901*38-649276/*840901519*218-951/-268278
416585*-844139/868*858*+976+965+-217+-150/504+-2302*-762/-350/-,-++++++*416585**/-844139868858976965-217-150504//*-2302-762-350
968-100/-382-906/--100+428-746*--448-460*+-785-485541*+458-365-137-,---+-+-+-/968876/-382-906-100*428-746*-448-460-785*485541458365137
258893-32/826*-786/-19*-604*-456815/266*-443-179-197*972*-960*-,--+-258**/*/893-32826-786-19-604*/456815-242443***179-197972-960
363390/980598/+-887-643*--700+936720/+-253-924+-315-637/--240-131/-,--+-++-+/363390/980598*-887-643-700/-866720-253924/-315-637/-240-131
-871505/704*303-76-606/107*+-648-137404/75*+198869*-677-298*+,+-+-+-*/-871505704303*/76-606107-648*/13740475*198869*677-298
942952/-826613/+-978+-68/-398448*--451539/--510--73-308*+443-109/+,++----++*942952/-826613-978-68*-398448/-451539-510*-73-308/443-109
817957*26/-999/58-548-667-893/+672416/+266--755498/+161854/-,-+-++--//*8179572615158548/-975-893/672-503266/-755498/161854
-574-968-576*-102*+817-493-377/-988--740-736*-549*-52-949194/250*+,+----++780**-968-576-102817/493-377988**-740-736-54952*/949194250
848-752/607/858466/768/-271+66--305-886*199/-566618*+-681-583+,+-+--+-//-448-886607//85846676827166/*-305-886199*566618-681583
-666-549/25*395*-88*298-152/-570404*-987/-686*--33-207+-830--290+,+-+---***/-666-54925395-88/298-152*/*570404-987335-33207-830-290
729410/722+-653--612+-255-563/-777796*+372--759-753*-53-408-621*-,----+---*/729410722-653-612/-255-563*777796372*-759-75353*751-621
587-97+1-741*--853--712-365*-800680*--589+-578+159564/-778+-841-,-+-++----*587-97*1-741-853*-712-365*800680-589-578/159564778-841
39344581/712*--827-919-88--852317/379*-158*721*+234--43+-735-,-+-+----393*/445-563712-82791988***/-852317379-158721234-43-735
-309-791*-149/-51-16+950961*354*-176/-332+625+13353/496*+-202+,++++-+-/*-309-791-149-51-601/**950961354189332257*/13353496-202
-652832-445*886/+-67462*+-689+783271*-927+11921-537/+-984-867+,+-+/-+++-652/*832-445886*-67462-689*783271927/*11921537-984867
-391-148*-485+324+805-113/+215-516/860/-536/-743-990/--286--695--905-,-----+++*-391-148-485324/805-113///215-516860-536/-120-990-286-695-905
142-877*-272*332-95*-546/--282444*+16--953+-571--359290/-144-435/+,+--+-+-**142-877-272/*332-95-546*-28244416-953-571/-359290/144-435
29887-27/+334154/491-+439+840+-29+49721/45/--303882/868/+,+-+++*+29/887468//334154491439840-29//4972145//-303882868
411-93+304-755*-587/-297*81/+-87941/-805/--729-475-434*49*-325/+,+--++411-93/*/*304-755-58746881//-8794182-729/**475-43449-325
-255461/548-155-58*--859+-14--514/-926-276654*-145-110*+364467*-,-+----+--/-255461548*155-58-859-14-514-926*-122654*145-979*364467
-992-559+-668161/-835*-51*-490/-898/+799+776+751-195/119*958*+868+,++/+++-992-559//**/-668161-835-51-490-898799776**/751-195119958868
829-235*28-232*+-449718/-637/+-342-139/-974-988418*--93--805--461+,++----++*829-235*28-232//-449718-637/-342-512974*988418-93-805-461
390-385-388560/--506-573*+-940604/+-531+210584/-663*-12--44279*-,--+*+--390-385/388560*-506-573/-940604-531**/210584-182-12*72279
-747-98*174*663/28365*735/-266/127/+-772-795/+-957+-406+351-981*+,+-+++/**-747-961174663///*28365-721-266127/-772-795-957-406*351-646
-409351+-87+2576/-597*276/--729--585-392+-87--475--985-371/+750-,-+--++--++-409351-87/*/2576-597276-729-585392-87-475/-985-371750
877146-996+-466-505/+-62885/-896*-457/--511-193-201256*-205*622**,+---++-877146996/-466-505/*--62885-896-457-511193***201256-205-845
-468728*972--463+26403/-712*--892--704+-787-400--158-293*+723743/-,-+--+--+-*-468728972-783*/26403-712-892-704-787400*-158-293/723743
139-979*282*361+-856523/-972*64/510/--752-821/932*--8+-39+-212+,+++--+**139-979282361*/*/-856523-97264510*/33-821932-8-39-212
524-47-203*326/-970*+-17-518*-176*-896*238**388+790-915*579*-114*+,++++524*/*-47-203326-970****-17-518-176-896238388*/*790-915579-114
-12308+-628--865-325-456/--364--94420*+229+913--533497/-71--24-,----+++--++-12308-628-865/325-456-364*-94420229913/-53349771-24
789298-871*-564+669+-711--339824/130/+901-426*721/--395+71086*-,-+-+-++-789*298-871564669-711//-339824130/*901-426721-395*71086
-71834+-660-343*-327*727*+-465+506+746+-957+-382216*+-396-605/--59+,+-/++++++-71-573***-660-343-327727-465506746-957*-382216/-396-605-59
-37945/-99--939+-412--412-613-976347*-372*+59788/-455*-676/--312+,+-+---+-/-37945-99-939-412-412613**976347-372/*/59788-455-676-312
-187-438/-565337*682/-230*-794/+533-8-987-36/274/747*665*--113+,+---+--187-438/*/*-565337682-230-7945338**//987-36274747665-113
977-506/-5*-781+675--970+-909+366+5-318*691*-478/--957--144-17*+,+--+++-+*/977-506-5-781675-970-909378/**5-318691-478-957*-144-17
359-25-186*-250*+24-489/-328*+-498--513+557831/457*-866953*417/+,+-+-++359**829-186-250*/24-489-328-498-513*/557831457/*866953417
406455/335*-726-616/-769*825/-828*+-178-144+332+756-739--422+-178-,-+--++-+*/406455335*/*/-726-616-769825-828-879144332756739-422-178
-370852/63373*-43+-102-249115/+38089/348*-535*+-47-771*+688+,++++-+-/-370852*6337343-102/249115**/38089348-535*-47-771688
-599213510*-212*840/+-938-676+-634817/+-29+-400504/234*+-955533*+,+++++-+-599/**213387-212840-938581/-634817-29*/-400504234*-955533
383422--686-722*-485*+29311/-72/-686-996*+61634/+41-356/-514--,-++-+-383422**-686-722-485//29311-72*686-996/61634*/41-356-514
-587-316/938-735*246*-448/-836*938*156/-71/--613284/+-980197/-849-,--+-/-587-316*/**/**938-735246-448-836308156-71/-613284/-980197849
116512+16--511+88468/448--882/9*975*--451--167--650+766251*+,++---+-+11651216-511**///88468448839150975-451-167-650*766251
548-989947/929*-9/+-158362/+535-1890/-25-32/-943--804-303-,------++548/*/-989947929-9/-158362535/1890/25-32943-804303
-787611-680/-338/-319/-169/238/--564--841-809777/-218*-701/*645+-976-,-++----787/////611-680-338-319-169-130-564-841///809777-218-701645-976
545641-579/238*-428/357*-534-279+-973-748/-110/-460379*243*--14-,---+--545*/*/641-579238336357534279*/-973-748-110**46037919-14
331-149*617/-623/397--153188*+78300/814/+-781--539709*+-997-331+,+-+-/+-//*331-149617-623397*-153188//78300814-781*-539709-997331
-737261-19*-242-751/+-947227*190*223*-882*--2711*805/-596-692-,----+--737*261-19/242-751**/*429227190-437-882/*-2711805596692
-802-591606/-827/-469+4535/171*-403/-465/-483*-299*+810-335*268/-,-++--802//-591606-827469*+//*/4535171-403-465-483-299/*810-335268
95387/-40/79-892*-285/893/174*+-425777*-369/+-200-681/-662/-184+,+-++/+95387-40*//*-863-892-285893174/*-425777-369//-200-681-662184
786-996--859-190*403-547*663/-632-451/-600*--20441*864*--449--817-,------786-996/*/*-859-190403547663*/632-451-600**-20441864-449-817
633543/-41/723/62*-537-426695/--258-782683/-853/-921-110/+-245+,++-+--*///633543-6572362-704/426695-258//782683-853/921-110-245
-914-282283/+202+-34-159+-436+-364176*-268+-517+-25-609+417680/+,++-++-++-++-914/-282283202-34159-436*-364614268-517-25609/417680
-806479*343152*+-584-692*+-368-734/-236679/-878/736/762*--253675/-,---++*-806479*343152*-584-207/-368-734*///236679-878736762/-253675
-99460-18*33//372528*+-876--949+-387+720348/+463-966/867*528/+,++++-+--994/*60-1833*372528-876-949-387/237348/*/463-966867528
278-953857/+-907810*--272487*-516839*-443-157*288/+-661634*573/-,-+---+278/-953857*-907810*-272487*516839/*443-157288/*-661634573
-149-913462/--71-772-905*+56+-190908/379/--866661*--58+358738/-,-+--++-+-149/-913462-71*772-90556//-190908379*-866661-58/-635738
248-88553/-873/-779/-458/-674*+-587934*-701*451*-604/--997241*157*+,+-+248*////-88553-873-779-458-674/***-587934-701451-604**-997241157
-620-427/-280-692/-154/--933526*226*-844+-582-703+71877*-138-+934-,-++-+--/-620-427//-280-692-154**-933526226844-582-730/*71877-138934
-171504-535/--377+-948-483/-752*772*991/-469--112583*497/+-868+-590+,+++--+--715/504-535-377/**/-948-483-752772991469/*-112583497-868-590
449-72-793+204-142*+413+515+-685911*686/469/+-829+885+-452151*-,++++++++-449-72793*204-142413515//*-685911686469-829885*-452151
-169-303+800+-949-322/-646*-777*-928*+-14727*-819/-102/+382+-89+865-,-++/+++-169-871800***/-949-322-646-777-928//*-14727-819-102382-89865
825-323*357/-916*131/821--479-887*+426442*-6/362/-772/576*-19+,+-+-/*/*825-323357-916131-77*-479-887*///*426442-6362-77257619
-468-909/-514-679*-356-148/-471*733/281*691*-996/+463-601-75/905/-,--+-/-468-909*-514-679/**/*/973-765-471733281691-996463//601-75905
477-595/-139-799*+-4498/--951+-34899*-848+735-92/3/+603280/-,-++-+-+/477-595*-139-799/-4498-951*-34899848//735-92-362+603280
-7771/-224*651--611+-413-587/-27/-871*+-821+-303-377*+119531*-551-,--++++-*/-7771-224651-611*//-413-587-410-871-821*-303-377*119320551
199740-269-241+929+-751+961999*-308+-866109*--579-217*+-186-254+,+-+-+-+++--199740269241929-751*961999-916*-866109*-278701-186254
103-468--945161*115/-907*159*--734-353+76406/-490*-109-173/-954*+,+*+/--103-468**/*-945161115-907159-734353*/76406-490*/109-173-954
162440*-464+64-443*+650+960+359-712*-923*+-606-207*285/+-615+203+,++++++++*162440-464*64-443650960**359-712-923/*-606-207285-615203
12337/-487-386*-471-751*-153/-264/-654/+-830-129*+-192+-812-905*-979/-,-++--/12337*-487-386///*-317-751-153-264-654*-830-129-192/*-812-905-979
-20-679*-900+129-342*+-876+966+584-98/--162-528*+800/-776-121++564+,++-+-++++*-20-679-900*129-342-876966/584-98*-162-528800/-776-121564
169129*565*-542*-475/855/-75+496-134827*932/-177*--897--226-472/+,+---+//***169129565-542-475855-75496*/*134827998-177-897/-499-472
-578-911/-281/-275-194-718/34/--383794/--627-554/--821--16+761403/+,++-----//-578-911-281-275//194-718883/-383794/-627-554-821-16/761403
-348745*537+-516/-620-313*--816+-660--928+-580+-723+-780-506*-821/-460/+,++*+-+//**-348745537-516*-620-313-816-660-928-580-723//*-780-506-821-460
-336630*-348-775/-457*--659111*+-379--929-759183/-742/--965+444+-493+,+++---+-*-336630*/-348-775-457*-659111-379-929//759183-742-965444-493
-771732/742*937*968+283+462+-544+-26+554-995*406/877*+78322*+,+++++++**/-771634742937968283462-544-769*/*554-995453877*78322
-789-17-438*--517--730-360/-856/--844+735+-254+-882+-12--694-81524/-,---++++----789*-17-438-517//-730-360-856-844735-254-882-709-694/81524
836-998*-4-757/-28*-626/--511113/+437-369--4330/904*310/-901*-,---+-*836-998/*/-4-757-28-626/-511-855437369*/*/-4330904310-901
344558--623698*-64868*--580-526-918/-945*882*+114-900--277178/+,+--+----344558*-23698*64868-580**/526-918-945882-743900/-277178
167396-960*+669-928*+-878485*-240*466*--903-584--842-646*+-390574/-,-+---++167*-571-960*669-928***-878485-240466-903545*-842-646/-390574
-691401/984-530+-706-512/-403--553-94/-95/+-871+-997/336-337/-810+,+--++--+-/762401770530/-706-512403//-553-94-95-871-997/336-337810
948-199-733**-427+-26-274*589*-987/-770+846726*+474793*-390--253-,---++-++948*-199-733-427/**-26-274589-987770*846726*474793390-253
217-956/487599*-470*+684--546-913*--224+-111-237/+-853+-205+-810+700+,++++++-*+/217-956**487599-470684*-546-913-224/-111-237-853-205-810700
522-996/256698/-775951/-351/-860/337*12*99*--90390/+304-348/-,-+--/522-996/256698***///775951-351-8603371299/-90390/304-348
-361-805*-485/106/-224+43-607*460/-148/-628/-617/645/--376-71/+594+,++-+///-361-805-485106-107/////*43-607460-148-628-617-987/-376-71594
-413890--422-902346/474/+-944+-44584/--74820*514*+-87-958/+-978-,-++-++---413890-422//902346474446/-31284**-74820256/-87-958-978
-657-350-204650/--980973/+558+-408-681567/-704/811*206*+241-344/-,-+-++---657-350/204650/-980973-851-408**//681567-704811206/241667
-128561-631/-746-206+-439-964*4/-653--156+302-949+-544-76/+772+,+++-+--+---128/561-631746206/*-439-9644653-156302949*-544-76772
-490-496/506/-789/-985*709*-576-925/232/+610-511/-462/-465-636/--844-,---+**///-490-496927-789-985-696//-576-925-573//610-511-462/465-636-844
35055-105--553/+-422+-618--38-114+757--198-201+-737-752/+762640*+,+++--+---+350//55-105-553-422-618-38114757-198201/-737-752*762640
154979-399793*-573/-243*--353-37-743+426746/-525/944*-574-764/-,-------154979*/*399793-573-243-35337743*//426746-525944/574-764
-661966/581/22-826*-126/--93-419/-718*763*+-535-286/*167355/561/-,-++--/-661966581/*22-826-126**/-93-419-718763/-535-286//167355561
290825/101-988/-311--675-384/786*134/-196+-681-899+199-585/-761*+,++-+---/290825/101-988311/*/-675-384786134196-681899*/199-585-761
308699/-450+314683/--821+265+-337--944-419*-249/--646--538-285607*+,+----++-+/308699-450/31457-821-347-337/*-944-419-249-802-538*285607
534814*39/38+420287*-180/-48*873*+-155912/856*775/+-759--101-,--+++/*5348143938**/*420287-180-48873/*/-155-441856775-759-101
-284-713-698*+556+-471+959+-253-923/--893894*934/-111+-815-988/+68-,-++--++++-284*-713-698556-471959*-253-923/*-89389493428/-815-98868
-117-507/883+440712*--433-446-429/+293-747/381/231*519*-585946/-,--+--*/-117-507883*440712-433/446-429**//293-747381231519/585946
7-708920/+570+-196702*--54-516-827-406+774+55-781/-163*-26+,+-++----++7/-708920570*-196702-54516827-953774*/55-781-16326
847-637/-273793/21/+957-994/549*--548-497/942/--21-28*+48-427+,--+--+/847-637//-27379321*/957-994589//-548-497942*-21-2848427
-143196-578*162*+465-259*+551773/-746/-724/+-328+26619/-684/+-633+,++/+++-143**196-578162/465-259///551773-746-724-540//26619-684-633
976378*-739/-210/-754-154+--126+632-391/-112+600+-356-913/196/+-870-,-*++-+-*/*976378-739-210*252-154-126/632-391112600//-356-913196-870
-790-603899*--712+758+855+190-795*44828/-296/-235*--350+996174/+,++---+++--790*-603899-712758855190795*//44828-296-235-350/996174
40422-568/-408+-905-692/*915-54/-392437/--385949*756/-137+-224-,-+--+++-40/422-568-139/-905-692/-279-54/392437/*-385949756137-224
142884*879+-549/-597-75--5-575/-933/346*-22/-324*--343-593+577-,-+----/**142884879-549-59775*/*//-5-575-933346-22-324-343593577
837-259-617-522*-266/+-31-792*-893--738269/302/-723*-639*701/-34*+,+--+-837-990/*617-522-266*-31-792893*/**//-738269302-182-639701-34
-712-693*-986-523+-346-881*-720*-253*+-317-150+973-639/-934*494*+-161+,+++-++-*-712-693-986-200***-346-881-720-253-317150**/973-915-934494-161
-136578718/241*+261173*688/142*-583/978/+-161151*+112+833-138*-,-++++-136*/578718241//*/*261173688142-583978*-161151408*-502-138
960-542-700181*-790+-943-824/132/--104--234+637+436758/-800*+730+,++++--+--960-542*70036790//-943-824132-104-234637*/436758-81730
948-16479*-324+138-950*+-834-209*+67-993*+-179-81/+362+-194152/+,+++++++-948*87279324-138-950*-834-209*67-993/-179-81550/-194152
-671-611*-186+24-571202/--869--170-104/+-573700*-970/--721-57*85/+,+-+---+*-671-611-18624/571202295/-558-104/*-573700-970/*-721-5785
-27-960*-895*-900418/+-605--769-717*-598-383*+870-764*+689+-258-289+,+-*++--+**-27-960-895/-900418-605*-769-717*598-383*870-764689-258289
-820-977/-190/901/-829-984/767*152/+-471-793/815*--33365/+-491--270+,+-+-+///-820-977-190901/*/-829-984-117-478*/732-793815/-33365-491-270
-59-752-328*30/528*+23424*+-804+-981510/+-348801*-879-584*-986+,+--++++-59*/*-752-32830528*23424-804/-981510/-348801+879-584986
565-969*332/-879161*+739805/-918/-918/-256--552-660135*+-540+895-,-++----+/*565-969332*-879161//739805-918918-256-552*660135-884895
-22897--747-696/-274*-744-839/--950844/--179+-914705*+618+-880-141+,+-++++----22897*/-747-696-274-744-839/-950844-179*-914705618-880141
352-268-998/+295-97-365+270135/+-161-300/429/-934/666/-284/--792+,+-++--+352/-268-99829597365/270135/////-161621429-163666-284-792
284188-981*534/-916/--878-363/+-45-251*-844-307+523-826--853308*+,+--+/++-284//*188-981534-916/-878-363*-45-251844307523826*-853308
-507485--620-494*-374*+-835386/-115--865+228+-769538/605/722/-578-,--++--+--507485**-620-494-374/-835386115-865228///-769538605722578
-693-970/900/598/476-225-484*681*+10130/-280/--656-534/-899/-,---+-///-693-970900254476**225-484661//10130-280/-656-534/899
-232992*261--835763/+-303+-666-385/-425/+-106802+--213-955-415*--224+,+---+++-*-232992261/-835763-303//-666-385-425/-106802-213/955-415-224
296-264/332+664-387+22+-66-380/98*-797*817*869*+-957-4*+472+,+++++-+/296-264-83566438722****/-66-38098-797817869*-957-4472
-578-780+-837-286/+102--61-231*63/-152*-808+-872-653+-883-348+903+,++---+--++-578-780/-837-286102*/+-61-23163-479808-872653-69348903
-858718+354817*439*-26/85/-92222/-28*-895/+-973+216-828*173*-,-++-+-858718//**354817439-2685/*/92222-28-895-973**216-828173
-896489--854335/-427*+-633+-805-214/978*-919/-202-388*+-55-354-506-,---+-++--896489*/-854335-427-633/*/-805-214978-919*202-369-55354506
-536-105/636/298/-932778*+472-453/+-329-406/148*--849-603*-709*+-761+,++-++///-536-105636298*-932778/472-453*/-329806148**-849-603-709-761
-263845*-120+-187731*--554-394-785440*-166/608/-385/-373*-669*-152+,+----+*-263845-120*-187731-554394**///*785440-166608-385-373-669152
172-186/-205750/+803296/-985*-564/+-833333/-947--846-603*901/211/+,+--++/172-186/-205-99/*/803296-985-564/377333947//*-846-603901211
-520-759-623/--118+-815+-297-127*+218--310160/547/444/-190/+-78-711-,--+-+++--520/-759-623-118452/-297-127720////-310160547444-190-78711
-377905*-912-631+-624632/565/459*+185+-732--414698/-358/-122/-557-,---+++-+-377905-912631*//-624632565459185-732//+-414698-358-122557
-98-732+864-937*+413+-350-174/-886439/--311275/+-332--287-421*-394/-,--+---+++-98-732*864-937413-350174/-886439*-311275-332/*-287-421-394
88238040*/-416-919*+682+-663-614/-152858*-696/+-259264*--42407*+,+-+-+++882*19940*-416-919682/-663-614/*152858-696*-259264*-42407
786629--856-618*--666883/-765-192*+537-382-524*+940-112/-103/-13/-,-+-+---786629*-856-618/-666883*765-192537*382-524///940-112-103-13
-509-260-77-880-608*+402-900/--659431*-509*454*+-167504*+306303/+,+++-+---509-26077*880-608/402-900***-659431-509454*-167504/306303
536370/-126--731-167+-415532*-874*+896+625-999--443/-396+-526+558+,+++---+++--/536370-126-731167**-415532-874896-624999-443-396-526558
-333876*64*640+120+-505-415--520--201527*477/980/--500-333/-791-,+-----++**-33387664640120-505415-520///-201527477980/-500-333791
-235-202*-35968*895/-505*--899-820-257/641/+-808333/+-292478*-997-,--++--*-235-202*/*-35968895-505-899//820-257641/-808333*-292478997
156-929/-491/-864-417*-206-265*+114-18/+-903-870+911-301--450-81-,----+-++-//156-929-491*-864-417*206-265/114-18-90387091130110481
-684958*892*-638179/487*497*-581*-718/+-997-58/2/778/-816--746-,---+**-684958892/***/-638179487497-581-718///-997-582778816-746
987984-333-41/-640*812*512/+170-286*+667-151+-450+-1000--929512*+,+-++--+-987984/**/333-41-640812512*170-286667151-450-1000*-667512
568201398/-83*-335/-704*655*+-326822*458*103*--118-838*321*-223/-,--+568**/*/201398-83-335-704-886***-326822458103/**-118-838321-223
633-893913/-498*-811526/304*+-402--101-343-102*+251+-396-295/+-68+,++++--+-633*/-893913-498*/811526304-402-101*343-102251/-396-295-68
-13934-58/691/575--252*+698--546--17--302+-946--814983/+-713+639+,+++-+---+-13**//934-58-956575-252698-546-17-302-946/-814983-713639
932984-39-747-524-393/126/-86*--619817/-61+-932+786+-746-192*-,-+++-----932-82139747*//524-393126-86/83481761-932-457*-746-192
623-647+-215277*--244+-631829*+-82776/+-399-301+-877+-963-84838*-,--++-+++-+623-647*-215277-244*-631829/-82776-399301-877-963*-216838
-516611/-964/56625*-842++237+-66+-537247/-700786/92*-95/887++,+-+++//-143611-964/*56625-842237-66/-537247*/*/70078692-95887
-196662*-942/-144+-531476*+-745-94-982+--438638/+-44021*-567*+706+,+++--++/*-196662-942-144*-531476-745*94-982/-438638**-44021-567706
-359257--658445/-504/-115-798*-761*-80/--239668*101*-837+-749+-770-,-++-----359257//-658445-504/**506-798-761-80**-239668101837-749-770
-882-618--450-214+594+-438--574+533-917116*--334644*-341/941*-94-,----+-++---882-618-450214594-438-574533*917116*/*-334644-34194194
763-548+-55385*-306*-306*-422*--484-649*44--229/+-422615*-131183/-,--+-+763-548****-55385-306-306-422//*-484-64944-229*-422615/131183
33602646/751*+582592*-196+29-751*+449-89--33-190*+-191--524-,--+--++-+33*/602646751*582592196*29-75144989*-33-190-191-524
-142-942*-871-794-604-77059/-182/+869774*425*-55*-992-306*-290-,---+---*-142-942-871794604//92459-182***869774425-55*992-306290
88759370/+-612-708/-970/*-311+-773257*696/-119--965523*-331*-9/-,---+-+88/759370+/-612-708-970-311/*-773257696119/**-965523-331-9
748-544*462+-554-411*+-252927*703/*-351--42534*-916*+-178--771-496-,---+--++*748-544462*-554-411/*219927703-351**-42534-916-178-771496
-122-997*-144*630+-24+26--938-594-810*-405*--1645*804/342/-853/-,----++**-122-997-340630-2426-938**594-408-405///*-1645804-356-853
-481-211/-364--795-435/+-130-617*+-945-893/+-65492*--404--421630*713*-,---/++-/-481-211-364/-524-435*-130-617/-945-893*-65492-919**-421630713
-421-549+-672-923+-264+482-130-611*906*-463/451*+-429-119*--491873*-,--*-++-+-421-549-672923-264482*/**130-611906-463451*-429-119*-491873
-369127/603+-517--410559/--127+-465+-315145*-148*+715+773+-243+-522+,+++++++-/+/-300127603-517/-410559-127-465**-315145-148715773-243-522
-181-375--479446/-448-712-238-558-366*+719302/-550+-337-960-846-,---+-+------181-375/-479708448712238*558-366/719302550-337960846
-682-918954/-650*193/42*-234/-307/-492*+-365-536/268*-30+-545-916*-,++-+-682*//*/*/-918954-46919342-234-307-492*/-365-53626830*-545-916
932877*281+978-572/-904--333--367+-279-539/-485-326/-53+116+416-,-++--+---+*932877281/978-572904-333-367+-279-539/485-32653116416
-810-691/-84887*-967-806/-633/+845-719*--977+580+-44248*313/-817*+,+++-+-/-810-691*-84887//967-806-633*845-719-977580*/*-442-480313-817
556318*962-151/-950*178*+-642-646+56+802263*-248*+39-961*818*-,-++--+*556318**/962-151-950178-642646979**802263-248**39-961818
392683*-50/182/-768+-767+-34-625/+-602985/+-96559/--523+-500-828-,--+-++++//*392683-50182246-767/-34-625/-602985/-965102-523-500828
279216-529/944*-777/549/181*+-537--728+-700-533/-90/--33+-340+-349+,+++-+-+279**/*/216-529944-760549181-537-728//-700-533-90-33-340-349
981-429-687*-454*649*850/-286+987+563-592310*-456*707/-89684*-,---++-981/***-429-68718165850286987563/**592310-456707*89684
317851-189/750*-874/689*266/+746+466+859+-240-324/+-15-336198/+,+-+++++317/*/*/851-158750-874689266746466859/-240-324-15/-325-205
-260-316+91-644*533*+-756+824-143/+442-952/421/600*-247+-259--526+,+-+-*+++-260-316**91-644533-756/824-143*/*442-952421600247-259937
293-922/922410*+684-48445*-509-752*+9-88299*+-83--968*-362+,++-+-+--+/-138-922*922410684*764445*509-7529*88299-83-968-362
586826-537/-335*+-398-140*--781-42/+-871-132+-792+67447+-103+766-,-+-++-+-+586*/826-537193*-398-140/-781-42-871132-792/674-126103766
-166-43/-999-689*778*-414-67/-533*-311-879*-999-359*241/-493-529*-,-----/-166-43**-999-689778*/414-67935*311-879/*999-359241*493-529
735976+891--280+536+-884268/--715252*535*82/+916--385--587-192/-,---+-++-+735976891-280536/479268/**-71525253582916-385/-587-192
809182-136*202/-627-758/+832+318-912*-406/-770--545-117/-278-428*-,---++-809/*182-136202/627-758832//*318-912-406-770/545-117*254-428
165903979*+54+-476-544/65/--112+-743931/-196-931*326*-161*-89+,++++-++165*90397954//-476-54465-112/-743931***196-931326-16189
975-576+134-200942/716/-933*352/-253/-839-163/941/-379*-808/-874/-,---+975-576134//*/+200-809716-933352-166//*//839-163941-379-808-874
-233-45-195--497/-685*--278668*+44265*-979-571*--940-723927*435*+,+---+--233*/*-45-195-497-685*-278668*44265*979-571-940**723927435
206914/-442*-623-593-110*+-28+458-696/-409/--941+193-697*-180*+-199+,+++-++-*/206914-442-623*593-110-28//458-696-409-941**-142-6977-199
93895+726693/-418/217-130/-902-2*-776802/--209595/-77*-178*+,+-----+93895/726693418/217-130*902-2/776802**/-209595-77-178
-816846/834+-563-618/961*-567/+-646-645*605/+659632*310*-462*-707+,+-+++/412370834///-563-618961-567/*-646-645605***659632310-462707
-624231+-635-135*--225+651-37+-681+-344499*76/436*--947-705762/+,+--++-+-+-624231*-635-13592065137859***-34449976436-947/705762
669-379+991980/748*211/+397-994*241++399-648+170-501-646714*-,---+-+++669-379/*/991980748211/*397-994241399648170501*646714
674-691+-597418*--559-166-453/+-367+-501+-908976/-31-955*+506-811/+,++-+++-/+674-691*-597418-559/166-453-367-501/-769976*31-955/506-811
-343-753-331*818*633/805/640*-982/--682358*-86*-505+143981*537*-,-+---343/*//**-753-331818633805640-982**-682358-86505**143981-650
-756-675+-5305*-30+-920-644/--224685/+33+-62--640-931*672/889*+,+-++-+-+92-675*-53061830/-920-644/-22468533-62*/*-640-931672704
-699592/-219/579/645*746-908*-941*+5+556--116+954-741/-727*+444*,+++-++*///-699592-219579645**746-908-9415556-116*/954-741-424444
-90-987857*488*-373/+699-560/+528+461-134697*+-670+-137+-600--246+,+-+++-+++-90/**-987857488-373/699-560528461*1346971-137-600-246
16896*-476421/-840/+715+81+81-443*+-830+-178530---961+880799/+,++-+++++*16896//-476421-84071581*81-443-830*-178530-961/880799
190385-939/--573998*-957*--70-234/+-316+705--222-291-570*719*+628+,++--++---326/385-939**-57399871/-70-234-316705-222**291-570719628
-592-629*-275/-265/264-706--272--853-241*+-370414*--867568*+-135+-320-,-+/-+---//*-592-629-275-265-248706-272*-853-241*-370414*-867568-135-320
683-221864*744/-279*-353-659+-502-590*-369/+725669/+383-494/-957/-,-+++--683*/*-221-331744-279353659/*-502-590-369/725669//383-494-957
946830452*415*+-195-993/-75-385/-779-695*-636+60+225-68/+-235-,-+++---+946**830452415/913515/75-385*779-69563660/225-68-235
-518-249*903*-589*919-824+-438-118-513*361*+-839-322*+-7942*--123-,--++-+-***542-249903-589919824-438**-15-513361*-839-322*-7942-123
606725123/-772*--259866/-754/-623/+-752--988+-129+162208*-297*-365*-,-++-+-606//725123-772///-259866-754-623-752-988-129***162208-297-365
535-240--455+-978+-983+-928+-955+461+-805986/776/+-731-11-943-349*+,+--+++++++-535-240-455-978-983-928-955391//-805986776-73111*943-349
-603-74322*-551*-136*-711/--505--519-996/-125*-810+799-424/44*-598/+,++----603/***-74322-551-136-711989*/-519-996-125810/*/799-424-868-598
850384/248*299+-207+593+26849*-376/243/+912-107*+683-222-212-,---+++++*/850384248299-207160//*26849-376622*912-107683222212
-352-304/20/219*-28+-678+-177-290/224/-879/--684--469138*+391--273+,+-+--++*//-352-30420219-28-678///-177-290224-879-684*-469138391-273
870557/-315*314*-809*-300365/+42--367+-130-422-908*-713/161*-617*+,+-+-+***/870557-315314-809/-30036542-367-130**/*422-908-713161-617
-420738-505*-870/-920-510/+851779/-947*849/-910*-800/-746-906/--255+,+--+--420/*738-505-870/920-510/***/851779-947849-910-412/746825-255
600760/-971/-947+-428951*+-13175*--1000901/629/--479--660-817*+-73+,++---++//600760-971-947*-428951*-13175//-1000901629-479*-660-817-73
-587-200-549/--433-162*656*424*-995*--17--850-616*--929-773*+316-924++,++-----587/-200-549****-433-162656424-995-17*-850-616*-929-959*316-924
-429491286/27/--113851/-913--582-187/+228-428-873/-663-427/-113/-,---+----429//491-585-244/-113851604/-287-187228/428-873//663-427-113
-168-326-714/-473/900*792/-231-22*+442-855*-135/-44/+-974+-990--311+,+-+++--168/*//-326-714-473900792*231-22//*442-855-135-44-974-99073
-854-703/486*-325534/--100+-738906/+-226-385*98/762/--649348*412*+,+-++-*/-854-703486/-325534-100/-738-304//*-226-38598762**-649348412
-625992/70+-674--863-814*464*-466/--927-753-251*-226*+154+-766-641*-,-++---+/-62599270-674/**211-814464-466-927**4-251-226154*-766-641
696552/270+665+84020/-434-68+368--366--286-517*635/-254*-672*-,--/+--++/696552270665/8402043468368-366**/*-286-517635-254-672
-88-760*352-332/208/+205+-187-901/-1*-929*-102-709*884*+893643/-,-+-++*-88-760//352-332208205**/-187-901-1-929**102-709884/893643
918-324/117/-846/-602*174/911487*--651409/+-190627*-170/--641658**,+-+-/*///918-324117-846-602174*911487/-651-680/*-190627-170*-641314
-672-887+-808+-808-990/-657883*+928-446-230*/794+657+128-26/308/+,++++-+-++-672-887-808/-808-990*657883928*446-230794657//128-26308
487-993/381+861+-275+-591453*+389--100-710*967/-83+-944+-146264/-,-++--++++-487-993381861-275*-591453389/*-100-71096783-944/821264
-957345--266+909421/+-631-231/724/+-796-42/146/533/-1000/449/879*-,-+++--957345-266/909-484//-631-231724*/////-796-42-854533-1000449879
498689/665-766/379*+-511295*492/668*-101--9031*+795+-254--527-,-/++--+/498689*/665-85379*/*-511295492668101*-9031795-254-527
535-96217*--697-44+99-301*--75+100-345/32/+972+-924316/-831-,--+++-+--535*-96217-69744/99-301-75//100-34532-530/-924316831
691542-791*+526-733+812-536/-211/-146-378/+494-582/-401/--131--586+,+--+-+-+691*542-791526733//812-536-211/146-378//494-582998-131-586
-213-166/-295-406*+437+648892/-339-848-662/--954-644/-71/--538--2-,--*---++/-213-166*-295-406437/648892339/848-662//-954-644-71-538-2
531-975*-890*-204-199--412+749-708*555*+493-757--143622/--867540*+,+--*++--**476-975-890-204199-412**749-708555493757/-143622*-867540
77946*-729/211*-591*16-181/--235--772-787+786708/--247-557*857*+,+-+----*/*77946296211-591/16-181-110-772787/786708**-247-557857
-376106897*384/--67-694*+700+-674-701/+351--645-531/-301*-987+-195+,++/-+++--376/*106375384*-67-694700/-674-701351*/-645-531-301987-195
-444299*250/838*670*-894/-103+-423585/+-691-867+-685--187-976/-396-,+--+-++//*/*-444299250838670-894-103/557585-691867-685/-187-976396
-201-361*157*588*192/-552--527-65-249/+363+482796*-55735*-933/-,--++--/***-201-361157588192-552-527/65-249363*482796//55735-933
-813-680+-774695/+-506--734+-735--611-49/--365460*--609-305-232/+-471+,++----+-++-813-680/-774695-506-734-735/-611-49*-365460-609/305-232-471
521510/-469687*-284+688--177709/249*-541/+940--666-550*+-523+225+,+++-+-+-/521510*-469687284688/*/-177709249-541940*-666-550-523367
-412-455/-38/-511/-285*229*-802/721*-681+677513*851/-845/949*-480*+,++*/**///-412-455-38-511-285229-802721-681**///677513851-845949-480
444280*984*-134*988--263+145+179349/+750668/-890-204*-665-849/-,---+++-*/*444280984-134988-263145*179349/750668*-677-204/665-849
624-246/-733*974/-63-314*+-660270/+801558*612*-231-977*+-493783*-,-+-++/*/624-246-733116*-63-314/-660270**801558612*231-977*-493783
-18-217*228*366/-955-716+881+263+175-769*-305-986+223+-639-970/-,-++--+++-/**-18-217228366-955716881263*175-769305986223/-639-970
-129769/-226-169*-230*-839/986/760/--868+833-381/574*--712-810*+879-,-+++-/-129769///**-226-169-230-839986760-868*/833-381574*-592-810879
168-157866/*692+-621-100/-710*-122/-945/-969/+506258*-552/--90226*-,--+++168/-157866692///*/-621-100-710-122-945-969/*506258-145*-90226
594635-190*-938*+-346-719*337*598/504*--298--921-15-216/839*767*+,+---+594**635-190581*/**-346-719337598504-298-921/*/15-216839767
198332/437*46*-636+424-17/278/--14040/850*332*958*229/977/+,+-/**/19833243746-636//953-17278//***/-14040850332958229977
15-34--847-8--963-843/--125+-413+-472360/-997*-495*--107514*287*+,+-++----15-34-8478/-963-843421-413/*/-472360-997-495-*-107514287
774-202/915*-188*-953*-938*337/469/-358*585-604*-307/--245-748506/+,+--*//****/774-202915-188-953-938795469-358/*585-604-307-245/748506
227629-561480*610*124*-194*-1914*+-409--216--303-72/+770-642-,--+--+--227629*+**561480610124-194*1914-409-216/-303-72785642
20-99*788209*-768*+-636294/-319981/--31+522+406--422-334*428*+,+-++--+*2034**788209-768/-636294/319981-31522406**-422-334428
731835/135*496-245/--50582*-131/--605-275/-520517*+-83-217+-24-,++-+---*/731835135/496-245/*-50582-131/-763-275*520517-83217-24
632-844/376*-802-878-690725/+-313+-962-904/+-963-725+-441-388-496/+,+-+-+++/-*/632-844376-802878/11725-313/-962-904-963725-441*388-496
-38871*196*754-693*+243+881231*-270*-297*-688+-26-140*+389--643-,--+-++**-38871196*754-693243/***881231-270-297-688*961-140389-643
-641859507*-543*581*--469--944+-100--458+411+99414*467/-705-575/-,--++/+---641***859507-543581-469-944-100-458411/*99414414/705-575
93206*798724/-610/-899/522/--745730*-787+-129-329-353+--146+567+,++--+--*93206////798724-610-899522*-745730787-129*329-353-146567
894173146*-606*-287/-130/-446*-366/--907+-579-843752/-295--782893/+,+-+-+-894/*//**173146-606-287-130-446-366-907-579/843752295/984893
-46370/-747-751/+733+294+-437719+-819*653*+-541+906+-327146*847*-,-+/+/++/-46370/-747-751733294*//-437719-819653-541906**-327146847
502440*959/541/519*860*307824/-418-922271/+-149391*-786319*+,+-+--**//*502440959541519-248/307824418/922271*-149391*786319
-46-966/627958*-123+-333/790*+430-326/-431/135*-353/213/-233/-897*-,-+/-46-966*//*627958-123-333790*///*//430-326-431135-353213-233-897
771936/869/-178/-544/896/540/635-575850*444/-215*-29*+-692439*-,-+-//////723936869-178-544896540635**//49850444-215-29*-692439
52688360/+-843555/7/--410+619-735*-100*+-480-186/488/+-726407/-,-+++-+52/688360*/-8435557-410**619-735-100//-480-186488/-726407
-98673*333/695*924163/649/826/-508/827*-686--678283*+-856--844-,--+--*/*-98673333695*//*/924163-479826970827686*-105283-856-844
39579/766*510+-262+50+-246546*-980145*+-135-354-206-453908/+,+---+-+++*/39579766510-31650*-246546*980145-135-256206/453908
-62-210/-831/-259*-23*-485*-38--424543/-731*-444/-714/+-711-353*-208*-,-+-***//-62-210654-259-23-485-38//*/-424543-731-444-714**-711-353-208
-592-231--351-873*-148/-816*+590-128+-358+-258+619-874*+443+229330/+,++++++-+--592-231*+*-351-268-148-816-617128-358-258*619-874443/229330
555-514--450113/636*386*-23033*-152-121/-372*-941*271*827/-740/+,+---555-514**/-450113112386+23033//***/383-121-372-941271827-740
-322409673*-442/-832+-991-141*869*+597-914*-719-876-802--204-504/+,+----++--322/*409673-442832**-991-141869/597-914719876-38/-204-504
-115-901-889/-668*-346/369*83*+-539-578*472/-242*184*-698+-437--827+,+-+-+-115**/*/-901-889-668-34636983**/*-539-578472-242184698-437-827
26699/531511/--631+972356/+6--131+-11+-695+991--646312*-622/+,+-++*-++-/26699/531511-631/972-521-529-131-11-695991/*-646312-622
86838337*-741*--952464/793*-714/+-985-312/231/-547*+260--534--390-,---++-868**38337-741/*/-952464793-714*//-985-312231-547260-534-390
-381-861-55/-835*50/747/369/+580+203+-691578*-850/-867767*811-+,+-*++-381///*/-861-55-835686747369580203/*-691578-850/*867767811
937439*-978-711*--734-481/--735155*+-885-163-465*-577/579*44/-699/-,--+--*937439*-978-711/-734-481*-735155-885//*/*163-46579857944-699
27-486-931*-605-494/-189/+611995/-796/472/297*-736+-11+291570/-,--+-+-629*-486-931//605-494-189*///611995-796472297736-11/291570
300-690/487/-764--913+-828--395+481-858+-799-737*+-4+192+678-147/+,+++++-+-+-//-53-690487-764-913-828-395481858*-799-737992192/678-147
557191*679*649*587615/261*--59-174*--607-494*-911812*-489*-441-,-----***557191679927*/587615261*-59-174*-607-494**911812-489237
604123--477288*477*-19/*-777164*--727-808*-891*158/+393207/-729*-,-+-+-604123/**-477185477-19*-777164/**-727-808-891158*/393207-729
-990-461*-272+303738/+965112/-445*293*--688873/+-891-458/-592*-688*-,-+-++*-990-461-272/303738**/965112-445293/-688873**/-891-458-592-688
771711/-841+435+968+-754--83-597574/-915+-935144*+-815--798667*-,---+---+++/771711-841435968-754-83/597574915*-935144-815*-798667
384819--316515/+-350-561237*944/-139+-12789*-939-178+446-83/+,++--+--+-384819/-316515-350/*561237944139*-127-60939178/446-83
209-292-280/--888+853-268*+-911+381+-692370*-863/--848--80211*-558+,+---++++-209/-292-280-888*853-268-911381/*-692370-863-848*415-290558
-504664--198-557/-555*-108*963/-428/187*-296/-225/336*-346*-642/+562/,-+--504664/**//*//**+-198-557-555-108963-428187-296-225336-346-642562
666-142296*-21*+789+-478+-573778*--332--956219/423/22/--99-784+,------++666**-142-263-21789-478*-573778-332///-95621942322-99784
-655120*-34/875+-262-484*-162*-766/209*-242-720+-996772/440*-397*-,/+--+/*102120-34875*/**-262-484-162-766209242720***-996772440-397
-567318/-37-512+-186698*-2-529+-500+-859804*--833+-85+571-897*+,+++-++--+-/-567318-37512*-1866982529-500*-859804-833-85*571-897
445589-383/194*-506*-422721*-891+968-157-815/+-498-475*+-678-957*+,+++-+--445/*/589-383194-830*422721891968/157-557*-498-475*446-957
18649+568-133/+833-253-485/+-58803*310/--296903/2*+-114156*-,-+-+-++18649/568-133833+253-485/*-58803310*/-2969032*-114156
-290272*654/583+-911+-692--18770/530*-14+-467-529*-529406/612*-,-+-+--++/*-290272654583-911-692*/-1877053014-467529*/-529406612
723838*33/-52-853*-906--560--569337/391*-20-809+-555-612/--992+,+-+-----/-72390633*-52-853906-560*/-56933739120809/-555-612-992
735-377/324-346-179*-621/-689/+946-222/55*-929+-388945/+617-798-,--++-+/735-377//**324-346179-621-689*/-462-22255929/631945617798
352816/676/-446824/-938*--62049*-181/+13-792-184*/-926654*-88+,+---+-//352-110676*/-446824-938/*-62049-18113*792238*-92665488
92916-924/-800*+662--189415/+84-672/77*+854+-330+-630947*539/+,+++++-+206*/916-924-800662/-189415*/84-67277854-330/*-630947539
253178*-429+689--940+630799/+970-481*--320158*913/-524-389*--363+,+--++-+*253178-429689-940/630799*970-481**/*-320213913-524389-363
-765647305/316/437/-194+-415-736*+-97492*-970*93/586/+-5-65/+,++++--765*//64730531643789--415-736//**-97492-97093586/-5-65
-328805*-981*-809/989-163/+-543+775-6/791*-185*+-1418*202*--431-,--+++/**-328-951-981-809/989-163-543**/775-102791-185**-1418202-431
-676-460-537*+-478+500754*+-256413*--59347/795*138/--327--12912*-,-+--+++-676*-460-537-364*500754*-256383/*/-59347795138-327*-12912
35155-525-530-608*-174*-432-343/879/--78-395*545*280*--529+893-,-+*----35155-144**530-608-174//432-343879***-78-395545280-529893
86415/973-928-191*--102523/-26-420*+403+-499+350-837399/-490-,-/-+++---/86415973*928-191/-102523/26-420403-499350/489399490
-529637+-812-795*-715-808--705--598-792*-54*597*-587*--623+-9512/-,-+-----+-529637*-812-795715808-705*/**558-792-54597-587-623/-9512
856267+-103811/-37/935*-59/+589+-701-534/-998*--235-241/355/473*-,--+++856267/*//-103811-37935-59589*/-701-534-998+//-235-241355473
-911135/280-553+-182--467+923-921/458*+-586-840-373/+82+858+937+,++++-++-+-/-911135-830553-182-467*/923-921458-586/840-37382858937
218250+-170-412*-821/-569*+-234+771/461454/-416*--229--604-573*+249+,++---+++218250*/*-170-412-821483-234771*/461454-416-229*-604-573249
-15746/-490*-430/925*436*-351--133+-772+300-812*-481/+255375/-481/+,++++-**/+/-15746-490-430925436-351-133-772/*300-812-481//255375-481
844-216--186-570-439*--101124*-896/498/967*-150447/170/-981/-849+,+-----844-216-186*570-439*//*-101963-896498967///150447170-981849
853740*646--231+108+575+-952-684-250/630/+-991+153499/557*489/+,+++-+++-*853740646811108575-952//684-250630-991/*/153499557489
-202-412*-430-164/+81+653723/650/--193-457*-338/308/+-467621*--906-,--/-++*-202-412/-430-16481//653723650//*-193-457-338308*-467621-906
-595-154-912*-210/-57438/+-123+-983295*-130/960*-711402*+9+-938-,-++-++--595/*-154-912-210/57438-123*/*-983295-130-883*7114029-938
674222--873--232-543*575*715*-992-838*-458*+-252--786-457649/+-90-,-+--+---674222-873***-232-543575715**992-838-458-252-323/457649-90
-282876/504/688/998997*-313/293*--842+631-567/-898*+-819-609/+-68-,-+++-///-282876504688*/*100997-313293-842*/-349-567-898/-819-609-68
244-75731/-275-319493/-795-782/492/-956*+49-928+-806-789/+217-,-++-+---244/-75731275/854493*//795-782492-95649928--806-789217
420-496*622+317--852-661/-89/668*813/-654-992*-535619/-633*-719+,+----+*420-496622-746/+//-852-661-89668813*654150*/535619-633719
-932-299*394707*+-67*868662*739/-833/--216853/+591-544*-844/592/-,-+-++*-932-299*394707-67/**868662739-833/-216853//*591-544-844924
-612-107*-60*-585+414+283-201854/904/+355-592/819*-930+426+730+,++/-+-++-*-612-107-60-585414283//201854904*/355-592819930426730
-200336+-743243/--950--509-815/-711--154549*--851-701/+-26+-676-283/-,-++-----+-200336/-743243-950/-509500711*-154549/-851-701-26/-676-283
-314-357*-884/872+-778--568-128/-840*--121-546/585*-313*210/--769--685+,+--+-+/*-314-357-884872-778*/-568-128-840/**/-121-546585-313210-769-155
-981-459-473+-652-260+535-713*109*-426-563/--472241/-447/--638--718-,-----+-+--981-459473-652260*+535-576109/426-563//-472241-447-638-718
-920-854+765-393*--294+-586511/-245+-728-262-168*+-196956/+-278--725-,--++-+-+---920-854*765-393-294/-58651124513*262-168/-196956-278-725
-361-772*472+-707-989/+888--931+-608837*-511*--88+-415+-786-129-191+,+--++-+-++*-361-796472/758-989888-931**-608-480-511-88-415-786129191
-532966--864724*--126-844+-656-988/18*-48-575/853*--156-409*759/-,---+-+--532966*-864724-126844*/-656-98818*/48-575853/*-156-409759
647-284/-384/945*706--965-497*+513--179+44-7/-945-680-905-250-,-/---+-+-*//647-284-384-642706*-965-497513-179/44-7945680905250
687-792+546-449/+957977/-531599/-747/+914478*380/-318+606+-947/,-++-+-++687-792/173-449/957977//531599-747-*914478380318606-947
435616-647-241/-751/672*--490210*-57--100--890-844+147-263*-252/+,/+------435616*//647-241-751672*-49021057-100-890844/*147-263-252
829-354-268/+-559-206/-16/+470-581658*+-30753*-454/151*--763--922-,---+-++829/-354-268//-559-206-16470*581658*/*-30753-454151-763-922
-583-765*755--695+52812*-949*770/-99*+904+-806-339+-785--600807*-,--+-+++-*-583-765755-695*/**52812-191-873-99904-806339897*-600807
362-286754/-103259/639*+846+-862-412*100*424*759/232/6*-50-,--++-362*-286754*/-66259639846*//***-862-412100424622232650
196-460/616182*+-874+-603--232--717919/+278-241/-643/-520229*65*-,--+--++/196-460*630182-874-603-232*-717919//278-241-643**52022965
-495784281/-48+-813-160--61+158-664*+-232425/776/--842-788/+808+,++-++--+--495/78428148-813160-61*158-664//-232401776/-842-788257
909666-842*-351/-523646/-291*623*+684-765/516/125*-562434/+-700+,++---909/*666-842-351**/523646-291786*//684-765516125/562434-700
38-758-536*-713-297/-266*--755-58*--523-917/-525*762/-239*-49534*-,-----38*-758-536*/713-297-266*-755-58*/*/-523-917362945-239*49534
-928-271-641*+898--114+779+-287-829-55/+-326-586*-992*-266-947/747*-,--+-++-+-928*-271-641898-114779-287/829-55**-326812-992*/266-947747
-540-57-630*-741-455*--31+487-512/-92-248/405/-188/+28+-767--48+,+-++-+---540*-769-630*-893-455-31/487-512///92-248405-18828-767-48
322620--130-471*433/610*-902*-419/652/-587-429/+12114/-970/+37-,*++--322-764/***/*-130-471433610-902-419652/587-429//12114-97037
5971*406/-758*-478-393-766/882/-680/991*-127743*411*+847676/+,++--*/*5971406-758-478*///393-766882-680991**127743411/847676
606-598/-522*220+-941238/178/-782--241559/+349+-235--964+291-391*-,++-++--+*/606-598-522220//-49238178782/-241559349-235-964*291-391
-948-305+-540+83-919-304/--264-85-211*+-731599/-420/613*--481+-22+,++-+---++-948-305-54083/-871-304-264*85-211*//-731347-420613-481-22
-475-424/305*840*-298-871+-542647/--857406/330/731*/198+63-79+,+-++-+-**/-475-424305840-298871/-542647*//-85740633073119876679
-830-779/-855/-862*810/-835-395*-753/-2*268/*-284439/*487-279*436*+,++-+*//-830-779-855-862810/*/*-835-395-753-2268/-284439**487-279436
483845+-588+-109--914280/-172/572*--516--669--578192*369/--919-449*-,------++483845-588-109*//-914280-172572-516-669/*-578192369*-919-449
654-832+-181+863577*+-437-251*+-92-623/-697+-147+-140+52-296/586/+,++++-++++654-832-181*863577*-437-251/-92-623697-147-140//52-296-787
-706-305-557-382*+-697+-337+811-96595/-745/+469+618186*179*-279/-,-++-+++--706-305*-81-382-697-337811//96595-745469/**618186179-279
-173-282191*+-381-321-843*732*+-80-978*-100*+-856+123-637/-342414/-,--+++-+-173+-282191-381**321-843732**-80-978-100-856/123-509/342414
19478-457446/+701+-849881/886/+-894-725*-875/262/--105+744--682-,--+-+++-19478/457446701//596-289886//*-894-725-875262-105744-682
-496-415-832*+728--376-831-341*-665*--730--80+-791+-747--836-871*-90/+,+-++----/-496*-415-832728-376**831-341-665-730-80-791-747/*-836-871-460
-853506/523/-402159/--98192/+-137-974*+-630-9+-440791*+3-915/-,-++-++-//-853506523/-402159/-98192*-137-974-6309*-440791/3-915
298-627+722-943*-702*900/-218*-386/+-155--530950*-951*465/-508+-836+,++--++298-627/*/**722-943-702900-218-386-155/**-530950-951465508-836
-468-148-525+-20-28/-316*892*-766/776/-649+-52-827/70**591--554-,--++-+--468-148525//*+/-20-28-316892-766776649*/-52-82770591-554
401294-132/--127+-775-483/+-16612/155*+-315-790/-170-131--56657*+,+---+++-401/294-132-127/-775-483*/-16612155/-315-790-214131*-56657
701768/-868*386+-14718/--715203/908/+-247-872/-880698*-518*--257-,---+-+*/701768-868386/-14718//-715203908/-247-872**880698-518-257
20733-637*-952/+-108+-61-958*-566/+12-357/600/-826+-493+-233+-402+,++++-+*+20/*733-637-952-108/*-6155-566//12-357600826-493-233-402
217296/959*808/663/225-505-791*-70451*784/-941+-813+821+-25-,-+++-*-//*/217296959808663225*505-791/*70451784941-813821-25
515946-679--90894*--809+788268/--304-610/--937+-369+-971-312--50+,+--++--+---515946679*-90894-809*788268/-304-610-937974-971312659
999-325429*-404*771/--840--803+968-70/+-748-698*+-687+807-574*--11*,+-++++--999+**-325429-404771-840-803/968-70*-748-698-687*807-574-11
-396-477/588*825/-107+699+-911-260/181/41*-112-718582/-696+575+,++---++/*/-396559588825-107699*//-911-26018141112/718582696575
688-840/541--482-80/477*+-184-98*-342+-863+250-168*25*+-218500*-,*+++-+-/688-840541*/-482-80477*-184-98342-863**250-168329*-218500
115-208-345/+511-31/+600-582/-801/-159*--591--390-167+-116525*294*-,-+---++115/-208-345/511-31*//600-582-291-159-591-390167**-116525294
-3962/487/175*-67-433*799/-626*300/998*+245+893793*--476523/+,+-++*//-3962487175*/*/*-14-433799-626300998245*893793/-476-567
564425-298/881*+141647*760*+-31261/26*--744+-545+-943-581*97*+,+++-++564*/425-298881**141647760*/-3126126-744-545**-943-58197
-795852*635+-366-715180*-669/+9580*91*--284784*-346*-620/-1*-,--+--*-795852635-366/*715180-669**9580818*/**-284784346-620-1
-679232/458+542-654+195-551*-299*112/+-386-214*+-270566*+285-810-,--++++-+/73232458542654/**676-551978112*-386-214*-270566285810
-940718-789-719+105+64--261253/573/+590+-474-789-957/132*+-282-,-+-++-++---940718789719-44664//-261929573590-474*/789-957132-282
506-777*495299*-536534*+403--65638*-726358/-519+481+154--484+,+-++---+-*506-777*495299*536534403*-65638/726358519481154-484
-96632/559*492+882+-737-559*-808-809/-867-516*+-265--528652*-20*+,+-+--++*/-96632-657492882*-737-559/808-809*867-516-265/*-528652-20
84921/488+614-7/106/304*-211*960/-900*-494++389-879/+330-709/-,-+++/84921488/*/**//614-7106304-211960-900-494/389-879/330-709
-747836+336+91-528*-674564/+454+216--508-80*71/+-474+580+73-,-+++-++-++-747836336/91-528/674564454216/*-508-8071-47458073
185-137*-903/156/654-71/+439--527--774+516881*-654*739*-59/+942+,+++--+/**185-137-903156/654-71439-527-774****516881-654739-59942
-942-50/193/-174+-502+-822-262*513*-516*278/-39*+352+-813-4862/-,--++++//-942-50594902-502*/***-822-262513-516278-39352-813/4862
235-398-580/-631/-576*474/-41/-442*+979+481+567+587-149*/-947+-820+,++-++++235*//*//-398-580-631-576474-41-442979481567*587-149-653-820
172-335*463*-467-957*--478--10197*-466/-393/+-559-66/+40-14410*-,*-++--**-344-335463*-467-957-478//*-10197-466-393/-559-6640*14410
-165887+734-938/-723*+393303/-887+771-366--771-103*-198-952-61/-,-------+*-165887*/734-938-723/393303887771366*-771842198/952-61
-169652*-912+-755--340+-965491/402*-530*+573-494*-644**190-89--148+,+---++-+*-169652-559-755-340**/-965491402-530**573-494-64419089-148
-994-46*202--952-995--637+-792-243/--42-197+-791982*130*166*886*-,-+--+---*-994-46202167995-637/-792-243-42197****-791982130-525886
-551889+497+552-344/-419*+-891-470-453++388-72*899/-530/-314*-888+,+-+-++/-551889497*/552-344-419-891*470-453*//*388-72899-530-314888
470-891*500+-35919*966*+-646-802/440/-796/53/-887539/+649389/+,+++++*470-891500**-35919966////-646-345440-79653/887539/649389
-944-386/145/-576463/-364-241/-645/450/+-424-997*477/-352*532*-706+,+-+-/*-944-386145/-576463///364-241-645450*+/*-424-997477-352532706
57145/-615/-878*-115*455*42*866-541/*-138223/282/734/--67214*+,+-+****//57145-615-878-11545542/866-541///-138223282734*-67214
413-234221*-178/135--905719*-720+281+689-650/942/-607-527+-839+,++--++--+-413*-234221-706-394*-905719720281//689-130942607527-839
917762*-3378/-867/-439/-947191/+-184+-425--309133*--932+355276*+,+---++-*481762///896378-867-439/947191-184-425*-309133-932*355276
-44-209-67*-355*+1236*+470749*-146*--295-409*-427-939/-168892/-,----++-44**-209-15-134*1236**470749-146*-295-409/437-939/168892
458541/-531/-483-780*+484-322--946+533--910+-178-983-22*--860-248+,+---+-+--+//458541-531*-483-780484322-946533-910-178*-863-22-860-873
-745712-954/-534/--928656*-341--487+648-559*+877-192*+-508641*633/+,*+++----745//712-954-534*-928656341-487*648-559*877-192/*-508641633
-941-355*634789/-101/-239+30/-464/31*+-626-464*-748*-886-890/-869-,---+*-941-132*/////634789-101-23930-46431**-626-464-748/886-890869
-657-66/966*-702/868*851*-648*-390*-822*63689/-549/+395-426+431+,++-+*****/*/-657-66966-702868851-648-390-822//63689-549395426431
618290+868914*--500-834*-567--882-594-375/--631924/-878+-379+882-,-++------+618290*868914*-500-834567-882/594-375/-631924878-379-102
261-607-88/-177/--828--251641/+-847-860-396*894*/-385--585+253-558+,+-+---+--319//-607781-177-828/-251641-847**860-396894-385-585253558
-968595--786-270--416+-359--931-273*+-88-557/--157750*+-340--742173**,--+-+-+----900595-786270-416-359*-931-273/-88400*-157750-340*-742173
-268775+998831*-745*-386*-847/405*+-707297/--588966*5*-826/256*+,+-++-268775*/***-88831-745-386435405/-707297//**-5889665-826256
-136365-163*720*507/252/--490-586*-799*-329/-658/112*405/536/455*+,+--136/***365-163720507252*+/*//**-490-586-799-329-658112405536455
-502612-34/-693*+-290-843/-678-290-351/-375/-999/-449*--610-470/-893/+,+---+-502*/612-34-693/-290-843678*///290-351-375-999-449//755-470-893
618241+-707-369*-34249*+-514--15320/511*--526+568-543+441369*-,-+-+--+-+618241*-707-369*34249-514*/-15320511-886568543*-313369
-274-706*205*718+-20--19-876/-312*--7+760886/283+--158--970-154/-,---+-++**-274-706-33718-20*/-19-876-312-7*/760886283-158/-970-154
-576454998/-944*-736*+122-787-644463/376/542*-590/-748+331+-714-,-++---+-414**/454998-944-736122787/*//644463376542-590748331-714
685113+405799/-260-276*-893*970/-426*-510/-219488/+279847*+-60-,++---+685113/405799/*/**260-276-893970-426-510/219488+279847-60
-783-211*569338*-468-63*-739-502698/+514663/484/136/--753-563+,+--+---*-783963*569338*468-63739/502698///514663484136-753563
594-90+995-352*-390*637*360*-13*-651*+-345+424-586--281+-294-910+,+-+--+++594-90******995-352-3905360-13-651-345424586-281344910
-811499+944-536*647/325/-482-926772/-137+435-588+773+-677-419*-,-++-----+-811499//*944-536647325482*926772137435588773*-677-419
-570678--819+-364-112*--332+-751868*+-363747/-488*236/+826--78022/+,--+++-+--570678-285*-364-112-332*-751868/*/-363747-488236826/-78022
-552-312-30*+134-602*+-549--713-744+63518/--816962/+-907--91+600-,-+-+-+--++-552*-312-30*134-602-549-713744/63518/-816962-907-91600
695439/-738/+-202-806*-905*+12--828229/-380*-747*--269241/+-59-,-+--++69//5439-738**118-806-90512**/-828229-380-747/-269241-59
418215*-735--608-916/+286--373--932+370--425+723-594/-549*-906/+498-,-++-+--+-*418215-735/-608-916286-373-932370-425/*/723-594-549-906498
-157-795/-139*-945--83627/-465//244-945153/-723/--318-163462/-792**,----+-*/-814-795-139-945//-83627-465244//945153-723-318*/163462-792
-472225+-804-498+945145*+-273+-516--636-27/64/630/980*-934**715+,++-+++-+-472225-804498*945145-273-516**///-636-2764630980-934715
37199/803*643/677*505/-99*825+-868-148-776*-412/-314+40-514*+,++--+*/*/*/37199803643677505-99825-868/*148-776-412314*40-514
-813-289*524*994+-195+-185--819-166*--602+674-21/900*--154-815+459-,-+--+--++*/-813-289524994-256-185*-819-166-602*/674-702900-154815459
-544-830/-559/-194/271+-105--626+-32-664*13/-876/-447/--38--204+-390+,-+--+-+///-544-830-559-194271-105-626+//*-32-66413-876-447-38-204-390
918795-741*-866/+-986-299/-842*417/596*+651972*+778-649/-729/-196/-,-+++918/*795-741-866*/*/-986-299-842417596*651972///778-649-729-196
416980*-381*-760*-56599/-131*+418-871+21429/+707-889*344*+-991-,--++-+***416980-381-760*/-56599-131418871/21956**707-889344-991
9341*181*-782/254*457--666+893-581*-806--4-759/-199+699--112+,--+---+-*/**9341181-782254457-666*893-581739/-4-759199699-112
458-663717/958*972*-197*--226728*-145/232/+423--507414*130*837/+,+-+-458***/-663717958972-197//*-226728-145232423/**-507414130637
661-111*809/203--380--720650/-831/405*900*989/+-242--830420/+491+,++-+*-/*661-111809203-899/**//-720650-831405900989-242/-830420491
330253*925-109*93*+-895693*+380--184-88/+103-49*+-993-175--51+,+--++-++*330-102**925-10993*-895693662*-184-88*103-49-993175-51
560-211/720567/-352251/+-8+-555--133-877597*-838-311+102+-774-,-++----++-/560-211/-181567/3523-8-555-133*877597838311102-774
391224-820/--423-277/623*--553550*-539-682*+261+-737--484+583-224+,+-+-++---391/224-820*/-423-277623*989550*539-682261-254-484583224
18-4*741+-597--94163*546*-278/368*743*856/--577-360/+774-160+,+-+--+/18-4741-597/**/**-94163546-278368743856/-577408774160
805-284-634*--3+-62352*-699*-674*-719184++413+744--301--285-274*-,---++-+-805*-284-634-3***-685352-699-674*719184413744-360*-285-274
284-419*-134*-249-893*882/+962+330451*-201*838/--431-265/-273/+380-,---++**284-419-134/*-249-893882962/*-330451-201838//-431-265-273380
409359-628174/100*+-449-263/858*-663*-681+-948-105/-252--657+704-,-+--+-+--447359*/628174100**/-449-263-939-663681/-948-105252-657704
-407-764+-282-198*+316-932/-948-771+678876+--952+89-973*457*+-294-,-++-+--++-407-764*-282-198/316-932948771*678876-952**89-973457-156
418877*-824178*--309772/+981+58749*--991+865-883645*+366-708+,+-+-+-++-*418877*-41178*-309772607*58749-991865*883645366708
-701765-227*+-931-580*+933-584/38/--757+342+132365*-147/-800272*+,+-++-++-701*765-227*-931-580//933-58438-757342/*132365-147+800272
-302-875/899969*-709*-946/+680+777595/--293878/-824*+-978397*-716*+,++-++*-302-875/**899969-709-946680/777595*/-293878-824**-978397-716
705613--84742/-314/+966+233-355/+215-942/-896/-712*558/330*-473+,+-+++--695613//-84742-314966/233-355*/*//215-942-896-712558330473
-830917*176*-185*-325274++26745/--89+-95-760--141/+600-436/-132+,+-++-+***-830917176-185*-325274/267-684-89/*-95-760-141/600-436132
710-752+-363312*-386/223*792/+-65+611+-873-356*-842-934-660-629/+,+--+-++++710-752/*/*-363312142223792-65611-873356-842934/660-629
-148584*762/140/146-850--235-99542*953/-991/+-230-672/288/-84/-,-+---//*558584762140146850-235//*99542953-991///-230-672-779-84
-292120*-694--700+-425-243*497*-204/839+-531*+-950+530-488+-955-366/+,++-+++-*-292120-694-700*//**-425-243497-204839-531-950530488/-955-366
491975/757/-677+-996--21923/--252+713-907695*--161+-49+467-557*-,-++--+--+/+491975757-677-996/-21923-252-33*907695-161-49*467-557
430139-540*248/243/-290+115500*--281635/--139-778+-344303*+-468+,+++---+-430//*139-540248243290*115500/-281635-139778*-35303-468
-756291*-535*-55-816-356*+-696+157--421+20694*--125-340+42/-420*+,+-+-++-**-756688659-55*816-356-696157-421*20694*//-125-34042-420
183-788*280-459/-147*759/-696/-297*370*+607-346+-210453*-773*108/-,-+-+*183-788**//*/280-861-147715-696-297370607346/**-210453-773108
451889/503-909*856*+-92+-359636/+-235--293-660/-667*+792-894*78/-,-+-+++/451889**503-909856-92/-359636-235*/-293-660-667/*792-89478
-101112155/+832-33/296/337*+-303--967-883*+693--447--62231*794*+,+--+-++-101/112155*//832-33296337-303*-967-883693-447**-62231794
915-37*-186+269-449*455*839*+46-122/-800*+-832+365+-405+-174-33/-,-++++++*915-37-186***269-449455839*/46-122-800-832129-405+-174-33
-779-67-582318/-424/+-967--522878/-864*-912505*-292*--378/875--716+,+-----+--779-67//582318-424-967*/-522878-864**912505-292-378875-716
883-457+-412974*+408--955--350206*-405/-844*+930+592815*-682*-97*-,-++--++883-457*-412974408-955*/*-350206-405-844930***592815-682-97
987-153*392*-14/-301*-170*-530340*--171-677*92*-114*-982/--162315*-,---**/**987-153392-14-301-170*-530340/***-171-67792-114-982*-162202
-988-415835/+-679-813--836218*-894*+163-924-606--82--545+5444/-,-+----+--+-9/-415835-679813**-836218-894163924606-467-545/5444
696-328*-998*-752*857/-176*783/635334*-514/771+--839+-747474/-705/+,++-/*/***696-328-998-752857-176783//*635334-514771-839//-747474-705
-473-720*-379-722-251/+-876--774+-40-157+-619--937-989*162/-457419/-,---+-+-/-*-473-720-379/722-251-876-774504157-619/*-937-989-326/472419
-992-420+553-759/-255--366774*+800--841999/--95--410379*681/+-217+,++---+--+-992-420/553-759255*-366774800/-841999-95/*-410379681-217
-144-285*-886528*+34277*--741--871-986*605*+-611482/-742/-588+160-,-+--+-++*-144-285*-886528*34277-741**-871-986605/-611482742-588160
446792+674+-716+-801+920-501/-548/+169-228-729+-764373*-85/273*+,++--+++++446792-758-716-801//920-501-548169228729*/*-764373-85273
484645--949--127-9*+1282--914+671+-286-676+-686-61-730/595*-,--+-++-+--484645-949*-127-9/1282914671-286676-686*/61-730595
-323-663/391/59754/-278*-546*-12*395-712-824/-171*969/+-790-794-,--+---//-323-663391**/59754-278-54612395/*/712-824-171969-663794
-95280+-207-774/-715/991/+752-577/+940+-250--904-832751*298*-971/+,+--++++-95280///-207-774-715991/752-577940-250-904/**832-20298-971
815-584569/--617--272-425-731+16--817+-632--853--344+75--120-351*+,+-+--+-+----815/-584569-617-27242573116-817769193-58075*-120-351
-635100/338-700-47/+-675-20/-663-969*+514--687471/53*705/-600*-,--+-+-/-635100338/581-265/-675-20*663-969514*///-68747153705-600
-806593+-467696/-25-41/-179/462/--914-876/-684-885-281+775+-170+,+++-----+-806593/-467696///25-41-179462/-914-876684885281775-170
68-603/311--290-596/-765/--77-458*-254*--466977*375*--955152/-149*+,+----/68-603311//-290246-765**-77-458-254**-466977-773*/-955152-149
-275543-419*770/-516/803/32/329*-903843/-142*-839*+-183-20040/+,+-*--275*////*543-419770-51680332329**/903843608-839427/200-584
-590-333/-962/-115+-399808/233*+868-992*+931-86248/--621-666/+703-,-+--+++//-590-333-962-115*/-399-793233*868-992931/86248/-621-666703
726-438*693/455-587/-820*345*+445-33**-394+268-670*-100*590*146*-,-+++/*726-438693**/455-587-820345*445-33-394****268-670-100590146
-374884-804*-209736*317/+-492-774/-979+-443--962476*-39+-771575++,++---+--374*884-804/*209736317*--492-774-979443*-96247639*-771575
-355181/-419*448-880*517/-409*+976-41-703--319--283123*-22//462-,-+-*--+*/-355181-419*/*448-880517-40961041703-319+*-283123-22462
-403478/90955*-779/-82/-992+169*737-63*823*--269-656/-881344/+,+--++-*162478//*90955-779-82992169**737-63823/-269-656/881344
249637*-866/-38228/+5747/+-278-436-972/63/-14+-257-716+-729+,++-+--++/*249637-866/-38228/5-600-278//436-9726314-257716-729
-542442*940*855*-491/810--421-828*540/808*+355353/--774-949*+-315-,-+-+-/***-542442940855-491810*/*-421-828540808/355353*-774-949-315
408-285-716+-905786/--510+-982-271*190/-792+227+-7--150-200*+-193+,++-++-+-+-408-285716/-905786-510/*-982-271190792227-309*-150-200-634
-877744305*--736-640/292/-796/+-460969*-993/973/--545-383/+-654-569-,--+-+--877*744305///-736-640292-366//*-460969-993-282/-545-383-654569
-853294*744-687*-648*947/+-765--158-364/*-345827*-456/+122+418390/+,+++--+*-853294/**744-687-648947-765/-158-364/*-345827-456122/418390
161-942*51-429-853*322/-283/+-407-559*+-860-685*-738+-306*939*+-220-,-+++-*161-94251//*429-853322329*-407-559*-**-860-685-738-306939-220
-604138238*-308*795*--142+-958+-531-469-78--683+-681--67115*813*+,+-+---++-430***138238-308795-142-958-53146978-683-681**-67115813
159-728+60538/182/+-576810*-701*+825516/57/+546556*225/-448*-,-++-+159-728//60538182**-534810-701//82551657*/*546556225-448
-580445-963423*-973--343--171-745/-436/-737-906/-347*-640*-734*+176+,++------580445*963423973-343//-171-745-436***/737-906-347-640-734176
892-637/-399-763*--794+25-889+681993/--321+-409983/85/320*-231*-,-+-+-+-/892-637*-399-763-79425889/681993-321**//-40998385320-231
743511-886*-496398/-263918*--231177/-445/--835--504390*-213*344/+,+-----743*511-886/496398*263918//-231177-445-835/**-504390-213344
489561/-931--47875*-742/--759-507/-102*-538*609*-403/-27869*-690-,-----/489561-931/*-47875-742/***/-203-507-102-538609-403*27869690
-957926*-800*-383+-763--65179/--82-82/--571-315/--461+356-26//-296-,--+----+**-957926-800-383-763/-65179/-82-82/-571-31584/356-26-296
-602352-983*--318+282-257*-42*259/-914-666*+-26--962301/951*+670-,-+-+-+--602*352-983-318/**282-257-42259*914-666-26*/-962301-264670
950-233/801+457-649*-963*626/59*247/-482-729*-174*+-848--924--638-,---+-+/-474-479801/*/**457-649-96362659247**482237-174903-924-638
-538-439+550+913-749*-988*-476*484*--341+-754-341--815+892105/-130+,+-+--+-++-538-439550****913-749-988-476161-341-754341-815/892105130
533-764/-128*757/630+548--430321*429*-198292/+900--649+-392-477+-,-+-+--*/*/533-764-128757630548**-430321429/198292900-649/-392-477
9241*555-419/+-94-986**617-71--990898*-34994*157*-626*+-880-,-+----+*9241/555-419*-94-98661771*-990898*-*34994157-626-880
864274*-17436*-548-536755*897*-491-415*+742+506-163*--489+490-,-+-++--*864274*-174804548*/**536755897-491415742*506-163-489490
187-896*129+-501946+166/+-273+251-52/-943*--768760/+921--870-430+,+--+-+++*187-896-673//-501946166-273*/251-52181/-768760921-870430
53399528*17/-676/-404-914--170509/-452/-792/-409*/-907+-905-661/-,-/--/-533//*9952817-676404-426*///-170509-452-792-409-907/-905-661
-828394-579/-810-399/+-566+270941/713*-407*-96+-119-894-953*+-403-,-+-+-++--828/394-579/810-316-566+*/270941713-40796-119*894-953-403
562417586/-205-25/+451-443*-940*196*+-434289*+298-293*-968/--838+,+-+++-562/417586/205-25***451-443-940196*-434289/*298-293-968-838
550-201/987-324*-315+-376+447+715-767*+-870+-631-423*642/-307124/-,--+++++*/550-201*987-324315-376447*715-767-870/*-631-423642/307124
732-992461/-768-+-32759*599*--832-374/568/-483+-83836*-612/-752/+,++--+732*/-992461-768**-32759599//-832-374568483//*-883827-612-752
-825616--626+-42912/+-961-740*-107-3/--843--690-377*452*534/+40+,++---++--825616-626/-42912*-961-740/107-3-843+**-690-37745253440
31856079*+197+-350+175--414--823+75+-223-37*940*-463*975/-981/+,++++-+++318*56079197-350175-4145575//***-223-37940-463975-981
520-777-657*+618--904+-986-536*642*-0-541/+-995--861-491753/-194*-,---+-+-+520*-777-657618-904**-986-536642/0-541-995-861*/491753-194
-835468572*+147-691-537+-788+-985--914604/-227914/-92-794/*293+,+----++--+-835*468572147691537984-985/-831604/227914/92-794293
-306-898144*+375-787/+-121-574/+682+-30+-866*-851-737-357*--768--73/,-----+++++-306*-898144/375-787/-121-574682-30-866-851*737-357-768-899
475137--680551/+663-303-580*737/-50+679--342+-721--650715*+174+,++-+-+--+-475137+-680551663//303-58073750679-342-721*-650715174
-706875/-518-607*-836/622*-588/--766--624+584+422--921+9308/-475*+,++-++--/-706875/*/*-518-607-836622-588-766-549584422-921+/9308-178
108666/-742627/-831/420*+-12-414--258-133/-309/-32/--86-643--479+,+-----+/108666*//-742627-831420-12414///-258-133-309-32-86634-479
-170-147/108+597+512--307--657--638-407+821+189296/-257*-348/653*+,+++----++/-170-147108597512-307-657-638407821*/*/189296-257-348653
-723-259+-208+160-417+-556810*+96-846463/-705*-346*563/+-961202*+,++-/+-++-723-259-208160417*-55681096/**/846463-705-346563*-961202
-900-670-691-668/-389/-60+-424+-611-39/35/-89264/--378+-209-908+,+-+--++---900-670//691-668-38960-424//-611-3935*89264-378-209908
-660-300+-593-131/-790/-619*-409-346+-641-643*-227*--985-368/+929-885/+,++-+--+-660-300*//-593-131-790-619409346**-641-643-227/-985-368/929-885
530313--407-98*+190479/+601-860/697*243/838*+933--571-62*-207+,+--+++-530313*-407-98/190479*/*/601-860697243838933*-571-62207
89871*515-439*429*589*-315+841+-798-203--501--75199/-281/479/+,+---++-*89871***515-100429589315841-798203-501///-75199-281479
-234-496*-545*595*-687-398/-836+-173-234*563*-692*--529-792+-75203/-,-+--+-***-234-496-545595--687-398836***-173-234563-692-529792*-75203
-356-166198/+686+-685-843-211/+-649-148+763+-576+-47-871/--508-338-,---+++-+-++-356/-166198686-685/843-211-649148763-576/-47-871-508338
-705-371*453-707*-867--148576+-697/-577/669/-951*-683*--963+-610871*+,++---*-705-371*453-707867**///*-148576-697731669-951-683-963*-610871
-879-430/976-403/--852109*648/31/--230110/+161451*417/+899+-329+,++++--/-879-430/976-403//*-85210964831*-230110/*161451417899-329
-202757/469*-566/204+-261995/-678*-166*164*-57-709/-838*--383994*+,+--+/*/-202757469-566204***/-261-893-678-166164*/57-709-838*-383994
-616572+781--341981*--932-290/--715187*+594-23+-995778*+-544+-888+,++++-+---+-616572781*-341981/-932-290*-71518759423*-995778-544-888
225241*603+422-714*868*+-246-571*-609/+832+721+44-594--423+628-,-+--+++++*225241603**422-714868/*-246-571-60983272144594-423628
-107-42371*-192/361/332/908*-406-972/516/-671--287--333-606*--311+,+------736*///*-42371-192361332908//406-972-401671-287*-333-606-311
678336*665-811/-963823*765*-233/-11*+-705531/+-678-475-707--14-,----++-*678336/852-811*/**963823765-233-11/-705531-678475707-14
13221/90/378*362*-130/-443+-187+950+935348/+563+-522-17*856/+,++++++/**-/13266690378362-130-443-187950/935348563/--522-17856
798695+45729*+180895/+940--532-130/-714/+-463-861*-472/+976--567-,-+++-+++798695*45729/180895940//-532-130-714/*825-861-257976-567
-172360+-593+241-742-357/-20024*423*594/+-817+313+-507+847-168*-,-+*++--+/-172360-593241/742-357/**20024423594-817313-507*847-168
326795+-856+69267/848/11/64/+754+-559--970--637+619-2/51/+,++--+++-326795-856////692678481164754-559-970-637//619-2435
303426+-181-152*-370-780/+-717-98-911+358+649394*219*--279+-343-,-+-++--+-+303426*-181-152/-594-780-71798911358**649-17219-279-343
843-300-962-590+78--239833*-674/-145+-724-137-400*413*+-894+682-,-++-+--+-*843-300962590561/*-239833-674145-724**137-400413-894682
-500647-857/-304-568/-303*-322-52/+-617-660+199-726*+557-424/-333-,--++-+-//-500-891857*/-304-568-303/322-52-617660*199-726/814-424333
-27225/981409/222/-430+193+-895352/-900-46--842-972/--628+-600+,++----++-/-27225//981409222430193/-89535290046/-842-972-628-600
-891-122-33/325*--894-945*+-274-888329/+284+-598--753+-556-71*-769/+,++-++-+--891**-122-33325*-894-945-274/888329284-598-753/*-556-71-769
2317*69*888*276*38*828--637--870+-883+-683-405/543*-699/460*-,-++--*****23176988827638828-637-870-883*/*/-683-405543-699460
-39359802*206*-264*204/993/843*-95*-27*+-411-104/+-195130/-989/+,+-+-393***//***59802206-358204993843-95-27/-411-104//-195130-989
892760--825-735848*254/+865+-138-603-710608/+818+508-565*-440-,--++--++--892760-825/*853848254865-44603/710608818*508-565-770
-402-217/557/-511/738636*-87-951-606/+312--784/-441--77+285+-385-,-++---+--///-402-217557-511*73863687/951-606312-784-441-77285-385
-418-334-987772*417*--961--417-496+823230*-427/-604+146536*-320-,--+-+-----418-334+*-621772417-961-417496/*823230-427604*146536320
-37369*-992/873*-385*75633*+-24-15+-514+220-375*727*-984+837+,-+-++-+**/*-37369-992873-385*75633-2415-514**220187727984858
-587-568*305/395+-825-218*+205291*+274815/--682-110/-203/--80631/-,---+++/*-587-568305395*-825-218*205291/274815//-682-110-203/46531
-59891*-177831*-548/4*-549*794/+317+-471--227-394-400-24277*+,+----++*-59891/**/*-177831-5484-549794317-471-227394400*24277
175-815/273-921*709*+-525--391--638-646/827*-67/--821-646/615/--12+,+----+/175-815**273-921709-525-391/**-638-646-40-67//-821-646615-12
720846/68*384/812+-87975/894*-982+-318229/399*--470+-232+-237-,-++-+-+/*/72084668384812*/-87975894982*/-318-109399-470-232-237
533290+679-576-409*426/+-474933/794/-727/-957*-63*+336+176-661/-,++++-+533290679/*576-409426**///-474933794-727-957-63336/176-661
-706/-663/634/-826-590+-188-342*+682-751/-73/998/-368*-813/+-342-,-+++-///-706-663634-826590*-188-342/*///682-751-73998-368-813-342
866584--193-857+993--219671/-429/+-16-502/-534/-407/60*+973987/+,-++-+--866584-193-242993//-219671-429*///-16-502-534-40760/973987
297218*796*351/921*-505+-468+-738171*-736*+-711723*-420*-377/+-87+,+++++*/**297218796351921811-468**-738171-736/**-711723-122-377-87
-615-277--559-965*-916*-44*-264841*+463+-71022*587/+-728+-123+-163-,-/++++---615-277***-559-965-916-44*264841463/*-71022587-728-123-163
-820-73/-78*313/629*807-420/845/+-994986*614*-790/637*759/-418*+,++*/*/-820-73-78313629//807-420845*/*/**-994986614-790637759-418
254910*-415*352-215*-594*-929*-450575*+782-704/-710/528*+653-199*+,+++-**254910-415***352-215-594-929*450179*//782-704-710528*-542-199
-205-326/72+-677--992+360--11302/594*537*+813+706--367-670*--827-,----+-+-+/-205-326-739-677-992360**/-11302594537813706*-367-670-827
643180-60*--622-569/-157+-952409/-367*106*-314863*-911*-169*629/+,+-+--643*180-60/-622-569157**/-952-752-367106/*-*314863-911-169629
936900/-37*-947723/344/--252-909+-702+978-501/+623-510/-227*+-325-,-++++--*/936900-37/--947723344-252909-702/978-501*/623-510-227-325
-462792/-370+533540/-486743*885/+-779+117-994/-169*-420505/+475-,-+-++-+/-462792968/533540/*486743885-779*/117687-169/420505-915
-236-392*632*830/475*221--853+230-662-136/-80-565*+-895188/305/+,++--+-*/*--236-392632-327475221-853230/662-136*80-565//-895188305
604-982/-611-307306/197/-798701*-518/-166/+188926*+188-161/816/-,-++--/604-982-611//-245306197//*798701-518-166*188926//188-161816
-491-934-252-45373/-752/-597/-179*--544+282*-805-354843/-703*+296+,++--/----491-934252*///45373-752-597-179-544282-805*/354843-703296
-5584642*+-671580/-476/-285/+404+511+-187--255+-883--918+-54156/-,-+-+-++++-55*84642///-671580-476-285404511895-255-883-918/-54156
538439--471941/924*-276//-672507*-11*-613*558*-834/--558--738-767-,-----+538439/*/-471941924-276/****-672507-11-613558-834-558-738767
701-52*173995*+65156/523/+970+-40--639745/-249/+-203+755723/+,+++-+++*701-52*173995//65156523970-40//274716-249-836/755723
-814-843/-58/-183-18/934*-365/--717-825/+-35-546-961/+537499*+-784+,+++-+-//-814-843-58/*/-23-18934-365/-717-825158+546-961*537499-784
564555-776/407*-942--151--56-547/--110-859*+423+-854779*-782+-746-,-+-++----564*/555-776407942-151/-56-547/-110-859423*-854779782-746
577-77200/--598--155--94-578*501/671/-581*+665+-901--64+340170/-,-+-++---577/-77200-598-155*//*-94-578501671-581665-901-64/340170
-758893/799-727/-165--479+281-823-519/-946/-138/-713+-133411*+-5+,+-+--+--/-758893/799-727165-479281///823-519-946-138713*-133411163
38749/-661*-990-2/530/651*147*974*+-868--814-705*-48/+919-663/-,-+-+*/387492-661***//642-2530651147974-868/*-814-705-48/919-663
-872-558*128+820-43/+930342*+412615*185*320/285/+-699/-681-79-,---++++*-872-558128/820-43*930342//+*412615185320285-699-68179
-942-878-928-19446*981*-675+196+-481438*218*626/--328+56+-126-,-++-++----195-878928/*19446981675196/**-481438218626-32856-126
-410265*-551+-685514*-454-348--647+537-973--41778--450-609/-707*-,----+---+*-410265-551*-685514454348-647537973/-41778*/450-609-707
79356-584/965/874*-591+676+858-330*+-400+-156-791/246/600/-43+,+-++++-79*//356-584965874591676/858-330-400///-786-79124660043
992-115--716--916-572/--605304*-101*-724/+359+-511148*-634*+-301371/-,-+++---992-115-716/-916-572/**-605304-101-724359**-511148-634/-301371
708908*-181226*-772/694/+804-938+-6+298-600*260*820-43*+-432+,++++-+*708908//*-181226-772694804-944-6****298-60026082043-432
-90973/-482*-711+186-279*-128/612/--44937*-772-80*-579-857*--14+,+-+-+*/-90973-482-711//*186-279-128612*-449-64***772-80-579857-14
-369-892/-798*343*94+-909682*-357*--659+945-156/-659*-6*+404332*+,+++-+**/-369-892-79834394**-909682-357-659**/945-156-659-6*-947332
85488*-572/-480187*+619--508+312*-778+584-938/--53+-776+-56-578*-,+++-+++-*/*85488-572*-480187619-508312-778/584-938-53-776*-56-578
665640*335--37516/-241--953-756*+-130-212/+676-603/689/-950+-708-,-+-++---*665640-461/-37516241*-953-756/-130-212//676-603689950-708
235114-162/-994/-75038*+-821-195/--852870*+99-904+252-416-707*+,+-+-+-+-235//114-162-994*75038/-821-195*-852870132904252*416-707
-716-960/-687910*256*+-379-866*--368--52876*961*-889+970712*--552-,--+---+/-716-960**-687-220256*-379999-368**-52876961889*970712-552
-871310*-537-186/986-764*44*--536-243*+595--8*-431+876197/-723-,--++-+-//*-871310-537629**986-76444*-536-243595-8-431/876197723
278-344*365-294*+-805--558+-824--24--748--1-790+334+974-918/+106+,++++----+-+*278-344*365-294-805-558-824-24-748-266-536334/-913-918106
956129+260+715--809266/894/380*--853+-66892/-74957/--861-264-,----*--++956129260-285*//-809266894380-853*-66892/74957-861264
370678*935226/--734429*-319+-607632/-737/-213*-663--165/791168*-,-+--+--*370-5/935226*-734429319*//-607632-737-213-868-165*791168
853-537/-930--386+405-620+535974/--323+-125+-60828/--580--4+153-,-+--++-+-+-/853-537-930-386594620/535974-323-125/-71828-580-4153
189306/-526-834*-500/-90/+686--468-490*-703/-807*+413702/-75+-783+,++-+-+/189306//*694-834-500-90686*/*-468-490-703-807/41370275-783
638-586/73/946/830*345--487--641-370/-600*-313*+-481+215-12/-283/-,-++--*///638-58673946830345-487**+-641-370-600-313-481//215-12-283
-155873946*+190+-925761/245/112*-534/-381*-1/--545--244-333*+-809-,-+--++-155*873946190/*////839761245112-534-381-1514*-244-333-809
161318/-397+-974-947-713*+225+-510-484-921/-14/--474+-893-830/-710-,--+--++-+/161318-397-974*947-713225-510//484-921-14-897/-893-830710
688-629/200/37*719*680*815*405*-431*-457-540/--594-591*/13079/+,++-******//688-62920037719-295815405-431/-457-540*-594-474/13079
367525+944-574/571*-55--620-0-967/-0+-115+874-590/+5662*-,-+++----+367525*/944-57457155-620/0-967-507-115/874-590*5662
60835/-968/28*-753/724142/352*671/-868/--161--465-698/674/+965+,++--/*//60835-96828-753//*/724142352671-868-161//-465-698674965
-645192*598*-6--578+-540+-140-882*-437*--772--716*-217+-854-111*--94-,--++--++-**-645192598-6-578-540**-140-882-437-772-735-217*-854-111-94
23228751*-66/+-575-852+27-348-760135/-444/612*-937*-133/651/-,---+-+23/*228751831-57585227348//**//760135-444612-937-133651
-32721/696*13*372--258+-986129/--807516*-964-788-84*--34522/-,-----+-*+/-3272169613372-258/-986129*-807516964*788-84/-34522
-181-488*562*-612+-610-371487*205/713*--364+992-65/-316*672/+-495-,-++--+**-181-488562-612-610*/*371487205413-364/*/992-65-316672-495
-686-269-427*477*+374386/-476+-194947/-613-105/-752267/-267--240+,+----+-+-686**-269-427477/374386476/-194947/613-105/752267-720-240
-611405-454--840862*+-956-839+-557-874*-986551/--900--436+648+784-,-++---+-+---611405-554*-840862-956839*-557-549/986551-900-436648784
4-495--155+619471*+-497-826//358-879120*993/--677765/--261+15+,++----++-4-495-155*619471/-497-826-305/*879120993/-677765-26115
-115-311*-963*445-163/-524*+-737--458+595-858*852/-877/--203-608/101*+,+-+-+**-115-311-963*/445-163-524-737-458///595-858852-877*/-203-608101
-7-565*552+-861452/--886-331--389-85-906+-726/--776993/694/+929-,-+-----+*-7-565552/-861452-886331-389/*85-906-726//-776993694-814
367473--989+-605-91/133/-832/+931233/652--241/+505-862*112/+-487+,+*+++-367473-989///-605-91133-832/*/931233652-241/*505-862848-487
-368456-614*357*--301--484-99854/571/101**24477/+-536+-319+678+,+++++----368**456-614357-301-484*//35654571101/24477-536-319678
698934+-262-17*-686/259*--876-186*+893427/331*--248--58948*+142-,-++++-+698934*/*-262-17-686259*-876-186*/79427331-248*-58948142
-176387/935375*184*+205674/-284279*--812+84+528-639+238747/-,-+-++--+/-176387**935375166/205674*284279-81284528167/238747
-204199*-328*166/-371*-602--212+-257-306*-254*-425-+-313+197+-953+-581+,++++++-*/**-204199-328166-371-602-212/**846-306-254-425-313197-953-581
-987-422456*--399-622*-169/-372*+109+-582562*+417-141--428+-234788*-,-+--+++--987*-422456*/*-399-622-169-372109*-582562417141-428*-234788
-416540*206*935*31*-979289/972*422*-156*224/-436*883/245/-635*/,+****-416540206-4231*//*/***/-979289972422-156597-436883245-635
-546-952*441877*940*-754*504/84/590*+-575-412/+251-606/+821+514-,-++++*-546-952*//***441-393940-75417084590/-575-412/251-606821514
-780-957+55+-798426*--103-866/-790*-959/-134*--188-677-24--447871*+,+-----++-78084355*-798426*/*/-103-866-790-959-134-18867724/-447351
804-925/758*375*781+569-457*+42-613*+390+-767-133*+42+-876--385-,--++++++**/804-925758375781*569-457*42-613390*-767-13342-876-385
-711862-705/-639/+-457+-673+-883-104+-941+-589-327/+-148-373/-423-51*+,+-+++-+++-711//862-705-639-457-673-883104-941/-589-327/-976-373*423-51
517-46413/+-188-824*-780/944/--440+-604608/-523*134/-663/390*-228-,--+-+517/-46413///-188-824-780944-440*//*/-604608-523134-663390228
-254-159/-858497/-791*-779/111*-605+-469871*--270-662*-816/--120+-190+,++-*+//-254-159*/*/-858497-791-779111605*-469871**-66-662-816-120-190
-37766+157-556*-331/-945**-95116/+915537/78*--110636*692*+612-,-+-+-+-37766*/*157-556-331-388/-95116*/-7153778**-110636692612
-185-80*631*225/-737/529-632*--656--529+326892*733*-1/+22+-211+,+++---//**-185-80631225-737*529-632-656-529/**326892-342-122-211
48-237+262+-181-679/+-203+-856-938*--23+464-227/-269-270/45/-211/-,--+-++++48-237262/-181-679-203*-19-938-23/464-227///269-27045-211
-967988858*983*-520-86135/-311*+-405-688--206614/--209495*-863/-,+---+---967**988858983520*/86135-311-405688/-206614/*-209495-863
59-941/746*-796--11--27+-576482*-420/179*-959*-860/684/+67311*+,+++--*/59-941746-796-11-27//**/*-576482-420179-959-860684*67311
451772/-504/252+128-927*303*-359*-21--315-736*-805/-903/+574--513+,+----+//451772-504252+**128-927303-359-254//*-315-736-805-903574-513
54916*-638571/-675/--620-512/--304-137/-326/-899/69*+646--803683*+,+-+--*54916//-638571-675/-620-512*///-304-137-326-89969646*-803683
-109546-766*+508--217-659+-293-863*-644-611*--220+797116*-149*--970+,+-+-++--+-109*546-766508-217659*-293-863*644-863-220**797116-149-970
206-847+-570-50-343-297-303/904*+811152/-450-825*+-892-98*--695-,--+-*---+206-847-3050343*/297-303904/811152+450-825*-892-98-695
-841217-988/--139+884-692-420/--829+562841/-285*309/+798+-329754*-,-+++--+--841/217-988851884/692-420-264/*/562841-285309798*-329-37
548-968-861297/+-959+-22--627-615*--263270/--334135*922*499*-894/-,----++-548-968/861297-959161*-627-615/-263270/***-334135922499-894
122419935*+-394-92/--329+-90-506-264*-820--89--210463*-236/-90/-,-*---+-+122*419935/-394-92-329-90*506-264820-89+/*-210463-236-90
-433-338/-596/721+694-936+-959-971*781*891*--540287*+101235/-766*/,+--+-+//-433-338-596721694936**--959-971781891*-540287*/101235-766
173-226-680541*926*225/--873442/--239476*-582*355*-976/-643*-303*-,----173-226/**680-105926225/-873442**/***-239476-582355-9768571
704246-643/+524-752-463/504*-322+388+-504-969/+905+-380--534-638/-,--++++--+704/246-643524*/752-463504322388/-504-969905-380/-534-638
-350-839--366--858765*-134*-422*-854*-782*--752664/+-122+-47-189-864-,---++----350-839-366*****-858765-134-422-820-782/-752664-122-47189864
-350-433/592389/-944-479*--471-752*-18*866/--777-602*--918+31-979+,+-+----/-350-433/-211389*944121/*/-471-752-18866*-777-602-91831979
-549-890430*658/--316-359-20/+830-340*-738*-306/962/55/752/-202/-,-+---549/*-890-723658-316/359-20/////**830-340-738-30696255752-202
692-987/786-649/84841/908/177/--847813*-944/211/+-749-245/-136-,--+-+-/692-987-253649///84841908-918//*-847813-525211/-749-245136
485-432-733-237*-50055*-317/+806+280-715*-597*+792-819/909/-296*+,++++--485-432*733-237/*50055-317806**280-715-597*//792-313909-296
-1449867*-251*+337-370-749*-297*--946-329*+866+-190-862+-982497--,-+-++--+-144**9867-251337**370-749-297*-191-329866-190862*-982497
-66-845/-777*783-373/-628-986/+200603*-323436*228/-938/-290405/+,++-+-*/-66-845-777/783-373/628-986*241603//*323436228-938/290405
-36-157*-31*432--289-424*--102593*--711-826/--716791*--81-464-197*-,-------**-554-157-31432*-289-424*328593/-711-826*-716791-81*464-197
892-976-998220*-424--236+325909*-728--889+800509*860*/751592*-,-+/--+---892-976*998220424-236*325909728-889**800509860*751592
693-419/901*271/710*441--59823/--678-161*+933-187987*-177/--24-,---+--*/*/693188901271710441/-59823*-678-161933/*-196987-177-24
593-53/403*-503+857+-648-940/261*698/613*-887/987/171/--921-20*+,+-++*/593-53403-503857///*/*/-648-940261698613-887987171*308-20
796592-9-268*-379/-954/-719/377*+341304*+567--485+16680/-822/+,++-+++796592*///*9-268-379-954-719377*341304567-485//16680-822
-533257461/-548+277-400/+958+-853+-781-745/--659-996618/+-39833*-,-+--++++--533/257461548/277-400-526-853/-781-745-659/996618*-39833
-581-495-250*-448*--25707/847/90/+484932*60---371-270*+571+446+,+++-+--581*/-495-250-448///-2570784790/*4846960*-371-270571446
-468777/947/-807*873*17/-964-303-395/142*/243+583-835*274*-417*+,+++-/**//-468777947-80787317-964*/303706142243***583-835274-417
117-349606*--363--9-888-912397*--403719/--563-641-240*+69285*+,++-*--+--117*-349606-363-9888*912987/-403719-563*641-240*69285
668-725536/663*946*344*+-288+612532*-302-408-63*-174*-213*--58-,----++668***/-725536663946344-288*612532302***408-63-736-213-58
-151682*927/823*-447+-906-38779/64*-129*--555+711--490173*-516+,+--+--+*/*-151682927823241-906**/3877964-129-823711*-490173516
58923-174/729*342*-89/598*+-970-516-592894/+-224-797*523/21*-,-+--+58*/**/923-174729342-89598-970516/592894*/*-224-79752321
279-774*-399/-208-414383*21/281/+-934--434832*--325--21+903-797/-,-+---+-/*279-774-399-208//*41438321281-934*-434832-346-21/903-797
476192-486*284*+-922+-367-124*+-74--689+-436-592-758--837661*-518-,-----+-++*476**192-486-152-922*-367-124-74-689-436592758*-837661518
-33-491/-1000/768-112/15/+-754-869/+-19+-288/-329-950-1000/-655*-834*+,+-++++//-33-491-1000//768-11215/-754-869-19-288-329**/950-1000-655-834
902-58274*-146*-656*+-894-955*-623/+-950+-48182/-389*-165*-306/665*-,++++902**/-58274-146-656/*-894-955-623-950*/**/-48182-389-165-306665
444-302589/+-6-472*+-527811*+-740-151+-63+526692/+481+-503-417-,--++++-*++444/-302589*-6-472*-527811-740-650-63/526692481-503417
375-352/-77*968--623+-667748*383*-290834/+620+492-541+641229*-,-+-++-+-*/316-352-335968-623**-667-332383/290834620492541*641229
-758366*419/-575*-624*-44+318--168--265--654+33218*-746*-862*+913+,+++---+**/*-758366419-575-624-44318-168-265-654***33218-746-862913
-365-621/-546-418/+508765*+-266-786*-519*--815-711--580682*409*177*+,+---++/-365-621/-546-418*508765*/-266-786-519-815810***-580682409177
443272577*195*-517/+186-591*-406*+-325-547/--82917/+-694+-294-645*+,+++-++443/**272577195-736**186-591-406/-325-547/-805917-694*-294-645
927-784/168/-975858*+155394*712/593*--214-608*--255*224+-984+752+,+++---+//927-784-244*-975858*/*155394712593*-214-608-255224-984752
-560-39/-175*-430*330*117*606*996-77+-633-970--247-618*-622-735/-,----+******/-560-39-175-43033011760699677-633970*-247-965/622-735
-838-511+517--800-781/+781+-201-82776*-989-314*-491/-121+69-605+,+-+---++-+-838-511517/-800-781-788-201*82776/*989-314-491121700605
114741/542+-245+705-588*-183+-91577*-327*+982--181+-374--86+458-,-+-+-++-++/114741542-245*705-588903**-91577-327982-181-374-86458
-901167*130*102/-239*84-206340/18*-199+879-930+-414-255/-599/+,++-+--*/**-901167130-655-23984*/20634018199879930//-414-255-599
302-911*-973*29-253/-75/+442-877308*830*-959*-877*-758/-6*--158-,---+**302-911-973//29-253-75442*/****877308830-959-877-758-6-158
-786855/-784/-195/-201-208--72+857-103+29930*948*-268*+741563/+,+++-+--///-786855-784-195-201208-72857103/**29930948-268/741563
-601531*533*-805565*174*+598512*+3-703/679/--850-252-82*480*+,+--++**-601531533**-805565174*598512//3-703-704-850*-252-82480
676725/-469+450--995-669/49/219/-894-983*-978*-767/+43-770*+228+,++++-+/676725-469450///-995-66949219/**894-983-978-767/43-770228
22811793/+999--917+-401-699/+-376-179958/--424+630--875452*+720-,-+-+-/++-+228/11793999-917/-401-699-376/179958-424630*-875452720
348-206/46321*--424-775+-685--697-486+899273*+-443666/+-258+-171+,+++++--+--/348-206*46321-424775-685-697486*899273/-213666-258-171
-771-743*573/544*175888/+955/-890-290+881--355-668318/-583-367*+,+---+-++*/*-771-743573544/175888955-890290881-355/668318*-688-367
717640-391-249*+-507124*+614130*+165757*-804*-712*--416+-707+-922+,+++-+++-717640*391-249*-507124*614130***165757-804101-416-707-922
-292-538-515*624/+257+-212+-916-859+-907-947/-681-788*-609*-608*-180/+,+-+-+++-292/*-538-515624257-212-916859/-907-947/***681180-609-608-180
80519-733/-340*-372-898/-291/207/--326-647*945/953/+-360225/522*-,-+--80*/519-733-340///372-898-291207//*-326-647945953*/-360225522
105-853531*-18/+228674/--532-904/+-493699/+-148+422+-559--444--207+,+--++++/+105/*-853531560/228674/-532-904/-493699-148422-559-444-207
632797*185*-345+-152131/-795-235/-690/986/-24/-652-211/-604/707*+,+--+**632-135185-345/-152131////795-235-690986-24*//652-211-604707
-794-947*-590996/+557-436*-335+-544-724*+-651919*744*-637/+-641-933/-,-+++-+*-794-947/-590996*-532-436335*-544-724/**-651919744-637/-641-933
391-339+877-198/-555/-853/818*--973--864688*+779-491-894/+-301-32/+,++-+--+391-339*///877-198-555-853818-973*-864688779/491-894/-301-32
-549-321/-495930*+-401-837+-988529*-33*+383-784*19*-574387/495*-,---+-+/-999-124*-495930-401837**-988529-33**383-78419*/574387495
869-52-841/-924*-157/+440329*+-209+612866/545*--194+175-14-69-,---+-+++869/*/-52-841-924-157*-689329-209*/612866545-6911751469
-100-401+777--173-740*+196+-378-368*843/--232-219*434/126/193*+-527-,-+-++-+-100-401777*-173-740196/*-378-368843*/**-232-219-926126193-527
-288-657+760-94/-526*-674/--805-12*--196876*+-511-637*-615--190121*+,+--+--+-288-657/*/760-94-526-674*-805-12*-196143*-511-637615*-190121
542308/490/-264/-282*-943*72205/735*326*--522+-284134*-290/-105*-,-+-**///542308490-264-89-943**/72205735326-522*/*196626-290-105
443-367208*531/+259-650*--531+-735--769502/+-263-386-781+-685-346*+,++--+-+-+443/*-367208531*259-650-531-735/-769502-263209781*-685-346
-142236-577*-639/-274/524*570*-682366/+811+299-422*-608/-907*-300/+,+++--142**///236-577-639-274524570/682366811/*/+299-422-608-907-300
705-537-77/-227*281*66/+28367/-291*409/+793850*-672+382-400/+,-+-++705/**/-537-77-22728166/*/28367-291409*793850672/382-400
-629-524-604/+-948-207-984/-80*172/--109+-339281*-17*-919724*--288-,---+--+-629/392-604-948/*/207-984-80172-109**883281-17*919724-288
258900-532490*-240*48*+-424+-15+-41-322/+-100-582*-774*-160796/*,--++++-258900***-136490-24048-595-15/-41-322**-100-582-774/160796
800880/479/-836/951+-642-205-849-216+-275+-984+-726+-31-806*-637//,-++++---+///800880479-836255-642205849805-275-984-726/*-31-806-637
-968489791*+-524-98/-312/-638-577*-205-743*85*-555*-759*-565*-94/+,---+-968/489791//-524-856-312*638-577/*****205-74385-555-759-565-94
-172166/-893+-315-328+-429699+-985/601*+-913-10235/+515-789+150+,*+-+-++-+/-172166-893-315328*//493699-985601-913/10235515789150
953-820-617/399/--254--643+993+-203-455*-732/+-290--129+37-701--688-,---+-+++--274//829-617399-254-643993/*-203-455-732-290-12937701-688
616-905*358+222--496-412-97/--658745/+-749-330-307*637/+-213601/-,-+-+---**616-905358222-68/412-97/-658745816/*330-307637/-213601
488-699*-393651*-659594*-907*+-151-743/-52/-958-581/--892928*536/+,+--+-*488-699*-393651**659594-907//-151-743-52/958532/*-892-905536
-954-808--886-83/-321*+-681--878+-994-190+9+887--186-802/158*0*-,--++-+-+--954121*/-886853-321-405-878-9941909887**/-186-8021580
-924-894*-918/531/915*-252902/-413*562/+898+-104-832+698-278--101+,+*-+-++*//*-924-894-918531915/*/-986902-413562898-104832698278-101
447600738*+651128/410*-147*45/--509+569+-608209/--270-538*--394+,---++-+447*600738***/651128285-14745-509569/-608209*-270-538-394
-296-642-834/-33/-744*-66--462+268+660536/+637-20+-30470*+579-,-++-+++---296*//-642-834-33-74466-462570/-97753663720*-30470579
-134945*273/-813396*-102*-931*-194*172*-652*-914*138*--133+57-53*-,-+-/*-134945273********-813396-102-931-194172-652-914138-133*57-53
93-596/-567-338/+-417+218501*--755-60262/773/-484/-155/-920*931*+,+--++/93-596/-567-338-417*218501-755**////60262773-484-155963931
-415677-610--426896*-542578*417*+519-619--133+559-692*-651*505/+,++--+----415677610*-426896**542578417519501-133/**559-692-651505
711-209991/-468/+-162-272-30*+-625+-192+-725-625-483*+52+922+-775-,-+++-+++-+711//-209393-468-162*272855-625-192-725*625-48352922-100
24-814*-468/401875/289/--686-403*+861--331--887+145635/--34764*-,--++-+-/*24-814-468//401875289*-686-403861-331-887*145635*-34764
-603454896*-250*-340*167/-572*-199/-385/-941-7/852*-244-861*981*-,-*--603//*/*/*454896-250-340167-572-199-385**941-7852**244-861981
826-320428/+566+887-380673*+-930-827-755*--437--119-142+-689+-556+,+++----+-++826/-320428-869887*380673-179*827-755-437-119142-689-556
-854-913-658*+573+-276+-928781*-614+-916-747*--513271/-890*-558/117/-,--+-+++-228*-913-658573-276*-928781614*-916-747//*/-513271-890-558117
779567*70--505+-935+301-719--601+-382747*+803-782*-383-617*-243*+,+-++--++-*7792970-505-935301-874-601*-382747*803-782**383-617-243
395-888-95-121*+-428779*-443--30709/-541*--136+818447/617/+853+,+++---+-395-888*95-121*670779443*/-30709-541247//818447617853
-439568252/-614-335+-288-146/752/42/--469--67315/-704*-841452*+,+--++---439/568252614335///-288-14675242-469*/-67315-704*841452
579-792--999993*+434264*+-673926/-319-120*140*592/+-752+-510-659/+,+++-++-579-792*-999993*434264/-673926/**319-120-23592-752/-510-659
-531378/-149--116760*93*704/131/-361-408565/-162*--867-492/-603/+,+----/-531378-149//**-11676093704131361-/408565-419/*-867-492-603
449-604-335*951/-292*0*-319*+-835-836*271*-125*--968-703*44*+810-,-+-+449***/*122-335951-2920-319***-835-836271-125**649-70344810
-91260/302+-655+-779-326/-756-352*-537-413*512*-51*-935-758-478*+,+----++/-91260302-655/-779-326*756-352***537634512-51935*758-478
583-918-497/29/+-148+43-362/-451*-828*555-279/-992-948-668/+513-,-+--++848//-918-49729-148/***/43-362-451-828555279992/948-668513
-7869517*-952674/-87/+765-846*+139-530503*262/-694--336824++,+---++--78*69517//952674-87*765-846139/*530503262694*-336170
-937-12-68-122/+-307207*+-851-946/+-428--884-78/-689207*325/+582+,++--+*+--937-12/68-122*-307207/-851-946-428/-884-78/*689887325582
32857793*867*-23/+345--324381*+79-804403/+861+-119+851/-118+,+++++-+--328/**57793867-23345*-32438179-804403861-119851-118
388753*-657-781--91-46+-506-378/*-717745/-101*-995*987/+-302845/+,++-+---*388753-657781-9146/-506-378/**/-717745-101-995987/-302845
-724-293+467+-46-402*336*--471--178--600+-505-878*-116151*+-69+-498+,+++-+---*+-724-293467**-46-402336-471-178-600*-505-878*116151-69-600
81-741-780425*-917/-27+-590/--446--777+56+131675*+52224/-606*-,-+++---396-741/*/*780425-917-27-590-446-77756*131675*/52224-606
291-942+-57+835-329-162*+-791+166324*--522+-258--867--588-477*321/-,---+-++-++291-942-57835*329-162-791*166324-522-258-867/*-588-477321
-935230--842-487*+-193+858-611-152/--449-701-395/--593-346--258-704*+,+------++--935230*-842-487-193858/611-152-449/701-395-593346*-258-704
24915*378-851/+313-751733/303/430*-441/--853--89440/+903-40/-,-+----*-45715/378-851313/*//751733303430-441-853/-89440/903-40
-433-443-160/196*+26-896/--796-828*-290-450*56/-586*+3+35175/+,+++--+-433*/-443-160196/26-896*-796-828*/*290-45056-5863/35175
-464815*-945-475/805*-651/-603/-291*-85/333/361/-91*327/265*+263+,++*-464815*/*///*//*/-945-475805-651-243-291-85333361-91327265263
-141143/-803628/+7287*-113+92+110-702*--254-514*+326-519-418+,+-/+-++-++-141143/-803628*728711392*110-702*-254-514326519418
-900-123418*-54--632194*+-650--644483/-361/+970-728/-35254*442*-,--+-+---900*-12341854*-632194-650//-644483-361/970-728**35254442
-282-317*934-658*+587--81588/482/-285+-176+-204412/854*+-157907/+,++++--+*-282-317*934-658587/*471588482285-176*/-204412-64/-157907
-612-273784*283/-259/-45/494/+882-545--134-659/-932/+677--63772*+,+-+--+-612////*-273784283-259-45659-656545//-134-535-932677*-63772
-310-205*-831709/--966*946-144-406*-723*912/+-905--20741/-222/-402/+,+-+---*-310-205/-83181-966946/**144-406-723912-905///-20741-214-402
583879/-793*-285-782/+355+-938105*-587/+-13+-845175/+127-892--321+,+--++++-*/583879458/-285-782355/*-938105-587-13/-845175127892-321
98-478/477--477747*-140/--573779*+-711774/+149+394+-163+-39-585++,++++++--/98-478477/*-716747-140*-573779/-711-509149394-163/-39-585
-310-873*-505*-890-234/759/1/272/751*+-25853/-517*27*-569/-380-,--+/*-310-873-505*////-890-2347591272751/+*/-258-279-51727-569380
947162-751/+-491+-651-507--854-449-400-26-321/529/--816+-300826/+,++------++947/162-751-491551507-854449400//26-321529-816/-300826
244202*-790*-149+-539-769--723400*-458/-139/123/563/+197--920+-851-,-+-+--+**244202-790-149-539769////*598400-458-139123563197-920-851
21085+-567443*115/+-666342*533*-349+992691*--896+-582283*543*+,++-+-++21085/*-567443115**-666342-940349*992691-896**-582283543
-178-841-936/+894-271+-562+-266-306*+-252942/691*-532+-353+-825-481*-,-++-+++-+-178/-841-936894271-562+-266-306*/-252942691532-353*-825-481
-432-118*297/-853*891*-597*-678-696*-53/-38*-763441*536/+-181-49+,+-+-***/*-432-118297-853-809-597*/*-678-696-53-38/*763441536-62949
49-772*539148/+-11-360*--192-544-715/+-761-583*--298-62*-848/391*-,--+--+*49-772/539148*-11-360-192/544-715*-761-583*/+-298-62-848391
221-511*-356+-509596/--287-547*--559--284--720559*-716*-998/--924275/-,------+*14-511-356/-380596*-287-547-559-284/**-720559-716-998/-924275
375-237/-72/332959/390*357/-662/+-888-10*+469--433371*--221--414+,+---++//375-237-72//*/332959390357-662*-888-10469*-433371812-414
990969--225873*353/86/428*-797-679+171+754-163296*--802-348/+,+--++---990969*//*-22587335386-491797679171754*163296/-802-348
88554*768-766602/+-138/-148--135--314--120+-262972*-406*754*-434/+,++----+-*88554768/766602-138-148-135-314-120+***-262972-725754-434
-809-156*-979+876--378-522*+835-71*--342895*29*+-910+-204873*599*+,+++-+-+*-809-156-979876*-378979*835-71*+-342895223-910**-204873599
-775-830+403-418/--256--798982*+-358-458*781/-888/+608-539*652/--174+,+-++--+-775-830/-587-418-256*-798982//*-358-458781-888/*608-539652-174
-977-267--89--596-537/+-942+905+-448--887-383/47*740/-65/+-431+-627+,+++-+++---977-267-89/-596-537-942905-448//*/-887-27147740-65-431-627
-73616*714*-386+-648186/-499*-418/-54*+859-730/-503/-427*+655--595-,--+++**-73616714-386*/*/-648186-499-552-54*//859-161-503-427655-595
941-472/414/-827+-347733/--663--809+712-330*+724-477*-372173*67/-,--++-/+//941-472414-827/42733-663-809*712-330*724-477/+37217367
566184-365/-937*847/+278-871431/513*+950-614/-110/960*+-158497/-,-++-+566/*/184-365-937847278*/871431513*//950-75-110960/-158497
-635540/233-573*+271759/318/806*+15+433+765-197*--15477*518/+,+-++++/-635540*-618-573*//27175931880615433*765-197/*-15477518
-476413*-666+538413/-476*-177*-988+95+-38439/--161--408--739--740+,/----++-+*-476413-666**/126413-476-17798895/-38439-161-408-739-740
866805+-83--728--957-266+-379276/854/--819118/+-72-387/--334-318/+,/-+-+---+866805-83-728-957266//-379276854/-819118/-72-387/-334-318
515107*-172/-708*502-546*-686*--112+587-34/+-364--508-509/--166-269/-,---++-*/*515107-172-708**502751-686-112/587-34-364/-508-509/-166-269
-782-257*176632*--192--131-902*-813*172/-962183/-95-961+73707/+,-+-----*-457-257*176632-192/*/-131-902-813172/96218395961/73707
-513136+787--760216/-110272/-266305*+-978-103-123+74345/873*-,-+--+---+-513136787/-760216/110272/266305-978103123*/74345873
-988873/-843+-505+-885347/734*-18*-448*-363/503-598+479-347*613*-,-+---++/-988873-843-505***/-885347734-18-448363503598/-479-347613
829479*-282-670*--218--658+876+192491/+-564703/-658180*-82--80+,+---+++--*829479*-282-670-218-658876/192491/-564703*65818082-80
748859/-716-934*483*113*-216*+996-138/-463*-6-825*-450*+-410-47*+,+++/748859****-716-934483113-216**/*/996-138-463-6825-450*-410-47
721936-384/+-167+937+139195/536*+101-137750/+367-246--434-829*+,+--+-++++721/936-384-167937*/139195536101/137750367246*-639-829
315-741/-414+671993*--832--892+350-646/+-364+468+38-794*+-579+-964-,-++++++--+/315-741781*671993-832-892/350-646-364468/38-794-579-102
553-889/-807/-920*-41-868--308407*245/157*+-513-261/-364/+-684--691+,+--+--*//553-889-807186-41868*/*-308407245157//-513-261-364-684-691
-937-49711*549/+413-376+850-767*292/302/+-12-952--359201/104*+,+--++-+-937**-49711-137413-4//*850-767292302-12952*/-359201104
-340512--349+-492--323--454529/330*-591853/-698*--694+351-742*+-128-,-++----+--340258-349-261-323*/-454529330*/591853-698-694*351-742-128
707-157718*-342*-196/+-424237*620*-185--860+652+-108990*-976/-822/+,+*+--+707/**-157718-342-196**-424237620185-860652//*-108990-976-309
-986-274--696735*267*-350*-966--746-528+658-651407/-180*--821+-697-,-+---+-*--986-274***-696735267-350966-746528658*/651407-180-821-697
-418-281*-348356*686/-302-846*+561-262/902*-512*+-422+597+-696+231+,++++++-*-418-281/*-348356686*302-846**/561-262-603-512-422597-696231
808-986+265188*576*921*-349-794*-781/+219946/319*-772*-801-435/-,--+-+808-690***265188576367/*349-794-781**/219946319-772/801-435
615-979--470+-255+696+-998-841*+744--271-326*-415/354/809/-338*-400+,+--+++--615-979-470-255696*-998-841744*///*-271-326-415354809-338400
-113-223/-821*901*521*-787-725-1000+-811*995/-190/--204+693/363+-754+,++-+--***/-113-223-821901115-787//**725-1000-811995-190-204693363-754
-618-759-772*+-423912*-40/-210/-930--973+806-883-883*-27*+790--694-,+-+++--+-618*-759-772//*-423-704-40-210930-973806**883-883-27790-694
610891-736*169*-124/--310-593/+-175-271899/-759*-405/319*981/+-703+,++-+-610/**891-736169-124/-310-593-175/*/*/271899-759-405319981-703
692-577/-263*945*-790/666-843*--729--3697/--762-491153*-379/--330-,------/**/692-577203945-790*666-843-356/-3697-762/*491153-379-330
864-886*-941-103/+51267/623/+-613+337-915*--567458*11/*154--655+,+-+-+++*864-886/-941-103//51267623-613*337-915/*-567-2411154609
-814991+-366+-988+527+672955*900/785/512/+-376518*206*-255/-601/+,++++++-814991-366-988527///+672955900785874//**-376518206-255-601
-58483-212703/--234+-407-61--976259/522*+-526+-226+773103*+-769+,+++++--+---58483/212703-234-40761*/-976-477522-526-226*773-561-769
490-844*-598473*-882*+409-786/-497-801*-818*283/--590766*100/-160*-,---+*490-844**-598473-882/409-786/*/497-801437283*/+-590766100-160
292228-663-107*991/-494/-965-677472*+-435-996+-822-482120/-608+,+--/-+---292228//*663-107991-494965-677472-435996-822/482120608
76-53/-724*703-449/+455+-979+-331838*-989*-812/+8--905+-699450*-,-+-++++*/76-53-724*703-449455-979/**-331838-989-8128-905/157198
754-647/231--104-54*-988872*823*+764958*997/521*+833-644/188*-,-++--/754-647231*-104-54**988-463823*/*764958997521*/833-644188
-157-899+-894363*-590/+-468180*+873--30+-767-403/-898355*+-752626/-,-+-+-+++-157-899/*-894363-590*-468180873-30/-767-200*898355/-752626
-624-230+122+119+-760-901*-494/-649*--857-712/-68/+473812/-379*--475+,+-+-+++-624-230122119*/*209-901-494-649//-857599-68*/473812-890-475
-71837/495/408+-618+521558*244*-76/-518*-314*493/631*+-659-530/+,++++//-71837495408-618*//*/**521558-820-76526-314493631/-659-530
706437*-180-584-179*984*--326--317-180*-189*+-717+-874724**126-848/-,--+*---*706437-180**584-179984-326**-317-180-189-717*-874724/126-848
729278+-660-2--675228/+895-437/--821+-796-871322/6++-308766/-,-+++-+--+729278-6602+-675228/895-437-821-796//8713226/-308766
-908795-614+360-424-355-809-388-298/+-68396*-852-745*684/-896/+,+-+----+/-908-220614360424355809/388-298*-68396//*852-745684989
180-429+279--447-863/-586-238--6397*+191-48*-314*614/+162+479*,-+++--+-+180-429279/-447-863586238*-17397/**191-48-314614162479
411-879*795369/342/-46/529/--102+-640--937916*68/-696-134/-901/-,---+-*411-879////795369342-46529-102-640/*-93791668*/696-134998
93398/704+-291--429+-642-268/--829314/-273*--88166/509/-454/--884+,+-----+/93398704-291-429/-642-268*/-829314-273///-88166509-454-884
-89566/552*-977*-850/-101/-144*477/482-41*-748*--669-680*--621192*+,+--/*//**/-89566552-977-850-101-144477**482-41-748*-669-680*-621192
-312-1000/181*399*-495106/235/-8295*-400*-417/-873*384*-158*588*-,--**/-312-1000181399//-643106235****/**8295-400-417-873384-158588
-440-752/329+-532--135-444--931-341*+689291-305*-602/--636--577--941-,----+---+/-440-752446-532-135444*-931-341/**689291305-602-636-577-941
-66577*982251/+-256-657*+-111713*851*-785/-264/+-305-80914*-389/-,--+++*-66577/982251+585-657//**-111713851-785-264-305/*80914-389
-750582--643+703+124+-712-441/-918*-307/-298-404/-18/-967+583+317-,-++--+++-326582-643703124/*/-712-441-918-307//298-404-18967-322317
884-91/-485179*-515462/568*+-301-257-989+708-145*+-958-581-42*+,+-++--+-/884-91*-485179*/515462568-301257989*-251-145-958*581-42
289140-909/-75-779-449*-982/690*+-182869*-10-980--976542*+-963+,++---*-+-289140909-75*/*779-449-521690*-18286910980*-976542-963
350-408/741/967/-294/-231*34*-64964/+-7+-972-980-198/--841135/+,---++**////350-408741967-294-23134/-64964-7-972/980-198*-841135
-440-295/-886-852+-322-448--35552*-239*-683/-731-540*-70/+-816+-180-,-++---+-/-440-295-715852-322448/**-35552-239-683/*731-540-70-816166
-910-683-371/173*+153+666+-818--54+-14-626+-952+-145*380-501-641-,----++-+-+++-910*/-683-371173153666-818-54-14626-952-145-386501641
22554-228/712*-737/+30--521-36*+-958482/-264-109-974+466-680/+,++---+-+22/*/554-228712-73730*-521-36/-958-602264109974/899-680
190853*-406/916--829-986*201/--764428/525/226*--376--251+348104/-,-+----/*190853-406916/*-829-986201*//-764428525226-376-251/348104
555-958*-349/703/-889--767-219/+96-286-31/+-834+617--410-320*-204+,+--++-+-//*555-958-349703-889/-767-21996/286-31-584617*-410-320204
-915551/-580360*-507*--281-41*398/-716620*-539*-142*20*--283-871+,+----/-915551**-580360-507/*-281-41398+-**716620-539-14220-283871
-768-31-524*-935-701+354550/-239/-216876/-150--556--928772*+942+,++----+---768*-31-524935701//354550-239/216876150-556*-928772942
610510*583711*+76--145690/-969/+878+671--716--152-564529*765*+,+---++-+*610510*583-83676//-145690-969878671-716-152**564529765
-977771-568/--445-283444*-744/+516474/549*233*--3--433-103/--443+,+---+---977/771-568-445/*283444-744**/516474549-885-3/-433-103-443
956-782+773870/471*--914-118+761-916100*+387--471-91/--843+-955-,-+--+++--+956-782*/773870471-914118761*916100387/-89-91-843-955
543802-322*+-833814/-134-428-407*-50*-230-296*+-459115*-378+-569+,++-+---+543*802-322/-566814134**428-407-50*230-296*-459115378-569
29529-281*+-443--215+930-138/+249+-142-583/--809--794555/--970947*-,----+++-+29*529-281-443-215/930-138249/-142-583963/-794555*-970947
502441*723825*-811*-863/+-327-472891/+-805--919+-84-493-933-920*+,+--+-+-+*503441/*/723825-811-863-327/472891-805-919-84493*933-920
-412553/-357*-231779*--55-224/+515+-775582*+780+195907/--879--788-,---++++-*/-412553-357*-231779/-55-224515*-775582-472/195665-879-788
156252/-160-84-49*--33-476*229/+821--562+821+99-909/+739-937-,--+++-+--/156252-160*-431302/*-33-476-415821-562821/99-909739937
73456/-776/509*-627-808/-513959/+483-492/-973/577+218-353/-660/+,++--+-*//73456-776509/-627-808/513959/483-492973577//218-353-660
-319-815+109--607232*-703*-61/873/--91--916448*-80/-450--686+-565-,-+--/--+-319-815109//**-607232-703-61873-91/*-916448-80450-686-565
994433-907105--464777/+-32-601*+576-647/-97+-438+552-379*+441+,++++-++--994433*907105/464777*-32-601/576-64797-438*552-379441
211-849+217-289+959--672--817-457/+-760155/710*-471*-789/+732-259/-,-++--+-+211-849217289959-672/-817-457/**/-760155710-471145/732-259
-3246853*+-32-639/988/-764*-874-657/+-614842/--591-743/-797/--624-,-+-++-+-324*6853//-32787988764/-874-657/-614842//-591-743-797-624
605212/-262771*+-768-820930*502/-924-293+90--819-153*-233+-924-,-+--+---+/605212*-262771-768/*82093050292429390*-819639233-924
612-343*-597/-23/-629*472*-411-644*646/+286598*613/--48325*78*-,--++*//*612-343-597-23-629472/*-411725646/*286598613**-4832578
-265-524/370/-926/201*667/-342-368-701/-997/218*-472+-528+131-444/+,+++--/**//-265-524370-926201667-342*//368-701-788218472-528/131-444
-886-56*336721*--191720*+970922/+982-29/682**620+703+894-290*-,*++-++-*-886-56*336721*-191720/970922*/982-29682620703*894-290
354-696+78574/+-576-144-318*+744-419*--322-247*+-60-149*-886/-142*+,++---++354-696/78574-576*144-318*653-419*-322-247*/*-60-149-886-142
-323-645-22524/--244+-314-108*-373936/+853372*--580+306-332-580+,+--+-+-+---323-645/22524-244*-314-108/373936*853372-580306332580
390-764*31+996-274/327*-710*--150-854//-945--462+-729--950--42+719+,++*-+-+-+*57-76431**/996-274327-710/-150-75-945-462-729-950-42719
580-790371/-911/90/-149892/+-188+269-503*415/-934--556--489178*-,----++-580///-790371-91190/149892-188/*269-943415934-556*-489178
-143-258/35-851+870--263--618-692*709*--629-449/+334269*+397-202-,--++---+-/-143-25835851870602**-618-692709/-629-449*334-419397202
155771*-529+748-852/-792+-695498*-938/-729-840*+999-135/+741-533*-,-++-+-+*155771-529/748-852792/*-695498-938*729-840*999-135*741-533
-828-556*454/-489-190-710*--179968*378*-227*+868-537/-378*-254*-914+,+-/--/*-828-556454-489*190-710***-64968378-227**/868-537-378-254914
-570260*220-646--199-865*-937*+-304-326*+-985770*+521-400*-300-665/+,+-+++--*-570260220646/*-199-865-937*-304173*-985770*521-400/300-665
-96624/884/972+148206/+405+516+-714+637--845+-538665*862*--397+,+-+-+++++//-96624884972/148206405516-714583-845**-538-21501-397
-941-431296/817+-826/--784--269+425+-804+934207*--621-784-907*+-837+,++--+++---941/*/-431296817-826-784210425-804*934207-621*784-907411
-99-414*-480185/621*-20*596*-575/--20406*-376556*--765451-390*-,----*-99-414/***/-480185621-20596-575*-20406*376556*/-765451390
-895338--399485*+-609-233*+-357-258*-970/783*-833-980/+-244--765-983-,---*-++--895338--399485*-609-233*/*-357-258-970783/833-826-244-765983
-238-355/-293994/585*-286*803/69/-163/-480/98/602*--70074*+242+,++-/-238-355*/////**/-293-877585-28680369749-48098602*-70074242
-499145+-489-938*-314*417/--743-293*--154436/+703-47-371--216+652-,-+---+--+-499145/**-489-938-314417*-743-293/-15443670347371-216-557
876457--957507*+557-878*334*-789/466*+-720--47+-868-80112+-600*-,--+-++-876457*-957507*/**557-878-355-78929-720-47-868*/80112-600
441159223*-460/--519-440*-14*-491599/+-995-704+-414+-867--924-738*+,+-++-+--441/*159535-460**-519-440-9/491599-995704-414725*-924-738
-277-726-700/-365/380/936*--342--545+54-623+199723/-753*486/+66+,++*-+---277*///-726-700-365380936-342-54554623/*/199723-75348666
78-839+-195-813/-813-957205/+-418-443*--552--738-115/+-309-797/-104/+,++--+--+78-839/-195-95813/957205*-418-443-552/-738-115//-309-797-104
-533597948/-511740*75*-470/-268*580/734/-1--307--892+252+-202+,+-+-----533/736948//*//*51174075-470-2685807341-307-892252-202
-309-90-687/707*855/-363*150*-453*+522-237-118/+-622959*-615/+-284-,--+-+-309***/*/-90-928707855-363150-453522/237-118/*-622959-615-284
278-632192*-595/-783*--207537/868*263/--616-911/--274+212-764*-579/-,-+---278//*-632192-595-783**/-207537868263/-616-911-274/*212-582-579
276215-420*-620/-771+55623*--891+495673/992*+396-992+-808-668+,+-+-++-+-276/*215-420-620771*55623-891*/495673992396992-808668
-173-703*-682501*-572*202/+29+-592--50--705-9*399/+-11-445*--749-,--+--++*-173-703/**-682501-57220229-592-50/--705-9-771*-11-445-749
989792*-827/-37--99124*-256470/+-467-536/+-990-654379/--473351/+,+--++--/*989792-827-37*-99124/256470/-467830-990/654-266/-473351
-215-427*-412+653+994-587*+685166/+-532477/909/-181*747/-20/-739*+,++++**-215-427-412653*994-587/685166*//*//-532477909-181747-20-739
266-715+131795*-780*714*321*+-879--701+759-453*190/+-936-64-449/+,+-++-++266-715****131795-780714321-879-701/*759-453-318-936/64-449
-952-703+416--260335*418*-133-+380+-838-945/+-437+-813+391+-83+-17-,-+++++++-+-952-703416***-260335418-133380/-838-945-437-813391-698-17
787533+388365/-509/+278-7*-567/-683685*+-975754*+-668-558/572/+,+++-+/787533//388365-509/*278-7-567*683685*-975754//-668-558572
-336-27564/-289/--830364/+81-974/+514-267+-52-399/-410-762*-782*-,--+-*+--336//-27564-289/-830364/81-974514267/-52-399**410-762-782
766-701+-367-660/-680/704/388*978/811*-518*+-147916/-876/-648/-859-,--++766-701**/**//-367-627-680704-508978811-518///-147916-876-648859
-944-596+-563+905-369/708*-623/+-832--736811/983/335*-426-855/-345*+,+--+++-944-596-563/*/905-369708-623-832*//-736811846335*-426-855-345
-655-537+-835+-203+623-597*+708418/-72/+987768*-943/+713-385149/+,+-++++++-655-537-835-203*623-597*/708418-72/*987768-943713/385149
-106958-70--109-66/592/-908956/--3-723*+-757-434/-985/13/+452+,+++-----10695870//-109-66592/908956*-3-723///-757-434-98513452
734230*-656*535*257/-918/57/774-252*--710816*-910/622+432/-160-,---///***734267-656-797257-91857*774-252///*-710816-910666432160
556657*-554241*+-973+-720+-617--233+-901+493-836/678+-414*-93--361-,---++-+++*556657*-554241-973-720-617-233-901*//493-836678-41493-361
-634997333/-552/-581+-546-222*--569190/-115/+57-775*271*+-883-274/+,+++-+--634//997333-552581*-546655//-569190-115**57-775271/-661-274
-171492*-847/85/-36/281828*+190+564-955+-782+-978-857/-962*+-562-,-+++-++///*-171492-84785-36*281828190552955-782*+-978-857-962-562
54788/-253/922*659--288+20--381-895/-579+-875529*341*340/+-747-,-++--+-*//54788-253922659-28820+-381-895579/**-875529341340-747
687-950-860/-711/--532-904621/+770+235--281882/+177--833-721/166*-,--+-++--808//-950-860-711-532/904621770235/-281882880*/-833-721166
-638245/-449*-46-355*-422--282-983/--991+-594+-181-77/316*360*--612+,+-++---*/-638245-449*-46-355959/-282-983-991-594-*/-181-77316360-612
237338*-999/-839*480/-890*646530/--746748*-517/+-138737*+-42+-989-,-+++-*/*/*237338-999-839480-890/-1000530/*-746748-517*-138737-42-989
-749-531*938/213+881-314*-109+434+394+934+271--55--424-715929*-,--/-++++-+/*-749-531938-588*881-764109434394934271-55-424*715929
355717+-779498*-209--495+-625112/-85*443*-214*+-944--610-428/-662+,+--++--+355717*-779498209-495***/-625112-283-1000-214-944/-610-428662
-164963*-240/-164-62+-829+-385-866-770/711*772/-596551/297*+316+,++/-+++/*-164963-240-16462-829-385/*/866-770711772*/596551297316
939-514/681457*--189+605+36073*457+75*+670+-162-782-573/625/+,+-++++-/939-514*681815-189605*/*3607345775670-162//782-573625
726-307/13*339/-213*-462/184*-677569/+447+-327+-115-111*-91111/-,--+++*/*/*/726-30713339-213-462184/-677569447-327*-115-111/91111
44-270*-858*249-121*-334/+-60-309/-30/417/--363+345-113*-943-812+,+--+-++*44-270-858/*-820-121-334///-60-309-30417-363*345-113943812
618387+235+474--737+332-872/88/-836+335-830--285-588-623+137+,++----+++-++618387235474-737//332-87288836335830-285588623137
769743954/549/+-5307*--435--849+-270-967+-956/-694*911*785/-849+,+-+--+769//743954549*-5307-435-849/**/*747-967-956-694911785849
-975-424*34/102-908/658-+-222+-538128/-86*-116-741*-342693/--202+,+---+//*-975-42434//102-908658-222*/-538128-86*116-741/342693-202
-441-733--224-578/840*781/+306+451--315505*836/--877633*+-777+253-,-++--++--441-733/*/-224-578840781306451//-315505836*-877633-777253
390-421*8396/-47*+-624-616787*804*+443-186*-485/-193/-25852/-,--+-+*390-421*/8396-47-624**-199787804//*443-186-485605/25852
