Formula,Result
259718-649*412+453-650-504-817*-681679751/--473120*-*-274*-*602*+-,--333++*718-649412**453--650***-504-817+--681/679751*-473120-274602
341-945864--367--351+/284/200*439*173563-*502357/-844**-464*-76-,-**/**//341+---945864-408-351284200439-173563*/502357-844-464-76
-385256*-399--460*-795-370/--468-448-935*651*395331-/+699-869-712++++,+-*-*-385256-399-460/-795-370++-468/**-448-935651-395331-699/-869-712
-210-391668/-228/+940780/-8*-340/743*-712-492-217/-236976723+*-/+,+-+-210//-391668-228*/-/940-154-8-340743/712-/-492-217*-236+976723
-230671796*-560-683++913++620-646*+45615*--149-878-707*-800*-445-,-/--*+-230++*671796+-560-683913*620-646*45615-149**878-707-800445
64-104-698*-669+196--85+-38-69-845*22*-454/-940+-467+975/-58+,+-++--+-+-64*-104-698669196-85-38/**69-84522-454940-467975-58
291-643+-557772-294-861--35964*--609*132*-935-270+*+995+--82--164-,---+291-643++--557772*/*--294-861*-35964-609132+-935-270995-82-164
151555*662/-798*497*240/-314-898*-592*--606--93964/-449/-749964*+,+---+**/*151555662756497240**-314-898-902-606//-93964-449*749964
698-89564-731/284--431--736-171*-143*+-486-/-89/-329+62829/-777/-*,*698-+//763-+--/564502406-431**-736-171-143-486-89-329//62829-777
571-815*-337-83-64--36+146661+-123-128*+273+-699113-131/522*-*+++,+*571-916+-337++--83-64-36*+++146661*-123-128273--699*/113-131522
-697-615*280/-127415*+363--972-910-329106*/-186-48-927+361-627/-+/-,---+/*-487-615280*-127415363-972//910*-329106+-186-+-48-927/361-627
601161495/-505-509+-635-624*--511+-757294/981-188*-918435/-512*-/---,-601-/161495-+-+-505-509*-871-624-511//-757294-*981-188*/-918435259
416-259235*--836-130-892-965*-760/+--152-255*-0+909+-740246*+565+,/+++---+416*-259235-836+130/*-892-965-760*-152-255505909*-740246565
434556/745*856-282-3/390-512271815*-17--587-3692*-113-*---/*,**/434556745/856-/-282-3-390----512*271815933*-587-*-3692-113
949-646-690*+-533/-319*-365*-97*970736-150-500+184+-342+/-307762+/--,-***/+949*-646-690-533-319-365-97-970//736+++-669-500184-342--307762
116-181272/--111--782-935+38-934/+6-380+273--541/839*--274381*+,+---116/794272487*/-+-++-782-498/38-9346380273-541839*-274381
-807-966/-203-524-750/--747-952*708223/+-967487/168*+-474+-877*+-112+,++-+/-807-966-203/524-750*+++*-747-952/708223*/-967487168-474-877-112
-963369447/-718+-779+-463-355/856*135/+-139604-475-*981/+-202--811+,+-++++--963/369447718-779/*/-546-355856135/*-139-604-475667-297-811
-734-727*-246186/+263--97-639599/964/-800/-60-616++729--49256/-*+,+-+*-620-727/-246186263*-97--+///-639599964-800*-60-616729/-49256
-468562+766-475/-815*798/+807362*969/-318*--484606/22+68252*+-,--++-468562/*/766-475-659798*/*807362969-318++/-48460622+23752
-289883+-139+-395218-401+*-341/+-290401*-783/--570-93-918/++-813--948+,+-+-+++-289883-139/*-395+218-401-341/*-290401-783+-570/-93308-813-948
-421-530+-238-60512/-736-78*-618568*-32-488/-52655*944*-931-*/-/+,+---421-530-238//60512-*-73697/*-618568*/-32-488-**-52655944-931
-535994+-53-785*707/+507228/-896*-612959*96-/346/--843--446759/+,+--++-292994/*-53-785707//*/507228-896-*-61295996346-843/-446759
724-259/-465-515-322/-530+-372-*-176+-607-97/-633*364124+/-283*-/199/,///724-582-+*-465-+/-515-322-530-372-176+/*/-607-97-633+364124-283199
16-118+654-699-810/-601212*-618*+159--396903*--558--828--50+28+,++----+--+16-118654/699-830**601212-618159*-396903-558-828-5028
936329/890/-884/-219-469-119*292/-470698/993/-145/-656-89+-878+-,---///936329890-884-219/*-902-119292+++///470698993-145-65689-878
-225-252583-433-/-528+-268+-506-892-278-265-24279-+-840+-490-88/-*-/-,-++--225/-252-583-433528-268*-506--892*-278+++-265--24279-840/-490-88
429-143*902*-8*667/-450/242/99575-277-735-478792*+/92111*+*/,////***429-143902-8667-450242*99+/575+--277-735*478792*92111
-768427589---370-582-634*712*-28*+858+532+711-275374*-560/-526/-,-/+++---768-427589-370***582-634712-28858532711//*275374-560-526
-176134+-624-384--50+--696-179*-928-423*-80402/-729/-902/+252971/-+,+-+-176134+--624-384-50-+-*-696425*-928-423///80402-408-902/252971
-78-361*68/186/-255+128--12--610+35-137*-327/-818-403*--639-261-,----+--+///-78-361-577186-255128-12-610/*35-137-327*818-403-639261
560722*76/-438/-733183*814*-820*-626482/-636/-966-102498*688/+*-,--//*56072276-438***-733183814-820*//626482-636+-966/*-102729688
422835*219-74*/-111+-412484114+767*-509-463+882-863+220-+-749+/--,-*+*422835*219-74-111--412/*+484-203767+++-509-479-+882-863220-749
-376-922*-859-257*-554217/-31/--694-553-84*-210337*+843/-474639-+*,**-376-922+--*-859-257/--554217-31/+--694*-553-84*210337843-474639
975-224*-110665305683**9/--763--43-400296+629-/-652/188/+-93+/,/*975-224++---110//665*3056839-60///-43-*-400296629-652188-93
-183287+111--747323/520/-843-654380+-681346256//199*+-237-809/+/+-,--+-183287111-//-747323520/-843+*+-654380*/-681/346256199/-237-809
-163-165-928-969/+*867*26/-406816+/312645*-723/-869209*406/-765/-,--//**-163+-165/-928-96986726+-406816/*312645-723//*869209406-765
201913-656/-975/-726--752+-871-602/+776514-711457/-244/-*-954*-291*--,+201-++-//913-710-975-726-752/-871-602***776-514//-711457-244-954566
-212-565/87-368/-538-15428/-153*+344+700457*-729*--374-963-862*/+,+-++--/-212-565/87-368538*/15428-153303**700457-729/-374/-963-862
-31397-337-745/-530-532/-186*+520-195++218--180+-169559611/-8-++,++-++---31397/337-745*/530-532-186/364-195218-180+-169-/559611-8
866732674-630/+547405-585*-636-864++-945-97294/--85+481*--541+,+-++866/-732674630+--547*405-585636864*+--2/-469294-85481-541
-56731826*793-565802/-74-684--101-95+-985610*-829*-47/-283++/++,+-567+*31826/793+/-565802++-+---74-684-10195**-985610-82947-283
-158-401-629/686813-/796-285-207*-/265*+-300-673-536//324*277*-869-,--+-158*///-401-629-686813-796*-285-207265**/-300/-673-536324277869
-317275*395-868+-71-576*--609208/--576+65+-72-493/-611/215*-24-,--++--+-*-317-52395868*-71-576/-60920815765*//-72-493-61121524
-515-733749/-7769*-91/+124899**579151*-929/845-454*258/643-*+,+++--515/-733749/*7769-91*124899*/-579151-929-/*845-454258643
621-36+-578--449545/-5432/+104703+820+-325-762986-848/-115**+-+,+-+80-36-578-+/-449545/-5432+++104703820*-325*//-762986848-115
-997867-112--860907/-537/921*+966919/-394*+619-925882*--684-432*-,---++---997867426*//-860907-537921*/966919-394619*925-364*-684-432
-690614+-41-345-437/--122140746+-58443721-986/-142/-571--31*--/+,+--+-690614-41/345-437/-122-+140746--58*--443//721-986-142571-31
77-182*-592/67*14-557*44452499+--665-756/-*-737/446-62343*+-*,**/*77-182-59267-/**14-557--444*524-540/-665-756-737+446*-62343
-552838925/+925226/143-231-626+-630-906*-98194*-902-/-893-347//+//+,++-552/838925//925226/143++-231-626//*-630-906-*-98194-902/-893-347
615522-220*-591-359-664-869-956/+534*+-966+191+*+-518121/+651789/-,-++615**522-220+++--591-359*+664/-298-956534-966191/-518121/298789
-407933*-967--327--544-185423-532**376*364/671+598702+-374*-540*+/+,+--*-407933-967-327/-544++-**-185*-31-532376364671**+598702-374-540
-869-42326/-408325+*+-81--691-457-380/-759-919*73/+420-178/--495+,+-+---+-869*/-42326+-408325-81-691/-396-380/*759-91973/420-178-495
278-699/727-485*472/--79989-147/652/-217884*-467*958/-817554/-/*+,+-/278-698/*727568472*-79///989-147652-/**-217884-467958/-817554
206-686+-876-905*-207+-829-240+701+-507*927-377/817773/-586+/-91-,--*++-+-+206-686*-876-905207-829240701-507//927-377++817773-49091
316-986424/-459*+-937+-443-141-464*879*419657+564642-209/-429+*+-+,+-++316++-986424-459-937-443-**141-464879++419567*564+/642-209-429
52843--926--102-786*-618-187/-404/-288**-530103303231*+/--388165/--,---52843-926--**-102-786*//-618-187-404-288/-530+103*303231/-388165
988632/388/707980*+495359-58556*/-390609-746+232/38651-/+/-,-+//988632388*707980/495+/359*-58556//+--390609746232-38651
657-112-96/+757-549682+29--294276/+/844/+148-33/-426-15557/-+,+++657/-112-96//757+-+-54968229/-294496844--/438-33-426/292-874
-121-855+729-384-472805-586--901-285-710+26-180/-71/246*+801-*-*--,--+-121-855729-384*-472--805-586*-901-++-285-710*//26-180-71246801
-55856--946/-87519/--296-908+-530-972-355987*-936*-*-5-547*-488/-,--+--/--55856-946/-87519-296908*-530--972**-355987-936/*5-547-488
-315-780+335--143-858-+-386+-510+-21042--45275/-397/--868-625*-47++-,-+++-+-315-780335*-143-858-386-510----21042//-45275-397+*-868-625-47
771351+-662--940/616-167253/673-162*--378-622+439+-459+761*+0+-,----+771351-662-940616++-/167253*673-162*+++-378-622439-4597610
-517-776*259*-43*917990*308/24*--224-730/-364-915*340+--431-932/+,+---***-517-776259-43*/*917990308163/-224-730**364-915340/-431-932
-278-865/136+-58092*+838-680+-763/957/729/-785752-866-611/+-246-/-,-++/-278-865136*-58092////*838-680-763957729-+--785752/866-611-246
-408610--148-92-270--613*973/--500--456353--89--327976/-459-256--+,+-----408610-148/*-92-270-613-75-500----456353-89--/-327976-459256
494-639--639+479433*629*860*+916-326-69-192-724+567+32717/+*+,+-++-494-639-639***-699433629860916*326+++--69-192724567/32717
-575913117*-672968/+857-263*-796325*+-197835*953/-657/+-178-75-+,+++----575*913117/672968*857-263*796325//*-197835953-657*-178-75
671-315+-133--552628122+-409749/29/-539*-445-501-811*381*103*-*-,--+671-315-133*-552---+-56122*//-4097492928445***501478381103
177714/661-638-951*783/+-696-442--900-724/+293405*--522+-115-666*++,++-/177714661/*257-951783++-*--696-442/-900-724*293405-423*-115-666
-850231/535*-93266/--878+155--41112*504-784+160*-221--607687*+,+--+-*/-850231535/-93266-878155--*-41112**504-784160221*607687
-832-436-19/-641/31/+885-783*-54455268*-552331-847+-56-298--+*-,--+-832///-436-19-641268*885-783*544+*55268--552--+-749-847-56298
-795-12-629*-403-43-*171-910+/-826-649*+573--886-810*+224+-410--174-,--++-+/-795+-**-12-629--403-43171910*-826-649573*-886-810224-410-174
25-936-501/-31032//257/--320+356+885-405*-702-329705852/+912+/-,--++-25///-936-501/-31032257-751356*885-405/517++-329/705852912
-305634/927521-26851*--39632/493457-430-397-676+*477-245*+/--+/+,+/-305634/-800+-521*-26851-/-39632-493/457+*-430+-397-676*477-245
413-193*97/544-420/+-325+537-71/-375-37468*-158/+452-*--216-2+,+--++//413-19397/544-420-325*/537-71-/-855/*-37468-158452-2162
-285880937/-468/-833*-466/-451-745-565+985-541+--586622*-487--546-+,--+--285*//880453-468-833466-451----+745-565+985-541*-586622487-990
-34746222-818/*-823-19/-561-744/52*-284/--245-838-909+662-/645/-,-----347-462/22-818/823-19+*/561-74452-284//-245-+-838-699662645
-485-308+719--624+2-599*+-430--710279-629/+67050*-959--107--382-,--+-++-+-485-308719-624*2-599-430/--710-87629---670861-959-107382
657-860--397144/+285-674759*-987-801-59+-744+97--759+398311/+*-,---+-23-860/-397144285*674759*987++-++-801-59-74497-759/398311
882573*-651/-466701-315*-289//-492-434-581*722-819*+-34-*924/-835/+,+-/*882573-651/-466/*701-315-289/+/492-+*-434617*722-819-34924-835
435415/782+-18477*+409--722+-374-446*-377*169/--7810*644*532*-,--+-++/435415782*-46677409-722/**-374-446-669169***-7810644532
-804442-391*-751+/263*-452/-258971+907-/-162*651*-84--606993-60*+-,--*///*/-804+*442-391-751263-981-+-258971907-162-361-84+-606*993-60
113450360/635*--734*-944*-148899*-237*-420-415399-94-799*385/-+,+--**-113*/450360635-734-944**-148899-237-105--415399/*94-799385
-809-529+658*-602+986+-85941/233*-347/--993-422+-139997/999/383*+,++--++-+-809-529658-602986/*/-85941-687-347-993422*//-904997999383
205-464970+*-148+-785759-657+-532/+-147796*840739-302-903--146-*/+-,-+*205+-464970-148++-785++759-657-532/*-147796*840---739-302903358
-164391*914+-687875*41-825*+-526631*+-642526-161/243/--615+-8-*+,++*-164391914*++*-687875*41-825/-526631-*--642//526-161243-615-8
-438-279+705600*192-596653/++707+747-47511/--408+-814+-534+-734--,-+-438-279-+++--++*705-539+114/-596653707747/47511-408-814-534-734
-630745*246192--765-270*+-566489/-412*567-822-384/-448749*837-**/+*,**-630745+--246-853*-765-270/*/-566489-412*567*/-822-384-*-448690837
837-507-142745/701/+610855/-717-*-365305*+-298--45413/-610-+202+,++-+-837*+-507//-38745701-/610855-717*365305-298-/-45413-610202
3807/-422-341+-564646*-165565/--589298/-335*+-28870997-41+/+,++--+-/380821-422688*-564646/165565*/829298-335/-28+-87099741
-987-121+134+548-604/442/887/-282+765-495--78-494*-667-818137+-,-----+-++-987-121134///548-604442887282765495*-78-494667+-989137
208-457*604*-719*517+612-11+-830+645348/502*+364698*998-638/--,-+++-+-**208-457604-719517612-80-830*/645348502-*364698/998-638
949938-685*-490*373+-554-710/983*512555+-509907*+/--757-392466//-/,/949--+**938-685-490-436/*/-554-710983++512-899+-509907/-757/-392466
-620-492-856/-224476/-776*+-237560-45--533--666463*-*497*-581--658-*,*-620---+/-492-856*/-224476-776**-237/-*560-45-533*-666463497153-658
620422*-719*-919/-264+-448--56-968498/+-236698*768*4107*-765+/+,++--+/**620422-719-919-264-774-56/968498/**-236482768+*4107-765
19828*-929*-994*884470*-980--633+182-100929/+244-253/280438*/+,+--+-+***19828-929-994*884470980-633182/100929//244-253*280438
-448-537401*-393498*-358*599*/-743918*-741/-302*+/5262/439/-533/+,+/-448+/*-537401***-393498-358599*/*-743918-741-302*//5262439-533
322-531*-820-849*+-13-399/+920--236253*119*+-180196*--289-428365*+,+--+-*+*322-531*-820-849/-13-399920**-236253119*-180196-289*428365
520-1000/-793*617-405+678-774/-649*-384+78220*--496-926/-673-254/*-+-,-*/520-1000-793++617-405--+*/678-774-649-384+78220*/-496-926/-673-254
-929371*-504395/-423+-239+*755-609*886-457/772-524*415*-439/+/+253-,-+**-929371++/-504395-423-239//755-609++886-457/**772-524415-439253
169115-234/+622-752/+-556-653+394--248+-959727*-94/-340-699*+235+,+-/-+-+-++169/115-410/622-752-556653394-248*-959727213*-340-699235
347271+-341-512/-505615*+959-749717/--853-210*275/+235+-177--680-,--++/-+-+347271/873-512*505615959/749717/*-853-210-582235-177-555
550601/410/25110-924/+-302976*-84+-513--363-598780/-776/-352/++,+-+-+//550601410/-25110924*-302976862-513+-363///-598780-692-352
752485/47--719831--170-177351-86**-661-574673/-721+161646/+-,--/75248547++------719831-170*177*351-86661/574673721/811646
722-290*-41240217*805-408*628*638--28-600*355975778*289+*++*+/,/*722-290+-412**40217+-**805-408-914638+*-28-600*-299+*975778289
-363-530-910*-120*--568776*-620/377*+-515-408-270*-668*+-68334/*123+,+++++--309**-530-910-120*/*-568776-620377-515**408-546-668/-68334123
-8-421/-327*847--44/-930-238/419*+-754-457*-948*--776-810711-490*-/+,+-+/-*/-8169-327847-44*/-930-238419**-754-457-948/-776--810*711-490
-303-764*-96755235/+--62+97+417+535+-250+-924872*+-771-951618*+,+-++++++-*-303-764+-967/55235-6297417535-250*-924872-771*951618
992514/-896*232-584*-872*-864*-539967/509-117-17--121-756/-458/--*+,+-*/596514-896***232-584-872-864*/539967-509---117-17//-121-756-458
-38983/331-678*-61-865-26490/-820-404-228-806-787/864*-183-*/-/-*/,+/-38517**-905-678---61-865//26490--820/-404*-228-*/-806-787864-183
434-208-771866*-218+-61+494585*+605-427+672-499*+-815**-880-599/+/,/434+++++--208*-771866218-61*494585*+/605-427-672-499-815/-880-599
-296-97--972+596+-429-395*--325-744-149/829+876-690*-632*-842*+/+580-,-+*++--296-97-972596*-429-395/-325++/-744579829***-351-690-632-842580
-810-542/-484--488+174-546-615--480-69/-266246/--553-311/-73+/+693+,++-+-/-810-542-484-488174/---546-615/-480-69*266-259//-553-311-73693
669-965*845--24--943-98/-806/+103+92676/--702-300+472-240/-38-+,++-+++--*669-965845-24//-943-98-806103/92676-702300-/237-240-38
-564238-319-534-590-726/+-295--236+-414/-289*-999/-282325/345/-766-/-/,/-564--160//*/+-+--319-534/590-726-295-236-139-289-999-//-282325345-766
406514781*836-413-948+*-814-847*70655*-714/*801-282/+-257981/+*+,+117***514781+--361-413948++**-814-847/*70655-714/220-282/-257981
-28286/-582799/-191929*884-912/+-386+-436-14--844-242*143/-933/-*-,-/-28286*/-306799---++*-191929/884-912-386-43614//*300-242143-933
874-480/314118*645++567471/-245979+-484--891++894348/-231*--185+,+-+++/874-480+*314118645/567471+-+245979-484-891*/894348-231-185
453-237--896+-481+-419+434+-117555/407*+-712884790*357660/-421-/-,-+++/+-453-237-896-481-419244*/-117555407/-712--*884790/357660421
609-408+737-931*--703-903711---828--24+966-913-745/--680-908--714-,-----+----+609969*737-931-703-903711-828-24966/913-745-680908-714
-59-87-947+-957-612/-736/-431+-217337*324*+379707/-972*174*-926+,+-++-+--59-87947-/-957-612-769431**-217337324**/379707-972174926
-889-732*-122-467+-529-135/-894943/-764/-2/835-997/-481/-218837/++,+-+-*-889-732-122467/-529-135+-///894943-764-2//835-997-481/218837
868778717*884-991+-573122*--738-/--293-374-279-402740-395*-*366*+,+-868/*778717--+884814*-573122732**-293-*-374-279*--938740395366
985-523-692126*268/+-250--895157/--246-377402/-250473+/+-443-+-804+,+*985-+---+-523/*-692126268-250/-895157-246//377402/-250473-443-804
952-944--239/668*823/860*959*618265914-162295/672*--504-932+-*/,/**/*/-952-944-311668823-440959*618---265914**162295672+-504-932
380325100*-583/164/153/--547465*908*-276+-851683-188323/-562+*--,-+--380///*325100-583164153*--547465908276--132*683+/-188323-562
457507-732349-884/-680/-854-997-505+471+-431++-612+216*+920/302/+,+-457507//+-732//349-884-680*++854+++-321-505471-431-612216920302
-43429/744/601-701*-856-459-/843-963/*-169*-456+-656358*-620/+-503+,+++-//435429744**/*601-701--748-459/843-963-169456/*-656358-620-503
-138286-736/84-35/-356-409474*--297-181523-7/+*-970*-767*+-592++--,--138-/286-736+/84-35++--356*-409474***-297+-181/523-7-970-767-592
-801810240/-136*949*243/914/--124+309632*265*+-186-6-90*-354/+,+-++--801//**/656240-136949243914-124**309632265-186/*6-90-354
-820315-682*+873-249*653*600*-451**-958247/751/-599+-959+-785366/+,+++--+-820*-685-682****873-249653600-451//-958247751599-959/-785-387
-739407633//843/-280-43+321-65+301+-83*-34514*+214511+-313--,-+-++-+-//-739/407633843-2804332165301-83*-34514-+214511-313
297-827376*-352+24--282262871+422+171-615671/--119--446--470-/+,+-+-297*-827376-25724+-282-----++262871422171/615671-119-446-470
560-228/-191-76*-179-939/-796*-814--22715/+708--982528+410+-670*-,--+---/560574*-191-76*/179-939516814/-22715-474*/+-982528410-670
-311933583/+530/133/-660*680--100--164-599+-855-448/+-136121467/--,-++---*//+-311*266583530133-660680-100-164599/373-448--136/121467
0-543104/--652--230+-929-158/--485-171/-80091+*52*-444/+181+343+,+++-+--0/-543104-652-230/504-158/**/-485-171+-8009152-444181343
538-832-458+224-921-2/-788/-514*524716704//-631-573*990/221*/+,+---+-538-832458-110//921-2-788920//524/716704*/*-631-573990221
128381--577248*+-577+137-571/-886/-192308*+857-273-285/101*-924-*+,++/*-++/128381*-577248-577137571-886*-192308*857-*/-273-285101-924
565-816-78--387+-273+-410-585*992902*604-509-819*-450*926*-26/-+/-,-565/+++-816-78-387-273+*-410-585/-*992902604/***509-819-450926-26
96796*-160*421-806-779-*-764-470*+--537783*829-822+-492+481-830*-/+,+-**343796-160++421--806-779*-764-470/*-537783-++829-116-492*481-830
435-521/592-223*+464*732+-465497*+873-553--994-986--223-361-282+,+------++*+/435-521*592-223464732*-465497-806553-994986598361282
769-462-799/764-691*119-989*-318313+165--930+-123+73+*36682/+*-/,/769-/-462-799*+764-691+**119-989+++++-318313165-930-12373/36682
-264415-860*-491+315+-763332/25452/-666/-179/*-792+-684+-55-841/+,+++-++---264415860-491315*/188332///25452-666-179792-684/-55-841
491291884/+-266-973*245*-4+-880880/-432/238*-752+231157-603-*-,-+-+-+491/291884**-266-9732454*//385880-432238752*231--797-603
461576--58/604+971-336/980/393*424*-412-50-399*-754-401-493-*-/-,--+/-461576-58604**//971-336980555424/412-*-50-399*-754--401-493
377-916*362/594*-972/-209/641*894*475-119*+71-414*-891-386*-869-/+,++**//*+*377-916362594-972-209641894*475-119/*71-414-*864-386-869
794807/798*435-645+-991+-695-494+-160662-288/-866*--439--658-849*-,---+-++-*/794807798435645-991-695494*//-160-222288434-439*-658-849
233-3--460-65444889-543*-77/509*488*-649-57/+-286808/707/----,--233-3--460--65-+-444**/*889-543-77509488/649924/+-286808707
-311-997-46+265+-517-619-234806-*+164189*-307-627*-371/483/368*---,--311-+-++-997-46265-517*619--234806-*164189*//*-845-627-371483368
-44218-160**-684571545**+969-964-951/+991738*+223426/587672-/-,-++--*-442*-659-160*-684*571545969/964-951*523738//223426-587672
-268-179787-455924*-569*-/-639*-107/--214-978*-387/-57*-56--818-994*-,-----268/*/-179-787**116924-569-639-107*/*-214-978-387-5756*-818-994
307890804/812895+106487/-3*-*-529388/-530-629--187-660-863**-+/+,+307/*/890804-+812895*/-533487-3+/-152388---530-629*-187*-660-863
146-891--745--803764*-4-648*-218+/198+-14815*+-265-819*612/-596-+,+--146-891-745--++/*-803764+*-4-648-218-774*-14815/*-265-819612596
-843-174-468/-68/-210*-301*+32941*+322-406/959*361*+881-656*618/+,++++-843**//-174-468-68-210-301/32941**/322-406959361/*881-656618
-395558811/231*--698504/+-611-982*-95*+-968937*-890*-42-222*348/+,+-++*-395*/558811231/-698504**-611-982-95**208375-890-*42-222348
-995-371-378-973--938947/-/-847**-58454*468*-451*+-526+-415+322-598-,--+++--995*/-371---378-973/-938947-847***-58454468-451-526-415322598
-606418+793+-30-273-186-682*69*28/904/681/-102+-617-843-947/+/-,--++-606418793-30/+-273///**-186-6826928904922102+-600/-843-947
677548--185--608-866*-31/-384*-620-598-51/-9+-663-119228*-775-,---+-----677548-185*/*-608-866-31-384620/598-519-663*119228775
-65244+-205826*--838-600-816-939+134+-120+783-764227*--9955*+,+--+++----+-65244*-205826-838600816939134-120783+246227*-9955
682-245511/-413--919916*124616/471+582-825++983-749*+662-916/-++,+--682/-245511413**-919916-+++-124616471+582-825*983-749/662-916
-25-450*711-45*892-254-219-344-587/251*85*-699-612-139-243+/-*/-,-*-25-450/*711-45*892--254/--219**/-344-58725185+--699-612139243
317362*-850-240/856/+899440*-296-233334-954641*--592-*679227/+/-,-+-317362//-850-240856/*899440+*-296----233334*954641-592/679227
975731+-68-383/948+--739-840*325*-953+52390/+-532--77849-375*--+,+-+975731+/-68-383948--++-*-739-840325-953/52390-532--77*849-375
-38125/235/129/887-455626+/+201-620--307-11/689*577/316-325*/-,---+///-38125235129/887+-455626201620//*/-307-11-276577*316-325
-865301+767--991859+19337/346*--327+-921+-717974+-407675*-532*/+-,----865301767+++-+-991859*/19337346-327-921//-717974**-407675-532
-514-476+604-77781+-238--431-698797/+-923--170--910--723--670+682-*-,-+-514-476*604-+----+--+-77781-238-431/698797-923-170-910-723-670682
-147-940*690/-274--57-728*+545-449-1/--714-209/-987*-524*+-356-970-,--+--+-/*-147-940690-274*-57-728351/449-1**/-714-209-987-524-356970
696669-355-99/652**-848/685+-911890*+--198-261833*-514888/+*--243+,+-/696++-*669*/-355-99652-848685*-911890/-198+*-261833/-514888-243
306328711+/-650*956*-733103*+-2961*871/-420/+161+454-963/-684/+,++++**/306+328711-650956*-733103//*-2961871-420161//-602-963-684
457208/-392+681324/-521+538-436/--562-683-633-417-281/+582+-473-,-++---*+-+/457208-392/681324521/350-436-562318633/417-281582-473
768269-789/+-921-428/+581+-523-583*+184+-575345/319-199*-305--675*+,+++-++768/269-789/-921-428581*-523-583184*--/-575345*319-199305-675
165538-184*+410662-563/168/+-21393/98+844+-511+118-464+-87-+,+-+360*538-184+410//662-563168-+-+++/21393-377844-511118464-87
-626-546+222-453/471*--960846/753//-337-515*-679-752*4-736-30+-,----+-626-546*/222-453471//-960846753*-337-515+--*679-75299873630
347-554/686568/-59+105-76-575/351-868/-227/-*885/-757*-322+-54-,-+-+-/347-554/68656859*/*105-/-76-575//55609-227885-757322-54
-46132/-317/389-485*175/-562*+244270--186--919+898+-350+431--151--,-+//-46132-317***389-485175-562--+++--244270-186-919898-350431700
-675675955*-568/-548-870-607/-897--64-24/-*-871*-890/153/+-169414/+,++--675**675955-568//**548--/-870-607-897/-64-24-871-890153/753414
-59-769-401312-801-224/373-838*139/163/-587/-451-*-23-*898+243+*-,--59*-769++*-401--312*/-801-224////*373-838139163-587-451-36898243
364258-685*244971--8-561/248*--451*-565--276---999-917*-92+-102+,++--364---*258-685*--244971*/-8-561248-451565-276*-999-91792-102
782796-588/-679*+294-175-875/480*366-964+658*-545507-/-252161/*-,--+782*/796-588-679294*/*+-*/175-875817366964658--545507/-252161
-458-91259/+-70-356-855*/-810460*+-912-323279559210249*44*++-+-,-+-+-458/-91259/-70*-356-855*810460+-912--323+279+559**21024944
-661-578604*+940889*-441+730--765---513--462-311*-665*-985-493518/*+,+---+-661*-578604*-+*940889-441730-765-513**-462-311-665*985/-493518
281-515-973/+648946*+-294113/116/-842-468106251/834*-342-537+-++,--++281/-136-973*648946//-294113116+842---468+/106251834+342-537
975861+-414--723-455*200*667/*-8653+963-899-28*+-820-516/+-138-+,+--+975861-414/**-723-455200667-++-8653/-+963*372-28-820516-138
-561-465-214**16732*-644/-685+-75-918*4*--988--991710*+-441148/-,-+--+-/-561*-465-214/*16732-644685**-75-9184-988*-991710/-441148
-262-253*115-126/+-287846/695/-263/48/-771583+387581*833/106*-/+,++*-262-253/115-126/////-287846-712-263-30-+-771583*/*387581833106
-955-404-2564--429+-976+12481/+893-566216-492-267/-/-698+-117+*+,+-955*-404++--+++--2564-429-976/-979481893/566-216/-492-267791-117
-498-369/103*111--756-815/-577*-678-977/-443+/-568303*-611-935183/-*-,-/*/--*/-498-369103111-756815-577+/-678-977-443*--568303*834/-935183
-6729*392*475*751+276+251--304-874*-233--280236/+412-5691*+,+-+---++***-6729392475751276251*-304-874233/-280236885*5691
99876--880+826--838731/43*+-596-429/+346-666*+-842823/+-370-45/+,+++++-+-99876-880826*/-83873143/-596-429*346-666/-842823*-370-45
602420102+837-10213-315-788-/+538-300*+*223*--537-/23775-744//-,-/602*-+420102**-473++-10/213-677-788*538-300223-537/23/775-744
-431269*377246-814*-367*698//-769*--906204/952-371+96799*587/-+,+-*-431269*/377/**246-81468698-769-+-/-906204429371/*96799587
-69-765/-260-674-444-295*+-673495*+*+330--587+-154--491-526*-189-227+,+---+-+/-69-765*-260++-828*-444-295/-673495330-587-154*-491-526189227
151-115687*-852-846275-282/--907259*235+-943++359833-242/-964**---/,/151-*-115687*-852-+-838/275-282++*-907259235-943*359*/833-242-964
-999757-902-830*-555-746-512-602+-490+-381-461+52/+96162*497/+*+,+---999757*902-830*-658+++--746+-285-602490/+-381-46152/*96162497
-643348/81*691-295*--64983*-363-423463*-993/692/-50-410*71/-,-----*/-64391181*691-295*-64983363//*423463-993692/*50-41071
-270623*446-321--89--266-*496-875/+-163--99904*/451671*--186926*-,---*+**-270623---446-321-89-266/-251-875-163*-99904*451671*-186926
-806-816-677--91193*+17394*-400/+-390+757-834524*-940/-827*351*-+,++++---806-816677*-91631**-34394-400-390-757**/*-834524-940-827351
-738-755*-272--901--247144-478*215-536763*-27*+644/-85*587*200/-/+,+--*-738-755-272-901/-247-*144-478/**/+-30**-772763-27644-85587200
-252-745934-198-347-/--728--584+-46+/502724-188/-214763/866*498+**+,+/-252++---745/934--198-347-728-584-46*502*/724-188+//-214763866498
-748139*-1000-988895/-982*-11933/*-35*--420*-170*922/-922-742+150-*-,-*-748139*/**--1000***/115895-982+-11356-35-420-170922-+-922-742150
-219*736+839-763+98*523-536*--172998-224973/*120/739/-583+/-,--*+-+*-21973683976398*523-536/-172+//*998/514973120739-583
68247--627--899128687272-34*441**171/-618+253--607+-734791*-*/+,+--682-3-627/-899*128-+-+/*687**272229441171-618253-607*-734791
672942706*-525528*-832/361-924*+-579146820633/-442*+398+-92+--,--672*942706-+/*525528-832*361-924+++604--146/820633442398-496
-725741494/+-229--336-647/-156*-286598*153+648-584-695*--349636*+/-,--+-725*741494-229/*/-336-647-156+--+*-286598153648*584-695*-349636
-289-389*71-804-421/-209966/-633-439+285628*-184/405/-946583/+-,--*-289-38971+-+--/804-421/-209966633439//+285628-184405/946583
-805906481*-416*-741-1101/*+-318--860++430144*-179-437*+-633-355/-,-+-+-805+-+/*906481-416*-741/-1101-318-860*430144*179-437/-633-355
-721-803-697-163*223376*-636/45859-8024+407-445124-*+-967+/-/+-,--726-803/*697-163//*223376-636-45/859+++-8024*407--445124-967
422-244*124*590+674-120777/124957+-382+-460-221327/287/839++/-+,++**422-244124590-674//-120777+-+/124957-382-460+//221327287839
-287686*5+-368+873-637/--477-450/+513+507-969*-234-362835-595*-//-,-++-++*-2876865-368/873-637/-47797513/*507-969/-508--362*835-595
90616-176/-991-460/-773588-/881/416*633/-676--767-16025*968++,+---/*90616176/*///-991-460--773588881416633676-767+*7725968
-436-240515*743*248/64/-339-847*-723+-38+-605670/+/531*-720112+-,---436*///**-24051574324864+++--339-847-723-38/-605670531+720112
-752-866768-340/+-895125*-156/+-902722/+-46-866*/21+-324-918*-685-,--+++++-752/--866768340/*-89529-156/-902722*-46-86621*-324-918685
-42296/-166/743*-436/-505201-293-295-670-206*-124-415-810+-530-/+*-/+,+/*//-42296-166743-436/-505-201*-293+-295/*-670-206-+--124-415810-530
-850592*-488/-402*-369/974-67367*-155-374-502-79211+-677124*+*-+--,--/*/*-850592-488-402-369974-*673163+-155--374*-502++-79211*-677124
-935-564459/95*--46+518349/+55--570-746202/+434-396+-513--497+,+-+-++-++--935*/-564459488-83/51834955-570/-518202434396-513-497
-53-369-267-296/-952-119+--389672+-868-392*+-322--393/-812*+886-268-,--+----53-369/267-296+952-119*/-++-389672/-868-392-322-393-501886268
-711923-654-264*-884+-454+-274--903/-26-235/-889-864*-77--761-332*+/-,-/-++---288923*654-264884-454-274-903//-26-235+-*-889-864-77*691-332
-1141-870/37763-454-664*+-815-*-590127//267+-582+-247149/-929-/-,--11//41-870--+++*37-+763*-454-664-815/-590535267-582/-247149929
-31528--948-338-356/772/-881/+-754526*-719-508*328138/-999-503*+/+,++---31528-948///338-356772-881/*-754526+-*-719-508/328138*999-503
306582+-727702/--697+-928-458-610-767*-872*--740-968*833/-884/-593*+,+-+-*306582/-727702-697*--928**-458-610767872*//*192-968833-884-593
173841-640-860*53-870-962*--610-41*-188-71/+-812--277+-500271*-+/+,+-524841/*640-860+-53*-870-962-+-+*-610-41/-188-71-812-277*-500271
-124547/632-628876-785-774/--575730/-503-688/+-965-544-832-899/-/+,+/-124547/632---+---628876/785-774/---575730-503688-965347/832-899
55971-556686*455*797+-371-31-11-848-/-370+772563/-476--338++*-*+,+55*971-+**-556686455797*-371++/538--11-848-370+-/772563-47638
-87564-214*923/31*-491*-848+-97-753-202/--678-417*--201--912-229/+,+----+---87*//564-214-45631491-848-97/753-202*-678-417-201/-912-229
141741/779/-196*975-691*+-685732/-976/608/+14282*503+795-601++-,-++*//141741779-196*975-691///-685732-976608++*14282503+795-601
220-519*-52352370/395*841/46833941+-124+--957-/-100/653*749-++,+*220-519+-52-*///*/558370395841--468++33941-124-957-100653749
104-650-392*+-588+-696-400/-366*+-797-61-401---553-53916*-127/+-160+,++--+-+104*-650-392-588*/-696-400-366---797-61401-553/*53916-127-160
-999-5529*-499/-323/133*-192/-831*357-662-275-644-745-468+628--/+/-,--999/*/*//*-5529-167-323133-192-831+357/-662--275-+--644-745468628
633-112642/340/800*+-163-484--863929*-724+34777*-900-319+-241-+,+/---+633*//-112642340800-163484*-863929724-+-*34383-900319-241
-362429-502*--640-215*-947/-882*402/-612546/94+/--274+-520-277474//-,-+---362*429-502//*/*-640-215-947-882402+/-61254694-274/-520/849474
157550*-126-390*225*48*852/715/-430*+-527537282--619/430/459/++,++*687550*//***-126-390225-190979715-430+-527////537282-619430459
296-72*-493-690*-102--167901-924*-507-34/779-178/282/--15372*-/+,+--*296-72*-96-690102/-167--*901-924//-/-507-34779178282*-15372
990412+-508--398*552-48829--251+423535*--21138--390+-829-667+-/+,+*-+990412-508-369/552--+--48829-251*423535+-+-613138-390-686667
368561/-655-955+/447/128--45+-282288-144/-102*956-583*--45-8*+/+,++-///368561+-655-955447128-45/-282++*/288-144-102*956-583*-45-8
-418-433665/777/-550/-990/-378-550/609+327-762/+349*504-492/-94+*-,--966////-433665980-550-990**-+/378-550-895/327-762349+/504-492-94
-312-900501/-543*738-148-546++-715+705-46/-*-722-718*-152*+-869974--,----312**/-900501-543-++738+-148-546-715/705-46**722-718-152--869974
401315/355-483+-180258341-911995-598/-969/59/55-132/-+-952+*-/+,++-/401315366483/-180-258*341++-911-///995-598-96959/55-132-952
654272*-689+923-321885/-840/+172--710-133*301/+-194+-661479*-605-,--++-+-+*654272-689923//321885-840172/*-710-13330165*-661479605
-44-195836*348*--64587-+-272488/398/-846*-270-570/--821-52-127*+,+---/--44**-195836348--64587*//-272488398-846/270-570-821*52-127
531354-845/-274--657+15234/60/-413*-976*+97-255*+68044575/*-,-+++--183/354-845274-657**//1523460-413-976*97-255*680/44575
-21-409685-303/-475-502/-395505*+35462*928--650--306-988/-175*-*/,/-21*-409---+-/685-303/-475-502*395505-*35462928650*/-306-988-175
-443284+-248-373966-971/-751/--228643*-+998+817+603-509-220*-554//-,-++++-443284---248/---373966971-751*-228643998817/603/*-509-220-554
838654-277*889-917*-948*492*97-268-518316+-275249+-305-234/++/+**,*838**654-277+-***889-91730849297/268*+-518316++-275249/-305-234
-194628809*-254-208492-/355*-413484/-234**-943/--442-132+-751+216-*,*-194-++--*628276/*-/-254--208492355*/-413484-234-943-442132-751216
863860148*105956*-547478*+652--339988/--800-774*-252+-764750--*-,-863**860148-+--+/*105956*-547478652/-339988*-800-774252--764750
734-926761/177*+-47-413831/-487404*326/-513*--589-684/+/575*983/,/*/-+734*/-926761177-47+-/413831*/*-487404326-513/-589-684-838983
-479864/-631210/196-691/-758-771-374*--69+*-53813*-502-153-*90/+-,-/-479864+/-631210/**/196-691+--758+-771-374-69--*-53813-502153-674
782-45+-626267653*-26/278488*-255612-301*+978-63561--553+*+///-,-+782-45/-626//*267653-26/*278488++604*612-301*978+--63561-553
-213-437*-280603/-118-799/-67+485430288-665958/+*-360*+325-756++*,**-213-437++-/-280603/-118-79967+-+485**430+288/-665958-360755756
143393432*+-593--342--785-550151/+-286+-21/114/560*264*686/--880+,+---+143*393432-593-342/**//++-785/-550151-286-251114560264686-880
822193+-437-579-715789982319+416-87*+356550-746--224581/-/-/++,++822193/+-437-579/715-+-406*-+98231941687/356--550-746/-224581
946-191-501*521/298/--1808/662/--663-106/-679-892*+-804+636-580/-,/++---946//*-191-501-620298//788662/-663-106*679-892-804/636-580
-818800888//36-503*620277--183-938+-94--489-80645-355973/++*++*,*/-818/800888+*36-503+-+--620277-183938-94*-489+-806+45/-355973
-525637/596*-812--586939680/-105*-399--450409/-349/+367296/338/-*+,+-*/-525637596-812*-586-+-*/939680-105-399//-450409-349//367296-803
992-148-589*-724-978-157-684-307*915177*372*--272-215759*+-347+++--,--*+992-148589-724*978+-157+-*-684-307**915177372++-272*-215759-347
97996*86-819-246*++-384+-582-329366/814/252-190/-327814*698/-+,+-++*97996+86*-81937-384-582--//329366814/252-190**327814698
443-276/-828/60596/+-306421/+-984+335340-164-*-639/-649-158*942+/-,-+++//443-112-828/60596/-306421-984//*335-340957-639+*-649-158942
295-515685/-59*950/221*712*-14/324*--697+-884+28703/+542-449*+,++++-295*/**/*/-515685743950221712-14324-697-884/28703*542474
-666-142-864*654//151993*354/+503-587+-72-606517/-576*-208/846+/-,-+--666/*-142-864654/*151993354/-+503-587-72+/*/606517-576-208846
846-458-933--911--461--298+580+956-766/--13476-865*+-776-349*869/-+,+-++----846-458933-911-461-298580/956-766-+-13*476-865/*-776-349869
887-748*-980-372/+928/910*844598676-479*621/974*-341*-966/481/+-,-*/-*887-748/-980-372928910+844//**/*-598676479621974-341-966481
349-322/260-382/256/--673+-681+-549227*+603452*--715369-509/389/++,+-+++-/349-322//260-382256-673-681*-549227*603452+-715//369-509389
723598*763-34-379-690*-/-617-234*-888*--913547-250*787/+-39*-820-+,+*723598---/763--34*-379-690**-617-234-888*+-913/*547-250787-39820
-968140/50593*902239*--662309/--722-437+*-69*108+-53-973*199/+,++**/-968140+---*50-592*902239/-662309-722437-69108/*-53-973199
-730504+-23-955795*666/478*-663-335118//-974326378-323*37+-++*+,+--730504*-23+-*/*-955795666478*-663/-335118+974-326+*378-32337
-890-445-855--916-708/+900-213-14-259658-541/-414++463749*-281+*-,---+-707/---445-855-916708900213*14+-+-259//658-541-414*463749281
-17046+-991202-632*-967*-195*+208/-651*--159+908-579/-104/+844819*-,-++-+-17046*/+-991***202-63273-195208-651-159//908-579-104*844819
-353892328/+542-882/-635/+-740201-203/763*73*209**+-26-507/-204/+,++++-353/132509//542-882-635*-740***/201-20376373209//-26-507-204
-492-884131+55/--179401-618-905*/681/-747+/+92-542*-561/+-259-245+,+-++--492//-88413155/-179+/*401*-618-905681-747/*92-542-561-259245
59358*-531-671-439-94--162-863/--647-673-162*-999/-178*-723*-479*-,-*59358**-------531-67143994/-162-863-647*/*673-38-999-178723-260
289409616/+-722-633125-346-*-959+*-739/--612-118*-808-766*-455610**-,---+289/409616/*-722+*-633-125-346-959-739*-612-118**808-766*-455610
412146/251/-853-271--274-933*-649*-522/-678/-336-609-627618879*+*-,-----//412146600-853271//**-274-933-649-52235336*609+-627*618879
992-201*-730+-935-426*-574316684/938*-553/-810/-537/497*-185*+226-/+,++*992-201-730/*-935-426-+-574**///*/316684938-553-810-537497-185226
195359170*-483-520814*+-114-71*--689279-162+462-938*-+174278/+/-,-195/*359170++-+-483*-520814*-114-71-+--689279162*78-938/174278
-690-505+-293+-430--676-711/-848*980/--375975*155+-179*-675+799--744-,--+----++-690-505674-430/*/-676-711-848980+*-674975155179-675799-744
-415-855+-844-96+87-691*-779/-963-952-295-837/766808*-929--57-*//-,-+-+-415-855-84496//*-613-691-779/-963*-952---/-252-837*766846929-57
663365867+--945720+938--210416*730*+-15-117/-921923-756/-424*-+++,+-663+365867++-+-945720938**-210416730+/-15-117--921*/982-756-424
243246*351*-678/641*321/172/270-828839*-973/393704*51971--*+-,-//*/**243246351-678641321172+-672*/*-828839-973/*393704-51971
889-77+-999+-160916-348/-932*/--633-53-518/*553-735*-664-106-305*++*+,+-++889-77-999/-160*/916-348-932**-633-197-518+*553-735+-664*-106-305
-730272/-236*-31/-752--607+562+-385+-137-491-231/338*-885*775/--673+,+--+++-/*/-730272-236-31-752-607562-385-137/**/-267-231338-885775-673
801-618*-829-544--63+876/-771--14325209/++-782+455829--733-425+,+--++-++--*801-618-829544-63876375+-143/25209-782-455-639733425
-610-397-187+688+22089736-492*+-605-/-360/987/+-99+-101-906-12++,++--610+++-397-187688///220-+89*736-866-605-36098799+--101-90612
-453450/640-312*-779/--601+-11349*+-439-347*607*+499-835*-520*-199-,--+++-/-453450/*640-312-779-601*-11349*--439-347607**499-835-386199
162-714/-196+839827/-843--187471--586--552-285/523*-565++-215+634+-,---+/162-714-196/839827843+++---187471-586**/-552-285523-565-166634
-654952644/-193299/-382-240/-107776/923*+867--356+*+821--58-383*-,-*+-654*/952644+-+-/-193-282/-382-240*/107776923867-356821*-58-383
41639+127--29+820154336-502/-447-475/-281+402-*-265/--140-424/-/-,-+-+41639127-29/820--154/*/336-502-+/-447-475-281402-265/920-424
-67-482/-56+187/-878-879*--150+806-522*+279+218--262377/-1000782+/+,+-+++-///-67-482161187*-878-879-150*806-522279218/--262377+-1000782
-284928/283-238/--860886267+-251-855+--141-179+107-556/--811--636--+,+-/117928/283-238--860---+--+886267+-251-855-141179/107-556-811-636
732-386/-293-749*-91-648*-567//803*256/61+-764+933956-518/353*-+*,*/732-386+++/*/*-293-749/*-91-648-56780325661-764+933*/956-518353
917-669908-894/+-190-806828/218---474-701/-589/512/281*617/-821*-,----917+-669/908-894190-/806828-383*/*///-474-701-589512281617-821
656-964--230580/+-493-472+648430/+-651-919/+658-973/-842-760//-700*-,-+-+-656-964/-230580+*-493-472/648430/651-919*//658-973/-842-760-700
-335-427/704--904-926*+-271873/506-479-879651/577+/320*+946-39*++,++-/-335-427704*-904-926++-/-271873506*/479+/-879651577320*946-39
925-260-306*941*+-515+-898-283*-873713351*-99751/-84850739-*++*-,-++925**-260-306941-515**-695-283+--873*713351+*-14751*-154-850739
32-936/-478-645*+484-427+525-895/--689-109/+239+858+72+-810879/+,++/++-+-+/32-936*-478-645484427/-12-895/-689-109239-69972/-810879
-502961/-83--12--205-387-965/-615-504/960750*-606/226+/-726*/-639+*+,+--/656961-83-874*-205-//-387-965///-615-504+/*960750-606226-726-639
154-291-917*-136-925+216/-14*954/-64906*-593*56*392*+-861+278-,-++--154*-291-917/*//136-925216-14954****64906-593-176392-861278
831295*65*510/189/-86238-219-271+-754472/65*791*-/742+*-961+,+*//**83129565510189+/-86-+-238-82271**/-75447265791742-961
370-353-908*+889+270664/112*-828/88756-22+-678--657724*--690+/-,-++370*-353-908889//*/270664112-828+--+-8875622-678*-657724-883
-861-612-821258-77+*628*662+564+106*129*+-182-880*954*--928*-902+,+--861*-+-362**++-*-821+258-77628662564106129**730-880954-928902
-295326+619-857554*159-579*816-271//-696*605-845600/-172124*/+/+*+,++-295326*619+*-857554/*/*-734-579/816-271-307+763//-407600*-172124
-184-804/-401*132-657/--658-965*-18*-611-335-89739*757+-140--4-*+,+---*/-184-804-401/132-657**-658-965-18611*335*-+*233739757-140-4
-330392--745227/+378562/29270480-683/-162-964954/25-618-/--+/-,-+--330392/-745227//274562+292-704-/80-683/-162--/-96495425618
-954-323-925-608-977--780-88*254448-515-442/-433/+/-201799/-832/+/-/,/-954--323/-925+---608-977/*-780-88+254///448-515442-433//201799-832
923-702/-600-8+-144992244-52*813/971/+-796429/-/410*-535659//++,+/923-702++-600-8**/-144-+99//*244-52195971/-796429410/-535659
-689-533/-339*817+435+397+281701*-777--527+156978/-980/+111-943*-,-++--++-*/-689-533-339817435397*873701777-527//156978-980*111-943
-13562*516-731199/-903/-751198701-239/615/+-89-/674-288328+/-+,+-*-13562516-///731199-903-+-751//-198701239615-89/-795+-288328
-34822*-502-545+-705300*-860-/-210-495+755---935/266/-888+-446-954-,--+//*/*-34822--+-502-545*-705300860-+-210-495755-935266-888-446954
-255-263*205/-262371/-134+-447+-100-807/603127422/504*69/347*+/-,-++-/*-255-263205/-262371134-447//-100-155+603***/12742250469347
50262-194130-363-638/211-495/56/+626*-492-565/-693-243/293**-/--*,*50/262--194/130--+/-363-638//211-49556626*/-492-565*/-693-243293
380-777729+-231+383477/+-822317/437/469/-432+125+152/+-236+697-,-++380/++-+++-777729-231/383477///-822317437469432125152443697
-411846--632-149/-500287+-802+--854+-819--272+461-692*+-302--327--758-,---++-+----411846/-632445++500287-802-854-819-272*461-692-302-327-758
-465930--581-497+63-998189-*-903/---522--681-604/-680453/-+592--449+,+-+----465930-+502-497/*63--998189-903-522-/-681-604/-680453592-449
52639-284321-153/371*-/-690+139/85*--605--453-953-897*-567*+212*-,---52*/+/639--284*/119-153371-69013985-605*+-453**-953-897-567212
808782+92+407476-90-33786-90/277*338-280+-386-588*228*-*+/+/+,+*+80878292/407+476/-90+-33**/786-659277-+338-280**-386-58824
782-350483*805**-11-395/-52/883-800-447/651--28622631*645/*++,+-/-*-169**-350483805/-11-39552883+-/800-447651*-28/*622631645
705338+-660-341-869295-973*242-/-553/+-126594//-226+898-313*-408/+-,++705-495++-+--660-341//869-*295-973242-553/-126594-226/*941-313-408
-239784*532/55/-912+-24597360/815128+860+-41-287/+668687*-/-+,++//*-239784532-10-912--245//97360-+++815128860/-41-287*668687
411245+-343813+692-828/-+427333*378-318904++473-144--240*--545-*-,-++411245-+-343813/692-828**427333--+378+-318158*-473-144-240-536
296-356105*+-565+351-734*-269/909/812*999*479-975+-341385/-744/-/+,-++296*82105-565/**//*351-734-269909812999-+479-975/*-341385-744
-801-573/-385-139--10+599+/706+663+-418-698*--929-594/-782/-839+13/,++--++//-801-573++--385-139-1059978663/-418-698//-929-594-78283913
-628-294-643*494202+420+-973+693354*-793612/254*+854--339+--23+*,/-628+-*-294-643+-+-+++494202420-973*693354*/793612254854-339-23
-91362-955/506+-485+-214/-924*+422+420125+773342*--152/177/-900*-,-++-91*/++/362-955506-485-214-924422*/*++420125*773342-152177-900
303493/580--247969*-572-500/+719--134-825/517*+-815-982/159+789++,++-+--/303493580*198969+572-500719*/-134-825517++/-815-982159789
-641678+-316-349/--190--1160671219-587*-/-50+-213-168*-850-836-*-,---+-641678/-316-349-190**-+--1/160-671*47975850-213168--850-836
622382/-823129416*38/+335/-685/+68-208*-14/--480--362--767-4/-,----+/622382//+-823/*12941638335-685/*986-208-14-480-362/-767-4
218244-76247*500*-884/+814780495*/123/--134+203+925+156+-44+,+++++/+-218244/**76247500-884//814*780495123-134203925156-44
633-549348746326/-767-173/+*837/-301*+-314419*-517/-/-549/-270*593+,+*//633-+-549*/*348+/-517326/-767-173837-301/*-314419-517-549772-297
849-665191-740/+512+-269-5*514*722/436-866-150*-857/749-474/--/+,-++643/-502191740512//**-269-5514722-436-/*-866-150-857/749-474
895870-984-*-856-15--992-424/-/-909-805953/30//+193934695**--332+,+-//*895-870-984---856-15/-992-424+-909//-80595330*193*934874-332
-955-57+921/751/787147-542-258---5-650/--539-*-503/-76/516/441+,+///*//*-955-57921751----787147*542-258/-5-650-539-503-76516441
793-156*669+-694+544+782+-3894*461/-753/+-407-114-90-644*-989*+,+--+++++*793-156669-694544782//*-3894461-753-407114**90-644-989
-4976*849-5-919410/+372467-256//407/108*-670/958/247/--139-,--+--*-49768495/919410///*//372/467-256407108-670958247-139
-446-17/582732+828205*+-849-233*-561*-/563/-917/-706-54-315201*+*-,-//*/-446-17-++582732*828205+*-849-233-561563-917*-706+-54*-315201
996-157*221*-465294/--851-682848/-357662/728+961975447/*-985/--,----**996-157221/-465294-851/682848-+/357662728/*961/975447-985
224-662/-240279-114*111--104+546626-545*635*-816-915794/+392+--+-,-/224-662+-240-+-*279-114111-104-546++-**626-545635-993/915794392
-283794980773+-693-699/-247*+-474428*+-370938/-379363*+830*--724+/-,--283/794+-+++980773*/-693-603-247*-474-767*++-370938*-379363830-724
-482-345--180975*+-829+678-126/-136/+-217876*568/+153-772-255+-844-,-+--++++--482-345*-180975-829//678-126-136/*-2178765682692255-844
756-606/-361*255/-690/616-658//235-6*-446-965*-318/-341/481/755/+,+-+/-*/756-606-361255-690/616-658*235-6//*/*446-965-318-341481755
21238090*+714-499-259630**101350433796-*539/375+924-383*-*+/+,++212*38090/714+*-499*-259776*101--/*350-433796539375*924-383
-154553+467+195-23070-904--333-/-838152-931*+/+737578*647/+76++,+++-154553467+++195//-230+-70-904-333+-838*152-931/*73757864776
30359208-345-+-957+/607-825*-721--242+806+155-415-532*-206/+699+,++++--/30++359-208-345-957*607-825721-242806//155/-415-532206699
351166*-314596229-848+-813+625337*-*-63151-204/807*-331/49-/+/-,-*351166/-314+*596-++229-848-343*625337/-631-/*/51-204807-33149
-304-287--326225917*503*+927+940+--901+-247791*-955/-947*+684+665+,++++-+-304-287+++-326**225917503927940-901***-247791-955-947684665
-766454330/-489-271-613/*-109*/-245*382*-381+837+573-816-844-852/*/+,+++--766**//454330**-489/-271-613-298-245382381837/573*-816/-844-852
-247311-688/-832886*+250--184-506-91888/712*-243928+-821+/+*++,+-+--247/311-688*832886250+-184/-506+*/-91888-419/-243++928-821
304-830339*+85-215*767*-231/+133+113-864-198-866/-299/-443*-536-,----+++304*-830339/**85-215767-231-821113864*//198-866-299966536
822-818*669-418*-198/-467-452-914687*519/-724/-521-612/840*--15+/+,+*619-818//*669-418-198+--467-538*/-//*-914687519-724-52161284015
-320202+962-742-498*--18563872619264*-983398648/-13+-265-/++/-,---+-320202962*742-498/-185+-374+726/*19264-+--983/39889513-430
334821-683-644-84+*+-62703*-435**200795*--869-119700/--235-957--,--++334*821+--68398184**-62703-435*200795----869/-119700-235849
-154-790+332132707-636723*-*+-988+/344--409-176/905/--599+731-853+,+-+--/+-154-818++332-132-707*-636723-988344//-409306905-599731853
321641/-278/891-411812928*-36149+/4/-345/-102*118-802-828*/*++,+///321641-278891+411**///*-376928+-361494-345-102/118*-802-828
-601557/-664/-567*-404460--992+601-202//-532542/--5*+326610*-655*-,-+*//-601557-172-567*-++--404460-992/601-202/-532542-5**326610-655
316577/705*247-77/-544*-817+316123-338+164-398322124-934*+*-*-,-+-*/316577705*/247-77-544817*316*-+123-338164*398+322*124-934
-370-486651537**191++542+318--351632*+-355*-670104*248*234/+,+*+--370-++*-486*651537+191133318*351632-355/**-670104248234
851101-910*850/-709619-742--131+488-21/--414+*-886-34-201/-724/**+,+851+-/*101-910850*-709+-+-619-742-131/488-21-414*886//-34-201-724
-41402/-994-245+176+544--135501/-516-9*--39355/--396+124-812-,--+---++-/-41402-994245176544*-*-135501-51612/-39355-396124812
-125316/-34/606+-106984*684/740*432/-499/--694-905*96/+4+854-,-++-+//-125316-34606//-/*-106984684740432-499/*-694-90596-539854
-498-381177/*-909*-703*-197-104-121*365/-284165/+-685-*--187-729/300*-,--***-498/-381177-909-703*-197-+/*-104-121365/-284165-685*/994-729300
775365574457244*-29325/*--644431/-515*--564647-644-233/-62/-/+//,/775/365+--574**457244/-29325*/-64473-515/-564-647/*-644-233-62
-184-765*732+-981-705259*+587-871-496--248-968249/---376--590-650*-,------+-/*-184-765732-981*705259587871-652--248/-968249-376*-590-650
825546/188141*-574632*+-515-720*-780/--708581*668/-962/--17384/+,+--+-/-21546*188141*574632/*-515-720-780//*-708581668-962/-351384
176558-129*203/253191-467*94/+251152*--704+-193-183168-746/++/-,-176//*558-129203++-+253/*191-46794*251777-704+-193/--183168746
868-495-39+-631-464/+450+-27+-883--370-191595+/623/186-46/-110-,---++-+-868-49539/-631-464-751-27-883/-//-370+-19159562318646110
732-20/-464-491**-430-631*786-190--128-11-552989**-935474/+*+686--,+*/732-20*-464-491-+--*-430-631786190*-128+*-11*-552989/-935474686
129202*514-960/739/+-259-471*-546+656/-99*-22*-950454*925*-791+,+--+*129202//514-960739**/**-259-471-546656-99-22**950454-832791
-438-961/-956-111*-621742*895/197-552/--473-102*941/-259973/-965/-/-,-/-438318/*-956-111---/*-621742895/197231/*-473-102941//259973-965
23-782/560-851--48+-86--800-451/-643/-60331*0*--21+389--511+,+-+---+--/594-782560851-48-86//-800-210-643**603310-21389338
494-602513430805-660936672*-941-68*++-863-963-973*/--682-109-/-,-494/-602----513//430805+-660*936-958*941-68/863*-963-973-682109
-310763/904--532421*798932/637-*213453-742-669-203/+867--494+/-,--/-310763904/**-532421-/798932637+-+--213453742/669-203867-494
-184-775*938-511-744*+39--306915*--212-549659-416--485-737-679*--+--+,+*-184-775---+938*-511-74439*-634915*-212+-549--659-416--485*-737-679
-686489-479323*+-81672*+773/-445*-970/22100*-66038-526-527**-,--/**++--686489*479323*-81672773-445-970*22100*660+-38-526527
796-347+-146-872+-521-258/-913--285-490++95444*-270+85-783-191/--,-+-++-+796-540-146872+--/51-258-913-285490*95444270-85/-783-191
-902-334-624+821361-190/876--808-862-564*-133+-273-124-134/*-738*++*-/,/-902-+-334-624*821+-/361-190-583++--808*-862-564133**-273/-124-134-738
-545154+-61392*-471/-585+-98*-904*-734--19+349-55/+725+680+-14+,+++++-**+++-545154/*-61392-471585-98-643-734-19/42-55725680-14
832-136*-270*-819/-191-382*419-820-756-589145-878+352-147--945++++,+/**832-136919-819+---*-191-382419820886+589+--+145-878106147-945
905674498+/733-953+-297-218*465*468*739620**-781/--123--607/508/+,+/905/674498//--*733-953/****-297-218465468*739620-781-123-607508
-87628/297/863426*-657-45/-269*--36-385/898+-50+-964*+803224*/+,+/--87628297/+-*863426*/-657640-269*++/-36-385898-50-964*803224
507957/90+350-841-193579-155/222*-972--112-56/-*201/--997-240/-,----+/50795790350841/*193--*/-520-155222-972/-112-56201/-997-174
519-426+55-578-837/+294-372+-616*-628*-48/+501-721/-923/--339-,---++-+519-42655/578-837/**/294-372-616-628-48501//721-923-339
633-714*-414-303+-617427/-600*-629-271*-679/-96*-751/+-882685*+-202-,-++-+-*633-950-414303//-617427-600/*/+-36-271-679-96-751*-882685-202
-867866-760373/+-321-592--275-+952545*-277*960--687-608-932+*+38+-/,*-867-++866/-760373---321-592-275++-**-6545-277960*-687+-608-93238
-990992*779-615-93+*296-*33/-681-616+-391520/-699*-621998671*/++/,//**-990992--779+-741-9329633++-681-616+*/-391520-699/-621*998671
95437/-560-528/-931137*223*164+-641+/-748/+62594*-23+-385-821/+,++-+/95437///829-528+***-931137223164-641-748*6259423/-385-821
-868-578/-225+890--7656*-47/-394*--303--15473/-79*+952-207*286*-,-+---+/-868-578-225890*/*-7656-47748-303*/-15473-79**952-207286
-581-259--544-89*+-587486+/159-293/-595/+-551819/--879--370-20355*+-,--*+/+--581-259*-544-89+-587486//159-293-595/-551819-879+-370*-20355
466-270+-972-484445/29/4428760/209995*-197+*-370//398/-194-+,+-+466-270-972+////48444529/*442+-/8760*209995197-370-460-194
668-417+732-91/+175--338--500-186522*--388-270*--536958/169*697/+,+++---++668-417/732-91175-338-500*186522*-388-270/*/-536958169697
469153/409/-349-803509/987*763/-545/254--640+-225113+-506+-798+*+,+//469153409*16++---//*/-803509987763-545254-640+-225113-321-658
592557/-757+47-874+437+879--389-253-894*810*-270-931/-245-666*+,+--+/592557-757*+---++47-874437879-389253894810/270-931*-166-666
-101397/502964-409+/-594-385-774*-477-708*13621*--651-32--928-/+,+//-101-218+-502964409/*--594-385774----*-477-708*13621-65132-928
-297-446/-458*-556-223--62629490-*8567522/-46*+-282-*-249-906/*--,-*/-297-446-458-+-556-223***-626-29490-+85*/67522-46-282/-249-906
78326804/-163-324969-7/-201155/-*-933+-598112/-25*-/-51*-,-783*/-26/804-+-163*-324-/969-7/-201155933**-598112-25981
-458496-58*-379--357685*+-947-367-634+-896+-87742/-897-346+-653+/-,-++--+---458*496-578379*-357685-947367634-896//-87742++-897-346-653
-965-901*906337877/-666-720+442-44*98/-407-*--834+443-503-/-696*,*/*-314-901--+-906*/337877--+-666-720/*442-57498407-834443503-696
393-132/840165/-990*886*+-907--405-548-700*-459*906/-683*-867+-938-,-+---+/393397**/840165-990886-907-405*/**548-700-459906-683867-938
291661-757304-392-387918889/321/172+-295-534/+-411-638-+147-/-/-*,*291-661/-757-304/-392-+-387--++//918889321172/-295-534-411638147
-746796*-948847-421-665912*-999*835+-847-/92*-16-554--278+*61/,/**-746-388+--*/-948---847-421+**665912-50783584792-16554-27861
-477-5-815/+-480+879--272157/--426120*-829*+-101-237/+-420-791-227+,----++-++-477/-5-815-480879*-272157**-426120-829/-101-237-420791227
811-765443*-163274/-790380*+555+689--633*933/+--782+-454638*+422+,+++-811+*-765443/*-++/-163274*-790380555689-633801-782*-454638-376
-371340407*-681851/*836-414-144-70170/576/830/-583/--882/+898++,+-371++--**150509/-681851836414/-144////-701472576830-583-882898
688568/-607-50704*863*--485--601+/-420/-714-773+*112-723822/158*--,/*///688568+---607**-50704863-485-601-420+-714-773-112*/-723822158
-174-12-532/-277-+164-84-11567/-956-133-572*-227*-+-63494/7*-+-,--+-174//-12-532-277164+84-+/-11567--956*-562-572-227*/-634947
-187-362*-552*950677*+-857--643-501*-376/342+-200/+-362792/--212290/+,+-+-+**-187-362458*950677-857/+/*-643-501-376342-200/-501792/-212290
-36-33+-70-917*-842-71/+-188-708-441+-426--807805/+733-716-38-*+*+,+/-*-36527*-70-917/842-71*-188++-+-708-441-426/-807805*-180--716-38
-464195/915*-833315*+-677-67*-45*-99/-81306+-939-111/920913*--/+,++*/-464195915*-833315//**-677-67-45-99-+-81306-/-939-111*920913
-278204*379--981932-160*-326+308+*-232/-812/--463750*-930--231-498/-,-----*-278204379//*-981++*932-160-326308-232-812*-463750930/-231-498
-739-590501/118*-961979/924-333/-*+689-447+-328/975--504-85*-562-+,+-//-+-739***-590501118-/-961979/924-333-765447-328975-*-504-85-562
969560877-594703*-593/+269-988792-*-956/184475-962-455411*-*/-*,*969-+-560877/*-189703-593//*269--988792-956*184--475-962*177411
422223*-554-204/776-772/285*+-438*99*668*-406-841/-966/+867329*+,++-*422223***+/-554-821*/776-772285-43899668//406-841-966*867329
241-125/-609*224/838*349-79164*-204*+-765-464894/-59*+489+-114+-,--*/*/241-125-609224838+349**-79164-204+++765*/-464-893-59489804
167-586*513*-418--785272-460--463+*-913*--174152*897/+-358-639*575*-,-+--**167-586513-418-*-785+-272-460-463-913/*-174152897**-358-639575
626-631--406--552531-587*-296-/-541156+-262/77*487-173--630225*+/+,+---626-631-406/-836-*531-587-296/*/+541156-26277+-668-173*-630225
501-101/530*321/-179+35486349/+386991-273/890141407283*-/-/+-,-+/*/50165530321-179+/354/86349/386-/991-273/890-141*407283
-215-367--631--957--632-998/+450-783-419*559*--379--324--783*-913/+-497-,-------215-367-631-957/-632-998/*---450**-783-419559-379-324-783-913-497
161-169*-170/370-30*-104636*--889+126-329-975-508239246-387*+-+*-,-*--/*161-169-170*370587*104636-889*126+--329-975-508+239*246-387
-193450--816420+118+-735/-102-348-262/-722/+-594-617*-254183/-434++,++---193450/++-816420118-735//-102-348262-722+-*-594-617/-254183434
542-812208-478+-144+157+582633-835658*+298-290/-973*+/+746+53//-,-542/-812-+++++208-478-144127/582++633*-835658*/298-290-97374653
669-269+-189223/-425/--565-285565499-381/+/-990-536-406-102-482/-,-------+-301-269-/-189223-42572/285+565/499-381990536406/102-482
47-146/-142489/548*-550-512*-400*711-959*528-770*-792/-771*-70*-*+,+-/47-146*/-142190548***550-512-400-*711-959**/*528-770781-771-70
914540-410+-134+-659-592*+-562431+-361-621/492/899*-+-490850*993/+,++++++914540410-134*-659-592-+-562431*/*-361-621492899/*-490850993
946934*-341123/-884520/42*-431+-717899/-253486/+3-29*44/+,++-+--*946934/-341123*/88452042431/-717899/253486/*-295-2944
744602-95/868+-233-186/92901/258---336--690-522*+939-754*13*++,+744+++/602-95868*---/683-186-/92901258-571-690522**939-75413
-983642*-250-947--750-496-598*-930-848*-543/-+-911488*844*-481/-411+,+-+--*-983642-250947---750/-496-598/*930-848-543/**-91148884445411
417-878/566-544*--406-667/151104*63//154/-632--123+989--226-572/-,--+---/417-878*566-544///-406-667/*78110463154632-123989/-226-572
-28766421/-434*+-224-796827/147*398*921*-725*-142*-214--76-439*-+,++-28*/766421-434----224*****/-796827147398921-725-142214*-76-439
150-832/5/604+443853/537+550-90/-496/-656+-714-+-574+491-39/+,++++//150-8325604-+-+/443853537//550-90-496656-714-574/491-39
414730/-353/888+70231/714906/*--444+-805--65141-280293/-940+/-*,--+-+//414355-353888*/70231/714906-943-805--651/41+/-280293-940
-533900*-827/-465*978/399577/+-545984*+-412--807447*160/-447*--351+,+--++/-/*-533900-827-465-317/399577*-545984-412*/*-807447160-447-351
-621-722/327483*-735*--960559/--511-362/943*+59-792/-859-969/-139*+,+--+--/-750-722**327483-735/-960559+/-511-36294359792*/-859-969-139
834-690*-438/36-955806/+885/+751+-107-100-8031+-934/769*+-136+-,-++/*834-690-438/+36/-955806885751++-107*//-100+-8031934769-136
806-451*-62-253461-/+-532--54-625+553+459-552*-682919/169++928+,++*++--+*134-451/-62--253461-532-54625553*459-552//682919169928
429-689/370-22+*-774/862-26/*-521/448/-485+661-87-+155751*-858*+,+++//*/*/429-689+370-22-774/862-26-521448403/661-87**155751-858
-73-450+893391/+-351966*641*-93/-12214*-961451*/54/+-26650/+,++-++-73-450/893391/*/-351966641-93//*12214*-96145154/-26650
-183592+-704-213*+-708-910--310+595+223169/+437+264701+747+-907*+,+++++--++-183592*-704480-708910-310595/223169437*++264701-196-907
-187-532/15--683-824+627/-314-437+/-217*-115-211/924-541-653/-883-//-,--*/-187-53215*//+-683276627+-314-437-217//115-211/924-/-541-653-883
507347--974-742781-920*--267-+-359-811*635*-222+932-567/-770/-74*-,-+-+--507347448+-742*781-920-267**-359-811635222*//932-567-770-74
462787*674-439--214-746/742/-779+-66-962+-58987*229*660*-813+,+-+-+---*462787674439//-214-746742779-66962***-58987229660813
-106940/58*-313*-615-225/-227666/-68*+-528+-116--618450/--881-826*+,+-/++-**/-10694058-313/-615-225*/227666-68-528-116*-618450*-881-826
828353-507*64/-528/+634225183+--474-420537+318+/--386573/--264++,++-626//*353-50764-528+---634+225183/-474++-420537318/-386573-264
86286/40+743720/-21724/347132*-605-880*-552/+*-738-*-167399+*-,-+/8628640**/743720-*/-21724-*-674132/*-605-880-397-738+-167399
187-318*989-322-33-994371/*-14/277846-405+466-778395--667-*+/+/-,--*187-318524/322+//-33/-994371-14/277++846-405*466---778395-667
174-9507*-478-920/-492--407759*+371-743-363/-136*987/115/---279+*+,+872**-9507+-+-/-478-920-492*-407759-371////-743-363-136987115-279
235689822-923-780+-486233/-891-112+-47*+527-260/--638/792*420/+,+235/*/-+-+--462822923780/-486233*+891-112-47/527-260-638792420
665558-967*210/90/-569/-613/-910*+-876--541-113/+111-312266555+*/-,-+-+665*////*558-96721090-569-613-910-876/-541-113/111*-312+266555
110-685804/806*-748-992/+986+-264+754956--191-3*76937*-714//++*,*110/+++*/-685804806/-748-992986-264+-754956/*-191-3/*76937-714
938-66340*867283367*-398-988201+*569497*-180247/210*+-475-/-*+,+938**-663-864-867/*283367-+-*-398+-988201*569497*/180247210-475
-295647-851-53+-192+24-611-700*+445-+528-/-128/-519-300149*0*-**,*-295*//647-+++-851-53-192-+24*-611-700445528-128--519**-3001490
317-70+-35-107/-841*-795*+592122*995/69/+572-820-535-936/--427+*-,-+-+674-70**/-35-107-384-795//*59212299569*572+--820/-535-936-427
722-996-339-472*-651*598-461372*+*+-491887/-798/131-550*-727*-130-,--+--97-996***339-472-651+598*-461372**-//-491887-798-184550-727130
336672*584*608*754--600-125/360*102*-561337506-53+/-165-240++*+,+--***336672584608754**/-600-125360102*561+/337+506-53+-165-240
173-982901*-775--775+-550+-878-999+-955-785-587*-133*-920-148-211-/*/-,-++++--173*-982901775-775-550-878999/-955***-785-449-133*-920--148-211
-298191/223676*-506*-825-17996*+-542--349620/422*487/+347+153-*-,-/402191***223676-506-++-+-825*-17996-542/*/-349620422487347153
841458/-517*-586*910/-314124+-738--490-212*-/253+-245+-432-565*93*-,-++//**/841458-517-586910--+-314124-738*-490-212-480-245**-43260793
-933-71-742-753*--629-69*-91997*836617/938--32-910/+-788+903+/*+,+---933-71*742-753**-629-69/*-91997+++-/836617938/577-397-788903
-982335923*388*488700--426-410*471649*-936/626+-676-901/130*-*-/+,+-982/**335923388--488700+*-426-410-+/*471649-936626//-676-901671
434-82/-949-76*+47571*-274-479+-47325105*--371906288449-+--*-,--+/434-82*-949-76*47571**274-479---473*25105--371+906*288449
930-314*-472--480--276915/993*56446*-909--660*+428*+-3237/+-109*,*++---930-314-472-480*+*/-276915993*/*56446-909-660428/18537-109
886922+-43364*+-188-690-239-557/-623*-146*--917893/--560+-108+739+,+++--/++886922*120364-188*-690*/-239-557-623146/-917893-560-178739
997438/866*279803*--975+412+27-98-120571521/-68*373-631///++,+-++-*/-290438866*279803-97541227+98/-120/*/571521-68/373-631
518-273/946/143/-97-445-825*-925*-629-483-198/-264+-66771/-75--,----///518-273946143-97**445-825-925629--+/483-198-264/-6677175
-60763564/+81840-253*-243+-448/-614*-973*-141*908*86/138-464//+,++-607/63564*/****/+-81*840-253243-448-614-973-14190886/97-464
843-593591/-215-275/+120*107-910/98/+794+386--925+-724-922--507+-,-+-++*+-284/-593591/215-275-431//107-91098794254-925+--724-922-507
-322379134/-66554/-20+-366*404*279/948693455-678-616*-936-*+/-+,+-322-/379134//**+/-66554-20-366-32-839+948*693--455*-678-616534
829-654*-304*-497-20-372990/456/-221/279*+73--156343*/-245-759/+,++-+--**-129-654-304-49720*///372990456-22127973*-156343/-245-759
-81856*923-531/162*-223568*-327466*-543821/-105--217306/+-563--*-,-*-81856**/923-531162-*-223568-+--*-327466/-543821105/-217306-563
5687*-821800/--120-434402-593*74235+--64-659+760-331*-570*++*+-,--*27587/-821800+-120*-434+-*402-593*74235++-64401**760-331-570
-812-227+-917209-27/362*-773+-446-537-711-/+-624+-99--543-594-242/+,+--+++-812-227/-917---+*/209-27362-773-446537-515-624-99-543/594-242
-744470517*-257*684*-14-842*583*-180-445-403*-/868*-911-711-20-,------744***470517-257684*/**14-842583--180*-445-40386891171120
250637*-987/-803-933*906/354+-695--879514*475*+251-225/83+713+-,-+-+/*-/*250637-987-646933906354-695**-879514475++/251-22583713
51963/457/-31512*-583610*+278+170*--408+336+594978*-161/303*+,+++-//51963457*++*-31512*-583610278170-408605*/*594978-161303
-2-114--622821-774/839-+-373+-13-136*+560*+591741311*771*-569+/+,++-43-114*+++-622-/821-774-2889*-13-136560/591+**741311771-569
644-58+854540-973317*+674-462/+-76249*-428*-190-263/+116-+-438+,+++644-58-+-++-854540*973317/674-462**-76249-428+190-263116-438
930273/404968-/-204-517-625*883214803*809-514-253*-928-3**+-*+/+,+//930273-404968/-204+*-517-625*883-*214803+809**-514-253*587-3
-992148*-30+-49937362-+314--644968/+-764-765/+299-707*--780-120*-,--+*-992148-30*-++-+-499*37362314/-644968/-764-765299707*-780-120
145412+-511441582*59-340/46-593-271/+/76*-79/194/-243*+429-*+,++145637*-511-+*441-31*//*//59-340+46/-593-271-209-79194-243429
-994-95/750/-651568/-87*391--771/28*524*723409/-66465/-/-288*-,-//-994-95750*/**//*/-651568-87391-25628524-/723409/-66465-288
-427-731/119+434/-807420/606430706-*-986-441+-488619-*+451--163+*,*/*/-427-731119869+-+/-807420*+-*606-430706-986441--488619451-163
-251701-815-518*394-522*/80504*561/675556//-753/-87*-192-*-508+*,*-251+*701--/*-815-518*394-522**//*80504561/675556-753-87192-508
-830109-911/--981659*196600-707/685-383/*-310293258*+443225*++/+,+--830/109-911/*-981659+-196*/600-707/685-383++310*293258*443225
63149/300+-796184*191-419/71291--830-182997*-665*+649712+++/--,-+/63149300-*-796184//191-419+-71291++-689**342997-665+649712
125724--667-246*453*143/-856/213*--790-481*+328399-522523-759-+/-,-+--125724*//**-667-246453143-856213*-790-481/328-399--84523759
53-44/146*-870*-455-656*948269/-972*291*-559+130-77/243-529+*+/,/**/53-44146-870+/---455-78**/948-397-972291559*/130-77+243-529
-863-526-261---509--949/140+-483-218774/-+-411965*-600*--572511+-641++,+-++/--209*451-261-509-949-131--483/-218774**-411965-600++-572511-641
-606-670/-815480492/-989/+463-205*+-300864/799581//-782/--637-517-,----/-606-670++-815//480492-989*463-205///300864/799581-782-637517
-122405+128-980+-640-478/--464/634/-109*-53--950-419/755*288/--354+,+--*//-+-+-122405128980/-640-478-464190-280-53/*/-950-419755288-354
20-33/710--745+583177-495*857/+487+-751-356*+-810405*589*--657-/,/+-/840-33710-745--+++583/*89-495857487*-751-356**-810405589-657
-968-122-850/-499+-201-179/-640+974-334-964-*+-877782846*-797-227*+-/,/-968-++-+/-122-850-499/-201-179640*974+-334-964+--877*-767846*797-227
403-801*-504/408+-46-933-657261*788*99/506-808-775/768*+-552+*--,--+/*403-801252408-46-933*/**-65726178899++506*/-808-775768-552
-40-995/-189-807/--398595/*-884769/-956-392621*-602/-915*-815-952/-*+-,-+-/-40-995/-189-807/-398595+/-884769*-956-*/*-392621-602-915/-815-952
-614-149*415/291924*+-168-537*-34/-980/-736*+-52-615/551-998*814*/+,+++/*-614-149415*-513924*//*-168-537120-980492//-52-615**551-998814
-811-492/149*890-768/-948-131*-738--330485*-860+-820-494-276+-41+*+,+*/-811-492149*/890-768++--+--*-948-131-718*-330485860-820494276-41
-405743/540/-641921-836*-736445-66+810772941765*743-184-*++/-*-,-//-405743540*-641-*921-836/-736++445-66+810*772--*941765131184
181526463*-332-85/-81*434/--395-6+343-70040-793*-/317*35*-,-+---181*526463**/332-85-81434-3956**/343--700*40-79331735
-874300+-429-810918/623*-710203191--974-137/+/427-794/-692--*+-899-,-+-+-874300-429**/810918623-/-710*-203191/-974-137//427-794-692-899
-965-892*936968*-231+-66292*--903-783*-297-394-182*+23724/+-393+*-,--+-*-965-892*936968-716*-81292**-903-783+++-297*-394-182/23724-393
-622-934/-24283/265/--992-182+96/-316*-536*989*+314--544-120-343*-,---+-/-622-934//-24283265***//-992-18296-316-536989314-544*120-343
-337-399-349-585*-995*283*126-586/307892-40-707*-579--563*+*-895+*+/,/-337+-399**/*-349-129-995283+*/126-586+-307892*-*40-707-579-563-895
163-146-132+/-941/-725-672/-280*240/-53/657+6295/-871786*+382-,-+-+//*////780+-146-132-941-535672-991240-53657/6295*871786382
39-655411/+143+531208141/*176/-439-788*--78-333/893531**--626+,++--++39/-880905143/*531/208141176*439-788*/-78-333*893531-626
-42288+239-46*-943*--33897/+-448-288-639/148/+-150-376-112*--535-,--+-+++-42288**239-46-943/-33897-448//839-639148*--150-376112-535
469-375*64077598-412/69/230+*542/125/557-959-476/-985-921-*/+*-,-*469-375*640+//*77+//598-41269230542125/557*/-959-476--985-921
-822862/-759/-63+248503*-325-767-417+556-790/-281*+-677-394-151/-*-,-+//-822862-759-283**248503--++--325-767417*/556-790-281-677/394-151
260316-291/50-339+-620326*-60-412-5*927/--275+861-262+-211--/,/260-/316-291-+-+---+50-339*-62032660/*412-5927-275861262-211
-657151*95015*548*-497-371/+82929/+837-229-471-649--268-404/+*-,--++-*-657151**95015548/497-371/82929837*229+--471-649/-268-404
47670866*-323/-481+-572-847/--91-394--899+988-909436--399-94/-/-,-+---+-47/*670866-323481/479-84763394-899/988---909436/-399-94
-613-292-794*+947/606*-633824/307/--141+701224*-652/+-977+33--406-,--+++-*/+-613*-292-794947606/+-633824307-141/*701224-652-97733-406
43324448/-183-210/-490/--271162/--278287/43*+-786--20817*+641+,++-+---43/324448//183-210-490/-271162*/-278287653-786*-20817641
-460491/525-133/+-286430*--845-165*-765+454364*-791--523766161--+,+--+--+/-460491/52575*-286430*-845-165765*454364791--523-766161
-692-733+361+-184-483-784-73*+988--887-787-94*936*+-980*-114*-92*-,-++-692-733361*/*+--+--184-483*784-73-267-887**787-94936-980-114-92
866-484/644+-221-704-143/879*815*-440/*-630368*+-372+-60+691-299*+,++++-+/866-484644*-221/**/-704-143879815-440*630368-372-60*691-299
-366477184*-239-947*---379-608-291*-384*--868-2*+748154*-728/-1000*-,-+----366-*477184*451-947-379**608-291119*-868-2*//748154-728-1000
-261-394/572*678*-575*925-759632/-525/867/-985/959/490/906/-727+*-,-***/-261-394572678-575*925+///////-759632-993867-985959490906-727
-694-988-135//243*155-978/-942/862163*167/-*397*19-944/--228537++,+-***/-694/-988-135-67-//155-978-942/*862163167397/19-944+-228537
-951562+176+-441-405-950*-334-158--816-474762364233*-80+-59+*/---,-++-951-937176--441---+*-405-950-334158-816/474*762++*364233-80-59
653387/772+-19-684680*+883-944-148-/-457808+*+-340+400/-633-623/-,--++--+/653387772-19*684680*/883--944-148+-677808-340400/-633-623
-770115--508/96*952-196/+-174435*--630--263+-576548/196/+-513+648+,++++--+*//-770115-50896/952-196*-174435-630-263//-576548196-513648
263-585/456--747935/2687*-547*-485/-288*817--666+581745/+-930+/-,--/263-585456//-747935+++-*/**2687-547-485781817789/581745-930
495-941-960896*+746-967378/-439696*-43+-268+/--864-149*461*-89/+/,/495+--+-941*-960669746/*967378++*-439696-43-268/**-864-149265-89
343-964808*-591-321--446-283+-195-742*-126*78274+/+57-442/+509-,-+-343*-964808/-++--591714-446283/**-195-742-126+78-96957442509
-997-484*672-259712/+-37--373-269/117/33/-521-641-116/-398405/--+-,-*-997-484--+672/-259712-37-//*-373-26911733---521/-641-116/398405
689-629/-833/-766849957*67*/920/107/-772*+892761167*853+-731+*+,++//689-629-833*///-766**84995767920107-772*892++*761167853-731
-304427*163-197*-630-152*315+-699+-232/+587-740*--609570594-415/-*+/,/*-304427/-+*163-197/++*-630-152315-699-232*587-740*-609-570/594-415
988204-872*--603--611766*+31-176/+-434-272*952*403*37-910+/987/-,-++--881*204-872-603*-611766/31-176//***-434-272952403+37-910987
34-135+-95+606-789*-421/-541/-733-713--312-183/-107-565/175-57+/-,---++34-135-95//*606-789-421-541-733-713//312-554+-/-107-56517557
471-677908/-378/-649*-334/--86-721/+-658-423*-646/-630/-115*-486921/-,--+-471/*//-677908-378-649-334/-748-721*/-*-658-423-646-630-115/486921
-442-938/-644/988*-849/-363/89*984/-999+435+-971668+-9+-193+,+-++-*//--44*//2-938-644988849-36389984-999435++-971668-9193
-398-767105*576516528-171+186-47/+163662/--700-62/858/+334-//*+,+-398**-767105+576/516-+-++528-171/186-403/163662//-700-62370334
131206-162*-694-180**3582-85555*937*--435*+/-305*+478353*-682/-,-+92*/**206-162*-694-180+358*-2**-85555937-435-305/*478-539-682
489-319*261-759245/-528**79--504757/-561+/-397362/+987-197-356*+,+-+/*489-104+--*261*/-75924552079/-504757561/-397362987*197-356
179503+-589974/-972+457524*--881-14*626*-984/-584*-260/-509184*/-,--+-+179503/-589974972*457524//*/**-881-14-474-984-584-260*-509184
-584-93619-696/111/-727--950/-677*+498-674-725*-689/-451/659727/*-+,++-584*/---93-/619-696111727-950-677-498*//*-674-725-689-451/659727
507223-800/+192--288-644*-947/497/+-75-708552/+927+-824-691-254--+,+++-+-+507/223-800192//*-288-644-947497-75/708552927--824*-804-254
738168*-859/524*-889*834--489-632584*434/-678380--598874--935/+*-,---**/*738168-859524-889834-489*/*729584434+--678380/-447874-935
240317*410*55*988-705/*-904/-217--164-685*--823-593923-348/--858-*+,+--/**/*24031741055/988-705-904-217*-164-685*-823---593/923-348-858
-959427966*192501*-369893--105+-608+--159-153/+-392+-506-*-738+565-,-+--959**427966-++-*192501-+--369893-105-608/-159-153-392-506738-612
-205-773*-463-10/-789164-+789+/-734/-832-975*--974+964395-898837//-+,++-//*-205-773++/-463-10--789164789-734*-832-975-974-964*395/-898837
357-991-918+265+-874724*911320*-951-191-686*--480860*-757/-624-++-,-++-357-991918265+-*-874724*911320+-951*-191-686*/*-480-614-757-624
473-688-414-385+474-563*+308-+-60187/+490+688+-610-219*+-171-9++,++++++-473-688-+/414-385*474-563308*-60187490688*-610-219+-171-9
-563114-341/-123*-110*+315+-108920*-35750/116*-989-806*-809*966/+*-,-++-563**/114-341-123-110315**-108920**/-35750116/**-989-806476966
-993259*717*91+-414-859135*+631-985/-338994*-407/-873*-657*-57/+,+---+**-99325971791-414*859135/631-985/**/*338994-407-873-657-57
-91193-905-488/+682399*923*-9458/-309189792/+-744/-216418*+,+*---+--91193/905-488**682399923+9458+309/189792744*-216418
660-851529/268+-531-191--816-71*388*240/427/-801/857*-610*-38*+*,*660+-+/-851529268--531843***///**816-71388240427-801857-610-38
-809567+184+-715+-84-749249395/690-*190/--6037*822-732*--422--,--+++-809567-674-715--84/*-749-/249395-416190--*6037*822-732-422
8346--995373*-742*--445+-89-987-955334+340*-377*/377+-511124++*-,-+--8346**-219373-742-445*-89++/-987***-955334340-377377+-511124
9-592-305**703--604526*188/-959-390/+-735372-950+-103-276/-+112+-,-+--*9*-592-305703/*-604526188/959-390++-735-+5-950/-103-276112
529226592/--513+-652-570-661/-706--320+/-172682/854/+-688---506462*+,+-+-529/226368410++/-652+-/-570-661-706-320//-172682854-688*-506462
431-35+-365+-508-689*--461-259*294-879-905-256-508/-165/+-318-/877/-,--+-626-35-722*-508-689//*-461-259-+--294-879905//256-508-165-318877
-9334922*-465-692*-603*258*356*987/50*+226+613-933-93633/++,+/+--933*4922*/****465-692-60325835698750226+-613-933/93633
-737810-926+*30*88--40-770*187/-787--264--622631*--879--981158*+,+-------*-737+810-926-50188/*-40-770187787-264*-622631-879*-981158
-608822--132--650-418-263+736443/168*-577+134+-188-962521*-610++-+,+-+-608822-132--650+*-418-263+--++*/736443168-577134-188*962521610
883730/23+-687885/-990*251*628*764*-660*480*-444+474309/+899-,-++-+/88373023******/-687885-990141628764-660480444/474309899
-194-140-852/38/+781679+496902*362-59*-730*-899*-845-775381*-*+-,-/444//-140-85238++781679**-*496902**362-59-730899--845*-775381
-85494+97162*+-346/1778*+219-758711282/941+-789-363-210*+-//-,-+/++-854797*97162-346*1778/219/-758-+/711282941+-789*-363-210
990903-452+/166/-671719*373/--139-375*29897/+-10698*282/+-74+,+++---//990+903-452166/*-671719373-139375/29897/*-10698680-74
179654-384/+-604-647296-870*+386+/977849*--48*--963+-111-446-123/-+,++-+179/654-384*-/-604++-647*296-870-846*-930849-48-963--111/-446-123
783-119*669/210*696-292*-887607*344--875-519/-484-595*-944195/++++/,/*-*783-119669210+*696-292+-/-887607344+/-875-519+*-484-595/-944195
644-506-639*-819/573*+906-643/-227--166--918-932+986++296--355-57/+,+-+---+644*/*-506-639166573/906-643227-166++-918-932986296/-383-57
468835-327--942-85/887/+468-770*-541*-969/-403--29-822/-314/18/+,+--+--468835327//-942-85887/**468-770-541-969403/*/-29-82244318
258360/-648/-176290/839-384636-961-/-381-392/410*+*596/-894/997*-,-//258360-648*/+*/-176290+*839---384636961*/-490-392410596-894997
30-603229/+406-556+721-120/-576/-430*-222759-926/--389-/-849-424*---,-+30/-603229-+406-556-/*//721-120-576-430---222/759-926-389*-849-424
-87527-345/-485/390+-405-*999--968330*-595+505-289+-117-947972-/+,++-+/-*-875-+//27-345-485390910999*-968330595505289/-117--947972
956875/391421/482*-655/-518--716--576-753+763-732*-342*--702+-550+,++-+----/956875/*/391421482-655518-716-576753**763-732-342-702-550
-731-703-735-668144936-162-*-720/+-250-870771*188/516/599-182*-++//+,+-731/-703/-735++-668/*144-936-162-720/-250-//*-870771188516*-72-182
-408-250+-121--260-715735-512-+-648-544*-119/-552-857-416+-111935/-*/-,--+-408-250-121/-260-+-715*735-512---/*-648-544-119-552+857-416/111-191
-348346-465*164--988--185--74942/-178383/-322+-179+-168-144875*--*,*-348---/*346566164-988-185--++-/-74942/928536322-179-168*144875
-89931845*-679*-512/-824700/417/534*842942-891+-154-*-781*-903//++,+-899*/**31845-679-512/*//-824700417534/**842-+942-891-154-781-903
343-403/890*-393-82+-521+115705+-884/-+-970-377*-530-76-/-968*-437/+,++*/343-403890-++-393-82-521/+115705-884/*/*-970-377/-939-76-968-437
-53317/167--498439/--681601--380-255+-9362*-423/-697706-/--395+,+-+-+--/-53317167/-498439--681601380255//*-9362-423--697706-395
940-760*622+-2-734-804/--392395/+-701/+-7-868*871-693*-549642-++/,/++*940-760622/+--546/-734-804/-392395-701+*-7-868+*871-693*-549642
-714-635577/268/-429/-590/--64-493-524-981-872-779*717/-33/-594/++-,-----714////-635577268-429-590-225493+524+-981///*-872-779717-33-594
241218203/107/-722/8*783833/562*-598/*-685795*+*-192-272-881-/,/*241++*///218203107-7228/*/783833562293*-685795---192-272881
261893+928-68+-975-892*-+917--435-906-97394270*+150+857+-102+**+,+-++261893-+928-68*-975-892917*-435*-808++++-973*94270150857-102
226290527143/-163+-427347*-540*+20948559/493/+-932955*+-688+-/-,-226/290-++/527143-163**-427347-540+++20//948559493*-932955-688
50724*-199+-733-538+-790-104/+-764747*+-925--3613612/-55403+/*+,+-++-+*50724-199+-733-538/790-104*-764747-925*-361//3612+-55403
-396-359931/-555-477+709+-16+/-250-932*-844*--164-743817/-39/-933/+,+----396//-359931+++-555-477-742-16**250-111-844-164///743817-39-933
-91-764-246-/-204701-379/911648828/940*-468--781571/487678**-*-**,*/-91*-764-246*-204-/701-379*911--*/648828940-468*/-781571*211678
-114-240-340-837177-4-/893562-952563*528/-610-237+-209+/+-487+,++--114-240//340---8371774++---893562**-233563528610237-209-487
461-863*742--386929859*-886*-92-954*-526915-826-38449/+957+-*-+,+-*461-863742---386**929859-886**92-954---526915-+826/-38449-762
595-983*818*43+658-207+896--73+-676-740*172*986/593*-878*-767-,--+-+-+**595-983818666658207896-73**/**-676-740172986593826767
-660-938440+-511+/97-206*-417/-747463-371+/-564/--254--792836*--12-*,*/-660++-938440-511----/*97-206-417//-984+463-371-564-254*-792836-12
747-990--583344*953*-972*-704277*-428-563/+5866414-449*-121/+//-,--747-990/+-***-583344953-972*-704446/428-563/586+64/*14-449-121
363-278*-392*16-3*-501/+-875+-421-458*630/8*647*-753/296-277-*+,+++*/363-278-392/*967-3-501-875*/**/*-421-4586308647-753-296-277
104-705+888+189-512+617-923+747--474/-558*+996920+-198--894++494-,-+++-++104-705888189512*/-+617-923-856-474-558+-+996920256-894494
-53684956+-3361/--52-562-781-796*-178736*-65098*65*-446*-/-/,/-53---+684956/-3361-52/562--*-781-902*-178736***6509865-446
-880-722*160/-85906/*696--43450/-616-276-668*105*953*-511+447-/-,-+*/*-880-722160/-85906696//-43450-+--616***-480-668105953511447
-932-252-397624*-253*-763-445+--624269+-136+-571*+-968297*837-155*-+,++--932+---252**-397624-253763445*++-812-603-136-571---968297*837-155
629-719/184130513-623-227*--987+-731-553*519/-/+779696-741+-550*++,++/629-719/184-+--130513-623-227-987//-731-553519+779*+696-741-550
-978-117/-998*75*-640712/-54207/-473-*642261604*+-189/+661258*++,+**/-978-117-99875++*/-640712-/-54207-473/+642*261604-189*102258
172769-936*-656867**+541--759--189-61/+-719220/+185857/--830-679/+,+-++--+172**146-936*-656867541-759/-189-61/-719220/185857/-830-679
-182730/873/-562*350+-409-752*+-847+142-987*162/-952/+-406--850--761-,---++++*//-182730873-562350*-409-752-847//*142-987162-952-406-850-761
162643--153-993/92-216*384-*-579-200/-885774/*-922*630**-255*--264-,--/162643***/-153-993-*92-216384***/-579-200/-885774-922630-255-264
-43-313--520-505+20-401*140140+-597--930+*-823+572-5/-278289+/-+,++---43-313-520505-+**20944+-+140538-597-930-823-/572-5+-278289
-983-259-754-943/+542-606188+-870703+842/+-170208-534/-710+-194++*+,++--983-259/754-943*542+++-606188/+-870703842++--170+208-534710-194
-383102-135*867/-169-703/-108+-321-+858/481/939*-703579313/-944*/-,---383*////*102-135867-+/-169-703-108-321858481939/703*-579313-944
350-853/500-430/163--107-309/--407*-39-633/704-77625-128/-638*-/+,+-/350-853*--/500-430163/914-309-407//-237-633-704*/*-77625128-638
-969-36490-636-892365/400*+-137+-650--419*++-889--587574*378*+866+,++-+-969+--36490*-++950*/-892365400-137-650-419-889**-58757437888
763-594-640--771-714+-244--943544-+-730--622-454810413/567/+/-884*-,--+-+---763-594640-771714-244+-943544-730*/-622+-454//810413567-884
936447/-395/-380/-444*797+-3950*-166340**--921+-510-865/-120475*+,+--+-+*///936447-395-380-444797**-3950*-166340521-510865*-120475
-843-533+-317+571+345--770+-634-460*+-310+-552-668/403/159/927*337/-,-+++-+++-843-533-129571345-770*-634-460-362/*///-552-668403159927337
-813773785/105//-59935*927*-697/27/-699+-683-801-643+/423--356+,+-//-813//773785-22+--+//**-59935927-69727-699-683801643423-356
-881360/471*199-451*--59+-611-991*505*-948759/-755+686--168+179-,-+-+--+-*/-881360471*199-451-59**-611-991505/948759755686-168179
177-543153*-784/--453-416-432779550*-*+111-478/-650*+-767+-743+-7+,+-+++--177/*-543153-784-453*416--432*779550*/111-478-650-767-743-7
946-547764/+-472288/667*--66345-183+819-300642*--951-963-101+/+/+,+-+946/-547764//-472288667*-663+-/+45-183819*300642/-552+-963-101
203853--159868*+-546-731/-757*-943399*-171+-724773/329*-654-324/+*-,-+-203511*-159868**/-546-731-757+/++-943399-171*/-724773329/654-324
61832*562/891*481+-441/454334814*285/8-641/-811*-*+-814-62-,-/+//*/*61832562891481-441*454-/*334814285*/8-641-811-81462
-962384*788-25399/-425--194--518-520/+*-993*432+-219+307918/+-523-,-+++/**-962384+--788-/-25399-425194/-518-520-993432-219/307918-523
-439316+114753--873-199-975/721/-727+--193+-841-3/+-662-258-255*/-,-++-+-439184+---114753-873//199-975721727-193/-841-3/-662*-258-255
-374-261/813180/-748*869*/213340-628*985*+-39696/-*-459-86*-288*+,+*//-374-261**/813134-748869-+213**340-628985/-39-999**-459-86-367
-244-323-21-433/-68**-209+52066/368570*-978/+/+-124356-228++-207-,-++-244/+*-323*/-21-433-68-209+/52066/*368570-978+--124356827-207
512-585113/-484-783-564*879101-704*-763+138+873/-/--284-353644-+*+,+512*/-585113+---484/*-783-564-879/++*101-704-763138873-64-353644
772-993+-518-90-303//+141-562-68/-982*+-802-724+-440*+-931+-326-355/+,+++++772-993/688/-90-303*+-+141*/-562-68-982-802724-431-931/-326-355
562-48401+-801+255111-373756*+-71-663/-/308/961/261*--107466/--,-562--++-48401-801*///255-+111*-373756/-71-663-352961261/-107466
432677-653/+-322-922505*-998*+-376---627-24/-390/--707+-994-372+-844-,/+-+--+432/677-653-+-322**-922505-998-376//-627-24-390-707-994372-844
-735359-190/*779/41+-71*-532*976*-135/611/-237/-796318*-2*--601-,--//-***//*-735/359-19077941-71-532976-135611-237**-796318-2-601
954241-737*+561-41714767-692/-900*-532946/+-49978*-656-/-939/-,--+954*241-737561//417--+-147*/67-692-900/624946*-49978656-939
-761-671252*638*623*+-869849-403659*614*++-504-84*556/720752*/-,*++-761***-671252638623+--869849**403659614//*-504-84556*720752
496193/57-808--701-676*+-625-41876/*--35-151*+-777-135*132817*/-/,//496193-+-+-57-808*-701-571*-625/-41876*-35366/*-777-135*132817
-774-144*-452-954-943112/-91+848-624/-534-404/-770-672/120-+-492--,-*-774-144-+-452-*---+--954/-94311291/848-624/534-404770672120-492
449855/167/599-805/--383+720+778-359-698-140+-616--891173/--366-*-,--+-//449855167/441-805-383720*778---+--359-698140-616/-891173-366
67247+117236-866--279--697-719--4269*+739-874+-987+407777+++*+,++67247*117++----236-866-279-697719*-42-980+++-103-874-987+308777
85491199/716/-796963-324*585-684/*861+-945+-380492-644+51*-*-+,+-85//491199716-796*++-*794-818/585-684861-945--380*+492-64451
696-806679/170/29*853/716*+-382-585+-986-499*-408+-566-306/-224/-,-+-+-+696*/*//-806679170-841853956-382585*-986-499408//-566-306-224
-52198/868*930-252/+192121/-678-56*721-645*-439*-459446/666*/+--,-+*/-52198868/930-252-/192121+*-678-56/**721-645-439*/-613446666
408-240*118*632+-561-193*534-800614/595-973-900/-793/--153335*-*---,-+**408-240118632**-561-193-534*/-800614--595//-973-900-793*-153335
941297+408+-137625/-329218/--923-146*-343-410*111+-713682*-958/-+,+---++941297408/-137625/329218*-923-146-+-343-410111/+-713682-958
980-663+598-108*7*+-887+-110-412894/815*+-235-774--546--513+209++-,-+++980-663**598-1087-887++-110*/-412894815++---235-774-546-513209
-675493951858+-350-647**-502203/-419*-82536863*-27732-+-596+/+**,*-675*493+-+951858*-350-647/*/-502203-419++--825*36863*27732-596
-872726*824-889*863*-431*+590*-476-112*894363/947596-644*746+/+/-,-++*-872726***824-889863-566-679/*-476-112+/894363/947+/596-644746
-994382+967-656578662/735+-562*+-394-507+*-864*+36/257511+-67+/-,-+-994382//+967-*+-656*+/578662735-562+-394-507-864548++-998511-67
909678779*-443/-925/936*722*--208326+939*-478-61/536/-303/-145*-,*--909**//*678779-443-925936722*+-208326939*///478-61536-303-145
11924128*-316+-881+-800+826-628*--96-6-322--974-103--640960/+,+------+++-119*-987128316-881-800*826-628-966322-974103/-640960
77-68511+-261-983*+/248588/-32856140/-141/-124908*-*-342--505-+,+/77++-68511*-261-983---/248588*-32-//-708140-141*-124908342-505
-692-509-164/-531*--322+-151-523-988/-552/95*-281-190271*288/-104+*-,--+-41*/-509-164-531-322-151**//52381-55295+--281/*-190271288104
848-896*-383*-731-180/114/+36259/-210*+-658-825--806-970*688-591/*/+,+++**848-896-383//-731-180114*/36259-210/--658-825**-806-970/688-591
169-877--374699/-184*579-886/-899-402/+/+-976+612+867+-258-213*-25-,--++++-169-877/*/-374699-184+/579-886/-899496-976612867*-258-21325
-163-13/404/798357*-996*-337-900*916*213/488*--320+-194246--319--,-+--//-16372348**798357-996*/**337-900916213488-320---194866-319
957945*991*-2*941--608+772938*--354251*+303-157-413-310+-392-,-+---+-+-***957419991-2941-608*772938*-354251303157413310-392
-203-591*947-6+998621/-42771*178/-833175635-993-839-864*-++*-,--+-*-203-5919476/-126621*/*42771178+-833+-175635-993*-839-864
872-215-217-510*-612905588/-*-917-/133-664*747*+-370+644--455136/+*,*872+-++/-278-**-217-510--612/905588-917*+942-664747-370644/-455136
-890937-63/+946+-145-199/-192433103*-*-590*-886375/+-626-559*673/+,++-++-890/937-63946/*/-145-199-721*433103-590/886-656/*-626-559673
501836-64168+-878+-31*+907-387*-830/-735/-834/-376+186-926-441-,---+/-+-501836*+-64168-878-31///907-387-830-892834-376186926441
-852-839-935+-331--680--4574*819/-133504*-582+-365-487-413-223*-/-/+,+-852/-+-+-839-935-331-680/*-4574819-+*133-654-582/-365--487*-413-223
-756-622/111/-410/-985-935/+273+243-984/197*-672187-/+675+-848--641-,--*+++///-756-622111-410/-985-935273/*/243-984197--672187675-848758
-528971-651999/-218/-116694/-779+814322/-229666*-550883*-400*-*--*,*-528-971-+-+/-651999-218/-116694779*/814-158-*-229666**-550883-400
-759-976/-626/-256/-763+-104-300/-519/965-741--638--687+-758*-77/--869+,+-+/*/-759-976-626-256-763/*+---//-104-300-519965-145-638-687-758-77-869
152611*-518*-505*-766*851-453708-891585116+-662+*+843905*-964-+-+,++**/152305-518-505-766-851*-453--+708*-891++585116-662*843905964
-282-995/-277-67050826-*635*-225++-475346/162/+906276*878-638-*+,+/+/-282-995+--277**-670-50826635225//-475346162**906276-878-638
272-323-221/-27834/-310/-872478*366/-667/-593*-351*593/-753+427+,++---272/-323-221//27834-310/+*//*872478366-667-593-351593753427
-593132743/394*-508*645*--310-413+-370+-406583/+593-489-951-215+-+,+++----593***/132743394-508645-310413-370/-406583--593-489+951-215
147-530-734/-337415+-27+616-343206959-97+963-102*-603-597++++/++*+,+147*/-530-734+++-337415-27+616/-343+206+-959-97+*963-102+-603-597
494580929/852/--352506*+90767--948794-619+/-468+282*+-920-840*-+,++-494//580929852*-352506-+--40867*//-948+794-619-468282*-920-840
-6379431*524+-23/-291/879-152+81-195/-548*-776+-394+269-282---/+,+-637////*9431524-23-291-+879-152-++*/81-731-548-776-394-269-282
82-210/-11/48912*503-276--620-997/674*-982-+96572919*+228--/,-//82-210-11-+--*48912-203276-*/31-997674-982-+96*572919228
2-300+667*795+-628-885*+-681233/134/-493+-140998-837*+*+9+-362-,-++++*+2-300667795*-628-885*-//-681233134-493+-140*998-8379-362
392428+526-989568/707/+903+-6244/-424/616*--190--44947/-348*+,+--++-+392428526//989568707903*//-6-216-424616-190*/-44947-348
249-749256515*+*277/673*465-815-946*318*822/+501487/+850912/+,+++*/*249+575*-175515277673/**-465-815946318822/501487/850912
514455/-572454/-408/342-532/--501-145/488/+-945455/+59-188-235/++,+/514455--+++//-572454-408/342-532//-501440488/-94545559/188-235
140-309/432/989-965-631--542559533344/871/*-546/*-905*+-117952*++,+-//980-309432989++-965-631**-542/*559//533344871-546-905*-117952
-308675433-487*/-406726*351/-473-195*+/632/-587*+211720-295*+896+/,-+-308*///675*433-487+/*-406726351*-473-195632-587++211*720-433896
565287/-616+-447414/-608*-488*-299/678*+-544-640/227*--249--393-6-,---*++/565287-616*/**/-447414-608-488-299678*/-544-640227-249-3936
988871-976/307*699-665-381-/-975-586-+681+389/141/-989+-474-126/+,++//++988---*/871-976307*580--665-381975586681389141-989/-474-126
-420-909560906*-485-524*+*--462-240464/625+172+-602-159*-194984/-+*-,---420*-909+*560906*-485-524*-462+++/-240464625172-*-602-159+-194984
353762*2-93/-208*886-787-132-143+--269-476+-394+5624-912/++---,-*353762--*/2-93-208886--787+-132-143+++-269-476-394+562/4-912
273369*-525--222+462128637--800+-196-349*-/-910492/+-34-950-388-+-,-+-*273369-525-222+-+/462-+-128637-800*-196-349/-910492-34-950-388
871-431/411+563--479+-641+-722-460/743*-369743/-709/554/-384229/-++,+++-+/661-431411563-479-641+*/-722-460743-///197-748-709406/-384229
95290787/-524*-212/+938647*511/+394-56230/-875*+-843-234-264-,---+-++952/*/90787-524-212/*938647511394*/56230-875-843234264
-859835+289-715/879*--376429++935-383459366+480972/+/148581/+*+,+/-+-859835*/289-715879+-376429*447*/-383-+459366/480972/148581
-874885/-79671580*-328*+396+75685456--786+702296/--40916++*+/,//905885+++-796**71580-328396-756+-+-85456-786/702296*-40916
-944-457559-634846/629/--310+605118/+*250*+987-358/-409/9*-286*+,++-944**-457++-559//-634846629-310/605118250**//987-358-4099-286
-844-658+895415/-894/-661146*-111*-243-311-197/-53/345*+585*-371+,+-+---+-844776//895415-894**661146-485243*//311-197-53345363-371
682-827+304927/540++-766-220/+-2--270-128/-140-428*+976-849-473*+,+-+--++-682-827+/304927540/-766-220-2*-270-128*-830-428976*849-473
-348320/286*916*-662575-773+862377/750+189752*-59*+879+*260/*,***/-348320-328916/*-662+++575-773*-+/862377750*18975259879260
-46124558-706-/259*+16-238/-520/+-897-387*+507+4161-454-965/+-,-++-+-461*/245-58-706259//16-238-520*-897-387507+-4161/454-965
323-948/6-311/-772/+212-57-81*-413/*-94297779*605/--811+692*+,+-+/323-948//691-311-772*212/*-57-81-413++-94/*297779973-811692
-141-796*-258+709-664*-320/+-752--535132/+-667+-612765*993+300+-720++,+++-++*-141-796-258/*-461-664-320-752/-535132-667+++*-612765993300-720
624715/-585/-441-335/-612/-887+-424555-82/518-530-168*96*-574+//-,-+-//624715470//-441-335-612887/-424-/555-82--518**-530-16896574
381-828620/+130-130/+85+35-915*+-893+49683-100-190239*466-+-*-,-+++++381/-828620/130-13085*35-915-893-496-83+-100-*-190239466
589334-482-18/327278/-24469-668*688*40-765-394/-500-899-/-*-/--/,/589-334-/-482-18//327278--244***69-668688--93//-765-394--500-899
474830-152-937-886156/*441/211*/580+-860-385*+649324639-*670*-,-/++--474830152*/*937/-886156441211580*-860-385**649-324639-176
-112-771567/872/+-242-744457-602831*-31775/-793*--430--273+*+-183-,-++-112//-771567872*-242/-----744457*602831*/-59075-793-430-273-183
-490-850+619-679+32+-390+-804-233-707+-474-454*781+-430326/953*-+,++--+++-+-490-85061967932-390-804233707--*-474-454781*/-430326953
143571*653-421-745477605+-799-449*-720*+*408--738-228-631886/+*+/-,--*143571653/421+-*-745++477605**-799-449-720-278*-738+-228/-631886
-96-948+221/-958361/-702*+953--625-799*-612-64*--593839+-819-191*-+,+---+/+-96-638221*/-958361-702953*-625-799*612-64-+-593839*87-191
-883507/-401-650-922+-440*385/+36+-951+893+-81-559*--789-853*-607*+/,//-534507+*++++-401/*+-990-922-44038536-951893/-81-559**-789-853-607
-568657+-634+-515--864-115511-920-886+-146-201+-741841119*-808++*-+,+-++-568657-325-515--864*-115++-+-511-920886-146201+--741*841119808
-42-645*-711/427+870-383*-126-280+-491*--167772*-928-306/983/13/*-,--+/*-42-645-711427*+-*870-383-126280-491**-167772///938-30698313
569926-532-135-*-859**-136903/-982/-900/-912831-/-912-491--595-921-,-----*569**926--532-135-859////-260903-982-900--882831912491-595921
-471418-778-87868*-982-976+514+435-*-115/-805*+939+552+-49+-941+,+++++-471*/*418-++---778*-87868982976-261-321-115-805939552-49-941
-903671487/-496*998--860-+534+-974754/--251-70/717/-30/574*-266/-,--++173--*/671487-496998-860534/-974754/*///-742-70717-30574-266
97147301-559*-394/+/-542/669/-969-319*-849*667*159*281*-784/57/-,-///97+147/*301-559-394-542669//*****-969-319-849667159281-78457
524716*193-671*351---529--624-47-867*--468--607+-62696*236+8++,++-/---*524716**193-793351-529-624*47-867-468-607+-*-626962368
-761-124-813/-783/-844*-366*-455902-260-544/+*+607-78-836/-273614*-,--+--187**//-124-813-783-844-366*455+902/-260-544//607-78836*273614
502924+-276-522/564*+542-828331*-554/609/+275455*552*182*102/+,++-++502924*/-820-522564542//*828331-554609/***275455552182102
21612*-386/829*-375+-938--985--426561*+847-720-795-832*-293*-762+--,--+--+*/*21612-386943-375-938-985*-426561847-720+**-795-832-293-762
-58729-179*75*-737*-528/615--256-727*705*+636+507--217--72524*+,+--++-893**--/***29-17975-737-528615-256727705636507-217/-72524
554-317*-78122/--74584/+653708/396/+-830572*-884*-348-946*-811-,-*-++-*554-317/-78122/-74584//653708396**-830572-884+348-946811
300125+657732950+-378+425128/-/994**495--932-354+881-360582*+-,-+---+300125*/657-++-839950-378/425128994495-932354*881*-360582
355912-555+/-649/-542/-113/787*154*-614756/+64013799*-771**-654+,+-+**////355+912-555-649-542-113787154/-614363*640*/13799-771654
470514/-269-971/-547*936/+-40615/+296169*--131+-613-832620*-675*-,--+-+-/470514/*/-269-971-547936/-40615*296169-740-613**832620-675
-265209/686-316373-*-587*-949*-313253/562/+-935+904-63613*--307-,--+++-/-265209***686--316373-587-949//313253562-475904*63613-307
-588-484/-903*-58+-825-830-469*544-91-313332*--353157598//+219-++,--+*/-588-484-903-58458+-*830-469544-+-91*-313332/-353/157598219
-217-245*977-421/+-934-467/+-970714*-898*-224/+472-931869--784+155-/+,+++++-217-245/977-421/-934-467/**-970714-898-749/472-+--931869-784155
-78437-706882675/--21-55/--264-735805*-195-95355-887/390-//-*++,+--78437+--706/882675/-21-55*-264-*-735-584/-195/-95-/355-887390
933215510-148-693*-309/-420*603*-99*-186*+-671-262/+-322-/+460-441/-,-+933/156-++510****/*-148-693638-420603-99-186/-671-262342/460-441
-60250/-433/-56884/-273/+-289209/-944/250*+462763*613205/+504-+,+++//-60250-433//-56884-273**/-289209-862250-+*197763/613205504
-15124*787*702*963535*613/-207+-615299/+129-3950*-957*+147-,-+-+/-***-15-539787702/*963535613207/-615299129**3950-957147
-835-383/-131/907*-130780*--524+328--773--907+-853655--884-997*-649--,-+-++-*//-835-383-131907*-130780-357183-773-907----853655*-884-997649
674-442-123*-666*855*+238941368/659+853-191--307-847*-330--953--,-+674***-442-123-666855---238**--+/941368659918191-307847660-953
-229-814*-67/-236-705*217-228/-747*/-404496*-404/+351+-28237/-853/-,-++-/*-229111811/*-236-705*/217-228-747/*404496-404351//-28237-853
-766627409*--610--901-556*-220223827+-629-599182-236**--90+62*---,-----766*627409-922*-901-556-220-+223827*++-629*-599*182-236-90774
-904766*92885*-813*159/--899-118*484*632*--972392*+752-291/+793+,+++--*-904766/**92885-813159***-899-118484632*-972392/752-291-241
-267319-237*624*/-662--102--307925*+-578702/533*-960507-260/+-999-/-,-+----267**319-237624-662-102*-18925/*/-578702533-+-960/507-260-999
-588143*874-624329-146627/+572196-664--484+/-429*+*-383405*-437-,---*-588143*874++--624329/146627*/572+-196-664-484-429*383-854437
-774610597-264-616*/675-*143+247949328*-693/--404-346/552-83*-+-+,+-774--*610-/597*-264-616675143+-247/*949328-693-/-404768*552-83
-747-610--151+-50-515/158/-586299-268*113/21/+-61-*-559-858345+*+,+-+--747-610486*//-50-849158-+-586//*299-26811321-61*-362+-858345
-200-822+-623-611-74*-732-825-/--408-242+-990-755*--870+-302--302222*-,+-+-+--+-200-822/-723--*-611-74-732825-408242*-990-755-870-302*-344222
-463439-642/-392--183-849-743+746+935+*--147-906*+-535-806/-354*-466--*,*-463-+-*/439-59-392*-183+++-849-743746935*-147-906-*/-535-806-354-466
475-751*-629-11*--624411*812980*++-851979*-220+-556362*--713-103/+,+--+-*475-751*-629-11+*-624411*812980+*-851979-220*556362/-713-103
-233147-575935/664-987+-45/--858*+-417-659*603*+-455--128+340+-835-,-++-+-233**-+147*-/-575935/+664-987-45-858-417659603-455-128340-835
801293/-763+320+436338552+/-403315--178+-33-39*822/-434-647/-/-,-++-801293-763320//436+338552--+--403315-178/*-33-39822/434-647
99771--85880/-768-408*-559*818-754--998*-640*+/-629104*-282-128--,----99771/-85880+**768-408-559**-818-656-998-640--*-629104-282128
814133/-44/-490379/-85/--489-441/--242-514*721*--234-944-665/-234-/+,+---//814133-44//-490379-85/-489-441**-242-603721/-234-/-944-665-234
-801-709--275881/--150421/--342+911414*-311757*-228527/83/-822*+,+--+-*--801-804/-275881/-150421154*911414*311757*//53652783-822
-541956399/-804*314*470*777*600-413*+-472362*+231-456+-555/-72+-,--541+++-++****/210399-804314470777*600-413*-472362231456-555-72
-658471/460-997/-988*-262-55*422*897/-825/570*+-613/-688/+-876--888-,--+/-658471//+*/-753-997-988*//**-262-55422897-825570-613-688-876-888
-750-627-603*-720-836*-812*-244*+-15429616*701533**-686163//--619++,++--750*-627-603***720-836623-244+--154/**29616*701533/-686163-778
-565144--391-366784/-921/545-945*/-289+-125+-631-57/--524809/19/+,+-++---565144-391-///366784-921*545-945-289125/-631-57//-52480919
-160117/-539+-703-433/349*-147/241*-927-996836*-88//-711*+-774-242+-,-+-+/-160117-281-/*/-703-433349-971241*/927/*-996836-88-711+-774-242
536130-482*--83/845+38--947-38/+116+33408966380*--742955/+*+,+++-+/-536*130-482-8384538/-947-38116*33+-408*966-538/-742955
756647179/+-778+370-154*-722*+729-373/-519/954*175/--378+-56+196+,+++-+++756/647179-778**370-154-722/*/+729-373-519954175-378-56196
256388553742*-212+364-40/--602-74/+227367/++762169*374-798*/+,++256++-+-388*-413742212/364-40*-602-864/227367/*762171*374-798
-621-717225*-956-26924*--47-30-713-601*944/893+-817+942-*253/+/-,--621/*-717225+---956*-269-273-47/*30-++/*-713-601944893-817942253
354-440910-629*133936/-412+931-/-716/-507/20/855/878/-39--922-,--354-//////-440-++*910-629/133936412931-716-507-167855878-39922
-529-957+40+739876/75/-717/-960/51/-263*967*--729+823332/-684/-,-+-++-529-95740**/////73987675-717-960-901-263967-729+/823332-684
469-365+-397-965+-513-159*553/+719125*-545690*829*-166765*233-*-,--++-+469-365-397965/*-513-159553*719125*/*545690829-*-166765233
791-196-680/410*-19*298+-934-387266/433*-624*-268/+356361-329/+-,-+--791***/-196-680410-19298934//*/387266433-624-268+356/361-329
-769102+-65-820--608199+-656/+966343*+-42831-151469-+/+485-305+++,++-769102+++/--65-820/+-608199-656*966343/-428+31/-151469+485-305
-954-960601*103*-846*-15+-657+-317-568/+-380-663/175*+-294+-246-731/+,+++++--954****-960601829-846-15657/-317-414*/-380-663175-294/-246-731
836-243/-962/670239*+-9338*856-24/---898-709-939/560209/855*++,+--+//836-243-962*670239-*-9338/856-24-898+/709-939*/560209855
641-313-696*447*-346392+-546+-770323456-302/632**-397235/650/-*+/*,*641/**-313-696447+/+-346392-546*-770-*323*/456-302632//-397235650
-102-47502/-601+-938-/951/-895/473-201/+-561+155386-421786*407/+-,-++///-102-+/-47502-601-938-689-895/473-201-561+-155386/*421786407
-454560--307--923+-615-52144-/402/-962646*-843*--130917*326/-126/+,+--+---454-777-307-923//-615--52144402**962646-843//*-130917326-126
-258425+370692*529/13346*+-731-837-280*--917--144+-947+-764+-506-,-+++--+-258425--+/*370692529*13346-731*-17-280917-144-947-764-506
-183757*183-370*/-788+957--260-504-301-558596*866*76+*-57-961+/+/+,+-+/*-183757*183-370-788957/-260+-504/*-301+*/-55859686676+-57-961
-854-246*191/696-190*--335+-164933/--693-445-304-917-170*278--688-//-,--+-/*-854-246191*696-190-335/-164933/--693-445/304--*-917-170278-688
59-966118**-901-661-872908/730543*-909/-34*-143-847765*++901-,-+-*59*-966118-901+--661*/-/-872908*730543909-34143*847765901
501-58/-574*-859-696/-171849/-744*76+-991/-693*-357/-220+81426/-,-+--*/501-58-574/-859-696/*/+*/171-648-74476-991-693-357220/81426
-313-86850-462-+-529+-933-786/-57831/+-455164/921/+-761+913-858-,--+++-++-521---86850462-728/-933-786/57831//-455164921-761913858
-651-440-896/-743990*-196/-596-621542*+-755+135-954+*-182/+-375+862-,-++--651/-440-896/*/*743990-196+-++-596*-621-629-755135954-182-375862
671355/-520-970/-464-290/--254--627--41338*-/143-668*--548-226-835*+,+--+/671355----/-520-970/-464-290-254-627*-413-761*143-668-548*226-835
143554+-718--247-937+-297328/+864+-185-677/+35-892-170-367*-*218*+,+++++-/+143554-718-247937/-297328864/-185-677**35--892*-170-367218
886602-988-823-*-352*60/-572-288*-33/+99-83-814-512+532*+-126++,+-+-886/**852--988-823-35260/*572-288-3399++83*+-385-512532-126
661-504/-921+-233+-263-277-368969*+-448-946-36*968*768612-325+/--/+,+++/661-504-921-317/-263--+-277*-368969-448***946-36968/768+612-325
-30-565329*162786*-715636*382/-515--336+-289*-168-844+684-400/+/--,--30--*-565329*162786/*+-/*715636382-515-336-289++-168-844/684-400
17-46-196/-174*-527-662*798-635//-914910-654/122*+-113-345/+*268//+,+17/*/-46-196-174/*/*-527-662/798-635/+-914*/910-654122/-113-345268
-84335738--606828*--756+886-+900-548*166*-72411-627/138*+*-602*-,-+539*+--335738*-606828-756886****900-548166+-72*/411-627138-602
747393/-693/-159*419/-17-744-729/-10+-161-773*--744/--569+*759/139*,*/*/*//747393-693-159419+--17/-+/-744-729289*-161-773-744-569759139
589-358*731/-896/-475/439+45-781768*437121*777-438/--596-78+*+,+*+///*589-358731-896-47543945**781768+--*437121/777-438-59678
-641-57/903-668*+-293-578+-694-663*+365+-465-780/-52*+261+-80+-605--,-+/-641-57*903-668-++++++-293-578*-694-663365*/-465-780-52-587-80548
-268-754*-990/-505*-980*273316/-505*46/-484-637-600403*814-883**+,+---**/*-268-754208-505-980/*/273316-505-162484637**600403*814-883
-859-923-231*/-630-637*+-355-805*-550-659+/+-883+-963937*-925*-818/+693+,+++++--859*-923-231*-630-637/*803-805+-550-659-883/**-963945-925-818693
-489285-127*366/211/+-351-73937-803*741*653-/-362*/602/+162--680+,+-++-489//*-682-127366211*/-351*/-73-**937-803741653-362602162-680
-357-776-225--590+/372-134/--544--768-401/742*829*+-18+-737-398/-269/-,-++--/-357+--776-225-590/372382-544**/-768-401742132-18//-737-398-269
601147-465+-107*--33-419*+-386127/63*-513+367+-308895*+-865659*+,++++-+-601*/147-465-107*-33-419*/-3861963513367*-308895+-463659
-224244+-723+296--57-824+173604*-599*204/+-907-329/-333645*892+/-,-++--++-224244-723595-57824/**173604-599204//-907-329+*-333645892
9-288/287/-979-686290/305*-765/377*/-41--726128-12120387+*-+/,///9-288287+---979*/*/-686290305-765377-41---726128*121+20387
373-441--167-988*973+-892-919/+-541626-595666*-82-836*-561/414/+-,-+++--373-441-167988973/-892-919+---541626*595666//*82-836-561414
960209*-77/625*-342/-335+-451806/-42-562*642*-476-893/-501-909*-/-,-+/*/*960209-77294319-335//-451806--**-42-562642/-476-893*501-909
946475-250-510*-623/-37/+*-248-680*-352+707-292/981-758/+-915-16-,--+/-*-*946+475//*-250-510-623-37*-248-680352707292/981-758-91516
-56-955992704/+--961-477701/913/348*361/-282/+867-194-44219/+/+,++---56+-955/992-229-961//*//477701913348361-282/867+-194/-44-229
930-638*-836*-322-901299-785+5-633*-850-777*621/967/-741*--19+*-,--**930-638-836-322*901+--+299-785*5-633*//*850-777621967-741-19
-256178/-683*554-78564--163--493231/320-832-940*484/-806+-646+*+*+,+*/-256178-683*554+---78564-163*/-493231+-320+/*-832-131687-485-851
-892-736*-229-381*+739+-908+981+-327100/307-+-142--334-282/935/625**,--+++++*-892-736*-229-381739-908981*/-327100307-142*//-334-282935625
70697*-608-767*-522/-778/-828+792+-813-410*381*+155-283--990/-96*+,++++-*70697//*-608-767-522-778828792**-813-410-541*/-155-283-990-96
386597/686*-288/-766/-541-764*524541619*-917+523-474/+*+40219*-*,*//*/386597686-288-766-+*-541-764*524++*541619-917/523-474*40219
712502-594*--920123461*-316491-404/*830+-914-542*+856502-484/**+--,--712*502-594-403+*123-469*+++-316/491-404830*-914-542*856/502-484
338464*-577-312-905--245-107*+-240-564+-605430/719/--856875*-71/-+,+-*-218464-577--+-312-905*-245-107-+-240-564//-605430719/*856875-71
24879435/710/76+432-836*+-755/-37/-347/-399734*-560-704-214*+,+--24///+*//87943571076*432-836-549-37-347*399734*-560-318214
615-399*870*-517*-999*373*-312*985/495/-497-739--263-724--160874/-/-,-//******615-399870-517-999373-312985495/-73-739---263-724/-160874
999963716+*636+63678*+-831890/--439+570+-459-785*+118+-854448+-,-++++-++*240+963716636*63678/-831890-439-797*-459-785118+-854448
-878-445/129656/--21135-129*518557719912*620-653171135*+--*--*+,+-/-878-445/129656*-385-*135-129-518*557**719912*620+-653*171135
502-428/-770*-538/640+-864--153-82/-618/-805607*--46167*-172*--558-,-----+/*/502-428-770-538640-864//-153-82-618*805318**-46167-172-558
-769705*64*-420-986-330/44*554/-908*-231-988*+-915898227/403**-,---**-76970564-420+*/*/986-33044-640-908*-231643*-425*/898227403
370-273+-657+-869+665-724/--267-748+*-490-667+878*-553+-304-898*+-181+,+++---+++370-273-657-869/665-724/-267-748*+-490-667878553*-304-898-181
137776/-167--485--129-528-960--248+304+-733+765+344-/-790*-793/-928*+,+--/137776-167-485*/*/-129-++++--528-960-484304-733765344-790-793-928
636-893*840/-382+-26--55877-852*726/---757--491-540-36*589/*+566-,-+---+/*636-893840-382-26--145/*573-852726-757*-491/*-540-36589566
-301-847-214/305/+860226/20*+-443-23-168382*-950306/+-36421/-,-+---++-301//-847-214305*/86022620-44323*168382/950306/-36421
452480+912+-775-845/+-53755*+-125-953823/738/-788-401*-333/-626++++,+++++452480912/-775-319*-551755+-125+//-953823738+/*-788-401-333-626
-619-755687-215+-490*-625-985*954-748/--573--3-451-*+-839-348+190-//,/-619/896-+-+-+687-215-490*--*261-985/954-748-573--3-451-839348190
-237417-721*388/-695+-288-354--31--188-201-34*24216/--287-683-/-,---/-+--237/*417-721388695657354-336-188/-*201-34/24216--287-683
26759885--65-*233/-359*-751+859146*-966*-527+-788-546400/294/*+,++-+*/+267--59885-65233-359-751**859146-966527*-788//-654400294
-11-84/499/259-251/-667-241*425*551-341476/-594-597*754149-//+*-,--//-11-84499/259-251***667-241425+551//-341476/*-594-597-754149
423905*-101-772-19783650+--745-/-975*941*-241241-586246*124/-+,*--*423905-101**/772---19/783650-745-975941--241241/*586246124
-830-676*-77980*-294/--13-846-651-322*911-57-903+945-124*-669+*-,----*-830-676/*-77980-294-13846**651-322+-+-911-474-978*945-124669
213-720-209422-746/168-40*-523728-686261*-352/+484-53*-*926*/**-,-213*-720/-209//422-746***168-40-+--523728/*686261-352*484-53926
-684-591*-602*-773-305/+790-773/+683+-705+455298443-601-699-721/+*+,+++++**-684-591-602/-773-305/790-773683-705*455---298443601/699-721
396817+125446/660/--878+-949518/-484*626/-446+783-277-610-389*+-+,++-+-+396817*/125446660-878/*/-949518-484626446-783+-277*-610-389
-919651/108/709--204-995--615908--172-796/740*679/--486-553+-934--,----//-919651108709-204995-+----615908/*/-172-796740419-486553-934
-747-634929/+352+-94+-150-992962/713541-869868/584--496810*-/+*/,--+++-747/-422929352-94-150*/992962+713/541--/-869372584*-496810
-940446+-28-231-735*-993/--608-236*-47640739-784+--91284/-994-/-,--*---940446-28/*231-735-993*-608-236/476---407+39-784/-91284994
-874657-687/-220-297842-817*190/580/+-622--354*-630/+-220826/-514*+-,---874/657-687++220/*-+-297//*842-817-487580642-354-630*/874826-514
485-705/-693+-521385-+-158-611*-75/289/+608-735*--59326*--857+-270+,++--+++/485-705-693--521385//*-158-611-75289*608-735*-593-9-857-270
-519-389-266*-440430*-163*905365/-61-539+961-184*-623/-808/-/-419-,---519/*-389-266-+--**-440430-163/90536561539-/*961-184788844419
745935+-985--261-698/-84*654-401**99956973-341*776824667*+**+*-,--+745935-985*-*/-261-698-84*654-401+999*56**973-341+776*824667
-594-916447256*819656/*530/985302+-683+/237-540*-809-212*-405*/**,*-594*-916+-//**447256/819656530*+985302-683*237-540**809-212-405
-681794-227148-841/-929+614-823/--419-459/198*-+-511-889+-527+299-,-++-+-450--794/-+--227/-414-841929614823*/-419-459198100889-527299
725-256*-381--273+644-30*369/--641--875-446/-588/-122/--222+40+-523-,-++---+--725-256-381-273/*644-632369-641///-875-446-588-122-22240-523
17633013960/89/-401-985208/-357*-114645643*+-814-304/914*-/-++,+176+-330+/1396089-401**/-488208-357-+-114*645643*/-814-304914
-49978*-566-525-334592*216-539*-898/426+*+-121930/-706/172-720//+,++--*-49978-566525**334592++*216-539-898426///-121930-706/172-720
283254*-38*630*899-762/+734--202-98*+87409*-264*532/-576--940-,---+-+***283254436199/899-762734*-202-98/**87908-264532576-940
571-498/-781689+90/--408--367449-115/570/515*-315/*571321/261/--,---/-596-498/+-781-68390-408-*-367/*//449-115570515-315//571321261
-493-236551/-430*+-849-178+--446-111+-154-17-196177*--416-709*-464*+,+---+--+-493*/-236551-190*-849-178-446111-15417*196177**-416-709-464
801200*-559379/-511793/-602-733+-892--913-126*+549+*--780-774/340/+,+-*801200*/-559379++-+-/-511793-602733-892*-913-126549//-780-774340
-548756--889-531-395-689*994/--752220*+-681+-275/+-386-722*280/+106-,-++-728756/++---889-531/*395-689994*-752220-681-275/*-386-722845106
-941-978129*+718*-849--782-986-768*774*-217+-953680/--5762+326+-,--+---++-941*-978129718-849-782**986-768-847217/-953680/+-5762326
-579753627*-802/+917+-40--616690*+-674719*+-72784/-928*-250/+326-,-+++-++-579/*753599-802917585*-398690*-674719/*/-72784-928-250326
-679130-194+-69--602372/+0+752-291787966554268/726*-/--*++,+-679+++-+-46-194-69/-6023720*752--29-178/796-655-/4268726
786375+-51-501/-522-579431-294*+793672*-429++-93-217-864-458*-*+-,--/-+786375-51501-522+++579*431-294+*793672968*-93--217*-864123
-564-968/-218-331*-789+-273--96826*+-683+-776-801*+-998--417-520--785-,----+++-+-/-564-968*-218-331789-273*-96826-683*-776-801-998-417520-785
999-268736/+-321+795-566+-289549/+137-684*399--40--490-357*602*--,-++-++999/-268736-321795566/-289634---*137-684399-40**-490-645602
301676+-31+-586-890/+-789-277/-163-528971-427+630-194/-712*+-116-+*-,--+++301676-31/-358-890/-789-277*163+-528-++971-427*/595-194-200-116
32693*-852/-574-65*--686-911/+814580/-625*+-641--272-494/448*+336+,++-++-/*32693-213*-574-65/-686-911*/814580-625-641*/-272-494322336
-537719/-736-739/+264-604-536+527--888/-497-497/-733-88/370/170/+,+---+--+/-537862/-736-739264604536527-888/-497-497///733-88370170
-311196/688/88668*807/-507*-218*904*--435997*769*423*-617/19/+,+-//-311-987688***/*-618668807-507-218904//***-435-838769423-61719
891787+-585-385*-71679/810*727-204---201+--421+702112+-973+685--,-+-+-+891787-585385+-*/-71679810/727-204-201-421-++702112-97325
776118*558/-994507/-477-628+-292-254235/--774-430/--592+581+7--+,+-*776118558-/-994507-++---+130-628-292/-725235/-774-430-5925817
111-6-306*181*-684-198*882/--987+-557-206+-169370-772/784*-112/-+-,*+--111**-6-306181/*684-19890-987++-557-206--169/*/370-772784-112
297207-649+-600-801*+323+-636+-398661/+-941+720-808-602/97/759*-,--++++++-297207649*-600-801323-636/-398661982720*//-414-60297759
-423823+813-101-688-174/-520*-478-822*8728561--168+-396+--150+/-++,++-423823+-813911-*/-38-174-520/*-22-822+-872++-8561-168-396823
-435500113589*+-667211*267/+-149-/-666*-35+615/-972-615-954/-243/++,+/**/-435-++500*113589/*-667211267-149-666-35615+-972//-615-954-243
180686-890/-724684/213*-932/+-30--441+*738-996421*--270-581*-865/+*,**180+-+/686-890/*/-724684213-815-30-441+-738*-996421/*-270-581-865
296935/-341/371-375*-426*-257/354/+-104+81241*-130538/-661*+-372+,++-++*/296935-341//**371-375-426-257354-104*81241*/130538-661-372
-406-171/750/309-773/-98/-688*-784--335/-352/-201-133227*616+-23---,--//-406-171750*/-*//309-773-98-688-784-335-352-201-+*-510227616-23
-440-728-403--654--701+569+-24567+-486*442*--62492320/0-832*-*+*,*-440+-++---728-403-654-701569**+-24567-486442*-624-/92320*0-832
115188*663738/-990+323-235/-810--54-735/-435-85+845536850/+-,-+----+-*115188/663738990/323-235810/-54-73543585+845/536850
-412276/565/-28/208/232/-724--495+606948/+-464952*158/-82*996/-,-++-//*//-412276565-28208-573-724-495/606948/*/*-464952158-82996
985-635/476/415-495+-960-805*-0924*-389-377746+542+676879*+*-,---+-//985-635476415495*-960246*0924*389+++-377623542*676879
-889-612*-915621629-900*-/--582-578--255-676+-542-61*--92834--702/-,--+----*255-612+-915-621*629-900-582578-255676*-542-61---92834-702
-563754-1000/--139+-395--999+375/-617-382*294+746*508*--217--700+-800-,-+--/+-+--563/754-10002-395-999375****-617541294746508-217-700-800
-4243-905/-296*-658+-444-519540*110/-738-837/+682+-516-69/-453/-+,++--4-/243-905-296658-++--444/*-519540110/738-837682//-516-69-453
-861563*462*91785194/689//--234279+-276*953/-362*-959*+-244-6/-,-+-**690563462/917//85194689**/*/-234279-276953-362-959/-244-6
264-840*528/737--52623-398*+515429446-795-+619-/+-820-255--975/-+,+-/*264-840528737-++-52*623-398/515-+429+446-795619/--820-255-975
-997499*-320+33+392-933/+632101/758*--262--508417-534/*-546/537/+,*--+++*-997499-320-115/392-933*/632101758-262//*-732/417-534-546537
-306273/949115*-709+-977--911-191/-697761-596934**-388/--595+*+675-+,+/-306273-+-+*949115-709-977*/-911-191+--697/*761*-596934-388-595675
586924-564*34/-876118-589/-439-+-969+*894*-881265*-595-877-/-32/-,-**586++/*924-56453---876/118-589439-969894//*-881265--595-877-32
-244409-325/+730-460+-852-326/-92079519/115*-729-/159-/-589/896*+,++-+-244/409-325-312460*///-852161-/-920-*/79519115-729159-589896
-837-10*-502/908*244*428+672862675+-436-*-523--744-639140*--840+,+---/+**/*-837-10-502908244428*672--862675-436523-744*639140-840
-386298*601618-200/-961/-371-706/152904751/+/+206-659*+-572--163-,--++-*-386298///601618200-961//244-706+152/904751*206-659-572-163
581871/-484/-944-187-245*+522/--566108/+-173+741172/-82-619-17++,+-++-//581871-484/+-944*-187-245522--566108-173/741-624+-82-61917
-520529+-746/390+-648851/+636761+-552/+-438557/+-227897-340//919/+,+++++/--520529-746390/-648851/+636761-552/-438557//-227-897734919
91-278-195*-611-429-570-38412527/+--235+-473/962/--369107792+/+,+----581*-278-195611//+--429-570+38/-619527-235-473962/-369+107792
-633-657693*--92+-470+-64-408*-3*+872250/-667-152388164/3---/-,-+++--633*-657693-92-470**-64-408-3//872250--667--152//388-2643
673-737*-503+304732*527871*-853457-572/+555-704*+14118-554+-+*-,-+*673-737-503*/304732+*527871-+--853/457-572*555-704+-14118554
-576-299--488+-735-776-196/--991-683+-817465/-220*--307961/-569*--855+,++-+---++-576-299-488-735/776-196-991683*/-817465-138*/-307961-569-855
188-161+-923200/--756373+70--62-614350-698131/-302*138+*--517+*+-,--+188-161/-923200+-+-75637370*-62+--614*350+*/-698-531-302138-517
-595919-882+941-226/-982/679*++721-640/-40-396-379374808-232/-**/+,+-+-695++919-882*//941-226-982679/721-640/40*-396*-379-374/808-232
716986-866*+234--422-989/756687/534-282741/512/506313329-**-**-,--+716*986-866234*/-422995*/756687-534*//-282741512*506-313329
-430-297442/10*320-19-753-986**-21*-73/-892--444+/-573--41714*-+,+-430--/*/-29744210+-*320/**-19*-753-986-21-73892-444-573*-41714
727-98-553506*--852+880/475/872/863--889+907-738*+-18368259/-+,+++-///+--727-98*553506-852880475872863-889*907-738--18/368259
812-777-565/+180-8472/-700/+707-951+597--289-142/-306/+287-983*+,++-+-+-+812/-777-565180//8472-761707951597//-289149-306*287-983
-338-756--28+-468*-611-524/-847*-900*-733674*--5778942/+41--311/+,+--*+--338-756-28-468**/-611-524-847-900*733674/-+-57/7894241-311
-157-183+406802637-367+*-119*788+-458+*+619+688656*-41334/78/+-,-+++-157-183*-337++**802+637-367-119788-458619+*688656//-4133478
-937593/594+-836602*651*-185*-136*-18--136*+-678-77/+294734*861/+,++++/-937593594*/****-836602651-978-803-18-136/-678-77/*294734861
-539193-350/--187+-236158/--668+498-799-347*558*--85--546+567--389-,--+-/-+-+--539/193-350-187/-236158-668498**799-347558-85-546567-389
940-356*876-821-850/-609-758--594-783--48-822*-*-791--781177*128-+*+,-*940-356*876+-*/-821-850-----609-758-594783*-48-822-791-*-247177128
25-355-180+-694-*492-834+-760-573*-21965781*630/-991/222195//+,+*+-*25-+-355-180-694492834*-760-573//-219/*65781630593/222195
-892-208/-175*983*-330/308207*-20*-916+909-98177*-227/840/+-107-,-+-+-/**/-892-208-175983-330**809207-20916909//*98177-227840-107
-469-969/108573--470285/+/923-927/31/933*-714-484*-887-362940--*,*//-469-969+-108573/-470285+--*//923-927-701933*-714-484887-362940
-69170346-512/*--520209443/240*289/-996-643260/-/485*-637/-150+*-,---691/70/346-512*69+/*//*/209443240931--996/-643260485-637-150
130397*898*371*-591*-978*980*27490*+749861*-755-53+472--977+,+-+--+******710397898371-591-978980*27490*74986175553472480
-864-749*-999951--685255/771*-*-56/-99381/+-657--808+164758/+-524*,-++-+/**-864-749---999951*/-685255771-56/-99381-657-808/164758-524
-76-357/218*842/889*-597+869+971+-633-299792*-855316562/383*-*-,--+*+*/*/-562-357218842889-597869-933-633**299792--855*/316562383
-420-410642*-93148/-837*600-911/-615--855734-924/910-967/-385+*+,+----420*-410642//*/93148-837600911615*-855+-/734-924/-123-967385
-16434/-135+-46-185-666-659*-335-341/+625+-259-7+-586274*+-886-/,/*/-16434-135----46656++-++*666-659/-335-341625-2597+-586274886
-174718+-684796/-289-65-416*/540*+56-605/--867732*+-483-449*-91*+-,*+-8718++-+/-684796*/-289*-65-416540/705-605*-867732**-483-449-91
347468--153*860/526*229-105/81/+484341/+-961-598+897-646*--790+-,-++*/*+347468-153860526//333-10581/484341+-+-961-598*897820-790
175-239-735*+852+-893-645/406-43/+-974--552-849/-148--32610/152/++,+++175*-239-735852+---+/-893-645/406887-974/-552-849148//381610152
92419+744--20--195-476*+-67+-609584/-501669+-301-26570215+-*--,-++--+92419744-20*-195-476-67--/-609584+-501669*301--265+63415
90-616*810469/-17612/+-277-20/-296*/350-348/899/-691*+632-128*+,++++-*90145/810469/17612*/-277-20-296*//350-348553-691*632-128
-579724938650/-731160796/-397*856/574-332363-645--225-/623/*--/-/,/-579-724//938650--731-/*/160796-397856-574//-332--363-645-225623
-794-555/891-772--787+783-742/+257-569*-116/+-410+-417+-466609/--374-,--+++++-/-794-555/891-772787/783-742/*257-569-116-410-417/-466609-374
-466-184*-890-640-838/-342-358/896*890-538-738*+675--332+735-/-56/+,+-*-466-184-890///640-838-+-+-*/-342-358896890*538405675-332735-56
-72362+-742575262-994-77397/-/-473/+223136/--35035984/+-1000++/-,-+-72362/-742+++575//262--994/-77397-473/223136++-350/35984-1000
-772224612*-293*--706506/-930568-891-914*-/230/+-460-23466-923+//-,-+--634**224612-293/-706506//930-568*-891-914230/-460+-234+66-923
-43-32-593*+482472*-700-75*-524*36---280+10--187+714-710-307+-,--+-+--+-43*-32-593*482472/**700-75-52436-28010-187714+710-307
751-759-692*-39--987+39229/*186-995*-986*376/+-370+227873+-510++,+++-+-*/751-759692-39-987/39229/**186-995-918376-370++227873-510
395680--293764*--364-187+-66955*+335-505/462*-208*+-636+-864-246-,+-++++----381680*-293764-364187*-66955**/335-563462-208-636-864246
266-821371/-764*-597-212/653+598+*-94*-882*405/80/+960+-37-372+-,-++266//****/-821371-686++/-597-212653598-94-88240580960*-37-372
785-562/-541853-826*-65/+-513+578-262*430990+507-515--880--610-+*-*,*/785516-++-541/*853-826-65-615**578-262++430990---507-515-880-460
-821-113+352-872*-272+-229-662+-566+173959-897/5480/--499607/-/-,-++-+---821-113*352-872272-229662-566/173--/959-897/5480/-348607
422-809/-787*446+-610500*-297-130*980-227+/-651959/-985-74*-895*++,+--+*/422-809-787446*-610500/*563-130+980-227+/651959**-985-74-895
-342760647*-2383-221972+783--758860/+/978*+/563451*-711*+253-/,/-342-+/*760647+-441*/383+-+-221972783/-758860978**563451-711253
497-510/529*982-232-913+91--278564-+-319-46++6278972*263/*-,-/+-+--*/497-51052998223291391--278564/-319-46*62/*78972263
331181/-346-656872/-727/-105/752/891/+478-559*+204-958+--386186*-,--/331304+-++-346/////-656872-727-105344891*478-559204958*-386186
187988*479-42*74486-10*790/-740-95/-688-982*-278-390835*--/-,-*187988/*479-42---744/*86-10922/740-95--*373-967-278*390835
925269/788*-554/734*-731*-25/-408*-753+-965-820/-980*80/-107168*+,+-+****/*/925269788-554734-731-25-408-753/*/-965-820-98080*107168
309440/51682*+922198/-808*/-845+-344+395-904-137+841-575-+-301-+,+++-+/309440*51682*/922198-808-84511-++-395-904137-841-575-301
-748-29*313/-193/994-636*-670974*-383+562969*+-874729/-203*-443+,+-++--//*-748-29313-193*994-636*670974-3*562969*/-874729-203443
-52972-516+/802-549-840/-966/890/631-*--35207/579*-680+928413*-,/+--*-52+972-516*802-///-694-840-966890631*/-35207579680*928413
-421-624--49381+-794-978204*+621+-911631/608/72436/361--293-/-+,+---421905*-49381-/+794*-978204621///-911631608--/72436361-293
-10-173+738-319/+474+-525*-25/-286560*--154198/--20-728*478/--36+,+---/*+++-10-173/738-319474-525-25*-286560/-154198/*-20-728478-36
-63-863-956/--129580*+-633+-184-841*-14*-786*-501169/-393*--262+-544+,++--+*--63/-863-956*-129580-633***-184-841-14-786*/200169-393-262-544
-678700*617/-660/-106+-840-978103/319/167472*14/359-307/-588*+*-,--+//*-678700617-660-106-840*//978103319+/*16747214*/359-307-588
-2259/-10*22346*/725*933+422-896*-907*819-754915/-622--298-++,++*/*/-2259-10*22346725933+**422482-907---819/-754-864622-298
-77-524/-159-746/230*-815995---435-590-790/+-961+704+-77285*-998*+,++++---/-77-524*/-159-746230-815995-435/590-790-961704*--77285-998
134103-796-860--828-686/-348*+973+-351--688-785/-736/--79889*--92+-+,+134+103+---++--796-860*/-828-686-348973-351//-868-785-736*-79889-92
507-485393885/-578*/-625/-614/--910148*677*-642*-812/+330--637+212-,-+-+-507///660*/393885-578-625-614/***-910148677-642-812330-637212
-274835-373-356/-701/--464+-148/+878--230+-698+914917*-638*819/866-/,+++-+-274/+-835//-373-356-701-464-148878-574-698-/**914917-638819866
-522-473873--360-921*-136*--544+963-/-18714/-513+-235-119*48/-18-,--+-/-522-+---473873**-360-921-136-544963/-18714513/*-235-1194818
-152-998+189-963-287*/-41*--515547/599/--630+358-912*+13--852-667*+,+-++--+-152-998*/189/-963-287-41//-515547599-630*358-91213*-852-667
131-63912*-294+-628829757/-846+*-101-894-*-297/-359854/+-630+-937-/,/131-++-+*-63912-294/**-628+/829757-846--101-894-297/359854-630-937
-436-277-154*-403/+683-151/-158738/-242-545956-976+556-*944*416+/+*+,++-436/*-277-154-403*/683-151+/-158738/-242+**-545-/956-976-653944416
-45583-429/650*-240-891+895-511/-916/-757/930966+/656/+-431-307/-,-++---45*/583-429650240891/////895-511-916-757+930966656/-431-307
-823-291*738--604-109-516--515+-693-742*+-545+*293/+-497-147/162/119/-,-+-*-823-291738/*-604+++--109-516-515*-693555-545293///-497-147162119
418-169-571-396398--462+-602-186/359/798*-/641-738/735+/-528*--239+,+--418-169*//571-+--396398-462*//-602-186-913798+/641-738735-528-239
-503-92869*138*+-718-386+-924*-553331*-387891*--792+702-377*469/+*+,++-503**-92869138/*+-718-386-924++-*-553331*278891-792/*702-377469
660-890/480/-434*-395102/-797/-799/--219502650304-*884210*-647*+*+,+-*//660-890480-434///-395102-797-799*-219+*502/650304**884210-647
925-626/-795-597---251-62-846/-97/404+659-512-216*979-572+-691+/+,++/--/925-626--795-597/*-251-6284697600/550++-*-512-216979572-691
-108504/829-681*432/272*-106-669-/+-591+645-981*+-589+161748*-292*+,+++++/-108504/*/--105-681432272--106-669-413*645-981-589**161748-292
225-214/-412*-126893*-901+-337-603/-477144/+-791+-563969217935+-+-+/,/*/225-214-412++*-126893-901-++/-337-603--477144-791+-563-969+217935
741-450+769-961/-344-476*-771*226/-792258*687--604244/+/451/--850+,+--+741-450/769-961///**344-476-771226+-*-792-435687/-604244451-850
371-654/717416/-4593*93*-401*259+/-868*+760+-229/862944*+-270-,-+-++/371-654*//896416+***-459393-401259-868760-229*862944-270
-321-822/313*698202-510/-23227486--671-*-554/117*-/917594*-580*+,+/*/-321-822313--92/202-510*/*232--27486-671-554117**917594-580
682224-98/-389272*-831669*+-566-*825-897-265-744*+/-662-533-400*+,+--*//68222498-+*-389272*-831669-566/825+-897*-265-744662*533-400
-323259501*978*+-153-503*955-165-432-297/-892-994-772/--175-/+-485+-/+,++-323**259501978/--153-503-955++-165//-432-297---892/-994-772-175-485
-338958-901854/-908584*507*--91347332/88-869+-287803/949*+/-,-----338958/901854**908584507*-913++-/4733288869*/-287803949
-612-234/-29/-484-84398-744*941/--239--186789*+-887--11-821/+*-597*/,-//-612-234-29**-748/-+---84/*398-744941-239*-186789-887/-11-821-597
-746958-367520/558336/-38-419/-152-991*74*491-*-578-811-6/+/+/+,+--746434//367-423+/491336/*/-38-419-**-152-99174491+-578/-811-6
-562-348/-247/874/-750/-44553/-252*+-19-55882-899/612-504/-686+*+,++///--562-348-247874-750*/-44553-252*-19+--558/-/82-899612504686
-693-405672-994-499-422-379*59+-96-156*-+52-14-312-81041*+--/,/-693--405--+--672-994499-+*-509-37959*-96-15652+-14-312*81041
-815-513/216-429-168/-825-211/-513*-248731*+-576*+22-147/+/983/-433*,*///-815-513++216*+*-/-429-168/-825329513*-248731-576/22-147983-433
-137-861*-49960--401-270-744*-211+*+654909-907-877--248-542/--236++++,+*-137-861++--49960*-401+*-270-744-211+-654909+--907-877/-248-542-236
364396/521-264+-36-839-583651-753+-157-/-587*538*495*-921/236/-,---+-/364396521264-36-19//***/494-+651-753-157-587970495-921236
-16881*-827*899*676--28-863-169+66476590*-643/+-705*-890/+-722-++,+-***-16881-827899676+-28-++-863-169/*+550/*476590-643-705925-722
858-659/-766839278*/-303461/-449290+824+*-606/--543+358++-516--267+,+-+/858-659++-/-766*839827/*/-303461++229290824-606-543358-516-267
621-381/117/472160*-182/-186-947-830/-300*--872-784*+753-591/-1000/+/+,+//621-381117//*472160-182++--186*/-947-830-300*-872-784//753-591-1000
270-525-565/-181*-328/+-899-372/-257550/-903-/-9*749*-959229-427+**-,-+-580/*/-525-565-181-328*+*//-899-372-/-257550-903-9749*-959+229-427
-233-309/498*461*468+552--461-365566*-407*+-236+414-62*-592/+-72-,++++--+**/-233-309498461468552-461**365566-407-236/*414-62-592-72
995554265/--528-749*-879+50-748+451/+465+79-673/754-44*-49-+,+--+--995/554265*-528-749879/+50388451465--/79-673*754-4449
59-841/110-896+-569-564*262*-538-979/-998/+528+-839664/-141--302-,---++-+-/59-841110896**-569-564262/*538-979-998528/-502664141-302
439588758+957*963--848+-493-315/704480*-597235/335*171*599/+-*,*439-+--+588758957963-848+-/-493-315*704480/**/597235335171532
20-753-158-29*-570/+-655631*-372*+-212888/--82589/189*388*-811/+,+-++-20-753/*158-29-570**-655631-372/-212888/**/-82589189388-811
643763-42-658/792-529+267+/623+/-476+660494/-538/750/-515+-857+,++-+/643+-763++-/-42-6587925292676232///660494-538750515-857
-378-420801-*564--205-576/-383*-27*+329-624*-156/419*-461375---271-,---*-*-378-769801564**/-205-576-383-27*/*329-624-156419-461375-271
-694-39591*-1+-744571/-191*825/--768976*-504/-106*-783/569/-866/+,+-+--694*-395911/*/-744571-191825///***236976-504-106-783569-866
729-899-752--4+/-524-432/+819-365*64*-84/-6127597-685428--+/+,++/729+--899-752-4/-524-432//**81996064-84+-61--27597-685428
-848-15/529*801/687/50-2-849/-601*-465/538-80-/429*279--739++,+-//*/-848-1552980168750+-*//*/2-207-601-465-538171429279-739
443-473*106-6*+-639+-293+619+993129/144/250/457688-322389*+*+,+++++*443-686*106-6-639-293619*/-/-436129144250+-457688*322389
-284884/709/913/924*611581*-981/-831*--459--388237/-15/-110925/+,+---*///63884709945924*/*611581-981-831-459//-388237-15/110925
429586827*-860-839196/+-859-506+199-854/514*-709+224-136948*-*+,++--429*586827860-839196*+-859-506--+**199-854514-709224*136948
-507266+245-346/+112534*-261*-356-982/102/-367842/-208*-/29+240+-,-++-507266/245-346+*/**112534-261-//-356-982102*/-367842-20829240
-898-59+705163/+-736-647-76179771583*+-310236/+*-460/+218+-339+,+++--++-898-59/705163-736647/*761++79*771583/-310236-460218-339
923598*709-474*479/*355-94--593821*-284*-797*749*-861*-33*-60-,----**923598/*709-47410135594******-593821-284-797749-861-3360
-772551-924--858/-240-938-794-209689*+-802-170-/--934+15+-951-130-,--+-----772/*551-924-858240/938--+-794*-209689-802170-93415-951130
63825-50*--85906*644*719*865*-677/+-730+866-899*178/181-688*/+,+++-63*825-50/****-85906644719865-677-730//*866-899178*181-688
-13696/206-796-260580*+-931944/-932-990410+-396++-801--414163++/+/-,-/-13696/206++-796*-260580//-931944+-+-932++-990-497-396-801+-414163
195-750/279/690/12-160*577-179-56/-719713*514*-425-520---400-,/*///195-750279690-----*12-160577/179-56**719656514425520-400
-710-678-619/--310-654/--277-798-139/-834/+-256661/+-192296/+-672-33/+,++++----710/-678-619/-310-654-277//798-139-834/-256661/836296/-672-33
-578-402774-781/-374+-113---689221-593229/776/+308--350565-253/+-,----578-+--402/774-781374-113-+--689221//593229149308+350/565-253
-546261/-444672-175-663+*-284/-323*-34*-169/903/-604*+-75--643-279++,+-+/-546261*--444//*-/*672+-175-663-284-323-34-169903604-75+-643-135
-993-585-369--711-638+-535---341-149/--496-816+--609-584/582-533-768*/++,+------993-585369-+-711-638-535/-341-149+-496-816+/480-584/582*-533-768
-103-270804/-810+-621-990--946-531439515/+-57-/-797/137-866*+-662--,--103-+--+/-270804-810-62118*-//-568-+-531/439515-57-797137866-662
-39866857*-904736-+-980989*-391/-766/803/-189/196/+854+723-377-,--+++--398*66857/904736/////*-980989400-766803-189196854723377
113-70-407+745-728-116-76599+984++930+933+-908-762+439+-377---*,*113-+-70-407-745-++-/++/-728-116++76599-906930933-908762439-377
-717247+812-793--714-449--547+-4636*-912-243529*149*-156*+233/-,--+----+-717247812793-714449-547*-4636/+912**+-243529149-156233
17-487*-722/-81*-628*112+644538/-187/+923-973415--949/-955426*/+,+-++**/*17-487310-81-628112/-644538-187923///973415-949--955426
558862625/260/-783127*-240*-568491/-740*67*-149-464/---670149*-*+,+558*//862625260--/*-783812-240-**/-568491-74067/-149-464*-670149
412-172+426-924*+-897-801*+-878-450--600+94-855/114/-556/387*-869-,--+--+++-581-172*426-924*-897-801-878450-600*///94-855114-556387869
-823-237--724+367-968+831934*+-488-917*-741+-539+963/804/382*-436/,/*//++-++-+--823-237-724367968*831934*-488-917-809-539963804382-436
-478-836/8629/559765+-766-*-693*846/-376/-36*228/+658+633-742+,+-++/-478-836/*//**/8629-+559765-766-693846-376-36228658633742
432-432/21+718-301*-576--223-400+-208-612/131*541*-787/+697981*+,-++---+/432-43221*718-301576-223-946/**/-208-612131541-787*697981
305901/-284-182/2*367/+-169-734/701*-357-909+100+-235+156-961/+,++++--+/305901/*/-284-1822367*/-169-734701357909100-235/156-961
-94-268/-937/776+-355-100-613-342*--152-367-979/-378-451-555812/+*---,-+//-94-268-937-85--355-----100*-613-342-152/367-979*-654+-451/-555812
-23-575+-967-813-616665*302-120/-451*-875*122/-34942**-318/-315//*-+,++-23-575--967*-813/*-616665//*+**/302-120-451-875122*-9242-318-315
-845-735*-444/484--390--812+651*-286615+-18/-406-928*-767-648*-503-*+,+/-++--/*-845-735768484-390-812651/-28661518**-406-928-*-767-648-503
-908417-529-91//821*-747213*-55*-765-154669+-113-849-347-310+++-/+,+--908*/417/-529-91821/*/747213-55--765+-+-154669-113+849+-347-310
649426-282/-402-388*271/-681--854*440*+586--4-492*+500-700-372-/+,++*+-649/426-282**-/*402-388271-681-854440586*-4-492/485--700-372
-759-842*-35*507+115-82*395*/-921-22*+796923983/--579-446/-811/*+,++//**-759-842-35507**115-82395*997-22*-796/923983//-579-446-811
5119/-879638*-178-/-537+-821+-523304/-861/946*445417-731/-465*-*+,+++/-5119-*-879638-323-537-821**//-523304-861946-445*/417-731-465
-190-949+569+186/-675--142205*+-278-645*272*-629/770--640879+537-++,++-/++-190-949569186-675*-142205+-/**-278-645272-629770---640879537
702700--70-8+-329+321+512315*-219*736/-409*554*850785*951//+,++++-+702700-708-329321/**/**512315-219736-409554/*850785951
970261/-403*735462*92440023333*-38/+853-649*464*-/-681-674-/+,+*/970261-403-*735462--/924-+400/*23333-38**-681-649464-681674
499-287-181+-86+-821+-561-841/-6995/146*633463/++-226-115-25*-+,++-+++-499-287181-86-821/-561-841+*/6995146/633463--226/482-25
341733*-670-965-73+-15+-22-195-190/-524-190-378*-593*+400-114/-,-+---++--*538733-67096573-15-22/195-190524**190422-593*400-114
-905419284/633/+869-61-388/355*266*531/-394*-141-780819548*-+,+---+350/*419284633869*/**/61-388355266531-394141--624*819548
943658-419/-734--79-578*818/236933825*209*-233**-586/-2*668/*-,---943/658-419734*/*-79-578-137+*/*236***933825209-233-586-2668
140-676/145-545+-190-777*-527/--469-738*+654-140/-937*--93298/-588/+,+-+-+-/839-676145545/*-190-777-527*-469-738*/654-140-937//-932994-588
683408-328*134/148-547/879-/196-276/*--283-2687--441--50+-986+/-,--683**/*408-328134-/148-523879/196-276/-283++---2687-441-50-986
839329830/--934-284/-180817*-321*-697--561+328*-912-340+454612/++,+--839/329830*+--/-934-284**-180817-321697-561328++912-340/454612
-137665156*+964-271351/+-945-9794*-150*-802835*528*-760/173/+-,--+-+-137*665156964/271351-945+**59794-150//**-802835528-760655
864-783*-366-641-445+-196+-276--615-423--61399641**-685/+977-863-,--+---+--*864-783-366+641-445196-913-615423/*-613*99641-685977863
227-495*707364491*+-538-237*872*--929182/--681+-375+19+997-252+,+-+++---*227-495+707*364491**538-630872/-929182-681-37519997252
-817-547/-464-353/-1000*-495-654-687/174*+646--310232*-579*-639267++,+--+--/-817-547*/-464-353-1000495*/654-687174646**-310232-579+639267
740-921-601/555/+169-129-935/179/649*548/-698-810803342/974///+,+--+740//-921-601-954169/*//129-935179649-393/698/-810//803342974
910624+-341-104*563-570-828+632-266/-524*156-861**+-541-215-497++/-,-+910624/*-341-104+-+563**/-+-570-828632266-524*156-861-541+215-497
328260864523921*-767-830*--730449/--957856/-298--896460*-113**--*+,+328*260--853---*523921*-767-830/-730449*-/-957856-298**495460-113
572561/-33--418--811705*+-471-338/*-512-165/661-8/697*+-323316*/-,--+--/572561-33-418*-811705/-471-338/+/-512-165*/661-8697*-323316
135-1000-216199/-758/-20067581*-83235*172/--739366/-406*+-662-*-,---135-1000//216199-758*200-+-*67581/*-83235172*/-739366-406-662
692562991/-136/-300/-149-908-158240*+*+113+17--823742-899--54-*-,--++-692///562991-362-300*149+-908*-15824011317*-823--742-899-54
