Formula,Result
/67.35-28.67*68.64+-68.47/-48.55--30.02*76.45+-40.68*46.86*-5.64-48.1+-81.85+5.21+-65.36-40.34,67.35/28.67-68.64*-68.47+-48.55/-30.02-76.45*-40.68+46.86*-5.64*48.1--81.85+5.21/-65.36+-40.34
-65.68--89.04*-96.41/39.02+-54.27--35.17*45.37--32.57-28.15+21.23/-56.33*39.31--68.18+/-77.96,65.68--89.04--96.41*39.02/-54.27+-35.17-45.37*-32.57+28.15-21.23+-56.33/39.31*-68.18--56.63+-77.96
*12.5*-16.37*-9.42*16.33/-54.65+-54.08+14.45/57.37+96.42*-86.72+-26.66+-55.77--58.29/47.88-92.77,12.5*-16.37*-9.42*16.33*-54.65/-54.08+14.45+57.37/96.42+-86.72*-26.66+-55.77+-58.29-47.88/-92.77
*-46.12--61.72/69.56-51.67-58.38*95.73*-96.38*4.86/74.94-32.54+-57.35/-29.02/70.63+-13.87-16.99,-46.12*-61.72-69.56/51.67-58.38-95.73*-96.38*4.86*74.94/32.54--57.35+-29.02/70.63/-13.87--16.99
--92.86+-25.84-70.63+-28.78+-58.17-*+-9.59+42.94/-27.93*60.56+-90.32+--27.6/40.3997.93,-92.86--25.84+70.63--28.78+-58.17+-11.52--9.59+42.94+-27.93/60.56*-90.32+-35.19+27.6-40.39/97.93
--10.29+-34.28-32.7/-52.7*28.51*67.46-84.09/71.85*-51.85*-29.44--28.96*-66.86+80.41--90.9955.52,-10.29--34.28+32.7--52.7/28.51*67.46*84.09-71.85/-51.85+-29.44*-28.96--66.86*80.41+-90.99-55.52
/10.98-78.97+19.57+61.96/-92.98*-49.78*89.78*-9.96/-36.82--34.04*11.5+-3.38--46.36+45.947.4,10.98/78.97-19.57+61.96+-92.98/-49.78*89.78*-9.96*-36.82/-34.04-11.5*-3.38+-46.36-45.94-7.4
++*-61.5+-36.44/-91.11*-35.8*70.99+56.88-72.9--8.82*29.78*-31.73/-68.74*-26.77*-84.1221.47,-84.53+-61.5*-36.44+-91.11/-35.8*70.99*56.88+72.9--8.82-29.78*-31.73*-68.74/-26.77*-84.12*21.47
+-80.43--0.92/15.43-34.6--62.11-89.9*-11.73/29.08/-6.88*79.88+68.54+-44.21-34.9*15.9469.86,-80.43+-0.92-15.43/34.6--62.11-89.9--11.73*29.08/-6.88/79.88*68.54+-44.21+34.9-15.94*69.86
--61.78*26.39*95.38/-69.29*83.31+99.72+88.75--82.37--0.33/-29.3--69.76+-54.2/-36.54/-85.27-96.58,-61.78-26.39*95.38*-69.29/83.31-99.72+88.75*-82.37--0.33--29.3/-69.76--54.2+-36.54/-85.27/-96.58
/45.4--31.12*49.12+12.02--20.7-55.44*-15.23+-89.93-/*6.09/-64.0+70.4--65.33/-66.6862.39,45.4/-31.12-49.12*12.02+-20.7-55.44--15.23*-89.93+-78.37-6.09*-64.0/70.4+-65.33--66.68/62.39
*-52.43/32.64+-73.41/66.08/39.31/-32.73/0.81*-52.58*-74.3-/-4.66/85.81*41.76+-82.0247.63,-52.43*32.64/-73.41+66.08/39.31/-32.73/0.81/-52.58*-74.3*80.87-4.66-85.81/41.76*-82.02+47.63
/-58.82--37.11/-2.56--69.41/42.67+61.13/-76.42-18.88*-75.17/*--52.71/-20.85-10.7+77.0692.61,-58.82/-37.11--2.56/-69.41-42.67/61.13+-76.42/18.88--75.17*7.27/-52.71--20.85/10.7-77.06+92.61
*-39.69*-70.4+-29.47+-76.39+59.7*-19.7-48.52*-71.88*60.36*68.0*-72.24*13.4*20.28+78.19-46.25,-39.69*-70.4*-29.47+-76.39+59.7+-19.7*48.52--71.88*60.36*68.0*-72.24*13.4-20.28*78.19+-46.25
/-28.85+28.59*-54.09+0.58*-74.72/-57.52*-65.57-53.48+-23.21*64.01*-5.16*/-5.74/-23.37-99.9,-28.85/28.59+-54.09*0.58+-74.72*-57.52+-65.57*53.48--23.21+64.01*-5.16*24.82*5.74--23.37/-99.9
*73.43+4.17+-73.98+-58.58--38.62-91.37-41.18+-26.24/-60.74*-26.92--50.54*79.96-68.9-47.9161.39,73.43*4.17+-73.98+-58.58+-38.62-91.37-41.18--26.24+-60.74/-26.92*-50.54-79.96*68.9-47.91-61.39
-77.97*-24.93/-57.68*-80.66-+*7.24/-31.64+68.6+30.33/-21.45*-71.93+-14.94+-78.47*-4.35-3.73,77.97--24.93*-57.68/-80.66*-99.82-7.24*-31.64/68.6+30.33+-21.45/-71.93*-14.94/-78.47+-4.35*-3.73
+-18.97*46.69/-44.96/60.52+-87.34--31.46*-37.35*-57.13+-53.63+/+7.06--72.29+39.43/10.18/,-18.97+46.69*-44.96/60.52/-87.34+-31.46--37.35*-57.13*-53.63+-56.54+7.06+-72.29-39.43+10.18/89.52
/53.48/64.46/-86.78/-98.97+-32.11/50.54/-42.01*-23.97/17.95+-60.34*86.17*-44.1*-80.6--7.7793.12,53.48/64.46/-86.78/-98.97/-32.11+50.54/-42.01/-23.97*17.95/-60.34+86.17*-44.1*-80.6*-7.77-93.12
*86.67+-35.41/-28.71*0.11*-98.17*9.45+-14.48+-0.04*-92.08--47.77+-0.9/55.33*60.47/-95.7876.94,86.67*-35.41+-28.71/0.11*-98.17*9.45*-14.48+-0.04+-92.08*-47.77--0.9+55.33/60.47*-95.78/76.94
-58.4-66.32/72.39-19.99+-57.5*-29.2/49.65-4.98/-16.52/33.67/96.82-89.0/28.43+-32.56-35.0,58.4-66.32+72.39/19.99--57.5+-29.2*49.65/4.98--16.52/33.67/96.82/89.0-28.43/-32.56+-35.0
--88.41/-68.54/12.32-16.42+84.7-3.38*-26.98*39.2/21.02-70.6--51.95/36.61/-78.05/-63.157.03,-88.41--68.54/12.32/16.42-84.7+3.38--26.98*39.2*21.02/70.6--51.95-36.61+-78.05/-63.1/57.03
--82.62-10.14+5.34-29.42/-86.03+52.78*-17.52*-0.13*+-9.19+14.32+8.98/65.8+49.95-15.56,-82.62-10.14-5.34+29.42--86.03/52.78+-17.52*-0.13*23.18*9.19-14.32+8.98+65.8/49.95+-15.56
*-18.39*-83.94+/-45.34/-97.16+-24.95+42.52/-97.97--11.48--72.87/-58.35/-80.66*91.0*69.53-37.91,-18.39*-83.94*-49.08+45.34--97.16/-24.95+42.52+-97.97/-11.48--72.87--58.35/-80.66/91.0*69.53*-37.91
/-65.77+-37.38+67.09*37.01--7.92+26.38+74.45*-14.81-84.71+18.54+49.1-14.49-87.24+55.68-,-65.77/-37.38+67.09+37.01*-7.92-26.38+74.45+-14.81*84.71-18.54+49.1+14.49-87.24-55.68+-99.52
/-81.14+68.28+98.93--16.7/-67.34*-50.61--70.25+15.91+-55.1-14.71+-90.77/99.29*32.08/-70.92-33.36,-81.14/68.28+98.93+-16.7*-67.34/-50.61*-70.25-15.91+-55.1+14.71--90.77+99.29/32.08*-70.92/-33.36
*11.82+-18.95+-53.0+83.5*32.91/-94.31/-75.57/-84.45+95.58*-79.64-91.28-13.89*-33.3-56.1342.63,11.82*-18.95+-53.0+83.5+32.91*-94.31/-75.57/-84.45/95.58+-79.64*91.28-13.89*-33.3*56.13-42.63
--12.17--8.77/-55.41+99.01*-76.38/49.59+-88.55*-35.52+66.17*-1.6/-15.93-61.76/-10.66-79.7-67.41,-12.17--8.77--55.41/99.01+-76.38*49.59/-88.55+-35.52/66.17+-1.6*-15.93/61.76--10.66/79.7--67.41
--46.18/-58.44-7.66+//-24.82*-12.71+93.42+13.82-58.59-66.73+75.77--19.25*-29.15+78.09-56.39,-46.18--58.44/7.66-7.14+-24.82/-12.71*93.42+13.82+58.59-66.73-75.77+-19.25/-29.15*78.09+-56.39
*-2.95+44.33*-39.16+95.63/13.78/48.76+-72.06--11.72--45.27/88.42--83.03+62.04+19.99*49.14-82.85,-2.95*44.33+-39.16*95.63+13.78/48.76/-72.06+-11.72--45.27-88.42--83.03-62.04+19.99+49.14*-82.85
--28.82*18.76*-30.31+-81.92+55.72/-67.32--26.92*21.8/-43.24-28.45+-+-48.12*39.38--13.79-11.82,-28.82-18.76*-30.31*-81.92+55.72+-67.32/-26.92-21.8*-43.24/28.45--3.89+-48.12+39.38*-13.79--11.82
*-57.07--41.67*-52.99*-84.57/-3.86/-34.99*10.84*-54.35*-54.94/2.99-4.4/-52.06/-1.54+69.6/,-57.07*-41.67--52.99*-84.57*-3.86/-34.99/10.84*-54.35*-54.94*2.99/4.4--52.06/-1.54/69.6+23.12
*81.14+37.91/-1.0--52.09*-85.63--56.19*+/-6.9/-42.4/9.51*-4.61-32.31-46.63+-75.47-73.46,81.14*37.91*-1.0/-52.09--85.63*-56.19--81.36*-6.9/-42.4/9.51/-4.61*32.31-46.63--75.47+-73.46
--54.44/-2.93+-59.39/-43.6+-23.31-66.13-52.93+-15.02-78.08*-74.79*++-57.34+-23.1-31.69*,-54.44--2.93/-59.39+-43.6/-23.31+66.13-52.93--15.02+78.08--74.79*91.63*-57.34+-23.1+31.69--91.0
/80.18/-29.12+20.21*63.35+-35.82--31.87--24.5*-98.2+76.44-+-+*-33.03-90.71/-58.6491.49,80.18/-29.12/20.21+63.35*-35.82+-31.87--24.5--98.2*76.44+-55.11-91.83--33.03*90.71--58.64/91.49
/98.18-8.56/89.17-43.23--64.23+58.99*-84.38--34.57*78.81/-49.76-95.07/-16.58+47.1/23.443.2,98.18/8.56-89.17/43.23--64.23-58.99+-84.38*-34.57-78.81*-49.76/95.07--16.58/47.1+23.4/43.2
+95.57/-79.18+11.74*37.93*-74.14*59.99*53.71*59.06*12.35+44.03/25.75/-98.2+-66.66*-98.0341.83,95.57+-79.18/11.74+37.93*-74.14*59.99*53.71*59.06*12.35*44.03+25.75/-98.2/-66.66+-98.03*41.83
/-71.54+31.62+-65.81+-73.62*43.98*-57.91--/83.54--40.06+-33.61*-85.83--89.59-82.4/-13.7461.22,-71.54/31.62+-65.81+-73.62+43.98*-57.91*-53.59-83.54/-40.06--33.61+-85.83*-89.59-82.4--13.74/61.22
+45.36*21.66--70.73/-46.4*79.87--86.1-59.06+16.88+-1.23+-90.62+-22.51-64.02/24.4+-73.01-74.24,45.36*21.66*-70.73--46.4/79.87*-86.1-59.06-16.88+-1.23+-90.62+-22.51+64.02-24.4/-73.01+-74.24
/53.9--41.44+32.87*-52.11*-35.61--87.42+45.35*-85.05+17.65+56.68*+*71.27--11.32+-88.2513.25,53.9/-41.44-32.87+-52.11*-35.61*-87.42-45.35+-85.05*17.65+56.68+33.68*71.27*-11.32--88.25+13.25
*-3.45*18.75+-38.49*11.86+-74.67-76.43/-69.47+-41.39--68.91*17.14*19.3/18.79-++60.528.93,-3.45*18.75*-38.49+11.86*-74.67+76.43--69.47/-41.39+-68.91-17.14*19.3*18.79/80.27-60.5+28.93
-17.41*-79.35-91.59*28.31*-67.16--24.23*-75.47/-14.23--83.7/24.05/20.7-76.46/28.13--57.2457.51,17.41--79.35*91.59/28.31*-67.16*-24.23--75.47*-14.23/-83.7-24.05/20.7/76.46-28.13/-57.24-57.51
+38.76*-50.59+-95.0+-24.06/80.89/18.57*98.23-8.89*87.6--14.95-2.52+24.85--26.08*99.1-76.0,38.76+-50.59*-95.0+-24.06-80.89/18.57/98.23*8.89-87.6*-14.95-2.52-24.85+-26.08-99.1*-76.0
+14.95--24.71+-51.01+-7.6+-95.67--90.52*-25.2-90.61/-39.98/-41.83*54.39/-42.46*-64.68*-70.4113.15,14.95+-24.71--51.01+-7.6+-95.67+-90.52/-25.2*90.61--39.98/-41.83/54.39*-42.46/-64.68*-70.41*13.15
/59.61-35.19/-56.99/*--10.37--24.56-98.8*-21.99*-90.88/**94.24/20.6-22.59/-51.62-55.29,59.61/35.19--56.99/-17.82/-10.37--24.56-98.8--21.99*-90.88*-15.54/94.24*20.6/22.59--51.62/-55.29
+85.66--80.15*40.09/89.8+-83.42+72.53-9.68+-24.18--78.86*-8.1/8.84/-91.51/-84.77/64.9767.57,85.66+-80.15-40.09*89.8/-83.42+72.53+9.68--24.18+-78.86--8.1*8.84/-91.51/-84.77/64.97/67.57
/37.6+-61.59*83.8/30.56--48.66+-82.22-90.69-20.01*-86.73+-64.69/-65.35*-93.13+6.48+36.2276.35,37.6/-61.59+83.8*30.56/-48.66--82.22+90.69-20.01--86.73*-64.69+-65.35/-93.13*6.48+36.22+76.35
/48.95*64.05/-52.89/-5.39+32.17+-13.22+42.41*58.46-46.7/*/-89.8+71.77/-77.83*-86.75-33.86,48.95/64.05*-52.89/-5.39/32.17+-13.22+42.41+58.46*46.7-62.04/-89.8/71.77+-77.83/-86.75*-33.86
/-22.74*10.14/73.71+-80.21+68.27*-48.37/-66.08+89.51+-24.89/-56.75+7.06-12.35/4.59+84.0794.0,-22.74/10.14*73.71/-80.21+68.27+-48.37*-66.08/89.51+-24.89+-56.75/7.06+12.35-4.59/84.07+94.0
*17.9/-76.58/-60.6*99.57+53.1/-3.42+-47.91+-15.14--98.2*5.12*-56.48/-56.12*22.5/-43.1865.31,17.9*-76.58/-60.6/99.57*53.1+-3.42/-47.91+-15.14+-98.2-5.12*-56.48*-56.12-22.5*-43.18/65.31
*-89.55*76.97*97.97-46.24+-5.64/90.59-71.82*-99.84--96.31--56.26/10.8+-26.43--68.19-7.6297.91,-89.55*76.97*97.97*46.24--5.64+90.59/71.82--99.84*-96.31--56.26-10.8/-26.43+-68.19-7.62-97.91
+88.08/30.81-8.73--77.16-87.9*-35.44*95.26*-30.1*-11.73*-57.28+-6.55*11.48/-42.03*-66.07-1.03,88.08-30.81/8.73--77.16-87.9--35.44*95.26*-30.1*-11.73*-57.28*-6.55+11.48*-42.03/-66.07*-1.03
+17.04--15.83--49.8+36.57/-8.08/65.34--+-65.88/-56.79--82.78*-91.02/96.49+7.65-28.26-30.6,17.04+-15.83--49.8-36.57+-8.08/65.34/95.71--65.88+-56.79/-82.78--91.02*96.49/7.65+28.26--30.6
+31.13/53.47*-61.88-47.75--31.99-1.48+-85.99/72.83*28.52-35.83/5.16/-60.01--7.93/85.8834.72,31.13/53.47/-61.88*47.75--31.99-1.48--85.99+72.83/28.52*35.83-5.16/-60.01/-7.93-85.88/34.72
*37.64+-86.7/-75.18-72.26+48.4+-81.29/-87.44/31.66*29.42/71.46--56.86-38.02*-86.1+-12.44-43.36,37.64--86.7+-75.18/72.26-48.4+-81.29+-87.44/31.66/29.42*71.46/-56.86-38.02--86.1*-12.44+-43.36
-78.73--71.75+-56.96/-80.7*35.97--23.21+-72.03+91.14***-68.38+-8.01/26.06+-59.31--1.68-69.21,78.73--71.75--56.96+-80.7/35.97*-23.21--72.03+91.14+27.94*-68.38*-8.01+26.06/-59.31--1.68--69.21
*87.83-46.87/95.62+-40.54+55.67-40.35+-76.14+-80.57/40.56/28.84/5.68-98.07*48.63/-87.44-71.03,87.83*46.87-95.62/-40.54+55.67+40.35--76.14+-80.57+40.56/28.84/5.68/98.07-48.63*-87.44/-71.03
-84.26+86.24--10.9--15.09--93.78/-48.01--21.7*-2.0*-95.46/-75.99+-53.09/-36.81/-29.99/84.83-18.15,84.26-86.24+-10.9--15.09--93.78--48.01/-21.7--2.0*-95.46*-75.99/-53.09+-36.81/-29.99/84.83/-18.15
/-73.4/99.45-81.29-56.79*-58.12*46.92/-73.81*++-54.03--23.0+++-45.32*-41.49--84.46-38.6,-73.4/99.45/81.29-56.79--58.12*46.92*-73.81/-28.96*-54.03+-23.0--36.24+-45.32+-41.49*-84.46--38.6
-35.49-41.93*-55.11*-61.13/-33.9+-81.46+-76.27+-31.87--69.16+-33.61--16.67/-47.12+4.28/-76.43-61.7,35.49-41.93--55.11*-61.13*-33.9/-81.46+-76.27+-31.87+-69.16--33.61+-16.67--47.12/4.28+-76.43/-61.7
--95.33--82.84+69.47-1.36--72.41+-30.3+-32.08+-98.53*35.04/75.05+-48.19--90.26--62.78/-73.75-63.88,-95.33--82.84-69.47+1.36--72.41--30.3+-32.08+-98.53+35.04*75.05/-48.19+-90.26--62.78--73.75/-63.88
*72.57/38.72+-63.51/-72.94*-44.98*4.15/90.8+-55.09+-38.39/40.89+-70.43-14.03+-7.73+65.39-35.45,72.57*38.72/-63.51+-72.94/-44.98*4.15*90.8/-55.09*-38.39+40.89/-70.43+14.03--7.73+65.39+-35.45
--32.59+97.93*45.99--70.78/45.52*17.95--5.85*/*-73.96--78.78--5.68/-61.4--46.52/-90.8745.77,-32.59-97.93+45.99*-70.78-45.52/17.95*-5.85--17.95*-73.96*-78.78--5.68--61.4/-46.52--90.87/45.77
-*+0.39-26.16+-23.26-18.69/77.09+-89.89/68.2+86.04+-31.29*-91.62-3.87-37.33+95.54-54.52,-64.14-0.39+26.16--23.26+18.69-77.09/-89.89+68.2/86.04+-31.29+-91.62*3.87-37.33-95.54+-54.52
/77.41+-6.03+-3.94+29.25*-46.74/63.33*12.83/-17.09*19.98-35.32+18.31-3.09+17.71*34.9732.68,77.41/-6.03+-3.94+29.25+-46.74*63.33/12.83*-17.09/19.98*35.32-18.31+3.09-17.71+34.97*32.68
/3.98--59.67/-37.21/-39.78+-97.29+-32.69*77.86-19.08+9.51+-63.64*56.23--93.58/97.49/88.78-8.7,3.98/-59.67--37.21/-39.78--97.29+-32.69+77.86*19.08-9.51+-63.64+56.23*-93.58-97.49/88.78/-8.7
--51.92/82.75--72.47*23.96*+*-27.24+85.73/-97.76*83.4--18.77+-35.9+36.25/98.27/74.55-77.32,-51.92-82.75/-72.47-23.96*-10.26*-27.24*85.73+-97.76/83.4*-18.77--35.9+36.25+98.27/74.55/-77.32
/7.45/-21.59/-60.33--84.99*-21.0*21.32+-0.15+/+30.82+-62.37*55.69*-98.86*57.69*18.41-1.1,7.45/-21.59/-60.33/-84.99--21.0*21.32*-0.15+68.41+30.82+-62.37+55.69*-98.86*57.69*18.41*-1.1
+-58.2//--1.02*-69.11*40.81*-21.49/-68.22-79.79+37.61*74.98*-80.45/19.22/-49.01-89.8996.12,-58.2+-94.88/-1.02--69.11*40.81*-21.49*-68.22/79.79-37.61+74.98*-80.45*19.22/-49.01/89.89-96.12
*-90.2+19.46+-93.35+-49.38/-32.31/54.71*-85.29+-63.96-0.35/-36.85+-13.71/78.69*-86.7+-53.7,-90.2*19.46+-93.35+-49.38+-32.31/54.71/-85.29*-63.96+0.35--36.85/-13.71+78.69/-86.7*-28.36+53.7
*28.49/-63.94/-70.21*4.0+62.31*-39.8+52.96/84.02*95.68--32.28+-61.45--58.81+77.27/81.3986.92,28.49*-63.94/-70.21/4.0*62.31+-39.8*52.96+84.02/95.68*-32.28--61.45+-58.81*77.27+81.39/86.92
*-+-30.18/-5.56/45.25*-54.94*-37.26/51.17+-79.64*-10.02-31.58-95.87*-22.55--68.13*5.55-50.35,-3.95*-30.18+-5.56/45.25/-54.94*-37.26*51.17/-79.64+-10.02*31.58-95.87--22.55*-68.13-5.55*-50.35
-36.96*-64.5+93.26/18.6*-9.11*65.16/9.58*-93.79/61.59+-67.58-5.94*-86.34-8.56/90.16-80.62,36.96--64.5*93.26+18.6/-9.11*65.16*9.58--93.79*61.59/-67.58+5.94--86.34*8.56-90.16/-80.62
*79.48+-18.7+-50.45/-49.07*-15.22/14.33*30.05/5.76+-37.48*33.62/72.76/31.16/97.37/12.4567.78,79.48*-18.7+-50.45+-49.07/-15.22*14.33/30.05*5.76/-37.48+33.62*72.76/31.16/97.37/12.45/67.78
/68.72*-76.41--86.72--92.78+-49.7+8.35+90.17/-78.02+94.75+19.53-25.28+64.28--69.53/98.05-40.9,68.72/-76.41*-86.72--92.78--49.7+8.35/90.17+-78.02/94.75+19.53+25.28-64.28+-69.53-98.05/-40.9
/-41.19+53.19*7.69+-77.98+92.05-72.73*-75.77+17.68/68.79/23.0/-89.22*-5.42--91.14+66.7555.91,-41.19/53.19+7.69*-77.98+92.05+72.73--75.77*17.68+68.79/23.0/-89.22/-5.42*-91.14-66.75+55.91
*41.8*1.24/83.53-24.79+36.86/-69.4*56.42*81.16-43.84/25.48+-11.71*-80.0--70.86+-66.8920.15,41.8*1.24*83.53/24.79-36.86+-69.4/56.42*81.16*43.84-25.48/-11.71+-80.0*-70.86--66.89+20.15
/-97.39--17.44+-13.6*67.16-70.93+13.63/-45.82*97.29--68.42-19.22/43.98*-68.13/15.86*51.240.02,-97.39/-17.44--13.6+67.16*70.93-13.63+-45.82-97.29*-68.42-19.22-43.98/-68.13*15.86/51.2*40.02
+-37.13*-87.63-66.99*-3.84+51.25+-54.04/-65.31+98.06--31.31*-52.96+24.05*50.81+21.29--23.43-39.46,-37.13+-87.63*66.99--3.84*51.25+-54.04/-65.31/98.06+-31.31--52.96*24.05+50.81*21.29+-23.43--39.46
+-1.95*56.61/-70.19/-19.53+*/50.13*47.44+-16.87*25.07+53.03/-46.18*-96.67/22.74+79.63-44.62,-1.95+56.61*-70.19/-19.53/5.11+50.13/47.44*-16.87+25.07*53.03+-46.18/-96.67*22.74/79.63+-44.62
*-92.14+-91.73/32.84-28.89+56.69/-40.78+26.0/-38.7/-85.97*-98.92/-58.46+-84.1+20.99+83.8462.66,-92.14*-91.73+32.84/28.89-56.69+-40.78/26.0+-38.7/-85.97/-98.92*-58.46/-84.1+20.99+83.84+62.66
*41.51+-37.15*-72.43/13.43*-13.05-85.54*-45.86*86.79-*/99.1-75.49/77.96--61.18*-68.82-60.07,41.51*-37.15+-72.43*13.43/-13.05*85.54--45.86*86.79*-90.12-99.1/75.49-77.96/-61.18--68.82*-60.07
-87.51/40.7/37.9+81.13*-34.05/-92.55*-27.15+-31.84*72.16+86.16/38.14--85.3/-46.39+35.5193.4,87.51-40.7/37.9/81.13+-34.05*-92.55/-27.15*-31.84+72.16*86.16+38.14/-85.3--46.39/35.51/93.4
+-51.02-20.43/-91.86*-21.25*87.54+-38.02+61.85*-14.98--2.93+-21.07*-44.04/31.69--85.83*29.8244.1,-51.02+20.43--91.86/-21.25*87.54*-38.02+61.85+-14.98*-2.93--21.07+-44.04*31.69/-85.83-29.82*44.1
-37.0*-21.55*88.41/-2.07--15.55-31.52+17.88*83.58--91.12/84.39--79.61-34.51+/*49.06/,37.0--21.55*88.41*-2.07/-15.55-31.52-17.88+83.58*-91.12-84.39/-79.61-34.51-58.25+49.06*-63.89
-2.25/44.16+-35.15*-19.86--33.01/-87.83*50.32--8.93/-65.35*94.98+-59.25+31.89+//19.09-36.65,2.25-44.16/-35.15+-19.86*-33.01--87.83/50.32*-8.93--65.35/94.98--59.25+31.89+-3.66+19.09/-36.65
*43.57/97.94--35.48+87.72/54.44*60.74*19.66/27.32--17.83-21.62-46.59--*-56.78/-41.4333.02,43.57*97.94/-35.48-87.72+54.44/60.74*19.66*27.32/-17.83-21.62-46.59-36.95--56.78*-41.43*33.02
+-18.21+51.23+-39.18+76.54/-76.75+-71.83*-82.6*-22.45-34.32+64.3--71.27/87.61/14.37-72.2723.81,-18.21+51.23+-39.18+76.54+-76.75/-71.83+-82.6*-22.45*34.32-64.3+-71.27-87.61/14.37/72.27-23.81
+-17.12///37.83+-3.03+36.74+-38.04+79.0-5.52/64.4/-8.59--74.42/5.81*-61.2-66.2751.81,-17.12+63.03/37.83/-3.03+36.74+-38.04+79.0+5.52-64.4/-8.59/-74.42-5.81/-61.2*66.27-51.81
/93.2*7.63*-/83.04*-70.72*-13.3--5.98+-86.43*18.87+-42.47*52.81/83.3*-93.8-79.98-68.9,93.2/7.63*-68.7*83.04/-70.72*-13.3*-5.98--86.43+18.87*-42.47+52.81*83.3/-93.8*79.98--68.9
--4.03/-75.9/**-93.35--9.37-6.54/18.52*-28.31+93.95-87.56*58.33/-18.04/25.29+-72.9499.06,-4.03--75.9/17.81/-93.35*-9.37-6.54-18.52/-28.31*93.95+87.56-58.33*-18.04/25.29/-72.94+99.06
+47.93+-37.05/-66.19/85.27/55.97+90.98+-42.06/57.11--18.12**/-25.44*23.78/7.73+36.75-31.55,47.93+-37.05+-66.19/85.27/55.97/90.98+-42.06+57.11/-18.12--79.95*-25.44/23.78*7.73/36.75+-31.55
--58.93+85.33+45.98+-67.25/-50.32--62.22*-72.76*/*63.27--84.38/-78.36-5.71+3.97-73.92-43.83,-58.93-85.33+45.98+-67.25+-50.32/-62.22--72.76*-37.51*63.27*-84.38--78.36/5.71-3.97+73.92--43.83
/-82.6+-72.02+-27.77-74.61/1.86+-99.81-55.29+76.88/-67.6-86.36+-53.1/67.82+-83.68+52.433.08,-82.6*-72.02+-27.77+74.61-1.86/-99.81+55.29-76.88+-67.6/86.36--53.1+67.82/-83.68+52.4+33.08
*-12.07/77.49+13.93/-69.58+++71.91+38.83*68.37*-6.92/90.86/93.42*-0.81*-91.7+9.7282.92,-12.07*77.49/13.93+-69.58/85.14+71.91+38.83+68.37*-6.92*90.86/93.42/-0.81*-91.7*9.72+82.92
*33.76/52.53/95.34--77.89*-95.27--23.86-6.58/96.21/-78.47+-10.72+-17.12+-28.43-58.44*98.0773.3,33.76*52.53/95.34/-77.89--95.27*-23.86-6.58-96.21/-78.47/-10.72/-17.12/-28.43+58.44-98.07*73.3
*//50.7-91.45*12.22--52.46*74.89+11.91+-3.19+89.8+-15.84*-81.77/-15.12--44.56*40.26-20.6,40.17*50.7/91.45-12.22*-52.46-74.89*11.91+-3.19+89.8+-15.84+-81.77*-15.12/-44.56/40.26*-20.6
-57.54/-40.5--76.63+-84.42*-92.04--66.51+-60.17*-46.72--78.52--10.38+-54.7*-58.81-3.67*-53.72-21.13,57.54--40.5/-76.63--84.42+-92.04*-66.51--60.17+-46.72*-78.52+-10.38--54.7+-58.81*3.67--53.72*-21.13
-53.62+-19.51+-50.14/84.82+82.36*-84.91+20.43*-92.35+24.24+63.87-33.46-62.18-37.54--26.8561.18,53.62--19.51+-50.14+84.82/82.36+-84.91*20.43+-92.35*24.24+63.87+33.46-62.18-37.54--26.85-61.18
--81.24*49.25/1.97*51.1*-29.67*57.69+43.68*26.07/-87.92/-57.29+-63.86*-26.44*-57.88-39.2-33.89,-81.24-49.25*1.97-51.1*-29.67*57.69*43.68+26.07*-87.92/-57.29/-63.86+-26.44*-57.88*39.2--33.89
*-24.66+-54.3*-16.22*41.66*16.05*-89.72--47.69**--92.21*-63.42/23.14+55.41*-18.74*-98.09-92.59,-24.66*-54.3+-16.22*41.66*16.05*-89.72*-47.69--30.12*-92.21--63.42*23.14/55.41+-18.74*-98.09*-92.59
*-12.21+-2.43--61.29-39.88*-0.62*64.94/-10.06+-77.2*0.56*-87.07-16.68--84.33+-27.4--59.56*,-12.21*-2.43+-61.29-39.88--0.62*64.94*-10.06/-77.2+0.56*-87.07*16.68--84.33--27.4+-59.56-75.7
--47.2--21.92+-11.45*-39.26/29.08/-96.96+1.14/-93.85*-82.25+-13.39-15.83*-6.66*-83.88/-43.44-49.88,-47.2--21.92--11.45+-39.26*29.08/-96.96/1.14+-93.85/-82.25*-13.39+15.83--6.66*-83.88*-43.44/-49.88
*-66.83+-43.99--72.96/27.06/-94.34*-59.66+-57.35--46.63--31.64+91.97--16.1*++23.31-92.9332.69,-66.83*-43.99+-72.96-27.06/-94.34/-59.66*-57.35+-46.63--31.64-91.97+-16.1--44.49*23.31+92.93-32.69
-42.67+30.49/16.21/44.06*15.1*70.63/83.18*40.04--32.9/-71.93+-70.24*-64.75+-66.14+-64.12-28.9,42.67-30.49+16.21/44.06/15.1*70.63*83.18/40.04*-32.9--71.93/-70.24+-64.75*-66.14+-64.12+-28.9
*-45.68+91.57--78.87*8.84-15.22+54.75/-90.59-14.43/94.2-48.98*-77.27+-9.63*62.2--85.3541.54,-45.68*91.57+-78.87-8.84*15.22-54.75+-90.59/14.43-94.2/48.98--77.27*-9.63+62.2*-85.35-41.54
*59.66+9.06*98.34+49.46-47.08*32.43+-69.49/15.71/+--6.89+-21.44/-63.75--13.45+-25.2-41.03,59.66*9.06+98.34*49.46+47.08-32.43*-69.49+15.71/46.95/-6.89--21.44+-63.75/-13.45--25.2+-41.03
+37.1+//84.2+-8.42-3.89+3.59*89.39/-23.2+19.1-84.19--37.1*91.84*-58.79--59.0-54.66,37.1+-56.52+84.2/-8.42*3.89-3.59+89.39*-23.2/19.1+84.19--37.1-91.84*-58.79*-59.0--54.66
-95.92+-84.92*93.65+*--85.33+-47.19*37.72/-37.77+6.64--89.37/64.63*5.6/-73.49/88.1495.04,95.92--84.92+93.65*80.84+-85.33--47.19+37.72*-37.77/6.64+-89.37-64.63/5.6*-73.49/88.14/95.04
--48.75*-44.4+0.55--83.79+58.85--1.13-46.29+-58.05*20.7*-92.32*-85.37*47.76*-33.45/51.43-16.32,-48.75--44.4*0.55+-83.79-58.85+-1.13-46.29--58.05+20.7*-92.32*-85.37*47.76*-33.45*51.43--16.32
*-12.07*-48.64/74.91+-76.37-26.02/85.15/15.77--57.58-**84.66*61.68-24.87/-+-13.91-7.99,-12.07*-48.64*74.91/-76.37+26.02-85.15/15.77/-57.58-40.94-84.66*61.68*24.87--68.54/-13.91+-7.99
*35.91+-41.6+1.3-30.32*36.1+-27.28*-41.15--26.95/-63.69/98.28*44.72/-67.31--28.22/-11.2639.0,35.91*-41.6+1.3+30.32-36.1*-27.28+-41.15*-26.95--63.69/98.28/44.72*-67.31/-28.22--11.26/39.0
+-48.77+42.75+72.05*28.58+81.02*-57.13*-83.91/-32.23*14.08+38.2/79.49-73.66*-49.55/-64.16-4.49,-48.77+42.75+72.05+28.58*81.02+-57.13*-83.91*-32.23/14.08*38.2+79.49/73.66--49.55*-64.16/-4.49
-17.04--93.98+-37.63*68.99+++24.66*-44.16/-55.97/2.75/-+1.21+-30.01--47.9+49.9440.16,17.04--93.98--37.63+68.99*25.06+24.66+-44.16*-55.97/2.75/-82.88/1.21+-30.01+-47.9-49.94+40.16
/89.54/-99.31*94.07+37.88--33.66-56.81/-45.13/-56.39--76.79*-9.05+-81.78-78.45--29.91*-62.432.24,89.54/-99.31/94.07*37.88+-33.66-56.81--45.13/-56.39/-76.79--9.05*-81.78+78.45--29.91--62.43*2.24
-23.45--3.87***8.43+-54.12+62.6/-6.41-48.26-//-46.73+-20.86+40.99+79.61--42.06-80.81,23.45--3.87--91.58*8.43*-54.12+62.6+-6.41/48.26-46.44--46.73/-20.86+40.99+79.61+-42.06--80.81
/74.44+46.38-75.37+29.46/-38.3*-77.68+-95.05/11.35*-75.97/-98.77/-7.48/-4.52+-55.85*-0.73-35.39,74.44/46.38+75.37-29.46+-38.3/-77.68*-95.05+11.35/-75.97*-98.77/-7.48/-4.52/-55.85+-0.73+-35.39
+-17.23*-21.64+-9.13+-69.84--92.78--83.2--71.21+-37.72--61.43+97.96+68.34-34.77*95.64/54.9839.58,-17.23+-21.64*-9.13+-69.84+-92.78--83.2--71.21--37.72+-61.43-97.96+68.34-34.77-95.64*54.98/39.58
--56.1+-2.79/-69.43*-98.37*-47.71/-59.81/9.47/-35.83*20.91-8.08+-96.62-64.63+37.58+26.87-5.44,-56.1--2.79+-69.43/-98.37*-47.71*-59.81/9.47/-35.83/20.91*8.08/-96.62+64.63-37.58+26.87+-5.44
*95.15/88.18--45.52*-27.64--77.33/-81.17*-60.58+22.23+-16.6*90.71+-18.48+-93.24/64.2/71.940.51,95.15*88.18/-45.52--27.64*-77.33--81.17/-60.58*22.23+-16.6+90.71*-18.48+-93.24+64.2/71.94/0.51
*-36.71-79.94-15.49--53.1-+/90.17/32.55/83.32*64.08-11.37+47.85/87.21*-76.49--16.147.52,-36.71*79.94-15.49--53.1--5.14-90.17/32.55/83.32/64.08*11.37-47.85+87.21/-76.49*-16.1-47.52
+11.33+-15.61-3.45+-44.24+4.27--90.14--61.87-95.11/62.74*-96.55/-15.19+-23.96--76.61+99.62-64.48,11.33+-15.61+3.45--44.24+4.27+-90.14--61.87-95.11-62.74/-96.55/-15.19/-23.96+-76.61-99.62+-64.48
*-62.56/-4.51-79.71*60.21*62.55*-13.53/70.56/38.51*43.42*67.1*22.99*77.36+-35.1/37.7622.51,-62.56*-4.51/79.71+60.21*62.55*-13.53*70.56/38.51/43.42*67.1*22.99*77.36*-35.1+37.76/22.51
/54.35--9.05+28.37-/*10.39/70.53*-70.39/75.05+-54.58/2.36-48.58*-19.74+22.66+63.8-18.46,54.35/-9.05-28.37+-48.37-10.39*70.53/-70.39*75.05/-54.58+2.36/48.58--19.74*22.66+63.8+-18.46
-46.24*3.87*94.8/-26.56-77.0*32.91/37.3/63.57-28.72*-1.32+32.66+-79.36-/*82.9762.33,46.24-3.87*94.8*-26.56/77.0-32.91*37.3/63.57/28.72--1.32*32.66+-79.36+-15.11-82.97*62.33
--62.03*17.2*-55.43-13.65+22.09*-41.51/49.97/62.38-46.55/-95.42/-20.02+74.44--37.37/-12.47-13.85,-62.03-17.2*-55.43*13.65-22.09+-41.51*49.97/62.38/46.55--95.42/-20.02/74.44--37.37--12.47/-13.85
-95.15*-82.72/63.45+97.05+46.35--56.72-69.83*38.81/-24.98*8.45/62.69/82.9+2.14*92.59-,95.15--82.72*63.45/97.05+46.35+-56.72-69.83-38.81*-24.98/8.45*62.69/82.9/2.14+92.59*53.86
/---30.35-98.67-36.65*19.26-2.92*-5.21*-90.49+15.49*15.1*59.45--25.91+-94.63--48.38-12.04,-82.36/-30.35-98.67-36.65-19.26*2.92--5.21*-90.49*15.49+15.1*59.45*-25.91--94.63+-48.38--12.04
*-55.64/-24.62*15.29+33.54-35.31*27.46-29.59/-67.84/-59.84/-76.26*-6.64+-25.91/64.29*16.51-23.58,-55.64*-24.62/15.29*33.54+35.31-27.46*29.59--67.84/-59.84/-76.26/-6.64*-25.91+64.29/16.51*-23.58
/-82.49-84.85+-68.67+-83.8*28.14*63.44/-41.16/99.95--49.41+82.3+15.06-26.78+-94.25*34.3218.51,-82.49/84.85--68.67+-83.8+28.14*63.44*-41.16/99.95/-49.41-82.3+15.06+26.78--94.25+34.32*18.51
/-31.16/-27.23+25.04*-57.23/*/-25.82+9.4/66.92*-10.33*2.96+88.98*-13.88*17.88*35.1970.32,-31.16/-27.23/25.04+-57.23*18.05/-25.82/9.4+66.92/-10.33*2.96*88.98+-13.88*17.88*35.19*70.32
+-76.81+16.64--58.51--73.48+-10.71--97.38+-65.64/56.9*-20.49*-97.18*-12.67-86.49/69.83--98.611.18,-76.81+16.64+-58.51--73.48--10.71+-97.38--65.64+56.9*-20.49*-97.18*-12.67*86.49-69.83/-98.61-1.18
+-97.0/-31.68*54.43*47.7*-79.81*82.48-36.13+5.95+64.77/29.32--26.92/7.88-79.77/20.2942.0,-97.0+-31.68/54.43*47.7*-79.81*82.48*36.13*5.95+64.77+29.32/-26.92-7.88/79.77-20.29/42.0
+84.14--67.46*-7.19--55.37+64.63-29.69*12.44*88.3+1.78+-38.62--44.22/-57.53*30.82*-62.24-31.11,84.14+-67.46--7.19*-55.37-64.63+29.69-12.44*88.3*1.78+-38.62+-44.22--57.53/30.82*-62.24*-31.11
-88.75+-89.54*-67.47/-66.56*9.28+90.67/-19.65*50.29+-42.32/-17.68+*+-57.79*-23.53-48.76-27.86,88.75--89.54+-67.47*-66.56/9.28*90.67+-19.65/50.29*-42.32+-17.68/-61.72+-57.79+-23.53*48.76--27.86
/-5.53+56.89-28.97*-12.53/-88.24+-23.75*73.35/11.41+53.01*-93.13/-91.83*-19.67--42.87--5.36,-5.53/56.89+28.97--12.53*-88.24/-23.75+73.35*11.41/53.01+-93.13*-91.83/-19.67*-42.87-10.59-5.36
/-78.97*38.67*14.09/59.72--78.32+-60.98--31.31*-56.25*-19.97/-6.92+50.0*79.07+/*86.153.49,-78.97/38.67*14.09*59.72/-78.32--60.98+-31.31--56.25*-19.97*-6.92/50.0+79.07*61.51+86.1-53.49
/-50.61--84.61/81.73/65.47-56.83+68.69*-92.78+-37.43+47.59+-25.97+-32.78+-25.65*12.72*24.37-32.87,-50.61/-84.61-81.73/65.47/56.83-68.69+-92.78*-37.43+47.59+-25.97+-32.78+-25.65+12.72*24.37*-32.87
*-62.46--17.72/-2.33*28.66/84.51/45.72/+*93.0--81.64+-81.17+66.29/-11.67*-60.08*60.92-51.58,-62.46*-17.72--2.33/28.66*84.51/45.72/-83.43/93.0*-81.64--81.17+66.29+-11.67/-60.08*60.92*-51.58
/0.11/57.45*5.72*1.97*16.89--43.88*-58.87/26.98/-63.07+45.94/*/10.07*-85.37+44.966.01,0.11/57.45/5.72*1.97*16.89*-43.88--58.87*26.98/-63.07/45.94+-76.69/10.07/-85.37*44.9+66.01
+-74.31+-85.11/-67.61/31.5*-8.27*46.73+66.57*75.38*-67.15--19.77--58.83*-60.34+-93.18-5.01-6.32,-74.31+-85.11+-67.61/31.5/-8.27*46.73*66.57+75.38*-67.15*-19.77--58.83--60.34*-93.18+5.01--6.32
*63.02+36.9/52.17+14.16-92.93+10.05--97.83--86.53/-38.88-64.72/-44.74/-31.63--58.83-*19.78,63.02*36.9+52.17/14.16+92.93-10.05+-97.83*-86.53--38.88/64.72--44.74/-31.63/-58.83--14.93-19.78
-1.46/22.64+66.01+98.27--32.33+30.8/22.68/-90.99+77.15/2.88*-1.62/85.06--46.04+73.12-48.02,1.46-22.64/66.01+98.27+-32.33-30.8+22.68/-90.99/77.15+2.88/-1.62*85.06/-46.04-73.12+-48.02
-81.09+-83.28+//-90.43-75.78*-85.16--68.52/-82.12+-21.61+-46.1*-75.04+41.8/11.91*-18.99-10.82,81.09--83.28+-56.67+-90.43/75.78--85.16*-68.52--82.12/-21.61+-46.1+-75.04*41.8+11.91/-18.99*-10.82
/-69.3-75.19+34.51*32.16*82.2+/+99.79*-49.79--42.97*14.14/-52.38/-95.46+60.45*-57.2297.36,-69.3/75.19-34.51+32.16*82.2*97.36+99.79+-49.79*-42.97-14.14*-52.38/-95.46/60.45+-57.22*97.36
/18.03--40.36+-38.03+43.53*-56.64/0.7+82.81*56.87+31.34-61.66/-84.43--69.75/-93.68*-61.3523.53,18.03/-40.36--38.03+43.53+-56.64*0.7/82.81+56.87*31.34+61.66--84.43/-69.75--93.68/-61.35*23.53
-39.28*84.32/-91.09/91.45+87.52+87.69-12.64--1.66*-69.94*-15.45--41.28*-91.59+50.17/-8.79-98.74,39.28-84.32*-91.09/91.45/87.52+87.69+12.64--1.66--69.94*-15.45*-41.28--91.59*50.17+-8.79/-98.74
/*/-89.89/-93.57*12.59+26.8--34.32*-94.89-64.4/92.29*65.85/79.15--52.87+28.61/-47.833.69,-59.12/-89.89/-93.57/12.59*26.8+-34.32--94.89*64.4-92.29/65.85*79.15/-52.87-28.61+-47.83/3.69
-33.13+-2.46/-20.21--45.82-65.24--50.39+-8.01+-90.68+42.02-58.8-57.65+-16.92+-73.37--27.84-72.23,33.13--2.46+-20.21/-45.82-65.24--50.39--8.01+-90.68+42.02+58.8-57.65--16.92+-73.37+-27.84--72.23
--79.47+58.76/27.65--46.83/-93.32-15.82-86.35*-22.02*18.48/23.97/42.18*-37.08+39.57*-80.4-7.32,-79.47-58.76+27.65/-46.83--93.32/15.82-86.35--22.02*18.48*23.97/42.18/-37.08*39.57+-80.4*-7.32
+11.42/46.13+52.52*67.42*-25.11*-43.89+39.95*-82.89+-18.49/-50.17/44.54/37.07/4.46/39.7980.2,11.42+46.13/52.52+67.42*-25.11*-43.89*39.95+-82.89*-18.49+-50.17/44.54/37.07/4.46/39.79/80.2
*-20.18/19.18+81.79*45.48*90.84-13.78*45.9/-96.95/5.04+83.35*-83.97--81.05+2.21/-29.22-26.08,-20.18*19.18/81.79+45.48*90.84*13.78-45.9*-96.95-5.04/83.35/-83.97*-81.05-2.21+-29.22/-26.08
/96.72-69.44*-29.82/*/51.27--29.36-48.03+-25.28/99.8-16.78-99.82--16.02/29.41*-54.14-64.94,96.72/69.44--29.82*93.02/51.27/-29.36-48.03--25.28+99.8/16.78-99.82--16.02-29.41/-54.14*-64.94
*91.33+-52.16-94.92/48.34/-97.65--47.88*-79.42--81.48/-58.71*9.31*-77.75-7.44--72.47*79.2892.19,91.33*-52.16+94.92-48.34/-97.65/-47.88--79.42/-81.48--58.71/9.31*-77.75*7.44--72.47-79.28*92.19
///-67.06--90.41/-8.64+-76.71*-24.06/-15.91--79.56+-21.3/-39.94+-17.25+57.37//*4.34-15.93,-22.75/-67.06/-90.41--8.64/-76.71+-24.06*-15.91/-79.56--21.3+-39.94/-17.25+57.37+30.17/4.34*-15.93
-44.47*69.98+-15.47+22.89--57.97+-63.88/22.55+35.44/22.31*-7.12+27.22/55.62+32.4--97.41-30.49,44.47-69.98*-15.47+22.89+-57.97--63.88+22.55/35.44*22.31/-7.12*27.22+55.62/32.4+-97.41--30.49
*30.12*21.16+-7.29*34.33+-30.5*-5.2+54.7+-3.01*-57.68+75.18/62.99-*+-0.32+-95.4417.42,30.12*21.16*-7.29+34.33*-30.5+-5.2*54.7+-3.01+-57.68*75.18+62.99/67.58--0.32+-95.44+17.42
+-43.59*13.93--94.06/-29.77/-19.55*28.14+62.89*26.01+19.64+55.09/78.9*8.17*-36.09--91.04-7.56,-43.59+13.93*-94.06--29.77/-19.55/28.14*62.89+26.01*19.64+55.09+78.9/8.17*-36.09*-91.04--7.56
*45.07+-7.8*-64.51--81.58--44.48/-23.36*-88.43+-81.73+-32.86--76.49*-61.57/-39.51*23.46/92.91-84.04,45.07*-7.8+-64.51*-81.58--44.48--23.36/-88.43*-81.73+-32.86+-76.49--61.57*-39.51/23.46*92.91/-84.04
--76.9/73.45--85.1*-56.57*-54.61+-44.96/-6.99-87.13/77.0+24.51/-93.7-59.03/81.44*75.72-12.66,-76.9-73.45/-85.1--56.57*-54.61*-44.96+-6.99/87.13-77.0/24.51+-93.7/59.03-81.44/75.72*-12.66
+69.24-66.17--80.53*0.62+94.54*62.9--18.44-82.37*74.54/46.11+49.25/-7.13--70.94/90.552.53,69.24+66.17--80.53-0.62*94.54+62.9*-18.44-82.37-74.54*46.11/49.25+-7.13/-70.94-90.5/52.53
+-97.41+-89.34+97.22--2.32+-49.35*37.34*-69.7*-65.55+-52.42+-91.39/43.74-71.09*-88.92/67.8286.09,-97.41+-89.34+97.22+-2.32--49.35+37.34*-69.7*-65.55*-52.42+-91.39+43.74/71.09--88.92*67.82/86.09
/35.4/16.64--79.6+-13.74/-29.69-87.11+-15.3+-25.2-33.63--11.03*-59.45+60.24--97.52+-57.94-23.86,35.4/16.64/-79.6+-13.74+-29.69/87.11--15.3+-25.2+33.63--11.03--59.45*60.24+-97.52--57.94+-23.86
+71.39*-48.24/69.15*-77.57+40.36-59.39/52.92*-37.65/42.74-62.6+74.48+-13.66--77.94+-83.0657.94,71.39+-48.24*69.15/-77.57*40.36+59.39-52.92/-37.65*42.74/62.6-74.48+-13.66+-77.94--83.06+57.94
+-34.78/85.37/-/-23.69+41.16+85.1/-85.51+3.17+-77.13*-92.25--38.27*-50.6--72.74*-21.46-2.18,-34.78+85.37/-27.12/-23.69/41.16+85.1+-85.51/3.17+-77.13+-92.25*-38.27--50.6*-72.74--21.46*-2.18
--23.02+-18.94+-9.76--83.33*-31.81--21.79//+8.85*92.16+19.22/81.69--59.45*-56.29-43.7421.35,-23.02--18.94+-9.76+-83.33--31.81*-21.79-73.18/8.85+92.16*19.22+81.69/-59.45--56.29*43.74-21.35
--23.55--73.44+28.9-88.45*-96.5*97.27*-29.98-77.95/-82.33+-9.01/-18.82-23.59--95.09/-90.9-57.13,-23.55--73.44-28.9+88.45--96.5*97.27*-29.98*77.95--82.33/-9.01+-18.82/23.59--95.09--90.9/-57.13
/-34.18*90.8*40.99+43.11/73.78*92.67+-83.6--90.95+-54.74/9.49*-6.0+-61.02-61.07*80.5378.96,-34.18/90.8*40.99*43.11+73.78/92.67*-83.6+-90.95--54.74+9.49/-6.0*-61.02+61.07-80.53*78.96
+-49.72/91.64+-2.61*-81.17-3.02/46.33*-71.68+-26.43*51.93/69.19/-52.99*-*-74.01--28.2269.04,-49.72+91.64/-2.61+-81.17*3.02-46.33/-71.68*-26.43+51.93*69.19/-52.99/51.09*-74.01*-28.22-69.04
/13.44+-80.46+-66.11/91.32--15.26*-47.89/76.39/39.11/-+79.29*49.83/-5.28*-71.9+-30.2-43.35,13.44/-80.46+-66.11+91.32/-15.26--47.89*76.39/39.11/43.05/79.29+49.83*-5.28/-71.9*-30.2+-43.35
-82.46+91.06+53.57/1.94/69.88-65.36/-50.55*59.6/-31.5*4.71-89.94+9.41/98.26/60.87-27.79,82.46-91.06+53.57+1.94/69.88/65.36*-50.55/59.6*-31.5/4.71*89.94-9.41+98.26/60.87/-27.79
/10.44+40.36-91.4--76.68*-78.77-28.51/73.24--16.43-88.22+-44.83--55.72-76.94--46.16/-18.7235.72,10.44*40.36+91.4--76.68--78.77*28.51-73.24/-16.43-88.22--44.83+-55.72-76.94+-46.16--18.72/35.72
+57.63*78.87/-34.9*91.95*81.46-53.35*-73.04/-46.9+-96.95-47.11/-75.86-74.88+-93.71+-51.9182.84,57.63+78.87*-34.9/91.95*81.46*53.35--73.04+-46.9/-96.95+47.11--75.86*74.88--93.71+-51.91+82.84
-15.94/41.73*-25.98*-45.46*74.46/29.83-13.46/-31.79--57.9+63.89+35.1*41.35--32.43+14.79*,15.94-41.73/-25.98*-45.46*74.46*29.83/13.46--31.79/-57.9-63.89+35.1+41.35*-32.43-14.79+-90.2
--1.59+-6.56+65.2*-27.27/55.39/10.6--11.43*55.01*13.95-21.83*-19.61*64.68-76.61+56.84-82.23,-1.59--6.56+65.2/-27.27*55.39/10.6/-11.43-55.01*13.95*21.83--19.61*64.68*76.61/56.84+-82.23
--80.16+-17.48/82.6/-75.08/-98.3/-96.3--1.35-81.4+-12.72/45.46+-88.72*65.19--38.95-1.3258.39,-80.16--17.48+82.6/-75.08--98.3/-96.3/-1.35-81.4--12.72+45.46/-88.72+65.19*-38.95-1.32-58.39
*28.41+*/25.57-94.07*76.89+4.76/-88.44*33.06*33.87*-27.74--61.05-6.07*12.83*-12.3-51.2,28.41*24.55+25.57/94.07-76.89*4.76+-88.44/33.06*33.87*-27.74/-61.05-6.07-12.83*-12.3*-51.2
*-69.52+-9.22-59.49*-48.89--55.5-33.84-52.98-22.75/76.37+81.57/-57.45-49.53*-87.18/-21.6147.7,-69.52*-9.22+59.49--48.89*-55.5-33.84-52.98+22.75-76.37/81.57+-57.45/49.53--87.18--21.61/47.7
-55.12/65.89/-49.49--94.63-45.63+-23.12+-80.94+21.14/12.7/62.24*-90.25*18.27--65.9*-54.19-55.19,55.12*65.89/-49.49/-94.63-45.63--23.12+-80.94+21.14+12.7/62.24/-90.25*18.27*-65.9--54.19*-55.19
/-96.51//+84.94+-73.08+*--62.8--94.31-41.2--14.93*-81.71--9.72+76.66*-46.94/4.4-17.09,-96.51/-97.97/84.94+-73.08+80.1+-62.8--94.31-41.2--14.93--81.71*-9.72-76.66+-46.94*4.4/-17.09
*15.09/-21.09+-33.83-23.02--58.83+7.59/-14.53+10.4+64.09/51.72/72.87/43.59+-62.46--6.212.07,15.09*-21.09/-33.83+23.02--58.83-7.59+-14.53/10.4+64.09+51.72/72.87/43.59+-62.46+-6.21-2.07
/74.1*-78.59*63.45--77.43/65.53-46.07+61.21/-4.28/*-4.78*95.38--54.73+87.79/76.646.64,74.1/-78.59*63.45*-77.43-65.53/46.07-61.21+-4.28/-37.25/4.78-95.38*-54.73-87.79+76.64/6.64
-15.16--51.04+11.83+80.23+-68.02-55.83+-26.45+15.88+-19.88/1.22/4.45/-57.92-93.28--33.79-90.22,15.16--51.04-11.83+80.23+-68.02+55.83--26.45+15.88+-19.88+1.22/4.45/-57.92/93.28--33.79--90.22
--65.16+-55.04+-20.97*-65.18+18.26/8.95+17.08/-67.8+71.87--29.92*-88.18/-37.75*-96.96**-21.41,-65.16--55.04+-20.97+-65.18*18.26+8.95/17.08+-67.8/71.87+-29.92--88.18*-37.75/-96.96*-77.33*-21.41
+-58.52+-20.57*-64.67+---29.69/47.65-58.35+-82.0-4.96/45.98*37.95+-11.7+-63.25--46.782.65,-58.52+-20.57+-64.67*-51.67+-29.69-47.65/58.35--82.0+4.96-45.98/37.95*-11.7+-63.25+-46.7-82.65
+-90.17-59.12/95.09/54.15--94.5-79.86--56.36+-1.44-13.63--81.88+2.87--70.09+-30.87*--29.31,-90.17+59.12-95.09/54.15/-94.5-79.86--56.36--1.44+13.63--81.88-2.87+-70.09--30.87+51.34*-29.31
-91.86--36.71*-63.0/-47.13*70.45/83.68+68.13-1.01*-85.17*77.44-89.11+64.85--99.67+-6.07/,91.86--36.71--63.0*-47.13/70.45*83.68/68.13+1.01--85.17*77.44*89.11-64.85+-99.67--6.07+5.57
-72.86/84.52--85.96-60.03*73.45+8.17/-77.11--98.77--0.74/9.4/27.98/95.17--76.36+-9.2713.68,72.86-84.52/-85.96-60.03-73.45*8.17+-77.11/-98.77--0.74-9.4/27.98/95.17/-76.36--9.27-13.68
/*+-24.96+-2.66-44.56-62.69+97.02--16.27+27.32*63.29*-27.97+63.38--23.32-14.3+85.8449.94,-57.42/-24.96+-2.66+44.56-62.69-97.02+-16.27-27.32+63.29*-27.97*63.38+-23.32-14.3-85.84+49.94
-69.98/43.99-73.46/-70.2-12.73/-50.04+-63.12+82.69*-64.69--51.94*-57.91-66.42*-77.86+28.64/,69.98-43.99/73.46--70.2/12.73--50.04/-63.12+82.69+-64.69*-51.94*-57.91*66.42--77.86*28.64+-31.19
/-0.24+13.99+3.85+-79.28+42.7*-46.71+-75.96-39.0/-1.06--21.16-52.39/23.46*-15.31++74.8,-0.24/13.99+3.85+-79.28+42.7+-46.71*-75.96+39.0--1.06/-21.16-52.39-23.46/-15.31*-28.38+74.8
*-35.01*-6.44+-52.79-/-36.84-**80.86/65.98*-79.62--24.55+85.98*43.63/8.7+-9.3-59.04,-35.01*-6.44*-52.79+-66.25-36.84--24.02-80.86*65.98/-79.62*-24.55-85.98+43.63*8.7/-9.3+-59.04
/22.88/47.68+18.47*63.57*67.44/43.87-11.74-46.65*-33.91+99.23+-83.64*-40.45-66.92+48.7519.54,22.88/47.68/18.47+63.57*67.44*43.87/11.74-46.65--33.91/99.23+-83.64+-40.45*66.92-48.75+19.54
+-1.86/58.14*86.01/8.88+8.28+-49.65--45.43-56.53/17.13+-32.53*2.24-94.62*79.62-41.9-22.02,-1.86+58.14/86.01*8.88/8.28+-49.65+-45.43-56.53-17.13/-32.53+2.24*94.62-79.62*41.9--22.02
+-19.87+-18.47--10.43+*--22.87+94.99*14.55--48.78--86.77*-36.18-98.19*87.92--33.26+26.67-56.56,-19.87+-18.47+-10.43-40.25+-22.87-94.99+14.55*-48.78--86.77--36.18*98.19-87.92*-33.26-26.67+-56.56
-8.38/58.63+74.04*-66.46+-53.13--31.98*-30.81+20.0-70.5*-23.68+-82.72+-53.79*75.32*0.434.43,8.38-58.63/74.04+-66.46*-53.13+-31.98--30.81*20.0+70.5--23.68*-82.72+-53.79+75.32*0.43*4.43
/38.08-61.94--13.03-37.61--72.8*77.25--49.64/78.1/-17.26/-80.38-79.08*-61.44-6.06*55.31-78.43,38.08/61.94--13.03-37.61--72.8-77.25*-49.64-78.1/-17.26/-80.38/79.08--61.44*6.06-55.31*-78.43
*-51.48+-59.16/23.37/18.08+2.94/-47.76*-62.29/15.41/95.18-9.56/58.87/-9.37*-15.89--98.72-86.64,-51.48*-59.16+23.37/18.08/2.94+-47.76--62.29*15.41/95.18/9.56-58.87--9.37/-15.89*-98.72--86.64
+-43.5/+/-2.1-57.78/64.32+1.0/52.0+-26.64*53.45+27.76*-99.8-75.91--29.23--47.07-53.72,-43.5+0.04/-2.1/57.78-64.32/1.0+52.0/-26.64+53.45*27.76+-99.8*75.91--29.23--47.07--53.72
+-51.41*83.13-7.09--5.88+-77.18/-93.49/74.25*/*93.77/-63.62+-5.06+43.97+-29.77/-3.7688.76,-51.41+83.13*7.09--5.88--77.18+-93.49/74.25/48.82*93.77*-63.62/-5.06+43.97+-29.77+-3.76/88.76
/9.62*-25.45/70.27-80.23-7.66/-24.9+-42.89*-37.45*-54.3-14.31*44.05+64.36/62.28/44.8879.28,9.62/-25.45*70.27/80.23-7.66--24.9/-42.89+-37.45*-54.3*14.31-44.05*64.36+62.28/44.88/79.28
+-99.95-73.45--64.96/39.29--9.93+21.04*27.37--77.08+40.25*12.03+-49.35*96.85*-12.72+-1.29*,-99.95+73.45--64.96-39.29/-9.93-21.04+27.37*-77.08-40.25+12.03*-49.35+96.85*-12.72*-1.29+23.42
-58.59-10.87--50.47-14.06*12.0+-7.79+/--86.53/15.8/-2.09+45.6*9.83*88.29/7.84-87.6,58.59-10.87--50.47-14.06-12.0*-7.79+-24.25+-86.53-15.8/-2.09/45.6+9.83*88.29*7.84/-87.6
--5.32/75.6-35.07+92.0/25.26-74.67/31.23+-50.15/-46.21*27.99/-20.54*32.05/-56.34--20.16-54.75,-5.32-75.6/35.07-92.0+25.26/74.67-31.23/-50.15+-46.21/27.99*-20.54/32.05*-56.34/-20.16--54.75
+-+17.36--94.72/1.41*68.14*96.55--88.99+-14.32--47.0/-99.17*23.81--85.83--79.42-31.7999.87,81.76+17.36+-94.72-1.41/68.14*96.55*-88.99--14.32+-47.0--99.17/23.81+-85.83--79.42-31.79-99.87
+92.8*88.12+/+-53.59/-75.27+10.72+75.54*77.39*22.33-72.69+9.33+62.04/33.92-86.06-83.4,92.8+88.12*-10.79+-53.59+-75.27/10.72+75.54+77.39*22.33*72.69-9.33+62.04+33.92/86.06--83.4
+-33.29*-98.39--40.05+-65.48/-38.87*24.28*-20.17/-85.82+-99.26*-66.5*28.26*31.04--94.59+-96.52-2.25,-33.29+-98.39*-40.05--65.48+-38.87/24.28*-20.17*-85.82/-99.26+-66.5*28.26*31.04*-94.59--96.52+-2.25
/55.09*-64.28*30.85*/*-17.73+79.04*99.44--44.3*-46.84/3.97-27.41+-39.7/9.18*-61.07-74.4,55.09/-64.28*30.85*-94.86*-17.73*79.04+99.44*-44.3--46.84*3.97/27.41--39.7+9.18/-61.07*-74.4
/85.38-56.04*-91.09-94.0/**30.44+35.4*63.28+31.17+-15.05--51.36--60.22-63.77--8.6125.07,85.38/56.04--91.09*94.0-93.47/30.44*35.4+63.28*31.17+-15.05+-51.36--60.22-63.77--8.61-25.07
*60.48*30.73+47.57+-71.74-28.44-95.95--58.74*-7.35*89.86--80.58*20.95+-80.9*-11.04*26.14/,60.48*30.73*47.57+-71.74+28.44/95.95--58.74--7.35*89.86*-80.58-20.95*-80.9+-11.04*26.14*-65.2
--42.95+-7.05/-83.12-43.86+93.03*18.29/-56.0*-9.98+72.6/-22.74-44.89+-7.94-32.94+85.5733.84,-42.95--7.05+-83.12/43.86-93.03+18.29*-56.0/-9.98*72.6+-22.74/44.89--7.94+32.94-85.57+33.84
/6.31--49.26--5.19+-8.61*52.61*92.37--98.82--79.85/-34.85/-99.8+43.39--38.08*-6.15*-28.04-71.77,6.31/-49.26--5.19--8.61+52.61*92.37*-98.82--79.85--34.85/-99.8/43.39+-38.08--6.15/-28.04*-71.77
+74.8-21.78-28.75--71.61-78.67*-31.99*86.24+-48.64/58.5--31.6/-55.79+42.47*20.79/31.41-34.44,74.8+21.78-28.75--71.61-78.67--31.99*86.24*-48.64+58.5/-31.6--55.79/42.47+20.79*31.41/-34.44
+-96.92*92.41+56.66/-17.9/-6.46*-83.21*-69.79-73.67*26.63*12.47-35.87/3.23*5.12*-47.5761.51,-96.92+92.41*56.66+-17.9/-6.46/-83.21*-69.79*73.67-26.63*12.47*35.87-3.23/5.12*-47.57*61.51
--33.93*80.09/66.87+-82.53+55.82*-58.58-48.36-96.38--32.97+-82.13+63.35*-53.39*30.36/96.2236.51,-33.93-80.09*66.87/-82.53*55.82+-58.58*48.36-96.38--32.97--82.13+63.35+-53.39*30.36*96.22/36.51
+71.24/-48.18*68.81*-12.11+-20.51*63.06/25.32/-50.1*-34.48*79.15/69.71/83.51/79.69*-56.3-,71.24+-48.18/68.81*-12.11*-20.51+63.06*25.32/-50.1/-34.48*79.15*69.71/83.51/79.69/-56.3*-86.34
/-91.9/0.69/-10.02*95.64/-53.76/73.84-72.81-74.12/-88.53*18.76*74.61*4.31/52.58-50.9860.27,-91.9/0.69/-10.02/95.64*-53.76/73.84/72.81-74.12--88.53/18.76*74.61*4.31*52.58-50.98-60.27
+19.71-47.16+48.22//--4.65*-27.95/-31.66-28.37*-34.82--6.29*-46.25*27.48--19.37*-62.1329.17,19.71+47.16-48.22+-8.45/-4.65--27.95*-31.66/28.37--34.82*-6.29--46.25*27.48*-19.37--62.13*29.17
-43.74--30.96+52.86/-99.44--50.86*6.64/-98.65+52.95/-58.77/38.7+**41.89-63.91--67.9648.61,43.74--30.96-52.86+-99.44/-50.86-6.64*-98.65/52.95+-58.77/38.7/86.91+41.89*63.91--67.96-48.61
/-65.29+78.14*-56.89/38.81/-89.99+-34.24+29.96*34.28*-94.0-95.28--4.77-2.17*-4.3--53.44-60.84,-65.29/78.14+-56.89/38.81/-89.99/-34.24+29.96+34.28*-94.0*95.28--4.77-2.17--4.3*-53.44--60.84
/-75.31+-18.98--25.71-74.14*-40.99*0.49--62.76*6.48/49.01--60.16*71.05*-55.38/-92.54+*9.01,-75.31/-18.98+-25.71-74.14--40.99*0.49*-62.76-6.48*49.01/-60.16-71.05*-55.38*-92.54/-53.39+9.01
--71.07/90.87/84.67/59.81+40.55--2.35+-67.65--56.81/60.25-65.26--59.35--27.26*-24.95*-86.2963.39,-71.07-90.87/84.67/59.81/40.55+-2.35--67.65+-56.81-60.25/65.26--59.35--27.26--24.95*-86.29*63.39
--35.11/-13.08/-27.02+-15.23*-80.51*23.46+15.52*-41.42+-12.64/-60.04-3.73+-50.53*-70.06/90.53*,-35.11--13.08/-27.02/-15.23+-80.51*23.46*15.52+-41.42*-12.64+-60.04/3.73--50.53+-70.06*90.53/62.31
*-25.87*68.08+16.99/63.5*7.47-45.69/-64.1/-85.28*-80.68+-59.68+36.18/84.55/+/18.23-11.65,-25.87*68.08*16.99*63.5/7.47*45.69--64.1/-85.28/-80.68*-59.68+36.18+84.55/-61.26/18.23/-11.65
/90.08-20.47+99.09+-11.11/-16.68-4.35/-64.44/5.17/-39.09-70.95/83.0/90.54+68.4*-51.2637.06,90.08/20.47-99.09--11.11/-16.68/4.35--64.44/5.17/-39.09/70.95-83.0/90.54/68.4+-51.26*37.06
-9.57-83.49/20.66/-85.05+23.94+48.81/-16.23--61.03--16.66/-59.06+86.04+-42.21*42.68/82.9933.55,9.57-83.49-20.66/-85.05/23.94+48.81+-16.23/-61.03--16.66--59.06/86.04+-42.21+42.68*82.99+33.55
-47.57*-46.05--99.22/43.07/-*-89.73/-71.9--35.77/-74.53+-41.97--88.49-68.21/-88.34/-75.0187.41,47.57--46.05*-99.22-43.07/50.39/-89.73*-71.9/-35.77--74.53/-41.97+-88.49-68.21--88.34/-75.01/87.41
+52.92/-52.22-5.23*77.47/-93.5--39.43-40.02/-65.31/34.47+/--72.9--76.93+60.17+91.49-51.48,52.92+-52.22/5.23-77.47*-93.5/-39.43-40.02--65.31/34.47/54.06+-72.9--76.93-60.17+91.49+-51.48
/13.35-*-8.54+14.54*-50.01+-60.07/-15.11/54.22+-91.68/94.62+61.19+13.08*58.82--42.8732.95,13.35/-37.89-8.54-14.54+-50.01*-60.07+-15.11/54.22/-91.68+94.62/61.19+13.08+58.82*-42.87-32.95
--47.6-67.17+18.32*95.91--69.44//--20.81+96.76-89.66*-14.79--54.8/-50.84+-36.21/-24.28-83.04,-47.6-67.17-18.32+95.91*-69.44--57.91/-20.81-96.76+89.66--14.79*-54.8--50.84/-36.21+-24.28/-83.04
+-15.19*-24.68*50.97*99.75-0.95+-16.14+-26.84/63.47+-63.36*-63.05--83.04+-44.81*-25.0--8.2860.63,-15.19+-24.68/50.97*99.75*0.95--16.14+-26.84+63.47/-63.36+-63.05*-83.04--44.81+-25.0--8.28-60.63
+7.87--21.57/-16.15+-85.82+98.32+55.78/-11.21/30.42/-73.77+-78.97--64.81-80.34-33.43*92.0411.7,7.87+-21.57--16.15/-85.82+98.32/55.78+-11.21/30.42/-73.77/-78.97+-64.81-80.34-33.43-92.04*11.7
*-65.54+44.35*81.23/72.17+-40.0/+--19.56-4.02*-52.34+-45.6*-41.39--12.56-47.41*44.4929.33,-65.54*44.35+81.23*72.17/-40.0+-73.82/-19.56-4.02/-52.34*-45.6+-41.39*-12.56-47.41-44.49*29.33
*32.37-38.64--61.59/36.09--13.97/95.63-92.99*68.62/85.86++/27.63+87.2-90.76*2.0252.82,32.37*38.64--61.59-36.09/-13.97-95.63/92.99-68.62*85.86/-50.53+27.63/87.2+90.76-2.02*52.82
----7.46*-8.45/-74.23/25.74+-22.42+-49.1+34.39*-56.71-17.91*58.64/15.21/-52.56/-15.7-87.15,23.31--7.46--8.45*-74.23/25.74/-22.42+-49.1+34.39+-56.71*17.91-58.64*15.21/-52.56/-15.7/-87.15
+15.02/44.25*-74.91*10.3/84.03/46.08-33.58+80.44*2.09+83.65+-89.39*+/14.51--76.3642.67,15.02+44.25/-74.91*10.3*84.03/46.08/33.58-80.44/2.09*83.65+-89.39+-76.02*14.51/-76.36-42.67
/55.58*43.01+99.52--75.17*31.33+-19.23-29.52/67.79+87.62+-83.63-44.58+88.07/22.28/43.8265.71,55.58/43.01*99.52+-75.17-31.33*-19.23+29.52-67.79/87.62+-83.63+44.58-88.07-22.28/43.82/65.71
-89.34+-17.6/0.2/16.1+91.5--23.6--84.19+29.05+91.48-96.38--87.21*27.68-60.16-16.741.31,89.34--17.6+0.2/16.1/91.5+-23.6--84.19-29.05+91.48+96.38--87.21-27.68*60.16-16.74/1.31
+-64.55+89.46--47.98*12.77/64.4-61.37+35.1/-21.22+-51.21*-66.81*-43.19/90.84+8.94*-12.5999.33,-64.55+89.46+-47.98-12.77*64.4/61.37+35.1+-21.22/-51.21+-66.81*-43.19*90.84/8.94+-12.59/99.33
/67.08+-58.16/41.49+93.48+63.4*53.75/-65.67/-73.91+-21.29*-99.47*31.62/33.12*-54.19+-67.15-9.89,67.08/-58.16+41.49/93.48+63.4+53.75*-65.67/-73.91/-21.29+-99.47*31.62*33.12/-54.19*-67.15+-9.89
/65.68/36.71*0.48/37.94/-71.13*-63.72--16.59*-47.14+-59.7-6.35/-11.54/-23.53+-57.18*31.08-45.78,65.68/36.71/0.48*37.94/-71.13/-63.72*-16.59--47.14*-59.7+6.35--11.54/-23.53/-57.18+31.08*-45.78
-78.47/-31.09/-55.81+28.25+-21.15*44.72/76.54/-45.86+63.78+75.24+12.3/25.14/94.67--73.67-,78.47--31.09/-55.81/28.25+-21.15+44.72*76.54/-45.86/63.78+75.24+12.3+25.14/94.67/-73.67-24.77
/-93.56*-14.24+29.51/2.86-40.9/-90.52+70.42*-43.0+19.55*-81.34/-35.17-2.98*14.53/-23.1442.81,-93.56/-14.24*29.51+2.86/40.9--90.52/70.42+-43.0*19.55+-81.34--35.17/2.98-14.53*-23.14/42.81
+-78.51/69.19*-66.38--80.47*-23.02/-95.68/48.52+-19.79/68.22+45.16-99.8/87.0*-68.5-3.4577.75,-78.51+69.19/-66.38*-80.47--23.02*-95.68/48.52/-19.79+68.22/45.16+99.8-87.0/-68.5*3.45-77.75
*++70.16+81.27*-3.5*-53.83+-30.41*16.87*68.9+32.91--44.84+90.29/64.18+70.11/36.1897.93,59.58*70.16+81.27+-3.5*-53.83*-30.41+16.87*68.9*32.91+-44.84-90.29+64.18*70.11+36.18/97.93
-6.25*85.49*-15.28+-31.66*16.78//*62.92-13.58/-86.01*27.49+-42.47*29.76*54.5--33.7-62.58,6.25-85.49*-15.28*-31.66+16.78*52.07/62.92*13.58--86.01/27.49*-42.47+29.76*54.5*-33.7--62.58
*75.63*-2.68/-23.68*45.61*-85.68*3.77/76.93*62.56/49.45/-47.38/-89.55/-99.48*5.11+92.0683.69,75.63*-2.68*-23.68/45.61*-85.68*3.77*76.93/62.56*49.45/-47.38/-89.55/-99.48/5.11*92.06+83.69
/47.3/39.76--51.28-89.45*+/-75.13--28.35/98.24*91.23+-10.69/-10.81-52.63/-81.87*-72.6451.06,47.3/39.76/-51.28-89.45--9.14*-75.13/-28.35-98.24/91.23*-10.69+-10.81/52.63--81.87/-72.64*51.06
-34.59+-85.43-33.93--42.28-/+-26.36+-65.98-90.31-7.82+-94.13+-97.55*--27.77+-9.6668.97,34.59--85.43+33.93--42.28--28.66--26.36+-65.98+90.31-7.82--94.13+-97.55+81.19*27.77--9.66+68.97
*-76.36/-30.02-99.36*-96.16*51.3-58.81/-84.2*-98.6*-4.48*-11.97/50.62/76.29*-32.77/6.25-95.74,-76.36*-30.02/99.36--96.16*51.3+58.81--84.2/-98.6*-4.48*-11.97*50.62/76.29/-32.77*6.25/-95.74
+85.1+56.78-37.45--34.99--54.44*2.25*-52.25-11.59--20.1--29.4+-88.04/12.01+83.62--42.88-85.32,85.1+56.78+37.45--34.99--54.44-2.25*-52.25*11.59--20.1--29.4--88.04+12.01+83.62+-42.88--85.32
*-58.01--55.69+26.37--42.85-92.6*50.77*-32.22*16.48*11.7-67.37/13.37*-95.27--95.38--55.14-31.3,-58.01*-55.69-26.37+-42.85-92.6-50.77*-32.22*16.48*11.7*67.37-13.37/-95.27*-95.38--55.14--31.3
+97.97--42.26+71.73*-3.48/14.76+46.84+60.7-55.12+-32.4+52.0--65.09+21.02-47.2/-43.01-14.97,97.97+-42.26-71.73+-3.48*14.76/46.84+60.7+55.12--32.4+52.0+-65.09-21.02+47.2--43.01/-14.97
/60.88-62.51/25.38--30.83*74.13-61.86*-83.31--6.71+81.08-62.26/33.12+4.74*37.15*38.45-47.95,60.88/62.51-25.38/-30.83-74.13*61.86--83.31*-6.71-81.08+62.26-33.12/4.74+37.15*38.45*-47.95
-55.58-**-33.39-74.1*-2.07+79.76--97.22*80.23/-29.44/59.36+12.52/-36.3*-46.76--55.3263.26,55.58--4.42*-33.39*74.1--2.07*79.76+-97.22-80.23*-29.44/59.36/12.52+-36.3/-46.76*-55.32-63.26
/50.07*-52.91+-67.36-73.07*-5.84/-21.02*-73.52/77.78-79.12*7.72/-82.99-78.66--19.21/-51.4285.08,50.07/-52.91*-67.36+73.07--5.84*-21.02/-73.52*77.78/79.12-7.72*-82.99/78.66--19.21--51.42/85.08
*-53.24+66.28*0.9/+*-99.41*-39.43/88.7+-65.18+84.67+-47.47+52.24/16.17-35.39*-8.458.93,-53.24*66.28+0.9*-14.04/-99.41*-39.43*88.7/-65.18+84.67+-47.47+52.24+16.17/35.39--8.4*58.93
+41.25+32.49--35.99*-90.78+-81.76--12.87*-63.4+-77.69+-82.21/89.84--61.68/-89.63*22.33--1.24-83.14,41.25+32.49+-35.99--90.78*-81.76+-12.87--63.4*-77.69+-82.21+89.84/-61.68--89.63/22.33*-1.24--83.14
--35.34*-96.12/66.42*-79.73*-99.59*-26.47*78.58*-66.29+/+62.95+-83.45*97.41+-83.33--10.74-94.14,-35.34--96.12*66.42/-79.73*-99.59*-26.47*78.58*-66.29*74.44+62.95+-83.45+97.41*-83.33+-10.74--94.14
*35.27/-19.34/37.91+-72.11+-46.2/17.05/-57.69/42.62--50.23--33.34+80.42+-63.54-37.16+-97.9719.43,35.27*-19.34/37.91/-72.11+-46.2+17.05/-57.69/42.62/-50.23*-33.34-80.42+-63.54+37.16--97.97+19.43
*-85.03*-41.73*99.8*-41.75+-57.48**--99.6+64.08/-37.26+-14.71+51.23*36.22/39.42+-39.040.76,-85.03*-41.73*99.8*-41.75*-57.48+-5.42*-99.6-64.08+-37.26/-14.71+51.23+36.22*39.42/-39.0+40.76
/31.62*-87.99--+14.88+-6.23//*60.31/-21.43/-10.13-41.62*92.58--13.58*21.43-85.5365.6,31.62/-87.99*68.78-14.88+-6.23+66.03/60.31*-21.43/-10.13/41.62-92.58*-13.58-21.43*85.53-65.6
-12.99/-38.74+-6.97*-24.95/72.75/74.94+71.14*5.59-17.19*-6.86*-97.52/72.88+-8.11/-20.756.79,12.99--38.74/-6.97+-24.95*72.75/74.94/71.14+5.59*17.19--6.86*-97.52*72.88/-8.11+-20.75/6.79
+-16.49/98.36/54.71*-38.73+-89.32+-/-70.89+49.02*11.54/51.71*13.71/-0.86--96.13--75.3210.78,-16.49+98.36/54.71/-38.73*-89.32+41.84+-70.89/49.02+11.54*51.71/13.71*-0.86/-96.13--75.32-10.78
/32.44+-42.3+51.21*-*29.51/-34.83/-65.45+77.6/-31.91/-72.34/-94.75/-54.25--60.89/-17.12-93.48,32.44/-42.3+51.21+21.0*29.51*-34.83*-65.45/77.6+-31.91/-72.34/-94.75/-54.25/-60.89--17.12/-93.48
*+/28.3-81.47+-52.39*24.25/81.79-79.6-84.49--66.81*5.46+-83.51+-68.44*-25.18+-2.17-42.45,17.33*28.3/81.47--52.39+24.25*81.79/79.6-84.49--66.81-5.46*-83.51+-68.44+-25.18+-2.17+-42.45
/5.98*14.77/-60.05+17.02+91.21+4.67+-84.92/5.34-34.3/-67.94*-31.87+-87.7--89.12*-51.6448.28,5.98/14.77*-60.05/17.02+91.21+4.67+-84.92+5.34/34.3--67.94/-31.87*-87.7+-89.12--51.64*48.28
+45.28-22.29--80.25--50.07+-30.05/-8.69+20.66+55.0+97.48*98.58*9.51*-36.46*-42.92/-63.845.25,45.28+22.29--80.25--50.07--30.05+-8.69/20.66+55.0+97.48+98.58*9.51*-36.46*-42.92*-63.8/45.25
*4.34--21.31/*/-36.07*78.52+85.13/58.98-80.53/81.29*-78.99+42.98--48.14*-60.11+--7.15,4.34*-21.31--30.71/-36.07/78.52*85.13+58.98/80.53-81.29/-78.99*42.98+-48.14--60.11*59.06+-7.15
--40.05-98.79-33.21+-23.98*-78.51+-96.52+77.2--23.76/59.68+-40.34**/92.0+92.05-5.05-3.43,-40.05-98.79-33.21--23.98+-78.51*-96.52+77.2+-23.76-59.68/-40.34+-99.26*92.0/92.05+5.05--3.43
-/*-87.58/-39.62-38.74+-53.69*11.99*69.1+-51.94*-53.05/-91.66/-71.19/*/-51.48/-29.8956.47,-71.57--87.58*-39.62/38.74--53.69+11.99*69.1*-51.94+-53.05*-91.66/-71.19/71.48/-51.48/-29.89/56.47
*-61.72--58.62-37.05+67.08*-33.75*66.41*-59.43/-22.89*26.46-80.02*-38.92+51.98+78.65+4.59-38.92,-61.72*-58.62-37.05-67.08+-33.75*66.41*-59.43*-22.89/26.46*80.02--38.92*51.98+78.65+4.59+-38.92
/-58.31-18.72+35.46/15.02*70.01*-37.74*-40.06/-16.62*73.16*81.42-/+-38.35/-83.83-3.68-9.48,-58.31/18.72-35.46+15.02/70.01*-37.74*-40.06*-16.62/73.16*81.42*-66.01--38.35+-83.83/3.68--9.48
*+--49.86/1.47/-4.06/-22.47--73.2+23.84*92.1*84.98+-86.94/15.73-88.34*47.15*24.5959.21,62.87*-49.86-1.47/-4.06/-22.47/-73.2-23.84+92.1*84.98*-86.94+15.73/88.34-47.15*24.59*59.21
/-26.92/--67.92*-60.39/-14.58-40.92/38.19/-56.27+24.18*29.07+77.77-20.22-94.51+85.065.98,-26.92/57.22/67.92--60.39*-14.58/40.92-38.19/-56.27-24.18+29.07*77.77+20.22-94.51-85.0+65.98
*-24.08+-79.25+86.19*69.74+-72.93+-43.53/68.16+39.09--86.03*-21.54-75.9-51.87/3.61+86.2581.96,-24.08*-79.25+86.19+69.74*-72.93--43.53+68.16/39.09+-86.03--21.54*75.9-51.87-3.61/86.25+81.96
/68.99--34.5-++-37.04+-89.36/-17.51*-42.43-12.38+-92.94--80.96+-95.35*7.13+99.33+-40.9-30.19,68.99/-34.5--93.65--37.04+-89.36+-17.51/-42.43*12.38--92.94+-80.96--95.35+7.13*99.33+-40.9+-30.19
-6.51*15.78-64.4-56.59-39.2+-94.71+-98.0*-58.63-61.04--37.31*58.34+-7.05+95.83*59.1416.07,6.51-15.78-64.4-56.59-39.2--94.71+-98.0+-58.63*61.04--37.31-58.34*-7.05+95.83+59.14*16.07
*-68.79/93.75-55.03/80.04-82.03-86.75/80.36+10.6*48.4*-47.02+-30.89-1.69*-75.82*-6.6923.26,-68.79*93.75/55.03-80.04/82.03-86.75-80.36/10.6+48.4*-47.02*-30.89+1.69--75.82*-6.69*23.26
--98.25--20.21--7.36+-88.04*60.93--61.56*52.44+34.93*-20.09/34.04*42.92/-27.32*-33.25+43.56-45.56,-98.25--20.21--7.36--88.04+60.93*-61.56-52.44*34.93+-20.09*34.04/42.92*-27.32/-33.25*43.56+-45.56
*99.76/1.52-34.08/44.42*53.23-23.19*-32.88+54.76--29.24-54.1+92.66*49.12--88.81-61.3626.21,99.76*1.52*34.08-44.42/53.23*23.19--32.88*54.76+-29.24-54.1-92.66+49.12*-88.81-61.36-26.21
+-46.11*-96.45--83.47+-45.88/-57.24/61.23-52.79--39.63/-75.25/-68.52+-90.79/49.75*4.22/-35.29-9.61,-46.11*-96.45*-83.47--45.88+-57.24/61.23/52.79--39.63--75.25/-68.52/-90.79+49.75/4.22*-35.29/-9.61
/71.17*73.31/5.16+-4.85*-/47.22*-44.94*-15.37+4.88*12.35*-19.76+-24.57*-28.28/-46.97-75.94,71.17/73.31*5.16/-4.85+57.69*47.22/-44.94/-15.37*4.88+12.35*-19.76*-24.57+-28.28*-46.97/-75.94
*-13.76*-97.03+-48.22*+--85.54/-94.2-95.49--34.18+57.68--24.05+-50.4*90.61+97.69+-9.73-51.0,-13.76--97.03*-48.22+-27.46*-85.54--94.2/95.49--34.18-57.68+-24.05--50.4+90.61*97.69+-9.73+-51.0
*-64.56/-54.7--41.13/-31.06/78.81/-55.14*7.59-4.39/-70.8--76.13--46.97+-80.58/-9.86--84.2482.12,-64.56*-54.7/-41.13--31.06/78.81/-55.14/7.59*4.39--70.8/-76.13--46.97--80.58+-9.86/-84.24-82.12
/77.94*-1.55*13.48*65.86+/*26.87/-69.09*94.71+78.11/-42.51*37.83+17.34+-50.79*3.2333.02,77.94/-1.55*13.48*65.86*5.76+26.87*-69.09/94.71*78.11+-42.51/37.83*17.34+-50.79+3.23*33.02
+77.24*-87.12-64.24+21.5*62.4/80.0*-73.58+4.12/73.7+-57.87*5.55--16.36*31.76*-90.11-56.04,77.24+-87.12*64.24-21.5+62.4*80.0*-73.58*4.12+73.7/-57.87+5.55--16.36-31.76*-90.11*-56.04
+-54.98*-63.29-23.06-31.55-14.65+-89.87/18.56-86.45+5.07/53.81+-82.02*50.72+-30.33/29.09-64.72,-54.98+-63.29*23.06-31.55-14.65--89.87+18.56/86.45-5.07+53.81/-82.02*50.72*-30.33+29.09/-64.72
-63.03+-53.04--91.3--15.62*81.91+-49.15-98.78-33.46/-24.52/1.69+-49.43-7.0+24.16/85.34/,63.03--53.04+-91.3--15.62-81.91*-49.15+98.78-33.46--24.52/1.69/-49.43+7.0-24.16+85.34/60.72
*12.29*75.43--45.19+-36.47-1.88+-35.71+19.82-29.57/53.22--57.34/-75.84-62.85+-17.97*79.92-39.07,12.29*75.43*-45.19--36.47+1.88--35.71/19.82+29.57-53.22/-57.34--75.84/62.85--17.97+79.92*-39.07
*86.67*47.3*79.98--9.1*42.75/37.92-34.99+43.66*-42.77+--47.69*-95.96*-70.1*76.2-32.63,86.67*47.3*79.98*-9.1-42.75*37.92/34.99-43.66+-42.77*86.91+47.69--95.96*-70.1*76.2*-32.63
+-63.43+45.94/-85.18*/--49.81--72.11*14.1--70.33*-*-9.52/32.8*-36.42/5.61/-18.522.45,-63.43+45.94+-85.18/-31.21*-49.81--72.11-14.1*-70.33-12.18*-9.52*32.8/-36.42*5.61/-18.52/2.45
/-73.93+-1.01+66.34/25.16--58.99*//93.35/27.69+82.4/-34.13+-32.36-61.46+-44.36*91.47-61.75,-73.93/-1.01+66.34+25.16/-58.99--55.93*93.35/27.69/82.4+-34.13/-32.36+61.46--44.36+91.47*-61.75
+63.45--28.8--70.38-77.27+43.89*43.27/70.23/-8.77-3.95*56.65*8.14/-61.43/83.61+20.92-55.9,63.45+-28.8--70.38-77.27-43.89+43.27*70.23*-8.77/3.95-56.65*8.14*-61.43/83.61/20.92+-55.9
*69.18*40.84--30.11*-27.88*-25.18--72.89/52.04--81.12-+/-51.05+91.93-20.33+49.36--66.41-94.37,69.18*40.84*-30.11--27.88*-25.18+-72.89-52.04/-81.12-34.65--51.05/91.93+20.33-49.36+-66.41--94.37
+29.64/-40.74/-49.96-14.43--24.23/-35.01--89.22*-49.96/-88.35+-22.25+66.4*95.43/-55.07/27.7-69.45,29.64+-40.74/-49.96/14.43--24.23--35.01/-89.22--49.96*-88.35/-22.25+66.4+95.43*-55.07/27.7/-69.45
/56.96*80.67-48.5/+/-48.98/6.49/4.88-*+-65.83+5.93*65.5-40.77/21.04/-56.54-31.25,56.96/80.67*48.5--96.13/-48.98/6.49/4.88/68.2--65.83+5.93+65.5*40.77-21.04/-56.54/-31.25
*-94.34+23.69+74.8/-59.43+---16.66+-86.43-/--79.56-70.08/-62.79/-84.99-77.97/44.36-21.42,-94.34*23.69+74.8+-59.43/3.38+-16.66--86.43+-20.82--79.56-70.08--62.79/-84.99/77.97-44.36/-21.42
+-38.74+-30.97/63.39*44.26/52.46+-4.05/57.29/73.38/37.35/-72.74--81.09--75.43/34.53+*15.96,-38.74+-30.97+63.39/44.26*52.46/-4.05+57.29/73.38/37.35/-72.74*-81.09--75.43-34.53/-52.7+15.96
+-11.52-82.0-39.93+21.76/-89.97/--21.27/**-81.97*61.44*89.29+-35.25/53.26+-46.650.92,-11.52+82.0-39.93-21.76+-89.97/68.12/21.27--87.75/-81.97*61.44*89.29*-35.25+53.26/-46.65+0.92
+5.03+-97.06+-1.36/-64.76/5.51--66.06/50.74/66.6/-68.56/95.62--43.38-27.58*19.76-81.7116.79,5.03+-97.06+-1.36+-64.76/5.51/-66.06-50.74/66.6/-68.56/95.62/-43.38-27.58-19.76*81.71-16.79
/-14.42+-25.63+77.23*83.51/75.77+28.62+-23.46+-45.46/-83.16*0.88/-3.75/-61.6/71.31-81.01-55.46,-14.42+-25.63+77.23+83.51*75.77/28.62+-23.46+-45.46+-83.16/0.88*-3.75/-61.6/71.31/81.01--55.46
*-82.49+-55.22+57.26--76.96*9.47/-90.53+-12.68+-39.36+53.51*37.73+-22.19/71.72/11.36+85.6198.0,-82.49*-55.22+57.26+-76.96-9.47+-90.53/-12.68+-39.36+53.51+37.73*-22.19+71.72/11.36/85.61+98.0
/99.67/35.28+-55.72+-99.27+61.72*-29.94/-10.96*52.32*-41.86-62.42/-42.98/20.43--45.0/35.75-21.1,99.67/35.28/-55.72+-99.27+61.72+-29.94*-10.96/52.32*-41.86*62.42--42.98/20.43/-45.0-35.75/-21.1
+-98.36/-61.85-90.3*31.48--68.78/28.94*-46.58/26.62*-14.27/-30.98/+++-13.28+-29.2194.33,-98.36+-61.85/90.3-31.48*-68.78-28.94/-46.58*26.62/-14.27*-30.98/-14.96/-18.39+13.28--29.21+94.33
+-85.76/70.67+-2.32*96.09-/--26.63+85.16*-87.06*93.33/73.52/-0.69*14.63--36.14+-1.15-46.81,-85.76+70.67/-2.32+96.09*36.99--26.63-85.16+-87.06*93.33*73.52/-0.69/14.63*-36.14--1.15+-46.81
-57.06--69.4*96.46*-66.15/-63.16*9.66--60.15-28.19*59.7/-87.16/-/-42.93+59.3/77.8143.52,57.06--69.4-96.46*-66.15*-63.16/9.66*-60.15-28.19-59.7*-87.16/59.82/-42.93/59.3+77.81/43.52
/25.44+-40.58*-31.57/41.55/-51.69+19.98-52.25*-56.07--10.1*-76.45+-9.56---76.92*58.85-12.63,25.44/-40.58+-31.57*41.55/-51.69/19.98+52.25--56.07*-10.1--76.45*-9.56+-53.52-76.92-58.85*-12.63
+-38.96/-75.51+-62.09/22.89/3.14--77.48/-97.9+27.43*-35.41+-89.44-89.2/32.52*-27.01--78.31-95.31,-38.96+-75.51/-62.09+22.89/3.14/-77.48--97.9/27.43+-35.41*-89.44+89.2-32.52/-27.01*-78.31--95.31
--66.12/-18.45/-35.5+50.53-96.58*6.69--58.64+-19.15+36.85*2.93/20.14/2.14+54.37*97.14-66.97,-66.12--18.45/-35.5*50.53+96.58-6.69*-58.64--19.15+36.85+2.93*20.14/2.14/54.37+97.14*-66.97
+95.44/50.88*96.11/-22.94*26.45*-9.31*90.54/-13.35+43.71*/-14.48*-99.53*6.45+55.3525.48,95.44+50.88/96.11*-22.94/26.45*-9.31*90.54*-13.35/43.71+-65.46*14.48--99.53*6.45*55.35-25.48
+2.53*48.0/-19.99--73.44*9.5+36.86*13.14*-97.2+33.33--70.3/-48.34*19.69+-3.02+90.8335.43,2.53+48.0*-19.99/-73.44-9.5/36.86/13.14*-97.2*33.33+-70.3--48.34/19.69*-3.02+90.83+35.43
/-7.62/35.49/-77.85*44.93*66.52--93.59*-66.07/*/88.53/-12.36+-70.17*18.5+23.43-69.1945.99,-7.62/35.49/-77.85/44.93*66.52*-93.59--66.07*-67.52/88.53/-12.36/-70.17+18.5*23.43+69.19-45.99
-1.61*-78.12*87.38/66.16+-84.64--54.93/-*-56.2/-88.08-35.33+-5.45--86.36*91.65--18.441.51,1.61--78.12*87.38*66.16/-84.64+-54.93-15.95/-56.2*-88.08/35.33--5.45+-86.36-91.65*-18.4-41.51
/-58.93/38.94/14.04+17.81+55.02/-23.69/-13.17*-38.53+-32.81/-19.0--41.91--37.13+67.31*-70.22-34.71,-58.93/38.94/14.04/17.81+55.02+-23.69/-13.17/-38.53*-32.81+-19.0/-41.91--37.13-67.31+-70.22*-34.71
--31.21/-14.67+-37.41*-7.02--45.96/-64.26+-+19.36-52.41--64.66/-76.74/76.05+79.75+23.7257.89,-31.21--14.67/-37.41+-7.02*-45.96--64.26/-65.85+19.36+52.41--64.66--76.74/76.05/79.75+23.72+57.89
-38.39--77.26+75.35++*85.98*1.9+78.66-83.95*46.08+31.13*-15.44+29.01--71.97+23.47-94.91,38.39--77.26-75.35+6.71+85.98*1.9*78.66+83.95-46.08*31.13+-15.44*29.01+-71.97-23.47+-94.91
*36.95-51.43+85.98+-33.95+36.34+44.48*-67.12*-57.75/-34.06+48.24*77.12*4.21--47.45+-5.19-9.37,36.95*51.43-85.98+-33.95+36.34+44.48+-67.12*-57.75*-34.06/48.24+77.12*4.21*-47.45--5.19+-9.37
+16.98-48.32+69.17/61.69-95.14+-68.12--69.96+94.74--/-8.64*13.21--94.18*82.84*65.23-90.05,16.98+48.32-69.17+61.69/95.14--68.12+-69.96-94.74+75.04--8.64/13.21*-94.18-82.84*65.23*-90.05
*-91.38*-8.15/-28.52+-79.95*-40.02-53.21*1.06/30.86-31.18*91.77+59.68/-24.97*-64.54*-60.97-80.07,-91.38*-8.15*-28.52/-79.95+-40.02*53.21-1.06*30.86/31.18-91.77*59.68+-24.97/-64.54*-60.97*-80.07
--16.74+32.23/-86.44*-57.16+-4.71/66.32+-86.3/58.54-95.89-75.59/43.06+-71.49*51.25+-51.73-21.15,-16.74-32.23+-86.44/-57.16*-4.71+66.32/-86.3+58.54/95.89+75.59-43.06/-71.49+51.25*-51.73+-21.15
*-69.62--24.62+-52.67-82.56/30.87--8.27+1.56--94.04--12.78/-56.34+29.86+-3.13/11.27+-97.5511.72,-69.62*-24.62--52.67+82.56-30.87/-8.27-1.56+-94.04--12.78--56.34/29.86+-3.13+11.27/-97.55+11.72
-97.32*59.65*-85.36-52.68*-12.77/-6.02*69.49+-54.86/-95.11--21.63*-15.09/-66.04+*--56.51-82.16,97.32-59.65*-85.36*52.68--12.77*-6.02/69.49*-54.86+-95.11/-21.63*-15.09*-66.04/95.1+-56.51--82.16
--43.64+-55.25/74.34*+*-16.63--80.22*-60.42/---31.41+87.19-20.04--41.29*80.92*-46.19-10.62,-43.64--55.25+74.34/90.31*-16.63*-80.22--60.42*74.19/-31.41-87.19+20.04--41.29-80.92*-46.19*-10.62
--42.4/-57.28/-11.87*-43.09-7.75--74.29+57.93*-19.56*72.55/-4.03*93.91-10.2--47.19/-32.84-27.0,-42.4--57.28/-11.87/-43.09*7.75--74.29-57.93+-19.56*72.55*-4.03/93.91*10.2--47.19--32.84+-27.0
--25.96+-7.16--53.85/-73.17/-96.39/99.01*53.8*-35.57/-35.46*97.87*41.93+17.34*-0.92*70.7278.81,-25.96--7.16+-53.85--73.17/-96.39/99.01/53.8*-35.57*-35.46/97.87*41.93*17.34+-0.92/70.72*78.81
*-95.24+57.59--35.75-2.54+-17.42+-2.29+40.78-/-18.1*-50.27*48.16+12.56*-41.37/18.4950.52,-95.24*57.59+-35.75-2.54--17.42--2.29+40.78+40.97-18.1--50.27*48.16*12.56+-41.37*18.49/50.52
+83.38/-41.43*34.98/95.4-63.29/-4.15/-18.99/-61.56/-87.77-51.24+-66.49-+*82.39*43.83-62.73,83.38+-41.43/34.98*95.4/63.29--4.15/-18.99/-61.56/-87.77/51.24--66.49+93.29-82.39*43.83*-62.73
/-24.67*-51.48+-88.55--35.61+-96.62--94.16+-71.22+-23.84+-79.04*-65.12+75.0+-32.76+-7.36+77.9877.22,-24.67/-51.48*-88.55+-35.61--96.62+-94.16--71.22+-23.84+-79.04+-65.12*75.0+-32.76+-7.36+77.98+77.22
+-20.28*-16.78/7.4+71.86*73.81+-46.96/45.31/5.7/-37.72--93.46/-17.77/60.9*-29.54--1.8365.12,-20.28+-16.78*7.4/71.86+73.81*-46.96+45.31/5.7/-37.72/-93.46--17.77/60.9/-29.54*-1.83-65.12
/-80.09--59.5*77.86--69.76*-26.91+93.92/-95.8/-63.84*31.33--37.86+62.99/-23.08/20.48--92.6793.77,-80.09/-59.5-77.86/-69.76--26.91*93.92+-95.8/-63.84/31.33*-37.86-62.99+-23.08/20.48/-92.67-93.77
/-51.81+55.25*93.76/-24.43-89.95*8.71*-17.86+-10.9*-84.62-54.38--80.43+-41.59+40.63--47.9475.53,-51.81/55.25+93.76*-24.43-89.95-8.71*-17.86*-10.9+-84.62*54.38--80.43--41.59+40.63+-47.94-75.53
+-74.59+71.07*-43.44*-83.71+-88.06*-65.55+98.96-41.81+2.19+34.74*-43.82+-82.49--67.61+79.8261.74,-74.59+71.07+-43.44*-83.71*-88.06+-65.55*98.96+41.81-2.19+34.74+-43.82*-82.49+-67.61-79.82+61.74
/33.21/99.65/-19.66/-19.2+90.55+84.53/-78.51+-13.66/93.82/-23.61+97.03-46.26*8.39/95.3699.0,33.21-99.65/-19.66/-19.2/90.55+84.53*-78.51/-13.66+93.82/-23.61/97.03+46.26-8.39*95.36/99.0
/60.05+13.21+-26.62+-22.84/17.38/-21.54+21.66/-86.17/97.18/24.47/36.5/82.69*-29.81+-55.0981.06,60.05/13.21+-26.62+-22.84+17.38/-21.54/21.66+-86.17/97.18/24.47/36.5/82.69/-29.81*-55.09+81.06
+-18.5+37.68+62.8+57.02*34.01+78.59+-75.72*-83.29+63.17/-37.17*/+1.95*-66.65*26.22-13.55,-18.5+37.68+62.8+57.02+34.01*78.59+-75.72+-83.29*63.17+-37.17/83.1*1.95+-66.65*26.22*-13.55
--22.24+23.89/77.94--65.18+-75.06*-36.39*79.9*-93.84+-53.42/-46.7+88.94*93.35*19.33*-84.7645.62,-22.24-23.89+77.94/-65.18--75.06+-36.39*79.9*-93.84*-53.42+-46.7/88.94+93.35*19.33*-84.76*45.62
+78.87-67.26*-30.14/-89.55+-30.11-45.59/57.45--88.85*-8.5/-9.09+*/-55.38-6.91/-40.4961.61,78.87+67.26+-30.14*-89.55/-30.11+45.59-57.45/-88.85--8.5*-9.09/5.92+-55.38/6.91--40.49/61.61
/69.28*86.88+70.66--62.75/1.78*-85.28+77.94/97.97*-50.83--76.95+28.43*-24.76--59.68/59.21-84.16,69.28/86.88*70.66+-62.75-1.78/-85.28*77.94+97.97/-50.83*-76.95-28.43+-24.76*-59.68+59.21/-84.16
+-62.53*86.91*1.83/7.08*-4.26*-3.87*29.37+-27.89/-76.6--84.15+-19.74--90.83/-14.6*61.22-57.7,-62.53+86.91/1.83*7.08/-4.26*-3.87*29.37*-27.89+-76.6/-84.15--19.74+-90.83--14.6/61.22*-57.7
*-69.0/0.82+-98.42-16.27*-34.98/61.86-36.26*-97.83*92.82/41.38-3.76*-14.66+-66.97/91.080.36,-69.0*0.82/-98.42+16.27--34.98*61.86/36.26--97.83*92.82*41.38+3.76/-14.66*-66.97+91.0/80.36
+-89.12*60.52-16.72/75.69*68.65--81.72+23.21*-82.45/-20.61/-66.43+89.94+39.06+-38.14/1.4114.0,-89.12+60.52*16.72-75.69/68.65*-81.72-23.21--82.45*-20.61/-66.43-89.94+39.06+-38.14+1.41/14.0
/-87.55+-0.54-/*-24.7--42.2*-80.14/-15.62/84.54--92.18*-31.89/37.93+62.06*37.08*25.33-54.83,-87.55/-0.54+99.86--24.7*-42.2--80.14*-15.62/84.54/-92.18--31.89*37.93/62.06+37.08*25.33*-54.83
*-72.24+48.87**-25.8*83.42-42.47--22.17-57.39*85.41+36.16--20.69*61.31*-8.63+-32.26-74.24,-72.24*48.87+20.28*25.8-83.42*42.47--22.17-57.39-85.41*36.16+-20.69-61.31*-8.63*-32.26+-74.24
--13.43-12.86--81.21-44.62+11.79*4.83*93.75-+/-24.43+39.51-70.44+14.88*-8.07-60.7119.33,-13.43-12.86--81.21-44.62-11.79+4.83*93.75*0.61--24.43/39.51+70.44-14.88+-8.07*60.71-19.33
/62.93/47.34*17.13-44.58-81.18*10.48-29.25--20.01/41.29+76.74*-49.35-12.54+-20.3-16.66-,62.93/47.34/17.13*44.58-81.18-10.48*29.25--20.01-41.29/76.74+-49.35*12.54+-20.3+16.66-33.95
+92.45--8.73+19.59+++-48.65*1.68-70.74+43.23*-18.64/88.96+-2.29*37.04/-20.91--67.752.89,92.45+-8.73-19.59+-20.81+-48.65+1.68*70.74-43.23/-18.64*88.96/-2.29+37.04*-20.91/-67.7-52.89
+78.05/81.58+12.77*57.71--73.35+-1.16--50.62*88.07*74.86+-37.81/26.85-41.18-91.77*32.1394.39,78.05+81.58/12.77+57.71*-73.35--1.16+-50.62-88.07*74.86*-37.81+26.85/41.18-91.77-32.13*94.39
/8.22*33.82+-37.36/57.77*-54.49*-64.47--56.86+17.09+-91.55-81.28-12.54/70.89+-91.56/-82.1175.61,8.22/33.82*-37.36+57.77/-54.49*-64.47*-56.86-17.09+-91.55+81.28-12.54-70.89/-91.56+-82.11/75.61
-81.51+-33.7--22.53-90.92--64.9/-77.73+37.65/52.53+55.69--0.38-**85.73+-93.15-13.8-25.59,81.51--33.7+-22.53-90.92--64.9--77.73-37.65+52.53/55.69+-0.38--58.08-85.73*-93.15+13.8--25.59
/-74.05-+--57.29/42.07/25.9*-52.83+23.67/99.43-23.51/42.55+8.68/5.8/65.28*-38.07-85.86,-74.05/70.75--57.29-42.07/25.9/-52.83*23.67+99.43/23.51-42.55/8.68+5.8/65.28/-38.07*-85.86
*31.12*-17.79-78.48/-1.11+63.75+94.73*46.62*-84.04/92.35+-56.08/-12.81--67.51/-43.91--84.5291.9,31.12*-17.79*78.48--1.11/63.75+94.73+46.62*-84.04*92.35/-56.08+-12.81/-67.51--43.91/-84.52-91.9
--96.85+60.72/-12.54*-29.65-15.65*-62.36/-49.09+-15.53*22.73/24.31-16.7/49.2+13.01/36.6161.68,-96.85-60.72+-12.54/-29.65*15.65--62.36*-49.09/-15.53+22.73*24.31/16.7-49.2/13.01+36.61/61.68
+90.61*-83.58*-31.44*46.62-+-4.96--86.74*-50.9/-39.37--51.76+60.08/-97.8*-23.13+14.1-98.47,90.61+-83.58*-31.44*46.62*1.47-4.96--86.74--50.9*-39.37/-51.76-60.08+-97.8/-23.13*14.1+-98.47
-40.06+-89.98-76.71+32.95+-92.95*64.07*-53.04*63.44*-55.26/51.77-49.17+77.89/-19.12--69.08-63.76,40.06--89.98-76.71-32.95+-92.95+64.07*-53.04*63.44*-55.26*51.77/49.17-77.89+-19.12/-69.08--63.76
*95.42*+/-26.15*-83.74+62.53-96.77*-15.01*-59.75--9.86/46.96+-65.71-93.32/76.89/84.1672.72,95.42*52.65*-26.15/-83.74*62.53+96.77--15.01*-59.75*-9.86-46.96/-65.71+93.32-76.89/84.16/72.72
*-38.29+-23.11-39.27+25.24--35.64*8.96+-23.08/71.48*86.1*-29.56*-33.97--50.27--44.22-75.85*,-38.29*-23.11+39.27-25.24+-35.64-8.96*-23.08+71.48/86.1*-29.56*-33.97*-50.27--44.22-75.85-16.52
+-92.27/-99.08*82.84/10.0*95.48/65.53+*+-8.4*-89.21--1.65*-93.91*75.03+-61.49*93.44-16.18,-92.27+-99.08/82.84*10.0/95.48*65.53/72.55+-8.4+-89.21*-1.65--93.91*75.03*-61.49+93.44*-16.18
+-20.48*10.01-34.17/98.93--90.64/64.12--45.45--7.14--65.7/18.59-84.69--59.73*-51.48--24.1441.4,-20.48+10.01+34.17-98.93/-90.64-64.12/-45.45--7.14--65.7-18.59/84.69--59.73--51.48*-24.14-41.4
+-38.78+-93.79/-57.39--6.84--50.61--54.29*-7.03*++56.21/33.99*-44.02/61.26*71.23--34.98-51.08,-38.78+-93.79+-57.39/-6.84--50.61--54.29--7.03*67.69*56.21+33.99/-44.02*61.26/71.23*-34.98--51.08
--38.81+49.67/90.11/-37.63*6.18-3.36/-45.79*-45.41-68.63/-47.16/-7.54/-57.65/*--11.89-88.27,-38.81-49.67+90.11/-37.63/6.18*3.36--45.79/-45.41*68.63--47.16/-7.54/-57.65/-19.51/-11.89--88.27
+48.54/78.38*-78.96*-67.75/-85.42/-31.38+-36.16/77.83+73.19*40.98*---54.73/-30.68*83.1149.7,48.54+78.38/-78.96*-67.75*-85.42/-31.38/-36.16+77.83/73.19+40.98*83.88*-54.73--30.68/83.11*49.7
*-81.63**+-53.97/66.88/26.62--71.73/-57.27*-6.12*-59.36-7.63-25.79/-78.45+48.71--34.2821.94,-81.63*92.48*-53.97+66.88/26.62/-71.73--57.27/-6.12*-59.36*7.63-25.79--78.45/48.71+-34.28-21.94
/3.99/-74.8/-17.85*90.99--75.7*58.44-82.5/-12.37--26.34+4.17+8.66*-64.46/-20.02/89.41-97.33,3.99/-74.8/-17.85/90.99*-75.7/58.44*82.5--12.37/-26.34-4.17+8.66+-64.46*-20.02/89.41/-97.33
-96.69--45.68*-86.22+71.44+-37.12+51.06/-2.86--14.58--38.81--73.47+6.99/8.54+-23.18--6.0251.19,96.69--45.68--86.22*71.44+-37.12+51.06+-2.86/-14.58--38.81--73.47-6.99+8.54/-23.18+-6.02-51.19
+-19.66*-33.28/4.14-81.61-77.71*-59.68*/-84.74/-69.4/-46.94+89.64/94.65-32.2*-76.03-96.04,-19.66+-33.28*4.14/81.61-77.71--59.68*31.05*84.74--69.4/-46.94/89.64+94.65/32.2--76.03*-96.04
+-41.51+-36.43*-96.64--95.79/62.65+-42.33-84.31--40.32+69.2--28.6*-6.86-2.79*-92.91/-81.296.77,-41.51+-36.43+-96.64*-95.79-62.65/-42.33+84.31--40.32-69.2+-28.6--6.86+2.79--92.91*-81.2/96.77
-47.09*-21.18-9.05*-76.81+71.77+21.08+11.65--96.43--29.58+99.2/-1.95/53.9/43.45/-9.729.04,47.09--21.18*9.05--76.81*71.77+21.08+11.65--96.43--29.58-99.2+-1.95/53.9/43.45/-9.7/29.04
-51.39/24.87*26.6/-67.74*-2.14--46.68-55.99+43.4-24.59--38.29*39.64/12.91+58.8--37.77-89.1,51.39-24.87/26.6*-67.74/-2.14*-46.68-55.99-43.4+24.59--38.29-39.64*12.91/58.8+-37.77--89.1
/58.54/99.08--55.32/-52.59+-5.5+10.21*76.4-99.44/94.64/-93.75/-*-75.59+-29.87--47.943.6,58.54/99.08/-55.32--52.59/-5.5+10.21-76.4*99.44-94.64/-93.75/90.38/-75.59*-29.87+-47.9-43.6
-91.9*-58.71+-67.04+-51.77+35.16/95.85*-97.68/22.8+-41.03+-37.77--75.5--21.0-72.74-78.214.1,91.9--58.71*-67.04+-51.77+35.16+95.85/-97.68*22.8/-41.03+-37.77+-75.5--21.0-72.74-78.2-14.1
/-18.28*-5.67*29.36*62.37/-40.81--85.72--22.7*-11.06--66.42*-82.21*90.07/-72.78*81.51/73.35-1.3,-18.28/-5.67*29.36*62.37*-40.81/-85.72--22.7--11.06*-66.42--82.21*90.07*-72.78/81.51*73.35/-1.3
+-84.68*-42.8/-98.32*37.96+-40.08/-77.82/33.15--49.15+*+67.73*53.18-43.54/4.66/-80.1354.77,-84.68+-42.8*-98.32/37.96*-40.08+-77.82/33.15/-49.15--18.29+67.73+53.18*43.54-4.66/-80.13/54.77
*65.99*36.12*59.24+63.26+97.93--95.54*-55.21+-52.53*-4.33+-62.02-83.61+85.01*-94.24--79.57-73.0,65.99*36.12*59.24*63.26+97.93+-95.54--55.21*-52.53+-4.33*-62.02+83.61-85.01+-94.24*-79.57--73.0
+-56.93--89.92*-90.32--9.44--39.59--73.78-13.35+10.62*-55.88*28.2--68.49-81.72*-91.01/56.6467.08,-56.93+-89.92--90.32*-9.44--39.59--73.78-13.35-10.62+-55.88*28.2*-68.49-81.72--91.01*56.64/67.08
+47.09/-64.37/-26.6/38.61+78.33+95.61*76.26-41.94-39.98/-78.42/-41.39--90.17/-35.41*-78.33-10.91,47.09+-64.37/-26.6/38.61/78.33+95.61+76.26*41.94-39.98--78.42/-41.39/-90.17--35.41/-78.33*-10.91
--69.15-49.56*-61.73+-67.5+62.84+52.17-59.7/45.08/80.74*-35.45*54.8/-12.43+-74.92*-21.9789.87,-69.15-49.56--61.73*-67.5+62.84+52.17+59.7-45.08/80.74/-35.45*54.8*-12.43/-74.92+-21.97*89.87
+64.75/-25.4/23.22+-74.92/-6.08*92.48/-25.55+-73.57-17.37*-22.33-57.75/-60.66+-96.04*73.0197.42,64.75+-25.4/23.22/-74.92+-6.08/92.48*-25.55/-73.57+17.37--22.33*57.75--60.66/-96.04+73.01*97.42
*-7.87+-13.87+85.44-22.96-39.87*36.94+-92.38*-90.98+-28.65+96.07+-35.3--89.43*64.99-7.36-45.86,-7.87*-13.87+85.44+22.96-39.87-36.94*-92.38+-90.98*-28.65+96.07+-35.3+-89.43-64.99*7.36--45.86
*-7.79--62.19+-91.45--26.36+72.58+-78.33/12.84--56.06*28.14+42.01+14.55/75.51+-20.61--81.88-79.78,-7.79*-62.19--91.45--26.36/72.58+-78.33+12.84/-56.06-28.14*42.01+14.55+75.51/-20.61+-81.88--79.78
*0.3/-44.24*-81.52+99.89*4.44*-39.3-88.33--40.69+-90.0+-13.12-99.21/-21.96+**23.0466.68,0.3*-44.24/-81.52*99.89+4.44*-39.3*88.33--40.69--90.0+-13.12+99.21*-21.96/2.5+23.04*66.68
-48.15-4.31/-87.69*-90.92//***-92.79*88.91/-23.06+55.15-83.55/-32.32*-28.98*-63.41-37.52,48.15-4.31--87.69/-90.92*-44.27/5.75*-92.79*88.91*-23.06/55.15+83.55--32.32/-28.98*-63.41*-37.52
+-36.91*39.05/88.09-11.31-0.8*47.16*-41.92-47.14--67.46-5.53*-93.87+72.8+95.97-51.4175.61,-36.91+39.05*88.09/11.31-0.8-47.16*-41.92*47.14--67.46-5.53--93.87*72.8+95.97+51.41-75.61
/92.06*8.81--67.4-88.67-20.12--36.48*37.58-20.89+-30.34/-65.43+-21.94+-/49.27*-53.5178.55,92.06/8.81*-67.4-88.67-20.12--36.48-37.58*20.89--30.34+-65.43/-21.94+-75.58+49.27/-53.51*78.55
*13.4/49.8-43.64/-70.09/30.79*6.48-73.45/-67.39*-74.92+5.54+47.55+-13.9/93.61/-39.6465.74,13.4*49.8-43.64--70.09/30.79/6.48*73.45*-67.39/-74.92*5.54+47.55+-13.9+93.61/-39.64/65.74
+28.11/92.55+6.23-83.0/-13.29--10.15+84.2+-72.62-49.07--60.14+6.33/-58.56/-26.87*71.3957.84,28.11+92.55/6.23+83.0--13.29/-10.15-84.2+-72.62+49.07--60.14-6.33--58.56/-26.87/71.39*57.84
/-1.7/-87.58+34.13*-68.49/54.13-62.93*83.76/-61.34*-95.73+70.74/-55.0/56.95--88.3+63.2615.51,-1.7/-87.58/34.13+-68.49*54.13/62.93-83.76*-61.34/-95.73*70.74+-55.0/56.95/-88.3-63.26+15.51
-21.78+76.03-39.84--70.74-90.82+69.14+94.86-1.11*-48.03+1.87*23.96/34.67*-76.21/58.8-10.43,21.78-76.03+39.84--70.74-90.82-69.14+94.86+1.11--48.03*1.87+23.96*34.67/-76.21-58.8/-10.43
--94.03*37.18/-82.45+61.46+-5.51/-11.15/-30.91+-64.94-84.73--76.66-66.15+-71.49*57.21-81.68-94.72,-94.03-37.18*-82.45/61.46+-5.51+-11.15/-30.91/-64.94+84.73--76.66-66.15--71.49+57.21*81.68--94.72
--91.77--70.13+-14.87--63.53/-2.28*-61.98+-53.28--57.33/16.66*82.36//+97.96--34.3/17.45-82.15,-91.77--70.13--14.87+-63.53--2.28/-61.98*-53.28+-57.33-16.66/82.36*92.74/97.96/-34.3-17.45/-82.15
--98.86-78.69/93.85/-68.93--92.56/33.85*75.14/-36.76+-57.76/-27.89+-28.77+20.67+-40.89*77.92-63.95,-98.86-78.69-93.85/-68.93/-92.56-33.85/75.14*-36.76/-57.76+-27.89/-28.77+20.67+-40.89+77.92*-63.95
*88.77+-11.43+4.29-16.52+91.64+23.22-87.52*-63.66/-56.27/33.92--87.98+-83.04/44.79*-9.07-29.89,88.77*-11.43+4.29+16.52-91.64+23.22+87.52--63.66*-56.27/33.92/-87.98--83.04+44.79/-9.07*-29.89
*42.88+-89.26-10.25+-93.23+-39.61/-96.98/-32.3/59.37+-58.69*-92.79+-60.43/38.43-21.42-+38.55,42.88*-89.26+10.25*-93.23+-39.61+-96.98/-32.3/59.37/-58.69+-92.79*-60.43+38.43/21.42--22.85-38.55
*75.09+4.81/-50.91/18.3+-54.84-68.0+-17.57/48.92--17.92/-41.85--61.94*33.82/-25.4+97.2596.35,75.09*4.81+-50.91/18.3/-54.84+68.0--17.57+48.92/-17.92--41.85/-61.94-33.82*-25.4/97.25+96.35
-53.83*88.36*-15.52/-55.71/-79.05+62.9*-14.77*18.42-44.54/-37.33*-55.37-18.25+70.25-/22.92,53.83-88.36*-15.52*-55.71/-79.05/62.9+-14.77*18.42*44.54--37.33/-55.37*18.25-70.25+62.69-22.92
*//-22.21/32.34+-67.24+-33.64/-32.92/-19.81+-14.65/-92.43*//-24.69*7.67/-46.54*68.1853.9,-8.02*-22.21/32.34/-67.24+-33.64+-32.92/-19.81/-14.65+-92.43/42.62*-24.69/7.67*-46.54/68.18*53.9
*76.05*-91.92/70.59/20.63-45.28+-79.6/-60.09--70.65/-2.96+41.13+-72.87*63.68-26.51-77.3674.77,76.05*-91.92*70.59/20.63/45.28--79.6+-60.09/-70.65--2.96/41.13+-72.87+63.68*26.51-77.36-74.77
--2.21+69.93*22.61/-86.76/95.85+-98.26+-72.41/80.92*47.84/53.92/56.44/44.39*/+6.06-50.36,-2.21-69.93+22.61*-86.76/95.85/-98.26+-72.41+80.92/47.84*53.92/56.44*44.39/-93.72*6.06+-50.36
--74.52/-92.78-74.72/64.42+-78.29*65.27/-89.82/-35.25*51.29*-64.2-28.65/30.93*-84.39-81.8-18.04,-74.52--92.78/74.72-64.42/-78.29+65.27*-89.82/-35.25/51.29*-64.2*28.65-30.93/-84.39*81.8--18.04
--75.99--6.61+*//-48.05*-26.65*-31.45*-31.08/-38.97*-33.52/-42.27*90.14+69.81--98.87-65.43,-75.99--6.61--97.04+32.65/48.05--26.65*-31.45*-31.08*-38.97/-33.52*-42.27/90.14*69.81+-98.87--65.43
*29.8*62.12+23.26+-40.3+-63.88--79.01/57.58-53.35+-39.66/++-91.27/56.97+-22.51*24.74-37.81,29.8*62.12*23.26+-40.3+-63.88+-79.01-57.58/53.35--39.66+45.2/-91.27+56.97/-22.51*24.74*-37.81
/-41.46/-97.87--17.03+49.78*99.53+79.78*-90.95-47.19/20.29+24.38--22.96+-50.39/-1.2+-34.87-25.77,-41.46/-97.87/-17.03-49.78+99.53*79.78+-90.95*47.19-20.29/24.38+-22.96*-50.39+-1.2/-34.87+-25.77
/-63.41/98.46-63.97--29.47*41.93*0.78--52.37--19.24/-26.27-30.33/-/63.46/45.26*88.42-20.18,-63.41/98.46/63.97--29.47-41.93*0.78*-52.37--19.24--26.27/30.33--83.86/63.46/45.26/88.42*-20.18
--45.95/-67.5*89.23--33.86+55.6*4.44-24.99+/-96.6/-18.52/-71.63*36.6*-46.08*75.646.42,-45.95--67.5/89.23*-33.86-55.6+4.44*24.99-36.39+96.6--18.52/-71.63/36.6*-46.08*75.6*46.42
/-96.1-33.1/-29.9*61.52*88.93-2.04/-35.9-65.73--72.93-47.0-3.65/18.85*-27.92+-33.778.9,-96.1/33.1--29.9/61.52*88.93*2.04--35.9/65.73--72.93-47.0-3.65-18.85/-27.92*-33.7+78.9
*-41.94-41.79--22.01--94.48*20.38/-14.27--84.53--34.08/33.2-77.17+-30.72+-56.37/9.0+-58.91*,-41.94*41.79--22.01--94.48-20.38--14.27/-84.53--34.08-33.2/77.17--30.72+-56.37+9.0/-58.91+-25.03
/73.68-28.98--54.24+-13.3*65.3/-97.07+-14.61/13.46/83.83*60.59+13.29--88.72+-89.27/12.16-94.69,73.68/28.98--54.24--13.3+65.3*-97.07/-14.61+13.46+83.83/60.59*13.29+-88.72--89.27+12.16/-94.69
/27.23--63.1+-59.66*66.87/18.58--32.55--82.99-10.71*-79.05/+*-18.59*-36.13/14.13--57.8855.42,27.23/-63.1--59.66+66.87*18.58/-32.55--82.99-10.71--79.05*-56.53/-18.59*-36.13*14.13/-57.88-55.42
+50.78+-15.72/-21.7--1.71-30.14--15.75+-4.84+-92.71--90.49+17.67-64.22-82.2-89.11*89.63-73.73,50.78+-15.72+-21.7/-1.71-30.14--15.75--4.84+-92.71+-90.49-17.67+64.22-82.2-89.11-89.63*-73.73
*-99.44-54.18*-71.8+7.44/-65.62-56.64**-45.07+90.25*-68.24/13.78+-82.78/-94.06*15.21-45.25,-99.44*54.18--71.8*7.44+-65.62/56.64-96.85*45.07-90.25+-68.24*13.78/-82.78+-94.06/15.21*-45.25
-+*48.14/66.43+-18.16/-93.4+32.89-27.89/47.46/-18.84/7.69--10.88+-65.89*70.59*24.2236.46,-87.8-48.14*66.43/-18.16+-93.4/32.89*27.89-47.46/-18.84/7.69/-10.88--65.89+70.59*24.22*36.46
*25.51/28.39+-3.88+34.7*81.36*-27.18*-85.62--59.33+65.2--/87.62/-91.36+-95.83--6.3710.07,25.51*28.39/-3.88+34.7+81.36*-27.18*-85.62*-59.33-65.2+46.85-87.62/-91.36/-95.83/-6.37-10.07
-36.4*-3.35+-13.92*20.11*-38.91*72.07/16.37/-75.51+-86.65+65.27*74.2*19.71*-54.45*-68.1279.82,36.4--3.35+-13.92+20.11*-38.91*72.07*16.37/-75.51/-86.65+65.27+74.2*19.71*-54.45*-68.12*79.82
-70.24--24.82*-65.74/66.86+-87.92+-75.23*-5.76-47.35/26.95*19.46--79.27/61.9/65.97*-70.9961.19,70.24--24.82--65.74*66.86/-87.92+-75.23+-5.76*47.35-26.95/19.46*-79.27-61.9/65.97+-70.99*61.19
--69.01--73.16*-24.48/-21.56--85.12+-53.2+-61.69+99.15+54.81*59.77-95.37-21.72--0.14+72.73-71.7,-69.01--73.16--24.48*-21.56/-85.12--53.2+-61.69+99.15+54.81+59.77*95.37-21.72--0.14-72.73/-71.7
/-38.38+10.4-19.89-65.94-88.96--85.27*-19.96*0.61-61.62/40.42+98.03+-51.96+-73.08+27.8-27.62,-38.38/10.4+19.89-65.94-88.96--85.27--19.96*0.61*61.62-40.42/98.03+-51.96+-73.08+27.8+-27.62
+-86.73*-32.49*-48.56*-1.31/14.86-*+-80.73--9.64*30.5--82.9/22.45*-85.78+-99.23*24.4492.1,-86.73+-32.49*-48.56*-1.31*14.86/-85.34--80.73+-9.64-30.5*-82.9-22.45/-85.78*-99.23+24.44*92.1
/62.17/26.71+-14.39--78.87*37.14-1.26--99.27*-41.02+-86.35-77.74*-47.0-39.22-26.58*-11.57-43.64,62.17/26.71/-14.39--78.87-37.14*1.26--99.27--41.02*-86.35+77.74--47.0*39.22-26.58--11.57*-43.64
+22.81/23.59/-45.85/-95.57/-73.87--48.87*81.78+91.24/-16.82*86.7+-56.9--83.41/-72.6*-76.79-81.11,22.81+23.59/-45.85/-95.57/-73.87/-48.87-81.78*91.24+-16.82/86.7*-56.9/-83.41--72.6/-76.79*-81.11
*-55.0-20.9+5.9/-56.19--59.47/68.47*-41.67-71.01*3.69/-78.6/4.91/-86.71*-31.38*-26.034.32,-55.0*20.9-5.9+-56.19/-59.47-68.47/-41.67*71.01-3.69*-78.6/4.91/-86.71/-31.38*-26.0*34.32
--12.85*17.23/22.89+-45.42/-69.71--97.82+36.66+54.04+-66.51+11.25/1.21*-46.67+--64.7-65.2,-12.85-17.23*22.89/-45.42+-69.71/-97.82-36.66+54.04+-66.51+11.25+1.21*-46.67*-85.04+64.7--65.2
-45.15+-37.29/-4.75/-41.94--95.93/-49.77+-97.08-16.06-6.02+87.29-+/-34.98+-65.48-20.3682.46,45.15--37.29+-4.75/-41.94*-95.93--49.77/-97.08+16.06-6.02-87.29+81.39--34.98/-65.48+20.36-82.46
/*/-53.99/58.86*-46.38-42.76/-45.23+-58.25-8.64-77.59/-47.57*17.1/-61.35*15.63/-36.74-55.15,-37.32/-53.99/58.86/-46.38*42.76--45.23/-58.25+8.64-77.59--47.57/17.1*-61.35/15.63*-36.74/-55.15
+16.09*68.95+-71.85+-38.73++*35.53/-18.86+61.47--76.25/-7.72-85.83--20.4+-20.49--63.27-72.15,16.09+68.95*-71.85+-38.73+60.26+35.53*-18.86/61.47+-76.25--7.72/85.83--20.4--20.49+-63.27--72.15
+2.87+33.86/-95.02+-72.35+-67.15*-17.22/-24.84--63.7*-14.48/-19.05--13.73/-22.8+64.87--33.27+,2.87+33.86+-95.02/-72.35+-67.15+-17.22*-24.84/-63.7--14.48*-19.05/-13.73--22.8/64.87+-33.27-31.77
-8.68+46.83-69.36--82.7+-49.86--25.09-62.62/70.0-22.37/77.62-41.78/68.73-0.85+-14.04-81.47,8.68-46.83+69.36--82.7--49.86+-25.09-62.62-70.0/22.37-77.62/41.78+68.73/0.85--14.04+-81.47
-67.94+51.27-78.51+-56.24-96.6++*-99.79-32.56+42.16*-90.65*67.66--1.25/76.9--58.36-97.65,67.94-51.27+78.51--56.24+96.6--44.72+-99.79*32.56-42.16+-90.65*67.66*-1.25/76.9/-58.36--97.65
/-68.64*-88.71/17.69--37.64*81.52-24.21*68.83+-11.8*64.15*23.92/-23.34/51.4/-84.61/82.4477.29,-68.64/-88.71*17.69/-37.64-81.52*24.21-68.83*-11.8*64.15*23.92*-23.34/51.4/-84.61/82.44/77.29
/15.02/-93.4*-33.23*-73.21+-5.94/-71.95-95.56+47.08/-80.02-18.95+91.68*56.41*14.53-15.1883.56,15.02/-93.4/-33.23/-73.21*-5.94+-71.95/95.56-47.08+-80.02/18.95-91.68+56.41*14.53*15.18-83.56
/74.01/-65.45*93.43--31.57-//-32.45--89.02*-75.52/25.73--38.72-10.39--82.77+17.59*-52.85-70.86,74.01+-65.45/93.43*-31.57--66.43--32.45/-89.02--75.52*25.73/-38.72-10.39--82.77-17.59+-52.85*-70.86
/-48.19-6.73*-86.87+-54.02-51.33*-57.46*57.01/69.07-53.67*-74.82/28.18-3.45+39.86+28.0991.11,-48.19/6.73--86.87*-54.02+51.33--57.46*57.01*69.07/53.67--74.82*28.18/3.45-39.86+28.09+91.11
-69.91/41.49+-78.09/*+72.42/3.33+39.75*49.25-25.22+2.58-96.89/81.32--64.39--92.2661.56,69.91-41.49/-78.09+81.23/72.42+3.33/39.75+49.25*25.22-2.58+96.89-81.32/-64.39--92.26-61.56
/41.39/-15.94*92.46-54.35*1.36+/--45.87*-96.71+31.9*2.6*-55.56++-26.04+-21.43-95.11,41.39/-15.94/92.46*54.35-1.36*-27.24+-45.87--96.71*31.9+2.6*-55.56*31.39+26.04--21.43+-95.11
*-22.65+73.01-36.15-9.9-0.08*-26.79-8.75*99.84*-20.79*3.78+-76.99*78.62+-17.37+-26.53-54.59,-22.65-73.01+36.15-9.9-0.08*-26.79*8.75-99.84*-20.79*3.78*-76.99+78.62*-17.37+-26.53+-54.59
--/52.65--35.83-1.1+-54.08*-56.79--59.64/-91.47+13.96/-94.94/-49.34/28.73*39.96+-71.0714.08,-16.87-52.65/-35.83-1.1--54.08+-56.79*-59.64--91.47/13.96+-94.94/-49.34/28.73/39.96*-71.07+14.08
+38.93*30.39/72.43/-67.31-36.49*46.92/47.5/57.47/-32.17/84.59+-65.09*27.15-1.51-18.03-70.81,38.93+30.39*72.43/-67.31/36.49-46.92*47.5/57.47/-32.17/84.59/-65.09+27.15/1.51-18.03--70.81
-63.24+-91.31/-2.52+-99.23+-16.88*37.07-73.14*87.17-41.03*-49.43*97.73*-58.87/-/67.0962.36,63.24--91.31+-2.52/-99.23+-16.88+37.07*73.14-87.17*41.03--49.43*97.73*-58.87*87.15/67.09/62.36
--52.57+0.66/87.37+26.19+87.26/-79.58-2.27*-54.63*64.65--19.86-70.27+-59.72+-10.34*-11.44-44.65,-52.57-0.66+87.37/26.19+87.26+-79.58/2.27--54.63*64.65*-19.86-70.27--59.72+-10.34+-11.44*-44.65
-99.02/-23.08/-92.97-17.43+-33.47*98.62+87.39+-22.56-34.18*91.75+-95.12-64.33*62.94-33.0-23.06,99.02--23.08/-92.97/17.43--33.47+98.62*87.39+-22.56+34.18-91.75*-95.12+64.33-62.94*33.0--23.06
--5.74+-70.25+0.92+6.39-54.79-52.01--16.11/-46.24/38.95-18.97/-80.83/58.84+56.71*-82.83,-5.74+-70.25+0.92+6.39+54.79-52.01--16.11--46.24/38.95/18.97--80.83/58.84/56.71+-36.98*82.83
*-24.8-*+66.59/16.85+-82.41*-52.07+10.21/69.91+5.8*93.72-20.06-80.52-76.58-71.74-5.92,-24.8*-87.98-66.59+16.85/-82.41+-52.07*10.21+69.91/5.8+93.72*20.06-80.52-76.58-71.74--5.92
/-78.57*26.81*69.9--94.05/-36.89+-31.91+-12.51--33.62/57.66/68.99*-76.56+12.34+-63.93*36.8-13.17,-78.57/26.81*69.9*-94.05--36.89/-31.91+-12.51/-33.62-57.66/68.99/-76.56*12.34+-63.93+36.8*-13.17
/33.3/-10.77-40.99+26.3*-30.57/-84.37*-49.51-92.47/40.94+83.38/25.12*-55.49/4.31*-96.7-18.25,33.3/-10.77/40.99-26.3+-30.57*-84.37/-49.51*92.47-40.94/83.38+25.12/-55.49*4.31/-96.7*-18.25
*70.5-74.93//--20.58/19.05+73.0/-44.63--98.21/-6.19/-67.96+-39.14*-8.7+-63.98+14.228.42,70.5*74.93-35.54/-20.58-19.05/73.0+-44.63/-98.21--6.19/-67.96/-39.14+-8.7*-63.98+14.2+28.42
+37.09*+/++87.41/26.69*-28.27/15.92--87.58*-8.73*-48.26*-12.37-93.86-99.16-56.28-6.72,37.09+86.35*51.62/87.41+26.69/-28.27*15.92/-87.58--8.73*-48.26*-12.37*93.86-99.16-56.28--6.72
*66.08*-1.84+79.94/-2.26+47.42+83.67+-11.71+97.18*-20.67/-20.92//+-31.11--2.93--89.5363.11,66.08*-1.84*79.94+-2.26/47.42+83.67+-11.71+97.18+-20.67*-20.92/25.02/-31.11+-2.93--89.53-63.11
/-58.65/-96.51/-89.36+-29.81/-43.63*-35.97*72.4*41.42-51.83/-40.71/90.53/61.14--16.35*-16.381.42,-58.65/-96.51/-89.36/-29.81/-43.63/-35.97*72.4*41.42*51.83--40.71/90.53/61.14/-16.35--16.3*81.42
/-82.95*-22.88-75.73+-96.15-69.83-10.53--0.52+-14.83/-69.91--68.67+-94.6*71.49*-88.16*-0.4251.5,-82.95/-22.88*75.73--96.15+69.83-10.53--0.52--14.83+-69.91/-68.67--94.6+71.49*-88.16*-0.42*51.5
*11.75/-69.17+-4.42+-43.67/46.64--30.68*15.56-0.68/94.7+31.9-31.66/+*-87.37/59.76-65.37,11.75*-69.17/-4.42+-43.67+46.64/-30.68-15.56*0.68-94.7/31.9+31.66-42.42/-87.37*59.76/-65.37
+-55.17*37.29-84.96/-90.62--63.78*-44.78+20.07--40.25*17.84+53.45+9.98+-3.46--26.2*17.77-39.41,-55.17+37.29*84.96--90.62/-63.78*-44.78*20.07+-40.25-17.84*53.45+9.98+-3.46+-26.2-17.77*-39.41
*-24.76/-43.83/-0.97--10.73/6.54-83.62/72.26/92.21--4.84+83.38+-18.92+65.56/77.42--38.78-88.7,-24.76*-43.83/-0.97/-10.73-6.54/83.62-72.26/92.21/-4.84-83.38+-18.92+65.56+77.42/-38.78--88.7
/43.62--79.15/-78.6*53.99*10.18/39.07*-25.15-49.7+99.35/-48.09/84.05-54.35/-76.26-35.6-17.45,43.62/-79.15--78.6/53.99*10.18*39.07/-25.15*49.7-99.35+-48.09/84.05/54.35--76.26/35.6--17.45
--48.57+44.32*95.95-92.52*37.37*62.6*-59.88/93.23*69.45+-5.01/-65.94*38.63+-5.4/-2.09-41.54,-48.57/44.32+95.95*92.52-37.37*62.6*-59.88*93.23/69.45*-5.01+-65.94/38.63*-5.4+-2.09/-41.54
+-24.29+13.26*-68.16/50.18*-34.67*-55.82+-27.3*-97.14--55.61+-30.24/57.94+-1.65/-87.37*-19.2484.54,-24.29+13.26+-68.16*50.18/-34.67*-55.82*-27.3+-97.14*-55.61--30.24+57.94+-1.65+-87.37/-19.24*84.54
/-16.14/-35.27/-16.32*-62.12--87.4--/87.88--29.95-+/-13.96+34.03*-11.3*-60.11*53.37-48.9,-16.14/-35.27/-16.32/-62.12*-87.4-79.29-87.88/-29.95--50.4--13.96/34.03+-11.3*-60.11*53.37*-48.9
+65.27//*25.91+64.44*17.8-93.22/-33.7*-75.66*-5.94*56.01/-71.2--37.53*79.52+99.7-50.77,65.27+75.38/25.91*64.44+17.8*93.22--33.7*-75.66*-5.94*56.01*-71.2/-37.53-79.52*99.7+-50.77
/-78.18*-36.44+-76.01/-86.85-19.57+68.27/-41.15--3.94-57.03/93.92*16.05-26.38/*/94.564.91,-78.18/-36.44*-76.01+-86.85/19.57-68.27+-41.15/-3.94-57.03-93.92/16.05*26.38--61.51/94.5/64.91
/-37.18*-59.77+31.98/77.76--4.75+52.53-0.1/-29.74*11.58/-89.3/-76.8--98.3/-43.7--47.947.98,-37.18--59.77*31.98+77.76/-4.75-52.53+0.1--29.74/11.58*-89.3/-76.8/-98.3--43.7/-47.9-47.98
/74.75/-98.47-46.67/3.1+77.32*-38.78+-5.02/-11.72*6.73-91.96/66.98/53.77*-40.5/37.59-34.64,74.75/-98.47/46.67-3.1/77.32+-38.78*-5.02+-11.72/6.73*91.96-66.98/53.77/-40.5*37.59/-34.64
--24.38+70.38/-90.46--87.85-/--32.67+-18.28/-91.92-8.7*-95.57+-85.69//*-34.13-35.7537.35,-24.38-70.38+-90.46/-87.85-83.04--32.67--18.28+-91.92/8.7--95.57*-85.69+-56.94/-34.13*35.75-37.35
+67.69*-49.96*88.36--97.41/58.41/++-58.28--31.34-35.36*1.55/60.18+2.97+-89.21*-23.744.92,67.69+-49.96*88.36*-97.41-58.41/10.98/-58.28+-31.34-35.36-1.55*60.18/2.97+-89.21+-23.74*4.92
*-33.81/19.24--27.6-45.97/64.97--22.01/-31.11/-27.36+-14.68/31.2/57.93/-26.83*-14.23+-91.9560.14,-33.81*19.24/-27.6-45.97-64.97/-22.01--31.11/-27.36/-14.68*31.2/57.93/-26.83/-14.23*-91.95+60.14
+-50.61-74.63+83.79/-4.01/2.45/31.78+96.43/-11.53*-19.69--15.24/57.06--87.98+99.98/-55.31-29.5,-50.61+74.63-83.79+-4.01/2.45/31.78/96.43+-11.53/-19.69*-15.24-57.06/-87.98-99.98+-55.31/-29.5
+12.08/99.5/0.53--52.49-35.3/-92.64+-39.55--94.98+/+-13.43/78.03/-7.43--80.86*-58.1-85.84,12.08+99.5/0.53--52.49-35.3--92.64/-39.55+-94.98-48.36+-13.43+78.03/-7.43/-80.86--58.1*-85.84
+53.16/67.98/84.95+1.03+26.94/-50.52+68.42*61.75/-77.65--12.9+95.22--6.3*46.62-16.4954.54,53.16+67.98/84.95/1.03+26.94+-50.52/68.42+61.75/-77.65/-12.9-95.22+-6.3-46.62*16.49-54.54
*-44.96/-54.84+5.23*-14.67--18.32/-70.93--53.0*-40.3--2.49/-68.33*27.97+68.63+23.54/99.6649.78,-44.96*-54.84/5.23+-14.67*-18.32--70.93/-53.0--40.3--2.49--68.33/27.97*68.63+23.54+99.66/49.78
-0.71--51.15+24.14--30.91/0.75-17.98/-22.04-45.54/-29.12/34.63*71.77--68.41+-22.23+-63.2456.65,0.71--51.15-24.14+-30.91-0.75/17.98--22.04/45.54--29.12/34.63*71.77*-68.41--22.23+-63.24+56.65
/81.03*87.06/-63.6+-7.76--88.04*-76.25-33.73*-65.33*14.69*25.03*-36.85*-30.82/44.5*22.42-52.13,81.03/87.06*-63.6/-7.76+-88.04--76.25*33.73--65.33*14.69*25.03*-36.85*-30.82*44.5/22.42*-52.13
--80.16*-18.17+-56.44+16.75-88.53*30.98+-92.73/-71.44-36.92/58.31--96.55*15.84*-82.59/28.94-77.88,-80.16--18.17*-56.44+16.75+88.53-30.98*-92.73+-71.44/36.92-58.31/-96.55*15.84*-82.59*28.94/-77.88
+-62.01/-72.56--72.71/-49.75/24.11+-93.05+43.31*-1.32*-9.55+-6.43--24.66+-12.2/18.92/9.53-83.44,-62.01+-72.56/-72.71--49.75/24.11/-93.05+43.31+-1.32*-9.55*-6.43*-24.66--12.2+18.92/9.53/-83.44
/82.48+-67.85*-74.65*-42.76+92.81/89.91*-92.07/-21.97--62.26-60.5+5.89+-86.58/-29.66/6.7518.44,82.48/-67.85+-74.65*-42.76*92.81+89.91/-92.07*-21.97/-62.26-60.5-5.89+-86.58+-29.66/6.75/18.44
/-87.34/20.19*-5.07+52.4/-54.48/58.35--26.1*-75.82*20.18--71.17--55.6+-65.89*27.7+15.84-47.5,-87.34/20.19/-5.07*52.4+-54.48/58.35/-26.1--75.82*20.18*-71.17--55.6--65.89+27.7*15.84+-47.5
+*/-63.34*-91.14-74.96*53.23-34.02/54.81*56.96-52.25/-48.17--24.5+-40.12+34.38--76.8981.62,23.91+-63.34/-91.14*74.96+53.23*34.02-54.81/56.96*52.25--48.17/-24.5--40.12+34.38+-76.89-81.62
/15.1--87.01*55.23/-24.27*98.71*25.68/75.64-94.04/13.56/-72.16-35.55/-3.27/59.81--60.59+,15.1/-87.01+55.23*-24.27/98.71*25.68*75.64/94.04-13.56/-72.16/35.55--3.27/59.81/-60.59-48.53
--23.43*50.18-62.99-21.76*29.65/89.61/37.87*-64.41+57.91+94.35*96.6+-45.99-61.44*-12.61-58.38,-23.43/50.18*62.99-21.76-29.65*89.61/37.87/-64.41*57.91+94.35+96.6*-45.99+61.44--12.61*-58.38
-19.39*8.65*-99.46+-96.6/-26.98/0.57-13.02-99.54/62.31+9.75*-22.72+-88.72--31.93-10.5674.55,19.39-8.65*-99.46*-96.6+-26.98/0.57/13.02-99.54-62.31/9.75+-22.72*-88.72+-31.93+10.56-74.55
--75.43+73.94/33.06/-49.61/-66.12+39.12/-37.39+97.33+71.34*-7.44/30.72+-83.39/-87.42*68.01-70.38,-75.43-73.94+33.06/-49.61/-66.12/39.12+-37.39/97.33+71.34+-7.44*30.72/-83.39+-87.42/68.01*-70.38
*90.01*19.06-31.1/-62.7-1.41+-94.17/-75.84/*/17.82+-87.84/85.23+-43.09-87.89*24.5712.51,90.01*19.06*31.1--62.7/1.41--94.17+-75.84/-69.51/17.82/-87.84+85.23/-43.09+87.89-24.57*12.51
+73.87--97.49+-7.12-10.81+-96.51*56.22*19.33*62.33*81.69*-55.19/-57.51--32.43--38.92*31.6935.05,73.87+-97.49--7.12+10.81--96.51+56.22*19.33*62.33*81.69*-55.19*-57.51/-32.43--38.92-31.69*35.05
-93.0+-87.78-34.71/-24.13+84.52/-82.38--80.37+68.26*53.29/80.06+84.77*-76.98*26.45+57.91-67.87,93.0--87.78+34.71--24.13+84.52+-82.38/-80.37-68.26+53.29*80.06/84.77+-76.98*26.45/57.91+-67.87
+28.76/-4.31*20.59/83.72*-32.78/99.41-69.6--86.1/-45.73*-43.73--0.22*-35.02-15.18+-4.7832.64,28.76+-4.31/20.59*83.72/-32.78*99.41/69.6--86.1--45.73/-43.73*-0.22--35.02*15.18--4.78+32.64
--93.72--29.99+-91.58*-74.56*44.89*26.52/-68.8*-49.91+-0.4-3.64+-1.09-74.25/83.18*0.9674.1,-93.72--29.99--91.58+-74.56*44.89*26.52*-68.8/-49.91*-0.4+3.64--1.09+74.25-83.18/0.96*74.1
+66.29/25.69+-90.61/24.46*34.94*8.34-80.78*-75.36/87.94+-56.69+-78.26+28.5*17.2--81.23-1.25,66.29*25.69/-90.61+24.46/34.94*8.34*80.78--75.36*87.94/-56.69+-78.26+28.5+17.2*-81.23--1.25
-17.2-77.43-84.7*37.88+91.95+27.1/-0.72*-86.96/-27.18-24.9-66.37**--35.84/-15.58*,17.2-77.43-84.7-37.88*91.95+27.1+-0.72/-86.96*-27.18/24.9-66.37--11.07*-35.84--15.58/56.1
-36.18/77.98/-83.96+56.61*-26.93--82.8+13.03/-50.34+-71.01*-17.75/33.01/74.42+49.29*17.32-26.84,36.18-77.98/-83.96/56.61+-26.93*-82.8-13.03/-50.34/-71.01+-17.75+33.01/74.42/49.29+17.32*-26.84
/84.38*-14.45*47.44/-95.19*80.22-94.81/15.31+-5.76--77.53*14.74/83.22/-20.18/-85.88--54.5423.36,84.38/-14.45*47.44*-95.19/80.22*94.81-15.31/-5.76+-77.53-14.74-83.22/-20.18/-85.88/-54.54-23.36
/-17.71-59.88/74.06--68.06/70.18+-73.69/-72.77/-4.89*-6.14/-46.55+51.72+-35.51*-65.31/19.13-84.75,-17.71/59.88-74.06/-68.06-70.18/-73.69+-72.77/-4.89/-6.14*-46.55/51.72+-35.51+-65.31*19.13/-84.75
*53.11/-47.7*23.23*-0.15/-45.9*9.78/82.69/-95.64/6.41/-37.82+90.24+61.16*18.65+59.7-98.95,53.11*-47.7/23.23/-0.15*-45.9/9.78*82.69/-95.64/6.41/-37.82/90.24+61.16+18.65*59.7+-98.95
+67.46-15.99+59.64/93.05+-36.64*-41.43/5.26*-23.74*-4.51-57.5+79.94+-82.26+-81.81*60.841.5,67.46+15.99-59.64+93.05/-36.64+-41.43*5.26/-23.74*-4.51*57.5-79.94+-82.26*-81.81+60.8*41.5
+-49.33/-42.35*74.66--9.0+-84.25/-62.89--88.89-32.62--12.43+-38.79*72.88-60.01/32.64/-10.8635.99,-49.33+-42.35/74.66*-9.0--84.25+-62.89/-88.89-32.62--12.43--38.79+72.88*60.01-32.64/-10.86/35.99
-41.34*10.63-44.41+18.19-67.04--58.63/-62.13+-77.46*-12.15*-82.96-71.07*-56.66+*-69.7955.12,41.34-10.63*44.41-18.19+67.04*-58.63--62.13/-77.46+-12.15*-82.96*71.07--56.66*-16.51+69.79-55.12
/-13.33*32.77*-22.43--74.78/62.17*13.63+41.82/88.42--16.14*22.02-43.15*12.71*8.76*-68.45-,-13.33/32.77*-22.43*-74.78-62.17/13.63*41.82+88.42/-16.14-22.02*43.15-12.71*8.76*-68.45*52.96
+1.62/-6.46--74.14/22.45+-91.53+15.91/-58.53-56.97-96.39/-57.25-69.62+26.38++-64.0521.79,1.62+-6.46/-74.14-22.45/-91.53+15.91+-58.53/56.97-96.39--57.25/69.62-26.38+-60.55+64.05-21.79
/-53.71*-91.46/97.35-31.35*-3.24-81.16*-66.76*68.97+14.67+94.79*66.61*64.92+-10.28*/-53.34,-53.71/-91.46*97.35/31.35--3.24*81.16--66.76/68.97*14.67+94.79+66.61*64.92*-10.28+-27.01*-53.34
*19.96*51.98-8.77+-51.37-50.55/47.46--78.18*-86.31/-58.61+85.34-58.56/85.57*48.81*-7.6-76.01,19.96*51.98*8.77--51.37-50.55-47.46/-78.18--86.31*-58.61/85.34+58.56-85.57/48.81*-7.6*-76.01
-56.53/66.46+52.11*-54.16*-61.89/-36.36/52.08+-69.89/-26.82/-15.18/82.66*15.65+-29.43*-26.57-36.15,56.53-66.46/52.11+-54.16*-61.89*-36.36/52.08/-69.89+-26.82/-15.18/82.66/15.65*-29.43+-26.57*-36.15
+-70.14*38.9*-5.97/-9.3+63.38--66.95+76.62--73.07--66.84*-34.51*-95.07+29.6+-54.28/-31.0116.4,-70.14+38.9*-5.97*-9.3/63.38+-66.95+76.62+-73.07--66.84--34.51*-95.07+29.6+-54.28+-31.01/16.4
--84.62+79.92-59.19/78.66--9.93*-30.09/19.57-73.18*-65.42/56.18/-77.5+-8.19/23.79*-21.8-49.83,-84.62-79.92+59.19*78.66/-9.93*-30.09*19.57/73.18--65.42*56.18/-77.5/-8.19+23.79/-21.8*-49.83
--15.72/77.59*-85.11/42.76+49.91*-32.11+-41.63/17.97/89.43+-27.31+26.9*-30.89+-87.95-81.96-51.59,-15.72-77.59/-85.11*42.76/49.91+-32.11*-41.63+17.97/89.43/-27.31+26.9+-30.89*-87.95+81.96--51.59
+-64.16/-79.35-77.84+37.55/61.44*-71.61/86.74--63.95/-20.16+67.56+60.33+-79.6+56.47/-64.99-78.66,-64.16+-79.35/77.84-37.55/61.44/-71.61*86.74/-63.95--20.16/67.56+60.33+-79.6+56.47+-64.99/-78.66
+-75.64/4.1*27.57-71.36*-11.83+79.46-92.34+-26.03*68.05+---43.6/-91.41*/+-47.95-6.95,-75.64+4.1/27.57*71.36--11.83*79.46+92.34--26.03+68.05*75.98+-43.6--91.41/94.72*-47.95+-6.95
/-53.06-11.9/69.87/-97.48+*-2.51*-75.7+-15.65/-70.61--82.92+-25.34/-64.19*-78.76+74.42-98.22,-53.06/11.9-69.87/-97.48/-18.12+2.51--75.7*-15.65+-70.61/-82.92--25.34+-64.19/-78.76*74.42+-98.22
*-75.59/2.28+-4.4*89.28/-21.28/18.82/-56.66+-1.38*-49.84+-59.37-56.91--89.93+-53.03-20.9310.84,-75.59*2.28/-4.4+89.28*-21.28/18.82/-56.66/-1.38+-49.84*-59.37+56.91--89.93--53.03-20.93-10.84
*-28.77+-0.4*82.74*34.04+/-25.72/-95.41/-99.62+-74.4*7.8/35.66-40.2*-15.05*-68.54-40.07,-28.77*-0.4+82.74*34.04*18.22+25.72--95.41/-99.62/-74.4+7.8*35.66/40.2--15.05*-68.54*-40.07
+7.92+-29.28*95.48*54.0+48.36+-23.41+-79.81-78.53/-/-5.31--7.47/-40.34-78.19--10.7574.85,7.92+-29.28+95.48*54.0*48.36+-23.41+-79.81+78.53-29.1/-5.31/-7.47--40.34/78.19--10.75-74.85
*-17.89/-4.67*-40.33*70.07*96.19--47.97*-25.02+24.18*-21.76/-4.32*-71.25/-11.28+-68.48--41.619.75,-17.89*-4.67/-40.33*70.07*96.19*-47.97--25.02*24.18+-21.76*-4.32/-71.25*-11.28/-68.48*-41.61-9.75
--40.03*-9.72+-85.0*-39.95*28.67--19.6*-90.98-32.82*-70.96/25.13--91.31/-41.28+97.04*78.7649.96,-40.03--9.72*-85.0+-39.95*28.67*-19.6--90.98*32.82--70.96*25.13/-91.31--41.28/97.04+78.76*49.96
/48.94-26.26/45.01+99.66-46.78*88.74+14.62-74.6--74.97+-5.19*66.11*35.04+-26.53/50.4375.95,48.94/26.26-45.01/99.66+46.78-88.74*14.62+74.6--74.97--5.19+66.11*35.04*-26.53+50.43/75.95
/68.81*-84.09*0.14*-49.13--74.77*48.11*77.0+13.61*53.81+65.92+-4.52/-84.73-17.57/56.38-92.59,68.81/-84.09*0.14*-49.13*-74.77-48.11*77.0*13.61+53.81*65.92+-4.52+-84.73/17.57-56.38/-92.59
/-42.27/-82.71--38.58--77.04-14.29*-72.01*-65.5*50.76/26.56+-97.66+90.27+-61.04/-11.07/-45.52-89.31,-42.27/-82.71/-38.58--77.04-14.29--72.01*-65.5*50.76*26.56/-97.66+90.27+-61.04+-11.07/-45.52/-89.31
/-2.59/-61.06--97.02+-58.52*50.62/-60.2+-55.65-11.58/82.81/23.39-76.85*10.47-55.31*93.2735.2,-2.59/-61.06/-97.02--58.52+50.62*-60.2/-55.65+11.58-82.81/23.39/76.85-10.47*55.31-93.27*35.2
*39.49*96.98+13.63*30.62/90.95+-2.05/+--13.38-69.77+-19.23+-27.01/-33.07-82.5--17.8-85.63,39.49*96.98*13.63+30.62*90.95/-2.05+-29.61/-13.38-69.77--19.23+-27.01+-33.07/82.5--17.8--85.63
--79.48-8.22*-59.9-42.0/82.81+58.6+46.33/-68.35*65.33--97.53-37.0/22.66+26.45--84.29-66.97,-79.48-8.22--59.9*42.0-82.81/58.6+46.33--68.35/65.33*-97.53-37.0-22.66/26.45+-84.29--66.97
/-7.72-76.41/-82.39--23.44--93.64--29.17+81.76-+/95.87-96.8/80.91+-61.76/63.07--98.05-47.69,-7.72/76.41--82.39--23.44--93.64--29.17-81.76+23.24-95.87/96.8-80.91/-61.76+63.07/-98.05--47.69
+19.81+-59.14--8.75+83.05*0.07-17.2*66.04*44.94+9.86+7.09--78.38/-46.41/-91.57--15.7163.48,19.81+-59.14+-8.75-83.05+0.07*17.2-66.04*44.94*9.86+7.09+-78.38--46.41/-91.57/-15.71-63.48
/80.59*-2.85-97.66*50.35+-49.55/63.57*55.91+-60.18-28.02+54.2*66.87*-80.43--83.75*11.97-46.19,80.59/-2.85*97.66-50.35*-49.55+63.57/55.91*-60.18+28.02+54.2+66.87*-80.43*-83.75-11.97*-46.19
*-36.38/-93.67/83.25+-68.22--67.36--9.11-82.31/7.97+80.0+-*-35.81-43.46/-82.58+*28.18,-36.38*-93.67/83.25/-68.22+-67.36--9.11-82.31-7.97/80.0+-86.99+-35.81*43.46--82.58/-19.3+28.18
-*/53.37*55.45--86.5/-52.0+-12.36*95.95/-7.9+-40.99/-5.41-52.82/48.46*-43.07/37.0344.9,-98.58-53.37/55.45*-86.5--52.0/-12.36+95.95*-7.9/-40.99+-5.41/52.82-48.46/-43.07*37.03/44.9
/32.38--15.01-47.81+12.52/37.52/-8.56+-96.8/80.03-43.31*-81.76*77.77*-50.08/63.35*-22.7-64.53,32.38/-15.01-47.81-12.52+37.52/-8.56/-96.8+80.03/43.31--81.76*77.77*-50.08*63.35/-22.7*-64.53
*-27.07--40.84*22.98--52.96+65.81/64.5+90.75*99.37+81.06*30.72*-55.48*++-57.29+86.99-77.94,-27.07*-40.84-22.98*-52.96-65.81+64.5/90.75+99.37*81.06+30.72*-55.48*-88.95*-57.29+86.99+-77.94
/27.32*-28.51*-35.18-81.89+-76.35/-85.76/26.13*5.53-67.88*34.2+-55.49+-85.89-16.07*-66.3167.12,27.32/-28.51*-35.18*81.89--76.35+-85.76/26.13/5.53-67.88-34.2*-55.49+-85.89+16.07--66.31*67.12
/65.55+16.45*-96.29--74.85-15.13*-23.1*8.2/-79.86*--17.8+-37.47/55.66-27.26/-93.1813.02,65.55/16.45+-96.29*-74.85-15.13--23.1/8.2*-79.86/59.05*17.8--37.47+55.66/27.26--93.18/13.02
*56.55-85.82--44.71*75.78*-76.4/13.07-53.9+-13.91*0.59+77.24--64.68-95.83*81.37--72.845.68,56.55*85.82--44.71-75.78/-76.4*13.07/53.9--13.91+0.59*77.24+-64.68-95.83-81.37*-72.84-5.68
*34.14*23.24*-82.54-5.24/14.0/33.85*-16.76/-+6.91--27.03/-28.25/39.34/-58.71/4.4489.48,34.14*23.24*-82.54*5.24-14.0/33.85/-16.76*82.54/6.91+-27.03--28.25/39.34/-58.71/4.44/89.48
--88.46+48.04*-37.88--38.15--75.18-65.73+-87.9--63.83*-81.5-71.37-42.16--28.99/-78.42*71.7927.25,-88.46-48.04+-37.88*-38.15--75.18-65.73--87.9+-63.83--81.5*71.37-42.16/-28.99--78.42/71.79*27.25
-12.36/58.95--35.65/41.3*25.7*+/-57.87+-50.62*51.13/35.2/-58.25--65.98-59.58/-48.0575.36,12.36-58.95/-35.65-41.3/25.7*52.04*-57.87/-50.62+51.13*35.2/-58.25/-65.98-59.58--48.05/75.36
/24.66-57.73--39.67+-38.22-84.24+-58.07/0.83*17.32*27.31*71.59+-39.52/54.47+61.9/33.6496.04,24.66/57.73--39.67--38.22+84.24--58.07+0.83/17.32*27.31*71.59*-39.52+54.47-61.9+33.64*96.04
-12.79--51.7--25.42-99.32*/+49.82+-45.28+-7.11/-75.51/18.85*-89.3*++47.05--74.2-7.32,12.79--51.7--25.42-99.32--94.69*49.82+-45.28+-7.11+-75.51/18.85/-89.3*-25.77*47.05+-74.2--7.32
*35.73*-73.63*-42.6--31.01--35.06/-29.8*-61.48-6.01*27.81-+*67.74+30.31/-78.22+49.3-46.56,35.73*-73.63*-42.6*-31.01--35.06--29.8/-61.48*6.01-27.81*-4.07-67.74*30.31+-78.22/49.3+-46.56
+-56.01--60.7*17.35/3.91/-37.66*97.88-93.58*23.18*79.15*/+21.85/23.46--77.35+-43.39-54.66,-56.01+-60.7-17.35*3.91/-37.66/97.88*93.58-23.18*79.15*-52.26*21.85+23.46/-77.35--43.39+-54.66
*-50.97*74.04*67.7/12.67--82.92*-50.38/-80.39-14.87+-53.33*35.95+82.58+-74.14--65.02*-49.277.15,-50.97*74.04*67.7*12.67/-82.92--50.38*-80.39/14.87--53.33+35.95*82.58+-74.14+-65.02--49.27*7.15
+65.03/37.95/-38.12+-62.02*-35.98+55.83+21.76-83.72--31.39*82.75-64.81*9.65--89.36/-15.22-17.96,65.03-37.95/-38.12/-62.02+-35.98*55.83+21.76+83.72--31.39-82.75*64.81-9.65*-89.36--15.22/-17.96
*44.58--46.12+54.18/24.3/48.21/-88.74*-91.46/-63.51*83.99/77.68--5.64/66.65+82.36*-25.04-63.23,44.58*-46.12-54.18+24.3/48.21/-88.74/-91.46*-63.51/83.99*77.68/-5.64-66.65/82.36+-25.04*-63.23
+44.17*-78.93-6.27+95.82/93.85*-80.77*-67.36+-20.9*-58.33-71.01--40.57*-92.24+97.88--10.9251.59,44.17+-78.93*6.27-95.82+93.85--80.77*-67.36*-20.9+-58.33*71.01--40.57--92.24*97.88+-10.92-51.59
--38.48*-38.38-41.93+-78.31/-41.5-5.36/69.29-82.13--31.88/-51.72-14.16*81.19*-57.61/17.3-13.42,-38.48--38.38*41.93--78.31+-41.5/5.36-69.29/82.13--31.88--51.72/14.16-81.19*-57.61*17.3/-13.42
/7.16*-58.99*40.41--11.37+23.14--21.72*28.56+-13.95*-45.33/-13.26/-84.0*-18.91/4.44+62.62-17.61,7.16--58.99*40.41*-11.37/23.14+-21.72-28.56*-13.95+-45.33*-13.26/-84.0/-18.91*4.44/62.62+-17.61
+24.23+50.21/3.79+*/18.02/13.79--47.2/-80.29*-45.01*29.64-6.43--7.5-74.34--33.4975.82,24.23+50.21+3.79/-28.08+18.02/13.79/-47.2--80.29/-45.01*29.64*6.43--7.5-74.34--33.49-75.82
--7.94+/-16.39*37.91+8.34*/*15.34*-59.44+92.67/34.43-50.26/-49.52+-17.2+4.3223.5,-7.94-88.28+16.39-37.91*8.34+92.02*15.34*-59.44*92.67+34.43/50.26--49.52/-17.2+4.32+23.5
-31.31*73.94--67.61/-59.35+17.91*-47.08*-72.27-92.3+-76.36+72.63+-78.23*61.76-7.48--15.0370.02,31.31-73.94*-67.61--59.35/17.91+-47.08*-72.27*92.3--76.36+72.63+-78.23-61.76*7.48--15.03-70.02
*-79.31--84.21/-65.85--74.65*75.64*85.45/-0.32*-56.25*72.46-74.79/-6.12--39.99/49.85--88.78-,-79.31*-84.21--65.85/-74.65-75.64*85.45*-0.32/-56.25*72.46*74.79--6.12/-39.99-49.85/-88.78-38.65
*-3.12*59.96-85.39*-91.59+-59.93*70.77+38.27*78.85/-13.45-99.61+23.29*-44.46/*-35.86-65.84,-3.12*59.96*85.39--91.59*-59.93+70.77*38.27+78.85*-13.45/99.61-23.29+-44.46*-34.72/35.86--65.84
-51.85-96.69-61.89-72.29/32.26/30.34+-35.54/73.81-/+13.0*66.51*-16.1--10.48+-67.46-41.18,51.85-96.69-61.89-72.29-32.26/30.34/-35.54+73.81/63.81-13.0+66.51*-16.1*-10.48--67.46+-41.18
--*85.32/22.51+25.17--32.93*-90.94*-97.0+-88.87-3.15*-8.55--35.87/-67.08+62.03*-51.84-7.07,27.56-85.32+22.51/25.17+-32.93--90.94*-97.0*-88.87+3.15--8.55*-35.87--67.08/62.03+-51.84*-7.07
*75.65*-57.38+-54.52+-7.86/66.39+-6.58*-58.61/-81.79-/-62.27/-85.75*-28.82/22.49+35.5771.47,75.65*-57.38*-54.52+-7.86+66.39/-6.58+-58.61*-81.79/38.52-62.27--85.75/-28.82*22.49/35.57+71.47
*74.86--46.84/-83.43+-2.73/-55.49+-38.6*-49.6*-70.44/99.91+30.01*-61.28/-81.93-6.3/-85.91-20.45,74.86*-46.84--83.43/-2.73+-55.49/-38.6+-49.6*-70.44*99.91/30.01+-61.28*-81.93/6.3--85.91/-20.45
+28.77+97.44+6.8*5.61*93.21*37.83*80.87-24.92*-51.37+16.91+34.93/40.46/70.25/-31.8376.61,28.77+97.44+6.8+5.61*93.21*37.83*80.87*24.92--51.37*16.91+34.93+40.46/70.25/-31.83/76.61
*48.32*-45.41*-39.44*82.81+-23.51-6.75+96.97/-37.19--63.32+44.02*-9.72*-79.66-38.2+-67.3273.08,48.32--45.41*-39.44*82.81*-23.51+6.75-96.97*-37.19/-63.32-44.02+-9.72*-79.66*38.2--67.32+73.08
-60.85*-91.02*-34.34-40.25/3.29--99.07+8.87/-57.73*52.76--81.18-39.93/-36.16-69.56-71.516.79,60.85--91.02*-34.34*40.25-3.29/-99.07-8.87+-57.73/52.76*-81.18-39.93--36.16/69.56-71.5-16.79
+-8.73-72.47*-83.4+-12.3+29.25--65.32-8.03*85.91*-22.58-93.95--27.32+-86.47-64.93-23.8890.03,-8.73+72.47--83.4*-12.3+29.25+-65.32-8.03-85.91*-22.58*93.95--27.32--86.47+64.93-23.88-90.03
*-47.35/40.6-56.48+64.28-/*99.68**+45.45--48.5/36.69--85.51/69.21--67.51-61.62-18.16,-47.35*40.6/56.48-64.28+29.2-99.68*30.53*45.45+-48.5-36.69/-85.51-69.21/-67.51-61.62--18.16
--13.06*-67.96+67.23-82.85*35.49--61.43/29.52--24.92+15.46+-87.13*40.86/-76.02--46.01+-77.6255.77,-13.06--67.96*67.23+82.85-35.49*-61.43-29.52/-24.92-15.46+-87.13+40.86*-76.02/-46.01--77.62+55.77
--17.38*-66.07*-74.9/-43.73*-5.97+*/-87.71+96.22-6.88+59.38/-56.06-99.77+-32.63--89.4687.43,-17.38*-66.07*-74.9*-43.73/-5.97*7.88+-87.71/96.22+6.88-59.38+-56.06/99.77--32.63+-89.46-87.43
/75.84/91.41*4.65*-82.5+15.18-76.47--99.21-60.46*42.94+9.19+-18.62+-14.1--2.09*-16.99-48.16,75.84/91.41/4.65*-82.5*15.18+76.47--99.21-60.46-42.94/9.19+-18.62+-14.1+-2.09--16.99*-48.16
--35.62*-33.85+62.88+-16.2/-8.1-66.07/27.67/-10.08+14.97/11.75-89.06+75.27--52.81--71.9216.98,-35.62--33.85*62.88+-16.2+-8.1/66.07-27.67/-10.08/14.97+11.75/89.06-75.27+-52.81--71.92-16.98
+-30.85+-15.58-13.06/-90.53*73.34-86.96+-22.55*-0.93+39.33+-58.49*-1.49*24.93/-89.54/-44.55-57.48,-30.85+-15.58+13.06--90.53/73.34*86.96--22.55+-0.93*39.33+-58.49+-1.49*24.93*-89.54/-44.55/-57.48
+*-/--65.94+43.97+48.57/-39.64+46.13/6.57+24.67-89.74/-48.93/-28.54/20.93*-23.66-96.1,-12.44+15.85--65.94-43.97+48.57+-39.64/46.13+6.57/24.67+89.74--48.93/-28.54/20.93/-23.66*-96.1
*-41.68-78.6*-33.55+61.75+-76.32-2.58/83.71*-62.72-83.49/-16.16--16.23/-39.91/48.57*-62.94-55.27,-41.68*78.6--33.55*61.75+-76.32+2.58-83.71/-62.72*83.49--16.16/-16.23--39.91/48.57/-62.94*-55.27
*-96.5*44.71-52.95/-25.58--74.29-7.45+22.93-52.49--19.06--13.51/89.54/-50.18/-67.79*-1.7923.08,-96.5*44.71*52.95--25.58/-74.29-7.45*22.93+52.49--19.06--13.51-89.54/-50.18/-67.79/-1.79*23.08
+88.69+35.8--82.12/-14.5+17.86-94.97-78.71+-67.79+-2.2*-37.35+74.04*--17.14*-69.3262.66,88.69+35.8+-82.12--14.5/17.86+94.97-78.71--67.79+-2.2+-37.35*74.04+-76.89*17.14--69.32*62.66
*8.69--97.3*31.72/-42.32+93.31-3.9+-49.19--16.96*49.81/92.83/28.44/48.88/11.71+57.11-98.63,8.69*-97.3-31.72*-42.32/93.31+3.9--49.19+-16.96+49.81*92.83/28.44/48.88/11.71/57.11+-98.63
*76.64+-81.71*70.54/95.87/-58.92*-59.61+-9.99/21.45+21.73+/--58.61--84.48*28.28--79.1521.43,76.64*-81.71+70.54*95.87*-58.92/-59.61*-9.99+21.45/21.73+-51.33+-58.61--84.48-28.28*-79.15-21.43
/53.43*33.17+56.85-2.37*-49.86*-95.26/37.2*36.65/51.97+-2.56*88.17*-73.01--37.05+80.637.05,53.43/33.17*56.85+2.37--49.86*-95.26*37.2/36.65*51.97/-2.56+88.17*-73.01*-37.05-80.6+37.05
--9.37+-55.92*-41.89*29.52*-60.96/-84.06--34.88--41.89+-15.93/53.31+5.32/87.98+26.74++-80.97,-9.37--55.92+-41.89*29.52*-60.96*-84.06/-34.88--41.89--15.93+53.31/5.32+87.98/26.74+3.31+-80.97
/-25.36*-52.87+31.77+-7.48*-44.79*-94.22/52.09--35.68*15.04*6.63/-75.35+-91.61*-80.99+97.5960.67,-25.36/-52.87*31.77+-7.48+-44.79*-94.22*52.09/-35.68-15.04*6.63*-75.35/-91.61+-80.99*97.59+60.67
/5.06*-71.21/68.31--26.99*-11.63+-41.16--24.97*-91.04-19.46--51.91*69.06/-82.22/4.31/-36.73-81.74,5.06/-71.21*68.31--26.99--11.63*-41.16+-24.97--91.04*19.46--51.91-69.06*-82.22/4.31/-36.73/-81.74
/-24.96*-62.86--30.86--80.75+10.08+20.03/56.6+15.6*-28.28-60.66/-86.18--78.4/-94.58*-79.2938.72,-24.96/-62.86*-30.86*-80.75-10.08+20.03+56.6/15.6+-28.28*60.66--86.18/-78.4--94.58/-79.29*38.72
*59.56--11.4+4.39/-29.03*93.9-24.41+39.01-29.98/-68.3--29.66/-21.97*-24.1/-51.69+-19.7577.49,59.56*-11.4-4.39+-29.03/93.9*24.41-39.01+29.98--68.3/-29.66--21.97/-24.1*-51.69/-19.75+77.49
*-85.27-34.96*-75.33/-15.6/21.38*7.86+60.7-20.04+-94.0*27.2+95.1*-23.99*80.33--73.4951.28,-85.27*34.96--75.33*-15.6/21.38/7.86*60.7+20.04--94.0+27.2*95.1+-23.99*80.33*-73.49-51.28
--63.51-91.39+83.91*-25.47/-27.07+-30.66/-40.48*70.1-29.39/42.03--3.56*94.78*-35.7*-24.63-19.37,-63.51-91.39-83.91+-25.47*-27.07/-30.66+-40.48/70.1*29.39-42.03/-3.56-94.78*-35.7*-24.63*-19.37
*-85.16-90.32-97.13--67.91/76.11*93.8+96.88-34.78+-95.26-62.95+-58.8/-2.86*-41.36+93.89-77.98,-85.16*90.32-97.13--67.91*76.11/93.8*96.88+34.78--95.26+62.95--58.8+-2.86/-41.36*93.89+-77.98
/81.85+-15.56/94.99*-60.53-45.66*23.18/+*89.9*52.52-91.27/17.16-91.78/+*-53.4976.9,81.85/-15.56+94.99/-60.53*45.66-23.18*56.61/89.9*52.52*91.27-17.16/91.78-49.79/-53.49*76.9
--88.38*-94.28*48.62/-97.23*-36.75*45.04+6.04+-45.39*19.57*87.21*-77.92*96.11/-41.22--9.8344.41,-88.38--94.28*48.62*-97.23/-36.75*45.04*6.04+-45.39+19.57*87.21*-77.92*96.11*-41.22+-9.83-44.41
/76.29/47.72+2.46*++3.77*91.84+-19.04/40.93-62.88/-49.54/-42.32*23.87/68.44/17.8-82.7,76.29/47.72/2.46+-76.19*3.77+91.84*-19.04+40.93/62.88--49.54/-42.32/23.87*68.44/17.8/-82.7
--44.99*-31.71+-85.87*30.41--35.91+1.7*-23.49/-56.18-51.0-97.49+52.06/-9.32-47.11--16.597.12,-44.99--31.71*-85.87+30.41*-35.91-1.7+-23.49*-56.18/51.0-97.49-52.06+-9.32/47.11--16.5-97.12
+-59.26--4.85+-30.31-62.48/-3.69*14.98*-19.67--55.9+*/-1.06/52.36*-26.85*26.17--82.23-57.96,-59.26+-4.85--30.31+62.48--3.69/14.98*-19.67*-55.9-17.94+-1.06/52.36/-26.85*26.17*-82.23--57.96
/84.68-51.84+-64.04/78.12/-28.87--74.23-57.42+33.6--27.85--63.78/42.21+65.69+-86.8/78.0385.18,84.68/51.84--64.04+78.12/-28.87/-74.23-57.42-33.6+-27.85--63.78-42.21/65.69+-86.8+78.03/85.18
+-55.67/-84.44*-44.84-81.26*79.43+-87.94/68.54--68.92+-28.56+-86.47/-17.13/-81.19/-9.71/19.54-43.91,-55.67+-84.44/-44.84*81.26-79.43*-87.94+68.54/-68.92--28.56+-86.47+-17.13/-81.19/-9.71/19.54/-43.91
*73.77/55.59+-13.26*34.26+92.1+-23.62/-12.97/-34.18/42.36+*+72.17-89.35-98.59+-30.1-30.21,73.77*55.59/-13.26+34.26*92.1+-23.62+-12.97/-34.18/42.36/6.23+72.17+89.35-98.59--30.1+-30.21
-9.71*32.33/-48.66+-6.65*-27.18+9.86-41.76+-7.16+-65.87+91.6*-18.68--71.47-52.06*42.63-19.57,9.71-32.33*-48.66/-6.65+-27.18*9.86+41.76--7.16+-65.87+91.6+-18.68*-71.47-52.06-42.63*-19.57
*51.27-62.94*-15.73--21.77+64.2+-93.56+90.57+-50.84+-1.6/3.52*-84.43-23.69+55.44*-73.81+,51.27*62.94--15.73*-21.77-64.2+-93.56+90.57+-50.84+-1.6+3.52/-84.43*23.69-55.44+-73.81*49.96
+-27.39-67.99+42.6/-76.58--96.42+29.58+36.06+53.77/23.83+61.85*/--28.58-38.58---76.31,-27.39+67.99-42.6+-76.58/-96.42-29.58+36.06+53.77+23.83/61.85+-79.28*-28.58-38.58--86.78--76.31
+77.01/67.64*-41.18-25.47/-89.93--67.92/-23.03+-40.53/-27.52--51.85*23.24+-58.59//*33.67-92.77,77.01+67.64/-41.18*25.47--89.93/-67.92--23.03/-40.53+-27.52/-51.85-23.24*-58.59+91.88/33.67*-92.77
+-79.15-80.65-94.75-17.5+27.87-27.63--88.77-82.87--65.1/-41.09*2.42+45.65*-62.3*45.12-0.67,-79.15+80.65-94.75-17.5-27.87+27.63--88.77-82.87--65.1--41.09/2.42*45.65+-62.3*45.12*-0.67
-43.36/-5.53+-85.42*19.83+-96.13/-26.55+-16.37*-1.11+7.32/90.67*32.7*58.47--7.98-67.1953.11,43.36--5.53/-85.42+19.83/-96.13+-26.55/-16.37+-1.11*7.32+90.67/32.7*58.47*-7.98-67.19-53.11
/-61.83+-45.84-30.69-61.82+5.92+62.71/17.26/-68.99+94.58--61.66+---49.73/2.1--5.47-67.78,-61.83/-45.84+30.69-61.82-5.92+62.71+17.26/-68.99/94.58+-61.66-48.36+-49.73-2.1/-5.47--67.78
/32.89*-36.17/-18.34-86.27--75.04+-24.45+82.42+-83.29*-43.88*34.95/45.21+69.54+70.2--93.86-71.84,32.89/-36.17*-18.34/86.27--75.04--24.45+82.42+-83.29+-43.88*34.95/45.21/69.54+70.2+-93.86--71.84
-72.29+81.9/1.31*-49.36/97.1+-36.35*-30.16-58.85/81.65--33.78/6.59+25.0/-93.78--65.392.62,72.29-81.9+1.31/-49.36*97.1/-36.35+-30.16*58.85-81.65/-33.78-6.59/25.0+-93.78/-65.39-2.62
+45.68/53.55+-41.55-70.39/97.99*//10.03/52.84-86.15+84.43+18.64/73.89-48.35+-63.2373.02,45.68+53.55/-41.55+70.39-97.99/-3.53*10.03/52.84/86.15-84.43+18.64+73.89/48.35--63.23+73.02
/-51.81/1.94-94.65/-83.45*-48.31-79.82--88.59/92.26-92.56*16.9/12.63--80.22--13.98---31.63,-51.81/1.94/94.65--83.45/-48.31*79.82--88.59-92.26/92.56-16.9*12.63/-80.22--13.98--9.7--31.63
-15.53+-*-19.35/66.21--18.63+67.71--70.71+*-29.35--54.14+57.56+-5.91*-7.57--44.6-3.96,15.53--15.75+-19.35*66.21/-18.63-67.71+-70.71--81.74+29.35--54.14-57.56+-5.91+-7.57*-44.6--3.96
+-65.31/40.16*-21.75-80.16/-52.77+-68.2+-68.61/90.16-43.35-32.19/26.47*-74.91*-91.87*-91.12-34.24,-65.31+40.16/-21.75*80.16--52.77/-68.2+-68.61+90.16/43.35-32.19-26.47/-74.91*-91.87*-91.12*-34.24
-72.93*-95.04/8.82+46.86+55.5/36.78+67.03/-54.56/77.23*-13.47-36.48+33.03--94.91--16.880.92,72.93--95.04*8.82/46.86+55.5+36.78/67.03*-54.56/77.23/-13.47*36.48-33.03+-94.91--16.88-0.92
-0.64*-8.99/-16.44/-58.78/-7.66+13.94+18.92+87.41/99.9*-78.15+-67.58+99.75+75.98++-79.98,0.64--8.99*-16.44/-58.78/-7.66/13.94+18.92+87.41+99.9/-78.15*-67.58+99.75+75.98+-0.19+-79.98
*-95.7*24.25-21.78*-43.17*-61.36--4.08-+*-28.79+-61.9+-76.8*-13.98+-45.43--37.89/-18.6-68.34,-95.7*24.25*21.78--43.17*-61.36*-4.08-54.23--28.79*-61.9+-76.8+-13.98*-45.43+-37.89+-18.6/-68.34
*-42.79/-87.01-33.44*-93.95+-17.48+18.22*81.8/-62.47--0.1+71.15*-63.67--74.03*-1.02*68.0967.8,-42.79*-87.01/33.44--93.95*-17.48+18.22+81.8*-62.47/-0.1-71.15+-63.67*-74.03--1.02*68.09*67.8
+-72.74/6.21+-64.6--22.33+71.9*-89.74/3.67/-21.46+71.61+-59.18--2.56/-37.81+84.47/2.11-69.46,-72.74+6.21/-64.6+-22.33-71.9+-89.74*3.67/-21.46/71.61+-59.18+-2.56--37.81/84.47+2.11/-69.46
/-78.97-24.43/51.41+-94.48-35.12/79.5/84.11*-62.25*-8.04/-55.26/67.1*28.99+-62.96//-11.47,-78.97/24.43-51.41/-94.48+35.12-79.5/84.11/-62.25*-8.04*-55.26/67.1/28.99*-62.96+68.57/-11.47
-79.59/-43.54*20.35-98.97--63.98--38.61+-31.87--22.19*66.9/78.9/93.83/-12.27+-61.37--77.950.58,79.59--43.54/20.35*98.97/-63.98--38.61--31.87+-22.19-66.9*78.9/93.83/-12.27/-61.37+-77.9-50.58
-14.82/-57.63-42.21-22.12+-29.95*-51.1/-+13.75-88.12+80.65+**66.21+-59.06--78.32-80.91,14.82--57.63/42.21-22.12--29.95+-51.1*-35.15/13.75+88.12-80.65+-75.63+66.21*-59.06+-78.32--80.91
*11.41*-68.1+80.53--71.61-30.65*57.41/-55.28+-53.81+-63.16--67.25*-94.88/-87.42-18.86--4.63-73.8,11.41*-68.1*80.53+-71.61-30.65-57.41*-55.28/-53.81+-63.16+-67.25--94.88*-87.42/18.86--4.63+-73.8
--27.49--42.69*-84.57--85.97-4.32--18.14+35.69/-74.94/-53.25/60.99--45.64-92.9/31.92*-46.06-26.93,-27.49--42.69--84.57*-85.97-4.32--18.14-35.69+-74.94/-53.25/60.99/-45.64-92.9-31.92/-46.06*-26.93
*14.26/20.16+48.05+**-44.88+71.29/-16.89/-44.61*4.32+5.47*57.22-96.65+69.47*-16.11-63.44,14.26*20.16/48.05*-46.58+-44.88*71.29+-16.89/-44.61/4.32*5.47+57.22*96.65-69.47+-16.11*-63.44
*21.18+-36.78-15.07+-66.08/-87.31+93.54/45.19*56.74-64.27*-12.75+-31.51+-95.26+-19.7+6.18-20.93,21.18*-36.78+15.07--66.08+-87.31/93.54+45.19/56.74+64.27--12.75*-31.51+-95.26+-19.7+6.18+-20.93
+-8.04/-63.91-95.4/-73.44--9.03+-34.81--34.78*96.78+-38.7+-57.24-13.43+78.01-24.06/-92.9718.52,-8.04+-63.91/95.4--73.44/-9.03--34.81+-34.78-96.78*-38.7+-57.24+13.43-78.01+24.06--92.97*18.52
/8.37*-94.4--65.87/-49.24--24.01*-28.01+-20.42-12.76*11.76--0.14+60.3/42.19--27.71-12.9733.78,8.37/-94.4*-65.87--49.24/-24.01--28.01*-20.42+12.76-11.76/-0.14-60.3+42.19/-27.71-12.97-33.78
-40.3*-54.74+88.12+**47.16+69.66-95.48+98.27+34.53-76.47*26.68/-27.6/52.7+-44.26-82.2,40.3--54.74*88.12/-37.5+47.16*69.66+95.48-98.27+34.53+76.47-26.68*-27.6/52.7/-44.26+-82.2
-84.87*7.78+-12.3-12.36/-41.84+-83.06-68.08+20.83/18.61*73.3-+/-24.41/-38.01/15.97-57.65,84.87-7.78*-12.3+12.36--41.84/-83.06+68.08-20.83+18.61/73.3*-62.87--24.41/-38.01/15.97/-57.65
/-62.22+62.32/20.38*-49.34*-45.21*-57.59/-20.73+-23.39-50.66+-47.17+-6.74--62.85*79.39-43.273.74,-62.22*62.32+20.38/-49.34*-45.21*-57.59*-20.73/-23.39+50.66--47.17+-6.74+-62.85-79.39*43.27-3.74
*3.78*89.15-85.44*-15.18/53.63*0.72+-91.61+13.94+-46.82*-52.96-46.6/---39.43*81.04-40.38,3.78*89.15*85.44--15.18*53.63/0.72*-91.61+13.94+-46.82+-52.96*46.6-17.84/-39.43-81.04*-40.38
+-59.83*-14.12-87.58*-41.87*/*19.16-67.21--4.1*58.57+89.71--32.77*23.42+-86.34/14.2199.63,-59.83+-14.12*87.58--41.87*80.75*19.16*67.21--4.1-58.57*89.71+-32.77-23.42*-86.34+14.21/99.63
--90.01/-36.55*/*93.29-59.73*-42.34/-49.88+64.38+-73.82/-98.32/93.17-97.77+20.44-62.26-33.54,-90.01--36.55/65.23*93.29*59.73--42.34*-49.88/64.38+-73.82+-98.32/93.17/97.77-20.44+62.26--33.54
/79.51+44.7/94.51+90.0+-88.56+-26.87/-73.51+93.53-67.17--72.59*-1.07+29.83*79.6*13.59-98.53,79.51/44.7+94.51/90.0+-88.56+-26.87+-73.51/93.53+67.17--72.59--1.07*29.83+79.6-13.59*-98.53
/15.89/61.77/-84.25/-55.81+-68.07*-48.57--92.03+-64.31+-66.46/54.83--25.99*-5.59-12.84/49.415.84,15.89/61.77/-84.25/-55.81/-68.07+-48.57*-92.03--64.31/-66.46+54.83/-25.99--5.59*12.84-49.4/15.84
-12.18/18.71*17.15/17.93/44.96*-48.29*5.68/-57.46/-61.68*-21.15--29.52-39.14*95.85*-76.02-7.23,12.18-18.71+17.15*17.93/44.96/-48.29*5.68*-57.46/-61.68/-21.15*-29.52-39.14-95.85*-76.02*-7.23
*26.67-19.07*27.73-33.12/41.72/-36.56/76.55/-//-34.45--53.01--32.14+48.13--36.94-59.53,26.67*19.07-27.73*33.12-41.72/-36.56/76.55/51.7/71.41/34.45--53.01--32.14-48.13+-36.94--59.53
+54.71*-26.7-14.15-66.59--38.09/-11.16--27.4/-13.83+53.35+-96.03*-3.94+28.8/77.03*-49.920.4,54.71+-26.7*14.15-66.59--38.09--11.16/-27.4--13.83/53.35+-96.03+-3.94*28.8+77.03/-49.9/20.4
-97.2--34.15/3.69-75.45/-97.08+66.51*98.4-46.27+44.35+26.7+57.99/-0.31/10.06+*-88.11,97.2--34.15-3.69/75.45--97.08/66.51+98.4*46.27-44.35+26.7+57.99+-0.31/10.06/17.78--88.11
-77.01--9.92-66.14+70.7-89.92+65.2*-15.9+-94.78/-90.67+4.24*-23.8+-63.63--90.03+-11.5416.28,77.01--9.92-66.14-70.7+89.92-65.2+-15.9*-94.78+-90.67/4.24+-23.8*-63.63+-90.03--11.54+16.28
--66.05+-79.71--30.59*46.64*-24.31*-64.5--39.36*30.48+-90.98*98.25-11.36/-93.02+-2.94*-49.35-64.03,-66.05--79.71+-30.59-46.64*-24.31*-64.5*-39.36-30.48*-90.98+98.25*11.36--93.02/-2.94+-49.35*-64.03
--24.42--58.85+-60.69+-96.84--25.47+-6.63*/*38.63+-43.88/84.21-10.92+93.2+50.94+95.0579.37,-24.42--58.85--60.69+-96.84+-25.47--6.63+70.99*38.63*-43.88+84.21/10.92-93.2+50.94+95.05+79.37
--48.19+11.67+-91.79*84.25+-1.85--96.9*93.84*-27.81+-74.79--38.0-/-19.69--49.45--85.54-34.8,-48.19-11.67+-91.79+84.25*-1.85+-96.9-93.84*-27.81*-74.79+-38.0--97.56-19.69--49.45--85.54--34.8
/89.76+-54.19*-45.0*43.73*63.62*62.2*-6.75-84.85/-63.18*93.8/95.94*61.02+-76.56+94.83-80.18,89.76/-54.19+-45.0*43.73*63.62*62.2*-6.75*84.85--63.18/93.8*95.94/61.02*-76.56+94.83+-80.18
*48.96/-0.34/-14.22-98.26/67.2*-32.05/43.71+-18.66*-27.22-57.16+-5.76--9.54/-92.54/33.93-48.93,48.96*-0.34/-14.22/98.26-67.2/-32.05*43.71/-18.66+-27.22*57.16--5.76+-9.54--92.54/33.93/-48.93
-47.02*62.65+6.21/-48.93+-48.15+-58.63+-50.48/-9.03*-68.4*78.2*67.27*-78.36-88.48*8.97-64.63,47.02-62.65*6.21+-48.93/-48.15+-58.63+-50.48+-9.03--68.4*78.2*67.27*-78.36*88.48-8.97*-64.63
-12.38+-93.25/45.18*-61.68-80.57-79.75/-36.03+-59.47+97.53-44.8+++-68.76*++-52.63-86.13,12.38--93.25+45.18/-61.68*80.57-79.75--36.03/-59.47+97.53+44.8--60.92+-68.76+-57.07*-52.63+-86.13
*-3.4/-86.67*96.79--22.01-32.76*-83.69/-3.97--96.01/92.29/-47.37*/*89.53--10.88+28.46-30.95,-3.4*-86.67/96.79*-22.01-32.76--83.69*-3.97/-96.01*92.29/-47.37/-54.71*89.53*-10.88-28.46+-30.95
+-40.63*46.3-82.23/-72.35/86.34*-/-80.1-7.5--81.75-87.04/71.02--79.8-36.64--62.84-79.51,-40.63+46.3*82.23--72.35/86.34/9.28*-80.1/7.5--81.75-87.04-71.02/-79.8-36.64--62.84--79.51
/95.81*27.21+-59.52/89.7/-87.33*91.62/-75.39+39.86--48.2+-67.16*71.48/95.78/-41.93/-43.3450.75,95.81/27.21*-59.52+89.7/-87.33/91.62*-75.39/39.86+-48.2--67.16+71.48*95.78/-41.93/-43.34/50.75
--78.08-7.57-67.79+43.7+3.21*-55.98+3.65+-10.02*27.45+37.25+62.99/-68.89+-19.41--40.9363.79,-78.08-7.57-67.79-43.7+3.21--55.98*3.65+-10.02+27.45*37.25+62.99+-68.89/-19.41+-40.93-63.79
*-13.36*82.33*10.21*55.16*-70.73*-/-77.24*-6.85/-56.77*-12.28--45.7-25.99/-9.45*18.73*,-13.36*82.33*10.21*55.16*-70.73*11.85*-77.24/-6.85*-56.77/-12.28*-45.7-25.99--9.45/18.73*32.61
*-70.85/-52.5*12.74*-83.09-32.05+60.47+-97.01+42.35*41.23--52.14/88.02-63.96--1.51*-60.96-28.08,-70.85*-52.5/12.74*-83.09*32.05-60.47+-97.01/42.35+41.23*-52.14-88.02/63.96--1.51--60.96*-28.08
-47.47/7.09+78.52*46.02+96.9-80.46--34.11/56.9*-23.52+-24.28*71.43/42.65+75.2*42.4154.12,47.47-7.09/78.52+46.02*96.9+80.46--34.11-56.9/-23.52*-24.28+71.43*42.65/75.2+42.41*54.12
*-67.67*38.48-84.4--25.07*93.6--97.81+-74.86/34.55*56.52--28.97*20.92+-80.33*-94.2*-84.75-3.07,-67.67*38.48*84.4--25.07-93.6*-97.81--74.86+34.55/56.52*-28.97-20.92*-80.33+-94.2*-84.75*-3.07
/13.99+44.49+84.46+77.53*-9.26*32.65/-61.72+-25.02*24.28-44.1*8.49--23.1*-35.39-79.522.27,13.99/44.49+84.46/77.53+-9.26*32.65*-61.72/-25.02-24.28*44.1-8.49*-23.1--35.39*79.5-22.27
/-93.39--52.3+54.36/35.18-59.71--77.89/29.31**//--85.41*56.87/17.92--41.51*44.6577.13,-93.39/-52.3-54.36+35.18/59.71--77.89-29.31/81.15*-12.39/-85.41-56.87*17.92/-41.51-44.65*77.13
/76.97+30.08*31.62/-4.05-31.62--13.23*5.0*71.92--86.13*-0.9+-87.68/-83.42/-57.45-30.9420.4,76.97/30.08+31.62*-4.05/31.62--13.23-5.0*71.92*-86.13--0.9*-87.68+-83.42/-57.45/30.94-20.4
/96.8/-69.63--97.75--44.09+20.94-72.93--80.85*-87.83--77.31+71.97+-87.38-28.01+-16.7*-64.9970.97,96.8/-69.63/-97.75--44.09-20.94+72.93--80.85/-87.83*-77.31-71.97+-87.38+28.01--16.7+-64.99*70.97
+31.24/-60.01/-17.48*-61.16+-84.87-2.57/38.8+-44.56--10.18--20.87*7.54+-42.29*72.95*47.64-76.61,31.24+-60.01/-17.48/-61.16*-84.87+2.57-38.8/-44.56+-10.18--20.87-7.54*-42.29+72.95*47.64*-76.61
+-9.17/-31.87-65.57-/+38.37*40.41*-4.06+-16.63+8.4+25.81-23.89*1.11-78.2--64.36-73.68,-9.17+-31.87/65.57--72.87-38.37+40.41*-4.06*-16.63*8.4+25.81+23.89-1.11*78.2--64.36--73.68
--87.51+-19.72*5.78-14.75-81.22+-17.9/-38.4+-87.84///+/-37.81-73.45-32.39+-43.28-77.84,-87.51--19.72+5.78*14.75-81.22--17.9+-38.4/-87.84+3.48/-85.1/-37.81/73.45-32.39--43.28+-77.84
-++45.57/10.82-29.99/39.8/-47.19-54.39*28.12+92.95+82.5*-96.02*-15.51--98.76*-35.06-32.33,17.09-45.57+10.82/29.99-39.8/-47.19/54.39-28.12*92.95+82.5+-96.02*-15.51*-98.76--35.06*-32.33
-26.61/-40.15/29.57+12.4/-81.55/-12.95-37.21+31.88/-14.55/83.0*-38.17/-51.42/64.3--59.2641.0,26.61*-40.15/29.57/12.4+-81.55/-12.95/37.21-31.88+-14.55/83.0/-38.17*-51.42/64.3/-59.26-41.0
+-87.58-/--42.37*12.88/-59.52--2.44*-61.77+-92.76-//99.0--12.62/75.71/23.82+-63.5212.94,-87.58+74.29--42.37-12.88*-59.52/-2.44--61.77*-92.76+-50.49-99.0/-12.62-75.71/23.82/-63.52+12.94
*39.28/38.09--35.11+-34.7+-79.9+90.6*14.41+-98.67+-64.69*-41.65+76.87*-5.35/69.47+-16.02-47.92,39.28*38.09/-35.11--34.7+-79.9+90.6+14.41*-98.67+-64.69/-41.65*76.87+-5.35*69.47/-16.02+-47.92
+-89.08--27.94/-62.0*-9.57/-49.34*40.31/76.03--19.31+10.17+-82.81*-92.14+50.2+-87.08+-82.7-54.49,-89.08+-27.94--62.0/-9.57*-49.34/40.31*76.03/-19.31-10.17+-82.81+-92.14*50.2+-87.08+-82.7+-54.49
/52.63*-2.94*-48.91/44.05-28.66-6.92*11.85-86.94-/--17.84/90.46+63.38/-0.93--4.43-77.33,52.63/-2.94*-48.91*44.05/28.66-6.92-11.85*86.94--73.66--17.84-90.46/63.38+-0.93/-4.43--77.33
/23.45*-41.2+-33.98--22.98+-64.95--73.04+-20.6+-97.1+26.67-76.37+9.66*-60.33*-75.75--1.65/,23.45/-41.2*-33.98+-22.98--64.95+-73.04--20.6+-97.1+26.67+76.37-9.66+-60.33*-75.75*-1.65-49.03
/++71.08/7.15*32.0--54.44--69.99--16.24*-68.02/-48.61/-59.73+27.57*-40.29/13.6+73.67-39.49,50.44/71.08+7.15/32.0*-54.44--69.99--16.24--68.02*-48.61/-59.73/27.57+-40.29*13.6/73.67+-39.49
+93.94+96.04--51.36--32.05/56.49*-93.97+-60.77-92.53+14.13*-36.39*-62.39-28.86+-51.59+-67.68-69.75,93.94+96.04+-51.36--32.05-56.49/-93.97*-60.77+92.53-14.13+-36.39*-62.39*28.86--51.59+-67.68+-69.75
-30.42*-61.63/81.38+-74.09*/*94.69+97.79*-94.9--99.26/81.36/94.95+23.51*47.62*-7.8-48.34,30.42--61.63*81.38/-74.09+-95.37*94.69*97.79+-94.9*-99.26-81.36/94.95/23.51+47.62*-7.8*-48.34
+-4.53-72.24*-*29.63-28.41/18.72+-4.72-2.77/90.14+78.45+-37.49--50.63--53.11+83.25-79.43,-4.53+72.24--0.7*29.63*28.41-18.72/-4.72+2.77-90.14/78.45+-37.49+-50.63--53.11-83.25+-79.43
-33.17--7.17+51.48/-63.32+-94.6*59.96-39.71+-16.92*28.89/-12.97--52.3-0.16--55.23+-15.4894.26,33.17--7.17-51.48+-63.32/-94.6+59.96*39.71--16.92+28.89*-12.97/-52.3-0.16--55.23--15.48+94.26
-85.15+65.94--9.03/-90.92*32.68+83.63/98.83/-91.36+-70.28*18.84/61.35+-40.33-50.0/42.0-43.68,85.15-65.94+-9.03*-90.92/32.68*83.63+98.83/-91.36/-70.28+18.84*61.35/-40.33+50.0-42.0/-43.68
+6.1/93.04+86.89+-38.95/-21.83+66.58+-60.66--/-54.36*-49.3/-35.62/39.79+-13.02+48.2456.5,6.1+93.04/86.89+-38.95+-21.83/66.58+-60.66+-9.27--54.36/-49.3*-35.62/39.79/-13.02+48.24+56.5
/17.43/92.5--92.74/-46.81+45.86+-33.19+-75.75/-90.47/-77.38+-63.75*-77.25--26.59*53.74*-78.1712.15,17.43/92.5/-92.74--46.81/45.86+-33.19+-75.75+-90.47/-77.38/-63.75+-77.25*-26.59-53.74*-78.17*12.15
+0.95--89.19-88.26-73.17+-47.82*63.88*84.23-7.39*36.42+46.11+41.55+-16.67/-17.61--53.2344.66,0.95+-89.19-88.26-73.17--47.82+63.88*84.23*7.39-36.42*46.11+41.55+-16.67+-17.61/-53.23-44.66
/68.69+92.92+-40.34*/+-99.96*25.34+-88.24-53.73+36.31/-47.06/-16.95+-33.42+-1.93-29.4759.37,68.69/92.92+-40.34+18.21+-99.96+25.34*-88.24+53.73-36.31+-47.06/-16.95/-33.42+-1.93+29.47-59.37
*-21.77*32.64+6.2+-27.22*-37.22+-40.88-39.5-21.06/-84.3-9.14+-36.95/-87.68+-77.21+-69.9286.47,-21.77*32.64-6.2+-27.22+-37.22*-40.88+39.5-21.06--84.3/9.14--36.95+-87.68/-77.21+-69.92+86.47
*82.46/-48.91*19.01+-68.41*77.22*22.11*68.99+98.14+-75.68-44.66+-20.2*43.6--71.82/-78.76-35.25,82.46*-48.91/19.01*-68.41+77.22*22.11*68.99*98.14+-75.68+44.66--20.2+43.6*-71.82--78.76/-35.25
--61.2/46.61+38.43*77.24/-72.87--87.34+-16.89*-40.21+-99.31*46.31+32.99+-91.3+8.59*-36.7355.15,-61.2+46.61/38.43+77.24*-72.87/-87.34--16.89+-40.21*-99.31+46.31*32.99+-91.3+8.59+-36.73*55.15
/-59.81*-21.99*81.41--84.12+41.52*-59.9*82.57/13.13/-27.23--51.01+24.55+30.22+-90.93--8.91-23.42,-59.81/-21.99*81.41*-84.12-41.52+-59.9*82.57*13.13/-27.23/-51.01+24.55*30.22+-90.93+-8.91--23.42
+10.59-63.55*98.43/9.65+-65.96*-28.26*14.87-*--15.14+10.31+-98.55-76.21-*/13.77-48.38,10.59+63.55-98.43*9.65/-65.96+-28.26*14.87*-46.51--15.14-10.31+-98.55+76.21-29.64-13.77/-48.38
*-70.56+25.87/-32.4/15.01+-37.45+-6.34*78.43--57.43--79.2-96.36--20.38/-4.44+9.98*-45.29-84.67,-70.56*25.87+-32.4/15.01/-37.45+-6.34+78.43*-57.43--79.2-96.36--20.38--4.44/9.98+-45.29*-84.67
-66.6-*/21.1/71.49+90.87*0.48/41.35--4.9/39.08*-41.65*30.36-97.9/-58.37+-99.5781.98,66.6--17.61-21.1/71.49/90.87+0.48*41.35/-4.9-39.08/-41.65*30.36*97.9--58.37/-99.57+81.98
--88.77+-67.02*38.41*20.99/32.59*89.77*66.41*9.88--65.14-57.7+17.06*50.82+29.77*-40.42-33.38,-88.77+-67.02+38.41*20.99*32.59/89.77*66.41*9.88*-65.14-57.7-17.06+50.82*29.77+-40.42*-33.38
*-80.27-6.56*-85.57--78.0/-68.43/-83.37*64.51*-61.41/-80.04+52.15--6.02--9.5+-1.0*-33.9469.23,-80.27*6.56--85.57*-78.0--68.43/-83.37/64.51*-61.41*-80.04/52.15+-6.02+-9.5--1.0+-33.94*69.23
/93.38+-3.79*-71.44+62.11+21.85/87.97-99.1/-57.22/82.57+-1.78/-35.18+-54.59/-89.27*7.39-24.2,93.38/-3.79+-71.44*62.11+21.85+87.97/99.1--57.22/82.57/-1.78+-35.18/-54.59+-89.27/7.39*-24.2
+-64.2+-24.86/-90.55+-29.8+10.43/-7.55-97.05*2.4--51.24/55.85+47.18+-39.57*87.44-22.62-81.57,-64.2+-24.86+-90.55/-29.8+10.43+-7.55/97.05-2.4*-51.24-55.85/47.18+-39.57+87.44*22.62--81.57
+-46.56/71.57+19.21/95.14*34.7+-87.26+-81.21*-93.5/38.94*-84.67/-11.97/-37.0/-0.39+-30.9710.01,-46.56+71.57/19.21+95.14/34.7*-87.26+-81.21+-93.5*38.94/-84.67*-11.97/-37.0/-0.39/-30.97+10.01
*-51.7*48.2+90.7--4.35--28.65/-45.6*-46.5+-95.88/-90.44*44.73/-66.53*-26.21+33.58--43.4-9.39,-51.7*48.2*90.7+-4.35--28.65--45.6/-46.5*-95.88+-90.44/44.73*-66.53/-26.21/33.58+-43.4--9.39
-90.18--76.54/-55.48*-37.39/2.21/28.4*-66.92+-/-52.8+-96.16+6.78+19.92*42.38/-34.61-21.57,90.18--76.54--55.48/-37.39*2.21/28.4/-66.92*5.89+-52.8/-96.16+6.78+19.92+42.38*-34.61/-21.57
-12.58+-26.89+-72.21--76.06*-19.13+-39.96*-92.04*-68.14+-*-54.93+-27.02+67.17/14.74/-15.2144.22,12.58--26.89+-72.21+-76.06--19.13*-39.96+-92.04*-68.14*-48.63+-54.93*-27.02+67.17+14.74/-15.21/44.22
-56.55+-47.56+11.56-96.62--6.29/-25.96/94.64/-59.04/-40.14/-53.63*79.32/-84.23--61.76/0.98-63.32,56.55--47.56+11.56+96.62--6.29--25.96/94.64/-59.04/-40.14/-53.63/79.32*-84.23/-61.76-0.98--63.32
*-1.97+-11.42-*--23.52--79.58-80.97*54.03-55.06--81.88/93.56/95.6--89.85/-9.12--81.25-91.35,-1.97*-11.42+-15.26--23.52--79.58-80.97-54.03*55.06--81.88-93.56/95.6/-89.85--9.12/-81.25--91.35
-20.16/61.01*8.88/-67.32-45.32--12.83/-32.63--43.56--96.53-41.25/-68.83*3.13*6.63/2.626.03,20.16-61.01/8.88*-67.32/45.32--12.83--32.63/-43.56--96.53-41.25--68.83/3.13*6.63*2.62/6.03
*63.37+4.08/88.73/69.88/94.36*-25.49--29.79/++-79.87*-2.68*-88.01+55.85+12.31---54.08,63.37*4.08+88.73/69.88/94.36/-25.49*-29.79--32.87/-79.87+-2.68*-88.01*55.85+12.31+-22.28--54.08
*91.65-70.06*-89.43--68.89--21.42*51.91+*--48.55+-43.18--73.11+4.38+-4.29--25.53--15.5-40.73,91.65*70.06--89.43*-68.89--21.42-51.91*72.27+-48.55--43.18+-73.11-4.38+-4.29/-25.53--15.5--40.73
+-62.08*78.32*-45.18+*-26.83--97.61--64.95+-68.69*-48.69/26.06*15.03+-98.8/-9.3--81.3186.21,-62.08+78.32*-45.18*-33.16+26.83--97.61--64.95--68.69+-48.69/26.06/15.03*-98.8+-9.3/-81.31-86.21
-17.45--43.23/-18.48*-95.98/36.23+-70.52-16.26-96.97--71.81+---29.59*48.56--84.56+11.37-1.76,17.45--43.23--18.48/-95.98*36.23/-70.52+16.26-96.97--71.81--87.35+-29.59-48.56*-84.56-11.37+-1.76
+62.02--7.22+-49.83+22.99+98.1/87.69+--12.63/-34.39+-10.38*94.73+-81.46-95.1/74.33-3.5,62.02+-7.22--49.83+22.99+98.1+87.69/66.74+12.63--34.39/-10.38+94.73*-81.46+95.1-74.33/-3.5
/1.5--55.25-57.83/-25.43/-72.64/-60.5--66.26+94.02-83.48--5.93+-26.61/83.0-90.25+82.5-38.03,1.5/-55.25-57.83--25.43/-72.64/-60.5/-66.26-94.02/83.48--5.93--26.61+83.0/90.25-82.5+-38.03
*14.6*26.8/11.17*-8.06/-30.57/-+90.68+39.82+43.06*-50.86/-6.95/-*-68.55/34.78-1.4,14.6*26.8*11.17/-8.06*-30.57/-27.09/90.68+39.82+43.06+-50.86*-6.95/-59.98/-68.55*34.78/-1.4
*-8.56--48.33++*24.79*-30.92+-49.95-13.11*25.33-82.28+-58.11--80.98/16.39+-25.39-97.11-40.69,-8.56*-48.33--26.92+24.79*-30.92*-49.95+13.11-25.33*82.28--58.11+-80.98-16.39/-25.39+97.11--40.69
/96.66+56.84+52.18+55.24/-+50.48--77.83+-1.13-72.72--97.51--18.88*/*54.14*-9.3853.18,96.66/56.84+52.18+55.24+-13.92/50.48+-77.83--1.13+72.72--97.51--18.88--97.99*54.14*-9.38*53.18
+-68.58+23.78--51.42-65.68-11.49--74.6/37.66+53.05/21.4+44.77/9.61--11.97-78.32/73.5632.68,-68.58+23.78+-51.42-65.68-11.49--74.6-37.66/53.05+21.4/44.77+9.61/-11.97-78.32-73.56/32.68
*32.94+85.77/+/98.08-82.11*-15.53+33.15/69.62-93.72+-16.82+54.19+-81.76/-27.94*91.2984.49,32.94*85.77+99.52/98.08/82.11--15.53*33.15+69.62/93.72--16.82+54.19+-81.76+-27.94/91.29*84.49
/22.43*76.22+42.47-91.03-10.16-16.01-93.62-77.79*-59.27--24.78-87.61/16.47--25.02---31.63,22.43/76.22*42.47+91.03-10.16-16.01-93.62-77.79--59.27*-24.78-87.61-16.47/-25.02--89.98--31.63
--92.49*17.29-84.53-63.89--38.46/30.74+-91.37+46.33+99.05/16.58--29.45+-75.4/-73.32-42.3448.73,-92.49-17.29*84.53-63.89--38.46-30.74/-91.37*46.33+99.05+16.58/-29.45--75.4+-73.32/42.34-48.73
+-24.45+-47.22/-0.37--96.7+28.13*74.67/-72.18*2.05--35.83+72.39*-82.86/6.61/31.71*92.11-66.9,-24.45+-47.22+-0.37/-96.7-28.13+74.67*-72.18/2.05*-35.83-72.39+-82.86*6.61/31.71/92.11*-66.9
-14.23+74.53/83.75+69.22--81.05+-29.03+-84.16*17.36*-76.85/-31.72/99.87*-36.84+52.59*-27.49-72.91,14.23-74.53+83.75/69.22+-81.05--29.03+-84.16+17.36*-76.85*-31.72/99.87/-36.84*52.59/-27.49*-72.91
-71.27--50.4--58.9+-77.61*-81.93/93.56-59.83*-18.12/-68.81*-21.4/*+45.64*65.02*77.3652.82,71.27--50.4--58.9--77.61+-81.93*93.56/59.83--18.12*-68.81/-21.4/60.4/45.64+65.02*77.36*52.82
*-32.8*19.25/54.33-99.59*-38.01+-9.52/49.0+-46.3/-4.51/+--16.8+-69.17*67.98*-30.6355.71,-32.8*19.25*54.33/99.59--38.01/-9.52+49.0/-46.3+-4.51/-58.57/-16.8--69.17+67.98*-30.63*55.71
/-93.97+-96.11*7.54+-52.06/-47.69/82.98*53.75-15.89+71.17/-48.82+-15.7*-73.2/84.46--77.8348.06,-93.97/-96.11+7.54*-52.06+-47.69/82.98/53.75*15.89-71.17+-48.82/-15.7+-73.2*84.46--77.83-48.06
--26.61/-35.48*-53.61*-29.0--61.56+/-61.05*-48.23+-77.58*-16.09--83.81+33.53/17.91-44.5499.77,-26.61--35.48/-53.61*-29.0*-61.56-96.84+61.05--48.23*-77.58+-16.09*-83.81-33.53+17.91/44.54-99.77
*-55.9+-27.61+32.76+8.7+98.74/92.61*81.88/66.29/-3.89/-61.46-43.67*25.78*-5.3/-2.7499.95,-55.9+-27.61+32.76+8.7+98.74+92.61/81.88*66.29/-3.89/-61.46/43.67-25.78*-5.3*-2.74/99.95
+-71.98+-80.15+11.99+-88.29*-39.88+65.25/24.56+34.87**+12.42+-69.62--54.69*92.24-28.8-97.9,-71.98+-80.15+11.99+-88.29+-39.88*65.25+24.56/34.87+26.0*12.42+-69.62+-54.69-92.24*28.8--97.9
*91.78-61.05*-94.95/93.71*-38.82/28.54*-97.74*34.78+-35.02--87.95/33.85-60.82+26.07-79.63-83.75,91.78*61.05--94.95*93.71/-38.82*28.54/-97.74*34.78*-35.02--87.95-33.85/60.82-26.07+79.63--83.75
--59.07*-39.4*-28.91*30.6--38.84+57.31/++83.5*-88.68/35.97/9.8*21.04+96.26+*-19.67,-59.07--39.4*-28.91*30.6*-38.84-57.31+73.68/83.5+-88.68*35.97/9.8/21.04*96.26+26.51+-19.67
/27.78-83.1+-53.31-77.98+-42.74*20.0*76.61/-22.51*-12.98*69.22*-71.86/-78.0-+--79.6584.94,27.78/83.1--53.31+77.98--42.74+20.0*76.61*-22.51/-12.98*69.22*-71.86*-78.0/39.09--79.65-84.94
*-40.55+99.42*//-65.94+-58.15*73.27--12.52/-8.91/88.63+-30.57/68.09*49.45+68.76--22.75-22.76,-40.55*99.42+-49.01*-65.94/-58.15+73.27*-12.52--8.91/88.63/-30.57+68.09/49.45*68.76+-22.75--22.76
*17.1/46.41*85.45--70.47*47.45*5.87/75.81/-71.59--34.03-78.95*-2.27--61.57*-45.28*68.81-95.95,17.1*46.41/85.45*-70.47-47.45*5.87*75.81/-71.59/-34.03-78.95--2.27*-61.57--45.28*68.81*-95.95
/-17.88--72.78+-30.83/98.19+-94.4-89.08*-35.65+6.46++-33.59*80.37/-24.52/-4.72/30.02-13.95,-17.88/-72.78--30.83+98.19/-94.4+89.08--35.65*6.46+-64.64+33.59-80.37*-24.52/-4.72/30.02/-13.95
*-87.87--39.38/-87.25*-53.09+-23.97-54.21/52.7--31.37+94.46+-54.42/90.56/63.77+5.69/-67.14-28.13,-87.87*-39.38--87.25/-53.09*-23.97+54.21-52.7/-31.37-94.46*-54.42+90.56-63.77/5.69+-67.14/-28.13
/-74.64++-71.38*73.68+-1.19-82.09+14.18/-7.34*57.8/57.39*9.3/-86.87+-0.16+40.060.95,-74.64/-34.44+71.38-73.68*-1.19+82.09-14.18+-7.34/57.8*57.39/9.3*-86.87/-0.16+40.0+60.95
/-17.51*15.15+-76.66+-6.35+-2.93+18.24/77.8+-39.24/-44.53+-80.66+++-33.2*76.55-3.41-94.51,-17.51/15.15*-76.66+-6.35+-2.93+18.24+77.8/-39.24+-44.53/-80.66+-51.86+-33.2+76.55*3.41--94.51
-83.91--0.13+-87.45-95.71/-24.74/-98.54*-85.94--52.59+35.82/-4.33+-44.84+-29.27--32.18**6.95,83.91--0.13--87.45+95.71--24.74/-98.54/-85.94*-52.59-35.82+-4.33/-44.84+-29.27+-32.18--64.32+6.95
/-3.59--86.56-62.89*-41.31/18.49/98.23--97.26-69.0+21.32--24.99+59.84--62.35*-34.46+-36.59-3.8,-3.59/-86.56-62.89--41.31*18.49/98.23/-97.26-69.0-21.32+-24.99-59.84+-62.35--34.46*-36.59+-3.8
/-30.74*-25.3--85.54-53.75+-13.48/-11.2--32.97*-41.01*-74.08+-60.88*16.45*-40.42+-49.24/1.9735.24,-30.74/-25.3*-85.54-53.75--13.48+-11.2/-32.97--41.01*-74.08*-60.88+16.45*-40.42*-49.24+1.97/35.24
-45.88*-18.83*-36.97-47.02/86.7+-63.34-39.54/30.62/74.34*-31.48+90.95+-35.71+-78.65+-16.5829.91,45.88--18.83/-36.97*47.02-86.7/-63.34+39.54-30.62/74.34/-31.48*90.95+-35.71+-78.65+-16.58+29.91
+-64.25*84.87/-60.1--4.72--59.72/-52.27-24.17*-6.21-16.93+16.78+-73.75+3.72+96.09*-63.01-68.71,-64.25+84.87*-60.1/-4.72/-59.72--52.27/24.17--6.21*16.93-16.78+-73.75+3.72+96.09+-63.01*-68.71
++-66.29--59.83*8.21+-43.18/-92.97/86.52*65.85*56.95-67.3+-25.02+21.25/-80.29+-88.9-51.18,-19.98+66.29--59.83-8.21*-43.18+-92.97/86.52/65.85*56.95*67.3--25.02+21.25+-80.29/-88.9+-51.18
/-78.02*-96.65-39.84*-78.26/22.85-72.91+-99.81/-5.53++/99.75*-54.16-88.86/60.53--57.9458.89,-78.02/-96.65*39.84--78.26*22.85/72.91--99.81+-5.53/19.08+99.75/-54.16*88.86-60.53/-57.94-58.89
+35.09+-3.01--98.89/-73.41*18.01*41.86+46.49*-87.75*61.44*-77.23-37.0*23.86--91.59*14.73-19.52,35.09+-3.01+-98.89--73.41/18.01*41.86*46.49+-87.75*61.44*-77.23*37.0*23.86*-91.59-14.73*-19.52
/99.73-53.25/*+-32.54*80.35*43.85--33.16+-65.35-69.93--30.77/-*98.42*48.72--84.5538.8,99.73/53.25-85.75/-32.54+80.35*43.85*-33.16--65.35+69.93--30.77--68.05/98.42*48.72*-84.55-38.8
*-95.91+-83.64+-73.5/-44.37+62.67/-20.13/-72.69/-94.02+-19.08-66.49--38.8/-72.48/-73.89/83.4640.99,-95.91*-83.64/-73.5+-44.37/62.67+-20.13/-72.69/-94.02/-19.08-66.49--38.8--72.48/-73.89/83.46/40.99
/96.29--98.05*-63.58-58.04+32.85+-81.76-47.12--71.39-52.69-78.58+-74.79/-1.36/-25.75*65.3931.92,96.29/-98.05--63.58*58.04-32.85+-81.76+47.12*-71.39-52.69-78.58--74.79+-1.36/-25.75/65.39*31.92
+-39.57*-54.88/8.12-99.22*99.02*-82.7/82.34+59.56+-20.47-8.37+-62.88-94.18+91.91-17.3118.63,-39.57+-54.88*8.12/99.22-99.02*-82.7*82.34/59.56+-20.47+8.37--62.88+94.18-91.91+17.31-18.63
/-92.2+74.96/-52.17+-22.87*93.83/-82.51+-68.46--42.28*-73.83*-35.24/20.5--50.69--7.08+-19.51-93.75,-92.2/74.96+-52.17/-22.87+93.83*-82.51/-68.46+-42.28--73.83*-35.24/20.5/-50.69--7.08--19.51+-93.75
*56.26/-23.87+0.68*33.39*-59.63--83.76+9.82+13.28-*--53.47/-53.57+28.12+-15.77+-78.5867.87,56.26*-23.87/0.68+33.39+-59.63*-83.76-9.82+13.28+46.28--53.47--53.57/28.12+-15.77+-78.58+67.87
+-0.38+63.85+-91.35/98.45+61.9+80.83*-41.94*-47.62+-7.83/33.48*5.45*14.17--35.83-12.429.27,-0.38+63.85+-91.35+98.45/61.9+80.83+-41.94*-47.62*-7.83+33.48/5.45*14.17*-35.83-12.42-9.27
+57.62-55.8--23.24--33.35+77.33--55.84--38.41/74.8*17.07+63.91*-69.86*71.74*13.58+-49.191.73,57.62+55.8--23.24--33.35-77.33+-55.84--38.41-74.8/17.07*63.91+-69.86*71.74*13.58*-49.19+1.73
+-57.79-93.92--87.87/-65.54*-55.06--90.93*-74.86-87.18*-66.04/-18.04--3.08+27.62+-22.93+33.28-75.15,-57.79+93.92--87.87--65.54/-55.06*-90.93--74.86*87.18--66.04*-18.04/-3.08-27.62+-22.93+33.28+-75.15
*-88.14--64.45+67.87+65.38-62.98+-63.75+-98.44/33.3-60.87+25.29*46.24/1.4+97.35+-50.029.36,-88.14*-64.45-67.87+65.38+62.98--63.75+-98.44+33.3/60.87-25.29+46.24*1.4/97.35+-50.0+29.36
*-81.58*36.28/72.44*95.99*12.86*88.7+43.01/-34.76-65.96+14.8/99.75+78.81*24.28--95.5786.46,-81.58*36.28*72.44-95.99*12.86*88.7*43.01+-34.76/65.96-14.8+99.75/78.81+24.28*-95.57-86.46
--71.29+-52.75*15.75*-58.86-95.72--55.88*59.0-90.31*87.02/-51.13/20.03*98.28+/+-73.839.78,-71.29--52.75+15.75*-58.86*95.72--55.88-59.0-90.31-87.02*-51.13/20.03/98.28*-9.48+-73.8+39.78
/91.71+-7.76*6.4+14.28/15.45+-16.62+-15.73/-49.33--/46.76-44.53--36.83+79.85+83.3775.53,91.71/-7.76+6.4*14.28+15.45/-16.62+-15.73+-49.33/45.0-46.76/44.53--36.83-79.85-83.37+75.53
-7.93//-48.63/46.92*56.04-4.91--7.17/48.84+87.13/-21.99+98.03/-1.72-81.48+-64.67-9.64,7.93-1.29/48.63-46.92/56.04*4.91--7.17-48.84/87.13+-21.99/98.03+-1.72/81.48--64.67+-9.64
--96.77+-75.24/-69.02*-*-84.67*32.22*32.82/98.36--4.67/33.93--72.16+9.17+-77.07+-3.08-54.21,-96.77--75.24+-69.02/28.63*-84.67*32.22*32.82*98.36/-4.67-33.93/-72.16-9.17+-77.07+-3.08+-54.21
*98.88/51.99--81.33*4.54-+-31.11*65.04+56.73*50.63/-24.68-96.17*-60.56/-37.6*18.710.1,98.88*51.99/-81.33-4.54*-91.37-31.11-65.04*56.73+50.63*-24.68/96.17--60.56*-37.6/18.7*10.1
-96.33-/**+-2.48/45.86+-49.4*56.97*81.6--98.54*-28.47-99.42+50.98--2.44-95.12-30.72,96.33--78.23--61.96*-2.48+45.86/-49.4+56.97*81.6*-98.54--28.47*99.42-50.98+-2.44-95.12--30.72
+-77.28/62.06*30.11/97.32--61.75+-27.98/91.45--96.52--95.28+46.96+94.57/-/-66.31*16.62-40.82,-77.28+62.06/30.11*97.32/-61.75--27.98+91.45/-96.52--95.28-46.96+94.57+67.2/-66.31/16.62*-40.82
+-55.05+-30.21/-45.11+-90.07/*-50.7/-15.78*33.34--36.61-0.13+40.27+-22.68-63.82-70.97-48.72,-55.05+-30.21+-45.11/-90.07+-53.93/50.7--15.78/33.34*-36.61-0.13-40.27+-22.68+63.82-70.97--48.72
+29.13/-92.28+-28.54/-73.75*-66.28--79.79/94.46*52.66-9.57/-28.08+6.41-*/74.75/-19.32-78.19,29.13+-92.28/-28.54+-73.75/-66.28*-79.79-94.46/52.66*9.57--28.08/6.41+73.58-74.75/-19.32/-78.19
-79.08/92.73*63.42/-10.42-89.81+49.88*80.74/25.24+//69.94--73.09+-21.65*-20.49+55.01-11.83,79.08-92.73/63.42*-10.42/89.81-49.88+80.74*25.24/90.32+69.94/-73.09--21.65+-20.49*55.01+-11.83
-96.34/-62.7*-44.1+-9.56--52.31/-2.06+-72.31/57.55/68.53*94.26*62.17/80.7+64.51--80.04-85.47,96.34--62.7/-44.1*-9.56+-52.31--2.06/-72.31/57.55/68.53/94.26*62.17*80.7/64.51+-80.04--85.47
+34.65-55.85*-27.57--61.64-24.91+-2.88/-27.11-96.45/-89.31/-47.0--57.41-55.09+*/-53.3365.26,34.65+55.85--27.57*-61.64-24.91--2.88+-27.11/96.45--89.31/-47.0/-57.41-55.09--69.82+-53.33/65.26
/-60.38+60.29/-17.79+-20.2+-62.73/83.41--87.39*-52.87--94.52*-79.05*-90.76-72.36*-63.05--80.78-79.84,-60.38/60.29+-17.79/-20.2+-62.73+83.41/-87.39--52.87*-94.52--79.05*-90.76*72.36--63.05*-80.78--79.84
-34.22-44.93*-15.42-33.19/-10.23*59.72--82.92+-91.5/91.61-53.58/-88.12+96.63-5.3*-10.5790.37,34.22-44.93--15.42*33.19--10.23/59.72*-82.92--91.5+91.61/53.58--88.12/96.63+5.3--10.57*90.37
+-64.73--49.88/-76.95/98.09+77.73*-50.12--42.19*33.43-59.04--36.98-/-33.62+12.17/-3.41-13.37,-64.73+-49.88/-76.95/98.09/77.73+-50.12*-42.19-33.43*59.04--36.98--23.99-33.62-12.17+-3.41/-13.37
-62.7*-62.68--41.05--13.24/96.23/75.99/0.41+---38.11/-27.59-13.45+-22.85*30.1+-32.9792.31,62.7--62.68*-41.05--13.24-96.23/75.99/0.41/-45.24+-38.11--27.59+13.45--22.85+30.1*-32.97+92.31
-51.83+-97.97*-25.17/-66.76-26.0*65.71+-28.86-53.07-90.7*-61.4/-28.21-23.42*21.04--76.4168.79,51.83--97.97+-25.17*-66.76/26.0-65.71*-28.86+53.07-90.7--61.4*-28.21/23.42-21.04*-76.41-68.79
-78.25+32.34*98.26*-37.63-10.67+31.16--88.17-20.56-59.19/91.99*65.48/63.56--60.62/-31.8-15.99,78.25-32.34+98.26*-37.63*10.67-31.16+-88.17-20.56-59.19-91.99/65.48*63.56/-60.62--31.8/-15.99
--78.91-++-38.56*85.71+36.16/49.37+-3.19*20.97-30.62+-11.95/-70.53**+-33.0+29.0185.43,-78.91-32.25--38.56+85.71*36.16+49.37/-3.19+20.97*30.62--11.95+-70.53/27.46*-33.0+29.01+85.43
*-89.37/28.2/-78.55*-63.84/-88.37+67.46*//-44.77/96.28*-48.17+-22.5+17.86/90.88-20.1560.21,-89.37*28.2/-78.55/-63.84*-88.37/67.46+31.11*-44.77/96.28/-48.17*-22.5+17.86+90.88/20.15-60.21
/-13.17-93.41/-99.16*-43.48/-94.47+70.59*-10.77+-5.63*59.41*3.09-71.42+95.42-8.1/38.78-58.66,-13.17/93.41--99.16/-43.48*-94.47/70.59+-10.77*-5.63+59.41*3.09*71.42-95.42+8.1-38.78/-58.66
/94.91+77.29-29.98+15.04+-18.77--71.98--9.59+-12.2/55.58+21.28/-96.42/-47.69/-32.61+-64.2655.88,94.91/77.29+29.98-15.04+-18.77+-71.98*-9.59--12.2+55.58/21.28+-96.42/-47.69/-32.61/-64.26+55.88
+-71.61+77.52+44.52+-48.79/-67.13+-54.88*39.45+-52.54/62.96-23.96*70.96/-64.69*-58.64-34.3938.49,-71.61+77.52+44.52+-48.79+-67.13*-54.88+39.45*-52.54+62.96/23.96-70.96*-64.69/-58.64*34.39-38.49
*-45.89--1.44*-53.32/-68.84*-11.12--44.94*52.42*++-83.96*++57.64-28.28/23.43*49.7245.93,-45.89*-1.44--53.32*-68.84/-11.12*-44.94-52.42*-59.76*-83.96+56.11*57.64+28.28-23.43/49.72*45.93
/90.43-96.29+-57.54/-36.63-83.29+6.73*18.01-10.78*34.7+-66.67*-91.22--60.74+-19.64+93.39-13.35,90.43/96.29--57.54+-36.63/83.29-6.73+18.01*10.78*34.7*-66.67+-91.22*-60.74--19.64+93.39+-13.35
--48.48--49.39*2.46/82.73+-81.82-66.78/-12.35-98.23-76.58++*68.92*-99.34+84.79/68.8742.53,-48.48--49.39-2.46*82.73/-81.82+66.78--12.35/98.23-76.58--71.62+68.92*-99.34*84.79+68.87/42.53
+14.79/-86.26/56.16*53.86+15.03+80.61/2.38--98.67/37.95*-89.49/-46.34+44.76*-69.06*61.8183.46,14.79+-86.26/56.16/53.86*15.03+80.61+2.38/-98.67-37.95/-89.49*-46.34/44.76+-69.06*61.81*83.46
-86.45+91.24+-52.73*-94.99*-43.15*-70.74*33.35*54.42+-51.62+-72.03-57.59--39.8+74.9*-2.96-33.6,86.45-91.24+-52.73+-94.99--43.15*-70.74*33.35*54.42*-51.62+-72.03+57.59--39.8-74.9+-2.96*-33.6
-97.19+//21.09+53.14-67.35-87.51*32.23-31.87/17.65-8.74+-93.26/33.72-68.7*-83.0144.28,97.19--63.4+21.09/53.14+67.35-87.51-32.23*31.87-17.65/8.74--93.26+33.72/68.7--83.01*44.28
*29.6+4.34*27.26/*+90.65/47.44+-8.58-28.08*76.31/91.45/42.77/22.87/86.04/-84.317.87,29.6*4.34+27.26*34.16/90.65+47.44/-8.58+28.08-76.31*91.45/42.77/22.87/86.04/-84.3/17.87
-86.21+35.67*-3.28/-30.74-56.85+-90.94*65.32*-49.88--60.79*-52.62/85.92*85.29/82.87*-99.793.94,86.21-35.67+-3.28*-30.74/56.85--90.94+65.32*-49.88*-60.79--52.62*85.92/85.29*82.87/-99.7/93.94
-65.36/-20.14/-15.95+7.49*-93.12-70.17--92.73*20.13/71.22+60.22/24.65*-82.08-33.59-44.21-5.28,65.36--20.14/-15.95/7.49+-93.12*70.17--92.73-20.13*71.22/60.22+24.65/-82.08*33.59-44.21--5.28
/25.47--90.05-58.52+-73.78--29.58+40.48/-46.28/-71.34-76.61+-32.71+-60.85-21.74+-30.13+-80.34-67.73,25.47/-90.05-58.52--73.78+-29.58-40.48+-46.28/-71.34/76.61--32.71+-60.85+21.74--30.13+-80.34+-67.73
*42.41/65.45+68.34*46.06*55.54-60.42--3.02+-57.7--20.52+98.59+27.51/9.33*19.44*-76.2249.52,42.41*65.45/68.34+46.06*55.54*60.42--3.02/-57.7+-20.52-98.59+27.51+9.33/19.44*-76.22*49.52
/3.35*-58.74*-75.33+64.48+46.49*-27.41-82.22*73.39+73.71+-65.46+77.03/10.71*66.66+-72.53-,3.35/-58.74*-75.33*64.48+46.49+-27.41*82.22-73.39*73.71+-65.46+77.03+10.71/66.66*-72.53+51.43
/-17.1*48.86*95.23-22.43/32.04//+-19.92+96.98/77.08+61.91*-61.23+73.66+72.39*-28.294.4,-17.1/48.86*95.23*22.43-32.04/22.73/-19.92+96.98+77.08/61.91--61.23*73.66+72.39+-28.2*94.4
/-81.72*-86.28--5.28-26.77/-8.41--4.0+-70.04+-+-19.16/29.77*-30.52*41.67*67.34+-69.66-97.02,-81.72/-86.28*-5.28-26.77--8.41/-4.0--70.04+-91.1+-19.16+29.77/-30.52*41.67*67.34*-69.66+-97.02
*-24.38*52.72/-92.62+-46.95/59.37-91.74/-84.66*88.77/-49.11+33.17/42.28*35.16+-27.41-45.3958.29,-24.38*52.72*-92.62/-46.95+59.37/91.74+-84.66/88.77*-49.11/33.17+42.28/35.16*-27.41+45.39-58.29
+27.23/91.76-*-2.11-30.68--5.12+-90.54--15.58--34.63+-79.62/87.82*++30.0*35.25-97.97,27.23+91.76/6.86-2.11-30.68--5.12--90.54+-15.58--34.63--79.62+87.82/-41.97*30.0+35.25*-97.97
/-24.26-20.13*77.48+74.58/-2.06*-88.78/31.76-41.51+-39.68+-58.7*74.05-31.32/45.24+74.2-19.91,-24.26/20.13-77.48*74.58+-2.06/-88.78*31.76/41.51--39.68+-58.7+74.05*31.32-45.24/74.2+-19.91
*-23.88+++-64.71+75.69+-8.64-61.77--69.3+-87.63--1.64+-44.1*62.97/-85.15-7.64+78.52-66.41,-23.88*-23.31+-64.71+75.69+-8.64+61.77--69.3--87.63+-1.64--44.1+62.97*-85.15/7.64*78.52+-66.41
*-83.55*-98.61-77.34*10.34*74.88--14.81--40.9*29.97-35.92/-38.77*-70.82+7.99-31.46--32.7186.06,-83.55*-98.61*77.34-10.34*74.88*-14.81--40.9-29.97*35.92--38.77+-70.82*7.99+31.46--32.71-86.06
+-3.3/5.22*-90.6--90.67--13.96/-57.01/-11.68+8.27*97.97-*+44.18-10.08-6.41-39.6344.37,-3.3+5.22/-90.6*-90.67--13.96--57.01/-11.68/8.27+97.97*13.62-44.18+10.08-6.41-39.63-44.37
/-23.92+-25.09/-32.19+38.65*-42.51/69.42//-67.08-61.07/23.02/39.69*28.04-35.37*-23.2559.8,-23.92/-25.09+-32.19/38.65+-42.51*69.42/29.0/67.08-61.07-23.02/39.69/28.04*35.37--23.25*59.8
-52.57*37.97+73.76/7.94-27.5+-25.8+5.02+-86.63--+-28.52--82.7*-39.39+68.38-56.4892.91,52.57-37.97*73.76+7.94/27.5--25.8+5.02+-86.63+-66.56--28.52+-82.7--39.39*68.38+56.48-92.91
*95.52*-96.4/-25.36-19.5*-69.14+-79.13*-30.98/94.29*73.46/39.68/41.99+58.03*+-30.6836.89,95.52*-96.4*-25.36/19.5--69.14*-79.13+-30.98*94.29/73.46*39.68/41.99/58.03+49.48*30.68-36.89
+99.81/92.72+-19.0-36.61+-87.62--29.35/98.15/58.8/-54.47+19.1/-20.72--59.11+-71.94*7.39-14.79,99.81+92.72/-19.0+36.61--87.62+-29.35-98.15/58.8/-54.47/19.1+-20.72/-59.11--71.94+7.39*-14.79
+*/-37.34*71.65+-95.85/-55.67*8.38--47.75*-22.71/81.52--56.82/-1.37+25.32+-98.42*70.48-16.38,60.93+-37.34/71.65*-95.85+-55.67/8.38*-47.75--22.71*81.52/-56.82--1.37/25.32+-98.42+70.48*-16.38
+-22.29+-16.12+68.38*-67.86--7.13/-22.83/-45.5+47.14/47.15*-52.09-30.77--12.62+80.58--22.8868.7,-22.29+-16.12+68.38+-67.86*-7.13--22.83/-45.5/47.14+47.15/-52.09*30.77*-12.62-80.58+-22.88-68.7
+-8.84///89.99/-88.1/-58.44-92.69/**6.77--16.48/46.61+-13.47/-79.27/5.91-8.68-35.16,-8.84+-65.35/89.99/-88.1/-58.44/92.69--69.19/6.77*-16.48-46.61/-13.47+-79.27/5.91/8.68--35.16
*-40.8*56.99+-83.45-79.0+-67.98/25.63-55.22-81.5/95.54-57.7*-88.59---56.84/-10.7789.49,-40.8*56.99*-83.45+79.0--67.98+25.63/55.22-81.5-95.54/57.7--88.59*-7.98-56.84--10.77/89.49
*41.7+62.19/+--49.58-17.02/-91.5-22.16/-72.73--66.83+-48.87+20.09/-17.07+*/66.2371.52,41.7*62.19+-41.32/-49.58-17.02--91.5/22.16--72.73/-66.83--48.87+20.09+-17.07/-77.4+66.23/71.52
/-81.91/-6.41--91.29/63.75+-27.36--83.8*29.89*-6.45/30.09+-62.27--53.05+-85.56-66.92*3.03-41.19,-81.91/-6.41/-91.29-63.75/-27.36+-83.8-29.89*-6.45*30.09/-62.27+-53.05--85.56+66.92-3.03*-41.19
-82.0--19.06/44.56*46.45+47.75/77.51--73.48+*+-17.34/77.83-40.0+52.07/-96.0/-99.24-85.5,82.0--19.06-44.56/46.45*47.75+77.51/-73.48-78.1+-17.34+77.83/40.0-52.07+-96.0/-99.24/-85.5
--65.04+-13.81+65.24+-27.16/**1.23*-75.02+-16.07/-8.18+-42.59-36.16--53.18-90.65*35.5610.68,-65.04--13.81+65.24+-27.16+-94.75/1.23*-75.02*-16.07+-8.18/-42.59+36.16--53.18-90.65-35.56*10.68
///-56.14+-56.71*-79.05+61.85/-69.28/-1.81*97.14/-31.77--28.09*-2.68+71.71/-43.87+-55.63-70.5,-65.3/-56.14/-56.71+-79.05*61.85+-69.28/-1.81/97.14*-31.77/-28.09--2.68*71.71+-43.87/-55.63+-70.5
--30.2--82.2+38.94*-48.12+-21.51+44.64*-13.63--72.04+-62.14/96.87--19.82*-28.68+2.25--76.74-7.95,-30.2--82.2-38.94+-48.12*-21.51+44.64+-13.63*-72.04--62.14+96.87/-19.82--28.68*2.25+-76.74--7.95
+-41.43*10.17-84.57-53.28*-85.51/38.23*-58.42+52.29+-33.83+6.72+96.23--12.69*-55.63-48.028.79,-41.43+10.17*84.57*53.28--85.51*38.23/-58.42*52.29/-33.83+6.72+96.23+-12.69--55.63*48.0-28.79
-94.16/88.94/-87.05/86.68*-3.0+97.41+-97.13*19.25/-74.97*+--85.09--84.01-72.25*48.83-95.19,94.16-88.94/-87.05/86.68/-3.0*97.41+-97.13+19.25*-74.97/-76.0*-85.09--84.01-72.25-48.83*-95.19
/92.26+99.3+37.89/26.31/78.54/-21.43+-+-90.06--66.85*77.5+-79.88/-76.76+69.81-82.2366.39,92.26/99.3+37.89+26.31/78.54/-21.43/-21.52+-90.06+-66.85-77.5*-79.88+-76.76/69.81+82.23-66.39
--49.33*55.62*71.05--18.03+87.9/-7.94--52.87/15.02+94.94/-12.47/-71.08*79.9-7.23*-48.0975.09,-49.33/55.62/71.05*-18.03-87.9+-7.94/-52.87-15.02/94.94+-12.47/-71.08/79.9*7.23--48.09*75.09
+-95.55/-20.01+45.1/-99.44-64.17-13.07*//-29.93*98.07*-35.79+20.4-51.99/-23.91/-97.41-61.32,-95.55+-20.01/45.1+-99.44/64.17-13.07-32.28*-29.93/98.07*-35.79*20.4+51.99--23.91/-97.41/-61.32
*-69.23*-85.56--48.58/-35.36*-99.28+86.59-7.16+98.04+/-31.02*-52.48+33.21+46.67--85.660.28,-69.23*-85.56*-48.58--35.36/-99.28*86.59+7.16-98.04+74.22+31.02--52.48*33.21+46.67+-85.66-0.28
*-84.04+-24.12-57.4/85.51*-22.16--46.27-67.73/-98.95+-81.95-74.2-65.93/-21.66/-8.27+10.547.53,-84.04+-24.12+57.4-85.51/-22.16*-46.27-67.73--98.95/-81.95+74.2-65.93--21.66/-8.27/10.5+47.53
*37.77*-41.67*-28.03--11.63*-59.52+24.47+-6.1/-94.7*-46.79/-52.17+64.88*45.62+-85.14+85.44-28.33,37.77*-41.67*-28.03*-11.63--59.52*24.47+-6.1+-94.7/-46.79*-52.17/64.88/45.62*-85.14+85.44+-28.33
/72.64/45.26*30.91*-41.28/77.41--9.09+93.74/5.69*26.5/+/47.4--5.48+99.74*49.18-20.25,72.64/45.26/30.91*-41.28*77.41/-9.09-93.74+5.69/26.5+-84.85/47.4/-5.48-99.74+49.18*-20.25
*5.51/44.12/64.0/-64.0+-87.27/-39.85+73.52+-33.04/-41.03/-69.92/-65.69+-32.96*-28.17*92.81-37.97,5.51*44.12/64.0/-64.0/-87.27+-39.85/73.52+-33.04+-41.03/-69.92/-65.69/-32.96+-28.17*92.81*-37.97
*38.24+-6.96/42.94+-55.66/23.38*-37.23--77.62--35.87/-88.75-9.7/49.8+-38.66--60.53/-77.03-80.31,38.24*-6.96+42.94/-55.66+23.38/-37.23/-77.62--35.87--88.75/9.7-49.8/-38.66+-60.53--77.03/-80.31
*1.35*-79.29/-55.76-45.36*-5.05-85.15/-3.9--84.87/-97.73*-86.82+20.63+-69.61/80.22*84.289.75,1.35+-79.29*-55.76/45.36--5.05*85.15--3.9/-84.87--97.73/-86.82*20.63+-69.61+80.22/84.2*89.75
/23.15+59.37/19.28-68.26+-88.21--26.17+*/-53.53*37.77-96.22*50.86*-42.68/27.93/-23.59-25.44,23.15/59.37/19.28/68.26--88.21+-26.17--50.95+-53.53/37.77*96.22-50.86*-42.68*27.93/-23.59/-25.44
--1.09-29.76+33.43/-79.95--56.49+59.48-20.72-5.31--37.43+-2.57/81.44+76.62/39.63/15.85-22.22,-1.09-29.76-33.43+-79.95/-56.49-59.48+20.72-5.31--37.43--2.57+81.44/76.62+39.63/15.85/-22.22
*96.82/-25.44/33.67*-40.5+-40.73+++-51.88+-5.18/67.04*40.44+-55.63-53.22--84.11/-92.3979.51,96.82*-25.44/33.67/-40.5*-40.73+-92.77+-51.88+-5.18+67.04/40.44*-55.63+53.22/-84.11--92.39/79.51
+9.68+-12.56+10.83-34.09*12.79*-47.5+-41.29--67.64+65.53+-96.46--47.13-61.32-99.91--66.2*,9.68+-12.56+10.83+34.09-12.79*-47.5*-41.29+-67.64-65.53+-96.46+-47.13-61.32-99.91--66.2--68.02
-73.14+-25.09*72.83+-41.96*51.5+76.56-78.35*86.89/-85.07-69.07+-93.61+-52.41--40.19*-26.98+,73.14--25.09+72.83*-41.96+51.5*76.56+78.35-86.89*-85.07/69.07--93.61+-52.41+-40.19--26.98*39.48
+-26.78-88.84--18.45/33.31/-15.54/49.2+50.5+-61.62*88.57-92.65/-80.63-38.18+-20.62--82.8843.7,-26.78+88.84--18.45-33.31/-15.54+49.2/50.5+-61.62+88.57*92.65--80.63/38.18--20.62+-82.88-43.7
+-61.1/35.81--59.9-50.3*-27.14*86.97*-66.58*-71.82+-8.32-90.31/-*-20.53+-95.03-65.1131.65,-61.1+35.81/-59.9-50.3--27.14*86.97*-66.58*-71.82*-8.32+90.31-9.42/-20.53*-95.03+65.11-31.65
*-70.26*-43.23/19.78/53.69+28.06*-46.39*-68.51/51.68--6.17-27.04/-91.0--0.16*9.85*28.85-69.88,-70.26*-43.23*19.78/53.69/28.06+-46.39*-68.51*51.68/-6.17-27.04--91.0/-0.16-9.85*28.85*-69.88
+61.65*62.61+-84.55+-14.65+91.37+14.26/82.94-12.76/32.16-91.35--70.69/33.18/12.4*-43.8834.33,61.65+62.61*-84.55+-14.65+91.37+14.26+82.94/12.76-32.16/91.35--70.69-33.18/12.4/-43.88*34.33
*-46.76+-18.06+48.73/41.28/96.19/66.48*8.7+-15.76/26.33/-93.99/-38.63/-91.43/37.3/-48.1341.22,-46.76*-18.06+48.73+41.28/96.19/66.48+8.7*-15.76+26.33/-93.99/-38.63/-91.43/37.3/-48.13/41.22
+-13.61--37.07+27.33/-32.71*-97.05*89.12/-99.16*-87.02-94.62+-18.4--49.06*-72.51+-10.76/-50.89-96.52,-13.61+-37.07-27.33+-32.71/-97.05*89.12*-99.16/-87.02*94.62--18.4+-49.06--72.51*-10.76+-50.89/-96.52
+-0.38-72.95*-63.03+5.28/-86.25+-69.81*26.87+-77.13+-8.63*21.27-9.68*63.65/-79.33/*68.38,-0.38+72.95--63.03*5.28+-86.25/-69.81+26.87*-77.13+-8.63+21.27*9.68-63.65*-79.33/-50.5/68.38
/-72.13*-82.53*66.6--19.03*-97.26/-5.97*30.72/41.21/43.17/77.39--15.58--11.24/-38.43/39.74-76.61,-72.13/-82.53*66.6*-19.03--97.26*-5.97/30.72*41.21/43.17/77.39/-15.58--11.24--38.43/39.74/-76.61
*17.85---49.26+-25.93--41.48--49.73*69.27+-51.86+-6.62--88.9+85.6-1.84-51.02-13.852.64,17.85*51.12-49.26--25.93+-41.48--49.73-69.27*-51.86+-6.62+-88.9-85.6+1.84-51.02-13.8-52.64
/25.22+-32.89+5.73*74.13--27.13-34.66*-6.01*47.92-20.63--33.71*-52.92+30.9--50.86+-0.912.45,25.22/-32.89+5.73+74.13*-27.13-34.66--6.01*47.92*20.63--33.71--52.92*30.9+-50.86--0.9+12.45
/74.03-32.21+-50.58*99.86*67.46+21.13*41.88+-46.81*-46.8/3.47--86.79*-94.87--90.67/-29.7392.47,74.03/32.21--50.58+99.86*67.46*21.13+41.88*-46.81+-46.8*3.47/-86.79--94.87/-90.67--29.73/92.47
/-1.68/71.49/-23.7*-77.45-13.44/-97.32/90.72/-90.0*55.72-15.74*-1.71-96.76*71.98+-6.73-76.65,-1.68/71.49/-23.7/-77.45*13.44--97.32/90.72/-90.0/55.72*15.74--1.71*96.76-71.98*-6.73+-76.65
-55.3*--73.56/-19.88+60.14--34.38+24.44*-64.96*-16.35-81.38+88.36+54.03+14.5--13.8-7.8,55.3-9.32*73.56--19.88/60.14+-34.38-24.44+-64.96*-16.35*81.38-88.36+54.03+14.5+-13.8--7.8
/71.57*-0.51+40.3*55.0/-80.44*69.26+44.65+-77.01/-20.85/84.68*-43.55-50.03+-62.36+*-71.66,71.57/-0.51*40.3+55.0*-80.44/69.26*44.65+-77.01+-20.85/84.68/-43.55*50.03--62.36+59.69+-71.66
*3.42+90.32/-98.94/30.38*-33.04+90.31+13.22+-34.42*-27.83+13.27/93.46**-54.01*97.34-71.52,3.42*90.32+-98.94/30.38/-33.04*90.31+13.22+-34.42+-27.83*13.27+93.46/15.35*54.01-97.34*-71.52
-85.51-24.76-95.69/4.45--79.53+25.89-56.05--52.25/9.73+-11.31+47.47*4.55/-56.71+-87.17-42.63,85.51-24.76-95.69-4.45/-79.53-25.89+56.05--52.25-9.73/-11.31+47.47+4.55*-56.71/-87.17+-42.63
+-94.19+63.6-83.91--20.85*-91.29*-62.78/-25.39+-49.55+-34.71/10.71--36.14/-70.57+49.83+50.69-23.95,-94.19+63.6+83.91--20.85--91.29*-62.78*-25.39/-49.55+-34.71+10.71/-36.14--70.57-49.83+50.69+-23.95
--30.46--67.75-60.23--5.02+-50.26*-38.83/---11.31*78.93--96.45-*+-49.81+-60.2/-21.8715.53,-30.46--67.75-60.23--5.02--50.26+-38.83*-93.4/-11.31-78.93*-96.45-15.44--49.81+-60.2+-21.87/15.53
*0.07*-69.93/26.7+82.15*95.37/-47.88/-59.07*-33.12+-72.25-16.35/58.16/-0.08*22.23+20.31-58.8,0.07*-69.93*26.7/82.15+95.37*-47.88/-59.07/-33.12*-72.25+16.35-58.16/-0.08/22.23*20.31+-58.8
/-93.76+-80.5+6.16/0.87--89.51/-0.52+-21.21+-0.32+26.41*-59.98/75.62+-9.19/98.38*77.311.88,-93.76/-80.5+6.16+0.87/-89.51--0.52/-21.21+-0.32-26.41+-59.98*75.62/-9.19+98.38/77.3*11.88
--79.47/2.8+++-70.05+99.62+56.75+10.38--9.77/-59.25/-1.85/99.12*-95.1+52.75*16.4283.32,-79.47-2.8/43.22+-70.05+99.62+56.75+10.38+-9.77--59.25/-1.85/99.12/-95.1*52.75+16.42*83.32
-13.44+-43.69--55.9/-80.79+15.25--6.59--50.45+-65.66/53.72+-96.26/50.53+92.66-3.2/-67.1889.41,13.44--43.69+-55.9--80.79/15.25+-6.59--50.45--65.66+53.72/-96.26+50.53/92.66+3.2--67.18/89.41
/-9.78*5.22/-80.44*-32.09-41.56/-59.51*48.92-17.38/-90.81+63.61+-79.2--45.48+-46.5/-29.6387.71,-9.78/5.22*-80.44/-32.09*41.56--59.51+48.92*17.38--90.81/63.61+-79.2+-45.48--46.5+-29.63/87.71
*-63.16-54.81/-7.78/-59.62+-3.89-11.32*16.38*37.5-61.6*-51.25--96.74-85.12--82.09+-14.32-52.48,-63.16*54.81--7.78/-59.62/-3.89+11.32-16.38*37.5*61.6--51.25*-96.74-85.12--82.09--14.32+-52.48
+-15.2+8.56+-9.61/-59.81/-76.01+-50.04/-84.23+46.34*-61.25+-44.31/-85.32/-21.92+-39.86*15.0345.3,-15.2+8.56+-9.61+-59.81/-76.01/-50.04+-84.23/46.34+-61.25*-44.31+-85.32/-21.92/-39.86+15.03*45.3
/5.12*8.56*-45.19--54.36/-42.89*52.58*58.1*-73.29*19.29/92.76/22.05-58.92-70.96-19.0485.62,5.12/8.56*-45.19*-54.36--42.89/52.58*58.1*-73.29*19.29*92.76/22.05/58.92-70.96-19.04-85.62
*96.75*82.93+-11.79/-38.82*-83.33+34.93-//92.15+71.98-37.8/-16.22+39.35--99.47--19.7212.34,96.75*82.93*-11.79+-38.82/-83.33*34.93+66.71-92.15/71.98+37.8--16.22/39.35+-99.47--19.72-12.34
/-1.99+0.92/-72.87/35.14*-88.97*-2.19/-22.5--80.89++--72.62*-69.9+-77.29+-3.45*9.87-59.71,-1.99/0.92+-72.87/35.14/-88.97*-2.19/-22.5/-80.89--27.7+-72.62--69.9*-77.29+-3.45+9.87*-59.71
+-5.46/-56.68-60.65-65.0--77.42*86.96-24.01--50.74*-78.37-84.25+69.2*88.57+-3.34--94.85-64.11,-5.46+-56.68/60.65-65.0--77.42-86.96*24.01--50.74--78.37*84.25-69.2+88.57*-3.34+-94.85--64.11
--74.65-95.23+43.52*-83.02/-86.04--74.3/91.55*-61.54--41.55/66.28+-80.05/-88.62+-51.58-53.7668.06,-74.65-95.23-43.52+-83.02*-86.04/-74.3-91.55/-61.54*-41.55-66.28/-80.05+-88.62/-51.58+53.76-68.06
*-94.09-66.08/-43.73*-39.98+-93.3*73.7--55.46--41.51*2.86-14.99+32.52/55.31+93.63/-52.63-70.27,-94.09*66.08--43.73/-39.98*-93.3+73.7*-55.46--41.51-2.86*14.99-32.52+55.31/93.63+-52.63/-70.27
*62.63/12.68/27.99+-30.86/26.68/-/0.41/80.09*-71.73+-36.36-73.07+77.25/82.66+-36.5440.42,62.63*12.68/27.99/-30.86+26.68/10.5/0.41/80.09/-71.73*-36.36+73.07-77.25+82.66/-36.54+40.42
--41.92/-81.26*-87.98/-97.71/64.67+99.64-11.27/-16.37*-36.5*30.86-7.24*18.97/-96.56*22.98-50.0,-41.92--81.26/-87.98*-97.71/64.67/99.64+11.27--16.37/-36.5*30.86*7.24-18.97*-96.56/22.98*-50.0
*-20.16+72.56*-52.18/-88.41/25.28*-91.94*-68.98*-44.33+20.95-45.82/-39.75*48.11*-46.66/-89.1130.67,-20.16*72.56+-52.18*-88.41/25.28/-91.94*-68.98*-44.33*20.95+45.82--39.75/48.11*-46.66*-89.11/30.67
*82.44+-51.1*-63.31--62.32--48.23-++25.22/66.2/-0.62+41.23--29.9/33.28--28.7*-98.41-96.28,82.44*-51.1+-63.31*-62.32--48.23--24.88-25.22+66.2/-0.62/41.23+-29.9-33.28/-28.7--98.41*-96.28
+17.15*74.35/3.43--46.85*-76.65/3.81+-45.83/48.88--28.91-95.35+-54.09*-34.1*7.45/-37.78-76.51,17.15+74.35*3.43/-46.85--76.65*3.81/-45.83+48.88/-28.91-95.35--54.09+-34.1*7.45*-37.78/-76.51
/-86.34/92.43/-9.09/-71.37/66.89/28.69--27.87--38.53+-88.44*73.6-35.95+-70.75+-98.1+-19.7143.14,-86.34/92.43/-9.09/-71.37/66.89/28.69/-27.87--38.53--88.44+73.6*35.95--70.75+-98.1+-19.71+43.14
+-11.84+-68.11*81.74*21.78+-74.02/-55.32/-7.99+-11.1/75.68-99.89-21.69--87.74/++-82.65*,-11.84+-68.11+81.74*21.78*-74.02+-55.32/-7.99/-11.1+75.68/99.89-21.69--87.74-19.59/-82.65+-59.69
/17.37*54.7*56.42+-38.76/64.39/-98.54/72.13*-53.5*-73.49/-37.0+-67.36/-71.9+97.64+-96.89-63.36,17.37/54.7*56.42*-38.76+64.39/-98.54/72.13/-53.5*-73.49*-37.0/-67.36+-71.9/97.64+-96.89+-63.36
---57.9*-53.2/-8.66*12.62-85.2*-33.08+33.73-51.7--56.47+-36.17--35.49+96.73+39.4-16.64,-83.59-57.9--53.2*-8.66/12.62*85.2--33.08*33.73+51.7--56.47+-36.17+-35.49-96.73+39.4+-16.64
+1.32+5.63*-1.29--45.62/7.06-21.95/-29.55+4.49+-+65.12/-22.63+79.23+-99.16-58.675.87,1.32+5.63+-1.29*-45.62-7.06/21.95--29.55/4.49+-20.5+65.12+-22.63/79.23+-99.16+58.67-5.87
--94.78+-4.37*3.6+41.69*-35.68*-65.63+-48.91/27.82/-25.81*63.51/-63.89-33.81*//-54.83.79,-94.78--4.37+3.6*41.69+-35.68*-65.63*-48.91+27.82/-25.81/63.51*-63.89/33.81-28.11--54.8/3.79
+**53.25+-9.99*-57.23-6.05/98.7*65.23-28.68/96.39+45.2+-69.64+45.57*54.86*-72.269.08,-15.38+53.25*-9.99+-57.23*6.05-98.7/65.23*28.68+96.39/45.2+-69.64+45.57+54.86*-72.2*69.08
/7.33/11.84/-31.72/29.15+88.5*13.23+84.94/-46.62+-96.01*-5.3*-21.73-80.54/11.58+-24.49-4.29,7.33/11.84/-31.72/29.15/88.5+13.23*84.94+-46.62/-96.01+-5.3--21.73*80.54-11.58/-24.49+-4.29
*-52.59/84.88-91.83/-25.06*18.91/77.59--43.73/-64.79--48.36/87.55+-57.2*-90.24/8.82--50.88-3.38,-52.59*84.88/91.83--25.06+18.91*77.59/-43.73--64.79/-48.36-87.55/-57.2+-90.24*8.82/-50.88--3.38
-64.34--47.49+6.06--25.1-84.17/-71.04--84.25*-14.36/-25.82*-65.8--51.39--62.42*-38.02--18.11-43.54,64.34--47.49-6.06+-25.1-84.17--71.04/-84.25--14.36*-25.82/-65.8*-51.39--62.42--38.02*-18.11--43.54
+-83.98-62.09*-56.86/-43.24+-1.97+82.45+32.85*26.92*77.85+-24.66*-6.65*98.39+-77.9-69.97-18.25,-83.98+62.09--56.86*-43.24/-1.97+82.45+32.85+26.92*77.85*-24.66+-6.65*98.39*-77.9+69.97--18.25
-1.73+60.77/-14.75/-39.29-23.14*-66.15/-76.58*38.63/*+-83.78*37.72--49.44-43.52/33.4181.28,1.73-60.77+-14.75/-39.29/23.14--66.15*-76.58/38.63*-65.61/-83.78+37.72*-49.44-43.52-33.41/81.28
+-38.09+61.48--87.32*74.58+21.19+6.47*47.86*65.61+-27.46+-+65.44--50.71/-60.49+-23.0-55.52,-38.09+61.48+-87.32-74.58*21.19+6.47+47.86*65.61*-27.46+-58.2+65.44+-50.71--60.49/-23.0+-55.52
*-7.78/-46.04-31.84--48.4/30.31/84.2-92.14+39.07--6.68*-98.07*70.93*2.82/-47.53+5.3735.33,-7.78*-46.04/31.84--48.4-30.31/84.2/92.14-39.07+-6.68--98.07*70.93*2.82*-47.53/5.37+35.33
-7.14/88.22--37.69+44.18--57.53/++-61.79*99.83-27.99--25.45*2.84/-93.42--5.07+76.847.27,7.14-88.22/-37.69-44.18+-57.53--42.93/-61.79+99.83*27.99--25.45-2.84*-93.42/-5.07-76.8+47.27
+34.69*-17.78*-69.37/77.17--42.29/-43.77+-1.41*87.73*-5.97-**93.67+-65.17*-66.68*88.3233.47,34.69+-17.78*-69.37*77.17/-42.29--43.77/-1.41+87.73*-5.97*-67.95-93.67*-65.17+-66.68*88.32*33.47
-0.87++/-91.15*46.06--+75.82--21.97/-67.76+81.03+33.97+-53.27--3.66*21.28/83.0-54.08,0.87--74.32+-91.15/46.06*-86.16-75.82+-21.97--67.76/81.03+33.97+-53.27+-3.66-21.28*83.0/-54.08
*56.4*69.46-52.11/-12.13/23.33*49.72/-17.21--58.16-4.23--35.89+79.91*-33.3--46.55*-44.9196.15,56.4*69.46*52.11--12.13/23.33/49.72*-17.21/-58.16-4.23--35.89-79.91+-33.3*-46.55--44.91*96.15
+-56.09*85.41--26.63*-51.61-37.2-50.28*78.87+46.45*71.46-67.19/-18.33/-54.08-3.41/65.9-62.54,-56.09+85.41*-26.63--51.61*37.2-50.28-78.87*46.45+71.46*67.19--18.33/-54.08/3.41-65.9/-62.54
/0.09+-6.69/53.82/45.27/81.91+89.91*80.01*47.04--60.77*-71.75-6.9--17.23-64.91--72.48-92.76,0.09/-6.69+53.82/45.27/81.91/89.91+80.01*47.04*-60.77--71.75*6.9--17.23-64.91--72.48--92.76
--90.07--69.49-98.36--28.53/69.26*-88.71--47.89/-24.53/93.04+44.69/-85.73--20.18--0.3/98.33-93.66,-90.07--69.49-98.36--28.53-69.26/-88.71*-47.89--24.53/93.04-44.69+-85.73/-20.18--0.3-98.33/-93.66
/21.67/14.71*-3.47*91.19/-50.12*18.88--39.49/-71.66--14.99-16.49+-48.72--82.13*30.43+-26.0773.16,21.67/14.71/-3.47*91.19*-50.12/18.88*-39.49--71.66*-14.99-16.49--48.72+-82.13-30.43*-26.07+73.16
-10.04-*/55.93*-5.24*53.62*-64.64+25.76/-92.18/17.13-6.51+-85.03*96.82*12.56+60.4388.76,10.04-8.75-55.93/-5.24*53.62*-64.64*25.76+-92.18/17.13/6.51--85.03+96.82+12.56*60.43+88.76
/38.99+-18.59/44.65/-86.89+-38.53+61.0/8.66--3.83/98.46-74.46+5.41/-8.29+70.05-2.03-8.82,38.99/-18.59+44.65/-86.89/-38.53+61.0+8.66/-3.83-98.46/74.46-5.41+-8.29/70.05+2.03--8.82
/-28.72--37.22*//-78.91*-87.14+11.72/77.19/90.89+-93.85--49.27*-69.8+29.78/53.14*27.24-65.27,-28.72/-37.22-79.32*-78.91/-87.14*11.72+77.19/90.89/-93.85+-49.27--69.8*29.78+53.14/27.24*-65.27
--90.62-20.17--8.94+15.4+53.78-++-40.35+-36.46/77.66+-39.9--89.58/*/-16.3+7.2665.54,-90.62-20.17--8.94-15.4+53.78+98.85--40.35+-36.46+77.66/-39.9+-89.58--61.72/-16.3/7.26+65.54
*49.58*95.8+12.73+-70.01-52.78-6.24/33.78--40.31+92.84/0.06+-44.74+49.29-14.81--16.89-2.78,49.58*95.8*12.73+-70.01+52.78-6.24-33.78/-40.31-92.84+0.06/-44.74+49.29+14.81--16.89--2.78
/25.2--30.25-57.89/68.93-31.15+7.91*-9.89*93.22/-53.78--63.47*-72.95+2.26--33.64+51.69-0.3,25.2/-30.25+57.89-68.93/31.15-7.91+-9.89*93.22*-53.78/-63.47--72.95*2.26+-33.64-51.69+-0.3
-38.54/12.09--15.05*-50.32*12.32--90.11/20.58+25.87+15.56*28.47+-1.45*-31.82+77.19--36.09-0.96,38.54-12.09/-15.05--50.32*12.32*-90.11-20.58/25.87+15.56+28.47*-1.45+-31.82*77.19+-36.09--0.96
+-78.44/69.41*33.38--55.73*-45.05--+6.54*-32.53-30.83/-90.29-1.17+-44.21/88.69*--68.48,-78.44+69.41/33.38*-55.73--45.05*-32.88-6.54+-32.53*30.83--90.29/1.17--44.21+88.69/-22.3*-68.48
+-74.84*-21.22-48.79*-40.43+44.7+-96.92/-5.58--89.52*-61.61*-71.73*-0.65--21.85*59.18+74.94-5.2,-74.84+-21.22*48.79--40.43*44.7+-96.92+-5.58/-89.52--61.61*-71.73*-0.65*-21.85-59.18*74.94+-5.2
*-94.79+-61.03+-98.04+62.94*-20.57-86.05+-87.94-61.04+37.0*-93.45-75.3/43.28+87.71*-18.2242.71,-94.79*-61.03+-98.04+62.94+-20.57/86.05--87.94+61.04-37.0+-93.45*75.3-43.28/87.71+-18.22*42.71
-16.71+-45.72+76.26+2.8*-81.19--26.57+-46.94+47.29-47.96-53.83--55.24-41.18+-63.62/61.91-73.65,16.71--45.72+76.26+2.8+-81.19*-26.57--46.94+47.29+47.96-53.83--55.24+41.18--63.62+61.91/-73.65
*91.69*10.27+-62.67+6.05+43.23/-89.14*24.99*-57.04*-48.94/-23.36++*94.9*-74.1*-58.5798.95,91.69*10.27*-62.67+6.05+43.23+-89.14/24.99*-57.04*-48.94*-23.36/-84.23+94.9*-74.1*-58.57*98.95
+-66.94*20.57**+-67.01/-0.64/-30.65-52.86--12.89--18.47+-35.44+-23.94*-61.94+-27.04+-71.0961.44,-66.94+20.57*-88.46*-67.01+-0.64/-30.65/52.86--12.89--18.47--35.44+-23.94+-61.94*-27.04+-71.09+61.44
+84.56/-7.0/-45.47+93.29/14.09+-46.45-38.35+-86.22--25.67+2.36+-34.56/35.87/4.79+1.6930.12,84.56+-7.0/-45.47/93.29/14.09/-46.45+38.35--86.22+-25.67-2.36+-34.56+35.87/4.79/1.69+30.12
*79.33+57.59-18.36--16.98*-10.79/41.79/10.56+-92.07+-1.61*68.99+-11.6--18.21+45.23+-81.95-45.55,79.33*57.59+18.36--16.98--10.79*41.79/10.56/-92.07+-1.61+68.99*-11.6+-18.21-45.23+-81.95+-45.55
*50.26+-78.71*//11.21--5.4/29.65*7.22*-74.18/52.02*-69.01*-38.11-91.84/-5.84-68.3-82.4,50.26*-78.71+24.11*11.21/-5.4-29.65/7.22*-74.18*52.02/-69.01*-38.11*91.84--5.84/68.3--82.4
--92.93*68.1*-57.71+78.49/4.64-59.0+39.69+-87.5*-91.43+-43.97-26.19+49.17-27.56+97.51-84.18,-92.93-68.1*-57.71*78.49+4.64/59.0-39.69+-87.5+-91.43*-43.97+26.19-49.17+27.56-97.51+-84.18
-70.67/93.12/71.83--77.38/-92.11*22.3--32.42--10.0/6.66*-32.02--54.13*31.21*99.47--85.88*,70.67-93.12/71.83/-77.38--92.11/22.3*-32.42--10.0-6.66/-32.02*-54.13-31.21*99.47*-85.88-66.05
/-17.14-23.15/-42.5/-35.95+42.96/96.0*9.44*0.31-44.45--24.85--37.75-57.6--4.98-36.79-62.9,-17.14/23.15--42.5/-35.95/42.96+96.0/9.44*0.31*44.45--24.85+-37.75-57.6--4.98-36.79--62.9
+-46.75*-96.69--88.06*2.74-38.59--4.58*8.54+-25.04/+--75.11*78.94/8.28+0.47/93.3126.98,-46.75+-96.69*-88.06-2.74*38.59--4.58-8.54*-25.04+-0.74/-75.11-78.94*8.28/0.47+93.31/26.98
--29.47+17.96--67.3*-40.77-57.29*45.79+-90.65/-43.28*-22.68*-15.42/-80.97+-91.47--18.58*98.3341.25,-29.47-17.96+-67.3--40.77*57.29-45.79*-90.65+-43.28/-22.68/-15.42*-80.97/-91.47+-18.58-98.33*41.25
*-46.72*48.94--13.04/+--89.99/43.08+-37.87/8.79-94.91-28.81+-77.4+-73.97*13.92+73.8-9.9,-46.72*48.94*-13.04--89.99/-89.99-43.08/-37.87+8.79/94.91-28.81--77.4+-73.97+13.92*73.8+-9.9
-59.41/-80.56/-9.67/-79.49*-53.8+51.03*21.67*-80.59/27.38+-88.32/-68.49+48.63-39.7+76.9430.83,59.41--80.56/-9.67/-79.49/-53.8*51.03+21.67*-80.59*27.38/-88.32+-68.49/48.63+39.7-76.94+30.83
-34.64/17.24--33.44+-80.31*-62.16*-50.04+-51.45--90.65*61.53+-35.94/-58.04/4.78--80.57+38.52-37.75,34.64-17.24/-33.44--80.31+-62.16*-50.04*-51.45+-90.65/61.53*-35.94+-58.04/4.78/-80.57-38.52+-37.75
*-87.11+31.13*-28.55--58.94*-42.24/7.68--95.96+-29.47*78.37*69.28+-51.05*28.89+-84.67/-52.9660.03,-87.11*31.13+-28.55*-58.94--42.24*7.68/-95.96--29.47+78.37*69.28*-51.05+28.89*-84.67+-52.96/60.03
--41.21+-58.2-42.28/-29.46-49.4-66.8+62.31-10.71/-2.8/-37.02*-65.69+-53.4*77.91*0.6482.84,-41.21/-58.2+42.28--29.46/49.4*66.8-62.31+10.71--2.8/-37.02/-65.69*-53.4+77.91*0.64*82.84
-5.91-5.44*-36.2/8.14+65.2+-22.92*76.68+31.34*-94.31--41.2--74.79/-55.49+-95.95--75.5848.11,5.91-5.44--36.2*8.14/65.2+-22.92+76.68*31.34+-94.31*-41.2--74.79--55.49/-95.95+-75.58-48.11
*20.91+99.23/92.06-68.24/78.49*-97.66--29.73/-53.23/-34.38*-74.27/40.16/67.16*-61.27+20.55-16.44,20.91*99.23+92.06/68.24-78.49/-97.66*-29.73--53.23/-34.38/-74.27*40.16/67.16/-61.27*20.55+-16.44
*-79.78/-29.97/-71.92+66.49+-94.12/-12.06-41.49-93.79+-14.92-3.38-41.16*-45.63+-+63.7428.37,-79.78*-29.97/-71.92/66.49+-94.12+-12.06/41.49-93.79--14.92+3.38-41.16--45.63*74.91+63.74+28.37
/16.03-94.46/20.41/66.08*-4.11*93.98--15.92+57.46+35.13*14.25/59.29--90.62*57.45/40.37-95.16,16.03/94.46-20.41/66.08/-4.11*93.98*-15.92-57.46+35.13+14.25*59.29/-90.62-57.45*40.37/-95.16
+70.59*74.94/-65.67/51.5/-80.42+-83.97+43.66-1.5+-*9.23-17.03*35.98*-89.91+-93.7948.01,70.59+74.94*-65.67/51.5/-80.42/-83.97+43.66+1.5--89.33+9.23*17.03-35.98*-89.91*-93.79+48.01
/-55.67*68.73/-44.41*18.93-83.23-91.7*-14.45/62.38*//-42.9*95.83--83.73+31.95/97.7374.99,-55.67/68.73*-44.41/18.93*83.23-91.7--14.45*62.38/65.11*-42.9/95.83*-83.73-31.95+97.73/74.99
/8.06/-98.39+18.32+-6.9+74.34/70.81*43.94--9.48/47.22--68.03*88.89-28.23*31.53/19.5894.1,8.06/-98.39/18.32+-6.9+74.34+70.81/43.94*-9.48-47.22/-68.03-88.89*28.23-31.53*19.58+94.1
-4.82+-8.59*38.03-88.36+45.41+-20.47*-82.05/5.7/42.56+-18.74+95.49-77.96+-23.01*7.36-99.59,4.82--8.59*38.03*88.36-45.41+-20.47+-82.05*5.7/42.56/-18.74+95.49+77.96--23.01+7.36*-99.59
-48.04/84.23+5.41+-31.55--52.15--13.95--45.36-19.9*-90.92--11.18--20.24-32.81+-9.97*64.29-9.46,48.04-84.23/5.41+-31.55+-52.15--13.95--45.36-19.9--90.92*-11.18--20.24-32.81--9.97+64.29*-9.46
+-2.51-30.57*-32.0--86.98/-83.62/27.26+-86.88/79.55/22.94/98.33-19.93-16.56+-65.18---2.47,-2.51+30.57--32.0*-86.98+-83.62/27.26/-86.88+79.55/22.94/98.33/19.93-16.56--65.18+-8.17--2.47
*88.12-16.85+-85.37+-57.51-27.7/0.65*22.3--29.86+-16.98*45.88/23.56-75.44/-53.78+4.5933.85,88.12-16.85--85.37+-57.51*27.7-0.65/22.3*-29.86--16.98+45.88*23.56/75.44--53.78/4.59+33.85
*65.28--85.93*64.86*-67.13--30.45--64.29*-25.12+-62.52--82.36-32.7-84.3--30.7-16.4+-97.39-73.21,65.28*-85.93-64.86*-67.13*-30.45--64.29--25.12*-62.52+-82.36-32.7-84.3--30.7-16.4--97.39+-73.21
--0.51--62.4*-24.16+-76.01/-35.79+86.15--75.98/-99.95/34.49/22.24--78.1+-13.47/67.37-19.48-99.66,-0.51--62.4--24.16*-76.01+-35.79/86.15+-75.98--99.95/34.49/22.24+-78.1--13.47+67.37/19.48--99.66
/69.54-12.5+-27.27*-90.09+-97.28+1.33/-89.49+39.89*64.92*35.94+92.44+-26.92/30.77*+-96.03,69.54/12.5--27.27+-90.09*-97.28+1.33+-89.49/39.89+64.92*35.94*92.44+-26.92+30.77/-54.07*-96.03
-30.14+-6.53*74.73*-/95.05*-58.85*-13.18*-44.83+4.94--11.45+60.17--82.74*-37.5*80.483.1,30.14--6.53+74.73*-66.5*95.05/-58.85*-13.18*-44.83*4.94+-11.45-60.17+-82.74--37.5*80.48*3.1
/-39.09/-20.94/-58.32+40.63*-5.55+-8.79*-3.84*-21.4--3.88/-45.08--2.81/75.04*-71.87--0.0683.41,-39.09/-20.94/-58.32/40.63+-5.55*-8.79+-3.84*-21.4*-3.88--45.08/-2.81-75.04/-71.87*-0.06-83.41
/-45.6+-2.01--79.84-47.21*-30.68+91.24-83.8--22.59+11.32/85.86+38.24+49.85/-26.61--90.49-82.94,-45.6/-2.01+-79.84*47.21--30.68*91.24+83.8--22.59-11.32+85.86/38.24+49.85+-26.61/-90.49--82.94
*-45.82*11.09+83.63/37.75+-60.88*-28.58-86.75-6.48*31.19-73.04/48.86+56.52+3.24*35.4969.36,-45.82*11.09*83.63+37.75/-60.88+-28.58*86.75-6.48-31.19-73.04+48.86/56.52+3.24+35.49*69.36
/54.95+-51.42*55.61*44.46--83.87--62.81--83.42--10.33/44.59/31.89+68.54/-92.21*6.01+26.3519.32,54.95/-51.42+55.61*44.46*-83.87--62.81--83.42--10.33-44.59/31.89/68.54+-92.21/6.01*26.35+19.32
/35.9*38.32+47.23--86.17+-64.72*27.87*6.72+-21.92*91.74--35.91/21.85*89.93/-0.99*9.21-86.94,35.9/38.32*47.23+-86.17--64.72+27.87*6.72*-21.92+91.74*-35.91-21.85/89.93*-0.99/9.21*-86.94
--25.31*84.95/10.64+71.78*3.1+85.82/-5.53/-15.98--67.7-19.28/80.65--26.81/-51.7+41.05-13.66,-25.31-84.95*10.64/71.78+3.1*85.82+-5.53/-15.98*-67.7-19.28-80.65/-26.81--51.7/41.05+-13.66
*-20.02+-49.45/26.43+/+-4.02/81.75-92.56+-77.78-53.77+-41.86*56.67/81.58+82.74-69.0654.36,-20.02*-49.45+26.43/-66.94+-4.02+81.75/92.56--77.78+53.77--41.86+56.67*81.58/82.74+69.06-54.36
-90.52*-73.51-80.59+31.03-72.41/-53.14--47.38--11.59/42.54/-84.2/-56.83*44.23*19.77*49.01-61.83,90.52--73.51*80.59-31.03+72.41*-53.14/-47.38--11.59-42.54/-84.2/-56.83/44.23+19.77*49.01*-61.83
/69.75/-20.18/39.86/-25.5+10.77/-46.66+62.33-44.81*-55.25*-75.94--37.57+-29.15+-92.96*-58.77-96.21,69.75/-20.18/39.86/-25.5/10.77*-46.66/62.33+44.81--55.25*-75.94*-37.57--29.15+-92.96+-58.77*-96.21
*87.29*28.88-/*-26.23+51.89--6.02+20.25+24.09/97.03*-72.4/63.11+9.44--24.95+37.74-6.98,87.29*28.88*-6.57--26.23*51.89+-6.02-20.25+24.09+97.03/-72.4*63.11/9.44+-24.95-37.74+-6.98
+-65.08*-76.35*-97.19+-31.24+-61.7*-99.25--58.71*42.76*-74.18+-23.81--55.83+97.02/14.49*66.6-29.74,-65.08+-76.35*-97.19*-31.24+-61.7+-99.25*-58.71-42.76*-74.18*-23.81+-55.83-97.02+14.49/66.6*-29.74
+83.51+-24.01/20.19+10.98*-22.87*-67.0/35.05--82.73/24.35--22.04--82.74+-11.41/+-89.89-54.69,83.51+-24.01+20.19/10.98+-22.87*-67.0*35.05/-82.73-24.35/-22.04--82.74--11.41+-88.44/89.89--54.69
*-84.83+28.06/-16.6+-63.46*17.1--61.75-28.34/*/-66.42+12.53/36.3*9.18*-97.68*72.98-30.08,-84.83*28.06+-16.6/-63.46/17.1*-61.75-28.34-57.65/-66.42/12.53+36.3/9.18*-97.68*72.98*-30.08
/-49.36--64.73+-74.43/-29.06/-90.23*41.31-60.19-93.48*-37.66/75.72/71.22-66.37/-62.49-21.64-47.15,-49.36/-64.73--74.43+-29.06/-90.23/41.31*60.19-93.48--37.66*75.72/71.22/66.37--62.49/21.64--47.15
/33.63/-17.33--15.0+-69.74*-14.34*-29.09+-90.43-85.72***-68.69/-97.84+47.66*70.26+-70.757.63,33.63/-17.33/-15.0--69.74+-14.34*-29.09*-90.43+85.72--88.38*-68.69*-97.84/47.66+70.26*-70.7+57.63
/60.97--42.09--14.97+-21.49+39.11+-20.65/-44.39-19.89--40.73+93.49/-27.67+-74.12/12.6*12.3143.77,60.97/-42.09--14.97--21.49+39.11+-20.65+-44.39/19.89--40.73-93.49+-27.67/-74.12+12.6/12.31*43.77
+-89.33/-56.27*39.54*-56.85*99.69/-13.46/64.34-57.63+94.67+22.38/6.5/-74.71-87.79/42.885.81,-89.33+-56.27/39.54*-56.85*99.69*-13.46/64.34/57.63-94.67+22.38+6.5/-74.71/87.79-42.88/5.81
*80.1+-54.2--19.65*-24.73--73.69/91.31/-7.69*-78.29/*-45.69+-41.54/+-72.83*-18.7-97.05,80.1*-54.2+-19.65--24.73*-73.69-91.31/-7.69/-78.29*52.28/45.69--41.54+82.89/72.83--18.7*-97.05
+*+60.9/-39.37*-28.54*73.69--14.38/71.64+13.55/13.7--44.63*13.91+43.41/34.59+11.72*,81.63+60.9+-39.37/-28.54*73.69*-14.38-71.64/13.55+13.7/-44.63-13.91*43.41+34.59/11.72+-79.14
*-0.94*-4.37*78.56+49.04/-64.74-41.8/51.71*89.03*-24.53*-80.92*-83.11--26.44/78.39+-22.13-47.13,-0.94*-4.37*78.56*49.04+-64.74+41.8-51.71/89.03*-24.53*-80.92*-83.11*-26.44-78.39+-22.13+-47.13
+84.83/-*-36.0-31.89/-58.27/11.31+39.01/-40.59+-8.86-58.11+-5.01*65.09/-2.38*-27.8427.92,84.83+34.16/-36.0*31.89--58.27/11.31/39.01+-40.59/-8.86+58.11--5.01+65.09*-2.38/-27.84*27.92
-29.46/-14.92+-64.68+81.78-86.08-5.01/88.09/54.37*-19.64--53.01*-56.38+67.93*-6.07-37.48-35.12,29.46--14.92/-64.68+81.78+86.08-5.01-88.09/54.37/-19.64*-53.01--56.38*67.93+-6.07*37.48--35.12
--93.09*18.35+17.43+35.17*-53.15*93.66*49.52--8.07+67.66*13.59/46.39-89.48-68.27+-56.51-82.61,-93.09-18.35*17.43+35.17+-53.15*93.66*49.52*-8.07-67.66+13.59*46.39/89.48-68.27--56.51+-82.61
/-37.12*-80.2+-98.52+38.66+30.16/86.18-41.66*77.0+-+42.18/-17.21+8.08+-14.59*-48.7922.67,-37.12/-80.2*-98.52+38.66+30.16+86.18/41.66-77.0*-21.56+42.18+-17.21/8.08+-14.59+-48.79*22.67
+-8.64-83.92-15.29-85.77+25.06*19.69+-64.05/-6.5--4.33+-54.37+-81.26*36.22+-63.11+90.646.72,-8.64+83.92-15.29-85.77-25.06+19.69*-64.05+-6.5/-4.33--54.37+-81.26+36.22*-63.11+90.64+6.72
*45.81+-50.01-25.29--21.74-6.54--29.89*43.01/64.78*50.94*92.82/-56.83+49.8--84.46+-13.0818.04,45.81*-50.01+25.29--21.74-6.54--29.89-43.01*64.78-50.94*92.82*-56.83/49.8+-84.46--13.08+18.04
/-64.53-40.22/8.78+87.27--65.62/-28.62+-8.21+-31.32*-55.9-93.69+-20.78/-51.09/-26.06-94.6358.88,-64.53/40.22-8.78/87.27+-65.62--28.62/-8.21+-31.32+-55.9*93.69--20.78+-51.09/-26.06/94.63-58.88
*-53.77*13.9+52.91*-15.25+-25.8*59.31/-93.88--25.82+-2.76*-*72.69-74.97+-0.19*-36.3-94.03,-53.77*13.9*52.91+-15.25*-25.8+59.31*-93.88/-25.82--2.76+88.98*72.69*74.97--0.19+-36.3*-94.03
+-30.63*77.2-10.06/74.04*71.35+-92.1/91.49/55.54/-71.47*3.27--63.31+39.13*-50.5+-59.4-7.48,-30.63+77.2*10.06-74.04/71.35*-92.1+91.49/55.54/-71.47/3.27*-63.31+39.13+-50.5*-59.4+-7.48
+-47.3-7.62/18.14/68.18*-93.52/-57.11*-44.18*63.65+-72.4-20.02*-58.24*23.86/-57.02+-65.17+,-47.3+7.62-18.14/68.18/-93.52*-57.11/-44.18*63.65*-72.4+20.02--58.24*23.86*-57.02/-65.17+94.47
+79.75--89.64*51.65*54.31+41.05/-19.24--37.42/9.34-60.41+42.69+42.03*39.29*-9.85*37.55-13.47,79.75+-89.64-51.65*54.31*41.05+-19.24--37.42-9.34/60.41-42.69+42.03/39.29*-9.85*37.55*-13.47
*-68.56*/+-24.14-3.68--40.79*-80.59/22.06/-46.4+-7.39--20.49+18.35--9.31+50.92+-64.7-59.93,-68.56*22.96*-24.14+3.68--40.79--80.59*22.06/-46.4/-7.39+-20.49-18.35+-9.31-50.92+-64.7+-59.93
*-67.58/-69.11+3.81+2.37-9.92--69.7-13.2+76.16*23.3/94.6+92.63*50.58-74.16-4.3687.82,-67.58*-69.11/3.81+2.37+9.92--69.7-13.2-76.16+23.3*94.6/92.63+50.58*74.16-4.36-87.82
/-70.35/-30.01*-52.31-30.94--79.53/7.88--34.14--87.37*-21.64-99.87-34.58+26.49/-9.91+36.5330.07,-70.35/-30.01/-52.31*30.94--79.53-7.88/-34.14--87.37--21.64*99.87-34.58-26.49+-9.91/36.53+30.07
/83.86-/*-37.14+48.18/-20.19--75.44--75.82--23.08/-95.51--47.41/-30.03*95.13+-45.66/94.51-19.77,83.86/63.72--37.14*48.18+-20.19--75.44--75.82--23.08--95.51/-47.41--30.03/95.13*-45.66+94.51/-19.77
*88.53/50.64+-32.13*28.82*47.25*15.06-77.17/58.05*-4.09+-70.76+24.08*17.15*-54.6-12.2818.05,88.53*50.64/-32.13+28.82*47.25*15.06*77.17-58.05/-4.09*-70.76+24.08+17.15*-54.6*12.28-18.05
*-69.38--64.04-86.82*-23.3/19.29--44.09--76.82+33.43*84.7*-84.94*99.72--85.18*18.07*-60.6420.24,-69.38*-64.04-86.82--23.3*19.29/-44.09--76.82-33.43+84.7*-84.94*99.72*-85.18-18.07*-60.64*20.24
/96.82/-48.43++/-79.51/-27.69*30.08**/-61.36/44.44+59.21+-38.65/40.87+68.61*10.82-75.61,96.82/-48.43/45.1+-79.51/-27.69/30.08*58.65*-61.36/44.44/59.21+-38.65+40.87/68.61+10.82*-75.61
-54.21/16.57/13.97*-3.97*-14.6*-80.66--86.98/-7.75--57.83-22.11/-63.4*-69.5/-59.05-*-49.17,54.21-16.57/13.97/-3.97*-14.6*-80.66*-86.98--7.75/-57.83-22.11--63.4/-69.5*-59.05/-70.51--49.17
*-17.22+-65.04*-76.6/-48.12/19.55+*--31.32+9.27+-36.48--53.01*-0.59--42.0+47.57--77.4178.38,-17.22*-65.04+-76.6*-48.12/19.55/90.63+-31.32-9.27+-36.48+-53.01--0.59*-42.0-47.57+-77.41-78.38
-71.14+-3.47+-85.7+-27.53*53.44/-97.67/-61.46/-57.2*/+89.06-56.31+4.37/-44.99-88.319.83,71.14--3.47+-85.7+-27.53+53.44*-97.67/-61.46/-57.2/58.27*89.06+56.31-4.37+-44.99/88.3-19.83
-9.93/86.45-13.85--7.21+-47.86-64.95+-19.7+-64.16/-28.56--56.64-45.06+48.95*-79.31*50.97-,9.93-86.45/13.85--7.21--47.86+64.95+-19.7+-64.16+-28.56/-56.64-45.06-48.95+-79.31*50.97*75.37
+--17.28/-0.06-26.82*37.46/-57.4/-93.51*65.74/72.06+-88.13+-12.6+31.14+-68.03*-91.28-,41.67+17.28--0.06/26.82-37.46*-57.4/-93.51/65.74*72.06/-88.13+-12.6+31.14+-68.03+-91.28*-87.68
*42.93/-3.77+-36.27--21.11*68.49+-46.75+57.61*98.64/98.1*-35.98/-62.63+90.65*-59.48+-2.9220.24,42.93*-3.77/-36.27+-21.11/68.49*-46.75+57.61+98.64*98.1/-35.98*-62.63/90.65+-59.48*-2.92+20.24
/-70.74+-49.86*41.49*84.99-51.6/-66.86+49.0+30.09+53.02*78.68--35.15/-70.26*-15.08+-62.3-28.2,-70.74/-49.86+41.49*84.99*51.6--66.86/49.0+30.09/53.02+78.68*-35.15--70.26/-15.08*-62.3+-28.2
-*/-85.97*28.02*-7.69+-36.64/51.47+-12.25//*55.11/-6.45/-11.3/42.49+41.99--0.92-55.74,-92.72--85.97/28.02*-7.69*-36.64+51.47/-12.25+89.3/55.11*-6.45/-11.3/42.49/41.99+-0.92--55.74
--32.98/51.87-57.02+93.81--23.45+80.98*41.6/-79.64*-59.58+3.61--93.92/54.69/80.89+2.8-85.32,-32.98-51.87/57.02-93.81/-23.45-80.98+41.6*-79.64/-59.58*3.61+-93.92-54.69/80.89/2.8+-85.32
--40.72+74.91/-49.3-72.03--17.58*42.54-+-86.73/30.86--23.52*80.56--65.61+81.41/-76.7-41.29,-40.72-74.91+-49.3/72.03--17.58-42.54*-77.94-86.73-30.86/-23.52+80.56*-65.61-81.41+-76.7/-41.29
-93.53+62.09--32.46*-89.91/61.13*-57.63-93.29+-4.21/-31.46-82.93--82.28--20.91*27.95*98.6734.34,93.53-62.09+-32.46--89.91*61.13/-57.63*93.29--4.21+-31.46/82.93--82.28--20.91-27.95*98.67*34.34
/72.1/-23.85+69.45/-2.46-55.67/76.31*-7.05+-92.16--38.0+82.69/-7.24+-65.63/-63.93/-19.35-79.86,72.1/-23.85/69.45+-2.46/55.67-76.31/-7.05*-92.16+-38.0-82.69+-7.24/-65.63+-63.93/-19.35/-79.86
+-57.71--14.61*3.42*44.99+12.91--69.94*44.76+-50.79+67.82/29.98*15.47+-67.68/-0.31*-23.32-4.41,-57.71+-14.61-3.42*44.99*12.91+-69.94-44.76*-50.79+67.82+29.98/15.47*-67.68+-0.31/-23.32*-4.41
*-91.47*-68.65/-78.44/**-32.81--48.64-10.99--98.6*45.58--9.48/-84.06-79.27/62.47+-63.381.71,-91.47*-68.65*-78.44/7.98/-32.81*-48.64-10.99--98.6-45.58*-9.48--84.06+79.27-62.47/-63.38+1.71
+48.69+72.55/-59.36+-9.21+-17.91--50.54+11.93+-63.33-50.47/-94.26-**66.31*27.75-75.09-17.32,48.69+72.55+-59.36/-9.21+-17.91+-50.54-11.93+-63.33+50.47--94.26/40.13-66.31*27.75*75.09--17.32
//+-41.95+-22.04+25.48-14.06--27.34*-15.54-86.11*36.38+86.39*-54.57+4.97*-8.18*67.7791.96,70.24/-41.95+-22.04+25.48+14.06--27.34--15.54*86.11-36.38*86.39+-54.57*4.97+-8.18*67.77*91.96
*-61.08+-16.42+-55.92/-87.22-*+98.68-92.47*26.54-31.73--78.28+14.46+55.86*72.5+-68.6295.65,-61.08*-16.42+-55.92+-87.22/34.44-98.68+92.47-26.54*31.73--78.28-14.46+55.86+72.5*-68.62+95.65
-50.22-46.48/-56.36/43.54*-28.22*80.79*78.61--67.95--26.78+30.74*-86.95+92.94+-51.07+-99.7245.0,50.22-46.48--56.36/43.54/-28.22*80.79*78.61*-67.95--26.78-30.74/-86.95*92.94/-51.07+-99.72+45.0
*-60.0--35.65--59.12*10.65/88.81*32.5*69.19-38.96--92.45+-85.15-++-30.65*44.7--18.73-,-60.0*-35.65--59.12-10.65*88.81/32.5*69.19*38.96--92.45--85.15+16.19--30.65+44.7*-18.73--85.56
/-20.36/72.71+-48.9*77.78*-53.45--54.95*-95.12-70.33/-32.76/-81.39*-80.76/5.82--86.08*68.6627.08,-20.36/72.71/-48.9+77.78*-53.45*-54.95--95.12*70.33--32.76/-81.39/-80.76*5.82/-86.08-68.66*27.08
/-15.35+-17.81+1.48/-88.99*-14.06/71.19/-66.09-19.95--93.93*-55.68/-42.67--4.4*-61.36-62.91-56.94,-15.35/-17.81+1.48+-88.99/-14.06*71.19/-66.09/19.95--93.93--55.68*-42.67/-4.4--61.36*62.91--56.94
*31.47/22.3/44.81*-56.16--16.5--13.85--4.98--65.24+58.64--67.22+-59.87+/+30.32/-45.1454.3,31.47*22.3/44.81/-56.16*-16.5--13.85--4.98--65.24-58.64+-67.22--59.87+-39.2+30.32+-45.14/54.3
+-92.32*87.7+44.05*-17.68+-67.03/-8.89*97.66/93.07+60.48+3.83*-72.3-99.82-41.99+-60.05-30.14,-92.32+87.7*44.05+-17.68*-67.03+-8.89/97.66*93.07/60.48+3.83+-72.3*99.82-41.99--60.05+-30.14
-76.56+-92.14/*-97.09*-53.76*29.02/-13.46+-59.08-96.56*2.54/-54.49+-26.51*98.42--3.5331.53,76.56--92.14+20.48/97.09--53.76*29.02*-13.46/-59.08+96.56-2.54*-54.49/-26.51+98.42*-3.53-31.53
--15.7//+90.51-12.28*-6.99+3.36/-16.97*-14.55*-34.11/39.45-38.27*82.24+-31.86*-76.35/,-15.7--76.77/90.51+12.28--6.99*3.36+-16.97/-14.55*-34.11*39.45/38.27-82.24*-31.86+-76.35*-42.69
/87.99*-80.67--16.04/30.97+56.6/-39.01*77.48-44.4+65.79--82.47+82.27/-92.52*-48.7/53.64/,87.99--80.67*-16.04-30.97/56.6+-39.01/77.48*44.4-65.79+-82.47-82.27+-92.52/-48.7*53.64/4.05
/76.78/-56.54+-59.45--37.1*17.39*43.4/60.18+-75.7-85.05*-92.87-86.91+-17.77+-38.91*91.95-12.69,76.78/-56.54/-59.45+-37.1-17.39*43.4*60.18/-75.7+85.05--92.87*86.91--17.77+-38.91+91.95*-12.69
--16.22/-6.9*-78.76--80.89-54.69*-48.99/81.16+30.01*73.86/-36.02-1.7*12.51/-34.31+76.9*,-16.22--6.9/-78.76*-80.89-54.69--48.99*81.16/30.01+73.86*-36.02/1.7-12.51*-34.31/76.9+6.39
+38.42--24.23+54.11--1.98-63.13-5.65-79.99-46.27+32.24*-66.63/+*-40.44/-75.96--15.8756.3,38.42+-24.23-54.11+-1.98-63.13-5.65-79.99-46.27-32.24+-66.63*56.09/-40.44*-75.96/-15.87-56.3
+-95.84/-42.56--82.75/92.4/55.66+45.47/-27.34/4.52*-57.56/98.05*20.19/64.95+-/74.1559.62,-95.84+-42.56/-82.75-92.4/55.66/45.47+-27.34/4.52/-57.56*98.05/20.19*64.95/40.14+74.15/59.62
+19.4*62.83--69.77+-55.52/-96.63/-22.29--64.3*57.41*-49.84+44.99*-52.24/-86.13-80.21-13.474.57,19.4+62.83*-69.77--55.52+-96.63/-22.29/-64.3-57.41*-49.84*44.99+-52.24*-86.13/80.21-13.47-4.57
--15.32/93.83-66.54*+/93.57*-56.65+38.39*-28.8+39.84+-42.3/28.61*67.34*-88.54*55.19-18.78,-15.32-93.83/66.54-76.02*93.57/-56.65*38.39+-28.8*39.84+-42.3+28.61/67.34*-88.54*55.19*-18.78
/8.98*-22.32-29.88-56.31/-13.2/-63.08+-23.38*-64.3--54.81/-69.35--52.2*99.15/-56.77-2.74-40.09,8.98/-22.32*29.88-56.31--13.2/-63.08/-23.38+-64.3*-54.81--69.35/-52.2-99.15*-56.77/2.74--40.09
+-29.29*-93.83*-66.2+51.87+-11.55+-67.31/-91.71/52.51+33.46+-67.23+-4.2*29.91/-6.58+-72.377.22,-29.29+-93.83*-66.2*51.87+-11.55+-67.31+-91.71/52.51/33.46+-67.23+-4.2+29.91*-6.58/-72.3+77.22
*-58.11/44.21*26.29*/--88.21--96.64+60.63+72.94--8.8--52.57/68.82--24.45--49.11+73.2382.54,-58.11*44.21/26.29*-94.59*-88.21--96.64-60.63+72.94+-8.8--52.57-68.82/-24.45--49.11-73.23+82.54
*81.86--33.09*4.43-24.71+-32.03-3.64*9.82+3.05+68.9/62.59*-*-50.25+-83.28*31.75-23.98,81.86*-33.09-4.43*24.71--32.03+3.64-9.82*3.05+68.9+62.59/36.65*-50.25*-83.28+31.75*-23.98
/0.67*63.57+-0.62--18.71/89.19*87.65--96.62+1.89--49.34/-13.44+-44.88--92.74*-53.38*-23.963.63,0.67/63.57+-0.62+-18.71-89.19/87.65*-96.62-1.89+-49.34--13.44/-44.88/-92.74--53.38*-23.96*3.63
/7.38/-78.94/-72.99--55.39/8.5-*-63.69*-66.42-87.7+-44.69-22.48/-9.44+-26.85*18.7270.36,7.38/-78.94/-72.99/-55.39-8.5/-5.94-63.69--66.42*87.7--44.69+22.48--9.44/-26.85+18.72*70.36
*-50.04/-74.95+75.1*9.9*-58.3*-18.11--77.97/37.51-*+-8.43*-82.42/-21.92/-88.57*9.88-44.69,-50.04*-74.95/75.1+9.9*-58.3*-18.11*-77.97-37.51/45.03--8.43+-82.42*-21.92/-88.57/9.88*-44.69
+75.2*-2.48*-69.5/-1.49-/+95.86-77.95*87.54-47.83--75.52+92.45*-41.03+-76.03--17.89-26.08,75.2+-2.48*-69.5*-1.49/-29.1-95.86+77.95-87.54*47.83--75.52-92.45+-41.03*-76.03+-17.89--26.08
+62.22--68.55+67.11+-24.73*48.63/60.8/-57.36+99.92+33.36*-73.34+94.51/-17.68*3.62+89.5319.7,62.22+-68.55-67.11+-24.73*48.63*60.8/-57.36/99.92+33.36+-73.34*94.51+-17.68/3.62*89.53+19.7
-94.36*-43.51*-91.25*-27.01+91.56/-66.56--17.73/-59.36-6.93+67.85+14.68/-18.48/99.31*55.63-77.58,94.36--43.51*-91.25*-27.01*91.56+-66.56/-17.73--59.36/6.93-67.85+14.68+-18.48/99.31/55.63*-77.58
*+*82.86--68.18*-55.28*70.3++/-61.13+-77.14/11.95+11.17/11.86*-1.48/-36.98/28.7766.6,59.34*82.86*-68.18--55.28*70.3*-69.16+-61.13/-77.14+11.95/11.17+11.86/-1.48*-36.98/28.77/66.6
*62.07/-63.21*90.27/97.76*-95.07--51.25--24.88--17.35/-49.25/77.95-73.38+61.76-4.15+-61.52-32.79,62.07*-63.21/90.27*97.76/-95.07*-51.25--24.88--17.35--49.25/77.95/73.38-61.76+4.15--61.52+-32.79
-26.0/99.3/81.17+82.8+-68.55/-59.23*-78.28/15.57*-35.21+-76.75*-99.18--11.66/66.68*87.762.07,26.0-99.3/81.17/82.8+-68.55+-59.23/-78.28*15.57/-35.21*-76.75+-99.18*-11.66-66.68/87.7*62.07
--5.23*-31.0*-77.75*30.82+95.84/60.14*-89.92+-15.12*-95.39+73.29*-76.88+59.67*-8.95/1.262.46,-5.23--31.0*-77.75-30.82*95.84+60.14/-89.92*-15.12+-95.39*73.29--76.88*59.67+-8.95*1.26/2.46
-89.95*-79.05+16.89*-91.67--92.39+54.42+81.72--92.47/9.25-13.6--36.03/-31.63+35.04-72.19-3.39,89.95--79.05*16.89+-91.67*-92.39-54.42+81.72+-92.47/9.25/13.6--36.03--31.63/35.04+72.19--3.39
--54.41-39.13*13.91--26.85/79.14--84.53+67.37/82.36/-86.96*1.66--63.9+-96.63/-57.81*-12.79-1.66,-54.41-39.13-13.91*-26.85-79.14/-84.53-67.37+82.36/-86.96/1.66*-63.9--96.63+-57.81/-12.79*-1.66
-88.98/-32.51*54.19/95.83+30.28-40.76/41.4/*/0.68+41.41*-71.15--79.37-23.09/-89.4688.31,88.98--32.51/54.19*95.83/30.28+40.76-41.4/27.29/0.68/41.41+-71.15*-79.37-23.09--89.46/88.31
+79.62+57.72/-22.77--62.62+89.39*-86.3/36.66+64.81+-61.16+-69.37-71.14/-62.16+-81.53/67.2177.35,79.62+57.72+-22.77/-62.62-89.39+-86.3*36.66/64.81+-61.16+-69.37+71.14--62.16/-81.53-67.21/77.35
*-38.26/5.18/82.9+-55.08/86.32/-58.86-54.33+-81.74--12.1--53.18+0.64-75.79*39.87/10.69-99.84,-38.26*5.18/82.9+-55.08+86.32/-58.86/54.33--81.74+-12.1--53.18-0.64+75.79-39.87*10.69/-99.84
*-4.84--32.47+-42.81--66.31-14.65-8.71/8.35-69.04/50.63/62.1*-13.32+-93.45+-87.31-26.7-39.07,-4.84*-32.47--42.81+-66.31-14.65-8.71-8.35/69.04-50.63/62.1/-13.32*-93.45+-87.31+26.7--39.07
--22.27/-40.62**-92.16*-51.83-95.38*21.01*55.26/-41.16+-17.56--37.25/-3.09+-6.94-20.04-58.07,-22.27--40.62/-66.79*92.16--51.83*95.38-21.01*55.26*-41.16/-17.56+-37.25--3.09/-6.94+20.04--58.07
/-21.13+-5.33+-15.92/63.82*79.39+-13.04--53.38*15.04*-45.03*11.14*-11.22/-85.07+40.16-9.3299.9,-21.13/-5.33+-15.92+63.82/79.39*-13.04+-53.38+15.04*-45.03*11.14*-11.22*-85.07/40.16+9.32-99.9
*-29.33-77.39--15.7+-72.34-41.28-31.09/-97.55/49.39-95.05/69.19+-49.73+/+-61.5-69.022.2,-29.33*77.39--15.7--72.34+41.28-31.09--97.55/49.39/95.05-69.19/-49.73+-75.47+-61.5+69.02-2.2
+-17.42+25.53*1.23/93.12+92.79--44.49-5.32*-40.0*81.46--92.77*-43.3/20.44*-50.28/-71.0348.01,-17.42+25.53+1.23*93.12/92.79+-44.49-5.32--40.0*81.46*-92.77--43.3*20.44/-50.28*-71.03/48.01
+71.77+-57.93*-89.68/50.34*59.26+-20.12+7.17+-51.65--87.96-43.01*-35.15*-94.92--80.8/-37.76+,71.77+-57.93+-89.68*50.34/59.26*-20.12+7.17+-51.65+-87.96-43.01--35.15*-94.92*-80.8--37.76/16.83
*-51.79-90.64*-95.53--17.81+-22.34+-87.13--57.65/-3.57/-69.98/-86.37/73.72+-88.68-23.35-*-95.15,-51.79*90.64--95.53*-17.81--22.34+-87.13+-57.65--3.57/-69.98/-86.37/73.72/-88.68+23.35--30.24--95.15
+-84.67/67.83-81.8*28.33---48.22--12.84-3.42-/+-55.42-94.82/92.03--28.25*58.26-20.16,-84.67+67.83/81.8-28.33*-95.0-48.22--12.84-3.42--4.64--55.42+94.82-92.03/-28.25-58.26*-20.16
/81.08/55.04*40.06-51.04*8.65*60.34--52.93--54.76*9.14-12.95*40.3*-90.31*60.28-86.2727.46,81.08/55.04/40.06*51.04-8.65*60.34*-52.93--54.76-9.14*12.95-40.3*-90.31*60.28*86.27-27.46
*-89.43*-96.75*70.14--42.74-24.12/-42.51/25.49+42.04-9.42*34.25*-30.72*30.19/-32.66+-29.7846.85,-89.43/-96.75*70.14*-42.74-24.12--42.51/25.49/42.04+9.42-34.25*-30.72*30.19*-32.66/-29.78+46.85
--40.89*-61.18*-8.39*-53.08*45.35/27.99*-59.58-26.5-19.69+11.49--19.9*20.14/-59.05+71.38-1.18,-40.89--61.18*-8.39*-53.08*45.35*27.99/-59.58*26.5-19.69-11.49+-19.9-20.14*-59.05/71.38+-1.18
*62.05+72.38/-6.87*40.12/51.98-85.83*40.07/2.7*42.86-20.35--18.58--42.53-/-*60.51,62.05*72.38+-6.87/40.12*51.98/85.83-40.07*2.7/42.86*20.35--18.58--42.53--97.48--54.52-60.51
+-7.8/21.93/96.06*1.55*21.22-24.96*86.26+-52.3+93.64*-10.32+58.52*-26.77--88.59*-50.92-43.89,-7.8+21.93/96.06/1.55*21.22+24.96-86.26*-52.3+93.64+-10.32*58.52+-26.77*-88.59--50.92*-43.89
*-89.97--87.42*46.75+-69.95+28.93/84.12*-35.72+34.6-6.16-43.38--75.0-94.99-79.52*-11.9365.6,-89.97*-87.42-46.75*-69.95+28.93+84.12/-35.72*34.6+6.16-43.38--75.0-94.99-79.52--11.93*65.6
