Formula,Result
-27.3855.691.79-32.0990.27-30.0357.34-59.3432.7412.26*/**-**//,*12.26-32.74*-59.34*57.34-**90.27--32.09/91.79/55.6-27.38
51.23-45.631.5923.9722.9656.5253.724.07-5.07-43.45/*+++/**+,/+*-5.07+4.07+53.72-56.52/22.96*23.97*1.59+-45.6351.23
-68.56-14.33-27.59-64.8347.69-78.38+-31.93-20.89++-+-*-/+,+20.89+75.28--31.93+-33.78/-78.38*47.69--64.83/-27.59+-14.33-68.56
-51.3432.95*-0.03-33.273.29-67.0893.79--46.77*/+/+-+**,**/-21.73+93.79/-67.08+3.29--33.27+-0.03*--32.95-51.34
0.4757.86-69.86+-6.9917.94-68.19-75.77*63.0*+*-/**-/,*63.0+-61.71*-75.77--68.19/17.94*-6.99**--69.86/57.860.47
-76.25-35.13/18.26-39.38-77.241.9351.9518.38-80.26**+///+/*,*-80.26*18.38+51.95/41.93/-/-39.38+18.26/-21.34*-35.13-76.25
/89.84-95.1975.8723.442.5674.5639.46-92.83-65.86-**++*--/,--65.86*-92.83*39.46+-+42.56*--75.87--95.19//97.73
49.58-58.39*-82.78-6.42-90.3957.22-13.66-18.11-23.91---*-+/-*,--23.91--18.11*-13.66*57.22--90.39+-/--58.74*-58.3949.58
65.44-60.543.9712.171.75-96.3669.78-27.1-93.64-/+/+/++*/,/28.9+-93.64+-27.1+69.78--96.36+71.75+12.1*43.97--60.565.44
58.8763.54/-43.6948.0532.61-50.23-52.39-29.05-56.05+*++*+/+-,--56.05*-29.05+-52.39--50.23*-+48.05/-43.69+-95.09-63.5458.87
47.3218.82-72.77-54.5841.5175.53-96.28-93.4844.97*+-*+***+,*44.97+-93.48--96.28-75.53+41.51*-54.58*72.77*-3.2+18.8247.32
95.3686.58-89.3939.28-78.69-74.1443.0564.749.075.38//--*---+,/5.38/9.07-/-**-74.14/-78.69*39.28--89.39+86.5895.36
/-28.5585.064.82-95.2353.48-13.2855.16*-36.45-+--+/*--,/-36.45+-24.88-55.16--13.28+53.48/-95.23*4.82-85.06--28.55-62.14
-60.4299.85*+-18.966.04-7.8860.01-90.25-43.6/*/+-/*/-,/-43.6+-90.25/60.01+-7.88-66.04/-18.9*74.02/72.24-99.85-60.42
+72.01-86.67-88.46-2.59*4.3538.2441.535.14++**+*-+/,+35.14+41.5*38.24*4.35+53.24*-2.59--88.46+-86.67/72.01-77.37
96.9522.04-81.28-7.241.8714.45-71.14/-77.26-///+++**,--77.26/51.95/-71.14/14.45+1.87+7.24+-67.84*-81.28*22.0496.95
1.42-8.3389.44-71.05-72.9540.22-98.489.7-39.37-84.16/+/+//++/,+-84.16+-39.37/9.7+-98.48/40.22/-72.95*-71.05+89.44/-8.331.42
-34.54-21.78-94.9532.1725.58-49.8415.49-3.66-44.7662.65/*/+-*/-/,/62.65/-44.76/-3.66+*--49.84*25.58/32.17--94.95/-21.78-34.54
-22.0487.8853.82-42.5618.56-21.21-91.24-52.1582.52*+-*+*//+,*82.52+-52.15--91.24*-21.21+18.56-*/64.97/53.82+87.88-22.04
-7.973.36-16.78-32.862.8170.04-79.44*-9.9211.3-*/*+***-,-11.3*-/39.83*-79.44+70.04*2.81*-32.86*-16.78-3.36-7.97
77.4652.49-77.338.8464.14-13.35/95.46-1.82-52.98/+/+-/++/,/-52.98+-1.82/95.46+18.66--13.35/64.14+38.84+-77.3/52.49+
--80.023.63-31.05-0.5117.6890.19-94.06-86.6335.19+*+++**/*,+35.19*-86.63+-94.06+90.19+17.68*-0.51*-31.05+23.63*-80.035.1
+-3.75-39.91-58.02-73.62-77.16-68.28-41.8362.79*/*--//*-,*62.79/-41.83+68.28-87.21--77.16*//-58.02*-39.91--3.75-73.91
20.7131.17-19.4815.0759.7-35.43-81.474.3817.3588.0/++++/+*/,/88.0+17.35/74.38+-81.4++*59.7+15.07*-19.48/31.1720.71
73.88-17.76-22.43-31.45-24.91-1.0471.51-71.4661.1997.52-/+*+--+-,-97.52/61.19+-71.46*71.51+-1.04--24.91--31.45+-22.43--17.7673.88
31.037.29-37.75-44.25-77.3846.5373.56*-27.0340.5+**--/*++,+40.5*-27.03*-9.43-73.56-46.53*-77.38*-44.25+*+7.2931.03
66.78-82.67-37.12-31.4/-0.0237.96-12.724.3195.89+/-/////+,+95.89+4.31--12.72/37.96/-0.02/-2.67/-31.4/-37.12+-82.6766.78
-87.2644.1462.58-31.5672.7511.04/87.5591.8-97.67-/+-/+-++,--97.67/91.8+87.55-37.57/11.04+72.75--31.56*62.58+44.14-87.26
66.32-78.7224.6870.295.06-87.66+78.75-54.14-75.75*-++/+*+/,/-75.75--54.14+78.75+-78.91/-87.66+95.06*70.2+-/-78.7266.32
*19.21-28.6586.351.62-94.3213.94*-70.3260.25***/+-*/-,*60.25*-70.32*-/13.94+-94.32*51.62*86.3/*-19.21-61.7
63.7968.36-59.4917.585.3386.45-24.08-60.497.9358.11++/*+-**+,*58.11+7.93/-60.49*-24.08+86.45-85.33*17.5*-59.49+68.3663.79
-76.8733.66-62.3846.0342.1651.5168.8-8.17-87.61-27.05+*-/**/-+,+-27.05*+--8.17/68.8*51.51*42.16/46.03--62.38+33.66-76.87
4.7737.73-60.3217.1627.54-22.89-89.91-11.0173.58-34.37**-/+/+**,*-34.37*73.58--11.01/-89.91+-22.89*27.54+17.16--60.32*37.734.77
-70.3741.4868.98-33.1748.2713.437.62+53.0990.54-+*/**-*-,-90.54+53.09*-80.72-37.62*13.4*48.27--33.17*68.98-41.48-70.37
-68.71-25.5992.77-41.31-8.09+-24.1860.2846.6184.94+-++++/*+,*84.94-46.61+60.28+-24.18+-46.5--8.09/-41.31*92.77+-25.59-68.71
89.84-53.9540.7950.56-40.53-63.69-30.0985.3810.0121.27*+*-+**/-,+21.27+10.01*85.38*-30.09+-63.69*-40.53*50.56/40.79--53.9589.84
67.98-21.09-49.81-27.98-68.2437.22-80.75-71.26-86.0727.83*/*+--/-/,*27.83--86.07*-71.26+-80.75-37.22--68.24/-27.98--49.81/-21.0967.98
68.81-91.0716.89-38.4595.99-22.77-14.2121.41*12.02+-*+/---/,+12.02/13.76*21.41+-14.21/-22.77-95.99--38.45-16.89/-91.0768.81
-56.86-99.6214.47-54.8472.8222.22+13.7477.63-83.91*****/*--,*-83.91*77.63*+*-2.13*22.22/72.82*-54.84-14.47--99.62-56.86
-44.93-42.09--95.55-29.911.39-27.61-86.2194.7671.21+++*/*-*/,+71.21+94.76*-86.21*-27.61/1.39*-29.91--95.55*-73.27/-42.09-44.93
99.5318.97-6.3668.37-59.07-88.1747.02-15.03-91.2-42.12-*//--/-+,--42.12*-91.2+-15.03/47.02+-88.17-//68.37--6.36+18.9799.53
69.62/*78.34-30.8219.5490.8799.4457.85-44.89-+-/*///-,--44.89+57.85-99.44-90.87*19.54/-30.82/78.34/66.29-83.4769.62
-11.5147.6785.5672.5937.44-88.63-94.86-23.6240.6375.24/+/--+***,/75.24+40.63/-23.62--94.86--88.63+37.44*72.59*85.56*47.67-11.51
-75.8138.76*69.7459.7478.03-57.41-59.8771.4635.34+--*/-/*-,+35.34/71.46--59.87*-57.41/78.03-59.74/69.74*-91.88-38.76-75.81
-92.14-31.25-48.83-69.0467.17-36.7631.0333.3973.0848.54**-/++**-,*48.54*73.08-33.39/31.03+++67.17*-69.04*-48.83-+-92.14
10.07-45.542.97-65.71/-83.41+99.64-20.51-26.78*/*---+-/,*-26.78/-20.51*99.64----83.41+99.37+-65.71-42.97/-45.5-
8.2452.6477.01-43.99-84.0-98.69-25.2778.56-86.6+***-+---+,*25.67*-86.6/78.56--25.27+-98.69--84.0--43.99--*52.648.24
59.99-52.9549.486.2790.5711.2726.3933.9553.79+***//*//,+53.79*33.95*26.39*11.27+//86.27*49.4/52.95--16.6659.99
23.46--74.2296.19-98.82.36-0.7531.9672.95-19.45**+/-+-+/,*-19.45*72.95+31.96/-0.75-2.36+-98.8-96.19+-74.22/64.0223.46
65.52-23.61-18.99-18.2737.96-52.94-96.4968.77-56.97-62.92/*++**/--,/-62.92*-56.97+68.77+-96.49*-52.94*37.96*-18.27/-18.99--23.6165.52
91.23-83.62-96.7899.3210.4329.33-17.1750.94-39.54-22.44*+/-+//*/,*-22.44+-39.54/50.94/-17.17+29.33--/99.32*-96.78/-83.6291.23
51.9183.4131.08-81.29-19.11-20.32--79.67-15.2436.82+-*-+/*+/,+36.82--15.24*-79.67-56.57+-20.32/-19.11*-81.29+31.08/-51.91
47.1118.8889.43-49.717.92-77.2681.7152.23-68.7-50.86/---*-+*+,/-50.86-/-52.23-81.71*-77.26-7.92+-49.71-89.43+18.8847.11
-59.28-44.168.55-11.1278.2181.7471.14-78.19-33.244.76/+--*+*+/,/4.76+-33.24--78.19-71.14*81.74+78.21*-11.12+8.55/-44.16-59.28
71.78/-48.0674.48-66.7550.04/-49.36-57.4528.32--/++-*-*,-28.32--/-49.36+-33.04+50.04--66.75*74.48--48.06*-37.7671.78
46.468.7799.1-1.9298.05-86.56-76.2-40.22-35.84-83.73*/-*+--*-,*-83.73/-35.84+-40.22*-76.2+-86.56-+--1.92*99.1-8.7746.46
49.45-14.646.67-48.01-15.8891.2736.893.63-3.49-79.96*+//***-/,*-79.96+-3.49/3.63/36.89/91.27*-15.88*-48.01-6.67/-14.64-
-93.33--64.399.794.456.13-35.853.23.4215.65*+*-++//+,/15.65+3.42-3.2--35.85+56.13+94.4/99.7/-64.3+53.48-93.33
67.86-1.92-9.25-39.091.2497.32-91.4738.65-29.2124.52/+*---*//,/24.52+-29.21*38.65--91.47-97.32-91.24*-39.0/-9.25/-1.9267.86
-37.14-70.09-55.96-87.0111.2277.61-50.1381.79-98.758.44-/*-/*+/-,*8.44*-98.75*81.79--50.13/77.61*/+-87.01/-55.96--70.09-37.14
-99.0854.87-38.139.6815.39-40.29-51.58-68.556.2-8.7+/+*////-,*-8.7/56.2+-68.5*-51.58/-40.29/15.39/9.68/-38.13*54.87-99.08
--71.9292.32-88.7964.986.2910.76-7.8317.09*/*-*++/*,*17.09/-*22.67*10.76*6.29+64.98+-88.79/92.32/-71.9252.03
55.615.65-72.3663.751.89-22.8951.7950.8638.6246.78+*--+**--,+46.78*38.62-50.86-51.79+-22.89*51.89*63.7*-72.36-15.6555.6
-41.0891.68-72.75-13.08-56.12-71.8679.22-17.2230.39*+//*-/--,*30.39+-17.22/79.22/71.86*-7.29--56.12/-13.08--72.75-91.68-41.08
-87.04-36.43-66.5289.1337.67-2.8570.74-43.93-84.1820.41-+-++/*/+,/20.41--84.18--43.93+70.74+-2.85/37.67*89.13+-66.52+-36.43-87.04
-16.8581.76-10.93**74.7298.948.21-21.677.61*+*/-*/*/,*77.61+-*8.21/98.94-74.72*-38.02/68.83*-10.93-81.76-16.85
93.24-55.0--75.6330.3278.57-33.98-39.8872.32-91.77--**-*+-/,--91.77--*-39.88*-33.98-78.57*30.32+-75.63-24.04/-55.093.24
36.17-75.28-6.91-91.011.26-55.4752.55-28.8164.99-30.92*-//++/+/,*-30.92-64.99/-28.81/52.55+-55.47+1.26*-91.01+-6.91+-75.2836.17
10.9288.86/21.41-73.4-76.08-46.52-82.63+*/+----/*,*65.47/82.63+67.08--46.52-*--73.4-21.41/31.76*88.8610.92
22.04-26.0175.79+-45.589.57-29.3568.15-4.46-3.16/*/*+***/,/-3.16/-4.46/68.15*-29.35+9.57*-45.58*-18.1*75.79/-26.0122.04
-12.4412.638.9350.82-31.9476.9779.5/6.21-26.88-/--*/++*,--26.88/6.21--4.72-79.5*76.97--31.94+50.82+38.93*12.6-12.44
27.56-75.31-49.272.72-5.94--13.465.7633.9564.42*+++*/*+/,*64.42+33.95+5.76+-13.46*-52.05/-5.94*72.72+-49.2/-75.3127.56
18.09*23.0-48.34-43.9297.36-63.41-13.93-54.6174.1+*+/*+///,+74.1*-54.61+-13.93/-63.41*97.36+-43.92+-48.34/23.0/84.83*
-37.1385.38-19.94-95.4484.39-13.9357.0214.39-52.2384.42+-+/*+-/-,/84.42--52.23+14.39/57.02*-13.93+84.39--/*/85.38-37.13
78.41-46.0435.61-16.34-62.3152.1-86.63-82.4177.5759.98-++-+*+/-,-59.98+77.57+-82.41--86.63-52.1*-62.31+-16.34/35.61--46.0478.41
-53.173.5-9.2-6.270.85-46.13-69.969.3854.3295.36++-+**/--,+/+54.32-69.38+-69.9*-46.13*0.85/-6.27--9.2-3.5-53.17
41.81-1.5313.0462.8893.0443.82-70.5569.9-13.0646.82+/*-/+/-/,+46.82/-13.06*69.9--70.55/43.82+93.04/*-13.04/+41.81
-70.46-29.61-25.3133.13-75.7216.1-85.25+-98.78-8.1+*+***-++,/-8.1*-98.78+-10.98*-85.25*16.1*-75.72-33.13+-25.31+-29.61-70.46
41.1117.33-64.45*-39.45-60.9977.82-34.8924.17-61.76-/*/-****,--61.76/24.17*-34.89/77.82-/*-39.45+-47.28*-64.45*17.3341.11
9.298.9125.5-26.4284.7280.1398.82-97.17/7.2*+*-*+**-,*7.2+74.21*-97.17-98.82*80.13-84.72*-26.42*25.5-98.919.2
49.63-45.2320.366.8710.85-31.89-31.14-9.43-14.08*-**++--+-,-8.42*-14.08*-9.43/-31.14+-31.89-10.85-66.87+20.3--45.2349.63
94.9534.38-98.6740.5-34.58-12.11-18.27-8.92-57.63-56.72++**---*-,+-56.72+-57.63+-8.92*-18.27--12.11--34.58-40.5*-98.67-34.3894.95
-32.7344.83-73.76-71.59-82.485.45-1.57-0.72-73.2132.63-*/*-/-**,+32.63*-73.21/-0.72*-1.57-85.45*-82.4--71.59*-73.76*44.83-32.73
25.0136.19-69.8565.1780.7138.69-44.044.22-73.6811.93*//+/*-//,*11.93/-73.68/44.22+-44.0/38.69*80.71+*--69.85/36.19/
97.8622.03-46.51-68.0-69.67*97.94-41.18-52.21-46.82-/+/*++-+,--46.82/-52.21+-41.18/97.94*-58.75+-69.67++--46.51+*97.86
54.33-81.3664.770.5563.4959.06+22.138.9868.52*//*/-**+,*68.52/8.98//*35.37/59.06-63.49*70.55*64.7+-81.3654.33
-35.06-58.75+94.33-30.08--14.7715.58-8.84-83.75**///-/++,*-83.75*-8.84/15.58/-14.77/-93.72--30.08+94.33-80.9+-58.75-35.06
92.5538.5916.1947.4696.11-79.49-10.89-0.85-5.39-65.65-/*-++-/+,--65.65+-5.39*-0.85--10.89+-79.49+96.11-47.46/*+38.5992.55
3.8918.9535.3243.7171.5479.2136.38-57.260.6746.15/--**-+/+,/46.15-0.67--57.26-36.38*79.21-71.54+43.71/35.32*18.953.89
-25.58-6.51-76.9719.2456.68-69.12-7.2310.46-46.06+--*+//*-,--46.06-10.46--7.23*-69.12+56.68/19.24+-76.97*6.51-97.95-25.58
-50.15*-75.31-97.78-75.1117.1612.84-50.97-37.22++/-++--/,--37.22+-50.97/12.84-17.16+-75.11+-97.78-75.31--33.72/18.01-50.15
6.4-28.1973.04-36.0222.947.23-86.5933.4868.46-86.37/-+/-+*-/,/-86.37--+33.48/-86.59-/+22.9*-36.02-73.04/-28.196.4
-30.58-47.33.85-97.776.96-16.1257.1+62.4249.31/+++*-*+/,/49.31+62.42+-66.01+57.1*-16.12+6.96*-97.77+3.85/-47.3-30.58
-6.41-27.1-49.12+-91.199.97-24.0531.5845.27-14.68++-*-++//,+-14.68+45.27-31.58*-24.05-9.97+-91.19+7.98///-27.1+
-32.4-85.79-3.5489.97-47.15-73.3561.54-98.721.87-96.6-/*/++*-*,--96.6/1.87*-98.72/61.54+-73.35+-47.15*+--3.54*-85.79-32.4
22.9275.6653.310.64--12.6551.2130.5-21.94-40.89+**-+-*+-,+-40.89*-21.94*30.5-51.21+-12.65-68.14/10.64+53.3-75.6622.92
-68.76-69.2165.7-16.86/-63.7764.4966.1454.6360.05///***/+*,/60.05/54.63//*+*-63.77*48.25/-16.86+65.7*-69.21-68.76
-98.6-72.81-78.5381.5845.28-8.69-37.0349.3530.7157.25--*-+*+/*,-57.25-30.71*49.35--37.03+-8.69*45.28+81.58/-78.53*-72.81-98.6
63.78-9.4-9.5637.73-51.3582.1151.89-87.6719.81-17.4**/-*+*-+,*-17.4*19.81/-87.67-51.89*82.11++*37.73--9.56+-63.78
34.319.8235.26-1.19-47.67-25.4141.9768.15-61.7-30.47+/**+*-++,+-30.47/-61.7-68.15*41.97+-25.41*-47.67--1.19+35.26+9.8234.31
97.62-11.45-73.6299.27-30.44/-32.9-76.6313.72-90.68*-*-+/-+-,*-90.68-13.72*-76.63--32.9+69.77/-30.44-99.27+--/97.62
/-45.9251.6499.5-13.6-2.9940.0-70.81/-6.01*+-+-*--+,*-6.01+99.88--70.81+40.0--2.99*-13.6-99.5-51.64+-45.92-96.5
97.13-66.7721.657.4391.51-17.6535.3239.6-79.4765.13+/-*//+//,/65.13/-79.47-39.6*35.32/-17.65/91.51+57.43/21.6/-66.7797.13
--10.2577.69-88.0850.9781.674.5381.05-87.21-15.64/++*+-*+-,--15.64+-87.21+81.05*4.53+81.67-50.97*-88.08+77.69--10.25-67.52
-18.1777.69-50.07-88.9433.65/-87.06/48.59*-/+++-/+/,-38.4//+-35.19+-87.06+-36.79/33.65/-88.94+-50.07/77.69-18.17
19.8-15.4813.6477.41-84.26-98.24-34.7793.5814.02+-++**/--,+14.02-93.58+34.77+-16.32*-98.24*-84.26/77.41-13.64--15.48/
27.94-10.9250.49-19.31-38.1271.3433.81-23.37-3.82/-+/+++/+,/3.82--29.17--23.37/33.81+71.34+-38.12+-19.31/50.49+-10.9227.94
84.41-16.59/-56.32-94.420.0255.42-20.92-9.3426.8-*++/-+/*,-/*-9.34+-20.92+-/0.02--94.42+-56.32/-34.68*-16.5984.41
-71.51-37.18*-2.3171.71*57.98-40.4487.6645.09/-**/+-**,/45.09-87.66*-40.44*57.98/-36.02+71.71--2.31*-*--71.51
83.025.7447.41-47.8160.3486.21-46.96-87.2563.3172.52*/-/-/*+-,*72.52/63.31-*/-46.96*86.21/60.34*-47.81+47.41-5.7483.02
+81.866.0188.46-39.1350.48-35.1347.15-41.38-69.5/--//-/+*,/-69.5--41.38-47.15/-35.13/50.48/-39.13/88.46+66.01*81.8/
54.67-29.32-58.6577.1624.5495.9976.68/-81.92-65.47-/-+*-*--,--65.47/+-50.09+76.68*95.99-24.54/77.16--58.65--29.3254.67
99.03-66.5313.857.7852.6870.5-28.7735.3492.49+**-*/+-/*,+-25.84**-35.34*-28.77/70.5+52.68-7.78-13.85*-66.5399.03
-88.23-89.51-89.2537.12-32.1257.12-6.95-31.82-65.34*-*+*+/*+,--65.34--31.82*6.95+-48.23*57.12+-32.12+/*-89.25+-89.51-88.23
--98.2929.011.667.8-71.18-76.9317.11-21.1540.17-*//-//++,-40.17*-21.15/17.11/+--71.18-7.8/1.66+29.01+-98.29-81.65
-50.3111.5270.18-58.9765.79-7.470.11-17.38-85.39-+*-**+*-/,+-38.86-/--17.38*70.11*-7.4+65.79*-58.97-70.18/11.52-50.31
53.1719.0398.4647.09-41.03-68.5270.17-87.2678.8826.75/-/*-/+//,/26.75----87.26*70.17--68.52/-41.03+47.09*98.46/19.0353.17
14.5870.5-50.5796.05-6.9887.75-71.936.3166.0870.93*-+*+/*+/,*70.93/66.08+36.31*-71.9+87.75/-6.98*96.05+-50.57/70.5+
56.42-2.23-48.11-74.2-45.69-46.317.2375.8768.7351.96-+-+++-+-,-51.96-68.73-75.87+17.23+-46.3+-45.69/-74.2+-48.11--2.2356.42
53.69-36.6798.450.4793.79-96.53-1.3895.43-49.72/+/*+*/-+,/-49.72*95.43/-1.38*96.53+49.27*93.79/50.47-98.4+-36.6753.69
42.0553.2180.198.78-64.63.79-4.4714.8950.9-13.76//+++*---,--13.76+50.9+14.89+-4.47+3.79*-64.6-8.78-80.19-53.2142.05
63.5630.347.0224.98-78.12-31.5658.55-34.16-1.01/--**//+*,/-1.01--34.16/58.55*31.56*-25.62/-78.12/24.98+47.02*30.363.56
44.09-76.72+25.82-14.39-84.5813.91-50.52-9.6-25.82+**/++-+*,+-25.82*-9.6*-50.52*13.91+++-14.39-25.82+37.54*-76.7244.09
95.27-29.99-87.63-59.31-77.773.33-8.75-44.36-59.23+/*/*//-+*,/-18.44*-59.23/-44.36*-8.75/3.33/-77.77--59.31+-87.63*-29.9995.27
-34.27-87.7797.039.1-87.43*/49.6958.427.58**/**+++/,*27.58*58.4/49.69***++-87.43+39.1+97.0/-87.77-34.27
-31.24-67.8338.05-61.33-13.10.87-1.32-38.5934.28-+--/+**/,-34.28--38.59--1.32-0.87/-13.1+-61.33*38.05*67.83/-57.2-31.24
95.16-3.5215.1946.2959.7397.16-66.0920.119.76-2.41/-*////*/,/-2.41-9.76*20.11--66.09/+-59.73/46.29*15.19/-3.5295.16
33.4-79.4630.52-79.8896.28-56.65-48.57-21.0458.9943.5/+*+++/+/,/43.5*58.99*-21.04+-48.57+-56.65--/-79.88*//-79.4633.4
-60.54-55.28-66.7185.86-38.23-52.85-39.37-69.4440.99-55.01/-**+/-//,/-55.01-40.99*-69.44**+-52.85/-38.23-85.86/-66.71/-55.28-60.54
15.67-97.331.0130.9551.747.84-97.6458.96-72.29-70.97*---+//-+,*-70.97--72.29*58.96--97.64*7.84///30.95-1.01+-97.3315.67
-96.79-58.3-21.5870.01--88.7836.99-53.0494.74-37.6+*/+///++,+-37.6*94.74/-53.04+36.99/-88.78/-10.08/70.01+-21.58+-58.3-96.79
83.42/-9.8447.42-94.55-51.9519.0858.5646.06-78.41++*--+//*,+-78.41+46.06*58.56/19.08--51.95+-94.55/47.42/-9.84*-4.3283.42
-87.6-47.2127.4743.6412.260.5889.27-59.0591.55-42.65-*/++*-*/,--42.65*91.55/-59.05+89.27+0.58*12.26/43.64*27.47/-47.21*
-95.86-69.43-94.64-78.33-84.44/72.52-31.54-46.1334.03*-*/**/*+,*34.03--46.13*-31.54/72.52*-23.02*-84.44/-78.33*-+-69.43/
91.07-68.31-64.11-29.47+64.7575.4523.34-39.6-92.62---*//**-,+-92.62--39.6-**75.45/64.75/27.05/-29.47*-64.11--68.3191.07
21.56-92.3271.05-38.31+18.64-57.21-53.7939.93-63.75-//*--+-+,--63.75+39.93/-53.79*-57.21-18.64-18.22+-38.31-71.05+-92.3221.56
16.66-79.4811.89-16.6739.83-17.4123.49-31.6972.76-18.31--+//-+/+,--18.31+72.76+-31.69/23.49/-17.41-39.83++/11.89+-79.4816.66
87.89-77.9943.56-56.09-92.76*-95.960.342.9225.22**--+/*//,*25.22*2.92-0.34--95.96+86.55/-92.76*-56.09/43.56/-77.99/
9.468.2539.6795.9934.34-93.67-47.6562.675.16-86.15/*+*/*+-*,/-86.15+75.16+62.6/-47.65/-93.67*/+95.99-39.67*68.259.4
**61.9445.3-1.7219.5372.47-84.3152.44-78.6**--***+-,*-78.6*52.44--84.31-72.47*-/-1.72*45.3+61.94--97.8326.6
*-78.7468.06-73.2525.8-55.52-30.56-56.3620.06-80.39-/+//-/--,--80.39/20.06+-56.36/-30.56/-55.52-25.8/-73.25-68.06--78.7440.59
-68.75-67.632.5343.037.128.0384.2441.2-60.88-35.14/--/+/+*/,/-35.14--60.88-41.2/84.24+8.03/7.12+43.03*32.53*-67.6-68.75
5.9912.1196.38-34.54*88.9324.3246.8826.1396.41+*+/++**+,+96.41*26.13+46.88//+88.93+5.77*-34.54-96.38+12.115.99
12.14/-29.849.34-9.95-91.51-46.0853.83-1.67-34.79//-/+*/+-,/-34.79+-1.67-53.83/-46.08+-91.51*-9.95/49.34+-29.8-83.4112.14
23.410.36-62.29-13.057.64-48.5927.288.14-81.36-15.58--/+**-*+,--15.58--81.36-88.14+27.2*-48.59*57.64--*-62.29+0.3623.41
-90.5288.94.87-50.88-70.22/44.77-42.5867.493.15/*-*--/*+,/3.15*67.49--*44.77---+*-50.88*4.87+88.9-90.52
29.9661.5834.73-88.54-72.6-64.26-92.74-54.91-29.15-27.1+-//**/*/,+-27.1+-29.15/-54.91//*-64.26*-72.6/-88.54-34.73/61.5829.96
94.9142.56-84.64+50.72-26.5968.923.359.4889.01*++--/-/-,-89.01+9.48+--68.92--26.59/50.72--68.87/-84.64-42.5694.91
--86.4680.8521.1949.12-64.6744.29-53.29-71.2728.25/++//+*/+,/28.25+-71.27*+/44.29/-64.67+49.12*21.19/80.85+-86.4682.63
-74.9364.72+-9.5868.1641.29-81.85-18.69-91.76/+/+*+-+-,/91.76+84.64/-18.69/-81.85*41.29+68.16--9.58+-65.7-64.72-74.93
-2.940.17-30.15-23.41*--18.8997.8174.39-58.69----//--+,-*-74.39-97.81--18.89/-85.3/51.04--23.41--+40.17-2.9
23.98-43.52-38.7672.8870.37-76.27-72.9973.16-40.32-96.62+-/++*++/,+-96.62--40.32/73.16+-72.99+-76.27*70.37-72.88+-38.76/-43.5223.98
--91.6687.0576.47-6.19-39.1350.54-24.2243.2763.71/*-*--/+/,/63.71*43.27--24.22*50.54--39.13--6.19/76.47+87.05/-91.6632.12
51.3933.1832.58-30.15-77.44-51.2885.96-69.9-1.1896.59/*+*+*//+,/96.59*-1.18*-69.9*85.96+-51.28*-77.44/-30.15/32.58+33.1851.39
72.38-94.35-68.8892.74-31.17-19.5983.0966.9-97.24-23.28*-/*+*+-+,*-23.28--97.24/66.9*83.09*-19.59*-31.17+92.74--68.88+-94.3572.38
80.81-28.66-94.14-7.14-28.13-11.76-69.8+54.51-54.98+*/--/+**,+-54.98*54.51/83.57--69.8--11.76/-28.13+-7.14*-94.14*-28.6680.81
-91.03--77.463.72-74.66-25.7987.71-93.2927.0497.47+-*//*--*,+97.47-+*-93.29/87.71/-25.79*-74.66-63.72--77.4*2.66-91.03
-52.77-12.4959.9482.0235.0739.06-79.24-50.12-91.7390.64/+---/-//,/90.64+-91.73/-50.12--79.24-39.06/35.07-82.02-59.94/-12.49-52.77
12.13-94.9936.4992.1258.95-35.7343.966.56-91.4492.02+-++-**/+,+92.02--91.44+6.56+---35.73*58.95*92.12/36.49+-94.9912.13
-2.72-45.491.96-22.39-63.7941.053.05-26.9291.28-*+//+//*+,*-67.16/91.28/-26.92/3.05+//-63.79/-22.39*91.96+-45.4-2.72
73.1-68.82-46.87+-75.57-45.63-70.93/-93.4368.06+*--/*++-,+68.06*-93.43-+--70.93/-45.63*-75.57+-71.04+-46.87--68.8273.1
25.38-15.3-55.733.58/-76.82-13.73/11.8929.62/+**/-***,//+11.89*17.15*-13.73/-76.82--79.85+3.58*-55.73*-15.325.38
69.1635.45-57.49--91.869.3627.35-17.89-53.0834.9---**/-/*,-34.9--53.08--17.89*27.35*69.36/-91.8-14.37/-57.49*35.4569.16
32.81/*-12.6296.5418.11-25.798.01-70.85-85.74++/--*-*+,+-85.74+-70.85/98.01--25.7-18.11/96.54--12.62*36.28+-89.0132.81
-85.4465.28-57.33-26.6135.7799.935.0958.4542.01/++*-+--+-,+33.55+42.01*58.45-35.09+99.9/35.77-/*-57.33*65.28-85.44
10.6693.216.0640.7/25.42-26.21--95.2737.32++**++-*-,+++-95.27*-52.05*-26.21+25.42+35.77-40.7*6.06-93.2110.66
-48.8294.7271.93-22.3562.8260.4-19.24-71.059.61-59.68**/----*-,*-59.68*9.61/-71.05--19.24-60.4-+--22.35*71.93-94.72-48.82
/1.39-96.7239.25-34.5845.3887.04-42.3572.22*////*-/-/,--63.43/72.22/-42.35/87.04*45.38--34.58/39.25--96.72/1.39/
19.164.39-96.677.3972.7653.87-34.5270.7364.27-45.68*--+/**--,*-45.68-/-70.73+-34.52/53.87*72.76*7.39--96.67-64.39+
44.0578.9940.7375.862.712.38-53.4133.67-30.0-51.99----+-*-/,--51.99--30.0-33.67--53.41+2.38-62.71*75.8-40.73/78.9944.05
-63.6460.22-44.1274.03-22.8665.3674.12-60.9793.8987.32+**/*-/+/,+87.32*93.89--60.97/74.12/65.36+-22.86//+-44.12/60.22-63.64
32.2177.1434.7769.1531.2875.063.61-28.36-67.02-41.81*-/-*-**+,*-41.81--67.02/-28.36-3.61*75.06-31.28*69.15*34.77+77.1432.21
-61.9898.2612.18-74.826.9546.1823.79-2.9470.75/+/--*--/-,-30.5/70.75+-2.94-23.79*46.18-26.95--74.8/12.18-98.26*
49.45-34.7740.47-52.23-57.5470.972.0222.1317.01-65.27/*-*--//*,/-65.27*17.01-22.13+2.02-70.97--57.54/-52.23/40.47*-34.7749.45
-92.979.4798.96-21.0110.7859.86-79.86-80.1934.01-86.74-*/-+-+++,--86.74*+/-80.19--79.86+59.86-10.78+-21.01+98.96+9.47-92.97
19.33+19.9757.93-75.5949.39-81.03-98.06-31.37-31.07/*+//+-+*,/-31.07*-31.37+-98.06/-81.03/49.39+-75.59-57.93+19.97*-19.33
-84.93-62.8833.35-99.4396.0-54.1132.7236.63-62.9482.01//--***+-,/82.01--62.94-36.63-32.72*-54.11*96.0+-99.43/33.35--62.88-84.93
-69.3250.37/-86.6449.17-52.09-47.9968.04-51.1469.68-**+*-++*,-69.68*-51.14*68.04+-47.99*-52.09-49.17+-86.64+-86.43*50.37-69.32
-3.1440.49-14.06-18.4283.7752.0986.57-79.342.4930.51+*-*-/-+*,*30.51*42.49--79.3*86.57-52.09/83.77-++-14.06*40.49-3.14
/-71.4814.891.37-0.5261.99-92.00.31-47.2774.57/*--+--*-,/74.57*-47.27-0.31--92.0+61.99--0.52+91.37*---71.48-93.93
19.1958.710.04+62.5568.5124.04-48.82-79.16-8.96+-/*+-*-+,+-8.96--79.16/-48.82*24.04+68.51--*92.66-0.04+58.7119.19
-74.862.87-48.38-33.66-78.3642.92-2.1-2.1981.0769.74/*+/////*,/69.74*81.07+-2.19/-2.1/42.92/-78.36/-33.66+-48.38*2.87-74.86
28.16-7.6174.2312.242.7241.89-48.33/37.65-15.48/*+/*/-*/,/-15.48*37.65-66.89/-48.33*41.89/2.72-12.24+74.23/-7.6128.16
-13.0441.58-15.47-64.26*-9.17-61.759.95--42.03+-/*/**/*,+-42.03--/9.95*-61.75/-9.17*45.7*-64.26/-15.47*41.58-13.04
28.991.52-40.4673.711.7447.87-93.4175.19-84.66-60.98+-/+/+-+/,+-60.98--84.66/75.19+-93.41/47.87+1.74/73.71+-40.46/1.52-
-66.4779.5-64.75-53.2-77.24-61.42-19.1846.9574.71*-/-+/*--,*74.71-46.95/-19.18+-61.42+-77.24/-53.2*-64.75-79.5-66.4739.86
24.79-31.01-79.9758.25-75.25-65.8823.36-58.3178.87+/+*/+/+--,/87.87+78.87/-58.31/23.36+-65.88+-75.25+*--79.97*-31.0124.79
-60.2265.8560.3489.0641.03++-39.2229.37-67.61+*/**//*+,+/*29.37/-39.22*-96.14*44.31/41.03/89.06*60.34+65.85-60.22
55.9290.2926.5728.45-67.9-99.97--90.34-86.7612.45-+*/--*++,/12.45+**-90.34/-8.59--99.97--67.9*28.45+26.57+90.2955.92
-63.91-13.593.66-79.71-40.4-84.84-42.1241.8896.3359.41*+*--*+--,+59.41+/*41.88--42.12--84.84*-40.4+-79.71-3.66--13.59-63.91
-2.52-45.316.2476.0941.22-20.1239.7998.42-26.8379.37/++-///+/,/79.37+++98.42-39.79/-20.12/41.22/76.09+16.24/-45.3-2.52
62.51+20.7416.09-28.0678.814.3785.153.41-15.63*+/-+-/-*,*-15.63+53.41//-4.37+78.81--28.06/16.09-20.74*4.8862.51
88.51-24.6272.08-39.9480.5436.05-31.0591.5438.5152.71/*-**/--+,-52.71+*-91.54*-31.05*36.05/80.54--39.94-72.08+-24.6288.51
-21.9271.71-37.82-19.24-71.08-66.45-42.5-99.75-8.82*/--/-++*,*-8.82/-99.75+42.5-24.78/-66.45--71.08+-19.24+-37.82*71.71-
-24.87-88.78-44.2594.4262.84-86.25-41.4499.1-41.38**-//*+-+,--41.38*99.1--41.44/86.25/71.3*62.84+94.42--44.25+-88.78-24.87
91.540.013.45-87.1253.87*70.7-80.92-97.51-55.91-++-+*+-*,--55.91+-97.51+-80.92-70.7+-62.86*53.87+-87.12-3.45*0.0191.54
-8.399.38-85.73-97.92/-12.26-86.8539.9558.01-*-*+++-*,-58.01*39.95-86.85**+-12.26+-60.78+-97.92--85.73*9.38-8.39
2.9788.884.497.55-94.4758.08-42.98-18.3-57.9969.66++-/*-*-/,+69.66*---18.3/-42.98*58.08--94.47*7.55-//88.882.97
63.765.52-35.8483.47-61.8898.3512.31-81.8120.48+++----*+-,*59.51+20.48--81.81-12.31-98.35--61.88*-+-35.84-65.5263.7
23.2677.6335.62-5.8-45.0281.91-22.96--74.42-59.65*/-+-/*+-,*-59.65/-*34.69+-22.96-81.91/-45.02*-5.8+35.62/77.6323.26
*-29.17-8.4456.5355.3662.46-19.26-6.0451.67-26.47/+/+/**//,/-26.47+51.67/-6.04+-19.26/62.46*55.36*56.53/-8.44/-29.1740.42
-56.1380.7226.65-36.4452.02-43.465.17-23.3345.1178.33+**+--/+/,+78.33*45.11*++5.17--43.46-52.02*-36.44+26.65/80.72-56.13
48.3-24.74-41.713.76-3.6612.97-51.36-67.2559.71-9.15/++*-/+/-,/-9.15+59.71+-67.25*-51.36-12.97/-+3.76/-41.71--24.7448.3
-16.4188.9630.59/26.14-14.3196.41-29.2659.3759.68*+/+++*/+,*59.68/59.37/-29.26+96.41+-14.31***39.46/30.59+88.96*
*29.9672.7-62.02-2.979.03-18.9748.1849.78+/*****-++,/-58.69*49.78*---18.97*9.03*-2.97--62.02+72.7+29.96-77.44
-98.4391.22-78.29+-39.41-92.45*-26.8235.4529.21/+--+/+-*,/29.21+35.45--26.82-*+-92.45/-39.41+72.73--78.29*91.22-98.43
-74.9*-12.55-82.038.05-85.68-51.8597.19-84.69-82.25+*-++-+*+,+-82.25*-84.69*97.19+-51.85+-85.68-38.05+-82.0*-12.55+60.96-74.9
42.6717.61.91-42.46/-62.36+-90.15-0.16-+/----**-,+6.67/*--90.15--45.4--62.36--70.34*-42.46*1.91-17.642.67
3.05-42.01-11.3570.28-54.1712.5941.46-91.2588.86-65.93/*+-/+*//,/-65.93+88.86+-91.25-41.46+12.59+-54.17*70.28/-11.35/-42.013.05
59.5346.3498.4114.67-36.18-42.2341.4241.8912.86-25.85****++-/-,*-25.85*12.86*41.89+++-42.23*-36.18-14.67/98.41-46.3459.53
50.6684.0789.11-65.1192.64-82.9193.3674.7487.89-3.3*/+-+/+/+,*-3.3/87.89+74.74-93.36+-82.91/92.64+-65.11/89.11+84.0750.66
-83.15+-15.0732.22/-96.23-6.66-31.1649.24-23.77*-+**--/+,*-23.77-49.24+-31.16*-6.66*-96.23--10.9/32.22/-15.07+-34.44-83.15
7.928.0614.59-44.2179.67-59.8975.18-72.1-8.67+//++-*++/,/-95.57/-8.67+-+75.18--59.89*79.67*-44.21+14.59/28.067.9
-64.6-24.5568.66-85.4187.48/-90.47-7.06/37.49*////+*/+,*37.49/84.7/-7.06/*/73.84+87.48*-85.41/68.66+-24.55-64.6
-93.243.7394.54-0.3376.14--80.44+-96.53-64.54+*+*+-/*/,+-64.54*-96.53+-2.47*-80.44+96.37-76.14--0.33*94.54+3.73-93.24
-86.4696.01-59.69-56.04-8.07-37.75-8.1946.4-95.02--+*/+-/-,-*-46.4+-8.19*-37.75/8.07+53.07--56.04/-59.69-96.01-86.46
-80.0816.74-93.8-73.1746.74-39.7155.5842.15-97.513.51+/+-+/*-*,-13.51/-97.5+42.15-55.58+-39.71/46.74*-73.17--93.8/+-80.08
-35.71-4.22-88.58-49.15-67.82-67.98-79.64-45.1849.04-71.61*+//*+/+*,+-71.61+49.04/-45.18/-79.64*-67.98+-67.82/-49.15+-88.58*-4.22-35.71
-26.27-6.0318.5139.69*-76.451.71+79.8778.24*/*-*////,*78.24/79.87*33.52-51.71*-76.4/27.31/39.69-18.51/-6.03-26.27
60.7555.72/-78.1132.8254.72+45.12-75.28-53.06++**-/--+,+-53.06--75.28*45.12*-40.69-54.72/32.82--78.11--23.69+*60.75
-36.94-57.4187.1950.54-61.65--69.95-9.9613.85-42.13/-*//+/*+,/-42.13-13.85*-9.96/-69.95/43.17+-61.65/50.54**+-57.41-36.94
68.8496.1658.458.1741.1438.55-78.78-44.4992.63-13.11/-/*-//*+,/-13.11-92.63/-44.49*-78.78-38.55/41.14/58.17+58.4+96.1668.84
--97.7964.9815.1548.7962.1362.13-86.98-65.6339.36///*+*//+,/39.36--65.63/-86.98*62.13+62.13*48.79/15.15/64.98+-97.7923.61
0.26-55.27-10.8499.3627.27-5.760.4-53.483.2985.55**--+-///,*85.55*3.29--53.48+0.4+-5.76-27.27/99.36/-10.84--55.270.26
87.32-91.6-91.2828.48-6.0193.7813.68-62.9265.48--/*+/*++*,--84.87/65.48*-62.92+13.68/93.78/-6.01+-+-91.28*-91.687.32
25.4989.0927.2-58.3887.18-69.0458.88-17.51-7.2653.21/++++/+-/,+53.21+-7.26+-17.51*58.88+-69.04/87.18+-58.38-27.2/89.0925.49
-77.52-56.5736.01-2.993.14-42.074.7362.148.94-////**//-,/82.49/8.94/62.14/4.73*-42.07*3.14/-/36.01--56.57-77.52
7.7671.72-68.594.9913.42-74.54-40.7491.7973.58-29.61///+*--/+,/-29.61/73.58/91.79+-40.74*-74.54-13.42-4.99/-+71.727.76
25.1723.5519.47-14.0824.8513.746.1545.2711.74-82.57/+-/+++--,/-82.57+11.74-45.27/6.15+13.74+24.85/-14.08-19.47-23.5525.17
-58.0-28.25-11.36-76.6310.696.6582.74-15.35-25.132.04//***--/-,/32.04/-25.1*-15.35*82.74*6.65-10.69--76.63/-11.36--28.25-58.0
-39.4584.96-28.1/+-54.0834.48-22.7642.1533.87*/+*+*--*,/33.87/*+-22.76*34.48+-54.08*-46.04/-84.68--28.1*84.96-39.45
38.15-3.86-44.8-10.96-31.861.16-38.1189.17-28.1752.56-*-/-+*+-,-52.56*-28.17+89.17/-38.11-1.16+-31.86*/+-44.8--3.8638.15
-48.15-90.51-34.79-92.3163.15*-77.27-76.18-56.31-14.79*+//**+-/,*-14.79+-56.31/-76.18--77.27*51.73+63.15+-92.31--34.79/-90.51-48.15
69.2814.26-5.04-46.68-56.18-40.99.34-45.43-38.8-32.56--+/+-+--,--32.56--38.8/-45.43/9.34+-40.9--56.18+-46.68--5.04-14.2669.28
51.57-98.895.7739.7617.6524.9-84.465.020.6644.53/--*-/-*/,/44.53+20.66-65.0--84.4-24.9/17.65-39.76*95.77/-98.851.57
45.8315.9672.34-73.4168.69-76.0926.8--47.4443.62**-*+-+/-,-43.62*-47.44+-57.67*26.8+-76.09-/+-73.41/72.34-15.9645.83
12.53-43.63/-88.63-13.7867.0-39.62-41.14*70.13-**///**-,-70.13***//-39.62/67.0/-13.78*-88.63*-60.28--43.6312.53
/-90.93-52.4840.2982.55-41.3312.9110.7540.91-22.68//-*//++*,/-22.68/40.91-10.75*12.91/-41.33/82.55+*--52.48*-90.9338.26
-49.0791.6822.4-66.5874.06-49.2580.13-89.7716.1360.02*/*+/*/--,*60.02/16.13*-89.77+80.13/-49.25*++-66.58-22.4*91.68-49.07
91.4851.8796.2458.11-18.94-77.6995.97*-77.41-5.47--/+***/*,+-5.47--77.41/9.61+95.97*-77.69*-18.94*58.11/-**91.48
-97.2-19.37-68.5367.0984.95-61.4-34.81-76.5787.0138.01+/*/*/*++,+38.01/**-76.57/-34.81*-61.4/84.95*67.09++--19.37-97.2
48.6128.458.36-5.95-38.4467.0-42.58-81.511.53+---/*+/*-,--57.97/1.53--81.51/-42.58*67.0+//-5.95*58.36-28.448.61
-87.488.2729.4686.83-28.228.1466.05-29.72-44.1422.98-*//-/+/-,-22.98*-44.14/-29.72/--28.14/++86.83/29.46-8.27-87.48
34.6739.98-79.44-7.14-67.67-11.57-74.06-91.5432.31-85.2++-*/+/*+,+-85.2+32.31--91.54*-74.06/-11.57+-67.67/-7.14*-79.44+39.98-
52.36-25.52-38.398.65-16.14-32.53/-68.0515.97-51.78+--*+-**/,+-51.78+15.97--68.05*62.06+---16.14*98.65*-38.3/-25.5252.36
-20.69-54.0588.6550.59-7.79-41.7984.149.3497.4173.79/**-+*-+/,/73.79*97.41*49.34-84.1+-41.79*-7.79-50.59+88.65/-54.05-20.69
-88.839.3836.03-34.0575.3236.5525.4216.9479.69-30.85+*-/+/++*,+-30.85*79.69-+/25.42+36.55/++-34.05*36.03*39.38-88.8
-42.6795.67-95.0971.4818.1240.92-39.31+73.05--/***-+*,-73.05-52.86/-39.31*40.92*18.12*71.48--95.09+95.67+42.674.34
--32.6855.032.2-95.0123.8240.648.64-38.2251.98-**///-**,-51.98*-38.22*48.64/40.6/23.82/--32.2*55.0*-32.6835.68
37.0648.77-22.94-13.395.2199.67--42.7679.0542.75***-/+/+*,*42.75*79.05*-42.76/56.53/99.67+5.21--+-22.94*48.7737.06
62.91-42.74-1.1436.19-64.37-59.18-91.1526.1586.09-14.35/+-*//-+/,/-14.35+86.09-26.15+//-59.18/-64.37-36.19+*/-42.7462.91
98.8883.8961.64-69.46-14.55-78.99-25.8949.46-73.33-34.23**-+*-***,*-34.23*-73.33*49.46*-25.89*-78.99--14.55*-69.46*61.64*83.8998.88
-21.85-45.1996.0443.0759.15-69.5582.11-59.215.84-59.36--**/+//*,--59.36-5.84*-59.21*82.11//+59.15/43.07/96.04*--21.85
86.47-5.3324.9164.01+99.24-47.0920.828.19/-/*//*+-,/8.19-20.82/47.09*5.53/99.24*5.55*64.01+*--5.3386.47
44.0248.93-89.71-62.2-15.7-14.4441.51-67.35-34.19-78.02+/+//++**,+-78.02/-34.19*-67.35/41.51/-14.44+-15.7++*-89.71*48.9344.02
-75.2-37.5298.01-59.16-35.5999.0258.180.1786.6548.61/-*/*/*/+,/+-86.65*80.17/58.1-99.02/-35.59*-59.16/98.01+-37.52-75.2
60.37/71.96-25.34-77.1287.5-10.9148.06-8.3495.31/*+**-+-/,/95.31*-8.34+48.06*-10.91*87.5--77.12+-25.34-71.96/-18.8860.37
58.9630.11-25.3-96.0273.2545.932.1-22.254.1959.57+**---**+,+59.57*4.19*-22.25-32.1-45.9-73.25*-96.02*-25.3/30.1158.96
-37.9-67.1614.8-55.1113.44-52.7983.4151.87-15.0*/-+**+*-+,/-34.37-++51.87*83.41*-52.79+13.44*-55.11+14.8+-67.16-37.9
-94.7883.8420.4-79.0317.05-0.6116.17-15.5468.52-85.03-/-*//--*,--85.03/68.52--15.54*16.17/-0.61/17.05--79.03-20.4*83.84+
/3.7713.0230.41-21.74-53.35-45.56+-67.04-55.82-*-*-+--/,--55.82*-67.04--20.45*-45.56--53.35+-21.74-30.41-*+3.7737.74
47.9717.21-43.419.16-85.7630.01-26.89-85.9284.2551.01*--*/++++,*51.01-84.25--85.92*-26.89/30.01+-85.76+---43.4+17.2147.97
59.57-17.3240.198.8217.13-95.15-58.8692.665.7966.16*-+--+/+-,+66.16-65.79+92.6--58.86--95.15+17.13/98.82+/--17.3259.57
57.89-52.24-45.34-34.9994.53-85.8239.34-74.78-4.26-37.77/++-+++--,/*+-4.26+-74.78-39.34*-85.82+94.53/-34.99--45.34--52.2457.89
-92.1973.139.45+-11.2160.07-60.4-6.895.8230.48/-*/-**++,/30.48-5.82*-6.89/-60.4-60.07*-11.21*-30.28+-+*-92.19
81.2-88.21-84.2-43.2469.7419.58-97.68-89.91-29.345.6///++**--,/45.6/-29.3/-89.91+-97.68/19.58*69.74*---84.2--88.2181.2
57.6799.49-33.22-55.0794.84-48.6516.0549.57-13.488.64-//++/-*/,-88.64/-13.4+49.57+16.05+-48.65+94.84-+*-33.22/99.4957.67
-66.31-14.1342.41-13.47-73.63-75.18-41.36-87.18+-17.93+-+//*///,+-17.93--93.35+-87.18/-41.36/-*-73.63/-13.47/42.41+-14.13-66.31
-48.6858.43-13.2565.89-90.68-36.24-84.42-39.8269.14-37.43*-++*+/+-,*-37.43-69.14+-39.82+-84.42*-36.24--90.68/65.89+-13.25-58.43-48.68
*-53.23-64.2239.31-70.64-20.2565.99/-96.352.83/+-***/--,/2.83+-96.35--80.27*65.99*-20.25*+/39.31--64.22--53.23-27.67
73.44-38.3429.963.4618.146.29-42.69-80.09-33.7123.26//+-+*/*/,/23.26+-33.71+-80.09*-42.69+46.29*18.1/63.46*29.9/-38.34/
-54.59-87.22-93.6524.960.5356.9334.57-14.5659.92-21.55*/++//**-,*-21.55/59.92+-14.56+34.57///60.53*24.9*-93.65--87.22-54.59
-15.54-91.9511.75-27.32-32.1326.47-50.61-11.52-49.6-20.38-+-*/--*/,+-20.38+-49.6/-11.52*-50.61/26.47-*-**11.75/-91.95-15.54
-77.66-19.038.2-81.21-51.6179.77-54.3353.46-8.1942.03/-*--+***,-42.03--8.19*53.46--54.33-79.77+-51.61*-81.21*8.2*/-77.66
-18.07-43.06-56.120.6*-82.2253.8622.4-2.56*/--**-/+-,/-19.66--2.56-22.4/53.86+-82.22--84.13/20.6+-56.1/-43.06-18.07
-52.84-28.2797.22-64.3197.6768.0138.17/38.950.19--*/-*-/*,-50.19-38.9*-77.57/38.17-68.01*97.67-*/97.22*-28.27-52.84
-85.99-82.37-42.4591.1234.72-19.27+-43.93-9.0189.04-+//-+*+*,/89.04+-9.01/-43.93/19.29--19.27+34.72*91.12+-42.45*-82.37/
12.3596.6570.5125.9789.61-59.87-16.4-58.77-64.42-15.88*++-*--//,*-15.88*-64.42+-58.77--16.4*-59.87-89.61-25.97/70.51/96.6512.35
-98.5/-94.92-11.66-35.6763.3754.64-54.1994.8589.84++**-/+--,+89.84+94.85*-54.19*54.64-63.37/-35.67++-/-18.31-98.5
84.72-11.962.36-3.67-3.6-57.1330.45-44.01-93.29*++*-*-*-*,+35.79+/*-44.01*30.45/-57.13--3.6+-3.67-62.36*-11.984.72
-16.2639.11-83.560.37-42.59-17.7927.26-85.5-48.11/*-*/----,/-48.11*-85.5-27.26*17.79/-9.47*-42.59-60.37--83.5-39.11-16.26
2.2287.86-87.6-74.88-5.0619.69-97.88-23.28-35.27*+/*+/-*-/,+52.31+-35.27*++-/19.69--5.06*-74.88--87.6/87.862.22
25.5455.7150.6-7.73-25.15-83.591.99-12.29-70.74-80.64**+*+/*++,*-80.64*-70.74+-12.29*1.99*-83.59/-25.15*-7.73+50.6+55.7125.54
-70.53-36.81-91.39-54.97-0.51-55.57-98.93/6.75-6.55+/***+*-+,+-6.55/6.75-20.85*-98.93*-55.57+-0.51*-54.97--91.39+-36.81-70.53
-64.69-46.85-88.93-66.9333.6568.6525.29-48.3845.98-83.77+/*-++/*/,--83.77/45.98*-48.38-25.29-68.65-33.65/-66.93*-88.93/-46.85-64.69
-16.5333.7276.7323.6-57.03-67.67-28.2-81.9632.286.75---*/-///,/+-32.28--81.96--28.2/-67.67--57.03-23.6/76.73/33.72-16.53
93.940.64/-44.68-19.4547.56-33.18-90.22-56.4488.97/*++*/--/,/88.97*-56.44*-90.22+-33.18///-19.45--44.68--94.13/0.6493.94
-72.57-75.1460.877.4867.93-21.49-33.43+-50.4457.51**-+*-/-+,*57.51*-50.44*48.93*-33.43*-21.49-67.93/7.48-60.87+-75.14-72.57
-59.05-35.4452.95-69.15-34.74-59.0924.04-34.1829.5762.25--+++/-/*,-62.25-29.57+-34.18+24.04*-59.09/-34.74--69.15-52.95*-35.44-59.05
-72.77-69.6221.2116.37-75.3-44.9872.40.31-64.29-12.51/-++-*+--,/-12.51--64.29+0.31+72.4--44.98*-75.3-16.37-21.21--69.62-72.77
-63.0372.15-45.7758.8152.17-13.1141.13-62.61-48.57-6.55*+//+/+*-,*-6.55+-48.57/-62.61/41.13+-13.11/52.17-58.81*-45.77-72.15-63.03
-26.7-81.0391.6853.9331.58-61.7878.362.8212.98-/-/////+,-12.98/2.82-78.36/*/31.58/53.93/*/-81.03+26.7-3.44
-62.66-65.2964.4729.06-73.73-36.7660.0555.43*-61.74+/+*++*+/,+//-47.4+55.43*60.05+-36.76+-73.73*-+64.47/-65.29-62.66
-17.65-9.6-4.66-92.31-10.54-82.85-61.575.31-12.45-29.68//-+***/*,/-29.68/-12.45-5.31+-61.57*-82.85*-10.54*-92.31//*-9.6-17.65
-6.1374.4963.38-26.5682.241.4267.9943.97-1.2557.19/+**++++-,/++-1.25*43.97*67.99+1.42+82.24+-26.56+63.38-74.49-6.13
78.3881.11+-17.175.4879.54-15.65-71.690.430.11+*-+/+/+*,+0.11*0.43--71.69+-15.65/79.54/*/-17.17+-68.65*81.1178.38
-2.3557.54-22.09-77.71-45.24-41.6-92.25-66.24-16.862.24//**++***,+2.24/-16.86*-66.24+-92.25+-41.6+-45.24*-77.71*-22.09*57.54-2.35
-96.8-99.076.3129.8286.8197.0-31.4225.3880.01-23.97/*/*+*/*/,/-23.97*80.01/25.38*-31.42+97.0*86.81/29.82**+-99.0-96.8
+-42.0820.411.3441.15-64.0694.5555.99-26.83*///*-+/*,*26.83/-45.71/55.99/94.55*-64.06-++11.34/20.4*-42.0856.95
/-3.78-31.82-72.6127.05-73.7279.3217.2335.88-68.33*/+-++/-+,*-68.33*35.88+17.23-79.32+-73.72+27.05/-72.61--31.82+-3.78-
96.24-30.35+-67.92-25.979.04-88.6491.892.77-36.48+-+/++/*+,+-36.48-92.77+91.8/-88.64++--25.9/-67.92*-34.04+-30.3596.24
-5.14-2.18-35.78-79.8366.3565.7-46.6372.727.3-9.98*--+/*/+/,*+-27.3-72.7+-46.63-65.7**/-79.83+-35.78/-2.18/
-87.07-37.53-10.73--75.772.8762.57-33.41-49.9774.04-//-+/-*+,-74.04/*/-33.41-62.57+2.87/-75.77--14.54*-10.73+-37.53-87.07
*-13.86-45.1588.16-87.0263.63-25.9-72.5539.7929.67*-*-/+-/*,*29.67-39.79*-72.55/+/63.63+-87.02-88.16/-45.15**-11.64
-64.03-3.02-56.63-61.1812.16/*92.2470.7362.87/+*-*-*--,/62.87+70.73+92.24-81.78*-35.95-12.16*-61.18--56.63--3.02-64.03
-81.38-93.8572.21*/-47.13-93.437.1328.38***+----+,*28.38*37.13*-93.4+47.13--70.17--13.66--98.9-72.21+-93.85-81.38
-5.97-62.712.0772.082.34-96.7895.71/-19.03-27.54-+//-++*/,--27.54+-19.03/23.12/95.71--96.78+2.34+72.08*2.07/-62.71-5.97
-27.05.35-27.03-86.0777.71-30.9273.72-41.2-32.7182.82*-/-+/++-,*82.82--32.71+-41.2-73.72+-30.92/77.71+-86.07+-27.03-5.35-27.0
-93.55-86.8-10.99*-62.1-62.4680.8228.1294.5690.71*-+*/-+-/,-90.71-94.56+28.12*80.82/-62.46-++97.64--10.99/-86.8-93.55
90.75+-74.2280.73-20.8740.39*-47.7710.25-26.39*++//+*/-,*-26.39/10.25+-47.77/-97.36/40.39*-20.87*80.73/-74.22-2.1790.75
26.19-25.8-58.0294.23-32.25-48.8416.3312.55+/-**/--/-+,-64.24*26.28*//16.33--48.84--32.25/94.23--58.02+-25.826.19
8.9419.5626.5185.9613.9562.072.8256.6847.5549.87+//---*+/,/49.87/47.55/56.68*72.82-+-13.95*85.96+26.51/19.56-
-8.5330.1471.3955.03-43.27-15.12-94.32-18.5378.080.6-*-*+*//*,-**78.0--18.53*-94.32+-15.12--/55.03/71.39*30.14-8.53
-47.98-20.4-10.16-74.840.36-84.61-48.55-40.4-37.83-36.11-+--*--*-,--36.11+-37.83--40.4*-48.55*-84.61-0.36--74.84*-10.16*-20.4/
44.2746.13-12.536.34-27.0438.69+-75.9691.9873.71//-+/+**/,/73.71/91.98--75.96+51.77/38.69+-27.04*36.34*-12.5+46.1344.27
-24.8688.2760.29-5.527.43-17.64+-44.4342.79-40.33/-/-+/*--,/-40.33-42.79/*-97.82/-17.64/27.43*-5.5-60.29-88.27-24.86
70.2-87.62-65.48-17.122.1369.62-57.05*-69.03-79.78-*//**++*,--79.78*-69.03+-39.89/-57.05*69.62*2.13+-17.12+-65.48*-87.6270.2
-91.2943.9989.27-9.1636.5359.0513.83-36.17-70.88-96.89/+-**/+//,/-96.89+-70.88--36.17+13.83*59.05/36.53+-/89.27/43.99-91.29
-35.4190.18-70.48-39.5172.25-8.1540.1289.2545.8*-/-*-****,-//45.8-89.25*40.12--8.15*72.25*-39.51*-70.48*90.18-35.41
22.6154.584.28*-57.58-67.7-60.6383.59+//*-+//*++,/-21.46*-58.66-83.59+-60.63/-67.7/-57.58*-25.44+/+54.522.61
8.8677.22-77.39-6.33*-51.6873.04+-2.65-19.94+////***-,+-19.94/-2.65/-93.48/73.04/-51.68*57.86*-6.33*/-77.228.86
-8.515.447.51-70.93-50.6437.3830.94-41.7566.48-91.41---+-+*+-,--91.41-66.48*-41.75+30.94-37.38+-50.64*-70.93/7.51-15.44-8.5
29.9128.08-3.4337.37-9.35-99.6615.671.7985.1565.77//*/-+*/+,+65.77/85.15*71.79/15.6-++-9.35*37.37*-3.43+28.0829.91
3.46-91.81-86.454.0342.32-74.32/*76.05-47.79-*-*-**/-,*-47.79*76.05-76.59++--74.32*42.32*54.03/-86.4--91.813.46
-85.0863.53-2.57-95.97-33.7+-42.79/-31.6756.92/-*-+*---,/56.92--31.67*-91.13--42.79+-86.25*-33.7--95.97--2.57/63.53-85.08
-45.561.8-93.1/-14.45-88.835.5**73.23--*+*-+*-,-73.23-23.82--84.39+35.5*-88.8--14.45+-22.7*-93.1-61.8-45.5
20.47-95.55-38.56-37.495.57-79.8864.44-68.522.7711.53/-+/-///+,/+-2.77+-68.52/64.44--79.88/95.57/-37.4/-38.56+-95.5520.47
-98.67-83.4499.6939.05-81.8938.5267.591.58-34.2149.98--**+/*/*,-+--34.21/1.58*67.59+38.52/-81.89/39.05+99.69*-83.44-98.67
81.58-45.9698.0611.19-43.644.9-91.4318.52-3.1551.94/*/-/+**/,/51.94*-3.15/18.52--91.43/4.9+-43.64*11.19*98.06/-45.9681.58
56.1-92.23-84.97-18.9558.99-60.0525.34-56.2333.1490.75//-/++-*/,-90.75/33.14--56.23/25.34+-60.05+58.99--18.95*-84.97/-92.23/
33.0441.54-57.76-58.03-3.4196.3414.9549.27-30.82-33.76+++++**//,+-33.76+-30.82+49.27+-+96.34*-3.41-*/-57.76/41.5433.04
45.846.48-50.8736.789.0185.41-84.0226.8727.283.03*+//*/**/,+3.03+27.28/26.87/-84.02*85.41*89.01*36.7*-50.87+46.4845.8
8.22-80.78-76.76-7.02-89.14-41.49-32.2189.6160.477.36+--/**--+,+77.36-+-89.61/-32.21*-41.49*-89.14--7.02--76.76+-80.78-
82.0516.3663.1958.6139.29-4.6256.89-5.4*51.11//--+/+//,/51.11/-43.8--5.4-56.89+-4.62/39.29+58.61/63.19/16.36+
-25.9787.03-59.2343.66-7.7324.6719.6143.01-90.2764.4++-/+*+//,/64.4+-90.27-43.01*19.61+24.67*++43.66/-59.23/87.03-25.97
-48.0674.0823.5432.1770.59-41.38-20.3790.94-32.01-80.13--**---//,/-80.13--32.01/90.94*-20.37--41.38-70.59-32.17+23.54/74.08+
93.7254.7-78.18-63.6855.94*-14.7563.561.43-9.26+/+*-/-++,+/-61.43+63.5*-14.75--71.9/55.94--63.68+-78.18+54.793.72
97.95-22.5921.3194.77-4.52-54.1795.53--2.8944.1**/*///*+,*44.1*-2.89/-90.2*95.53/-54.17/-4.52/94.77+21.31++97.95
-26.9491.1888.75*-90.07-61.54-66.05-58.480.26///-/+-/-,/0.26/-58.48/-66.05-61.54/-32.46+-90.07**+88.75-91.18-26.94
96.62-76.85+-6.489.44-22.7527.0746.4-22.63-70.35-/+*//--+,--70.35/-22.63+46.4*27.07/-22.75/9.44+-6.48-76.47/-76.8596.62
77.278.27-29.25-62.7157.65-97.69-*-37.25-1.73+*-++/+/-,+-1.73--37.25-++-69.24+-97.69/57.65+-62.71/-29.25-78.2777.2
-32.7321.6696.23/-97.15-32.25-42.2180.49.92-60.78-/+-++-+-,--60.78/9.92+80.4--42.21+-32.25+-97.15-*+96.23-21.66-32.73
-26.16-59.85-26.6979.27-18.0-69.8937.2630.7319.0-38.16--/*+-+-/,*-38.16+19.0/30.73*37.26+-69.89--18.0+79.27--26.69/-59.85-26.16
-63.97-3.98-54.7361.1385.6142.2832.19/-31.0980.08/**-*+*++,/80.08*-31.09+-94.95-32.19/42.28*85.61*61.13+-54.73+-3.98-63.97
-91.46-74.28-22.18-21.4643.3832.5+50.1367.9562.28-*-+++*--,-62.28*67.95-50.13+-67.77/32.5+43.38*-*-22.18--74.28-91.46
74.52-93.6-62.1416.4250.057.32-87.2590.9463.77-91.43+*-+//+++,+-91.43*63.77-90.94+-87.25/57.32/50.0+16.42+-62.14+/74.52
13.3951.89-86.14-27.84-55.89-95.1225.0392.0723.72-60.06*+//+//++,*-60.06*23.72/92.07/25.03+-95.12/-55.89/-27.84+-86.14+51.8913.39
-55.68-39.5-47.16-2.59--22.4864.8193.89-89.0178.24--+//-/-*,-78.24--89.01+93.89/64.81/-22.48--87.08/-2.59--47.16*-39.5-55.68
-45.7223.3890.84-4.31-28.7159.09-12.84----*///*//,-69.94-47.06*12.84/+/59.09/-28.71*-4.31/90.84/23.38-45.72
-21.67-38.2-78.79*1.3495.38-55.8353.7599.1129.18-+**---/-,-29.18+99.11*53.75*-55.83-95.38-1.34-60.54/-78.79--38.2-21.67
5.7264.36-9.7118.99-52.2263.5619.9697.16-96.14-56.96+*+//-*--,+-56.96*-96.14+97.16/19.96/63.56--52.22*18.99--9.71-64.365.72
15.24-43.0529.93-94.53-73.444.2332.0472.0522.07-4.95/-+*+-/++,/-4.95-22.07+72.05*32.04+44.23--73.4/-94.53/29.93--43.0515.24
-8.26-12.6320.1572.13-51.45-1.1493.12-89.22-39.85-46.52*/*+*--*+,*-46.52/-39.85*-89.22+93.12*-1.14---72.13**+-12.63-8.26
52.17-38.29-94.97-83.5176.2798.6851.02++-83.7+*+/+**-*,+-83.7*2.82*78.49//+98.68*76.27*-83.51--94.97*-38.2952.17
-64.2965.6684.4955.3415.37-4.68+-5.67-38.921.27+/++//*+*,-21.27/-38.9+-5.67+86.45/-4.68/15.37*55.34+84.49*65.66-64.29
-88.6764.39-20.88-96.0876.56/-36.59-88.290.91/-/+-//-/,//--88.29/-36.59+20.37-76.56/96.08/26.0--20.88/64.39-88.67
-99.13-31.595.23-69.31-74.97-24.15+-11.5455.327.64-/--**-+/,-27.64/55.3--11.54-53.58*-24.15*-74.97--69.31+95.23/-31.5-99.13
-44.22+28.79-81.64-19.87-15.7529.05-90.13-36.22-88.16**--*--+-,/+*-36.22--90.13-29.05*-15.75--19.87--81.64/28.79-61.21-44.22
/-71.2575.41-1.9962.03-16.94-32.68-40.8337.22-52.86+++///+/-,+-52.86+37.22+-40.83/-32.68/-16.94/62.03+-1.99/75.41--71.2599.45
41.55-23.65-55.3830.66-92.87-28.82-70.1531.9-97.0981.02+++/+//-/,+81.02+-97.09+31.9/-70.15+-28.82*-92.87/--*/-23.6541.55
15.3419.29-8.0318.16-41.5990.22-63.64-13.03-72.142.67+--/++-+*,-42.67--72.1--13.03/-63.64+90.22+--18.16+-8.03*19.2915.34
*/-61.592.65-80.7811.99-98.1128.53-25.91--//-+/-+*,--/-25.91/28.53--98.11+11.99/+-2.65+-61.59*48.43-47.68
2.89-53.59-28.85-73.02+62.5-32.4688.36-27.86*///*-+//,*-27.86/88.36/+/62.5*-41.9--73.02+-28.85/53.59/*2.89
69.0582.92-36.56-88.3386.535.2*--2.2411.51-/-*//**+,-*/-2.24--33.98*-79.58/5.2/86.53+-88.33*-36.56+82.9269.05
-14.62-78.08-65.66-97.6863.88-58.5965.8925.33-80.1677.87*++++//++,*77.87+-80.16+25.33+65.89+-58.59/63.88/-97.68+++-78.08-14.62
-41.93+-24.2934.66-64.195.64-33.082.52/2.91++/*/+/++,+2.91+-74.34/2.52*//95.64+-64.1/34.66+-24.29+-43.76-41.93
-54.093.0818.3944.49-22.14-78.6627.47-11.79*-92.44-+//**--*,--92.44+-37.61/-11.79//*-78.66*-22.14-44.49-18.39*3.08-54.09
-73.11-3.87*-65.0770.4439.215.554.488.1665.66-++-+++*-,-65.66+8.16+54.48-5.5+39.21+70.44+-65.07*---3.87-73.11
-21.69/68.18-22.092.5515.4883.1176.318.97-2.62/-/*---*-,/-2.62*18.97/76.3*83.11-15.48-92.55-**68.18-++
78.658.3965.6895.4827.46-26.72*66.27-22.57-26.79+*+-**+*-,+/*-22.57+66.27-41.75*-26.72*27.46+95.48*65.68-8.39*
44.078.24-99.9939.47-72.61-66.16-36.94-52.41/87.55+--**//-*,+87.55-19.62--52.41*-36.94*//-72.61/39.47--99.99*8.2444.07
-96.8-12.84-87.7994.78-41.03-94.59-39.23-0.83-27.43-85.98*/*/--*--,*-85.98/-27.43*-0.83--39.23--94.59--41.03-94.78--87.79--12.84-96.8
33.12-39.7550.09-3.4511.8-17.01-94.0-28.18-13.02-14.25//**/*/-/,/-14.25/-13.02*-28.18*-94.0/-17.01*11.8/-3.45-50.09/-39.7533.12
68.51-55.7198.76-20.36/55.5-51.927.876.27-37.85/*///-+-+,*-37.85*6.27/7.87/-51.92/55.5-82.62+-20.36/98.76+-55.7168.51
-72.71-45.95-19.0230.17-46.2211.39-39.17-2.4870.9147.77-*-+-*-//,-47.77*70.91//+-39.17-11.39*-46.22-30.17/-19.02/-45.95-72.71
-24.3559.6579.1-89.7486.61-3.12-12.6821.4642.2-64.81--*//-/*/,--64.81-42.2*21.46/-12.68--3.12-86.61/-89.74*79.1/59.65-24.35
-31.82-14.37--91.94-57.24-68.32-63.74-89.9791.95-97.47-*+//+/*-,--97.47*91.95+-89.97*-63.74/-68.32+-57.24/-91.94*-97.68--14.37-31.82
-40.82-36.38-66.74-2.46*50.69-80.7132.96-43.3335.39/*+/-///+,/35.39*-43.33+32.96--80.71-50.69-75.4/-2.46*-66.74+-36.38-40.82
52.86-72.94+-47.18-96.714.74-3.4316.05-26.2-17.52/+/+/+/++,/-17.52+-26.2*16.05+-3.43+14.74+-96.7/-47.18+-+-72.9452.86
60.91-63.55--70.93-47.5391.78-75.73-96.9682.85-9.73**/--*/-+,*-9.73*82.85/-96.96--75.73-91.78*-47.53/-70.93-++-63.5560.91
-8.8763.37--39.9910.93+-14.56-70.3980.496.52/+--*/-/-,/96.52+80.4--70.39--14.56*23.95/10.93--39.99/74.51-/-8.87
51.866.1261.7144.3473.61+-92.7181.71-3.3779.66*--+/*-+*,*79.66-+-81.71+-92.71/-53.35*73.61-44.34+61.71*//
-7.5594.9199.5399.6338.01-68.14-59.634.3991.72/**/--+///,*-86.18*91.72/4.39--59.63--68.14+38.01/99.63/99.53/*-7.55
-35.6-24.9751.3478.7366.35-39.94-14.2790.66-71.58--/+*/++/,--71.58+90.66/*+39.94*32.61/66.35*78.73+*/-24.97-35.6
49.85-42.8824.1911.32-51.231.94-18.2783.8429.29-14.52++*/*+++/,+-14.52+29.29*83.84*-18.27*-+-51.23+11.32+---42.8849.85
61.8723.6126.7360.7565.65-39.2164.8395.37-82.85-17.27+**-/+/*+,/-17.27*-82.85*95.37/64.83/-39.21+65.65/60.75+26.73+23.6161.87
54.52-39.72-37.1972.973.30.4512.98-63.86-15.8270.49+-/*--*-/,+70.49--15.82//+12.98-0.45--*72.97--37.19/-39.7254.52
83.8870.5254.32-98.8929.4867.03-55.29-28.52--29.56-+/+/-*++,--29.56+11.89/-28.52+-55.29/67.03-29.48*-98.89+54.32++83.88
*-21.7824.5457.32-50.96-19.5721.9357.9434.89-18.81*-*/+++*-,**-34.89/57.94/21.93+-19.57+-50.96+57.32*24.54--21.78-58.26
-3.35--97.1-92.15*42.5-6.9-23.273.8742.11--+-+--*+,-42.11-73.87+-23.2--6.9+42.5-99.25--92.15*/+20.81-3.35
83.29-63.95-12.2130.0275.95-93.959.615.27-10.09/*+-+-+/-,/-10.09*5.27+59.61--93.9+75.95-30.02+-12.21/63.95-15.98+
-7.43-89.2585.91-72.2322.4287.2834.1284.0311.586.96/+//++**/,*86.96+11.5+84.03/34.12+87.28+22.42*-72.23*85.91/-89.25*
-69.5670.6523.8826.33-83.55-29.0626.46-21.69-91.11-44.33++-**++++,+-44.33+-91.11--21.69*26.46*-29.06+-83.55+26.33+23.88+70.65-69.56
-16.5812.06-97.8387.94-51.790.26-70.2537.11-85.5773.58/**-++***,/73.58--85.57*37.11--70.25+0.26+-51.79*87.94*-97.83*12.06-16.58
+-6.0713.1-44.12-89.99-84.3567.03-49.9131.4447.55***+++-**,*47.55*31.44*-49.91+67.03+-84.35--89.99--44.12*13.1*-6.0756.28
-84.630.9187.84-31.6618.4986.1-55.7184.77-7.79+*-+*/*/+,+-7.79*84.77--55.71***18.49/31.66*-43.61/87.84+0.91-84.63
20.42-41.63-1.28-84.8684.316.0986.58-16.9346.1166.37/-/+///--,/66.37-46.11/-16.93+86.58/6.09/84.31/-84.86--1.28--41.6320.42
98.84-95.2766.72-97.25-51.11-27.81--13.98-7.06-54.11-*/+-/-+/,--54.11*-7.06*-13.98+65.33--27.81/-51.11--97.25+66.72/-95.2798.84
-59.3160.77-68.8891.4183.88-36.035.65-15.73-89.52-88.04-*--/-+*+,--88.04*-89.52*/-5.65/-36.03-83.88+91.41*-68.88/60.77-59.31
-19.0466.6594.0121.5376.67-69.63-31.1719.4-71.27*-//+-+--,*---23.49/19.4/-31.17+-69.63-76.67*21.53-94.01-66.65-19.04
91.57-36.556.05-19.8-10.4647.2962.912.9531.4136.66+*/+-*-+*,+36.66*31.41/12.95+62.9*47.29*-10.46--19.8*6.05*-36.5591.57
84.09--55.2766.93-41.76-71.2456.55-46.97-37.72-60.77/-*-//+**,/-60.77--37.72*-46.97-56.55/-71.24/-41.76+*--55.27*-36.4184.09
-65.4213.653.59-18.0937.6-14.79-30.97-84.8-19.89-34.5**++++-*/,*-34.5*-19.89+-84.8+-30.97++/37.6--18.09*3.59/13.65-65.42
81.6959.9264.29-12.98-88.6286.9429.76-51.2118.35-95.99+////*-**,+-95.99/+/-51.21*29.76/86.94+-88.62*-12.98*64.29*59.9281.69
46.1175.82-78.01-87.1613.85*-59.7520.96-88.49+/+-/**/+,+-88.49/*+59.75-15.8/8.64***-87.16/-78.01+75.8246.11
65.64-46.2973.5619.922.32-73.4148.53-77.06-27.128.87/-++/*-+/,/28.87*-27.1+-77.06+48.53/-73.41*2.32-19.92+73.56/-46.2965.64
3.3629.66-56.81-27.3893.7350.16-83.7561.77*36.53/+/*--++*,/36.53*-41.35/61.77*-83.75-50.16-93.73/-27.38+-56.81+29.663.36
40.4844.61-75.2872.11+-91.6320.279.7138.94-1.91*+/---/-*,*-1.91+38.94/79.71-20.2--91.63-25.98/72.11--75.28-44.6140.48
3.5168.32-63.14-46.04-19.5-56.89-74.67-23.64-55.33-24.45/---/*+/*,--24.45--55.33--23.64--74.67/-56.89*++-46.04//*68.323.51
57.6599.93-19.5498.43-27.9558.3+97.9719.1732.51+-*+**++-,+32.51-19.17*97.97+99.89*/*-27.95+98.43/-19.54-99.9357.65
*90.3163.835.23-42.51-24.1941.49-67.7583.27*---*+-*+,*83.27--67.75-41.49-/*60.92+-42.51--*63.8+90.31-10.9
-20.96-17.95-26.2263.2364.5332.752.86-79.386.11-2.58++-+*+-//,+-2.58+6.11-**2.86*32.75+64.53-63.23/-26.22/-17.95-20.96
32.12/69.0549.5420.68-4.6457.57-67.38-95.73-99.61**-/*+-+-,*-99.61*-95.73--67.38/57.57*-4.64+20.68-49.54+69.05*90.98/
-30.46-45.2649.4341.4676.73*-34.85-26.8763.33///-/++/+,/63.33/-26.87/34.85--94.95/-31.59+76.73+41.46/49.43+-45.26+
13.39-31.41-27.97-87.419.15-81.24-17.63-25.941.3-60.82**//*+*/+,*-60.82-1.3/-25.94/-17.63*-81.24+9.15--87.41/-27.97+-31.4113.39
+14.3989.57-14.01-19.35-83.2850.6654.82*79.2/+/+*//-/,/79.2*-39.94/54.82+50.66*-83.28/-19.35/-14.01+89.57/14.3970.99
-4.61-47.36+-90.84-76.927.04-10.4940.4114.6***/-*-**,*14.6*40.41+-10.49/7.04--76.92*90.84--64.84*2.73*-47.36-4.61
6.6343.0236.52-13.3615.0839.4943.76/-57.4711.23-*/-**/--,-11.23*-57.47/81.85-43.76*39.49*15.08/-13.36-36.52-43.026.63
2.3251.6610.5937.3447.1599.0369.6340.08-99.8166.43//+---++*,/66.43/-99.81+40.08-*-99.03-47.15+37.34+10.59*51.662.32
-38.4524.22-31.19-6.27-92.440.39*26.65-31.39-0.93+-*////-*,+-0.93--*26.65*97.43/0.39/-92.44/-6.27--31.19*24.22-38.45
11.3835.53-23.6-97.35-34.1-31.2393.8830.7944.5-76.67+--+-+++/,+-76.67-44.5-30.79+93.88--31.23+-34.1+-97.35+-23.6/35.53/
31.392.9830.7914.1260.0956.6768.2556.8+38.12-/++/-*--,-38.12/0.53+56.8*+/56.67-60.09*14.12-30.79*2.9831.39
-37.4293.6573.74-68.92-32.5850.3340.53-8.9250.270.45*-*+-++-*,*70.45-50.2*-8.92+40.53-50.33+-32.58+-68.92-73.74*93.65-37.42
+74.56-58.85-74.38-90.67-46.4411.5379.46-60.899.89//*-/**+/,/99.89+-60.8*79.46-11.53/-46.44*-90.67*-74.38+-58.85/74.56-83.27
-54.3-71.5551.18--90.53-98.0-38.48-94.78-38.73-4.0*-++*-/-/,*-4.0--38.73+-94.78+-38.48*-98.0--90.53/34.94-51.18/-71.55-54.3
*68.73-2.98-9.36*90.8321.5473.46-14.6926.24**/+-+/*/,*26.24*-14.69/73.46+21.54-90.83-71.41/-9.36/*/68.7394.69
-48.7245.659.36-68.25-55.15-90.2563.28-93.38-57.0-46.52***-+-+-+,*-46.52*-57.0*-93.38-63.28++--55.15--68.25*59.36++-48.72
-44.2110.85-3.7341.8224.26-17.59-68.87-76.89-72.73---/***//,--72.73--76.89-*/17.59*12.77*24.26*41.82///10.85-44.21
-60.5933.371.9759.815.92-15.8676.75-99.26-98.6143.76--*-****/,-43.76--98.61*-99.26-76.75*-15.86*15.92++*71.97/--60.59
85.9166.63-57.6-48.99-4.8930.9758.2258.6614.6781.69*/**+-//-,*81.69/14.67+58.66*58.22+30.97--4.89/-48.99/-57.6-66.6385.91
70.43-13.2280.322.7980.85-7.93-79.79-67.19-56.0397.19//+-+*+-+,/97.19/-56.03+-67.19--79.79+-7.93*80.85+22.79/80.3+-13.2270.43
-13.7-14.13-44.4347.7196.2895.3622.4717.3438.5329.08/*/+-/+**,/29.08*38.53/17.34+22.47-95.36/*+47.71+-44.43*-14.13-13.7
-47.91-35.7860.51-85.1651.0861.41*86.09-37.918.4-/*---**+,-18.4/-37.9*86.09--5.02-/-51.08*-85.16-60.51+-35.78-47.91
89.3936.58+-16.9473.05-88.1338.763.89-88.42/*-//++*+,/88.42*71.98-3.89/38.76/-88.13//+**-92.83+36.5889.39
71.4583.9953.9927.5313.49-32.443.4920.78-95.0337.88-/+*/++--,/37.88//+20.78*3.49/-32.44+13.49+27.53-53.99-83.9971.45
1.8563.6-8.1159.48-65.7819.41-31.19-41.1593.060.39/-/+*-+-/,/0.39-93.06/-41.15+-31.19/19.41--65.78+59.48--8.11/63.6/
-70.7274.81-37.5-61.3-41.551.5849.5158.1--80.02+++-/*-++,+-80.02+69.72+58.1-49.51-51.58--41.5--61.3+-37.5+74.81-70.72
-89.96-32.87-99.39-84.3654.8375.2279.01-98.492.162.55/+*/**+-/,/62.55+92.1--98.4*79.01*75.22*54.83+-84.36--99.39/-32.87-89.96
-87.54+30.3441.0447.46-72.5759.77-25.2996.9563.24/*+/+-/*-,/63.24*96.95+-25.29/++-72.57-47.46/41.04*30.34+65.8*
91.3132.94+29.81-49.27-64.6212.332.82-1.1970.62--/++--/+,-70.62-+/32.82*12.3+-64.62--49.27-29.81/20.33+32.9491.31
-96.1742.67-74.6334.63-57.721.7738.879.8649.97-45.58+*-*+*+/-,+-45.58*49.97-79.86-38.8+-*-57.72+34.63/-74.63-42.67-96.17
-10.39-55.99-57.8519.36/6.581.0912.653.3861.01++/++--//,+61.01+3.38/12.65+81.09+6.5+-45.06-19.36--57.85/-55.99-10.39
72.7457.92-94.7127.79-25.2688.22-1.6274.819.21-2.83***/-+++/,*-2.83*9.21*74.81/-1.62-88.22+-25.26/27.79*-94.71/57.9272.74
-2.46-4.75-57.4738.2862.17-5.55/-44.41-98.1996.92+*/*//++/,+96.92*-98.19/-*-74.6/-5.55/62.17/38.28+-57.47/-4.75-2.46
62.44-19.42-57.32-22.453.155.246.0976.8143.31/+++-*-*-,/43.31+76.81/46.09+5.2-/*-22.4--57.32*19.42--33.1*
/-7.15-36.31-52.8456.1-90.0938.31-66.6396.92**-*/++/--,*-53.68-96.92*-66.63/38.31+-90.09+56.1/-52.84--36.31--7.1580.97
-67.4116.89-47.8925.91-52.788.0326.87-98.86-20.07-17.58//**/++++,*-17.58/-20.07*-98.86-26.87/88.03+-52.7+25.91+++16.89-
-43.9487.86-61.94-17.52-4.5527.43-94.02-68.13*-8.88++//+-+/*,+-8.88+-75.87/-68.13+-94.02+27.43--4.55--17.52/-61.94*87.86-43.94
-10.22-29.9590.44-6.5353.212.75-28.7*-38.55//++**/+/-,/-75.44+-38.55+52.12--28.7*2.75/53.21+-6.53/90.44--29.95/
-1.0272.53-2.7810.446.3411.5331.69+-49.4-53.54*+-+//--/,*-53.54+-49.4-99.72+31.69/11.53/6.34-10.44--/*-1.02
49.7674.37-6.35-21.19-48.1228.0978.8220.68-97.0187.25/+/***--*,/87.25+-97.01/20.68*78.82*28.09/-48.12-/--6.35*74.3749.76
-27.52/+-87.2821.28-46.3546.4110.86-76.1145.56**/*//-*+,*45.56*-76.11*10.86+46.41/-46.35/21.28--87.28*-29.26+-16.31-27.52
-82.8718.4861.62-34.23-85.24-35.82-4.2988.91-84.9897.73-/***/--/,-97.73/-84.98*88.91*-4.29+-35.82/-85.24--34.23-61.62/18.48-
-99.72-28.7-53.45-14.62-75.3684.7226.7392.75-2.49-63.38/+///-***,+-63.38+-/92.75/26.73/84.72*-75.36*-14.62*-53.45*-28.7-99.72
-70.54-85.03-5.08+62.8959.1654.622.94-90.25-10.99-//+*+**/,--10.99/-90.25/22.94+54.6*59.16+62.89*-26.25/-5.08--85.03-70.54
-84.6-23.07-57.83*93.65-74.0151.89-88.7225.0475.43+-***----,+75.43-25.04*-88.72*51.89*+-93.65*-53.51--57.83*-23.07-84.6
71.19-15.7575.85-45.6-26.3353.74-57.93-6.1813.5+-+/+//***,-66.46/13.5/-6.18--57.93/53.74/-26.33*-45.6*75.85*-15.7571.19
+94.19-90.9641.2616.05-74.5847.1133.486.3224.69**///*+*-,-24.69*6.32/33.48/47.11--74.58*16.05+41.26*-90.96-94.1984.03
97.0748.28-60.76*-82.27-51.11--61.3896.0899.81+*+/---/-,+99.81*96.08+-61.38/0.6--51.11--82.27/80.34/-60.76-48.2897.07
-8.65-26.81-50.96-59.8675.930.818.1-64.88+10.78--/-+++++,-10.78+-70.97/-64.88-8.1+0.81+75.93+-59.86*-50.96+-26.81-8.65
41.66-5.4**24.92-43.9794.098.09-7.26-38.81*//*---//,*-38.81/-7.26/98.09*94.0--43.97-24.92-45.82/5.4/-5.441.66
-11.352.8118.06--19.96--98.64-52.48-58.582.96-+-++-*-*,//+-58.58--52.48+/+14.98--*25.14-18.06*52.81-11.3
/34.15-18.4262.58-87.3188.0981.53-34.14-99.7860.18+*-/+*+++,+60.18/-99.78--34.14/81.53+88.09/-87.31+62.58+-18.42+34.1571.4
64.33-60.0-83.62-9.05-1.7559.1584.6622.6795.19---/+//**,-95.19-22.67-84.66/59.15+1.75/-31.38/**-83.62*-60.064.33
-/-40.0176.2-27.9950.8549.4520.5-84.9990.0+//***+-/,+90.0/-84.99/20.5-49.45*50.85*-27.99+76.2--40.01/81.57-6.6
-79.36*-48.1268.92-21.0980.59-40.6286.71-80.4820.99+/+/++-*-,+20.99+-80.48+86.71/-40.62+80.59+-21.09-68.92*-48.12--90.85-79.36
-73.2450.63-33.4-22.5194.1776.3536.56-20.17-7.7565.79-+**+*/*/,-65.79+-7.75*-20.17*36.56+76.35*94.17/-22.51*-33.4/50.63-73.24
-89.5634.7-9.43-15.28-52.16-54.84-42.75/8.78-77.37+/++*-/-+,+-77.37/8.78+-73.63+-42.75*-54.84+-52.16/-15.28*-9.43+*-89.56
41.76-39.6-90.59-8.3989.55/79.09-34.93-58.3-+/*-/--+,--58.3+-/79.09*3.71-89.55/-8.39-90.59*58.39+-39.6*
-78.8758.41-53.3784.14-77.05+81.1999.82-71.76-46.45*//--/+-/,*-46.45/-71.76//-81.19--1.4/-77.05+84.14--53.37/58.41-78.87
-74.3558.27-8.65-98.32-19.88-13.12-17.5871.6639.83-*--/*//++,*19.58-39.83-*/-17.58*-13.12/-19.88/*+-8.65+58.27-74.35
-45.6471.1539.55-83.6892.39-42.4696.56-98.2210.08-36.67/-*/+///*,/-36.67--*-98.22/96.56+-42.46/92.39/-83.68/39.55*71.15-45.64
-51.2255.016.1220.09-94.77-4.0497.4669.6127.519.08*-///+*++,*--27.5/69.61/97.46/-4.04+-94.77*20.09+6.12+55.01-51.22
-63.99-19.2859.25-97.04-22.177.2729.87-27.1121.61-88.93*++//-*/+,*-88.93+21.61*-27.11/29.87/7.27/-22.17*-97.04/++-19.28-63.99
-44.77-85.85-73.633.51-54.37-76.27-27.76-50.65-49.35-24.12/--/++*+/,/-24.12--49.35--50.65/-27.76/-76.27--54.37*33.51/-73.6/-85.85-44.77
77.496.28-26.9748.92-83.62/-61.9-41.633.4311.57****/-+-/,*11.57/33.43*-41.6*-61.9/69.26/-83.62+48.92--26.97/96.2877.4
-57.11-16.43-69.14-17.1750.8666.56-68.95-69.13-59.7-96.22+//-+//+-,+-96.22/-59.7+-69.13--68.95+66.56/50.86/-17.17+-69.14--16.43-
-97.5142.9388.9259.47-51.21-26.9945.1714.87-55.2473.61/*+-+*-/-,/73.61*-55.24+14.87-45.17+-26.99*-51.21-59.47/88.92-42.93-97.51
75.9848.290.1238.97-11.56-20.33-9.19-9.827.95-6.81*/-/+//*/,*-6.81/7.95+-9.82/-9.19+-20.33/-11.56/38.97*90.12/48.2+
-92.5524.8860.0790.5686.3450.7417.875.02-46.4374.98*/-/*-*/-,*74.98/-46.43-75.02/17.8*50.74-86.34*90.56/--24.88-92.55
-3.4960.82-58.2143.4-48.86-10.82-74.81-25.35--*++**/*-,-35.66*-25.35+74.81+89.74*-10.82*-48.86/43.4*-58.21-60.82-3.49
+84.62-82.7774.8514.8852.63-11.04-76.05-78.64-57.88-*+-/--*/,--57.88*++-76.05--11.04/52.63-14.88-74.85/-82.77/84.62-98.73
55.8414.28-8.9415.2492.37-0.1484.02-54.53-1.61-53.82---*--+/-,+-53.82--1.61--54.53*84.02--0.14-92.37+15.24/-/14.28-
+-53.01-21.2589.6977.49-43.4480.9919.42-5.1-90.77*-+-*++++,*-90.77--5.1+19.42-80.99*++77.49+89.69+-21.25+-53.01*
92.9917.88--78.5788.3776.67-27.09-62.54-2.23-38.3-+*-////-,--38.3+-2.23*-62.54--27.09/76.67/88.37/-78.57/-96.3-17.8892.99
-18.95-93.07*55.56-62.58-2.87-2.57-81.18-56.66-88.77*//-**--*,*-/-56.66/-81.18--2.57*-2.87*-62.58-55.56-+*/-18.95
-96.13-+82.9615.23-99.27-17.055.7971.22-6.62*-/*+-+--,/*-71.22/55.79*-17.0+-99.27-15.23+82.96--99.02-37.13-96.13
52.74-97.7688.724.7547.9115.461.8949.9215.836.35-/*/+*/-+,-6.35/15.83*49.92/1.89+15.46*47.91/24.75-88.7*-97.7652.74
-93.3161.5193.1128.9263.45-87.3354.99-48.1149.39-59.72-++-/*/-*,/-59.72*49.39+-48.11-54.99/-87.33*63.45/28.92--*61.51-93.31
-61.4194.9589.288.9752.1*-65.89-13.7649.5816.64***-/*-+/,*16.64*49.58*-13.76*-65.89/-22.13*52.1-88.97+89.2/94.95-61.41
-27.62-74.51-54.6/-46.26-78.213.49-38.0198.14*/*/*-*/*,*98.14/38.01+-32.07/3.49*-78.21--46.26*39.81/-54.6*-74.51-27.62
-98.2487.53-67.085.2114.69-60.56.6955.1-0.3581.17-+--///+*,-81.17+-0.35-55.1-6.69/-60.5/14.69/85.21+-67.0-87.53-98.24
-85.5567.25-28.9878.35-47.5510.2573.9450.2394.8733.94-/-+++/--,+33.94/94.87-50.23+73.94+10.25+-47.55*78.35--28.98-67.25-85.55
-61.13-57.4277.49-4.84-5.29-17.56-99.17-15.11-69.483.81-//--+-+-,-83.81--69.4/-15.11--99.17--17.56+-5.29-*++--57.42-61.13
-43.6745.83-86.5-82.54-10.5463.5966.21-63.3421.92-92.38+-//*/+/+,+-92.38-21.92/-63.34/66.21*63.59/++-82.54/-86.5+45.83-43.67
-2.9714.3538.76+71.1223.36-55.0-91.7283.819.62**-*---*+,-19.62*83.8/-91.72**-*-71.12--2.06*38.76+14.35-2.97
22.861.97-23.05-18.38-94.94-7.79-62.13-18.58-99.78/+*/*-**+-,+-6.64*-99.78*-18.58*-62.13--7.79*-94.94*-18.38+/-1.9722.86
91.91-83.65-82.1737.7392.9993.3191.7787.210.2-23.38*/*+-*+/-,*//0.2*87.21+--93.31*92.99+37.73/-82.17--83.6591.91
70.1841.4282.3435.68-92.7-99.363.2726.3381.43-6.86+/+****+/,+-6.86/-+26.33*3.27*-99.36*-92.7*35.68+82.34-41.4270.18
40.05--37.7432.7971.86-40.53-56.6682.3-34.67-55.31+*-//+-+*,+-55.31*-34.67-82.3/-56.66/-40.53-71.86-32.79+-37.74*-76.6840.05
*62.72-82.53-12.86-82.8959.22-30.09-83.6-60.88-49.52/++*+/*/+,/-49.52+-60.88+-83.6*-30.09+59.22/-82.89+-12.86/-82.53+62.725.78
-29.0163.14-11.3882.2658.881.27-38.1743.2574.4996.73+**/***++,+**74.49+43.25/-38.17*81.27*58.8*82.26+-11.38+63.14-29.01
*-61.155.3774.9750.27-40.8325.7335.33-52.48-31.6*-*+-***-,*-31.6--52.48*35.33+25.73/-40.83*50.27*74.97*55.37--61.1+
14.74-46.71*-15.2542.24/52.3216.9434.77/+/*/-//*/,+-31.02/34.77*16.94/52.32--5.07/*--15.25*-29.25/-46.71+
-70.01-85.1290.6425.55--78.478.2748.1672.944.26+-/**/+//,*4.26-72.94/48.16*78.27*-78.4/-17.76+25.55/90.64/-85.12-70.01
-26.1614.4217.3958.01-69.0936.3747.46-52.48-9.3597.13/+/*++/--,/97.13+-9.35/-52.48+47.46+36.37+-69.09/58.01-17.39-14.42-26.16
-33.99-58.6-69.2118.74-94.82-45.0540.2728.57-55.85-29.6*///+*-**,*-29.6/-55.85/-+40.27+-45.05*-94.82-18.74*-*-58.6+
-78.191.27--53.5351.31.7735.32-86.76-30.494.18--*/-++*/,-4.18--30.49*-86.76/35.32-1.77+51.3+-53.53/-66.45/1.27-78.19
-26.45-64.23-33.37-63.8136.11-98.1964.086.92*-48.05*+*-*-+-*,*-48.05+-34.51*86.92-64.0*-98.19-36.11+-63.81--33.37*-64.23-26.45
-79.81-5.8894.95-12.0419.51-18.5373.61-94.49-51.09-+//-+++-/,/76.58/-51.09/-94.49/73.61+-18.53+19.51--12.04-94.95/-5.88+
*-39.53-40.1363.12-81.9743.51-21.3963.0574.51-55.83/**/-//-*,/-55.83*74.51*63.05/-21.39-43.51/-81.97/+--40.13*-39.5361.69
17.8-94.646.93-20.69-61.22-94.96-4.5585.3895.72*-/+---+*+,-//++85.38--4.55+-94.96--61.22+-20.69*6.93+-17.8
28.42/-1.678.494.1-82.7667.42-70.3940.11-49.48-//+///**,--49.48/40.11/-70.39+67.42/-82.76/94.1/78.4*-1.6*-91.6328.42
-70.12-36.67-6.3194.2177.22-50.3544.2646.952.89-80.18--+*++*-/,+-80.18*2.89+46.95*44.26+-50.35+77.22*94.21--6.31+-36.67-70.12
-70.9483.9278.3927.0471.57-19.75-88.8784.3927.55-+/**+/-/-,+-56.67/27.55-84.39*-88.87+-19.75/71.57-27.04/--83.92-70.94
*24.6965.46-52.97-93.792.5581.79/-74.8363.31+*/-/**-/,+63.31*-74.83/-69.5-81.79/2.55*-93.79*-52.97-65.46/--30.83
-54.26-26.04-12.8642.73-7.55-33.33-51.1462.83+6.48*-/+/////,*6.48--33.17/62.83+-51.14/-33.33/-7.55/42.73/-12.86/-26.04-54.26
-55.0710.8256.7464.7397.7113.49-70.6+8.23-49.78*-+++/**/,*-49.78-8.23+85.25+-70.6+13.49/97.71*64.73/56.74/10.82-55.07
-9.867.55-13.1+-16.6241.395.21-52.6828.84-87.86/*--**/+/,/-87.86*28.84-+-5.21*41.39*-16.62/-11.7+-13.1/67.55-9.8
-84.26-47.378.690.827.9661.23-6.1910.3473.6725.1+/--*+**-,+25.1/73.67-10.34--6.19*61.23+7.96*90.82*78.6--47.3-84.26
-70.3-45.03-1.13-25.3-65.64-68.927.89-38.41-25.9791.2*+*+-+**+,*/+-25.97*-38.41+27.89--68.9+-65.64*-25.3*-1.13+-45.03-70.3
-59.7-8.98-80.3148.46-21.8694.688.63-10.190.8585.51+/*-/*/*-,+85.51/+*-10.19-88.63/94.6*-21.86+48.46*-80.31--8.98-59.7
2.53-12.39-63.4872.52-35.3940.33-88.65-6.138.0279.85*/*-/+/*/,*79.85/8.02*-6.13--88.65/40.33+-35.39/72.52+-63.48+-12.392.53
7.5834.14/-84.75--32.8125.01-81.017.430.39+//+*/*++,+0.39-7.43/-81.01+25.01+-32.81/**-84.75+11.79+34.147.58
25.78-75.3894.57-16.55-1.64-18.827.75-53.4686.859.64--+*-*-++,/59.64-86.8+-53.46*7.75--18.82*-1.64--16.55+94.57//25.78
81.62-57.59-69.9510.3785.880.7747.81-8.92/64.48*-//-*/*/,*64.48-97.29/-8.92/47.81*80.77-85.8/10.37*-69.95/-57.5981.62
5.19-21.3279.1632.21-77.7259.1-33.822.371.753.98+/-+-/+*/,*3.98/71.75-2.3+-33.82-59.1/-77.72+32.21+79.16/-21.325.19
-87.65-54.53-43.0-91.28-37.63-57.14+-64.3252.2955.54*-+/*-+-+,*55.54-/+-64.32/45.07*-57.14--37.63+-91.28--43.0+-54.53-87.65
-81.19-9.8825.829.7152.24-68.56-27.5953.58-27.94-46.66*-*/-/+//,*-46.66--27.94*53.58/-27.59--68.56/52.24+9.71/25.82/-9.88-81.19
30.82-47.432.5788.2877.03-0.05-74.23-94.4547.27-72.85*+++*//+*,*-72.85+47.27+-94.45+-74.23*/-77.03/88.28++*-47.430.82
-57.34--69.0981.85--77.1350.238.29-76.6743.97/+/-++-+*,/43.97+-76.67/38.29-50.2+-77.13+--/+-69.09*-23.63-57.34
-11.89-63.8230.86-6.6230.18-41.1232.747.2-3.7328.36/++*-*//-,/28.36+-3.73+47.2*32.7--41.12*30.18/-6.62*30.86--63.82-11.89
-99.7482.94-60.659.81*16.7-5.7-13.4958.36-39.58////-/-/+,/-39.58/58.36/-13.49/-5.7-16.7/-53.69-9.81/-60.65+82.94-
-44.598.4113.66-76.2475.39-6.7696.59-36.9297.01-99.55//+/+/+/+,--99.55/97.01-+/96.59+-6.76/75.39+-76.24/13.66+98.41-
-91.34-80.7944.314.58-56.8554.0776.52-68.250.684.47**-*++**-,+84.47-50.6/-68.2*76.52+54.07+-56.85+4.58*44.31--80.79-91.34
46.4-55.5752.66-53.677.7645.182.19-18.8769.4365.99**/***/++,*65.99*69.43/-18.87*2.19*45.18*77.76/-53.6+52.66+-55.5746.4
60.8130.6620.18-90.59-89.9924.5275.7242.26-71.7717.53-++/+-/+*,-17.53+-71.77+42.26/*+24.52--89.99/-90.59+20.18+30.6660.81
-26.85-87.3289.8376.0174.7287.35-79.87-76.39-38.615.94+++**++-*,+++-38.61+-76.39*-79.87*-+74.72+76.01-89.83*-87.32-26.85
24.1-13.74-42.08-59.74-41.14-55.4686.97+65.76-25.31--/+-*//-,--25.31--/20.72*86.97--55.46**/-59.74/-42.08--13.7424.1
5.14-39.78-54.5535.14-73.5237.41-98.71-91.2155.6867.04**-****-*,*67.04*55.68--91.21*-98.71*37.41*-73.52*35.14--54.55*-39.785.14
-74.79-70.9429.616.484.32-92.75-10.5594.58-70.97-42.92+//--++--,+-42.92/-70.97/*--10.55--92.75+84.32+6.4-29.61--70.94-74.79
78.34-87.22-44.32-57.64-54.4228.2389.91-43.4490.41+*****/---,*64.0*90.41*-43.44*89.91*28.23/---57.64----87.2278.34
58.66-78.59-64.0756.94-35.7960.16-34.695.45+-+/+-///-,--35.23+95.45/-34.6+60.16-35.79/*/56.94/-64.07--78.5958.66
71.35-13.66-73.81-79.45-91.8711.56*4.13-3.49-11.22+//+///+*,+-11.22/-3.49/4.13*96.38*11.56/-91.87/-79.45+-73.81*-13.6671.35
95.39-80.29-90.47-6.54-29.02-19.8-95.8248.36-95.73-61.03*---/-++*,*-61.03//-48.36--95.82/-19.8--29.02+++-90.47*-80.2995.39
0.8628.4427.7583.9419.8885.47-31.0245.21-41.796.48*//+-////,*6.48+-41.79/45.21+-31.02-85.47/-/83.94/27.75-28.440.86
-56.7659.8580.6934.3-83.92-93.59-7.9897.93-19.048.6+**/-**--,+48.6*-19.0*97.93/-7.98--93.59***34.3-80.69-59.85-56.76
+93.4316.8492.5882.8296.93-68.01-47.55-59.48*-+-/-*//-,--+-59.48--47.55/-68.01-96.93*82.82/92.58/16.84-93.43-47.42
81.77-32.14*23.95-61.4997.9-16.0327.4542.09-44.9-/--*++/*,--44.9/42.09-27.45--16.03*97.9+*+23.95/**-32.1481.77
-75.5695.8346.96-4.18/-6.61-54.610.74-0.457.39+///*+-+-,+57.39/-0.4/10.74/-54.6*-6.61+24.25--4.18+46.96-95.83-75.56
59.7718.19-49.69-80.2626.0811.9943.1569.56/-14.64--*/*+-//,--14.64--66.65-69.56/43.15*11.99+26.08--80.26/-49.69/18.1959.77
24.94-12.55-22.14-87.14+-75.5742.094.9399.3415.26+*+-/++/-,+15.26*99.34+++42.09/-75.57+-30.24+-87.14/-22.14--12.5524.94
--29.3846.96-9.81-97.06-80.9449.494.92-53.6542.59/**/+***+,/42.59*-53.65-94.92*49.4+-80.94*-97.06*-9.81*46.96+-29.38-7.95
-23.46-21.517.68-68.91-2.47-4.64-97.9--1.2314.89**-/*-*-*,*14.89/-1.23/50.67/-97.9*-4.64--2.47*-68.91-7.68*-21.51-23.46
-29.0574.06-17.16*57.9590.6380.12-31.7718.32-3.82-/**--**/,--3.82/18.32--31.77*80.12-90.63-57.95--71.87*-17.16/74.06-29.05
80.9-46.94-97.9--20.0436.417.527.76-77.729.05-*//-*--/,-29.05+-77.7/27.76/7.5-36.41*-20.04--71.75--/-46.9480.9
-13.72-20.0299.72-48.878.61-83.5499.8367.83-89.08--*/**-+*,--89.08-67.83*99.83*-83.54*78.61*48.8--5.88+99.72*/-13.72
-14.58-38.28-66.1521.64-40.6855.0-36.3229.0145.0443.72**--+*+-+,*43.72/45.04-29.01--36.32+55.0*-40.68+21.64--66.15+-38.28-14.58
-99.8-48.1921.2-78.2782.45-19.0637.0848.45-2.98-15.38-/+***//+,--15.38/-2.98*48.45*37.08*+*82.45/-78.27/21.2+-48.19-99.8
-35.11-46.12-71.23.9450.37-12.8558.5438.7417.6588.34*/+*-**//,*88.34/17.65+38.74*58.54--12.85/50.37*3.94/**/-35.11
71.72-56.14-39.81-12.5111.5338.345.43-42.2591.35-78.46//*+//**-,/-78.46/91.35*-42.25-45.43/38.3+11.53*-12.51*-39.81--56.1471.72
83.6210.53-11.65-44.3898.39-49.52-87.9921.352.86**--+-*--,/52.86*21.3--87.99-49.52*81.04-98.39--44.38--11.65-10.5383.62
39.43-10.5264.8764.22-21.15-44.43-38.02-57.73/--*-//-+-,--74.18--57.73*/-44.43/-97.9/-21.15-64.22+64.87--10.5239.43
12.238.5524.45-65.9632.81-53.5431.7272.243.7-85.64/+-+-//+/,/-85.64+3.7-72.24+31.72--53.54/32.81/-65.96+24.45/38.5512.2
-75.3535.6869.0519.78--89.42-77.29-90.7533.8330.5+--/+++++,+30.5-33.83/-90.75/-77.29+-89.42+-+19.78/69.05+35.68-75.35
/-41.47-82.2373.0573.49-69.19-22.36-99.6879.1462.1-**+*//+/,-62.1*79.14/-99.68+-22.36*-69.19/73.49/73.05+-82.23/-41.47-5.82
6.0740.69-42.32-25.72-73.98-2.4444.27/22.6320.41-**---/*/,-20.41*22.63*15.02-44.27-+--73.98//*-42.32/40.696.07
69.4459.0976.7766.7619.7278.22-64.68/32.99-5.95**-+-***-,*-5.95*---23.58+-64.68-78.22*19.72*66.76*76.77-59.0969.44
95.3528.56-25.5789.3-81.6126.049.81-39.71-53.81-+*-/-**/,--53.81+-39.71*9.81-26.04/-81.61-89.3*25.57*0.55/28.5695.35
+4.6985.94-16.92-72.0175.98-88.1463.38-55.3521.65*-+****/*,*21.65--55.35+63.38*-88.14*+*-72.01*-16.92/85.94*4.69-27.36
-56.1348.6658.9429.459.98-64.88-17.23-75.4410.0428.67/*/**/*/-,-28.67*10.04/-75.44*-17.23*-64.88/59.98*29.4/58.94-48.66*
-79.8830.0391.8563.9767.4775.267.44-98.66-52.4522.17*-/-+*/++,*22.17-//-98.66-7.44+75.26*67.47/63.97+91.85+30.03-79.88
24.63-70.3611.46-79.5672.71-55.44-68.96*-47.9675.8-/*++/-**,-75.8/-47.96*-55.89/++-55.44/72.71--79.56*11.46*-70.3624.63
89.0964.38-24.24--4.3716.33-65.6710.92-80.472.83///+-+*+-,/2.83/-80.47/10.92+-65.67-16.33+-4.37--83.77+-24.24-64.38/
-16.1486.9693.76-70.5358.2-40.17/-76.87-20.77-49.22-++*++-/+,--49.22+-20.77+-76.87*-85.19+-40.17+58.2--70.53+93.76/86.96-16.14
32.21-28.06--53.86-92.16-40.2710.73-7.720.53-46.2*/++-**++,*-46.2/20.53+-7.7+10.73--40.27**+-53.86+75.49+-28.0632.21
-77.11-10.19-75.06-48.8729.3897.5/51.76-42.3971.42/**--/-+/,*71.42*-42.39*51.76-35.55-97.5+29.38--48.87+-75.06/-10.19-77.11
-33.4895.8989.7424.55-89.22-74.58-75.95-48.52-76.19-24.57*+//-/**-,*-24.57*-76.19/-48.52/-75.95--74.58/-89.22*24.55*89.74/95.89-33.48
37.2368.5159.63.03/-56.64-37.0543.53-40.61-60.61*-+/+///+,*-60.61--40.61+43.53/-37.05+-56.64/-2.3/3.03//+68.5137.23
-89.9160.15+5.98-17.1757.85-9.174.76-19.3153.11---+*//-+,-53.11--19.31-4.76+-9.17*57.85/-17.17/5.98--33.64+60.15-89.91
78.3626.82-58.24-1.9968.52-1.32-65.0185.3375.89--+-++--*,-75.89-85.33+-65.01-*+-81.89+68.52--1.99--58.24*+78.36
64.37-46.03-67.38-12.6181.237.08-90.41-66.35-60.9761.59*/-//-+//,*61.59/-60.97--66.35/-90.41/7.08-81.23+-12.61///-46.0364.37
95.32-8.0697.73-30.6640.7271.69-92.58/12.86-99.35/**-+-++-,/-99.35*12.86*-26.84--92.58+71.69-40.72--30.66/97.73--8.0695.32
-90.03-76.04-75.146.7763.24-29.48-77.9180.099.96-/+-++++*/,/18.68+9.96-80.09+-77.91+++63.24+6.77*-75.14/-76.04-90.03
39.4537.082.2418.3138.3817.4684.241.0157.06-64.53--++-/+/-,--64.53-57.06+1.01+84.24-17.46/38.38++//-37.0839.45
54.72-0.69-2.88-41.53-81.3648.6388.54-94.86-94.77-37.74/--+*+*++,/-37.74--94.77--94.86+88.54/48.63+-81.36**/-2.88+-0.6954.72
40.0917.03-67.655.41-26.6343.87-39.4190.0143.6191.29+/**/++**,+91.29/43.61-90.01*-39.41/-+-26.63+5.41*-67.65*17.0340.09
-31.2-10.72-61.69-87.36-23.5273.51-2.067.53*48.8//**/+++/,/48.8/12.8*67.53*-/73.51+-23.52+-87.36+-61.69/*-31.2
-68.1/27.76-93.9395.0327.3490.2523.4727.2-72.66*+--++*-*,--72.66+27.2-/-90.25+27.34+95.03+-93.93-27.76*-19.06-68.1
-61.1443.17-81.84-25.5190.38-52.26-50.487.1534.8586.49++-/+-***,+86.49+34.85-87.15/-50.4+-52.26-90.38*-25.51*-81.84*43.17*
64.5517.73-68.7518.58-14.15-51.976.97-65.7417.2919.12/**--+*--,/+*17.29*-65.74/76.97--51.9+-14.15*18.58--68.75+17.7364.55
-25.9187.5-40.7345.64-30.34-19.89-26.75-5.7122.96-26.31*+-/**/+*,--26.31/+--5.71/-26.75*-19.89*-30.34/45.64+**87.5-25.91
65.244.0821.13-90.1726.6323.89-62.4567.98-7.0639.51++--*++*-,*39.51+*-/--62.45*23.89+26.63+-90.17*21.13-4.0865.24
49.2-97.0848.73-22.8482.26/76.44-23.9371.74--+**+*/+-,-41.2+71.74***76.44+-1.47*82.26/-22.84*48.73--97.0849.2
-29.36-78.28-89.3126.6641.3478.62-66.62-1.99-39.46-4.11+/+-+/-/-,+-4.11/-39.46+-1.99--66.62+78.62/41.34-26.66/-89.31--78.28-29.36
38.9120.04-45.9988.316.53-11.8941.137.2-9.0866.35/+////*/+,/66.35+-/37.2/41.1/-11.89/16.53*88.3/-45.99+20.0438.91
97.2487.55-0.33-36.07-26.71+47.02-80.62-74.73*//*/+/+*,*-74.73/-80.62+47.02*27.64/26.71+-68.45/-36.07+-0.33*87.5597.24
-59.35-80.16-3.47-7.36-8.4517.9916.92*23.98-+/**-***,-/+61.47-16.92*17.99*-8.45--7.36*-3.47*80.16/43.47-59.35
67.956.63/--57.19-11.86-15.6284.29-7.73-57.36-***-/*+*,--57.36*-7.73*84.29*-15.62--11.86/*+-77.41+-61.25*56.6367.9
58.9125.5594.2841.28*--34.41-39.0565.2412.15--**+++-/,-12.15*65.24*-39.05*-34.41+-84.45+3.96+41.28-94.28/25.5558.91
39.44-4.727.1242.836.5-32.43-90.55-27.38-**+----//,*58.85*-27.38+-90.55-32.43/*-6.5-42.83/27.12/-4.739.44
48.163.08-91.5480.4466.5128.3959.9141.5438.39+**/-*-***,*75.2*38.39/41.54-59.91-28.39-+*80.44*-91.54*3.0848.16
-67.15-26.730.4370.5-93.34-68.58-30.67--19.33-86.56+++-*/+//,+-86.56+/+33.37--30.67*-68.58/-93.34+70.5/30.43/-26.7-67.15
71.25+-91.1211.62-33.9229.82-26.7151.98-55.72-23.85*/+/+-++*,*+/-55.72+51.98/-26.71+29.82--33.92+++-91.12*-56.7371.25
-51.86-45.34-90.0229.13-77.5123.1-57.9796.766.96-59.08-++/+--+*,--59.08+-+96.76+-57.97+23.1--77.51-29.13+-90.02*-45.34-51.86
*51.8354.9280.72-79.43-5.4-59.8416.1971.4119.4+*----+++,+19.4*71.41-/--59.84--5.4--79.43+80.72+54.92+51.8352.63
2.66-72.82-63.3397.8141.326.492.26-66.85-27.85-94.92*-++/-**+,*-94.92--27.85+-66.85+-/26.49-41.3*97.81*-63.33+-72.822.66
-8.4866.7-66.82-81.41*26.97-60.790.85-5.8332.27-*---+///,-32.27*-5.83+90.85--60.7-26.97+-75.56/-81.41/-66.82/66.7-8.48
-6.5157.7589.37-15.27-80.8127.5548.23-36.8860.6518.24-/*/*--*-,-18.24/60.65*-36.88/48.23*27.55--80.81--15.27*89.37-57.75-6.51
15.58/-83.562.26-56.3254.03-52.844.25-54.12-92.57-/++*/*//,--92.57/-54.12+44.25+-52.8*54.03/-56.32*62.26/-83.5/-30.3515.58
22.4222.6763.94-38.9-93.61+-34.0-78.0678.2--+-**/*+-,-45.17+78.2--78.06*-34.0*67.68/-93.61*-38.9+63.94-22.6722.42
-67.77*-74.51-29.25-30.59-28.0817.03-21.7449.435.89/+**+*/-*,/5.89+49.43*-21.74*17.03+-28.08*-30.59/-29.25--74.51*-20.8-67.77
65.9156.5-78.13+-78.1589.19-57.8489.65-16.0674.68*-/+-+/-/,-74.68--16.06/89.65+-57.84-89.19+-78.15/54.69--78.13/56.565.91
0.8381.443.02-49.4156.9456.4369.53--16.3364.47-+/+//-++,-64.47+-16.33*3.93+69.53/56.43/56.94--49.41*43.02+81.40.83
-45.7687.92-0.68-37.96-37.59-76.23-12.4898.57-44.7975.19-**//*++/,-75.19/-44.79*98.57*-12.48--76.23*-37.59+-37.96+-0.68/87.92-45.76
-85.4843.6354.21+6.288.07-82.6529.22-2.95-15.18+-+////*-,+-15.18--2.95+29.22/-82.65/88.07/6.2/-34.17-54.21-43.63-85.48
51.8485.86-15.87-60.83-84.286.56-36.36-24.1779.16.11+*+++-/*-,+6.11*79.1+-24.17+-36.36+86.56*-84.2/-60.83*-15.87-85.8651.84
82.01-23.5933.7261.7254.56-66.46-19.79*45.97-76.72+/+/+*-/+,+-76.72*++-77.12/-19.79+-66.46*54.56-61.72/33.72+-23.5982.01
-59.4667.99-66.19-83.84-89.53-45.65-60.6345.8544.4235.91/--*+//+*,/+-44.42-45.85*-60.63+-45.65/-89.53/-83.84+-*67.99-59.46
-23.7128.24-96.96-13.986.37-7.8830.0647.2553.3628.57*++/-*-+-,*28.57+53.36+47.25/*--7.88*86.37--13.9+-96.96-/-23.71
-44.6192.93-52.59-24.61-26.6574.79-21.29-63.8765.43-94.56-*-+/+-/+,--94.56*65.43-*+-21.29/74.79*-26.65--24.61/-52.59+92.93-44.61
+28.222.04-53.5945.08-24.98-55.65*53.48-32.43//+****/*,/-32.43/53.48+77.5***-24.98*45.08*-53.59/2.04*28.22-75.95
-82.8878.31-43.21-54.0954.19-0.9850.5521.2422.4971.72-++-/+--*,-71.72+22.49+21.24-50.55/-0.98+54.19--54.09--43.21*78.31-82.88
64.22-41.14-12.5935.1141.7672.2470.17-57.34+-19.52*-/++*+*+,*-19.52-24.93/-57.34+-+72.24*41.76+35.11*-12.59+-41.1464.22
-60.93-9.08-54.88/-61.69-96.07-44.5983.2344.13+-/-*+*/*/,--16.88+44.13-83.23*-44.59+-96.07*-61.69/-58.59*-54.88/-9.08-
37.49-30.195.1918.04-9.1897.2587.6694.43-36.17-45.21/+///*-//,/-+-36.17/94.43/87.66*97.25**-18.04/5.19/-30.1937.49
-68.17-6.15+57.99-46.61-48.45*-0.12-72.1418.49-/*/***-+,-18.49/-72.14*-0.12/-89.83*-48.45*-46.61*57.99--54.34/-6.15-68.17
-48.1539.42-73.26-47.67-16.8729.79-96.892.9-7.8389.18*-/-/++*+,*/-//2.9--96.89/29.79+-16.87+-47.67+-73.26+39.42-48.15
87.28-81.69-58.2448.8653.9293.851.3275.8589.5933.55//--/*/-+,/33.55/89.59-75.85-1.32/93.85*53.92/48.86--58.24+/87.28
91.11-36.99.569.28-55.54-92.981.01-66.2231.32*/-+-*+-/,*-/-66.22-81.01+-92.9/-55.54*69.28+9.5-36.9/81.8491.11
75.0835.7324.81-10.66-83.55-52.1392.64-22.3358.328.65+-++**-+*,+28.65-58.3+-22.33+92.64*-52.13*-83.55--10.66*24.81*35.7375.08
3.5351.1325.277.137.491.66-80.33-11.79-18.09-9.5*-+//--+/,+-9.5--18.09+-11.79/-80.33/91.66-37.4-77.1+25.2/51.133.53
58.4824.9368.011.1216.81/-42.49-5.38+62.05*/*-+/*+*,*62.05/32.97*-5.38--42.49--37.28/16.81*11.12-68.0*24.9358.48
-2.11-35.8968.3935.32-6.2834.7135.356.81/78.81-/-+*/+**,-78.81/-58.95-6.81/35.35*34.71/*+35.32*68.39*-35.89-2.11
-15.3553.780.3683.65-55.11+-28.0392.11-95.3/+///--+*/,+-46.75/-95.3-92.11/-28.03--42.11--55.11-83.65*80.36/+-15.35
-74.73-74.0432.62-79.99-21.2285.85-29.8493.74+//+-++-+,+93.74/-29.84/85.85+-21.22-79.99+/+32.62--74.04-74.7317.64
78.8541.53--95.035.53-25.37-60.99-51.0468.64-41.55*--/+--+*,*-41.55-68.64--51.04--60.99+-25.37-35.53--95.0+12.46*41.5378.85
/42.8391.67-44.040.04-34.1457.32-10.48--68.21/+++*/**+,/-68.21+-7.91+-10.48/57.32*-34.14/0.04*-44.04*91.67+42.83-33.4
45.92-40.8183.8-57.9292.6255.61-24.71+-41.4295.63*+*+/**/-,*95.63+-41.42*/+-24.71/55.61*92.62*-57.92/83.8--40.8145.92
-62.283.1968.3849.037.6266.8142.84-40.1-90.4+*+++-+++,+90.4*36.14+-40.1+42.84+66.81/7.62+49.03+*+83.19-62.2
-12.197.4211.88*34.97---21.6398.59-57.49--++---*/,--57.49-98.59+-21.63+-77.51-+-34.97--29.88*11.88/97.42-12.1
29.24*7.91-20.2114.21+-80.6-52.2618.8448.27*++/--*/-,*48.27+18.84/-52.26/-80.6--65.28-14.21*-20.21-7.91-21.0129.24
91.637.7311.1165.23-77.264.01-92.5778.77-19.8935.87-*/*/*-*+,-35.87/-19.89/78.77+-92.57/64.01*-77.2-65.23+11.11+37.73+
6.2426.88/1.32-31.756.39*-47.16-77.8286.37/***/+--/,/86.37/-77.82*-47.16*83.83/6.39--31.75-1.32-3.51/26.886.24
-42.6338.88-60.94-74.420.19-65.56//50.6913.36-+/+----/,-13.36+//88.46+76.92--65.56-20.19--74.4--60.94/38.88-42.63
85.32-36.3532.33-46.545.87-32.6617.1623.974.831.38+//*-+*-+,+1.38/4.83+/*17.16--32.66+5.87*-46.54-*+-36.3585.32
43.32-15.2214.8280.4363.18-61.4636.76-55.9256.1571.76--/*/--/*,-71.76-56.15/-55.92*36.76--61.46-63.18-80.43//*-15.2243.32
88.77-7.9414.4-21.1596.2685.54-64.95-6.55-42.33-40.27/--*-/**/,/-40.27--42.33--6.55*-64.95-+/96.26*-21.15*14.4/-7.9488.77
13.87-28.9412.1547.33-12.496.8933.65-25.091.72-56.66/-/*/*/*/,/-56.66-91.72*-25.0*33.65/96.89*-12.4/+*12.15/-28.9413.87
42.65-13.9415.71-3.598.9881.72*-66.91/32.44/*-/*----,/32.44+-30.12--66.91/20.75**-8.98--3.59-15.71--13.9442.65
35.1846.86-70.215.1870.7420.62-99.3278.19-91.41-13.45/-/-/-+*-,+-13.45--91.41+78.19--99.32/20.62-70.74+5.18*-70.21-46.8635.18
/-39.36-98.4735.14-40.8977.6255.45-56.6718.81++*-/*-/-/,+51.53*18.81--56.67/55.45*/--40.89*35.14--98.47/-39.36-38.48
89.0937.5441.5144.4-99.12-2.1730.4480.022.43-21.93-/*-+*-++,--21.93-2.43*80.02-/+-2.17*-99.12*44.4*41.51+37.5489.09
-14.4168.8487.93-99.4923.4-11.82*48.4459.76-71.68*+*+**/*-,*-71.68*59.76*48.44--93.92*-11.82*23.4/-99.49*87.93-68.84-14.41
-97.06-84.7746.75-15.14-56.98-55.24-66.25-42.5-7.06/*-*/+-+-,/-7.06*-42.5--66.25*-55.24/-56.98--15.14/46.75+*-97.06-61.16
-16.28-65.83-90.5288.18--3.1420.3758.8445.7890.46+/-+-**-*,+90.46/45.78-58.84+20.37--3.14*-66.44/88.18*-90.52*-65.83-16.28
74.92-90.7311.67-54.9540.15*58.4628.69-5.7334.74*/*/**+/-,*34.74--5.73*28.69+58.46*4.57*40.15+-54.95/11.67--90.7374.92
-44.64-16.09-40.91-42.92-80.28-11.81-57.6651.24+-22.82//+-*//*/,///77.81+51.24--57.66*-11.81/-80.28/-42.92*//-16.09-44.64
-12.0341.41-76.84-58.27-48.01-27.9768.91-48.371.4780.79+/+-//-*/,+80.79/71.47+-48.3-68.91/-27.97/-48.01--58.27+*/41.41-12.03
-47.0178.94--15.516.5164.8742.83-79.959.2756.44+-+/**/+/,+56.44-9.27+-79.95/42.83*64.87*6.51-++-83.72/78.94-47.01
42.6587.8184.41/45.9665.2722.9814.88-89.2346.66*//-*+*-+,-46.66/-89.23/14.88-/*65.27+45.96--96.99-84.41+/42.65
11.9985.14-70.52-40.65-5.17-65.7-79.99-98.5147.95*+-+-+*+/,**/98.51*17.06+-79.99--65.7+-5.17*-40.65+-70.52/85.1411.99
82.04-51.8673.096.3-67.2227.1240.13-86.7989.38-50.81**-/-*++/,*-50.81*89.38+-86.79/40.13-27.12*-+6.3+73.09--51.8682.04
89.46-44.3-38.62-79.5883.49-50.7738.76/61.1*+***/-//-,+27.15*61.1*90.93*38.76/-50.77-83.49/-79.58/-38.62--44.389.46
57.57-67.36-8.7294.21-1.6-13.28/93.23-56.63-+--+*++-,+-56.63+93.23--91.06-13.28+-97.94*-1.6+/+-8.72--67.36/
39.5217.89-5.49-31.3-83.48-9.75-55.1125.5922.45++*/-*/*-,*22.45+25.59*-55.11/-9.75--83.48*31.3/-64.02*-5.49-17.8939.52
-49.146.99-66.83-40.42-6.5358.55-40.83-24.87-57.0336.7-***--+-+,-36.7*-57.03*-24.87*--/--6.53+-40.42--66.83+6.99-49.14
-54.7548.3444.1949.5833.1832.3226.2974.7343.817.34-/++--+-+,-17.34/43.8+74.73+26.29-32.32-33.18/--44.19+48.34-54.75
-87.296.36-51.3996.72-54.3642.8269.66-32.08-20.72///*-/-+-,/-20.72/-32.08/69.66*42.82--54.36/96.72-++54.04-6.36-87.29
55.2845.8395.23-85.72-76.5546.7539.83-19.4573.38-82.12/-/+*-///,/-82.12/73.38/-19.45+-*46.75--76.55/-85.72/95.23/45.8355.28
-42.5-5.6-23.3262.5-43.55-47.4410.2630.44-48.0118.22*+-*-*+*+,*18.22+-48.01--/10.26--47.44*-43.55+62.5*-23.32+-5.6-42.5
-50.944.3884.917.7760.84-6.384.373.61-49.15*++**-+/+*,+-61.81+-49.15*73.61*84.3--6.3+*/7.77+84.91-4.38-50.94
-23.59-94.8779.87-99.4-68.22--50.0117.1493.6-90.89/-+**--+-,/-90.89-93.6+17.14*-50.01*-43.91--68.22--99.4+79.87--94.87/
-78.19-62.81-21.33-94.03-31.3339.28-0.16-23.08-56.7485.76/**+/++*/,/85.76*-56.74/-23.08+-0.16/39.28+-*-94.03--21.33/-62.81-78.19
4.6492.2873.7218.4114.95-29.9452.53-58.292.4230.13-/+--//-*,-30.13*2.42/-58.29-52.53--29.94/14.95/18.41-**92.284.64
-19.9935.58-75.91*68.4230.6424.3551.91-19.78.3*+*//**//,*+/-19.7*51.91/24.35/30.64*68.42*-71.31/-75.91/35.58-19.99
-72.188.5585.9789.6847.1720.0440.6842.5155.28*+//+*+/*,*55.28+42.51/40.68/20.04+47.17*-+85.97/88.55*72.1-
-67.69-9.29-73.4886.17-19.07-37.4791.443.3612.82-98.51--/*-+*++,--98.51-12.82/3.36*91.44--37.47+-19.07+86.17+-73.48+-9.29-67.69
84.0650.1424.2261.7388.71-61.43-4.62*-90.7-98.67/*+-/--+*,/-98.67*-90.7+-8.04--4.62*-61.43-88.71-61.73+24.22*50.14/
19.6797.59-78.2524.65-52.56-10.05*82.51-41.1781.01+/--*+/+-,+81.01--41.17-82.51-52.03*-10.05/-52.56/24.65+-78.25-97.5919.67
-8.94-5.66-88.79/7.09-83.3592.22-63.3938.88+//+-*///,+38.88/-63.39/92.22+-83.35-7.09*67.67/-88.79/-5.66/8.94-91.13
5.9654.53-11.9-0.09+-47.7832.81-9.849.594.4+/+-+-*+*,+94.4/9.5+-9.84*32.81+-47.78-35.66*-0.09+-11.9*54.535.96
77.52*4.5465.37-49.32-55.154.55-33.0938.7550.7+/-*+--++,+50.7/38.75--33.09-54.55+-55.1-*/65.37+++-1.9477.52
-81.08-22.26-87.81-63.5882.26-10.87-89.4634.1133.62-40.22****--+/-,*/*33.62*34.11*---10.87-82.26+-63.58/-87.81--22.26-81.08
47.4591.58-81.0586.97--20.0438.6892.82-6.7426.93+*/+/++*/,+26.93*-6.74/92.82+38.68/-20.04+-34.36+86.97*-81.05/91.5847.45
-35.945.7986.02-30.02-66.8260.36-1.57-20.5424.76-54.81**+/++/*+,*-54.81*24.76+-/-1.57+60.36+-/-30.02*86.02+5.79-35.94
30.39-73.2952.42-75.89-27.2424.11-95.71-93.9186.756.53//+**+*-*,/56.53/86.7+-93.91*-95.71*24.11+-27.24*-75.89-52.42*-73.2930.39
-91.98-59.1586.2417.28-52.54-91.9283.8262.3558.09-62.77*-///**++,*-62.77-58.09/+/83.82/-91.92*-52.54*17.28+86.24+-59.15/
95.3319.27-38.82-48.02/-24.7794.81--54.226.21-**-+***-,-26.21*-54.2*-82.23/94.81+-24.77*-70.73*-48.02*-38.82-19.2795.33
63.7--18.7349.0-47.71-25.17-32.7-32.03-95.82-31.41-/+*++-+-,--31.41/-95.82+-32.03*-32.7--+-47.71-49.0+-18.73-92.4163.7
-57.3897.92-16.79-26.8369.4225.12-66.4799.04-50.13-56.87/*+*-**--,/-56.87*-50.13/99.04*-66.47-25.12*69.42/-26.83--16.79-97.92-57.38
-97.6386.193.3794.8988.7950.361.852.5-0.3130.65*/++/-++/,*30.65*-0.31+2.5+61.85/50.3+88.79+94.89+93.37/86.1-97.63
/27.75+42.9588.78-34.4-56.2339.5473.01-42.45-*/+-+-+/,+**73.01/39.54+-56.23*-34.4+88.78-42.95+-63.85/27.75-42.1
96.99-82.83+-66.91-95.5641.9-74.6558.0162.97/+++-/+/+,/62.97+58.01+74.65+51.46-//-95.56+-66.91/-89.75+-82.8396.99
-87.54-60.79-16.88-14.77*10.86-99.0-87.6478.384.15**-+-++//,*4.15*78.38--87.64+-99.0-10.86+-76.26+-14.77/-16.88/-60.79-87.54
-21.82-92.5886.2559.17-70.98-98.2-60.22-33.85-96.436.5/++/*+//+,/6.5+-96.43+-33.85/-60.22*-98.2+-70.98/59.17/86.25+-92.58-21.82
+45.9847.26-6.4531.87-84.3372.5157.78-80.50.2+*+//-*--,+0.2*-80.5+57.78/72.51--84.33-31.87*-6.45-47.26-45.98-53.69
-27.47-71.57-30.03-0.2671.1588.0521.43-13.8497.3934.47-/-///-*+,-34.47/97.39--13.84/21.43+88.05+71.15--0.26*-30.03+-71.57*
-76.7240.88/40.8-5.587.69-8.9124.7719.6-65.66/+/**/+*/,/-65.66+19.6/24.77*-8.91*7.69+-5.58+40.8*-52.67//-76.72
17.47-38.51-28.74--21.36-73.26-36.89-98.18-70.04-44.45*--**-**+,*-44.45--70.04/-98.18*-36.89*-73.26--21.36*-3.64*-28.74*-38.5117.47
57.46-39.8-57.81-58.16-88.2838.02-70.3283.59.16-22.31*/*-+//+-,*-22.31/9.16*/--70.32/38.02/-88.28/-58.16+-57.81--39.857.46
56.663.3435.8-40.5431.8561.9715.37-78.43-54.1775.85+-/+*--//,+75.85--54.17/-78.43+15.37*--31.85--40.54/35.8/3.3456.66
67.02*3.9897.5-23.92-68.6319.5454.43-23.85-42.99+-*---/-*,+-42.99--23.85*54.43-19.54--68.63--23.92+97.5-3.98**67.02
-72.3475.39-7.89-18.9461.0-21.79-14.13-59.54-31.2-79.47+/*-++-*/,+-79.47/-31.2--59.54--14.13+-21.79/+--18.94*+/75.39-72.34
73.2343.9788.75-59.6578.71+-49.0736.428.47.29--//-*-/*,+7.29-8.4/36.42/-49.07+58.17*78.71--59.65/88.75*43.9773.23
-71.7510.63-74.94-69.96-71.16-70.4-28.098.6326.44-17.7/-+/+/*/*,*-17.7-26.44+8.63/-28.09+-70.4/-71.16*-69.96--74.94*10.63-71.75
-78.45-76.0-10.942.3988.28-37.55-11.6230.19-72.7593.43+**//*+/*,+93.43*-72.75*30.19///-37.55*88.28+2.39/-10.94*-76.0-78.45
54.67-95.9617.86-17.1429.4350.6511.77-33.699.4437.67-/-/**/++,-37.67/99.44-+/11.77*50.65*29.43/-17.14+17.86+-95.9654.67
-62.7137.82-42.95-35.16-52.08-33.6725.63--60.57-5.05*+--/-+--,/-5.05+-60.57-32.42-25.63/-33.67*-52.08+-35.16--42.95-37.82-62.71
28.36-19.3189.22-9.9583.241.28-80.75-67.1717.141.41//*+-/+/+,/41.41*17.1*-67.17+-80.75-1.28/83.24+-9.95//+-19.3128.36
89.77-54.31-16.89-98.8882.610.7799.573.83-62.59-25.38/+++**+-*,/-25.38+-62.59+3.83+99.57*0.77*82.61/-98.88--16.89*-54.3189.77
-10.0916.2829.7114.0556.7736.0924.37-65.7197.9426.0-//+-++**,-26.0/97.94/-65.71/24.37-36.09/56.77/14.05*29.71*16.28-10.09
-77.47-48.4-83.3261.97-25.3898.36-29.1346.00.35-46.47--+++-+-/,--46.47-0.35+46.0+-29.13+98.36*-25.38+*--83.32/-48.4-77.47
-69.81-3.9256.0467.1530.03-27.7388.9671.0815.5246.07*+**//++-,*46.07+15.52*71.08*88.96/+/30.03*67.15+56.04--3.92-69.81
-44.47-74.35-55.9137.62-93.11-66.3-26.5254.2516.4826.8*++-+-/-*,*26.8+16.48+54.25--26.52+-66.3-//37.62--55.91*-74.35-44.47
-14.26-74.01-72.2844.1621.24-49.73-52.77-79.824.8530.22*-**--+*/,*+-4.85*-79.82*-52.77--49.73-21.24+/+-72.28/-74.01-14.26
-2.068.163.9147.7340.9*-38.9-11.7329.8338.25/+//+--+-,/38.25+29.83/-11.73/-38.9++-40.9+47.73+63.91-68.1+
56.95-86.0/84.6120.37-7.01-99.14-59.79-47.68-19.15-+-//--+-,--19.15+-47.68--59.79/-99.14/-7.01-20.37-84.61+*--86.056.95
52.4685.3482.96-37.854.3826.099.9327.51-77.2823.29/+-+*/+*+,//+-77.28-27.51+99.93*26.0/54.38+-37.8+82.96+85.3452.46
+/-91.319.350.43-90.25-95.0-35.06--63.77+**-***+-,+-63.77*91.29*-35.06--95.0/-90.25*50.43*19.3+-91.3-54.5386.97
-71.22*-80.7994.391.44-59.7887.45*63.31-44.37+**/++*-/,+-44.37*63.31*10.74/87.45+-59.78+91.44**--80.79/7.15-71.22
*-13.19*1.97-84.84-80.5189.58-59.065.92-94.9+/-*****/,+-94.9/65.92--59.0*89.58*-80.51*-84.84*1.97*-46.55/-13.19-90.3
-66.1766.73-39.184.78-29.163.37-88.84*-4.6232.62+/-*++/--,+32.62/-4.62-7.67/-88.84+63.37/-29.1/4.78--39.18-66.73-66.17
-2.463.79-31.6630.774.230.0850.818.8-89.248.61/++//+-/-,/++-89.2+8.8*50.81/30.08+4.2-30.77/-31.66-3.79-2.46
-36.6486.81-54.93/-88.16-45.15-55.52-46.864.71-64.33++/+*++-+,+-64.33+64.71/-46.8+**-45.15+-88.16+-18.04-/+86.81-36.64
-57.77-89.51-63.83-95.970.13-50.31-27.67-25.59-68.58-/***//-+,--68.58/-25.59*-27.67*-50.31***95.97/*--63.83+-89.51-57.77
41.124.87-65.57-61.6652.07-98.71-91.25-68.7589.8349.25+/**++/**,+49.25/89.83*-68.75*++-98.71+52.07*-61.66*-65.57*4.8741.12
-48.08-12.8149.974.89-11.1730.2827.4670.0557.833.81*///--+++,*33.81/57.8/70.05/27.46-30.28--11.17+74.89+49.9+-12.81/
66.33-71.858.94-42.93-72.9837.77-66.34-76.063.89-37.8+*/+*-+**,+-37.8*63.89/-76.0+-66.34+37.77--72.98+-42.93*8.94*-71.8566.33
67.98-25.36-67.59*9.68-94.1895.96-91.9165.72-69.12--**+*/+/,--69.12-65.72*-91.91*95.96*-94.18*9.68/43.28+-67.59/-25.3667.98
-84.013.33-93.853.2753.731.8852.63-86.865.89-29.36*-/+**--/,*-29.36-65.89/-86.8+52.63*31.88*53.7*3.27--93.85/13.33-84.0
79.16-73.64-16.9466.1385.35-61.1818.38-43.79-2.97-45.55/+-*+*++/,/-45.55+-2.97--43.79/18.38+-61.18*+*66.13+**-73.6479.16
-91.12-55.55*-94.42-14.6920.2511.9-26.6297.5595.99*----++-+,-95.99-97.55--26.62/11.9-20.25+-14.69+-94.42--25.16+-55.55-91.12
-29.61+79.8-59.7426.28-23.1842.2728.02-56.94-4.92-*-/+*/+/,--4.92*-56.94-28.02/42.27+-23.18-26.28/-59.74*79.8/-20.61/
/10.66-52.2414.07-10.5749.111.8433.4429.28-28.18-++*//*/+,--28.18+29.28-33.44*1.84/49.11/-10.57-14.07/-52.24+10.662.46
/87.7321.09-63.01-44.09-4.8383.61-57.8457.44-78.82***//-/**,*-78.82*57.44*-57.84/83.61/-4.83+-44.09/-63.01*21.09*87.7381.81
23.3395.5245.4454.5260.2551.2960.57-69.1-3.61-67.94+*+*-/+*+,+-67.94/-3.61--69.1*60.57-51.29/60.25+54.52*45.44+95.5223.33
/7.2328.9860.55-94.54-95.5354.9449.63-83.3///++*-/*,+-83.3/49.63/54.94+95.53+-12.49*-94.54-60.55/28.98/7.23-69.61
-17.493.2160.37--92.88-47.447.2--67.91/***/-/---,*-39.71*/*-57.16/7.2--47.44//--77.03-60.37-93.21-17.4
-5.72-39.1526.42-64.238.1618.16-97.2318.9176.638.91*//-+-//*,*38.91/76.6/18.91-++18.16-38.16/-64.2/26.42*-39.15-5.72
-63.04--84.2-84.71-69.1463.19-53.51-55.53-94.53-89.88*-----/++,*-89.88-+--55.53--53.51-63.19--69.14/-84.71+-84.2+0.93-63.04
-99.7832.6579.1-18.3415.45-37.4539.2272.7+/**+*+-+*,/32.9*72.7*39.22+37.45*59.02+15.45--18.34+79.1*32.65-99.78
-55.88*-31.7167.95*11.0123.15-93.8-85.145.2+-*-/*/-/,+45.2--85.1*-93.8-23.15/11.01*-22.07/67.95--31.71/22.22-55.88
-62.63-15.47-11.76-58.5-48.06-94.27-81.91/29.64-93.7+*/-////*,*-93.7*-/-0.34--81.91/-94.27/-48.06/-58.5/-11.76*-15.47-62.63
82.55-74.0861.04-75.912.88/-72.84-23.0969.5328.71*--/*-*//,*28.71+69.53--23.09/-72.84*-29.76-2.88*-75.91/61.04/+82.55
*-94.9-97.58-85.1690.0778.197.84-52.06-11.7430.03/*/+*/+--,+30.03*-11.74/-52.06+7.84*78.19/90.07/-85.16--97.58--94.9-28.79
/68.5386.3215.66-23.9272.814.33-97.15-87.14-31.86*++/+++*-,*-31.86+-87.14+-97.15/4.33+/+-23.92+15.66*86.32-68.53-8.32
-97.34-15.7898.3622.0483.52/-31.16/4.84-97.55+//+++-+*,+-97.55/4.84/++-31.16+-99.38+83.52-22.04-98.36*-15.78-97.34
-1.611.7651.04-25.5677.62-45.66-42.8711.64-72.05+/**-***+,+-72.05/11.64*-42.87*45.66--23.4*77.62*-25.56*51.04+1.76-1.61
94.3460.416.8718.13-95.37-62.4155.58-23.26-36.8+-+*+-*-*/,--4.98+-36.8*-23.26+55.58--62.41*-95.37-18.13*16.87/+94.34
13.6258.9675.23*43.2551.1445.11-38.2766.9360.52*+--//+*/,*60.52+66.93/-38.27-45.11/51.14/43.25+-69.89*75.23/58.96+
-23.8328.85--67.84-13.81-73.5132.93-1.0186.455.7+/--//+*-,/5.7/86.45--1.01/32.93/+/-13.81+-67.84*-45.52-28.85-23.83
-75.6692.5474.78-86.7677.0729.0567.01-54.3233.74-71.29*-/*//*+*,*-71.29-33.74/-54.32*67.01/29.05/77.07*-86.76-74.78*92.54-75.66
-80.6-21.53-41.3617.8117.72-41.64-22.31*-18.13+/-//+-/+,+18.13/-7.65--2.51/-22.31/-41.64+17.72-17.81/-41.36+-21.53*
11.67-12.0-90.23-54.04-42.630.0435.6-66.0-29.17////+-///,/-29.17/-66.0-35.6+30.04+-42.6-54.04/67.35+-90.23/-12.011.67
-60.73-71.79-3.2399.89+56.5290.05-74.1592.37-33.74-//+-*+//,--33.74/92.37/-74.15+90.05/56.52*-98.32+99.89/-3.23/-71.79-60.73
*-5.1559.75-50.86-47.2445.46-86.78--38.1797.65+*++**/-*,+/*-38.17+82.39+-86.78*45.46*-47.24/-50.86-59.75*-5.1547.71
-45.1439.44-50.63-68.37-93.38-17.9344.0-86.1361.9-64.43*/+-/++-/,*-64.43/61.9+-86.13-+/-17.93+-+-68.37--50.63/39.44-45.14
24.4680.63-56.1834.39-54.44-27.8888.43-19.39-61.2950.88+--//+*++,+50.88--61.29--19.39/88.43/-27.88+-54.44*34.39/-56.18+80.6324.46
-76.73-33.2327.3812.31-26.62-6.135.68-2.63-31.1-12.42*--+--/-/,*-12.42*-31.1--2.63+5.68+-6.13--26.62/12.31-27.38/-33.23-76.73
92.76*86.218.0598.5677.52-24.64+65.84-84.87*++***--*,*-84.87+65.84+-23.86*-24.64//*98.56-8.05-86.21*-60.5892.76
-53.98-57.15-13.6644.6390.2-39.59--98.4296.12/-++-+/--/,--15.47+96.12+-98.42-77.07+-39.59/90.2-44.63--13.66/-57.15-53.98
63.84-57.0917.22-52.11-60.66-28.8747.7954.22-42.1495.51*+*-*-/*-,*95.51+-42.14*54.22-47.79*-28.87-*/-52.11*17.22--57.0963.84
-78.5730.85-30.08/-51.25-90.1120.9666.98-86.9-10.21//+-*++-*,+-10.21/-86.9+-+20.96*-90.11+-51.25+-43.18--30.08*30.85-78.57
61.8551.38-38.8450.80.85/-32.26-10.58-77.14-76.37--+-/++++,--76.37--77.14+-10.58/-32.26/-97.91+0.85+50.8+-38.84+51.38-
-84.7751.81/54.1533.12-89.893.431.08-1.58-35.56/++/+-/-*,/-35.56+-1.58+31.08/93.4+-89.8-33.12/54.15-50.94*51.81-84.77
-73.06*-89.81-8.3518.84-77.09-28.0-47.0783.24-5.8/*---///*,/-5.8*83.24-*--28.0--77.09/18.84/-8.35/-89.81*-35.17-73.06
54.0-21.4512.36-47.4614.646.08-31.1893.132.1693.64/*+-+*+-/,/93.64/32.16+93.1--31.18+6.08*14.64+-47.46-12.36/-54.0
-62.8573.3534.1929.9-16.1693.18-97.6296.3939.5136.6-/-/+/-+-,-36.6/39.51-96.39*-97.62*93.18/-16.16-29.9+34.19-73.35-62.85
-84.09-63.5621.52-13.61--71.2257.4310.83-95.6269.11-+*/**-*+,-69.11+-95.62*10.83/57.43*-71.22*-78.06--13.61**--63.56*
97.53-89.52-57.82-93.6560.99-55.982.4493.0877.84-75.52/*+*+++*-,/-75.52*77.84+93.08*82.44+*+60.99+-93.65*-57.82--89.5297.53
99.46-88.1125.181.38-55.5288.2188.788.16-69.9851.84+//+*+/+-,+51.84/-69.98/8.16+88.78*/+-55.52/1.38+25.18--88.1199.46
-85.9944.11-83.29-19.9945.35-61.82-18.43*-19.93-++***+/*,--19.93+-4.3+-18.43*-61.82*45.35*-19.99+-83.29/44.11*85.9918.94
-35.23-83.45-33.67-44.26-29.93-28.41-27.32-75.753.0176.97*-*/-*/-/,*76.97-53.01*-75.7/-27.32--28.41*-29.93+-44.26+-33.67/-83.45-35.23
25.239.73-34.38/--49.5362.15-78.94-17.71-64.49//+-**+--,/*/-17.71/-78.94-62.15*-49.53*-38.8+-36.55--34.38-9.7325.23
32.57.97+-9.4-46.74-82.26-80.259.47*58.86/*/++-//-,/**-42.95/59.47+-80.2+-82.26--46.74/-9.4/88.53-7.9732.5
56.66-27.7297.85-87.06.8822.6697.28+78.91*-++-++--*,-58.11/78.91+*-97.28+22.66+6.88--87.0-97.85*-27.7256.66
19.2711.33-35.82+-41.58-94.95-81.9347.211.26-71.44-+--*/-*/,--71.44+11.26-47.2-/*-94.95/-41.58--78.79*-35.82/11.3319.27
*+-81.09-24.8683.57-44.3782.54-62.3761.19-40.83*-/-/*+**,*-40.83-61.19/-62.37-82.54--44.37*83.57+-24.86*-81.09*96.7139.75
44.3253.62-43.9287.946.91-8.1584.26*-16.3531.25*-*/*+/+/,*31.25+-16.35*-40.13/**-8.15+6.91/87.94+-43.92/53.6244.32
11.3661.2391.7141.99-67.2949.63-47.04-69.26-40.75-44.04+///-*---,+-44.04///-69.26/-47.04/49.63*-67.29-41.99-91.71-61.2311.36
-62.7781.551.44-65.8111.327.8988.7-20.239.03*--/+/-+/*,--77.7-9.03/-20.23+88.7/7.89-++-65.81/51.44*81.5-62.77
-85.54-58.2538.7596.0722.3+-80.31-30.12-84.99-87.27++/+-/+*-,+-87.27+-84.99/-+---81.01/22.3+96.07*38.75--58.25-85.54
-51.030.0345.1788.01-4.88-35.5765.5346.5529.42-91.88*/+-**+*-,*-91.88+29.42+46.55-65.53*-35.57*-4.88+88.01*45.17-30.03-51.0
-94.92-97.52-24.66-58.0662.18+--91.63-97.21-58.12+*+*--/*-,+/*-97.21+-91.63*92.42--30.72/62.18/-58.06**--97.52-94.92
29.2487.3859.46-50.8579.44--1.71-89.023.39-66.46--/+-***+,--66.46-23.39/-89.0+-1.71--60.04*79.44--50.85*59.46+87.3829.24
82.39-99.46-58.17-13.28-55.8179.9-86.98-90.6632.8991.18-++*/+***,-91.18+32.89+**-86.98/79.9+-55.81*-13.28*-58.17*-99.4682.39
58.8-42.6668.6480.0414.25-93.6163.3-77.4382.71-28.54/-**+++/*,/-28.54-82.71//+63.3+-93.61+14.25+80.04/68.64*-42.6658.8
-76.7276.245.23-11.99-2.23-37.02-37.3948.2147.1518.69+/-/--*/+,+18.69/47.15-48.21/-37.39--37.02/-2.23*-11.99/45.23-76.2-76.72
83.2-51.59-86.54-56.330.0615.81/-35.58-35.42-99.72+-**-+/+-,+-99.72--35.42*-35.58*-22.61-15.81+30.06--+-86.54--51.5983.2
23.2526.13-27.93-53.96.55+19.64/-73.0736.76**+/**/+/,*36.76*-73.07*-71.62/19.64*-19.36+6.55/-53.9+-27.93/26.1323.25
6.945.65/36.34-8.3544.8987.1860.3338.43*--//+*--/,--80.73-38.43/60.33/87.18+44.89*-8.35*36.34--31.3/5.656.94
-74.61-9.185.96-19.1247.227.39-91.46/84.7963.75+--*+*+*+,+63.75-84.79--*-91.46+27.39/47.2+-19.12*5.96+-9.18-74.61
55.4986.8-67.2888.59-5.7637.22-75.18++92.68+---/*--/,+92.68-17.47-82.4--75.18/37.22*-5.76-88.59--67.28*86.855.49
-82.8194.6235.2162.84-86.3886.8785.4950.0770.64-++*/-++*,*70.64*50.07+85.49*86.87/86.38--25.79+/+35.21*94.62-82.81
-2.94-82.06-3.05-4.6565.1513.71/-70.7681.96-67.45-/----+//,-+/81.96--70.76-88.34/13.71-65.15+-4.65/-3.05/-82.06-2.94
-90.9442.6249.98-36.4*/39.2616.55-39.53-56.94/+-+++*-+,/*+-39.53-16.55+39.26+4.01+75.32*-36.4-49.98+42.62-90.94
-74.75-41.3950.69-17.57-61.5283.29/13.89-33.92-93.22-*///*+*+,--93.22*-33.92/13.89+21.96/83.29/-61.52++*50.69+-41.39-74.75
-54.1330.34-64.76-26.0928.64-39.34-25.5161.6535.4124.8*/-**//++,*24.8/35.41-61.65*-25.51*-39.34*28.64+-26.09+-64.76*30.34-54.13
-18.297.06-97.8741.66-97.5-9.98-96.07-52.9143.08*--*-+*+-*,--36.72-43.08*/--96.07+-9.98+-97.5+41.66/-97.87*97.06-18.2
87.12-99.1722.8220.23-99.96-87.0596.0328.9885.5-99.66-*/*--*+/,--99.66/85.5/28.98*96.03--87.05--99.96-20.23+22.82/-99.1787.12
-71.27-22.81-68.99*-2.0435.28-10.6828.2137.77-56.3*/-**/+-+,*-56.3/37.77-28.21*-10.68**/-2.04+-87.87--68.99*-22.81-71.27
-26.596.43--3.12-45.5568.38-24.8/56.6-25.36+-*--**-+,+-25.36-**10.4--24.8-68.38*-45.55*-3.12--71.18+6.43-26.59
-46.1123.4132.9134.33-10.0745.5230.2926.69-90.54-93.68-*/*-//*/,--93.68*-90.54/-*30.29-45.52/-10.07/34.33*32.91/23.41-46.11
-29.1938.2832.23/-47.7466.3-26.33-23.6126.47-+-/++--/*,+-43.72-//-23.61+-26.33+66.3--47.74--54.91/32.23/38.28-29.19
40.1413.06-72.83-39.96-35.72-20.4713.62-65.7*-85.79/-+**/-+-,/-85.79--36.14+-65.7*13.62*-20.47/-35.72--39.96+-72.83-13.06-
-35.73-1.335.9218.42-88.89-12.23*/-33.1798.03+/*+//+-*,+98.03/-33.17*-21.02+-96.17/-12.23/-88.89*18.42-35.92*-1.3-35.73
-2.0244.07-10.4521.7941.58-82.91-0.28-64.124.72-19.35*+++-*++*,*-19.35+4.72+-64.12+-0.28--82.91*41.58+21.79+-10.45*44.07-2.02
24.43-69.9510.489.93-75.07-69.27-9.1732.03-43.29-75.22+--/**+/+,+-75.22--43.29-32.03/-9.17--69.27+-75.07/9.93/10.48+-69.9524.43
-64.5927.12-71.65-9.8455.1/33.59-90.849.77+*/--/-+/*,*-39.52/49.77---33.59-49.59-55.1+-9.84/-71.65*27.12-64.59
82.3813.63-94.8479.18*-32.77-13.7339.5118.56-44.08/////-++-,/-44.08/18.56/39.51/-13.73/---15.35+79.18+-94.84-13.6382.38
-9.45-65.1522.78-25.02-16.88-58.11-68.3363.3238.38-29.27+///++*/*,+-29.27/38.38/63.32/-68.33+-58.11--16.88*-25.02/22.78*-65.15-9.45
26.68-19.77-49.3240.83-95.711.5513.7583.91-9.87-71.68+/-*+*++*,+-71.68/-9.87--*++1.55*-95.71-40.83+-49.32*-19.7726.68
65.4859.16-32.63-51.48-21.027.25-40.0830.178.57+-+-+/-/+*,--40.77*78.57-30.1+-40.08/27.25--21.0/-51.48+-32.63*59.1665.48
-28.0939.0240.15-65.88-59.61-21.6754.22+-62.7887.39-///-+-/-,-87.39/-62.78/33.27*54.22--21.67+-59.61--65.88/40.15-39.02-28.09
58.3159.1-63.0363.416.45-26.37-54.127.6580.91-17.6*/*++//+-,*-17.6*80.91*-+-54.1+-26.37/16.45/63.4+-63.03-59.158.31
-14.28-99.03-96.8873.81-36.13-84.73-34.64-63.7-60.68-80.14--/+/*---,+-80.14/-60.68/-63.7+-34.64+-84.73*-36.13-73.81--96.88--99.03-14.28
-81.31-2.14-13.8892.9910.28-38.4330.49-64.2896.0588.04*/*+++*+*,*88.04/96.05*-64.28+30.49+-38.43+10.28*92.99/-13.88*-2.14-81.31
-42.79-15.74-13.99-92.0197.14-48.394.8521.96-89.0-29.1/*/+//+/*,--29.1/-89.0/21.96+4.85/-48.39/97.14--92.01*-13.99*-15.74-42.79
44.35-51.251.0459.958.2597.9883.1279.6682.85-69.34/*-/*/*+/,/-69.34+82.85-79.66/83.12+97.98/58.25*59.9+//-51.2/
-33.82-21.5650.16-14.19.87-86.6817.01-45.067.99-3.01+*///-+-*,+-3.01*67.99/-45.0/17.01/-86.68-9.87+-14.1-50.16*-21.56-33.82
3.6428.4928.3225.69-67.0773.173.49-32.9953.31-62.13*-*/-+**+,*-62.13-53.31*-32.99/73.49-73.1+-67.07*25.69*28.32+28.493.64
96.91/83.3465.9133.81-71.1494.448.15-26.28-66.5+/+*--+*+,+-66.5/-26.28+48.15*94.4--71.14-33.81+65.91*83.34+42.31/
-66.16-57.83-41.2285.0837.754.55-13.962.34-23.9-22.09/***++--*,/-22.09/-23.9*62.34*-13.9+54.55+37.7-85.08--41.22*-57.83-66.16
85.85-4.3389.1-46.15/-52.636.44-75.3121.19-90.01/**//---+,/-90.01*21.19*//36.44/-52.6-77.3--46.15-89.1+-4.33+
--62.0617.0220.1-27.2774.69-62.13-52.5771.91-1.46-**/////*,*-1.46*71.91*-52.57/-62.13/74.69/-27.27/20.1/17.02*-62.06-87.84
-85.31-94.291.07-38.04--15.1460.03-25.233.44-97.98+//--/+/+,+-97.98/33.44/-25.2-60.03--15.14/-78.91+-38.04/91.07+-94.2-85.31
64.24-62.46-59.0-88.7181.29-26.09-83.9679.6435.6-80.63/**+/+*+*,--80.63*-*79.64+-83.96/*+81.29*-88.71+-59.0*-62.4664.24
40.27-94.97-72.38-67.1489.91-68.7442.46.3622.89-*+**+/-*-,*98.15+22.89*6.36*42.4+-68.74/+--67.14**--94.97/
-95.02-84.12-62.6161.8999.7438.8465.79-90.27-31.94/*/-*-+-/*,*-73.7/-31.94--90.27*65.79-38.84+99.74-61.89/-62.61/-84.12-95.02
-32.29-22.17-71.5394.2927.82-44.3-65.44-96.4541.96-49.86+***/*+*+,+-49.86*41.96*-96.45*-65.44/-44.3*27.82+94.29*-71.53+-22.17-32.29
49.57-24.49/44.857.49-49.4166.64-40.32-53.4-95.89++-****/+,+-95.89+-53.4*-40.32*66.64*-49.41*7.49*44.85/-19.81+-24.49-
12.39-95.09-28.8665.85+3.43-63.4421.82-48.094.28-+///+//+,-94.28+-48.0/21.82/*/3.43+-84.0/65.85/-28.86+-95.0912.39
-68.6594.6961.2438.99-65.0542.81-52.43-72.22-95.6396.84+/+///**+,++/-95.63+-72.22/-52.43/42.81/-65.05*38.99*61.24+94.69/
*63.67-34.7336.56--5.0510.24-5.280.54-81.98-/*+/*-**,--81.98/80.54*-5.2+10.24/-5.05*0.52--*-34.73*63.6741.36
64.266.6281.87-69.45-1.52-9.1986.19-4.59-74.064.98++**-/*++,-64.98+-74.0--4.59*86.19--9.19/-1.52*-69.45+81.87+6.6264.26
-46.81-42.1268.75-34.46-24.5598.8992.9183.18**/+-*-+/,*83.18*92.91/98.89+-24.55-/*68.75-42.12+93.61/46.81*
12.03-0.612.84-68.12-57.1732.69-21.2353.872.99-97.36--+/-*-**,/-97.36-72.99+53.8/-21.23-32.69*-57.17--68.12+12.84*-0.612.03
-42.5883.2215.98-72.57-97.65-18.57-7.0980.66-50.3284.92***-+*++/,*84.92*-50.32*80.66--7.09+-18.57*-+-72.57+15.98/83.22-42.58
56.78-97.0787.9850.5-73.361.4466.157.0194.78-30.04+-*+**++/,+-30.04-94.78*57.01+66.1*61.44*-73.3/50.5/87.98/-97.0756.78
-19.01-84.09-23.0285.87-63.11-58.8163.95-61.6576.09-60.95-*-/++/*+,--60.95*76.09--61.65/63.95+-58.81+-63.11-85.87*-23.02+-84.09-19.01
58.3426.87-56.0723.9139.124.83-56.53-10.520.92-73.97+//-*///*,+-+20.92/-10.5--56.53*24.83/39.1/23.91/-56.07*26.8758.34
26.31-50.1183.3-43.1265.4741.19-43.5330.1997.1951.34-++-+/--*,-51.34+97.19+*--43.53+41.19/65.47--43.12-83.3*-50.1126.31
-29.99-54.45-15.28-59.46/-37.84-51.24-49.55-11.25/++*+--/*,/-11.25+-49.55+-51.24*-37.84+-+-59.46--15.28/-54.45*29.9982.62
-49.32*4.5958.87-45.13-48.08-42.15-91.96-30.7683.84-///*-++/,-83.84/-30.76/-91.96/-42.15*-48.08--45.13+-+4.59/--49.32
99.0768.140.3829.0164.046.23-35.93-5.78-92.6628.8/*/+*-+/-,/28.8*-92.66/-5.78/-35.93*46.23-64.0+29.01/40.38-68.199.07
76.8827.678.7596.88-40.15-86.42-3.31-60.5352.8577.5/+//*/--*,/77.5+52.85/-60.53*-3.31*-86.42/-40.15-96.88-78.75*27.676.88
40.4888.28-99.35-65.761.759.54+-59.56-77.2332.14---//+--*,-32.14--77.23--59.56/59.67/59.54+61.7--65.7--99.35*88.2840.48
-17.3218.64-90.6739.3667.98-58.0-18.35-17.11-60.4767.09-**//**/+,-67.09--60.47*-17.11/-18.35/-58.0*67.98*39.36/-90.67+18.64-17.32
11.7260.3348.9-83.17-43.72-29.2280.65-71.85-37.12-30.36/--/*/*/+,/-30.36--37.12--71.85/80.65*-29.22*-43.72*-83.17/48.9+*11.72
11.3662.34-33.41-56.9535.88+84.34-75.82-91.49-94.62+*-/-+/*+,+-94.62*-91.49-//84.34--13.58+35.88/-56.95*-33.41+62.3411.36
41.5-60.1573.05-86.8777.15-22.9-64.5369.929.276.28//+/-+*/*,/76.28/9.2-69.92/-64.53--22.9+77.15+-86.87/-*-60.1541.5
25.568.67-72.749.97-38.5494.1794.0330.98-63.9194.68***-/*-/+,*94.68*-63.91*30.98-94.03*94.17*-38.54-49.97/-72.7+68.6725.5
-8.6153.7852.12-47.7196.75-68.18--85.920.2433.04+-+//-/*/,+33.04-0.24+-85.92/-47.82/-68.18-96.75/-47.71*52.12*53.78-8.61
50.8534.19-6.01-81.22-17.04-85.4279.75-48.3449.5287.93*+*+**-/+,*87.93*49.52*-48.34+-*-85.42*-17.04--81.22/-6.01-34.19-
-18.14-26.156.21-64.7823.8645.7717.2460.8875.0653.13/+//*/*-+,//+75.06-60.88/17.24*45.77/23.86*-64.78-56.21+-26.1-18.14
*28.97-67.34*13.6421.2659.73-73.74-82.33-51.82+-*+/*-/-,+-51.82--82.33*-73.74+59.73/21.26*13.64-79.17--67.34-28.9721.95
32.766.3-85.09-21.923.64-99.12/88.16-0.19-66.0+//+//*-/,--66.0/-0.19/88.16+75.2/-99.12/23.64*-21.9--85.09/66.332.7
-1.62*12.6444.6*0.4522.3-33.8785.42-65.13*/-*+*/--,*-65.13//--33.87*22.3+0.45*13.57/44.6-12.64--32.02*
-77.0226.52-94.3575.16-3.6524.93-70.0*-82.4755.56//-**/-/+,/55.56/-82.47+55.43/-70.0*24.93/-3.65-75.16/-94.35*26.52-77.02
-14.4771.44-89.18-89.28-41.0367.7353.89-32.9/-60.31**+//*/+/,*-60.31*-84.23+-32.9/53.89/67.73*-41.03-*+-89.18/71.44-14.47
-19.9895.05-22.49-16.67-32.67-15.6823.93/56.67-17.17-/+/+/++-,--17.17/56.67+-88.36/-+-15.68/-32.67+-16.67+-22.49-95.05-19.98
-20.3572.862.0139.21+30.74-59.53-33.27-83.4719.1+*///**-/,+19.1*-83.47/-/-59.53/30.74*-66.3*39.21-2.01/72.86-20.35
-55.1889.678.93-90.8377.5-2.1543.8988.52-31.5670.48*+++*/-/-,*70.48--31.56+88.52+43.89*-2.15/77.5--90.83/--89.67-55.18
-54.17-0.71+39.9847.5414.8572.23-23.9*-22.44/-/---+--,/-22.44--/-23.9-72.23-14.85-47.54+39.98*5.28--0.71-54.17
-46.7383.2937.9177.1636.7124.6998.71-22.9156.49-16.27+**/-+**+,+-16.27*56.49*-22.91/98.71//+/*77.16*37.91+83.29-46.73
-49.132.6982.88/-3.9751.84-97.4739.1643.6-78.19/-++*+*/*,/-78.19-43.6+++-97.47-51.84+-3.97*93.57/82.88*2.69-49.13
-28.319.45-6.49-45.83-79.2-84.59-83.5880.33-13.91-35.3/*+++*///,+-35.3*-13.91+80.33+-83.58+-84.59*-79.2/-45.83*-6.49/--28.31
*-85.1455.39-93.58-30.21-90.56-39.8382.0287.2156.15+/++--+--,+56.15/87.21+82.02/-39.83--90.56--30.21--93.58-55.39--85.145.22
+-20.9391.338.79-89.96-63.52-12.15-4.37-89.59-63.73*//***/++,*-63.73/-89.59/-4.37*/*-63.52*-89.96/38.79+91.3+-20.93-81.56
-97.083.9487.134.7466.1526.65-53.29-86.22-65.26-/*----+--,/-14.9*-65.26--86.22*-53.29/26.65-66.15+34.74-*-83.94-97.0
-89.83-26.62-13.5215.22-22.15-39.2945.3872.48++-++/*+-,+72.48+45.38--39.29+-22.15+15.22/-13.52*26.62+-88.15-89.8367.8
-28.0736.8495.6+8.09-76.4-78.12-25.7237.87-19.05*/-/****-,*-19.05/37.87-*/-78.12/-76.4*8.09*4.03*95.6-*-28.07
-83.42-43.455.2724.83-45.2238.16-86.5528.69-22.73-20.29+--/--/*/,+-20.29-/-28.69/-86.55*38.16--45.22/24.83*55.27/-43.4-83.42
-84.7-84.35-37.78-87.3865.620.94-32.1527.2682.0374.49-+-**/**-,-74.49-*-27.26*-32.15*20.94/65.6*-87.38*-37.78/-84.35-84.7
96.73-17.496.98-20.481.3632.29-80.5157.8123.4-78.04--*/*/*-*,--78.04-23.4*57.81/-80.51*32.29/81.36/-20.4-96.98*-17.496.73
52.36-69.72-25.87-79.1168.23--18.6671.1297.3-87.48*--*/**-/,*-87.48-97.3-71.12*-18.66/42.23+68.23*-79.11--25.87/-69.7252.36
83.98-55.18-74.5530.6618.71/84.31-77.83-34.66-14.15-+*-****/,--14.15+-34.66*-77.83*84.31*-17.68*18.71*30.66*-74.55/-55.1883.98
/81.7627.9496.8432.3835.89*-3.7337.92-59.85/+//*//-/,/-59.85+37.92/-3.73/-56.3*35.89/32.38/96.84-*/81.76-64.85
-31.1591.15-1.0-81.2-48.7256.36-42.0-6.8843.05-46.33+*--/--+-,+-46.33*43.05--6.88/-42.0*56.36+-48.72--81.2+-1.0-91.15-31.15
26.2452.0189.7358.870.15-2.2422.78-98.18-70.6730.34+++-/---*,+30.34+-70.67+-98.18-+*-2.24-70.15-*/89.73+52.0126.24
-90.15-21.17-26.41-40.05-67.09-25.49-27.29-29.888.3641.35*/**//-/-,*41.35/88.36*-29.8*-27.29/-25.49/-67.09--40.05/-26.41-/-90.15
82.7125.2229.2291.3918.445.42.26+38.5577.89-/*+/+---,*77.89/38.55*17.32+//45.4*18.4-91.39-29.22-25.2282.71
18.7581.6722.13/89.42-35.75-66.4227.48-79.823.73/++/*---+,/23.73+-79.8+27.48/-66.42+-35.75-/-98.7-22.13++18.75
80.8--89.24-29.0375.91-74.9121.3157.74-59.8653.82/+*+*/*//,/53.82+-59.86*++21.31*-74.91/75.91*-29.03/-89.24*5.5980.8
-43.289.88-78.16-55.67/47.6747.91-12.02-19.4672.76+-**-+++*,*72.76--19.46*-12.02*47.91/47.67/-11.91+-55.67+-78.16*89.88-43.2
40.96*85.02-5.0984.6878.5295.93-91.92-75.67+*///+/--/,*-31.83/-75.67/-91.92/95.93+78.52/84.68--5.09-85.02/35.4740.96
-54.7-23.73-69.714.65-72.66-2.35+-84.56-21.62-+***+/-/*,+-56.46*-21.62*-84.56*-82.24+-2.35/+-4.65/-69.71*-23.73-54.7
-11.5131.8742.01-44.92-54.07-16.9-60.73-85.53-7.05-61.37/+/**--//,/-61.37+-7.05/-85.53*-60.73*-16.9*/--44.92-//31.87-11.51
-72.91-96.8568.6777.572.6999.051.33-44.92-9.237.42+/+-*-+/-,+37.42/-9.2+*-51.33*99.0*2.69+77.57/68.67+-96.85-72.91
91.37-1.61*-57.576.5312.12*-72.63-83.9789.5/*+/+--+-,/89.5*-83.97+-72.63/70.86+12.12-76.53--57.5+-82.43*-1.6191.37
-72.91*90.17-48.874.62-42.58-37.89-87.14-25.95-56.25*/**+//+/,*+/-25.95*-87.14*-37.89+-42.58/74.62/-48.8+-/-90.27-
83.69-72.8842.71-28.8999.2385.77-53.06-64.14-62.9-12.4-**++++*+,--12.4*/*-64.14*-53.06+85.77-99.23+-28.89*42.71+-72.8883.69
-25.68-43.9565.26-32.1-63.432.75-67.75-40.52-25.21-33.81+-**///*+,+-33.81*-25.21*-40.52*-67.75/32.75/-+-32.1*65.26+-43.95-25.68
74.57-16.3171.77-66.9299.64-36.1176.471.127.7410.63+-+----**,+10.63-27.74+1.1-76.47---99.64--66.92-71.77*-16.3174.57
40.22-64.62-36.7144.3775.9394.039.7-52.77-86.51-77.03//*/+*/*+,/-77.03/-86.51**/9.7+94.03*75.93/44.37*-36.71++40.22
-75.0132.8895.27-87.8664.3775.81-43.38-96.8-81.1191.82*///++/--,*91.82/-81.11/-96.8/-43.38+75.81+/--87.86-95.27-32.88-75.01
-71.5574.48-5.16-57.02-72.85/60.0957.6-90.55-44.43--+-+**+/,--44.43--90.55-57.6-60.09+69.96*-72.85*-57.02+-5.16/74.48-71.55
8.9889.8-49.38-66.92.93-21.59*-10.7264.3370.16++/*+++-+,+70.16+64.33/-10.72*-54.04+-21.59+2.93+-66.9--49.38++8.98
*99.3392.4278.23-32.4353.3536.4-25.54-91.78-33.86//////-+*,/-33.86/-91.78/-25.54/36.4/53.35/-32.43-78.23+92.42*99.33*
-87.6357.67-73.4989.77-48.38-82.22/72.3132.82-63.43-*/**+++/,--63.43*32.82/72.31*-57.36*-82.22+-48.38+89.77+-73.49/57.67-87.63
-0.45-44.78-48.0-9.65-49.5891.24-92.19-52.4-95.17-73.38+/-/+/*-+,+-73.38/-95.17--52.4/-92.19+91.24/-49.58*-9.65--48.0+-44.78+
24.9236.64+7.99-54.38-88.93-33.25-48.3335.56-88.94*-++*+-++,/-88.94-35.56+-48.33+-33.25*-88.93+-54.38-7.99+-67.37+/24.92
-21.24--80.18-81.3369.8820.3286.15-74.57-30.5820.3///-*-+--,/20.3/-30.58/-74.57-86.15*20.32-69.88+-81.33--80.18-99.89-21.24
3.98-57.1111.87-96.2832.5688.02-38.3143.1566.311.63*--//--*+,*11.63-66.3-43.15///88.02-32.56--96.28*11.87+-57.113.98
-81.98-8.3990.37+-29.06-49.8378.232.5358.23-9.67+-/+-***-,+-9.67-58.23/2.53+/--49.83*-29.06*-39.2*90.37--8.39-81.98
0.87-69.6943.77-70.4192.0686.5759.5572.51-37.69-43.83+*+-*+//-,+-43.83*-37.69+72.51-59.55*/+92.06/-70.41/43.77--69.690.87
-6.13-84.1885.1*19.6435.93--53.88-75.1190.01--*-/*//*,-90.01--75.11*-53.88-37.5/35.93*19.64////*-84.18-6.13
-3.84-2.0129.2661.99*78.0675.8838.85-89.62-9.15--/+//*+*,--9.15--89.62/38.85+75.88/+/79.31*61.99+29.26*-2.01+
-75.4368.638.6-81.24-42.06-31.9434.6551.07-50.8689.88+**/*//--,+89.88*-50.86*51.07/34.65*-31.94/-42.06/-81.24-38.6-68.6-75.43
87.2115.6595.1942.6652.36-14.9277.46-59.85-85.9815.29-*-/*+//+,-15.29*-85.98--59.85/77.46--14.92+52.36/42.66/++15.6587.21
-37.3988.7+24.9394.2850.7311.66-14.43-62.84+-+*+-*//,+-62.84--14.43+11.66*++94.28-24.93+-76.24/88.7/37.39-68.04
-85.0671.74-83.49-16.15-37.9354.9-91.89-59.2653.28-92.8/-++++--/,/-92.8-/+-59.26+-91.89+54.9+-37.93--16.15/-83.49/71.74-85.06
19.4212.28-52.22-84.5297.73-28.3724.47+67.6161.64*-/*-++**,***67.61/61.17*24.47--28.37+++-84.52*-52.22*12.2819.42
49.47/69.91-58.116.39-37.5353.51+60.02-66.92***/*/*-+,*-*60.02*-46.29/53.51*-37.53/6.39*-58.11-69.91+98.0649.47
-91.78-78.3361.85-39.08/86.1984.11-57.25-85.9521.75/++-*/-*/,/21.75+-85.95--57.25-84.11*86.19/56.79--39.08**/-78.33-91.78
-8.3-25.09-52.06-38.73-42.19-10.1337.2327.7111.8328.37-/--+----,-28.37/11.83-27.71-37.23+-10.13--42.19/-38.73+-52.06--25.09-8.3
-62.0153.1675.11-13.14-17.4747.25-56.9317.8374.66/*+/-/*//*,*91.2+74.66/17.83--56.93/47.25*-17.47/-13.14/75.11*53.16-62.01
88.531.1355.7327.7483.61-63.6590.580.9645.28-28.38/+**/-*+*,/-28.38+45.28*80.96*90.5/-63.65-83.61*27.74+55.73*31.1388.5
-70.453.81-46.929.397.350.99-72.9896.2140.518.52++-+/**-/,/8.52+40.51-96.21+-72.98+0.99*97.35*29.3--46.9/53.81-70.4
36.463.8458.679.7743.2298.39-99.3563.7763.8951.05++++-+++-,+51.05+63.89+63.77+-99.35-98.39+43.22+9.77+58.67/+36.46
-50.13-23.4462.7482.8743.38-22.0-58.4190.75**-/++++*-,*-85.45-90.75/58.41+-45.44+-22.0+43.38++*62.74/-23.44-50.13
45.9622.38-92.2+73.68-22.1-87.9-88.11-39.05-56.34//--**//*,*-56.34/-39.05--88.11--87.9--22.1*++-5.45/-92.2*22.3845.96
57.6540.24-72.33-5.24--97.5240.79-35.8614.81-6.18*/++/**/+,*-6.18/14.81+-35.86+40.79/-97.52*-32.72*-5.24/-72.33+40.2457.65
+90.1460.6340.42-64.68-0.476.6334.5521.0458.56*/----///,*58.56/+-34.55/6.63--0.47--64.68/40.42/60.63/90.14/
-9.5843.14-0.94-11.69-90.12-62.4592.0254.7297.76-79.97/**//+***,/-79.97*97.76-54.72/92.02--62.45+-90.12*-11.69*-0.94*43.14-9.58
28.0490.3110.061.631.9298.0210.07-15.5-30.38-78.87//*-*/-+*,/-78.87/**-15.5-10.07*98.02/31.92+61.6+10.0*90.3128.04
-83.574.95*28.31-54.92-6.0234.28+-14.1450.22//*-/*-/+,/50.22/-14.14*-50.56-34.28/-6.02*-54.92*28.31/-64.19*74.95-83.5
+77.7277.68-20.5865.0222.8333.08-90.0996.45-91.35//**+*+*+,/-91.35//*-90.09*33.08+22.83**+-20.58*77.68+77.7263.12
/68.0434.3681.5821.54-10.05-30.03-97.020.651.15++*/-*+*/,+1.15+0.65*-97.02/-30.03--10.05*21.54+81.58*34.36/68.04-83.74
66.59-65.4421.83-8.91-34.8/75.6810.3554.51-17.47/*/+*+*+*,/-17.47*54.51/10.35+75.68/70.52+-34.8*-8.91+21.83--65.4466.59
--9.8877.9370.29-22.93-56.58+96.1134.075.0/*/-+-/+-,/5.0*34.07/96.11-22.37/*--22.93/70.29+77.93--9.88-96.54
34.1528.7342.6375.4617.1151.49-17.53-83.19-12.94---*-*/-/,--12.94-83.19--96.48*-17.53-51.49*17.11/75.46*42.63/28.7334.15
-64.8960.02/-91.55-34.84-48.916.9-60.8276.53-91.92+*+++*/*/,+-91.92*76.53+-60.82-16.9--48.9*-34.84/-91.55*-44.25/60.02-64.89
+18.2391.971.7265.97-11.2955.5414.4-16.09-99.35-**--*/+*,--99.35*-16.09*14.4-55.54--11.29*65.97/71.72/91.9*18.2329.86
-79.860.88-19.42-73.2329.94-92.0154.93-98.576.06-93.04/+*++*-*+,/-93.04*76.06*-98.5+*+-92.01*29.94--73.23*-19.42+0.88-79.86
-99.53+-93.85-83.15-89.46-41.8325.61-46.36-96.8-75.21+-*+//***,+-75.21--96.8+-46.36+25.61/-41.83/-89.46+-83.15*-93.85-3.22-99.53
-42.09-54.22-9.61+-69.61/6.46-33.9732.330.81*/++*//+/,*30.81/32.3+*+6.46*56.21/-69.61/38.45+-9.61/-54.22-42.09
-24.68-68.35-35.2-73.39-45.94-38.3860.84-83.54-9.7839.09-++-**//-,--/-9.78+-83.54-60.84*-38.38*-45.94/-73.39/-35.2--68.35-24.68
57.07-51.18-91.622.1-28.7925.16-61.82/41.08-30.38//--**-/*,/-30.38*41.08-35.41--61.82*25.16*-28.79-2.1/-91.62*-51.1857.07
-39.8-30.26-22.2132.73-89.815.79-19.47-63.06-38.21-16.68/+/+-/+//,/++-38.21**+-19.47-5.79--89.81+32.73/-22.21/-30.26-39.8
75.76-92.81-24.54-46.32-93.57+76.1558.26-6.58-*///**/*+,*53.94/-6.58/58.26/76.15*46.31*-93.57/-46.32*-24.54+-92.8175.76
-1.2854.644.95-90.9-91.2597.35+88.7725.033.0//*+/+/*+,/33.0/25.0*++18.71/97.35+-91.25/-90.9*4.95+54.64-1.28
-43.388.73-70.63*-75.8754.1867.744.4438.8937.61-/+***-*/,--/38.89+4.44*67.74*54.18*-75.87--59.41+-70.63/88.73-43.3
43.895.36-38.34-30.15-65.9--94.68-99.85-53.15-65.89++**+++/-,+-65.89/-53.15*-99.85*-94.68+-91.01+-65.9+-30.15/-38.34+5.36-
-14.919.7440.16-70.06-12.08-12.528.74-81.68-34.63-57.1+-/-+--+*,+-57.1--34.63/-81.68-8.74+-12.52--12.08*-70.06+40.16-19.74-
-32.0453.85-30.47-93.6247.6864.181.22-49.4+80.26*//**-+--,*80.26/-/-49.4*1.22*64.18+47.68+-93.62-*-53.85-32.04
38.4588.16-50.6887.5741.23-92.63-83.5-74.25-5.796.73-+*-+++**,-96.73+-5.7/-74.25--83.5+-92.63+41.23+87.57*-50.68-88.1638.45
58.4858.47-24.1-17.54-20.9-67.63-12.02-56.5-2.71-/+/+//+-,--2.71/-56.5+-12.02/-67.63+-20.9/17.54/1.71+-24.1/58.4758.48
-78.7740.54-59.990.75-50.496.539.4789.7622.33-23.17*/*+*//-+,*-23.17/22.33*/+39.47*6.5--50.49/0.75--59.99+40.54-78.77
13.735.520.0418.89-95.79*18.2512.84-34.54-11.65***/-/-+/,*-11.65*-34.54*12.84/18.25-92.89/-95.79-18.89+0.04//13.73
-89.45-97.07-53.16-78.7926.643.78-64.77+58.5131.95+++**--/-,+31.95+58.51+/*-64.77*43.78-26.6--/-53.16--97.07-89.45
86.6362.31-66.977.050.16-5.720.68-66.4910.8864.37-*+*/-*+/,+64.37*10.88+-66.49*20.68/-5.7*/*77.0+-66.9/62.3186.63
-24.66-34.33-74.02/-25.596.65-36.84-79.9-89.39-95.42+*-**+/+/,+-95.42*-89.39--79.9*-36.84*96.65+-25.5/-16.85+-74.02*-34.33-24.66
+77.45-81.03-56.89-59.2/-42.3332.44-30.78/-/+*/-/-*,-45.33/-+32.44*-42.33/93.28--59.2/-56.89--81.03*77.45-
31.9963.4476.2-80.4899.62-60.43-17.1788.74-68.8878.83/+*+//*/+,/78.83--68.88-88.74+-17.17/-60.43/99.62*-80.48/76.2+63.44*
-30.45-35.79-49.29-33.3935.8419.98-19.56-88.89-33.42-37.3-*++--++/,*-37.3*-33.42--88.89+-19.56-19.98-35.84+-33.39+-49.29/*-30.45
-66.95-22.02-1.7378.13-98.7115.3713.579.69-22.9-85.22**/++--+-,*-85.22/-22.9-++13.5+15.37--98.71-78.13*-1.73--22.02*
-74.4555.49-27.79+-13.7287.5654.99-70.98-45.83--+-+*+-/,-45.83+47.49+-70.98-54.99+87.56*-13.72+38.13--/55.49-74.45
-61.2590.180.5529.724.75/77.44-93.0-20.2-82.95+//***+*-,+-82.95/*/-93.0*77.44*45.41*4.75*29.72*/-90.1-61.25
-10.26-88.611.46+-11.8259.01-26.21-35.9623.0495.22+-+*+--+-,+95.22-23.04+-35.96*-26.21+59.01+-11.82/10.99+1.46--88.61-10.26
-16.05-53.0376.41-99.076.5421.0946.3953.95-39.14++/*---*+,+-39.14+53.95-46.39-21.09-6.54--99.07-76.41*53.03+-87.44-16.05
84.977.5278.39-10.1966.3472.0756.3975.7186.8610.95+*+**+/++,+10.95*86.86+75.71*56.39*72.07/66.34/-10.19+78.39+*84.9
60.0978.4362.5457.5497.991.5939.3499.564.09-36.17++-*+/-**,+-36.17+4.09-99.56*39.34+1.59/97.99-57.54*62.54*78.4360.09
-81.31-5.78*30.9196.9391.2-58.46-43.0191.63-70.06*-+/-+/**,*-70.06-91.63+-43.01/-58.46-91.2+96.93/30.91*-76.32*-5.78-81.31
-93.75-13.82-87.85-71.6280.48--71.9948.12-1.96/*+-+/*+-,/+*48.12+-71.99--46.69++/-71.62*-87.85+-13.82+93.7563.98
-65.97-11.9316.14-63.6875.76-27.06-57.3519.3584.3477.41/+*/+++//,/77.41+84.34*19.35/-57.35+-27.06+75.76+-63.68/16.14/-11.93-65.97
-67.3398.83-20.4174.4620.639.7198.9-69.1-77.06-22.7/+-/-+-/*,/++-77.06+-69.1/98.9-39.71+20.6-74.46/-*98.83-67.33
-75.09-78.7683.47-24.44/-96.2--54.43-15.09-51.41-+*-+/*-+,--51.41--15.09*-54.43--72.76+-96.2/33.79*-24.44-83.47+-78.76-75.09
7.2721.64*75.15-99.02-1.8-42.086.09-22.5-36.55+//-----*,+-36.55/-22.5/86.09+-42.0--1.8--99.02-75.15*-29.12-21.647.27
54.61-77.95-19.36-78.39-51.35-48.5477.764.35-97.43-98.0/*-+-+**/,/-98.0*-97.43-64.35+77.7--48.54+-51.35*-78.39**/-77.9554.61
-4.1959.62+64.4579.75-21.09-37.37-32.43-84.2623.2*--/+/*/-,*23.2--84.26--32.43/-37.37+-/79.75*64.45/*+59.62-4.19
-77.5-20.211.49-90.9-98.17-25.562.73/-20.56-47.58*/+*/+//+,*-47.58/-20.56+-62.18*62.73/-25.5+-98.17/-/-+-20.21-77.5
-33.35/-89.0498.9240.9697.2671.5-97.4482.91+++*/*/+//,+-31.82*82.91*-97.44/71.5*97.26/40.96+98.92/-89.04/30.22-33.35
-18.87*-35.16-36.57-51.0752.45-53.62-35.8654.1949.79+*-/+/+-/,/49.79+54.19/-35.86/-53.62+52.45/-51.07+-36.57--35.16/89.75-18.87
62.43+-68.19-55.15-23.05-22.6-55.54-49.69-95.08**++*+**/,*/*-49.69+-55.54+-22.6*-23.05+-55.15-68.19*54.71/-23.2362.43
-58.2726.14-25.54-16.81-8.5-14.76-93.2943.61-37.74++//**+-+,+-37.74+43.61/-93.29/-14.76*-8.5/-16.81/25.54/93.29+26.14-58.27
-86.13-74.1-59.8421.88-72.36/-26.97-3.75-94.9874.74+**--*-+-,/74.74*-94.98*-3.75--26.97--60.16--72.36-21.88+-59.84--74.1-86.13
36.1845.89-43.9-73.44-56.5520.6886.3--72.76-71.09-/-+-++--,--71.09/-72.76-13.55/86.3-20.68+-56.55+-73.44--43.9-45.8936.18
59.6190.64-13.92-1.89-88.3783.0645.7195.962.89*+/+++///,*2.89+95.96*45.71+83.06+88.37+//-1.89/-13.92/90.6459.61
-64.61-1.78-57.01-51.5375.68-3.1493.3124.2249.5647.95*-*//**/+,*47.95/49.56*24.22//--3.14/75.68*-51.53/-57.01+-1.78-64.61
*-11.8-60.9887.63-29.02-97.38-36.1626.97-19.11-42.86++++-+/*-,+*+-19.11+26.97+-36.16--97.38+-29.02/87.63*-60.98*-11.8-
25.7991.7427.22-78.44-58.8943.79-15.74-3.3368.08-7.19-**/-+/++,--7.19*68.08*-3.33/-15.74+43.79+-58.89*-78.44-27.22-91.7425.79
61.422.32-9.06-46.0818.02/-75.38-46.08-84.5812.52-*-*--+//,-12.52*-84.58--46.08+-75.38-19.03-18.02*-46.08/-9.06/22.3261.4
-59.8478.9839.55-67.9771.694.31+-67.1411.8-21.1/*/*-*++*,/-*11.8+-67.14*31.05-94.31*71.6+-67.97+39.55*78.98-59.84
44.48*81.94-84.68--77.0829.99-43.5956.9446.71/*/-/+-+/,/46.71*56.94/-43.59-29.99/-77.08+85.82---+/-88.044.48
-60.2275.4671.26-89.5337.77-38.3+-80.3297.6-33.44--+-**-+*,--33.44-97.6+-80.32+100.0***37.77-*+71.26*75.46-60.22
-70.62+56.0275.46-61.57-90.0732.15-75.0-23.86-26.5+/++-/***,+-26.5/-+-75.0+32.15*-90.07/-61.57*75.46*56.02*+-70.62
67.62-50.9180.97-84.4191.0738.4617.1973.5310.1439.23+/*+-*/+*,+39.23/10.14*73.53+17.19*38.46+91.07/-84.41+80.97*-50.9167.62
4.04-51.2636.2458.1273.2589.641.2725.773.0967.25*++/-/+*/,*67.25+3.09+25.77/1.27-89.64/73.25+58.12*36.24/-51.264.04
61.52-28.6677.054.5382.291.8739.04-2.6-52.4554.74///*/+*-+,/54.74+-52.45/-2.6*39.04/91.87*82.2*4.53*77.05+-28.6661.52
11.8930.9958.38-71.9770.7523.30.61-53.97-72.83-22.39**/+--+//,*-22.39--72.83/-53.97+0.61-23.3-70.75+-71.97/58.38/30.9911.89
-32.66-83.235.5179.99-72.9590.199.09-13.5-48.37-43.6++---*-+-,--43.6+-48.37--13.5-99.09-90.1*-72.95-79.99+---83.2-32.66
/23.997.63-44.45-0.06-79.24-34.91-0.7176.29++*+--*/**,-77.42*76.29+-0.71--34.91--79.24*-0.06/**7.63*23.99-28.94
21.65-47.08*-93.5690.720.0654.0198.1232.03+*///+-*/*,*46.94/-/98.12/54.01+0.06-90.72*-93.56/-42.46*-47.0821.65
-14.72-20.6239.6349.65-34.5810.66-15.7525.48*73.72++**+*++-,/73.72+42.12*25.48*-15.75+10.66*-34.58*49.65+39.63/-20.62-14.72
94.3286.86-33.2291.33-14.75+93.82-88.0225.85-33.08/+-**/++/,/*-25.85--88.02*93.82*62.26/-14.75+91.33+-33.22/86.8694.32
-47.09-37.1585.57-56.5398.896.62-84.611.552.8612.61+****+**/,+12.61*52.86*1.5*-84.61**+98.89*-56.53*85.57/-37.15-
-58.42-26.4887.3199.2-52.5563.8/6.4-2.1454.41+-/-**/-*,+54.41--/6.4-25.44*63.8**/99.2-87.31*-26.48-58.42
12.3897.2274.2168.51-31.1861.81-78.43-23.734.5860.65///-//--*,/60.65/34.58/-23.7--78.43/61.81/-31.18-+-74.21+97.2212.38
