Formula,Result
-++---++613*+-914272197384730612598/264813**633-678916-662-146,613+(914-272+197)*384+730-612-598--726/-928+633*-678*916+-662--146
/-68*-377+-++-846276*/-44685230482///624-975---817*-55192914-948,-68+(-377*(-846+276+(-446/852)*30-482+(624/-975/(-817--55*192-914)/-948)))
+208*635-++++/165844*800685*+-256/-120248-859477/-790833*335-910,208+(635*(165/844+800*685+(-256+-120/248)*-859+672+-790/833-335*-910))
++/89-1244*497-681/803+-630*-166+---/889-22-670-763546+447629,89/-12+44+(497*(681-803/(-630+-166*(889/-22--670--763-546+(-272+629)))))
--+/--+--*752515608655**-643294-510-176*810535327/550-428527904,752*515-608-655+-643*294*-510--176-810*535-327+550/-428-527-904
-+*//-399824-145763*//776-249-+-567*--633*-85047-689-108-961/-396389,-399/824/-145*763+776/-249/(-567+(-633--850*47)*-689--108)*-961--396/389
+-++52712452*236184-+/-50-780/*-68274--399760**644192-43218,527+12+452-210*184+(-50/-780+(-682*74)/(-478-760-644*192*-432)-18)
-+---++-+769-230981649-415/115-28/*-891-1874-63*225-218*150951,(769+-230-981+649)+-415-115/-28--891*-187/4--63+225*-218-(150*951)
---++--554/+949-149-940*-72333*/457-62540*//236371-847516-65-539,(-554-949*-149/-940)+-72*333+457/-625*40-(236/371)/-847*516--65--539
--/601*/-684-339-570445/361*826*-467-///584-527594574*/469731629,601--684/-339*-570-445-361*(826*(-467*(584/-527/594/574-469/731*629)))
+-+498-877*-506-809-332*371+//856-103626--270**-383584--154*405-378,323+(877--506*-809)--332+371*(856/-103/626+(-270--383*584*(-154-405*-378)))
++----188294+-802/255627-688-991-+254//589944+-153*55080316159,-188-294-(479-255/627+-688)-780+(-271+(589/944)/(-153+550*803)-161)+59
++/+++-259-593/+-589645808/308113*430-464/*844-85-972-384*866-438,259-506+(-589+645)/808+308/113+430*-464-844*-85/-972+-384+866*(-438)
+++-32//40-222-416439+--+475/+--957781-47-887533-32-8*69389,32-40/-222/-416+439+(475+(-957-781+-47)/-887-533--32+-8)+(69*389)
-+//-731-280955-249***-277128796--+699-*-29/436/-897-9032-340-170,-731/-280/955+-249--277/128*796*(699+(-29-436/(-897/-90)-32)--340--170)
*-65-/*-291++--495*970446124647-211-/-555326--820-913**27127-608,-65*(-291*(-495-(970*446)+124+762)/-211-(-555/326-(820--913-(271*27)*-608)))
-++++--+41//-98595558239-221645295580///-705686163537/-26183,(41+-985/-740/582-39--221+645+295+580+-153/686/163/537--26/183)
++462*/292-500-----434-966-821*-133204*993-805-158+--868*-48920394,462+292/-500*(434--966--821--133*204-993*-805--158)+(-868--48*920+394)
--+*-74*-600406709*522-920*//***312-362-625872--455-618-880-282354,-74--600*406+213-522/-920-312*-362*-625*872/(455--618--880)/-282*354
-626--/450519404-+-983682++--46933*563-69**519945308/-440-872,626-(450/519-404-(-983+682-(46-933-563*-69+519*945*308+-440/-872)))
+--+***908936395--***-761-408677-901-251-759-793-872-518+*-906-314-997,(908*936)*395*(-761*-408*677*-901--251+-759)+-793--872--518+(-906*-314+-997)
+/*-124*-222-644+--+/-116-919+--411663/769-486*610124886-393627363,-124*(-222*-644)/(491/-919+(411-663-(824/-486)+610*124)-886--393+627)+363
-+-++*/-100989583-944387*773421790+428*-463++107//-373-258-533-907,(-100/989*583)+-944+387-773*421+790-(428+-463*(107+-373/-258/-533+-907))
/+-662-761+*-828-560--879/651+-665/412+/249-174/*-710-427+/-521-62736,-662+-761+(-828*-560+(-879-651/(-665+-973/(249/-174+-710*-427/(-521/-62+(736))))))
+-538-***520154-946-752-+--192306**584-294-826+--236/-883-158/-166592,-538+520*154*-946*-752*(-192-306+584*-294*-826-(-236--883/-158+-166/592))
-**-906--/**-588-659143926-263**/**-970951-66-739-5-997-562/-910-572,-906*(-588*-659*143/926--263--970*951*-66/-739*-5*-997)*-562-(938/-572)
+-/+--16/-272591**-517-510168167*300-329/*/-221-696*-93555196-803,-578--272/591-(-517*-510*168)+167+300*-329--221/-696*(-935*551)/96+-803
--++**609-469767758/-503--903-812**575-738-528**701-564++81-465329,609*6*767+758+-503/(-903--812)-575*-738*-528-701*-564*(81+-465+329)
-+-925**78986-858+-+687408-843/114--526696*-986--22+447+-984-751,-925+789*86*-858-(687+408--843+(-956/(526-696--986*(-22-(447+(-984+-751))))))
+++-772-501/**///-85420-305-503-639372-157-660-154//324-534166-33,772--501+(-854+20)/-305/94*-639*372/-157+260+(154-324/(534-166)/-33)
+-++--221-954*/-749-364-958*/233-784-347/662-477//-797//-796-640-354-115,(-471--954+-749/-364*-958+233/-784*-347-662/-477+-797/(-796/-640/-354)/-115)
+++--+-19528760-246-933*407++/*-78-815597//663-863-70144*-665636,-195+28-760--246+-933+407*(-78*-815/597+663/-863/-70+144)+-665*636
--571*-50++-661884+/-274397*-444-+-+151-640--/554769638708831-358,-571--50*(-661+884+(-274/397+-444*(151+-640-(554/769-638-708)+831--358)))
++-+-+-622-360**766121-380483-709+-**//-640372-849208-506-851646709,-622+-360-766*121*-380+483--709+(-640/372/-849*208*-506--851+256)+709
++-++-**368375-59-869//*711938659-320-590-499/17-782/-990-190900,368*375*-59-869*(711*938/659/-320)+-590+-499-17/-782+311/-190+900
-----++++-523-402/-9749349-870559794-860*/**-930283415-113-383577,-523+-402+-974/934+9+-870-559-794--860--930*283*415/-113*-383-577
----+-531857*-834444/-203346*-406-73669//*//29779-643-287-982-73,531-857+-834*444--203/346--406*-73-669-297/79/-643*-287/-982/-73
+/--424-377-239*-336-++++*413-923/413274+-371**143896-938-772493-483,-424/-377/-239+-336*(413*-923+413/274+(-371+143*896*-938)+-772+493--483)
-+-*-809-550*++-+554458/*/-790862-510196778-754588/579810/123-830,-809*-550-(554+458--790/862*-510/196+778+-754)*588+579/810-123/370
++-+/+--704835-119-175/**/-828721-847915-339-386+-666939//-120-795-294,(-704-835)+-119+-175+(-828/721*-847)*915/-339--386+-666/939+-120/-795/-294
+--++-+-582*+/892537*433661309697*-792345-909-346223**-267630131,-582+(892*537+433*661)*309-697+-792*345+-909--346-223+-267*630*-74
---+-+--317-658/-746-681*-579-421/*-584421-786*-798436826+/-11-62144,-317--658+-746/-681--579*-421+-584*421/-786--798*436-826-(-11/-621+44)
--+--963//-870-442-803*890-561*148-+--843574-406/-612-953726+-889964,-963--870/-442/-803+890*-561-148*(-843-574+-406-612*-953/726)-(-889+964)
-/---/-39231*-811/850974-772*-987-877/*205822-891**-355214-51481,-39/231-(811-850/974)*-772--987*-877-205*822/-891--355*214*-51-481
--++*//-59**694273586-940-560180*834617*//358-953398-143/-799694,-59/(694*273*586)/-940*-560+180+834*617-358/-953/398*-143--799/694
-/791-372-+/-736-401*30-105++476*/-416-601-442/-445-*-886-814+18343,791/-372-(-736/-401+30*-105-(476+-416/-601*-442+-445/(-886*-814/(183+43))))
+--+--+975953343+921-627///-9563193-874-981/*-115*556-833-377154,(-425+953-343)-(921+-627)+-956/3/193/-874--981--115*(556+-833)/-377+154
+-+++-345520703518*751350-279/-521--101-+-358+219981/*-734-161149,345-520+703+518+751*350--279+(-521/(-101-(-358+219*981--734*-161/(149))))
+-+++-++*+*363-92686679/-459-907-325-61-166215198/536923*-128-64,-738*-92*686*679+-459/-907+-325--61+-166+215+198-536/923+(-128*(-64))
--++-987*-69858*224553-*//254-625-241467-999/651-+-720-170703,-987+-698*58+224*553--698/-625/-24*1/467-(999-(651/(-720+-170-703)))
--731/676462+-+*/-81-731-157257-307/-180+-924539--606**107637-477,731-676/462-(-81/-731*-157+257--307+-180/(924-539+(-606-107*637*-477)))
+---+++-130/316-276864/509941*286411*-162644662-783/181/866879,(130-316/-276+864+509/941)+286*411--162*644--718--783+181/(866/879)
+-++9586**-410-736-+*--877861898-504/994-47-713*/*-767178-586-620,9+586+-410*-736*(-877*861*898+-504-994/-47)--713+-767*178/-586*-620
--/-45611/-854865-----908++-/-402-916*825-283-243/-432-732452594366,-45/611--854/865-(-908-(-402/-916-825*-283+-243+-432/-732)-452-594+366)
+--504/-923+-/545-783****-553-49191359-522/-537681/**-757731-7-586,-504--923/(545/-783--553*-491*91*359*-522+-537/681)+-757*731*-7/-586
++--*-*-169-617-891-629/-241-587-146-673**98--413144710+423+-195-753,-169*-617--891--629--241/-587--146+-673+(98*(413-144-710)*(423+(-195+-753)))
++291*340-648-+-+-+--260849-63/917-453249-948*/610-166769/750-729,(291+340*-648+(-260-849+-63-(917/-453)+249--948+610/-166*769-750/(-729)))
---/-827440*133-839*-516-432++/-280-238913+502*-++395273812960643,-827/440-133*-839--516*-432-(-280*-238+913+(502+(395+273+812-960)*643))
--+++/-857-187749381110-945+-*-863-273174-45**//588-733544-205760,-857/-187+749+381+110--945-(-546*-273-174+(45-(588/-733/-849*-205*(760))))
+-+*274--+-158157-482805684/-418-949/791-470/*//-402698-118-607146,274*(-158+157--482-805)+684--418/-949+791/(470--402/698/-118*-607/(146))
---838*/-993-541947++--556/-134-342*367/-413955//107-976**-959-86-27,-28--993/-541*947-(-556--134/-342+367*(-299/955)+107/-976/(-959*-86*-27))
+///-233121-224711/-276//21216+--645/*-389268166-+522/-921951-358,-233/121*-224/711+-276/(21/216/(-535-(-389*268)/166+(522+-921/951--358)))
+**410-*-540++-639/-704734/*-+--204-72697-540421-41248949-319626,410*(-540*(639--768/734+(-204--726+97--540)*421/-412+48)-949)*-319+626
-++***-230-436964741432/*/*741900-418-325++*502-796-246-8*-26-323,-230*-436*-704*741+432+741*900/-418*-325/(502*-796+-246+-8)-(-26*-323)
-++--++*/-498-946-69-71**-526825-269-393-5-343/*58-555-775*-247-955,-498/-946*-581+-71+-526*825*-269--393--5+-343+58*-555/-775--247*(-955)
+--++-+-347-815824662****767-42455447468762/-388997/-752*-274-35,-347+-815-824+662+767*-424*554*474*68-762--388/997+-752/(-274*-35)
----*/**/-995485++-949354/62838-578-26529887-915-221633278-345,-995/485*(-949+354+62/604)*-578/(265-29)*887--915-(221-633)-278--345
--++-+-/**-860847732-864-802-524-992584204*555-569***-387850-275602,(-860*847*732/-866)--802+-524--992+584+204-555*-569--387*850*518*(602)
---++135-384-525*+-607-2676307*//-913144956+/-567644789--453464,135+-384+-525-(607--267+6+307)--399/144/956*(-567/644+789)-(-916-464)
-352++-+***-332-522+401-184-106825961/*/-790571-698-330-/851-281-88,352-(-332*-522*(401+-184)--106+825-961+-790/571*-698/-330+(851/204--88))
+-++--33668*-233166213//614-308848-+-+-730592-997-252/-240+141-836,-336-68+-233*166+213-614/-308/848+(-730+592--997+-252-(-240/(141+-836)))
+--762*/*/*-857156*658484-655-882-53*-+/-222-467*-904-936373*512894,(-762-(-857*429)/(658-484)*-655/-882*-53+(-222/-467+-904*-936-373)*(512*894))
-++-29*-86-+385-959997-672---465/**793-428-567*-542-623**961-341-815,-29+-86*(385+-959-997)+-672-(-465-793*-428*-567/(-542*-623)-961*-341*(-815))
--**-37326-88/--*-380100293*-89576038-/*-899-235396*-295+-214977,(-37*326*-88-(-380*100-293--895*760)/38)-(-899*-235/396--295*(-214/977))
+++-/+///-48196120-461*342752/**686-475-935807-496226-973857-833,(-481/961/20)/-461+342*752-686*(475--935)*807/-243-226--973+857+-833
-++-354-338-801-193--555+/127125**504757-125-//748182-522/-240957,354--338+-801+-193-(-555-(127/125+(238*757*(125-(748/182/-522--240/957)))))
+-++++-25619832-817*843215//+**563-519558-701241-596*/321-398-123,-25+619+832+455+843*215-563*-519*558/-701/241/-596+321/-398*-123
++---885-+101381687/-128825/-839807**/217301-634*-+553169269-618,-885-(101+381-687)--128/825+-839/807+217/301*-634*(553+169-269+-618)
+-++--864/822-478-851598**/241670-335395--*+*-492211408-687607-820,-864-822/-478+-851+96-241/670*-335*395+(-492*211*408*-687-607--820)
++--158*-614-127//*/**-112731-590*373-563-376-546776/**347759310-919,-158--614*-127+(-112*731*17/(373*-563)*-614)/-546/776+(347*759*310/-919)
++---287-*-911475-354*/+*-210162-143-109++538181238*-409715/199443,-287-(-911*475+-354)--210*162/-143/-109*(538+181+238)+-409*715+199/(443)
+++//-578-+798171/807-772-317*-486477*260-934/185-699+*-54-604-136,-578/(798+171-807/-772)/-317+-486*477+260*-934+(185/(699-(-54*-604+-536)))
+++-+-+161-938874-780/625-568620/617831/-325-*379-854--927*40-600,161+-938-874+-780-625/-568+620+617/831+-325/(379*-854-(-927-(40*-600)))
----337/*484-243-629*/197-335714/**-426145-807++106*742540/798-944,-337-484*822/-629-197/-335*714--426*145*-807/(106+742*540+798/(-944))
-**-74*602-188-951---/960-167-879//*67322-456384-*66518/320-329,-74*(602*-188)*-951-(960/-167--879-673*22/-456/384-(66*518-320/-329))
+-+--+++-/-303-64141/543-52-666881508/*-120-329-792-139-641*389423,-303/-641-41+543/-52+-666+881-508--120*-329/-792+-139--641+389*(423)
+-+588/-+++-430/-236+-621198/*602250652*348909-766272956480329,(588+(-430+-236/(383-198-602*250/652)+348*909+-766-272)/956-480+(329))
--684*//104+---34518+-879-500*-305-260/-199808462-432--983-532968,(684-104/(-34-518-(879-968+-305*-260)+-199/808)/462*-432)-(983--532-968)
--+*678-482-610-141*353*199**---41499-989911-553/*/-713-817-448682,678*-482+(610--141)-353*(199+(-41-499--989)*911*-553)--713/-817*-448/682
-++-832949/105-983/-366437----//-68310-689/905-274/450-95167745,832-949+(105/182)+-366/437-(-68/310/-689-905/-274-450/-951-67-745)
++618937+288-690/-160+*-49--/+*-55526-89896-92-453**-601-447330,618+937+(288+(690--160/(-49*(-55*526/-898/-410--92--453)+-601*-447*330)))
-*--++--302*/-656-58308-235786*-494666251-576/-43297*209+508552,-302--656/-58*308+(235-786)+-494*666-251--576+-432/97-209*(-308+552)
-//*193-478-839878*/543908/*51+-412/1-932+*849599/-720+237591,193*-478/-839/878-543/908*(51*(-412+1/-932)/(849*599+-720/(237+591)))
-+-++--921/24463202-903/**///635862-174942-68-104446-739691212,-921-244/63+202+-37-635/862/-174/942*-68*-104/446+739*691-212
-++-*-909876-+-+--642579-511141*-819*-751550140584**-480-888817-72,-909*876-(-642-579+-511-141+-819*(-751*550)-140)+584+-480*317*817--72
--+-//*-+-273---340/-23092-111123-594-76393-945**-970978-396694-494,(-273+(-340--230/92--111)-123)*-594/-76/393--945+-970*978*-396-694--380
++-++--34011///829-495330195*-520-583*505-460/-536505*/943-690951,-16-11+829/-905/330/195+-520*-583-505*-460+-536/505+943/-690*951
--*-368573++-957-354*/952--412-221-835-145985/-719--925-465*486-38,-368*573-(957--354+952/(412--221--835)*-145+985)--719/(-925-(465-486*-38))
-*//**+*584-300**-+-715415-995*537126-960135-529--528-524-374-673976,(584*-300+(-715+415--995+537*126)*-960)*135*-529/(-528--524)/-374*-673-976
--+-/388997/*909-943300615-426//21-++-747342-3-88/*-432705-337,(388-997-310*-943/300+615)--426-(21/(-747+342+-3--88)/(-432*705/-337))
*+*/734862-+---742+-*/-518-760861761221767-644/-803433344+-781-381,(734/862*(-742-(613/-760*861-761+221)-767--644--803/433)+344)*(-781+-381)
+-174*-*//-574138-841--501901/-439610--760*-950-556/650+-883-67484,(-174+(-574/138/-841*(524-901)--439/610)*(-760--950*(556-650/(883--674+84))))
--539+/**-903336-975-824//-265--936/-*//-616-29-945-187*574-711-97-680,-539-(-903*336*-975/-824+-265/(-936-(630/-29/-945*-187-574*-711)/-97)/(-125))
+----802/-343-388/-167894***--988-556-621559-+-844/941-655-64917939,802--793/-388--167/894-(-988--556)*-621*559*(-844+941/-655--64)-917+656
+/4634*/-740-839++---+--936*-361233428*921-968*238878-302410-61,-892*34+(-740/-839*(-936--361*233+428-921*-968-238*878--302+410+(-61)))
+-522++-138571/*/96127+-+-+28-630*/-912-482800427/845-13700706,-522+(-138+571+96/127*(28+-630--912/-482*800+-927+845/-13+700)/706)
+-880+--+-60-482---505-622742-3836+-221---+823-303-202/-999-968-294,-880+(60--482+(-505-291-742)--383-6+(-221+(823+-303--202--999/-968--294)))
+++--239-431*677-194*****185-539-801773340-367/**970237416+873-603,-239--431+677*-194+185*-539*-801*-889*340*-367-970*237*416/(873+-603)
+-++-++++-771652-37-392*-815109124341//-7662530-87/883*475281,-771+652+-37+-392+-815*109-124+341+-766/25/30--87+883/(475*281)
++++++936+-189380-592837***///*534311400-959-556761-351-50-984821,936+(-189+380)+-592+837+534*311/400/-959/-556*761*-351*-50+-984+(821)
+-754/*684*-13-768526-+*-811348930+-499563*-616+*551-7*288-323,754-684*(-13*133)/526+(-811*348+930-(499-475+-616*(551*-7+(288*-323))))
-+473+-+-778257*/-182+*-214-3739737629*-519-948*998+--120-278-222,473+(-778+257--182/(-214*(373-9)+737)*629+-519*-948)-998*(-120+-278+(-222))
-+*-+-946-453*264-103230/*441-275-204*390-948*//*-944-46479487391,(-946+-453-264*-103+230+441*-275/-204-390*(948--944*631/794/873*91))
+-+-733-619//85-231-/-118+---28791-132-471565*952-390--491/-900323,733-720+85/-231/(-118/(-28-791--132+-471)-565)-952*-390+(-491--900/323)
--967-+/*/529+836631/-303264123-562--803/215-432/-596+-29636473,-967-(77/(836+631)*(-303/264)/123+-562-(-803-215/(432--596/(296-364+73))))
++++---136*/*436408365-873919/308*346-73-803/-928373*/602-62283,-136-436*408/365*-873-919+308/(346*-632)+-803+-928/373+602/-62*(283)
+-442-+----870*-13920285-480598*/695894--+-728/-986-755/-805413-195,-442+(-870--139*20--584--480+598-695/894*(-728+-986/-755-(-805/413)--195))
++/*/*++*//917654679-231/-829897-945-985-72194-442-614-*-279859-45,(917/654/679*-231+-829/897+-945)*-985/-721*94/-442+-614+(-279*859--45)
-+-+-----710/-171745-270933*//-619-305/828709517-546371-501/409-312,-710--171/745-694-933--619/-305/(828/709)*517+-546-371+-501-409/(-116)
//+--+--702+--773871*627-276251/-398-858*416-521-221-608457-857-231,(-702-(773-871-(627*-276)+251)+-398/-858-416*(-808--221)--608+457)/-857/-231
+--**-531494334/-529-334*609*235-4//903257-++911317*901955471,-531*494*334--529/-334-609*(235*-4)+903/257/(911+317+901*955-471)
++++/**-15139564-816/997120*318-284*-3452**//-211-385721-119-724,-151*395*64/-816+997/120+318*-284+-345*2+-211/-385/721*-119*-724
*551+*//-741149-107378+/-248-237*/286-701---66**/-494-654-716-389193,551*(573/149/-107*378+(-248/-237+286/-701*(-66--494/-654*-716*74-(193))))
---344241/+--+441-881/-784-76-97414+-348//*/-436-418-190--817259-938,-344-241-(441+-881--784/-76--97+414)/(-348+-436/-418*149/(-817-259)/-938)
--//*/---653*/-143113-983-145-384-482-533-317-435-+*-28-918216*902826,(-653--143/113*-983--145)/-384*-482/-533/-317--435-(-28*-918+216-(902*826))
---++-+-422/253-33422***874-781-53058//-507-386-153*-536918495-522,-422+253/-33-422+874*-781*-530*58+-507/-386/-153--536*918-495--522
---500-506*783++331/495-571**/813-864-404-+620/-123263//-784190-364,-500--506-783*(331+495/-571+813/-864*-404*(620+-123/263--784/190/-364))
-+---996463613/993876/*-567-188*-469++++*6-49801-10101/512555,-274-463-613+299/876--567*-188/(-469+(6*-49+801+-10+101+512/555))
*+++-++-587/671640-491-860//714279-182-924/-108-842-68+*153-862762,320+671/640+-491--860+714/279/-182+(924--108/-842)+-68+(153*-862+762)
-+--*--*/771-965-57409747468-776/247814/**252-716-505546/-397149,771/-965*-57-409-747-468--776-247/814+252*-716*-505/546-(-397/149)
++/-606-+--573/-698461*261705/*/-182203-516985-437/-527/863*-127-681,(-606/(-573--698/461+261*705--182/203*-516/985)--437)+(-527/(863--127*-681))
+-*/22841249*-599-698++-+-522*-125-389-167-204/878/+*-334-686-942-389,228/41*249--599*-698+(-522+-125*-389--167+-204+878/(-334*-686+-942+-389))
---606-++-280-831*-988-11147/*-563-737---+*861426762625-101/-546841,-606-(-280+-831+-988*-939-47)--563*-737/(861*426+762-625--101-(-546/841))
++--++---++641/-899314942779/802-639-289-370-955984206*-189155-105,641+454/314+942-779-802/-639--289+-370+-955--212-206+-189*155+-105
+--+++-852-721*/*127-269-89654624/427-719-298-956*//-668-381-504626,852+-721+127*-269/-89*654+624+427/-719--298--956+-668/-381/-504*626
-----122-123//749660-331*/695218-749-+-+-414396-846-459/-740/-363-231,-122--123-749/660/-331-695/-659*-749-(-414+396--846+-459-(-740--363/-231))
+-+-408**-717272815*-997-912//*/**/-817-756581731-321259-277*337941,-408+-717*272*815--997*-912+-817/-756*581*731/-321*259/-277/(337*941)
-+*/78186*775-899//*-801-156-360-712/-922-/*247102730**441-958675,781/86+775*-899+(-801*-156)/-360/-712--922*(247*102/730-(441*-958*675))
-*-+*-911-554/-331238768*---865-846217158--++580-305-66-706/936-849,-911*-554+-331/238-768-(-865--846-217)*158-(580+-305+-66--706-888/-849)
++-921*/-546190986456--*529117**/*-27/-583394-115-356641*159239,(921-(-546/190)*986+456+(937*117--27*(-583/394)/-115*-356*641-159*(239)))
+*/*837885260/5258---911-42--771---339-567*//-935-331-709+-713826,837*885-260+52/58+(-911--42-(-771-(-339--567--935/-331/-709*(-713+826))))
--910-45-++-+-594196//*98+-702/2569-2360-778542+*316658275,910--45-(-594+196-(98*(-702+2/569)/-236)/-605+-778+542-(316*658+(275)))
+---++-267-655-688-*/*/256960-658-817126242964426/-163+/550-839446,-488+-655+-688-(256/960*-658/-817*-993-242)-964-426+-163/(550/-839+(446))
---+--*-2-57428355-16536791*/-321-290--/*-287-944379-222*862-867,(-2*-574-28-355)+829-36-791--321/-290*(-287*-944/379--222-(862*-867))
+-514*/-695-855-*-612-629+-**/-4-639-259-726-579**341+646/-443-759502,-514+-695/-855*(-612*-629-(-4/-639*-259*-726*-579+434*(646+-443/-759)*502))
++-+*++-*616+934-309+-+-542-528228237503-670-368*-548928732-830-584,616*(934+-309)-(-542+-528-228+237)+503+-670--368+-548*-208-732+-830+-584
-+--+*97-38-155/**-706++-981-433*-274-989-489487*17942/-894475958,97*-38+-155--706*(232+-433+-274*-989)*-489/487-17*942+(-894/475)+(958)
-++-+-/-470469*/575138-293/502601**/-568870-965-150--100371-899760,-470/469-575/138*-293+502/601--568/870*-965*-150+-491*371+-899-(760)
-++++++-98/*288-984958//354-99608-396198393*892--284692751791,98-288*140/958+(354/-99)/608+-396+198+393+892*(-284-692)+751-791
-*-731-642/**900++*-418-+914*468-626907687/286548624/*-489-348813,-731*-642-900*(-418*(914+468*-626-907)+687-286/548)*624/(-489*-348/813)
-++438*-445369/*-776258++*-138390/-98-61699-*-585649+*-548-348933,438+-445*369+(-776*258)/(-138*390+-98/-616+99)-(-585*649-(-548*-348+933))
+++--389--*676-871/-220-702316-201429/*213-1649/-8+492/-487383,(389-(676+-871--220/-702-316)--201+429+213*-164/9+-8/(492+-487/383))
+---++554/-883568*104-875-142*-411354/***-792944*-769846614335706,554+-883/568+104*-875--142--411*354--792*944*(-769*846)*614/335+589
++-+-**698-570416171-231/*-708824151/509-265/*/595*81559296887,(698*-570*416-171+-231--708*824/151+509/-265+595/(81*559)*296/887)
+++---55*777876/*619-188-37383-867///77549676317/*94-983215,55-777*876-619*-188/-373-83+-867+775/496*763/17+94*-983/215
------/327-387/362-908-424-845-241-94*250+-*-993481*71-50*218-725,(327/-387-362/-908--424--845--241--94-250*(-993*481+71*-50+218*-725))
--*311-451-356//377-480781--838*-495-++450/963-586-245*270*67820,311+(451--356)-377/-480/781-(-838--495*(450+963/-586+-245-270*(678*429)))
--+----**-48599-432-589//-953475587/-346405/-211-559284-941/-659830,(-485*99*-432--589-(-953/475)/587--346/405--211/-559+284--941)--507/830
++*123-662**520214467--*486396*369-55/-480/-111+*158-322*-489-116,94*-662+520*214*467+(486*396-369*-55-(-480/(-111/(158*-322+-489*-116))))
--+-+*/-641735-89578-820854669-+--121-94772+--786*82657475193,-189/735*-89+578-17+854-669-(121--947-72+(-786-826*57+475)-193)
++--/+++499--477*///-522954-172519859-284-208823*-434-263-388262808,(-111+(-477--522/954/-172/519*859)+-284--208)/823--434*-263--388+262+672
++---+--970/*993354-991/-423-702*296*966348**930-478-362-145-486-498,-970-993*256/-991+-423/-702-296*(966*348)-930*-478*-362--145+-486+-498
-+-+-+/-567-828*-310506*/-189-922336/-927199/*728309885-952*944976,53/-828+-310*506--189/-922*336+-927/199-728*309/885+-952-944*976
++-464*+-25361-331++586444*++--876569734117-338*-938*911361-179,464-(25-361+-331)*(586+444+(-876-569+734+117)*-338)+-938*(911*361)+-179
++548-927///*/+---516*715277--921*714-55888*-59386823718152218,548+-927+(-516-715*277-(-921-714*-558)+88--593*86)*823/718/152/218
++//*-586-850-542**667-38-802/-512723/*-171888536*578+*8074551,-586*(850--916)/(667*-38*-802)/(-512/723)+-171*888/536+(578*(807*4-(551)))
--+*-/734-716801/-11323429//*-650600847920/**-225-2195499-998,734/-716-801--113/23+429--650*600/847/920-(225--219)*54*99/-998
--++-684/839++-177-628/-397-335961/-782-261//368-867134**516-245-143,-684+839/(177--628+-397/-335+961)+-782/-261-368/-867/134-516*-245*-143
-826/-371****255-+*-283-144*-864-89757-964-935//-302-336--126/-446-888,(826--371/(255*(709*-144+-864*-897-57)*-964*-935*(-302/-336/(-126--446/-888))))
-+---/-734-50//26565126-129/**/-84826358883194*688915-191694,-734/(50-265/651/26)--129--848/26*358*883/194-688*915+-191-(-389)
-+++--959*///-283713515-782-382-240-680-+-673+535-697-305-681--116-42,-959--283/713/515/-782*-382+-240--680+(673-(535+-697)+-305--681)--116/-42
/++-/**/-663/-935-760-681++-398-722-422-714463*713-172/*605552-240-42,-663/(-935/-760)*-681*(-398+-722+-422)/-714-463+713*-172+605*-460/-240-(-42)
/-729--++-615//923-934-276*/-74228467-494171*-579+-282/-354665-289,-729-(-77-(923/-934)/-276+-742/284*67+-494-171-579/(-282+-354/665)*-289)
----/-418-614-309/+--*-143-667-98*-743197--420-467699*721636--648-264,-418/-614--309-(-143*-667--98--743*197+-420*-467)/699-721*636-(-648-785)
+-/*-361220728/-992-903**/*491400162782*-629*-4156/-174+690824,-361*220/728--992/-903+491*400/162*782*(-629*(415*6--174/(690+(824))))
--+****-789-172375--++691-561/-560767-952/736-308-333385*874-7336,-789*-172*-422*(691+-279+(-560/767)--952-736/-308)*-333+385-874*-73-36
-+++-*/-131-233-299809/-699-438/145-463-649*-768*/173203+402/-788457,-131/-233*-299-809+-699/-125+145/-463+-649--768*(173/203*(402+-788/(457)))
--+---38*288-358736467-840/-529---779/-627-303/*-909416-+-456864-878,-38-288*-358-736+467--840--529/(-779--627/-303--909*416/(-456+864--878))
+-+-+-885862831//468--++998-516422-251-93820*/966-206-448*858-157,657+862-831+468/(998+-516+422--251--938)/532-(966/-206*-448)+858*-157
+--808833*-776-388***186-595357--/-26963182+**-978112-140/269-333,(808-833-(-776*-388)+186*-595*357*(-269/631-82-(-978*112*-140+(269/-333))))
-/-965762--453-++-+-758-120-780*/*368-4780-506-255/-766**-159160582,-965/762-(-100*(-758+-120--780+368*-47/80*-506+-255-(-766/(-159*160*582))))
+-+388-385-641*-817-601*-882+++171-511-883***897-64-950/808/-918610,388+-385--641+(-817*(601--882*(171+-511+-641+897*-64*-950*(808/(-918*610)))))
+++/-307495**/-199655-661-403///-670-940+*376-746/-286918+658-83424,-307/495+-199/655*340*-403+-670/-940/(376*-746+-286/918)/(658+-83)+424
+-++--157*-948-497808***886760-388-182-658/*/-942700-227+-575*703131,-157--948*-497+808+886*760*-388*-182--277+-942/700*-227/(179+703*131)
+++--450-524++69/120-982//-746*267731-287-852987131/-908*-876-697,-442--524+(69+120/-982+(746-267*731)/(287--852)/987)+131+(-908/(-876*-697))
++-/-406-943/320328-445-/-+-256-49+340947/**/4142-458-180-759-61,(-406/-943)-320/328+-445+(-256+-49-(340+947)-41/42*-458*-180/-759-(-61))
-+-+++*243-830//-8-249-262/*440-548354863-209/*/-81549253712329,243*253+(-8/-249)/-262+440*-548/354+863--209+-815/-318*53/712-329
++377//841363885////*81613-517659-601-***339968-275-887*616412,377+841/363/885+816*13/-517/659/-601/(339*968*-275*-887-(616*412))
-++**725650--660319/*106923642/549659*/924177-468//-646-761-100,725*650*(660-319-106*923/642)+549/659+924/177*-468--705/-761/-100
---**/*668-953-828/-789-345-605943-799+*-259-535-/+*65941-897520-293,668*-953/-828*(-789/-345)*-605-943--799-(-259*-535+(65*941*-897/520--293))
/*-962+-+-754/**-954242-5384-951*/437-230427-229--402*411*-602-673,-962*(754--954*242*-538/4+-951-405/-230*427+-229)/(-402-411*(-602*-673))
++-+*/623-773478/+--583*18-541*322-114-849-867///-388900-622922-783,623/-773*-427+(-583-18*-541+322*-114)/-849--867+-388/900/-622/922+-783
+-+-31/-321-266681+252*266+422--//127-314/-831751-624+/507-79444,-31+-321/281-681+(252+-441*(422+(127/-314/(-831/-116)--624-(507/-794+44))))
++-++---*-329-12/19-662437-210-840685*-47-+310-962*-480303-387-162,-717*-12-19/-662-437--210+-840+685--47*(310+-962--480*303)+-387+-162
+//-344282-700/*827-183+---+-643744-555617-675----19/857919-547-405,-344/282/-700+(827*-183/(-643+744--555-617--675+(-271-857/919--547--405)))
+-+--*/-759924-140/-244--805/-209908+238-513*/*474-666-943598-411-209,-759/924*-140--244/(167--209/908)-238/-122+474*-666/-943*598--411+-209
+/-+-+-274296-304333//*509-537632-1000-700/+--/228-761376-459376-46,(-274+296--304+333-509*-537*632/-1000)/-700+(228/-761-376--966+-988)/-46
-+----++**-152183656-312-202-624559713*-807-668/82-*646156406-795,-152/183*656+-312+-202--624-559-713--807*-668+82/(545*156-406)--795
*-++*453-895//326520272//-895274506-912/824*160++-978/-117-403-163,453*-895+326/520*272+-895/274/506--912-824/(160*(-978+-117/-403+-163))
+---*160-461-25++-723/*-240+918/*39596-3335-896-533**-293141-880,160*-461+-25-(-723+-240*(918+(395*96)/-3)/335+-896)--533+-941*141*-880
-+++-971//689-+712/*-339876587-486598-185*/-525-382-262*935600-995,971-689/(712+-339*876/587--486)/956+-185+-525*-382*-262+935*600--995
+*-662960/-712--530++-/*---117-185-249203483711/22085**-441-139746,(-662*960+-712*(-530-(-117--185--249-203-483-711+220/85+(-441*-139*(746)))))
//*/*389-541523826402*-360-//**437925555-523958+-687++-354-634-887,822*-541/523*826/402/(-360*(437*925*555/-523/958-(-687+(-354+-634+-887))))
++--++-*129979//-594-372-645480-601/-622-121*/-3542458*-117118510,(129*979-(-594/-372/-645)+480+-601--622/-121)--354/2*458+-117*118+561
---+--*-/310-6963628/63962875/**-465-254-980-710-54--536459-278,310/-6-963+628-63/962-875+-465*-254*-980/-710--485--536*459-(-278)
--+*--872+145-152+/626-702740-666*/-533-156312+-248-689+*-45473-531,-872-(145+-152)-626/-702*740+-666--533/-156*312-(248--689+-454*73/-531)
+-+/-66*/-898++--449474*-375331665197-856*-194-392464++583310285,-66/(69/(449-474--375*331+665+197)*-856)+-194*-392-464+(583+310+285)
---+---++-37858752/837-15973285/981-77265244-*/-836-562284-206,-378+58+752-837/-159-732-85+981/-77-265-244-(-836/-562*284--206)
++*-997-160442/-891*-103-403++//928853-961//-804421662*/-66155-888,(-997*-160+442)+-891/(-103*(403-(928/853/-961+(-804/421)/662+(-661/55*-888))))
+876+/-344-669-------353-129288806*454-302///-656*686775-52-859940,876+(-344/-669+(-353--129-288-806-454*-302-(-656/(686*775)/571/850)-940))
+-+-+++458335***/-23-49068889-459200-458/17722*/357764749572,458+451+-23/-490*68*889*-459+200--458+177/22--963/764*749+572
+-+/-812-524923-159**21400+-439/-542+-+326-71492//235295+-558874,-812/-524+923--159+21*400*(-439+-542/(326+-71-492+235/295/(-558+874)))
-+--/*102-231-514*148925*880-526-328--126*346-+*-846-701-91*235-705,102*-231/-514-148*925-880*-526+370-(-126-346*(-846*-701+-91-235*-705))
***--+-+483-696*/-607-76-807*//-521-733*684-727-728596-730-24372359,(483+-696--607/-76*-807+-521/-733/(684*-727)*-728-596--730)*-24*372*359
-+++-652//-886-918-598/*+835-927-30-474+/-947252510++828503/95680,-652+-886/-918/-598+(835+-927)*-30/-474+(-947/252+510)-(828+503+95/-673)
--+++----47/-246-405-905-703*/-486-142453946-359/-684164-61*740401,47--246/-405--905--703-(-486/-142)*453+946+-359+-684/164--61-740*(401)
+--149682/-428-//-51647++/591-392266485----99/-528876440+-1054,-149-682+-428/(-516/47/(591/911+266+485)-(-99--528/876-440-(-105+4)))
-++++-858-++-*70870981//*-279-357944-748950-589*-992290-502710460,-858+(708*70-981+-279*-357/944/-748+950--589)+-992*290+-502+710-460
++-++474/-958493-942--+757-98/-32-134-242*-718-875+*-289-424*106919,474+-958/493+-942-(757+-513--32/-134--242)+-718*-875+(-289*-424+106*919)
-*-509/178-380-+/+-269/150-867*20-433548/-680403*-870--491-735931,-509*(178/-380)-(269-150/-867+20*-433+548+-680/403--870*(-491-(735-931)))
++/-357-690++--665+/-488-41-71727//*909-368208-360**-352-764*-533314,-357/-690+(-665-(-488/-41)/-717+27+909*-368/208/-360)+-352*-764*(-533*(314))
-++//-941662++--842*-5-352//217715-367*-644-979942-212+640/-979-888,(-941/662/(-842--5*-352+217/715/-367+-644*-979)+942+431)-(640+(-979/(-888)))
+----**//140-57178114-530+*-882-978-515//-164485764829-819/431-987,140/-57/178*114*-530-(-882*-978+-564)--164/485/764-829--819+431/-987
+---+---378//108710484422-576-849*-628304*/*-102-645-942421-642437,-54-108/710/484-939--576+-849--628*304--102*-645/-942*421--642+(437)
++-+++*/716229-956461-776/*-311-11669*-563-11/-137-135/*-90274845,716/229*-956+461+-776+-311*-11/161--563*-11+-137/954+-902*748/45
-++*-793494-365**/-720904-483-275*995---804-563**700-615-524*891-344,-793*494+-365+-720/904*-483*-275-995*(804/-563-700*-615*-524-891*-344)
+--/54+--++-810-830-808588*/-82992718-867865//924-610-79+200-663,54/(-810+-830+-808-588-(-82/992*718)+-867)-865-924/-610/-79+(200+(-663))
++-++570*/-595765-771/-4856648-708///*-897792611-403-*-922-425-111,570+-595/-892*-771+(-4/856)-648+-708+-897*792/611/-403/(-922*-425--111)
-+///*/*-860153-754894-663898++/934617/*513-71-216882-844/-396-222,-860*153/-754*894/-663/898/(934/617+-32*-71/-216+882)+156-(195/-222)
-+/339-757-203+-+//*366869406-57669-704--480*/-55234+791*271386,339/-757+-203-(366*869/406/-57+56--76+(-480--55/234*(791+271*386)))
--+-843/**-509393320-353-156/949+558+++744*+-312958*-836867189-347,-843+-509*393*320/-353--156--692/(558+(744+(-312+958)*(-836*867)+189+-347))
-++---514/*281-75+-/53499-253873672/*-721/-654-538330132487509,514-281*-75/(53/499--253+873)-672--721*(-654/-538)/330+132+487-509
+---++616-790-883-180/745+-/96941/347808214651*/*923-818-296,616+-790+-883--180-745/(969/41-347/808+214)-651+923*-818/-29*(6)
+**---243-862/*519-452289//734568840*16272/966+//947-807-811-751,-243--862-519*-452/289-734/568/840+16*272+966/(947/-807/-811+-751)
+-+++-569/703211-957-371/-585-709+--/389-867983*-602772/*-20-192-227,-569+-579/211+-957+-826--585/-709+(389/-867-983--602*772+-20*-192/-227)
+-++---*274862/544800929***-381179606-142*602465/954512256-370,666*862-544/800-929--188*179*606*-142+602*465+954/512-256+-370
+-493/-341+-586++--584/-509-141-594/672+-112/-646274*-114**-38015869,-493+-341/(-586+(-584-923/-141+-594+672/(112--646/274+-114*(-380*158*69))))
-0-+---*//188680706662-874*954-166440166-*/*371967-726-172-140,0-(188/680/706*662--874-954*-166-440+166-(-953*967/-726*-827--140))
--+***-579-382-61216/205***235937--100813-317247//348349/342137,-579*-382*-612*16+205/(235*937*(-100-813)*-317)-247-348/-995/(342/137)
+-/***-542-81869-962-148-947/-//764+-850-139-639510-*-199-848/861-150,-542*-818*69*-962--148--947+764/(-850+-139)/-639/510/(-199*-848-861/-150)
+--++--+--554/964+*716-324-285674/-251-68-943-752850*280554809533,-554-964/(716*-324+-285)+674--251/-68--943+-752+850-280*554-809+(533)
+----+-62/-883-126360-214-764/-835-960*/637286-71***-521940-502-427,62--883/-126+360--214--764--835/-960-637/286*-71+-521*940*-502*(-427)
++--+*+/-343881/-969-60-905609470-658952*436+865*-524+-199473320,-343/881+-969/-60--905+609-470--658+952+436*(865+(-524*(199-473+320)))
-+-371+-/63-948/856364691*/*-541-495-602+*/-879-71119+/-66633-974,-371+(63/-948-856/364+691)--541*-495*-602*(-879/-71*119+(-666/33+286))
-*172451*---++*-665692**979-434-52*569356/-40335936136*326326,172*451-(-665*692+979*-434*-52+569*356--40/335-936-136-326*326)
-+--+--609-33-507/-608-393-450-642-+274/964783*/+*-759385602-439-216,-609-571+-507--608/-393--450+-642-(274+964/783-(-759*385+602)/-439*-216)
/+--+-638589-950*-718+-900-147-437-572-987-358+-**860548-319-357-122,638-589+-950--718*(900--147+-437)--572+-987+(358-(860*548*-319--357+-122))
+-/-452-562*//396+-/915-497983/-860992-488630*834/950//964994239,-452/-562-396/(915/-497-983+-860/642)/-488*630+834*(950/(964/994/(239)))
+--/-//32848-335*451--535-32197357-596//*//-656449530-217-354224,32/848/-335-451/(-535--321)-973-57--596+-656/449/530*-217/-354/224
*-++++--787+448-953/*-877-55882-/981-724-20/488-675/-106-916-337-452,(-787-448/-953+(-877*-558/82)+(981/-321--20)+488/-675+886/-916--337)*-452
-++---505361*-181-151*543-592-318-195/337-***-9241154759+178235,505-361--181*-151+(543*-592)+-318+-195-337/(-924*115*47*59-(178*-797))
+--++-916/78-12-938/**-944-318269312681*998-+-138//-99387178911,-916+78/-12+-938--944*-318*300/312-681+998*(-138+(-993/871)/78-911)
-694-++++393/-915-634/*-178-+839/789-878-797819-21318*/787-14990,(694-(370+-915/-634--178*(839+789/-878--797)/819+-213+18-787/-149*90))
+++-823/*-616-+-102/+-+*255-230-214782-745841198-380789-+-485996-63,-823+-616*(-102+(255*-230+-214-782+-745)/841-198)/-380+789+(-485+996--63)
*-850---542-+++555-827**786-980+-800558*334-135118*4-179*408514,(-850*(-542-(555+-827+786*-46*(800-558+334*-135)+118-4*-179)-408*514))
++++345-947*/-668-953265+-959///780358346+-709418*-59371/-223-171,(345+-947+-668/-953*265)+(959-780/358/346/(-709+418)+-593*71)+-223/-171
*559+-++*/792-802235/---132750-860-950-57861+201*-581//56-952-563,559*(719/-802*235+(-132-750--860)/-950+-578-61+(201+-581*(56/-952/-563)))
-/++-+-564-8454625/34-902****123-733272-881-277735/*-168195-433,564--8+454-625+34/-586+123*-733*272*-881*-277-735--168*195/-433
-+*466+*-9584972731*-949+//*//*/-344579-7080-516-80688753-139,(466*(-958*49+72)+731--949*(486/579*-70/80/-516*-806/88/753+-139))
+-+*/-882-44873/-52-53/951360*204--*679***341948-518-927-202383,-882/-44*873+-52/-53-951/360+204*(679*(341*948*-518*-927)--202-383)
+--++-**-39120-6***620175-709357562//694-625-713/-345340-7574,-39*120*-455-(620*175)*-709*357+562+(694/-625)/-713-(-83/340)--7+574
-487/*---666-11*-791-958756-++---666-992-778*/*11-660-218952815-446,487-(-666--11--791*-958)*756/(-666--992--450+11*-660/-218*952+815--446)
--+//*+**/-600-716651845-48-588894156/-515831-280+--744/-419427-804,(-600/-716*651*845+-48)*-588/894/-116+-515/831--280-(-744-(-419/427)+(-804))
-799*-131-+*167902209//*-195-238+778548-+*-488-822*/-636-221737-943,799--131*(167*902+209-(-195*-238/(778+548)/(-488*-822+-636/-221*737--834)))
--++--+-+*-593142884/-165368-65+65901*621334*-318346-105530-283,-593*142+884--165/368+-65-(65+423)-621*334+-318*346+-105-530--283
++++//-232-637833-328/*-916651-151*/70047873*73-/*-762169796760,-232*-637/833+-328+-916*651/-151+700/47*873+73*(-762*169/796-760)
--/-356*530524-313*-562-779/-119691-+**-619412+*-960313670777-183,356-530*524+-313--562*-779-119/691/(-619*412*(-960*313+670)+777-(-183))
-+-**--652*-295298-*-674-616878-122*589259*/*-19382*-587-411-16-173,-652*(-295*298)*(-674*-616-878)*-122-589*259+-193*82/(-587*-411)*-16--173
--+-**877-182411/-562-254-310+-63565/-680-+-+*-972907456230-107125,877*-182*411--562/-254+-310-(-63+565)--680/(-972*907+456-230+-107-125)
++--+*/-630-766-587*+-931273933/-538-555598//-614-909321**964-777-171,(-630/-766)*-587+(-931+273)*933--538/-555+598+-614/-909/321+(964*-777)*-171
+--+++/-289/-297-193*-480990-/593-690-44/-275608-462738+674*-337960,(-289/(-297/-193)+-480*990+593/-690/-44+-275/608--447-738+(-495+-337*960))
+---++671*-537+199134-17-740*/-320676-848541*181*/*-967-376-956311,671+-537*(199+134)+-489--740--320/676*-848-541+(181*(-967*-376/-956*311))
++-++-+-+821+-+-684-45156-687-838-129110672/203-330-10/81956-937,821+(-684+-45-156+-687)--838+-129-110+672+203/-330--10+819/56+-937
++---*8540/760536//829--133576179/*/384498-25545*778249-402,85*40-760/536-829/(-133-576)/179-384/498*-255/45+778*249+-402
+--+*//-94985187728-181-709*/-68488187-+978*815-/467571-838-606,-94/985/187*728+-181--709--684/881*87+(978+815*(467/571--838)--606)
---/*/**+*/*-582-685-367-864-566646-685173-571-141-370-899-362*722-39,(-582*-685/-367*-864+-566)*646*-685/173*-571/-141--370--948-(362-722*-39)
--+-+++/-779-833952/-81015-32-517465*/-575--563-315779-98/395-721,-533/-833+952+-810/15+-879--517+465--575/(563--315--717)*-98-395/(-721)
+-396**-148-153++/522-804683/**708-997-34-/260630-377//343-351-435,-396+(-148*-153*(522/-804+683+708*-997*-34/(260/630-(377-(343/-351)/-435))))
++-**-231167545/-886402/346-907/625++--721-560376/576154*-979669,-231*167*545--886/402+346/-907+(625/(721--560-376+576/808+-979*(669)))
+++-931/-569856/-109235--883--769/813++---312/711-222-456-224/-33968,(-931+-569/856)+-109/235+-883/(-769-813/(-312-711/-222--456+-224+-33*(968)))
///359-464389+++*-941-14829-53/-217++**393-26210940/200-951580,359/-464/389/(941--14-829+27+-217/(393*-262*109+40+200/-951)+(580))
--/-848--81-846**-407-246-3+//-704501-428++--737/858/891-988840-952,-848/(-81--846)-(-407*-246)*-3-(-704/501/-428+(-737-858/(891/-988)+840+-952))
----14+620540/-538975143/-5-/-504--100247/*-957-752+-894--505270,14-(620+540)--538/975-143--5/(-504/(-100-247)--957*694/(-894+(-505-270)))
-/*/////*568-505432-760-105977/-531-792+++-424-415482-994-227/-103125,568/-505/432/-760/-105/977/(-531/-792)*(-424+-415+482+-994)/-227--103/125
*/-54576+--374/-913-227-1//-903-/771-92-601-+-966**101-972826818,-54/576*(-374--913/-227+(-398--903/(771/-92--601)/(-966+(101*-972)*826-818)))
++-**//-*473787-990212882171400192//*-563277377/760808/-920-419,473*787*-990/212/882*171*400-192+(-563*277/377)/(760/808)+(-920/-419)
-+-/139+-90-391-81885/398*/690-210--627-***/718-662845469797-130,139/(-90+-391)--81+885-398/(690/-210*(-627-718/-662*845*469*797/(-130)))
-**-561305795++-297-86973+-+-83/*/--554-183-629-992916783*894347,(-561*305*795-(-297+(869-73)+(-83+870/-183/-629*-992/916-783+894*347)))
-+/-500659-410*793++-796-26++-+-/*-509-327-309282692-480468*619-30,-500/659*-410-793*(-796+-26+(-509*-327/-309-282+692--480+-546-619*-30))
--++**/402852-182-215-281/--632/-43990-930*449852***-734844290-135,402/852*-182*-215+-281+(-632--43/227)/-930-449*852--734*844*290*-135
+--+*+-+-521*464145*786-982949837*-177-967+85619**-265-830486175,(-521+464*145-786*-982+949)*837+-177*-967-(856/19)--265*-830*486+175
---+*-**-413736-52550881651//340360210709+--232/*-127772402-424,(-413*736*-1000/550)*881+651-340/360/210-709-(-232-(-127*772)/402+-424)
-**-803-881//-23080--+-+---344*507-929-859328-649-1-329424/-67863,-803*-881+-230/80/(-672-507*-929--859+328--649+-1--329-424)--67/863
+--+-/*470960800-541+-52*-372-681-290767/735-633*+140*707-719447,470*960/800--541+(52--372*-681+-290)-767-735/-633+(140+707*-719)*-885
---+-+-933-714+-255-918/-412-168/-11920-/806-180-588-29-*-814980-191,933--714+(-255+-918)--412/-168+-119/20-806/-180/-588-333-(-814*980-(-191))
+/**-400-441621-214*-466-915//**-366-107**/281-995603750749-556-36,-400*-441*-615/-214+-466*(915-(-366*(107-(281/298)*603*750)*749/-556/-36))
--+-++---252/296-363806**319-444-600/-595817745-656*856-606/-979592,-252-296/-363-806+319*14*-600+-380/817-745+-656-856*-606--979/592
--++-++-506/364283**-877979-414-838/-737650+-208-64050-+-638-355-365,543+(364/283)+-877*979*-414--838+-737/650+-208/-640-50-(-638+-448--365)
+-+++*431/+*/676911693/-311102821*-653808847/*507-884657711-721,431+(676/911*693+-311/102)/821+-653*808+847+507*-884/657-711+-721
+***/*-27-491-63-490-832+/124374-822*415+-+/*640-690-144-541507-542,-27*-491/-63*-490*-832*(124/374+-822)+(415*(640*-690/-144+-541-507+-542))
/270-+*/*/**-900-584935+-106-978320-731227//633//960161-630779403,270/(-900*-584*935/(-106+-978)*320/-731*227+633/(960/161/-630)/4-(403))
--+882**-401847248/400-717/***254--550*76-473-875---341470-80276,882+(-401*847)*248-400/-717-(254*(-550-76*-473)*-875*(-341-470--802)/76)
--/**-178-100547299471-//882*-727***815-+530792-91141-462-955,-178*-100*547/299-471-(882/(-727-815*(704+792--91)*141*-540)/2--955)
+-+-++/**-800358*-920390-98/-249221786-522-441/*562-676-6*220-468,-800*358*(-920*390)/-98+-249/221+786--522+-441-382*-676/-6+220*-468
++-+--39673-/535666*-875453-271-906--***-85895830899259*-172411,(-39-673+(535/666--875*453)--271+-906+(-858*958*30*899-259--172*411))
-+++/+-***/91-984-266186173/-853272-999287*689-809-800763/968-517,(91/-984*-266*186*173--853/272)+-999-287+689*-809+-800+763-968/-517
*/*715-738-194+*-172-834*-886++----612-529144/425604-119/*-372936-311,715*-738/-194*(-172*-834+-886*(-612--659-144-425/604+-119+-372*936/-311))
++--52592*-161-42-814/546+-488--121*627-+-241/774222-51/-436-298,525--206--161*-42+-814+546/(-488+(-121--145*(241-774/222+-51--436/-298)))
---396/808-19/*-829-797---913169/*148-750--526**823-75+/-234-159824,563-808/-19--829*-797/(-913-169-(148*-750/(-526-823*-75*(-234/-159+115))))
-+-794*250-464-417+--++*-403-711-175-561*739-979/-78-515-75--534-474,794-250*-464+-417-(-403*-711+-175+-561-739*-979--78/-515+(75-(-534--474)))
+-868+-+-+-/-310659-87448/**-740-167-40713263-898--278/*-910-745413,-868+(-310/659--87+448-(-740*-167)*-40/713+263--898+(-278--910*-745/413))
--+*/404663-982277-+-+-/77-131-778*/7857823938622750+-685893,404/663*-982/277-(77/-131--778+785/782*3-938+622-750)-(-685+893)
+--356420*//*/-207-128-478-550-87+-299**-9-516+820*693-*-32-438974,-356-420+-207/-128*-757/-550/-87*(-299+(-9*-516*(820+(693*(-32*-438-974)))))
-+++--++-/816299116746-190-364*932564809*-68944-827*/600-733922,(816/299)-116+746+-190--364-932*564+809+-68*944+-827-600/-704*922
-++-*38899/127-954/-812-614/-566---747*906751*-361928+-537*660-383,38*899-127/-954+-812/-614+-327/(-747-906*751--361*928)-(-537+660*-383)
---923//*-17168987++--457441/-9339546**-551-970-384//174-686-951,923--171*-88/987/(-457-441+-933/954+6)-623*-970*-384-174/-686/-951
--++**996415277/-627--276529-242*963-995/660+-936910*/-932418617,996*415*277+-627/(276-529--242)+963*-278-936/(-936+910)--932/418*617
++/++*-528+-74//--309633-876130**581149-514-829970/435-334-900888,-528*(74-(-309-633)/-876/130+581*149*-514)+-829+970+435/-334+-900+888
-+-+-882/-834870*/714428+-858*-932211-39-848/*-288-853-768+-604-633,882--834/870+714/428/(-858+-932*211)--39+-848-(-288*-853)*(768-(-604+-633))
++-27*866340*/-486-549-+--/-336846-764-927*-48-464*32+*-616180-219,-27+866*340+(-486/-549*(-336/846--764--927+-48*-464-32*(-616*180+-219)))
++-329775/802-+**-195545-36/-871-724/*-864109+--997**798-758-973573,-329+775+802/(-195*545*-36+-871/-724--864*109/(-997-798*-758*-973+573))
+++**-67758150392-283*792/-66-//*422634-297-125//*-27266011-657,(-677*-861*503+92+-283+792*(-66/(422*634/-297/-490-(-272*660/11/-657))))
+/-156577+-*309866-236*/*-864/-452-59685++++*-481-977493-586-757871,-156/577+(309*866--236+-864*(-452/-59)/685/(-481*-977+493+-586+-757+871))
++-+--14//779-763+517**-689183-269-235833-965/*-961616-514*81-850,14-(686/-763)/(517+-689*183*-269)--235+833--965+-961*616/-514+81*(-850)
+---*/850-110-14/-665-427+*/382-5204289//352910+-597546/469-318,850/-110*-14--665*-427-382/-520*4/289-(352/910)/(-597+546)+469/-318
+---++-308-740-566/****-629383-928-520-650-325-223//-424-5656/990760,-308+-740+-566--629*383*-928*-520*-650/-325--223--424/-5/656+990/760
+++898-559//-711-708/332978*565+*/*-554212/-502-914-367/*312972286,898+-559+-711/-708/(332/978)+(565*(-554*212/(-502/-914)*-367+(312*972/286)))
-749+811--+315/*-862-556924-411/171---64/-935809*317-502/-144951,749-(811+(660+-862*-556/924--411-171/(64--935/809-317*-502--144/951)))
-+++//585-100054524*-68811198+/-281142+++-514*/-658-414547-112481,585/-1000/545+24+-688*111+98-(-281/142+(-514+(-658+-414)*547+-112+481))
+/-59-899*/-613-401-*186-**//*-469138-732128-80-26-299*-430+-358558,-59/-899+-613/-401*(186*(-469*138/-780/128*-80*-26--299)--430*(-358+-177))
+-+-*+--//5114-989-94192*-772-130-978-827-148/376-865/*177455446,5/114/-989--941-92+-772*-130+519--827+-148-376/-865+177*455/446
-+---+-547//++-693-154-592-766270-385-873*-412601/-280-697325+-286337,-547+(693--154+-592)/-766/270/-385--873--412*601--280/-697+325-(488+-988)
++-++-386-477422*//67075451489-872*776-16/**/-850-91514110-629,386--477+422+884/754/51*489--110+776*-16+(-850/-915)*14*110/(-629)
-*--210531*302-++*-250-573-900**/100153-720332*365568--141/25207,-210-531-302*(-250*-573+-900+100/153*-720*332-365*568)-(-141-25/207)
*-598*853----+--+/242835-520*/-759156-295741873700-198-411/-277438,-598*(-252*(242/835+-520--759/156*-295-741+873-856--198--411--277/438))
+/*-351-75-545/-273+844+-82/***//121554+-40186449808405-625-370,(905*-75/-921+(-273/(844+(-82+121/554/(401-864+49)*808*405*-625/-370))))
+--/-+--888104/22583449195**/-118/-87484-281-47-57285+-594219,-888-104+225/834-49-195-(118--874/-168)/-281*-47*-572-85+(-594+219)
++-+++*-216+-+883404-968-61654*-920328-243*446-955/*895-49359-891,-216*(883+404--968+-616)+54+-920*328+-243-446*-955+895*203/359+-891
-+-281/855966*//-778-687-602-65416*-140+--*126-294987*406770322,281-855/966+(778--687)/-602/-654*16--140*(126*-294-987-406*770+322)
+++++++*604-413***-376-866-94-306-441385*-749+588/179-694662-530430,-260*-413+-376/-866*-94*-306+-441+385+-749*(588+179/-694)+662+-530+(430)
-+-567//-823-884142*570-160*881*985-+869***/-904-806-152810671326,567--823/-884/142+570*-160-881*(985*(869+-904/-806*-152*810*671-(326)))
++/481*/*41634-814-896-268/**175794-31+-898*-532+*766-223*135-899,481/(41*634/-814*-896)+-268+175*794*-31/(-847+(-532*(766*-223+135*-899)))
-+-++---126*/-833-275*747-795+/-37636-869/-848-142404*715-662827844,-126--833/-275*(747--795)--376/36/-869+-848/-764+404-715*-662+827-844
----+--/-989981-531/-524-434-396/*446572401-49*874-221/-44896481,83/981--531--524*-434+-396-(446*572)/401-(49-874*-221)--448/96-481
-+----*863972*-104-280993597+-+741492*380219501352--776-690-471,863-972--104*-280-993-597-(741+492-380*219+501)+352-(594--690-(-471))
----+936801795-7*+++645-*-65175*-516372632*-427898-518*256747,936+801-795--7-(645+(-651*75--516*372)+632)*(-427*898)*-518-256*747
-**24317256/448+**469-253905*439--624+642/282+*-705631*-21287,24*317*256-448/(469*-253/905+439*(-624-(642+282/(-705*631+-21*(287)))))
-------+964-315*/307*120736469685*/880301787479694-932*199-194,964+-315-307/(120*736)*469-685-880/301*787-479-694--932-(199*-414)
++-801/-557-809/-696-901*835+++245*803690***-386337-289-971*63-633,801--557/-809--696/-901+835*(245+803*690+-836*337*-289*-971+63*-633)
/-372+*/*-715-896-644-338+--/-283-704+691*764946/*-403/516772410840,-372/(-715*-896/-644*-338+(-283/-704+(691+764*946)--403*(516/961)/410+(840)))
--/-700-953*/426-409-615+-+-689650*750-535++*-71370/-672-543/-364772,-700/-953-426/-409*-615-(358+650-750*-535+(-71*370--672/-543+-364/772))
+++-414*-465548-753-24/-926---302*/**//-867978-616-628-575596768463,-414+-465*548+-734+(24--926/(-302-(-867/978/-616*-628*-575)/596*768-463))
++-+--159648821/-96+921-591-32---//37-851810**-80119970731-910,(-159-648)+821--96/(921/-591)+-32+(37/-851/810--80*119*970-731--910)
-+-2315//*-/**-287668110598765-287-93+-720*--757/*-376-160121-609,(-23+15-(-287*668*110/598/765*-287/-93/(-720+(-757--376*-160/121)*-609)))
///-682811-329++-+613/359-469-128+--965*+840/-180-803497-579*-753-566,-682/811/-329/(613+359/4--128+(-662-(840+-180/-803)*497+-579)+-753*-566)
-+----+419*-895-910415/-235302-429/542--*681420-597-330/334-556-421,419+158*-910-415--235/302--429-699/(681*420--597--330)+334/-556--421
+----+/683946453-980-913668/**338-512849-993//*/196-182995924-761,(683-946+453--980)--913-668-338*-512*849/-993+196/-182*995/924/-761
+-/-643250+-+259591988102*-950-++574-98-15+-626*-212146*616-469,-643/250-(259+591-988+102)+-950*(574+-98+-15-(626--898*146+616*-469))
++-++*+***632-356314959-883-873-468880/-955516378-+/792363-30203,(632*691*314*959/-883)*-873+-468+880--955/516+378+(792/363+-30--868)
+++/**-7844337-634115/222-838*732--363+*981*-183-40/-826*-700-166,-784*43*37/-634+115+222/-838+732*(-363-(981*(-183*-40)+-826/(-989*-166)))
++-**-25330450*-283-785-32+--67482*21*735+-896//-196--363835551,(-25*330)*450--283*-785+-32+(-67-482+21*(735*(-896+-196/(-363-835)/551)))
**/**-181703-969-610-----558942-452-814-376++/-748-124**-810179158-118,-181*703*-969/-610*(-558--564--452--814--376)*(-748/-124*(-810*179*158)+-118)
/943--400-+512/-174183-+-+-825-380-213/925-991+900+/-666-880*260-504,943/(-400-(512+-174/183-(-825+-380--213+925/-991-900/(-666/-880+(942*-504)))))
/-969--+--331243/*-159824---526-747-570-773-298-*-85-280+*18165-527,-969/(-331-596+-159*824/(526--747--570--773)--298--85*-280/(181*65+-527))
+-/+--+-/***225-76244-246-779195719+395-191/-327-13765545549114,225*-76*244*-246/-779-195+719-(395+-191)--327/-137+655+45-549+114
+-+-+/-796-308689/359-995329-731----744-74*178--110*-104-484/-560-563,-796/-308+689-359/-995+329--731+(-744*-74-178*(-110--104*-484)+(-560/-563))
-+++--289*-4543997199/*-820-383-322/990-284/203*-689+/-446639929,289--4*543-997+199+-820*-383/-322-990/-284-(203/(-689*(-446/639+(929))))
+-/986+-+++--843/63509963-355/**-510-155893237-408-114-329/113-12,(924/(-843-63/509+963+-355+-510*-155*893/237--408+-114)--329+113/-12)
-++-+--/931-313**/-508-996--560604-395-951/-162514-11-905-526/-85751,931/-313--508/-996*(-560--668)*-395--951+-162/514--11+-905+-526--85/751
+-272-828/**/*77138-+++661896-398*/2379952753537-211*679844,272--828+(771*38/(661+896+-398+(2/379*952)+753)*537*-211/(679*844))
+-///-108-113+62-139261*/*/*/*206763502434947329508-527*-405-960,-108/-113/(747+-139)/261-(206*763/502*434/947*329/508)*-527+-405*-960
+---816509-160/-455--/+-682-96269547-266///569565994/*-330623656,-816-509--160+-455/(682--962+695+47--266-569/565/994/(-330*623-656))
++-++-+-+//-532-829556-56198//42-612751577/741-356-488-963-157-64,-532/-829/556+-56-198+42/-612/751-577+741/-356+-488--963+-157+-64
+--++--+*-601-373-606*921-99-578523-134169-91/-590+--35775793-696,-601*-373+-606-921*-99--578+523+(134-169)--91--590/(-35-162+793)+-696
+--175/*/*345-70-56-646103/-426+100+-+691//870-455-521/281-853-811,-175-345*-70/-56*-646/103+-426/(100+(691+870/-455/-521-281/-853+(-811)))
+985+--+++-825-491-276-394/-662-152-+*283++311605247-322363-47764,985+(-825+-491+-276+-394-(662--152)/(283*(311+605+247)+-134-363)--47+764)
-+-+-/670276-45/387512-559*/-825283-308/**649296-909+*-316-357752,670/276--45+387/512--559+-43/283*-308-649*296*-909/(-910*-357+752)
++-+-202308/-44312//296-95*-328-963-668---383+-25347855*635590,202-308+-44/312-296/-95/(-328*-963)+-668+(383-(-25+347)-855-(635*590))
-++--++265-929359/-487-654925-644/*//467-377738544-375//578508-961,265+-929+359--487/-654-925+-644+467/-377/738*764/-375-578/508/-961
--+-/78441373/*-200-+925-78924-583*66-128*-736++-945/-909-60648,78/441-373+-200*(925+-78-924)/-583-66*-128--736*(-945+-909/-60+648)
+-683435/-783+-51/***/772349298412235-706/*973240---813-333-541,683-435+(-783/(51-772/349*439*412*235/-706+920*240/(-813--333--541)))
-+++-775-309///*251--*39889-8-312602917-143542920++-4504-907,775--453+251*(398*89--8--312)/602/917/-143+542+920-(-4+504--907)
--+---447//447-454685*//89817+--513283-623189-875--393481515-748,447-(447/-454)/685-89/817/(-513-283+-623)*189--875+(-393-481)-515--748
+--+---699*//825-672303-996-692/616767565-22*+/-823-980-954680851,699-825/-672/303*-996--692-616/767+-944--22-(-823/-980+-954)*680+851
*++533-+-+-407**-198769-520-119713995-859*-696-369+388*/-990853-311,(533+(-677--198*769*-520+-119-713+995)/-859+-696*-369)*(388+-990/853*(-311))
+++-777*//625-574998209*//*254-878-369186385/**-124699-467*189-317,627+(625/-574/998)*209+254*-419/-369/186*385+(-124*699)*-467/(189*-317)
+--+-+--++-698-755-262/515904622125675402/303836*/56652803822,-698+-755+-262-515/904-622+125-675+402-303/836-56/652*803+(822)
*-558/-/-747+-*/*/**-686244907899-802-221-138260-806/806831+-129232,-558*(-747/(-686*244*526/899*-802/-221*-138-260+-806)-806/831+(-129+232))
+//-255-962-630++-778652++--40/-811878/*800554++/756911-461742-230,-255/-962/-630+(-778+652+(-40-(-811/878)+800*554/(756/911+-461+742)+(-230)))
*/732572+--583-100-318--*45-446--/-420-846-843//-93451529323-436,732/572*(-583--100+(318-(45*-446-(-420/-846--843-(934-51)/529/323)--436)))
--+-/23-**529+395648207-492*-197650**-498567171/*378899508,23/(529*(395+648)*207--492)--197*650+-498*56*7+171-378*899/508
---/++-/620-900776-812//-938583651/414-31-903/-327-282/257+979-651,620/-900-776+-812+-938/583/651-414/-31--903+-327/-282-257/(979+-651)
+----821*778891-226996**-420761-811/-697139*//*251-588-924762670,821-778*891--226-996--420*761*(811--697/139)+34*-588/-924/762*(670)
-+-/-282+-35814*-468-240166****-708-153-7-408--198**+657971-320621,(-282+(-358+14)--468*-240)+166--708*-153*-7*-408*(-198-(657+971)*-320*(621))
++-*+-//849216-196-55-16203738-767**869-++558*482-123526-658,(849/216/-196--55+-16)*203-738+-767+869*(55+8+(482*-123)-526)*-658
----244*-174294*668992724---+-13/-817-292-674/-514-679/-522615-493,244--174*294-668*992-724-(13--817/-292+-182--514/-679--522/615--493)
+-+++-87**-775-422-180//-681-37-322/*458-402-304544*/274-72-127974,-87+-775*-422*-180+-681/-37*-322+458*-402/(304-544)-274/-72*-127+974
++-486989++381+++---*380-441*661-364/-75521659-893/-256483-391-463,(-486*989+(381-(380*-441-661*-364-(-75/521)-659+-893+-897/483+-391)+-463))
-*-640-242//-272213+*770-648-+454488-317/*823+++196-47677584771,-640*-242--272/213/(801*-648+(454+488-(317-823*(196+-476+77+584)/771)))
-++-211/276927/-88697//*/-380-8374-840+--366/-257-712305*-975828,-211-276/-62+-886/97--380/-83*74/-840/(366--257/-712-305+-975*828)
+-++---420-169138-17-583-537+542-810**-490-853-+953*-19-796*555-407,-921--169-138--17+-583+-537-(542+-810)+(-490*-853*(953+-19*-796-555*-407))
--++-994*740329369851147++-697*/57389260**/*-873639-70-638-984,994-740*329+369+851-147-(-697+(573/892)*16+-873*639/-70*-638*(-984))
-+-/**/418-646-865-792-827*-329547*++-942**-213-896613-649166-565407,418*-646*-865*-792/-827--329*547+(942--262*-896*613+-649+166)*-565-407
-++*880718*/-485-307546-921//-331++741*-852718/246723/296--930661,880*386+-485/-307*546+-921--331/(928+-852*718+246/723)*(296/(-930-661))
/713---896*//-206+109/964-841-460-16*355*-638+233//375966+601-117,713/(-896--206/(109+964/-841)/-460*-16-355*(-638*(233+375/966/(601+-117))))
--186+359316/*610*148-186/-800--753*-250**//600576755539/665318,186-(359+316)-(610*(148*-186)/(-800/(-753--250*(600/576/755*539*(665/318)))))
+37****389++834/-937-564-72828982---120/207-346+-715*-257117133,837+389*(834+-937/-564+-728)*289*82*(-120-207/-346-(715--257*-672+133))
-+++--+-84-892*/584382231140/-360462-466/-419-156760/*-984956552,84--892+(584/382)*231-140--360/462+-466+-419/-156+760--984*956/-859
+++-+-41-616-964**/-129-726-379+-933766*-513175-758-114//-64724993,-41+-616--964+-129/-726*-379*(933-876+-513*175)+(758--114)+(-64/724)/(993)
--572-443+---686/*--323-562*-817279945218563/651-358/-982-983346,572--443-(686-(323+-562--817*279)*945/218-563-651/-358+-982/(983-346))
---++-+--58/480252-295214-893-622*+*-120943595-926/*-719152-347-639,-58-480/252+-295-214+-893+-622-(-120*943+595)*-926--719*152/-347--639
----***-306-919-163514/*-909-303-935605*312-116--725---772578440168,-306*-919*-163*514--909*-303/-935-605-312*-511-(-725-(772-578-440-(168)))
-+*--+/-199-679765933//159-499355276722*//217-*668-98691-234-874,-199/-679+765-933-159/-499/355+276+722-217/(668*-98-691)/573*(-874)
--727/*94++-+----82123-198973/-385-550-397-89131380+707/482786,(-727-94*(82-123-876-973--385/-442+-397--89+131+380)/(707+482/786))
++---/+-818/78-264436251595/-310*608290-159*150-186-183/-627796,818-78/-264+436+251-595--310/(608*-425)--159+150*-186+(183--627/(796))
+--+752855/-22837869++-535+*755470682//979303/*-986138+301-394,(752+855--228/378-69+(-535+755*470/682+979/303/(-986*138/(301+(-394)))))
-----554**447118+-*53781-*-400853218*-309-791*-414-360-732/-824900,-554-447*118*(53*781-(-400*853-875)+-309*-791)--414*-360--732-(696/900)
-254*/-285196-*-206-137++*-158977/*/663488743//808180748/455-380,695--285/196*(-206*-137-(-158*977+663/488*743/(808/180/748)+455/-380))
+--***/**+/-957131753921-64172470++264475/940-304-226-214-608955,601/131/753*921*-641/724*70*(264+475+940/-304)*-226--214--608+955
+-----643859-887/-391-970167/*/683-455850++--89/-673838/610-863-593,-643-859--887--391/-970-167+683/-455*850/(-89--673/838+610/-863+-593)
+--764-58+284/-745+----728/*214798-699+-/*703743142-386-743869755,-764--58+(284+-745/(-728-214*798/-699-(703*743/142--386)/-743-869+755))
--*--+-835//*+/289650/*-231-630365-975-933-2888-855588379*774-462,(-835+(289/650+-231*-630/365)*-975/-933/-2-888--855-588+379)-774*-462
*-551--645/-191381*-+-+++885-593-110-627/*412464-751-183-668788-971,-551*(645--191/381-(-876+-593+-110+(627-412*464/-751)--183+-668-788)*-971)
+-924/+++++-/*-40-659-967//-561-282-686*762641/-7321661-59940-854,-924+(-40*-659/-967-41/-282/-686+762*641+-732/1+661+-59+940)/-854
-+*-385-104114//983871*-344*21-119+++/-672673-487*655345/-24-276,-385*-104+114-983/871/(655*(21*(119-(-672/673+-487+655*345+-24/-276))))
--++**482-769-24-68914900****/*803-613-559+-639/730-338107-508-927,482*-769*-24+-68+914-900-803*-613/-559*(-639+730/893)*107*-508*(-927)
+993++-++-847/178-575-905-157-611***-213661-1/-341+*809-486*60-422,993+(-847+178/-575+-905--157+-611+-213*661*-1*(-341/(809*-486+60*-422)))
+-+++--241****668/*-468497-427-109-793613*-711900925-17-678*223-978,-241-668*(-468*497/-710)*-109*-793*613+-711*900+925+-17--678+223*-978
---5++++*-965482296-582/-95910534-197*-150/+/519-217/576-503229,5-(-965*482+296+-582+603/105+34)--197--150*(519/-217+576/-503+229)
++---++-312//**-249-75750582-95754*-453747399-628*691-262/608-683,-312+-249*-757*505/82/-95+754--453*747-399--628+691*-262+608/-957
+------**-606-544-263/-708-415*297492-947-742*-854-682-798/*320-992-788,-639*-544*-263-657/-415-297*492--947--742--854*-682--798+320*-992/-788
+//-875709+--/*-651-932-960/-248-287//*-99-453565368/*-829-46-792-882,-875/709/(-651*-932/-960--248/-287-(-99*-453)/565/368+-829*-46/-792)+-882
--+*/*-744346-655575---944134391/-621-238---/-303726-80257*-842-956,(-744*346/-655)*-479+(-944-134-391)--621/-238-(-303/726--80-257--842*-956)
++-893*-120/973-209---+++-615627+-513/584-207-836670/-102229-821-731,-893+-120*(973/-209)+(-615+627+(513-584/-207+-836)+670--102/229--821-(-731))
*/*188-315-992-+-798/**723676***43//-406610-893-522-224-824-396813,188*-315/-992*(798--10*676*(97*(-406/610/-893)*-522*-224)/-824+-396-23)
--514*/332916-116-+-+/*890488-88048/-815-820*-536*555-687-201-503,514-332/916*-116-(890*488/-880+48-(-815/-820)+-536*(555*-687)-(201-(-503)))
++-/-*-885571//411-61761115/452-+782-6535**/-899762152-219434,-885*571-411/-61/761-115-452/(782+-65-35)+-899/762*152*-219+434
++--+/-905-495/*/-621-643738972--646*/-232-5337210*862369/-973782,(-905/-495+-621/-643*738/972-(-646--232/14*7)-210+372*369+-973/782)
+-765//-181-390402*-183-/*664-251-885/-525+--89650-407+*215-742371,765--181/-390/402+-183*(664*-251/-885-(-525*(896-50--407+(215*-742+371))))
+//892674541/+---**/*760122291435974-643/*455-246-413401907-617,892/674/541+(760*122/291*435*974--643-455*-246/-413-401+907--617)
++-/749+-356946-998*/-350511-827*57+-458501**+683-939152*-255259,749/(-356+946)--998+-350/511*-827+57*(458-501+(683+-939)*152*(-255*259))
----923179-458-344/-56*/-416-464+--+*568362/-27429657794--669456,-172-179-458/-344--56/(-416/-464*(568*362+-27*429-657-794+(-669-(456))))
-+-+/-303666*/*/-+-357573965923-183987**834-826-279/-94288733-743,-303/666+(-357+573-965)/923*-183/987*(834*-826*-279)--942/887+33--743
++-+--562+75/-938//157248261-541-27-234*-752--884*-747499*-742-528,-562-75/(-938+157/248/261)+-541--27+-234+-752*(884-529*499--742*-528)
++798959++--*-349-204-589-697704*202-*-253---85*247289-875/786-816,798+959+(-349*-204--589--697+704+202*(-253*(-85-247*289--875)-786/-816))
++*24-145/-435-+/579-256936814/*710-319--++--78-545408883-430-985,24*-145+-435/(579/-433+936-814)+710*-319/(-78--545+408+883--430--985)
---++-417*/-314237-741*329127-939*//*68566-533-680895++-848411661,-417+-314/-776*-741+329*127--939-685*66/-533/-680*895-(-848+411+661)
+++/-979-189//**+-229/-313-17-24881163334--281/261-368//-750160-835,-979/-189+(-229+-313/-17)*-248*811/63/334+(-281-261/-368)+-750/160/-835
++*++--379*-931-707624-478-93695363/-569+-+984-521292/-279-628-657,379--931*-707-624+-478+-936+953+63+-569/(984+(521-292)--279/-628+(-657))
-+-*---*203354//629-66447232819*694935338-564-757**-688-144403,203*354-629/-664/47-232-819-694*935-338+-564-(757--688*-144*403)
+-+++44262-680-498-757**362-814+--//-186/488215296*-787778-9873,(44+262+-680+-498)--757+362*-814*(-186+488/215+296--787*778--9+873)
+432/257+-387-291-//*430-244823874//-838-6--+959-565538/519601,(432+(-530+(387--291+(430*-244/823/306--838/-6/(959+-565-538-519/601)))))
----+++---+-595/293-829-861-8953*-145235503-688490-720231/875-767,-595+293/-829--861--895-3+-145*235+503+-688-490--720-231-875/-767
-++-*-493-**-112529-614*-605297529-965-584/-457//-869+/63-395-159-62,-493*(-112*500*-614--605*297)-529+-965+-584--457/(-869/(63/-395+-159)/-62)
--+--+*471971602508525-551//267/*/-936-273430764637*/203302-156,471*971+602-508-525+-551-267/(-936/-273*430/764)/637--927/302*(-156)
+++-+790/-706-453//*/**/-568-681302-469465993-467718-390534/149552,790+(-706/-453)--568/-681*302*-469/465*993/-467/718+-390+534+149/(552)
+--++-/*729-204525-727-702**//-998309-439696802/522887715*950563,729*-204/525--727+-702+-998/309/-439/696*802-522/887-715+950*563
++--+*/*262-87-751808688/869-+-680-803-406*-283996**606458-2375,262*-87/-751*808+688-869/(-680+-803--485)--283*996+606*458*-23+75
-/613-725--+++532*/321-676-181-581**/-376653-702480191/664963960,613/-725-(532+321/-676*-181+-581--376/653*(702-848)*191-664/963-960)
++*++/*921-882668/***640-12514-743-170-306*192-125-681+395/-488-23,921*-882/668+640*-12*514*-743/-170+-306-192*-125+-681+(395+-488/-23)
/764++/-842-38183*/-684982++741--+16-678*/-381647-583/-36236221,(764/(-842/-38+78+-684/982*(741+(16+-678--381/647*-583--362/362)+21)))
---****//692-505-785-443-880-628-934*-520*261239*/-87545-195*151-425,692/-505/-785*-443*-880*-628*-934--520*(261*239)--87/545*-195-(151*-425)
+***///332525354-1438+++-/533-645**-560-79497772946-447-951-434,332/525/354/-1*438*(533/-645--560*-794*977+729+903+-447)*-951+-434
-/-6862*-433-/663271-+250619*-167+----902257*32842-280274781,-68/62--433*(663/271-(250+619-(-167*(902/257-32*842--280-274+781))))
++++++-/181+-20/760451165752446-193-+*958731-846483-400-882744,181/(-20+760/451)-165+752+446+-193+(958*637+-846-483)+-400+(882-744)
+++-++-+-883264793/+-628*-980893-434-359-667*-598-988/*365166-345205,-883+264-725+(-628+-980*893)/-434+-359--667+-598*-988+365*166/-345+(-774)
-++*-43-137/////**-933*/714-996-181670-641837519101563/210301857,(-43*-137+-933*(714/-287*-181)*670/-641/837/519/101/563+210/301+(857))
+-+--/397563/***889335+/*42430168119714-870181-976/-581845-196,397/563-889*335*(762*301/681+19)*714/-870-181+-976--581/845--196
-+--+831*/97535+--602840-326-349/-124-546/*-661-27362-893+-173-39,831+97/535*(602-840--326+-349)--124/-546--661*-27/-229+-893-(-173+578)
-+-++124-11-135**/**-224579255-*511-685-94613-545*493-410/937123,124+-11+-135--224*579*255/(511*-685--946)*13*508+493*-410-937/123
+++-+-+940/*854-217472/671-418/**-707-1595-237-750-619-315490-802,940+854*-217/472-671/-418+-707*-159*5/-237--750+619*-315+-623+-802
-+--+-+-+-820*24544310270970/-684685/-49395813/572421-954-746,820-24*544+310-270+970--684/176+995/95-813-572/319+-954--746
++++-+++297269-673/-911-176*-92451----520-75679-154-353-244--308425,297+269+-673+-911/-176--92*-283+(-520--756-79--154)+-353+-244+(-95-425)
/+-298*---219645563322//-486-44+-+*556-285951-966*-594*-644+-413-985,(-298+(-219-645-563+322)+-486/-44/(556*-285+951--966+-594*(-644*(-413+-985))))
+--+--///468466-902-93*/-99755-221*-511-661451809/*-42695972,468/466/-902/-93--99/7*55--221+-511*-661-451-809+-42*695/972
**-275-939*474-+++-156-177-416*-774-941+++488-53-738***-637133576476,-275*-939*(474*(-156+-944+-416+-774*-941-(488+-53+-738+-637*133*576*476)))
+++---119-881***+/766-848448-388442**-37045204-502898*198-329-809,-119--881-766/-848*448*-388*442*(-370*983*204)+-502+898+198*(329-(-809))
*+++328575/*889-13-456734*718/441+--++680-47-359/-813667-900-62,328+575+889*-13/-456+734+718*(441/(680+-47+-359--813/667--900+-62))
+-/13973/-31292//*-//-496+-125*+9746-121-763*-707224858360-540,139/73-(-31/292)+(-496*(-125+97/46*130)/-763--707*224)*858/360/(-540)
-215+++----442-542/-324-697153511*-566*835-592+-342+-+638-255185-707,215-(-442-273--324/-697-153+511+-566*(835*-592)+(-342+(638+-255-185+-281)))
-+-+---/+*602879-876**625-198388-641/-585-849*-39340-679-241850-299,602*879+-876+625*-198*388--641--585/-849--39*340+-679--241+850-(-299)
++-++-38595*-454543-777-528491++/-313-426//130568--8-66764887,385-95+-454*543+-777--528+491+(-313/550+130/-988/(8--667-64)+887)
-+-**//770-340+/980-429/-175209659-81*621513125++995/107264179,(770/-392/(980--429+-175/209)*778*-81-621*513)+125-(995+107/264+179)
---*911-534813392//////-318743337//*-75-595-853221-392736--44556,911*-534-813+392--318/743/337/(-75*-595/-853/221)*-392/736/(-44-556)
---//*-488237-856+-24244+/57527-985*/**75579991697359*-549-834,-488*237/-856/(-24+244)-(57/527+-985)-755*799*308/973*59+(-549*-834)
/945-++**494-25030337-412*/947-761--//489514214-425/*-711997-562,(259/(494*-250*30+337+-412-947/-761*(489/514/214--425--711*997/-562)))
-++-+++-/913-173969322*-961-971**-3142425/742325104*960692470,913/-173*969+322+-961*-971+-3*142*425-742/325+104+960*692-(470)
-+++*/*893540189-1*-769904///*//48245265-592-270492-136801-889,893*540/189*-1+-769*904+482/452/65*-592/-270/492/-136+801--889
---704325*+--*//-455-373-198770/-262688-775*924329*-209-201*-54-227,-112--770-(-455/-373/-198*770--262/688-5+924*329)*(-209*-201)--54*-227
++644914///549581-555-++792*752-412550/*879-118+/654-630*-549788,644+914+549/581/-555/(792+752*-412+550-879*-118/(654/-630--549*788))
*-++++-333*-189332*///-896-991692-921-549544-778*171-436-785/668-619,333--189*332+374/-991/692/-921*-549+112+-778+171*-436--785+668/-619
-+-706*/---/718390-807***71078337836987394779***405408341-425,-706+(718/390--807-710*783*378*369-873)/947*79-405*408*341*-425
-+--+977-913/-85574557774**381417****/-263860+472-870904-956494,977+174--85/574-557+774-381*417*(-263/860*(472+-870)*904*-956*494)
--+*-405146/**+810/882778-/**856-947-417-601*24697-570-937-786-147,-405*146+(810+882/778)*(856*-947*-417/-601--255*697)*-570/-937--786--147
++146/478-628/804+-888/-378---488/*-121/-665-194-858**-455393578541,(146+478/435+804/(-888+-378/(488--121*(-665/-194)/-858--455*393*578-541)))
++++*-49431638-83-837/*---+/297-470/188107-852/922-828-881985943,-494*31+152+-83+-837+(297/-470+188/107--852-922/-828--881)*985/943
++++-++*87934*/*-153-97111246*644-69--400*199-449-689-385876822,-449*464+-153*-971/112*46+644*-69-(-400-199*-449)+-689+-385+876+822
+-/913550+--741**//475-258977-358//-337-798-637-696-923**869-383769,913/550-(-741-475/(831-977)/-294*(-337/-798/-637)*-696+-923)+869*-383*769
-++*++782-255-465/*/40-403-621-151+-*-722441898*780-329*804-915564,888+-255+-465-40/-403*-621/-151+(-722*441-898+780*-329)+804*-915-564
++-177*/**/-995-553*-340-252-483423446-588*518155/**737-217959334,177--995/(553--340*-252)*-483*423/446*-588+518*155+-119*-217*959/334
--/+987928-613*/150+--/461-126372//460-320-689986-605**-506-760227,(987+928)/-613-150/(461/-126-372--134/-320/-689+986)*-605--506*-760*227
*----+-217-333-827/898926//**173*653177-73562/-74640-19+-91-879,-217+-333--827-898/926-173*(653*177)*214/562/(-746/40)--19+(-91+-879)
---+++-675159*725474*719-758-482+*-154-340-980*//*413-736-709-432-757,-675+159+725*474+719*-758--482-(-154*-340+-980)--654*-736/-709/-432*-757
++-/-//**914-583-148-860-46-90*675-450*-886-864/*724626-157*-150-499,914*-583*-148/-860/-46--90-675*-450--886*-864+724*626/-157+-150*-499
++++----+*431-771*675-343634*747-869*-974-585252+162-928-554-34-408,(431*-771+675*-343)-634-747*-869--974*-585-252+162*-928+-554+-34+(-408)
---+-616-686*/696-964-510-++/872-907*321133//-20126-279*828-769624,-616+-686-(696*-964*-510)-(872/-907+321*133+-20/126/-279-828*-769)-624
++/-/*918454-528/-12320555**-610460//-909479202+*428218/411-780,(918*454/-528--12/320)/555+-610*460*(-909/479/202)+(428*218+411/-780)
-+-+-+++-389-5915455783-152-175-144-949/-935-**-707-587-963--241317,389--591+545+578+3--152+-175--144+-949--935/(-707*-587*-963-(-241-317))
++/785-320**+++189-21/796-117//258-8-254-797-79-+648/278-157-852,785/-320+(189+-21+796/-117+258/-8/-254)*-797*-79+(648+278/-157--852)
+-++--+/606-543/-372-133*-29-755*-181-841414*/151-795-472/-451-593874,606/-543+-372/-133--29/-755--181*-841+414+151/-795*-472--451/-593+874
+-*----*-939350*984125*592-351-920-822/-767-639/-521-762689*-829-267,-939*350-(984*125)-592*(351--920)--822--767/-639--521/-762-689+-829*-267
+-*--*/*52730815170*-913-532743189/-189157//*292865-562299818,52*730/815*170--913*-532-743+189--189/157+292*865/(562-299)/818
+++671*-754-10**326355-425/-526/**235-539-*-938*-664671-710--423302,671+-754*-10+326*355*-425+(-526/(235*-539*(-938--664*671--710)/(-423-(302))))
//-29419/976+-758-+-470*/-84-517447*-17+830-307*584**681-120775,-29/419/(976/(-758+(-470+-84/-517*447--17*(830-(307-584*(681*-120*775))))))
+-----333*//-329221-75126*193/298237*613868/101858//-130396-148,(-333--329/221/-75*126-193*(298/237)-613*868-101/827)+-130/396*-148
--+-852*-623-672692/160-/-669165**-619-178*-574----508-495285*365-937,-852+-623*-672-692-160/(-669/165--746*-178*(-574*(-508--495-285-365*-937)))
-+++-141-78*---547-717574931+*///-494151+-435/786318-510-493467-737,(-141+-78+(-547--717-35)*931+(-494/151/(-435+786/318)/-510*-493+467)-(-737))
+-787/62----439-264-702*502843*//765486454120*-*458907-537-343,787-62/(439--264--702-807*843-765/486/454*120)+(458*907--537)*-343
----++-*/785436383559/-230*-436-588722-303888*331-998//-43150-620,-157/436*383-559+-230/(-436*-588)+722--303-888-331*-998-(-431/50/-620)
+***576426792-314+-+++/-518-11534-133*/-870568-702-635116+621-690,576*426*792+-314+(-518/-115+34+-133+-837/568*-702-(635-116)+621*-690)
+-+/-188-712*/*856-93-654-33-166/528+-178*879/560--/285-249512686,(-188/631+(856*-93)/-654*-33)--166+528/(-178+879*(560/(285/-249--967-686)))
++-*-740342-509*28+-372308--++-645751299/-/422160-121-589+5754,(-740*342)--509+28*(-372+308)+(-645+-437+299-(422/160--121)/-589-(837+754))
---+/944646/-931+371130928-628-/*/+//940671-403-823478-878263515,944/646+-931/(371+130)-928--155-(940/671/-403+-823)/478*-878/263/515
+-+824121*533-652+/-628447/*-158*54425++---517536-262*204-80807,824/121-533*-652+(-628/447+-158*(544*25)/(-517-536--262+204*-80+(807)))
-++**-45-313362+-422974-404+/*92-454559+-+*-36-171*507130-741-614,(-45*-313*362+(-422+974)+-404-(92*-454/559+(-36*-171+507*130--741+(-614))))
+184--181+*--*731--*/-877-908-947-864-119917/-432292-204+691--103513,(184+(-181-(731*(-877/-908*-947--864--119)-917--432/530+-204+(691+-103*513))))
*/*+-121-947--+-899317947/287369793+*-6-444/*706-645//-524-610305,(916*-947*(-899+317-947-287/369)/793*(-6*-444+(706*-645/(-524/-610/305))))
++++-125/-338-575/167-236-474//-36865***/-472-53814-820--602*-602705,-125+-338*-575+(167/-236)+-474+(-36/865/(-472/-538*14*-820*(-602--602*(705))))
--++++637-331-493571*774-701-497--+/*312-145590-405*648420/550421,-934+-331+-493+571+(774*-701)--497-(312*-145/590+-405-648*420-550/421)
--+770152-474/958-811+503+-*556-720515/-609++-413**-230-767-753-934,770+152--474-958/(811-(503+(-66*-720-515+(-609/(-413+-230*-767*-753+-934)))))
+---**/-294207354-340///-59940273-674-539883*852+971/*367994116,(-294/207*354*-340--599/402/73/-674)--539-883+852*(971+367*994*116)
-+-+++*----207-96*-34-842-60136513-604/-109*328-647988-173648184,207--96--34*-842--60--903-513+-604+-109/(328*-647)+988--173+648-184
+---237+-++/73224-245-896*369-556*/-1000*//713-91-629-341-63380-533,-237-(732/24+-245+-896-369*-556+-1000/(713/-91/-629*-341)*-633)-80+-533
++-++153**-15932370-833*-127-915/+553*-3-201-28***702941868-449,897+-15*932*370+-833--127*-915+(553+-3*-201)/-28+702*941*868*-449
/+-840/-200-357/42++-+-+-99794893-511990/268546///-555-760325394,-840+-200/-357-42/(-997+94-893+-511-990+268/546+-555/-760/325/394)
*--887-105*418-482---+-181/***-689402360**676-209-428-738136308-442,(887--105-418*-482)*(-181+-689*402*360*(676*-209*-428)/-738-136-308--442)
/276--*-839-998++-20384*389-30-473/**-234367933/*-858-171*743767,(276/(-839*-720-(203-84+389*-30+-473)--234*367*933/(-858*838/(743*767))))
-+/-325780-759+--303-858+-152/-528639547--736/***784-67-333-741-470,-325/780+-759-(303--858-(152--528/178+547)+(-736-784*-67*-333*-741/-470))
+/609-91/620++*15418662*-720-++///240404-821-910268140-895-308,609/-91+620/(154*186+62+-720*(240/404/-821/-910+268+140-(895--308)))
-+-574283*735/-253***/67591118-384--/*/923325-85557990+-60643,-936+-956-735*(-253/(67/591*118*584*(923/325*-85/557-990-(-60+643))))
+++735*-486-400457+--595/707974745*/382-/73-905/975750/419375,735+-65*-400+457+(595-707/974-243+(382/(73/-905-975/750)*(419/375)))
++-+-768*52833496/868930**/-923-24507+/-823-462-**619-551-647-963,-768+528*-308-96+868/207+-923/-24*507*(-823/-462+(619*-551*-647--963))
--465/-*-335+-501964--79-524+*/-571337-54---254*-800-838/*130857869,-465--335*(-501+964)/(-79--524)/(-571/337*-54+(-254--800*-838-130*857/869))
++-34698++/19290*/93**911635-876-707850--*-748-591*-522490-524,34-698+(192/90+93/(911*635*-876)*-707+850)+(-748+-591--522*490--524)
---134-89//*353-161297--102/-779688--953**+-275527777-636/401-21,-134--89--877*-161/297/(102--779/688-(953-(-275/830*777)*-636-(401/(-21))))
-*--854-978/*//-389606-657938-862*/248539-+-969/-677139731/559-420,-854-269--389/606/-657*938/-862-248/539*(969--677/139+731-559/(-420))
--/+--338-51-595/960224-52*86*++--384-995997*--1-65031/887809,(-338--51+-595-960/224--52-86*(-384--995+997+(-1--650)*31+887/809))
***-435-208**748439384+/-841-500*727-++-574*-667-62049*-831/-411172,-226*-208*(748*439*384)*(-841/309+727*(-574+-667*-620+49--831*(-411/(172))))
/905-*-865++++*-916-928*/*46-47480133130*772390*658219/-310-579,905/(-865*(88*-928+46*-474/801*331+30+772*-229+658*219)-(-310/-579))
+++--+*-980701111146-871-443-605///*-279-692-446834+--308*-130-7974,-980*701+111-146--871+-443+-605+-279*-692/-446/834/(-308--130*-797+4)
++++/719-254+-++-354*+739-813275-730577-1000-714-498*//-249857397823,719/-254+(-354+(739+-813)*275+-730--738+-1000)+-714+-498+-249/857/397*823
-/--792690*35964154*843-+-719//647-998151++81980*-768692-22,(-759-690-35*964)/154-843*(719-647/-998/-151+(819+80+-768*692)-(456))
--++65+869-178//---+-153670-169-153/401325562-373370*-95320-742,65+(869+-178)+(153-670+-169--153-401/325-562)/-373/370--95*320-(-742)
---+-+-333/680939*-688851-630/*/*862-25021634-816521/-156-902487,-333+680/939--688*851+-630-(862*-250/21*634)/-816-521-(-156/(902-487))
/--/*//-/176417/364748973492-423--740*-183443567//38-595-555-591,(176/417-364/-17)/973/492*-423/(-740--183*443)-567-38*-595/-555--591
-++-+--+493491*-462-311-230*///210-114298-510573-864-32325--15419,(493+491--462*-311)--326+210/-114/298/-510*573--864+-32+325--154*19
+*-+*702468//-784263122/-95-729**-204-//220-81700924553*-424-668,702*468+-784/263/122--95/-729+-204*(220/-81*700-924)*553+-424*-668
++899//-813569671*-113++---+-594/-89985/*-806926-81438580117556,899+-813/569/671+-113*(-362+-439/85--806*926/-814-385-801+175+(56))
---+/-177836/*-268-535308449-104///****-837796-138-933422547-257-12,-177/836+-268*-535/308-449--104-(-837*796*-138*-933*422)/547/-257/(-12)
---771-/-**917643-506*997-245*812-53-859+-*792-827*766-627/-99522,-771-(738*643*-506-(997*-245)-812*-53--859)-(792*-827-766*-627+(-995/22))
+-+-+*--425+850-+--181*-840475/-162790742652309-13-447-84723-167,(425-850*(-181--840*475+-162/790-742)-652)*384+-13--447+-84-723+(-167)
-+--23*632335*///888367-50-849812/*-367-799---167475**839-637-854,-23-632*335+888/367/-50*-849*812--33*-799/(-167-475-839*-637*-854)
++---+-552/+-533959-5307/-414-536***888-464472557/642-917-2182,552-(-533+959)/-530+7--414/776-888*-464*472*557-642/-917+-2+182
--585***-594-*-*/-717-246-629607441807803+*968639/610+-163*-619172,-585-(-594*(-717/-246*-629-607+441-807)*803*(968*639+610/(-163+-619*172)))
++++--+-756103-83*72579-175**-981+-646**-196-768550687-731*573780,-756+103--83-725*79+-175+-981*(-646+-196*-768*550)*687+-731+573*-529
++-+/*/+-461928873508359/-478225/*597-27-59611*-48**646418-411,-461/928/873*-976/359+-478/225-(597*-27)/-59+611+(-48*(646*418*-411))
+--*-669272/*325-911-147**//**451920+-924534-935195622685-906-721,669-272+325*-911/-147-451*920*(-924+534)/-935*195*622*685--906+-721
-+-671*//-93916---560*333725-319-184--*/144-920140*/-234-807119983,-671+-727/916/(-560-(333*725)--319)*-184-(144/-920*-611--234/-807*119-(983))
--+++-+----719361966-408*377726-627/953349767-314*-532625-375-108,(719-361-966--408-377*726+-627)-953/349+767+-314+-532*625--375--108
-+**//-614-719-76237814-760/*/-***-836872-271521+-922-853-165-593745,-614/-719/-76*237*814+-760--836*872*-271*521/(-922+-853)/-165*-593/745
--+*-802271960/-782414*/*/**371529901-556-863--606/530103-206240,-802*271+960--782/414-371*529*901/-556*-863/(-606-288/476)*(206-240)
++-*/*699-152527282/-664623969-+-25/-53864*-682+-658-/96-591-588,(699*-152/527)*282--664/623+969+(-25+-53/864--682*(-658+(96/-591--588)))
--++++977*937467*//*907-457-56-921-788///-315763-615186-395289-618,977+937*467+(907*-457)/-56/-921*-788+-129/763/-615/186+-395-289-425
-++++-+**/-553-379153-132/356742-274*-15375531909*-584*-379821858,-553/-379*153*-132+356/742--274+-15*375+531+909+-584*(-379*821)-858
*/-759-352+++--222+/8467893981648*--++-165*-741698331-732921-740,-759/-352*(-222-(846+789+39)+81+648+(-165+-741*656+331--732-921)*-740)
-+--/-754-708*----956671//-576790287-88-977902431709+*620135-697,-754/-708-(956-671--576/790/287--88--977)*902-431+709-(620-135+-697)
+++-+*622-528180325*/-493-559-929-132*-263+-**/257-951-445-904-476103,(622*-528+180)-325+-493/-559*-929+-132+-263*(257/-951*-445*-833--476+103)
++++-++/331-436-361/473980/-272-909-730608//*-223-677-625253/389446,331/-436+-361+(473/980)--272/-909+-730+608--920*-677/-625/253+389/446
+-+-/446415/-391909769*369-752//*/-444120-166-60//-469/937-898-458,446/415--391/909+769-369*-734+-444/120*-166/-60/(-469/(937/-898)/(-458))
/107+-422124-+387133+-741+-19*+942571-596***-911-215895/334-917,107/(422-124+(387+133-(741-(-19+(942+141)*-596)+-911*-215*895*(334/651))))
---759*//*-527-919-495743550*/984162-296+/-380/-118-354+*-726-111-708,759--527*-919/-495/743*550-984/991*-296-(-380/(-118/-354)+(-726*-111+-708))
+/+-++-287-429--*-787-549/21441320+/*248729585-340536-401*-708-137,-287+-429+(-787*-549-21/441-320)-(248*729/585+-340)+536+-401+-708*-137
+-+285++---216-613741-146*312-14957/+***38623797757320-447772,285+(-216--613-741+-146+312*-149)-310+(386*237*977*57+320-(447-772))
/----*510619-424/2595921++/***/-336229946-299570512-818496-209,510*619*-424-259/59-21-(-336/229*946*-299*570/512+-818+496)--209
----336952*/***89963-953-767-10786/-416-/682--668263-592/-753938,-336-952-89*963*-953*-767/-10*786-(-416/(682/(668-263--592)--753/938))
--874***/--/-629-494/-66777323-937+++-193-807988/-708210341501523,-874-(-629/-973-(667-773)/23--937)/(-193+-807+988+-708/-381)*341*501*523
+312//-320-117+--/-971931--*662961-357**-643-446-624-638++159-899686,312+(-320/-117/(-971/931-(662*961-107--643*309*-624)--638+(159+-899+686)))
-+663646--139/+-+875-142*-596526273*-312*905///35-748-451+-725847,663+646-(-139-(875+-142--596*526+273+-312*(905-35/-748/-451/(-725+(847)))))
/238/-33++--275*879576-608-971**-628138**-50078-+-248/-38-790-304,(238/(-33/(363-879/576--608+-971+(-628*138*(-500*78*(-248+-38/-790--304))))))
++-+-+++*752-561/378232-705344-480784-+-502806*947-23/-307-579103,752*-561+378/232+-705+344--480+784-(-502+806-947*-23)+-307/-579+103
+----669+500197*317+///*-195-527563902904104427-*259454-44692,669-(500+197)-317*(-706*-527/563/902/904+104)-427-(259*454--44)+692
+++-**511-52-162*-826580-906-619**-780-641-/**/387116-94-87-534788,(511*-52*-162--826*580+-906+-619)+-780*-641*(387/116*-94*-87/-534-(788))
+--+-+*-407-898//-237-531++687*350665*-255-789394/450854912-679812,-407*-898+-237/-531/(687+(350*665)+-255*-789)-394+450/854-912--679+812
/-126--+602-632*/*/-142-38-43518448*866+/++276-547888-937--784102,(-126/(602+-632-(-142/-38*-435/18)*448-(866*(276+-547+888+-937+(-784*102)))))
/233-58+-691/*/*+-780538-69692794448*-730-++338-760-271*-681-83,233/(58-(691-(-780+538)*-696/92*794/448+-730*(338+-760+-271--681*-83)))
+---+*399920//*/928-317518256-32954*/-343388-810206--999/296-611,399*920+309/-317*518/256/-32-954--343/388*-810-206-(-999-296/(-611))
+++///-60-193-764-355//7803++/-984-669-829**329-391-547--162-933,(-60/-193/-764)/-355+780/289/(742/4+-669+-829)+329*-391*-547+(-162--933)
--+-883595/*/929-15121-137//65-233---20-183**-492-849/*-251-562-943,-883+-887-929/-151*21/-137-65/-233/(-20--183--492*-849*(-251*-562/-943))
--/*-821-789603544839/**/*//**-55974572-134174-660151-288-56344,821/-789*603/544-839--55*974*572/-134/174*-660/151*-288*-56/344
+---185/-97311-31-/*/*/-735100-749--**-532918-640-181-561-394510243,-185--973/11--31+(-735/100)*-749/(-532*918*-950--181--561)*-394/510*243
*-261//-68-998*---+--987111250*//-505-/804-382-353842-893-76330554,-261+-68/-998/(-987-111+250-(-505/(804/-382--353)/842*-893)--763-30+554)
--+635-492/-797-48+-861----637544-752/*938-750+//204131-74*816324,635+-492--797/-48-(-861+(-637-544--752-938*-750/(204/131/-74+816*324)))
++-*78176511984-986-/*119797948++-535/-952507/88+-903*247906,781*765-119+84+986*(119*797/948-(-535+-952/507+88/(-903+247*906)))
+---+-+214-435542/118-713/-136-195*-172-389*797-697**87-139--610731,(214+-435-542+118/-713)--136/-195--172*-389-797*-697+87*-139*(-610-731)
++++*641722-131962*/-485-7-766/*621985+-+137/593589/-685989770,641*722+-131+962+-485/-7*-766+621*985/(-922+593/589-(-685/989)+(770))
++-*/*-99----684528**211766-435-432*-858-615-918-308*-461824939-105,(-99*(684-528-211*766*-435--860--858*-615)/-918*-308--461*824+939+(-105))
---+/-342-399*-933-350/501-/**-74-966-839-669/2274028**625-860874,-342+-399+-933*-350-501/(-74*-966*-839/-669-22/740)-28-625*-860*(874)
+-*+*-+377104682-767+650/88328**-608-564421*--783/768-142238335,377+104-682--767+(650+88/328)--608*-564*421-(-783-768/-142)*238+335
-+-------409*-37436*253440*374-557//-68153857-512-305735*844-639,-409--374/36-253*440-374*-557--68/153/857--512--305+735-844*-639
+--+-+--+++//-816-315-786432944-39281436-595-540/444948-493774-24,(-816/-315)/-786+432+944+-392--141-36+-595--540+444/948--493-774+-24
+/412317/-238+++-220/913-+--54-257*-224123-24745-362-98/522-583,(412/317+-238/(220-913/(-54*-257+-224*123--247)+45+-362+(98-522/-583)))
+421//*/*/158+61/*-681142110-441++919//875872-841-42690-332149,421+158*(61+-681*142/110)*340/(919+875/872/-841+-42)*690/-332/149
--389356*++102--+/*-702863-585*-15548803/220320-931--874-341-138,389-356-(102+(-702*863/881+-155*48-803-220/320)+-931)*(874--341-(-138))
-+/+-/340-59-280*-365238525+-+372-261//*258842-951-584*981-649-953,(87/-59--280+-365*238)/525+(372+-261-258*842/-951/-584+981*-649)--953
+-+/*--+997***123-368-56585/-176644*-79378910-831*-587-863-589865,(997+123*-368*-56*585--176/644--793*789)*10/-831+-587*-573--589+865
++-343-/302846*417-660/538---341*831+-+737238232*-158207--596681,-343+(302/846-417/-660)+(538/(600-831*(737+238-232+-158*207)-(-596-681)))
++-++--+---922-814+-370151-848/683-219-838-917761962*243750-93-168,922-435-(-370+542)--848+683/-219--838--917+761+962-243*750+-93+-168
--+---+---++813-771957305306811947*/-322221426132256916416704,(813+-771+957-305-306)-811+947--322/221*426-132-256+-584-416-704
---+-386//50683-76*599-456/325818**586-787--//878-512411599870,-386+506/83/-76-599*-456-325/818-586*-787*(878/-512/411-599-870)
+-932+++++//-207-818361839*21726///269-728-887336468/988/596895,-932+(-207/-818/361+839+217*26+269/-728/-887/336-468+988/(218/(895)))
--157/450+-+++++-991//-563316681-530768*--536-807-313/-400-410834122,-157-450/(-991+-563/316/681+-530+768+-536/-807*-313+-400/-410-834+122)
+--771*914149+---+++769-749-651/*589-391-871-531//912122-54-548-358,880-914*149+(769+-749+-651+589*-391/-871--531-912/122/-54--548+-358)
---264/-897-952/-501+++-741-19326+++-70792974/***-431408-517-866128,-264--897/-952--501/(-741+-19+326-(-707+929+74+-431*408*-517*-866/128))
--+-+711-813930/+-221824-997*--25168-890*304--+517-204/-843-479-938,(711+-813-930+(-221+824)/-997+-251/68*275-304*(517+-204--843/-479--938))
-/799-262*-608//*-245*/224-+648/-924127**/526-20-457-911308389751,799/840--608*(-245*(224/(648+-924/127-526/-20*-457*-911)*308)/389/751)
+--+*/-884-895-536-788-266*792-*474982//621-116-258---167-735*-496916,(-884/-895)*-536+-788+-266-792*(474*982-621/-116/-258)+(-797--735--496*916)
-+--+/999792126*-836-653-245*/****467236478-433927706860*-326-521,999/792+126--836*-653--245+467*236*-5*-433*927/-733*860--326*(-521)
+++---+-192-224397-+189-363-591++-654273813103-596/+461/-607-117214,-192+-224-397-(282+-363--591)-(-654+273+813)+103+-596+(461+48/-117)/214
+--377*/**-17882799-515653668*-190+/--215123996-+78/139606219,377--178*82*799/-515*653-668+-190*(-215-123+996+(78+439/606-(219)))
+--+--730*/-36772056-418-51186//88822-+**-177796/735409-324456,-730-(-367/720*56)+-418--511-86+88/822/(-250*796*(735/271)+-324-(456))
--/++-+-/-98-527-177792*-541-231-153/19147625600*-297//-786-76-691,-98/-527--177+792--541*-231+-153+191/476-25-600--297*(-786/-76/-691)
--+++++/54+-837/-995806143-779-707999*437286/*/697479-40583876,54/(-837+-995/806)+-32+-779+-707+999+437*286-697/479*-405/838-410
///*190-82357219*/-64+*/660656-652/***/836126-298247-290696-107,190*-82/357/926*(-64/(660/656*-652+(836/126)*-553*247*-290/696)*-107)
+---*//*-378-21582-281-824--474262+--636/-23423-201-113/*952542-487,-378*-787/582/-281*-824-(-474-262)-(-636-839/423+-201)--113+952*542/-487
+-90-515//-71-978-++--280694-655*147228//154355-976/*-961281679,90--515+-71/-978/(280-694--655+147*471+154/355/-976-(-961*281)/(679))
++-*-617-660/*278743911-518/857+-359++/--669568-586/-200-847-957-362,-617*-660-278*743/911+-518+(857*(-359+(669-568--586--200/-847+-957+-362)))
++++--*654110*-622285439674*-79-592-191820/-203///-165-811-272-125,654*110--622*285-439+674+-79*-592+191*820+-203/(-165/-811/-272/(-125))
+-/*-421-658503/**/127-605-141-860241/-411+-814++-153-920+418*90293,-421*-658-503-127/-605*-141*-860/241+-411/(-814+(-153+-920+(418+90*293)))
-+++**-8950688-3-257//**//-472451-536523427-52290/*-390-669723,-89*50*688+-3+-257+-472/451/-536*523*427/-522/90--390*-669/(723)
-+-------+335-562-822498/608-580/195-680-310-574//315195-149-90050,(335+-562--822)-498-608/-580-195/-680--310--574-315/195/-149+-900-50
+-962*/-621-835--325/*39705+/500++768*-325-354-75*//88180460-543,(-962+(-621/-835)*(-325-39*705/(500/(768+-592*-354+-75)+881/804/60*(-543))))
--+---+537--153-625/354315814/*587*493-492-36-8*/651813-533-309,537+(-153--625)-354/315-814-587*(493*-492)/-36+-8-651/813*-533--309
-+/*879417-643795--*-971909**+593-847+258-769+78484*/489804165,879*417/-643+795-(-971*909-(593+-847)*(258+-769)*(784+84)-(489/804*912))
+704++--*234-284697935*+--/*-374711--532-634-985*418-366-377324866,704+(234*-284-697-935+(-374*711/(-210--634)--985-418*-366+-377)*324+(866))
+++-351694/883547/**-314-378278-482*/19/578546///750404438582,351-694+883/547+-314*-378*278/-482+19/(578/546)*(750/404/438/(582))
-----325589*333-86--/87107660*/-222-51329/-777*938+-780+-921218,-325-589-333*-86-(87/-968-660--222/-51*772)--777/(938*(-780+(-921+(218))))
+-+**///+*127-4723717214-508-979893/**-281-611/-666820696-177-397,127*546/371/72/14/-508*-979*893+-281*-611*(-666/820)/696--177+-397
+++973**653-+/*-68-551-205*418231-188214*/*-26370928676/-46381,973+653*(-68*-551/-205+418*231--188)*214+-263/709/28*676+(-370/381)
-++*/*-/12567-338-422671914-260/*95-+-580*127120-75*-797-962983,(125/67--338)*-422/671*914+-260+95*(-580+127*120--75)/(-797*-962)-983
+++*68+-+-++441-243*-666-152/574313875178954528*-83325*678316,68*(441+-243+-666*-152-574/313+875-178+954)+528+-833*25+678*(-530)
++*-458181--+-+/-605120-9-944223/*-+*928-711528945-360-127819361,(-458*181+(-605/120+-9--944+223-(928+-711+528-945)*-360/-127-819)+361)
--/*22950-356438/*678-854+-/+***-230815-101-231-783662942/25642,22*950/-356-438-(678*-854/(-230*815*-101*-231*-783/662-942+256/42))
++--++-+790*274-929/651883-232/*/430-524-959-785900231/548135153,790+274*-929-651/883+-232+430/-524*-959/-785-900-231+548/135+(153)
-+++*+**+*964-641//103661390117924-442*-894-37595450270*-239264,(964*-641+103/661/390)*117*924+-442+-894*-37+595+450+270--239*264
+-845-+/-264-8712----304+*633-++*-414363-263-184-832616210-482589,-845+(-264/-87+12-(304-633*(-414*363+-263+-184-739)/616-210--482-589))
-+/*213-721-956-445/61++-+*970-167545-145223562***-372519278102,(213*-721/-956+-445-61/(-830*(167-545)+-145-223+562--372*519*278*102))
-+-++++++++815206381588-426-816-/191917417218-634368-680/-355-150,815+206+381+588+-426+-816+(191/78-417)+218+-634-368+-680--334/-150
-++-66/-889973*-607502855/*78328++++877-656822/377-24-45-73,66-(-889/973)+-607*502-855-783*28/(877+-656+822+377/-24+(45--73))
-*---+*-650-422/-781+638//-354-921-309-107766-180*/-10-961956/954321,-650*-422+-781/(638+-354/-921/-309)--107-766-830+-10/-961*956-(954/321)
+-+--+---513*/731423737-803837-900121*922-152+*308512991/627-226,-513-731/423*737--803+837--900-121+850*-152-308*512/991+627/(-226)
-++-----680-791-94**-610-/-517-977*920-446601162666*778361/-654-735,-680-733--94--610*(-517/-977-920*-446)*601-162+666+778*361-321/-729
----710/***-562-618128+-150/-186-193-927344*894-248**627-921-508-873,-710--562*939*128*(150--186/-193+-927)/344-894*-248-627*-921*(508-(-873))
--137*467+-+*518551-717876*249-331//790++-932743*-982765124-828,137-467*(518*551+-717-876+249*-331)-790/(932-743+-982*765+124)/-828
-345---+281/*-893--232/313973-805+-35-29391*-26--418*-220-640480,345-(281+-893*(-232-313/973)/-805+(-35+-293)-91-(-26*(418--220*-640-480)))
*/-953368++202257*-810+++125*177*311179*-95322/167/-567*-53-372,-953/368*(202+257+-810*(125+177*(311*179)+-95*322+167/(-567/(-53*-372))))
-+-+-+-+-295/865-823/-537-666*619-57441/-321935**-224404670632191,-295+865/-823-34/-666+619*-574-41+-321/935--224*404*670-632--417
+-564/-738*169-++/*/*-373-+-426-920*-373787-235734-822-934-27827620,-564+(-738/(169*(-373*(-426+-920--373*787)/-235*734/-822+-934+(278-870)-620)))
++/-271488*/*/-834-130-710+-++**933-107-380*-403699-925539-910170-729,-271/488+-834/-130*-710/(933*-946*-380+-403*699+-925-539+-910)*170+-729
+/-617-237-++/627955*6--449195*319986--339--*/152-245509-42-453,(-617/-237+(627/955+601*(-777-195)+319*986-(-339-(152/-245*509--42--453))))
*-762++360//-730-69179*-583--695/*/*-/-497-79-540-191-447-93284739,(-762*(360+-730/-69/179+-583*(695+-497/-79/-540*-191/-447*-932/-726-739)))
--+++++*/267153333334/808-35121/725-464582/*-536-113-304-331162,267/153-333+334+808*-351+21+(725/-464)+582--536*-113/-304-(331-(162))
-766/-+-/-958378-626442592-++-59625/**-836-779293-295*-675-631-656,(766-(-958/378--626+442-592+(-596+25+-836*-779*293/-295--675*(631--656))))
+*/975-655-83/*-611959--733-+960/*/946-79248-126/-84-437/592-109,(975/-655*-83)+-611*959/(-733-(960+946/-79*248/-126--84/(437-(592/-109))))
-+-42-162/94++++++-+-924145411491733//861179-469813-493/981-371,-42+-162-94/(-924+145-411+491+733+861/179/-469+813+-493+981/679)
+-601***311-34-623-701*-594*-70--64*/-570312139*-532+--424895-725,601-311*-34*-623*-701+-594*(-70*(64--570/312*139--532/(-424-895+(-725))))
-*-899-507-*++//-566-435-629+-986-339/-173*629-374404**335436-109-323,(899/-507*(-566/-435/-629+(-986+-339)+-173/(629*-374)-404-335*436*-109)--323)
-+--+---+*-650-808/81925-182/-694-418*968-846451832324*-369834977,-650*-808+81/925--182--694/-418-968*-846+451-832-324+-369*834-977
+*842463+647**-362176--378-+*-395201***-779-984579-297//135-942602,842*463+(647+-362*176*(-378-(-395*201+-779*-984*579*-297-(135/-942/(-999)))))
---/-558-+--/94511533*/**-912504-818195-986-483*-24-760958512-613,-558/(945/11-533-(-912*504*-818)/195*-986+-483--24*549)-958-512--613
++-+-159/**/380-335-486-64246-807-88//215863+**-734297-725--526-164,-159+380/-335*-486*-642/2--807+-88+215/863/(-734*297*-725+(-526--164))
-+++-+-+++755759282**399-980780538405877/+-33821-794-809-925242,755+759+536+399*-980*780-538+405-877+-338*21/-794+-809+-925-242
+-+--+---554-109+--794546-190854*-109-149822-439638*/783-691-704-705,554--109-(-794-546+-190)-854+-109*-149-822--439+638--825/-691*-704+-705
--+--63450//-783-++/-956528*-165-934/--2358713-138381-7/608-658,-634-50+-783/(-956/528+-165*-934+(-2-358)/713--138)/381--7-608/-658
----++++873-325-969-404+-839-426-32190*-655/*-796957-426738/-694293,873+-325+-969+-404+(839*-426+-32)-190--655*(-796*957/-426)-738--694*293
+++++/971-557/503277*/554-297-10+/47+---993-716640795319-304129,971/-557+503/277+554/-297*-463+(47/(-993--716-640+795)+319)+-304+129
---++-/535-601/143-273/*/*4-129-25584862-710/-220815591+979-180,535/-601-143/-273+4*-129/-255*848/62+-710--220/815-591-(979+912)
////////-929-536-644-774390479949-65--93-*-206218-//-280981-907-451,-929/-536/-644/-774/390/479/949/-65/(-93-(-206*218-(-280/981/-907*(-451))))
--536/**-261-973-99-433++---357417*+*27662-85743897/847342-879,(536-(-261*-973)*-99/-433-(357-417-276*62/-85*743-897+847/342+-879))
-+-+-+-436*-261911/80593**194211250*-173-90*469-217//-408-390-259,-436+-261*911-805/93+194*211*250--173*-90+(469*-217)--408/-390/-259
-///-254-562225-504-+-+++--940551/+-944226465*-22596-512728-962959,-254/-562/225/-504-(-940-551+(-240+226)/465+-225*96+-512-728+-962-959)
--+---++-679545*384159*-59904-580//-895-29998241-890-173-935-459,-679+545+384*159--59*904--580-895/(299-982)/41/-890+-173--935--459
-+-+-706-440-669/837-774*/-353-785630//993927+/523660-*244523457,706--440+-669-837/-774+-309/-785*630-993/927/(523/660+(244*523-457))
/-552-267+-+928143/-863-244+--493/839-29*-66+//-222-987614*906-323,-552/(267-(928+143--863/-244+(-493-839/-29+-66*(-222/-987/614+906*-323))))
-+++--177-415-24636884/***74697-937+--377//277-969922778-762-35,-177--415+-644+368+84-74*697*-937*(-377-277/-969/922+778)/(762-(420))
-+*//----*492-18-182254287-175792-542780/704--885363//672983271,(492*-18--182-254-287--175)/792/-542*780+704/(-765-363)-672/983/271
--775++--+--247*93243915/999370650+*-611533-603/*/-6011-424-253,-775-(-247-93*243+915-999/370--789+(-611*533+-603)+-601/1*-424/-253)
+-*516-830605----717++-+-245511-80654651429//578805-246*-693-685,516*-830--141+(-717-(245-511+-806-546+51+429)-578/805/-246-(-693*-685))
+--141789+-545//416-137+-*996-776172-+-662**-605-216-279*815/-983-68,-141-789+(-545+416/-137/(996*-776-172-(-662+-605*-216*-279-(815*(-983/-68)))))
+---+++//-611845904-849822830*-967-192*757-487553//-340-539+183-753,-329/845/904+-849+451+830--967*-192-757*-487-553+-340/-539/(183+-753)
---299518+++--342531-755-853/214*/*871181+-606-937-*-977-633+-590192,-983-518-(-342-531+-755+-853+214/(871*181/(-606+-937)*(-977*-633-(-590+192))))
--++-579**613-242-821*117-643/**-22986-31484827/-24-*420-426-226,579-613*-242*-821+117*-643+-22*986*-314/84-827--24/(420*-426--226)
--418/-++-670-817882--+/282-+*-2324197-397-297/*-27678-108117155,-418-(-670+-817+882-(282*(-23*241+97--397)+-297--27*678/-108-117)-155)
-++801//-166-851634*-59*-670-531/*/60290-190+//*424-268609-636241,801+-166/-851/634+-59*(-670*-531)-(60/936*-190/(424*-268/609/-636+241))
-+-++--266//257920-220-275/-295-569658//356/-755729-239//187-847-678,-266-201/920/-24+-275+-295/-569-658+356/(-755/729)/-239-187/-847/-678
-+-480-247-657-517--894-+++/-489899*-663-476-577-674*240201/-554811,(480-247/541+-232-(894-(-489/899+-663*-476+-577+-674-240*201)--554/811))
-+-+--/**/479-41874717909**-26323-597-165/-111372*1448-916645,479/-418*74*717/909--26*323*-597--165+-111/372-144*8+-916-645
+++-74/--24-947-641443-+-/-622-16/*/--901656623-673*8-619-291-265,-74+(-24--947)/-641+443+(-622/-16-(-901/656/623*-673-8*-619)+-291--265)
+----/--491-47-636+-+*287-95968449-46*-932423/627113*-85-22-588,(-491--47)/-636-(287*-959+684-49+-46)--932*423-627/113--85/870+(-588)
-+-++-**-200663-899*-193-455-499374**-459-801-356/563721-*76190828,-200*663*-899--193*-455+-499+374--459*-801*-356+563/721-761*90*828
++++/-828367//*-43-534654-279-103860--517/**-732-896-141859+156541,-828/367+-43*-534/654/-279+-103+860+(517-(-732*-896*-141)/859)*(156+744)
-+342*/138-950811//*994+/**555216-229-114/-454-973-754-86/455212,342+138/-950*152-994*(555*216*-229/-114+-454/-973)/-754/(86-455/212)
-++---/-615-261/35/336931874*--576400-397377-220989*/160-481548,-615/40-35/(336+931)-874-(576-400--397)*377+-220+989-160/-250*548
+/369-/574-870292/*/**-722-107-83544-799/131-200*-711**882-590-767,369/(574/-870-292)+-722*-107*-835/44*-799/(131/(200-(-711*(882*-590*-767))))
+---232-306233--/-948+*960-738*/153703932//-320-257-700-105*833-50,-232--306-233+(-948/(960*-915+153/703*932)--320/-257/(700--105)-833*-50)
-++518-449/766-69*****-788-584707-624888+-864--683+-312*/-246-10438,518+-449+766/-69--788*-584*707*-624*888*(-864+-683*(-312+(-246/-10*-44)))
++++*/804595-4-+--935-761-58-120++-335-552*-568-915*115534*818205,804/595*-4+(-935--761+-58--120)+(-335+-552+-568*-915)+115*534+818*205
+--694/+/--/*617-82314-463404-266-114-930+*///-280998741850-28230,-694-(834*-823/14--463-404)/-266*-114/-930+(-280/998/741/850*-282+30)
--+***-83564333-587**/-659259-95**//-17611/-286-297-95813-661150,-83*564*333*657+-659/259*-95*(-176/11/(-286/-297)*-958*13)--661-(150)
+++--+//-802725-603-310-713/*274-/509-147-642759/118-562340*-903-115,-802/725/-981+-310--713-274*(509/-147--642)/759+118/-562+340+-903*-625
----806104-454-*485+-733233+-+91--708-470508+11*-401**490826210,-806-104--454-(485*(-733+233)-(91+(-708--470)-508+(11+-401*(490*826*210))))
+++-*/-373-379599/-469-98/179-863*//-621658-993-239-404+/808816-118,365/-379*599--469/-98+179/-863+-621/658/(993--239)*-404+(808/816+-118)
/-+-334/-763/810-482*668+***-*-454-144-460478645705*/28171183-58,-334+-763/(810/-482)-289*(-454*-144/-460*478*645*705+281/71*183)-(-58)
-/*-366-342-621-/601806++/-826/354+--568*770-814-844*-16667-592545,-366*-342/-621-(601/806-(826-354/(-568-770*-814+-844)+-16*-419+-592+545))
+-302-++-741232-86++-533*+-+--70474/368468/-154-976*245-629669-919,-302+(-741+232+-86-(-727+(-704-74+368/468--154/-976+245*-629)*669+(-919)))
-+-++++/277-692*--43711-926/89826187-226961-+-614-461673/-283-978,277/-692+(-437-11)*-153+89/826+187+-226-961+(-614+-461-673)--283/(-978)
+--+--/****/-115887-709992799501132*577-705767275174110/-784134,-115/887*-709*-851*799/501/132-577*-705-767+275-174-110+-784/134
++--664/*///-187625861-73574-395745/*111581-538/**-55994-453-938,664--187/625/-244/-73*574/-395-745+111*581/-538+-55*994*-453/-938
--+/*-569+-32-270-7-554563*357+--228-652/462*363*//585833-595-529,-569*(-32+-270)/953+-554-563-357*(-228--652+462/(363-(585/833/-595*-529)))
++--+965676///940-90046-213107/-18-166*/-161247-*38877/301221,965+676-940/-900/46/-213-107+-18/-166+(-161/247+(388*77-301/221))
++--359214818**556845++*635++-666-681/274779-420+-209-515/-320-9,(-359-214+818+556*845*(635*(-666+-681+274/779)+-420+(209--515+(-320/-9))))
+/800583/*/*-/593671/*745-184-796/-303//*-95082-878-77330761556,800/583+593/538*(745*-184/-796)*(-303+-950*82/-878/-773)/30*761/556
+--+/+-++10*-693-446-558-84/797-452*13301/758124-842/-986779100,(-261+-693*-446+-558--84)+797/-452-13*301+758/124--842--986/779+100
++-151/558662*845++--208229-615-62/959*-/-585-998-760+-202*-294295,-151+558/662+845*(-436-229--615+-62+959/(-585/-998--760-(-202+(-294*295))))
-*-625255*652++--57/*/400238/*-834123-129-9*-243-769//-44343482,759*255-652*(-57-400/238*(-834*123/-129)/-9+-243*-769+-443/43/482)
/*/561-603325+++-/-633-927-796*/*139+-839271-321809//566698-733399,561/-603*325/(-633/-927--796+139*(-839+271)/-321*809+(566/698/-406)+399)
-----+/**-697-916-671-251-190*17-713*-*61-810-363300-816-311/885245,-697*-916*-671/-251+-190-246*-713-(61*-810--363)*300+-816--311-885/245
--747+-323+-*-240785-820--366+676-+-/-821-323*-461843204**373442-6,-747--323*(-240*785--820+(-366-(676+(-821/-323--461*843+204-(373*442*-6)))))
+/993/-328115+-++405666/-+*-923-567339496-664-113*-379--432/-46066,993/(-328/115)+(405+666+(280*-567+339-496)/-664--113+-379*(-432--460/(321)))
*754++/-474870**-718-175766*-696--514//-628955-668*-655+-439--289-31,754*(-474/870+(-718*-175*766)+-696*(-514-(628-955)/-668/(-655*(-439+(-289--31)))))
-++++--70896-756263/-179+536411*/*77511-65195/-715+14*754409,-708-96+-756+263+-179/(536+411)+77*511/-65*195--715/(14+754*(409))
/+++++/244875-970372/-20421-387*/-504-271-400**//481-732-48141-817,244/875+-970+372+-20/421+-387+-504/-271*-400+481/-732/-481*41*-817
+++-+/*208783959-447942/--54-942-373**568+---416785-142-901701-177,208*783/959+-447-942+-54*-942/-373+568*(-416-785--142+-901)*701+-177
++--++---730///763357-691785-380/777-773-382-396-530/-810-685/750-728,(-730-(763/357/-691)/785--380+725/-773+-382)--396--530+-810/-685+750/-728
+--/-336764*/28084-563*-27-873////-2828525879-18**466851-953,-336/764-280/84*-563--27*-873+-282/85/258/79/(18-466*851*(-953))
---+111182/405477/*//*923*/-241294-180971537-262-838/*-911-297461,111+182--191/477-923*(-241/294*-180)/971/537*-262/-838--911*-297/461
+-760/346++++/561693/-561124/+-+637476239*-653-76429-81/-732-358,-760+346/(561/693+-561/124+(637+476-239+-653*-764)/29+-81+-732/(-358))
+/*49-431-107----561/-412-382+-800--*77-174652578*/*-627-384-60-324,(49*-431/-107+(-561--412/-382--800/(77*-174-652-578)-(-627*-384/-60)*-324))
-+++--//794-137176/**-995-961-31649*/*19692-744-328655421-535-535,794/-137/176--995*-961*-43/49-(196*92/-744*-328)+655+421+88--535
+-+--++405-170*/-126-808-867/-33118-151+491-737*-827+-428527-176-897,405+-170+-126/-808*-867--33/118--151+(491+-737)--827*(428-527+-176)+-897
+--*/-93/40196+--708/710780-3-517-414+-963**//215760934752986,-93/(401/96)*(-708-710/780+-3)--517-492+(-963+215/760/934*752*986)
+*+-/988-93580143*/-96095546-++-198**280-551-85-204**694602-203,(988/-93)-580+143+-960/955*46+(-531+280*-551*-85+-204-694*602*-203)
++-+--809-73-75////936-803-44937936-630///*414333181-225749-794,809--73--75+936/-803/-44/937/936--630+(414*333/181/-225/749)--794
-561-++*-382393--18-871-250*-383-***677**-386-799-921811-508+-904-192,561-(-382*393+(-18--871)+-250--383*(677*(-386*-799*-529)*811*-508-(-904+-192)))
-++--+++16**961-782204845-228/++-504*932953-102-686-984-276-647882,(16+961*-717*204+845+-920-(-504+932*953+-102)/-686--984)+-276+-647-882
++-476-825/--947-910542-530+-+--761*/-349477-385128*/-566-486397-994,476--825+-947*-910/542+(530-(-761--349/477*-385+128--566/-486*397+-994))
++--330965-55///////872/-835430447+904*132703-892-543185-246429,-330-965+-55+872/(-835/430)/447/(904-132*703)/-892/-543/185/(246-(429))
--**-507-25-892*/*/9433*318212-446-+349*/*-519218-153724-1000-834,-507*-25*-892-9/433*(318*212)*-446*(349+-519*218/-153*724--1000)--834
--777-***259*///-679--+-361/-283583/-660-811109-917176-256-867-4604,(-777-(259*(-679/(-361+-283/583--660/-110-109)/-917/176*-256)*-867*-460-4))
++--+-+-+-538-974-6-239-139///707659-883+376/400884746772990-404,(-538+-974--6+-239--139+707/659/-883/(376+731/884)-746-772+990+-404)
-++++//-+46-721-426883-400/401191-657/-916562*187-328/*120-127-537,(46+-721--426)/883/-400+401/191+-657+-916/562+187*-328-120*-127/-537
---+//-879-110477396/965811-502/*-367/*253676592+-/334-17352-549,-879/-110/477+396-965/811--502--367*(253*676/592)/(334/-17*352+-549)
+-++-155**437-264-12276**-184-721-584--/-389698517826**910620-826,155-(437*-264*-122)+76+-184*-721*-584-(-389/698-390-826)+(910*620*-826)
++----+/851992-451-834*-321660**/261--626883-652617789/-691131322,851/992+-451--834--321*660-261/(-626-883)*-652*617-789+-691/131+322
+-++----103/--+959189/250-632-606967-743-261/208699*560-833192684,-103-(959+189-(250/-632)--606)/967--743--261+(-906/699)+560*-833-192+(684)
**/****/-466-538--673**-376649830//-839832-222-116347204-496635-929,(-466/-538*(673--376*-833*830+-839/832/-222)*-116*347*204/529)*635*(-929)
+---+---643-71147//-66349612465-236-346*/+--203-903176-317*-394-712,-643--711-675+-663/496/124-65--236--346+(-203--903+176)/-317*(-394*-712)
+-459//*+/*-476393192//-844-602324-592812--+++125-955183885-607781,-459+(-476*393/192+-844/-602/324)*-592/812/(125+-955+183+885--607-781)
++-+++-511724+*/787491585251-868-380-912/*/928457988--443*-195245,-511+724+(787/491*585+251)+-868--380+-912+928/457*988/(-443--195*-589)
++-+-+*+303-366-203842360*-*/-19-106-854461-183-766//-116-471436443,303+-366+-203+842-360+-19/-106*-854/461*-183--766+-116/-686/436+443
+-330*/852-761-++147/*-7982--524-684595**-776-812-548/*-71-870-127,-330+852/-761*(147+-798*2/(-524*-684)+595-(-776*-812*(548-(-71*-870/-127))))
+-204/-483+--/-408-427*-828-+-340+-247*579554-668-44*/176-48-409-894,-204+-483/(-408/-427--828*(-340+(247-579*554+-668)--44)-176/-723*-496+(-894))
+-++**/33-204-475-773***-756145-331420/*-801592-999**-959-763816858,33/-994*-475*-773+-756*145*-331*420+-801*592/-999--959*-763*816+858
+-256/*/*/-783-167341-178469-435*///130692-576468--432*340-37946,256-577/-167*341/-178*469/-435+130/692/-576/468*(-432-340*(37-(-614)))
++51*746-186-+-661/980-987/*/-137-*/-631-345157**-344288-238-294483,51+746*-186+(-313+980/-987--137/(-631/-345*157--344*288*-238)*-294/(483))
-+--+---602485214360*-429-718668-559--524+--/990-50*548954-945641,-602-485-214+360--429*-718-668+-559-(-524-(990/-50-548*954--945+641))
+--++---941*159-990/-331-613/-303978/-195832629/*/-900-768986-276499,-941-159*941--331/-613+-303/978+-195/653-629--900/-768*986/-276+499
/*-130678-782--152*-945-+-866389---187*-483-764/***988376-452-999846,130*678*-782/(-152--945*(-866+389-(532--483*-764-988*376*-452*-999/846)))
+308-+-919-193+---//226832+/268-17363*866+-986526116/643-750144,308+(-919+-193-(226/832+(268/-17+363)-866*(-986+526)-116-643/835+144))
++62911/317-882/-823+-188/228--688/-671+-*-8747/*59824729473,62+911+317/(882-774/(-188+228/(-688-(-671/(-8*747-598*-818/729+473)))))
+---366*5-207-583-+719/*-200-+-282-487413199+-125++64*901-847-702,-366-5*-207--583+(719+-200*(848+-487-413)/199-(-125+(64+584*-847+-702)))
+*///982624-997798780/-151--990++*-257-342*-347-206/*-336644-58349,982/624/-997/798*780+-151/(-990-(-257*-342+-347*-206+-336*614/(583-49)))
----+-/*956-332*-319-378-656/-912-862177/*478-683589/-770934*377940,956*-629/(-319*-378)--656+-912/-862-177-478*-683/-838--770/934-377*(940)
---724-125*/**/-912-851-929105433-/-437-821++/-727-414-719+/-131118-299,-724--125--912/-851*-929*105/433*(-437/-821-(-727/-414+-719+(-131/118+-904)))
-+-+/-98-234945/476-691-696*++---124157///-84326333461143479-827,-98/-234+945-476/-691+-696-(-124-157--843/26/333/461+143+479)*-827
--47721*/**7621643-912--+-244+---803-209/266-996349/149-79-246,47-721-76*771*43/-912*(-244+(-803--209-266/-996+349)-(149/-79)--246)
++-/257993*796-355/*/813669645909*-678+---835621**-724-393828727,257/993-796*-662+813/669*645/909+-678*(-835-621--805*-393*828+727)
--+759-279/****273-++-258-20-2390325491148549+-54**899-140-166,-988+-318-273*(-258+-20+-2-390)*325*491*148/549-(-54+(899*-140*-166))
*/*//7536804-40653--+-271-462/-719-438853+--884/-5353*345305,(75/36/804*-406/53*(-271+(462--719/-438)-853-(-884--53/53+345*(305))))
--*293-77847//-4-506-*691893-792-+-*-121-747599613*-563-27489,293*-77-847--4/-506/(691*893-(792-(-121*-747-599+-683-(-563*(274-89)))))
-+808/-698452/-746-268//*/342244843+/-350-758277+/*-6759955401,808+-698/452--746/(268-342/244*843/(-350/-758-277)/(-6*759/955+401))
-**--*658265/966-972*121-618-689-443*37+-+-135-403-81-270/470662,(658*265-966/-972-121*-618)*-689*-443-37*(-138--403+-81--270+470/662)
--+*/*488-47670376*////989306532-644-246-852*//-802-233-422486503,488*-47/670*376+989*306/532/-644/-246*-852--802/-233/-422*486-(503)
++-++*-122971*-530//869-752732*-523968-176/**-333-607522966/738719,-122*971+-530*(-80/-752/732)+-523*968--176+-333*-607*522/966+738/719
---+----*67783/6597-790137-598-48*/744219-*96-100352385312,677*83-6/597--790-137--598+248-744/219*(96*-100-352)-385-312
-///-285-217-644+-/-998-510**/449-390822-131/533-489//757-166-407-387,-285/-217/-644/(-998/(510-449/-390*822*-131)-(533/-489)+757/-166/-407)--387
-+-++-74945842550/-985-335+----/-782-970734733-963*-654613*841-375,-749+458+425-50+-985/-335-(-782/-970-734-733-18--654*613+841*-375)
+/-605-400-419**-776-102-/597188-+//266-872289-503/961**191-108163,-605/(400--419)+-776*-102*(597/188-(266/-872/289+-503-(961/(191*-108*163))))
+---/--196/-384-23029164532*-763139*+-//*-685502758888-846-676412,-196--384/-230+29-164-532--763*139+(-685*502*758/888--846+-676)*412
--460-54/////822+++/836-403/-717203207*-531314951-696-95-788194,460/-54-822/(836/-403+-717/203+207+531/314*951)/-696/-95/-788/194
-*/-373913-643-+-643--547324++-+*-217-550738/72731474/400-117-837,-373/913*-643-(-643+-547*324-(-217*-550+738-727/314+74+400*(117--837)))
-++-15429-977*79--+--+-988-++66378-555765197327/-34318913-931,-154+29+-977-79*(-988+(663+78+-555)/765-197-327+-343/189-13-(-931))
--++31*/+709-277501-+-+-361*-409953/-537-405-784/-51509975769-713,31+(709+-277)/501/(-361+-409*953--537/-405+-784--51/509)+975-769--713
+*+--+636/-465--/-915-26183479-880314699*//-179-135892-420*-343782,636+-465/(-915/-261-834-79)--880-507+699--179/-135/892*-16+-343*782
-++-+--/-452267356---322+/-772245550/423943/-728732349-19997113,-452/267-356-(-322--772/245/550-423/943)+-728/732-349+-199+97-(113)
+-+/*/-++/-746684-192*305-858/--752464-913-951-75-822-611-681/562-306,(-746/684+-192+305*-667--752/464/-913)/-951*-75/-822+-611--681+(562/(-306))
/*-194577++***/*-505+-/305-231*--784264-873698360-590-118959509670,-194*577*(-505*(305/-231--784*264*-873+698)/360*-590*-118*959+509+(670))
---+///255-321-404/*/473-464-528125-344/-980952/218--5010*-97825,255/-321/-404+473/-464*-528/125--344--980/-258-218/(-501-0)--97*825
+875/712--+-39/688-914*581-+*574-410-10-242235*//-640-132907942,875+712/(39-688/-914+581*(574*-410+-805--242)-235--640/-132/907*(942))
----+-114186/165-+-692-24*867610/-122550/*27223/63523*648-643,-114+186-165/(-692+-24-867*610)--122/550-27*223/(63/523)-648*-643
++--+/+458-732-203*-27669-642**/-237-978516-576164/**559677-909-170,(458+-732)/-203+-276*69--642-853/-978*516*-557+164+559*677*-909/-170
++-*++-+--969/+-493-263*655141561-81-815359*276-418538407653-928,-969-(493--263+655*141)/561+-81--815+359+276*358+538-407+653+(-928)
---**42847/--189180*-294411975+--222-984-951/-862949*-97-402489,42*847*(189-180--294*411+975)-(222--984--951+-862/949)--97*-402-489
--+----795428-854////-659-195-350-415-894/-971948683*-325-658*767-700,795-428--854--659/-195/-350/-415/-894--971/948+683--325*-658-767*(963)
+-++--618-954/---+++290-168/-222-315-901-667-943*912-754490-879-4778,-618--954+(290+-168+-222/-315+-901--667--943-912*-754)/490+-879--477+8
---++42*/209-299-884283/329-581-661/762--894+-+-617/-178-293-124-475,42+209/-299*-884+283-329/-581--661-762/(-894-(-617+-178/-293--124+-475))
+++631/*/123436-64132546**/-725-/993-543651165--*-409398-782768,631+123/436*-641/655+546+-725/(993/-543-651)*165*(-409*398--782-768)
+++--++-*800-287384/*-819-820-525-505*/-71-969-17624/303220-255-88,800--287-384+-819*-820/-996+-505--71/-969*-17-624+303/220+-255+-414
+-----/*/6709541-175167/27559-472160521*/-750-923*-660+91-33,670*954*1/-175-167-275/59--472-160-521+-750/-923*(-660*(91+-33))
-156//-*-504-178795204+-28+--319-++-987-175//550-599-517/-312-590-225,156-(-504*-178-795)/204/(-28+(-319-(-987+-175+550/-599/-517--312/-590)+-225))
++536/-397-318888+---34+-/-87573///-122-353964205/852-181-370750,(536+(397--318)/888+(-34-(-87/573--122/-353/964/205+852/-181)--370+750))
++-++93/-277-34/*627539835++248442*-713688-570**784153238614,452+-277/-34+-208*539/835-(248+442+-713*688)+(580-784*153*238)+614
+-+-274478/*994-552-671---/*-900594-235-+-10905-975-760+-934/813-916,-274+478-994*-552/25+(-900*594/-235-(-10+905--975)--760-(719+(813/-916)))
-//+-413498-773202**998-++-//778-13-55-628456*-391--643967820-752,(-413+498)/-773/202-998*(778/-13/-55--628+456+-391*(-643-967)-820)*-752
+-372*762-485*-562*-759--+--630/*-98206772-259-188+-+419-93695-78,-372+(762*(485--562*(514+(-630--98*206/772+-259--188-(419+-936-95+-78)))))
+-++--+-/-26916-159*-51-74-837-225/***688604-678-8010282-994-17,(-269/16--159)+-51*-74--837--225+688*604*-678*-80/10+282--994+-17
-/933--+857*-46238*/-236-350-269/501-584*908/-663+-*29788548-527,933/(857+-46*238--236/-350*-269-501/-584)-908*(-663/(29*-857-548+-527))
-+-34-567/*900250--+--618-755831-937++++-588962*-86-556565-270725,-12+-567-900*250/(-618--755+831--937-(588-962+-86*-556+565+-270+725))
--*+-/-669-132*/*218537686784/-91444857-438//-487/-108-235111-226,(-669/-132-956*537/686*784+-914/448)*57--438-(487--108/-235)/111/-226
+---++-+594469/101-766-308-319//-893103-534--417-954//703-330206-914,594+469-738/-766+-308+-319--893/103/-534-(-417--954)-703/-330/206+-914
//505-760+--733/+*/-241919-314-9574834+-+-832*671459385/-58291,505/-760/(733-(-241/919*-314+-957)/483-4+(-832+671*459-385+-582/91))
-+-+-/*930-549-679//-318-818661887//*-729-255382497497*-21493,(930*-549/-679--318/-818/661+887-(729--25)*53/824/97+497)--21*493
--**/-364++594-10598-276-/31-978-848701-893--+278659*85011613,-364/(594+-105+98)*-276*(31/-978--848)-701-893/(278/659-850*-726-613)
/+300*-914-38/-949--122-/**62-125936113//395-607+593/-465/-615-864,300+-914*-38--949/(-122-(62*-125*936/853+395/-607/(593+-465/(-615/-864))))
+-+**-324992732-889*947-353-+--716/*-40578**82889-318-66-125-172,-324*992*732+-889-947*-353+(-716--405*78/(828*89*-549)+-66-(125--172))
+992/822+++++-838590*202382*-798349596-**-65256-531*/-179-194-543,992+(822/(-838+590+202*382+-798*-11+596+(-652*56*-531--179/-194*-543)))
+---666*/*/*/434576-378929730-642-1000-663-+896-592+/652842/27380,-666-434/576*-378/929*730/-642*-1000--663+(896+-592-(-821/842+273/80))
++++--958**-806-72304177*/**51-661-727-261476/+507-48595-686-365,-958-(-806*-72)*304+177+51*-661*-727/-499*476+507*-48/718+(686--365)
+-+28703/-866///324-4167854//337117--/62511/*-877-851569-629,28+703--866/(324/-4/167/854)+(337/117/(62/511--877*-851/569-(-629)))
-**-797643+*-793858-178/-265+--131936/**-556875*550-823-365/-182794,-797*643*(-793*858+-178)--265/(131-936+174*875*(550*-823)/-365+-182/794)
**-353-502--764--///-138-295-698+/-294-51424-187+-+-42/356-969-267-183,-353*-502*(-764-(-138/367/-698/(-294/-51+424)--187-(-42+356/-969--267+(-183))))
+/-151-86**-841/815-785-++*805586/++-652327-70/-702336-877*-853891,-151/-86+-841*(815/-785)*(805*586+(837+327+-70--702/336)+-877--853*891)
-----343*/*-+219*95-332885827-725763-166798*-160632765*-627215,343-(219+95*-332-885)*827/-725/763--166-798-(160-632)*765--627*215
+--++*-429-363981-+955271/-563215//-436997-679*/*-738465913-213-229,-741*-363+981+(955+-427--563/215)--436/997/-679--738*465/913*-213+-229
--851/*-776-387491///*//***24644976-5314299814-604385/-870211,851--776*-387/491-246*449*76*-531/42/99*814/-604/385/(-870/(-913))
-+++/*617162724*/-334-526256759**717*544-113-565-284++-783430704,617*162/724+-334/-526*256+759+717*(544*-113)*-565-(284-(-783+430+704))
+-+/**-40-532570+82193*-619*609-89*/-8-220-274**/446361679644,-307*-532*570/(821+93)+-619*(609*-89)--8/-220*-274+446*361*679*(644)
++-478-551--/277-206-625/32+//831309-923-/320-287+*438727*-849-380,-478+-551+(277/-206--625-(32/(831/309/-923+(320/-287-(438*727/(670*-380))))))
----+--+-873*-467466-147-7-794-9*48-79//899626869++705621518,-873+-467*466--147--7+-794--9+48/-79-899/626/869-(705+621+(518))
-+++++*-476-58567**/599832547-251707-655417/*-25106//619-898-571,-476*-585*67-599/832*547*-251+707+-655+417--25*106/(619/-898/-571)
---+**-178-550-980*/*-881*18963141133-/*-450-706-118375-913/-5-467,-178*-550*-980+-881*(442*631)/41*133-(-450*-706/-118-375)--121--5/-467
///856-24698-+--+/**776-138748916*417594-646*-669-462-50+-845-935,856/-24/698/(776*-138*748/916+(417*594)--646--669*-462+-50-(-845+-935))
///426-13414+-383-/++/701273/*-685-168-806*/-389237278686/992470,426/-13/414/(-383+(701/273+-685*-168/-806+-389/237*278-686-(992/470)))
---+*-920-287-757-391-+++--530//-936446753184*-792-894621/-67-187-31,-920*-287+379--391-(-530+-936/446/753+184+-792*-271+621--67/-187)-(-31)
+--++-++/-572-166-60517-72-307/*/814-86*0525337-339828/516264,-572/-166+-60+517--72+-307+814/-86*(0*525)/337--339-828+(516*(264))
--+//**340174-36378532-798+-/357-808575-896//742-89-*626-948-874,340*174*-363/78/532+-798-(357/-808-575+-896)-742/-89/(626*-948--874)
++-+-+--151*/*301-265297168809-56140*-23977517/-/761-457868936,-151-301*-265/297*168+809--561+40--239*77+517+(761/414/868/936)
+++*++-+-*416-614-323/-280-140266689/-930-632*-904-372/926-87-561-24,416*-614--323+-280/-140-266+689+-930/-632--904*-372+926/-87+-561+-24
+--+-881*95-+57/**878445-859280-626/-637-704**-9-408-152/-761-280,-881+95*(57+(878*445)*-859/280--626)-(-637/-704)--9*-180*-152+-761/-280
++--249*//-38-484-486776940***//*471-799-411538278-57879/-594170,249--38/-484/-486*776-940+471*-536/-411/538*278*-57*879+(-594/170)
-++-621-16-122**749788**-786-182--/**362610-641-582*849-974*431-627,(-621+-16+-122)-749*788*(-786*-182*(362*610*-641/-582-(849*-974)-726*-627))
+-++*471707-++--854*-796-299/533270-401*992222*251-112*352-421986,471-707+(-854--796*-299+533/270+-401-308*222)+251*-112-352*-421+(986)
-/545-525/-1/*22568+//837*422117-16+/419-838-/-640-499/722-266,(545/-525--1/(284/68/(837/(422*117)/-16+(419/-838+(-640/335-722/(-266))))))
++-++-*/*-868280105-481//661-9647527*306-892**-569-202-865-903279,-868*280/105*63-661/-96/475+27+306*-892--569*-202*-865+-903+279
*-+--+925487*421739+-110**/-322-641904683-368-1000770*-314*577776,925+487-421*739-(-110+-322/(641-904)*683*-368)+-1000-770--314*(577*(776))
+--+-+*643-217*//-225-364113907//-3458213-559/*-368947-419-227736,643*50+-225/-364/113*907-(-345/821)/3+-559--368*947*-419--227+(736)
-+--*941858//-563173-594---222/-943-209*-136-625-132+*-806-533/984-237,424*858+-563/173/-594-(-222--943/-209--136*-625)+-132-(-806*-533+984/-237)
+-++--++/*/-355-653-227-975*//84679836769-901895-14-512-138-703929,-355/-653*-227/-975+846/798/367*69+-901-895--14+-512+-138--703+929
--*819930-638**39886+370++-***-654-875888-155727+/97-985472-893,819*930--638-398*86*(370+(-654*-875*254*-155-761+(97/-985/472)+-893))
--+-/754-329/-682---771551-748**821-813-260/233922-+-109-715/-588141,754/-329--682/(-771*551-212)+821*-813*-260-233/922-(-109+-715--588/141)
-+-+-+--709*/4924-88-965-812429-127/*//-663558-264453-830703868,-598-492/4*-88--965+-812-429+-127--663/558/-264*453/-830+703-868
-+-*///-1*-999-48-474-205*-343940/-12761-791+-57146/-979/521-261,-1/(-999*-48)/-474/-205*(-343*940)--12/-616+-791-(571-46+-979/(521/(-261)))
-++-736747/*/*-34256270-862671/-171--845-+*-276396/*-945-905-485264,-692+747+-342*56/270*-862/671--171/(-845-(-276*577+-945*-905/-485-264))
+--+/-+-887*-797-590*686-526-28//288-443731-165-699*-583//532953526,(-887+-797*-590-686*-526)/-28+288/-443/731--165--699+-583*(56/953/526)
-++//757-942253-223/352959/-212+///*10280-627696-940*/502745281,757/-942/253+-223+906/959--212/(102*80/-627/-954/-940+502/745*281)
**960893+++-+-751-72/-253701*-585***328-370-969341-28*-579-752723,960*893*(580+-72--253/701+(585-328*-370/-969*341)*-28+-579*-752+723)
---++//-749-*-492-789-267-981/-264405*/-748-28312364//97-595339861,-749/(-492*-789--554)/-981+-264/405+-748/-283*12-364-97/-595/339-861
---+--*-931362/159186-+32200-838**-726-753-628*-117-212*-66295217,-931*362-159/186-(32+200--838)+-726*-753*-628--117*-212--662*428-(217)
+-*/-+*745657*688-61427217537-329*410*-860--/19135*-599-185753,(745*657+688*-614-27)/217*537--329+(410*(-860*(191/35--599*-185-609)))
+--+-*++++-722553-26*-/2456-21425-6417391418/303614209-541,(-722+553+-26+(24/56--214)*25+-641)*739-1+418-303/614-209+-541
-/+--683743-320*--299-22-242*+272811-288*///175-365-853851--156626,683-743-954+(-299--22)*-242+(272+811)*-288-175/-163/-853/851*(-156-626)
---973857**386-121488+*/-944-513-2999+/450321///-82358461194,973-857-386*-121*-735-(-944/-513*(299-9)+(450/321+-823/58/461/194))
*-+++++++/253296849249/752911613-755-232--685/698414511+-825202,253/296+849+249+752/911+613+-755+-249+(-685-698/414)-511--825/202
-++/--838914/231-771/581-88*-259149//81663-544*794-369/-56135,-838-914-231/-771+581/-88+-259/149-816/63/(544-794*(369--56/135))
++*/873733239*-591961--145++++++244106*-121-782*-534-569432-166-79,873/733+239+-591*961+(-145-(244+106+-121*-782+-534*-569+432+-166+-79))
++++++++-767-796*284-962-264583-263678746-/**600860311500+72852,-767+327+284*-962+-264+583+-263+678+746+(600*860*311/500-(728+52))
-+-**-575437-192-512/*/-64441-157-441/*-877960-554/873+-609-808529,-575*437*-192--512+-64/441*-157/-441-(-877*960)/(554-873/(768-504+529))
/-694**279-325/37++++//589-446671*-412-568/-855769*-784233*724673,-694/(279*-325*(37/(589/-446/671+-363*-568+-855/769+-784*233+(724-673))))
-/+++-/*799064022*882239/*-606+-799-174-39/*875-488241-128458,79*906/402-2+882*239+-606*(-799+-174)/-39+875*-488/510--128-458
+++-+/-367793//-33-173--110-744*//-703-108-75969568*728-301-818-649,-367/793+-33/-173/(-110--744)--703/-108/-75*969+568+-848*-301+(818--649)
+---+-+/507-42-124666*/*-69072401200//-978-270-452-723*-340516-484,507/-42+-124-666+-690*72/401*200--978/-270/-452--723--340*516+-484
+979*+55-128*-625++/+++-708-947-274/*/-132-904-842960-649-64843542,979+(55+-128-(-625*(708--947+-274+-132/-904*-842/960+-649--648+426+(42))))
----*+*-556-+-883--233/343516-869-386940*/-608627-907*-640-232-588506,(-556*(-883+(-233-343/501)--869)+-386)*940--608/627*-596--640*-232--588-506
+-++++-77391965-856/-785-882*299802*/**/*212-128883-353400-761-640,-773+91+965+-856+-785/-882-299*802+212*-128/883*-353*400/-761*-640
*-788+--+-*-101-987541-46/-386-673194//-220332----718/-104-146-395-720,-788*(-101*-987-541+-46--386/-673-194+-220/332/(-718--104/-146--395-(-720)))
+--/*-960202-800/-87299*-986-756--519-399-183*-277-++-936968-39158,-960*202--800--87/299--986*-756+(519--399-(183-(-277*(-936+795+-391-58))))
-/*-243287-256---/-124908//91691223-798+*-168886/+-552/403486769,-243*287/-256-(-124/908-916/912/23--798-(-168*-597+(-552+403/486)/769))
--900-*/24861335197+908*+--278/+809515-695-491+*-87-837345-505,900-(248/61*335-197)-(908+(278-(809+515)/-695--491+-87*-837*345+-505))
++-+-+*/-211-20788*526363*-935396-950221*//-488-997957829*-999598,-211/-207*88+526*363--935*396+-950-221+-488/92/957*829+-999*598
--+-+-++***221-217-395470-914*815-385-772-829/345-32897-701547-678,221*-217*-395*470+-914+815*-385--772+(829-345/-328)-166+-701-547--678
++140-122+*412717-++-214/297-/*90-457-814679-52-560/227*-946526,140+-122+(412*717+(-214+297/(90*-457/-814-679)+52/-560-227/(-946*(526))))
/+-++++285-675**472569-25*-815-138-276674644+++321-829-495*534-295,285+-675+472*569*-25+-815*-138+-276-674+644+(321+-829+-495+(534*-295))
-----++826*-357862/-182779204**21750223*366-114*-31-84*-770753,(826+-879*862+-182*779-204-217*50*223)-366*-114-240*-84--770*753
+*-890-650*346----276+--+--105505*410-211-773-302-192770/617-825738,-890*-650+346*(-276-(105--309-410*-693+-773--302--192)*770-617/-825-(738))
--713*/*/635-357-48++646/*/-97-993+-+-849827379-955-494129-386-653,-745-635/-357*-48/(646+-97/-993*(849-827+379--955+-494)/129+873)*-653
+-///378//458672-207590509-967--+/*/-547-358649799+43447-62029,378/(458/672/-207)/590/509--967+(-547/-358*649/799+(434+47)--620-29)
--637+/568+-*670-873-872-145/380-/427++347//756-754-38813/-286-215,-637-(568/(670*-873--872+-145)+380/(427+(347+756/-754/-388+13)--286/(-215)))
+--+--++--282-425*758437766/*-637-573-818506-864-121*-49-717/943-206,(-282-390+758*437+766--637*-573*-818-506+-864--121)--49*-717+943/661
--+++-*-723*925-128*-97///*4746495-153-638-623503-670-647*-8623,-723-925*-128--97*(47*464/95/-153/-638)+-623+503+-670--647+-8*623
+-+-/-942-777/-+-524114//*-291896-332-*334175*-464931-340-879952-985,-942/-777-(-524+114-(-291*896)/-332/(334*175--464*931)+-340)+773-952+-985
-//-21119267/-289--/-359655418/*-427-660++-474106-274//828521-602,-21/119/267-(-289/(-359/655-418--790*-660/(474-106+-274+828/521/-602)))
+-+++*766-710**/83386-286-680114/-348631-398+-*-605--516-5258594,766*-710+919/386*-286*-680+114+-348/631--447+(-605*(-516--525)-859+4)
+-++-578/-370-868-390//669183490-554///-733859-+/-18-87-110226778,578--370/-868+-390+669/183/490--554+-733/859/(-18/-87/-110+226)/778
-+19/561617+/-99-333++-/-320-860-348-822-/*-289837-159/*607928-709,19+561/617-(-99/-333+(-320/-860--348+-822+(-289*837/-159-(607*928/-709))))
+--+*-54487/-476-705**696-873217335*-968-722+-68/*-293-874*783-408,-54*487+-476/-705-696*-873*217-335+(786*(722-(-68+-293*-874/(783*(-408)))))
---+++--380-196/*/-475-686-456268351/-926967-159**426-955520+635-883,-380--196+-475/-686*-456/268+351+-926/967--159-(426*-955*520)-(635+-883)
+--+-*-961687**720-369692-919944-789354//*/*-976-776519444179265,-961*687-720*-369*692+919*944--789-354+-976*-776/519*444/179/(265)
-+++---296/*75-915-846-318515/*251525998574-88**/-932766-80-743,-296-75*-915/(846--318)-515+441*525/998+574+-88--932/766*-80*-743
-+--+/369942*+-995670*-426-371/484+--812955995/-348-944*272-233-692,369/942+(-995+670)*(-426*-371)-484/(-812-955+995)--348/-944+-850*-233--692
++192/8762+////832-98134-523447--604*//*-396-148-218708190-539,192+876/2-(832/-981/34/-523/447+(604--396*-148/-218/708*190-(-539)))
---997/**412-600892-971/405-+-+624-501/-429-77*/-865-189958*-246-340,-997-412*-600*892/-971-405/(624+-501--429/-77+(-865/-189)/958--246*-206)
-946*//-360-368-751---396/402-287/709-+++-604/*162834-18352-896113,946-(-360/-368/-751*(-396-402/-287-709/(-604+162*834/-183+52+-896-113)))
++266/*884-442++--/-724++838789799-899-591+*-417-911925-668*-708-542,266+884*-442/(-724/(838+-762+799)--899--591+(-417--911+925)+-668)+858*-542
-----+---+/573-155935*163238-425-30-765/*-931-563-993-788453-938-993,573/-155+935-163*238--425--30+-765--931*-563/-993--788-453--938--993
-++-/340-270-242483/25-524/*-111-216-++809-198356+*371319-520289,340/-270--242+483+25/-524--111*-216/(809+-198+356-(371*319+(520-(289))))
----+/-697145133-244**-941459-572**673-608630+--405641**-841-532-423,-697/145+133--244--941*459*-572-673*-608*630-(-405-641+(-841*-532*-423))
+-++/-242-323**618-986-457498//*-521948-398708-966/+/39127-566723,-242/-323+618*-986*-457+498-521/948*-398/708/-139+(39/127+-566)/723
+-+-+/*/*-120-777-901-293+*135-133/-104856/-26-187747136-952*691-603,-120*-777/-901*-293/(135*-133+-104/856)+-26/-187-747+136--952+(103*-603)
++----*-183416805165//*/-668-481-21824025168+*-317765755--722900,-183*416-805-165--668/-481*-218/240/251-68+-317*765*755+(-722-900)
+--/-458760/525444+957-674/858-856*-407+++863-909*-429-448*293671,-458/760-525/444-957*895+858/(856--407*(863+-909+-429*-448+293*671))
*//-331-671427-+*393-757*-837912-875-+--20641/*15327-457-70129,(-331/-671/714*(393*(757--837*912)+-875-(20-641-(153*27)*-457+-70-129)))
-++//*/-532-105-+-706-385//-57920470536795521*330+/-439-223-197283,(-532/-105*(-706+-385--579/204/70)/536/795)+521+330*(-439/-223+-197)-283
+--+*746-968*/+*-776-153/131791-226-566*/*-683-62223876/-354-615374,746*-968+(-776*-153+131/791)/-226*-566--683*-62/223*876-(-354/-467)+374
+55/-254++*198176*//-292/+--316-922-944-250-912-824499-120/-111419,55+-254/(198*176+(292-(-316--922+-944)/-250)/(912--824)/499*-120+-111/419)
*+--109/917-747*399687/*-908354+-+235-963*/*-112-576-50125/-695-700,-109-917/-747+399*687--908*354/(235+-963--112*-576/-50*125+-695/(-700))
-+--+-/**-832677-7483209**/*-931-24329-863512916/-812326740-142,-832*677*-748/3-209+-931*-243/29*-863*512-892--812/326+740--142
+++101657-822----+-/++363-990-834-979217637*-407-528608-90*679472,101+657+-708+(363+-990+-834--979-629+637-(-407*-528)-608--90-679*472)
+*-973618*779+++-957/-334-+-153//**-586983592-961-391+268801-98644,-973*618+-626*(-957+-334/(-153+-586*983*592/-961/-391-268*801)+-986+44)
*-*554159/++//*-658725673+-52113*/-330-398-630586-460+545+-690774,(554*159-(225*725/673/(-521+13)+-330/-398*-630+586)/-460)*(300+(-690+774))
--*-*-758-24/858825*/*388669-457223-274+*914-40***-843217-808-442,-758*-24-858/825-388*669/-457*223--274-(914*-40+-843*217*-808*-442)
++874/*117718++-**852485-746151*353354-55+-341/-112-9*22750,475+117*718/(852*485*-746-151+353*354+-55)+(341--112/-9+227*50)
-+-+++--166/-512-681*637-415113+-588-745/50556/*-241116-633-657616,166--512/-681-637*-415+113+(-588+-647)+50/556--241*725/-633+-657-616
+-----/*-15880203*/-438467141-398*536-125363782/*/493-498-796-451,-15*880/203--438/467*141--398-536*-125-363-782+493/-498*-796/-451
+--+++//-983878252*-810-947/*327-279-870691267884++-302-967-367-29,-983/878/252+-810*-947+327*(279--38)/691+267-884-(-302--967+-367)+(257)
----+/-283-872-241-786-911*460702*121++292/702937**-313-684683335,-283/-872+-241--786--911-460*702-121*(292+541/937+(313--684)*683*335)
+----819/**-590218511807-799//*569507--**857-73532-731-515506872,-819--522*218*511/807--181-(569*507)/(857*-735*32--731--515)/506+872
+-+488-145-201/***97886+--475-494304765+-/*/168-357405-68936738,488+-145--201+978*86*(-475--494+304)*765/(168/-357*405/-689*367+(38))
+--**+**/*-738710483-406789//-41495-447839-900977+*-216740549-989,-738*710/483*-406*789/(-41/495/-447)*839*-900-977-(-216*740+549)+-989
+---+--518146**-+/-837-257661/55562-643519143-643-601*-67*-688542,-518-146+(-389/-257+661-555/62)*-643*519-143--643--601+-67*(-688*542)
---932201*-737-488//*+*/*124-895-338364155-159-816-+*38-128-363-381,-932-201--737*(488-(124*-895/-338*364+155)*-159/-816/(38*-128*-363--381))
-//*946142-830307///*/29-116-521615715+/531--890/586-136-959-721,946*142/-830/307-29/-116*-521/615/715/(531/(-890-586/-136)+(959--721))
+-+-++-*-*/-532329-36821-817/-847-660/7933430*815-64-232-752632,(-532*329*-36-821+-817--847/-660)+793/343+0-815*-64+-232--752+632
-+809-363*-874++++-386/224437-777/850-317***--19080836674-850-546,809+-363-(-874*(-386+224/437+-777+850/-424+(-190-80)/836*674*(850-(-546))))
--++-733*-4260*/*/784-981786-509-613*-402-932****702565-78410335,-733+-42*60+784/-981*786/-509*-613-666*-932+702*565*-784*10*335
**/*-49021779-773----849*-40034-593---*-923*662-122-861*175678496,-490*695/79*-773/(-849--400*34--593-(-923+662*-122--861-175*678-(496)))
-/++--+-+/*-305-560627*/388161-3645008-51916805932*470-905843,-305*-560/627+388/161*-364-500+8--51-916+805+932+470*-905-843
-+406/-320-315*//655++*-32*-845581*256-92256943+//-619-716613-890,406+-320/-315-(655/(-32*(-845*-614)+256*-922+569)/43*(-619/-716/613+(-890)))
--+58*/256+++-+124-155-414-29-856995//858-678-2418/-707834-356,58+-680/(124+-155--414+-29+856*995+858/-678/-24)*18--707/834--356
-/-13/-150-568*-963-+/66995/505441--**-458115-487-217+/-6468529,(668/(-150/-568)--963*(66/995+505/-624-(-458*115*-487--217-(-646/8+529))))
-+-966-+/551-113*-+-/*431-545286-343-574/+686322924312/-831967-10,-966+(594/-113+(431*-545/286--343+-574-686/322/924)*312--831/967)--10
-/-650915+-17---/-991-178176940/*-439805+-+660*282310-838/-694558,-650/915-(-17+(-991/-178-176-940--439*805/(660+-741*310--838+-694/558)))
*638-//-608+-503-311-475-+-/-47-723*/-988-969423*/104650212/899328,638*(-608/(-503/-311)/-475-(-47/-723--988/-969*423+104/650*212-899/230))
-+++*/134948-616/7494384*/*656-67-588-486*/*-240-830258+855-854,134/948*-616+749/43+84+656*-67/-588*-486-712*-830/-831*(855+(-854))
+-/118+-+-408/-601/-662-278-458200/-526708//-870-524-434/-25+19573,118/(-408+(601--662/-278)/-458-200+-526/708)--886/-524/-434+-25/(19+573)
+---409*-**28139700271139//*/-436835-615676-210**/9385-54-876,-105-(28*139*700-271)*139--436/835*-615/676/-210+9/385*-54*-876
+-+-+++/-962824*//+-96-644-81457359-473739302471/148419*-327567,-962/824+(-96+-644)/-814/573*59+-473+739--425+471-148/419+-327*567
-284/****-322-972-229-550-846+----+*330993-670-614836*-510421-22579,284--685*-972*-229*-550*-846/(330*993+-670--614-836--23*421--225+79)
-+941-998++443-291+--*-/-407680629-/915-914*-758-715-603663/796955,941+-998-(443+-291+(-407/680/629*(915/-914--758*-715)--603-862+(796/94)))
+-+-+972-395-654912307*///412399-267-797////918-160458-53-556-873,972+-395--654+912-307+(412/399)/-267/-797*(918/(160-458)/-53/-556/-873)
---++++*49411/*-228-611-70/-202-138-168/586*-330-804--373-416455478,494*11+(-228*-611)/-70+-202/-138+-168+586/(-330*-804)--373*-416-455-478
+-+-+*/823902-604*/167-211437-78+-705494642339-*-861-698+-660-778,823/902*-604+167/-211*437--78+(705-494+642)-339+-861*-698/(-660+-778)
--/-417-680/*/132+65-327-508-529*-505--165301-379//*-989615242992,-417/-680-(132/(65+7)*-508/-529)--505*(165-301-(379--989*615/242/992))
---+--444////812-917-118-599/*-773-829-659730*/557-863-447-441-736648,444-812/-917/-118/-599/(-773*-829/-659)-730+557/-863*-447--441--736-648
----+-162269545**674-154-207/*/*796-596-509+797*642305-921*-245-517,-162+-713-545-674*-154*-207-796*-596/-509*(797+642*-78)/-60--245*-517
--+--825342/-613-798-782**+-60478755372**-722171--189*/815-450454,825-342--613/-798+-782-(-604+78)*755*54--722*171*(-189-815/-450*454)
-/++/--+-*83863*-237-71/*673-23107-567*142-57645-214966-967-139,83*863--237*-71+(673*-23)/107--567-142*-57+645+230+966--967--139
--+/-80426*-176-897/363563-/906616/618-+773*541969**-34-756215,-80/426+-176*-897-363/563-(906/616-618/(773+541*969--34*-756*215))
-++-+578-98833/**/**609927334643-928884-837/-793-57-353*-947660,578+-98-833+609*927*334/643*-603*884/-837+-793/-57-(353--947*660)
++-//*-392127-546-49233*-38717*/-961-589+-*/506499-842-748/-141-39,-392*127/-546/-492-33+-387*17+-961/-589*(506/499*-842--748+-141/-39)
+**//**-251-55---672**312-907-966-183851-438-40-703307*/-428857505,-251*-55*(672-312*-907/-966--183-851)/-438/-40*-703*307+-428/857*505
-++-+-799408/101147/-440--46*-858-680/*-617+-222-761749-187/553399,799-408+101/147--440/(-46--858*-680)+-617*(-222+-761)/749--187-553/399
+//*211-843-407994*/*476-95039-777/+-651-38+-374349*-982-892-66,211*-843/-407/994+476*-950/39*(777-(-651*-38/(374-349+(749--892)*-66)))
++*++-863/-2265-588800*//*/-492+/96629*-477-232295819341718-928,-863--22/65+-588+800--492/(96/629+-477*-232)*295/819/341*718+-928
+-++*-941-581*/610-880*-370253*/719-947726-979**//532-24917231442,-941*-581+610/-880*(-370-253)+719/-947*726--979+532/-249/17*231*(442)
---+*-227-335-289*-782208-916*-430*-108**986-569-//1-432563*-238-987,-227*-335+-289--782*208--916--430*(-108/(986*-569-(1/-432/563--238*-987)))
++-124-502---36884-848++-136-37561+*237682--*986788*-622329-567,124-556+(-36-884--848)+(136--375+61+(237+682+(986*788--622*329+-567)))
+--+/-296/*964680953*46772213/**-678954-*101-872970192/902617,-296-964*680/953+46*-19-213--678*954*(266*-872-970)/192+(902/(617))
--------**754776-807847595*/*-844-573814611794510353*510-762982,754*776*-807-847-595--72*-573/814*611-794-510-353-510*-762-982
+*--++312*264-846/507-814-364*106713617+338+++-46-825-144847766,312+264*-846+507/-814--364-106*713+617+(338+(46--825+-144+847+766))
+-*143+-+-**/42-830894479-203855-401568--247-192***41961-657282,143*(42/-830*894+479--203+855--401+-183)--247*-192+419*61*-657*(282)
--+-+/-844--934-618/++-238-575+-307904-247/62734840204/-59670-604,-844/(934--618-(-238+-575+-307*-423)/-247)+627/348-40+204--596/70--604
+-++++*366530*547-87-84--994-795410/-8382-432//78714*889-53,366*530+547*-87+-84+(994-93-410)+-83/82--432+787/14/(889*-53)
--+-//-84860-177220//582747-201/++/152968-471-253386*392*756973,-84/860/-177-220+582/747/-201-(152/968+-471+-253)/386-(392*(756*973))
+-*/-837196821++-457--295-480/-145-592/537*/*-936-190-881+*718748561,-837/196*821-(-457+(-295--480)+-145/-592)+(260/(-936*-190/-881-(718*748+561)))
**/-715+++-/*503-918-611-428*-339216*50928/196-940643+/158692-304,-934/(503*-918/-611/-428+-339*216+509*28+196/-940)*643*(158/692+-304)
+*/*++/*216-++930*205-870-961704++-783971-577-636-198930-793-374811,(216*(930+(205*-870)+-961-704)-(-783+971+-577)+-636+-198)*930/-793*-374+811
+-+--419433-237*-780498--+*/-527++-41/-28692323-844-244-846/-274438,-419-433+-237-(-780*498)+(-527/(-41+-286/923+23)*-844+-244--846--274/438)
--*-911571/*-983162++/1+-532*118581536*-147550+//-525-544-531353,-911*571--983*162/(1/(-961+118*581)+536+-147*550)+(-525/-544/-531+(353))
+//130-990-562942+-+*+-316-994260/84118*429931/654+--500-39445,(130/-990/(364-942)+(-316+-994-260+84/118-429*931+654/(-500--39+445)))
+++721-787/*+-+-429589-922683/157-984-134887/**/772-52877620758,721+-787+(429/589+-922--796+157/-984)*-134/887+772/-528*-985*620/(758)
