Formula,Result
-9.6245.31-94.4630.1319.1773.63+^2+^1+^1/^2/,73.63**2+19.17**1+30.13**1+-94.46**2+45.31/-9.62
-91.171.8425.33-84.1953.4318.87-55.45-17.18-8.9*++++^-33.97-+-,-8.9*-17.18+-55.45+18.87+53.43**2+-84.19-25.33+1.84--91.17
-46.860.07-6.9985.6/--^2-45.2889.57-1.57-96.8446.77/*+--,85.6/-6.99**2-(46.77/-96.84*-1.57+89.57--45.28)-60.07--46.8
+-57.3614.9745.0677.18-15.09-7.41+*/+*94.05--72.04/^82.81-,(-7.41+-15.09*77.18/45.06+14.97*-57.36)+(94.05-(-72.04/(82.81-44.86)))
11.6677.7596.84-81.98-55.1252.57-57.7480.78-^2-**+--^1,80.78**2--57.74-52.57*-55.12*-81.98+96.84-77.75**1-11.66
12.81-57.091.45/*/-74.81--64.71-76.73-^2-^167.5-9.31-,1.45/-57.09*12.81/(-74.81-(-76.73**2--64.71**1-(-9.31-67.5)))
-62.43-57.52+-17.45-70.83-37.358.72-58.91+^2++-+//-32.21,-58.91**2+58.72+-37.3+-70.83--17.45+-34.8/-57.52/-62.43-(32.21)
38.98-98.7398.1764.0797.48*9.39-+--^2-^2+^29.63,9.39-91.65+97.48-64.07**2-98.17**2--98.73+38.98**1
-74.6995.1557.5871.825.09-20.1*+-22.58-34.86--*+^2+1,-20.1*25.09-(-34.86-22.58)+71.8-57.58*95.15**2+-74.69**1
-38.03-15.1296.6557.44-65.7727.1274.28-95.49**//+**80.1-69.97-*,-95.49*74.28*27.12/-65.77/57.44+96.65*(-69.97-80.1)*-15.12*-38.03
55.8693.71*-30.4886.885.01-44.93-3.97*-^1--^1+/*,-3.97*-44.93**1-85.01-86.8**1--30.48+54.63/93.71*55.86
-27.87-68.91-45.4350.0923.9*/+/*-68.22-38.73-36.24-76.17+^2-+,23.9*50.09/-45.43+-68.91--27.87*(-76.17**2+-36.24--38.73+-68.22)
-95.3290.443.39-13.7562.2+64.08*/*/+^1/*48.28-49.44+,64.08*89.87/62.2*-13.75/3.39**1+90.44/-95.32*(-49.44+48.28)
^-34.36-69.020.46-97.798.1*+^1-*+-44.5576.88---2,(98.1*-97.7**1+20.46*(76.88--44.55-30.15)--69.0--34.36)**2
-97.89+52.14/++^227.32-5.55-^2+69.5189.5**33.52,52.14/61.71+-97.89**2+(-5.55**2-27.32+(89.5*69.51*(33.52)))
-9.86-99.64-*92.8778.19-81.4835.86-46.34^+-^1*++^1,-99.64--9.86*(-16.83+-46.34**1-35.86*-81.48+78.19**1+92.87)
-65.5788.32-18.5182.1262.26+*1/-^2-*93.0-6.45-70.83**,62.26**1+82.12/-18.51**2-88.32--65.57*(-70.83*-6.45*93.0)
78.78-61.47-55.34-80.55-73.090.34+-^2++---17.63+-46.2544.92*,0.34+-73.09**2--80.55+-55.34+-61.47-78.78-(-17.63+(44.92*-46.25))
-86.64-67.2781.68*83.08-67.93-2.56**---71.6848.82*/*+^2,-2.56*-67.93*83.08-(48.82*-71.68)-34.72/81.68*-67.27**2+-86.64
+47.012.1153.728.66*-89.54-41.2-12.02+^2+-**-^1,(-12.02**2+-41.2+-89.54)*28.66-53.7*12.11*47.0**1--7.68
25.02^-20.5828.9889.22+-64.83-29.41-62.35*+*///-^2+,-62.35*-29.41+-64.83*-40.24/89.22/28.98/-20.58**2--38.72+25.02
66.2-31.01-80.9122.7798.934.25-91.67-^1*+-+/^-47.44-45.13*,-91.67**1-34.25*98.9+22.77--80.91+-31.01*(-45.13*-47.44)/66.2
*34.88-*21.32-10.0618.6489.3157.88-77.0667.54++^2--//,34.88-75.09*(67.54/-77.06**2+57.88-89.31-18.64/-10.06/21.32)
--63.38-69.1446.77-15.4753.3729.2229.7-72.15+/*-//-*^2,-72.15+29.7/29.22*53.37--15.47/46.77/-69.14--63.38*-94.81**2
63.1752.02-72.59-5.51-29.02**-^2+*-17.433.716.5459.65+/+,-29.02*-5.51*-72.59**2-52.02*(59.65+16.54/33.7+-17.4)+63.17
11.9332.81+^1+/15.22-43.57-29.5873.4423.24/*-*1.07^55.99,32.81**1+11.93/(23.24/73.44*-29.58--43.57*15.22)+(1.07**1)
-98.93-87.6138.83+^-42.3543.29-81.72-43.6698.03-94.69*+**/1-*,(-94.69*98.03+-43.66*-81.72*43.29/-42.35)**1+38.83--87.61*-98.93
14.17/69.5836.58*+69.0522.47-75.87-91.21/*+^2-^1,14.17/(36.58*69.58+(-91.21/75.87*12.11**2+22.47-69.05**1))
66.28-87.1319.99-88.69/-26.5435.26-86.01-17.83-59.19+*+/+/-/1,(-59.19+-17.83*-86.01+35.26/-26.54)/-88.69+19.99/-87.13**1-66.28
-40.67-22.24-7.8639.75/*/-15.2955.37-+^1-^2^+2,39.75/-7.86/(55.37--15.29)*-22.24**1+-40.67**2-(55.68**2)
63.87-85.087.27-41.5410.49-35.06-72.78/-*-64.27-21.49+^2/*++,-72.78/-35.06*(-21.49**2+-64.27)-10.49/-41.54*87.27+-85.0+63.87
3.08-3.41-53.7*-58.71-+/-/50.9613.1963.56-39.89-18.66/--+,-58.71--55.95+-53.7+-3.41/(-18.66/-39.89-63.56-13.19+50.96)-3.08
85.9127.02-13.1867.79*-^2*/-55.95-89.1854.7423.48-68.13*/+-,67.79*-13.18**2-27.02*85.91/(-68.13*23.48/54.74+-89.18--55.95)
-66.4262.76-33.1670.28-31.19+-56.42-71.47/*^2-^2+-^2,(-71.47/-56.42)+-31.19**2+70.28**2--33.16+62.76--66.42**2
-77.420.9298.86-61.87-27.77-71.55-3.5672.36++++^1--^2-,72.36+-3.56+-71.55+-27.77**1+-61.87-98.86**2-0.92--77.42
-36.47-69.92-67.0935.6-31.89-26.4377.8361.02-/*/--^1**-75.21,61.02-77.83/-26.43*-31.89/35.6--67.09**1--69.92*-36.47*(-75.21)
-3.49--50.9543.19-82.1822.99+--64.0531.45-71.12-34.94-^1++**,-3.49-(22.99-(-34.94**1--71.12+31.45+-64.05)+-82.18*43.19*-50.95)
54.19-48.0750.9824.6945.17-84.16-31.5923.17--^1-//*/^1,23.17--31.59**1--84.16-45.17/24.69/50.98*-48.07*54.19**1
-91.4742.47-86.91-54.4313.11--3.5678.39-+*+^2-**^2,78.39--3.56+96.46*13.11**2+-54.43--86.91*42.47*-91.47**2
-50.2564.9614.296.566.9--49.95-47.55+///+/55.18*-7.07/-,(-47.55+-49.95)-6.9/6.56/14.29/64.96+-50.25/(-7.07/0.29-55.18)
43.5880.0287.4522.33-97.94/-*++27.45-85.6381.15+*/58.0346.12/,-97.94/22.33-87.45*80.02+43.58+(81.15+-85.63*27.45/(46.12/58.03))
3.28-65.28+73.1468.92-^1/++^1-95.95-56.0637.41+/,68.92**1-73.14/-94.74+-65.28**1+3.28-(37.41+-56.06/95.95)
4.64*-79.2-35.75-85.36-66.79-63.1339.55--^1/-/*+^2,39.55--63.13**1--66.79/-85.36--35.75/-79.2*25.02**2+4.64
--^74.9482.5521.96**171.52*29.32-86.38.4+/-*77.03,(21.96*82.55*74.94)**1-(8.4+-86.3/29.32-37.75*71.52)-(77.03)
+-97.3931.1299.31-64.35+-*^-93.51-38.51-3.93*-1-/+-7.19,-64.35+99.31*(-3.93*-38.51--93.51)**1-31.12--97.39/-60.64+(-7.19)
52.3856.24-32.3669.38-60.89-91.67-++^127.0212.83-^2*/*,-91.67--60.89**1+(12.83**2-27.02)+69.38*-32.36/56.24*52.38
-97.4995.01-9.12-76.1472.59/*+^1+/21.53-56.87-43.21++^2,72.59/-76.14*-9.12**1+95.01+-97.49/(-43.21+-56.87**2-21.53)
49.82-11.92+/6.78-37.17-99.79-8.19-83.71+-^1*+*-94.35^2,-11.92+49.82/(-83.71+-8.19**1--99.79*-37.17+6.78*(-94.35**2))
-45.18-27.6973.11-29.43/--^2/**8.4423.56-+^134.37,-29.43/73.11*-27.69**2--45.18*(23.56-8.44**1+72.87)/(34.37)
-68.388.53-29.05//+-94.32-93.2-9.2893.51-1.79*+^2-+^1,-29.05/8.53/-68.38+(-1.79*93.51**2+-9.28--93.2+-94.32**1)
85.52-98.26-96.5550.93-60.496.26-57.2977.49-79.07///-^2***/,(-79.07/77.49/-57.29/6.26**2--60.49*50.93*-96.55*-98.26/85.52)
-6.22-30.856.47-59.0787.22-59.04-27.04-81.37-57.6540.38*+/-*/*/*,40.38*-57.65+-81.37/-27.04--59.04*87.22/-59.07*56.47/-30.8*-6.22
-95.4574.164.17-68.85*-^1-^2+/-57.32-76.05/-36.5444.19/,-68.85*64.17**1-74.1**2--95.45+(-76.05/-57.32)/(44.19/-36.54)
+-32.2151.45+^1*+-55.4762.76-39.96.5862.52*/-^2+,51.45**1+-32.21*-87.36+(62.52*6.58/-39.9**2-62.76+-55.47)
9.81-47.39*-^159.0623.555.4570.96-19.36-33.89/++^1/+,-47.39*9.81**1-(-33.89/-19.36+70.96**1+55.45/23.5+59.06)
-42.8163.641.699.64-20.85-11.19-26.81/++^2+^1*/*/,57.75+-26.81**2+-11.19**1+-20.85*99.64/1.6*63.64/-42.81
59.5131.3314.38-61.64-84.4-13.4626.05-+-+2--1+^1/,26.05--13.46+-84.4**2--61.64**1-14.38**1+31.33/59.51
77.17-21.6157.24-58.19-37.94/-**+-*^-18.6928.3-1^2,14.91--37.94*-58.19*57.24+-21.61*(28.3--18.69)**1-77.17**2
*87.3919.65-44.3-16.01-45.48-32.73-^1**/-^2+^2,-32.73**1--45.48*-16.01*-44.3/19.65**2-87.39**2+65.6
-13.25+-42.87-26.698.07-43.0/-/15.0446.58-77.5229.05/*-^2/,(-13.25+(-43.0/98.07/(29.05/-77.52*46.58**2-15.04)--26.6/-42.87))
-24.06-87.76*/-43.7-23.2953.79-20.5543.6623.66^+--^1+^2,-87.76*-24.06/(23.66-43.66+-20.55-53.79**1--23.29+-43.7**2)
23.9928.14-63.89-97.4574.8223.3173.89-43.44/^1/+----2*,-43.44**1-73.89/23.31+74.82--97.45--63.89**2-28.14*23.99
88.91-22.04-78.4313.38+^2*//8.2930.22-19.3415.42---^2,13.38**2+-78.43--22.04/88.91/(15.42--19.34-30.22**2-8.29)
-96.78-37.4177.5678.2426.18//-^2--67.56*-84.6-32.49-^2,26.18/78.24/77.56**2--37.41--96.78-(67.56*(-32.49**2--84.6))
-34.3-24.715.06/-81.93*+-^2*66.443.87/++20.4668.67*,-81.93*-11.62+5.06**2-(43.87/66.4)*-24.71+-34.3+(68.67*20.46)
-28.5415.99-51.4-69.8927.74-29.7594.02-33.55*+^1*/+*-^2,-33.55*94.02**1+-29.75*27.74/-69.89+-51.4*15.99**2--28.54
-71.26-45.38-29.3569.9657.8871.7944.4+/-65.255.45-83.37***++-,-71.26-(44.4/(-83.37*5.45*-65.25)+71.79*57.88+69.96+-29.35-45.38)
36.91-63.8410.09-98.38-74.76+73.18-68.09/+^1--^1*//,-68.09/73.18**1+-17.9--74.76**1--98.38*10.09/-63.84/36.91
31.48-40.530.4395.34-49.56-96.283.19/+/-^2-*-82.6-91.49+/,(83.19/-96.2+-49.56/95.34**2-30.43*(-91.49+-82.6)--40.5/31.48)
26.9122.6/+32.38-83.66-20.5132.7-38.73--+--^221.59^1,(22.6/26.91+(-38.73-32.7--20.51+-83.66-32.38**2-(21.59**1)))
-5.66/96.596.6933.5948.84-67.37-29.99+^2++-^2-^1,-5.66/(-29.99**2+-67.37+48.84+33.59**2-6.69**1-96.59)
-69.8-61.12-65.25-77.53-81.4232.59-^1+-+/-47.1834.87+^2-,(32.59**1--81.42+-77.53--65.25+(34.87**2+-47.18)/-61.12--69.8)
-66.47-45.8261.2456.18-94.7763.7557.3465.62-59.93+/*^+/+/^2,-59.93+65.62/57.34*63.75+-94.77+56.18/61.24+-45.82/-66.47**2
-87.61-47.29+52.2-80.47-+++^1--28.98*-64.2342.94+^1,-80.47-52.2+34.0+-47.29**1+-87.61-(-28.98*(42.94**1+-64.23))
-79.376.65-89.09-9.234.1386.1624.2461.21-28.84+*++/*/*^1,-28.84+61.21*24.24+86.16+34.13/-9.2*-89.09/76.65*-79.3**1
32.44-55.24*65.5520.0792.99*+^1/-^1^*-28.5793.91+,92.99*20.07**1+65.55/-90.52**1--55.24/32.44*(93.91+-28.57)
27.6-60.3*/-57.2-63.95-*--72.1683.13-19.6-56.29-80.07++/-,-60.3*27.6/(-63.95-57.2*8.57+(-80.07+-56.29+-19.6/83.13--72.16))
-62.9654.92--59.1681.3533.21*-*53.09-53.892.65-61.96/^-19.05*/,54.92-(33.21*81.35-59.16)-(-61.96**1-92.65*-53.8/53.09)*-62.96
4.411.93-18.1169.81*/62.76-50.5126.75*-^2-+^73.61--4.18,(69.81/(26.75*-50.51**2-62.76)*-18.11-1.93**1+4.41-(-4.18))
78.17-82.07-39.78-52.15-93.9-/^1--*48.07-22.45-^2-95.9,-93.9--52.15**1+-39.78--82.07*(-22.45**2-48.07)*78.17-(95.9)
62.83-39.1745.68/+^1-35.67-48.7458.78-1.98-12.247.66*/-/-,45.68/-39.17**1+62.83-(7.66*-12.24/-1.98+58.78/-48.74-35.67)
42.8533.51-75.89-73.12-18.69//-*42.41-77.0913.46/+^1/-92.93,-18.69/-73.12/-75.89-(13.46/-77.09**1+42.41)*33.51/42.85-(92.93)
-30.0316.2217.496.26/+**30.44-71.3359.48+++^276.5436.98+,6.26/17.49+16.22*-30.03*(59.48+-71.33+30.44**2+(36.98+76.54))
-31.5995.14-95.09--/47.99+58.6-70.7930.55***/^1^1,-95.09-95.14/(30.55*-70.79*58.6*-85.09**1+47.99)--31.59**1
13.999.18-85.3232.12-71.84-84.321.56---^2/-^2-+15.95,21.56--84.3--71.84**2-32.12/-85.32**2-99.18-13.9+(15.95)
38.4/-79.6--11.7466.57++-29.484.2452.63-78.55*/-*-61.5739.21*,38.4/(-79.6-(66.57+-11.74+(-78.55*52.63/4.24--29.48*(39.21*-61.57))))
69.22-84.35-1.13-96.85-32.7460.83-/**-7.031.3922.3621.52-*/-+,60.83--32.74/-96.85*(21.52-22.36*1.39/-7.03)*-1.13--84.35+69.22
-38.19+-67.6464.06-63.32-3.27-91.1-41.5+++/-+//79.77*-4.05,-41.5+-91.1+-3.27+-63.32/64.06--67.64+-19.26/-38.19/(79.77+(-4.05))
13.14-71.5336.2814.67-+*+-82.01-41.4376.65/-14.04+/+-+71.83,14.67-36.28+-71.53*13.14+(-14.04+-88.01/76.65+-41.43--82.01+(71.83))
9.04+64.15-40.05-26.337.6414.4495.573.89+-^2+/*-+2,9.04+(3.89+95.57**2-14.44+37.64/-26.3*-40.05**2-64.15)
76.67-86.34-70.4471.44-55.36*/-/-22.4293.1846.9419.58-74.36*+-+*,-55.36*71.44/-70.44-(-74.36*19.58+46.94-93.18+-22.42)/-86.34*76.67
18.9-85.8320.92-47.32-91.03---^2--^2^0.67-1.37-1,-91.03--47.32-20.92**2--85.83**2-(-1.37-0.67)**1-18.9
-9.3786.96-64.61-22.3575.2871.6312.34-88.75**+***-**3.74*,-88.75*12.34*71.63+75.28*-22.35*-64.61*86.96--9.37*(3.74*-62.8)
21.86+59.92-92.56/-13.9477.86--^2-3.4256.2623.15/+^-74.22,(21.86+(-92.56/59.92-(77.86-13.94**2-(23.15/56.26**1+-3.42))))
89.8333.23-17.83-99.7191.52-76.56-^2++/+/55.9743.2743.63/*,-76.56**2-91.52+-99.71+-17.83/33.23+89.83/(43.63/43.27-55.97)
85.2857.2955.83+^1+-91.2731.1827.06*--30.2294.99-27.92**,55.83**1+57.29+85.28-(27.06*31.18-(-27.92*94.99*30.22)-91.27)
+-99.2361.45-41.32*-+*^-40.39-69.91-52.024.67-^2//2,-41.32*61.45--99.23*(4.67**2--52.02/-69.91/-40.39)**2+-68.38
4.7750.68-54.4110.4661.419.46-21.44*/++^2++^2/+,3.86/-21.44+19.46**2+61.4+10.46**2+-54.41/50.68+4.77
6.51-^2-13.458.6374.8840.48*59.33^-^2/+/*+,6.51**2-(-90.04**2-59.33/10.07+40.48/74.88*8.63+-13.45)
-2.19-88.57-82.8533.3^-^2*+-24.659.8-88.5799.8--^1-,33.3*-82.85**2--88.57*-2.19+(99.8--88.57**1-9.8--24.65)
97.94*73.8229.96-54.11-0.45-30.9683.58-++*/+*++^2,16.11+83.58+-30.96*-0.45/-54.11+29.96*73.82+-95.89**2+97.94
77.1-32.0-59.4680.4439.04-16.97-52.2-66.73*-/--^2/**-1.44,-66.73*-52.2--16.97/39.04+80.44**2--59.46/-32.0*77.1*(-1.44)
50.8548.466.42-85.06/-25.3-43.5750.98+-^1*---^2+,50.98+-43.57**1--25.3*-4.19--85.06-6.42**2-48.46+50.85
25.37-66.53-27.34-27.7172.6211.01-^1*/**/40.93-71.76*/1,(11.01**1-72.62*-27.71/-27.34*-66.53*25.37/(-71.76*40.93**1))
-35.7778.57-5.47-87.19-51.7166.99-14.1646.45/-^1+*+-^1/,46.45/-14.16**1-66.99+-51.71*-87.19+-5.47**1-78.57/-35.77
-22.02/-67.1531.3257.1444.5440.4282.57-82.8157.22++-^-*+*/,57.22+-82.81+82.57-40.42-44.54-57.14*31.32+-67.15*45.82/-22.02
44.51-97.910.49-99.4819.71**/+^2-65.6532.5314.77/-^2,19.71+-99.48*0.49/-97.91**2+44.51-(14.77/32.53-65.65**2)
58.5733.58-/90.7124.59-68.72-66.1334.0-52.46-54.53++*+**^1,33.58-58.57/(-54.53+-52.46+34.0*-66.13+-68.72/24.59*90.71**1)
-74.43-94.5572.0874.96-39.9-57.22-39.05-//**/--^2^1,(-10.33/-39.05/-57.22*-39.9*74.96/72.08--94.55**2--74.43**1)
-38.8265.564.71-67.4449.96//-^2+*-20.3*3.2-36.36---,49.96/-67.44/4.71**2-65.56*(-36.36*3.2-59.79--20.3)+-38.82
-83.140.7858.21+-35.99-47.1264.11-^2+*-47.38+^2/*,(64.11**2--47.12+-35.99)+(47.38**2+-48.39)*58.21/0.78*-83.14
-42.3466.26-50.340.8-7.6685.4**/-+*20.29-71.99-*26.44-27.87-,85.4*-7.66*0.8/-50.34-66.26+-42.34*(-71.99*(-27.87-26.44)-20.29)
-16.4179.27-4.88-19.237.61/^59.93*++^1/6.71-79.51-^2,7.61**1+-19.23*-4.88+79.27**1+-16.41/(-79.51**2-6.71)
-10.68-^/52.27-89.9-35.12*+^2-54.7-98.75-^2^2,-10.68-(68.72/(-35.12*-89.9**2+52.27+(-98.75**2-54.7**2)))
-9.63-67.6176.4463.3+16.06-67.73/*-/*+/55.34-82.99*^1,-67.73/16.06*-5.71-63.3/76.44*-67.61+-9.63/(-82.99*55.34**1)
90.03-32.0893.5-32.17-97.61-65.6230.5958.83-/+^2+^2/+/,58.83-30.59/-65.62**2+-97.61**2+-32.17/93.5+-32.08/90.03
21.92-34.22-80.04-60.75-88.04-99.67-59.22-64.27*++--^36.8+^1+,-64.27*-59.22+-99.67+-88.04--60.75**2--80.04**1+-34.22+21.92
75.6316.6245.85-19.08+^2-+^1*22.2644.53-38.61-96.89**-,-19.08**2+45.85-16.62**1+(-96.89--38.61*44.53-22.26)*75.63
-34.91-29.77-82.23-60.8621.9699.59+^1*/-*+^10.9333.94-,99.59**1+21.96*-60.86/-82.23--29.77*-34.91**1+(33.94-0.93)
-47.22-11.01-16.51-68.4252.93-*3.6915.42-4.3796.25++/+/-/-,(96.25+-4.37+15.42/3.69)*12.27+52.93/-68.42--16.51/-11.01--47.22
-77.48*-16.82-/-52.62-37.46*-95.41-38.9386.8348.339.61*+^2-/,-77.48*(-16.82-(-37.46*-52.62)/(39.61*48.3**2+86.83--38.93/-95.41))
-73.87-36.1-65.3175.521.9766.6222.71*-^1*+^2/--1,22.71*66.62**1-1.97*75.52**2+-65.31/-36.1--73.87**1
/-67.2740.19-21.93-0.6685.6521.27-69.9469.5512.75//+++*++,-74.66-(12.75/69.55/-69.94+21.27+85.65+-0.66*-21.93+40.19+67.27)
/-59.33-34.598.7813.9396.2760.8532.63-54.37-+^2-//+-*,-54.37-32.63**2+60.85-96.27-13.93/98.78+-34.5--59.33*72.76
-1.83-17.5998.3348.68+-91.9-55.5795.72++*+^1-^2*-,95.72+-55.57+-91.9*65.88**1+48.68**2-98.33*-17.59--1.83
-43.14-2.837.3926.2820.8695.1683.21-75.65--^1-^2++*/,(-75.65-83.21**1-95.16**2-20.86+26.28+7.39*-2.83/-43.14)
-13.35/21.6-60.25+18.39-8.88-96.33+^2-^2-*-^2,-13.35/(-96.33**2+-8.88**2-18.39-72.0*-60.25**2-21.6)
-35.56-18.67-25.9470.725.5313.59*+^2*/+/^22.49-31.51-2,13.59*5.53**2+70.72*-25.94/-18.67/(-31.51-22.49)**2+-35.56
-73.03-71.09-^1+70.2850.7686.3220.38-73.32-98.46/-^2*+*,-71.09**1-(-98.46/-73.32**2-20.38*86.32+50.76*70.28)/-73.03
-43.73+^131.9-93.9611.865.06-77.61-75.95-+^2+^1+/,-43.73**1+(-75.95--77.61**2+5.06**1+11.86+-93.96/31.9)
47.34^-8.884.6+^2+^1++-97.0322.69*+^2-7.19,4.6**2+-8.88**1+54.39/47.34+(22.69*-97.03**2+(-7.19))
-94.91-2.25-62.36-10.4930.5572.41*-^2+/-^2*-24.46*,72.41*30.55**2--10.49+-62.36/-2.25**2--94.91*(24.46*74.14)
43.53-70.4853.0323.1383.72-91.5959.72-42.02-+^*/-*-^264.33,-42.02-59.72+-91.59-83.72*23.13/53.03--70.48*43.53**2-(64.33)
-9.23-64.831.61-84.3+-61.67-23.09*-++^1*-+22.6279.11-,-23.09*-61.67--60.76+-84.3**1+31.61*-64.8+(79.11-22.62)--9.23
-95.9-33.2150.1941.68*^+^2/*+21.29/72.7668.9391.74+/,38.88*41.68**2+50.19/-33.21*-95.9+(21.29/(91.74+68.93/72.76))
44.8389.8-+^259.47+20.47-15.5645.8973.93-6.86/-^-33.8/-,89.8-44.83**2+(59.47+(-6.86/73.93**2-45.89/-15.56-20.47))
-57.63-64.1490.68^-56.08-63.95*+*-^1-+-52.5836.28+^2,-63.95*-56.08+-22.7*90.68**1--64.14--57.63+(36.28**2+-52.58)
58.33*17.093.65-0.52-17.11-83.43-71.99-93.31+^1+/*----,-93.31**1+-71.99+-83.43/-17.11*-0.52-93.65-17.0-89.45-58.33
-66.3176.7244.6723.21-16.253.08-37.76+/-^2*-^1+^2,-37.76+3.08/-16.25**2-23.21*44.67**1-76.72+-66.31**2
-91.5528.69-26.56+^-96.9642.76-+*-16.18-42.1313.48-75.3567.09+**-,(-26.56-(42.76--96.96)+28.69+-91.55*(67.09+-75.35*13.48*-42.13--16.18))
-73.6532.59-79.2/-49.8739.1625.76-9.49-73.95++^2/*+-/-,-73.95+-9.49**2+25.76/39.16*-49.87+18.14--79.2/32.59--73.65
94.248.66--^244.15-74.88*-93.53//-31.150.42/-78.62-53.02*,48.66-94.2**2-(-74.88*44.15-(93.53/(50.42/-31.1)/(-53.02*-78.62)))
95.16-46.4+*-2.6928.98-78.7835.97-43.9181.44+*+*+^2/-98.52,-46.4+95.16*(81.44+-43.91*35.97+-78.78*28.98**2+-2.69/(-98.52))
14.93-82.08-14.46-93.69-74.9178.06-13.02-78.13-47.3692.2*-/++//*-,92.2*-47.36--78.13/-13.02+78.06+-74.91/-93.69/-14.46*-82.08-14.93
-11.5134.57-51.0449.34-23.42-84.61/-84.66+/*-/*++^1-88.15,(-33.26/-84.66)/-84.61*-23.42-49.34/-51.04*34.57+-11.51**1+(-88.15)
26.81-73.52-^1+^2-37.4386.95-16.36-34.5159.28*+^2-+,(-73.52**1-26.81**2+(59.28*-34.51**2+-16.36-86.95+-37.43))
-14.7838.377.12/+/8.4315.02-58.6410.6146.397.17*+++^1-,77.12/38.3+-14.78/(7.17*46.39+10.61+-58.64**1+15.02-8.43)
-50.7928.72-55.8490.52-8.37-57.528.37-95.2675.89****++^1*+,75.89*-95.26*28.37*-57.5*-8.37+90.52**1+-55.84*28.72+-50.79
-92.6655.3879.98-94.6536.34-53.85-38.0324.31-7.91+/++--/+^1,-7.91+24.31/-38.03+-53.85+36.34--94.65-79.98/55.38+-92.66**1
-6.98-21.1-58.96-+^2/-54.02-84.9960.02+-21.02-+^1*-,-58.96--21.1**2+-6.98/(-21.02-9.82**1+60.02*-84.99--54.02)
4.725.44-61.2212.84*/32.020.8147.1+7.61++**-^2*,(12.84/(7.61+-98.3+47.1*0.81*32.02)*-61.22**2-5.44*4.72)
46.2920.07-52.41-67.02-62.93-96.77*+^2/-^2/--76.93-53.23/,-96.77*-62.93**2+-67.02/-52.41**2-20.07/46.29-(-53.23/-76.93)
-99.08+20.986.62-77.4215.59-74.61/+/--^2+/-73.8875.74*,-74.61/15.59+-77.42/86.62-20.9**2-84.07+-99.08/(75.74*-73.88)
-39.92-^-63.6278.87/2/-78.8852.5/+44.78-60.365.41++^96.87,(78.87/-63.62)**2--39.92/(52.5/-78.88+(65.41+-60.3**2+44.78))
32.556.89-25.6129.1316.23-11.99+/-87.9689.1-++^1-*-2.94,-11.99/(89.1--87.96)+16.23+29.13**1+-25.61-6.89*32.55-(2.94)
39.31-49.42-69.97-5.3758.42-65.03-81.74+^1/-^2+^^1*,-81.74**1+-65.03/58.42**2--5.37+-69.97**1--49.42*39.31
38.83-77.3856.99+^2-^1+51.85/-/-87.4550.74-13.64-*,56.99**2+-77.38**1-38.83+(83.56-51.85/(-13.64-50.74*-87.45))
74.64-80.7+^2/-31.91-77.85-40.96--93.96-^2*+^2-,-80.7**2+74.64/(-93.96**2--99.74*-40.96**2+-77.85--31.91)
-58.0726.69-61.77/-+^233.41--80.29+-91.19-+^2*-,-61.77/26.69--58.07**2+(-91.19-92.37**2+-80.29*10.86-33.41)
68.42-18.2597.38-16.3-34.9714.46-24.1829.2698.35+--+^2+--*,98.35+29.26+-24.18-14.46**2+-34.97+-16.3-97.38--18.25*68.42
-81.62-54.6267.5626.67-26.3594.54-92.045.61-19.01//--+^1++/,-19.01/5.61/-92.04-94.54--26.35**1+26.67+67.56+-54.62/-81.62
94.37-30.28-60.61-39.79-33.77+-^1-23.7762.81**+*-80.4238.62*,-33.77**1-(62.81*-23.77)+-39.79*-60.61+-30.28*94.37-(38.62*80.42)
84.52-42.3382.7739.58-/---50.0714.51+^2-69.96/47.7565.3+,39.58-82.77/-42.33-84.52-(14.51**2+-50.07-(69.96/(65.3+47.75)))
45.67-3.7894.2745.8-52.46+^1*-^2-+^2-43.05-84.8+,-52.46**1+45.8*94.27**2--3.78-45.67**2+(-84.8+-43.05)
/51.4331.2525.9314.4282.41-84.33-/+^1///*52.510.81/,-84.33-82.41/14.42**1+25.93/31.25/51.43/-67.06*(10.81/52.5)
38.32+^1-27.310.1555.87*+--99.98*-56.5532.75-*46.79++,38.32**1+(55.87*0.15+-27.31-(-99.98*(32.75--56.55*(-74.7+46.79))))
-18.36--30.1722.8225.57-71.5371.3939.8899.48-/*+^1-^2-,(99.48-39.88/71.39/-71.53**1+25.57**2-22.82--30.17)--18.36
-95.71-20.06-11.6470.5994.75-88.49-15.9-30.89-40.13*+-^1**//-,-40.13*-30.89+-15.9**1--88.49*94.75*70.59/-11.64/-20.06--95.71
48.0512.31-14.1130.45-66.94-^1/+^1++^2+^2,-66.94**1-30.45/-14.11**1+12.31+48.05**2+(-94.82**2)
61.14+/95.5756.25-43.374.92-61.6-/*/-8.53+60.58-39.95/*-75.55,61.14/(-61.6-74.92/-43.3*56.25/95.57)+(-8.53+(-39.95/60.58+(-75.55)))
-42.7516.25-70.25++-^2-11.0936.0178.96-15.77+-//19.48-86.15/,-70.25+16.25+-42.75**2-(-15.77+78.96-36.01/(-86.15/19.48)/-11.09)
-65.4920.369.42/--*+-73.7371.3218.29-86.26+-^1-^1,15.07-9.42-20.36*-65.49+(-86.26+18.29**1-71.32**1--73.73)
-35.07*16.51*+-15.58-52.07-97.05-70.33-64.62-84.81-+-^1-/-,-35.07*(16.51*(-84.81--64.62+-70.33**1--97.05--52.07/-15.58-20.83))
9.95-92.99-89.5516.2433.96*--+/88.9710.03-12.4325.0832.34^*/*,33.96*16.24--89.55--92.99+9.95/(32.34/25.08*-12.43/10.03*88.97)
18.13-31.7881.92-0.4480.0-58.2325.98-88.32-^2+*-/-+^2,-88.32**2-25.98+-58.23*80.0--0.44/81.92--31.78**2+18.13
-85.1-2.56-10.18*//7.2-35.78-56.7118.42/--16.3-96.21*-^1,-10.18*-2.56/(18.42/-56.71-(-96.21*16.3)--35.78**1-7.2)/-85.1
97.45/51.7173.64*50.45-68.123.72-47.25+-^1+*/-^1,(-47.25+3.72**1--68.12+50.45*34.26/73.64-51.71)/97.45**1
83.05-30.257.32-37.6893.95-76.1159.07++^2/+^1-^1/,59.07+-76.11**2+93.95/-37.68**1+57.32**1--30.2/83.05
-95.0897.49-32.01-18.59-*+--88.3/-87.94-46.8543.96+/-+-94.4/,-18.59/-32.01*97.49+-95.08-(-88.3/(43.96+-46.85/-87.94-(-94.4/79.78)))
10.4833.3787.0+--95.1795.73-59.77*/**37.9219.09-11.5-87.92+++,87.0-(-59.77*95.73/-95.17)+33.37*10.48/(-87.92+-11.5+19.09+37.92)
-25.3395.2338.03-98.43-49.0974.99-/+^2+^1+^1/21.28,74.99--49.09/-98.43**2+38.03**1+95.23**1+-25.33/(21.28)
20.9534.57-89.81-76.83-32.92-6.5432.97+^1+^2+^1/+/,32.97**1+-6.54**2+-32.92**1+-76.83/-89.81+34.57/20.95
-84.9930.7694.24-^2*+-16.9511.75-76.460.91**++^1-85.93,94.24**2-30.76*-84.99+(60.91*-76.4*11.75+-16.95**1+(-85.93))
14.33-92.0264.339.26-12.88///-+30.95-43.0657.5726.8*+^2+,-12.88/9.26/64.33+-92.02-14.33+(26.8-57.57**2+-43.06+30.95)
-2.18-63.5967.9940.547.3255.46-49.01-49.98++/2+/-^1**,-49.98+-49.01**2+55.46+47.32/40.5**1-67.99*-63.59*-2.18
38.9296.40.8799.24-*+*-70.92+^2-43.83-95.39-^1^8.91,99.24-0.87*96.4+38.92*(-70.92**2+(-95.39**1--43.83*(8.91)))
+-35.2956.1224.63-16.96/*+/*-81.28/62.4132.72+^2^1,-16.96/24.63*56.12+-35.29/45.28*(-81.28/(32.72**2+62.41**1))
-32.47-80.56-48.575.0896.141.26-99.39-60.81*+-^2++-^1/,-60.81*-99.39+1.26**2-96.14+5.08+-48.57**1--80.56/-32.47
-46.0*43.14/4.3292.4348.04-80.251.21-69.34^-^1+*/+-,-46.0*(43.14/(98.92**1--69.34+51.21*-80.2/48.04+92.43-4.32))
-35.2587.4-44.0196.5525.698.3576.6415.7834.59-/+++-+^2-,34.59-15.78/76.64+98.35+25.6+96.55--44.01**2+87.4--35.25
+-10.9^+65.3738.5730.2975.8127.96+^1++1-^1+,(84.5+-10.9)+(27.96**1+75.81**1+30.29**1-38.57+65.37)
-19.26/-21.94-70.12-*-97.2569.6/+-2.0278.54-99.4749.69-17.02-+/-,-19.26+(-70.12-(69.6/-97.25)*-21.94+(-17.02-49.69+-99.47/78.54--2.02))
6.77-64.55-61.5+-^2^35.12-44.58-1.77-39.09*-/^21*,(-61.5**2-(-39.09*-1.77--44.58**2+35.12)**1+-64.55*6.77)
-0.1854.8219.3459.48+*87.137.7-31.5-^1*++^2*,59.48*(-31.5**1-7.7*87.13)+19.34+54.82**2+0.18*99.14
73.2-72.17-67.79-12.55-25.7936.7112.06-+^1*-///-52.0-29.17/,12.06-36.71**1+-25.79*-12.55--67.79/-72.17/73.2/(-29.17/-52.0)
-81.26*43.46.9870.0460.56-66.532.519.580.12*/-+-/+*/,0.12*9.58/2.51--66.53+60.56-70.04/6.98+43.4*-59.89/-81.26
-68.6540.32*+58.32-^291.02-6.35-+^183.22-4.75*^1,40.32*-68.65+(58.32**2-(-6.35**1+(-4.75*83.22)-91.02**1))
-83.95-^-83.51-92.6733.14-16.16-+*1-^11.81-84.29*+-57.18,(-16.16-33.14+-92.67*-83.51)**1--83.95**1-(-84.29*1.81+(-57.18))
-27.76-32.81-37.42-0.2619.3149.7394.89-10.3738.34----^1-/*+,38.34--10.37-94.89-49.73**1-19.31--0.26/-37.42*-32.81+-27.76
55.2+39.86-57.85-55.7914.89-95.0999.04-0.5-^1+/++-^2,55.2+(-0.5**1-99.04+-95.09/14.89+-55.79+-57.85-39.86**2)
-95.1858.8531.4895.4292.23-98.0674.3459.87-^2-**++^1*,59.87**2-74.34*-98.06*92.23/95.42+31.48**1+58.85*-95.18
-51.56-60.8186.4-4.2533.4138.08-+/*-^2*-56.195.9-83.65/*,38.08-33.41+-4.25/86.4*-60.81**2--51.56*(-83.65/95.9*-56.1)
89.8375.72-82.52+-^1/39.79^+^2-83.122.7366.98/*+,-82.52**1-(-66.87**2+39.79)/(66.98/2.73*-83.12)+75.72+89.83
-58.6510.0872.94.79-27.647.57-68.5446.1-+/+/+^2+^2,46.1--68.54+7.57/-27.64+4.79+72.9**2+10.08**2+-58.65
-60.66/-8.99-63.33-38.73-25.7882.57*+^2///**-30.41^2,82.57*-25.78**2+-38.73/-63.33/-8.99/-92.54*-60.66*(-30.41**2)
-43.8393.7881.46-85.29/4.26--^2*/-/-34.81-91.63+^77.09,4.26-93.62**2--85.29*81.46/93.78/(-91.63+-34.81)--43.83**2
^/-44.83/+^2-88.076.61-22.829.33-65.3353.72+/*++,-44.83/90.54**2+33.52-(53.72+-65.33/29.33*-22.8+76.61+88.0)
98.56-75.6327.46-66.42-93.32*-++-^2-^0.21/90.7144.0*,-75.52--93.32+-66.42+27.46**2--75.63**2-98.56/(44.0*90.71)
80.05-78.9673.83-+-^261.79*49.51/-48.6785.94-52.81-^2/,73.83--78.96+80.05**2-(61.79*(49.51/(-52.81**2-85.94+-48.67)))
-77.0460.76-96.9820.35-23.58-82.28-1.91-36.72-40.11++-^2*-+*/,-40.11+-36.72+-1.91**2--82.28+-23.58-20.35+-96.98*60.76/-77.04
-89.8767.0992.07-4.09-42.07+^2*/-++-16.69/-60.04-+*,-42.07**2+-4.09*92.07/67.09--89.87+(-60.04-10.09+-16.69*97.95)
11.96/59.29-98.5-30.1667.44+--^2+//-56.17+-74.95/*,67.44+-30.16--98.5**2-59.29+77.11/11.96/(-74.95/-69.87*-56.17)
37.8271.220.8982.82*++^2+73.71^-61.5525.1863.86*+-+,82.82*0.89+71.22**2+37.82+(63.86*25.18+-61.55--0.58+73.71)
-2.4351.833.53+^1+*67.79+-20.82-85.7928.831.81*--^2,33.53**1+51.8+-2.43*(67.79+(31.81*28.8+-85.79**2--20.82))
-66.45-75.8266.33+^1/--80.078.84-73.4592.81-62.31+*-^1+,(66.33**1+-75.82/-66.45-(-62.31+92.81*-73.45**1-78.84+-80.0))
-80.94^60.12-8.24-63.72-5.28+^1/-+/63.32-36.97-^2+,-5.28**1+-63.72--8.24-60.12/(-36.97**2-63.32)+-18.76+-80.94
26.6-9.6432.1775.3-98.61-67.11-38.1613.3-**-^1++-^1,13.3--38.16*-67.11*-98.61**1-75.3+32.17+-9.64**1-26.6
-63.3111.62-19.4193.6-87.10.36-14.587.5+^2-+*++^2*,7.5**2+-14.58-0.36+-87.1*93.6/-19.41**2+11.62+-63.31
15.7677.78/-^125.93-10.93+*14.9438.53---54.16+-35.88*/,(77.78/15.76**1-(-10.93+25.93*(38.53-14.94-(-35.88*-6.83/-54.16))))
-21.63-13.9557.74+*78.58-90.15-6.61/-^2+-26.0111.31-35.52-+,57.74+(-6.61/-90.15**2-78.58)*-13.95+-21.63-(-35.52-11.31*26.01)
-46.44^96.15+81.34-85.56^/67.1476.6184.95-38.7-^1/-^1,-46.44*(96.15+(-85.56+81.34/(-38.7**1-84.95/76.61**1-67.14)))
47.78-14.6911.8850.8465.71-19.2912.0256.6243.04+^1++**///,43.04**1+56.62+12.02+-19.29-65.71*50.84/11.88/-14.69/47.78
-49.0941.5556.5-^2/-^-83.5576.0528.15-18.0979.31+-+-2,56.5**2-41.55/-49.09/(79.31/-18.09-28.15+76.05--83.55)**2
-90.27+96.34-58.93-58.3588.99-82.6249.0366.37+^2**++/^-7.36,-90.27+(66.37**2+49.03*-82.62*88.99+-58.35*-58.93/96.34**2)
30.9681.1741.19^+^1-23.62/-58.9474.44-+--^261.73,(41.19-81.17**1+30.96-(74.44--58.94+98.6-23.62**2-(61.73)))
-32.48-69.8835.3296.51+*//29.91+/-24.776.7-27.42-^1**,96.51+35.32*-69.88/-32.48/(29.91/(-27.42**1-6.7*-24.77)+(27.66))
92.5-96.39-^2/*-62.315.82-97.83-3.48-17.46-^-71.69+-+,96.39**2-42.4*(-17.46**1--3.48+-97.83-15.82+-62.3)/92.5
8.71-54.87-89.62-2.26/+^66.25-^1*-96.88+-51.83+-^1,-2.26/-89.62**1+-54.87**1-8.71*(-96.88+(-60.35**1--51.83))
-42.0463.03-31.1196.87-74.4127.51-53.4269.69-+++*/-38.62-63.69+/-,69.69--53.42+27.51+-74.41+96.87/(-63.69+-38.62)*-31.11/63.03--42.04
22.4782.6773.3143.9257.07+-11.1474.37-89.31+-++^2++^1,(-89.31+74.37--11.14)+57.07+43.92**2+73.31+82.67+22.47**1
-34.93-36.53-98.36+/65.12-85.91-63.55-76.48-87.47-53.0//-/+^2/,(-98.36+(-53.0/-87.47/-76.48--63.55/-85.91**2+65.12)/-36.53/-34.93)
7.36-88.97**85.41+21.23*-49.9847.8866.84-^2*/-^2,-88.97*7.36*(85.41+(66.84**2-47.88*-49.98/23.14-21.23**2))
-5.17-38.2-93.2-81.3586.824.6945.81-18.14*/+/*+^1++,18.14--38.51/45.81+4.69/86.82*-81.35**1+-93.2+-38.2+-5.17
-24.71--47.4322.64-97.0-50.1965.21/+^1+/+*-^2-32.72,65.21/-50.19**1+-97.0+22.64/-47.43+15.32*-24.71**2+(-32.72)
-99.45-10.03/+37.38-35.92+^1+48.31-21.51-46.43*//-59.69^1,-10.03/-99.45+(-35.92**1+37.38+(-46.43*-21.51*48.31/(-59.69**1)))
88.3312.24-3.945.8158.9512.37*-^11.57+^1+-+32.4567.55/,12.37*58.95**2-5.81**1+-3.94+12.24-88.33+(67.55/32.45)
35.21/-97.09--49.9345.6590.0391.14-+^1*---1^2,35.21/(91.14-90.03**1+45.65*-49.93--74.94**1--97.09**2)
91.47-65.0-98.8825.81**+-+2-47.0912.28-68.1251.95-27.81-**/,25.81--98.88*-65.0+91.47**2-(-27.81-51.95*-68.12*12.28/-47.09)
^23.24-82.37-22.78-57.2433.256.01-34.76*+--+^1-+^1,-34.76*56.01+33.2--57.24--22.78**1+-82.37-23.24+-52.8**1
-75.71-93.87-20.92-83.71--^1-*1*-86.8-83.99-1.229.05-/+,-83.71--20.92**1--93.87**1--75.71*(29.05--1.2/-83.99+-86.8)
83.97-12.49-97.32-58.59-76.8-69.17/-60.04-63.88/---*/+^1*,-63.88/-60.04--97.44--69.17--76.8*-58.59/-97.32**1+-12.49*83.97
-69.2923.0++^1-41.55-14.45+^1-^2+-68.05-79.67*,23.0**1+(14.45**1+-33.79**2--41.55)+-69.29+(-79.67*-68.05)
+24.2795.931.18*+-40.1346.48-47.12**/-6.52--^1+-27.91,(31.18*95.9+24.27)+(-47.12*46.48*-40.13/(-9.79**1--6.52+(-27.91)))
84.2182.57^99.05-80.63++/**54.883.79-62.0/+*-51.79+-77.87,-80.63+99.05+56.29/82.57*84.21*(-62.0/83.79+54.8*(-51.79+(-77.87)))
+^-69.9655.925.15-40.37-80.74+^2/*+^21-78.4783.57*,(-80.74**2+-40.37/25.15*55.9**2+-69.96)**1+(83.57*-78.47)
+87.09-37.1853.23/*-^2-^1-58.59-2.83-83.46-16.0++-,(53.23/-37.18*87.09**2-25.98**1-(-16.0+-83.46+-2.83--58.59))
78.5218.24-47.470.9131.43-46.23-48.43-85.54-^2-**+-^2*,-85.54**2--48.43--46.23*31.43*70.91+-47.4**2-18.24*78.52
75.8-51.5324.04---^26.1228.83-69.2+^1+^2+80.65,(24.04--51.53-75.8**2-(-69.2**1+28.83**2+6.12+(80.65)))
97.65+38.3190.1923.8634.39-54.57+/-+**10.2381.71+/^2,(-54.57+34.39/23.86-90.19+38.31*(81.71+10.23)*-46.56+97.65**2)
11.596.3-42.5695.12-45.94++^1-^1**13.73+39.92*-,(-45.94+95.12**1+-42.56**1-6.3*11.59*(39.92*-36.0-13.73))
45.4683.09-15.3/+^2*46.31-33.53-85.62-^1*+/1^,(-15.3/83.09**2+45.46*(-85.62**1--33.53*46.31**1+(-46.39)))
27.71-25.4641.44-85.92+39.342.3192.46-68.25-94.6++++/***+,-94.6+-68.25+92.46+42.31+39.3/89.75*-85.92*41.44*-25.46+27.71
-95.215.98/+-37.1597.06-/^-46.5841.65-11.0-19.29+*-^1-16.13,5.98/-95.21+(97.06/(-19.29+-11.0*41.65**1--46.58)**1--37.15)
11.55-9.8887.5992.767.9355.54/-25.18+^2+^1++-//,-25.18**2+58.56**1+55.54+7.93+92.76-87.59/-9.88/11.55
-12.92-20.77*--84.72/*-88.07-27.2212.36--83.7980.7341.53-24.11***,-20.77*-12.92-(-84.72*(12.36--27.22--88.07)/(-24.11*41.53*80.73*83.79))
23.07-45.38-48.1265.95-*-+^2-46.3-86.88-89.86*+*2^2,(65.95--48.12*-45.38-23.07**2+(-89.86*-86.88**2+-46.3**2))
41.9886.292.5980.2323.25--55.8193.83+^2/+^1*+*+,93.83**2+-55.81/74.01**1+23.25*80.23+92.59*86.2+41.98
-74.09--6.6234.7-88.03**+^2+^2-^2-24.99-16.2-,-88.03*34.7*-6.62**2+-36.12**2+-74.09**2-(-16.2+-24.99)
67.75+-55.25/-0.24-38.088.892.87/-^1*+^2*--68.32,67.75+(92.87/8.8**1--38.08*-0.24**2+0.68*-55.25-(-68.32))
99.74-31.26-23.8459.887.13*/*++^1-41.83-2.93-85.5290.49**/,7.13*59.88/-23.84*-31.26+99.74**1+(90.49*-85.52*-2.93/-41.83)
56.4959.260.28-53.848.5563.2196.98---^2-+--^1/,14.77-96.98**2-63.21-8.55+-53.84-0.28**1-59.26/56.49
-11.549.7385.21-37.43-+-^1/-73.7543.9494.9-62.73^^2+/,-37.43-85.21+9.73**1--11.54/(-62.73**2-94.9+43.94/-73.75)
-29.61*29.1790.0921.05-^1--^234.91-60.35-61.06*-^2,(-29.61*(21.05**1-90.09**2-(-61.06*-60.35-34.91)-29.17**2))
-43.94+^1-87.2699.13/^1+-63.122.7145.39-80.06-+-^2,-43.94**1+(99.13**1+-87.26+(-80.06-45.39+2.71**2--63.12))
-9.82-97.39-21.9428.8159.2150.8356.8183.09**+^1//+//6.85,83.09*56.81*50.83**1+59.21/28.81/-21.94+-97.39/-9.82/(6.85)
80.10.4515.8379.5715.545.5875.43-33.52-31.06+/+-+-^1-*,-31.06+-33.52/75.43+45.58-15.5+79.57**1-15.83-0.45*80.1
-30.68+43.11-2.99-10.3685.21-^2//-98.13-6.87--/32.4-/,-30.68+(85.21**2--10.36/(-6.87--98.13)/-2.99-43.11/(-87.28/32.4))
31.2955.1244.5936.2322.2958.0972.39-73.6875.12-+-+/+^1+-,75.12--73.68+72.39-58.09+22.29/36.23**1+44.59+55.12-31.29
82.42+^21.4584.64+--54.2566.91-98.477.8+^1/^2-,82.42**2+(84.64+1.45/(7.8**1+-98.47**2+66.91--54.25))
-24.537.0751.9462.67-52.239.97-98.9554.73-43.0660.94/++++*/+*,60.94/-43.06+54.73+-98.95+39.97+-52.2-62.67/51.94+37.07*-24.5
-26.5222.57-48.8-56.56-59.3433.25-9.22-94.11//+^1//-^2*,-94.11/-9.22/33.25**1+-59.34/-56.56/-48.8**2-22.57*-26.52
-63.5235.48-71.0371.6551.19-7.0878.413.78*+/^^1-^2-/,3.78*78.41+-7.08/51.19**1-71.65**2--71.03-35.48/-63.52
-33.23-41.3711.6814.7345.2-68.4782.71-22.124.21-++-+/*-^1,24.21--22.1+82.71+-68.47-45.2+14.73/11.68*-41.37**1--33.23
36.08-43.6819.4232.27-89.21-97.9615.47+-11.16*/-^1/*//*,-11.16*-34.88/15.47**1--97.96/-89.21*32.27/19.42/-43.68*36.08
40.12-10.6420.46-55.6850.342.82+-*/-63.06-64.25/**+//,2.82+50.34-(-64.25/-63.06*-82.26)*-55.68*20.46+10.64/-17.85/40.12
-64.47-42.3-0.8168.18--^2+^2*-25.97+*--2.83-86.98-,68.18--0.81**2--42.3**2+-64.47*(99.32*-25.97-(-86.98--2.83))
-96.97-37.86+-16.78-69.4332.28-27.94--24.58-^-27.99/+-+^2,-37.86+-96.97-(-24.58**1-71.43/-27.94+32.28--69.43**2+16.78)
27.98-43.61-/-26.79-6.02-50.2814.8833.78--+^--60.08-^2-47.89,-43.61-27.98/(33.78-14.88--50.28+-6.02*-26.79-(-60.08**2-(-47.89)))
-48.966.6-11.9892.3328.4879.55-42.78-0.64*//-^2/-+/2,-0.64*-42.78/79.55/28.48**2-92.33/-11.98-66.6**2+-48.9
24.97-58.866.2-58.4-94.8280.2686.63-20.58--//+-^1-^-25.31,-20.58-86.63-80.26/-94.82/-58.4+6.2**1--58.86**1-24.97
80.45+92.1-57.68-68.46-97.07-54.9479.051.6180.66-53.64--+**-++,(80.45+(-53.64-80.66-51.61+79.0*-54.94*-97.07--68.46+-57.68+92.1))
-30.89-40.53--^8.56-45.3527.5310.5658.98---+^1-8.2568.38,-30.89-(40.53-(58.98-10.56-27.53--45.35**1+8.56)**2-(68.38))
88.1-30.54-25.20.08+//+--90.7-63.58-26.5812.64++^2+50.55,0.08+-25.2/-30.54/88.1-(12.64+-26.58**2+-63.58+-90.7)+(50.55)
-30.97-^9.5363.16-85.92+^1-1+-66.02-52.52/+-7.2440.59+,(-85.92**1+63.16-9.53)**1--30.97+(-52.52/-66.02+(40.59+-7.24))
56.31^97.36-61.33-31.25-59.29+^2-^1-++^2^1,-59.29**2+-31.25**1--61.33-97.36+44.87**2+56.31**1
-73.54.6495.2254.45-58.37-+^2*-^1**-35.19-96.37/,58.37-48.17**2+54.45*95.22**1-4.64*(-96.37/-35.19)*-73.5
-74.91-30.38-47.39/*/-85.8751.22-^1+*1-46.0696.1653.45+/,(-47.39/-30.38*-74.91/(51.22**1--85.87**1+(53.45-96.16/-46.06)))
-70.58-31.9530.17*++^2-34.5923.7883.65-11.43+^1-^1/,(30.17*-31.95+-70.58**2+(-11.43**1+83.65**1-23.78/-34.59))
51.75-33.7447.68+/*77.3378.74-15.9868.814.3396.3864.29/*^/*/,47.68+-33.74*(64.29/96.38*4.33/68.81/-15.98*78.74/77.33)/51.75
-72.22-79.94-15.041.5236.73-19.86-56.8-66.99-/-^1-^2-+-,-66.99--56.8/-19.86**1-36.73**2-41.52--15.0+-79.94--72.22
44.9789.0698.75-61.85-13.08-11.89-58.171.83*//+^2/+-^1,71.83*-58.1/-11.89/-13.08**2+-61.85/98.75+89.06-44.97**1
-28.1411.36*/-44.1765.31-91.77*+^2/73.0791.33-72.01/-^2,11.36*-28.14/(-91.77*65.31**2+-44.17/(-72.01/91.33**2-73.07))
-17.2387.1539.3536.42-50.02++*+38.73*-+^2--83.9962.4-,-50.02+36.42+(38.73*24.21)*39.35-87.15**2+-17.23-(62.4--83.99)
^-67.43-15.2180.77-44.44-64.56-^2+-*-65.06-83.98-49.51+***,-64.56**2--44.44+80.77*(-49.51+-83.98*-65.06)--15.21*-67.43*-91.08
29.4612.16-92.86^67.277.1+^1-/*-*33.2634.38*+-81.47,7.1**1+67.27--3.43/-92.86*12.16-29.46*(34.38*33.26+(-81.47))
-30.83-*95.1-88.5453.9836.58+^2*+17.43+^288.6274.79-,-30.83*(36.58**2+53.98*-88.54+95.1)-(17.43**2+(74.79-88.62))
-37.79-96.8388.91-71.4422.42+//+-^256.32-^135.76^52.8,22.42+-71.44/88.91/-96.83+-37.79**2-(56.32**1-(35.76**2))
1.711.8381.36-*+35.61--13.32-9.33+//-73.63-72.73-^1,81.36-11.83*1.7+(35.61-(-13.32-(-90.4/9.33/(-72.73--73.63**1))))
2.63-36.67-24.0228.2859.49-8.3768.9528.5962.1812.36*-//+-^/+,12.36*62.18-28.59/68.95/-8.37+59.49-28.28+-24.02/-36.67+2.63
-14.76-82.33-93.18-25.03/+^1/-^275.5-63.61-1.82++^2,-25.03*-93.18**1+-82.33/-14.76**2-(-1.82+-63.61**2+75.5)
-53.96-10.5477.2346.12-70.35*--/-^90.4817.27-97.0//-^1,-70.35*46.12-77.23--10.54/-53.96-(-97.0/17.27/90.48**1--25.59)
-29.82/-22.976.6924.7382.2-22.0114.75+-^2+--1---,14.75+-22.01**2-82.2+24.73**1-6.69--22.97--39.38--29.82
-45.7534.07-0.115.83-48.86/74.15+*+^1-^2*-^1,74.15+-71.46*-48.86**1+5.83**2--0.11*34.07**1--45.75
56.068.8122.25-97.7141.8370.21-9.6271.2-+^1/---^1+,71.2--9.62**1+70.21/41.83--97.71-22.25**1-8.81+56.06
+-35.0179.2783.58-59.33+-*-15.8-7.345.23-54.86++/+^2+,-59.33+83.58-(-54.86+45.23+-7.3/-15.8)*79.27**2+-35.01+-50.12
55.81-36.1-5.16-68.6191.3766.8/-*//*-3.0165.77-11.08*+*1,66.8/91.37--68.61*-5.16/-36.1+55.81*(-11.08*65.77**1+-3.01)
-3.9487.662.64-35.8826.2721.52-12.14-36.638.48/-+--^1--*,8.48/-36.63--12.14+21.52-26.27**1--35.88-62.64-87.6*-3.94
45.279.22-21.33-78.97/-74.64-5.71-*-91.76-2.7411.8372.58++/-^/,(-5.71*(72.58+11.83+-2.74/-91.76)--74.64)/-78.97--21.33-9.22/45.27
77.65-23.15-21.0526.02-90.191.89/+-^2+-^2--88.42-42.94-,91.89/-90.1+26.02**2--21.05+-23.15**2-77.65-(-42.94--88.42)
54.8111.9544.98*-24.38-79.0423.9611.9919.48-^2-*//*^1,(19.48**2-11.99-23.96*-79.04/-24.38)*44.98/11.95*54.81**1
21.55-54.7680.61-65.96/0.2253.99-29.24-55.3543.41**+^2/+**,(43.41*-55.35*-29.24**2+53.99/0.22)/-65.96+80.61*-54.76*21.55
49.233.27-10.652.5937.025.25.43/-+^1/+^1+^1,5.43/5.2-37.02**1+52.59/-10.6**1+3.27**1+49.23
-26.6330.66+^2-^271.16-44.5924.55/+/-43.82-61.460.63*+,30.66**2+-26.63**2-(24.55/-44.59+71.16/(60.63*-61.4+-43.82))
9.8210.17-14.81-40.737.2763.62-+^2//++^1-0.78-33.73-,63.62-7.27**2+-40.73/-14.81/10.17+9.82**1+(-33.73--0.78)
-11.77--14.58-61.08-8.4993.6474.01--++^2/+-^259.48,-11.77-(-72.68-74.01+93.64**2+-8.49/-61.08+-14.58**2-(59.48))
-51.26-68.7657.9-45.3515.325.4770.95-60.73-56.0**+^1-^//+,-56.0*-60.73*70.95**1+5.47+15.32/-45.35/57.9/-68.76+-51.26
-26.15-15.24-76.231.53-+-/56.268.6481.41//-33.0775.612.74++*,1.53--76.23+-15.24--26.15/(81.41/(12.74+75.6+-33.07)/68.64*56.2)
71.94-94.722.19-78.49-73.28++^1--/-85.3266.76+^1^2,-73.28+-78.49**1+22.19--94.7/(66.76**1+-85.32)-71.94**2
-35.1840.87-37.2710.65-54.59-^1//-+^197.0372.56-29.39--,-54.59**1-10.65/-37.27/40.87--35.18**1+(-29.39-72.56-97.03)
36.6-34.59-91.25-63.9766.01-52.1384.58-63.35*-^-20.12-*--^2*,-63.35*84.58**1--52.13-66.01*-63.97--91.25**2--34.59*36.6
82.3225.3-84.09+^2-^1+29.26-53.1-20.72-95.78-51.11^/-+,-84.09**2+25.3**1-82.32+(-51.11/-95.78/-20.72--53.1+29.26)
-42.22-97.01-98.72^-93.88-/^**17.2890.87-68.77-24.0492.22*/*+,-93.88-80.33/-98.72+-97.01*-42.22*(92.22*-24.04/-68.77*90.87+17.28)
89.07-0.74/*15.43-76.52-68.68-*89.4795.29-27.88-^1/^^1,-0.74/89.07*(-68.68-(-27.88**1-95.29/89.47)*-76.52**1-15.43)
4.9450.39-68.59/69.32++--^1*-64.23-2.3120.6999.31/-*,69.32+89.45+-68.59-50.39**1-4.94*(99.31/20.69--2.31*-64.23)
51.740.36-71.7648.196.37.62-10.27+^2+*/+^2+^2,-10.27**2+7.62+6.3*48.19/-71.76**2+0.36**2+51.74
82.1532.02-74.56-+/-56.0552.93-80.69-65.7612.16++^2**-8.07,-74.56-32.02+82.15/(12.16+-65.76**2+-80.69*52.93*-56.05-(8.07))
14.960.4140.37-27.1618.03-72.96+*++^1-+/57.37-42.97*2,-72.96+18.03*-27.16+40.37**1+0.41+(-42.97-57.37)**2-14.96
-21.6242.67/+*-13.0468.1771.11-58.7921.54-18.86---^2^*-54.7,42.67/-21.62*(-18.86-21.54--58.79**2-71.11*68.17*-13.04)+(-54.7)
96.87--45.6551.14-36.01-44.06-+^1-+/+^22.95-0.05,-44.06--36.01**1+51.14--45.65+29.33/96.87**2+(2.95-(0.05))
-66.93/-42.8848.23-40.91-38.38-^2+^1-^-14.97*-^2,-38.38**2--40.91**1+48.23**2--42.88*-31.09**2--66.93
33.69-91.47-79.68-46.5-19.8948.8568.1282.47-98.33+++^2+--++,-98.33+82.47+68.12**2+48.85+-19.89--46.5/-79.68+-91.47+33.69
-15.96-34.78-41.04-4.21-31.62+--95.5641.94+^1*-**-14.22^*,-31.62-(41.94**1+-95.56)+-4.21*-41.04--34.78*-15.96*(12.11*-14.22)
-48.397.0913.89-36.75-*-73.33-91.3525.27+^2-/-^2^17.95,-36.75-(25.27**2+-91.35--73.33)*13.89/7.09**2--48.39**1
70.65-1.2441.57-26.42-17.04-49.9140.96-25.8849.71---++-+-^24.28,49.71--25.88-40.96--49.91+-17.04+-26.42-41.57+-1.24**1-70.65
-58.4553.19-38.9747.23-4.69-47.13-0.1326.51+^2///^2+-/,26.51**2+-0.13/-47.13/-4.69**2+47.23+-38.97-53.19/-58.45
69.56-37.9250.91.0778.4857.2-46.2740.02-6.18-36.87-***/-*/+,-36.87--6.18*40.02*-46.27*57.2/78.48*1.07*50.9--37.92+69.56
86.7975.4539.0126.2162.48-99.6660.073.68--+^2+^2/-+,3.68-60.07--99.66**2+62.48**2+26.21/39.01-75.45+86.79
49.05-18.6-78.72-19.22+^1+*+-72.51-59.75-*//*^2,-19.22**1+-78.72+-18.6*49.05+(70.61/-50.66/-59.75*-72.51**2)
/-98.4867.9146.84-45.4669.42-10.46-13.71-/-+^2--^2+,-13.71--10.46/69.42--45.46**2+46.84-67.91**2--98.48+-71.9
3.0610.98-70.7899.054.88+/-52.0656.85-+^2*-^2+-86.47,4.88+(56.85--52.06)/99.05**2+-70.78*10.98**2-3.06+(-86.47)
-92.25-66.53-97.6795.295.34-42.5352.0-67.68-^2//+-^1/-,-67.68**2-52.0/-42.53/95.34+95.2**1--97.67/-66.53--92.25
-23.14-58.27-26.933.3314.8-92.73-23.5989.94+/-^1*+^1+*,89.94+-23.59/-92.73**1-14.8*33.33**1+-26.9+-58.27*-23.14
64.05-^1-16.7128.9-32.19-28.96/-^2+/*/-72.95+-5.76,64.05**1-(45.6**2--28.96+-32.19/28.9*-16.71/(-72.95+(-5.76)))
-33.6964.9335.83+-13.46-13.82+/-+-/64.9976.41/*56.5346.59/,-13.82+-13.46/-60.95-35.83+64.93/(76.41/64.99)-(46.59/56.53)*-33.69
98.71*-5.2128.3513.18-42.9-27.75-66.2840.95-23.45-88.44/+*+/*-*,98.71*(-88.44--23.45+40.95*-66.28*-27.75/-42.9*13.18-28.35*-5.21)
-46.08-75.9412.0690.56-80.84+^2/-//-59.5168.35-35.84+-^1,-80.84**2+90.56/12.06--75.94/-46.08/(-35.84+68.35--59.51**1)
^-17.88-92.55----73.5355.08-93.19**+^2-28.4286.92-45.11/-,-92.55--17.88--5.03-(-93.19*55.08*-73.53**2+(-45.11/86.92--28.42))
90.3781.09-31.17-30.72-29.98-99.34-56.34+59.95//+^1/**++,59.95/-34.02/-56.34**1+-99.34/-29.98*-30.72*-31.17+81.09+90.37
97.87-5.23-32.5184.7-1.2+9.95-6.47+^1-*-^2/--,(-6.47**1+9.95--84.89*-1.2**2-84.7/-32.51--5.23-97.87)
-94.24-25.37-45.52+-74.2482.25-84.19-^2-^1+-+-*-6.66,-84.19**2-82.25**1--74.24+2.04--45.52+-25.37--94.24*(-6.66)
78.26-69.9322.2910.6-49.4281.39-25.07-64.25^*-^1++//+-,-63.95*-64.25**1--25.07+81.39+-49.42/10.6/22.29+-69.93-78.26
^-83.96-30.72--*97.43-15.16+^1-^1-71.375.3739.02*/,-30.72+-83.96--14.32*(-15.16**1+97.43**1-(39.02*75.37/-71.3))
2.25-77.54-94.86-40.44/-67.32-92.6/*++-^-5.11**/+20.37,-92.6/-67.32*-95.76+-40.44-(-5.11*-19.92)+-94.86*-77.54/2.25+(20.37)
-62.615.75--55.57-23.81^*^-99.52-41.1415.2120.56-*-^-81.721-,(-23.81*(20.56-15.21*-41.14**2--99.52)**1--55.57)-15.75--62.6
-26.5114.5113.93-30.3-69.49-/++^2/12.342.351.8292.79-**,-69.49--30.3/13.93+14.51**2+-26.51/(92.79-51.82*42.3*12.3)
-92.58-55.4370.8387.5573.7711.4790.4270.11-+^1//++^2+,70.11-90.42**1+11.47/73.77/87.55-70.83**2+-55.43+-92.58
39.334.13+29.6495.44*-+*83.970.7540.57-77.72/*^-^1,95.44*29.64--88.43+(-77.72/40.57*0.75/83.97)*34.13**1-39.3
-88.33-71.7367.92-49.7369.6222.3-20.59-*-*-10.2615.7530.97--*-/,-20.59-22.3*69.62-(30.97-15.75--10.26)*-49.73*67.92--71.73/-88.33
16.37--/-12.7254.54-7.63-19.41-1.54-28.8339.61*+^-3.43-**/,98.1-16.37/(39.61*-28.83**2+-1.54--19.41*-7.63*54.54/-12.72)
91.7964.75-15.27-23.64-20.05---19.2938.96-59.45-*+^2/+^58.33,-20.05-(-59.45*38.96*-19.29)--23.64**2+-15.27/64.75+91.79**2
8.2176.91*30.03-82.5647.36-59.79-64.25-21.569.08-///+-*-/,69.08--21.5/-64.25/-59.79/47.36+-82.56-30.03*97.55-76.91/8.21
86.43-40.83-31.99-62.4761.52+//*52.24-10.01--^2/-21.41-98.41*,61.52--62.47/-31.99*(-10.01-52.24)/-40.83**2-86.43/(-98.41*-21.41)
-73.61-31.46+^2//*71.0679.92-45.1+^1-*25.0-12.9-,(-31.46**2+-73.61/(78.77*(-45.1**1+79.92-71.06*(-12.9-25.0))))
-13.9616.4768.3775.553.01-25.08++/-**-68.0262.67-35.2*-^2,-25.08+53.01+75.5/68.37-16.47*(-35.2/62.67--68.02)*-13.96**2
-59.5698.73-19.82-95.87/-//65.16-0.81+-^1-11.46-3.54+^2,-95.87/-19.82-98.73+-59.56/(-0.81*65.16**1-(-3.54**2+-11.46))
-67.42-31.88-13.62*-58.5636.34-^2+-^2+^2//-23.38,36.34**2--58.56+-11.26**2--13.62**2+-31.88/-67.42/(-23.38)
-42.397.265.64-99.8430.48-0.0251.21+-*12.4247.07*-**--2,51.21+-0.02*(47.07*12.42)-30.48--99.84*65.64*7.2**2--42.39
-67.63-14.1241.04+^1*/-93.7-20.28-65.5813.3*+-^2++,41.04**1+-14.12*-67.63/(13.3*-65.58+-20.28**2--93.7+(100.0))
/64.02-0.89+^1++84.85-77.5338.36-35.16-32.32-24.75/--++,-0.89**1+64.02+-24.7+(-24.75/-32.32--35.16-38.36+-77.53+84.85)
--^298.69-97.22-88.6616.28-9.81-44.58-++^1++-,-58.56**2-(-44.58--9.81+16.28**1+88.66+8.94+-97.22-98.69)
-75.48/81.9-31.52-8.0835.9634.9544.34-43.35-^2--+-/+*,-43.35**2-44.34*34.95-35.96+-8.08--31.52/81.9+2.79*-75.48
31.4-76.76-74.6528.03-25.72/^2-^1-+^2+-77.44-11.6+,-25.72**2+28.03**1--74.65--76.76**2+31.4+(-11.6+-77.44)
17.963.714.3233.335.974.81-68.3342.91-^1+++*+^2*,42.91**1+-68.33+4.81+35.97+33.3*14.32**2+63.7*17.9
-53.354.78**86.081.87^-80.05/---^98.66-35.2-49.17/+2,54.78*-53.3*(-80.05/79.34-81.87-(-49.17/-35.2+98.66)**2-86.0)
10.0786.3-82.02++/-4.5395.62-90.18*/*70.67-92.26-^2+-,-82.02+86.3+10.07/(-90.18*95.62/-4.53*(-92.26**2-70.67+(-71.35)))
70.77-3.8832.46-18.11-^1+^1-+-56.92-72.3441.22/+^2,-18.11**1+32.46**1+-3.88*70.77+(41.22/-72.34**2+-56.92)
56.0120.531.16-71.1341.4133.1860.38-^2*/-/+-^253.22,60.38**2-33.18/41.41/-71.13-31.16/20.5+56.01**2-(53.22)
3.03-70.1931.2891.94-26.7343.3179.16+^2//+^1*-^1,79.16**2+43.31/-26.73/91.94**1+31.28*-70.19-3.03**1
23.37-99.9819.42-49.35/+^70.45+^2-1.4469.4369.66-94.75-*/,-49.35/19.42**1+-99.98**2+23.37+(-94.75-69.66*69.43/1.44)
-50.19-46.02-53.8873.5985.32+88.7755.15-69.14--*-*/-^1*,-69.14-55.15-88.77*-31.18-85.32*73.59/-53.88**1--46.02*-50.19
42.78-98.52-77.35-71.16+*-*81.87*64.59-90.7966.287.22--^1+,-71.16+-77.35*-98.52-42.78*(81.87*(7.22-66.28**1--90.79+64.59))
86.0920.34+-^292.1747.6799.8-24.87--*+-26.59-49.3374.88/+,20.34+86.09**2-(-24.87-99.8/47.67*92.17+(74.88/-49.33+-26.59))
-60.39-71.080.92///*+-36.8581.95-^2*7.5972.61-71.05++,80.92/-71.0/-60.39*(81.95**2--36.85*40.98)/(-71.05+72.61+7.59)
98.0251.43-27.222.625.5818.2594.69-4.53-+^1-^2--**,-4.53*94.69**1+18.25**2-5.58-22.62--27.2*51.43*98.02
-38.0-74.5514.07+^2*--44.43-55.74-71.2130.91+*-41.7849.41/,(14.07**2+-74.55*-38.0-(-44.43-(55.74-(30.91*71.21*(49.41/-41.78)))))
62.7498.2825.59-70.699.7116.77-^2*+/-/-93.59-4.18-50.33/-,16.77**2-9.71*-70.69+25.59/98.28/(-50.33/-4.18--93.59)-62.74
-5.08-7.3352.6895.55-70.186.71-90.6872.47-31.16+-^1+/+-/*,-31.16+72.47**1--90.68+86.71/-70.1+95.55-52.68/-7.33*-5.08
52.8894.9129.83-52.6467.163.92-66.87-61.2840.28//+^*-^2/+,40.28/-61.28/-66.87+3.92*67.16*-52.64**2-29.83/94.91+52.88
-45.2964.456.051.0668.71-7.73-21.15+^2**-^2-+^2,-21.15**2+-7.73*68.71*51.06**2-56.0-64.4**2+-45.29
/30.9463.970.96-77.14/*/**88.34*-50.33-^1-80.62-52.89+,-77.14/70.96*63.9/30.94*-8.03*(88.34*(-50.33**1-(-52.89+-80.62)))
44.8750.7133.0881.75-5.7342.88-^1-+^2//*-69.63+42.83,42.88**1--5.73-81.75**2+33.08/50.71/44.87*(-69.63+(42.83))
88.318.04-97.82*-^1-^2-73.38*-88.84-96.33**-78.0465.57-,-97.82*18.04**1-88.3**2-(-73.38*(-96.33*-88.84*(65.57--78.04)))
57.12-34.66-*37.97*-65.51-48.5474.07/*-56.1-71.78-13.53---2+,-34.66-57.12*(37.97-(74.07*(-13.53--71.78**2--56.1)/-48.54+-65.51))
0.69-89.6146.4450.74-10.61-46.46-57.3-^-95.01+^2+-^1+-,-57.3**2--46.46**2+-10.61+50.74**1-46.44+-89.61-0.69
-12.5778.04-66.27--^-16.92-5.2-88.59-+1++68.3451.4718.31-*,-66.27-(-88.59--5.2+-16.92)**1-78.04+-12.57+(18.31-51.47*68.34)
85.33.6662.47-8.1780.83-18.24-^2+^2//-//63.29,-18.24**2-80.83**2+8.17/95.6/62.47-3.66/85.3/(63.29)
-73.96-58.7566.62-98.422.45-36.65+^2/--^2-+^184.97,-36.65**2+2.45/-98.42-66.62**2--58.75--73.96**1+(84.97)
-89.11-68.0642.68-++^-65.86-30.42-22.1242.2191.54*-++-^1,42.68--68.06+-89.11+(91.54*42.21--22.12+-30.42+-65.86**1-3.95)
-64.8491.83*17.13-10.67-77.67-63.2565.04--+++^2-^1,(65.04--63.25-77.67)--10.67+17.13+70.1**2+91.83**1--64.84
^28.11-60.19-44.814.62-99.08-39.58/*-^2//-^2+,-39.58/99.08*-32.8**2-4.62/-44.81/-60.19**2-28.11+-0.07
87.68-91.18-72.7932.2753.581.3636.41++*-^2++^1^1,36.41+81.36+53.5*32.27**2--72.79+-91.18**1+87.68**1
-27.3/-41.93-87.941.3648.16-25.71*-/*-40.641.693.37+*^1,-27.3/(-41.93-(-25.71*48.16+41.36/87.9*(93.37+41.6*-40.6**1)))
-32.7491.6-90.8539.5-90.7443.68-94.3492.4779.96+-**++*1/-,79.96/92.47--94.34*43.68*-90.74+39.5**1+-90.85/91.6--32.74
-15.36-36.7791.463.98--/+-95.11-29.08-10.37-69.9968.23--^2**,3.98-91.46--36.77+-15.36+(68.23--69.99**2--10.37*-29.08*-95.11)
87.69--4.9484.41//41.2548.33-26.2713.2322.7939.54-^1/+*-,(84.41+-4.94)-87.69+(39.54**1-22.79/13.23+-26.27*48.33-41.25)
53.5694.06-34.0888.1-81.950.42-3.287.3512.88--/--*-+^-70.18,12.88-7.35--3.28/0.42--81.95-88.1*-34.08-94.06**1+53.56
-6.76-33.57-33.15-68.94-6.62-27.1770.98-+2//*-+-^29.06,70.98**2--27.17/-6.62/-68.94*-33.15*-33.57+-6.76**2-(9.06)
38.4269.6815.2531.69-75.974.8247.31-19.14*-*2*/+-/^2,-19.14*47.31**2-74.82*-75.9/31.69+15.25-69.68/38.42**2
85.18/85.3640.8-14.5254.72///----90.4+-22.09-91.795.68++,54.72/-14.52/40.8/85.36-7.39-85.18-(-90.4+(5.68+-91.79+-22.09))
80.0943.5212.88+^-75.13//-79.67-75.8361.96*++75.9*0.12-30.27/,12.88**1+43.52/80.09/(61.96*-75.83+-79.67+(75.9*(-30.27/0.12)))
78.8582.8-18.11-63.23-52.34-19.71/+*/63.7431.64-^1/+^1,-19.71/-52.34+-63.23/(31.64**1-63.74)*-18.11/82.8**1+78.85
-29.16-38.122.32-93.3595.02--^1-+^1+-56.91/10.63^1,95.02--93.35**1-22.32--38.1**1+-29.16+(-56.91/(10.63**1))
-46.6865.85-26.9817.549.13-95.9720.16-35.0435.72/+-+/+^1+/,35.72/-35.04+20.16--95.97+9.13/17.54**1+-26.98+65.85/-46.68
15.6-11.87-84.2726.45--/2-+^249.0613.82/+97.01-4.21-,(26.45--84.27**2--11.87-15.6**2+(13.82/49.06+(-4.21-97.01)))
-52.9-21.2184.8197.651.05-90.36-94.7726.5-55.46*//-+^2/*/,-55.46*26.5/-94.77/-90.36-51.05**2+97.6/84.81*-21.21/-52.9
-6.33-98.07+-99.0544.9940.49-22.43^-16.9*/*^2***11.12,-98.07+-6.33-(-16.9*-3.01/-22.43**2+40.49*44.99*99.05*(11.12))
62.37-54.3896.4287.84-91.66/^-80.07-41.4883.9915.7747.41++--++-,-91.66/(47.41+15.77+83.99--41.48--80.07)/87.84+96.42+-54.38-62.37
29.2278.6631.466.4394.32-42.3441.684.9662.21*+**-^1/*/,62.21*4.96+41.68*-42.34*94.32**1-6.43/31.46*78.66/29.22
-16.8430.26-90.3749.593.32/65.79++---^1--^2+,(-93.43+65.79)/3.32-49.59--90.37**1-30.26--16.84**2-(-40.86)
-19.2844.3630.19-21.0356.052.3321.2/-^1/++^2+^1,(21.2/52.33**1-56.0/-21.03+30.19**2+44.36**1+-19.28)
-17.9551.77*+74.5+^51.8689.0325.84-1.84-59.24*-^31.88+/1,(51.77*-17.95+(74.5+(-59.24*-1.84**2-25.84+89.03/51.86)**1))
8.5-47.5643.7956.8965.192.1684.3588.95/-+^1*+-+^1,88.95/84.35-2.16**1+65.19*56.89+43.79--47.56**1+8.5
-9.1586.6452.06-64.8712.2251.71-37.5652.06-30.32-^1+/+/+-*,-30.32**1-52.06+-37.56/51.71+12.22/-64.87+52.06-86.64*-9.15
54.5440.0970.03-43.0631.13-79.62+-^2-^1*++75.0693.37-,-79.62/31.13**2--43.06**1-70.03*40.09+54.54+(93.37-75.06)
5.69-58.56+52.1921.11-^1*-^1**-51.8129.74-13.2*-,21.11**1-52.19*-24.92**1--58.56*5.69*(-13.2*29.74--51.81)
39.74-1.1880.3863.3528.22-6.6-38.2338.69+^+/*-^2-^2,38.69+-38.23/-6.6-28.22/63.35*80.38**2--1.18-39.74**2
-33.016.22-16.38-58.1150.78-27.88--+//-23.95-36.34+^1*^13.19,-27.88-50.78--58.11+-16.38-(-36.34**1+-23.95)/16.22*-33.0+(13.19)
77.0839.2577.22-43.69-16.81-68.3776.767.58-13.98///*/-+^2-,-13.98/7.58/76.76/-68.37*-16.81/-43.69/77.22**2+39.25-77.08
59.3456.68-32.67-27.78-45.31-^2+/*-+-75.47-69.62-43.81-+-73.51,-45.31**2--27.78+-32.67/56.68*59.34+(-43.81--69.62+-75.47)-(-73.51)
14.4389.13-^1/+15.44/--59.8336.6883.81^48.37+-/+,89.13**1-(15.44/-21.47)/14.43-(48.37+-92.92-83.81/36.68+-59.83)
+-46.29-46.082.04/-^1-+^2-72.73-^1+^1,82.04/-46.0**1--46.29-34.27**2+(-72.73**1-(-80.0**1))
-14.69+-94.72-64.78-44.9749.676.95+**-^2-^2+^2,76.95+49.6*-44.97*-64.78**2--94.72**2-62.06**2+-14.69
-46.52-91.76-^248.2124.23-0.33-/-^2*65.6-99.94-73.65,-46.52-(91.76**2-(-0.33-24.23/48.21**2-(-99.94-65.6)*(73.65)))
50.44-3.5445.63+^1+^2/-93.92-74.82-12.34-65.22--^^2,45.63**1+-3.54**2+(-65.22--12.34--74.82**2--93.92)/50.44
-0.1543.7-5.29+-96.6-57.28-54.754.95-0.65+^1-^2*+--,(-0.65**1+4.95**2--54.75*-57.28+-96.6)+-5.29-43.7--0.15
-23.3295.3428.82^69.6-5.6459.4281.25-75.2+-+/*-^1/+,-75.2+81.25-59.42+-5.64/69.6*18.36**1-28.82/95.34+-23.32
3.15-26.0474.48-^1/+-65.76/-75.4678.7-34.71+*+/--4.4,(74.48**1--26.04/3.15+(-34.71+78.7*-75.46+12.74/-65.76-(-4.4)))
-16.4*-1.217.2630.29-75.06/+^1**15.09-43.67-81.3315.45/**,-16.4*(-75.06/30.29**1+17.26*(15.45/-81.33*-43.67-15.09)*-1.2)
-74.72/-78.681.7412.76-40.97-+^2//-73.04-98.78-66.6-^1*,-74.72/(-40.97-12.76**2+81.74-(-66.6**1--98.78*-73.04)/-78.6)
23.5941.3251.6848.8432.18-4.85-81.49+-51.53-*/-^2+---,-51.53-62.17*-81.49/-4.85**2-32.18+48.84-51.68-41.32-23.59
30.16-+-86.9426.31+^1-14.42^+*72.433.1643.8391.31-*-,(26.31**1+-86.94)+(60.24+-14.42)-30.16*(91.31-43.83*3.16-72.43)
-85.02*-29.21-29.78-59.69-32.1255.6694.0358.6/^/-+-^1+-,58.6/94.03-55.66/-32.12--59.69+-29.78**1--29.21+2.35--85.02
-93.6-81.8891.87/+--61.26-84.8692.15+^1//-69.38*-97.65^2,(91.87/-81.88+-93.6-(92.15**1+-84.86/-61.26/(-69.38+(-97.65**2))))
9.74/34.7-86.2780.7245.9347.1156.86-70.4821.65-^1-+-*--,9.74/(21.65**1--70.48-56.86+47.11-45.93*80.72--86.27-34.7)
68.29*-78.5-55.13-+-^2-87.24.04-7.65^--79.08-43.31+^2,(-55.13--78.5)*68.29**2-(-7.65-4.04--87.2)+(-43.31+-79.08**2)
*--18.0955.379.0819.9439.3337.49+^-20.74-^1+^1-*,76.74-(37.49**2+39.33**1-19.94**1+9.08-55.37*-18.09)
13.42-14.14-34.6-2.8-16.64-45.78-50.4455.25+^2/+/+-^1-,55.25**2+-50.44/-45.78+-16.64/-2.8+-34.6**1--14.14-13.42
99.8825.77-88.317.2254.0383.8480.2-85.82-49.46++-/+^2+/+,-49.46+-85.82+80.2-83.84/54.03**2+17.22+-88.3/25.77+99.88
33.277.3118.6963.44-37.861.3*//+-/*6.05-91.4843.99+-*,-51.56/1.3/-37.86+63.44-18.69*(43.99+-91.48-6.05)/7.31*33.27
-86.85-49.2887.93*77.95+/*---34.02-12.5573.56-89.85-^2-/,77.95+46.98/87.93*-49.28-(-89.85**2-73.56--12.55/-34.02)--86.85
68.1753.9265.654.5817.680.58*--^2--16.4512.73-46.58+++,80.58*17.6-54.58**2-65.6-(-46.58+12.73+16.45)-53.92+68.17
48.3135.64-49.2643.1736.3636.1399.13-14.14++-4.687.49++/--/,-14.14+99.13-(7.49+4.68)+36.13+36.36/43.17--49.26-35.64/48.31
-26.73-6.8392.69-32.34-8.89*+--2+^^1-4.0715.3-82.6*/,-8.89*-32.34+92.69**2--6.83**1-(-82.6*15.3/-4.07)+-26.73
-24.597.79-93.7-42.64-70.8758.03*+/**+-15.5930.66-^2/-23.64,58.03*-70.87+-42.64/-93.7*7.79*-24.59+(30.66**2--15.59/(-23.64))
88.871.143.26-^2-+-32.73-20.79-^1+41.33*-1.25-18.22/,3.26**2-71.14-88.8+(-20.79**1--32.73+(41.33*(-18.22/-1.25)))
31.48-42.9260.24-26.0-93.49-17.97-77.98-27.0370.33*//-/-^1-/,70.33*-27.03--77.98/-17.97+-93.49/-26.0**1-60.24--42.92/31.48
-43.31-93.21-5.97++43.171.89-21.0298.47+-/+/-22.76-81.87-*,5.97+(98.47+-21.02-1.89/43.17)+-18.07+(-81.87--22.76)/-93.21*-43.31
25.6678.290.3420.7270.4/-41.7++^2*-*-+30.84-22.31/,-41.7+67.44**2-70.4*20.72-0.34*78.29+(-22.31/30.84)-25.66
73.449.87-23.82-62.16-89.27+-+^-83.1367.224.86-+2+^2+,-89.27+-62.16+(4.86-67.22+-83.13)**2--23.82**2+9.87+73.44
-9.066.0868.51-73.99-78.696.7769.61++-^1/*64.6979.01/-+,69.61+6.77+-78.69**1--73.99*(79.01/64.69)/68.51-66.08+-9.0
32.37-41.13-91.7675.0457.97-6.43+/*/95.372.74*+-^1/-3.13,-6.43+57.97/75.04/(72.74*95.3)*-91.76+-41.13**1-32.37/(-3.13)
-70.77+/*81.45+^1-6.76-34.790.3-47.49-++*-95.24-93.02-,-37.44/-70.77*(81.45**1+(-47.49-0.3+-34.79+-6.76*(-93.02--95.24)))
-53.3-61.34-25.57-59.19-63.8564.7624.6-70.52+^1*--/+-^1,-70.52**1+24.6*64.76--63.85--59.19--25.57+-61.34**1--53.3
64.282.01-22.0335.04-33.1847.92-99.07**+^2-^2-^*-9.85,-99.07*47.92*-33.18**2+35.04**2--22.03-82.01/64.2*(-9.85)
56.65-89.9383.1364.13-44.66*//-**-94.9-66.62-25.58-49.93++/+,-44.66*64.13/83.13/-89.93-56.65*(-49.93+-25.58+-66.62/-94.9+-59.62)
81.7230.81-73.0461.9752.8367.67-60.04-+^50.01-^1--++-6.4,-60.04*67.67**1+52.83**1-61.97--73.04-30.81+81.72+(-6.4)
-11.19--4.46-21.3269.33*--+/-72.74-59.4930.77-20.48-+^2,69.33*-21.32--4.46-25.99+-11.19/(-72.74-(-20.48-30.77+59.49**2))
93.51-40.32-72.9935.51-42.36-51.8-88.36-13.83+*/*-+^2-^2,-13.83+-88.36/-51.8--42.36*35.51--72.99**2+-40.32**2-93.51
-73.256.0161.2534.5116.6473.03-78.19-58.56*/^2-+*+^2*,-58.56*-78.19**2-73.03-16.64+34.51*61.25**2+56.01*-73.2
-12.9235.28-62.35+^1**-45.0161.01-27.012.26/+^1*^2,-62.35**1+35.28*-12.92*(12.26/-27.0**1+61.01*-45.01**2)
72.13-37.9466.29-^2++87.0446.4324.09-87.41*-++43.972.31+,66.29**2--37.94+72.13+(-87.41*24.09*46.43+87.04+(72.31+43.9))
-50.065.28-88.2657.08-99.114.044.26-/*+^2+^2-+22.56,44.26-4.0/-99.11/57.08**2+-88.26**2+5.28--50.06+(22.56)
6.72-36.5615.3523.110.77-59.6618.89+^2/*-^2*-^2,18.89**2+-59.66/10.77*23.1**2-15.35*-36.56**2-6.72
83.37-10.51-62.52--37.76-44.02++++-17.6223.8683.06-43.44-/*^2,(-44.02+-37.76)--62.52+-10.51+83.37+(-43.44-83.06/23.86*-17.62**2)
-73.52-50.02-36.7550.41-71.09.67-8.1260.04/--^2*+^2//,60.04/-8.12-9.67**2--71.0*50.41**2+-36.75/-50.02*-73.52
-80.0-40.039.218.22-88.51--^1*/**/-2.37-83.88-^2,90.74**1--88.51*8.22/9.21*-40.03*-80.0/(-83.88**2--2.37)
-28.263.82+^2/-10.04+23.61**9.520.46-5.5939.73*/-*,63.82**2+-28.2/(-10.04+(23.61*(39.73*-5.59/0.46-9.52*32.89)))
-71.46-^187.42+^1-8.71-86.12-*23.3572.52-2.45+^2/,-71.46**1-(87.42**1+(-86.12*(-2.45**2+72.52/23.35)--8.71))
-38.65-60.66-92.4388.3940.85+/-49.91/99.449.6130.14-+//*+/,(40.85/(30.14-9.61+99.44/85.79/-49.91)+88.39*-92.43/-60.66/-38.65)
-96.4447.5890.9-6.45-^1--*-40.36+^194.881.67+^-57.37,-6.45**1-90.9-47.58--96.44*(-40.36**1+(1.67**2+94.88))
26.11-85.32-31.2681.6677.6325.7692.0621.71-45.4451.95+-//*/-/*,51.95+-45.44-21.71/92.06/25.76*77.63/81.66--31.26/-85.32*26.11
-3.258.14-92.68-15.76++-97.6457.17+-65.36-79.9685.44-//++-/,-15.76+(85.44--79.96/-65.36/-35.62+57.17+-97.64)+-92.68-58.14/-3.2
-93.04-34.177.44*+^1-^187.4+-54.43-34.037.67-56.67+-+,77.44+-34.1**1+-93.04**1-(87.4+(-56.67+7.67--34.03+-54.43))
-75.1320.03*+-9.84-^267.62/52.03-17.52++--51.37-1.54,20.03*-75.13-(-9.84**2-(-17.52+52.03+-83.42-67.62-(51.37-(1.54))))
-96.07+-98.7^/*-67.51-66.9860.27-75.638.14-87.47-^1+///,-98.7+29.79/-96.07*(-87.47**1-8.14+-75.63/60.27/-66.98/-67.51)
79.0345.8-45.5162.2283.98-95.54-3.121.5425.262.56//-*-***+,62.56/25.2/21.54--3.1*-95.54-83.98*62.22*-45.51*45.8+79.03
-66.95-80.67-6.3-41.055.3468.3848.3939.3--++-^75.07+^2/,39.3-48.39-68.38+55.34+-41.0**1--6.3**2+-80.67/-66.95
-63.5575.7197.3577.1756.22-57.5591.58-70.311.42+**/-^2*/*,11.42+-70.3*91.58*-57.55/56.22**2+77.17*97.35/75.71*-63.55
-49.93-15.0169.66-7.04/82.8-68.6483.380.91+^-67.51*+^1/--,(80.91**2+83.3*-68.64**1+82.8)/-7.04/69.66--15.01--49.93
-2.15/-75.11-96.0735.9-26.5320.2621.42-86.4455.84*+-^1**/-,-2.15*(55.84*-86.44+21.42**1-20.26*-26.53*35.9/-96.07--75.11)
-82.8379.61-62.58-31.98-57.1659.01-32.21-76.58+/+-+^2++^2,-76.58+-32.21/59.01+-57.16--31.98**2+-62.58+79.61**2+-82.83
-7.0749.7799.93-62.1553.0927.05^3.65-+^2+-^1--/,3.65-29.03**2+27.05+53.09**1--62.15-99.93-49.77/-7.07
^63.74-^1/25.12-81.6770.16-30.1875.6838.14/-^2/--,63.74**1--79.22/(38.14/75.68**2--30.18/70.16--81.67-25.12)
/-84.4673.0177.73-51.1392.85-43.6677.22*+++^2**-^2,77.22*-43.66+92.85+-51.13**2+77.73-73.01*-84.46**2-35.45
-63.94-70.2835.8836.96-83.217.15^-29.4730.23//-^2-*/++,30.23/-29.47/93.12**2-17.15--83.2*36.96/35.88+-70.28+-63.94
-45.04-97.4418.01-3.4-^2-^2+*-38.74-3.76-60.7945.69/-*,-3.4**2-18.01**2--97.44+-45.04*(45.69/-60.79*-3.76*-38.74)
51.1817.92^0.9597.9--/+-68.88-/45.3890.85**/--48.19,97.9-0.95/(-68.88-15.62)-(90.85*45.38)/-59.76*17.92/51.18-(-48.19)
-20.9693.8648.32-30.0582.22-^/-^1-33.13-98.06*--17.2^1,82.22--30.05/48.32/93.86**1--20.96-(-98.06*33.13-(-17.2**1))
43.8162.08-^20.8272.11-94.8666.72*--+-^2--^1,(11.03-66.72--94.86+72.11**2-20.82--39.49)-62.08**1-43.81
-96.59^-25.4521.2129.91-20.87+*-6.92-15.8913.13/*-^2-*-,-20.87+(13.13/-15.89*-6.92)*29.91**2-21.21--25.45*-19.49--96.59
-10.2236.2128.58-0.67-42.72/98.32-+/-^1+^2*/76.71,98.32--84.45+-42.72/-0.67**1-28.58**2+36.21*-10.22/(76.71)
-62.0187.5494.51-0.8495.16-14.045.52/+*-^1+^1*^1,5.52/-14.04+95.16*-0.84**1-94.51**1+87.54*-62.01**1
-18.41-90.92-12.86-74.110.55-48.51/+/-^2*-^2-38.0460.66/,-48.51/0.55+-74.11/-12.86**2--90.92*-18.41**2-(60.66/-38.04)
-80.67^64.0964.6323.17-15.4555.29-17.1467.55+-**-^1--81.91,(67.55+-17.14-55.29*-15.45*23.17**1-64.63-64.09)--80.67-(81.91)
-77.7-23.06-68.49-40.08-27.43-9.93*/+*+*+-27.29-73.7+^2,9.93*1.16/-27.43+-40.08*-68.49+-23.06*-77.7+(-73.7**2+-27.29)
-74.2445.71*58.57-14.1550.36*-//+--87.91-87.84-38.8472.34/**,50.36*-14.15-58.57/-7.59/45.71-(72.34/-38.84*-87.84*-87.91)+-74.24
-73.9765.3337.54-94.34-54.09-83.360.61*-^2-^2+^1/+,0.61*-83.36**2--54.09**2--94.34**1-37.54/65.33+-73.97
26.46-3.0-61.17-37.36-70.9460.95-^1-^64.79+///74.22^1,60.95**1--70.94**1--37.36+-61.17/-3.0/26.46/(74.22**1)
-69.0576.58-25.96-78.6463.8882.05/-*-82.755.64+++++^2*,82.05/63.88-(55.64+-82.7)*-78.64+-25.96*76.58+-69.05**2+(76.27)
17.32*-48.0732.22-3.2277.33-52.27-39.8793.9+**+/-^2/-,93.9+-39.87*-52.27*77.33+-3.22/32.22**2--48.07/-12.9-17.32
61.74-52.1821.71*-16.18-34.83-11.84//++^1/-30.84--69.5186.82-,(-11.84/-34.83/-16.18)*21.71+-52.18**1+61.74/(-30.84-(86.82--69.51))
-15.1998.39*-30.6456.58-8.4^+-*/41.17-^45.7611.83-94.92-,98.39*-15.19-(-77.9+-8.4-56.58*30.64/(41.17**2-(-94.92-11.83)))
76.6748.59*-76.11-3.52+^1+^-11.38-51.3189.0216.46-+-2,48.59*76.67-(-3.52**1+76.11+(16.46-89.02+-51.31--11.38)**2)
40.0484.14-99.97^-30.7828.49--/++*29.38-42.93++9.6350.8-,28.49--30.78-87.04/-99.97+84.14+40.04*(-42.93+29.38+(50.8-9.63))
-56.36-18.65-47.6626.83--^1-96.78-42.71-10.66--/^2/-,26.83**1-(-10.66--42.71-96.78**2+33.66)--47.66/-18.65--56.36
-12.31-83.81-7.44-+^93.26-^230.54-74.6782.69*++21.26*-97.32,-7.44--83.81**1+-12.31**2-(82.69*-74.67+30.54+(21.26*(-97.32)))
48.7-2.8874.54-26.3911.52-55.09+^2+^1++-+1.54-46.16+,-55.09**2+11.52**1+-26.39+74.54+-2.88-48.7+(-46.16+1.54)
--41.4-48.86-27.75-//97.7511.447.4993.48*+^1/*-64.72,-27.75--48.86/(93.48*47.49**1+11.4/97.75)/-41.4*-45.48-(64.72)
-75.22-57.08-72.7487.727.0797.53**-9.21-39.47+^+-+^2*-,97.53*(-39.47**2+-9.21)*27.07-87.7**2+-72.74*-57.08--75.22
-22.1174.0559.3933.25-60.6466.86+--+^1-/1/-25.3350.37-,66.86+-60.64-33.25-59.39**1+74.05**1--22.11/(50.37--25.33)
-96.6376.68+^38.19-78.8982.26--70.2271.04--+^1+/1/,(71.04--70.22-78.52**1+82.26+-78.89/38.19)**1+76.68/-96.63
^-44.8899.18-96.3-49.81/-22.815.65*-^2-^1*+^2,(15.65*-22.8)/-49.81**2--96.3**1-99.18*-44.88*19.43**2
6.05+78.91-^2*--84.4713.45-28.22-23.112.8990.15+/++/,(78.91**2--69.17*6.05-(90.15+12.89/-23.1+-28.22+13.45/-84.47))
37.32-51.3652.41+-*-70.1-37.94+/78.49-81.04-23.03-6.25/++^1,52.41+-51.36-(-37.94+-70.1)*37.32/(-6.25/-23.03+-81.04**1+78.49)
-27.2-99.12/-58.94^-4.91+**/61.8883.16-41.7375.58+^2+*,(-4.91+-28.75*-58.94)/-99.12*-27.2/(75.58**2+-41.73+83.16*61.88)
68.45-61.6-56.8629.6+^2-^2-^1*-39.65-54.8145.48**,29.6**2+-56.86**2--61.6**1-68.45*(45.48*-54.81+-39.65)
-34.5437.21-83.9495.79-16.21-58.43*-++++12.1214.75+^47.91^10.31,-58.43*-16.21-95.79+-83.94+37.21+(14.75**1+12.12)+-34.54**2
/-91.66-58.5120.02-23.3659.34-29.19.79-73.85-1.42*--//-**+,-1.42*-73.85-9.79--29.1/59.34/-23.36-20.02*-58.51*-91.66+-22.38
16.02-80.9482.9172.8165.0464.5864.19-12.15+*++^1*++^1,-12.15+64.19*64.58*65.04**1+72.81*82.91+-80.94**1+16.02
-6.23-4.07-11.727.51*72.8234.48-2.9982.45+--/*+--/+,-67.08-82.45--2.99/34.48*72.82+-76.98-7.51--11.72/-4.07+-6.23
16.8157.3455.6156.29*+/-^194.4830.3589.35+^1/^2,56.29*55.61+57.34/16.81**1+(89.35**1+30.35/94.48**2)
17.35-84.8-57.98-71.7876.21*-//+^1-92.82-89.6999.68+-^1,76.21*-71.78--57.98/-84.8/17.35**1+(99.68+-89.69**1--92.82)
-39.34-87.03-40.25-84.42-56.51/+--29.85-63.19/-^51.49-*-45.95^2,-56.51/-84.42-(-63.19/-29.85)+-40.25**2--87.03--39.34*(-45.95**2)
-40.85-22.18-87.72-54.08.19+^1*/-/-32.87-67.5670.11*//-57.12,8.19**1+-54.0*-87.72/-22.18--40.85/(70.11+-67.56/-32.87/(-57.12))
85.19-87.07-64.1-3.7-2.19-10.9861.27-87.5694.39+++*+++1++,94.39+-87.56+61.27+-10.98*-2.19+-3.7**1+-64.1+-87.07+85.19
-57.28/-77.26-58.99-80.97-9.5998.63-24.4337.272.91+/+*+*-*/,72.91+37.2/-24.43+98.63*-9.59+-80.97*-58.99--77.26*-68.18/-57.28
-17.56-33.6955.529.94-77.28-5.04-*++-+66.78-21.6628.55-14.45*++,-5.04--77.28*9.94+55.52*-33.69--17.56+(-14.45*28.55+-21.66+66.78)
54.476.03+^19.57-^1-72.64+63.37-65.3464.9175.78-^2/,76.03+54.4*(19.57**1-(-72.64+(63.37-(75.78**2-64.91/65.34))))
-4.28-^1-94.1436.8-+^285.21-64.69-49.77-32.182.75+*--,-4.28**1-(36.8--94.14**2+(82.75+-32.1*-49.77--64.69-85.21))
56.93-89.95-30.8324.8639.67+*+^2/+^70.53-54.593.67+*54.79,(39.67+24.86*-30.83**2+-89.95-56.93**1+(3.67+-54.59*(54.79)))
86.877.69-22.33-^2^+-28.69-74.2691.8772.08.88+//++-12.54,-22.33**2-77.69/86.8+(8.88+72.0/91.87/-74.26+-28.69+(-12.54))
-29.36-40.368.58-21.38+/^199.58-98.38-80.07-18.05-46.01/**+-+,(-21.38**1+(-46.01/-18.05*-80.07*-98.38+99.58)+68.58--40.3+-29.36)
72.47-73.83-57.93-72.4813.02-73.85-93.36-85.72/**+^2+/-/,85.72/99.15*-93.36*-73.85**2+13.02+-72.48/-57.93--73.83/72.47
-69.05-97.95--96.02-74.276.5792.9377.95/--^-2.3125.53-1+*,-97.95--69.05-(77.95/92.93-(25.53--2.31)**1-6.57+-74.27*96.02)
-75.65-26.16-13.9/++-78.7-90.47+^2-2.65--38.66-60.3622.13*/,-13.9/-26.16+-75.65+(-90.47**2+-78.7-(2.65-(22.13*-60.36/-38.66)))
15.0158.6297.8735.43-+^1*-+-63.82-^2*24.34^2,(35.43-97.87**1+58.62*15.01-(-63.82**2--88.41*(24.34**2)))
-32.81-18.31-74.73^23.2241.5950.88-39.76-39.785.71/--++/--*,5.71--39.78--39.76-50.88+41.59+23.22/-30.5--74.73--18.31*-32.81
/83.42-60.45-56.19-22.79-35.79+/+**-^1-8.980.0-^-75.77,-35.79+-22.79/-56.19+-60.45*83.42*27.76**1-(0.0--8.98**1)
-79.52-63.13-89.84*-1.34-54.756.91-^52.21+++^-51.04-46.742.2//,(6.91**1--54.75+-1.34)*-89.84**2+(2.2/-46.74)+-63.13/-79.52
79.75+-44.6935.94-98.2747.6879.58+-^1+-^1++^1,79.58+47.68**1--98.27+35.94**1--44.69+-51.02**1+79.75
-12.04-29.3730.7528.08+*+*/7.25*-86.1730.8171.55**/68.23,-12.04-(87.49*28.08+30.75*29.37/(7.25*(71.55*30.81*-86.17/(68.23))))
-60.1151.78-20.01-52.0527.55-17.6771.9638.56-79.13+-/+^2+-/+,-79.13+38.56+71.96/-17.67**2+27.55+-52.05--20.01/51.78+-60.11
20.3523.3**-55.113.2721.76-33.19-94.5763.56-^1-*-^1+,(23.3*20.35*(63.56**1--94.57--33.19*21.76**1-13.27+-55.1))
76.9198.2928.93+*+^182.9889.6591.64^6.9236.3//*/+,28.93+98.29*76.91**1+(36.3/6.92/0.93*91.64/89.65+82.98)
82.83-78.8350.93/60.24-90.9629.8345.3485.19+++^1+-/+/,85.19+45.34+29.83**1+-90.96+60.24+18.84/50.93+-78.83/82.83
-47.32-82.1983.9412.3+/2*--^2-55.99-14.021.83-71.29++-,12.3**2+83.94*-82.19**2-(-71.29+21.83+-14.0--55.99)--47.32
-80.3-30.6545.9450.65-72.11-18.18**++*-21.07-29.35*+/-^2,-18.18*-72.11*50.65+45.94*(-3.27+-29.35/-21.07)+-30.65**2--80.3
-42.33-43.9889.9948.6451.5680.05-18.13-70.18/*+++--*-^-81.43,-49.89*-70.18+-18.13+80.05+51.56-48.64-89.99*-43.98**1--42.33
66.073.01-26.4380.03-99.381.91++-^2--2-^2^2,1.91+-99.38+80.03**2--26.43**2-3.01**2-66.07**2
30.2174.47-52.8445.78-/^^2/-54.1937.7792.5-20.64++^1/,45.78--52.84/74.47**2+30.21/(-20.64+92.5**1+37.77/-54.19)
-83.31-78.59-29.54-+/-88.1710.7544.39*^--17.73-98.1-^2^1,-29.54--78.59+-83.31/(44.39/10.75-(-98.1**2--17.73)+-88.17**1)
-97.17-62.59-18.14-53.0921.0-16.19-66.74----^1+*-/+*,(46.15--35.94**1--66.74+-16.19*21.0--53.09/-18.14+-62.59*-97.17)
-33.34-50.25-43.1--^1-98.03-28.5569.12+*/^1**^1,-43.1**1-(-26.24*69.12**1--28.55*-98.03)--50.25*-33.34**1
17.85-80.2753.0218.7765.14-45.3479.91--^1-^2**-^2,79.91--45.34**1-65.14**2-18.77*53.02*-80.27**2-17.85
75.01-10.92**35.7368.51-^1/-82.95-14.580.46-^2+^-42.54,-10.92*(68.51**1-35.73)*75.01/(0.46**2--14.58**1+-82.95)
52.14-9.2123.89-82.17-39.59-13.06-^-25.48--^2--^2*-59.18,-13.06**1--39.59--82.17**2-23.89--9.21**2-52.14*(-59.18)
-89.286.09-55.764.53-30.4865.11-57.14**+^2/+-+-71.08^2,-57.14*65.11*-30.48**2+64.53/-55.7+6.09--89.28+(-71.08**2)
8.86-76.5374.29-33.9251.9+^1-+^1++^1-17.79/,51.9**1+-33.92-74.29**1+-76.53+8.86**1+(17.79/0.16)
87.71-58.32/-0.3971.61-48.17-35.38-75.76/+/-^1--+^2,-75.76/-35.38+-48.17/71.61**1--0.39-35.13--58.32+87.71**2
88.66-83.74/+^2-5.57-37.265.83-14.0352.23-^-37.26+-^2-,-83.74/88.66**2+(52.23**1--14.03+5.83**2--37.26--5.57)
75.431.1620.2289.2681.552.07+-2-/+^1++44.65-22.0*,(2.07**2+81.55-89.26/20.22**1+31.16+75.4+(-22.0*44.65))
96.9389.1595.9291.16*+-13.12-44.149.77-64.14-59.0652.08-++**+,91.16*95.92-(52.08--59.06+-64.14+49.77*-44.1*13.12)+89.15+96.93
-77.5898.61-15.8776.7179.3471.7473.034.3-96.24+--**-+^2-,-96.24+4.3-73.03-71.74*79.34*76.71--15.87**2+98.61--77.58
98.75-50.3316.47-35.65.36-45.89-59.66-62.883.48/++^1/*//-,83.48/-62.8+-59.66**1+-45.89/5.36*-35.6/16.47/-50.33-98.75
/-65.6899.61-94.0312.04-56.85-95.3241.45-+^2/*^2/+*,41.45--95.32**2+-56.85/12.04**2--94.03/99.61+-65.68*93.23
47.9998.7284.596.35-94.9-14.0677.59-60.34-24.34/*+^2-/--/,-24.34/-60.34*77.59**2+-14.06--94.9/6.35-84.59-98.72/47.99
-33.27-89.2-28.5178.1184.0884.46*//-^2/+++55.97^2,-7.16/84.46/84.08**2-78.11/-28.51+-89.2+-33.27+(55.97**2)
-37.97*-44.86-69.6-45.6691.01**/-^1--87.3783.35-^1,-37.97*(91.01*-45.66*69.6/62.3**1--44.86-(83.35**1--87.37))
-10.56-28.7567.3-89.55-28.09*/-/-56.05--24.83/40.3854.5995.23*+,-28.09*-89.55/67.3--28.75/-10.56-(56.05-(-24.83/(95.23*54.59+40.38)))
-10.07-95.92-86.12-10.8172.3848.1-33.7456.47-/-+^2++^1/,56.47--33.74/48.1-72.38**2+-10.81+-86.12**1+-95.92/-10.07
34.56-96.0777.71----4.4931.01-9.64-/-14.2612.4550.9875.2++--,77.71--96.07-(-9.64/(75.2+50.98+12.45--14.26)-31.01/-4.49)-34.56
92.29-92.7-4.8862.41-++//63.46-9.46-42.39-90.16*/*1^2,62.41--4.88+-92.7/(-90.16*-42.39/-9.46*63.46)**1+92.29**2
8.08-34.22-67.8989.69-71.382.7958.75-40.52+^2/*^2--//,-40.52**2+58.75/2.79**2+-71.38*89.69--67.89/-34.22/8.08
-25.2824.84-/98.4583.63-13.42-33.28//26.7896.91+^1-+*1,24.84--25.28*(-33.28/(96.91**1+26.78)/-13.42-83.63+98.45**1)
-99.3-97.87-9.3275.8/-67.87++^1//-76.03-36.27-34.6*-//,-67.87+21.8**1+75.8/(-34.6*-36.27--76.03)/-9.32/-97.87/-99.3
8.1534.32-72.68-40.7394.7-97.2629.37+-^-28.0/*-*+-66.18+-77.85,29.37+-97.26**1-94.7/-40.73*-72.68-34.32*8.15+(-66.18+(-77.85))
42.72-22.0630.85-6.32-55.61//--2+^2--1.05*/^1,(-55.61/-6.32/30.85**2--22.06**2+42.72-(41.87/-1.05**1))
-46.8816.52-86.7257.93--^2-^79.87--25.41-79.74/*++-32.96,57.93--86.72**2-16.52**2--46.88-(55.21*-79.74+-25.41+(-32.96))
60.59-44.18*+-65.97-50.7-+^1-24.9652.3-90.48-92.64**-,(-44.18*60.59+(50.7-91.19**1+-65.97-(-92.64*-90.48*52.3-24.96)))
-58.18*-^2-*-82.88-5.68-94.88-13.9113.34/*-^1*-61.0,83.58**2--58.18*(13.34/-13.91*-94.88**1--5.68*-82.88)-(-61.0)
-81.1946.997.51-97.8749.43+^2-*/+-13.6130.59--+^1,49.43**2+-97.87-97.51*46.9/-81.19+(54.96-30.59**1+-13.61)
12.7779.9826.96-93.7687.6-36.7664.85/--/99.1788.75-^1-+-,64.85--36.76-87.6/(88.75**1-99.17)--93.76-26.96+79.98-12.77
-91.97-38.13-76.52-87.31-*-32.88-62.35-92.19+^1+++/-*+,-92.19**1+-62.35+-32.88+38.83+-50.64/-87.31--76.52*-38.13+-91.97
40.83-60.74-20.71-72.06*-^2-+7.44-80.0564.78-15.9132.51*+-+,-72.06*-20.71**2--60.74-40.83+(32.51*-15.91+64.78--80.05+7.44)
25.51-71.5187.25-63.7410.24*+^1*+*^98.5454.45/2--17.76,10.24*-63.74**1+87.25*-71.51*(54.45/98.54)**2+25.51-(-17.76)
-27.59-73.78-51.92-26.9788.41-16.63-92.9963.42-+/-+^2++^1,63.42--92.99+-16.63/88.41--26.97**2+-51.92+-73.78**1+-27.59
-72.47-7.68^89.78-1.9-41.1727.87-*/+-^1//89.45^2,27.87--41.17*-1.9/89.78+18.85**1--7.68/-72.47/(89.45**2)
-22.2560.7135.9873.63-74.647.1822.25+^1++++2*/^2,22.25**1+7.18+-74.64+73.63**2+35.98*60.71*-22.25**2
-19.62-95.5-92.0915.06-92.1612.321.84++-^2+^2*++/,(53.58+1.84**2-12.32**2+-92.16*15.06+-92.09+-95.5/-19.62)
25.58-50.9-43.5932.0125.93-56.64-79.6-60.69-+/-^2/+^1/,-60.69--79.6+-56.64/25.93**2-32.01/-43.59**1+-50.9*25.58
-19.7447.19-64.17-66.660.1377.38-65.3-36.3916.038.84+*/+/^+**,8.84+16.03*-36.39/-65.3+77.38/60.13*-66.6+-64.17*47.19*-19.74
94.11-94.89/-10.3435.545.5//-^1*-+-66.738.86-66.1++,5.5/35.54/-10.34**1-30.04*-94.89-94.11+(-66.1+8.86+-66.73)
-50.57-1.2434.65+21.97-78.53*+--^1*--57.3-28.25-^2,-78.53*21.97+-8.06-34.65**1--1.24*-50.57-(-28.25**2--57.3)
-35.22-69.24-5.2494.43-50.25-17.4659.48+-*++^43.582.38/1-*,59.48+-17.46--50.25*94.43+(2.38/43.58)**1+-5.24--69.24*-35.22
-72.62/-46.6335.12/-^263.4392.23-73.835.81-^2/-^2,-72.62/(35.12/-46.63**2-(35.81**2--73.8/92.23**2-63.43))
-92.833.592.75-98.4985.42*-18.510.54-19.11-+++//^2++,-19.11-0.54+-18.51+-23.29+85.42/-98.49**2-2.75+33.59+-92.8
^-51.39-5.48-22.72+*+^1+^110.4391.09-^2^2,-22.72+-5.48*-51.39**1+20.94**1+(91.09**2-10.43**2)
-72.29+-95.9594.0351.91+^1+-^1-69.0473.5148.08/-^1,-72.29+(51.91**1+94.03+-95.95**1-(48.08/73.51**1--69.04))
*80.04-79.25-73.85+-91.55-38.3939.12-^2*+^1/-/-,39.12**2--38.39*-91.55**1+-24.51/-73.85--79.25/80.04--74.9
75.0668.66-38.1532.25-40.8769.95-68.79--+^1*-^-16.98+/33.37,-68.79-69.95--40.87**1+32.25*-38.15**1-68.66+75.06/(33.37)
-54.5664.92-67.41-8.23++++^159.9357.69-/11.35-86.01-34.13/-,-8.23+-67.41+64.92+-54.56**1+(57.69+(-34.13/-86.01-11.35)/59.93)
-48.26-64.13-88.2-98.0148.8317.78**+/*-22.25-90.4487.65-34.98*+/,17.78*48.83*-98.01+-88.2/-64.13*-48.26-(-34.98*87.65+-90.44/22.25)
-62.06-1.9860.3529.99+//*19.64-20.73*-92.7322.8113.4114.91*/-,29.99+60.35/-1.98/-62.06*(-20.73*19.64-(14.91*13.41/22.81-92.73))
97.7667.2210.53-36.73*+-^-60.8*/49.54-77.04^+/-65.34*24.2,-36.73*10.53+67.22**1-97.76/(-35.69+-77.04/49.54)*(-65.34*(24.2))
17.1885.91-28.75-84.85-50.09-31.6424.45+^1^----/22.59+-30.55,24.45**1+-31.64+-50.09--84.85--28.75-85.91-17.18/(22.59+(-30.55))
-56.13-76.9359.13/-*-31.4714.14-3.1798.79/-^1/-3.79-39.0/,59.13/-76.93--56.13*(98.79/-3.17**1-14.14/-31.47-(-39.0+3.79))
-54.79-36.41-78.4371.5942.55-58.25-99.4682.2883.82-+*/*/+--,83.82-82.28+99.46*-74.06/-58.25*42.55/71.59+-78.43--36.41--54.79
-50.97+^1-95.1-/40.4573.271.69/+-+-51.16-39.6+^2,-50.97**1+(-95.1-(71.69/73.2+40.45--57.7+(-39.6+-51.16**2)))
-0.96-4.67-88.12/-44.7799.753.5***--/20.4836.28/-^1,3.5*99.75*-44.77*-40.04--88.12-(36.28/20.48)/-4.67--0.96**1
-80.76-23.33-85.48*87.73-77.53-15.4598.34-14.29-69.9-/----//^,-69.9--14.29/98.34--15.45--77.53-87.73-27.64/-85.48/-23.33--80.76
93.3-^289.9278.28-92.73-86.0951.5643.279.42*/*++^2+,(93.3**2-(9.42*43.27/51.56*-86.09+-92.73**2+78.28+89.92))
-51.88-31.82/--51.6313.2135.1221.8646.11-19.82-84.58*-+/+^2*,-31.82/-51.88-(-84.58*-19.82-46.11+21.86/35.12**2+13.21*-51.63)
-89.63-53.8191.32-**41.58/22.25-16.38+-^1-/-99.8444.6-,91.32--53.81*-89.63*(-16.38+22.25**1-35.28/(44.6--99.84)-41.58)
14.2580.8-30.2546.46----75.07+-11.24-37.55-*+-*9.2558.3+,46.46--30.25-(-37.55--11.24*-62.74+-75.07)-80.8*(58.3/9.25)-14.25
32.62-84.0313.09*-89.45-76.8173.52/-^1-^2-/-24.1460.18+,(73.52/-76.81**1--89.45)*13.09**2--84.03-(60.18+-24.14)/32.62
7.1113.68-+-15.78///-35.03-44.8980.01-83.38-^1+^1*,(13.68-(54.55/-15.78)*7.11/(-83.38**1-80.01**1+-44.89*-35.03))
36.7644.7977.15-54.7279.16/*+-/16.3-31.7356.85-^2+^2,79.16/-54.72*77.15+44.79-(56.85**2--31.73+16.3)/36.76**2
30.02-15.27-+^1-71.83+^1^-56.26-56.58-38.64*+++,-15.27-30.02**1+(-71.83**1+(-38.64*56.58+8.93+-56.26+66.71))
-65.7933.89-+*^-8.82-31.28*2-51.2171.1+^1+^143.43,33.89--65.79*(-31.28*-8.82)**2+(71.1**1+-51.21**1+(43.43))
91.5417.32*-^161.13-63.66-39.6395.94*-+^2--40.74+/,17.32*91.54**1-(95.94*-39.63--63.66**2+61.13-(-40.22/-40.74))
-48.91--99.99-93.3883.33-81.49-19.36-78.27*--*--+^83.43^1,-78.27*-19.36--81.49-83.33*-93.38--99.99-17.65**1+-48.91**1
-42.74-2.59-18.61-72.35-59.198.76-85.64-^1+-++^2/^2,-85.64**1-8.76+-59.19--72.35+-18.61**2+-2.59/-42.74**2
-31.37--43.77-85.48-70.0699.8778.6137.54*+^2+/+^2^2,-31.37-(37.54*78.61**2+99.87+-70.06/-85.48**2+-43.77**2)
83.37-42.09/-69.9795.16-42.0644.6997.76--^1+^2/**-,97.76-44.69**1--42.06**2+95.16/-69.97*87.05*-42.09-83.37
-37.11^26.92-23.7-/-88.19*+39.762.31-95.32-*-*86.77^1,-37.11+(-23.7-26.92/(-88.19*(-95.32-62.31*39.7-1.49*(86.77**1))))
-95.1519.35-36.4134.32-**-^21.7898.05--84.93+^1--1,(34.32--36.41*19.35*-95.15-(-84.93**1+91.94-98.05-21.78)**1)
*85.7191.4997.5288.8558.92-88.5190.04-47.94/*-+-*--^1,-47.94/90.04*-88.51-58.92+88.85-97.52*91.49-85.71-20.99**1
92.73-29.465.82+/-15.32-97.72+---51.56-93.84-55.9*65.84/+/+,(65.82/(-97.72+-15.32)+-29.4-92.73-(65.84/24.33+-55.9/-93.84+-51.56))
95.98--92.1627.33-9.65-90.0583.8242.45-47.56-^21.83--^1-*-,95.98-(-47.56**2-42.45-83.82**1--90.05--9.65*27.33--92.16)
21.26-29.0262.1-/-54.25-53.46-48.286.1650.81+-^2+-^1-,62.1/(50.81+86.16**2--48.2+-53.46**1--54.25)--29.02-21.26
57.88-17.9559.68-87.0970.88.5735.57/-*-71.85-78.99/-++/^1,35.57/8.57*(-78.99/-71.85)-70.8--87.09+59.68+-17.95**1-57.88
-8.28-31.71-/-45.09-32.69-91.43-5.92*-77.81-98.98++^2****,-31.71--8.28/(-98.98+-77.81**2+-86.36*-5.92*-91.43*-32.69*-45.09)
-46.516.8128.4929.4553.87-58.187.3**-^1*^/+-10.7948.43+,7.3*-58.18*53.87**1-29.45*28.49/16.81/-46.5+(48.43+-10.79)
-72.39-76.48-21.7-50.37-++*2^-89.4468.7789.78/-^22-,-50.37--21.7**2+(89.78/68.77**2--89.44)**2+-76.48--72.39
-64.78-20.4782.6530.85/*-^2*---77.11-76.31*-40.23^2,30.85/82.65*-20.47**2--64.78*(-93.16-(-76.31*-77.11-(40.23**2)))
-44.6556.0915.8382.68//*/-64.01-68.9*95.01-80.16---68.84^1,82.68/15.83/56.09*-44.65/(-64.01-(68.9*(-80.16-95.01-(-68.84**1))))
4.71-19.64-55.32-13.07-14.4223.73*+**---6.16^-27.43-^2+,23.73*-14.42+-13.07*-55.32*-19.64-4.71-(-27.43**2-34.13+-6.16)
34.35-11.27-29.15-90.4874.2610.0312.9110.5143.3212.61*-++-/**+,12.61*43.32-10.51+12.91+10.03-74.26/-90.48*-29.15*-11.27+34.35
31.2421.98-^1/38.9839.1782.07-57.75*-+^1*-90.0145.47/,(21.98**1+(-57.75*82.07-39.17**1+(45.47/-90.01)*38.98)/31.24)
-28.2-90.96+12.37--^61.04//-88.66+^1-41.249.34+^2,12.37-53.1**1--90.96/-28.2/(-88.66**1+(9.34**2+-41.24))
95.59-27.83+17.217.1283.46-22.8817.47-+^1/-//+^1,(17.47*-22.88**1+83.46/7.12-17.21/12.91/-27.83**1+95.59)
57.08-2.2613.057.6768.3887.54-2.8724.99-14.73+^1+/-+/+*,(-14.73**1+24.99+-2.87/87.54-68.38+7.67/13.05+-2.26*57.08)
-76.7549.81-47.42-65.7661.41-56.14-87.18-4.35*+-/--^1-^2,-4.35*-87.18+-56.14-61.41/-65.76--47.42**1-49.81--76.75**2
-47.37^^-54.9381.91-80.2714.7-71.54/++^2+/+^2/,-71.54/14.7+-80.27**2+81.91+-54.93/-49.27**2+-21.14/-47.37
-7.21-40.03-25.287.8711.4734.25-62.42+^1--+^2-+^1,-62.42**1+34.25-11.47-7.87**2+-25.28--40.03+-7.21**1
96.06-54.4351.4816.96-17.12***+-^173.866.52+^1+-48.38,-17.12*16.96*51.48*-54.43+96.06**1-(6.52**1+73.86+(-48.38))
53.37-46.6632.34-28.93-27.05-38.04-31.69-68.03+^2**+^1/*-,-68.03**2+-31.69*-38.04*-27.05**1+-28.93/32.34*-46.66-53.37
0.534.64-86.9946.1386.7396.420.2+-//-27.05-93.8+-/*^2,20.2+96.4-86.73/(-93.8+-27.05)/46.13--86.99/34.64*0.5**2
76.79-9.55-83.55/-/-77.7648.16-24.1985.7463.33-/*/-^2/,(-83.55/-9.55-76.79/(60.2/63.33*85.74/-24.19**2-48.16/-77.76))
-36.46--^1+99.3994.96*-45.39-16.56-3.3523.83-^2-/,-5.45**1--36.46+(94.96*99.39-(23.83**2--3.35--16.56/45.39))
-56.4638.871.11-0.5618.84-23.9341.15-67.89^-+*---+^2*,(38.24--67.89-41.15*-23.93-18.84--0.56-71.11**2+38.8*-56.46)
-47.81-44.7358.1-29.07-77.45-72.95--+^2-+^2++2-39.81,-72.95--77.45--29.07**2+58.1--44.73**2+-47.81**2+(-39.81)
-91.0138.261.664.88--35.22-64.6532.142.65//*-^1/-^1,(42.65/32.1/-64.65*-35.22)-4.88**1-1.66/38.26**1--91.01
29.16-44.25+^2/-92.16-52.0427.96++-89.07-^271.45^2,-44.25**2+29.16/(27.96+-52.04+-92.16-(89.07**2-(71.45**2)))
4.06-66.2885.9-70.65--/+^1-46.842.66^-1.4+-^2-,-70.65-85.9--66.28/4.06**1+(-1.4+-35.23**2-2.66--46.84)
-14.13-73.49+10.66-*--^2-4.32-82.8467.8/+--41.21^1,10.66--62.1*-73.49--14.13**2-(67.8/-82.84+-4.32-(-41.21**1))
-78.7441.6-+87.97-84.17-73.04**-*-14.64-46.2634.86*-^1,41.6--78.74+(-73.04*84.17*52.66-87.97*(34.86*-46.26**1--14.64))
82.7476.0-8.69-6.38*60.370.79-27.98-^1**+^2///,-27.98**1-0.79*60.37*34.68**2+-6.38/-8.69/76.0/82.74
-0.33-1.43-83.74/*-58.01-3.4865.87-13.65-^1-+^1--42.68,-83.74*(-13.65**1-65.87--3.48**1+-58.01)/-1.43--0.33-(42.68)
-68.088.17*-*-^2/-78.1413.71-99.6589.1291.3-^1+,-60.26-8.17*-68.08**2-(13.71--78.14)/(91.3**1-89.12+99.65)
/72.6748.0699.01-43.74-62.9482.46*+/*-**27.0718.92-99.95//,82.46*-62.94+-43.74/99.01*48.06-72.67*42.22*(-99.95/18.92/27.07)
-40.5-71.6436.0--**-15.33-72.04*8.2211.0724.38-29.4+^2-*,36.0--71.64--40.5*(-72.04*-15.33)*(-29.4**2+24.38-11.07*8.22)
-11.9277.55-50.03-92.09+*-86.58-97.72-8.42-47.9864.74/*/-^1-+,-92.09*(64.74--47.98*-8.42/-97.72**1--86.58)+-50.03-77.55+-11.92
-32.26-97.2794.21-69.39*79.415.48-73.41-84.9482.5/*-/+/*//,82.5/-84.94*-73.41-15.48/79.4+-26.42/-69.39*94.21/-97.27/-32.26
-21.45-^-94.074.81/-4.18+^1-10.4971.3371.63-25.268.82++//,-21.45**1-(4.81/(-4.18**1+(8.82+-25.26+71.63/71.33/-10.49)))
70.62--35.99-16.74-19.87-82.31-55.82-79.06-//-^2+//^2,-79.06--55.82/-82.31/-19.87**2--16.74+-35.99/-57.67/70.62**2
94.2974.62-5.37-82.85-*-31.17+^2*/*-^2-61.0935.03+,(-31.17**2+-87.41)--82.85*-5.37/74.62*94.29**2-(35.03+-61.09)
43.99-48.177.4923.69-37.01--++^1-^118.36-94.8628.98--,-37.01-23.69-77.49+-48.1**1+43.99**1-(28.98--94.86-18.36)
-4.0713.057.17-88.75++-70.310.26-7.8-95.0-/-/+^2^1,-88.75+(-95.0--7.8/0.26--70.31)+7.17/13.05**2+-4.07**1
25.7316.25-92.0--/63.027.821.219.3952.76+^1*--^2,-92.0-16.25-25.73/(52.76**1+19.39*21.2-7.8**2-63.02)
-38.894.371.3144.7153.5742.17^50.62*+--^1++*/65.92,50.62*-72.52+42.17-53.57**1-44.71+71.31+4.3*-38.89/(65.92)
-1.58-19.1923.75*---5.51-75.998.46-29.2715.81*+^2++^1,(23.75*-19.19--1.58-(15.81*-29.27**2+98.46+-75.9**1+-5.51))
-76.5872.7564.25-28.9511.0447.48-24.37-82.07-34.33^/+--+^1*-,-34.33--82.07/-24.37+47.48-11.04--28.95**1+64.25*72.75--76.58
-55.61-^72.14-22.4361.4417.5996.3--^1--2/0.3988.99+,(96.3-17.59**1-61.44--22.43-72.14)**2--55.61/(88.99+0.39)
34.5729.7645.5977.02/93.5732.16-39.254.37+/+-^1//+*,4.37+-39.25/32.16+93.57**1--59.15/77.02/45.59+29.76*34.57
6.99-60.9-52.3365.8292.74---^2/*98.92-87.6275.9880.83/*/,92.74-65.82--52.33**2--60.9/6.99*(80.83/75.98*-87.62/98.92)
31.85-45.3640.3-22.14-20.83-^1*/--^-7.3794.92/-2,-20.83**1--22.14*40.3/-45.36-(94.92/7.37--49.22)**2-31.85
42.4977.31-81.1610.12^-98.24-39.38-71.4495.24+-^2*-+-**,95.24+-71.44**2--39.38*-98.24--70.23+10.12--81.16*77.31*42.49
-30.86-63.5-16.8233.0666.89-72.17**--22.79-12.37+-+^2*^1,-72.17*66.89+(-12.37+-22.79)+33.06--16.82**2+-63.5*-30.86**1
-65.98-6.04-36.88-41.43-29.8857.65-36.07-80.1/++-^1+--^1,-80.1/-36.07/57.65+-29.88**1--41.43+-36.88--6.04**1--65.98
97.1574.56-36.5874.515.5-57.88-84.549.82//+^1++^2-+,9.82/-84.54/-57.88**1+5.5+74.51**2+-36.58/74.56+97.15
-27.81-^2-82.25-49.624.62-17.3459.2321.91--^2+*-^2,(-27.81**2-(21.91-59.23**2--17.34+4.62*-49.62**2--82.25))
3.686.7-62.87-41.4331.34-52.33+*+^45.57*+-6.69-^210.78,-52.33+31.34/-41.43**1+-62.87*6.7+3.68-(6.69**2-(10.78))
70.0639.29++-15.5325.9191.84-+--61.3141.3296.67-+^1^1,39.29+70.06+(91.84-25.91+-15.53-(96.67-41.32**1+-61.31**1))
58.5931.5912.23-90.2-+++^244.33-69.57+^2--31.575.52*,-90.2-12.23+31.59+58.59**2+(-69.57**2+44.33-(5.52*-31.57))
-68.53+62.56-96.4198.1573.36-59.28-10.38/*++-+-/-39.55-56.17*,-10.38/-59.28*73.36+98.15+-96.41-62.56+47.28--68.53/(-56.17*-39.55)
27.5997.54-30.62-^/-60.8953.19++^-30.2184.75-4.99-66.25+*/2,-30.62-97.54+27.59/(53.19+-60.89+(-66.25+-4.99*84.75/-30.21)**2)
-71.28++37.01*/51.0162.26-9.28-29.53*-^1+^1^-36.56,-71.28+(37.01*-54.16/(-29.53*-9.28**1-62.26**1+51.01**2))
34.6124.11-75.366.15-44.09-20.64-6.2-19.68//*//*7.019.3**-,-19.68/-6.2/-20.64*-44.09/66.15*(9.3*7.01)/-75.3*24.11-34.61
-13.5415.926.59-+--59.3851.9483.4675.84-99.6110.81-79.48*-/**-,6.59-15.92+-13.54-(-79.48*10.81--99.61/75.84*83.46*51.94--59.38)
/-49.9288.25-21.65-67.27-/-^1**88.8219.47//-77.2593.26/,-67.27--21.65/88.25**1--49.92*37.69*(19.47/88.82/(93.26/-77.25))
-87.8234.12-60.93^20.88/+^2-^2-^2-68.59^1,(20.88/72.59**2+60.93)-34.12**2--87.82**2-(-68.59**1)
50.96-22.99-95.0335.06-59.4721.4-57.88-63.8738.745.71+-****+/*,45.71+38.7--63.87*-57.88*21.4*-59.47*35.06+-95.03/-22.99*50.96
24.78-96.6816.85-62.2874.7110.74-42.27+^2++-/^1-^2,(-42.27**2+10.74+74.71+-62.28-16.85**1--96.68**2-24.78)
-19.6687.05-9.34-43.5768.04-79.6838.73+*+^2----97.9429.03/,38.73+-79.68*68.04**2+-43.57--9.34-87.05-(29.03/97.94)--19.66
^35.14-53.2168.928.02--93.0-16.57/*+++^2-^11,(-16.57/-93.0*92.77+8.02+68.92**2+-53.21**1-35.14)**1
-59.2137.6882.2582.96-72.12-23.27-43.6186.08-80.884.95-++//----,84.95--80.8+86.08+-43.61/-23.27/-72.12-82.96-82.25-37.68--59.21
50.81*-53.64-81.86-88.05-81.14-*-^1--^2//50.39,81.14--50.41*-88.05**1--81.86--53.64**2--73.13/50.81/(50.39)
-67.28+-47.1847.07*+-3.7520.0459.2982.9438.42-19.37/--2*-+,(-67.28+(47.07*-47.18+(-19.37/38.42**2-82.94*59.29-20.04+-3.75)))
9.63-23.979.1165.67/**-67.03-21.45-60.292.35-91.9-*+/+-,65.67/79.11*(-91.9-92.35*-60.2+21.45/57.51+-67.03)*-23.9-9.63
12.413.13-53.17-36.62-75.9779.25+*/-**97.26-41.3236.54-*/-79.47,79.25+-75.97*-36.62/-53.17-3.13*(36.54--41.32*97.26)*12.41/(-79.47)
98.68-7.292.666.94-96.05-^1*-^1++55.81-39.65+**,-96.05**1-6.94*2.66**1--7.29+98.68+(18.74*-39.65*55.81)
-77.19-65.29-43.258.42-62.9570.56-13.4-10.34-9.29+*-+^2/-+-,-9.29+-10.34*-13.4-70.56**2+-62.95/8.42--43.25+-65.29--77.19
-80.9857.7694.3387.31/+-+-71.42-48.54-++-74.1591.32--+1,87.31/94.33+57.76--80.98+(-48.54+(88.45-91.32+-74.15)**1--71.42)
93.69+37.21-65.93-49.0645.29^88.0155.7-+^1*+++^2,(93.69+(55.7-88.01**1+-74.71*45.29+-49.06+-65.93**2+37.21))
47.28/-80.32--35.7252.83//-*4.9329.8829.58-19.01-66.73/+**,47.28*(52.83/-35.72/-23.68--80.32*(-66.73/-19.01+29.58*29.88*4.93))
37.64-91.2189.31+^1/-^184.3188.48-^1++^2,89.31**1+-91.21/37.64**1-(88.48**1-84.31+(-32.12**2))
45.87-53.05-50.11--^1-94.64-39.7787.35-57.8538.46/-^+-^1,-50.11**1-(38.46/-57.85-87.35+-39.77+-94.64)--53.05**1-45.87
-4.4893.4148.0599.6-63.7463.53/*+-/+67.47-30.05-60.17+-^2,63.53/-63.74*99.6+48.05-93.41/-4.48+(-60.17+-30.05-67.47**2)
64.7295.591.09-22.98/15.5620.3246.4164.03*/*+^1++-+,64.03*46.41/20.32*15.56**1+-27.6+-22.98+91.09-95.5+64.72
-40.72-87.65-26.94-43.0250.7345.9830.747.0940.18+*/-+**/^2,40.18+7.09*30.74/45.98-50.73+-43.02*-26.94*-87.65/-40.72**2
32.89--62.1319.75+-+^297.15-51.43-+-^2-29.75^1,19.75+-62.13**2+(-51.43-97.15)--34.42+32.89**2-(-29.75**1)
4.96-5.78-52.1895.97-33.36-39.0465.0935.0757.3-*+*--^1//,57.3-35.07*65.09+-39.04*-33.36-95.97**1--52.18/-5.78/4.96
26.51-56.59-46.55-67.19-92.74/+-^2-*^18.023.3855.01--1,-92.74/-67.19+-46.55**2--56.59*(55.01-23.38-18.0)**1-26.51
-77.66-1.82-70.4648.01-29.6491.7926.35-/*-/-91.99-29.4314.93/*--,26.35-91.79/-29.64*48.01-(14.93/-29.43+-91.99)/-70.46--1.82--77.66
1.3271.03-35.14-6.05*63.2-3.6119.84--/+^19.83+-^1*,19.84--3.61-63.2/-38.15**2+-6.05+-35.14**1-71.03*1.32
31.5138.2394.53+/+^110.06-23.75---69.89--51.79-76.99-^2,94.53+38.23/31.51**1+(-23.75+10.06-(-69.89-(-76.99/-51.79**2)))
-91.07-8.77-53.08-58.280.9314.7337.51^64.4++/--+-^2-,64.4+12.34+37.51/14.73-80.93--58.2+-53.08**2--8.77--91.07
54.78-17.31+/-65.01-15.9421.28-52.1643.98--++^1**96.49-,-17.31+(43.98--52.16-21.28+-15.94**1+-65.01)/54.78*(96.49--22.0)
17.23-2.07-23.21^-92.3988.7-5.8224.95*+---+^1^2,(24.95*-5.82+88.7-92.39)-64.0--23.21--2.07**1+17.23**2
-34.5429.82-74.56-59.65-34.6331.63-29.61--^1+--^2*-^,-29.61-31.63**1--34.63+-59.65--74.56**2-29.82*-34.54-(-22.52)
-11.6286.123.7130.0-58.57-16.88-4.2242.38-9.81/+***-+/^2,-9.81/42.38+-4.22*-16.88*-58.57*30.0-3.71+86.12/-11.62**2
-36.45-45.2125.0490.71^+*-+-15.4997.6528.28-23.55/*-+-51.77,(-54.96+90.71*25.04--45.21+-36.45-(-23.55/28.28*97.65-15.49+(-51.77)))
-64.66-51.91-37.76-82.1*+*+-45.3486.85-62.7466.8596.06+//-^46.74,(-82.1*-37.76+-51.91*-64.66+(96.06+66.85/-62.74/86.85**1--45.34))
-1.9727.08-61.5-60.858.25+*+/++^2+^1+^1,-56.71+91.61/58.25+-60.8**2+-61.5**1+27.08**1+-1.97
84.45-83.3514.7377.26-83.96/*/-73.38.74-4.7760.5240.4/-/+/-,-83.96/77.26/(40.4/60.52--4.77/8.74+-73.3)*14.73/-83.35-84.45
33.4256.8125.15*^*-46.891.73-87.3667.86-3.1-79.25+-^1+**,25.15*56.81+33.42*(-79.25+-3.1**1-67.86+-87.36*1.73*-46.89)
57.4497.74-13.61+/-86.85.94+^2/-+-16.0787.66+13.3465.24*,-13.61+(5.94**2+-86.8)/97.74/57.44+(87.66+-16.07)-(65.24*13.34)
-30.66/-73.3846.7317.229.67-30.1590.96-92.79/++^-58.05-+^2-,-30.66/(-92.79/90.96+-30.15**2+9.67-17.22**2+46.73--73.38)
-66.2179.0+-^2^-75.64^-42.1989.69-^2*-^11,79.0**2-(89.69**2--42.19*-51.54**1--75.64)**1+-66.21
-9.97--33.43+96.81-51.636.5647.1629.2285.59**-^1+^1-,-9.97-(-33.43+(85.59*29.22*47.16**1-6.56**1+-51.63-96.81))
-51.1737.74+-30.29-55.4714.28-77.83-64.67-/+/-/35.6469.87++88.49,(-64.67--77.83/14.28+-55.47/-30.29)+37.74/(69.87-35.64)--51.17+(88.49)
80.36-73.292.99-64.9978.8295.0143.1733.625.63/+*+^1/+--,25.63/33.6+43.17*95.01**1+78.82--64.99+2.99--73.29-80.36
^-98.2-46.57-11.3154.4684.64-21.6-^1/---^2-*,21.6**1-95.32/84.64-54.46--11.31**2--46.57--98.2*33.41
23.87/71.98*-63.42/46.13-2.9561.0993.2+-^2+/**9.36,23.87/(71.98*(93.2+61.09**2--2.95+46.13/-39.94*-63.42*(9.36)))
77.63/-16.02-68.21-4.5292.1142.0339.36/+-++^1*32.8145.99/,77.63/(39.36/42.03-92.11--4.52+-68.21**1+-16.02*(45.99/32.81))
31.09-35.4261.5569.37-18.4919.21+^83.97*-+-26.27-94.76*+^1+,19.21**1+-18.49*69.37+(-94.76*-26.27)-61.55**1+-35.42+31.09
-70.63-6.01-32.27-5.4782.711.49/-37.65+-^2+^1+/**,-37.65+58.19**2-1.49**1+82.71+-5.47--32.27*-6.01*-70.63
79.6546.7883.21-89.19-++^2--95.6496.6774.14-+*22.27-9.86-,-89.19-83.21+46.78**2+79.65-(74.14-96.67+-95.64*(-9.86-22.27))
29.2388.640.02-33.95-67.94++^2-^1-+46.0-92.58-^2,-67.94+-33.95**2+40.02**1-88.6+(-92.58-46.0)-29.23**2
13.39-69.670.15*//83.4641.1373.81-37.55-20.86-77.68-85.7*-/-*/,0.15*-69.67/13.39/(-85.7*-77.68--20.86/-37.55-73.81*41.13/83.46)
64.31-70.47/82.095.28-91.24+/*0.5832.9378.81//+-+^2,-91.24+5.28*(78.81/32.93/0.58)/82.09+-81.49--70.47**2+64.31
-86.1667.21-36.5183.69-70.1991.4730.34-73.2174.28*--///-^1,(74.28*-73.21-30.34-91.47*70.19)-83.69/-36.51/67.21**1--86.16
-3.88-0.5489.05-68.1271.45-90.81-36.56-71.6546.81/-*--+-^2,(46.81/-71.65-36.56)--90.81*71.45--68.12-89.05--0.54--3.88**2
83.4332.192.9591.766.15-60.8612.23//11.49-89.08**++-+-,12.23/(-89.08*11.49)/60.86*-16.17+6.15+91.76-92.95*32.1-83.43
-14.51-51.83-43.75-41.91-28.1132.33-35.19-38.9*-++^2-^1*/,(-38.9*-35.19-32.33+-28.11**2+-41.91**1--43.75*-51.83/-14.51)
99.06-61.48-^1-^128.83/71.12-76.7-22.79-32.89*-*^2,-61.48**1-99.06**1-(28.83/(-32.89*-22.79--76.7*71.12**2))
/-80.94-91.62-60.05+//-31.74/39.1451.3++^2-80.67^1,-60.05/-91.62/-80.94/-74.5-(31.74/(51.3+39.14**2+(-80.67**1)))
-20.4155.151.62+-31.3736.7567.032.41+^1--/-**-80.58,32.41**1+67.0-36.75--31.37/79.92-1.62*55.15*-20.41-(80.58)
-76.24-96.49-47.64+7.0766.9-78.3316.0110.89-^2-^1**+-,(10.89**2-16.01**1--78.33*66.9*7.07)+-47.64--96.49--76.24
84.4858.23.32-40.713.5--+-*5.0735.9455.05+^1++53.28,3.5*-40.71-3.32+58.2-84.48*(55.05**1+35.94+5.07+(53.28))
36.19-13.2424.95+^2/+2.5741.86-69.68/++^1/^1,24.95**2+(-69.68/41.86+2.57**1+-57.81)/-13.24/36.19**1
-33.75-53.1447.59-4.43-78.03*-*52.56-74.2753.22++^1+^2*,-78.03*-4.43-(53.22+-74.27**1+52.56)*47.59**2+-53.14/-33.75
-6.28-7.3--75.0799.09-84.11-34.23**--^1++^2*/,97.33*-34.23--84.11**1-99.09+-75.07**2+-75.63*-7.3/-6.28
43.8922.44-5.13-32.35-26.1352.52-93.4215.22*++^2-*/-^1,15.22*-93.42+52.52**2+-26.13--32.35*-5.13/22.44**1-43.89
12.14-93.417.0-28.326.0187.72++*---^*64.77*30.46/-30.76,87.72+26.01+-28.3*17.0--93.4-(64.77*12.39)**1-12.14/(-30.76)
-3.96-39.41+-29.89*++^1+57.64-12.8229.15-^-^1-2.36,(70.25+-29.89)+-39.41**1+-3.96+(29.15--12.82/57.64**1-(-2.36))
-41.8980.2586.584.79-27.83-77.39-90.05*-/--+*+^2^1,-99.56--90.05/-77.39--27.83-4.79+86.58*80.25**2+-41.89**1
74.1112.0426.79-95.15-47.1841.1179.1232.68/+--///--73.41-73.48/,32.68/79.12+41.11--47.18--95.15/26.79/12.04/74.11-(-73.48/-73.41)
53.82-96.95-90.3-1.06-88.36-50.4191.27-60.25+/-^1+//-*-33.04,-60.25+91.27/-50.41**1--88.36+-1.06/-90.3/-96.95-53.82*(-33.04)
-58.12/-70.2110.42-29.59.18-61.9241.45*+^2*-^1+*-,-58.12/(-2.82**2+41.45*-61.92**1-9.18+-29.5*10.42--70.21)
-79.3472.1738.58-26.7564.37-2.7924.94-60.7560.33/-++-//-^1,60.33/-60.75-24.94+-2.79+64.37--26.75/38.58/72.17--79.34**1
77.2548.97-95.02-29.2550.04--^2+//*-27.6185.16-89.2-+,50.04-29.25**2--69.61+-95.02/48.97/77.25*(-89.2-85.16+-27.61)
30.8326.820.15-60.5868.2814.782.0830.8664.07-77.66/+---*-/*,-77.66/64.07+30.86-2.08-14.78-68.28*-60.58-20.15+26.8*30.83
36.5817.26/+-56.9983.62**/-1.1659.2880.82-26.64+*--^1,(83.62*-56.99/(-26.64+80.82*59.28--1.16)*-97.4)/17.26**1-36.58
-10.518.3933.83-95.74-+-^1-86.91^-*-2.36-93.45+^2,-95.74-33.83+18.39**1--10.5-(78.36-86.91*(-93.45**2+-2.36))
60.06-63.65-13.32-90.1858.01-80.1-33.0165.43-37.22/+*+^2*//-,-37.22/65.43+-33.01*-80.1**2+58.01*-90.18/-13.32/-63.65-60.06
-48.5621.92*90.5378.34-19.54-23.13-17.51+^2+*-*--^2,-17.51**2+-23.13+-19.54*78.34-90.53*-77.67-21.92**2--48.56
-74.11*21.1252.5790.71-44.12---^6.9954.24-4.28-96.14*-*1+,(-74.11*(-44.12-90.71-(-96.14*-4.28-54.24*6.99)**1-52.57+21.12))
-74.92-92.26+*20.238.8-56.84-26.96-98.5854.38-^2+-^2*/,-92.26+-74.92*(54.38**2--98.58+-26.96**2--56.84*8.8-20.23)
-76.5120.59-65.1280.27-89.5634.48-51.71-+//*+-76.56-9.84*+/,-51.71-34.48+-89.56/80.27/-65.12*20.59+-76.51-(-49.04+-9.84*76.56)
-16.07-38.92-15.7236.71-29.2-92.02-6.666.0*/+*-^2-+^1,6.0*-6.66/-92.02--29.2/36.71**2--15.72--38.92**1+-16.07
70.1-65.83-64.893.816.0858.82-64.4773.16-*+-+/-^2^2,73.16--64.47*58.82+16.08-93.8+-64.8/-65.83**2-70.1**2
84.32-43.5589.37-31.32-93.643.69-^1-^2-^2*-+2,43.69**1--93.6**2--31.32**2-89.37*-43.55**2-84.32
0.61-26.83-55.7**-1.4-23.5165.36+--^2+^2*-/,65.36+-23.51--1.4**2-87.88**2+89.33*-55.7--26.83/0.61
20.85-57.86-9.988.64-18.9--9.3974.1-99.11/+/+/-/+^2,-99.11/74.1+-9.39/37.02+-18.9/8.64--9.98/-57.86**2+20.85
60.63**59.95-4.94-16.438.8585.53-45.8--/*61.61-63.98++/+,60.63*(-45.8-85.53-38.85*(-63.98+61.61)/-16.4+-4.94/59.95+-57.62)
-55.92-16.0471.823.78-80.810.3524.65-2.32-+^1*+^2--+,-2.32-24.65**1+0.35*-80.81**2+3.78-71.82--16.04+-55.92
-76.07-85.2823.16*/+-32.85-53.2865.66-57.57++^2+*-92.734.87+,23.16*-85.28/-76.07+(-57.57+65.66**2+-53.28+-32.85/(4.87+-92.73))
-19.7339.55-43.35-67.95/^2+--^-91.45-85.2953.64-17.65*//1,-67.95**2+-43.35+39.55--19.73-(-17.65*53.64/-85.29/-91.45)**1
40.5141.7-23.0488.383.46-5.17-13.75-18.29-76.22--/+-^1/-+,-76.22--18.29--13.75/-5.17+83.46**1-88.3/-23.04/41.7+40.51
35.5384.9353.38//-*42.49-68.61*19.37-84.5457.3152.94--+^1,53.38/84.93-35.53-(-68.61*42.49)*(52.94-57.31--84.54**1+19.37)
56.42-67.265.7951.44^66.83-78.32/-^1-^2/-+*90.16,-78.32/66.83**1--92.14**2-51.44/5.79--67.26+56.42*(90.16)
66.5611.56/*25.81-79.14-30.1198.89-^1/-21.687.2250.76+*-*,11.56/66.56*(98.89**1-(50.76+87.22*-21.6)/-30.11--79.14*25.81)
88.25-25.6313.2959.1153.7173.27-28.75--/^2*/+^1^2,-28.75-73.27-53.71**2+59.11*13.29/-25.63**1+88.25**2
^-97.71-8.6769.227.9845.42-62.45-51.82-/++^1-^2/-,-51.82--62.45/45.42+27.98**1+69.2**2--8.67/-97.71--86.25
78.4-54.54-4.168.532.7-43.4451.1299.24/-/-^2/*+^1,99.24/51.12--43.44/2.7**2-68.53/-4.1*-54.54**1+78.4
60.51-^1-58.96--93.6654.23-14.22-*+^146.4883.091.52+^,60.51**1-(-58.96-(-14.22/54.23*-93.66**1+(91.52+83.0/46.48)))
-22.98+^1-64.7359.02/++/31.0538.67-76.39-91.37+^1*-,(-22.98**1+(-96.24+59.02+-64.73/(-91.37**1+-76.39*38.67-31.05)))
-91.5143.79-35.79-92.34-89.4*/^+^1+-56.35-64.7537.66-^2*,-89.4*-92.34/-35.79/43.79**1+-91.51+(37.66**2--64.75*-56.35)
76.350.64-5.67*/-/44.57-19.55-88.26-15.1881.84+^1++/+,-11.33/-5.67/(81.84**1+-15.18+-88.26*-19.55/44.57)-0.64+76.35
41.16-80.54---28.8325.14+/-/1+-49.5147.7315.31**^2,(25.14+-28.83/-80.37)--80.54**1-41.16+(15.31*47.73*-49.51**2)
-60.06+-31.93-51.34-94.5922.92/-91.1--/+/-+*5.6952.77/,-91.1--87.49-22.92/-94.59+-51.34/-31.93-24.7+-60.06*(52.77/5.69)
-13.5-36.58/+74.05-37.192.92-21.59-+^2*--64.85+-28.67-8.41+,-36.58/-13.5/(-21.59-92.92**2+-37.1*74.05-(-64.85+(-8.41+-28.67)))
-82.1279.04-10.78^/-19.6918.5345.62/-*94.2136.95-65.55-60.19-/+,-10.78+79.04/-82.12-(45.62/18.53-19.69*(-60.19--65.55/36.95+94.21))
28.98-10.73-47.0768.97+3.16-*-49.699.5+^1/-^1*/,3.16-(99.5**1+-49.6)*-57.38/68.97**1--47.07*-10.73/28.98
66.88-26.24^40.81--^1+-^2-46.165.7474.3131.55+-+,40.81-71.87**1--26.24+66.88**2-(31.55+74.31-5.74+-46.16)
49.56-51.22-41.98^++*-82.5137.8173.61-10.65-29.43*-^1-/*,-30.29+-41.98+(-29.43*-10.65**1-73.61-37.81/-82.51)*-51.22*49.56
-41.5180.17--^2-20.63-32.3845.97-98.14-23.9444.4552.15-+-*/*,(80.17--41.51**2-(52.15+44.45+-23.94--98.14*45.97/-32.38*-20.63))
-76.4-70.1999.96-+^2/-87.33-38.0158.5168.75+--2*/-,-7.53**2+(68.75+58.51**2--38.01*-87.33)/99.96/-70.19--76.4
63.4363.14+/-24.53-96.1-22.51/*-/+-/20.83-74.11+^1,-22.51/-96.1*-24.53--40.03/-12.35+63.14/(-74.11+20.83)-63.43**1
37.38-25.41-*76.3293.1172.6492.2715.3579.33-38.13**+-*/^2,-25.41-37.38*(-38.13*79.33*15.35+92.27/72.64*93.11/76.32**2)
35.166.146.08-88.81*-/-56.62/-64.96-*+/55.74-43.13/^2,-88.81*6.08*(-64.96-18.08*-56.62)-6.14+35.16/(-43.13/55.74**2)
8.2168.951.63-75.17-40.05-91.23-45.330.01+-+^1-+++-,0.01+-45.33--91.23**1+40.05-90.05+-75.17+51.63+68.9+8.21
-51.5-75.16-1.13-90.34-61.647.75+74.26-1.93+++-+*--98.23^2,(-1.93+74.26)+7.75--61.64+-90.34--1.13+-75.16*-51.5-(-98.23**2)
57.94-63.56-25.3881.71-96.9862.5-29.76-0.12+/+^1+/+-^2,-0.12+-29.76/62.5**1+-96.98+81.71/-25.38+-63.56**2-57.94
-70.61-52.0522.9119.98-74.45*/^-5.8127.37*-^2*-^2-,-74.45-(27.37*-5.81**2--88.38)/19.98*22.91**2--52.05--70.61
-76.08-75.42-8.38-26.52-9.34-68.0*/**-+13.13-30.84+^1+58.54,-68.0*-9.34/-26.52*-8.38*-75.42--76.08+(-30.84**1+13.13+(58.54))
-73.79-62.86-20.71-20.14/-71.97-73.16-83.24--+^1*/*-^2,-83.24--73.16--71.97**1+89.75*-20.14/-20.71*-62.86**2--73.79
-89.3584.51+^1/-98.73-0.8228.26-83.592.68-15.77--^1-+-,84.51**1+(-15.77/2.68**1--83.59-28.26+-0.82--98.73)/-89.35
-68.6443.4357.09-*+-80.1168.05-47.3884.57+-*--84.21-88.127.03**,57.09-43.43*-68.64+(84.57--47.38-68.05*-80.11-(27.03*-88.1*-84.21))
-99.3-57.939.83-71.01+/+/-67.16^-74.48++*76.63--58.2-+,-71.01+39.83/-57.9+-99.3/(-74.48+-21.59+-67.16*(-58.2-35.79+76.63))
-53.6218.4873.6-83.5138.1692.54-69.97*/^-+-37.64/-16.73+**+,-69.97*92.54/38.16*-83.51+(-16.73+58.4*-37.64)-73.6*18.48+-53.62
96.89-30.5118.17-**-89.85-15.58-31.8+^1+^1-^170.34,18.17--30.51*96.89*(-31.8**1+-15.58**1+-89.85**1-(70.34))
-71.48-9.61-95.14-87.37.3--+^2/89.0-19.92-40.96*-+^1,7.3--87.3--95.14**2+(-40.96*-19.92-89.0)/-9.61**1+-71.48
46.65*-12.97+8.1-25.12---65.06-46.27+-26.5370.75+--75.8893.76+,46.65*(-12.97+(-25.12-8.1-(-46.27+-65.06-(70.75+26.53-(93.76+-75.88)))))
-72.4733.63-67.85-47.93-66.12-+/*+-85.653.5510.43//*58.1352.2+,-66.12--47.93+-67.85+33.63*-72.47+(10.43/3.55/-85.65*(52.2+58.13))
79.3914.3299.4788.36-64.08+*-^2-+-72.3913.47-28.06-+^2,-64.08+88.36*99.47**2-14.32-79.39+(-28.06-13.47**2+-72.39)
-24.26-28.216.8828.15-18.5863.16-41.3213.7/**/-+-+92.9*+,(13.7/-41.32*63.16*-18.58/28.15-6.88+-28.21+(-92.2+92.9)--24.26)
66.119.86/--28.1230.6-39.54+^1---44.2536.01-40.54-57.22/*/,19.86/66.1-(-39.54**1+30.6--28.12-(-57.22/-40.54*36.01/-44.25))
-80.25-14.733.6935.71-61.06/+*//-80.8882.26-19.7565.35.92++-/,-61.06/35.71+33.69*-14.7/-80.25/(5.92+65.3+-19.75-82.26/-80.88)
56.55-97.78**6.09-51.226.31+-35.8/+-/*-98.5531.1773.05**,-97.78*(-35.8/27.52+26.31--51.2/6.09)*56.55*(73.05*31.17*-98.55)
-90.56-32.1558.7463.2710.39*-74.75-57.59*-^16.79//-//^1,-57.59*-74.75**1-47.17/10.39/63.27-58.74/-32.15/-90.56**1
+62.78-77.7-10.03-53.61*17.5425.4373.53+//*--++^2,73.53+25.43/17.54/-75.88*-53.61--10.03--77.7+62.78+-5.73**2
-40.912.4583.2430.85+^2*-^2*41.93/-75.1*-6.45^1,30.85**2+83.24*12.45**2--40.9*(41.93-(-75.1*(-6.45**1)))
50.72*+41.25-84.12++-2.4-95.05-23.1/++^1-^1+,-84.12+(-23.1/-95.05+-2.4)+41.25**1+18.01**1--70.08+50.72
21.49-^2*43.8466.31*32.3418.0954.12.19-41.22+^1*/*,21.49**2-(66.31*43.84)*(-41.22**1+2.19*54.1/18.09*32.34)
21.53-75.827.03+--^-37.21-25.6*+^1-^11^2,27.03+-75.8-(78.06**1+-25.6**1--37.21)**1-21.53**2
63.3433.186.58+4.4113.2951.06-80.92-69.8*-^-7.7/-///-,-69.8*-80.92**2-51.06/13.29-4.41/-9.82/86.58/33.1-63.34
-98.71-57.83/-73.87-77.5740.5299.6455.8645.91/-/*+^1++/,45.91/55.86-99.64/40.52*-77.57**1+-73.87+92.66+-57.83/-98.71
-44.484.84^^^2-5.681.44-66.22+/--39.9759.69-64.62+-^2,4.84/-44.48**2+(-66.22+1.44/-5.68-(-64.62+59.69**2--39.97))
--14.9532.24-81.5-66.27-96.812.681.8/---^2-+^1/,81.8/12.6--96.8--66.27**2--81.5-32.24**1+-14.95/-58.14
3.97+-28.87-50.98/76.11-74.5930.78+/++/+^1-90.75-14.37/,(30.78+-74.59/76.11)/-50.98+-28.87+47.64/3.97**1+(-14.37/-90.75)
26.1869.03-83.87*-41.4522.4769.05-33.9348.68--*-^2+*--,48.68--33.93-69.05*22.47**2--41.45+-39.58*-83.87-69.03-26.18
14.6528.28/+^2-8.790.43^-72.770.9155.7669.09*/-+*-,28.28/14.65**2+(69.09*55.76/0.91--72.77+-89.06*0.43--8.79)
99.72-22.2451.94+^1-*5.25-68.9-99.2839.3-0.13/-^2//,(51.94**1+-22.24-(-0.13/39.3**2--99.28/-68.9/5.25)*99.72)
80.1376.3630.24-79.2148.7/64.8982.0-^1-^2/*-++,82.0**1-64.89**2-95.52/48.7*-79.21-30.24+76.36+80.13
5.89-60.59-18.95+24.78/-+^1-^1-^2-7.85-68.81-,24.78/-10.82--18.95**1+-60.59**1-5.89**2-(-68.81--7.85)
64.39-58.31++*11.6391.417.58*^1/13.64-79.49-28.87-88.81/-/,-58.31+64.39+(7.58**1+91.41/11.63)*(-88.81/-28.87--79.49/13.64)
-69.26-86.74+-17.93/**-95.18-24.3329.88-98.41-38.8*+^2+-,(-75.5*-17.93)+-86.74*-69.26-(-38.8*-98.41**2+29.88+-24.33-95.18)
+41.96-64.7339.08-^2/-78.96-33.5574.98//-^44.14*^2,39.08**2-(74.98/-33.55/-78.96)/-64.73**1-41.96*-42.54**2
-31.5814.24^-56.4-70.02-98.98-17.743.59-^2*-**51.9641.69*,14.24-(3.59**2--17.74*-98.98--70.02*56.4)--31.58*(41.69*51.96)
-40.4666.91--^1^-5.3867.88-77.19/-+^-98.97-52.93-11,66.91--40.46**1-(-77.19/67.88+(-52.93--98.97)**1--5.38)**1
-6.4-77.1-71.59-67.29-3.26-45.14-+^1--^2+^-64.39^1,-45.14--3.26**1+-67.29--71.59**2--77.1**1--6.4**1
-32.07-^242.79+-18.2851.6/+^292.14^-85.57--^2,(-32.07**2-(42.79+(51.6/-18.28**2+(-85.57-9.17**2-92.14))))
10.45-98.9334.3957.828.83-49.552.6396.69*-+^1*/-*^2,96.69*2.63--49.55**1+8.83*57.82/34.39--98.93*10.45**2
-31.12+10.83-73.8415.93-85.55-30.63/*+^1+*+-63.86--2,-31.12+(-30.63/-85.55*15.93**1+-73.84+10.83*(-63.86**2--37.47))
79.677.1579.12--/-49.6540.14-43.0278.3225.21++-^-46.59/*-74.44,79.12-7.15/(25.21+78.32+-43.02**2-40.14/-49.65)-79.67*(-74.44)
65.2922.12-23.7680.26-53.31-93.52-8.14--0.6210.7992.09/***-//+,(92.09/10.79--0.62)--8.14*-93.52*-53.31-80.26/-23.76/22.12+65.29
5.0557.41-92.5635.43-41.18-93.675.31-38.78+-^2/-^1*+/,-38.78+75.31**2--93.6/-41.18**1-35.43*-92.56+57.41/5.05
62.56-10.73-93.28/-64.250.51-*/-99.29-68.63-89.6354.51*/+-^2,(0.51--64.25)/-93.28/(54.51*-89.63/-68.63+-99.29)*-10.73-62.56**2
-24.39-92.13-^-55.9786.2164.39-^1/2-/-53.48-98.7-^1,(64.39**1-86.21/-55.97)**2--92.13-(-98.7--53.48)/-24.39**1
-47.71-98.16-0.2754.930.96-69.3890.43-21.37-^1//-^//^2,-21.37**1-90.43/-69.38/0.96-54.93*-0.27/-98.16**2+-47.71
-48.26--^2/32.9422.3-84.6125.2515.45*----69.6546.4/,44.84**2--48.26/(15.45*25.25--84.61-22.3-32.94-(46.4/69.65))
7.49-80.2-44.4737.0456.8943.46-76.56/*+^2+^1.12-+^2,-76.56/43.46*56.89**2+37.04**2+-44.47--80.2+7.49**2
-59.08-76.9458.92-43.4185.18-59.23-41.36-//-/+^1/--2.86,-41.36--59.23/85.18/-43.41-58.92+-76.94**1+-59.08/(-23.78-(2.86))
99.93-81.29//-69.23-20.67*++-5.91*-41.27*+-22.2195.257.3--,-81.29+99.93/(-20.67*-69.23+(-41.27*58.03+-5.91)+(57.3-95.2--22.21))
24.4850.47-45.23+-51.2522.6319.0-69.0765.24//-+-+^1-+,65.24/-69.07/19.0-22.63+-51.25--50.18**1+-45.23-50.47+24.48
-95.79-86.92-17.92-5.6289.8851.83--20.43/+*/-^2+^1-,-20.43/-60.56+51.83*89.88/-5.62**2--17.92**1+-86.92--95.79
57.13-92.03*+-7.299.0153.88-+-10.1482.0754.67-//-^2,-92.03*57.13+(43.66-(54.67-82.07/10.14)+53.88/99.01**2--7.2)
-96.42^56.9450.27-34.8835.6298.59-^2+^1+^2+*/,98.59**2-35.62**1+-34.88**2+50.27+56.94*-17.22/-96.42
57.07-27.0887.11-+/55.81-22.424.5228.2198.8810.9625.52//*-*/,87.11--27.08+57.07/(25.52/10.96/98.88*28.21-24.52*-22.4/55.81)
-95.75/41.9884.89-27.27-96.33+^1//-*-92.04--^2-80.56,-95.75/(-96.33**1+-27.27/84.89/41.98*(9.74**2--92.04)-(-80.56))
46.1567.33-6.541.9196.63+*---55.91--35.5831.53-9.29/-^2,(96.63+1.91*6.54)-67.33-46.15-(-55.91-(-9.29/31.53--35.58**2))
-79.52-44.67+-43.136.09-98.5+^2/-+/+^2-70.53-2.94-,-98.5**2+36.09/-43.1-25.13+-44.67/-79.52**2+(-2.94--70.53)
-61.355.0444.3337.359.76-4.53-83.29-48.66-^31.77*-*-+-^1,-48.66**2--83.29*-4.53-9.76*37.35-44.33+55.04**1+-61.3
-2.31-8.61+^2-^-69.0273.9663.2425.5432.17-/*+^2/,-8.61**2+-2.31-(32.17-25.54/63.24*73.96**2+-69.02/29.96)
-35.74-70.684.5835.19-44.25-8.95-43.9745.81-54.1927.5**/+/-+*^,27.5*-54.19*45.81/-43.97+-8.95/-44.25-35.19+4.58*-70.68/-35.74
-38.97-49.08-24.15-15.4-79.73-37.2478.33++^1--^1*+^1,78.33+-37.24**1+-79.73--15.4**1--24.15*-49.08+-38.97**1
71.08-49.21-*48.31-18.584.61-*25.9255.21-**-24.36-10.46-49.69-*,-49.21-71.08*(4.61*(55.21-25.92)--18.58*48.31*(-49.69--10.46*-24.36))
43.7117.34-49.07+-+6.885.43-35.16+/++217.33-70.075.14-*,-49.07+17.34-43.71+(-35.16+85.43/6.8**2+(5.14--70.07*17.33))
-4.65+86.78-73.75/*91.94/-22.8-29.01-4.11-17.53+-+/90.3^2,-4.65+(-73.75/86.78*(91.94/(-17.53+-4.11--29.01+-22.8/(90.3**2))))
/-95.031.0165.83-82.0-15.21*-^2-^1-/+^174.12,-15.21*-82.0**2-65.83**1-1.01--95.03/-46.58**1+(74.12)
-20.55-48.860.27-52.56-31.73-1.089.6772.05-+/-^2+--^2,72.05-9.67+-1.08/-31.73**2--52.56+0.27--48.86**2--20.55
10.0544.2-65.81-60.74*87.73-*-+^2-+-45.9530.2881.22/+,(87.73-11.99+-60.74--65.81**2+44.2-10.05+(81.22/30.28+-45.95))
74.75+62.6787.38/94.16/*--^264.125.75-*97.45-87.05/,74.75+(94.16/17.53*87.38-62.67**2-(25.75-64.1*(-87.05/97.45)))
44.93-42.32-49.3480.4839.59-70.2658.1279.9+--++1-^1-*,79.9+58.12--70.26-39.59**1+80.48**1--49.34--42.32*44.93
-22.79-8.4763.0946.9510.07-97.5147.56-31.21+-^2-+^2/+-,-31.21+47.56**2--97.51-10.07**2+46.95/63.09+-8.47--22.79
-68.15-91.35-79.33/-6.38-24.09*/*+^1-*57.43-74.03/^1,-24.09*-6.38/-36.36*-79.33**1+-91.35--68.15*(-74.03/57.43**1)
52.9529.3814.53-0.98**-+-51.49/^+65.89-32.21-85.11*-^1,-0.98*14.53*29.38-52.95+(-51.49/(22.46+(-85.11*-32.21-65.89**1)))
-22.0767.2955.48*-+^1-94.89-97.6550.15----72.47*-75.8616.06*,55.48*67.29--22.07**1+(50.15--97.65--94.89-(-72.47*(16.06*-75.86)))
-86.36*+-93.0366.65/++-51.539.1511.91-0.446.38**/+^2,-86.36*(66.65/-93.03+30.03+(46.38*-0.4*11.91/9.15**2+-51.53))
48.09-34.15-60.31-^2/*+-27.1449.79-22.31-87.52--^2//,-60.31**2--34.15/48.09*(-87.52--22.31**2-49.79/-27.14/-96.38)
69.336.78-46.13-24.00.4897.74-97.1710.58-+^2+^1+**+,10.58--97.17**2+97.74**1+0.48+-24.0*-46.13*6.78+69.33
+49.4728.9532.17-38.446.3974.86-96.14-++-/*-/-64.28-67.66/,-96.14-74.86+46.39+-38.4-32.17/28.95*49.47--92.3/(-67.66/-64.28)
-16.6439.94-37.5756.9842.3262.82--^2*-34.22/++++^2,62.82**2-(-34.22/27.66)+42.32+56.98+-37.57+39.94**2+-16.64
-90.8913.1186.52-^2*/^0.27-68.12-6.6712.12*/-^11,86.52**2-13.11+-90.89/(12.12*-6.67/-68.12**1-0.27)**1
+-73.68-16.0765.1291.28-78.34-59.14-6.98**+^2--^2//,-6.98/-59.14*-78.34**2+91.28-65.12**2--16.07/-73.68/81.07
61.4980.32--++24.36-78.2196.49/--^1-91.8764.88-^2,-71.32-80.32+61.49+(96.49/-78.21-24.36**1-(64.88**2--91.87))
47.24-96.596.04-15.36--^1/83.28-83.4511.55++^2/*-11.75,-15.36-6.04**1-(11.55+-83.45**2+83.28)/-96.59/47.24*(-11.75)
40.2992.04-6.197.666.67-63.511.76-99.56-*-^1*+-/^1,-99.56-1.76*-63.51**1-66.67*7.6+-6.19-92.04*40.29**1
-3.64-64.77-38.44-94.5163.18-+-^^1-56.1691.8912.5-^2+,63.18--94.51+-38.44--64.77**1+(12.5**2-91.89+56.16)/-3.64
-86.748.1515.39-4.828.3440.748.43+^2-++-^2+^2,(8.43**2+40.74-8.34+-4.82+15.39**2-48.15**2+-86.7)
-58.153.3517.241.14*+^2*+^299.87-21.57-89.63/-^-50.04,41.14*17.2**2+53.35*-58.1**2+(-89.63/-21.57**1-99.87)
81.8853.674.24-95.32-31.85-+^-7.23-64.613.91-/1/+^1+,-31.85+(3.91--64.61/-7.23)**1--95.32/4.24**1+53.67+81.88
-80.0680.893.03-55.69*/-29.5174.73+/--81.68-59.31-70.58-86.03-*+,-55.69/(74.73/-29.51)*3.03/80.89--80.06-(-86.03+-70.58*-59.31+81.68)
-41.68-8.86^93.1854.5-92.331.7480.85--^2-*+/*^2,80.85-1.74**2--92.33-54.5*93.18+14.62/-8.86*-41.68**2
-97.2225.14-63.9879.2334.02/-+^2//58.09-^2-76.64-78.8/,34.02/79.23--63.98**2+25.14/-97.22/(58.09**2-(-78.8/-76.64))
-26.2349.99-94.97**+-58.6319.35-2.68/*5.26-19.3+^1+-,-94.97*49.99*-26.23+(-2.68*(-19.3**1+5.26)/19.35+58.63-0.51)
22.761.93+*-70.37-65.97-23.67+33.26-0.81/+^1/--^1,1.93+(-0.81/33.26**1+34.39/-23.67--65.97**1--70.37)*22.76
7.28/-48.0753.46*/-15.09-4.7936.97-54.02-81.4387.36-40.14++*-/*,7.28/(53.46*-48.07/(-40.14+87.36+-81.43*-54.02-36.97/-4.79*-15.09))
63.3721.2751.23-69.5694.6189.36-/-^1-*/68.763.7^/80.64,89.36-94.61/-69.56**1-51.23-21.27*63.37/(3.7/68.76/(80.64))
9.0277.62-19.493.19*-+-91.5160.1620.46-+*-83.45+^1-90.02,3.19*-19.49-77.62+9.02-(20.46-60.16+91.51*(-83.45**1+(-90.02)))
52.24-26.4578.5394.2439.26/-^2-^1++-27.79-24.81+29.39,39.26/94.24**2-78.53**1--26.45+52.24-(-24.81+27.79)+(29.39)
-7.8868.986.58-81.578.8377.69+^1*-^2-^2--,77.69**1+8.83*-81.57**2-86.58**2-68.9-7.88--40.94
-23.02-74.631.536.35*^2*/*29.7819.676.11-14.84-*-^1,6.35**2-1.53*-74.63/-23.02*(-14.84-6.11*19.67-29.78**1)
62.1357.2-1.76--85.95-54.52-61.4843.22*+*^2/+^1*-,43.22*-61.48+-54.52**2+-85.95/58.84**1+-1.76*57.2-62.13
97.12-37.1--18.15-26.8-36.3228.72*/++-/+^1*96.95+,28.72*-36.32/-26.8+-18.15+24.08--37.1/97.12**1+(96.95+-0.68)
-78.74*-81.43-7.86*/46.47-95.88-35.63-18.2595.6933.62-33.08-/-+/*,-78.74*(-7.86*-81.43/(-33.08-33.62/95.69--18.25/-35.63/-95.88*46.47))
99.27-55.534.01-5.285.93-7.0-77.19-29.57-37.88+//-+*+-^-39.8,-37.88+-29.57/-77.19/-7.0-5.93+-5.28*34.01+-55.5**2-99.27
47.9-40.477.78-64.118.8619.2111.52/--33.82-86.93+^1--+/,11.52/19.21-(-86.93**1+33.82)-8.86--64.11-7.78+-40.47/47.9
-90.32-37.7433.19-9.1877.1*70.18/--^69.26+-^1//-40.05,70.18/-99.53-77.1**1--9.18+33.19**1--37.74/-90.32/(-40.05)
90.44-75.98-68.94-62.8164.84-96.31++--/+39.9462.97/*61.15^1,-96.31+64.84+-62.81--68.94--75.98/90.44+(62.97/39.94*(61.15**1))
-88.98-50.61-25.5383.145.88+^1-^2**/^167.0428.75+,45.88**1+83.1**2--25.53*-50.61*-88.98**1+(28.75+67.04)
-30.14-37.28-41.516.36-58.94-^2/-^2+-55.752.8199.44--+,-58.94**2-16.36/-41.5**2-(99.44-52.81--55.7)/-37.28+-30.14
13.15-46.52-30.19-69.44/+++19.44-44.4968.11-0.47-*1+-^1,-69.44/-30.19+-46.52+13.15+(-0.47**1-68.11+-44.49+19.44**1)
-29.91-52.4589.6445.5117.35-59.35-2.3354.5-/-^1---*^1,54.5--2.33/-59.35**1-17.35-45.51-89.64--52.45*-29.91**1
69.8571.24-80.7585.99-43.24-^2/^2**-66.57-68.4/-^2,-43.24**2-85.99**2+-80.75*(-68.4/-66.57)*71.24-69.85**2
-79.02-5.4739.68-27.28+^2+-*24.9380.45//-51.5627.19-^2,-27.28**2+39.68+-5.47-(80.45/24.93)*-79.02/(27.19--51.56**2)
-50.75-44.79^-86.3481.5828.71-3.63-63.6548.18*---*+-^1*,(48.18*-63.65--3.63-28.71-81.58*-86.34+-51.68**1--44.79*-50.75)
84.0992.46-86.28-27.72-64.62/++--^275.86+49.23//--70.91,-64.62/-27.72--86.28+92.46**2-(49.23/4.45/75.86)-84.09-(-70.91)
77.0892.4597.8910.72*--^1*34.58-18.18-48.07-23.55+--^2,10.72*97.89-92.45**1-77.08*(-23.55+-48.07--18.18-34.58**2)
35.9210.3127.97/30.8118.3490.18*+-^1**38.76--/+,(90.18*18.34+30.81**1-(38.76--2.22)*79.48-27.97/10.31+35.92)
83.33/11.93-68.84-77.5387.97++^2-+^2-33.7671.86-^1,83.33/(87.97+-77.53**2+-68.84-11.93**2+(71.86--33.76**1))
-46.290.93-78.71-^1+*51.11-55.0676.13-66.25*///*--46.63,-78.71**1-90.93+-46.2/(-66.25*76.13/-55.06/51.11/(77.65-(-46.63)))
68.66-72.6540.497.65-8.1-+^1**+^2^13.53-71.73*-,(-8.1-7.65**1+40.49*-72.65*68.66**2+(-71.73*13.53--28.3))
53.3820.36-62.18+---69.2671.4120.46-9.3683.1383.47***+^2-,-62.18+20.36-(83.47*83.13*-9.36*20.46**2+71.41--69.26)-53.38
-7.6798.7620.88-96.0361.95-+^2**+43.1878.38-81.75-+*99.25,61.95--96.03**2+20.88*98.76*-7.67+(-81.75-78.38+43.18*(99.25))
62.7746.79+95.4164.92*44.9524.43*/+^2/**/+-3.62,24.43*44.95/28.0**2+64.92/95.41*62.72*46.79/62.77+(-3.62)
-20.4335.63//49.1960.03-37.86-81.81/-96.73+^1^-**-37.43,35.63/-20.43/(-96.73**1+-29.35+-81.81--37.86*60.03*49.19-(37.43))
-22.34-83.69-48.19-29.76++1*+--53.58*-16.65*85.5777.12-87.13+/,-29.76**1+-48.19*-83.69+-22.34-(-53.58*(-16.65+(-87.13+77.12/85.57)))
85.69-84.12-86.1432.99-+^1-+-31.6281.95-40.47-42.72+^2+*,32.99--86.14**1+-84.12-85.69+(-42.72**2+-40.47+81.95/-31.62)
-23.42-^226.3260.38-6.66*//8.4583.1317.7216.96/**^1,(-23.42**2-(-6.66*60.38/26.32/(16.96/17.72*83.13*8.45**1)))
-93.64+^187.6444.07-97.52+*/-19.15-40.9439.45-^2-^70.06,-93.64**1+(-97.52+44.07*87.64/(39.45**2--40.94**1--19.15))
-15.89-91.6388.87+^-49.64-21.91-79.31++^11-+^1^2,(-79.31+-21.91**1+-49.64)**1+88.87--91.63**1+-15.89**2
-44.564.92-8.3925.85/-/+^1-13.5245.41++17.53-1.67-^2,(25.85/-8.39-64.92/-44.5**1+(45.41+(-1.67**2-17.53)+-13.52))
89.482.54-88.8931.99-23.054.58*/+/-/37.6466.04+^2*-40.88,54.58*-23.0/31.99+-88.89/2.54-89.48/(66.04**2+37.64*(-40.88))
-22.1-93.09-5.35+*78.87-77.8790.59-27.6168.64--^2*+*/-30.68,-5.35+(68.64--27.61**2-90.59*-77.87+78.87)*-93.09*-22.1/(-30.68)
43.5174.8611.2183.95-23.02/23.8566.0196.59+^2-*/*+*+,96.59**2+66.01-23.85*3.0/-23.02*83.95+11.21*74.86+43.51
19.82-35.9436.27-3.79**///55.5187.6169.36-+/8.8915.18-,3.79*71.71*36.27/-35.94/19.82/(69.36-87.61+55.51-(15.18-8.89))
^-15.12-47.82-57.31-33.78+++--58.14-94.4677.44-34.18+/-+^2,-33.78*-57.31+-47.82-(-34.18+77.44/-94.46--58.14)+-15.12**2+-44.62
-36.47+-54.2-68.92^+^148.2490.52*+^2-94.56-9.67-*-50.0,-36.47+(-68.92*-54.2**1+(90.52*48.24**2+(-9.67--94.56*(-50.0))))
68.82-78.8716.73-56.091.93-+-^2+*80.24-25.4374.0*/^2,1.93--56.09+16.73**2--78.87*(74.0*-25.43/80.24)+68.82**2
-92.6727.9610.56-3.82-17.53-5.0654.24-97.73/-/-^1/-^1*,-97.73/54.24*-5.06/-17.53**1--3.82/10.56**1-27.96*-92.67
-38.03-40.3860.4387.98+^2-^1/-92.31--/69.67^2,87.98**2+60.43**1--40.38/-38.03-(70.56-92.31/(69.67**2))
-95.66/-37.0967.35-91.334.03-60.02-99.52*+-^2-*++^2,(-99.52*-60.02+34.03**2--91.3-67.35*-37.09+6.18**2+-95.66)
61.32-41.399.1/-^1*-61.44-84.58//87.33-0.21-11.810.87*/*,99.1/-41.3**1+61.32*(-84.58/-61.44/(0.87*-11.81/-0.21*87.33))
-59.71-71.23-97.14-63.08-90.7139.79++^2-^2*-^2+-12.27,39.79+-90.71**2+-63.08**2--97.14*-71.23**2--59.71+(-12.27)
36.41-33.26+^2+-64.79-90.4647.15^**-4.22-89.52-55.43/^2/,-33.26**2+36.41+(47.15--90.46*-64.79*(-55.43**2--89.52/-4.22))
+-11.69-29.82-76.6129.99-68.7411.7*--^2-+^2-^62.51,(11.7*-68.74-29.99**2--76.61--29.82**2+-11.69**2-74.22)
47.8413.29-59.57-27.7176.05-11.3925.01+^1+^-60.36+-+^2/,25.01**1+-11.39**1+76.05*-27.71--59.57**2+13.29/47.84
-60.08+^2-35.53-33.16-56.2891.98+-^2-^65.9612.97-5.08++,-60.08**2+(91.98+-56.28**2--33.16-(-5.08+12.97+65.96)/-35.53)
27.58-3.43+-31.4543.7647.7481.98-23.31-32.89-/-**-^49.38//,-32.89--23.31/81.98-47.74*43.76*-31.45**2-90.23/-3.43/27.58
-26.24+91.64-18.24-88.28-*+^25.92-45.88-24.8438.53*/^1+,(-88.28--18.24*91.64)+-26.24**2+(38.53*-24.84**1+-45.88+5.92)
61.99-97.5997.08*--^-22.1783.017.9-6.33+^2/-1^2,97.08*-97.59-(-6.33**2+7.9/83.01--22.17)**1-61.99**2
36.82-76.9556.45-81.94-/*/-21.2489.03--^-37.7625.3196.03-^2,-81.94-56.45/-76.95*36.82/(89.03--21.24**2-(96.03**2-25.31))
-38.9913.71-32.13-20.66-66.9+*-----71.8263.0972.85-47.48*+*,-66.9+-20.66*-32.13-13.71--38.99-(-23.8-(-47.48*72.85+63.09*71.82))
3.37-92.06-0.6211.152.27-56.39-12.0537.26/+^^1-**-^1,37.26*-12.05+-56.39**1+52.27-11.1*-0.62*-92.06-3.37**1
41.1786.62-33.63-86.9-17.94-86.46^+^1*+-^1-^^2,73.59**1+-86.46*-17.94+-86.9**1--33.63-86.62**2+41.17
-98.7-18.64-8.431.62-30.090.721.55-95.84-11.62/++^+*-^2+,-11.62/-95.84-21.55+0.7/-30.09+31.62*-8.4**2--18.64+-98.7
*-69.827.01--^8.58-65.79+-57.7810.54-51.8357.0264.98/*+*,(27.01--69.8-14.48+(-65.79-(64.98/57.02*-51.83+10.54*57.78)+8.58))
6.8234.1131.17-99.69-*+^1*-80.97-18.97^-44.5-3.8/-/-,-99.69-31.17*34.11**1+6.82*(-3.8/-44.5--58.08/-18.97--80.97)
-42.7654.12*65.442.53-^2*+^2+-^192.63-61.34+,2.53**2-65.44*-8.05**2+54.12+-42.76**1-(-61.34+92.63)
-29.555.3158.3584.21-67.28+7.6843.7877.1244.91//*/*+-*-,44.91/77.12/43.78*7.68/-93.64*-67.28+84.21-58.35/5.31--29.55
-17.3671.38-*-70.19-47.4245.27-87.89-+^2-+55.231.25*^1,71.38-(-87.89-45.27**2+-47.42--70.19)*-17.36+(1.25*55.23**1)
/63.51/5.6155.5132.13-77.7730.63-69.38-^1+^2/-**,(-69.38**1-30.63**2+-77.77/32.13-55.51*5.61)/63.51*-3.5
-28.53-98.25-46.944.35-+^283.248.59-96.11-32.3619.57++*-**,44.35**2+(19.57+-32.36*-96.11*48.59-83.2)--46.9*-98.25*-28.53
47.859.57-99.27-48.74-67.78/*+^2+/-^2+45.3713.41/,45.77*-67.78**2+-48.74+-99.27/59.57**2-47.8+(13.41/45.37)
-11.77-69.77-87.732.7224.92-90.6925.15-96.72*-*+/-+2-/-14.8,-96.72*25.15--90.69*24.92+32.72/-87.7**2--69.77+-11.77/(-14.8)
-72.7-0.72-^78.7158.66-61.47-52.41+/-2---18.8289.07-^2,(-52.41+-61.47/58.66/78.71)**2--0.72-(89.07**2--18.82)--72.7
-33.06-8.0265.19-94.640.72-6.53+*+-^2+/-45.28-8.2291.31//,-6.53+0.72*-94.64+65.19**2--8.02+-33.06/(91.31/-8.22/-45.28)
68.01.14-4.9-65.3419.026.99-67.74-92.38+^1*^^1+-*+,-92.38**1+-67.74*26.99**1-19.0+-65.34/-4.9*1.14+68.0
-65.28-64.6580.95-58.5+-^2/+60.96-27.66-58.7472.9*^2/-,-58.5+80.95**2--64.65/-65.28+(72.9**2+-58.74/-27.66-60.96)
96.8318.8870.62-89.87-81.956.91-26.95-49.5572.33+^2+-*-*/+,72.33**2+-49.55+-26.95-56.91--81.9/-89.87*70.62/18.88+96.83
-6.32-17.53-72.98-90.5-92.3758.01-13.57+-*+^2-*-^289.72,-13.57+58.01--92.37*-90.5**2+-72.98--17.53/-6.32**2-(89.72)
89.28-18.85*/-14.74-63.63-19.33///-41.8351.5489.55+//90.23-20.88+,(-18.85*89.28-(-19.33/-63.63/(89.55+51.54/-41.83)/-14.74/(-20.88+90.23)))
30.19/4.3910.4234.7178.0162.37/+/-57.3328.2-29.59-*-*/+,30.19/(39.37+(-29.59-28.2*-57.33)/62.37*78.01*34.71/10.42+4.39)
76.07-52.0439.41+--+^2^57.69-72.82-30.67*+2^^2,39.41+-52.04-76.07**2+(-30.67*-72.82+57.69)**2-(3.08**2)
1.59-22.35-65.13-73.31-2.52-76.9256.61-++^2*--^1^1,56.61--76.92+-2.52**2+-73.31*-65.13--22.35**1-1.59**1
8.65^+^2+59.843.56*/88.32-27.243.1154.5--^2-,-78.3**2+8.65+(3.56*59.84/(54.5-43.11**2--27.2-88.32))
33.75/-13.6172.511.51--*--0.6447.5473.8184.5+^2-*,11.51-72.5--13.61*25.31-33.75-(84.5**2+73.81-47.54*0.64)
-90.36-82.869.8549.02-77.5810.99-32.7998.16*-**//-^2*2,98.16*-32.79-10.99*-77.58*49.02/9.85/-82.86**2--90.36**2
44.98-28.750.12-69.2573.08-64.05-31.83-10.26-88.27+**+^2-*+/,-88.27+-10.26*-31.83*-64.05**2+73.08--69.25*0.12+-28.75/44.98
41.5737.41+-67.5-48.84-31.7714.0856.17-*/*//+^2+78.67,(56.17-14.08*-31.77/-48.84*-67.5/56.44/37.41**2+41.57+(78.67))
26.32-6.654.87-0.6--49.295.88+^1/*--+37.14*/-,95.88**1+-49.2/-46.44*-0.6-(37.14*-67.76)-4.87/-6.65-26.32
31.254.07-27.46+^1+-^187.64^81.62-41.35+^1*+,-27.46**1+54.07+31.2**1-(-41.35**1+81.62*55.6+87.64)
-51.4-49.66-42.29-20.13-2.48-60.87-2.263.47--^1*++/+^2,3.47--2.26**1--60.87*-2.48+-20.13+-42.29/-49.66**2+-51.4
-23.35-54.42-20.57-30.0816.551.84+32.37*+^2-+^2*--,32.37*65.06**2+1.84-16.55**2+-30.08*-20.57--54.42--23.35
-99.2869.46-56.3740.0157.21-42.7/**+-34.81-24.44/-/86.65-22.34*,-42.7/57.21*40.01*-56.37-(-24.44/34.81)+69.46--99.28/(-22.34*86.65)
-84.13-71.5339.14-23.3-86.93-81.4-33.8364.2535.31-^-19.01*-/*-/*,35.31**2-64.25*-33.83--81.4/-86.93*-23.3-39.14/-71.53*-84.13
