Formula,Result
-+-+--+134912-566/**964914-469-896^381*-591668*71266/664-448,134912+-566--846914*-469*-896/-381^+-988668*-71266*+610-448/-
+-+-+*//-403831888^3232/801-491-707^-7342-183*/-634-111--575-488,831831/888/3232^*801-491/+-707--7342^+-183--634-111/-575-488-*+
-^-4781++^5202-209-++^9871^1691331+--824498^7862961,-478453^5202^-209+9871^1691^+331+-18498*786-571^-961+-+-
++-++776-223^-5402^6772**690-386^-3351+--442360^-101-817,776-223/-5402-+6772^-690-386*-3351^*+442360--101^--817++
+++-363--++-523/-510-807-81**718773^-1342/-^6901-820173-283613,-363-523-510-807/+-81+718773*3092^*-6901^-820-910/-+-283+613+
++*-189428/-234^4691++^-6991*-995+-8342****542-550-782546-535,-189428*-2344691^/+-6991^-89-8342^*+542-550*-782*546*483*++
-***-842613-759^4761++933*/299612976*-140-^-2862+-880/309428,-842613*-759*4761^*933299612/976*+-140-2862^-880309428/+-*++
-++-+^3761304-953619*/319-235650*/-530-980-+--788/-383-640-790485,3761^304+-953-619+319-235/650**-530-980/-788-383-640/--790+485-*-
+424--+-/761^--*120328^5622-4132572346^7321+^3522-921,424761120328-5622^--413-2^/572-346+7321^-2962^-921+-+
+^-+-/-828613-26^-8111^4052*-664-86--+^3701590*819356-676,-828613+-26--8111^+4052^--664-86*+3701^590+819356*--676-+
--+++++++659/-275^8001-734^4651733*-553-75530389/-728441-405,659-2758001^/+-734+4651^+733+-553-75*+530+389+-728441/--405*
*-*-158^6121++30696-374/323+-++^-112^291^-1222702413,-158612-622^*30696+-374+-323-112^291^+-1222-+702-413+/+
+///458813122-63***/**-*-875-402**947873-687-729-466631800490846,458822/122/-63/-87545*947873*-687*--729*-466*631/-537*490*846*+
--+/713-535-23**/-848-271-*736-563-482^1782*591+--5-56/383-222,713-535/-23+-848-271/-27-563/-482-*1782^*-591-5-56-383-222++*-
--++^-9131*-839766/-995^1282-^-7842-9-^4321*-566^-4411,-9131^-839766*+-9951282^/+-7842^-9--4321^-566-4411^*--
+-+++/-1000476*/-817-114469^-750-178/-862375*-528-132^3161^-2751,-1000476/-817214/469*+-7502^+-862375/+528-132-3161^*--2751^+
++-292568//+++-61764-287244769+^3561-+-886-208^-2031/-582-289,-292568+-61764+-287+244+769/356938^886-208--2031^+-582-289//+/+
++-++-/449^-6211604***-84-244-149229416^5312-388--123^-4192,449-6211^/604--84-244*-149-229*+416+531-866^--388+-123-4192^-+
--+-^-6371-278+/456-809/*-801/935-509-748347-+-256-894-/-87958-428,-6371^-278-456-809/-801770-509/*-748/++347--256-894+-87958/-428---
---//////-808684147386-873-642^-6991^7782//-563-799-24/526-862,100684/659/386/-873/-642/-6991^/7782^--563-799/-301/-526-862/-
--991/810+-220+---+-471///-99240089-94579^-6961*-504^9981-245,-991810-220-471-992400/215/-72/+79-2321^--5049981^*--245++/-
/*99776++++--*-58^6271^2102^-5531354*469231^9411736,9944+-586271^*2102^--5531^-354+469231*+9411^+736+/
-+++-+973*-7551/-296^9471**220441-523/867-834^-7362*-95891,973-7551^+-2969471^/-220441*-523*+867-834/+-7362^+-839548*-
-----781-446^6641^5032+//-3-230-606--*658-203-435/-870/530-895,-781-446-6641^-5032^--3-230/-606/410-203--435--870530-895/--+-
++*335^752*/-240913^-2931+^-9342--+456496+-4631^132,335752^*-240913/-2931^*+-9342^456496+-4631^-132^-++
/395-/-520-382*644+//553-^7422858-813*+-+971/-20455610-7-235,395-520-382/-1775537422^858-/-813/971-20455/+610--7+-235*+*-/
+//*//113-5098273629-970/347-**-165-455468^1781/*657-716320,113-50/982/73*-873/-492/347-165455468-*1781^*657-710*320/-/+
+-+-+-*-137265//466-651**802524-650467^-8892106-582^-7552-33,-137265*466651802524*-650+-/467/--8892^+106--582+-7552^-890+
---+^9652995*15522/-836^-1021+-+/-23658-482*-110-872*-405-156,9652^995+15522*--836-1021^/--23658/-482+-110-872*--405-156*+-
*521*/308-913-^-92-^-5512-+-*/326-22^*4117157160-210,521308-913/-92^-5512^326-22/4117*1^*571-60+-210---**
+**/155-582847^1682-+^-8571603-185*-684-+*-307285-929-19710,155-582/847*168-458^*-8071^603+185-684-307285*-929+19710--*--+
---+++55521100*815^8802-743^/+^-1881^192-2041/-935223,55521+100+8158802^*+-923--1881^192^+-204+-965^--935223/-
+---*173^4581-33-275*842995/863---217-891+++/-874701-182568-10,1734581^*-33--275-842995*-863-217-891--874701*-182+568+-10*-/+
+-+-+-796/296^5892^-8372/-+/-75634^2652/-369-559270574582,-7962965892^/+-8372^--75634/2652^+-369-559/-270++574-582+
--+*-42-79157/*//**812-964-87893657719^-9391/-753+311^8352,-42-79*157+812-964*-878*104/206/719*-9391^/--753-7088352^+/-
-^4931/685+++--+^2722*887^8991-369^2522-102-761/852-721,4931^6852722^8878991^*+-369-2522^--102+-761+852-721/+/-
++--+++*-258^-5752384*417-379-716856^1222/*333-765-713^1361,-258-5752^*384+417-379*+-716+856*1222^-333-765*-713/+1361^+
---*-230-479*-71^549133*///**//-112609976-6347983462667308992,-230-479*-715491^*--112609/976/-634*798*346/-242/-743/899*-2-
++++--+572*145^4301^-913-946-959719-516^-5271/-/799541775-611,5721454301^*+-9131^--959-719+-393+-5271^*799541/775*-611/+
++---/-861^3762^8721830/396-961*/104894^-902//-124845-668,-8613762^/8721^-830+396-961/-104894/-902^*+-124845/-668/+
-+-++-^-795284^3732^7431^8971*-910-400^-+437-715-4772-740,-795284-3732^-7431^+8971^+-910-400**437-715+-477-2^+-740-
*299-*-115-10029/-898-+-+++^1202-247-21633/430-384*-536110-466,299115-100-29+-8981202^-247+-21+633+430-384/--536110*+-466-/-*
+--++^7181*/-132-629-212*/-728458^-8601/13500^9611^6212,7181^-132-629^-212*+-728458/-8601+*+13500/-9611^-6212^+
--*---^7342^4122^-9242^2621*99244318+-169/*-578265-176,7342^-5762^--9242^-2621^-99244*+318--929-578265*-176/+-
^--+556336/-32^7122298-+++-349*-990^792255457/-810*-353269,556336+-327122^/-298--349-990792^*+255+457+-810186269*/--
-^-8302--*817-209*-/-455+/*628461^1171-861-790318+790^2492,-83059^817-209*-455628461*1171^/-861+/-790-318*-7902492^+--
++-*/-159-77916*802-477*/-11105-894+-+^-91-665-59+-737--320-490,-159-77/916*802-477*--11105/-894*+-91^-665+-59--737-320552-/++
+-+++-^9802/576^232/179^6931^-7932^-204884+124602-804,9802^576232^/-8716931^/+-7932^+-2042^+-585602+--804+
+--195202+-^52282/-423+-++/-141^-8972-250^-7972^-931528,-195202-52^282--423-141-897709^/-250+-7972^+-931^-528+/++
++-+--827994**/641/669-80-617^-1351**-529-146-364-811/*-759755813,-827994-641669-80/+-617*-1351^*+-529-113*-364*--811+-759755*813/+
+-++--+-*255^7871520-30/410^3382-70140383843/*547574-401,2557871^*520--30+4103382^/--701-403+83/843-547574*-401/+
-+++++--//-879532669748/700-72-919*-887642*713-514716/702863230,-879532/669/748-700-72/--919+-887642*+713342*+716+702863/+230-
+-+--+811373-492*27983/-98886*/*572-575-120^721*-817^-7522,811373+-492-27983*--98886/+572-575*-120/72-533/*--817-7522^*+
-+++--/**-812-48162089987570^-141-665/810-455988+-203^-1712450,-812-481*620*899/875-70--1412^+810-455/+988+203-1712^-450+-
++-++-842^-9022-735141-794*422^+/-798-740*859-4902-*-710-193243,842-9022^--735+141+-794-422-798-740/859-490*+2^*+-710-193*243/+
+-+/314^-6801470^5822*-952+-++-847-985//88920728^-5522688,314-5911^/470+9322^--952-847-985+889207/28/+-5522^-688+*+
///575++-654/***-581-862-757-844-576-208399+-*/526-814-823^7392-445,575-654-581-862*-757*-844*-576/+-208+/399/526-814/-823*7392^--445+/
/---/119-523^-9431-219-336-+/*-81842724/-276-857+/46^-623506224,119-523/-9431^--219--462--60842*724/-276-857/+46-6232^/224+-/
+++*-480-326**-998423-543**30-496^3621-+*-80741/*12-69-330-638,-480-326+-998423*-543*+30-496/3621^*+-80741*12-69*-330/+450-+
-++++^6672^-7341-748-576//693-815-97*/*//125425-954628186243,6672^-7341^+-748+-576+693-815/-97/+125425/-954/-274*186/-353*-
+/708^4452*505--+-+^-3052^1001^1782625/-907^950-698589,7084452^^505-3052^1001^+1782^-625+-9079501^/-589-*+
--95-+-^-2051^-+-344+^-1782-676/+-97687299-3282276*-614-159,-95-2051^344-1782^-569+/-97687+299/+-328-2^-276+-614-159*--
++-++---/-576-66^-4321-550/-702-89460319^/3083162585+-981202,-576-66+-4321^--550^-702-894/-60+319+308316/2^-585+-981202++
++-++^-2332614262^8241***-3189599752+*-74-271*/71-82875,-2332^-964+262+8241^--31895*997*52*+-74-271*757-828/75*++
-+-/-659914-/929^-8321*793986*-697^9982*-323*812**916847838,-659914/929-8321^/793986*---6979982^*+250812916847*838***-
+-+++++-771*/-283-987^2261-+-214945773-650560407/*456666-565720,802-354-987/2261^*+-214945+773-+-650+560+407+456666*-565/-720+
-+++--/-904^-6821973/400^2581/189561/*-386-804+187-371-88-885,-904-6821^/973-4002581^/-189561/+-386-804*187-371+/+-88+-885-
+-+/-294^-6051/472^4901/559^-1572++---80514-900^-8822-40,-294-6051^/4724901^/+559-1572^---80514--900--4672^+-40++
---+-----/-116^7871-51-415764754/-103-6860516*-309109/-220-518,-1167871^/-51--415-15-754--103-686/-0+516--555109*--220-518/-
-+682*-152^-8921//78-1000-+--613*12154/-193-322**244-533^-5711,682-152-8921^*+78-1000/-613121668*--193-322/+244-533*-5711^*-/-
--+----*902^6712^-1402785-842300*/*309360-972-870-416^-5492,9026712^*102^-785--842-300--475360*-972/-870*+-416--5492^-
+*//-136+-^1001^8621-336-501600---348-847*576-182/-199-217-375,-1361001^8621^--336+/-501/600*348-847-576-182*--199217-375---+
-+++--+--*-663-543-534^8132-746-58/397^2771-316*754-462-790827,-663-543*-534-8132^--746^-58*3972771^/--316+754-462*+-790+329-
-+-----152/-143581/-351443^922*-33-365-538--^-2531^-7012-732,-152-143581/--351443/-922^--33-979*--538+-2531^-701278^--732--
+---+-/-421-667**--979-802-842+^5802-96^-1571-945^509160-4,-421-667/-979-802*-842*5802^-96+*--1571^+-945-5091^-60--815+
+++--902398*/808-879-435843+/141-966**/**/414-701241-684-830828246,633398-808-879/-435^+843+141-966/414-784/241*-684*-830/828*246*++
--+--++788-637-*226^-1591/959-825292716/112^-8041/203448400,788-637+226-1591^*959-825/^+292--947-112-8041^/+203448/-400-
---^-901/-950-158*-708999*/-71-72-^-3002////234206-85573621,-901^-950-158/--708999*--71-72/-3002^234206/-855/736/21/-*-
+-/112^1922^7532/**/+-114-537948-560201-*75389/*-762-703306,1121922^/7532^--114-537/948/-560^201*75389*-762851*306/-/+
*438/814+*-+-*-755-180^622^-2481^8992^1881**-159734967,438814-755-180*622^/-2481^+8992^-1881^--159734*967*+/*
-+-+-/*/-74948983-412*/-446899658/407-123/851^7471^4221298,-74948/983*-412/-446899/658*--976-123/+8517471*/-4221^+298-
+++664876^-2892**-588553+278*-775+-+-996-474^-2442+815-88-874,664876+-2892^+-588-386*278-775-485-474+-2442^-81588-874-++*+*+
+-+/-99-/-543^+^2391-9752/-46-369++-317/-7332684^504230,-99-5432391^-975+2^/-46386///-317-7332^+684++5042^-30-
+----144637522/220-224/48+-*/728506-12155*/570-813131*-182-43,144637-522-220-224/-48728506/-12*155-570-813/131*+//-182-43*+
+--+++^-7742--648300215/-440-^8802-220-31^/6486781^-4832,-7742^-648300-+215+-4408802^-220-/+-31-648678/1^--4832^+
--806----289--**-66-992-24*416++^3592-8672-630/399*498-457-711,-806-289-66-992*-24^-1553592^-867+2^*--630--399498-457*---711--
--77-*797^-461**-43-62--^-9141-744--^9161*296^3572-10,-77797-461^*-43-62/-9141/-744-9161^2963572^*--10--*-/
---+/-389648^8312-440^2761*176+++-917197^-5312-112*-93271,-389648/8312^+-440-2761^-176917197--5312^+-112+-93271*+*-
+-+--**73*//-832187779-971-682754*895*-650-642^7411768^-1512,73-832187/750/-971**-682*754-895-650-642**--4621^+768--1512^+
-++-232*644-91414++--276/747^-8942-955-*402532//483300/-106880,302644-91*+414+-276747-8942^/--955+402532*483300/-106880/--+-
*--^2491//**349-196-317*-289-461226^-7412--16-*-367464^-7701,2491^349-196*-317*-289-461*/226/--7412^--16-367464^-7701^--+
-**-124-151^-282++-/-922^-2691-77^-6901+--617^-9031*218456,-124842*-7702^*-922-269735^/-77--6901^+-617-9031^-218456*++-
-----^3072842/911700260*//*/985-64405993332^1641/505-532,3072^842-911700/-260-985-64/405*993+332/1641^*-505-532/-
++*-211-808/---+-*-348241-14732*946720-573-805-694-*764235^1671,-211-808*-348241*-147-32+946720*--573--805--694/+764235*1671^-+
+--+/-**-585999-209*-724-538/169-869^542-212/-802^-9831/17998,-585999*-209*-724-538*-169-729/+542^+-212--802-9831^/-17998/+
+/538360-++//11438292451-513/-854+*257488*392++516-48-38432,538360/93-198/292/451+-513+-854257488*392516-48+38432-+*+/-+
+++-+77^-572*/99977^-8192-407116+-*286^-3952604*-112-278,77-572^+99977/-8192^*--407+116+286-3952^*604--112-278*++
-++^6742/*898-^9312**-63696-899/-749-394*/-274-780242^581,6742*8989312^-63696*-899*---749-394//+-274-780/242*+581^-
++----707-++^-5901^7882-666-610-812^-1691^2762-*83411549,-707-5901^7882^+-666+-610/--635--1691^-2762^+83411*549-+
--+++-+++275-140-858646*603^-291^1152989-268-136/--836683287,275-140+-858^646+603-291^*-7422^+989+-268+-136--836683-287/-
-+**-492548^-/557^2002-3001++/-757293/701-297*-567-420/-234-989,-492-554*5572002^/-300-1^*-757293/701-297/+-567-420*++-234475/-
----/-743+++^-8931/-150936-430226^-5312678-765*-237/*-695-565737,-743-8931^-150936/+914+226+/-5312/-678--765-594-695-565*737/*-
-^-4201+-++-+-*-434^-7301-137-245^-4862332^9351^6251-909,-4201^-434-7301^*-137*-331+-4862^-332+9351^+6251^--909^-
++++++815501*608250/151-44^-5291^4061--571^5592/-885870,815501/608250*+151-44/+-5291^+4061^+5715592^--887870/-+
-++---693^6442-763**775289-12630**-648502+--1000-752-^4472511,4316442^--763--271289*-126*+30+-648502*-1000-752-4472^511-+*-
++-+-/752997628^-9972/-153431//**+^-9502491-418804-789828444,752997/628--9972^+-153431/--7812^491+-418*804*-789/828/+444+
-++++-^-1732/**-996955932220-618-781*-516^6121-254-+-656-120-25,-1732^-996955*932*220/--618+-781+-51691^*+-254+-656-120+-25--
*/-896639---+^4292-966*-639604/929+-+33657/183^7641-37-419,-896639/4292^-966+-506604*-92933657+1837641//--37+/--419-*
-+-629^-5341//-64152^1242/+-+^-2971^-871^462-924-732,867-5341^--64152/1242^/+-297878^-871^+462^--924+-732/-
----+^7021/-95^481220--696402*961^8671+729/222^-1001,7021^-95481^/+220--696402--9618671^*-7292226031^/+-
*+/-393++---^-6742-170303977*916--565-187/+^941-38-534382-637,-393-6742^-170-303-977-916-565-187-*-941^-38+-534/+/382*-637*
-+--286878^9111+--^-4352+9482-954+--852-712*194+-998/-956-890,-286878-9111^+-4352^9482^--954--928-712*194-998-956-890/+*++-
+--+*830^-240168^-7651^-3931/*-302-916-746/**831-195+-154-43461,830-2401^*-7651/+-3931^--302-916*-746/-831-195*-154-43**461/+
+++-254542^-3031+623-*/*735-307-69373*615-+^-8292-217*-211-427,-254542+-3031^+623735-307*-693/73*615-8292^-217+-211-427*-*-++
+-411-+-++-795^-7381/51155/42*//362-336/-941-99060615471,-411795-7381^-51155/+42^+362-336/19-990//60*-615+-675-+
+-+-143***-583-983824-488177155/354-727-+--395^-9501/1191-319,143-583-983*824*-488*-177+155-354727-395-9501^-1191/+-319--/+
+-+-/962457**-173--773/-51-242-849-463//-6595122/-11412/556-705,962907/-173773-51-242/--849-*-463*-107512/799/+-11412/-556-705/+
---+-+-//432253244-314*933^-1881336146^-2722^-722^-5752,432253/-48/-314-933-1881-*+336-146+-2722^--722^--5752^-
+++++++*842^6532^-8271-483/4601-414/367^-2372/-554475166,8426532^*-8271^+-483+4601-+-414+367-2372^/+-554475/+166+
+-++^-1801**383478704^-1642//+-867*87886-947324*/-474-620273,-1801^383478*704*+-1642^+-86787886*+-947/324/--474-620/273*+
--*--724*225229^-8372/*/-584381908+^6262/-122772842/-146-721,724225229*-912^--584381/908*6262^-122772/+/-842--146-721/-
-/-670757--+/630^328216450+--418^5401/**959437144+766-637,-670757/6303282^/164+50--4185401^--772437*144*766-637+/+-+
+-+++-++**405965-776-712372757-655**145-71^2611^6152600,405965*-776*-712+372+757--65+5+145-706*2611^*+6152^-600+
-+-/-++++687-724*-923-72944014*714-617/721-61445/-20091*-569-762,687-724+-923-729*+440+14+714-617*-721-614/+-445--20091/+-569-762*-
++-+^-+--59^-656172//1401105192^-4432/-882-295*803-548882,746-6561^-72+140110/519/-2^-4432^+-882318/-803-548*+882+
-+--107*-764-701519-993+-797/366+^-4042+/-748^-8402//-94-670-802,-265-764-701*-309+993-797366-4042^-748-8402^/-273-670/-802/++/+--
++---+-+--714/7778-101332^-7741/*433165561407726^-708715-900,-7147778/--101+332--7741^+433165*561/-407-726--7081^+-900+
---+-+697885*/844//571-798-406^-9792*174941^2672^-7532268,697-994+844571-798/-406//7952^*-555941*+2672^--7532^-268-
++*90011616**//653-215-623-896++-^4511/-269^-8641*348928179,-63511*616+653-215/717/-896*451390^-269-8641^/-348928*+179+*+
+*-500^652*/540238+*-982-340-++--586585/-133940/*343748-484244,-500652^*540238/-982-340*-586585--133940/+343748*-484/+244-+*+
++--*-258^-561352^6781--40*/*/*/143-667281-95-260-13015-853-286,-258-5611^*6781^--40143-667/281*-95/-260*-130/15*---853+-286+
--+-^*/*336-371^8381422731-573*//-122631-8629-581*460^-1882,336-671*8381^/422+731--573--122631/-862/9*+-581-460-1882^*-
-++--+^-859258*//814-456-73^-1472*-387383*-331^6192-859385,-8592^58+814-456/732/-1472^*--387383*--3316192^^+-859+385-
++---+/-150-856*918^5421*-511-11+-179420728^-4441^1501-864,-150-483/9185421^*+-511-11*-179420-728+--5591^-1501^+-864+
+^++-++-*403^-691*-697-513-328-980^-8822-244*-533-654*16594-274,403-691^*-697-513*--328+-980+-8822^--244+-533-654*+16594*--274+
+++/32-350*725^-5281557+---^475-98/-457-623*920-638613^-8462,32-350/725-5281^*+557+4752^-457-623/-920-638*-613--8462^++
---/-+++--530-315-468/714383^5662141-271^64298881896/91310,530-315--468-714383/+5662^+141+-271-642^/881-896/91310/-
-+--+++^460215626^1151^61//544752301^8951^-3252,4602^156+26+1151^+-6371^-544752/301/-8951^+-3252^-
+885++-711512----/*//961-521644-354-636-164*-309^2682112/-959648,885469512+961-521+644/-354*-636/-164--3092682^*-112--959648/-++
++---+--151^+^9232-1231-628*-64^9601190^6902-268^2151,-1519232^-123+1^--628+-649601^*-190-6902^--448+2151^+
++--^5872/-**//-452597998318494-6459999^121^83920702,5872^452597-998/318/494*-64*599/99/-12150^-8392^+702+
+104//-961659--^*694-500++^8011//-421-759922682-307/113-861213,104-961659/694-500*8011^-421-759+922/+682+/-307-113861213-^-/+
---+-+-*676-257122/-401376377228^-4721-841*-931++460767*-792-817,676-257*122--401376/+377--618+-4721^--841--931460767/878-817*+*-
+--^-6992*361997*-152^-4821*/200434-*693-55/-338+/-890-910-331,-6992^361997*--152-4821^**200434/125-55*-338-890-910/-331+/-*+
++++^-4311*/**-194-141-+^176165-493951460//711-900244550-955,-4311^-194-141*1761^65+-493-*951/460*+711-900/244/+550+-955+
++-+998-489*4757577++/-360+--^-8632420/-640^-6402-838-208997,-635-489+47575*-77+-360-8632^420--640-6402^/--838+/-208+997++
+-++++//851-983^+*++45883566^511-6811-359848972-160387-531,851-983/45883+566+511^+-681+1^/-359+848+972+-160+387--531+
/--615363-/-+++-194-958-616/*/*-21189164436^7101^-8982-521899,343363--194-958+-616+-211891*644/36*7101^/+-8982^--521-899-/
-+-++*982^**/*765325167672881*40-31826148-814+82*950232,98276532*922/767*288*1^*40-318^+26+148--814+82950-166*+-
+-996*/101910+--753*145^682^6812*-475+-^2032160^498-94,-996101910/753145682^*^6812^--1412032^160-4982^+*+*+
+-+-+-438^-6442*529^-5332^-3121*/+/214223-559-622231-845-77,-557-6442^-529-5332^*+-3121^-214223/-559/-622/231*+-845--77+
+-++-96^272687*/268947356^9891**-426780+/-605705+-97520,96272^-687+-155947/356*+9891^--426780*-605705/-97520++*+
+^9802---^2521-274117/-/+-+^2182-424765^-4122-678656789,9802^2521^-274-117-2182^-424*765--4122^+-678-656-789/-+
+++--*-748^-9902/*-481756^4362*-203997-16//*-852-619239-386974,-748-9902^*-481756*4362*/--203997*--16+-852-619/239/-386*+974+
-++++++*/763698^-4982*265299^92-33^9031/-553439-972474573,763698/-4982^*265299*+922^+9031^+-553439/+-972+474+573-
+-+-+--*-293^-4022^2191^5592/-929-284^7152-753^4072468,-293-4022^*2191^-5592^--929-284/+7152^--753+4072^-468+
-+-+--+++--6372*586-231564-26908444*/-626-651825^-6242134-830,-6372^586-231*+564+-26+908-444--626-651/825*+-6242^-134+-830-
++++---909*/554-658920542^-9791-164**+-291-362-695^-8861/370-832,-909554-658/920*-542--979-878^+-164+746-362--695*-8861^*+370-832/+
--+842556*++*853-*/105-331-121742334*505-544^-6001+*22-644-98,842546+853105-331/-121*742-*334+505-544/+-6001^*-22-644*-98+-
-+///184561-15-++-^-9551286^310265614*-162^9181^-7102,184561/-15/-9551^286-3102^+65+614-/-1629181^*+-7102^-
++^-6541-484++544*+684252-232/-355-+-^-691^-4832430^-811,-6541^-484+544684252+-232*+-355-691^-4832^--131+-811^-/++
-++^+*-150^-3691/-266772-859/934^//**614759783-598-431-901774,-350-3691^*-26677/+2^-859+934614759*783*-598/-431/-901-/+774-
++-731*-737662/*//+-/504337648*-537-141166-512*603-861^-5392-922,731-651662*-504337/648--537-141*+166/-512/603-861**-5392^/+-922+
---119-615/808+-94/++---^3032-40175/349893/*-42555-314-858-390,-119-615-808-943032^-40-175-349893/--42555*-314/+-858+-390/+--
-^-7782**-239189/473-+-+-185986-152+^-8171*922940^-8371-843,-7782^-239189*602-527986--152+-8171^922940*+--7891^+-843-/*-
-/730-629/*+^-2631*-828-298520+-965931-260+-*20191^5621-179,730-629/-2631^-828-298*+520*965931-29599991*5621^--179+-+/-
-+-*196-355//-429927^9881-84---+//182-700-582976^-2072-424-376,196-355*-429927/9881^/--84+182-700/-582/613+-2072^--424--376--
+-+-+/138-361^6292^7742//*351-342147216/*-376-756-206*75-157,138-361/6292^+7742^-351-342*147/216/+-376-756*-206/-75-157*+
+/4602/-405--+--471/860/546855*338-166173/*664-524^-1261-290,4602^-405471860546855//-338-166*-173+664-524*-1261^/-901-++
+--+++-+413*-563457-928**85-885642-358*-400^-5292945^-240-152-437,413443457*+-928-85-885*642*+-358+-400-5292^*+945--2402^--437^
--+-/661-949/*271-779846330*-174^3381*-118//**-490-381333797-54,661-949/271-779*846--330+-1743381^*--118-490-381*333*797/-54/*-
----+--^8081/627-604576^7842220/-664-821^2731--841^-9082,8081^627-604/-576+7842^+220--664-821/-2731^--841-9082^-*
-+-/-++++^9681792768^-3091981-518^421^-1102*924-676497,-7691^792+768+-3091^+981+-518-421^+-1102^-924-676*+-713-
--++-+91500^^^-5802-742*/635-693-669-591/*-920969^571186,91500+-5802^-74+2^-635-693/-669*+-591+-543969*571^/-186-
-+636/-251978+-++^-9292283^1272^-577***-8869301513702749,636-251978/+-9292^283+1272^+577-886930*151*370*-2^-749/-
--*449-864++------232^-11^9441-741/341-674-299-904376/395-968,-924-864*-232-11^-9441^--741-341-674/--299--904+376--395-968/-
+++833^432+-*308-611102630---+^6031^-1101-549^1812-973,833432^+930-611*102-630++4291^-1101^+-549-1812^-385-+
+-++-//-29-690683/*/*^/145-34-397348-779-868532^-6032165531-804,-29-690/683/145-34/-397*348*-779*-868*532/--5532^+165+531--804+
++-116^-6021++-*/448-18652+-359-956^762317/133+-376/*-765-222-809,-116-602850^+-970-186/52*-359-956+-7622^+133-376-765-222*-809/+/++
+-+++-170-520^7821/*/-906468192433///690-402782-158464*-525554,170-520-551^+-906468/-480*433/+690-402/782/-158/+464--525554*+
--++-+741/**-590810581^6972/635^6992603-572/-633-455/-611471,741-590679*581*6972^/+6356992^/-603+-572+-633315^--611471/-
++-537^7371--++++^131176695550^-3012562-545+^-6961219,-5377371^+1311^766+955/50+301256-2^+-545--6961^219+/+
+-442*712-841*-303----156^-1002/*621954-365170261-*444-834707,442712-841*--303156-1002^-621954*365170-/-500-444-834*707--*+
--+--/-900^-136-764-161*/*981755/302991^-7271^-8652748/725907,-900-1361^/-161-981755*302991//-7271^*--8652^+748-725907/-
--+-++++-382207^-1751-840^7351*/98325-119524^3972-302-389,-382207+-1751^+-840+7351^+98325/-119*-524+3972^-302-389--
++--+--++-212-268*/301575-192-381-1533-449^9652-339^-6652407,212-268-301575/589*+-381+-1-533--763+9652^--339--6652^+407+
+++---+-31821--^4711-221194/318285-162/-679-411-775//702543-706,-782821+4711^-221-194--318285/--162/-679-411/+-775+702543/-706/+
+-+577-332589-+--+-327*-51315^1152-403*-898^8722-^4342226,577-332+589--327-51315*+1152^--403--8988722^*+3282^226--+
+--+-+-++---753-970^-4722-60364-831/540337^4552548202829-931,-753-970--4722^--603+64+-831-540364/+4552^-548+202-829--931+
+^+*--+--21*--26972^7862-170*-37924511-712-33-634937/618-347,21-26972-7862^*--170--37924*+511--712--33*-634+937+618-347/+
^-+-800499**308268^-9121***731899539-865*/-839-*-798466744-286,800499-308268*-9121^*-731899*539*-865*--839-798466*744-/-286*+
-+---*573-334^542*-924-525198-+*-233837^4021-437-+331723-334,573-334*542^--924-525*-107--233969*4021^+-437-+331723--334--
-++---*-29135^-4672290474-814259--301*873^5042+17^9012,-29135*-4672^-290--345--814+259+3018735042^*-179012^+--
---924-640-/667^-3461**690-804+--^1741/-626-700/43554*-1476,-924-640-667-3461*/690-804*1741^-626-700/-43554/+119476*+*--
++-/++^7342^-2611954704^916124*/-278--855-12/12760598,-7452^-2611^+954+704-9161^-24+-278855-12-12760/-/330*+
----430-++^-8671/88543*739411^-884763579^-8512/785^5252,430-8671^88543/+739411*+-884-31*--579--8512^-7855252^/-
++-+--+--117801/563^4651-+--815-419^199215389224449-109231,-117801-5634651^/+-815-419-1992^+153--892-24+449--109+231+
-+652/**835760-354^-5392/51**/-932-794-617*592+/-224-239/124-19,652835760*-354*-5392^*+51-932-794/-617*592-224964/124-19/+**/-
-+-385429/-896+--^9102311-929/868++--997337^-5721+301/79-374,-385429+-8969102^311--929-868-997337--5721^+30179-374/++/+/-
-*217657*/584-49--^6581/542-751/+--270293^-4981464*-287271,217657*560-49/6581^542-751/-270293--4981^-464+-287271*/-*-
+++*///-268-427-108845325^5242^9171++-+259-251312*-588-712-153,-268-427/-108/845/325*5242^+9171^+259-251+312*-588827*+-153^+
-++++++^2512^8321*802^4781759-624659--907-441*-404380501,2512^8321/+8024781**+759+-624+659+907-441--404380*-+501-
-+--++^-7111/-45-43-162*/*-57429612180//682312^-4372216-220,-7111^-45-43/+-162+-574296*-867/180*-682312/-4372^/-216+623-
+-----*-69879*-273286^1791628/**33084884-505/*0951922810,-69879*-273286*--6301^-628-330848*84*-505/-0951*922/-810+
-----+---819-633^-3222^-9832^-7291*/*-365-29770137-279303290,-819-633--3222^--9832-+-7291^--365-297*70/137*--279--314-290+
//*---+--/421-901291*/498336-781-246*-734-541^-8132-873365-836-184,421-901/291-498336/-781*--246+-734-541*--8132^--873-365*-836/-184/
++++-+-+-766579423-331*-54220*9749*-999-681-914280/*814-382784,-766579+423-849+-54220*-9749*+-999-681*+914280*+-919-382*784/+
-++-----471613/-795^609420^1312*-980-872/883772/-337^6051724,-471613--7956091^/-1312^--980-58*-883772/+-3376051^/+724-
++++-+///-902874-615^2522205^-756259-^681-138-964-898810,-902874/-615/2522^/205+-7562^-59*681^-138-+-964+898810-+
+----+--411743/-93-51320^-301/**/-839-27-297-364-931-892*-561-569,-411743-601-513/+20--301^--839-27/-297*-364*-931/-619--561-569*+
+/-614^-+^-5521/600494*++/*-670-505-498817*1438476391^-8702,-614-5521^600494/+-670-505*-498/817+143847*+639*-1^/-8702^+
+----^+-694481*-692-691-441-87/396-710/**-762117551-476/636-711,694481--692-69*+1^-441--87-396362/--762117*551*-476/-636-711/+
+--++^-4002^6571-682464^8571+-+^-9631^-5712^8652677,-4002^-8071-+-682-464-8571^-4401^-5712^+8652^-677++
+-^-910127**448+*-652++-^8632*-557^-5551485/653-278841162,-9101^27-448-6528632^-5571541^*-485+653-278/+*841+*162*/
----+++290/-439297^8641459997^-4681^-1211-54/-752^8711,290439297/8641^/+459+997+-468415^--1211^-771--7528711^/-
--+*304^-9262+^784199694**//-27463629760-+/-222-550194887,304-9262^*7841^996++94--274636/297/60*66-550/194+887-*-
-+++-699/*-801589-117*/--^5391^-6742778-911^4132*-900764396,-699-801589*-117/+5391^9002^-778--911/4132^*+-900764*+396-
-++-194992^-5732-321/-992-+889^1141--182-+-519^3181^-9542,194992--5732^+-321+-9928891141^+-182-5193181^+-9542^---//
--+^192^8481-702//-710--+*276^-3282307^4672-306^-1691,192^8481^+-702--710276-3282^*307+4672^--306-+-1691^/-
+*999739/-621-----^-7301^-9582/-227150*-54762809/696^6992,999739*-621-7301^-8192^--227150/--54762*-809-6966992^/-/+
-+-932---827-497^-6872265*-135-+^-701383+^7981//11900342,-932-63-497--6872^-265-+-135-701^383+7981^11900/-207/+-*-
+//*483-389-329-947*995**-215-758^-+*922-555/16-177^-32*459-902,483-389*-329/-947/995-215-758*922-555*16-177/+-32+-459-902*-**+
-+-----+841/556^4672262*112628-380-906^-8732//-332-210-399112,8415564672^/+262-112628*--380--906--8732^--332-210/-399/+112-
---^8881/-256315^-882*^+*-91+-^-1052743-235753750/-365982,8881^-256315/--882^--91-1052^743--235+*216*750/-365982/*-
+*-904---/-763^6862/-191^-9571^-8851-160/-846+*75545/-615-94,-904-7636862^/-191-957-503^/--8851^--160-*-84675545*-615-94/+/+
--+/935^9592/604^132-858*97---^6752^-4012674*-868-278,499592^/604132^/+-858-906752^-4012^-674+-868-278*-*-
-/-+-++-+388*-351812-143-622-363-697-485*-295^-5491^9971/973747,388-351812*+76--622+-363+-697--485/-295-5491^*-9971^-973747/-
+--+-^-2482/750927^3222^1831^-2372*/*/-98639573-650-674,2152^750927/-3222^+-8791^--2372^--646395/73*-650/-674*+
-+-^3881*+++-360/-742883791984**365-197-527915*-601-85+979-214,3881^360-742883*-791+984+365-197*-527*+915*--601-85*+979-214+-
/--+-*-734-923109-103-462-577--^-9112-820-^6791*-13+-911/344-915,-734-923*109/-103+-462--577--9112^-820-6791^-13-911344-915/+*--/
--++----88236989-657851^262^3551**/+-561440270-631-822-129,88236-989--657-851-262^+3551^+-561440+270/-631*-822*--129-
--+*//*-382719-929-240-988//672-956-724*462-+^9141-314*574-351-163,-382719*-929/-240/-988*672-956/-724/+4629141^-314+574-351*-*--163-
+-+*7866828-270**376-925-+^-9371^/266-625607-+-85824470-513,7866*828+-270-376-925*-9371^266-625/607*+85824-470+-281--*+
-+--991/296-454/-6862*733+//-469181-87+-^2841^261*702-39,-991296-454/--6862/+733-469181/-87/2841^261^-702-39*++*-
--*-349-833++684**/96152-330^-9672*463-529+-^9101317/77522,-349-833*68496152/-330*-9672^*+463-529*+^9101^317-77522/+-
--+---+**-52-447613^942-846*471-774-802-400^3861+-246+69-242,-893-447*613*942^+-846-471-774*--802--400+3861^-26669-242++-
/828-++-61**-775-726200^-3552*678+--18441320+*3771^4081,828-61775-726-200*-3552^*+132-18441-320+*+3771^4081^+-/
---+-++-975475/-341790^3422177//715-222771^-2002/*996594-996,-975475+-341790/+2772^-177+715-222/771/--2002^-996594*-996^-
++571-754//-134313-^9851++++--/-907-480581174403^-3562-920-67,571-754+-75313/9851^-907-480/581-174-403+-3562^+-920+-67+-/+
--+-^8911*717-363/-585-146660+-//620-275-919/-829-535*-267*730-751,-5291^717-363*--585-146/+660-620-275/-919/-829-535/--267730-751**+-
+--226*-713^8392-816+///-649--+2011^4542625-696^2261-874,619-713839-311^*-816-6492011^4542^-625-/-696/2261^/-153+-+
+--^-9781^-8451-195/-133-/--740^-391-823++-848-884/*-95-766-517,-978-813^-8451^--195--133-740-391^--823+-848-884/-95-766*-517/+-/+
---+-*/-918-201^3122329^4522^1861**194212-978//3-430418,-918393+3122^*329-4522^+1861^-194212*-978*^3-430/418/-
-*/827-74-886++-^7621^-9491-259/*/-949641668+/728574^-6211,827-74/-886*7621^-9491^--259+-949641/668*728574/-621-758^+/+-
+--960285-700/-838*368-+-+863**413849-905-277/504-666-^-2102-392,960285--700--838368863413849*-143*+-277-504-666/+-2102^-392--*/+
+-++-+366^-382/4694371^-8212-762*501^682^9732+93992,366382469437/-1^+-8212^--762+501682^*+9732/-93992/+
+329*242-**59++-190-621682*452-331^1601/*-742-994+-865/770-646,32924259190-621-682+-785-331*+*1601^*-742-994*-865770-646/+/-*+
+++-749*-984^-141--4832743----84-992/106^-2182-898^3992,-749-984-141^*+4832*743-+84-992-106-2182^/--898-3992^-+
----444-380**34979-1000*/*385-334926+/*/853-11418-549*797^9232,-444-380-34979*-1000*-385-334*926/853-114/18*-549/7979232^*+*-
--272*///***793-132958--312-4729-73356^2752+^-552*-81947,272793-132*958*-312-4-*164/-73/356/2752^*--552^-81947*+-
--355*/***646-505+-//-753466-139-1000-869-382-/-82971//528-503-47-736,-355646-505*-753466/-139/-1000--869+*-382*-82971/528-503/-47/-/-736*-
-++-***-399150863^-9431324//*330-116374^9342^9201^1061,-399150*863*-9431^*324-330-116*374/9342^/+9201^+1061^-
----+^-1381-+-+-801785^4521304491-614^3012^-671^1262,-1381^-801785-4521^--884+491-+-614-3012^--671^-1262^-
++-+^-2212/29673-780/-713---954-298*//-414-477-329^1131140850,-221304^29673/+-780--713954-298--414-477/-329/1131^*-140-/+850+
---^+/-93-2452332/-993++-^694-241597//587775-719*-776608-98-847,-93-815/233+2^-9936942^597-587775/-719/+-776608*+/--98--847-
-^^-8931/*440-74-375-+112*593---805*538^-995223+522/614151,-8931^440-74*-375/-112593-805538-9952^*-23+*+522614151/+--
+-45+-+-^7251*-635197^-5681*-451^-8731-+*376^-4652-462-484,-457251^-635197*--5681^+-451-1911^*-376-4652^*-462+-484-++
+-+--316*32-606-630^-7022*/-98-411----^6721744239381*-37-554,-31632-606*--630+-7022^--98-411-6721^744-239-381--37-554*-*+
-+**/-78-617-*422^-941-268^-1481-+67-438*-389202/-6+807-705,-78-617/422-941^*156---1481^*67-438+-389202*-+-6807-705+/-
-^+-+-+745-930483//*490-297-413^-9192114451***-939178-783266,745-930+483--944-297*-413/-9192^/+11-445+1^-939236*-783*266*-
---+766^+/**/13-50-423781-387**-55-3947862/521-376-209^4451,76613-50/-423*781--387/-55-394*786*/2^/521-376/--209-4451^-
-+-++-*-371^-5352/-890^382374882*-481611/-796-96*/13348-59,-729-5352^/-890382+/-374+-246+-481611*--796-96/+13348/-59*-
/866+-+-+^-6412*428985//673-514-874/-881^-362^-5481*-5562,866-6412^428985*+673-514/-874/--881-362^/+-5481^--5562^+-
+---+++/---53354120/-383-656626^-322^-4461*-948103-750-212961,-53354-120--383-656/+626+-322^+5171^+-948103*--750--131-961+
+237-+*-279^9382/454^-+-^6412172^//9852712491-5672107,237-2799382**4546412^172-985271^249/1^+-567-2^/+107-+
--/-651-978/*-694487-349--918+-497*-686++--327*137-968/235-500+712171,-651-978/-694487*933/--918-497-686-327203-968*^235-500/+712171++*+--
+---+---689++--882724-539/552838^-4962^438199^-5621-644296,-689-882724--539-552838/+--4962^-4381^+99--5621^--644-296+
--+^-161-417-185**561-979+++++-187*-282-864-546-631^8751*-198-447,-161^-417+-185-561-979*-187-282-864*+-546^-631+8751^+-198-447*+*-
+--*791856/*/*784400802138^+*/865477-803/6529102^181,791^856-784400*802/138^865477^-803*652910/+2^/-181^+
-+^+-++-347516588//13-142^-5781^*/-118-4352842638285^-6381,-347516+826+764-142/-5781^/--118-435/284*2^+638+285+-6381^-
+^-161--+++-711*383^-8259-206^661/-595-844^-9262^-2581,-161^711383-822^*--206+661^+-595-844/+-9262^--2581^-+
----+/-175^-5822^-5162*629163577/*/*446362-2239216+907-165,-175-5822^/-5162^+629163*-577-446362*-406/39*216/-907-165+-
--**881+^-7681/*895-586-437^5341*326-894-+-598693/-810-609-699,881-7681^895-586*-437/+*5341^*326307*--598693+-810609-699-/--
----603/-975-133/-378-815+++-+--657^-2482-350-65648*934^-2332-202,-603-975-133/--378-815/--657-2482^--350+-65-648*934-2332^*+-202+-
+^//-407-572627309++/440^2392*151^--^8221896*-732-3872190,-407-572/627/309/4402392^/1518221^896--732-387*-2^*+190++
+-861-203----**136449-237-628*-885254^9552----537907-19957558,861-203-136449*-237*-628--885254*-9552^-537907--199--338-58--+
+-+-158-766*-412-165+*-635^-5472++--232-116^-7521/95^6012-576,-158-766+-412-165*--635-5472^/232-116--7521^--9626012^/+-870+++
-^+--++--421248169-777/-678^4821582*/620119^-123561^4322-881,-421-973-169+-777+-6784821^/-582-620119/-1232^*+4322^--881-
+-*/-87662655329**998823--^1241^-3262+-342//865358^28781,-87662/655*329-998823*1241^-3262^--342865358/28781-/+-*+
+-+--+*906-919/249543*-97-542-631//*/-166383-678593-74536*-626468,906-919*249543/+-97-542*--631--166383/-678*593/-74/+536--626468*+
^++/-806905^-8821///*937-884-759430383/584+--^-312199880109,-806905/-8821^+937-884*-759/430/383/+-926-312+199-880-109+/+
++++-+/949387*-623-962^-9511*/224506-248383-271*+-872-449670-494,949387/-623-962*+-9511^-224358/-248*+383+271-872-449+670*-+-494+
//-129-204+-+^-2712/-929^-9741^-5722++^-2962+-9561*879-101,-129-204/-2712^-929-9741^/+-5722^--2962^-9561^+879-101*++/
---*-+^7342**-746-856^-6762*/-508-717^-171*661673452-45-163,7342^-746-856*-6762/*+-508-717/-171^*-661673*+452--45--163-
+--395^-812^+++*577986-*134-838827*779^9621/-346-2892-670,395-81-214^-577986+134-838*827*+7799621^*+-346-289/+2^--670+
++^-8942**-835914-17++703145/745+--+/-373^-891214486336-549,-8942^-835914*-17*+703145+745839-8912^+144+86-336--549+/++
++/546+-682615**-633-458-204/-425+-^-9181--650*-518-526//-40359-498,546-682615+/-633-458*-204*+-425-9181^-650-518-526*/-386359/-982/+/+
++---+40*-450-590^-9781-528*316^3472-453*+*/-237-909509-267577,40-450-590*+-9781^--818-3163472^*--453+-237-909/509*-267*577*+
-+--+^-222^6152^8581-258^-4531--^1782^-8431/-452411,-222^6152^+8581^--258--4531^+1782^-8431^--452226/--
---+++++--898-986/-172-246-843*-72173^-2902563^-8212528*95693,-898-986--172-246/+-843+-72173*+-2902^+563+-8212^-451-95693*-
++++++841*/-81835316*6165*/-952-507-6^-781^2371*-881583,841757835/316*+6165*+-952-507/-6*+-781^+2371^+-881583*+
---+-+^-4722^-6452^-2331285/789-704655*205+**7952434-26,-4722^722^+-2331^-285+789501/-655-20579524*34*-26+*-
+-++^3372-189/206199*/-475-873512*978-16/*/*-934678-328848-662,3372^-189+206199/+-475-873/512*--75316-934678*-328/-20*-662/-*+
++-++/-691715^-2571-665**/56-786-433308537-*688^-9332/507-831,-691715/-6601^+-665+56-786/-433/308*-537+688-9332^*507-831/-+
-++--/*625211692///691114-735133-80892/-68-180972/*-525-441-280,255211*692/691114/-735/133/--808-92+68-180-972/+-525-441*-280/-
-+-687430/105-939*800-810-+-61-957/*-767282+^4171/*-202-345-70,687430-105-939/+800810-61-957+-767282*4171^-202-345*-70/+/--*-
-++-149^551-354-+++-602*-853^-9061^--840-916419509^2601-14,-149551^+-354+602-853-9061^*--840-144-2^+509+2601^+-14--
-^-3941/-161-+--/-448*659603^-862^8121872///-470-985955888,-3941^-161-448-691603*/-862^-8121^-872^-470-985/955/888/-/-
----994*-904-788^2021//-837++--925-85*+404852-56339/-793-239-775,-994-904-788*-2021^--837925-85-404852+-563*-39+-793-239/+/-775/-
++-998*-633448+++*/-714811-896*698-89*-376250++^625155631^-8111,-998-633448*+-714811/-896*698-89*+775250*+6252+631+-8111^+++
++//**568-^-4761259-254+--245/-599-271-766^1702/*134394147-419,568-4761^-453-*-254*-245-599-271/--807-/1702^/134394*147/+-419+
+^---++--111^-7762-26-400-440656/-284991/138470*753*/-581847-236,674-7762^--26+-400+-440-656--284991/-138470/+753-581847/-236**+
+-+-//571-110^+++-930-111-224^-60412572/397^-905119911287,571-110/930-111--224+-6041^+-964+2^/397-9051^/-19+911-287+
+++++970412712//438-957^-3362*262^-9891///*-943-64-40295-384,970412+712+438-957/-3362^/+262-9891^*+-943-64*-54/295/-384/+
++-++++-445-638^8021*232442232+-546564-251-^6611-610^-7762,-445-638+8021^+808442*+232+-546564+--251+-934113^610-7762^/-+
+-++-+-397-961384/*-753-250-231699^-7101**768-917-917*668^2291,397-961-384+-753-250*-231/-699+-7101^+768-917*-917*+6682291^*+
-+++*+^-8432/193-827^-9471*-123-866^-4361*967^-8741^2372,-8432^193-827/+-9471^+-123-866*+-4361^+967-8741^*+2372^-
+-+-++989244^-4832*/+9834645^-9372/-751^-5011/316432-268,989244+-4832^+98346+45/-9372^*--751-5011^/+316432/--268+
+-780-33/*//+/85607-915-742386601--953577--^-1392/319-32-50,780-33-85607/-915/-742/386/601*-619577/-1392^319-32/--50--/+
+----^^-4891^-2502-464^-7792//403563^-3682^9712*17616,-1791^-2502^--464--7792^-403563/-3682^/--8672^-17616*+
-----6152^5212/503^-^8541-6021-+939/-+-887-795-700-616-588,-6152^5212^-5038541^434-1^^-939-887-795+-700--616/+-588--
-++-+353/-884-^1462//-269749-926/-754341/-819^-3941-985/-26873,353-8841462^-269749/-926/-/+-754341/--819-3941^/+-985+-26873/-
/15+++++-+-594*-492-615608^-4021**-446-448656-496353/464^2882,15-594-492-615*^608--4021^+-446-448*656*+-496+353+4642882^/+/
+---+/-504^-5142336//755476332-79/*557-350-665+179//293-468-915,-504-5142^/336+755476/332/--79-557-350*-665/-179293-468+-915/++
+----+473^8762320/-810^-3601*580-259687+-^-7021*-330-112-268,-2848762^+320--810-3601^/-580-259*-687--7021^-330-112*--268++
----//**877-594336-994539-719464^2931*/-964+^5251/-190-24411,877-594*336*-994/539*-719-464-2931^--9645251^-190-244/+/11*-
++13/-733^1072^+-^7591/486693**//*-565901-119757-1745421,13-7331072*/+759-60^486693/--565901*-119/757/451*542*+1^+
-866/-41-+--230-799/*-596330-413/-882++++^5902^-397136775-448,866-41-230-799--596330*-413/+-8825902^-3971^+36+775+-448+/-/-
+-++++++*269536^8741/-698-307*678978/947^-2862-871-479964-131,269536*8741^+-698-307//678978*+947-2862^/+-871+-479+964--131+
+--*/*/595-72227-529-190*601^2542+--^-9391^-1431-780-634,595-722/27*-529/-190*601^-2542^--9391^4241^--780*-634++
-^-6991/-19++-+*/-94-475498-288*911^-141221*983*-226^7601,-6991^547-94-475/498*-288+911-141^*-221+983-2267601^/*+/-
+-*298^7921^-7612+^-2381--+--741*77^3891*64177448489,2987921^*-7612^--238546^-741773891^*-641774*+484-89-++
+---62-195-335*130-588--*306^8031-540*-812+*-546-114//-74-87817,62-403--335-130-588*-3068031^*-540--812-546-114*-74-878/17/+*-+
----791/*^-/-1/-823-117**-699620-140*-23898382/3-762^6812-711,-791-1-823-117//-699620*-140*--23898*-382-3-762//-6812^--711-
-++++++485647999/94-382^8202-44273+/-496^+^-702-732350,485647+999+94-382/+8202^+-442+73+-496-702^-73+2^/350+-
+--218313+--679-502^-8652++*/243-971^-7921-987*660+883/22462,-218313-679-502--8652^-243-971/-2551^*-125+660883224-231/+*++^
---+++-+-250-191-^-682-939-410880^-65514+--474-297369/-403-779,-250-191+-682^-939---410+880+-6551^+4--124-297-369+-812-779/-
-+++505*745^-8731//-533-552462/*//-285-784-909-82-721^*991-1280,505745-8731^*+-533-552/462/+-285-784/-909/-82*-721/+991-12*914*-
---+++++-192//598768-82323-643934375/*/*-181-23196263169-250-705,-192598768/-823/+23+-643+934+-763+-181-231*96/263*-43/--250--705-
---802^5102/+-+-+*264-819+/24648192^-1131-975-566886-80765,-8025852^-264-819*24648/192/+-1131^--975+-566-886+80765-/-
---++173-95/*-++-571*19420-654-917469704*/615-819-674/-553463-231,-757-95+-57119420*+-654+-917-469/704/+615-819/-674*--553463/--231-
-++-+--/-734107176^-4371+427*-118-332+-522313/-327-407-519-632,-734107*176--4371^-427-118-332/++-522^-313+-327-407/+519-632--
+-485-++-+++^-362^8212-419-66-485^2381174-*460-821492-239,-485-362^8212^+419-66-+-485+2381^-174+460-821*492*+-239-+
+^--+-+155309-146*-665^7561//*55-514-367^-21617984/222-454,155309+-146--4217561^*+-255-514*-367/-2161^/-7-2^222-454/+
--*/-434-907-93/-520^-1111--111**23-888-*347-526-//-2788554797,-434-907/-93*-520-1111^/--11123-888*347-526*-278/554/797--*--
+----+-/752732/*-817421-809-384^8272^-9071/-28-121811+307860,752732/-817421*-809/--384+8272^--9071^--737-121/-811-307860++
+----^1612^-72-172^-712^-4792**554-576+/-983^4232-727,1612^-72^--172--3502^--4792^-554-576*-9834232^/-727+*+
-+-208946+---312797*--+-^-7241711-715-805*-158-2^8291--84103,-208946+-312797/-7241^711--715+-805--158-2*-8291^*--84103-+-
-+--+-699/40842-626-+-*60^-4081^3792446-19-199*-705-465980,69940842/--626+60-4081^*3792^-446+-19---199+-705-465*+980-
+++--463^502212*/240-767119**7-636-//-373411^-3412^6402,-5685022^-12+240-767/119*+7-636*-373411/-3412^/6402^-*+
-++--*332431/-1091726^-7261*-125-90*278-*//324-501732-385262,332431*-1091^-726--7261^+-125-90*+278324-501/732/-385*262-*-
++----^-191/-264^-2311-897*850^441^-5051-767/--701384366,-191^-264-2311^/--250-850441^*--5051^--767+-701-515-366/+
+++**527-931/-739-560/-888^-3982*-++351^438211156-529^-8781,527-931*-739-560/+-888-3982^/-2564382^+111+56--529*+-8781^+
----+*-711^271/-+-^-3521-280189104848-836300-661/-872^-7761,-711271^*-3521^-280-189+104-848/+-836+-152--661--872-7761^/-
--293++-++--^899-13138^-9541*534475216/-322-9-720-/-848740586,-2938991^38--954200^-534475*+216+-322-9/--720+-848740/586-+-
--+---+//31-843-996^-5391-770538933/***517445526-452-407332590,217-843/-996/-539175^+-770-538-933-517445*526*-452*-407/+103-590-
-+^-2781-742-+-968-269++/492^2302*-494++/-215739-287/288-399650,-2781^-742+-968-269+492-4092^/-494-215739/-287+288-399/+*+650+--
+^5042//633-299-+-231^-5902--950+^-221479-67/433/-433180,5042^633-299/231-5902^-950-221^479+--67-+433-503180//--+
--+++-+*-255472^-2432//366786-302-775^-3902421*-291-416^-2132,-67472*-2432^+366786/-302/--775+-3902^+421+-291-416*--2132^-
--+---^*210591^9081/791-46712^7321^791/*-942186-304,21059*1^9081^-791-46/-825--340802^+791^--942186*-304/-
++-+/891^572648^-+-/-659211*783782-479*6666832*189747132,891572^/648+-659211/783782*--479+666273*-2^-189747*+132+
--+-338***//--297-11854-372-113-96317^++/-72415-886-4282*-773-234,-338-297-11*854/-372/-113*-96*317*+-72415/-886+-428+2^--773-234*-
++-+**-/-284^7432820-771-526^+3987741119^-8091--733504153,-2847432^/820--771*-526*398774+1^+119--809886^+733504-153-+
-+-*521^-6042/920-485//-95--+---86163584/-976459193-791125156,521-6042^*920-485/-809-86163-617--976459/+193--791-/-614/+156-
--+/-763661257-960+-+-^-4921^1872-991/-866680*//103627-910649,-763661/257+255--4921+1872^--991+-866680/-103627/-910/649*+-
+--++-+/154*119-617//908775773^3242282862/82^-8651265679,154119785*/908775/773/+3242^-282/862+82-8651^/-265-679-
^++--+*513^-9872^-7691-520^-3612^361-63**345852^972,513-9872^*-7691^+-520--3612^-361^+-63^345852*972^*+
+-*-647^7592^-3651--^4682/682-++--876*-106-914-188-247445386,-6477592^*-3651^-4682^682-876-106-914*--188+-247+445+/-84-+
+*+---213-425-440584/947269^1052+366/*589-966-*-425-293+945264,213-425+-440-584-947269/+1052^*366589-966*-425-293*945264+-/++
+--566485/-966^++--665-405861/*-301-++-228462-367-935^-5641-4042,-566485--966665-405-861+-301-228462--367+-221-*-5641^/+-404+2^/+
++--^-+-/583^7222-238-5867041^2921^6042/150-559/-543672,5837222^+-238--586+704-1^2921^-6042^-150-559/+-543672/+
-++++-++---733^-3882^-8901**-541407-254159-462-468694-65753472,-733-7252+--890571^--541407*-254*+159+-462-5+694+-65+753+472-
*/740-176++*-230-361/-554-65*-540+703//74-715++*-112968-599+443-839,710-176/-230-361*-554-65/+-54070374-715/-112968*-599+443449++/+*+*
-+-++-+++*-341^-3572-973938390-933/677369^-9012^-413223972,-341-3572^*-973+938+390+-933-677369/+-9012^--4132^-23+972-
+-++-455-414/168-766350+-*-252577663--590-^-5312/-529/*-862725-446,-455-414+252-766/+350-199577*663--590-5312^-529-862725*-446//--++
---90/421^-577863---379^3041+++*796^-2251/-588604394^6922,-90421-5772^/--3793041^-796-2251^*-588604/+394+692667^+--
+-+/462+---+^-3062841^3812808836-555/-555417676**953-13-287,462-3062^841+3812^-808-836--555+/-555417/+676-953-13*-817*+
----+-+-+---220-845-842/83875212/-851-82682804-422^-9572817462,-220-845--842-83875/+212--540-82*+682-804+-422-7892^--693-462-
-+----^-311/-311^-4332^-6162161^6162832/-61//812188942,-311^-311-4332^/--6162^-161-6162^-832+-61231188/942^/-
+-+++--788983*266699*265759^188-486*-404-850*-52^1841/-2462,788983-266699*-265759*+188-316^+-404-850*+-521841^*--2462^+
+-281574///614420900++--/770379/+-163-678-805^9971438-60211,281574-614420/900/770379/163-678--805+7821^/-438--60+211+/+
---**-919-309^2132-98685++++-126/-94360749*-451^9732*285206,-919-309*2132^*-986-85--126-94360/+749+-4519732^*+285206*+*
--+-++/-677-908--711/938+7672//10766-675-745*-45678-687159-564,-677-908/7119387672^/-10766/-675/-+-745+-45678*--687+159--564-
+-913126///229-470941--/194-98834/-505^---717^-5741/190112,913126-481-470/941/194-988/784--505-717-5741^-19011/-2^/-/+
-+--+--/*-126-829^-261149-413**197136^-5881510-864-986*-286-751,-126-829*-2611^/160--413-197136*-5881^*-510--864--986+-286379*-
++/+---+-822228279313339+----784951-712801280*-332-977^-9111-854,-822228+279-313-339--784951--712-801-280++-332-977*+-9111^+-854+
++--187466871/558+***107-205-125^-//33*437-648273-4322247153,187430-871-558107-205*-125*33437-648*/273/-432-2^*247+/+153+
+*++^-8742-527-433-469/+-*//*-592-801273-768^+-3366961-551-510323,-8742^-527+-433+-469*-592-801*273/-768/-336696+1^*-551--510+323/+
+*930^+--*447176*635^-8832-976-3401///776577-451-/84955-699,930447176*635-8832^*--976--340+1^*776577/-451/84955/-787-/+
-+++86-289/+-^-7292/-589+*-998^-9712947-294^-4081^-8332-396,86-289+-7292^-589-998-9712^*947+/--294+-4081^//-8332^+-396-
++++--/*/*-675-866-168717997/695430^-211/929384-273/-153-831736,-675-866*-168/717*-923/695430/--211^-929384/+-273+-153-831/+736+
+++--^-325***655490-633-2301-62247*7941/-833871*-890^-342,325655490*-633*-230*+1^-622-47-7941^+-833871/+-8905352^*+
++-+-370*-676-722-848*139-403^8101+-601-++875*-622-219-451^7311,370-676-722*--848+139-403*-8101^+-601875-622-219*+-451+7311^-+-
+-+-++-564*-306105^-2381383*440-413889+--574-416/-683-866^-7041,-564-306105*+-2381^+383-440-413*+889--574-416--6838666381^-/+/
+627**--^-1131^3141-918-410-+--^-3081*944-828-109^-6742-43,627-341^3141^--918--410*-3081^944-828*--109--6742^+-43-*+
+-+-++/109-971/917612395/259348^-8512-431-+/240-708-67/644-78,109-971/917612/+395+259348/--8512^+-431-240-708/-67+644-78/-+
-++434-392-453--+370**902-+-++509/-575271-686-677457657386130557,434-392+-453+370902509-575271/+-686+-677-457+657-*386*+130-557-/
++^6011^3622--++-115-633/-902^-1561/**468-437-890-888*-8092,6011^3622^+-115-633+-902-1561^/+468-437*-890*-888/--8092^-+
*-+----30590^515936695^8902^8051/++429^451/692580717,-30590-5152^-695-8902^+8051^-639451^+692580/+717/-
-++---440*251-742^-2522291*-905880-144*/-907-156----113-715-373238,440251-742*--252872^-291--905880*+-144+-907-156/-113-715--373+238-*-
**/-999-403-406++*-868^1432++*-373534/-286^-18*-836-947715776-351,78-403/-406*-8681432-*-373534*-28618-836-947*-2^/+776++-351+*
-+-+**-834231^891*/-628-539-809699^+^7681*-1983591--944450,-834231*891^*-628-539/864*+699-7681^489359*+1^+-944450/-
+---++-^2031*-33578**143651^-1512-187695737^-4292--49717,2031^-33578*-143651*-1512^^+-187+695-737-4852^--83617-+
++-+-++***-896673113-750/-18273035**-412-804-525/-836105-246394-97,-896673*113*-750*-182730/+35+-412-804*-525*--836105/+-5-394+-97+
-+++-*149910*829-794*412-846-331^-4731^-+-79-26^-362-9832,149910+829-794*-412-846*+-331+-4731^+-91-26--362-+-983-2^-
-71*952//-540-653-----++^-6682^942135-45828-445816-197/996270,71952-540-653+-6682^9422^--45+828/-445-816--197-996270/-/*-
+-+-+-++-215-373*-232158440^5821*-745383*-533321*/470-419-131827,-215-373+-232158*+440--3321^+-745383*--533321*+470-419/-131*-827+
++**/*462266507554700^-6521+-+432*-82-398//-50230^7861-417,462266*-22/554*700*-6521^+265-82-398*+-50230/7861^/--417++
++-+-+*897^231*974593*-322--644*19-470*493169912729/279109,897231^*974593/+-322-64419-470*-*-493169*+912-729+279109/+
+++/*614-471^435612^4912**708312^-4841/^**-764-17281932574,614-471*4351^/4912^+708312*-4841^*+-764-172*81*932/574/+
++^-9662^*1545611/*-273360++-+-658-871613/*20-199-566-315-677,-9662^653561-1^+-273360*658-871-613+20-199*-566/--315+-677+/+
++/--+-25^-3461/***146-987-60285-119911-852/*633-942-518/-323991,-25-3461^+146-987*-602*85*-119/-911--852+633-942*-518/+-323623/+
+---++^2061^-4571214+-68-53^3732-259*-69-//-314978262-781,2061^-4571^-214+-68-53+-3732^--259^-69-314978/262/-781-*+
++-728/664-/*-146271913808*-760^3412++-196*-343-750---756217-560,728664-146271*913/808-/--760341-510^*+-196-343-750*+-756217--560-++
+-+---/628^/*914649-3702^5932-567^1392^-6351937+147-202,628914649*-873/2^/5932^--567-1392^--6351^+495-147-202++
-+---+-356-185-529-878^+/-999^-6122-7861*523^-2122//633305809,-356-185+-529--878--999-6122^/-786+1^-523-2122^*+633305/809/-
+-400^-7022+-+---++^-152367841*342-285242-180986-824^171-126,400-7022^--152367/841+170-285*+242-760-986--824+171^--126++
-+-427-793/-184++++++--999-580-633^-6011613^8451*-624^4772-533,-427-793+-184-999-739--723+-6011^+613+8451^+-6244772^*--533+/-
--+*//194740400^7762422^2681-/**/889-363-100-342^2082-222,194740/400/7762^*422-2681^-889-363/-100*-342*2082^/-222--
++----^8262502*-770-256^2882*42-^-6582*364478^1712324,8262^502--770-256*--82^-42-6582^-93478*-*-1712^+324+
---++++/319985/-533-350/-455843/-701918+829-487-653/-957662/-907-675,319-458/-533-350/+-455843/+-701918/+829-487++-653--957662/--907-675/-
++-+++--998*-716107^-^-71624252-424^8322-494*-17-934*-212929,-184-716107*--7162^425-2^+-424+8322^+-494--17-934*+-212929*+
-+--+-180//886-130^-5212421/-730-298^6342*/*/405519-674823-24,-180886-130/-5212^/+421--730-298/-6342^+405519/-34*823/-418*-
+--+-+---430**-998-431-855-399^-2892^-6712-707/-967-160-464^-4432,-430-998-16*-855*--399--2892^+-6712^--67+-967-160/--464^-4432^+
+--^8812/64429249-+++^5232*-284948/-108998--111-372^-4241,8812^64429/-249-5232^-284948*+-108998/+-111-372-+-4241^-+
++--^-582-32-423^++*/+171162514^3942/3374786911^262,-582^-32--423-171162/514*3942^*337478/+691+-753^+262^+
-+-+++-*-370-572^-181-731^-1521-627^-5181*/898577^-771377,-370-572*-181^--731+-1521^+-627+-5181^-898577/-771^*+377-
-+-++--660645/315-584-944504///49775115+++604^8202746275-647,-660645-315-584/+-944+504-49775/115/6048202^+746+275+/+-647-
++-++++^7222-987^8112888*-854-135/-234^-5921^-2791+-821,7222^-987+8112^+888+-854-135*+-234-5921^/--2791^+-821^+
+++^9912^-4311*/674703-542/*/-813-16929+-^-1932^-4502-956,9912^-4311^+674703/631*+-813-16/929*-1932^-292^--956+*+
+*960-568/*820-111----/-730899*-11^476-462/-295^-7972/-70-282755,960-568*820-111*-730899/-114762^*--295-7972^/--70290/-755-/+
-++---++576119/-945-314*923^-6101-588^7582605**-23439-69527,576119+-945-314/+923-6101^*^-588-7582^-605+-23439*-69*+527-
++++++---^-5192-121^-9351^-1292-192^5772473^-5701895-1,-5192^-68--9351^--1292^--192+5772^+-304+-5701^+895+-1+
-+-671817-+-+-+-/-84^-701^9182*-275-264102^5921357-148593,-671817+-84-701^/9182^--275-264*+102-5921^+357--148^593--
-828*/815573--/762^4552*--^9302^-5051483-225/*819-816-56,828815573/7624552^/9302+-5051^-483--225*-271-387*-56/-*-
---+^-2632539248145+*-571712--804*-49^8911***-25-277-168211,-2632+539+248-145--571712*804-498911^/--25-277*-168*211*-+-
+++-++-^-842^6932-470^2862//407-312^6182-395-423/-953686,-842^6932^--470+2862^+407-312/6182^/--395+-423+-953686/+
+-+---++-^-5232/946*-725-726-513789153/-883-102^-9711401-464-51,-5232^946-725962//--513+789+153--883-102/--9711^-401+-464--51+
++*/**/-529-7515395-436708^-9772*-267-/57^-5072*-588^-9342,-529-751/539*5*491/708*9842^+-26757-5072^/-588-9342^*-*+
--+-++-+^6982+-748*140398*-599-93/-470-884^4881716207-123-358,6982^-748140398*++-599532*--470-884/+4881^+716-207+-123--358-
-*-225-402+--917^-2521+-/-215^576734/-69270//**-22-474-378-737450,-225-402*-917-2521^--2155761^/-69270/--22-474*-378*-737/450/++-
-+-+-+---261252-99845+734-45943/-616-378/-419-496/*353-490820684,261252--998-45+734-459++43--616-378/+-419-496/-353-490*820/+684+
+--+--*-952^-3532^-4571893**581583186^-58668^+-331-7102-942,-952-3532^*-4571^-893-581583*186*+-5741^--331-710+2^--942+
*-51+^-1082--*-674810/-448737*/*-569-/-92666/*-155934-100-743440,-272-1082^-674810*-448737/-341-92666/-155934*-100/-*-743/440*-+*
/420--*972^6701^-9492+534*257^-+478-76^-7471-+-457324-418,4209726701^*-9492^-534257478-76+-7471^--457324+-418-+*+-/
+++--+^840-399*-90^-9551574-323/275-116**-282995311*492^-954293,8402^-90-9551^*+574--323-275-116/+-282995*311*+492-9541^*+
-+++*^829-222^7202/-655297/275^9931/940^6391/301^6081,829-222/7202^*-655297/+2759931^/+9406391^/+3016081//-
---^-6091/171191-150+303/132^++-^875256*202-993*-21-5601,-6091^711191/+-150-3031328752^56-202-993*+-21-560*+1^/+-
-----492/663^4111//*63567697^-4391^/871-1171/-793^-5932,-492663-6481^/-63567*697--4391^/-871-117/1^--793-5932^/-
-++--+840/*595750^1162-937/*-492-201^6512*-176-660/807-48-655,840595750*1162^/+-937--492-201*6512^/--17667*+807-48/+-655-
++--523-933^7692+-+--+952-335^7372-26283-811--296/473+345-807,-523-933-7692^+952-335+7372^--26-283+-811--296473345-807+/-++
---/-+280*206^-8871*89980^-4981*221^-6442/791/321530907,280206-8871^*+89980*--4981^+221-6442^*-791321530//-907-
+-++++*29^-2432^-9442*-839^-4762542/*-28500978-229*-913-424,29-2432^*-9442^+-839-4762^*+542+-28500*978/+-229--913336*/
-+-+++--606201^-9631^-1602^-^64814371-205*168^-5812521,-606201--9631^+-1602^+-4841^-577-1^+-205-168-5812^*+521-
--+++-91-51/859881-904++-/-266767-529***/53-521557-776323-778601,-91-51+859881/+-904+-266767/-529-53-521/557*-776*323/+-778+-601-
--++++--854554*/785810966**-768753-423^-709299*687600^3451425,-854554-785810/966*+-768753*-423*+-709299*+687600*+3451^-425-
+++-^-3641*-678820*//-133-48-912^1992689/+158/-953^2321-602,-3641^-678820*--133-48/628/1992^*+689+158-9532321^/+-602++
+//*125586414-920*-421---868/24-377+-+++542351*619238-424-753-84,125586*414/-920/-421-86824-377/-542351+619238*+-199+-753--84+-*+
+--+---/*-591-469-798^-1262*103-453/-926^6982724/615-294-669-292,-822-469*-798/-1262^-103-453*--9266982^/-724+615-294/--669*-292+
++-+*-569^***634973905-3201850/55^842^3561/-635^7672,-569634973*905*-320*1^*850+55-5752^/-3561^+-635-4112^/+
+++-++++-**180-394*3781142^-1202-725-800-308*-799-858-913893-33,180-394*3781^*142--1202^+457+-800+-308+-799-858*--913+893+-33+
+--**-446943^-601502-554//--^1702556-288--^-5871-731-926695,-446943/-601^*502--554-1702^556--288--5871^-731--926-/695/+
-+++--^6291/*47326755-315*6532-837*/*61154-158^13144,-1251^47326-755/--315-6532^+-837+61154*-158/131^*+44-
-+-/-71166-226^-3552-+*362-481^-421+*-558815***-357-843518-925,-71166/-226--3552^+362-481*-8941^+-558815*-357-843*518*-925*+--
-/*-292-263+--+*583^3291*53897981-199-837++--437*-215-526-893-940,-292-263*5833291^*53897*+981--559--837+/-437-215-526*--893+-940+-
+-^-1471/-505^6562/*-32633-+*-279^-9131^-7522*679^-3252,-2041^-5056562^/--32633*-279-9131^*6662^+679-3252^*-/+
-+---+^1262-^5171-131312366-65*652-176+*1596*/-181-545-754,1262^5171^-131-+312-366^-65-652-176/+1596*34-545/-754*+-
+++++^3782-++-137^2321^-9981*29079--8241622550*-880-694,3782^-1372321-+-9981^+29079*-+-8241^+-849+550+-880-694*+
**-131445+-^-3661822++^4031/208904^***/411586410932-971574,-131445*-3661^822-4031^208904/+411586/410*932*-971*574/++*
--184--^-968228++-+-+-981^8071262^-1571^-1731^-8032868,-1843022^28--9818071^/262--1571^+-1731^--8032^+868+--
++-+//*-245-112517++476^-1531692771**746430^-6821432^444976,-245-112*517/476-1531^+692+/771+746430*-6821^*-432+4441^+
-/-232167342/-50---//989534-357*66^6092/-571^-4472^5492,681167/342/-50989534/-357/666092^*--571-4472^/-5492^^/-
/-430////*543---^-7841/399^8352^4001-7336-999-463--62-554,-430543-7841^3998352^/-4001^--7-*336/-999/-463/-62-554-//
^--+-+-720/-603-//550-72^7991*+-611650440-277801^-7601263607,-720-603550-72/7991^/-611650+440*-/+-277-801+-7601^-263-607+
//*-776760828+----20859999**-85--668533493-110/*691-996^-8491,-776760*828/208599^99--85-668533-*493*--110-691-996*-8491^/+/
-+^-7301*178^-++786-157/404226-1152++--848558-982*--17255589,-7301^178786-157+404226/+-115-2^*+-848558--982+-17255-589*+-
+++--+184-151^534-821/704^-7822509756**/19-962411*97--55793,184-151+5341^-704-7822^/-509+756+19-962/411*97-55793-**+
-+-+-+++*/*-548881748281-217-475676772/748^6892-286-993^-687-781,-548881*748/281*-217+-475+676+899-7486892^/+618--993+-6872^-
+-++-+^-8011*/-78329312-533/44^3712^1961*-397-569279513,-8011^-78329/312*+-533-443712^/+1961^+397-569-279*-513+
+-189^6491*-4+-51+749+--^-7332^2311/-476192**-30-781136,1896491^--4-51749-7332^2311^--476192/--30-781*136*+++*+
+^6882**82-24-*22^-3402/-115*-788---873-349-695*/875246553,5562^82-24*22-3402^*-115-788873-349--695-875246/553*-*/-*+
+--+-**/-817702565-723^565122428/*/6-232771*756412/-303-165,-817702/565*-723*5651^-22+428-6-232/771*756412*/--303-165/+
+-+110691^-5461*+243-868+-+-+^8571+21-962315^7292345-98,110691--5461^-243-868+8571^21-962++315-7292^+345--98+*+
-+-+++797865//*285-194609-91/-106241*535796//779-565-657*606465,797865+285-194*609/-820/+402241/+535796*-779-565/-657/+606465*-
+-++++^-^4071-4802^3221227^8661//-501224-637^8261289,4071^-480-2^3221^+227+8661^+-501224/-637/+8261^-289+
--+-18**-854-931164701-+-+-^2311*42796653*/-39416766715-558,-18-854-931*990*+701-2311^42796*-653+-39416/766*-715+-558-+
+-++--++-170^-8661-223^-3602347*162^-9011/413-417-727/-969437,-170-8661^+-223+-3602^-388-162-9011^*+413-417/+-727--969437/+
--98792^--/696--+*124^-3232604478-651/-871-145*/-100511-5862,98792-696124-9422^*604+478--651-/-871-145/--100511/-586*-2^-
+--+-349/889+/-24647271*/-957-42214543/974--+510586^-1231-523,-349889-24647/271+/--957-422/145*-211-974510586+-1231/--523-/+
++881-437/*-358-+++-20-153*865-529/279471334/47/-783*^3361-545,881-437+-358-20-153+865-529*+279471/+-270-*47-7833361--545+///+
++-----+*/-2551-867*-335417188/-813^-3141/109-152996229-841-104,-2551/-867*-335417*+188--813-5041^/-109-152/-996-229--841+-104+
+-----+-157^5871/-767^1432^-88973-233-614^-9231**-435-554-971,-157587-589^+-7671432^/--882^--233--614--9231^--435-554*-971*+
--10^9791+*-590-802+-+^8472//278-869290**-912545^-7542-123,109791^*-590-802*8472^278-869/290/+-912545*-7542^*--123++-
+-++-81676^9452+-386-951^--346612**269-505///335-802671607,81-141-9452^+-386-951*+-34661-2^-269-505*335-802/671/607/*+
++--^5612819927^1961+//^-744626-424^430-505+122//-724332454,5612^819-927-1961^+-744626/-424/4302^/122-724332/454/+++
+-+-^-9801/256389824-892-/381^1981**317684-^7021/660-841,-9801^256389/-824+-892-3811981^/317684*7021^660-841/-*-+
-+++/867^-1392*971941986/384^-7812/*///616625-328115-683864,867-1392^/971941*+986+384122^/+616625/-328/115/-683*864/-
*+*-700119^+-*/-327-17^8771*+--447^1701136-9608871^8512,-700119*-327-17/8771^*-4471701^-136--960*-887+1^+8512^+
-+-+-+-11^-9242*320487^6001-^3421933149^++700-882-9981,-11-9242^+320487*-6001^+5551^933--149+700-882+-998+1^-
-+--/*-551379-505^-2031*-81171544--*199^-5752/491^-6791-330,-551379*-505/-2031^--81171*-544+199-5752/*491-6791^/--790--
+--++--+-783-942**-700-858228^-201/-753^-211-818798-289*487-95640,-783-942+-700-858*228*--201^--753-2112^/+798+-289-487-95*^640+
+-++511/-613-825/739-964/*-420878574+-^4431-602/-*542-482659374,511-613736/+739-964/+-420878^888/-4431^-602-542-482*659-374/++
+++-+-333-204848-286803++-^-3341/469--713-216-291-+896721*89692,-333-204+132--286+803+-334406^469-713-216-/--291+96721+89692*-++
+-+*--*/305-331-66937923^31^7221^-1901+^-2232-288-555,305-331/-669*379-23-31^+7221^+-1901---2232^-344-555-++
+-595+-----*-542^-9512/-731-99-317*8311^402^9201^-3372,-595-542-9512^*-731-99/--317-8311^-402^-9201^--3372^++
++--^-6442-635313^3832*-48++/*-758-1963*-663-220-^4351333,-6442^-635+313-3832^+23-758-19*-770/-663-220*+4351^333-+*+
-+----+--149*-902638*-231-18-722-837216-643-977-553*/718-927^3112,-149-902638*--231-18*+-722--837-216--643+977-553*+636-927/3112^*-
-+++*157^-3691*/**179-684-52216-807^6281*958^-2031+151282,157-3691^*179-684*-52*216/-807*+6281++958-2031^*+151282+-
-++-^-418-797^-2832-665*756-62/317-/*/-859-485+/284-674-800855578,-4182^-2832^--665+756-62*+317-859-485/284-674/-800+*855/578-/-
+*933^-291+-994+-671-*438863-510*-48+393/-94+^-9461+-216624,933-6721^*-994671438863*-510*--48393-94-5321^-216624++/+*+++
+-128*-508---+-+^-7491-622*797^802919/95^-3611-605^761,-128-508-7491^-622+7977922^*-919+95-3611^/--605^9571^-*+
--+++++--+/995-730924449^-3151750296799^-4481^5832-75-369,995-730/924+449--3151^-750+-470+-59+-4481^+5832^+-75--369-
/*-709-733+++780-/*/8704856^8982-290*-598-432+*65246*137685,-709-733*78087048/56*8982^/-300-+-598337*+65246*367685*++/
++--++-+-199-702/721^-3612959^-4591/-166-67180+-400-853*-918593,-199-702+-957-3612^/-959+-4591^+-166-67/-180--400-853+/-918593*+
+*-571-*-175^-4381/**899-989-832408+-+-248*-137-125405-^2791-282,-571-175-4381^*899-989*-832*408/-*-248-137-125*+405/2791^-282-+-
++++-++^-6161/-854938-874*79^4842//11892-248^-7442462528,-6161^-854938/+-874+794842^*--53692/-248/+-7442^+462+528+
-+-+++-*177-160^-1372^9681*557-772610-687*820^-9802^-6641,177-160*-1372^-9681^-557-772*+610+-687-820-9802^*+-6641^-
+-+--^-3982-29^-4921-883-51+-/*324136^2391^2862/30373,-3982^-29--4921^--883+-51-324136*2391^/2862^-30373/+-
++-827929--++++^7811314^-5551^6081-159*-342-655---984628849,-827929+7811^314+-5551^+-611^+-159+-342-655*--984628-849--+
--580*-623-*-704246106**930960+*582^4592+-*-849^-4032-88848,580-623-455246*106-*-930960*5824592^*-849-4032^*-501-48++*-
-++-++/-777^-6642*/-506-796-351-225^-1112/525739293-935*-967116,-552-6642^/-506-796/-351*+-225^-1112^-525739-+293+935-967116*--
+--++/225-749//-107613^-2931-990^8081-997+-+36633741/-334-806,225-749/-107613/-2931^/+-990+8081^--997-36633+741--334-806/++
--++/702816849^+++/237-913^-4402*766136*969-8742^-6012-770,702816/849+237-913/-4402^+766136*+969-874/+2^+-6012^--770-
+++-975^-5901/*^*770-224873393^6762629**/224-617-346*699704,975-5901^-770-224*873*393*6762^/+629+224800/-346*699704*/+
++-+*-127/803^--57*8031162*-793993///375682841-434^-6161-875,-127803-57803116*-2^/+-793993*+375682/841/-434/--6161^+-875+
--+*-415^-1521-899-766+-*-885+^-8641-184^8421/-795+404^4522,-415-1521/*-899+-766--885-2051^-184+*8421^*-7954044522^+/+-
-+^++-^-5831988*-512^-18119071426+/-282^+6984052*670-475,-5831^988--512-1811^*+907+1^426+-282698405+2^/670-475*+-
-+++^+-812350//*600/378814658948597-563^1081**-729-315^3361,-812350+600378814/*658/948/-597+-563+1081^+-286-315*3361^*-
+-+---940^-4862*--147/-58802^131786-897+-912/-423+^-4052-901,-940-6322^--147-58802/^131^*-786+-897-100-423-4052^-901+/++
-++--+-914/587--6812^-7611**313533^-3252^5791118^-2132,-914587-6812^/+-7611^-313533*-325372^*-5791^+118+-2132^-
+----431765//708-437^-*523^3712-482*444+*590-630*87-21522,-431765-708-437/5233712^*-48-2^/-444590-630*875-21*+*-522+
-++-//313627^-1042719-68^+-+--975*92969222874/-6334172-140,313627/-104710^/719--68+-42892969*-222+874--633417/+2^+-140-
++--/608-804/*/779412-204-496-480/841-148///-857-453761-361^-6632,608-804/779412/-204*-496//443-72-148/+-857-453/761/361-6632^-/+
++---+/+//46492^8931-722/851^-7612795127/-757-843-369367-856,46492/8931^/-722+851-7612^/-795+127--757-843/^-369-367+-856+
-+++++318-869^5211//-464671-845/930878-242-*-192^8491*-840-31,318-869+5211^+-464671/-845/+930878/+-242+-1928491^*-840-335*--
++++++-670*-257^-8162^-5952116804632//*/694201-847716*236804,-670-257-8162^*+-5952^+116+804+632+694-705/-847*716-236804*/+
++-+++-^431515/-371114^5761^2281*779^-8161625^-2162-747,4311^-371114/--8891^+2281^+779-8161^*+625--2162^+-747+
+--+++/60651245**//-632858-148558^3171900-65-898^-348^5732,606512/45+-632858/323/558*3171^*+900+-65--898--3485732^*+
++302*-279/--/544441*529^8941893298++^-2822-367/-138*-729-437,302-279544441/529894308^*-893+298+*+-2822^-367+-138-729-437*/++
++---+^-9891976-183*167+++-857^-854-160716*-211247*-60-312-39646,-989-441^976+-407-167-857-8542^+716+-211247*+*--60-312*--39+646+
++-^2592/634^12978*846+-+--52416990^-6702/*851428-868,2592^63412^/-978+846-524169-90+-6702^-85150*-868/+*+
--+-^-^192-7212-552**/977913851-533^+-2615332-876^7691,192*-721-2^-552-977913/851*-533*+-261533+2^-8767691^--
----489^5512^119-680*286-814*282-+/-772335/773^9252^5681,4895512^-1191^-286-814*-282-772335/7739252^/+5681^-*-
-+--+*-704504566*/134/-30018422141769-/*/745-178-681964+-574-965,-104504*566+-706-300184//221*-41-769+745-178/-681*964/-574-965+--
-/**79-389-261--++^862/--138410117^5141850322/269^-6711,79-389*-261*862^-138135-117/+5141^+850-322-/-363-6711^/-
-+-+++--887255-29720/*/*-386852141278-537741/478^-3542916426,-887255--297+20+386852-566*278/-537*741/+478-3542^/-916+426-
+-+791*+/-924-780*-23580^-694454943/658-++-742652*906^7041-175,791-924-780/-23580*+-6942^*+943-658-742652+9067041^*+-280-/^
+++^3041//*318975898^-1021196-+255^+-96*373-746-9152268,3041^318975*-999/-1021^/+196+25596373-746*--915+2^+268-+
**499-+-+-+---867^-5202*-599-781-82708297*/347-933-897755-546973,499-867-5202^--599-781/--82+708-297+347-933/-897*-755+-546-*973*
-+542-+++^-3471*-987///20029229-263870/-981-767-200*-782*90-351,542-3471^-98720029/229/-461/*+870+-981-767/+-200-+-78290-351**-
+--+591/-229-858--6431*432-573/401++*-293-471^8821-/-946557885,591-229-858/+-6431^-432-573*-401-293-471*8821^+-946557/-986-^/+
+/147^**-9979437431/925*829/-881+498*/-788-//-60687172-830-787,147-997943*743*1^/925829-881498-788-60687/172/-830-/-787*+///+
++++-^3461243^1322/674810^-1621//-600216+^1302^1872,3461^243-1322^+674810/+-1621^+-600216/1302^1872^-/+
-/-11^-9632*-86*^6172+/*56765-522+--787226-233+*65452-77,-11-9632^/-866172^567-310*-324/787226--233-65452*-77++++*-
++-/*348600-934112^3381*633+-+-229122^-728-553+97/271+-695227,348359*-934/112-3381^+633-229122^-7282^-97271-695227+/++*+
+-++-*-570^-4392*503765^5611*-657-343*/-409-692^-382^4451,-570-4392^*503586*-5611^+-657-343*+-409-692/-382^*-4451/+
++--++*//35897-626^-6591//275-72-557^-6472^-8381518463739,35897/-626/1571^*275-72/-557/+-6472^+-8381*-518-463+739+
+-671----+-^-4801^411402220***-674-79208^486299*-774-956,-671-480944^411^-402+220--674-79*-171*4862^*-99--774-956*-+
^+-*-931-955*553^3282**-438-**-657-^-2942890^7392230799604,-931-955*5533282^*--438-657-2942^890-*7392^*230-*799*+-369-
++++^--595**510-312944*4438852658**-874-615/8022^9411-219,595510-312*944*-443885*-2^658+-874-615*-4422^*+9411^+-219+
++-+-+-*-711^4631/884^2242-719719/-358-713856/-596^-1041-535,-711-4081^*8842242^/--719+719--358-713/+856--596-1041^/+-535+
--*793-+---885-705896-89373*--+/-304^2212-676*-562643-597764-684,793-885-705-896--893+73-*9452212^/-676+-562643*--597-764*--684-
+-++++^521^-9792-497-6842/-*215-605730104^-6081*15-11,521^-9792^+-497+6842^+215-605*730*104/*-6081^-15-11*+
/*+---598127*/*/947-499-20066^-5852*-676-756365+//72703846-524,-598127/667-499/-200*66/-5852^*--676-756*-365*72703/846/-524+/
+--***379-++*601590696100-39795^1761/-299682^3452*117504,379601590*696+100+-39-*795*1761^*-299682/-3452^-117504*+
-+-++/209-321/**-76245-3981^5962234^712*/*-684-10780-369,209-281/-76245*-3/981/+5962^+234-712^+-684-107*80/-369*-
+++-+-+*/-878-199-113/13-74813^111*662546^3912^-8372133,-878-199/-113*13-74/+813-111^+662546*-3912^+-8372^+133+
-+++*-179^-3761-676*/-55384352/-524-112+^5722*630-235+541-977,-179-3761^*-676+-55384/352*+625-112/+5722^630235541-977+-*+-
---++-^-9532-10*-845-220/**66180142^-4782^-1402487*749-814,-9532^-10--845-220*+66180*142*-4782^/+-1402^-487-749-814*-
-----831271116/**-199-63188-791*/-4-798-//-826181195+294^6691,-831271-116--199-631*88*-791/--4-798+-826181/195/2946691^+-*-
/++++++-+-348-849*-870^-278159^901-378*826926675/-278380-201,-348-849+-870-2781^*-59+901^+-378+826926*+675+-278380/+-201*
----+^171-539//439-660^-2231^-8621-631--287/400+/-678741-541,171^-539+439-660/-2231^/--8621^--631--287400-678741/-541+/--
-++++-/**766653533773250-858/387-508/*406-797-84^51/317358,766653*533*773/250--858+-273-508/+-720-797*-84/+51^+317808/-
--+-+^-4871537//-637214^3242/**-18167-361^-1172*119-574-639,-6221^537+-637214/3242^/--582167*-361*-1172^/+119-574*--83-
+---982^2371-361****/575655-900/-199-639-260781-+^-651-959-798,9822371^--361-575655*-900*-199-639/*-260*781*--651^-959+-798-+
-+841^-1662/-54+*-949609---304-954--160+-176/-285--391^-511-595,841-1662^+-54998609*-150-954--160-176-285391-511^--595-/+--+/-
++-----*-967326/558-166479*-560^-7052-925^-9782285*-35^6402,-967326*558-166/-479--560-7052^*--925--9782^-285+6976402^*+
+/+915-657342*--+475^-626562/-336132*-562-481/-*462239-1679,915-657+342/47562656-2^+-336132/--562-481*-462239*-1/679/*+
+499*-----111--+*-671-749^-1221-966-258+-8757^3902-977^-3482,499-111-671229*-1221^+-966--258---8757+-3022^--977--3482**+
--////-610++-/^-609756-885^655999^7121242746-86-783/447230982,-610-609756*-885/6551^-7121^+242+/746/-86/-783/447230/-982-
+--++904*-993-966*727-885-2676/674+^681*/-509686--813/-891-60,904-993-966*+727-885*+-267-592-6743361^-509686/-813-891-60/-*+/+
^--+---133-578*-156^-652-950-185/-242^-8492+-/-518*-652847-384321,-133-578--156-652^*--950+-185--242-8492^/--518-652847*/541-211++
^++-+-+^4021//-78868-309*337-656^-9961878*-628^580143-640,4021^-78868/-309/+337-656*--996250^+-534--6285801^*+43+-640+
+-+--///-838-341426844///897563-793^305121972*-874294*475-601,-838-341/426/844*897563/-793/3051^+-21-972+-874294*-475-601*/
+-++272/-386-415*7702766/86--+^-4211**-552-681-355921*-89472,272-386-415/+7702^+766-86-4211^-552-681*-355*+921--89472*//+
++-+---311-940//-776-83-710***412338300740*-203-556771-3*11278,-311-940--776-83/-710/-412338*300*740*+-203-556*-532+311278*-+
+++-^+-791-790-925-931/-969301-874-^-2011*822-^-5201*974^4982,-791-790+-925--931--969301/+-874+-2011^822-5201^9744982^*-*-+
++-/*-670-268491*966^4132^8272*161+-*/-582575-492421*-72-709,-67054*491/9663362^*-8272^+161-582575/-660*421--72-709*+*+
+--+-+771937/493-313/-727^7742+-/8-929-707/109-428^7522-257,771937+493-313/--7277742^/+8-929/-707-698-926/+-7522^--257+
+++239504*/-299-320^-9082--+/835-293*939^*809-3981765*805473,239504+-299-320/-9082^*+835-293/939809-398*1+*+765-805473*-+
++--+++-380-496-21^-5332/-806^7186//*998-200-939740^-3242675,-380-496+-21+-5332^+-806711^/-998-200*-939/740/--3242^+675+
---+++^1992-138//*/-597542-73-885-142-207^6842^8882*48233,1992^-138+-597542/-73*-885/-142/+-187+68430^-8882^-48233*-
+---+*979451*317-581**-164-306172^4991-589--413/-484^-761217,979451*317-581*+-164-306*172*-4991^--589-413-484-7612^/-17-+
^*-745-249++++^2142*832^8611-+-*-246-498580*1062-912-575111,-745-249*2142^832-9101^*+-246-498*580-1062^+-912-^-575+111++
-++----^-6081*-956^701253127*/953-114-454^2222/-417996-974,-6081^-9567012^*+531-27-953-114/-454*-2222^+-417996/+-974-
+/-+-959-525//-364-277^8331*166697^5571+691/*/-799-604-51198,959-525--364-277/8331^/+166697*-5571^+691-799-604/-51*-478/++
+-/*609+//**-237381583750-743**-272360-499^-9962^-8041/369655,609-237381*583*750/-743+-272360*-499*+*-7262^/-8041^-369655/+
//-29966--++^732*-523477^3162218-+--680-675^-5312/-916-392,-29966/732^-523477*+3162^+218--680-675--5312^+-916-392/--/
++-+-409-825///+636532-839529-573246/*-248-803-^1612/-689^-612,-409-154+636532*-839/529/-573/-246+-248618*1612^-689-612^/-/+
+---+^-7722*-497^-5661503^-2301-64+++^8491^6622-427962,8512^-497-5661^*+503--2301^--64-8491^6622^+-427+962++
----+--^-7601/-430^4521498-719-588/293^--73-1562/806-662-855,-7601^-430-438269^/-498--719+-588-293-73-156-2^/-806-959/--855-
+-955-^6952*-576*-663+-+*-16-995^976-321/-84-67*/685741^-2742,-9556952^-576-663-16-995*9761^+-84-67/-685741/747-231^*+**-+
+++^425177*618-366-++-/-295^6502-595537785-+-216-715/382339,4251^77+618-366*+-2956502^+-595-537-785+-216-715+38221/--^
++*-242/-912-32^7852/772--+^-3972^++--518-930-8651631-483-651,-242-912-32/-78516^+772-3972^-518-930--865+163+1^+-483--651-/+
+-/-+-//*-459487-592^-6131**903-992-873^-1921*186-926-78756-819,-459487*-592/-6131^/903-992*-873*--1921^+186-926*--78-756/-819+
-+------704/-152^6851^-5041^7051^-8441*332-140/-920-138-885,-704-152685-649^/--5041^-7051^--8441^-332-140*--920-138/+-885-
-*135^2601*-376*/45819+/615^-5081+*971-206*/233/-161-386-588,1352601^*-37645819/615-5081^/971271*233-161-386//-588*++**-
++--189^2912375+*-396-917**404779-95/+--387/651^-5382629-363,1892912^-375--396-917*404779*-95*++692651-5382^/-629+-363/+
//-461-137++/113797^++-248^1022453-63-386--/-176^-8681902-963,-461-137/113843/2481022^-453+-63+1^+-264-8681^/902--963-+/
-+-++-++--33658-413*538904*-773^-3612231-782^-602628--504976,-33658--413+538904*+-773-3612^*-231+-782+-60-844^-628+-504976--
-++*277221/-760685**--+--659657-904-460*829-979-364575*-424*61981,277221*-760685/+-659657-497+-460-829-979*--364*575*+-42461981-*-
-+---*-670604*+++556^3002-816562^1811-859-564-835*373/497-834,-670604*5563002^+314+562+1811^*--859--564+-835+373497-834/*-
++/-982/+/*-314-362823/-411175-993-755++-695-348//929-742-*492-8371,-982-314-523*823/-411175/+-993---755+-695-348+929-742/643-8*371-/++
--281+-**/-286551-156^-3422**-579-687-527++^350-912-313*-548^-1402,-281747551/-156*-3422^*806-687*-527*-3502^-313+-548-1402^*++-
+-*211-6072^5882*/-196-696-+-*/177607^-4802-92060/941727,2116072^*5882^--196-696/177607/-4802^*-920-60+941727/--+
+-/+++-+-701-338/972-791763***522-230-142^771^-5642-748733-750,-701-338+972-791/-763+522-463*-142*771^*+-5642^+-748-733--750+
--^++264514*-858-1291**-120167-894*/937--+-375+-3201349119210,264514+-858-129*+1^-120167*-894*-937914-3201++349-119-/210*-
-+--+^-1131*/*-116141-866^-8771-529//*295261-395-942-7+644-596,-1131^32141*-866/-8771+*+-529-295261*-173/-942/--7+644-596+-
*--+++-+-557410652/13257876*-164/-890816-895^4052-36*985-856,-557410+-657-13599/+876+164-890816/--895*+4052^--36-985-856*-
+////-917-1968136^-^8572**/**99862205888-52-682*-536856,-917-274/813/6/8572^99862*205*888/-52*-68*-2^/-536856*+
-*/127-/351^--++362/131-106/141892^8623011-562^7292620,-304351362131-106/+141892/+862^-301-1^/-562-/7292^*620-
-++--*195^-3901724/+--480*577-970101^*8019822-646--892-516453,195-3901^*724--898577-970*+101+801982*2^/--646+-892-516-+453-
+++-*-142+-^1401439260*/-710884885^5321^3232/-154/854-163,-1421401^439-260+*897884/885*-532-755^+3232^+-154854-163//+
+---^1962-452/427^4412549+--340+*-808226/-921440^-3761748,1962^-452-2234412+/-549-340-808226--921440/+--3761^-748++
+685*/492-349**642++/-145-379/-309-511-335-/-777^-4972+-651*510556,685492-349/773-145-708/-309-511/+-335+*-777-4972^/-651510556*+-**+
+--647+-170-518^1891---*3202494-324+892*271631**-846673-111,647-170-518+-1891^-3202-494-324892271631*+*--846673*-111*-+
+-++*-566/135539//---335-3889868^-32^-6462/962^-2742-978,-566135104/*-335-388-986-8/-32^/+-6462^+962-2742^/--978+
+---++74/-499-322^-6081^-1192^-3711^-8391*371^-8092-640,74499-322/-6081^/+-1192^+-3711^--8391^-371132/*--640+
-+-+++*--272-618-792246^251307-702/-502-253171+^8182*642-596,272-618--792--292*251^+307+-702+-502-253//171+8182^642-596*+-
--682-641/-167-+-^-8041/-370626*87^+-152-1521--/-58754-92785,682-641--1674901^-370626/--225-152-152+1^*+-58754/-927-85--/-
/++*-469^-882/575-834-762/-256-**18355^9832++901220*-843857,-469-882^*575-834/+414+-25618355*9832^/901220+-843857*+-//
-+-^-3721/*/*-+*253-721535-432-36-768477*707911/*-397-686768959,-3721^253-721*535+-432--36*-768/477+707911*/--397-686*768/+959-
---++-712*206-702696-**-308-415^-4762-808/*782902429+-191/-6-294,-712206-702*+696+-308-415*-4762^*-613--782215*429/--191-6-294/+-
-----891^3401^-9352*-519-631/685+-+^-3381-720321--637/-289344,-8913401^--9352^--519-631*-965-3381^-720+321--637-289344/-+/-
-/**-709388-329+-+++-/814-842^262856//-472807-10559848319844,-342388*-329*814-842/262^-856+-472807/-219/+559+848-319+/844-
+++-+-346*785/3612//-866-679675**188-650--272/-98579^-4301-199,-3467853612^*+-866-679/675/-853-650*499-98579/-*+-4301^+-199+
----/*/167-^-782252652942**380541402^-7631-519/-606-126-558,167-782^451-/652*-953/380541*402*--7631^--519--606126-558-/-
+++-^2902^+--/*-53-730-475^-2361*650-741-8211-170^6571-444,2902^-53-730*-475/-2361^-650-741*--821+1^--170+6571^+-444+
++++*/-2236-413-114-73764++**28-369223-462-^-4001*567^-1402,7986/-413*-114+-165+764+28-897*223*-462+-400705^567-1402^*-++
+---+785-924^3072*870^-6541*/**-736-751322-923-626/-32^471,785-924+3072^-870-6541^*--736-751*322*-923/-626*--32471^/+
-++++-/-970-739517+-961/-690-77^-4461*-43^-1342/787^-8131,-970-739/517--961^+-690-77/+-4461^+-43-1342^*+787-8131^/-
+----760^4471/*/771-4*/-88875-263-103/689-344/790541*285-145,7604471^-771-4/-88875/-263**-103/-689-344/-790541/--219-145*+
+-+^401*27425-*-808243*/**128*/-391614-489+91-610286564677,401^27425/+-808243*128-391614/-489**91-610+*286/564*--677+
+-**/368-63--//-706+^-5511/566-699^-2121^-1411353393-995400,368-63/-706-5511^566-699/-/-2121^/-1411^*420-*393*-995-400+
+-+++---/-296-197^1831896-295321^1472-144^-4511-810*-780492,-296-373/1831^-896--295--782+1472^+-144+-4511^-81084492*-+
-+---^-9582^-1452/-6431*-232-121363//*/*727979-550-994-108-492,-9582^-1452^--6431^--232-121*-363+727979*-550/-994*-108/-492--
-+---+-710*5074-71655512531/-60+--+^-5042^-7412-254-896-181,-7105074*+-716-555/-395-31+-60-5042^-7412^+-254--896--181+/-
+--+*144-736516248^5911^-++426/-131266*6161^-3891-1391,144-736*516+248-5911^-426131266-6161^/+-3891^+-139-1^+
+++-*-58-55-437/261^-1821--*279-204^+^-37129271112/-168317,-58-55*-437-261-1821^/+279746*-3712^927+1^-112-+-168317/+
+++--782/-99^-4561*/-^-3421-46-85^2871-423+/-421^7211-114,-782-99-4561^/--3701^-46--85/2871^*+-423+-4217211^/-114++
/-878+-++-298-493696^-2811---*997-342^1102/741-34/-578-365117,-878-298-493+696+4611^-178-342*1102^-74134-578-365/-/-117-+/
-++-+/+-/-121764205874^-7361/-5861/-186268428*163-488*-698-196,-121764/205-874+-7361^^-5861^+-186268/-428+163-488*+-698-196*-
-++--++^-5362/639^-8652/-12292*885^-8902-846^-809173171700,-5362^639-8652^/*-12292/+885-8902^*--846--8091^+171+700+
+^9482^-+--196/*+-+-808*-870731^8021/589-309-7131093567272,9482^-196-808-870138*+8021^-589-309/+-713*109/-356+727-2^+
---+/-884981*224-233854^9961*253--/750914/358-/193-285487-794,-884981/224-233*+854-9961^-253750914/358193227/95-/--794-*-
-^7161/30+405*-629-***-299-394**-135+*-169^4831195-235612-161,7161^30405-629-299-394*-135-1694831^*195+*-235**612*-161-*+/-
++--+^9842*992^6821^5881141-465-^-1081++/-787-566-529583,9842^9926821^*+5881^-141--73+-1081^-787-566/-529+478+-+
------+-75/*/346545852+^-981-538936-762/989*-3231168399718,-75346545/852*-981^-538+/+936--762-989-323576^/-168^399-718-
++-++-395*/+/-959457-334-474750^-5242/-926^-5581/-680696251281,395-959457/-334+323/750*--5242^+-926-5581^/+-680696/-251+281-
-+-++++*135-986^-4412-90193-204*-834-616657-*-853^9282^-711,135-986*-4412^+-90+193+-204+-834-616*-657+-8539282^*-711^--
++-+/982-252*//521546-497^-6081//*189-173-157-853^8531/898-493,982-252/521546/-497/-6081^*+189-441*-157/-853/-8531^+898-493/+
+----+^3562/361/-6992**-887-11581648*/244-863^1591-772-338,3562^-380-6992^/+-887-11*581*-648-244-863/1591^*--772--338+
++-+-^-7351/-75275305/974^8581958--**-324302-51^-8931638,1021^96675/--301+9748581^/-958+-324302*-971*-8931^-638-+
-+++-214/*73376-332-266/-835709949*/230-651-++-559^3682-702-821,-214590376*-332/+-266+835709*949/+230-651/-5593682^+-564+-821-*-
-----/-798^5181/-145558+687198447--^-2562^+246-5552-390,-7985181^/-145558/-6871^-98/447--2562^246-555+2^--390--
-*-/9919/-94720**/-662-609556555*/+-937-577846+886--526617749,9919/79420/--662-609/556*555*+-937-577+846/886526617--520-+*-
-+---+^241/-180^8441689**/-381-57081278*276-45246/304-830,241^4768441^/+689--381-570/812*78*-276-452*-46+304-830*-
++*-507^8261^-501/**-999666--^-7451532//*850-26-439296-57,-1218261^*-501^+-999666*-7451^532-850-26*-439/296/-*-57/+
--++-//-420-835---+^-5072-377-896/137^-4402696-777827-323-140,-420-835/-4672^-377+-896-137-4402^/-696-/-77-78+27+-323-348-
+-+*-524^8271-952/----+59656511^9271*732^-1391124-841-550,-5248271^*-952+59656+511-9271^-732-1391^*-124--841/--550+
-449----997*984-88^4751*-961+^7302/-870--961*314^-9191-872,449-997984-88*-5261^--9617302^-870961314-919-617^*--872-/+*--
-+24-734/-268+-571*/-905101++-/203^8911-873*/262696-835--102-646,24-734+-268-571-905101/2038911^/-225-262696/-835*+-102-646-+*+/-
-305*-538++/-795-69^6611*410+620^--+186465^-8662/542-3652,305-538-795-69/6611^+410620186465+-8662^-542-365/-2^+*+*-
-++--+-666^751/867^91216193///69885126^-8421/258-909,-666751^+8679121^/-619-3+69885/224/-1941^/+258-909/-
-++-*-191^5711-482**/---946^9141653-971688433/-28^-2671-666,-1915711^*-482--9469141^-653--971-688*433*+138-2671^/+-666-
+-/-278-89156//992-768++^6952^4951/*602-116-^-5782^157911,-278-891/56-992-768/6952^4951^+602-116*-5782^1571^-/+/+
+-+*-808-852^8762/4-808//-590+-716389-606+*/-580-643*988-822-115,-808-852*8762^+4-808/--590-716389+/606-580-643/988-822*+-115+-/+
+--++946851*130-762*-171-845-466++-+++91-177-853-430849*-380172713,946851+130-762*+-767-845*--466-91-177+-853+-430+849--380172*+713+-
+-----/133^-9642563**820936-730252**-94-501843^-7932/181-821,133-9642^/563-820936*597*-252--94-501*843*--7932^-296-821/+
+++--++/-194134/-224615/812147-216*/-409-59-726^-1642189/803397,-194134/-224-409/+81266/+-216--409-59*-726*--1642^+189+803397/+
+----^3602^3551*/-712-302727*-694179/*-736115-959**-676-780-347,8562^3551^--712-302/727*--694179*--736115*-959//-676-780*-247*+
+-+-967/730606521/268+---+/*99825^-7061^1992-72646873-441,-967730606/+521-26899825*-7061^/-9862^+-726-46-873--441+/+
-+-+++--^3242*804135*235940513-938-738/-936^-1072-369/-160-388,3242^804135*-235-519*-513+-938+72+-936-1072^/--369^-160-388/-
+-----/219522-922582/*210579-413-978****-831-43711-977-640*-328498,219522/-922-582-642579*-413/--978-607-43*711*-977*-640*--328498-+
-+-+-274^192-762-522/20+-205+--*38^81516/*-134753684-924,-274192^+-762--522+20-205388469^*516--134753*684/--924^+/-
--+++-967+/-53-50959-467-876325-***-438-482-785^3611*339^9681,-967-53-50/959++-467--876+325--438-482*-785*-5961^/3399681^*--
-++^-6272382^4601//-63699-+*320349^*-414-6171//-7699-648,-6272^382+4601^+-63699/-953349*-414-617*1^+-7699/-648/-/-
--++-+-692/-382^-2932*-325*/-746273686/-881-82144/871-596822-528,-54-382-2932^/--325-746273/686**+-881-82/-144+871-596/+822--528-
+-^7302-408+-698*474++--718//**820689219832^-2631513*851-431,7302^-408--698474-718820689*219*832/-2631^/-513+851-431*+*^+
--+--672*512705/275^-5741^9871^1641*/+-472*-741389-77116,672512705**275-5741^/-9871^+1641^--472-741389*+-771-16*-
+-/-++/-48-407195436727^-3251-703//852-448-^3841/724^-5222,340-407/195+436+727--3251^/-703-852-448/3841^724-5222^/-/+
--++-932/-857455-/226^1482844913-/+^4811^-4852^9061524,-932-857455/+2261482^/844-+657-4811^-4852^+9061^+524--
+-^-1682-78/**/608-627-601-90-698/107+^/-186-973974*461/612-102,-1682^-78-608-627/-601*-90*698107-186-973/974*461612-102/-+/-/+
-^-/584---^-82403/522^2531-456-702+297--55+^3371-200,584-82^403-522-791^/--456-/-70-2^297-553371^-200+-+-
+--733*393610-368++-^-928659*548-364**/679-173-573^-3002*490287,733393610*--368--9282^548-364*-679-173/-573*-3002^*+490287*++
+++---*86^-1582228/-724^-4951*/*-565971-113735541-990/-877656,945-1582^*228--724-4951^/--565-290*-113/735*-541+-990+-877656/+
++++-+^7812/-963^-5331^-9892/581501/178917-637*702+2761,7812^-963-5331^/+-9892*-581501/+178917/+-637+7022761^*+
--+-+^7801-907-*/*/-142200168197-438*/-377-363-202358-264^-3352,7801^-907+-142200/168*197/-438*-377-363+-202^--358+-264--3352^-
----+-^-7041^-4922/+*746-213-473-919-759*-19/-9932-161*698221,-7041^-4922^-746-213*-473+-919/+-759--19-9932^*--651-698221*-
-+925/94-679/-+++--//*-299576-259362-922*320531-334875990-460176,92594-679/+-299576*-259/362/-922-320531*--334+875+990+-460-176/-
-++---^-2262^4522//*-132282312667/71050751*759966*303-549,-2262^4522^--132282*312/667/-71050/-751+759966*+791-549*-
+++387*-972301-1000---*/-887916^+67/-735-4692/692799996*909345,387-972301*+-1000+-887916/932-735-469/+2^*692-85/-996-909345*-+
--457/-210+--++/-525^-2211-777-186-661*/*774-36412-619*-721^-932,-457-210-525-2211^/-777+-186+-661-774-36-412/-619*--721-932^*+/-
--*/*///-167-508574-741-20832263-300--++^-6871252^-271-140-469,-167-508/574/-741/-208*32/263*-300--6871^252+-271^+-140-727--
--+-+^5372^-9751///658178-479-616/*51781816^-8271478988,5372^-9751^+658178/-479/61651781*816/-/+-8271^+478-988-
+//*-394221815--9481*-829+500-^-4691--/-123^-3381^-5702440,-394221*815/-9481^/-829500-4691^-123-3381^/-5702^-440--+*+
-+--+***471105-602^-5591163*-59438*/389995936^5981^-3852,471105*-602*-5591^*163+-59438*-389495/936*-5981^+-3852^-
+^-342/+--^-9712-867^-+453^871505//-151-333-2231*-778-187438,-342^-9712^-867-4538711/+-151-333/-223/-1^--778-187*+438/+
-+--+-6046*-101^-4531/*/307354-79^31/-130^-5152^8712,-6046+-101-4531^*-307354/-79*-4541^/--130-5152+/+8712^-
-+-++^1292*582802/*913-276^-2071^-5941*/933139^421-184,1292^582802*+913-276*-2071^/+-5941^-933139/42-477^*+-184-
----+-796^8222746**633-518^-7911****-721724-981-139796758-779,7968222^-746+633-781*-7911^*--721724*-981*-139*796*-758--779-
*363+---+^-4251^-*-405645//856-3609991^7142^-1781945-442,460-4251^-701645*856-360/999/-1^+7142^--1781^-945--442+*
-+--++^-710-17579*-304^-6752^-8991*-787498/676+^-5241-955792,-7101^79+-304-6752^*+-8991^--787498*-676-524-864^-955+/+792-
---^+---779-192-158/-964376^5432-735/-495813*-155/-35-34/194-571,779-192--158--964376/-5432^+-735+-495813/-505-35-34/*-194-571/-
-+---437275*-197^-2651-376-+^5281-638*-984-/-546499**-525-632398,-437275^-197-265220^*--376+5281^-638+-984-546499/-525-632*398*-*+-
--++-+-^3842^-47611853//460-548932^-6091*/-394-34424262,3842^-4761^-1+853-460-548/932/--6091^+-394-344/24*-262-
-++^-/143543*-915-1372/-23690/329929--*33269350/501^-7312,143543/-915-137*-2^-23690/+329929^+332693*50-501-7312^/^-
---+++^-4032/-280721*8^7521/-914-349*/7803016-419^-5421,-7382^-280721/+87521^*+-914-349/+78030/16*--876--5421^-
-++++-359-730101-893*524^*91-301+-766+++121^4852^6161-845,-359-730+101+-942+52491-30*1^-+-7661214852^+6161^+-845++-
----+-++^-92/235-424^-9741-558749-305*580^2782^2661-502,-92^235-424/+4351^+-558-749+-305-5802782^*-2661^--502-
--+--^2502*/650936569^-1721-8--444++-334/636283-309*544-198,2502^650936/569*-891^--8+-444-334636283/+-309+*-544-198*-
//**715481-234461+-95+^6381/494+197-^289230**/-32-282556980,408634*-234*461/-956381^4941972851^-32-282/556*980*-+/++/
-+835-889-+252*153^8352+++-+--872549^7521-917^-4012-906,835-889+2521538352^*+-872^-542+7521^--917+-4012^+-906+--
---140*382-349-*/850962^-1821-+--837-819^6632**-149709^6231,-140382-349*-850962/-1821^*-837-154-663-591^+-149709*6231^*---
+/86-518*/*-688-168-48^---796/241-+-717/-696-197-100295/-380371,86-518/-688-168*-48/796241-717609-197/+-100-*-295--38037/-1^*+
+-+-+293544/481^4152^2232^3122*790--^-1402/581761517,293544+481415-304^/-2232^+3122^-790-1402^581761/-517-*+
-++---153498^-/889-328603157*104-408-706/*254-664/-168*-883872,153498-889-328/603-1^*57-104-408*+-706+254-664*-168-883872*-/-
+-141--^430308750-167--^-4752^-4471+-^741/-671^-3651941,141430308--342--167---4752^-4471^-741^-671-3651^/-941+-+
++++-++/193-690//-378-825365/*-570-578^5321133-798-85/670514745,193-690/-378-825/365/+-570-578*5321^/+-875--798+-85+-938514/+745+
++//*-718-427-890-44^-5961+++^9242**950594^-2991198*239788,-718-427*-890/-44/-5961^+9242^-427594--2991^++198+239788*++
+^-8902-+-++205-362745-136518-+*-610^3301827*-915+573*833961,-8902^205-362+-430+-136-518+-6103301^*-127+-915573833961*+*--+
+--++-+524-97*-758-268/*/888-969-269675//-39-894-58858810^391,524-97+-758-268*-888-969/-269*675/+-39-894/-58/+858-810-391^+
+++--++--531-78-744*+233-120446-307/633778940/966^2221+162745,-531-78--744+233-120/446*+-307/633778/-940+9662221^/+162745++
-*-+-+---670-940--660435/--683-794^1631816*-998^-4502-445343240,-670-940--660435---683-794*-3461^/+816--998-4502^*+-445-343*240-
+---+--+729949/636-735^6371^-4661-321172//777-634^2942862,729949+636-735/-6371^*331^+-321-172-777-997/2942^/-862+
+-+-+--++/294-255^19525769168^7002^-5211-689-310*274247,294-255/1952^+57+691-68-7002^+-521-477^--689+-310-274247*+
-^-9921+--498/198-479-+++^-332235/259-298-262^-1791797*-856118,-9921^498198-989/--3321^259-298/+-262+-1791^+797---856118*+-
^*-870932--718-^-6282/0+731*217---^-9011-663129*-997--173921,-870932*768-6282^0731217-9011^-663-683--997-173921-*-*+/---
^+--+-++/-329-851-383701*328-654-6**-978418-108/-38-68162/372-220,-329-851/-986+701+328-654*--6+-978418*-108*--38-681/-62+372-220/+
---*-227^-552//-949882^-384//-315699-511-257-669/-196-787^-7122,-227-552^*-949882/384-315699/-511/-2^/-669-196-787/---7122^-
-+++-460*/-619-979^-8862-510637-+/217-877^6332/-368+*-209197207,-460-619-979/-8862^^+190+637+-785-877/6332^+-368-209197*207+/--
+--++--477^++454^-2581/-875-9642+665^-7001^-9071-702435254,-477454-2581^+-875-964/-2^-665-7001//+-9071^+-702-435-254+
-++^331975874+/-658720+--67*170^-7502-//82-37^142-369,331^975+874+633720/-67170-7502^*-82-37/142^/-369-++-
--+-++---352^-731619^152/-740^142214786405^-5222*194-650,-352-731^-51-152^+-7401422^/+786--609+-5222^-604-650*-
+-*-278^-3782**-320256-473*/*253875-983+**-582-524^2042-741666,-278-4672^*-320256*-473*-798875*-983/-582-524*2042^*741666-+*+
-+++*-/973-203-245-14^5241852**434-+--165522*-4436432863466,973-203/-245--14*5241^+-48+434-165522--4436*+432-*863*+466-
+--++-+874/791297^-2131^331-102740348/*-247-858-76*-272-458,874791297/+-2131^-331^+-102+740-348--247-858*76208673*-/+
---/-587-926^7261*-593-148-+-484/++322^-4622-51231/*-848-721747,-587-821/7261^--593-148*--484322-4622^+-51+231/+-848-721*747/--
+-+/*/-103-632862^9552*-152-293-151*134-/-587^-8771*868+943402,-103-632+862*9552^/-152-293*+117-134-587-8771^/868943402+*-*+
+-318+-^2741410*370-/-718568//**-817++759^9112-673659-763-855,-3182741^410-370-718568/-8177599112^+-673+*-709*-763*-855/-*++
**951618^--^-6702234/928+-+^-4962*-39-529/102-536-889*-668483,951618*-6702^234-928-4962^-39-529*+776-536/--889+/--668483*-*
++-*409-197^-3292499/--+/*-498296^-1501*/858353-411-967325603,409-197*-3292^-499+-498296*-1501^/858353/-411*+-967-325-603/+
/++//43869-317^6461/962-877++--^-3952+-1102546891/-240903,43869/-317/6461^+962-877/+-3952^-1102^-546-891+-240903/+-
+/*/350-555/-76891^-332***/243443-144437+881//767728/-289584,350-555/-76891/*-33557^/243443/-144*437*881767728/-289584//+*+
+-++++-+536/537^4721-325^-8951*-17-574^-7261-195/-208-694-982,5365374721^/+-325-1791^+-17-574*+-7261^+-195+-208-694/--982/
+++---828^8171//746-732^8831^6741969/+-456/325-615270-821,-8288171^-746-732/8831^/-6741^+969+456325-615/-270+-821/-
-+-//*/*-676-4-655-*833-350/-467983^4402-916^-1131237^-6182,-676-4*-655/833-350*-467983/-*4402^/-916--3651^-237+-6182^-
**271579++490226*/-335368+310+-++/*-176645661-857789244+326-179,271579*490226+-335368/310-176645*661/-857+789+244-326-179+++*+*
+--481^-8982----585^-1192838//-486116-*^9861*-891-39/556659,-481-8982^--5851592^-838--486116/9861^-891-39*-556659/-/-+
---++//*-884174844709282//*597797-902^2151111-710/*14813820,-884174*844/709/282+597797*-902/2151^/+111--710-14813*-462/-
--+-+/---*-58158940//874822-768993^5801-917658372-189*807-454,-581589*40-874822/-768/-993-5801^+-917+658-372+-189-807-454*-
++++++--/881-464-819568-422-581-29-209-+-394*723^-6092774^1771,-409-464--819-568--422+-581+-29+-209+-394723-6092^*+774-+177-239^+
+++515-144//*-400-48--378*/-^-3881-366947236^9622/912*931-849,515-144+-400-48*-378-3881^-366-947/236*-/9622^/+912931-849*/+
-+-/-181^-1592*/*971-302576664^-7832-++^-3582650^-3552-300,-181-1592^/971-302*576/664*--7832^+-3582^650+-3552^+-300+-
+--+---+*-4177-377750-405^3351-775^7071*43088-+57478-887,-4177*-377+750--405-3351^--775+7071^-43088*-57478+-887-+
-++--+-403542/176-515/128^5382^1772291*-648^-4361*-356-619,403-735-176-515/+1285382^/-2582^-291+-648-4361^*+-356-619*-
++++-+/263^-6392-170*-422-140^-852//*806955198-228-182*106-166,2633972^/-170+-422-140*--5032^+806955*198/-228/+-182+106-456*/
+-*336---156-491390/-527103*-807-^-375940/521+---441^-1961-303816,336-156-491-390-*187103/--807-375940-521-441-1961^--293-816+/-*+
++---++++-240^-7911-937*149-913-147^-841*-275112^9932-497-218,-240-7911^+-937+-652-913*+-147+-841^--275112*/9932^--497+-218+
+-+*--/*-268365457^9982494^632/*-508-719226448/-932*-262-928,727365*457/9982^-494-632^*-508-719*226/+448--932-931-928*/+
++-586-133*-607+--++^6992^-327198619/+^9162-787^-291213,-586-133+-6076992^-3271^+98+-609-9162^-787+-291^/-213+*+
--+----722*-142-464/804++^86719-412*/237-360564-357-862^9521475,-722-142-464*-804861^-412+-760-360/564*+/--357--862+534-347^-475-
+-*-763^772/0377*-----440-565***-57377546-281-819-355-854861,-763772^*0-581/-440-565--57377*546*-281*--819--355*-854-861*+
-+---+-254/-803-129753^681-490^1911-656--+499/-663328-829-301,254-803-129*-753+681^--490-1911^--656+499-663328/+-829--301--
++-*/293355135^*+^5441^-925931**-291-38-6182/268815*-598-443,293355/135*5441^-9251^+-291-38*-618*+2^-268815/+-598-443*+
-++^*-221^-7842^6152*876+0-439-43+-^-9091576++-665-139-480,-2214522^*6152^-8760-439+*+-43+-9091^576--665-139+-480++-
*594+++-+^-372259-840229*960^-7772*/-190-531--519//-62-251500,594-3722^59+-840-229+960-7772^*+-190-531/-519-62-251/500/-*+*
++*855177525/**+^-7612*261802191899--789^57-20*837/122-560,855177*525+-7612^261802*+191*899*789571^-837122-560/*-/+
++++-+-//*17838-587-353270^-5052-938/-210893^-9151*534726862,17838*-587/-95/811--5052^+-938--210893/+-9151^+534726*+-599+
+-+^5562*-452-885^+7335152++--543^1221-^4402-205^4691,5562^-452-885*+733515+2^+-5431221^-4402^-205-+4691^++
++--+/99357-982^5761*-472578457+-+-+^9372323-270-590876-245,99357/-982+5761^--472578*-457+9372^323+-270--590+876--245++
-----+--844*-156458655-342^-7382*-421914/-17569*//-757450-420-386,-844-156458*-655+-342-602^--421914*--17569/--757450/-420^-386*-
-*650-932/155*---*-683^8972^--703*324-150-5862^-4232-50-651,650-932*155-6838972^*703324-150/--586-2^-6682^--50--651//-
+-+-*-528-382-978//321-884-735619--731-^^1042-701-^7392^9271,-528-382*-978-321-884/-735/+619--7311042^241^7392^927976^---+
-+----^+91//47652-181/*-35365172-405^1162-877^4362637340,9147652/-378/+-35365*172/--118-1162^--877-4362^-637+340-
-++-224^-6881**-192*/-493387303118^-1261*-598-^-1602*142360,224-6881^--192-493387/303**118*+-126605^+-598-1602^142360*-*-
-+-8384+^9812/-90-++*/-910939-452^-6882*/379-27-386^7021,-8384+9812^-90-910-930/-452*-6882^+379-27/-386*+7021^-/+-
+--+^151-117-207/699^-212-^1241+^8641++--223-107325-508,151^-117+-207-699-212^/-1241^-7231^-223-107-325+-508++-+
-+-++++--/-925^-4881-281/143962-184444-708*-166177^-5071277-479,-925-4881^/-485-143962/+-184+444+-708+-166177*+-5071^-277+-479-
-----866^-5582^4482////813-681-75+*210^5901933^6572584,-866-5582^-4482^-813-681/-75/2105901^*933+/6572^/-584-
-961+--+497*/-223989^4911-728^201-++*854-588539/122850-375,961497-223989/4911^*+80-201^-854167*539+122850/+-375-+-
++/749^+*/376-1105815452/275180--227--//912-23-661738^6332,749376-110/581*545+2^/275180/+-227912-23/-661*738--8422^--+
--399++428/14-555+-^-5511^-3771**400--197//-256100247/401783,-39942814-555/+-5511--3771^-400-197-256100/247/-*401783/*++-
*-743--/-585-297*/*//619879-741-71-552-124---578*+143/-431724636323,-743-585-297/619879/-741/-71*-552/-124*--578143-431724/+636*-323--*
+-+-691^-3632582+*582367^-4952++--494-421-159-*-851728^2272,691-3632^-582+582367*-4952^/--494-421--159+-851728*2272^^++
-^-----/*/-85-218-32326-473283*-93-689757-667^8192+*-523895277,-85-218/-323*26/-473-283--93-865*-757-704-8192^--523895*277+-
+*7^-7851--976--++-369-814-467-24/*/-171315151^-2072/6455,7-7851^*-976369-814--467+-24+-985315/151*-2072//-6455/--+
++++--895//*-713-88844-823740-943*-977617/205^-842*-564*765-479,895-713-88*844/-823/-740--943+-977617*+205-842^/+-564474-479*-+
+++-^-++-12^-1682^-7602/135-396^-3701^3021-511-298-682-91,12-1682^--7602^+135-396/+-3701^-3021^^-511--298+-682+-91+
++-531^-^--+++*-62-969-140-236-735^3911^-3972112-7282-951-442,531-62-969*-140*885+-735+3911^--3972^-112--728-2^--951+-442+
-431/*//564605-+/-454932+^-3641*/-23-^-8111-376381-951-466423,916564605/-454932/-3641^-23-8111^-376-/381*++198-/-466*423/-
+/*798947^2552++--+48749/860105-417-554-/342*522^-1212-389,798947*2552^/48749+860105/-481--554+342522-1212^*--389-++
+-+++^6461-383-871*-313^9832*76490*944---444/*-376-951-52234,6461^-383+-871+-3139832^*+-7190^-944-444-376-951*-52/-234-*+
++--*-72^5321*/170837^2931^8091-349//-794-394-900/744-248,-725321^*170837/2931^*-8091^--349+-107-394/900744-248/-/*
/-984^--+-247/+457646+/*/63426-568-707*-230137^-3782216^1632,-984-247457646+63426/-568*-707/-230137*+/+-3782^-216-1632^+/
+-+--36934*506^+--+-909//-698766-908^6492685/-996-820173-72,-63934-506-90984766/-908/+6492^-685--996-820/+1^*+73--72+
+-+-570^1661211/944--+^-9511-^/^1962-404-980-962^-7381-314,-570166-625^+211-944-9511^1962^-404--980--962-+-7381^--314-/+
+-*/--+-/-549-968^+--949--20325711135-631-838760656*-321853654,-549-968/-949-2032^-571+1^-135+-631^-838-760/656*-321853*-654+
+++-616*/-661-774-537-215-376---162*/*//-72731652773804^253114-370,616-661-774/-537*--215+-376+-162-72731/652/773/804/2531**--370-+
----++-/-775-511-225^-7072//-201-980197*-582^-9401^-9852704-393,-775-511/-225/-7072^+-201-980/197/+-582-9401^*--9852^-704--393-
---+-**364781-757/*/-950666243-591/115829^-4632*-285^491264,364781*-757*-950666/243*-591/-115829/+-4632^--2854912^*-902-
-+--/906-683*+-156*-991-688-603-427*-334-85768**-838871*/-184-643498,906-683/313-991-688*--603+-427*--334-85*-768+-838871*-184-643/498**-
--++--+-+*-242224974-832-734/-368^7341761^-5672*-366-440-585-884,-242224*974+-832--734+-3687341^/-761--5672^+-366-440*+-585--884-
++-+*133-71/206-810**-409-340-749/-909479-*///-615456-396453761-68,133-71*206-810/+-409-681*-749*--909479/+-615456/-396/453/761*-68-+
+--+-122//543-720-+**358-884426905/-742-129/6852-794-808/-864158,122543-720/358-884*426*905+-742-129/-/-6852^+-794--808--864158/+
--++-+/38^-2361*-32-599-479-894*^910104436-572+*837^4552175,38-2361^/992-599*+-479--894^910104*436*+-572-8374552^*175+-
---+--+-+/821194-299*-102216^-9192-764504696^4272/-556-536577,821194/-299+-102216*--9192^+261-504-696+4272^--556-536/-577-
++---++++-305^3861155^-1251^-781^-4081604^232-209-819,-8283861^+155+-1251^+-781^+-4081^-604-232^--209+-819+
+-+-++-*-858-956^1783662*-3441976*-635-397465/-539+-777/255102,-858-956*171^-62+-34419*+76--635-397*+-240--539-777255102/+/+
/-363-476------*464528/365-989*-33^480-921*304^-1511309-263667,-363381609528*365-989/--334801^*-304-1511^*-309--263-667--/
+---249^8891410+820-*-994^-8101//-764-875-/-513^2411*-452294,-2498891^-410-820-994-8101^*-764-875/-5132411^/-452294*-/-++
/-*61110+-+-^1311335^-2541/-603-536-50++^9401-60*762530,61110*1311^335--2541^+-603-536/--50+-9401^-60+762530*++
++*++^-5712460//-141-979++*692214-683-344**540-710^3862-157385,-5712^460+-141-979/659214*-683+-344+/+540-710*3862-*--157+385+
--+++-*-930-185**-133993^-8021-298-855220/960^-9601-^-7492-286,-930-185*-133-903*-8021^*-15+-992+220+960-9601^/-4392^-286--
-+--184/-5^3212*337727**//-293976-753-211947/-770--346^3912,184-53212^/-337-682*--293976/-52/-211*947*+-77043912^-/-
+-+-+--325/-434^2042**+*-908-640267265504^6021^-1161923-598,-325-4342042^/--908-640*267+265*504*+6021^*-1161^+923-714+
-++++-+-*-504506294-156*74^8391-177*965-484-407-^-12-311541,-504506*294--156+748391^*--177+965-484*+-407+-12^-311-+541-
--++^+-95227//-7224822132//860-686^5781/-164^-4042421-242,95227--722482/213*+2^860-686/5781^/+-164-4042^/+421--242-
-----674770/883^3101^-420663/+-/*-755795778381/*-770-88-402-831,-674770-8833101^---4201^--755795*778/381--770-88*-402/+-831/-
-++-++-395/643^4332-864/-292-922203^-5081/+-295/*-48238232-7,-3956434332^/+383+-292-922/-203+-5081^+-295-482382*32/+-7/-
-++-+-++676-741^9561-765^-3032*-741^-3072/-742-193/-233-769-821,676-741+9561^+-765--3032^^52-3072^*--742-193/+-233-769/+-821-
-+-+-*/167-583282^8861983490/*-744-775-287-+-171^162^-2722,167-583/282*8861^-983+490--744-775*-287/+-171162^+-2722^--
++-*25043+++-507^++^-7712-4019731620//738-143794^-6091842,250-398*-507-7712^-401+973+1^+620+738-143/-222/+--6091^+842+
++^+-^-9131**-265606698-260-912*646/201824--+-897*967-638-8885,-9131^-265606*698*--260+-648+646201824/*+-897967-638*+-8-885-+
++-/*-927/799-733-434/-437814*347-668+--+-502^-5341-565-108*401107,-927799-733/*-434/-437814/-347-668++-502-5341^+-171--108-401107*++
+-+++318**-194+--617-951-806406423**/-553-511-923-486304*-985^-1651,318-194-174-951--806+*406*+423+-553-511/-923*-486*+304--985-1651^*+
-----*-319-855/-56883*/58141-361^-1581/*346206^-3032^4621,-319-855^-56883/-581-238/-361*--1581^-346206*-3032^/-4621^-
-+^+-+**-326-533^4111-450^1301/*/741-618-597-3412^-1652894,-326-533*4111^*-450+1301^-741-618/-597*-341/+2^-1652^+894-
+--++-854-720-846884286/*^--^-1391*/*-166-310550-221331-342-232-511,-854-720+-846+884-286--139-30^-166-310*550+-221*-331--342/97*-511/+
-+----35/529-343*268-7481679**380-265-283/773-+878^3582-91,35529-343/-268-748*-167-9-380-265*-283*+7738783582^+-91-/-
+--+-890-409**751-867243^1922-214//*/826-364-226-192-^-1301-802,-890-409+751-867*854*-1922^-214-681-364/-226+-192/-1301^-802-/-+
--++---391^/742-687^2122416/**/337-476-848671692763-905^-942,-391742-687/2122^*-416-362-476/-848*671*692/+763+-905--942^-
-+-----+325*-956342-118^-3312865*-890^2682^-1771574/804-823,325-956342*+79--3312^-865--8902682^*--1771^-574+-198-823/-
+-++--+^2431652*-291^6482*/-57-34-8522^2392-891-111-604,2431^652+-2916482^*--57-34/8522^*-332^+-891+-111--604+
+-831-++--571^-331-529**67164980**/-831325-301--665^-8452641,-831-571-331^--529+67164*53*+-831325/-301*665-8452^--912-*-+
+--^+/817-827747-41703-178**-979-335+^4651*-*-444-284/615-31235,817-827/747+-51-703--178--979532*4651^-444-284*615-312/-35*+*^
+^7811--711*/158148-791/629-/-954-658--/494^-641-643^-1562675,7811^-711158148/791629-954-658/494-6411^/-1562^-675--/-*-+
-+-^-3492^-6271^-9232/*-908715+/*/131633-979^4231^1851,-3492--6271^--9232^+-908-902*131633/-979*4231^/1851^+/-
-+-/467^4891^3271^9771*-140-++^-1072*-990683*244710-237,4674891^/3271^--7761^+-913-1072^-990683*+244710*+-237-*-
+----+-*295-46*/-824-19922-969^-6101^-8651/492706*-285760-770,143-46*-824-199/22*--969*-6101^--8651^-492706/--285760*--770+
--+**952-^^-6671*+^-5261110-913613-349/*-208456-960/223-485-106,952-6671+-5261^110+-913*+-169-*-349*-208456*-960/+223-485/--106-
-++-+**/699-581-366^1192-451*-640-376^5232-640+^-1412/326123,699-581/-366*-8802^*-451+-640-376*-5232^+-640+-1412^326123/+-
^---/*-246-29-855***-662395-630^-6961*-786865-429+/750^-3651-995,-246-29*-855/-662395*-630*-6961^*--786865*--429-750-3651^/-995-+
+++---/158^40220-853-383*/-49-432-976^3552*460^*398-9671,158402^/20--853--383--49-432/-976*+3552^+460398-967*1^*+
++^-420163+--+176-533-996*465*-2391+++*340919225195*-377708,-4201^63+176-533+-996-465-2391^*-340919*225*891+-377708*+++
+-++-**/-172-232900^-862-576^591-375-876*/152-157242/128599,986-232/900*-862^*-500591^*--375+-398+152-157/242*-128599/+
----+-+-951-87646*-44-35/509^7582/836-668/611-74/808^2612,-951-876+46--44-35*+5097582^/-836-668/-611-74*-8082612^/-
-+++--^-302*396^-6101^7222-419*516-904^1272**-457827-603,-302^396-6101^*-7222^--419+516-904*+1272^--457827*-603*-
+--++67^5251/188^++/430-4897688492146421*/*10767-186-557,-3581101^+188430-489/768+849+2^/+146-421-10767*-186/-557*+
+-+-*/34456-326*+-389-630^-6582/-270-+*-62^165159194634564,34456/-326+-389-630+-6582^*--270-621651^*591+946-/+34-564+
+-+^8361^-2012282///232/-792-510-408+-^-281//-47174652307,8361^-2012^+282-232-792-510//-408/-281^-471-421/652/-307+/+
+--486-697+-+*-724963^5732^+*726^6317801+*559^382-997,-486-697-468963*5732^+726631^*780+1^-559382^*-997+++
-^-7072*//*+*/-719-122813*///481526-82409-794139*383-654622-776,-7072^-719-122/813*481526/-82/409/-794*+139*383-654^/622/-776*-
--*-+-552362^1742^8762-615--+/-843175-62*101880/*957165655,-552362+1742^-8762^--615--843175/-62+101880--957165*655/--
-+----+^8242^-4891*+/3942791715-101^9831-637^322271-332,824599^-4891^+3942/791+715*--101-9831^--637-3221/+-332-
--558/^7432^+^-9532****350+-864**708-463-124534-196-702-5992,-5587432^-8262^350864708-463*-124*-534+*-196*-702*-599*+2^+-
--587*/*-433271-167++-923584/325+254*-301-***835750511-992/-546842,-587-433271*-167/-923584+325254-301835750*511*-992*-546842/-*+/+*-
----+^4411686*-404662*286^-3582400-+-547/466^-661766-437,4411^686+-404662*-286-3582^*-400-568466-661^/-766+-437--
*-+-++^6021-723840*207^*/179-8498972*/485-525^-1392-410-565,6021^-723+840+207179-849/897*2^*-485-525/-1392^*+-410--565*
----++/^-8461193/202643-17^-762**-590-273^8871/17813-921,-8461^193-202643/+-17+-762^--590-273*8871^*-17-659/--921-
-+-//756-758^-224-999508793++-+^8722+-238554^-2822/54-106-761,756-758/-2242^/508-793+-4872^-238554++-2822^-54-106/+-761+-
+++-+^9362-994-804-416-161*641+--+325^-4531-^9792-793-911990,9362^-994+-804--416+-161+239325-4531^+9792^-793---911-990+*+
+----+^+/-633-884-6481-846-702837^-6542*896726-+-546/-105182-824,-633212/-648+1^-846+-702-837--6542^-896726*-398-105182/+-824-+
+--+++-+-+-^960440603380/-57133967943-458160608*61371-599550,960440*603-380+-571339/-67+182^-458+160+608+61371*--599-550+
-------/-843^9821522*-17^-2391/982-910/-319^-8562431-102-907,-8435831^/522--17-428-592^*-982-910/--319-8562^/-431--102--907-
--+-++-+527574^8242761/-550^-559755/-386316*-731245*-969-144-782,-937574+8242^-761+473-5592^/+-386316/--731245*+-969-144*--782-
+++++-+-++269-475^-1292-177535289339396^-1302*-21870/867-803,269-475+-1292^+-177-535+289-73+396+-132^+-21870*+867-219/+
-----798562-95/*-90580723/*-334-292-*-965-+*/168-398219-347-616-3,-798562--95-75780*723/--334-292*-965168-398/219*-347+-616-*-3-/-
-++++-224/741649/*-499-435-487-748-+--468571-364/785411/-948^9701,-224741649/+-499-435*-487/+-748+-468571--364+785411/-+-9489701^/-
++*500-673-++--587*-822-627*-794778^7032629--^-4641-415/-207-782,500-673*3-822-627*--794778*+7032^+629-+-4641^-415--207-782/-+
-+---+-+^3492364^531-516^-152617*24^-8121^-932324,3492^364+531^--516+-152^-617*24-8121^*--932^+324-
*-316-++--^-5032410/-325^-122*451^3881^5991-972/708-206,-316-5032^410--325-122^/-4513881^*+3781^+972708-206/--*
--+---/689^-456-875-17*+-++/512-746-319963846632787-88769-809119,689-4561^/-17-512-746/-319+963+846-632+787*--887-69+-809-119-
+-+--392-514^-2982*-130402/+++286^+57-4321327-874-95/711795,392-514--2982^--130402*+28657-432+1^+327+-874+-95/-711795/+
+-+++-17/+*-506553-758^-698173-74^-8251*-348-368/*-59-902-972,17-506553*-758+-6981^/-73+-74+-8251^+-348-368*--59-902*-972/+
--+*-****31-147-50-34224754/763^-51^-502^-4442--893806,31-147*-50*-342*24*754-763-51^/+8622^+-4442^--893806--
-+--+-^-1082++-^3131-550-108/-851-832-248*-219-298^6021332991,-1082^3131^-473--108+-851-832/+--248+-219-298*-6021^-332+991-
-/-780-79***/83438853873+547-++-419^1861^1422*-525-948-193,336-79/834388/538*73*5474191861^-2692/+-525-948*+-193-+*-
-+^+-+//-171-176-393573^7042^-9031^8971+-6-4-/-82168935,-171-176/-393/-35+7042^--9031^+8971^--6-4++-821689/35--
--+--351*-4^4731^-717^-582//-872-739-983//198782--802^3182,-351-44731^*--717-582^/+-872-739/-334/-198782/-8023182^-/-
-++-+-344//*/960211-429-94029//*944-954172^1952*-511-136242-800,-344960211/-468*-940/29/+944-954*172/1952^/--511-136*+242+-800-
+++---91/-234^5192/692^-2191490-680/+845-556730/-676^682,91-2345192^/-692-2191^/-490--680+845538/730/+-783682^/+
-+++--+///-423-999872134^-921-323^6942/*690525-981851-594831,-423-999/872/134/2491^+-323-6942^-690525*-981/+851+-594+831-
+-++---18/-376-922^-653255**-936-574427^3791/-364-139/-807-224,-18-376-897/--6532^-55+-936-574*427*+3791^--364139-807-224/-/-
-+-*-7441^-6342*-365-782*-828+++--531^-9492^-2872923/552-12,-7441^-6342^--365-782*+-828-73-9492^--2872^+923+552-12/+*-
-+++-+^8201^1392-59*/-59748279/-408364/476^9052/-967-123,8201^139-559^+-59--59748/279*+-408364/+4769052^/+-967-123/-
---*-+-+*77612^-3342-480439^-8811^/-2261792^1122169404,776421*-3342^+-480-439+-8811^--226586/2^+1122^-169-404-
-643-++-+-833-30--+^-4221/895689-648/963-892*681-531-37*-33832,643-833-30+7861^895689/+-648-963-892/--681-531*+-37+-33832*--
--++*--*/-152880679757*933696^-8361-180//2-444^8141326-748,-152880/679*757-933696*--8361^--180+2-444/8141^/+326--748-
++-+--68963*536^-5412-863-68---542**138215^5031+-613*523-145,-68963-536-5412^*+-863--68+618138215*5031^*--511523-145*+-+
+++++-*/-20140-4432/-381924^-1731/*-786363601/789-352390-18,-20140/443661^*-381924/--1731^+-786100*601/+789-352/+390+-18+
+232+-+-+-+^-247254^-2262-418^91208-768/145^-284--326152,232-2472^54+7892^--418+91^-208--768-145-284-326152--/++
-+-+-/*-537651^-4371628/344-72-23174+^601**/-846-679-912-943,-537651*-4371^/628-344-72/+-23-174+60207^-846-679/-60*-943*+-
++*819-36*-692^6461**-745512-+^++-^-2641-993873670-592-650-155,819-36/-6926461^*+-745512*-2641^-993+873+670+-592--650+-155-*+
---+++--977+--+900^5742917-770-59267337^273284/-5911-764,-9779005742^-917--770--592+-67+337+2732^+84--5911^--764-
+---+-^-6821^2432-758/241^1252*-606--798975*/-58-775-589738,-6821^2432^--758+-8211252^/--606-798975-*--58-775/-589*-738+
+/++++++/492686-202/313^-8501^-1482/-620464^1561-390-454-789,492686/-202+313-8501^/+-148-406^+-620464/+1561^+-390+-454-384+
+^3982--826*893++-875//-674168^5252+/-781-^3481*579726214,3982^-826893-875-674168/5252^/+-7816001^579-329*-/166++*-+
+**/162-768473^5621+--**-570-709-462**/-472-11458-370^112177,162-768/-150*562-304^*-570-709*-462*-472-114/58*-370*-112^-177++
-/+^9242*167^-7952^1461**583510+*101121--782**-753820-919,9242^167-7952^*+1461^-583510*101121*-782583820*-919*-+*-
-----+658-534*^-677-921669-197518*255-851/-602-+-335938+^802173,658-534+-677-921/669*--197-518-99-851*--601-335938+802^173+-/-
+++-30-235/-594-134*-++^-3481516^-5512754^-672+/339-925-656,30-235*-594-134/+-3481^-248+-5512^+-729--672^*/339-925/-656++
----^-491^6621*-455++-/174^-5791-42473-452346^1251-43,-491^6621^-455174-5791^/-424-73+-452+/346*-1251^--43-
+++++-+-*-919^5902^4011871-185-152*193*-322-780*-572-867-919,-9195902^*4011^-871+-185-102+193*+-322-780*+-572-867++-919+
+-+-874*-203^-9402/-889-840/-877-+-+^442-610*-462805^-182990,-507-203-9402^*+-889-840/--877442^-610+-462805*--182^+990-/-
+++//314264^-6192-644*/-385-655^8492--95/*939-740/80868-198,314264/-6192^/-644+-385-655/8492^*+-9593974080868//*-198/-+
+++--399**469878-331-231^7382^-1182/-979-35//233-845+-533-638,399469878*724*-928-7382^+-1182^+-97935233-845/385-638+/-/+
-/--400^+777*//-775-959+^-1241707-7121//-635-872-/66466191-791,-400777-775-959/-1241^707+/-712*+1^--606-872/664661/91-/+-791-
-+---/*364-833^-5091/850299^8621^8882227*-336-*54-81551,364-833*-5091^/850299/-8621^-8882^-227+-11254-81*551-*-
+++++-/+720*830^-5282762779-713^-7602641^-5882-59--523980,720728-5282^*+762-779--713+-7602^+641+-5882^+59-523334--+
--+++^-3151-841-858/*-886736^-/835-306**-691-191-9692-943^-5992,-3151^-841+-858+571736*835-306/-691-191*-969*-2^/+-943--1202^-
-++--331-501/466-63/444^-7052+352/*/888-*662^1512460-204735,-331-501--401637/+444-7052^/+352-5766621512^*460-/-204*735/+-
-374/8-+++-551/-178-++270^-5681*18-488-472/2772^-931-369-681,3748-551-178270-5681^+18-488*+-472-/+2772^+-9312^+-681+/-
/*423741-*30747-+-^338398*793-931-6*816+^6622/*656-780160,423741*30747*3381^793-931**-6+8166622^656-780*160*+*--/
--++-++*356-429*331830**-595742^-5271-71396194/-582475*-347-326,356-429*331830*+-595742*-7821^*+-713--974+194+-582475/--347-326*-
+-^740^4992^//-912-190-3201-+--145*848469//-268-539-968^-2892,740499440^--912-190/-320/1^--145848469*--268609/-968/+-2892^-+
-742+-++-+-884654*/-440-465435*387^-3091^-7191-841/416^-9301,742-884-371*-440-465/435*-387-3091^*+-7191^+-841-416-9301^/+-
---+-852^-8942^-7131248//+-+*-385-957-989^-1071602-513^-7592,-852-8942^+-7131^-248--890-379*-989+-1071^-602+-513/-7592^/-
-+-+---471^-7302^9211/*87-957303*6481/152^7711/201968,-471-7302^-921250^-87-957*303/+6481^-1527711^++201968/-
++603*-16415+---*-421366^4701893-387-+175/-383^9931-315156,603-16415^+-421366*4701^-893--387-175-3839931^/+315156--++
-++++*524-221^-+406*-753-132-7091*-634^-3632^-8362^-6951654,524-221*406-753-132*+-709-1^+-634-3632-*+-8362/+-6951^+654-
--+*//-187-387259+-/*/*528751860381-75-479923886^-5341/-286428,-187-387/259/528751*860/381*-75^-479-923+*886+-5341^--286428/-
-^5332-/971873/*-212-320++/-762-+*-943621/-986381-21-712*792360,5332^971873/-212-320*-762-943621*-986381/+-21-/-712+-668360*+/--
++-+466-18596^-2471+**847-895478-/134656*710--304-^-944149,466-185+96--2471^+847-895*478/134656/710-304-7981^49--*-++
+++-^-9091*-937-34-566-222++^1942^6991-^-9851**-983-619-362,-9091^-937-34*--566+-222+1942*6991^+-9851^-983-619*-362*-++
-//+++205/--759-568^-1992++^-8492/-501-75011-982-825315*148-898,205-759-568*-1992^/+-8492^-501825/+11++-982+-825/315/148-898*-
+-+^+^-3251-4521**477-+^5911-860-512^4861^-9482^-2941,-3251^-452+1^4775911^-860--512**4861^*+-9482*--2941^+
/+---+-*-78638*-319136-176/-793-977*/*710-48-619-10-402185-693903,-78638*-319136*--176+-793-977/-710-48*-619/-10*--402-611/693903--
++-+++-55110*-457647*/-+223*374806541-594931/628-530^-9601110,-55110+489647*+223374806*+541--594/931*+628275/--9601^+110+
*-183+-+-48/543360/*136-67184781//692496^8482*-892^8372,-18348543360/-136671847-*81/^692496/8482^/--8928372^*+/
--++-+*232959295529/171^-1831*/-309368^-4341998+^-4232-539,-319959*295+529-171-1831^/+-309368^-4341^*+510--4232^-539+-
*-798+^-432++-+148^6742*/314+182/-558965-296/546-883/-81-909,-798-432^1486742^+314182-558965/+/-296*-546-883/^-81-909/++*
+++++-+807*249^-1001/399392**/966242-859718^5191-94841-716,807127-1001^*+399392/-966242/-859*718*+5191^+-94+841+-716+
-++-719*/-761-326^-4181*583**-543703281---^-4612-242^-8531632,-719-761-326/-4181^*+583-543695*281**+-4912^-242--8531^-632--
----++--49-141-915^211563-595/*-79-702614^7381-526-^4212237,-49-141--915+2112^+-595--79-702*614/-7381^-5264212^237-/-
+++697^7481*///651238-954-28-//-952-163^-7232*/30613802-396,6977481^+651238/-954/-28/-952319*-7232^/30613/802*-*+-396+
-+--+++840^5271451*-436814/805^6801650-162///515-6890260,8405271^+451+-436814*+8056801^/-650*-162+515557/890/260/-
+++/537^1811325**-270-340362/*/-460-908525++833^*-954-5472766,537-821^/325+-270-340*771*+-460-908/525*833-954-547*2^+766+/+
++-88+++-324-*396-794/68-653-681/-918-802-890**187652**-789-393-588,-8830396-794*68-653/-+-681+-918-802/++890187652*-789-393*-588*+-+
+++999/++^-3261765/-619-682^-4701-857--928*//-150-701355-633594,999-3261^765+-619-682/+-4701^/+-857+928-150-701/355/-633*+594-+
-+++-++--233^-921-84-451-926^-2721649/-998+-596/941-276-766*102-519,-233-672^--451+-926+-2721^-649+-998-596941-276/+/+-766+102-519*-
-+^742^-3732+-+-413198*-536815+-+-599^-1501/-753^590918581,742^-3732^+-413198+-536-717*--599-1501^+-7535901^/-581++-
*-364--+----985/981-248^2022287-728392*//*140825648-462241-615,-364985981-248/-202725^-287--728-392+412825*648/-462/241*--615-*
+-+++--+-306^8151-196-200^-3382/*341494231^-1581-339*51755,-3068151^+-196--200-3012^+341494*231/+-1581^+-339+-81055*+
+/*/*762-360-217807771-929*-396-*850^-4881^-696^+^1272-2552,762-360*-217/807*771/929-396850-4881^*-6961272^-255+2^/-*-+
---++-++/250-341^-572312^-2452/-609^4432^1911-324657868,250-341+-572^-312+-2452^--6094432^/+1911^+-324-657-868-
+-*-791^201681-+--115//-918273-462^-5302/-917-45*-784*-544-130,-791201^*681-115-918273/-462/--5302^--917-45/+-784-412215**-+
-+-^-3561^-405-84624-***//-49318-961-511-644128/876-240^9072,-3561^-4051^-624+-49318/-961/-511*-147*128*8762409072^-/--
--///**70392-^3951-671-280612999-541-+^4062^9331-393-666,70392*3951^-671+*-280/612/999--541-4062-9331^+393-666---
--++905-853/****-54608527344482-396*-87590///-25521-16^9111,905-853+-54608*527*344*482*-396/+-87-535*--25521/-16/9111^/-
-+--+*-608434286+++^5461^-6881-273668285276^2322*-807-184,608434*286*5461^-6881^+-273+668+-285-276-2322^+-807-184*-
-+--736^-6921*-186^4052*-968+-36-*696^-/-639550-1411^2752,-736-6921^--1864052^*+-968-36696-639550/-141-1^*2752/-+*-
-^-9271-++---+272^-5761222752^-4442310*978^-3401+-98410,-9271^272-576432^+222-752--4442^-310+978-3401^*+-98410+--
-+-+-+-^-5531^7691^-1892*-915-322*122^552*309-661239-830,6131^769-740^--1892^+-915-322*-122552^*+309-661*-239+-830-
--+-++--+-/662^1811-858-673630/97--616-445800-716153-456607-838,6621811^/-858*-673+630--910-616-445-/-800+-381+153--456+607--838-
+-+--725^-9222+/408474665/**-81-678-620385^4441*809+-227-102,725-9222^-408477/665/--81-678*-620*385/+4441^/809-227-102+*+
++^-273-9246+++*-472^6911-157852+/563^2622*/750686^9471,-273-92*46+-4726911^*-157+852+5632622^/45686/9471^*+++
-*/-740-966-472--945232*+++/-^471-259136^-7462^9702-268-775,-740-966/-472*945232-471^-259+136+-7462^+9702^+908+-775*--
*^5092-+*-530-634^-3692*-894-*647193^+^-101**-9416894151,5092/-530-634*-369-313^+-894647193--101^-941689*415*+1^-*--
++++---++-122/-379752-945/*-815411108865-701766-489-426*-831^3622,-122-379752/+-945+-815411*108/-865--701-766+-489+-426+-8313622^*+
+-++++*204-54**/*446186719-289864*57-428851/256-663/-939772-560,204-54*446186*719/-289*864*+57-428*+282+256-663/+-939772/--560+
+-+++++--+-^6332330500372-388356633-746508412//885-411-360-863,6332^330-500+372--388-356+633+-746+508+412+885-411/-360/--894+
-+++---544671-263/-474^-6511**/*728-327-50236^-9232*950706404,-544671--263--474-6511^/+728-327*-50/236*-923-672^*+950-588*+404-
--++---579//839800-17^5872-907/-472792829*-581-693+*819-791634,579839800/-17/-5872^--907--472792/+829+-581-230*-819-791*634*+
--+---724-526*/400-28^-6972/117556+-16133/649---95^-1982-107,-724-526-400-28/-6972^*+117556/+-16133+-649-95-1982^--107-/-
-+++++^5331270334-990--67140*/157-597^-9641//674673^-8921,5331^43+334+-990+-67140/+157-597/-9641^*+674673/-8921^/-
++-+-/-650^-7882-651866-407^1931+/865477--930*-898^/74-1492,-650-7882^/-440-866+-407-1931^+865477+-930-89874-149/2^*-/+
++-662^-601-^-5361/-454*/**358-807677574+^6022*852^34398,917-5001^+-5361^-454358-807*677*574/6022^85234398+*+*/-+
-/**^*/*204186860197975-891-630^-^4022/9589531*/-377195744,204-114*860/197*975*-891*-630*4022^958953/-1^/-377195/744*-
-+-+-236/-3521-820*680-+++*336497-252^-8201*-946^-2241-564-446,-236-3521^+894-680336497^-252+-8201^+-946-2241^*+-564-*+-446-
*+-+//-/132785//85444292284-263-572823*914-237+^5492/439697,132785/61442/922/-84/-263/-572+823-914-237*+5492^439697/++
+---/*-327-242151/-81267^-9^352-229-+-/77^-3821758444-556,-327-242*151/-81267/-719352^*--229-77-3821^*758-444+-556-+
---++/184^192/382-993/*-841-904-382+--102-66646651-+430240-779,184192^/382-993/+-841-904*-382/+-102-66-646+-366-430240+-779--
-++*-115^-5841^4051-533++-181**-853+^3221315^501258542,-1154751^*405-102^+281+181-8533221^315+*501^*-258+542+-
++----118771-6082//692119512/-345-610/478++--775^-3921169386,-118771-6082^-692119/512/--345-610/+478-775-3921^-169+386+/+
++-+++423^-1631-8819^1802-121--+-777+/905-381^9132-922281,423-1631^+-881+9+1802^--121+-777905-381/9132^*+-922--138-+
---+-*377236*^-141-531-48^-1402/+--197^-2832-285369-377*337111,377236*-141-531/-48*--140741^+-197-2832^--285+369/--377--968111*-
+--45-/373193^1661*-523+^-2671/-36+-+-903*-618-426^1241-814,-45373193/1661^*--523-2671^-36-903-618-426*+1241^--814+/+*+
-^-6102/-607-+-^-7262997888/417--+-395/330^-7062^-2932-458,-6102^-607-7262^974-888+417-395330-7062^/+-2932^--458*/-/-
+++*/-177721++835-909-258/*852550832-326-+*/78558-864^131-796,-177721/835-909+-258+*852550*832/+-326+78558/-864*131^+-796--
--436+-+613**601-404^1692-834*967^250/-500+*-38^-401^3202,-436613601-404*1692^*+-834-967250-500-38-4037^*3202^+/-*+-
-----++348296*-789-932-138^-+603/9536357741498/-986671*26-284,348296+-789-932*+-138-252953635/+774-1^-498--986671/-26-284*-
+--+-492-199-523^833175+++++894-638*480-501/-17^391-44-677,492-199--523*8331^-75-31-638+480-501*+-17391^*+-44+-677++
++^-9531997/747-+++-++-770449-^103-762-938398^-6262-3695758,-9531^997+747-770449+1032^-938-+398--6262^+-369+5+758-/+
-+^8521-111*-564+*-805-367//**183854-*-452^-831-396/-28573-350-519,8521^-111+-564-805-367*183-38*-452-8312^*-28573/-*-350/-519/+/-
++^6531///*//167353-876-759-141198448/--+829*4261711-198-267,6531^167353/-876/-759*-141/198/448/+8294261^+711--198--267/+
+-^1712*10818+-912^338-674+++-839^6532239^9871^7312,6802^10818*-9123382^-8396532^-239+9871^+7312^+++
--**-360-465-737^-5582**//-991-15184-299---86^-4122*/721298253,-360-465*-737^-5582^--991-15/184/-299*-86-4122^-721298/253*-*-
--+428*+--987*/*239-46311657/811^-9711-406-259**-680998768-805,428987239-46*-77/657*-811-9711^/--406+-259*+-963998*178*--805-
++++*227-8907970-617**-9-109+-*-535-574^532*746+896*40096,227-890*79+70+-617+-9-109*-535-574*532^-74689640096*+*+*+
---++-+-*-103-973^9062320-471*-127809*-344^-8522733^-1362-726,-103-973*3392^-320+-713--127809*+-344-8522^*+733--1362^--726-
-++-++^-1112/*847-541-527^9681705^-2151**-232-361^-1542-694,-1112^847-541*-527/+9681^+-706--2151^+-232832*-1542^*+-694-
----+-191-555^-9072520+356^2551++-75-185//-542++-152166-415-503,-191-555+-9072^-520-3562551+/--75-185+-542-152166+-415+/-503/+-
++-+-*^916-564^-2651-785^-3791**-7-367382-302-/-107^6712-795,916-564*-2651^*-785--3791^+-7-339*382*--302+-1076712^/-795-+
-+-+--+^-7642632**-73-635^-1262*103-830355-978^-9902^-7712,-7642^632+-73-635*-1262^*-103-830*-355+-978--9902^+-7712^-
+------^-2221^4022-789+-7071-285*-575-296341+-*-300567335246,-2221^4022^--789--7071^--285--575-296*-341--300257*335-246++
----2137266+--++-374/-330-344-759^2341^1781-+^6711526730,-213726-133--374-330-344/+-759+2341^-1781^-6711^526+730-+-
--+-+/-470-54747-653*-29270*948-51+364+*178-995/-298/-822^-8542,-470-54/747+-653--29270/+948-51*-364178-995*-298102-8542^//++-
--++-+++/872^-661425*134150^8421^-161554^1811484-915,969-661^/425+13482*+8421^+-161^-554+1811^+484--915-
+++++++305-824*-11-860/669^4681143^9541/*8542615/319-114,305-824+-11-860*+6694681^//143+9541^+8542*-222/+319-114/+
