Formula,Result
^-140.09-563.04828.75855.8819.73322.07841.66-114.5698.18-484.1-+^2***+*//+*802.51484.76/--123.85,-484.1-98.18**2+-114.56*841.66*322.07*819.73+855.8/828.75/-563.04/-140.09+-558.54*(484.76/802.51-(-123.85))
767.39*-579.06515.76-265.69687.22**/--113.67506.91573.03++^2-328.69-441.11286.89-671.31-839.02*--^1/-,767.39*(687.22*-265.69*515.76/-579.06-(573.03**2+(-839.02*-671.31-286.89**1--441.11/-328.69)+506.91--113.67))
655.44-447.32-77.55-738.03601.76-331.34212.14486.11-630.04-923.33-894.58361.17-375.34+-/+^2+--**/++^1,-375.34+361.17--894.58/-923.33**2--630.04/486.11-212.14--331.34*601.76*-738.03/-77.55+-447.32**1+655.44
812.35154.07-556.5745.36732.17-573.2234.61175.72301.28/-***-/372.94873.39569.64-291.57745.1672.83*-++-/+,301.28/175.72-234.61*-573.2*732.17*45.36/(672.83*745.1--291.57+569.64+873.39-372.94)--556.57/154.07+812.35
948.02-844.95-66.51/-*/-562.88278.3240.0-373.17^-369.59285.44--^1+^1+^2-+2^1,-66.51/-844.95*(285.44--369.59**1-369.69**1+-373.17**2+240.0-278.3+-562.88)**2-948.02**1
-848.69-818.0-880.38804.78-990.53730.26-747.19764.86-307.72518.89998.23*/+^2+--+^2-+-^1*^,998.23*518.89/-307.72**2+764.86+-747.19-730.26--990.53**2+804.78--880.38+-818.0**1--848.69*(791.06)
-22.46799.85625.44-391.92++^1//970.92182.15-77.58-^1-^2-^1453.26615.0*-^1867.71,-391.92+625.44**1+799.85/-22.46/(-77.58**1-182.15**2-970.92**1-(615.0*453.26**1-(867.71)))
698.55363.18-834.82888.24-51.31821.75747.01666.1-14.29-584.11-420.19/-*-++*-//-226.99-333.7725.76--^2,-420.19/-584.11--14.29*666.1-747.01+821.75+-51.31*888.24--834.82/363.18/698.55-(725.76--333.7**2-226.99)
-576.25--662.58570.42-66.19831.94+/*+-951.43*16.82-775.15927.4436.01-919.18-788.41-720.78595.96984.84**-+----,-576.25-(831.94+-66.19/570.42*-662.58-(-951.43*(984.84*595.96*-720.78--788.41+-919.18-436.01-927.4--775.15-16.82)))
721.57759.91104.97*48.77-*--*^-184.88337.15-285.55-519.7-501.82-379.25-/-^1*-^12/2,48.77--66.07*104.97-759.91*(-379.25--501.82/-519.7**1--285.55*337.15**1--184.88)**2-721.57**2
293.97-588.23-248.61309.2-2.09351.45912.02-811.44755.22-499.78-22.37-155.25847.9----//+^2--^1+/-,847.9--155.25--22.37--499.78-755.22/-811.44/912.02**2+351.45--2.09**1-309.2+-248.61/-588.23-293.97
-952.33-58.96-143.88797.68-+*/*-2.11448.54-916.21881.98172.75949.58439.58-*++*-211.48+525.9175.04-637.38+*,797.68--143.88+-58.96*-952.33*(439.58-949.58*172.75+881.98+-916.21*448.54--2.11)/(211.48-(-637.38+175.04*525.9))
-452.6909.86-931.15316.54-41.2249.23243.88-955.88*++^2--^2+-/-993.38/309.51+699.6+*-1,-955.88*243.88+49.23**2+-41.22-316.54**2--931.15+909.86--452.6/(-993.38/(699.6+-306.94*309.51**1))
527.71-223.54-^1+663.78*-838.35314.06+^1*687.31960.79-195.3+-/*/151.8221.59+++^2,-223.54**1-527.71+(663.78*(314.06**1+-838.35*(888.87--195.3/960.79*687.31/(220.42+21.59+151.82**2))))
608.83-629.32+^1-801.8685.0495.36323.7-492.42-821.88134.03684.97563.57+*-^2+^1//++^1,-629.32**1+608.83-(563.57*684.97*134.03**2--821.88**1+-492.42/323.7/495.36+85.0+801.86**1)
-924.8-968.69+*555.51-860.56551.3742.26961.47991.54+*+*+^1*-314.67833.4+^2*841.63-399.41-^1,-968.69+-924.8*(991.54+961.47*742.26+551.3*-860.56**1+555.51*(833.4**2+-314.67*(-399.41**1-841.63)))
896.11-705.69905.37-151.59-975.77-401.8857.44111.08941.49-806.45+-^2-777.84-*/**-^1-++^2/,-806.45**2-(633.85*-777.84)+941.49/111.08*57.44*-401.88**1--975.77--151.59+905.37**2+-705.69/896.11
-686.8-51.99-761.35-518.84727.53130.1328.66782.93-906.15961.6+391.57936.04-196.8*-*/+*-*-^2*+*247.5,(-196.8*936.04-391.57)+961.6*-906.15/782.93+328.66*130.1-727.53*-518.84**2--761.35*-51.99+-686.8*(247.5)
-17.89-170.51256.26-529.51632.98681.92719.12904.24263.15-123.22-710.34465.46-*--*-^1/-^2+^-42.91-*,465.46--710.34*-123.22-263.15-904.24*719.12**1-681.92/632.98**2--529.51**1+256.26--170.51*-17.89
729.8^640.06-137.57-797.79289.31949.9578.51-124.01-^2+^2**/++^2-*-24.8-32.35-537.38*-,-124.01**2-78.51**2+949.95*289.31*-797.79/-137.57+640.06**2+-980.65-729.8*(-537.38*-32.35--24.8)
-467.7163.17-435.37+-338.84720.79-431.55-730.86-402.96451.62-576.85-865.58917.98520.81485.3+/-+-//*-**//*,485.3+520.81-917.98--865.58+-576.85-451.62/-402.96/-730.86*-431.55-720.79*-338.84*871.05/-435.37/163.17*-467.7
-321.06-816.11-583.18476.71-245.38264.98-505.94-568.56407.76779.71422.62129.14250.39^/*/-/*/--^1/-+-,148.53/250.39*129.14/422.62-779.71/407.76*-568.56/-505.94-264.98**1--245.38/476.71--583.18+-816.11--321.06
-746.82//-331.21-534.76866.84428.2-429.71532.61+/+/803.3252.28288.45897.13720.65**//-^2+**-,532.61+-429.71/428.2/(720.65*897.13*288.45/52.28/803.32)+866.84**2--534.76+-331.21*-291.98*663.92--746.82
-854.29-562.83533.28-333.46+++*-489.49715.95489.69356.99-189.68-846.23-246.91-526.61-^2+/+^2*+-/428.12,-333.46+533.28+-562.83+(-526.61**2+-246.91+-846.23/-189.68**2+356.99*489.69+715.95--489.49)*-854.29/(428.12)
493.56-988.98-716.2-428.36-576.23473.73-29.38641.69-78.64329.91-159.86-330.98**++++^2+^2*+/-^1,-330.98*-159.86*329.91+-78.64+641.69+-29.38**2+473.73**2+-576.23*-428.36+-716.2/-988.98**1-493.56
780.29-227.91-467.37-865.24/--^1557.7-343.84-262.61820.65+^2*-^1/*-976.66-419.04497.27--^2,-865.24/-467.37**1-(820.65**2+-262.61*-343.84**1-557.7)--227.91/780.29*(497.27--419.04**2--976.66)
492.92805.63849.69-339.71251.29-951.79658.31-262.99+^-338.22-785.39-509.08-*1+^2//--/**819.83*-,(-509.08--785.39*-338.22)**1+-262.99**2+658.31/-951.79/251.29--339.71-849.69/805.63*492.92*(-198.48-819.83)
252.85-370.71-12.18-821.28-610.88-850.41-824.96-*+^1//**-130.9376.53+^2*-895.55411.89422.96+^2/,-824.96--850.41*-610.88**1+-821.28/-12.18/-370.71*(376.53**2--130.9)*252.85*(422.96**2+411.89/-895.55)
/-19.74-882.86-^278.68460.72-773.39184.6382.36-701.14709.14***+/-^21+^1+^1^2,(709.14*-701.14*82.36*184.63+-773.39/460.72**2-278.68)**1--882.86**1+-19.74**1+-805.79**2
856.14-707.62^-986.41825.03762.83191.62/++^-719.88786.76-83.05-289.29-^-745.07/-^11+++^2+,191.62/762.83+(-289.29**1--83.05/786.76**1--719.88)**1+825.03+-986.41+-168.37**2+-707.62+856.14
558.57-288.99-154.61335.22/+//375.19825.4474.81-687.26777.74-675.58453.21-619.5-++^2+*-+^2+-545.53,335.22/-154.61+-288.99/558.57/(-619.5-453.21+-675.58**2+777.74+-687.26*474.81-825.4**2+375.19+(-545.53))
-163.91-860.83+116.77991.29-599.8//+*+*818.04814.87-602.73613.8-559.15-918.24*+^2*-/137.7439.72-+,-599.8/991.29/116.77+-590.12*-860.83+-163.91*(-918.24*-559.15**2+613.8*-602.73-(39.72-137.74)/814.87+818.04)
-305.68-258.89-869.68-116.63-953.46-3.16/-//+^1-103.49295.4-293.51483.57853.46710.11/*--^2-^2,-305.68-(-3.16/-953.46--116.63/-869.68/258.89**1+(710.11/853.46*483.57--293.51**2-295.4**2--103.49))
620.06-864.96707.38-408.02-549.05^323.67472.08-+--848.71182.74466.05-250.95/+-+/+/*/-^2^1,472.08+(-250.95/466.05+182.74--848.71+-331.56)-323.67/-112.16+-549.05/-408.02*707.38/-864.96**2-620.06**1
-220.09276.99-942.73-857.95-289.31-727.82388.09/+*+-^2-+74.34/443.32-864.12-442.27434.73-197.74*--^1+,388.09/-727.82+-289.31*-857.95+-942.73**2-276.99--220.09+(74.34/(-197.74*434.73--442.27**1--864.12+443.32))
436.26472.36-99.77235.48585.57-585.04-418.7-200.94^-^1**++/-162.16266.98109.91513.77/-+^2/-*,(-918.23**1--200.94*-418.7*-585.04+585.57/(513.77/109.91-266.98**2+-162.16)+235.48/-99.77-472.36*436.26)
-412.8533.25-104.0-736.45-832.43851.77*//-**258.17+^767.79-834.5-933.09571.76-931.71---^1-^1-256.83,851.77*-832.43+-736.45/-104.0-533.25*-412.8*(258.17+(-931.71-571.76--933.09**1--834.5**1-767.79)**2)
509.78883.57-261.97--*-124.21-^1-630.16504.0-779.9*-/795.26126.65547.74-816.6-506.073.38-+*/-+-478.71,(-261.97-883.57-509.78*(-124.21**1-(-779.9*504.0--630.16/(3.38--506.07+-816.6*547.74/126.65-795.26+(-478.71)))))
-865.86181.04769.51-*-^-922.21569.27+/146.78592.61-325.98-803.48-+-/+339.45--677.62-978.64902.13-7.7-+,769.51-181.04*-865.86-(569.27/(-803.48--325.98+592.61-146.78)+-922.21/306.55+(339.45-(-677.62-(-7.7-902.13+978.64))))
-84.4911.82250.52476.03989.83/-499.0-904.14-234.21370.23352.32+^1/+/+^2-^2+^1**-,(352.32**1+370.23/-234.21+-904.14/-499.0**2+286.97**2-989.83**1+476.03/250.52*11.82--84.49)
85.47-882.16+0.1-286.91764.56903.19-*-^1++677.31-412.22-281.19-775.76-256.12664.83-577.91-*-^1--/,(903.19-764.56*-286.91**1-0.1)+-882.16+85.47+(-577.91-664.83*-256.12**1--775.76--281.19--412.22/677.31)
-36.64634.46725.16136.27-*^733.53+674.29935.06-459.82--^2+^1-2**+628.76/-829.11/-459.3,136.27*(-459.82-935.06**2-674.29**1+768.33-733.53)**2-725.16*634.46*-36.64+(628.76/(-829.11/(-459.3)))
734.2950.0423.24-258.33-349.42806.7451.57727.56-154.42-638.52933.43-672.29--++^1-+/-972.78761.54+*-*-*,-672.29-933.43--638.52+-154.42**1+727.56-451.57+(761.54+-972.78)/806.7*-349.42--258.33*423.24-50.0*734.29
592.04-150.02176.18458.75*^1/-^1*-977.56-491.54984.93-757.16+-/-303.86-175.08-478.17172.11-^1^-,458.75**1+176.18/-150.02**1-592.04*(-757.16+984.93--491.54/-977.56-(172.11**1--478.17/-175.08-303.86))
-120.23-585.61894.73337.4527.51741.55539.47-279.83414.17-865.65932.65-98.52+-^2-//-^1-^2--/*,-98.52+932.65**2--865.65-414.17/-279.83/539.47**1-741.55**2-527.51-337.4-894.73/-585.61*-120.23
-372.59417.18432.62-341.47993.56320.6-^1/+/-^-519.2*817.71-783.56-134.8689.81+/+^2-599.07-901.5-,320.6**1-993.56/-341.47+432.62/417.18**1--372.59*(89.81+-134.86/-783.56**2+817.71-(-901.5-599.07))
-315.07623.76995.89858.86889.21696.18877.11*/--2+^2/+*-720.98-965.72-201.42/+^1-^1648.6,877.11*696.18/889.21**2-858.86**2+995.89/623.76+-315.07*(-201.42/-965.72**1+-720.98**1+(648.6))
-920.87-257.33-124.46-902.21939.73900.84-131.79-515.34-798.3/+**//-351.58+884.22-25.23-/+^1-^2*/,-798.3/-515.34+-131.79*900.84*939.73/(-25.23-884.22/-656.2**1+-351.58)/-902.21**2--124.46*-257.33/-920.87
444.25-465.43-586.03-965.65774.79-868.1-389.47444.16+^1/+-^2////-510.47-881.6271.73463.11315.79+*/*,444.16**1+-389.47/-868.1+774.79**2--965.65/-586.03/-465.43/(315.79+463.11*271.73/-881.6*-510.47)/444.25
-146.08-71.05234.78-457.46-435.2771.47-206.31-292.01-460.28372.67/+--*+-^2699.83-44.0+^2-^1^/,372.67/-460.28+-292.01--206.31-771.47*-435.2**2-(-44.0**2+699.83)+-457.46**1-234.78+-71.05/-146.08
-567.6266.12-*-798.24844.36*--118.81/218.38-454.19/+-958.39766.45191.63680.7-*/+-887.3/-14.280.9+*+,66.12*(844.36*-798.24)--567.62-(-118.81/(-454.19/218.38+(680.7-191.63*766.45/-958.39+(80.9+-14.2*137.24+-887.3))))
765.66-378.7-473.27179.73-151.28-449.92/--+^1681.92-587.31396.2630.08**---*^-438.63-806.79-201.5//2,-449.92/-151.28-179.73**1+(630.08*396.2--587.31-681.92)--473.27--378.7-765.66*(-201.5/-806.79/-438.63)**2
40.9-981.12-103.7246.58167.47-631.19-565.45816.77-511.5292.26+^1+-^1--/*++--13.45-914.6230.5-/,292.26**1+-511.5+816.77**1--565.45--631.19-167.47/246.58*-103.7+-981.12+40.9*(30.5--914.62/-13.45)
508.26992.54564.51592.08691.93*-^1+/-410.71752.28836.2-*/--894.46263.82-689.94-/--219.89635.28-796.25*+,691.93*592.08**1-564.51/(836.2-752.28*-410.71)+992.54/508.26-(-689.94-263.82/-894.46-(-796.25*635.28+-219.89))
334.95884.93709.75675.72511.41756.94124.79280.37681.07+*+^-^2-+*+710.5-271.05*-998.06-^1-/,681.07+280.37*124.79+756.94*511.41**2-675.72-709.75+884.93*334.95+(-998.06**1-524.94--271.05/710.5)
744.03134.1538.82*+^761.14+-871.76768.72-648.69-771.05-499.74-63.37+^1+-^2964.58-504.08+^1***,(538.82*134.1**2+744.03+(-63.37**1+-499.74**2-(-504.08**1+964.58)+-771.05*-648.69*768.72*-871.76))
42.38604.62-855.22-237.61890.8-526.95-709.9172.26421.47+-^2+/722.56-406.07++^2*-^1*-^2,421.47+72.26**2--709.91/(-406.07+722.56)+-526.95**2+890.8*-237.61**1--855.22*604.62**2-42.38
778.3515.33-101.32-347.59^-967.28563.43183.63-324.08731.68-611.67-691.63-671.46+-+/++^1*---^1**,-671.46+-691.63*-611.67+731.68/-324.08+183.63**1+563.43*-967.28--128.5--347.59**1--101.32*15.33*778.35
878.4672.96-680.51273.1-859.37575.83-579.3-815.38-701.08-794.73450.36-463.35-638.38/-*/++^1+^1//++/,-638.38/-463.35-450.36*-794.73/-701.08+-815.38**1+-579.3**1+575.83--859.37/273.1+-680.51+72.96/878.46
694.9796.36598.23-66.79171.01-661.23-449.38-19.8756.99-629.0/++-^2*/-+/+-193.09-47.96-862.19//^1,-629.0/756.99+-19.8+-449.38**2--661.23*171.01/-66.79*598.23*96.36/694.97+(-862.19/-47.96/-193.09**1)
*688.21744.0418.44-109.32-527.73-752.27-239.5296.93/-*/*/+^1//402.86615.44687.46+^2/^1,96.93/-239.52--752.27+-527.73/-109.32*418.44/744.0**1+688.21/(687.46**2+615.44/402.86)/-794.03**1
-713.92--120.57-611.58-14.56**+-864.39*484.64/-455.66*-580.94855.57-109.65^-239.2-+^2+^1+*784.65,-713.92-(-14.56*-611.58*-120.57+(-864.39*(484.64/(-455.66*(-239.2-76.58**2+-109.65**1+855.57+-580.94*(784.65))))))
200.46682.94/-693.88662.93286.98448.61916.96-920.74-^1/+-/-^2*-+201.67-707.2-856.79//+966.46,-920.74**1-916.96/448.61+286.98-662.93/-693.88**2-417.79*682.94-200.46+(-856.79/-707.2/201.67+(966.46))
214.8892.4-652.28-103.08-742.22387.43-991.46677.2993.48-670.58537.47-^1+-//*/+*-^196.95*791.1^2,537.47**1--670.58+993.48-677.2/-991.46/387.43*-742.22/-103.08+-652.28*92.4**2-214.88*(791.1**2)
726.26472.97-265.52305.25*400.67-59.7253.39///*-*300.71-962.85-223.79-584.52-+/-687.35284.65183.85**-^2,(53.39/-59.72/400.67)*305.25/-265.52*472.97-726.26*(-584.52--223.79/(183.85*284.65*-687.35)+-962.85**2-300.71)
693.28-490.46-921.6883.05-812.61-110.92-876.32-940.33-753.23-399.9998.4532.25969.43/-//-*-^2/-*+--795.27,969.43/532.25-998.4/-399.9/-753.23--940.33*-876.32**2--110.92/-812.61-883.05*-921.6+-490.46-693.28-(795.27)
462.95-549.91325.45683.25226.17-/*+--521.82-753.61-834.53199.53402.82261.98736.7875.44--^2+**/+2,226.17-683.25/325.45*-549.91-(875.44-736.7**2-261.98+402.82*199.53*-834.53/-753.61+521.82)**2+462.95
918.95746.33+^1-^1198.599.77985.82267.65//-124.89-324.73-497.17154.6539.15792.51+//+-/+^1,746.33**1+918.95**1+(267.65/(792.51+39.15/154.65/-497.17+-324.73--124.89)/985.82/99.77**1+198.5)
41.95817.0927.92186.98760.17-533.4578.07-66.59-40.67-423.25292.14*+-+*/-/-507.47-506.95826.38+--*+^1,292.14*-423.25+-40.67--66.59+578.07*-533.4/760.17/(826.38+-506.95--507.47)-186.98-927.92*817.0**1+41.95
-71.45147.52305.58-386.76-684.17-521.88+^1*--^603.75278.15892.04-671.532.03/-/////--744.96486.24/,-521.88**1+-684.17*-386.76**2-(32.23-2.03/-671.53/892.04/278.15)-305.58/147.52/-71.45-(486.24/-744.96)
-699.89642.56946.39290.44^-712.29992.36598.76244.31-338.14-48.86-^2+-^2*/*+*-686.35939.33+*--,-48.86**2--338.14+244.31**2-598.76*992.36/-712.29*429.39*(939.33+-686.35)+290.44*946.39-642.56--699.89
-780.12-255.59-909.41-499.25-600.1-99.47-513.71-644.81-938.42-565.71-911.58-439.37-729.25+/-/+/+-+/1+/+^2,-729.25+-439.37/-911.58--565.71/-938.42+-644.81/-513.71+-99.47--600.1**1+-499.25+-909.41--255.59**2+-780.12
-983.49-334.7-204.04-241.74276.57884.46314.31-813.77-465.99160.24++^2---+^1-/***-779.46-245.65+,160.24+-465.99**2+-813.77-314.31-884.46-276.57**1+241.74-542.44/-204.04*-334.7*-983.49*(-245.65+-779.46)
548.77-790.88-138.42356.12-144.94-32.08588.25256.92-675.82342.43733.63684.0973.49+//+/+/-*-^2//-/,386.1/73.49/684.09+733.63/342.43+-675.82/256.92-588.25*-32.08**2--144.94/356.12/-138.42--790.88/548.77
-248.62-773.41-679.16530.57263.0++^2/+^1*703.13-655.36-425.98-823.74874.69**+++-109.97^+^1,263.0+530.57**2+-679.16/-773.41**1+-248.62*(874.69*-823.74*-425.98+-655.36+703.13+(-406.65**1+-109.97))
95.28-646.25412.68357.96-565.58116.38-884.27766.91-555.15-177.26-613.94+-/528.73352.49-/*/++^1+-^1/,-613.94+-177.26-(352.49-528.73)/-555.15/766.91*-884.27/116.38+-565.58**1+357.96+412.68**1--646.25/95.28
-771.56-851.63-635.33-797.84-292.5247.35580.27597.34+^1/++^2+---^2-45.31741.05-165.35-+*1,597.34**1+580.27/247.35+-292.5**2+-797.84+-635.33*-851.63--771.56**2-(-165.35-741.05+-45.31**1)
-11.91341.99-182.67286.81-543.76200.24-253.91-259.68-227.24-993.45+++^2-***-239.3254.48-+-^1-+1,-993.45+-227.24+-259.68**2+-253.91-200.24*-543.76*(54.48--239.32)*286.81+-182.67**1-341.99**1--11.91
-831.1-760.33-524.62-526.29142.2140.13736.97-469.14-909.64/-^1*-^2+-^2--+787.19286.47*+556.48,-909.64/-469.14**1-736.97*40.13**2-142.21+-526.29**2--524.62--760.33--831.1+(286.47*787.19+(556.48))
901.24-154.08495.21112.49-740.26+*-^2/+^1986.55276.96++-289.46+-741.71353.72+-859.78442.5542.16//,-740.26+112.49*495.21**2--154.08/901.24**1+(276.96+986.55+(-289.46+(353.72+-741.71-(542.16/442.5/859.78))))
910.99522.84430.65-649.46/*+/276.75+^1-442.16-599.53-958.12-102.62-940.27^+++^1+^243.74-905.97**,-649.46/430.65*522.84+910.99/(276.75**1+(-940.27--102.62+-958.12+-599.53**1+-442.16+(-905.97*243.74*-294.9)))
-181.24-494.82562.17907.93976.34-286.82-787.0//-^2+^2-^2+-661.95-^1409.02/875.08^1,-787.0/-286.82/976.34**2-907.93**2+562.17**2--494.82+-181.24/(661.95**1-(409.02/(875.08**1)))
745.9123.36/--330.12-369.51-378.21/--^1^439.14-367.83-664.35295.27/256.47++///+2^2,23.36/745.91-(-378.21/-369.51**1-(256.47+-214.13+295.27/-664.35/367.83/-921.55+439.14)**2--330.12**2)
636.77-987.05345.8116.55238.51+^858.37389.26-370.29-341.17-54.1142.26+^1+*2*-+^21+*-/,(142.26**1+-54.1**2+-341.17*-370.29-389.26**2+858.37)**1+238.51+16.55*345.81--987.05/636.77
-557.54451.5716.12-706.64448.78-287.41-83.33-178.42*-^1-/-/^-429.26^676.6346.7-^1*-2/*,-178.42*-83.33**1--287.41-448.78/-706.64/(346.7**1+676.6*731.41--429.26)**2-16.12/451.57*-557.54
507.53-247.87864.38-569.32-952.06-805.81650.8411.31/**+/-135.87963.22-564.63-541.55-140.39+^2***/*-^2,411.31/650.8*-805.81*-952.06/(-140.39**2+-541.55*-564.63*963.22*-135.87)+-569.32/864.38*-247.87-507.53**2
-457.63847.46-34.92909.36725.68-963.01-107.5588.12-544.33-689.65-840.78-92.86749.2**+^2++*/-^1*//+,749.2*-92.86*-840.78**2+-689.65+-544.33+88.12*-107.55/-963.01**1-725.68*909.36/-34.92/847.46+-457.63
-799.5-941.53-91.99-368.9826.67-622.1*+^2-*+*--864.62*743.86-21.33-169.99+/-775.5266.56-+63.0,-622.1*826.67**2+368.9-409.94*-91.99+-941.53*-799.5-(-864.62*(-169.99+-21.33/743.86-(66.56-775.52+(63.0))))
-716.39+*-251.62627.75-911.68*/835.33463.37-756.6*+/-349.33-31.88-528.83411.13621.19-287.72-532.99-^-202.21****+,(-716.39*(-911.68/(-756.6*463.37+835.33)*627.75/-251.62)/(-532.99**1--287.72*621.19*411.13*-528.83*-31.88+-349.33))
-596.51*978.57624.63-239.95-627.97-268.17-175.53-384.55-603.78476.42-381.85+-^1--/+^1-*+/196.95-68.26*,(-596.51*(-381.85+476.42**1--603.78--384.55--175.53/-268.17**1+-627.97--239.95*624.63+(-68.26*196.95)/978.57))
-597.16+-887.07-887.36687.87695.27+/^-849.31-8.4483.43-543.69*++^11*+-99.91-941.39*--*-137.79,695.27/(-543.69*83.43+-8.44**1+-849.31)**1+687.87*-887.36-(-941.39*99.91)+-887.07-273.54--597.16*(-137.79)
67.71764.93-597.37-426.79-851.82-382.99*612.26536.53+/+/+^1-+^1539.37--58.2580.04-431.29/-^1,(536.53+612.26)*-382.99/-851.82+-426.79/-597.37**1+764.93-67.71**1+(539.37-(-431.29/80.04**1--58.25))
-510.91-840.71178.46-790.44-144.89/--+^2+^2790.56567.47698.17721.15763.58236.26-/+^1-+^1,(-144.89/-790.44-178.46*-840.71**2+-510.91**2+(236.26-763.58/721.15**1+698.17-567.47**1+790.56))
-629.3-453.92138.62712.93-732.43-36.12-282.94-++^2--*-42.05455.77-^1^-34.07-3.08*1/-+-,618.3+-282.94**2+-36.12-(455.77**1--42.05)*(-3.08*-34.07)**1--732.43/712.93-138.62+-453.92--629.3
-744.87+-588.53+^2^+210.64424.07-923.26357.57-192.13567.35847.8-553.34*/*//-^1++^11,-744.87+(-588.53**2+(-553.34*847.8/567.35*-192.13/357.57/-923.26**1-424.07+210.64**1+417.1)**1)
999.22-769.8-941.41779.14-916.32438.02-264.79719.24700.35-*-*-879.63-635.85-159.51-658.46-/++^1-+/-^2,700.35-719.24*-264.79*(-658.46--159.51/-635.85+-879.63)-438.02**1+-916.32-779.14+-941.41/-769.8**2-999.22
265.16-250.53-328.3//*836.44-600.01210.73++^1/281.3514.24-829.96-96.46268.73^127.78/++*+^1/,-328.3/-250.53/265.16*(210.73+-600.01**1+836.44/(127.78/-511.08+268.73+-96.46*-829.96**1+14.24/281.35))
241.36-703.27+176.69-263.25312.69+^2-*++*^62.0157.46+2*-565.03709.72-162.1541.89-107.17--*-,312.69**2+-263.25-176.69*-502.96+-703.27*(57.46+62.01)**2+241.36*(-107.17-541.89--162.1*709.72--565.03)
898.77+-693.7217.44762.92/-/-779.17446.62-567.84-/^-582.07-985.35836.73881.93+^2/+^12-^1,(762.92/17.44/(-567.84/(881.93**2+836.73/-985.35**1+-582.07)**2-446.62**1--779.17)--693.72)+898.77
-287.64460.6162.32177.18-150.68/++^1*-836.78265.67-242.81192.04758.18-390.78-709.95++*+//--28.01^2,-150.68/177.18+62.32**1+460.61*-287.64-(-709.95+-390.78+758.18*192.04+-242.81/265.67/836.78-(-28.01**2))
87.83846.52-33.83-915.36857.7-492.67*-/-*--160.06195.59*-^1590.9182.44574.19-95.08+^1/+^2,-492.67*857.7/-915.36/-33.83-846.52*87.83-(195.59*-160.06**1-(-95.08**1+574.19/82.44**2+590.91))
-802.82-792.87-226.57889.13-478.44531.65800.13140.52105.91967.85-305.63-184.35-24.62567.59*-+^740.15-^--*--*+/,567.59*-24.62--184.35**2+-305.63-967.85+105.91-140.52-800.13*531.65--478.44-889.13*-226.57+-792.87/-802.82
856.4-73.2313.69940.78944.45^--//*---^1468.77497.38-868.47244.74-^1/-+-837.42-535.34+,966.24--944.09/944.45/940.78*13.69--73.23-856.4**1-(244.74**1--868.47/497.38-468.77+(-535.34+-837.42))
-650.28-638.13616.11-633.28-340.92-812.6473.63339.91763.22-/^-824.71730.72416.74--2+-+/-^1/*+461.25,763.22/(416.74-730.72--824.71)**2-339.91+73.63--812.64+-340.92/-633.28**1-616.11/-638.13*-650.28+(461.25)
562.11-737.92-531.25-630.56-198.53+-351.55-380.32-420.75-941.37//-296.65696.53-***-^1//--122.55-46.52+,(941.37/(696.53--296.65)/921.48*-420.75*-380.32*-351.55)+-198.53**1--630.56/-531.25/-737.92-562.11-(-46.52+122.55)
-619.2*9.05830.15122.84+^2-^2-590.93-738.42513.93+--855.9-730.88-243.53-/-*-694.53-295.68/281.85,-619.2*(122.84**2+830.15**2-9.05-(590.93-(513.93-(-243.53--730.88--855.9)+738.42-(-295.68/-694.53)*(281.85))))
217.78-563.17-354.08-222.61-362.64576.99701.28++-^1/-+-^1/*-189.16-681.18-141.93-996.29953.41/+//,(528.73+701.28**1-576.99/-362.64--222.61+-354.08**1--563.17/217.78*(953.41/-996.29+-141.93/-681.18/-189.16))
-957.77846.61706.2+454.66-961.67-530.4140.2938.15800.07762.47-539.68*+-+*/++^1+++/-899.72529.48-,-539.68*762.47+800.07-38.15+140.29*-530.4/-961.67+454.66**1+451.49+706.2+846.61+-957.77/(529.48--899.72)
809.65-814.35487.68-557.58590.62937.08518.01646.55*-***--/+-55.22-496.13807.45-615.92-^1-^1-,646.55*518.01-937.08*590.62*-557.58*487.68-814.35-443.11-809.65+(-615.92**1-807.45**1--496.13--55.22)
280.54-184.14-52.7-57.31949.51799.35815.22-214.28221.96-423.75-972.82-725.53816.69-*+/*+^1+-/+-^1-,816.69--725.53*-972.82+-423.75/221.96*-214.28**1+815.22+799.35-949.51/-57.31+-52.7**1--184.14-280.54
-395.73460.09-913.0373.89493.07-916.27102.86+/^^2+^1+^2+^2/509.62-525.91248.21^^1*,102.86+-916.27/493.07**2-73.89**1+-913.03**2+460.09**2+(248.21**1--525.91*509.62)/-395.73
-213.56-73.83128.86746.38-332.26707.9158.35685.56/--/+-^1*-^2*+-609.9650.8-971.12-832.08*-/,593.05-685.56-158.35/707.9+-332.26**1-746.38*128.86**2--73.83*-213.56+(-832.08*-971.12-50.8/-609.96)
520.16-420.82-899.7216.34-375.8-809.29-700.08-520.55-414.9819.62--+^2+/-*-*+-612.35+-718.35281.59-^2,19.62--414.98--520.55**2--700.08+-809.29/-375.8-16.34*-899.72--420.82*520.16+(-612.35+(281.59**2--718.35))
114.56564.26-416.28*/-/537.33-653.05781.81780.365.38273.36871.07**/*///995.44-490.6263.19-^2--700.19,-416.28*564.26/114.56/(871.07*273.36*65.38/780.3*781.81/-653.05/537.33)-(63.19**2--490.62-995.44)/(-700.19)
400.34-34.98-492.62-539.577.18825.42-526.16890.77-622.03-34.92-818.29674.29//++^2/---++/--875.32-160.88*,674.29/-818.29/-34.92+-622.03**2+890.77/-526.16-825.42-77.18--539.5+-492.62+-34.98-400.34-(-160.88*-875.32)
-66.21239.51-100.7589.52--655.23900.5334.2868.68739.4961.16331.01952.9*+-///-+^1+^2-/+,952.9*331.01+961.16-739.4/68.68/34.28/900.53--655.23**1+232.68**2+589.52--100.7/239.51+-66.21
626.84-638.31847.33881.94-72.9+*293.83-814.17-723.18418.28141.12223.84-945.46-376.37527.67-/--^+^1-***-,-72.9+(527.67--376.37/-945.46-223.84-141.12-418.28**1+-723.18--814.17*293.83)*881.94*847.33*-638.31-626.84
-45.77-709.2437.95732.76-367.5735.7599.35-+-^1-*+-127.77286.48613.52-231.06-923.86//-^1-^1,99.35-35.75+-367.57**1-732.76-437.95*-709.2+-45.77-(-923.86/-231.06/613.52**1-286.48**1-127.77)
188.96516.7903.92617.34-406.55-926.5-190.22-/-^2/+++^1-314.49-144.6184.04-46.12890.93717.92--*-*,-190.22--926.5/-406.55**2-617.34/903.92+516.7+188.96**1+(717.92-890.93--46.12*184.04--144.6*-314.49)
-877.99260.47-387.85185.55906.89870.01269.9777.81-828.85-831.24++^1-^2/*-^2+^1/+^1,-831.24+-828.85**1+77.81**2+269.97/870.01*906.89**2-185.55**1+-387.85/260.47**1+-877.99
-242.02926.56819.23-833.9256.78598.71704.53---+/+-^2691.49-328.7-330.75++^1/454.51630.76-^2,704.53-598.71-256.78--833.9+819.23/926.56+-242.02**2-(-330.75+-328.7**1+691.49/(630.76**2-454.51))
706.48789.39-13.51-348.29-213.8629.96-149.96-81.31476.18-255.12242.96801.76-191.07-128.59+--/-//+++--^2*,-128.59+-191.07-801.76-242.96/-255.12-476.18/-81.31/-149.96+29.96/-213.86+-348.29--13.51**2-789.39*706.48
345.29-485.85-704.84-882.73*-213.06951.97640.9573.86-659.89-170.07-802.16*+*-+---^-*-^1950.34558.34*,-802.16*-170.07+-659.89*573.86-640.9+951.97--213.06--252.83--882.73*-704.84--485.85*345.29**1-(558.34*950.34)
-702.7990.91-493.07220.37-895.04782.19416.96-^38.26-623.69-317.34-457.67+--2*-+//*/-230.98*74.42741.5*,(-457.67+-317.34--623.69-38.26)**2-416.96*782.19--895.04+220.37/-493.07/990.91*-702.7/(-230.98*(741.5*74.42))
-420.72358.89^-327.62-801.18-535.74-+^1+*/483.28669.34265.33611.9306.32-587.23-^1//-/+/-217.98,-535.74--801.18**1+-327.62+-866.82/(-587.23**1-306.32/611.9/265.33-669.34/483.28)*358.89+-420.72/(-217.98)
-795.06-240.8-726.23167.8462.01-990.46-556.78813.52-952.09501.52-66.04-++^2-+^1-//*-^2^2,-66.04-501.52+-952.09**2+813.52--556.78**1+-990.46-462.01/167.8/-726.23*-240.8**2--795.06**2
228.58-264.26470.2865.1894.64-181.41-677.78782.88++-/271.11-175.22780.1470.83*/-^1*-**-275.75-394.14,782.88+-677.78+-181.41/(70.83*780.14/-175.22**1-271.11)-894.64*65.1-470.28*-264.26*228.58-(275.75-(394.14))
-578.97309.12429.29771.19860.62-143.81597.62469.71-543.33**-159.41903.35-^1++/*/*-^368.34/466.9408.25/,-543.33*(903.35**1--159.41)*469.71+597.62+-143.81/860.62*771.19/429.29*309.12**2--578.97/(408.25/466.9)
-614.59*-583.77-357.16*-^2^587.6-139.11857.1481.17-461.07-943.21607.85+*+-^1-^1-^21,(-614.59*(-357.16*-583.77**2-(607.85+-943.21*-461.07+481.17**1-857.1**1--139.11**2-587.6)**1))
-244.01-897.12-828.54-343.53^-57.42-266.99879.33-543.05-330.78*+*/*+//*--937.23430.35-700.87-876.33-615.68/+//,-330.78*-543.05+879.33*-266.99/-57.42*-891.38+-343.53/-828.54/-897.12*-244.01-(-615.68/-876.33+-700.87/430.35/-937.23)
-91.11-275.34/970.29755.89-882.75^499.96-883.43-^2+--^2-888.43-693.58+*+--^1//-6.08,-883.43**2-499.96+620.3**2-(-693.58+-888.43)--882.75*755.89+970.29-773.95**1--275.34/-91.11/(-6.08)
88.63+-210.79586.61-869.08-389.14-130.53*+-^2-^1--808.81--803.94158.24-251.22--2--343.84968.38/,88.63+(-130.53*-389.14+-869.08**2-586.61**1--210.79-(-808.81-(-251.22**2-158.24-(968.38/343.84)--803.94)))
-936.17-430.25++334.15*978.58-118.18+^2+/159.91-341.15693.39-122.72543.24151.99+--^2---^2,-430.25+-936.17+(-118.18**2+978.58+(151.99+543.24--122.72**2-693.39--341.15-159.91)/-548.38-334.15**2)
-818.93355.95834.07-929.22251.91-933.79-934.41-377.25-481.75-559.18-190.23-728.66-352.17-442.61-625.64**/**/+-+/-/++,-625.64*-442.61*-352.17/-728.66*-190.23*-559.18*-481.75+-377.25--934.41+-933.79/251.91--929.22/834.07+355.95+-818.93
-116.06107.44-0.44581.83///+^177.23-733.91*/-834.95-239.97-*-887.11556.26//612.5180.96719.22*//311.36,581.83/-0.44/107.44/-116.06**1+(-733.91*77.23/(-239.97--834.95*(556.26/-887.11/(719.22*80.96/612.51/(311.36)))))
530.02-151.02549.64-144.57615.03430.93-320.68-220.18-986.89-867.37++-^1*-/+^2+-+-274.83-650.56985.43*-,-867.37+-986.89+-220.18**1--320.68*430.93-615.03/-144.57**2+549.64+-151.02-530.02+(985.43*-650.56--274.83)
-532.77*/106.38^*941.54426.35-114.34++/243.72-474.35-168.13-411.87-24.17790.65+/+^1-^1-^2,(-671.07*106.38)/(-114.34+426.35+941.54)*-532.77/(790.65+-24.17/-411.87**1+-168.13**1--474.35**2-243.72)
-743.15481.24-368.51638.3103.16590.18-483.72592.01596.78/-**/*447.43587.33143.15+*+^1+-/-161.7755.52*,596.78/592.01--483.72*590.18*103.16-(143.15+587.33*447.43)*638.3**1+-368.51+481.24--743.15/(55.52*-161.77)
592.64-783.8-600.36432.83-641.53321.93377.1703.83-809.97745.75//-+/-^2-+/*529.91*26.93-62.31-319.33/-,745.75/-809.97/703.83+377.1+321.93/-641.53**2-432.83--600.36+-783.8/592.64*(529.91*(-319.33/-62.31-26.93))
-659.68-192.84*982.94//^2-*-409.88-576.19399.11-818.14-886.15-+-993.65-646.16+^2-^1+^2*,982.94/-82.33**2--192.84--659.68*(-886.15+(-646.16**2+-993.65)--818.14**1-399.11**2+-576.19*-409.88)
-720.0856.21-770.81368.47217.2-340.8-629.64+*-^1*+^1/*-840.05-666.64/*-801.22-641.02-164.04640.24*/-,-629.64+-340.8*217.2**1-368.47*-770.81**1+856.21/-720.0*(-666.64/-840.05*(640.24*-164.04/-641.02--801.22))
829.5229.36-263.12-362.17-659.55-615.3-862.01360.79-479.23-955.6521.12267.44--^1*+---^1/-*1-*,267.44-521.12**1--955.6*-479.23+360.79--862.01--615.3**1--659.55/-362.17**1--263.12-229.36*829.5
283.02-106.32218.65936.05730.45-808.6-155.52-833.57300.04-736.94-^2+**+^2++*--^2982.83+766.66,-736.94**2-300.04+-833.57*-155.52*-808.6**2+730.45+936.05+218.65*-106.32-283.02**2-(982.83+(766.66))
-490.98896.99931.65-37.12353.2-207.22-684.9462.12598.0-277.16976.39-674.82/-*--/-^2/-*-^1-,-674.82/976.39-277.16*260.8-598.0-462.12/-684.9**2--207.22/353.2--37.12*931.65**1-896.99--490.98
-809.16381.05-978.85237.86-364.28/-943.67-143.14-44.52162.02-359.24708.87205.03-649.64---++^2--*+-/+/,-649.64-205.03-708.87--359.24+162.02**2+-44.52--143.14--943.67*-587.44+-364.28-237.86/-978.85+381.05/-809.16
878.25935.86-253.51388.65-602.28--+/+^1441.6487.3-627.2-597.48691.6-*/+^2/609.9383.45695.07*+,-602.28*388.65--253.51+935.86/878.25**1+(691.6--597.48*-627.2/487.3**2+441.6/(695.07*83.45+609.93))
-568.16-145.49-428.93-50.17557.41-157.02754.91-407.35306.37+--^1+^1+/*---824.42906.08++-574.67-387.48*,306.37+-407.35-754.91**1--157.02**1+557.41+-50.17/-428.93*-145.49--568.16-(906.08+(-387.48*-574.67)+-824.42)
222.94-807.8823.64-575.63664.63440.82-109.74+^1/+--611.33493.07-926.97-741.62+/-/+++^1^428.72+,-109.74**1+440.82/664.63-(-741.62+-926.97/493.07--611.33)+-575.63/23.64+-807.88**1+(428.72+-2.57)+222.94
-490.0444.78484.73-2.72-276.02219.35-123.67+^1^/*-+^2/^-381.04-730.8395.4++*-732.0-833.35+2,-123.67**1+219.35+-276.02/-2.72*484.73-44.78**2+-490.04/(395.4+-730.8+(-833.35+-732.0)*-381.04)**2
647.43-577.83458.8-592.63-932.39518.55-88.6147.43^++^2+-^2+/*-+-195.65-550.01-804.63+^2/,634.6+147.43**2+-88.6+518.55**2--932.39+-592.63/458.8*-577.83-647.43+(-804.63**2+-550.01/-195.65)
-153.26-709.83327.08/+*300.02-465.82-317.42-+^-129.03+-493.63417.19-631.58403.5/*-908.54621.06*/*-^1-508.91,327.08/-709.83+-153.26*(-317.42--465.82+300.02/(-129.03+(403.5*(621.06*-908.54)/-631.58/417.19*-493.63**1-(-508.91))))
-575.84-86.33-+^2642.6145.39-798.124.31+^2*+^1*645.9-192.46-855.54-322.17-100.45-/+^2+,(-86.33--575.84**2+(4.31**2+-798.12*145.39**1+642.6*(-100.45--322.17/-855.54**2+-192.46+645.9)))
48.76755.84-580.76-790.6322.64976.15578.43-//+*^959.4837.82/2-/-^705.47-305.12-512.43-476.49**-842.78,578.43-976.15/22.64/-790.63*(37.82/959.48)**2+-580.76-755.84+48.76-(-476.49*-512.43*-305.12-705.47)**2
-643.03782.7151.21276.03964.2*/786.3-355.03744.82-524.83186.0717.03/-^1+^1***-^1//114.82,964.2/(717.03/186.0**1--524.83**1+744.82*-355.03-786.3)*276.03*151.21**1-782.7/-643.03/(114.82)
-808.86486.61420.09876.84-919.52-888.7921.02-873.21-907.75884.14124.69-413.68*-+^2/-//*+^1*--2,-413.68*124.69-884.14**2+-907.75/-873.21-21.02/-888.79/-919.52*876.84**1+420.09*486.61--808.86**2
-336.08-407.73-822.77569.43*-303.825.79-240.86-800.49-71.8-264.35*++/-+^2-985.03-629.26-892.81-**--**,-264.35*-71.8+-800.49+-240.86/5.79**2+(-892.81--629.26*-985.03)--303.82*483.37*569.43--822.77*-407.73*-336.08
--172.46373.1427.86315.41-706.54757.53942.83287.96-^2/972.33130.76-583.5-*-+*+^2+*+/-103.39,287.96**2-(-583.5-130.76*972.33)/942.83-757.53+-706.54*315.41**2+427.86+373.1*-172.46+-154.76/(-103.39)
203.34367.21149.88184.28/-*++-201.47-856.8510.06210.55-^2*/-183.35-416.85*401.89-*-^1*+,184.28/149.88-367.21*203.34+(210.55**2-10.06*-856.85/-201.47)+(-919.77*401.89**1-744.9*-416.85+-183.35)
24.84-812.59147.92720.65-665.66-496.86-750.63-78.36*+^2***-^1**-563.08-934.45/-+/770.18^2,(-78.36*-750.63**2+-496.86*-665.66*720.65*147.92**1-(-934.45/-563.08--436.48)*-812.59+24.84/(770.18**2))
893.76288.48-134.56-997.68192.16519.74-778.11446.01940.68242.62-582.33-851.72*/+^2/+++^2**+-+/,428.65/-851.72**2+-582.33/242.62+940.68+446.01**2+-778.11*519.74*192.16+-997.68--134.56+288.48/893.76
-188.68331.39103.8644.06^--717.43917.92761.39749.73477.436.98-160.5/++/++^1+-^1*/*-,-160.5/6.98+477.43+749.73/761.39+917.92**1+-717.43+-711.43**1-967.76*644.06/103.8*331.39--188.68
114.73-147.83-967.65310.5325.26-414.06-960.21-969.19-620.68*^2/--^2-^2-//+^2-587.27192.06*,-620.68**2--969.19/-960.21--414.06**2-325.26**2-310.5--967.65/-147.83/114.73**2+(192.06*-587.27)
386.37841.73-493.13-957.35-125.8693.7*-*-^2+++^2489.1-90.69/70.86-497.31/-+-217.38-846.58-,93.7*-125.86--957.35*-493.13**2-841.73**2+(-497.31/70.86-317.05+-90.69-489.1)+(-846.58-217.38)+386.37
-100.3771.71-64.52-557.16-^2/-*908.08-^1715.64-202.25-182.23503.62198.06++^1+/-766.33665.67//,-557.16**2--64.52/771.71--100.3*(908.08**1-(198.06+503.62**1+-182.23/(665.67/-766.33)+-202.25/715.64))
598.2381.13++^438.42^-920.14-263.54-608.86-464.78-919.73472.1849.47278.13-545.28*++/++*+/-469.96-403.06*1,81.13+598.23**2+(-545.28*278.13+849.47+472.1/-919.73+-464.78+-608.86*-263.54/(-403.06*-469.96)+-920.14)**1
-433.48918.4905.33-372.96-700.36--*+-^356.85819.95-^21*499.78*-754.37-882.85-420.67520.92+/+^2,-700.36--372.96-905.33*918.4-(819.95**2-356.85)**1+-433.48*(499.78*(520.92+-420.67/-882.85**2+-754.37))
-524.66-47.21388.6886.77+--^2*126.06-93.75831.9520.97-213.39400.07+-^1/*-/-69.77+309.82411.14-,886.77+388.6--47.21**2-(400.07+-213.39**1-20.97/831.95*-93.75-126.06)*-524.66/(-69.77+(411.14-309.82))
407.23-467.09202.23*-^2/-788.37-837.12866.62-319.43/-^2--^1495.78490.3543.07-578.76/-/^1,202.23*-467.09**2+407.23/(-319.43/866.62**2--837.12--788.37**1-(-578.76/43.07-490.35/495.78**1))
223.2155.57894.33+*293.29833.27109.1-544.46-/+-/-903.93-419.19500.86-892.94+--*105.49-409.89-831.86196.98+-*,894.33+(-544.46-109.1/833.27+293.29)*55.57-223.21/(-892.94+500.86--419.19-(196.98+-831.86--409.89*105.49)*-903.93)
-54.68-428.57-857.38-553.76610.36990.6872.21692.62*-^2++^1/-874.75-961.47+--+-361.93383.07*^1,692.62*72.21**2-990.68+610.36**1+(-961.47+-874.75)/-553.76--857.38--428.57+-54.68-(383.07*361.93**1)
274.39299.65-601.13115.16-^39.94-*-67.13-213.92-136.87-57.83657.59983.62-741.74-540.47-+-^1*--+*261.12,115.16**2--601.13-299.65*274.39-(-540.47--741.74+983.62**1-657.59*-57.83--136.87--213.92+67.13*(261.12))
993.9723.2119.47-176.14966.13272.15-900.14-874.5760.88*-^1/+*/-769.12-725.28-//^1-^2^-903.11,760.88*-874.5**1--900.14/272.15+966.13/(-725.28--769.12)*-176.14/19.47**1-23.21**2-993.97**2
725.29366.86-696.35*837.55-570.69985.14773.17-*//-^2/-844.12955.99331.22332.53600.39552.33156.94++/-^-,(773.17-985.14*-570.69/837.55)+-696.35/366.86**2-725.29/(156.94+552.33+600.39/332.53-331.22+955.99--844.12)
846.45/-582.23-925.3470.97-273.4841.15711.02+*+/-^1**-548.12/^-360.46-752.36-649.69889.61**-2,711.02+41.15*-273.48+70.97/-925.34**1--582.23*-210.77*846.45-(548.12/(889.61*-649.69*-752.36--360.46)**2)
56.35-437.14388.73678.48301.1-105.5-707.73-893.94227.18229.35/++^2+^1+/*-^2+^2^1,229.35/227.18+-893.94**2+-707.73**1+-105.5+301.1/678.48*388.73**2--437.14**2+56.35**1
-276.88169.09726.79654.51-204.91880.66350.814.96+91.93881.76627.84--+-*-^2-/-^1-472.87-617.3^,(627.84-881.76-91.93)+4.96+350.81-880.66*-204.91**2-654.51-726.79/169.09**1--276.88-(-617.3/472.87)
207.98-26.23-785.52240.44143.33172.65-*/^^2/--226.06515.79112.64218.84-821.28-/+/+645.7735.3-^1,172.65-143.33*240.44/-785.52**2+-26.23/207.98-(-821.28-218.84/112.64+515.79/-226.06+(735.3**1-645.7))
-360.04-717.63-134.58-811.44-962.52864.96-315.43612.31-356.13-826.7-151.4857.06***-524.14-219.89--//*/-^-969.13//*,57.06*-151.48+(-219.89--524.14)*-826.7--356.13/612.31/-315.43*864.96/-962.52**1--811.44/-134.58/-717.63*-360.04
586.42116.49-57.94-14.74-216.67871.74-542.41642.87-289.3-370.3974.22-614.53-15.76+--^1-**-+/-/*+/,-789.71--15.76**1--614.53-974.22*-370.3*-289.3-642.87+-542.41/871.74--216.67/-14.74*-57.94+116.49/586.42
682.23950.36---267.07-438.5+813.2714.8-^2/-/-^1989.15146.5599.61622.07-987.7+-+-^1,950.36-(14.8**2-813.27/-715.16--438.5/-267.07)-682.23**1-(-987.7+622.07-599.61+146.5**1-989.15)
-725.92187.19-261.72961.38-904.76-141.91-87.88591.82-674.85/-821.3-24.28-559.66^^1-/^^2/-/-/-^1,(-559.66**1+-24.28--821.3)/-674.85/591.82**2+-87.88/-141.91--904.76/961.38--261.72/187.19**1--725.92
-678.31568.18552.91-704.44-315.25499.56-116.93+*/-925.057.56-551.11547.85679.77407.24-98.5-754.29/+*-+*-/-**,-116.93+499.56/(-754.29/-98.5+407.24*679.77-547.85+-551.11*57.56--925.0)*-315.25/-704.44-552.91*568.18--678.31
168.7*969.26--587.75-753.96-27.34-259.1-116.69/+-+^2^-518.02454.7571.6423.73-139.82+^1++/2+,168.7*(969.26-(-116.69/-259.1+-27.34**2+(-139.82**1+423.73+71.6/454.75/-518.02)**2--753.96+-587.75))
708.21216.02651.76881.4-374.64638.85808.65-848.06-235.63-663.19131.79602.27-161.72-957.67*/++--+/******/,-957.67*-161.72/602.27+131.79+-663.19--235.63--848.06+808.65/638.85*-374.64*881.4*651.76*216.02*708.21*(-744.12)
-757.42-195.0-^2+50.23-762.59-965.79-289.46-156.17703.95746.67-768.57*/-^1++^2+^2++675.73,-195.0**2--757.42+(-768.57*746.67/703.95**1--156.17+-289.46**2+-965.79**2+-762.59+50.23+(675.73))
236.87-343.46345.9392.94-246.35301.81-^2++--+274.92-894.59935.45-488.11--347.65-+979.86752.59+/*-/,301.81**2--246.35+92.94+345.93--343.46-236.87+(-347.65+(752.59+979.86)--635.61/-488.11*935.45--894.59+274.92)
-939.45*-307.41180.44156.89-150.38770.29-82.56662.57-137.09759.54+^1+^1+/---^2++-183.35-194.53/,(-939.45*(759.54**1+-137.09**1+662.57/-82.56/770.29--150.38-156.89**2-180.44+-307.41+(-194.53/-183.35)))
-589.8299.52483.52-743.72190.58-511.17+^1/-*+^-867.67+^2-465.46980.53-771.72-151.88-787.87+-^2++,-511.17**1+190.58/-743.72-483.52*99.52**1+-589.82**2+(-787.87+-151.88**2--771.72+980.53+-465.46)
56.52794.36766.16299.32526.8269.47^-374.21-406.37781.66-934.01-340.03-206.34125.91+*+-/-+*-/+^2*+,125.91+-206.34*-340.03+-934.01-781.66/-406.37--374.21+286.2*269.47-526.8/299.32**2+766.16*794.36+56.52
-926.57668.0784.3-50.63157.6588.06-846.81725.48-803.86198.98698.95904.28++/**-+-++^2---144.96456.82/,904.28+698.95+198.98/-803.86*725.48*-846.81-588.06+157.6--50.63+784.3**2+668.0--926.57-(456.82/-144.96)
-805.74*-968.06-551.85873.68^959.65782.45-674.99425.47-120.98-758.65702.42+^2+^2-+*-^2-*-*,-805.74*(702.42**2+-758.65**2+-120.98-425.47+-674.99*782.45**2-959.65--14.95*873.68--551.85*-968.06)
-390.46494.2775.66+-388.72-25.6423.65+/-*+^2-/-73.63-*178.35285.31937.81*-^25.74-990.87/,23.65+-25.64/-388.72--634.97*775.66**2+494.2--390.46/(-73.63*(937.81*285.31**2-178.35)-(-990.87/5.74))
659.85/-395.16380.03870.1+710.97491.17685.87+*-*/**555.12-166.53-+-141.15-789.2233.49-18.82/*/*643.35,659.85/(685.87+491.17*710.97--145.07*870.1/380.03*-395.16*(-166.53-555.12+(-18.82/233.49*-789.2/-141.15*(643.35))))
286.33-726.6-423.39402.16-54.75-481.1-572.79-153.54-762.21-846.35485.78//+^2+^2*+/--^-229.24-^2,485.78/-846.35/-762.21**2+-153.54**2+-572.79*-481.1+-54.75/402.16--423.39**2--726.6**2-286.33
154.7111.3*160.93-819.56-++^2+/740.72639.14-152.97-713.89/-^1*+^1-768.1--372.53^1,(-819.56-160.93+-618.52**2+111.3+154.7/(-713.89/-152.97**1-639.14*740.72**1+(-768.1-(-372.53**1))))
-418.22-371.87398.21*-+^2^484.26172.93//+1-526.81551.37-7.55-364.4442.5351.23//-/-^1,398.21*-371.87**2+(-880.32-172.93+484.26)**1--418.22-(51.23/442.53/-364.4--7.55/551.37-526.81**1)
-296.26773.76-205.6-962.79864.16295.82960.71512.37-763.82-275.08+-*/+^---82.03607.63528.6-+^1-^2-,-275.08+-763.82-512.37*960.71/295.82+864.16*-962.79-(528.6-607.63**1+-82.03)--205.6**2-773.76--296.26
855.91-3.51-438.15*-878.43736.72267.8101.4348.45-143.87743.98624.04-24.14962.12*--**/-+*+^2-+-,962.12*-24.14-624.04-743.98*-143.87*48.45/101.43-267.8+736.72*-878.43**2+733.99--438.15+-3.51-855.91
506.71349.53-932.68353.57/*+*-652.52-821.21-351.15830.31-456.12-643.83765.86549.82/*++//+*++^2-48.71,(353.57/-932.68*349.53+506.71*(-575.86*549.82+765.86+-643.83/-456.12/830.31+-351.15*-821.21+-652.52**2+(-48.71)))
389.34-495.43474.22531.65--^-0.86/+-433.41^-177.4223.04-^2/-47.49640.92709.59+/-^1/-35.75,531.65-474.22**2--495.43/389.34+(223.04**2-(709.59+640.92/-47.49)/-177.4**1--573.72/-433.41-(35.75))
-546.37-727.88-319.16-/-292.67996.54761.19-916.7109.85-423.88839.08209.41-^1***-^2+---377.11-85.91-,-319.16--727.88/-546.37-(209.41**1-839.08*-423.88*109.85*-916.7**2-761.19+996.54-292.67-(-85.91--377.11))
-711.43-953.98629.63343.82-933.27395.5898.31-531.28910.43*+^2*-^317.81+-^2+^2++^1997.71,910.43*-531.28**2+898.31*395.5**2--933.27+343.82**2-629.63**2+-953.98+-711.43**1+(997.71)
-305.37-894.29-490.07-205.06-606.47608.72227.84+^1/-+^-73.46*-+^160.83-852.16+*^219.47-515.8*22,227.84**1+608.72/-606.47--205.06**2+-490.07*-894.29--305.37+(-852.16*(-515.8*219.47)**2+160.83)**2
-487.14851.37+-550.58-384.6-344.19-638.29236.55-603.6378.82-679.89+^2-^1/*-876.82-897.17/+**/**/,-679.89**2+78.82**1--603.63*(-897.17*-876.82)/236.55+-638.29*-344.19*-384.6/-550.58*-580.28*851.37/-487.14
-343.23*289.78-617.6-798.12465.71700.4*+-+^2-138.93/-963.71-808.38-234.12-812.93-593.19**+^2*--47.24,-343.23*(700.4*465.71+-798.12--617.6**2+289.78-(138.93/(-593.19*-812.93*-234.12**2+-808.38*-963.71-(-47.24))))
-385.94720.9373.42523.22-725.25-744.4-+^1/++/133.34-642.78-^1+^2631.17187.58-573.5175.33/+/,-744.4--725.25**1+523.22/373.42+720.9/(-642.78**1-133.34)+-385.94**2+(75.33/-573.51+187.58/631.17)
325.7-267.54709.083.69-296.47--+630.08-661.24817.08^-2.96-679.4587.8852.56/-++^1-^-118.36-+*/,-296.47-83.69+(52.56/87.88--679.45+-2.96**1+-18.62**1-817.08--661.24+630.08)-709.0*-267.54/325.7
274.48841.78838.1434.67349.54-815.14511.678.83-912.87-760.99-138.73-113.74-^2+/+*/**+-^2---409.37,-113.74**2--138.73+-760.99/-912.87+8.83*511.67/-815.14*349.54*34.67+838.14**2-841.78-274.48-(-409.37)
-814.29523.71/-82.51975.0619.51-924.1+/^1+-^1*+*15.7344.97-846.51174.72-324.85*+++*-787.43,-924.1+619.51**1+975.0+-82.51**1-861.99*523.71+-814.29*(-324.85*174.72+-846.51+44.97+15.73*(-787.43))
125.0554.34143.86-643.57648.52-773.51694.27-735.22816.86479.58++/*+/*++^1+-8.92+-777.51-342.93121.09**,479.58+816.86+-735.22/694.27*-773.51+648.52/-643.57*143.86+54.34**1+125.05+(-8.92+(121.09*-342.93*-777.51))
239.84871.67-977.12726.11205.83760.3-767.04735.68-760.6-+2-^2/*+--*/525.25-974.11-402.76-^1+,-760.6**2-735.68**2--767.04/760.3*205.83+726.11--977.12-871.67*239.84/(-402.76**1--974.11+525.25)
740.67769.67598.27407.17913.82*++*999.24-407.75530.07-385.44/+^2/^-830.58-210.04-243.04586.57-*-2--,913.82*407.17*(-385.44/530.07**2+-407.75/999.24)+(586.57--243.04*-210.04--830.58)**2+598.27-769.67-740.67
225.48350.22309.86117.55769.63-376.16322.56-149.82890.38-560.0-16.86881.24*/+*-*+^1-^2/-^1*,881.24*-16.86/-560.0+890.38*-149.82-322.56*-376.16**1+769.63**2-117.55*309.86**1-350.22*225.48
872.68-496.94+^1*339.38601.67291.53298.81**-+-149.4-229.93-504.56-^1*/-368.31-615.52138.16-865.49-++,(-496.94**1+872.68*(298.81*291.53*601.67*339.38+(-504.56**1--229.93*-149.4/(-865.49-138.16+-615.52+-368.31))))
-976.6-720.49-379.65250.7-454.11-572.49-118.94523.65525.17-916.77-122.07++^1*/+^2-/-+*-959.74-372.85--,-122.07+-916.77**1+525.17*523.65/-118.94**2+-572.49--454.11/250.7--379.65+(-372.85*-959.74)*-720.49--976.6
-230.18+996.38+-289.24930.23-98.51-250.21-596.26*-+-+644.37919.02-982.04-290.66892.88--162.0/+--***-86.53,-230.18+(996.38+(-596.26*-250.21--98.51+930.23--289.24+(-162.0/-501.17+892.88--290.66--982.04*919.02*644.37*(-86.53))))
206.76737.3-504.14+-+694.8919.43998.9-969.73*+^2+*682.68-966.75+^1**+156.81*-952.6860.54+,(-504.14+737.3-206.76+(-983.14**2+-969.73*(-966.75**1+682.68)+998.9*19.43*694.89+(156.81*(60.54+-952.68))))
-6.88-537.53794.67485.61-347.17*--+^1+^2-487.25--129.24185.08977.45727.43**-^2-^2/,-347.17*485.61-794.67--537.53**1+-6.88**2+(727.43*977.45*185.08**2--129.24**2--295.97/-487.25)
938.93934.62-359.88^-984.5-192.67364.18-306.22-754.14574.25654.6532.32-299.21-/-/**/--^1+^1-/,-299.21-532.32/654.6-574.25/-754.14--306.22*364.18/-192.67--984.5**1--79.81**1+-359.88-934.62/938.93
338.09-38.17-239.98-86.21119.9878.56371.61-215.41219.9++/-**--^1385.29125.09193.39696.1-556.21----*,219.9+-215.41-371.61/78.56-119.98*-86.21*-239.98**1-(-556.21-696.1-193.39-125.09-385.29)--38.17*338.09
843.29419.7-743.16347.04-416.03932.41773.9-675.9185.11829.73/+^2/+^1---^2-^2*^910.37,829.73/185.11**2+-675.9/773.9**1+932.41--416.03-347.04**2--743.16**2-419.7*843.29**2
597.4398.17-261.74-903.03-669.27-442.33230.19-177.0-82.04-562.19-485.9425.17959.42193.79-947.7+//-*^-***+++-,-947.7+193.79/959.42/25.17--485.94*-562.19--82.04--177.0*230.19*-442.33*-669.27+-903.03+-261.74+98.17-597.43
543.53+881.62/197.76-957.36777.83-345.12999.01-269.58667.81518.56821.52437.05/--^2+*++^1*+^2,543.53+(881.62/(437.05/821.52-518.56**2-667.81+-269.58*999.01+-345.12**1+777.83*-957.36**2+197.76))
+189.64370.0+^1++-601.91-^1-1.94-990.08-201.5941.7-912.76394.01-+/-^1+/-767.46^2,370.0**1+189.64+-634.78+(-601.91**1-(394.01--912.76+41.7/-201.59**1--990.08+-1.94/(-767.46**2)))
826.99738.25-550.88933.53386.19189.07-76.88975.58380.44-909.6-793.36+^2*-+^2-^2-+*+^1*,-793.36**2+-909.6*380.44-975.58**2+-76.88**2-189.07-386.19+933.53*-550.88**1+738.25*826.99
-926.66-897.47810.09718.61-888.48-167.13-581.51-92.41-*+//-/+^1-323.5-+67.01282.83/468.1391.84-^137.93,-92.41--581.51*-167.13+-888.48/718.61/810.09--897.47/-926.66**1+(-323.5+(282.83/67.01)+(391.84**1-468.1))
-179.05*-125.96-448.05346.44-482.81892.34149.24-969.73-++^2+/^11.8347.93-794.32-54.15+-*1/--*,(-969.73-149.24+892.34**2+-482.81/(-54.15+-794.32-347.93*11.8)**1+346.44/-448.05--125.96--955.29*-179.05)
915.37391.65355.018.59-581.58-960.99+*+^1+^1/^755.32+-137.17511.95*+^2-^1+980.62,-960.99+-581.58*8.59**1+355.01**1+391.65/915.37/(511.95*-137.17**2+-979.28**1-755.32+(980.62))
355.38-510.9796.99317.18312.35-169.93329.52756.29///-^1--^1//-36.03375.7-+975.92763.41764.91*-,756.29/329.52/-169.93/312.35**1-317.18-796.99**1--510.9/(375.7+(764.91*763.41-975.92)--36.03)*355.38
-104.08832.78-287.53118.02-198.75-805.6969.32-336.15/--*532.42-830.15712.92-/-^1*-+-14.377.46+^1/,-336.15/969.32--805.6-(712.92--830.15/532.42)--198.75**1-118.02*-287.53+(7.46**1+-14.37)-832.78/-104.08
-656.64+110.93-422.87609.48613.88-416.84+-^2+-/25.92-102.31247.29-636.28218.08*167.6/++*2+**,-656.64+(-416.84+613.88**2-609.48+-422.87/(167.6/-42.97+218.08**2+-636.28+247.29*-102.31*25.92)-110.93)
644.04848.38-369.82454.35-586.46584.89660.550.43905.25295.61845.68-662.09-//-/925.49833.23//-^2///**,-662.09-845.68/295.61/905.25/(833.23/925.49)-0.43/660.55**2-584.89/-586.46/454.35/-369.82*848.38*644.04
-8.66-60.94-943.86-840.47-421.57-855.6-^1++/+-^-228.63817.54-872.12860.33+/-2/^2-297.49/-422.49,-855.6**1--421.57+-840.47+-943.86/-60.94-(860.33+-872.12/817.54--228.63)**2+-8.66**2+(-297.49/(-422.49))
^991.33/-768.55434.37-215.6*/-*846.02822.76-532.37-81.616.35-705.02++^1-++^1+-703.63*-456.15,(-215.6*434.37/-768.55)/991.33-(-705.02+6.35**1+-81.61--532.37-822.76**1+846.02)*440.64+(-703.63*(-456.15))
413.48447.1+/411.17-^1621.69667.68-581.38^139.16-+^2*+/-38.4574.16*/570.11307.84268.9+-,447.1+413.48/(411.17**1-(139.16--652.07**2+-581.38*667.68/(574.16*-38.4)+621.69/(268.9+307.84-570.11)))
-43.33553.25707.56-384.0915.73-654.24-765.92-598.95251.53**+-+-///237.31+629.09^-^2+^2/,251.53*-598.95*-765.92+-654.24-15.73+-384.09-707.56/553.25/-43.33/(761.44**2-629.09**2+929.19/237.31)
-340.53572.54-980.62175.68444.0-240.37-321.61-99.67-328.97-395.79-580.47454.39*/-+-+--/+^2/-^1*,-880.03/454.39--580.47+-395.79--328.97+-99.67--321.61--240.37/444.0**2+175.68/-980.62**1-572.54*-340.53
-523.59-629.81**502.43978.69++/937.86-823.82/948.68734.23257.79-359.4-642.92+^1/+/-^2**-658.93,(-629.81*-523.59*(978.69+502.43+(-642.92**1+-359.4/257.79-734.23/948.68**2--971.5*-823.82*937.86)/(-658.93)))
442.24353.3847.69-820.43549.16203.4178.64872.8370.2-504.62-251.03+^1*-*//---/-859.61550.93623.6+-,-251.03**1+-504.62*370.2-872.8*178.64/203.4/549.16--820.43-847.69-353.3/442.24-(623.6+550.93-859.61)
-96.57186.88-326.27456.06-774.86-984.35557.97-189.32-104.89-734.98644.05-910.19+--^1+-//-^1***/-729.96,(-910.19+644.05--734.98**1--104.89+-189.32-557.97/-984.35/-774.86**1-456.06*-326.27*186.88*-96.57/(-729.96))
967.24544.08130.34587.35971.02-537.17-796.05-56.14508.11437.6*-74.46535.96-*++^2-*+^1-^1-+,(535.96--74.46)*437.6*508.11+-56.14**2+-796.05--537.17*971.02**1+587.35**1-130.34-544.08+967.24
968.12-619.65975.76-977.99**-^1/265.51^-684.05-392.72^-982.55/+--99.8219.09-138.55-^1**+*,-977.99*975.76*-619.65**1-(-982.55/-243.77-(-138.55**1-19.09*-99.82)+-392.72*-684.05+216.94*265.51)/968.12
-799.46530.99-623.61-408.91+^1**+^2-298.93860.2131.01-88.08-903.28+/-517.05209.06-89.22321.35*++++-,-408.91**1+-623.61*530.99*-799.46**2+(-903.28/(321.35*-89.22+209.06+-517.05)+-88.08+31.01+860.21--298.93)
-895.52-49.06-898.78768.06-249.39-370.16--^2+/636.76351.66114.75-2.57-85.59608.93+^1-+-^1-+*,(-370.16--249.39**2-768.06+(608.93**1+-85.59--2.57+114.75**1-351.66-636.76)/-898.78+-49.06*-895.52)
-870.9765.51-454.64346.02-***-+^2/-610.96519.32786.75*+208.96-747.17-385.39469.69433.02++*+^2,262.87*346.02*-454.64*765.51--870.9**2+(786.75*519.32+-610.96)/(433.02+469.69*-385.39*-747.17**2+208.96)
512.41102.34436.13-241.87380.45-291.04*-+^1//-101.9-50.84-867.61-359.34575.98-768.14+-^2+-*^2,-291.04*380.45--241.87**1+436.13/102.34/512.41-(-768.14+575.98**2--359.34+-867.61--50.84*101.9**2)
423.23+*96.47907.56+569.07351.11+*965.52237.21-344.79785.63-238.4-443.77-+-+**-453.37-897.11592.24*++-690.29,423.23*(907.56+96.47)+(351.11+(-443.77+-238.4+785.63--344.79+237.21*965.52)*569.07*(592.24*-897.11+-453.37+(-690.29)))
--802.82520.5277.17327.17-606.6241.84//+^2**/+^2217.6-214.1415.29*//-98.94320.56---747.66,41.84/-606.62/327.17**2+77.17*520.52*-802.82/167.38**2+(15.29*-214.14/217.6/(320.56--98.94-(-747.66)))
975.18+-768.72+979.46/912.32-506.96-663.78-793.83/-/+^281.71-126.64641.4387.7+^--221.65248.42/*++,(975.18+(-768.72+(979.46/(-793.83/-663.78--506.96/912.32**2+(87.7*(248.42/-221.65*-911.95)+641.43+-126.64+81.71)))))
-254.71-787.79942.94-877.24345.45-310.39240.12-288.34//-337.49-527.82--417.36^---^1--^1*-^1+,-288.34/(-417.36/-168.07--527.82--337.49)/240.12**1--310.39-345.45**1--877.24*942.94**1--787.79+-254.71
-957.42433.87334.4-566.89155.26-932.77-182.98-408.48-267.14-^1--^1+-/+*-344.57-838.86*+^1^1,-267.14**1--408.48*-182.98**1--932.77+155.26--566.89/334.4*(-838.86*-344.57)+433.87**1+-957.42**1
-102.32-567.05409.39679.25341.93*+^1*/+810.37-618.76-870.11-61.11//-103.69-726.02+*-197.54-763.22-+^2-,341.93*679.25**1+409.39*-567.05/-102.32+(-61.11/(-726.02*(-763.22--197.54)+-103.69)/-870.11**2+-618.76-810.37)
-635.3902.25731.17-407.64559.93249.15624.24861.09+-^2+^2-++^1+/-81.41-685.21-259.3-963.16-*-,861.09+624.24**2-249.15**2+559.93--407.64+731.17**1+902.25+-635.3/(-963.16--259.3*-685.21--81.41)
-430.08-645.33808.3442.7796.58-251.53977.73-810.49148.71615.7^-+^2+^2*++^2/*++2/,103.6-615.7**2+148.71**2+-810.49*977.73+-251.53**2+796.58/442.7*808.3**2+-645.33/-430.08
-288.96-83.58-532.41875.81-377.27-908.97256.11/-^2*/-*-^1659.07372.26-610.18+-^1-^1-234.62,256.11/-908.97**2--377.27*875.81/-532.41+-83.58*-288.96**1-(-610.18+372.26**1-659.07**1-(-234.62))
-594.82-^1-285.61417.55--+2297.43/200.23-609.0874.46-150.55-3.69-^2+^1+-^1/-135.43,(-594.82**1-(417.55--285.61**2-(297.43/(-3.69**2--150.55**1+874.46+-609.0**1-200.23/(-135.43)))))
-248.1-834.83-218.37-731.68-710.71-/*-357.68849.56268.02771.11+^2+^1-^1^+^2/215.89-803.75-,-710.71--731.68*(771.11**2+268.02**1+849.56**1--357.68)/-218.37/-834.83**2+-248.1/(-803.75-215.89)
86.55-990.74536.28-548.53774.08-117.97-751.53-26.05^-426.03101.29-^2----^2**+^2+-/1,(101.29**2--426.03-684.49--26.05--751.53**2--117.97*774.08*-548.53**2+536.28+-990.74-86.55**1)
171.38-263.36-763.21-252.72823.97+253.78-251.8482.94-358.84/*-^1-++*/+^1343.12/340.08-591.56-,(-358.84/82.94*-251.84**1-253.78--547.03+823.97+252.72)--763.21*-263.36/171.38**1+(343.12/(-591.56-340.08))
-729.27310.46-622.4-740.83458.06-275.59-463.11-166.93-581.21387.81-773.64*-^1++^2-//-/+-^1+,415.3**1--773.64+387.81**2+-581.21--166.93/-463.11/-275.59-458.06/-740.83+-622.4**1-310.46+-729.27
-923.51557.356.68672.09606.75422.14/+/-543.9697.15-683.65619.07470.95+^+-^1--^1-*962.93-587.4/,(422.14/606.75+(470.95+619.07*-683.65*97.15**1--543.96)/672.09-6.68**1-557.35--923.51*(-587.4/962.93))
30.02794.83872.38-49.33-471.55619.99663.02424.11-780.73116.34*-+^1++^2-/77.35*/*//*-765.2,116.34*-780.73-424.11**1+663.02+619.99**2+-471.55-(-762.98/77.35)/-49.33*872.38/794.83/30.02*(-765.2)
-996.23-40.05715.94-349.15***+-705.74/-158.93960.88295.92357.64104.91-509.4842.24*++^2-*-+685.46-27.49*,(-349.15*715.94*-40.05*-996.23+(-705.74/(842.24*-509.4+104.91**2+357.64-295.92*960.88--158.93+(-27.49*685.46))))
883.12-936.2-83.51-264.8957.65-176.63167.96-230.31723.06645.91700.76200.87*//-+^2-^1*++^2//,200.87*700.76/645.91/723.06--230.31**2+167.96**1--176.63*57.65+-264.89**2+-83.51/-936.2/883.12
-540.4107.59-490.95--^1--787.46-170.95805.92624.57-243.56-746.5684.21-959.3524.19-157.42*-^1+--//-+,-490.95-107.59**1--540.4-(-157.42+524.19**1--959.3+84.21--746.56--243.56/624.57/805.92--170.95+-787.46)
-155.170.69-194.52831.04+^2/+/-372.69-87.43*-629.49-545.89715.75616.67965.6-429.59*//-*-^2-/,831.04**2+-194.52/70.69+-155.1/(-429.59*965.6/616.67/715.75--545.89*-629.49**2-189.97--87.43/-372.69)
-559.08-346.78763.3-306.25--27.93-2.59+^2+^2*+^2589.75-403.88-869.93690.89-513.49+-+-+2,-306.25-(-2.59**2+27.93)-763.3**2+-346.78*-559.08**2+(-513.49+690.89--869.93+-403.88**2-589.75)
-566.25848.18-117.01276.58-34.99/--+^2-725.66719.71-110.5-675.24956.46**+-++^1321.49908.83351.37-*,-34.99/276.58--117.01**2+(956.46*-675.24*-110.5+719.71--725.66)-848.18**1+(351.37-908.83*321.49)+-566.25
-27.95-957.56420.97214.47-310.19533.46793.61/-353.46621.46+++/-**533.27794.16543.86+^2-^1-^2,(621.46+-353.46)/793.61+533.46+-310.19/214.47-420.97*(543.86**2+794.16**1-533.27)*-957.56**2--27.95
988.6-854.35-250.28-424.17-/*/+295.24-221.4+*/*-278.92459.51+^2685.8-795.59689.74-^1-^2,-424.17--250.28/-854.35*988.6/(-221.4+295.24*20.84*(459.51**2+-278.92)/(689.74**1--795.59**2-685.8))
961.83-409.29770.02440.7609.66-491.86-379.0636.36-/+^1-/*-+^415.26412.37794.4+-^21^2,36.36--379.06/-491.86**1+609.66-440.7/770.02*-409.29+(794.4+412.37**2-415.26)**1-961.83**2
-39.66-908.0-860.91-872.23931.29-261.77267.5396.86--*/211.54283.04263.13+-897.12-^1*+*--*/^1,96.86-267.53--261.77/(-897.12**1-584.15*263.13+283.04*211.54)*931.29--872.23--860.91*-908.0/-39.66**1
148.44469.35-868.4/82.13*+*-/133.94-226.02+^1+-212.15+823.07894.32327.64902.82-714.68---+^1,(82.13*-980.31+-868.4*469.35-148.44/(-226.02**1+133.94+(-212.15+(-714.68-902.82-327.64-894.32**1+823.07))))
-757.44587.99938.86-419.84875.4282.83235.44472.65-357.19594.14-^2-+-74.31-886.73-^2*+++++-^2,594.14**2--357.19+(-886.73**2--74.31)-472.65*235.44+82.83-875.42+-419.84+938.86+587.99**2--757.44
-42.11582.02*-73.95-101.63/*-82.49-999.63-*136.8140.0390.94-264.09-701.26714.64-288.18673.86-++^1-/-+,582.02*-42.11-(-101.63/73.95*(-999.63-(673.86--288.18+714.64**1+-701.26--264.09/90.94-140.03+136.8)*-82.49))
173.53181.16-*-549.2+/-986.1671.23567.28263.71-763.54-296.34-827.58/-+-^2//+^1*-^2,-549.2/(-827.58/-296.34--763.54+263.71**2-567.28/71.23/-986.16)+533.7**1+-853.71*181.16**2-173.53
-288.01922.15889.15/356.15368.87350.97-121.29-412.2877.3*+^2+^1-++^2**/--928.02^1,877.3*-412.2**2+-121.29**1+350.97-368.87+356.15**2+6.51*889.15*922.15/-288.01-(-928.02**1)
-241.49-752.76350.99-363.75-^1+^2--48.35*/336.13186.18-627.11354.31197.75-869.34**/-++*+,-363.75**1-350.99**2+-752.76--241.49-(-869.34*197.75*354.31/-627.11-186.18+336.13+252.49*-541.76+48.35)
65.84372.42-987.25680.36630.33997.64-506.63--***---870.09298.41252.09493.39^-^2+/--857.4/^2,-506.63-997.64-630.33*680.36*-987.25*372.42-65.84-(493.39*252.09**2-298.41/(-857.4/-449.48)+-870.09**2)
-468.75505.22771.94467.12-414.35-163.84*221.63-645.86658.08-732.54590.84+^1-/*++^1*-+^1*/,590.84**1+-732.54-658.08/-645.86*221.63+699.42**1+-163.84*-414.35-467.12**1+771.94*505.22/-468.75
-627.38784.16987.89-678.03343.81698.43993.85332.88385.35182.06663.3-329.06++^2/+-^2/-^1*--/,-329.06+663.3**2+182.06/385.35+332.88**2-993.85/698.43**1-343.81*-678.03-987.89-784.16/-627.38
-431.89507.59283.53^53.05*+*446.5934.21142.25-+/-716.55-924.84421.9-378.53-865.32+-+--^2---327.11,53.05*-302.54*(142.25-34.21+446.59)+(-865.32+-378.53-421.9+-924.84--716.55)/283.53**2-507.59--431.89-(-327.11)
86.29370.54-35.09651.3411.51287.71++^2/--/749.56/267.24234.16825.56-307.33470.7-97.78+-+^1+*,287.71+411.51**2+651.3/-35.09-370.54-86.29/(749.56/(-97.78+470.7--307.33**1+825.56+234.16*267.24))
128.34-146.58-*-199.64-947.8719.91-66.17-523.25-595.11440.73+^1++/749.543.82-391.27-^1-++*/740.26,-146.58*(440.73**1+-595.11+-523.25+(-391.27**1-3.82-749.54)/-66.17+19.91+-947.87*-199.64)-128.34/(740.26)
+-129.19-527.94-623.1-62.56-861.7378.976.05-610.18-801.96323.44530.43-799.07---+^2-//+-^2//+,-799.07-530.43-323.44--801.96**2+-610.18-6.05-78.97/-861.73+-62.56**2--623.1/-527.94/-129.19+782.45
581.13240.08-249.38916.71+^1/+-^2--5.18-747.93-199.66/+-*-577.13410.95-959.64-^2-^1,916.71**1+-249.38/240.08**2-(-199.66/-747.93+-5.18--99.36)+581.13*(-959.64**2-410.95--577.13**1)
-370.37-928.94726.74-916.44-968.27-*+*703.21-116.38-325.65/-**750.55-620.79289.39-959.74-57.46-224.01/*+--^1,-968.27--916.44*726.74+(-325.65/-116.38-703.21)*-928.94*-370.37*(-224.01/-57.46*-959.74+289.39--620.79-750.55**1)
122.62-778.85*--806.76145.96-870.43835.81/-+^1*^2-286.24-520.11112.79/--81.53856.59-459.56-484.9*//,-778.85*122.62-(835.81/-870.43-145.96**1+-806.76**2-(112.79/-520.11--286.24-(-484.9*-459.56/856.59/81.53)))
477.16-615.12449.64-234.67534.79181.27-77.42^-223.01-*/+^2-+^2--^2*-311.43-376.36651.5+-,-223.01-514.82*-77.42/181.27**2+534.79--234.67**2+449.64--615.12**2-477.16*(651.5+-376.36--311.43)
332.64-688.96-441.2841.86260.67-572.02777.74709.97-67.15+-^2+/-^2--*--624.65/447.59+702.99*-,-67.15+709.97**2-777.74+-572.02/260.67**2-41.86--441.28--688.96/332.64-(-624.65/(702.99*-377.26-447.59))
491.39647.29-807.47/*-291.77462.41--+^346.41724.27-580.09-839.79-540.55-682.13-*-+^2^-171.03-178.32*2,-807.47*(462.41--291.77)/647.29+(-682.13--540.55*-839.79--580.09**2+724.27-(-178.32*171.03)+346.41)**2-491.39
-597.7-7.4850.48-784.96270.66-238.32/+/^1+^1-^2+^2649.84959.6-871.25-766.36-708.28++-*,-238.32/270.66+-784.96**1-50.48**1+-7.48**2--597.7**2+(-708.28+-766.36+-871.25-959.6*649.84)
-333.39-772.49-694.59-272.08-558.29-33.93-967.32-299.39350.57724.07-303.38-^2*++-*-^2-*/*-614.11-845.53-,-303.38**2-724.07*350.57+-299.39+-967.32--33.93*-558.29**2--272.08--694.59*-772.49/-333.39*(-845.53--614.11)
658.85-995.54-135.91312.4845.55-664.97-^2--*235.11-20.53131.05511.07/-793.2-802.71376.06-/+/+**-/,-664.97**2-845.55-312.4-(376.06--802.71/-793.2+-94.04/511.07+131.05*-20.53*235.11)*-135.91--995.54/658.85
-373.19+-786.29-^2-394.99-537.68/896.97154.53700.84-786.86+-*-488.27140.65++*/-+^2863.99/940.76,-373.19+(-786.29**2-(-786.86+700.84-(140.65+-488.27)*154.53+896.97*1.48/-537.68--394.99**2+(863.99/(940.76))))
-115.09-551.93-823.62861.3815.95972.87-**+^2+^1-866.47-604.63425.13-572.66948.3--**/-562.41-343.29/,(972.87-15.95*861.38*-823.62**2+-551.93**1+-115.09-(948.3--572.66-425.13*-604.63*866.47/(-343.29/-562.41)))
761.31711.3-537.49-742.96-409.32657.37+-637.68369.62-680.97774.02+^2/**+/*+^2-*^1-4.14,774.02**2+-680.97/369.62*-637.68*36.94+657.37/-409.32*-742.96**2+-537.49-711.3**1-761.31-(4.14)
-49.84570.8885.56-992.18-134.91-228.54391.79-195.06***-++^2-^1-242.53-33.11-424.28-29.37-^2*/,-195.06*391.79*-228.54*-134.91--992.18+85.56**2+570.88**1+-49.84-(-29.37**2--424.28*-33.11/242.53)
-370.35-356.64406.84-553.9665.47488.1554.79-65.76514.31770.46*734.72703.81380.39*+-^1+-*-^1/-/+,(380.39*703.81+734.72)*770.46**1-514.31+-65.76-54.79*488.15**1-665.47/-553.9-406.84/-356.64+-370.35
579.45690.84+^166.92*-429.72-897.02321.4801.47195.16-505.12-920.03268.76415.84//**-^2-^1+^2+,690.84**1+(415.84/268.76/-920.03*-505.12*195.16**2-801.47**1-321.4**2+-897.02+-429.72)*579.45
226.65836.29546.43531.12171.34-75.86351.91-430.71422.48/+-++^1+-*+824.27-274.48+^1-259.16/-82.73,422.48/-430.71+351.91--75.86+171.34**1+531.12+546.43-836.29*226.65+(-274.48**1+824.27-(259.16/(-82.73)))
-916.42-666.08-898.5984.96-826.43-953.45642.25787.86440.67564.41/**-/-^2/**643.71/-174.09+-^1-,564.41/440.67*787.86*642.25--953.45/-826.43**2-84.96/-898.59*(-174.09+-975.27**1-643.71)*-666.08--916.42
-428.76-99.14-557.9-908.69*-722.99-880.58-868.24200.5//-^1+^1*-^2+^2-^1^1,200.5/-868.24/-880.58**1--722.99**1+874.91*-908.69**2--557.9**2+-99.14**1--428.76**1
-10.41133.03-91.63671.54-10.6-^2/+*-435.18258.51-649.51-42.25-128.25935.56946.38-754.12*-^1/---/*,-10.6**2-671.54/-91.63*(-754.12*946.38**1-935.56/-128.25--42.25--649.51-258.51/-435.18)+133.03*-10.41
218.54-746.04-835.83-319.14730.01168.04/215.23-486.92*+--^2++--736.02528.94245.47*+-^1+^1,-486.92*215.23+-91.99-168.04**2-730.01+-319.14-(245.47*528.94+-736.02)+-835.83**1--746.04**1+218.54
-786.4184.9476.21+-+^1-953.56-91.1702.29-^1+^2-272.79-294.17954.3--^882.22-983.2-^2/,476.21**1+(702.29**1--91.1**2+-953.56)-(954.3--294.17*(-983.2**2-882.22)--272.79)+84.9/-786.41
-2.43160.4-345.33^964.69-769.41-336.5-768.43891.03954.51757.8-855.64*+^1+^1-^1+-++*/+,-855.64*757.8**1+954.51**1+891.03**1--768.43+-336.5--769.41+964.69+-969.64*-345.33/160.4+-2.43
-499.46-405.84174.15-263.14422.42690.81++^1/-^1-*814.92580.62-358.7++*-3.36-862.27-929.36-+^2,690.81+422.42**1+-263.14/174.15**1--405.84--499.46*(-358.7+580.62+814.92*(-929.36--862.27**2+-3.36))
-815.18-^1-392.4632.7944.9-250.88-952.85873.49489.17-887.53+/*-^1*-+/^20.79-708.91-559.55*/1,-815.18**1-(-887.53+489.17/873.49*-952.85**1--250.88*944.9-632.7/(-559.55*-708.91/20.79)**1+-392.4)
781.92767.8128.97-492.17-66.31468.57-450.52494.66-171.8/++-525.76-267.32+*++^1-++*/+^2,(-171.8/494.66+(42.27*-267.32+-525.76)+-450.52**1+468.57--66.31+492.17+978.1*128.97/767.8**2+781.92)
-956.56-961.65161.3567.059.6*--***+/-858.51-44.57+--711.2849.79-410.84//221.39*-520.14339.46-^2,-81.28-9.6-567.05*161.3/-961.65*-956.56/(-44.57-(-410.84/849.79/-711.2)+-858.51)+(221.39*(339.46**2--520.14))
322.48549.3831.93512.23466.25-765.62-646.29-132.14/*-*-947.87697.76-354.18-274.42+^2/-^2*-*/^1,-132.14/-646.29*-765.62*(-274.42**2+-354.18/697.76**2--947.87)-466.25*512.23-31.93*549.38/322.48**1
-580.81-272.49-825.36558.11-883.67-976.05392.02965.95904.2526.9757.68-587.75-96.01+/+-^1/+*+/^--/-60.72,-96.01+-587.75/757.68+526.9**1-904.2/965.95+392.02*-976.05+-883.67/558.11--825.36--272.49--580.81/(-60.72)
-259.33-166.9678.34-135.7379.54175.71-787.9-888.58571.09+/-^2-/+-^2-^2*482.26-819.67*^1,571.09+-888.58/-787.9**2-175.71-379.54/-135.7+78.34**2--166.96**2--259.33*(-819.67**1+482.26)
-528.63-817.76976.61-448.33-893.4-661.36-275.1-738.2932.31360.03-284.99596.41+^1-+/*^//-/-^2^1,596.41**1+-284.99-360.03+32.31/-738.29*-275.1/-661.36/-893.4/-448.33-976.61/-817.76**2--528.63**1
107.92148.57324.43546.51967.95445.76-129.2648.82454.9989.25/-+^1--*2*/++^2*277.59^2,89.25/454.99-48.82**1+-129.26-445.76**2-967.95*546.51/324.43+148.57**2+107.92*(277.59**2)
306.84329.85-*635.47-887.0572.9-124.9+913.96-929.92--/+^1-+*-974.87-963.49769.42854.04+^1++,329.85-306.84*(-929.92-913.96--234.47/-124.9**1+572.9--887.0+635.47*(854.04**1+769.42+-963.49+-974.87))
-533.55444.33231.53240.1/-158.22275.49--843.4-746.44885.23-+^1-^2--*-^1-^1^2,(885.23--746.44**1+-843.4)-275.49**2--158.22--895.26-240.1*231.53**1-444.33**1--533.55**2
-403.52-207.58-587.21-908.27**-*376.04-608.85108.84-332.79231.09-742.73--278.13-247.67-^2*/*+-^1-*,-908.27*-587.21*-207.58--403.52*(-247.67**2--278.13*-405.88/-742.73*231.09+-332.79**1-108.84--608.85*376.04)
196.38646.82640.28498.02750.12271.0-148.49736.74//++^2/554.58-502.93501.94**+^2++^662.46^1,736.74/-148.49/271.0+750.12**2+(501.94*-502.93*554.58)/498.02**2+640.28+646.82**2+196.38**1
858.54-390.64-484.59++^-984.56-454.06-861.81-864.8-99.26725.18--*-119.21312.62782.96**-^2-^2^1,-484.59+-390.64**1+858.54-(725.18--99.26-(782.96*312.62*-119.21)*-864.8**2--861.81**2-454.06**1)
-399.68-45.47-196.42194.3653.33*^1//-730.05190.3192.4-141.13-+**+^1-^1-854.94-555.59+^1,653.33**1+194.3/(-141.13-92.4+190.31*-730.05)/-196.42*-45.47**1+-399.68**1-(-555.59**1+-854.94)
-717.38650.49653.25176.12-882.12*/-+*777.13-852.28-514.37-833.41/-^1++527.2373.88364.16-729.28135.4++-+,-882.12*176.12/653.25-650.49+-717.38*(-833.41/-514.37**1--852.28+777.13+(135.4+-729.28+364.16-73.88+527.23))
-748.5-412.04+/-766.34779.41540.46731.33-589.99504.1793.11325.19-629.91-233.78/+^1+--*--^2*^1,-412.04+(-233.78/-629.91**1+325.19+793.11-504.1--589.99*731.33-540.46**2-779.41*-766.34)/-748.5**1
60.32521.17479.33-345.35791.1-432.56-72.37108.64320.28961.77724.5-154.45-565.05-^2-*+-/-^1--/+*,-565.05**2--154.45-724.5*961.77+320.28-108.64/-72.37**1--432.56-791.1--345.35/479.33+521.17*60.32
-447.29-716.66-71.41841.96-610.69-453.54471.85-462.14-356.87-646.04-416.66-410.91-542.24++^2+-/-/-^2-**+,-542.24+-410.91**2+-416.66+-646.04--356.87/-462.14-471.85/-453.54**2--610.69-841.96*-71.41*-716.66+-447.29
528.9215.89-379.51221.73^935.07-627.53834.18-885.61-194.19++^1-+^2--/2+^1-^2+,-194.19+-885.61**1+834.18--627.53**2+935.07--975.92**2-221.73**1+-379.51**2-215.89+528.9
699.67-101.17245.55-120.68279.71642.97-476.99316.8-941.04-138.21-618.11-190.42++*/-542.94834.67**+-+-+^2**,-190.42+-618.11+-138.21/(834.67+-542.94)*-941.04*316.8+-476.99-642.97+279.71--120.68**2+245.55*-101.17*699.67
-817.79451.27-55.09-868.51-131.29-513.91779.28359.72-810.44450.53-126.64-*+*/-^1++/+315.26+//^1,(-126.64-450.53*-810.44+359.72*779.28/-513.91**1--131.29+-868.51+(315.26+-526.84)/-55.09/451.27/-817.79**1)
140.67309.25401.65-612.15-^1+/-387.79916.56-347.56/*-^1+-860.19341.12-261.39-760.65626.52+*++^2,-612.15**1+401.65/(-347.56+916.56*-387.79)+309.25**1-140.67+(626.52+-760.65*-261.39+341.12+-860.19**2)
84.1776.15-132.32105.49985.69460.74-955.67455.07714.09---+^-728.24+^2+--361.29215.43-511.08*+^2--,714.09-455.07--955.67-460.74**1+985.69**2+105.49-(-511.08*215.43**2+-361.29)+-132.32-76.15-84.17
61.91-463.22775.09437.78439.42+-51.67-849.04437.31-899.42+^1-///-+-775.67170.84-936.11999.16++/^2,(-899.42**1+437.31--849.04/-51.67)+439.42/437.78/775.09--463.22+61.91-(999.16+-936.11+170.84/775.67**2)
964.43-192.4-331.01-990.14-952.82+/400.6788.99-726.35-561.5375.92252.19//-+^2+^2--^2+^2,-952.82/(252.19/75.92/-561.53--726.35**2+88.99**2+400.67)+-990.14--331.01**2--192.4**2+964.43
-923.45^-979.24-769.52-83.24-854.58686.0774.19235.08-377.79797.6-360.94505.1-18.78*+-++/--*-+^1-/,-18.78*505.1+-360.94-797.6+-377.79+235.08/74.19-686.07--854.58*-83.24--769.52**1+-979.24-683.56/-923.45
-551.84-489.1989.41971.7384.7277.71-^1+*/*-669.78-518.0369.0634.88-282.49872.4-569.62****-^1+,77.71**1-84.72+971.73*989.41/-489.1*-551.84-(-569.62*872.4*-282.49*634.88*369.0**1--518.0+669.78)
-508.98382.37415.84-38.31354.48-34.74-+--846.92318.42-199.36++12.68-95.17-^2++^2***-781.94-909.73+,-34.74-354.48-(-199.36+(-95.17**2-12.68)+318.42+-846.92)+-38.31**2+415.84*382.37*(-909.73+-781.94)*-508.98
-780.4-^2-258.89444.0318.16787.47--783.81-615.08-721.58588.63**-*-/*+-119.14935.42973.89160.39-/+,-780.4**2-(588.63*-721.58*-615.08--783.81*-981.42-787.47/18.16*444.03+-258.89-(160.39-973.89/935.42+119.14))
841.95814.62+^-140.8682.08-812.68-198.62*/*2*/271.53975.5975.58-72.27^-/412.39-886.63-270.03-^1--,(-198.62*-812.68/682.08*-140.8)**2+814.62/(-72.27*975.58/(-270.03**1--886.63-412.39)-975.5-271.53)*841.95
943.38892.09381.31-227.88617.05866.94881.59-148.27*//-+-+/-1.11849.89711.04456.87-225.7+-^1+^1-,-148.27*881.59/866.94/617.05--227.88+381.31-892.09+943.38/(-225.7+456.87**1-711.04**1+849.89--1.11)
800.05819.49146.63722.21-839.5111.8958.78-443.33385.41281.3-106.01695.23-435.06-+^2--*//++^2+//,-435.06-695.23**2+-106.01*281.3-385.41*-443.33/58.78/11.89/-839.51**2+722.21+146.63/819.49/800.05
746.65-7.65-763.52-455.8-965.7-939.52-550.35690.95*-**+-*+^1879.91518.82//-623.57-636.66-69.32*-^2,690.95*-550.35--939.52*-965.7*-455.8+-763.52--7.65*746.65**1+(518.82/879.91/(-69.32/-636.66--623.57**2))
764.36878.14-814.18+/+532.68*283.48-^2-658.18329.77272.8+^1+^1+595.91209.61-19.85+-^1,-814.18+878.14/764.36+(532.68*(283.48**2-(272.8**1+329.77**1+-658.18+(-19.85+209.61-595.91**1))))
213.28117.74-545.66802.69-883.84-380.28414.94-711.91-856.62---^1+-/-^-352.64-^1*-53.58-127.41-^1,-856.62--711.91-414.94**1--380.28+-883.84-802.69/-545.66**1-117.74**1-213.28*(-127.41**1--53.58)
-667.7--138.78463.31101.63673.69-971.51-369.07746.61586.77397.0-875.46+^1-^2++*///+*+629.37,-667.7-(-875.46**1+397.0**2-586.77+746.61+-369.07*971.51/-615.01/673.69/101.63+463.31*-138.78+(629.37))
975.83*-^2*-554.41667.49-751.82589.59-965.29-566.02-913.823.11-/^2+*^329.1157.51/1/-/*,320.38**2-975.83*(3.11--913.82**2--566.02*(57.51/329.11)**1+-965.29/589.59--751.82/667.49*-554.41)
+282.41202.79-295.08612.32+++^1*+997.4907.11---628.78-537.49602.82+^2+^2--15.37-98.4-,612.32+-295.08+202.79**1+282.41+438.19+(907.11-997.4-(602.82**2+-537.49**2+-628.78-(-98.4--15.37)))
-824.28697.59-^2/690.19746.01-990.16-476.29-///-350.15790.2-672.4-501.51-693.96161.21-805.67+-*-**^2,697.59**2--824.28/(-476.29--990.16/746.01/690.19/(-805.67+161.21--693.96*-501.51--672.4*790.2*-350.15**2))
237.33949.17-860.05-778.31926.84-//-654.98+158.31-904.85-399.69+^2**/*740.42828.26-188.84//-+^1,926.84--778.31/(-399.69**2+-904.85*158.31*-408.98*(-188.84/828.26/740.42)/-654.98)/-860.05-949.17**1+237.33
569.05-304.1578.26-177.75905.67-811.31250.26-180.61894.33-491.63-436.86829.48++-*++///+--^1-188.29704.45+,829.48+-436.86+-491.63-894.33*-180.61+250.26+-811.31/905.67/-177.75/78.26+-304.15-569.05**1-(704.45+-188.29)
683.26-898.06761.06453.0361.65-940.6709.6449.13-201.16/-62.19+^2**+-+^2*-^2-^2*,-62.19**2+-866.31*-201.16*49.13+709.64--940.6**2+361.65*453.0**2-761.06**2--898.06*683.26
923.28328.66-889.53352.21-/-+883.31-257.1659.43488.01/***-302.6-988.61-730.57379.32-++//603.41716.5-308.05,352.21--889.53/328.66-923.28+(488.01/659.43*-257.1*883.31*(379.32--730.57+-988.61+-302.6/(716.5-603.41)/(308.05)))
471.27*320.81763.93-527.44849.7510.57-339.52-^1-/--^1/^195.9-405.84^+-+^1^1,471.27*(-339.52**1-10.57-849.75/-527.44-763.93**1-320.81/(-276.96+-405.84-195.9**1+-638.7**1))
610.16-78.47-748.52-889.91794.69201.7187.51-4.73-543.01848.1633.46**+^1/++^2+++-^1+,633.46*848.1*-543.01**1+-4.73/87.51+201.71**2+794.69+-889.91+-748.52+78.47**1--470.77+610.16
-636.32-255.17235.79-792.55725.31-835.95-212.91535.6790.57+-*---*/*50.11-/932.65-991.48+^2759.26^1,790.57+535.6--212.91*-835.95-725.31--792.55-235.79*-255.17/-636.32*(50.11*(-991.48**2+932.65)-(759.26**1))
713.35430.1-130.06-625.16441.37-866.17-202.74821.7-755.03*/-+++^2*+/-165.78+523.14481.78-272.39291.58++*,-755.03*821.7/-202.74--866.17+441.37+-625.16**2+-130.06*430.1+713.35/(-165.78+(291.58+-272.39+481.78*523.14))
-93.35-539.89681.74*/+-78.53-411.64-/88.31360.02925.22593.76819.66-609.49979.69195.7784.49*+///-/+^1,681.74*-539.89/-93.35+(-411.64--78.53/(84.49*195.77+979.69/-609.49/819.66/593.76-925.22/360.02**1+88.31))
-506.4967.1663.48-501.38656.2867.65-137.8-936.48/*-^1-+-784.88//-^1+675.42-771.038.29-^2/,-936.48/-137.8*67.65**1-656.28**2--501.38/63.48/67.16**1--506.49+(38.29**2--771.0/675.42)
-448.51665.02-974.39-233.48-246.5-500.54-776.5730.84/*-^2+*/-/-805.91-557.27599.67273.41-683.72-910.83-++--,730.84/-776.5*-500.54**2--246.5+-233.48/-974.39/665.02--448.51/(-910.83--683.72+273.41+599.67--557.27--805.91)
58.13-522.68-136.7-464.23376.41-571.99/-892.01522.85-931.97-^2*--*++^1+813.72212.82513.74-+-8.54,(-931.97**2-522.85*-892.01)/-571.99-376.41+-464.23*-136.7+-522.68**1+58.13+(513.74-212.82+813.72-(8.54))
/-144.6-656.98724.54-348.35-766.41-359.4712.64-887.89-685.84-401.35804.01^/+/*/-+--/-^1*^2,-279.37/804.01+-401.35/-685.84*-887.89/12.64--359.47+-766.41--348.35-724.54/-656.98**1--144.6*-128.22**2
298.63-853.09-492.96758.6-582.42+--660.28-725.27525.93993.62+//+^1/++875.73-370.5-986.07-45.71+^2-*,-582.42-(993.62+525.93/-725.27/-660.28)+758.6**1+-492.96/-853.09+298.63+(-45.71**2+-986.07--370.5*875.73)
-41.04-1.16952.23-855.29---^2+974.52-593.26/*-143.71-220.59-908.55793.46290.25986.94+-^2*/-^1,-855.29-952.23--1.16**2--41.04+(-593.26/974.52*(986.94+290.25**2+793.46*-908.55/-220.59**1--143.71))
8.96872.03+/-366.23228.87-201.26-929.34-^1+-^1+-64.0-618.83906.72-+^-475.62412.55-2-^2,872.03+8.96/(-929.34**1--201.26+228.87**1--366.23+(906.72+(412.55--475.62)**2--618.83**2--64.0))
295.85630.38-624.85278.07-169.67+^2/-+^223.53-39.46-408.53755.61522.39+^1/*-1+^280.48^2,-169.67**2+278.07/-624.85+(522.39**1+755.61/-408.53*-39.46-223.53)**1-630.38+295.85+(280.48**2)
-169.65-570.08673.0-275.39415.81828.72276.49//*-*--^1-949.74355.45-786.0146.48-63.01231.44185.82---*+-,276.49/828.72/415.81*-275.39-673.0*-570.08--169.65**1-(185.82-231.44--63.01-46.48*-786.01+355.45--949.74)
-53.01/86.85--147.66-652.68-318.38-636.43-11.34-875.23**-+^982.07-734.72*1++^2/-802.93422.39--,(-53.01/(86.85-(-875.23*-11.34*-636.43+(-734.72*982.07)**1--318.38+-652.68**2+(422.39--802.93)/147.66--857.17)))
470.75804.88-295.25-870.05966.58-923.5-633.66-800.5+^2-/-^2+^1+--605.24+-60.7986.4-//*,-800.5**2+-633.66--923.5/966.58**2--870.05**1+-295.25-(86.4--60.79/-424.06/-605.24)+804.88*470.75
-936.25-530.42996.61172.36-562.16-349.01-131.94*-843.04-654.55308.45-++-*-+^1+^1-++^2-219.08,308.45--654.55+-843.04+885.51--131.94*-349.01--562.16**1+172.36**1+996.61--530.42+-936.25**2+(-219.08)
-137.51-650.06-460.58-396.87957.35-986.87-280.81-434.13276.77-687.21152.3/+^1//--^2-+^2+/^-62.88,152.3/-687.21**1+276.77/-434.13/-280.81--986.87**2-957.35--396.87**2+-460.58+-650.06/-137.51**2
27.07830.04-196.4-812.88-751.45719.58-676.74-450.26404.71**/+^1*---*236.12-147.17-257.42749.88^**-*,404.71*-450.26*-676.74/719.58**1+-751.45*-812.88--196.4-830.04-27.07*(622.53*749.88*-257.42--147.17*236.12)
714.59504.63///936.04122.25904.05-150.99-677.23-415.43--+^1/-324.49-994.81*404.16-515.68/-//+*-36.08,504.63/714.59/(-415.43--677.23--150.99**1+(-515.68/404.16-411.41/-994.81/-324.49)/904.05+122.25*936.04)/(-36.08)
74.63559.07-434.93-838.81-505.5-984.57566.15*-538.38+^1-+^2+--//*698.27+^1-902.17-80.99/,-538.38**1+930.83-566.15**2+-984.57+-505.5--838.81--434.93/559.07/74.63*(698.27**1+(-80.99/-902.17))
-659.61334.73++637.46-28.74649.36/+*-49.65-12.78-^1*-67.53-453.15/*371.49--819.48-244.73665.47-+/1,(334.73+(649.36/-28.74*(-12.78**1--49.65)+637.46)+-659.61*(-453.15/-67.53*(371.49-(665.47--244.73**1+-819.48))))
669.6287.22-283.44-844.45-34.26751.46-268.33-385.77542.02711.93+*-*+^2-^2*-^2+^2^1,711.93+542.02*-385.77--268.33*751.46**2+-34.26**2--844.45*-283.44**2-87.22**2-669.62**1
-436.04-156.1-564.82-849.55963.84-335.05-425.67-155.85-514.59577.42536.71-419.78-+--^1++^2--+//^2,-419.78-536.71+577.42--514.59**1--155.85+-425.67**2+-335.05-963.84--849.55+-564.82/-156.1/-436.04**2
785.07-833.65-980.66-647.94475.49-622.29-653.66-108.79-24.63-720.54*-270.72-162.73-^387.66*//-/*-++^1/*,-162.73**1--270.72*137.55/-720.54/-24.63--108.79/-653.66*-622.29-475.49+-647.94**1+-980.66/-833.65*785.07
517.79675.8-170.62-541.13*160.68-649.44453.9225.58-^1*++^1/--+-430.6334.56-632.15+^1-,(225.58**1-453.9*-649.44+160.68)*-541.13**1+-170.62/675.8-517.79-(268.72-(-632.15**1+334.56-430.6))
273.62-687.97/667.75-799.13-409.865.9916.79-861.47678.03686.39628.22-729.56-166.79**-//-//+///-^2,-166.79*-729.56*628.22-686.39/678.03/-861.47-16.79/65.99/-409.8+-799.13/667.75/-51.48/-687.97-273.62**2
-*21.76724.48-269.3-321.79423.34533.74755.7-899.22-51.66-449.8978.61--++^129.62-//-^1+^2/,(-554.05*(78.61--449.89--51.66+-899.22**1+755.7-533.74/423.34/-321.79**1--269.3**2+724.48/21.76))
-345.77672.11538.25-429.97-547.45-46.46***+^782.62/-990.01+-365.35-601.03569.02-463.23596.59-/-^2//-984.77,-46.46*-547.45*-429.97*538.25**1+672.11/-345.77-(990.01+(596.59--463.23/569.02**2--601.03/-365.35/(-984.77)))
-288.28-915.53-858.72-691.79973.88-231.13990.9-222.44785.21+^1---^1*/*-+*-150.51317.49-^1,785.21**1+-222.44-990.9--231.13**1-973.88*-691.79/858.72*-729.09--915.53+-288.28*(317.49--150.51**1)
-532.07171.52-386.65*+^1--142.63-926.86260.58252.99-517.34-623.4-^1-^1-^1-^2-^1,-386.65*171.52**1+-532.07-(-623.4**1--517.34**1-252.99**1-260.58**2--926.86**1--142.63)
888.34-883.39-363.74867.180.14957.44574.4-342.53332.33-574.56-482.54-^1-^2*+**+-^2*-^2,-482.54**1--574.56**2-332.33*-342.53+574.4*957.44*80.14+867.1**2--363.74*-883.39**2-888.34
394.61316.66-614.97351.43-201.49-645.14233.23-768.58-^2+-+-*/+^1893.27885.32-218.7807.0658.94*//*,-768.58**2-233.23+-645.14--201.49+351.43--614.97*316.66/394.61**1+(658.94*807.0/-218.7/885.32*893.27)
79.73827.49-502.9+-^2*751.11-/^-807.48627.09-195.85134.3364.19/-+-901.23-978.32//1-136.96-837.94+,-502.9+827.49**2-79.73*(751.11/(364.19/134.3--195.85-(-978.32/901.23)+627.09*-807.48)**1-(-837.94+-136.96))
-115.78214.9-565.58-435.62168.28640.36814.02-468.33-393.51370.09--+^972.92-815.53*2*-+2/-+^1+-,370.09--393.51+(-815.53*972.92)**2--468.33*814.02**2-640.36/168.28--435.62**1+-565.58+214.9--115.78
49.56373.22373.54-281.23-36.55-769.78-446.96-164.78321.19434.37206.61-751.53225.33-*+^1*+-+^2*+-*/,225.33--751.53*206.61**1+434.37*321.19+-164.78--446.96**2+-769.78*-36.55+-281.23-373.54*373.22/49.56
63.18-495.28--397.45-468.83-650.06551.96-347.86697.06-726.67-533.26-502.84^275.72/*-*/--++-^1*//,275.72/-761.27*-502.84--533.26*-726.67/697.06--347.86-551.96+-650.06+-468.83**1--397.45*812.41/-495.28/63.18
-549.26249.16-918.85-^2*+-57.04-262.5133.33*/-79.13933.53425.57317.15491.11-204.95544.26-684.44--+//-/,-918.85**2-249.16*-549.26+(133.33*-262.5/-57.04-(-684.44-544.26--204.95+491.11/317.15/425.57-933.53/79.13))
-240.63-993.56294.49/-*-667.89775.84-723.31--^894.55561.3273.3321.99674.84-838.27892.02467.59/-***+*2/,294.49/-993.56*(-723.31-(467.59/892.02--838.27*674.84*21.99*273.33+561.3*894.55)**2-775.84/-667.89)--240.63
-265.24978.52761.43-361.55-807.57-365.45-600.25-999.5-407.76-769.49/-266.22153.19*+^2**++^1-/*/*/,(153.19*-266.22)/-769.49**2+-407.76*-999.5*-600.25+-365.45**1+-807.57--361.55/761.43*978.52/-265.24*(570.68)
-748.96-88.25490.62814.45-506.41307.89925.51****--+-471.48520.08768.86+745.32/333.82/-----^2,925.51*307.89*-506.41*814.45*490.62--88.25--748.96+(333.82/261.92-745.32-412.8-768.86-520.08**2--471.48)
-70.48-400.79-353.67-645.74-102.18-488.07583.48-206.0824.81-280.1-471.03450.2-471.77+*/++-^1+--*-^-259.99*,-471.77+450.2*-471.03/-280.1+24.81+-206.08**1-583.48+-488.07--102.18--645.74*-353.67**1--400.79*-70.48
257.51-87.438.42-850.68-321.78/861.75-79.68-654.81/-518.21/-*++^2**//-796.32-603.1120.57++^1,(-518.21/311.51--654.81*-79.68+861.75)/-321.78**2+-850.68*38.42*-87.4/(20.57+-603.11+-796.32)/257.51**1
-599.48-540.25-673.95^/*-300.11-701.72171.04-638.27*+++^1-324.23903.48-16.95*/290.98-930.55-940.14*-*,-599.48-(-989.66/-673.95*540.25-(-638.27*171.04**1+(-16.95*903.48/-324.23)+(-940.14*-930.55-290.98)+-701.72*300.11))
-903.1-991.61-412.73-158.17-53.11-935.83/624.07169.43-178.63-149.6178.21-109.59-890.36*--^2**+-*/---/,-890.36*-109.59-78.21**2--149.61*-178.63*169.43+624.07-561.23*-935.83/-53.11--158.17--412.73--991.61/-903.1
455.67-294.9812.33-327.3-670.6801.29-942.6183.46-750.18472.01290.36483.62*+-++^2-/+*/++248.04^2,483.62*290.36+472.01--750.18+183.46**2+-942.6-801.29/-670.6+-327.3*812.33/-294.9+455.67+(248.04**2)
213.81-11.83/-/1633.73+^2-821.32421.46932.78-+--229.67-^2-863.36703.95359.16819.64/-+,-11.83/213.81**1-(633.73**2+(932.78-421.46+821.32-352.99-(229.67**2-(819.64/359.16-703.95+-863.36))))
-528.14-511.29+*479.97-15.67459.21982.02797.06-113.35551.12-906.05+**-^2*^*+-577.26450.53251.87748.09/++,(-511.29+(-906.05+551.12*-113.35*797.06**2-982.02*459.21--15.67*479.97)*-528.14+(748.09/251.87+450.53+-577.26))
+-433.57768.79918.94-396.84-687.37-956.37489.41715.76-644.39928.36743.05-214.76+*+***-^2+^1-+-*,-214.76+743.05*928.36+-644.39*715.76*489.41*-956.37**2--687.37**1+-396.84-918.94+768.79--433.57*-867.38
607.21646.74-12.31348.27-67.41-158.23-374.36--/***+-276.07+-638.37386.68+^2*196.22308.0446.39*//-148.15,-374.36--158.23--67.41/348.27*-12.31*646.74*607.21+(-276.07+(386.68**2+-638.37*(46.39*308.04/196.22/(-148.15))))
6.62-708.44-^2-^2-498.1162.79-^^2-633.2439.68^741.45193.74++^1-^2+^2,-708.44**2-6.62**2-(162.79--498.1**2-(193.74+741.45**1+27.28**2-439.68**2+-633.2))
806.52327.95-471.22989.14-4.23-^1/+/0.49-679.83-334.74890.98189.54-704.92438.41774.14-*-//*-^1+,-4.23**1+989.14/-471.22/(774.14-438.41*-704.92/189.54/890.98/-334.74*-679.83**1-0.49)+327.95+806.52
-704.98-963.59-333.33265.59-209.76-640.99190.363.45115.3503.92-13.9--/+-+^1+^1-^1-^222.77+,-13.9-503.92-115.3/63.45+190.3--640.99**1+-209.76**1+265.59**1--333.33**2--963.59+-704.98
884.44625.52-208.07-795.1746.51-908.7843.41-185.93-628.34-428.8987.9703.28137.85+/*-+^973.87-*++^1+*+,137.85+703.28/987.9*-428.8--628.34**1+-185.93-843.41*-908.7+746.51**1+-795.1+-208.07*625.52+884.44
+849.7-480.16-447.71187.35-33.08-786.43694.27145.97916.15-^2/+/*+--/-**82.85285.29+1-578.77,916.15**2-145.97/694.27+-786.43/-33.08*187.35+-447.71--480.16-849.7/-320.1*(285.29+82.85)**1-(-578.77)
326.93-752.37-577.91249.85183.93-740.14-//++^1391.59-724.88-768.01-547.91-354.33-333.21+//+^1/--/,535.79/-740.14/183.93**1+(-333.21+-354.33/-547.91/-768.01**1+-724.88/391.59)+249.85--577.91--752.37/326.93
-417.63-404.91-266.99560.62206.26466.17+-+^1-+^1+-705.89738.19401.21350.74762.39444.03*-^1///,466.17+206.26-560.62**1+-266.99--404.91**1+-417.63+(444.03*762.39**1-350.74/401.21/738.19/-705.89)
236.88791.76-420.49-893.65/*306.38-807.27934.78-30.78-633.88127.75-990.28/--^2*+^2/---^2+,(-990.28/127.75--633.88**2--30.78*934.78**2+-807.27/306.38--530.44)/-893.65--420.49**2-791.76+236.88
494.62738.2786.23999.89238.83-107.57952.48159.35-844.86-71.18699.22*/--/-++^1*-/375.49-52.63/*,699.22*-71.18/844.86-866.69-159.35/952.48--107.57+238.83**1+999.89*86.23/(-52.63/375.49)-738.27*494.62
/-866.47-365.09599.63734.51-975.5-130.75^761.21784.42*-+-*++^1^-877.75-773.13-1+^2+-,784.42*761.21-849.09+-130.75--975.5*734.51**1+(-773.13--877.75)**1+599.63**2+-365.09+-866.47-462.88
-863.31+-124.73-331.33965.32-968.28-^2-/446.68176.91-948.58-138.86+/749.13-259.88-595.23389.35/*+*+-^2,-863.31+(-968.28**2-965.32/(-138.86+(389.35/-595.23*-259.88+749.13)/-948.58*176.91+446.68)--331.33--124.73**2)
516.75612.82436.62713.46-307.71-308.95953.53-199.54483.94-890.16106.83-^2-^2*^1//-++/-^1,106.83**2--890.16**2-483.94**1--199.54/953.53/-308.95--307.71+713.46+436.62/612.82**1-516.75
-100.28312.8246.21+/+-^1522.4348.11856.47+780.45+/-207.45-420.66628.63-497.35/**/+/334.96--316.22,246.21+312.8/-100.28**1-(780.45+(-497.35/628.63*-420.66*-207.45)/385.03/856.47+348.11/522.4)+(334.96-(-316.22))
175.97591.79453.03-390.18-418.34-193.98-947.65-594.52*-*-*---864.57-978.29841.53-602.92-330.84291.28+^2+**//,-594.52*-947.65--193.98*-418.34--390.18*453.03-(291.28**2+-330.84+-602.92*841.53*-978.29/-864.57)-591.79/175.97
+931.47+--67.11563.63-799.34297.2-22.02--+-/499.86-588.78-36.0397.41907.74458.75+^1//+^1-,931.47+544.06/(-22.02-297.2--799.34+563.63-(458.75**1+907.74/97.41/-36.03**1+-588.78-499.86)/-67.11)
172.46-599.89940.54-261.93761.44596.64-312.59-618.66-935.03*-+**-**+^12.88-494.29366.21-270.01+^2*,-935.03*-618.66--312.59+596.64*761.44*-261.93-940.54*-599.89*172.46**1+(2.88-(-270.01**2+366.21*494.29))
265.83-791.0646.06750.31-179.492.05-846.94-233.34-959.16469.81836.34-840.9936.22+*+---^2--^1+/*-,36.22+-840.99*836.34+469.81--959.16--233.34**2--846.94-92.05**1--179.4+750.31/46.06*-791.06-265.83
+-238.01969.66679.03-675.24302.37-608.48129.22*+/*++*-381.85-363.96++-^2550.78-695.64535.56354.96+*/,(885.48+129.22/-608.48*302.37+-675.24*(-363.96+-381.85)+679.03+969.66**2--238.01)+(354.96+535.56*-695.64/550.78)
-380.37-625.8-759.61-182.91-917.7264.68510.27*/*+/-404.59496.18819.6-896.71/-^1+-+--348.61834.05-555.25/^,510.27*264.68/-917.7*-182.91+(-896.71/819.6**1-496.18+-404.59)/-759.61--625.8+-380.37-(-555.25/834.05*-348.61)
574.63173.81431.56-264.92544.87-821.79845.46-629.06-381.07822.99-316.4579.32-529.84-144.33/--^+//+-^2-/-/,-144.33/-529.84-79.32--316.45/822.99+-381.07/-629.06/845.46+-821.79**2+544.87--264.92/431.56-173.81/574.63
+922.48-451.47915.95-467.73469.17778.52-124.07--489.56306.77-895.09669.1991.97//-^1/+/-*+/*^2,(91.97/669.19/-895.09**1-306.77/-489.56)--124.07+778.52/469.17--467.73*915.95+-451.47/922.48*988.84**2
-94.5759.69-569.23418.34-173.24-882.47-1.68739.39-38.39*612.39-85.59-^1+-+*++/+-^2+^1,-85.59**1-612.39+-797.96--38.39+739.39*-1.68+-882.47+-173.24/418.34+-569.23**2-59.69**1+-94.57
-206.33-802.97-122.08*105.55-320.12+^1-**733.35+*1-118.93648.87736.44-916.37+--47.12958.72+^2/+,(-320.12**1+105.55)*-122.08--802.97*-206.33*(733.35**1+(-916.37-(958.72**2+-47.12)+736.44/648.87+-118.93))
-217.35-850.91^664.56-854.5-8.049.12-863.43-//*+/-760.0-2.99++*+^2868.65-905.7294.36227.38-**,-863.43-9.12/-8.04/-854.5*664.56+(-2.99+-760.0)/265.75+-850.91*-217.35**2+(227.38-294.36*-905.7*868.65)
963.24-732.44-188.93-667.19809.35-822.58164.4626.97-360.39730.39-^1--/^1--^1-^2-^2+,730.39**1--360.39-626.97-164.4**1--822.58-809.35**1--667.19**2--188.93**2--732.44+963.24
753.77-689.15574.94232.31109.37132.94589.92-142.18-531.39-244.48551.67209.95-611.5645.3/*+^2-*-*--/*-+,45.3/-611.56*209.95**2+551.67--244.48*-531.39--142.18*589.92+132.94-109.37/232.31*574.94--689.15+753.77
-625.56329.3713.08-410.13-628.07-918.89-403.65-233.51*+-*1+*711.84916.1-261.1-**+--^1-489.05/*,-233.51*-403.65+-918.89**1--628.07*(-261.1-916.1*711.84)+-410.13*13.08+329.37--625.56**1-(-989.31*-489.05)
-296.5-186.41515.66-902.28+785.04324.37--795.75681.38/+^1+/+/++-501.5-555.74902.68288.82/**^2,(681.38/-795.75)-324.37**1+785.04--239.88/-902.28+515.66/-186.41+-296.5+(288.82/902.68*-555.74*-501.5**2)
174.57454.83+*684.19-95.26/-856.39-94.45-87.03560.53443.06-415.93-884.85716.82192.24674.67*-*-^2-/+--,454.83-(-95.26/684.19)+174.57-(674.67*192.24-716.82*-884.85**2--415.93-443.06/560.53+-87.03--94.45-856.39)
49.01101.39-690.53-*/--672.25+*650.13-413.8518.18506.84-582.81631.89-811.77907.41---^1/-/+^2,-690.53-101.39*49.01/(-672.25+126.54*(907.41--811.77-631.89**1--582.81/506.84-518.18/-413.8+650.13**2))
329.34534.07+/-769.56+-+-281.14117.71-70.28-45.76-598.5//942.84-29.08*-^2+*/730.46-16.93/^2,534.07+329.34/(383.74--769.56+(-598.5/(-29.08*942.84)/-45.76**2--70.28+117.71*-281.14/(-16.93/730.46**2)))
-431.16843.05^28.79-828.38-799.54185.99950.95--+^2-^1-^2*+959.95163.01579.86+^2/*,950.95-185.99--799.54**2+-828.38**1-28.79**2--329.49*(579.86**2+163.01/959.95)*843.05*-431.16
80.359.67543.61195.37-537.28++++^2--773.8+713.08-102.45-592.46-912.05-327.24-892.82316.06-+^*+^2+,-537.28+195.37+543.61+9.67**2+80.35-(-773.8+(316.06--892.82+-327.24/-912.05*-592.46**2+-102.45+713.08))
-219.87660.36756.57198.82-799.91-696.82-265.56-423.23.17+*553.36102.48-^1+*1-^2+^1-+/+,3.17+(102.48**1-553.36)*-423.2**1+-265.56**2--696.82**1+-799.91-198.82+756.57/660.36+-219.87
623.15-519.73179.06199.86-975.96-595.98-114.44125.72/-*-+-^2-619.26-233.55-645.02+^2--+-672.81-704.55-*,(125.72/-114.44--595.98*-975.96-199.86**2-(-645.02**2+-233.55--619.26)+179.06+(-704.55--672.81)--519.73*623.15)
-1.93-74.32-553.4-774.06-562.88-757.6274.02-113.33-190.3+-978.85-646.16651.09+*/-^1-^2--*++**,651.09+-646.16*-978.85/-651.61**1--190.3**2--113.33-74.02--757.62*-562.88+-774.06+-553.4*-74.32*-1.93
-523.7682.93-451.86-854.73/-495.36649.82-580.27-//**-853.38-501.2483.57+*494.94-301.91/+^2*+-^2,-580.27-649.82/-495.36*(483.57+-501.2*-853.38)*(-301.91/494.94)/804.61**2+-854.73*-451.86+682.93--523.7**2
542.79-451.3183.98/+^1-^2503.76--942.22-783.85-600.52147.1615.55975.59-779.09--^1*+^2-+,183.98/-451.3**1+542.79**2-(503.76-(-779.09-975.59**1-615.55*147.1**2+-600.52--783.85+-942.22))
20.54-247.22-914.12427.94126.53+/-447.89-218.89-949.0-^1/*/++^844.19-754.84-919.2--^1/^2,126.53/(-949.0**1--218.89/-447.89)+427.94*-914.12/-247.22+(-919.2--754.84**1-844.19/223.09)+20.54**2
-497.1854.62-373.6-420.8996.87-75.0--637.49-261.8-733.7538.83-930.6-^1*+-^2+/-+^2-+/,-930.6**1-538.83*-733.7+-261.8**2--637.49+162.3/-75.0-96.87**2+-420.89--373.6+54.62/-497.18
405.95136.16-502.29-+-^1593.2262.77-171.29++*-145.5814.51-250.66-146.77325.02-^2/+^1*^1,-502.29-136.16**1-(-171.29+262.77+593.2)+405.95*(325.02**2--146.77/-250.66**1+14.51*-145.58**1)
-622.58-68.65-216.47-366.99999.73-17.13932.52-763.29^-460.48217.34286.98**+//+^2*+++-^1^1,286.98*217.34*-460.48+699.87/-763.29/932.52**2+-17.13*999.73+-366.99+-216.47+-68.65**1--622.58**1
920.02290.66-283.62-994.9690.55543.7157.72+*^^2/+*/693.61-211.66509.73-380.23-347.88-^1+^2*/,57.72+543.71*90.55**2--994.96/-283.62+290.66*920.02/(-347.88**1--380.23**2+509.73*-211.66*693.61)
-18.07/948.13444.3-347.44930.09-800.25989.48/-^1+^1*-/+^1/218.91-126.46-949.0943.91+*+,989.48*-800.25**1-930.09**1+-347.44*444.3-948.13/608.55**1+(943.91+-949.0*-126.46+218.91)/-18.07
/293.99-590.89-66.44-394.2114.44+/*805.65409.23-29.57512.71892.5851.5333.27/-+-+++^1*/-/,14.44/(33.27/851.53-892.5+512.71--29.57+409.23+805.65**1+196.97)+-394.21*-66.44/-590.89-293.99/-896.34
516.01247.13-622.26-391.1333.16651.59910.82+885.42478.91-432.32973.85/++-/*+-*+-^1-^2-981.05,973.85/-432.32+478.91+885.42-297.88/910.82*651.59+333.16--391.1*-622.26+247.13**1-516.01**2-(-981.05)
173.77-405.69612.72-462.68830.77-837.89+^1*+^759.13+^2+-777.4858.17//-774.24-531.45-624.63-666.66*--,(173.77-(-837.89**1+830.77*-462.68**1+612.72**2+405.69+(58.17/-777.48/(-666.66*-624.63--531.45--774.24))))
-940.74-375.36249.77996.3697.47-849.18124.89-924.7-+**-815.67-207.96-925.51403.47/+*/+^1-^1*^2,-924.7-124.89+-849.18*(403.47/-925.51+-207.96*-815.67)*697.47/996.3**1+249.77**1--375.36*-940.74**2
554.5408.3546.2495.48-372.04-+/-+^-50.65307.06*2+-632.35-192.14-941.75-943.46941.79316.31*/+-^2+,-372.04-95.48+546.24/408.3+(307.06*-50.65)**2-554.5+(316.31*941.79/-943.46+-941.75**2--192.14+-632.35)
904.92-636.67-65.62-276.37928.45**/+-^1484.76-267.53536.89686.48--^2-93.27+271.01281.04-///*,928.45*-276.37*-65.62/-636.67+904.92**1-(686.48**2-(281.04-271.01/774.27/-93.27)-536.89/-267.53*484.76)
-905.56220.59385.0468.02173.54-663.61-118.34-425.79-621.78-656.22-964.41*+/-*-^2-^2-+^1+^1,-964.41*-656.22+-621.78/-425.79--118.34*-663.61**2-173.54**2-68.02-385.04**1+220.59**1+-905.56
902.81--620.57178.59-346.44-179.6-888.4266.66-535.6966.6*+^1-^1/---86.33900.8839.66**-+^1,902.81-(966.6*-535.6**1+66.66**1--888.42/-179.6-(839.66*900.8*-86.33)--346.44-178.59**1+-620.57)
139.09262.61131.7-139.47760.98-659.62-149.92-341.08--^1-+^2-^2+^2/*-98.23-651.17-23.12**,-341.08--149.92**1--659.62-760.98**2+-139.47**2-131.7**2+262.61/139.09*(-23.12*-651.17*-98.23)
-211.19-999.31-^1*-28.38-248.18-561.65-696.76570.74341.89351.46445.12+*-^2/-+528.48763.27-*-^2,-999.31**1--211.19*(445.12+351.46*341.89**2-570.74/-696.76+(763.27-528.48)--561.65*-248.18--28.38**2)
187.11-995.61-858.02-397.06-941.7894.04^232.2-551.8625.89++-791.48-279.97523.89730.63/-*+-/+^2//*-,625.89+(730.63/523.89--279.97*-791.48)+-551.8+232.2--656.05/94.04**2+-941.78/-397.06/-858.02*-995.61-187.11
286.79*-69.82368.37-869.68-918.42*-++*/620.37-333.27499.05134.6274.35-267.2450.18--743.06-173.75*+***-,286.79*(-7.88--918.42+-869.68+368.37*-69.82/(50.18-(-173.75*743.06)--267.24+74.35*134.62*499.05*-333.27-620.37))
/-437.23430.15359.79-83.09-854.42406.58528.24-703.93-105.86727.3*+*++//-+^2-95.04/^200.87140.24*590.67,(727.3*-105.86+-703.93*528.24+406.58+-854.42/-83.09/359.79-430.15**2+-437.23)/(-95.04/(140.24*200.87)**1)
-73.91-388.65*/43.76/709.56-10.18443.81865.47752.66*//+*-866.61165.689.73905.63+*+^2-^1886.96,-388.65/-73.91/(43.76/(752.66*865.47/443.81/-10.18+709.56*(905.63+9.73*165.68**2+-866.61**1-(886.96))))
-399.69+-669.4/-523.39-27.85384.31-+642.39294.18455.86-16.06620.2-579.64++-^1++-+^1/148.4*,-399.69+(-669.4/(384.31+(-579.64+620.2+-16.06**1-455.86+294.18+642.39)--27.85**1+(148.4*596.13)--523.39))
-385.58-63.95-18.41714.72-274.13-897.99/-/2--*-416.71-392.02-468.42458.61-136.07-90.42*--+^1+^2,-897.99/-274.13**2-714.72--18.41--63.95*-385.58-(-90.42*-136.07-458.61--468.42**1+-392.02**2+416.71)
-264.31-516.73-500.68/+-^2//837.59689.47-+^2-786.59181.74-532.31785.83262.28-28.73782.78--+/*+,-222.69+-500.68**2--516.73/-264.31/(689.47**2+(782.78--28.73-262.28+785.83/-532.31*181.74+-786.59)-837.59)
8.71-790.26-432.21-161.94-773.97589.06-853.26197.38-449.23884.64-^1*/**-*310.39775.46-+-710.32342.3*-**,884.64**1--449.23*197.38/-853.26*589.06*-773.97-(775.46+(342.3*-710.32)-310.39)*-161.94--432.21*-790.26*8.71
891.33-287.77284.06406.85-572.0745.2--776.94-922.25+^1++^2///-+2-+-252.9-389.93366.44*-,-922.25**1+-776.94+-801.99**2+45.2/-572.07/406.85/284.06**2--287.77-891.33+(366.44*-389.93--252.9)
-962.07-491.68551.98970.03-435.69409.3312.46708.62509.45-856.13130.55543.28*+*++^1+//*/989.55///+,543.28*130.55+-856.13*509.45+708.62**1+312.46+409.3/-435.69/970.03/(-10.51/989.55)*551.98/-491.68+-962.07
-760.36-384.08-282.85318.36299.14460.24650.57^284.78290.68/+/**+^2+**-^2580.56-653.62-243.65+*,290.68/284.78+-118.61/650.57*460.24*299.14**2+318.36+-282.85*-384.08--760.36**2-(-243.65+-653.62*580.56)
-117.33-259.83166.86-194.84+^2**-172.29++-338.45-883.04-894.53848.72309.2837.47137.8++++^2-/*,-194.84**2+166.86*-259.83*-117.33-(172.29+(137.8+837.47+309.2+848.72**2+-894.53--883.04/-338.45*-494.93))
851.23350.88++759.06+-^1^-583.13-107.6-1857.63-258.17-891.51+---35.07-812.93774.53-^2+^2,350.88+851.23+(759.06**1+(-107.6--583.13)**1+(-891.51+-258.17-857.63-(774.53**2--812.93**2--35.07)))
989.19737.24250.080.83433.62589.72699.33667.04579.16-558.64+*+*-^2+^2--+--415.8-500.08378.15//,-558.64+579.16*667.04+699.33*589.72**2-433.62**2+80.83-250.0-737.24+989.19-(378.15/-500.08/-415.8)
466.43-673.4-445.59-774.2657.31-302.7744.96^501.81-528.74/-*+^1/-^2+^1/+^2^1,-528.74/501.81--912.89*744.96**1+-302.7/657.31**2--774.2**1+-445.59/-673.4**2+466.43**1
-784.58*-807.12+^1+^2+^2-863.83746.9-939.24-173.27-23.53642.08+/-+/168.95-954.51-634.5/++,-807.12**1+914.54**2+-784.58**2+(642.08+-23.53/-173.27--939.24/(-634.5/-954.51+168.95)+746.9+-863.83)
-323.15829.8-674.15498.93-378.17-*--/833.96-990.21728.51-982.57-127.38-155.33+++/+/583.16273.562.35--^1,-378.17-498.93*-674.15-829.8--323.15/(-155.33+-127.38+-982.57+728.51/-990.21/(62.35-273.5**1-583.16)-833.96)
400.73-857.19678.79428.23^-106.53431.21-636.13824.21-301.27-986.27946.71-++-^1-*/+*-+^1+-514.93,946.71--986.27+-301.27+824.21**1--636.13-431.21*-106.53/783.99+428.23*678.79--857.19**1+400.73+(-514.93)
937.21714.21251.47906.17904.33*///-112.75-983.45*-^1--473.116.16-850.11-442.47-^2-^--497.95416.06-,904.33*906.17/251.47/(-983.45*-112.75)/714.21**1-937.21-(-442.47**2--850.11-16.16*-473.1-(416.06--497.95))
-472.93-90.92++^2-644.08-366.38597.93-844.23-101.15-718.06*-/^1+^2+^1-^1421.32597.97/,-90.92+-472.93**2+(-718.06*-101.15--844.23**1-597.93**2+-366.38**1+-644.08**1-(597.97/421.32))
-812.74/-496.56-119.38-589.45-839.59-36.56+**++^1-726.34+^1214.45945.7827.56201.43-^2+^1+,-812.74/(-36.56+-839.59*-589.45*-119.38+-496.56**1+(-726.34**1+(201.43**2-827.56**1+945.7+214.45)))
-518.42476.24-823.79-142.61937.58-312.62639.26418.1353.74879.46/*+-+^2^-625.19-862.8*1+*/^2+-,879.46/53.74*418.13+639.26**2+(-862.8*-625.19)**1--312.62+937.58*-142.61**2+-823.79+476.24--518.42
-678.66453.94353.89-999.26303.1731.45485.9-661.68-37.99+*+-^2-++^2^^-393.91+^12+-,-37.99+-661.68*485.9+31.45**2-303.17--999.26**2+(-393.91**1+-248.92)**2+353.89+453.94--678.66
-262.63708.62-444.16954.78-261.32958.3-171.2140.64-147.04756.71638.29276.05*/-+-^1-**/*+--690.64^1,276.05*638.29/756.71--147.04+140.64**1--171.2-958.3*-261.32*954.78/-444.16*708.62+-262.63-(-690.64**1)
-880.38807.0442.58820.0443.77-53.08-575.2-753.27*-^2/-+++*-624.66798.32801.17643.51652.26-^1-**,(-753.27*-575.2**2--53.08/43.77-820.04+442.58+807.0+(652.26**1-643.51-801.17*798.32*-624.66)*-880.38)
-149.34-939.27725.05188.78360.67645.06-784.88-/+***--547.03-529.0779.19-+^2*-104.2755.01++*-465.06+,-784.88-645.06/360.67+188.78*725.05*-939.27*-149.34-(79.19--529.07**2+-547.03*(755.01+-104.2+(-465.06+247.14)))
-113.55985.53-856.712.99-580.06-927.12786.76/+-^2-^1+--^2395.39487.11^+^2*^2,786.76/-927.12+-580.06**2-2.99**1--856.71+985.53--113.55**2-(632.34**2+487.11*395.39**2)
-572.27341.25854.2487.12+/--+86.7*--579.21*827.48-400.9-51.55341.87567.4+^2+^1+*^1,87.12+854.24/341.25--572.27-(86.7*-390.72-(-579.21*(567.4**2+341.87**1+-51.55+-400.9*827.48**1)))
-795.65790.9/+-22.49234.88151.52120.45886.92--*+47.76-11.61+^2+-86.5992.94934.25929.85+^1//,790.9/-795.65-(886.92-120.45-151.52*234.88+22.49)+(-11.61**2+47.76+(929.85**1+934.25/992.94/-86.5))
-664.82-255.93+/989.25-285.18-315.25-699.08607.41971.52-654.44*212.79-364.93-799.1+---*-+++^2+^1,-255.93+-664.82/(-799.1+-364.93-212.79-536.11--654.44*971.52-607.41+-699.08+-315.25**2+-285.18**1+989.25)
793.83766.69707.92-385.6-715.17846.91-809.92-323.4610.82129.41-840.19649.05676.99763.2/*-*++^-199.57-/-*/-/,(763.2/676.99*649.05--840.19*129.41+10.82**1+-323.46--809.92/846.91--715.17*-385.6/707.92-766.69/793.83)
747.67^840.64987.4-16.66-726.88860.74-310.14735.33-371.62-463.54-852.57***++**-^1+^2/+^1,-852.57*-463.54*-371.62*735.33+-310.14+860.74*-726.88*-16.66**1-987.4**2+840.64/-696.87**1+747.67
768.55947.42-683.03-*-170.99-709.3331.25837.83-18.83-421.09-++/--312.42188.91274.18-+/-793.73664.05+^1,-683.03-947.42*768.55-(-421.09--18.83+837.83+31.25/-709.33-(274.18-188.91+312.42)-(664.05**1+-793.73)/170.99)
-889.39-538.6328.05168.53+-523.57265.81995.42-372.82/+^1//-/*+/^239.02369.9-713.54*-1+-695.28,-372.82/995.42**1+265.81/-523.57/-196.42-168.53/328.05*-538.6/(-713.54*369.9-239.02)**1+-889.39+(-695.28)
-714.46521.49162.62-*/-23.21/-542.25108.54392.77691.99-217.65+/++-447.53-745.04-804.4-926.98-946.21/*-^2+,162.62-521.49*-714.46/(-23.21/(-217.65+691.99/392.77+108.54+-542.25-(-946.21/-926.98*-804.4**2--745.04+447.53)))
168.05434.45-739.19-969.1-342.05-222.61407.41-944.45619.42-930.3-492.83877.65-100.49343.45*+^2***/*-+*+-*,343.45*-100.49**2+877.65*-492.83*-930.3*619.42/-944.45*407.41--222.61+-342.05*-969.1+-739.19-434.45*168.05
849.91735.6177.89-170.78+-^2+-^1-371.9254.54362.84^/+-559.4171.95-743.48826.57281.05844.48+*-/+,(-170.78+77.89**2-735.61+849.91**1-(362.84-254.54/-371.9+(844.48+281.05*826.57--743.48/71.95+-559.41)))
-483.71445.19--^-899.36-820.4134.01**1932.54-433.88175.47+^1++^1/603.34-^1-434.58-408.02+,(134.01*-820.4*-899.36)**1-(175.47**1+-433.88+932.54)-445.19**1+-483.71/(603.34**1-(-408.02+-434.58))
706.19/520.56-*1615.91-333.72581.32*-^559.8580.21---572.4535.95-^1/-338.12620.01*+^2-566.44,706.19/(520.56**1-(581.32*-333.72-(580.21-559.8)/615.91-(35.95**1-(620.01*-338.12)/-572.45**2+(-566.44))))
74.04437.88706.16131.69-574.85-627.58++^2+/-/-420.56658.35++1/-635.57279.37+--985.0416.86-617.11*/,-627.58+-574.85**2+131.69+706.16/437.88/(658.35**1+-420.56)+74.04/(279.37+-635.57-(-617.11*16.86/-985.04))
118.62-404.02-267.61870.9-411.09994.53-321.56328.18-966.98//++/+^1++1-+^1-776.25878.29+^1,-966.98/328.18/-321.56+994.53+-411.09/870.9**1+-267.61**1+-404.02-118.62**1+(878.29+-776.25**1)
88.9809.93-486.7325.94-652.26584.8497.24437.13-938.55-780.55-166.39++^-62.07+*+-^1***+/183.46^1,-166.39+-780.55**2+-938.55+437.13*97.24+584.84**1--652.26*325.94*-486.7*809.93+88.9/(183.46**1)
181.1362.42116.19-64.44^496.33-584.97773.89639.4304.43*/39.92893.32/**+^1-+^-584.54-*+^1,304.43/(893.32/39.92)*639.4*773.89*-584.97**1+496.33-432.06**1+-64.44-116.19*62.42**1+181.13
860.96625.47411.52960.89698.91-145.19645.31481.23661.29882.92924.32-80.07-*-+-+**/*-*-742.25603.04362.91//,-80.07-924.32*882.92-661.29+481.23-645.31+-145.19*698.91*960.89/411.52*625.47-860.96*(362.91/603.04/-742.25)
-406.74484.17232.41482.68^-754.74**+^1*//-543.793.52-261.61951.96135.34*-/^77.0805.98-^1*,-754.74*-880.18*482.68**1+232.41*484.17/-406.74/(135.34*951.96--261.61*(805.98**1-77.0)/3.52*-543.79)
-117.05497.57668.32-945.56559.26734.22901.08-591.39-646.72-796.56-407.81-514.35+^1++^2*/--*--**,-514.35**1+-407.81+-796.56**2+-646.72*-591.39/901.08-734.22-559.26*945.56-127.79/668.32*497.57*-117.05
53.58-682.94-597.77649.6*--^2-^1-186.48/446.06-950.66608.96351.9-*+207.1519.21535.28--^1,649.6*-597.77--682.94**2-53.58**1-(-186.48/(446.06-(351.9-608.96*950.66+(535.28-19.21**1-207.15))))
-434.85/583.04-406.675.0-873.89-400.27527.34-338.630.56-/-475.46114.85-948.88331.42573.9+//*+-///*+-,30.56/(573.9+331.42/-948.88/114.85*-475.46)--338.6+527.34--400.27/-873.89/75.0/-406.6*583.04+870.43--434.85
-366.43878.68417.73863.91369.16-974.14-/*++*-861.72508.96+*-312.33-991.28252.79927.16608.62++-/-^2,-974.14-369.16/863.91*417.73+878.68+-366.43*(508.96+-861.72*(608.62+927.16+252.79--991.28/312.33-585.06**2))
280.35751.31-262.56789.01-157.1595.79192.98-774.61-491.91705.34***-+^-461.95945.04-^22*-^206.82*+/,705.34*-491.91*-774.61*192.98+(945.04**2--461.95)**2-595.79*-157.1**2-789.01*-262.56+751.31/280.35
-853.43-449.87-405.92-476.81467.75-196.92-821.88-642.3114.9-396.84-^1/*-^2/-938.48^+^1/++//,-396.84**1-14.9/-642.31*-821.88**2-(-111.01**1+-938.48)/-196.92/467.75+-476.81+-405.92/-449.87/-853.43
331.23892.8933.91310.53271.16619.54151.18-808.32192.67-676.7500.4157.01151.53-+++/*/++^2-^1+-,151.53-157.01+500.4+-676.7+192.67/-808.32*151.18/619.54+271.16**2+310.53**1-33.91+892.89-331.23
788.35-276.73-82.28-144.45+-221.32-132.18-947.75-///*/-941.81741.79-373.96230.91-394.0304.9-590.27**/+/-^2,(-947.75--132.18/-221.32)+-144.45/-82.28/-276.73*788.35/(-590.27*304.9*-394.0/230.91+-373.96/741.79--941.81**2)
546.9-200.32-621.39-+^-669.44785.53-763.28962.49-643.43/-+/2**8.19-149.35396.51468.31790.87/+//^1,-621.39+(-643.43/962.49--763.28+785.53/-669.44)**2--200.32*546.9*(790.87/468.31+396.51/-149.35/8.19**1)
728.07*-197.37-706.75-469.96-898.61-662.88328.85-876.12605.21-661.13-332.09*+-+++^1++--^2-^2,-332.09*-661.13/605.21--876.12+328.85+-662.88**1+-898.61+-469.96+-706.75--197.37**2-970.37-728.07**2
-453.81-690.64751.4465.68+^+-279.35386.2696.14899.26-563.8492.26-900.05-412.6976.79/*//-+-+^2*^1,65.68+751.44+(976.79/-412.6*-900.05/92.26/-563.84-899.26+96.14-386.26**2+-279.35)--690.64*-453.81**1
-807.09591.84934.64742.32-731.38-902.04481.9-445.6183.41-883.05-722.81-^1+//--663.53-569.84++--/+*-879.88,-722.81**1--883.05+183.41/-445.6/481.9-(-569.84+663.53)--902.04+-731.38-742.32-934.64/591.84+-807.09*(-879.88)
523.04182.01-425.98-458.15943.7641.07476.97+/722.71-13.39+-/-227.17227.27-383.88-114.47*-^^2**-+^-426.58,476.97+(-13.39+722.71)/641.07-(-114.47*-383.88-227.27**2--227.17)/943.7*-458.15*-425.98-182.01**2+523.04
286.91-667.07-162.26-290.82102.89-/-+*^647.6798.0861.74-560.95-+*1/628.92-236.02344.1-^1/1*,102.89--290.82/-162.26*(-560.95-61.74+98.08*647.67)**1+(344.1**1--236.02/628.92)**1--667.07*286.91
640.52-214.35-644.63300.0777.14-686.25-110.49668.61-214.9-212.71-124.16/244.91-115.54805.49--*/--/+/-/+^2,(805.49--115.54-244.91)*-124.16*-212.71+-214.9-668.61--110.49/-686.25+77.14/300.07--644.63/-214.35**2+640.52
-329.39-*795.06646.14-349.18-998.7-403.14-*-*544.11-859.76241.32-596.83*-+/-270.57-+*675.49-987.41-/2,(-329.39-(-403.14--998.7*-349.18-646.14*795.06)*(-596.83*241.32--859.76+544.11/(-199.05+-270.57*(-987.41**2-675.49))))
860.1-119.92416.72945.43-122.87801.4864.36822.35-458.46-722.0789.3*/+++^1+--/*+^1-967.090.46-,789.3*-722.0/-458.46+822.35+64.36**1+801.48+-122.87-945.43-416.72/-119.92*860.1**1+(0.46--967.09)
-401.69-420.7+-^1-498.61-499.47-229.18807.58-830.18*-**-823.09-219.83-552.23/+^517.78490.89/2/+^1,-420.7**1-(-830.18*807.58*(-552.23/-219.83+-823.09)-(490.89/517.78)**2--229.18/-499.47+-498.61)+-401.69**1
689.56-114.78//-640.53*-666.58-117.07792.07-598.51315.26-724.31907.06303.2-358.87478.39-231.48***-+-*/-^1+,(-114.78/689.56/(-640.53*(-231.48*478.39*-358.87*303.2-907.06+-724.31-315.26*-598.51/792.07**1--117.07+-666.58)))
-280.49492.05604.13183.59309.18/**-+^1102.32--149.17422.46138.64+/-499.42-543.9139.77++/+750.86-966.96-,309.18/183.59*604.13*492.05--280.49**1+(102.32-(138.64+(39.77+-543.91+-499.42)/422.46/-149.17+(-966.96-750.86)))
-216.09-436.93-564.15-826.0793.19-382.79606.88304.08579.94+^1/+++-^2-^2/+^2-112.68819.17*,579.94**1+304.08/606.88+-382.79+93.19+-826.07**2--564.15**2--436.93/-216.09**2+(819.17*-112.68)
-170.12448.37-616.43-548.84-203.23214.84268.95-344.08-268.27+^1*++*-464.81-421.4742.76-635.3**/+^2+++,-268.27**1+-344.08*268.95+214.84+(-635.3*42.76*-421.47/-464.81)*-203.23**2+-548.84+-616.43+448.37+-170.12
461.33-588.42-/^-548.22-187.97-835.77+/*115.77767.37286.41969.37*+-+^1+^1*-^2660.87,-588.42-(786.71*(969.37*286.41+767.37-115.77)/-835.77**1+-187.97**1+-548.22*551.04)/461.33**2-(660.87)
244.59-422.01872.46146.55-394.72-263.96-^1-+/+^2*-860.41883.55-^2-318.49709.03258.39+-^2,-263.96**1--394.72-146.55+872.46/-422.01**2+(883.55**2--860.41)*244.59-(258.39+709.03-318.49**2)
734.31370.24-495.9-802.16-606.95814.19-85.65-438.26-308.4199.76715.96+^^2+*/-^1+^2+^1**,715.96+199.76**2+-308.4+-438.26*-85.65/814.19**1--606.95**2+-802.16**1+-495.9*370.24*734.31
-693.47437.54480.93-17.6372.47--/+/921.8-+^2-519.28600.1995.77+^2-+-131.03-^2^1,72.47--17.63-480.93/437.54+-693.47/(921.8**2+(995.77**2+600.1--519.28)-(-131.03**2-606.38**1))
-138.556.06-328.63/-//113.51-213.67699.56-149.2-568.9*/+^1/*513.3296.24++^2/563.5-252.98*,-328.63/6.06-(-568.9*-149.2/699.56**1+-213.67*(96.24+513.32)/113.51**2+-288.61)/-138.55/(-252.98*563.5)
755.28-/^797.72-142.55497.07-691.89417.84322.19+/*836.32-735.7++/+^21-65.153.64744.22326.75+//,755.28/(322.19+417.84*(-735.7+836.32)/-691.89+497.07/-142.55**2+797.72)**1-(326.75+744.22/53.64/-65.1)
-505.93711.58-956.79-206.32*-151.99281.72-768.31-668.8464.96-296.3478.34+-^2-^1++/*-**+^1,478.34+-296.3**2-464.96**1--668.8+-768.31+281.72/-151.99*672.79--206.32*-956.79*711.58**1+-505.93
-544.16654.22-589.39921.06714.25-798.62781.26-834.04210.51-830.96-*201.16151.12*967.15-819.03554.41--*-+*---**,(151.12*201.16)*(554.41--819.03-967.15)--830.96*210.51--834.04+781.26*-798.62-714.25-921.06--589.39*654.22*-544.16
414.83186.07-889.03394.16-163.97/*--^2*+416.02-753.68179.91-947.48-^1+*/917.72--327.02*-132.48,163.97/-275.44*394.16--889.03**2-186.07*414.83+(-947.48**1-179.91+-753.68*416.02/(917.72*(-327.02*(-132.48))))
-786.85-712.15-*-548.88122.51--866.55-109.27-776.03/*-/-/-881.67--109.33-124.95-*-109.5-790.15-/715.45-335.28-,(-712.15--786.85*(-776.03/-109.27*-866.55--376.61/122.51--548.88/(-881.67-(-124.95--109.33*(-790.15/(-335.28-715.45)--109.5)))))
931.05-999.84280.75-58.5471.97-963.58-844.95998.27774.43*+-*+*+*+197.89570.23-817.17544.1++^2+^2,774.43*998.27+-844.95--963.58*471.97+-58.5*280.75+-999.84*931.05+(544.1+-817.17**2+570.23**2+197.89)
40.29125.4718.06-606.63*-+652.47511.15*++/-424.43-49.92-893.58234.74581.37-864.41+^2-^2+//*,-606.63*18.06+(511.15*652.47)-125.47+40.29+(-864.41**2+581.37**2-234.74*-893.58/-49.92/-424.43*-796.55)
-81.47+-592.4831.86322.89700.94//+^1+440.36-666.41382.56/+/148.69983.43-864.8157.69-217.1/+^1/-,(700.94/322.89/31.86**1+-592.48)+-81.47+(382.56/-666.41+440.36/(-217.1/57.69**1+-864.81/983.43-148.69))
-186.83151.65^174.07-460.73678.48400.53++^2^140.4511.6360.48622.0/*+1*-^2**-^2,400.53**2+(622.0/60.48*11.63+140.45)**1+678.48*-460.73**2-174.07*537.6+151.65**2--186.83
-668.03-737.95-163.45655.81466.06-106.95++^1943.6681.83**+**/-414.5-107.19/784.25+/-/-679.89-511.77/,(-106.95**1+(681.83*943.6)+466.06*655.81+-163.45*-737.95*-668.03/(784.25+527.71/-107.19--414.5/(-511.77/-679.89)))
765.7511.95713.12783.07-802.41-143.63945.2-625.15+^1*/+^1+^2+*-752.24+-^1^1,-625.15**1+945.2*-143.63/-802.41**1+783.07**2+713.12*(752.24+-827.7)+11.95**1-765.75**1
^-570.48-473.38-158.19-804.6124.4-*450.99-316.0--971.14560.92-422.6/-^2/+//+^2+^1-,124.4-(-422.6/560.92**2--971.14/-257.98+-316.0/450.99)*-804.6/-158.19**2+-473.38**1+-570.48--733.36
443.5-177.76899.05827.97210.06-340.12942.3-362.88797.13-709.15/-490.37-67.23/+/*+^1-+^1-/**+,-67.23/-490.37+-402.89/-709.15*797.13**1+-362.88-942.3**1+-340.12-210.06/827.97*899.05*-177.76+443.5
954.82728.32431.03450.72-896.93605.5294.94810.24-975.56-513.2108.65+-^1**+-^2/+**+254.3982.78*,108.65+-513.2**1--975.56*810.24*94.94+605.52**2--896.93/450.72+431.03*728.32*954.82+(82.78*254.39)
930.59966.12-99.47+**-841.78+-160.55-87.84218.62-925.58951.61835.49-102.38--789.74792.26-^1-+*-+***,-99.47+966.12*930.59*(-841.78+(792.26**1--789.74-628.69+-102.38*835.49-951.61+-925.58*218.62*-87.84*-160.55))
418.94-722.21-31.18-795.46-904.21-96.6767.7618.8-939.51277.77440.1791.19143.43//***-+-/+*+^515.17^2,143.43/791.19/440.1*277.77*-939.51*18.8-767.76+-96.6--904.21/-795.46+-31.18*-722.21**2+418.94**2
189.83*442.63+-161.92-448.6380.89+-^1+680.5-958.3-607.37-430.49-/2++^1/-75.21-874.05-874.16++,189.83*(442.63+(380.89+-448.6**1--161.92+(-430.49**2--607.37+-958.3**1+680.5/(-874.16+-874.05+-75.21))))
-675.39120.42643.53216.0369.0757.29-88.17420.34554.13854.83+^1/-^2***-^1--+^1-998.43,854.83**1+554.13/420.34**2--88.17*57.29*369.07*216.0**1-643.53-120.42--675.39**1+(-998.43)
-110.57--114.9525.72225.09+/*-287.84545.9526.08432.42+*//-328.32221.44++-981.69+941.18+*+^1927.87,(-110.57-(225.09+25.72*(432.42+26.08*545.95/-287.84)/-114.95/(221.44+-328.32+(-981.69+(-826.56*941.18**1+(927.87))))))
-16.98913.65668.57316.74670.24467.47132.39639.91916.36-11.05503.8211.2-^1+++*++^1-*+-^1,11.2**1-503.82+-11.05+916.36*639.91*132.39+467.47**1+670.24-316.74*668.57+913.65**1--16.98
-167.36/749.56627.25522.14717.58++*++/550.61-414.85205.35446.47-512.12-821.6456.15-+*+^1/+^2,717.58+522.14+627.25*749.56+-804.38+-167.36/(56.15--821.64+-512.12*446.47**1+205.35/-414.85**2+550.61)
-325.8844.76*-+701.22-476.3230.31-839.23-143.21+--+-*344.84-582.13-823.52-213.96-216.29-989.79-136.46*++**-,804.11+(-143.21+-839.23-230.31--476.3+701.22)-44.76--325.88*(-136.46*-989.79+-216.29+-213.96*-823.52--582.13-344.84)
667.98-581.82-673.99-652.75+/*/-29.45-428.34-678.52-25.83/*+^1-*-896.9635.96955.35-132.99*-^2-,-652.75+-673.99/-581.82*667.98/(-25.83/-678.52*-428.34**1+29.45-(-132.99*955.35**2-635.96--896.9)*842.3)
-31.02*91.98559.066.42264.59/***-127.74+659.67-968.45-676.64405.22-396.15*+//^-31.2963.54//-529.02-101.04-,(-31.02*(264.59/6.42*559.06*91.98*(-127.74+(-396.15*405.22+-676.64/-968.45/659.67*(63.54/-31.29/(-101.04--529.02))))))
-150.85321.76815.56-166.28-409.66-103.97-782.03**-///-+^1-72.72374.21+^2-93.02108.69-894.85+/,-782.03*103.97*-271.27--409.66/-166.28/815.56/321.76--150.85**1+(374.21**2+-72.72-(-894.85+108.69/93.02))
-25.41-194.72970.22-292.29-20.88619.18532.7676.26-+-*932.03-268.64-842.78-21.71-^1^^**/*--59.97^1,76.26-532.76+619.18*(-21.71**1--842.78+-268.64-932.03)--20.88*-292.29*970.22/-194.72*-25.41-(-59.97**1)
133.34512.11612.06-332.73536.36-819.15838.44265.76772.21711.97-832.23/-+*267.74954.85-**-/+/+^2^2,-832.23/711.97*772.21+(954.85-267.74)*265.76*838.44*-819.15-536.36/-332.73+612.06/512.11**2+133.34**2
-773.07134.1-135.01-373.32-447.16-668.81-*84.5-258.1115.78865.84-253.71861.69-224.44-**---+^1-^2/-,-668.81-(-224.44-861.69*-253.71*865.84-115.78--258.1-84.5)*-447.16**1+-373.32**2--135.01/134.1--773.07
310.65768.93240.81-910.16-786.79-657.68-503.65-411.3^200.11*++^2/+-^1729.5753.17+*-*+^1,200.11*208.3+-411.3**2+-503.65/-657.68**1-(753.17+729.5)+-786.79*-910.16-240.81*768.93**1+310.65
407.18-704.99294.22-^2-+-559.22459.7718.33742.99+^1*653.44821.45-612.07++1+^2+^2+,294.22**2--704.99+(742.99**1+(-612.07**1+821.45**2+653.44)*718.33**2+459.7+-559.22)-407.18
-487.07-649.63-472.07338.27617.43^+**-204.08-41.95328.55498.51-480.23-386.29+-^1/-^/420.72432.03-85.32++,617.43-338.27+-472.07*-649.63*-487.07-(-386.29+-480.23**1-498.51/328.55--41.95/(-85.32+432.03+420.72)+204.08)
125.97463.07+^1-^1^764.39912.7-829.68-624.28897.92-505.6736.7-502.3266.46*-/*//+^2+1,463.07**1+125.97**1-(66.46*-502.32-736.7/-505.6*897.92/-624.28/-829.68**2+912.7*764.39)**1
-343.35-958.46877.2785.58724.44660.54928.66583.99+-^2-^2*/+**-472.73572.65-695.97996.4/+^1/,583.99+928.66**2-660.54**2-724.44*785.58/877.2+-958.46*(996.4/-695.97**1+572.65/-472.73)*-343.35
-610.69-677.95-366.68-972.44837.04303.47444.94684.24-647.39-307.93-235.25/+^1--^2/-^2/**+^2,-235.25/-307.93**1+-647.39-684.24**2-444.94-303.47**2-837.04/-972.44*-366.68*-677.95**2+-610.69
-766.72285.49824.15-557.41-8.0-986.15944.16604.56-354.28++^1-*808.53100.73+^55.26/+^2+*^1-,-354.28+604.56**1+944.16*(100.73**1+808.53)--986.15/-8.0**2+-557.41+824.15**1+285.49--766.72
-52.14990.99582.25404.08204.75-202.81-199.78-419.33858.33-951.98//*++//+//-269.34752.3-847.84-345.35+/+^1,-951.98/858.33/-419.33*-199.78+-202.81+204.75/404.08/582.25+990.99/-52.14/(-345.35+-847.84/752.3**1+-269.34)
-109.74-683.67-927.56-110.3297.3604.57-312.22-780.94-72.15-332.03984.78360.87210.46/-+*-^2+*++^2-+-,210.46/360.87-984.78+-332.03*-72.15**2--780.94+-312.22*604.57+97.3**2+-110.32--927.56+-683.67--109.74
480.82-651.11-681.98/*--492.27574.77-970.83*++159.49-645.04/*/-261.37-474.08-57.2-468.98-660.51761.25*+*+^*,-681.98/-651.11*480.82-(-970.83*574.77+-492.27+(-645.04/159.49*(761.25*-660.51+-468.98*-57.2+-474.08/-261.37*-233.88)))
-23.35-500.74-413.53-150.6-792.45+/-^1+^1+^1-719.1652.99-321.44-823.87161.99+^2*+^2+,-792.45+-150.6/-413.53**1--500.74**1+-23.35**1+(161.99**2+-823.87*-321.44**2+52.99+-719.16)
592.69884.1-^1*72.84+-421.8-751.27+^597.69872.4180.77-8.63801.53-720.42+/-^2+^1*-396.37,884.1**1-592.69*(72.84+(-421.8-(751.27**1+(-720.42+801.53/-8.63**2-180.77**1+872.4*(-396.37)))))
-96.05996.65271.32113.1948.47-108.15-61.46-577.08-145.07390.85-186.42349.46315.44----^2/*-^--/+^1,315.44-349.46--186.42-390.85**2--145.07/-577.08*-61.46--108.15+948.47-113.1-271.32/996.65**1+-96.05
-815.82-572.69-131.0-863.32-50.64470.12-449.7*-318.65219.55-^1//-^2+^1/-^1**^1,219.55**1--318.65--877.1/-449.7**2-470.12**1+-50.64/-863.32**1--131.0*-572.69*-815.82**1
^-451.87-471.17-307.13601.52-590.67-^1**^1-^2---607.66-764.53606.47714.54-367.35//+-^2,-590.67**1-601.52*-307.13**1+-471.17**2--451.87-884.43-(-367.35/714.54/606.47+-764.53--607.66**2)
190.64-506.99-130.02/-917.24930.81-893.4-742.41/*+-/-532.64853.3--+^2+-^2/-351.13^1,-742.41/-893.4*930.81+917.24/(853.3--532.64)--969.87-547.51**2+-130.02+-506.99**2-190.64/(-351.13**1)
-575.02-405.15-386.17911.94376.29631.01292.62654.61917.57670.95381.27+*-^1++*+^1*+++-177.87665.11-,381.27+670.95*917.57**1-654.61+292.62+631.01*376.29**1+911.94*-386.17+-405.15+-575.02+(665.11--177.87)
*-20.1-597.53/+--256.92298.5-808.94-461.79685.45+/-*1---4.51-532.13294.96-923.04-359.43+^2+++,-597.53/-20.1+-248.72-(685.45+-461.79/-808.94**1-298.5--256.92-(-359.43**2+-923.04+294.96+-532.13+-4.51))
-701.45/-138.47261.36+/641.18842.86-816.83-^1-+-393.1520.93929.2823.4-775.64++^2//*-73.82316.22*,-701.45-(261.36+-138.47/(-816.83**1-842.86-641.18+(-775.64+823.4**2+929.2/520.93/-393.1*(316.22*-73.82))))
-360.69*-12.88289.0999.68-150.22-250.38^-425.73207.04-859.97/-*-^1*-^2*--^1-^1,-859.97/207.04--425.73*-58.27**1--250.38*-150.22**2-99.68*289.09--12.88**1-597.81**1--360.69
-70.5722.96-879.76-642.11-509.07115.88377.11828.22539.94-174.37-451.95421.62-303.73/-///*-*-^1/+*--176.46,-303.73/421.62--451.95/-174.37/539.94/828.22*377.11-115.88*-509.07**1--642.11/-879.76+722.96*-70.5-(-176.46)
-217.66453.55228.17-9.28-474.72561.95-235.2-927.4360.77--/*--^1-51.04148.76-/523.04294.17--^2**,60.77--927.43--235.2/561.95*-474.72**1-(148.76-(294.17-523.04)/-51.04)--9.28**2-228.17*453.55*-217.66
-445.78980.06387.63+++^1-387.6-745.52-861.43-956.08-942.65222.04-741.63661.17-574.47***+/-^2/+^2,(387.63+980.06+-445.78**1+(-574.47*661.17*-741.63*222.04+-942.65/-956.08**2--861.43/-745.52**2+-387.6))
642.48-655.42638.59-672.3-868.28525.97-26.06//-913.02-33.49-217.3-125.73^/+^1*-+^2*-781.13-547.51--*,-26.06/(-125.73+-217.3/-33.49**1+-913.02)/525.97*-868.28--672.3**2+(-547.51--781.13)*638.59--655.42*642.48
291.11-671.97+/-264.32-748.12+-509.74*+^1+/157.07638.13-446.91810.05-^/+58.53-440.01158.37-943.53+-+,-671.97+291.11/(-509.74*-940.12**1+-748.12+-264.32/(810.05--446.91*638.13/157.07+(-943.53+158.37--440.01+58.53)))
198.47-196.48891.47-204.34-886.41401.64-142.9653.02695.75-105.66-125.96++^2/--^1*-*+-+/1390.57,-125.96+-105.66**2+695.75/653.02--142.9**1-401.64*-886.41--204.34*891.47+-196.48-198.47**1+(390.57)
-120.23-820.19901.3+-^2--659.27515.35-870.54-464.1-^1+^2*/396.06-568.04201.46111.74/-/*-102.54,901.3+-820.19**2--120.23-(-464.1**1--870.54**2+515.35*-659.27/(111.74/201.46--568.04/396.06*(-102.54)))
-799.0670.96+988.28-946.76+^2++-^2/899.42820.49-562.09-537.15-954.5/**-/313.48485.92*--388.8,-946.76**2+988.28+-187.05+70.96**2--799.06/(-954.5/-537.15*-562.09*820.49-(485.92*313.48)/899.42-(-388.8))
425.07-6.14-845.99150.84+++-699.64792.53-707.52-74.31+-/-+^2+485.56-290.1*/710.54*-559.3373.55*,150.84+-845.99+-6.14+425.07-(-896.12--74.31/-707.52-792.53**2+699.64+(-290.1*485.56/(710.54*(373.55*-559.3))))
-859.13-26.21-293.67339.49-168.72-361.08-216.97723.39639.59485.11-605.05++^2**++-^2+^2^+^2,-605.05+485.11**2+639.59*723.39*-216.97+-361.08+-168.72**2-339.49**2+-293.67+-26.21**2+-859.13
163.92206.46765.07-120.84-*--849.25-813.11433.2874.08-213.8-878.11-104.71-987.18813.81*//**-^-4.66/+^2,-120.84-765.07*206.46-163.92-(813.81*-987.18/-104.71/-878.11*-213.8*74.08**2-433.28/-813.11**2+849.25)
-842.53-362.89-589.9437.56-952.86-87.771.67530.72-917.41-++/+^2/+*^-972.84-956.55-850.45+-^21-,-917.41-530.72+71.67+-87.7/-952.86**2+437.56/-589.9*(-850.45+-956.55**2--972.84)**1+-362.89+-842.53
*-805.2849.71461.19-908.1947.6197.51160.52788.76596.81-958.94-232.99-335.19-657.71/-^1-/-+-+/**-/,-657.71/-335.19**1--232.99--958.94/596.81-788.76+160.52-97.51+47.61/-908.19*461.19*849.71--805.2/-351.82
328.32130.66-143.11307.09887.36-^1*-^112.94/-^1456.96--181.21-474.06-+^146.74-27.54+^21,887.36**1-307.09*-143.11**2-130.66/328.32**1-(456.96-(-474.06+(-27.54**2+146.74)**1--181.21))
-306.26-296.79967.56-878.16-376.38659.22614.82-163.13914.11+-671.88-232.98618.57-207.6/+/--+^1**-+--/,-207.6/618.57+-232.98/-671.88-981.53-914.11**1+-163.13*614.82*659.22--376.38+-878.16-967.56--296.79/-306.26
324.7/-912.36/+*117.110.58996.56202.45-8.93516.16-189.65+^1+-++*/^-627.16400.04-824.23/-2,-912.36/957.5+324.7*(-189.65**1+516.16+-8.93-202.45+996.56+10.58*117.1/(-824.23/400.04--627.16)**2)
-802.83861.66719.95-60.4-366.43611.87+**+/-^^929.64-67.05*2-795.49-331.06-534.88581.79/*+/305.77809.57*,611.87+-366.43*-60.4*719.95+861.66/-802.83*(-67.05*929.64)**2-(581.79/-534.88*-331.06+-795.49/(809.57*305.77))
-510.6691.95-68.31549.95-331.38-835.38370.73221.654.82421.49+***/+^2*-593.21353.31455.4-++--^2,421.49+4.82*221.65*370.73*-835.38/-331.38**2+(455.4-353.31+-593.21)*549.95+-68.31-91.95**2--510.66
^-^1-957.8215.65-484.54-619.38574.72-^1++^1+/^764.79291.13121.19918.18-/-^11,200.72**1-(574.72**1--619.38+-484.54**1+15.65/(918.18-121.19/291.13**1-764.79)**1+-957.82)
347.42-265.19811.97979.65-169.65406.926.5-669.28-884.38722.38-899.32**+/-^1/-^2+^1+-^2,-899.32*722.38*-884.38+-669.28/6.5**1-406.92/-169.65**2-979.65**1+811.97+-265.19**2-347.42
-948.83-410.34248.86-455.5-974.1828.2-361.56591.69719.38115.58-496.18433.07+^2-^2-+***^*/+/39.44,433.07**2+-496.18**2-115.58-719.38+591.69*-361.56*828.2*-974.1*-455.5*248.86/-410.34+-948.83/(39.44)
-85.5643.74-680.85-346.55-412.31-484.12129.18901.04+28.05/*-+^575.14-996.41-820.02*-1--+^1//+,28.05/877.4*901.04+(-820.02--996.41-575.14)**1-129.18--484.12--412.31**1+-346.55/-680.85/43.74+-85.56
680.1232.45-101.66-923.6-685.86718.08-937.57740.87-295.44-444.24-532.828.22476.43822.56-+^2-+*-+/*+*-/,822.56-476.43**2+28.22--532.8+-444.24*-295.44-740.87*-937.57/718.08*-685.86+-923.6*-101.66-32.45/680.12
368.55339.72-618.58-325.99-679.6709.42-416.85891.3+**+^1-^2-^613.65+^1-^1-127.89845.83/,891.3+-416.85*709.42*-679.6**1+-325.99**2--618.58**2-339.72**1+368.55**1-(845.83/-127.89)
-746.66370.35-181.36-569.477.87-514.38-309.16-814.18301.46483.33-583.33-117.89+-^2*+-*//-^2-^1-,-117.89+-583.33**2-483.33*301.46+-814.18--309.16*-514.38/7.87/-569.47**2--181.36**1-370.35--746.66
-651.05+-816.73-110.2834.63-404.46274.35673.91515.51/+*-+-802.07335.18620.0982.52466.0-805.44-*+^2/+,-651.05-(515.51/673.91+274.35*-404.46-34.63+-110.28-816.73)+(-805.44-466.0*982.52**2+620.0/335.18+802.07)
-539.33-264.74-320.26-833.97*-139.61859.84-890.45-398.0329.89-^2+*--2--/+-^2*-113.64-238.35+,329.89**2--398.0+-890.45*859.84**2--139.61--501.3--833.97/-320.26+-264.74**2--539.33*(-238.35+-113.64)
820.93-40.39//*91.32517.3345.28-495.59-657.86-891.21-657.7//*-^2--588.96-386.69-353.33+^-290.36+^1,-40.39/820.93*(-657.7/-891.21/-657.86*-495.59**2-45.28-517.33-91.32)/(-353.33**2+-386.69+588.96**1)
-339.24*277.92-532.17-460.27-410.51-453.85478.21-^1++-^1*702.43--^1/+^1-^2,478.21**1--453.85+-410.51**1-(702.43--968.05)+-460.27**1--532.17/277.92**1+-871.83**2--339.24
-833.2814.73-141.32887.05+-^2+-^2-530.63-117.85937.05-*145.5141.61-181.5782.08+^2*+^1+,887.05+-141.32**2-14.73**2-(937.05-(82.08**2+-181.57-41.61**1+145.51)*-117.85+-530.63)+-833.28
-412.79-978.71866.59743.87-632.81-887.23-385.21-+/-*--^1-814.6253.09-547.76+*/-587.44-66.01-405.4/-^2,(-385.21--887.23+-632.81/743.87-866.59*-978.71--412.79**1-(-547.76+253.09*-814.6/(-405.4/-66.01**2--587.44)))
-246.13195.48-544.18/553.14-81.7392.58957.24-844.8-516.06+^2+^2-^1++^2+-^2*-,-516.06**2+-844.8**2+957.24**1-392.58+-81.7**2+553.14+641.34**2--544.18*195.48--246.13
-474.47556.77-243.52+-228.34-462.83496.91711.55-77.36+^1+-+^1*--+^1/310.16-550.5-827.2-+,-77.36**1+711.55+496.91--462.83**1+-228.34*-312.24--243.52-556.77**1+-474.47/(-827.2--550.5+310.16)
-644.41830.87340.67-408.76466.37-614.05+*/-+^1+-72.89/31.1414.48/+488.42-547.75-254.31-804.12-136.66/*++,-614.05+466.37*-408.76/340.67-830.87**1+-644.41+(-72.89/(414.48/31.1+(-136.66/-804.12*-254.31+-547.75+488.42)))
-126.12398.53-91.58-747.76-447.74-371.19+/29.01933.78-^1/-*/+^2*-512.63922.52617.47+^1*+,-371.19+(933.78**1-29.01)/-447.74/-747.76--91.58*398.53/-126.12**2+(617.47**1+922.52*-512.63+-886.97)
658.13651.84-145.98**-/796.06-256.79-89.78-737.54-214.17466.92-710.39-*+^2++--768.8-177.53528.66-996.22/**,-145.98*651.84*658.13-(-710.39-466.92*-214.17**2+-737.54+-89.78+-256.79-796.06)/(-996.22/528.66*-177.53*-768.8)
-483.72701.88-503.16-134.9382.65+^2+^1+/+^1505.4-963.79562.45970.64-621.25/+*+/+^2,82.65**2+-134.93**1+-503.16+701.88/-483.72**1+(-957.29+-621.25*970.64+562.45/-963.79**2+505.4)
-76.41-401.12-403.65-549.87168.86-848.57287.36*533.28258.37-461.88575.48+++^2-^1+^2+*/**+,(-534.28+575.48**2+-461.88**1-258.37**2+533.28)*287.36+-848.57*168.86/-549.87*-403.65*-401.12+-76.41
^815.21-111.37820.19-170.37-731.5-290.83250.92966.0489.19-983.98568.57--++*/-^1//+^1+^2,568.57--983.98-89.19+966.04+250.92/-290.83/-731.5**1--170.37/820.19/-111.37**1+815.21**2+-127.25
*596.01534.43-744.24-853.03-19.89665.19-868.14-716.45-^1++^2/*+^1+-^2-^2649.08,-716.45**1--868.14+665.19**2+-19.89/-853.03*-744.24**1+534.43+596.01**2--76.51**2-(649.08)
-177.09-11.16841.89-196.39-175.99669.55-742.98160.05-108.92701.82*--550.92-87.15254.84-636.88+-+---/---^1,701.82*-108.92-(-636.88+254.84--87.15+550.92)-160.05--742.98-669.55--175.99+-196.39-841.89--11.16**1--177.09
308.55-493.51462.82102.88-211.81523.79740.07-925.97-767.07-95.32/-464.38+--+++*+^2*+^1*^2,-464.38+962.97--95.32--767.07+-925.97/740.07+523.79*-211.81**2+102.88*462.82**1+-493.51*308.55**2
--554.36351.46-157.21+*/546.84291.67959.55-442.11-148.97*+/++*-753.59308.49-974.71-354.44190.54-922.6/+++/,-157.21+351.46/(-148.97*-442.11+959.55/291.67+546.84)*-554.36+-717.75*(-922.6/190.54+-354.44+-974.71+308.49/-753.59)
-527.31-709.06879.94271.2-144.22459.35-434.08-105.51*^*+^1/--^2+133.18209.44925.38-^2+^2,-105.51*-434.08*459.35*-144.22**1+271.2/879.94--709.06**2--527.31+(925.38**2-209.44+133.18**2)
181.18726.15/-^1/-176.95703.99270.74+--56.46-998.97607.8919.17195.52-764.51+^1+-^2*-^1,726.15/181.18**1-(270.74+703.99--176.95)/(-764.51**1+195.52+19.17**2-607.89*-998.97**1--56.46)
-524.82-963.19-325.43-803.14937.12510.46-734.25-263.35+^2+^1*+--/-248.5^-649.24-296.02762.3-/-+,-263.35**2+-734.25**1+510.46*937.12+-803.14--325.43--963.19/-524.82-(762.3--296.02/-649.24-324.67+248.5)
671.02924.39578.12-909.9-277.77947.14-861.73961.51309.42206.2288.03-*+-2-*--/+-^2/-836.0*321.07,88.03*206.22*309.42**2+961.51--861.73*947.14--277.77--909.9/578.12+924.39**2-671.02/(-836.0*(321.07))
-771.82663.95668.71607.74-618.28-435.89823.6538.5-292.63197.09-532.5+^1*++^2*--^1*+*^2,(-532.5**1+197.09*-292.63+538.5**2+823.6/-435.89--618.28**1-607.74*668.71*663.95*-771.82**2)
784.98-593.65-496.81828.58-699.81-727.9846.64*+-^1/*//-574.62-833.17-98.27-547.35733.28773.92-^1-+-^,846.64*-727.9+-699.81**1-828.58/-496.81*-593.65/784.98/(773.92**1-733.28--547.35+-98.27--833.17+-574.62)
-783.797.42^-314.97-659.18-556.51-903.17821.75777.53428.14461.27171.2595.27+*+--/+****/65.26472.77*-,595.27+171.2*461.27+428.14-777.53-821.75/-903.17+-556.51*-659.18*-314.97*-22.09/(472.77*65.26)*7.42--783.79
-702.34+^784.11-620.26728.54-163.24-111.69467.37*+^-784.13-/-476.14-795.01-843.92+^2/-/2*433.63-641.08-,(467.37*-111.69**2+-163.24/(-843.92**2+-795.01/-476.14)-728.54--620.26/784.11)**2+-702.34*(-641.08-433.63)
-449.4-404.91671.69-155.75-161.73856.78-382.17-663.01687.81///*/*368.94-222.47706.19560.24*--/+^1-^2,687.81/-663.01/-382.17+856.78*-161.73*(560.24*706.19--222.47-368.94)/-155.75/671.69**1+-404.91**2--449.4
686.73-909.06-431.75228.49//-//+967.3148.75-834.62-943.54+--/-163.1262.1-501.39+-^2+839.81^1,-136.91/228.49--431.75/-909.06/686.73+(-943.54+-834.62-48.75-(-501.39+262.1**2--163.1)/967.31+(839.81**1))
-362.81+968.66-476.51-188.68-821.82485.67-682.29-602.76+*-51.31-806.6-/+*-^2-^1+-797.64-604.48138.22/-,-362.81+(-602.76+(-806.6--51.31)*-682.29/485.67+-821.82*-188.68**2--476.51**1-968.66+(138.22/-604.48--797.64))
-721.06-876.71-610.11+-973.36230.81830.65-456.49-768.14247.68-721.82-867.1839.46*+^2*-*-+++-*+/-262.9,839.46*-867.1**2+-721.82*247.68--768.14*-456.49-830.65+230.81+-973.36+524.28--610.11*-876.71+-721.06/(-262.9)
893.51460.33--242.98-126.02663.79-964.77*-^326.33-^2/*+*225.14844.51805.04-396.77//+^2^1,-964.77*663.79**2--126.02**2--242.98/-985.22*460.33*(-396.77/805.04/844.51**2+225.14)+893.51**1
-498.53--399.57-870.31-998.12272.65-957.76785.97-409.19-++^2+-/-+-342.78686.51-968.45-+/+-^1,-409.19-785.97+-957.76**2+272.65+-998.12--870.31/-399.57+(-853.28+-968.45/686.51+-342.78)-417.06--498.53**1
-975.94-345.99853.64-897.61585.0-*/757.81-498.86933.61487.9-318.8-386.68-225.67999.37++-^2*^++--^1,585.0--897.61/(999.37+-225.67+-386.68**2--318.8*487.9-933.61+-498.86+757.81)*853.64--345.99**1--975.94
573.7760.59642.37-206.65-^1+/+607.23-864.98850.78-962.15-298.65-975.76*-+-+^1-950.42-56.47-^2+,(-206.65**1-642.37+760.59/573.7+(-975.76*-298.65--962.15+850.78**1+(-56.47**2+-950.42)--864.98+607.23))
817.72-675.92-788.14859.57-906.7352.5762.856.92*-/-789.42-318.82-209.79+////+^1/-^1-684.29-291.65+,(56.92*762.8-(-209.79+-318.82+-789.42)/52.5/-906.73/859.57/-788.14**1+-675.92/817.72**1-(-291.65+-684.29))
737.4984.82603.65-241.97-306.22-281.71-918.59-462.91490.06-623.8826.06+**-182.95-936.01/-+^1+-/**+^2,26.06+-623.88*(-936.01/-182.95)*490.06--462.91**1+-918.59+-281.71--306.22*-241.97*603.65*84.82+737.49**2
987.27259.53775.32-157.21728.93-539.03894.33*//+^2++^1+^631.95^-403.2264.38202.6-927.76--/1,894.33*-539.03/728.93/-157.21**2+775.32+259.53**1+987.27**2+(-927.76-202.6-64.38/-403.22)**1
-658.01-449.26-594.52-434.07642.37-76.89-406.48-177.71272.53600.22439.3-293.85/-^2*/+**/-^1--^1,-293.85/439.3**2-600.22*272.53/-177.71+-406.48*-76.89*642.37/-434.07**1--594.52--449.26**1--658.01
-216.16874.72-821.78799.47608.1-228.82815.86-75.61-876.11684.39--^2-+^1/-^2*-^1+^2,684.39--876.11**2--75.61-815.86**1+-228.82/608.1**2-799.47*-821.78**1-874.72+-216.16**2
273.35711.6-236.53-324.49-150.94/82.5-656.6978.866.39-455.63459.71+^1/+/-+-*-++/433.09-82.41/,459.71**1+-455.63/66.39+978.8/-656.6-82.5+-877.85--150.94*-324.49--236.53+711.6+273.35/(-82.41/433.09)
555.33437.4714.19-^2*+^-903.78159.44621.88-975.38824.52-799.67-773.41-657.28-9.76-653.04**--^1*-//,714.19**2-437.4*555.33**2+(-653.04*-9.76*-657.28--773.41**1--799.67*824.52--975.38/621.88/159.44)
379.94*-104.26-480.09-90.68*-^1+*4.25-545.38+*382.36846.36-+-924.05-441.37115.76-181.48604.87/*-+,(-90.68*480.09)--104.26**1-53.84+(-545.38+(846.36-382.36)*4.25)*379.94+(604.87/-181.48*115.76--441.37+-924.05)
-578.21/27.25-115.68/+966.82629.96*+376.06211.6-705.83798.08**--^2^-128.94904.95-415.5-602.57-/*1,(-115.68/27.25)/-578.21+(629.96*966.82+(798.08*-705.83*211.6**2-(-602.57--415.5/904.95*-128.94)**1-376.06))
243.82-876.69720.4991.42857.52584.71-34.5840.37--^1*-691.98718.98*-+^1*-**59.03625.8-^2,40.37--34.58**1-(718.98*-691.98)*584.71-857.52**1+991.42*720.4--876.69*243.82*(625.8**2-59.03)
-575.54909.06689.88^-351.0381.81-257.08-535.69/-^1/-++*-^1715.93748.5--901.71--^1-,-535.69/-257.08**1-81.81/-351.03-605.84+689.88+909.06*-575.54**1-(-901.71--553.07**1-748.5-715.93)
915.43-142.55-495.04222.2-587.14523.02-458.07-/*/-^2--^2-780.54/^578.36352.76348.27-^2^1,-458.07-523.02/-587.14*222.2/-495.04**2--142.55-915.43**2-(-780.54**2-(348.27**2-352.76**1))
-877.18-184.47403.63-911.48-603.27*/+-^693.53-15.52+1-+-618.82-374.89*-^2170.98-201.97341.09-^2/,-603.27*-911.48/403.63-(-15.52+693.53)**1+-184.47--877.18+(-374.89*-618.82**2-(341.09**2--201.97/170.98))
-35.35296.92875.18275.73+683.0-627.36486.8-991.77-/-^1-/+-236.67+-78.94-857.01476.48*+-+^1,(-991.77-486.8/-627.36**1-683.0)+275.73-875.18/296.92+-35.35-(476.48*-857.01+-78.94-656.68+236.67**1)
757.32-47.44146.11*+*-589.57152.83497.39431.74-115.6296.25847.09-*-^1/*--*-781.15+957.47-687.36/,146.11*-47.44+757.32*(-796.95*847.09**1-96.25/-115.62*431.74-497.39-152.83*-589.57+(781.15+(-687.36/957.47)))
524.85706.3-844.54178.88-641.13139.54-648.77579.16/232.83-^2+^1*-+*-346.86933.28924.73+-/-*-,232.83**2--214.45**1+579.16*-648.77-139.54*(924.73+933.28--346.86)+-641.13/178.88--844.54*706.3-524.85
-587.03-405.68978.74510.87693.9-537.43-290.37-553.95+/**/-535.06-626.11--^1-^1/*263.17-324.94/^2,-553.95+-290.37/-537.43*693.9/(-626.11--535.06)*510.87**1-978.74**1--405.68/-587.03*(-324.94**2+263.17)
-77.65-848.67103.74826.25256.25-*+^2+^1*-584.1912.9587.93*-+^2848.85-569.5-87.53286.03**/,256.25-826.25*103.74**2+-848.67**1+-77.65*(587.93*12.9--584.19**2+(286.03/-87.53*-569.5/848.85))
837.48307.52440.92912.69-176.14552.3-600.69-87.5^-392.69443.53133.94+-+-+-*+^2+^2+^1,(133.94+443.53--392.69+75.77--87.5+600.69)-552.3--176.14*912.69**2+440.92**2+307.52+837.48**1
-179.91242.74440.53316.81-170.49-198.04553.15435.47275.68256.22+****+^1-^2^++243.39-845.4598.76*-,256.22+275.68*435.47*553.15*-198.04*-170.49**1+316.81**2-440.53/242.74+-179.91+(98.76*-845.45-243.39)
926.3-737.3451.88630.87-^1/+*^/-287.38-68.21-173.43-810.98-++^1+2-512.96-230.34-345.84-*,630.87**1-451.88/-737.3*(-810.98--173.43+-68.21**1+-287.38+921.45)**2+926.3-(-345.84--230.34*512.96)
350.15159.16-213.82-35.71-475.63244.52263.13-31.19496.58/*-+^74.66-252.0575.7*-1++*+^2-^1,496.58/-31.19*263.13+(75.7*-252.05-74.66)**1+244.52+-475.63+-35.71*-213.82**2+159.16**1-350.15
-581.65392.44--984.23-981.4325.19440.4-58.14-342.62480.23-511.47/**+/++/^351.83579.12942.64954.83+^*1,392.44--581.65-(-511.47/480.23*-342.62*-58.14+440.4/25.19+-981.43+984.23/(954.83+942.64/579.12*351.83)**1)
480.42+845.44-497.25736.51-41.29901.82-466.98398.6362.19-748.77711.99495.38+/*/+^2--^2*//+*,495.38+711.99/-748.77*362.19/398.6**2+-466.98-901.82**2--41.29*736.51/-497.25/845.44+132.48*480.42
--375.5*+-651.64-671.0389.15/674.19++-+/^-272.87311.86/2+44.88-939.68-+-703.41-293.26-967.52-*,-375.5*-729.98+(674.19+331.34+389.15--671.0/(311.86/-272.87)**2+-651.64+(-939.68-44.88+(-967.52--293.26*-703.41)))
602.81-666.76364.11625.57841.88-351.91*--^1/*+-697.19736.7-832.58579.08-600.62-839.38135.49+-+*--*2,-351.91*841.88-625.57**1-364.11/-666.76*602.81+(135.49+-839.38--600.62+579.08*-832.58-736.7--697.19**2)
-244.35-708.28684.01-291.35^-986.0167.3-826.83-185.75-212.67-750.92/-^1*/++775.49571.84+^2-*//+,-750.92/-212.67**1--185.75*-826.83/167.3+(571.84**2+775.49)+-986.0--527.05*-291.35/684.01/-708.28+-244.35
368.9419.08-303.07923.19488.9807.8+/*/--^-490.78/*-972.91-884.82817.95407.69863.55--/-^1+-385.78,807.8+488.9/923.19*-303.07/19.08-(-490.78*(863.55-407.69-817.95/-884.82**1--972.91)/909.34)-368.94+(-385.78)
-754.22243.81**-582.23552.39118.32-797.57-625.6-321.91-706.42-219.6715.57--^1//-+/^^2+-262.19-306.19+,243.81*-754.22*(715.57--219.6**1--706.42/-321.91/-625.6--797.57+118.32/552.39**2+-582.23+(-306.19+-262.19))
-50.097.6766.82-638.52948.89391.61-775.95-112.28194.69-179.7640.65^+^2-^2-/+*-^2/-/*,-145.71**2+640.65**2--179.7-194.69/-112.28+-775.95*391.61**2-948.89/-638.52-766.82/7.6*-50.09
981.95-151.68678.63609.86208.11650.89101.95*/+/-474.31-811.19279.0/****-^1-747.16522.12-815.07+^1/,101.95*650.89/208.11/(279.0/-811.19*-474.31)+609.86*678.63*-151.68*981.95**1-(-815.07**1+522.12/-747.16)
-445.19-567.71*+196.33-654.66-35.6763.73-358.6-849.8307.67649.4148.26-//-++*+*131.84257.31-159.33/-^1,-567.71*-445.19/(148.26-649.4/307.67*-849.8--358.6+763.73+-35.6*-654.66+196.33*(-159.33/257.31**1-131.84))
-450.94713.37-722.39673.72-517.46-71.2-780.62+***/++-937.15327.07-656.28-+^1/187.84-383.83-^2-471.95,-780.62+-71.2*-517.46*673.72*-722.39/713.37+-450.94+(-656.28-327.07**1+-937.15/(-383.83**2-187.84-(471.95)))
-628.16881.37-562.79/677.41620.37-720.19776.14-790.4-43.64-358.36-100.98-946.55+---/2-*/+/++^1*,-946.55+-100.98--358.36--43.64**2--790.4-776.14*-720.19/620.37+677.41/467.92+-562.79**1+881.37*-628.16
776.82534.93-^1-^2/680.06-459.39471.87864.34-242.81206.36*-^1--*-27.43-281.49-835.62++^2,534.93**1-776.82**2-(206.36*-242.81**1-864.34-471.87--459.39*680.06)/(-835.62+-281.49**2+-27.43)
335.3422.51+^1--917.11-708.81-835.0870.45-385.29-968.17+/++^2+-^2-209.3-+2-308.63^1,422.51**1+335.3-(-968.17+-385.29/870.45+-835.0**2+-708.81+-917.11**2-(-209.3**2-(-308.63**1)))
578.53573.07607.15-36.53783.31792.3/-803.34-237.72+^2-^2+^2+^2-^1-^1-/,-237.72**2+-803.34**2-497.59**2+792.3**2+783.31**1--36.53**1-607.15-573.07/578.53
-352.83-794.8-544.19474.63-691.25-/863.34645.1718.78502.35*+--323.35-100.72-^1*-834.48730.74992.07/++/-*,(-691.25-(502.35*718.78-(-100.72**1--323.35)+(992.07/730.74+-834.48)*645.1+863.34)/474.63/-544.19--794.8*-352.83)
947.67*877.8-131.1858.5957.45587.53-352.65*-^1-^2*+-/+^2378.73-785.19437.64+^2/,-352.65*587.53**1-57.45**2-858.59*-131.1+877.8-101.77/947.67**2+(437.64**2+-785.19/378.73)
789.82**664.88764.950.01-905.95316.87270.15-946.82-659.83++^2/+*-+^2-490.5-977.61-*188.6^2,(-659.83+-946.82**2+270.15/316.87+-905.95*0.01-764.95**2-664.88)*(-977.61--490.5)*789.82*(188.6**2)
-643.62-301.44/-542.62-994.56+-^920.37936.05-290.75960.86-65.94486.24-463.0-624.64/+*+^1+^2/+^2,(-994.56**2-(-624.64/-463.0+486.24*-65.94**1+960.86**2+-290.75/936.05)+-542.62)/-301.44**2+-643.62
-392.58-14.53-411.74-239.26-28.46716.31-823.94-212.3509.23557.14552.3+-*/+*/+*311.41834.33-389.52-/+/^1,552.3+557.14-509.23*-212.3/-823.94+716.31*-28.46/-239.26+(-389.52-834.33/311.41)*-411.74+-14.53/-392.58**1
787.16-650.89-86.2633.27181.48+-977.35++94.05-908.28619.17-675.1262.44/+^2-+^1****-^2,-977.35+(62.44/-675.12**2+619.17--908.28**1+94.05)+-362.08*181.48*33.27*-86.26*-650.89**2-787.16
-106.84-587.35651.53-38.22908.21787.2-643.481.6662.8-777.94451.71^-757.35+^1/*+/+*+^1/+*+,-757.35**1+354.0/451.71*-777.94+62.8/81.66+-643.4*787.2**1+908.21/-38.22+651.53*-587.35+-106.84
-655.05196.0-906.24/--^2-16.16264.9-/-796.12230.13-143.53778.85609.51/---+^1^+-925.73*1,-906.24/196.0--655.05**2-(264.9-(609.51/778.85--143.53-230.13--796.12)/-16.16**1+(-925.73*-978.68)**1)
-778.9-352.97-306.96-347.19683.42394.45-45.4-477.0*692.84-545.63760.09--^2+^2*-^2-+/+-*,760.09*-545.63**2-692.84**2+907.22*-477.0**2--45.4-394.45+683.42/-347.19+-306.96--352.97*-778.9
451.53-849.34232.3190.25355.48-348.6279.31451.12/+++^1*-+^1/332.23776.79-503.47-855.66-^1+-,451.12/79.31+-348.62+355.48**1+90.25*232.31--849.34**1+451.53/(-855.66**1--503.47+776.79-332.23)
-373.87-923.45++-918.98-375.25-881.48784.32+994.56-736.58/839.94-951.8684.24/+++--^2+^2***,-923.45+-373.87+(684.24/-951.8+839.94+-920.56+-736.58-994.56**2--226.52**2+784.32*-881.48*-375.25*-918.98)
288.1766.45918.62-431.22229.99-/*358.35-474.7/++^-434.99+-365.07284.07-532.29-852.34331.65+^2+-+^2,229.99--431.22*(-474.7/358.35)/918.62+66.45**2+288.17+(331.65**2+-852.34+-532.29-284.07**2+-365.07)
-735.9-702.79-774.1775.25464.13-743.04-33.119.77-863.77773.81152.7/++*/-^1*-^1/-^1+-,353.94+152.7+773.81*-863.77/9.77**1--33.11*-743.04**1-464.13/75.25**1--774.17+-702.79--735.9
-904.33881.9+-^1-521.59707.65624.65--820.12538.99///*++^1-498.65/-278.05919.95224.56*+/+,881.9+-904.33**1-(538.99/-820.12/113.23/624.65*707.65+-521.59**1+(224.56*919.95+-278.05/-537.63+-498.65))
-327.01-827.36132.6712.02-812.7955.35-752.03160.4-435.31--^1+^1^+^1--/*918.7852.39*/829.94,-435.31/160.4**1--752.03**1+55.35*-812.79**1+712.02-132.6--827.36/-327.01*(52.39*918.78/(829.94))
-617.93615.44-400.43469.47-++^-853.56665.11254.99187.23120.18-351.94-78.86-805.77/+/+^1/+^1/2+,469.47--400.43+(-805.77/-78.86+-351.94/120.18**1+187.23/254.99**1+665.11/-853.56)**2+615.44+-617.93
-177.49557.31--^1789.14623.8654.65-817.13-164.05501.48-717.4361.9+^2***+-**8.82-544.56-567.82/*,557.31**1-(361.9**2+-717.4+501.48*-164.05*-817.13+54.65-623.86*789.14)-(-567.82/-544.56*8.82)*-177.49
-943.31771.41-761.96*+-/52.59-933.42878.08-312.4595.44-132.19-^1+-^2++-17.05800.74-268.41-841.07---,-761.96*771.41+-943.31-(-132.19**1-95.44+-312.45**2-878.08+-933.42+52.59)/(-841.07--268.41-800.74--17.05)
908.86725.42+/-164.23847.64713.99183.47+/-*-942.65-626.67357.2*+/744.97-623.06-845.14-985.03*++2+-+,725.42+908.86/(183.47+713.99/847.64--164.23*(357.2*-626.67/(-985.03*-845.14**2+-623.06+744.97)+-942.65-(-667.83)))
633.13-197.96-697.75^-773.69-202.5525.19--^2/---491.7-837.58-311.15--+^1-388.34-759.23-60.21++2*,(25.19--202.55**2--773.69)+-697.75/-197.96-633.13-(-311.15--837.58--491.7**1+(-60.21**2+-759.23*-388.34))
453.25-814.07221.71924.45-672.82-853.66-320.99-493.87-187.5-992.48793.71-^2-----*^-166.42/*2++-,(793.71**2--992.48--187.5-493.87)--320.99--853.66--672.82*(-99.92*-166.42)**2-924.45+221.71+-814.07-453.25
101.83-250.6-928.48-577.81-519.73-960.09+*694.84-300.9681.17-368.76-726.2-420.18-208.61*-**--^1-^1//+,-960.09*(-208.61*-420.18--726.2*-368.76*681.17+-300.9**1-694.84)+-519.73**1--577.81/-928.48/-250.6+101.83
116.98685.2933.15989.79600.27-293.18718.72--462.88-537.48131.17804.62661.66+^-759.14*++**-*-+^2^2,(661.66**2+804.62*131.17+-537.48+-462.88)-718.72*-293.18*600.27-989.79-33.15-685.29**2+116.98**2
505.99-509.24895.98204.56479.47263.72660.49418.15424.28207.14/*+***/*+^2+-793.0*900.11/-73.77861.85-,207.14/424.28*418.15+660.49*263.72*479.47*204.56/895.98*-509.24**2+505.99+(-793.0*(900.11/(861.85--73.77)))
-973.78-751.78879.64-481.61-294.17357.86-593.29-766.67-49.79/+/-+^1-^2-+^1+^2-287.94182.98-,-49.79/-766.67+-593.29/357.86--294.17**1+-481.61**2-879.64--751.78**1+-973.78**2+(182.98--287.94)
331.7247.63355.25695.06745.69893.54-90.77282.63968.19815.11-222.05*+^1/-+^2+*+^2-^2*,-222.05*815.11**1+968.19/282.63--90.77**2+893.54+745.69*695.06**2+355.25**2-47.63*331.72
613.81-434.5962.12995.5645.98-747.89330.23487.6*--^2361.3-328.4274.37239.96^//--/*-+++-888.53,487.6*330.23**2-(137.4/239.96/274.37--328.4-361.3)--747.89/645.98*995.5-962.12+-434.5+613.81+(-888.53)
-534.08-915.0**565.6/703.91444.1-45.65/+*-846.34-290.36-892.31-821.599.77331.16190.62*-^2/+*+^2,-915.0*-534.08*(565.6/(-45.65/444.1+703.91*(190.62*331.16**2-99.77/-821.5+-892.31*-290.36**2+-846.34)))
-812.37808.37421.25942.77853.75+^1*+-*-90.13187.02/+-290.64--424.86+^159.99821.35-651.6134.37+/*,853.75**1+942.77*421.25+808.37--812.37*(187.02/-90.13+(-290.64-(-424.86**1+(34.37+-651.61/821.35*59.99))))
83.25929.6826.5/+/719.591.18431.22-570.26-922.64-574.92185.21-473.53357.28-441.14-255.25*+++*-+^1*/+,826.5/929.6/83.25/(-255.25*-441.14+357.28+-473.53+185.21*-574.92*-922.64**1+-570.26*431.22/91.18+719.5)
154.49192.11-211.0483.04-115.08-145.95-958.54295.59863.63-316.99----/*+-+^2+-692.83++/977.7-514.51-,-316.99-863.63-295.59--958.54--145.95/-115.08*83.04+-211.04-192.11**2+154.49+(-338.65+-692.83/(-514.51-977.7))
152.92/139.41-361.16-200.78*/2.5302.56--*705.85918.65-820.4+/*/*647.7278.14134.01975.44-++^1,152.92/(-200.78/(-874.58*(-820.4+918.65/705.85)-302.56*2.5)*-361.16/139.41*(975.44-134.01+78.14**1+647.72))
-909.75-917.33-722.71507.43-159.97-647.62++-^-330.6785.64^-597.21928.01-^2+-^1+2--/^2,-647.62+-159.97-(928.01**2--597.21+-239.98**1-85.64+-330.67)**2+507.43--722.71--917.33/-909.75**2
149.55-733.44-248.44-334.61-568.2341.018.07776.68+/641.35-334.26509.55848.43144.9+*^--^1-/-^1*+,(776.68/(144.9+848.43*509.55*-334.26-641.35)+8.07**1-341.01--568.2/-334.61**1--248.44*-733.44+149.55)
832.47-659.52266.1316.67-462.82900.64969.01-112.83*-^1--^1-^1^+^2-108.17-507.25-190.82+-,-112.83*969.01**1-900.64--462.82**1-16.67**1-266.13/-659.52**2+832.47-(-190.82+-507.25-108.17)
652.84238.6687.13-402.27-518.57-868.34509.36++-+*-^1*^-841.07-538.59-873.53-488.16-793.4-363.37*/**+*,509.36+-868.34+-518.57--402.27+87.13*238.66**1-652.84*(-363.37*-793.4/-488.16*-873.53*-538.59+-841.07*34.31)
-138.5-75.89205.35331.02765.8/-970.14-524.88-888.7490.51-99.75-^2-^1--/-^2/-++^2,-99.75**2-90.51**1--888.74--524.88--970.14/411.57**2-765.8/331.02-205.35+-75.89**2+-138.5
750.13642.92+-286.73393.18-*-^1//809.12501.46-457.27140.89-488.31907.45-^1-++2-^1/,393.18--286.73*344.31**1-642.92/750.13/(907.45**1--488.31-140.89**2+-457.27**1-501.46/809.12)
517.12570.7708.66675.28212.16-736.19702.52210.52-465.44255.94403.88//-^1**+^1/+^2+^1/,403.88/255.94/-465.44**1-210.52*702.52*-736.19**1+212.16/675.28**2+708.66**1+570.7/517.12
-270.6501.27718.84237.07874.38-829.7-420.19++*/-*--337.46-761.88686.69-484.4-456.9683.12-^2+^2*-/,-420.19+-829.7+874.38*237.07+718.84-501.27*-270.6-(683.12**2--456.9**2+-484.4*686.69--761.88/-337.46)
578.13-356.86-169.49594.45-661.84690.01-566.42-147.23+^2+-*249.3-160.53-^1-^2-+---452.73^1,-147.23**2+-566.42+690.01-(-160.53**1-249.3)*-661.84**2-594.45--169.49+-356.86-578.13-(-452.73**1)
736.27413.89-937.48-707.35253.51-33.81465.34839.33726.32-398.95946.83+--^+/+^2/*453.01-189.4167.94-/-^,946.83+-398.95-726.32-839.33-465.34+-33.81/253.51**2+-707.35*(167.94--189.4/453.01)/-937.48-413.89+736.27
-514.03387.38/-980.85-966.95970.82986.29-664.31781.97-979.46-81.7312.4-834.3172.53-**-^2*/+-+*+-+,172.53--834.3*12.4*-81.73**2--979.46*781.97/-664.31+986.29-970.82+-966.95*-980.85+-499.81-387.38+-514.03
-400.33-252.56-814.34-7.32^149.15--^2*-+/593.85301.14-120.41282.6*//*912.58-407.5-223.01733.53--+,149.15--223.54**2--7.32*-814.34--252.56+-400.33/(282.6*-120.41/301.14/593.85*(733.53--223.01--407.5+912.58))
-151.75-939.23-353.51593.2257.98-577.68-23.13-581.58-+/+/+^871.97/+-614.1-/+^2646.69-56.89-382.43*-,-581.58--23.13+-577.68/257.98+593.2/-353.51**2+-939.23/-151.75+(-614.1-(558.81**2+(-382.43*-56.89-646.69)))
448.83-871.03+262.24220.01382.92443.67-279.64350.34-889.1-701.88-++^1-*/*/*/^-654.19-381.68/2,(-701.88-889.1)-350.34+-279.64**1+443.67-382.92*220.01/262.24*963.81/-871.03*448.83/(-381.68/-654.19)**2
549.12-736.27262.67**-744.08720.16-978.62-347.67+*-^1--775.03382.74-119.21--*-306.93115.6490.3-116.33--^,262.67*-736.27*549.12-(-347.67+-978.62*720.16**1-744.08-(-119.21-382.74--775.03*(-116.33-490.3-115.6/-306.93)))
-48.0437.03-893.89122.11510.92906.841.38-60.13-546.59/-114.43-^1++^1+/-*-^1/+^1,-114.43**1-63.44+-546.59**1+-60.13+1.38/906.84-510.92*122.11**1--893.89/37.03**1+-48.04
394.0-940.42+^556.72*-366.39+-990.12-856.01+/141.24752.86-470.58*/*-922.47652.99-269.7-797.66951.26+/+*^2,-940.42**1+394.0*(-366.39+(-856.01+(-470.58/752.86/141.24)/-990.12*(951.26+-797.66/-269.7+652.99*-922.47**2)))
-311.9-576.55-^1+^2908.31-535.88726.55614.7---/-345.95-151.02+^2--975.15-170.4294.32-+^2,-576.55**1--311.9**2+(614.7-726.55--535.88-(-151.02**2+-345.95)/908.31-(94.32--170.42**2+-975.15))
405.69-146.19-526.38-750.16-/49.61947.28-25.16176.35-434.48-718.66150.48/-/*+-/+^1+^-745.71-760.75-2,-750.16/(150.48/-718.66--434.48/176.35*-25.16+947.28-49.61)--526.38/-146.19**1+405.69+(-760.75--745.71)**2
133.56-879.64-885.584.83*-879.26-273.09-517.25782.99-237.72-279.85380.7-567.43+-^1*+^^1-//+*--,-567.43+380.7**1--279.85*-237.72+782.99**1+-517.25--273.09/-879.26/-851.44+4.83*-885.58--879.64-133.56
-863.96-42.44424.79-89.65823.13954.12980.14-732.66884.56+++^2--47.02-597.45-289.89*-^1+/+*/-723.61,884.56+-732.66+980.14**2+954.12-(-289.89*-597.45**1-47.02)-823.13+-89.65/424.79+-42.44*-863.96/(-723.61)
-854.09-963.92463.13256.73181.55107.61-434.69-288.96--++^2+^2+/+959.03495.45/+-727.86714.0-360.54+-,(-288.96--434.69-107.61+181.55**2+256.73**2+463.13+-963.92/-854.09+(495.45/959.03+(-360.54+714.0--727.86)))
132.94-591.96-365.73495.08844.27+^1//-++1-366.81-312.01494.34-868.89*-*-^2629.26-608.32+*2,844.27**1+495.08/-365.73/-591.96-132.94**1+(-868.89*494.34--312.01*-366.81**2-(-608.32+629.26**2))
-938.58-487.4-76.56471.6587.36*-^2/-154.64-611.81743.14//*++331.4+-621.09-443.95-660.3342.66-*/++,87.36*471.65**2-(743.14/-611.81/-154.64)/-76.56*-487.4+-938.58+(42.66--660.33*-443.95/-621.09+484.43+331.4)
27.07302.11-261.2+--896.19-300.2391.1620.74-704.82-91.87-290.47+^2-^1//+-^1+^2-+,(-290.47**2+-91.87**1--704.82/20.74/391.16+-300.2**1--896.19**2+916.02)+-261.2-302.11+27.07
-389.39-946.84344.52156.51-663.86-712.72-^312.28-292.58649.41-365.95742.26913.91-/++-1+^2+^-^1/,(913.91-742.26/-365.95+649.41+-292.58-312.28)**1--712.72**2+-663.86+156.51+344.52**1--946.84/-389.39
168.83908.26-247.05567.23224.38-176.4/-486.05627.02+/+^1+/+-^1+-289.55+^-908.88-391.98+1,(-494.07/627.02**1+-486.05)/-176.4+224.38/567.23+-247.05**1-908.26+168.83-(289.55+(-391.98+-908.88)**1)
491.11184.45-901.56-311.72510.13488.44250.12+644.34-13.8+-787.35--^1*/+^2-**-/*^2,-787.35--2.74**1--13.8*644.34/-476.76**2+250.12-488.44*510.13*-311.72--901.56/184.45*491.11**2
137.82--452.99-90.75-908.7559.15-174.73/+--/742.32984.03997.21517.51732.91-104.96552.35-++/-^1/*-706.22,137.82-(-174.73/559.15+-908.7--90.75--452.99/(552.35--104.96+732.91+517.51/997.21**1-984.03/742.32*(-706.22)))
881.04534.59+^2-^1408.18169.9-247.97141.83237.05+*++-^1162.5-215.16++-744.4-959.3915.67*/,534.59**2+881.04**1-(237.05+141.83*-247.97+169.9+408.18**1-(-215.16+(915.67*-959.3/-744.4)+162.5))
-17.14+91.01-21.68601.17-67.11-17.45-73.293.67-960.1-^1-^1/-//+^2+-911.96-979.36*-699.9,(-17.14+(-960.1**1-3.67**1--73.29/-17.45--67.11/601.17/-21.68**2+91.01+(-979.36*-911.96-(699.9))))
-329.36-61.03^350.31-242.32156.49517.39-996.28609.49475.51-+*+++-+^1*/132.21966.63-91.36//^1,(475.51-609.49+-996.28*517.39+156.49+-242.32+350.31--352.57**1+-61.03*-329.36/(-91.36/966.63/132.21**1))
761.71-283.38940.1-560.1744.36-697.04782.98-761.21792.52+--+/*-767.73536.85++^2+^2+/*^1,792.52+-761.21-782.98--697.04*(536.85+-767.73**2+394.57)+44.36**2+-560.17+940.1/-283.38*761.71**1
-746.74^-370.6721.78-171.0213.58821.92-162.79-565.33-581.92959.07/*/+-^2-^1/*-*/-868.42227.98*,959.07/-581.92*-565.33/-162.79+821.92**2-213.58**1--171.0/721.78*-370.6--327.1*-746.74/(227.98*-868.42)
637.2-523.36441.62-^2*--248.05104.61-507.21--629.67-825.2--124.33519.2901.21//+^1+^1*+,441.62**2--523.36*637.2-(-825.2-(901.21/519.2/124.33)--629.67**1+-505.1**1+-507.21*104.61+-248.05)
-815.5-227.93-512.16160.18-45.33996.39-847.34983.94-104.71-391.21+/*/555.7573.02-588.21-684.01++--/*+-//391.87,-391.21+-104.71/983.94/(-684.01+-588.21+73.02-555.75)*-847.34-996.39/-45.33*160.18+-512.16--227.93/-815.5/(391.87)
-837.3784.9-687.78839.47-360.87-573.5943.46208.33-785.42-533.32-*+/---+/*-929.29-743.02-299.62/-^2*-139.75,-533.32--785.42*208.33+943.46/-573.5--360.87-839.47--687.78+84.9/-837.37*(-299.62/-743.02**2--929.29*(-139.75))
511.37-758.51703.08977.69619.5/-852.93343.45356.17/+^1+-+^113.89^342.81368.0393.83+///1/*,(356.17/343.45**1+-852.93)/619.5+977.69+(93.83+368.03*342.81/267.57/113.89)**1-703.08/-758.51*511.37
*557.15-/603.08-654.44-356.29778.77+*^138.97-790.33-713.86265.6296.08^^2/*/1+-+-787.39^1,557.15-(778.77*(96.08**2+265.62/-713.86*-790.33/138.97)**1+-356.29+-654.44-603.08)/253.24+(-787.39**1)
43.06125.91/-779.58288.73-142.23-319.9-997.12810.28251.02/*---^2+^2++-^2+/*-570.43,251.02/810.28*-997.12--319.9--142.23**2-288.73**2+-779.58+62.38+125.91**2-43.06+(-285.65*(-570.43))
84.2-949.363.74490.8513.74850.29-554.3105.24849.69-401.04/*--^2+/2+++^1+^2+-286.5,-401.04/849.69*105.24--554.3**2-850.29**2+513.74+490.8+63.74**1+-949.3**2+84.2+(-286.5)
310.9745.42/+/285.13426.01+-382.7253.34-983.01912.52345.32237.15-76.85--+^2*+^2--1,45.42/310.97**2+(426.01+85.13-(-76.85-237.15-345.32**2+912.52*-983.01**2+53.34-382.72**1))
473.11-411.48770.14-763.66381.87-29.79-781.95668.63922.76-548.73+--/1/+/^2-^1-^1*--361.31,-548.73+922.76-668.63**1--781.95/-29.79+381.87**2--763.66**1-770.14**1--411.48*473.11-(-361.31)
-76.05-756.77-+-^2^116.78-608.46-101.06/*1-947.03^-640.97944.79-175.25-419.4-371.31-628.29-+/-+++,(-756.77--76.05**2-(-101.06/-608.46*116.78)**1+(-628.29--371.31+-419.4/-175.25-944.79--640.97+-246.38+-947.03))
320.16121.97400.53-658.24551.96-214.86-^2+^1+-/+*423.49-816.52185.16278.65699.05/**-^11.08,-214.86**2-551.96**1+-658.24+400.53-121.97/320.16*(699.05/278.65*185.16*-816.52**1-423.49)+(1.08)
70.1-327.72677.44-982.63-730.89-504.61-200.55904.83-/--^2-149.9256.49/-+^2+*-^1^2,904.83--200.55/-504.61**2-(56.49/149.92-283.21)--730.89**2+-982.63+677.44*-327.72**1-70.1**2
-804.72379.52-521.3-496.59384.54298.8568.25483.96246.28532.77-886.51-775.97210.68+-*/+^1///++^1/*,210.68+-775.97--886.51*532.77/246.28**1+483.96/568.25/298.8/384.54+-496.59**1+-521.3/379.52*-804.72
276.76435.85575.97-191.94-794.28+437.97-220.03-143.27-810.3-528.28+/+-^2---*/321.43-647.25*-^1^,-528.28+-810.3/-143.27+-220.03**2-437.97--582.26--794.28--191.94/(-647.25*321.43)*575.97**1-435.85*276.76
-499.66560.27-268.93-810.67+-539.79-443.69844.29-499.42-120.14-+--/+^2/-*+^2-950.64-796.87-+-347.08,(-496.51+-120.14--499.42-844.29/-443.69**2+-539.79)+-810.67/-268.93-560.27*-499.66**2+(-796.87--950.64+(-347.08))
810.6214.51-241.28852.35/-+^2-850.92-722.72-472.01+-577.94-642.53177.0-*/+^2+^2-^1,852.35/-241.28**2+(-472.01-(282.21*177.0/-642.53**2+577.94)+-722.72**2+-850.92)-14.51**1-810.62
-152.38+*-655.87205.94603.79815.73+^2/+44.2418.53-768.25990.49/**+^2++*164.77-^2,-152.38+(815.73**2+603.79/205.94+-655.87)*(211.97*990.49*-768.25**2+418.53+(164.77**2--666.72)+44.2)
165.67861.21-106.26-263.75-281.85.53---55.81787.86-780.43305.21-^1-^1+^21-^1*+*,5.53-(305.21**1--780.43**1-787.86**2+55.81)**1--281.8**1--263.75*-106.26+861.21*165.67
994.37-26.36812.27931.94-696.65874.92-881.33-681.68702.16-314.3-601.26/*/*+^2-+/2+^1++^2,-601.26/-314.3*702.16/-681.68*-881.33**2+874.92--696.65**2+931.94**1+812.27+-26.36**2+994.37
-157.04527.3496.22903.6182.98472.73-170.14-645.97-997.9+^2-^1+/--^2--/-232.82389.05424.09/+,-997.9**2+-645.97**1--170.14-472.73/82.98-903.61**2-96.22-527.34-(424.09/389.05+-232.82)/-157.04
^372.9--^2-434.26556.29-814.09-368.13-83.61-468.61-*-292.94-485.85-967.79-532.2845.48//+^2-+*^+,372.9--47.07**2-(-468.61-(45.48/-532.28/-967.79**2+-485.85--292.94)*-83.61+-368.13*-814.09-556.29+-434.26)
-523.37-51.34-448.08656.75-930.35875.26+*--^1//621.06346.61^951.08-863.82//*-810.8-148.72-731.89^//-,875.26+-930.35*656.75--448.08**1--51.34/-523.37/(-863.82/951.08*(-731.89--148.72/-810.8)/980.25/346.61-621.06)
213.83463.5392.01202.21-878.3-910.28307.22-749.87919.68*+/*+-^1/+-12.13-758.11675.38-853.35755.28-**-,(919.68*-749.87+307.22/-910.28*-878.3+202.21**1-392.01/463.5+213.83-(755.28--853.35*675.38*-758.11-12.13))
-128.45405.8/--156.28-265.43813.59-470.42-951.05513.26-867.9/+-**+*424.17+**-742.66-708.32843.06+^2-,405.8/-128.45-(-867.9/513.26+-951.05--470.42*813.59*-265.43+-156.28*(306.43*424.17*(843.06**2+-708.32--742.66)))
-399.1-374.01-516.47-890.8385.51436.94-745.93-639.9296.22266.67+247.58-102.53/-^2***---^2-/-*,-102.53/247.58**2--11.65*266.67*296.22*-639.9--745.93-436.94**2-85.51--890.83/-516.47--374.01*-399.1
-197.32133.47715.89-830.55-183.24743.65542.68260.32*-^661.1+^2-+-/-101.1362.84*836.77-^1///,260.32*542.68**2-743.65**2+-183.24--830.55+715.89/(836.77**1-449.05/362.84/-101.1)-133.47/-197.32
536.63238.12/885.65445.31+^1*+-*112.63-338.7547.4679.72/-++-526.23-813.23668.47-^1-^1,445.31**1+885.65*-671.94+238.12*(679.72/47.4--338.75+112.63)-536.63+(668.47**1--813.23**1--526.23)
-587.06-740.12577.51413.19-431.26**+++^2-393.28-196.5864.41^-35.2-219.82937.99*--^1/*-^2,-431.26*413.19*577.51+-740.12+-587.06**2+(937.99*-219.82--35.2**1--966.46/64.41*-196.58--393.28**2)
3.14772.91152.15686.51-21.63396.13-11.47305.03-258.81-590.83-101.01687.31***-+^1-+923.34+-++^2-,687.31*-101.01*-590.83*-258.81-305.03**1+-11.47**1-396.13+-21.63-686.51+152.15**2+772.91-3.14
420.35-194.34874.56-323.78229.94-979.31462.62543.21275.3534.89-314.09/---+*/-*-+^1-^2^2,-775.65/-314.09-34.89-275.35+543.21*462.62/-979.31-229.94*-323.78-874.56**1+-194.34**2-420.35**2
591.98922.71891.73984.31-846.36746.42-317.97-593.02615.81-716.6726.29-872.77+--+^1-^1+-**+^1+,-872.77+726.29--716.6/615.81**1+-593.02**1--317.97+746.42--846.36*984.31*891.73**1+922.71+591.98
128.65-971.21-170.96399.44490.48-165.21821.92357.01-184.03702.72697.23-546.14451.89-106.53+***-*+-*-^2--/,-106.53+451.89*-546.14*697.23*702.72--184.03*357.01+821.92--165.21*490.48**2-399.44--170.96--971.21/128.65
879.1534.86947.85-452.4612.91-+^2+*/-791.6-568.69*++-299.97812.82/-367.58782.14-^1/-952.01^2,12.91--452.46**2+947.85+34.86/(-568.69*-791.6)*879.15+(812.82/-299.97)+(782.14**1--367.58/(-952.01**2))
-241.92-790.991.46280.38-586.65237.0936.23-334.65-915.09-886.35104.37*+--+--^-219.01/-1//-^1/,104.37*-886.35+-915.09--334.65-936.23+237.0-(647.21--219.01)**1--586.65/280.38/91.46**1--790.9/-241.92
-240.06-590.89-0.7-337.88-48.92385.35453.4*615.66371.13-^1*/*/+//+*^394.74-830.55+^11,371.13**1-615.66*128.89/453.4/385.35/-48.92+-337.88/-0.7/-590.89+-240.06*(-830.55**1+394.74)**1
-783.11-609.16-692.09591.9-430.7-47.25-19.64495.69736.56/+-^2--/++-495.16-423.89894.09352.17+^1-+-,736.56*495.69+-19.64**2--47.25--430.7-591.9/-692.09+(352.17**1+894.09--423.89+-495.16)+-609.16--783.11
-285.43366.18-331.25483.91-21.75-51.75-/-/*+-886.04-224.02-414.36-^2/*497.55-73.83-+118.73-234.04-882.85+*,-51.75--21.75/483.91--331.25/366.18*-285.43*(-414.36**2--224.02/-886.04*(-73.83-497.55+(-882.85+-234.04*118.73)))
-308.72-480.89-834.1-518.28242.42-307.64-781.16-672.48-166.94312.25-518.23-579.12+*/*-^1*/-^1-++-,-579.12+-518.23*312.25/-166.94*-672.48**1--781.16*-307.64/242.42**1--518.28-834.1+943.34+-480.89--308.72
/-668.68-713.13-627.89792.04-911.88-702.07-158.2-983.48-853.8412.06134.37-432.26--/**-+^2+*/-^-193.16/,-432.26-134.37-12.06/-853.84*-983.48*-158.2--702.07**2+-911.88+792.04*-627.89/-713.13**1--668.68/719.89
-293.54-416.95734.79-296.14658.42-158.33-544.39284.62-477.51+*-*-861.26-247.82970.28-887.23+-^/-+^2+--468.21,-477.51+284.62*-544.39-(-887.23+970.28--247.82--861.26)*-158.33/658.42--296.14**2+734.79+-416.95--293.54-(468.21)
-51.95*-429.03*+^-540.2/-851.81*77.28-326.43-31.68506.38330.26586.75*-/333.14197.11-812.43-^1***-,-429.03*-528.78**1+-51.95/(-851.81*(586.75*330.26-(-812.43**1-197.11*333.14)/506.38*-31.68*-326.43-77.28))
/288.86-382.48-703.02328.66/+^2*-*^57.45466.43/1+^2150.13784.35-917.91-/-152.7^1,328.66/-703.02**2+-382.48*288.86*(466.43/57.45)**1--679.16**2+(-917.91-784.35/150.13-(152.7**1))
290.8-674.22336.5-212.64113.66421.06-39.16211.56+-+/724.76-551.31863.67-827.72599.0-//-^2-^1+//,211.56+-39.16-421.06+(599.0--827.72+863.67/-551.31**2-724.76)/113.66**1--212.64+336.5/-674.22/290.8
579.3-747.97-181.51580.68-210.53206.44921.74**+-^1-125.42-291.88++^2-+^2+-900.45545.04-905.29-*,921.74*206.44*-210.53**1-(-291.88+-125.42)+580.68**2+-181.51/-747.97**2+579.3+(-905.29-545.04*-900.45)
760.32749.34114.89^-^1+*672.18-932.63*-^1+-288.81154.12818.28-942.51-825.9-/*+/-330.69^2,-674.16**1-114.89*(-932.63-672.18)+749.34**1-760.32+(-825.9--942.51/818.28*154.12+-288.81/(-330.69**2))
291.43653.789.06-429.23479.59-696.71-164.03878.79-769.99-350.56-370.66-925.62312.08*-+/+*/-^2-+-/^-508.78,312.08*-925.62--370.66+-350.56/-769.99+878.79*-164.03/-696.71**2-479.59--429.23+9.06*653.78/291.43**2
-900.53-286.19231.8-368.41-619.36-619.76^-126.4841.06199.04821.35509.01298.48/-^1-/*+/*+/--+,298.48/509.01**1-821.35-199.04/41.06*-126.48+-888.62/-619.76*-619.36+-368.41/231.8-286.19-191.07+-900.53
-26.33--969.33-516.62-708.73-593.36++//704.13815.39488.87513.16-822.6190.26252.78490.53-271.86//-+++*-^2,-26.33-(-593.36+-708.73+-516.62/-969.33/(-271.86/490.53/252.78*190.26+-822.6+513.16+488.87*815.39**2-704.13))
-924.8-896.43-657.27450.77260.33-846.06530.93179.31558.26--+++-331.26-595.08788.36-384.48+^1*--^2-**,558.26-179.31-530.93+-846.06+(-384.48**1+788.36*-595.08--331.26)+260.33**2-450.77--657.27*-896.43*-924.8
779.16-929.17-304.19*+^2--489.68-719.48839.14139.33-555.06832.49-895.43670.58+^1/+-^1////405.09,-304.19*-929.17**2+779.16-(670.58**1+-895.43/832.49+-555.06**1-139.33/839.14/-719.48/-489.68/(405.09))
475.34860.41497.79-83.13-709.93-273.43-262.46-97.86499.9888.9927.11127.57920.53-^1*/*/*+**-^1-+,920.53**1-127.57*927.11/888.9-499.9/-97.86*-262.46+-273.43*-709.93*-83.13**1-497.79-860.41+475.34
-578.46-655.84197.55/-311.57-868.76830.44652.09470.04870.19-913.04934.25-++-^1**-*++*+^1+,232.15+934.25+-913.04**1-870.19*470.04*652.09-830.44*-868.76+-311.57+-743.21*197.55**1+-655.84+-578.46
-171.52584.54-320.43308.94581.01-0.42349.67392.61672.75/++//-^1-^1/*-874.14-959.59-446.24-332.88++*,672.75/392.61+349.67+-0.42/581.01/308.94**1--320.43**1-584.54/-171.52*(-332.88+-446.24+-959.59*-874.14)
585.67595.37-386.65-575.2//--766.94706.22-725.42852.2576.76-396.21^**++*-746.78864.97+*118.33971.73-^1,-575.2/-386.65/595.37-585.67-(-396.21/76.76*852.25*-725.42+706.22*(864.97+-746.78)+766.94*(971.73**1-118.33))
548.28/923.17+-29.31-86.24-+^1-680.94282.27-605.57-59.53-433.16913.31279.08+^2-/*+^2-*,548.28/(923.17+(-86.24--29.31**1+(279.08**2+913.31-433.16/-187.89*-59.53**2+-605.57-282.27*-680.94)))
-470.16669.13^*-568.94/++^1/-808.93-34.06426.31293.69-306.49*+^2+^2-*268.09-619.62-,-568.94/-430.98+206.25**1+669.13/-470.16-(-306.49*293.69**2+426.31**2+-34.06-808.93*(-619.62-268.09))
-329.6226.09609.59566.52942.83-43.68416.08-618.01963.3-392.6-468.24-28.99-+-/+/+-531.35-534.7++^1+-*,-28.99--468.24+-392.6-963.3/-618.01+416.08/-43.68-(-534.7+531.35)+942.83**1+566.52+609.59-226.09*-329.6
824.34-+^242.03406.55551.66+^2+2325.63704.75197.88642.37++^2/+-588.63997.61-+-364.59231.03+,824.34+(551.66**2+406.55+242.03)**2-(642.37+197.88**2+704.75/325.63+(997.61--588.63+(231.03+-364.59)))
780.48105.45241.81-180.49176.07208.58635.83915.87**+*-84.44-643.87735.67-271.26-176.81+^^1-^2-+++/,915.87*635.83*208.58+(-176.81+-271.26**1+735.67**2--643.87--84.44)*176.07+-180.49+241.81+105.45/780.48
-915.38-541.84489.99*967.73+^2+//-981.34-530.61-780.62*+-+^1-345.0503.96-687.92460.47-^2*-,967.73**2+68.14+489.99/(-780.62*-530.61+-981.34)/-541.84--915.38**1+(460.47**2--687.92*503.96--345.0)
828.36605.64-617.3-665.9-719.46587.42344.85-141.44-436.28310.24-201.68-884.95623.71/*/**-^1//+^2-/-,623.71/-884.95*-201.68/310.24*-436.28*-141.44**1-344.85/587.42/-719.46**2+-665.9--617.3/605.64-828.36
-728.78664.66-243.56*-810.372.93550.87-^1/+-821.92*243.32-403.16-595.76-224.06789.82+*-/+-/+-,550.87**1-2.93/-810.37-(789.82+-224.06*-595.76--403.16/243.32+480.93-821.92)+-724.94/-243.56+664.66--728.78
-130.52/526.79-785.78*-364.32-706.43742.6-22.3952.15880.66--**++^2295.21-246.83+-619.68*-+*960.5,-130.52/(-785.78*526.79-(880.66-52.15--22.39*742.6*-706.43+364.32**2+(-619.68*-19.77--246.83+295.21*(960.5))))
834.32116.98-94.86-128.9489.28455.53-179.83-667.56-538.09*^+^1+^1+/*-^1+649.89/863.79326.88*,-538.09*-667.56+-179.83**1+455.53**1+489.28+-128.9/-94.86*116.98**1-834.32+(649.89/(326.88*863.79))
-8.7-^1210.41+-742.92801.47201.89552.43**-/-340.92*-405.92+-485.71826.27-577.88-223.37-106.45-571.89+/-/*,-8.7**1-(210.41+(552.43*201.89*801.47--742.92/(-340.92*(-405.92+(-571.89+-106.45/-223.37--577.88/826.27*-485.71)))))
59.38723.96-150.35++*-52.7+468.14956.38+*201.22707.89-848.39-^1*--547.51^682.15428.2/-^1-,-150.35+723.96+59.38*(-52.7+(956.38*(-848.39**1-707.89*201.22)+468.14-(428.2/682.15**1--313.71--547.51)))
-289.06+-737.42-273.21-499.46-390.52-922.99243.16-359.08-113.09710.18402.69+*+++///-/851.3165.56+^2++,402.69+710.18*-113.09+-359.08+243.16+-922.99/-390.52/-499.46/-273.21/(165.56**2+851.3)--737.42+-322.41+-289.06
-704.78-742.85875.77-339.89-666.63731.22-532.56-851.84-738.2261.11434.16+/-*-///+-^1*-356.33222.08-^1,434.16+61.11/-738.22--851.84*-532.56-731.22/-666.63/-339.89/875.77+-742.85**1--704.78*(222.08**1--356.33)
541.76-628.49665.79962.3223.96412.89+^1-^2//*+444.52-945.61688.47-737.77-564.82^+^2+^2-,(412.89**1+23.96**2-962.32/665.79/-628.49*541.76+(-564.82*-737.77**2+688.47**2+-945.61-444.52))
-230.08213.39387.97144.31885.85-960.23-112.88303.77803.6230.11-640.49+^1+-*+-824.89-244.59/-*++-^2,-640.49**1+230.11+803.6-303.77*-112.88-(-244.59/824.89)+-960.23-885.85*144.31+387.97+213.39**2--230.08
492.63809.38787.84298.15-651.54-26.75+-^1+^2-*/-207.71-92.37922.2645.52-509.93++-+^2^2,(-26.75+-651.54**1-298.15**2+787.84-809.38/(-509.93+645.52+922.2--92.37**2+-207.71)*492.63**2)
-274.45+^2376.36856.63-460.69-138.81-609.16-89.5669.55//+-*/-^1^602.83-797.38-908.13586.33/++*,-274.45**2+(669.55/-89.5/-609.16+-138.81--460.69*856.63/376.36**1-(586.33/-908.13+-797.38+602.83*-252.43))
468.87-731.86-722.4537.0-473.88682.9283.37+-241.46-863.7-44.31261.83960.99**+^2+^1-+/+//^1,(960.99*261.83*-44.31**2+-863.7**1+-241.46)+283.37-682.9+-473.88/537.0+-722.4/-731.86/468.87**1
-894.9284.58970.88-803.81-634.13-974.85233.09-17.26+^1+--+-216.6344.22105.18--+/508.91764.41/+^1-,-17.26**1+233.09+-974.85--634.13+(105.18-44.22--216.63)--803.81/(764.41/508.91)+970.88**1+84.58--894.92
664.75--258.11-196.83***-+1777.35-584.6317.07**+^1-489.69-432.16-237.51*/323.63709.96331.91-+,664.75-(158.34*-196.83*-258.11**1-(317.07*-584.6*777.35**1+(-489.69-(-237.51/(331.91-709.96+323.63)*432.16))))
-330.41597.74959.37203.03-266.33-166.3374.5203.9257.91-259.59*+-/+^2-//-*-984.82915.52640.58945.31//+,-259.59*257.91+203.9-374.5/-166.3**2+-266.33-203.03/959.37/597.74--330.41*(945.31/640.58/915.52+-984.82)
-457.98933.93-3.51468.83324.46-686.15-616.52-547.9531.54-*+*-/*+^1--648.94-299.11595.87877.41+^2+-,31.54--547.95*-616.52+-686.15*324.46/468.83/-3.51*933.93**1+-457.98-(877.41**2+595.87+-299.11--648.94)
-349.86570.93900.89217.52-496.85605.87-6.48645.96-988.62881.15842.19-39.33-**/+--^2+*++^1^1,-39.33-842.19*881.15*-988.62/645.96+-6.48-605.87**2--496.85+217.52*900.89+570.93**1+-349.86**1
192.63-592.26755.76364.75+658.77-527.64137.96***--*+-+^927.48-407.14*2909.44459.67-657.17*-^1,137.96*-527.64*658.77*295.43-364.75-755.76*-592.26+192.63+(-407.14*927.48)**2-(-657.17*459.67**1-909.44)
255.93505.27-52.15-535.44764.53-584.53645.45-+^2*+-^2137.95174.89-792.16906.98324.76-438.49+/-+-/-,645.45--584.53**2+764.53*-535.44**2-(-438.49+324.76/906.98--792.16+174.89-137.95)+-52.15/505.27-255.93
0.26-999.68-578.85-893.21-813.78-939.64-211.66-/-+^2/*/-507.15970.98/+-855.92-992.845.06--^1//,-211.66--939.64/-813.78--893.21**2+-578.85/-999.68/(970.98/-507.15)*0.26+(-194.89**1-45.06/-992.8/-855.92)
-386.77-324.8817.19167.01796.68799.78-804.03127.6652.53-448.89/*-^1-+1**-*+^1+-161.54359.3+,-448.89/652.53*127.6**1--804.03**1-799.78*796.68*167.01-17.19*-324.88**1+-386.77+(359.3+-161.54)
828.2-230.12836.66870.57-244.39/-67.16193.78-890.19-553.86-564.21-*-*-898.38-877.81*+^1/*/+^2-+,-564.21--553.86*-890.19-(-877.81*-898.38)*193.78**1+-67.16/405.77*-244.39/870.57**2+836.66--230.12+828.2
176.16379.27761.0968.8673.47*/+*-^1945.420.13353.39-458.7295.0496.6659.83278.51-+++++^2/,(73.47*968.86/761.0+379.27*176.16**1-(278.51-59.83+96.66+295.04+-458.7+353.39**2+20.13/945.4))
-924.15704.74-974.62-661.391.96373.16479.03//-45.42759.23-923.09346.2-474.22-593.87-*/+^1/+-*-^2*,479.03/(-593.87*-474.22*346.2/-923.09**1+759.23/-45.42)/373.16+1.96--661.39*-974.62**2-704.74*-924.15
-507.13755.92-708.77-509.38890.93-693.16709.644.36---867.9-553.65-826.39+^2+//+^1*+/840.88876.94/*,4.36-(-826.39**2+-553.65+-867.9)-709.64/-693.16/890.93**1+-509.38*-708.77+(876.94/840.88)/755.92*-507.13
675.35+-122.26^**53.5644.09-286.87-647.83//--669.06-515.09-567.57338.69+^1-+/-502.8981.42939.17+-,-122.26*-452.03*675.35*(-647.83/-286.87/44.09-53.56-(338.69**1+-567.57--515.09+(939.17+981.42--502.8)/669.06))
-967.49-900.31824.57768.63+^1/*/258.51488.55494.58-459.98189.17159.74--^2+^-970.93+^1//*,768.63**1+824.57/-900.31*-967.49/(159.74-189.17**2--459.98**2+494.58**1+488.55/258.51/(-737.17))
669.7296.7750.79519.49598.38-976.69-277.31673.23-439.15349.67-852.08340.16+-^1-^2-+*-/-/-/+,-113.28**1-340.16**2--852.08-349.67+-439.15*673.23--277.31/-976.69-598.38/519.49-50.79/96.77+669.72
691.33-553.12963.22292.63-422.15764.42-+//*+/2686.0632.7-17.22912.75-^2/-957.19886.93-^26.46*+,764.42--422.15+292.63/963.22/-553.12*691.33**2+(912.75**2-(886.93**2--957.19)/-17.22*32.7+686.06)
954.27-560.48//849.84628.3-844.22-891.19-170.76-899.33-240.53-772.89-299.85+*-824.1582.68+^-915.53*/+^1//+/,-560.48/954.27/(-299.85*(82.68**2+-824.15)+-772.89*-240.53/-899.33**1+-170.76/-891.19/-844.22+628.3/849.84)
986.73-188.35473.86545.0839.6259.01748.35-385.22/-^1++-^1-/-^2529.15757.62/-^2-593.64,-385.22/748.35**1-259.01/839.6+545.0**1-473.86--188.35/986.73**2-(757.62/529.15**2-(-593.64))
*-606.15-587.53352.25340.96-+^2+*/403.58663.18-24.32593.86-^2/+-^-636.25411.25195.26*/2,340.96-352.25**2+-587.53+-606.15*567.7/(593.86**2--24.32/663.18-(195.26*411.25/-636.25)**2+403.58)
-163.87817.74-822.77844.8-410.32685.05228.55-519.19660.45-248.19-71.13-802.44-426.43-951.85+-*+*/-^2/-----,-951.85+-426.43--802.44*-71.13+-248.19*660.45/-519.19**2-228.55/685.05--410.32-844.8--822.77-817.74--163.87
+-128.82-989.98108.6999.33+^2+^1-58.39-192.04571.47-575.91-917.85+++//-450.61354.79-677.76-359.37/+*,(999.33**2+108.6**1+-989.98--128.82)+(-917.85+-575.91+571.47+-192.04/58.39/(-359.37/-677.76+354.79*-450.61))
983.3-^2408.26/415.72-44.17-980.54*+-89.19287.05-207.57463.37-600.64-449.5//638.28641.62-/-^1/*,983.3**2-(408.26/(-980.54*-44.17+415.72-(-449.5/(641.62-638.28)/-600.64/463.37**1--207.57/287.05*89.19)))
642.5-343.37669.53224.22-+^1/+-979.94-468.23-836.04938.85933.88-468.97-673.41-800.47643.21+*+--/++^1,224.22-669.53**1+-343.37/642.5+(643.21+-800.47*-673.41+-468.97-933.88-938.85/-836.04+-468.23**1+-979.94)
+-22.57-14.07597.41-451.33573.19-866.19-335.19450.6+^1+-^1-739.26-795.79576.19--^1+*+/*-,450.6**1+-335.19**1-(576.19--795.79**1--739.26)+-866.19+573.19*-451.33+597.41/-14.07*-22.57--481.29
-851.42-138.53116.27931.31*--+^2197.69-857.08+--374.89263.68-171.27912.58+^2*/*-27.57-85.8436.61**,931.31*116.27--138.53--851.42**2+(-857.08+197.69-(912.58**2+-171.27*263.68/-374.89*(436.61*-85.8+-27.57)))
520.26856.37-508.0394.08-365.2969.87368.99717.1131.88*-++-/-^2/--380.42325.24-440.58-837.47-709.78-+*-,31.88*717.11-368.99+69.87+-365.29-394.08/-508.0**2-856.37/520.26-(-709.78--837.47+-440.58*325.24--380.42)
54.51491.51448.55249.76-518.69^461.54-355.2220.89421.03++^2+^1/+^1---^2+^2,421.03+220.89**2+-355.2**1+461.54/-886.73**1+-518.69-249.76-448.55**2-491.51**2+54.51
-644.42441.05+*166.0-936.95-^-41.1-739.43288.47-947.46++--^106.82-585.5783.87-275.77-/+22*^2,(-936.95-166.0)*(-947.46+288.47+-739.43-(-275.77-783.87/-585.5+106.82)**2--41.1)**2+441.05*-644.42**2
-441.84-116.2948.1-77.3361.89955.83-479.79-/*/+-^2+246.56-787.76-996.63743.99-15.1/+^2/-*-513.27,-479.79-955.83/61.89*-77.33/48.1+-116.29**2--441.84+(-15.1/743.99**2+-996.63/-787.76-246.56*(-513.27))
502.99^+^787.02232.09-723.07-947.17219.94+*+^1-^21+^2/-583.07717.9-476.36+^1/,(219.94/-947.17*-723.07**1+232.09**2-787.02)**1+644.74**2+502.99/(-476.36**1+717.9/-583.07)
136.47516.4-860.52-530.1452.71*+^2/+/199.42440.05-926.18*-836.64941.24-136.14370.31*+*/*/*/*,469.7**2+52.71/-530.14+(370.31*-136.14+941.24*-836.64/420.45*-926.18/440.05*199.42)/-860.52/516.4*136.47
798.14899.75764.5-27.49588.78545.42-62.43-190.02593.0251.12-^1+^1-^1+^2/--+^2-,(251.12**1-593.0**1+-190.02**1--62.43**2+545.42/588.78--27.49-764.5**2+899.75-798.14)
965.08-152.4-256.36-380.68470.59+-660.99236.46--**++-/-944.48-896.23--^-610.01886.23-430.18574.29/--2,236.46--660.99-200.63*470.59*-380.68+-256.36+-152.4-965.08/(-896.23-(574.29/-430.18-886.23--610.01)**2--944.48)
-979.11-732.5-253.46-945.44+-^1+^2++1-430.03961.77/+-2.61-49.08577.85-841.15-837.25+//+^1,-945.44+-253.46**1--732.5**2+-979.11**1+(961.77/-430.03+(-837.25+-841.15/577.85/-49.08**1+-2.61))
-568.83-63.32-347.72-33.82-918.81877.64-*+*860.01-509.09333.33-805.86-794.24-228.57*---^2/-+/-^2,877.64--918.81*-33.82*(411.3--228.57--794.24**2--805.86/333.33--509.09+860.01)+-347.72/-63.32**2--568.83
-243.92-561.33**-752.5975.37786.12-855.11457.61-854.7248.21-468.14-828.09414.86*-*//*+^1**/-541.37^1,-561.33*(414.86*-828.09--468.14*48.21/-854.72/457.61*-855.11**1+786.12*975.37*-752.5)*-243.92/(-541.37**1)
596.15538.08667.9270.36*-519.53374.56-85.36-532.45255.28738.35*/+^2//*/+-^2+^2^1,738.35*255.28/-532.45**2+-85.36/374.56/-519.53*-725.21/270.36+667.9**2-538.08**2+596.15**1
-114.77-540.82252.9992.37606.83313.18-699.140.96+-^1-+^2/+^1++++-58.27-381.75-843.38*-,(854.9**1-40.96--699.1**2+313.18/606.83**1+992.37+252.9+-540.82+-114.77+(-843.38*-381.75--58.27))
836.15445.96154.33554.02-142.14-428.84221.62^792.75688.14722.3497.13***--^2+/+^1/*-^1,497.13*722.3*688.14*792.75--155.02**2-221.62+-428.84/-142.14**1+554.02/154.33-445.96**1-836.15
**-317.76305.29-784.14573.7788.17-504.6762.48/-/*-*^301.6678.43571.66-894.55-54.04/+-/1-^1,464.14*(762.48/-504.6-88.17/573.77*-784.14*(-54.04/-894.55+571.66/78.43/301.66)**1-305.29**1--317.76)
223.22-12.51-918.84*-+537.96-*-950.43-158.66/826.85-1.53-628.56552.55726.21-622.6639.57^*-^-647.89-//^2,(-918.84*-12.51-223.22+(537.96-(-158.66/-950.43)*(639.57--622.6*726.21**2-552.55--628.56/-1.53/826.85**2)))
379.21547.0961.32828.5-157.76-678.81-850.1--760.12++^2970.96-589.3-/*/-^1++/*-233.26-792.72-,-760.12**2+(-589.3-970.96)+-334.56/-850.1*-678.81/-157.76**1-828.5+61.32+547.09/379.21*(-792.72--233.26)
-636.31322.38-891.29343.71685.68461.82-173.76990.53-407.57-^1-**-+-*-723.98488.19869.38244.1*+-^2/,-407.57**1-990.53--173.76*461.82*685.68-343.71+-891.29*(244.1*869.38+488.19**2--723.98)-322.38/-636.31
579.35-336.79/+-^2/168.37382.32886.18-246.09-171.0457.78*+*/+-567.43677.87-437.07877.04-+^2*-625.82,-336.79/579.35**2-(57.78*-171.04+-246.09*886.18/382.32+168.37)/(877.04--437.07**2+677.87*-567.43)+(-625.82)
-590.74*124.18863.54-44.17-846.05-226.07411.95*+*^-824.4764.78-1-+^1/--760.4577.94-660.03--+532.09,-590.74*(411.95*-226.07*(764.78--824.4)**1+-846.05--44.17**1+863.54/124.18-(-660.03-77.94--760.45+(532.09)))
154.29-960.26890.48+^2--^1-597.84-785.01907.96+^1-*987.05-427.57327.04+^1-^1+,(890.48**2+-960.26-154.29**1-(907.96**1+-785.01--597.84*(327.04**1+427.57**1-961.99+987.05)))
-504.43385.3409.55-574.6651.63-828.54*-**+^2--855.66*346.58412.43*/727.92356.75*/304.84252.55-247.95//,-828.54*651.63--574.6*409.55*385.3**2+-504.43-(-855.66*(412.43*346.58/(356.75*727.92/(-247.95/252.55/304.84))))
603.26403.04-761.74-*757.26320.69-370.03-+-^191.66294.83**-573.8-699.21*1-+119.79216.79771.92--^1,-761.74-(-370.03-320.69-(294.83*(-699.21*-573.8)*191.66)**1+757.26)*403.04+(771.92-216.79**1-119.79)-603.26
-456.76-53.62-216.98116.32-559.77330.52356.44-674.01882.08-653.72-167.7213.15-248.65//*-/++-^1/-^1-+,-248.65/13.15/-167.72*-653.72-882.08/-674.01+356.44+330.52**1--559.77/116.32**1--216.98--53.62+-456.76
-797.02-201.51683.96-398.42686.3+*+++^2373.48-259.12+^2+*-385.41-103.42593.02-948.79++^2*,686.3+-398.42*683.96+201.51**2+(-259.12**2+373.48)+833.42+-797.02*(-948.79+593.02**2+-103.42*-385.41)
-941.7460.06/+^2670.07-128.59-57.76-47.98580.69897.28-^2++^1--^-363.97-847.49-990.15*-1+,60.06--941.74**2+(897.28**2-580.69+-47.98**1+-57.76-(-990.15*-847.49--363.97)**1--128.59+670.07)
777.24-711.39-87.88466.89+*//^2897.33799.0617.26-988.4145.74-941.529.95339.23++-**-^1-^2,466.89+-87.88*-711.39/777.24**2+(339.23+29.95+-941.5-145.74*-988.4*617.26**1-799.0**2-897.33)
-855.14-28.68779.96562.98-673.67473.79-385.83-^239.97-^1/*/-745.91181.78+*951.22-894.81-625.67/+*-^1,-385.83**2-473.79**1--673.67/562.98/(181.78+(-625.67/-894.81+951.22)*-745.91)*779.96*-28.68**1--855.14
-656.12-916.09-937.97-494.19-115.31-140.26-175.44-785.5-558.49530.79-1.09931.06-739.05/++//*-^2-^+++-837.43,-739.05/931.06+-1.09+530.79/-558.49+-785.5*-175.44**2--140.26--115.31/-494.19+-937.97+-916.09+-656.12-(837.43)
-380.32-572.0360.49-345.99-740.59-495.57*-/+^1---771.31-874.1966.2963.18780.85^+/*-^1/^2,-495.57*-740.59--345.99/60.49**1+-572.03--380.32-(905.49+780.85/63.18*66.29**1--874.19**2+-771.31)
-683.14883.74+^2-104.05391.4495.46-485.61-528.03-*/*503.46/++^673.75-35.19-477.15-283.88+--2+,883.74**2+-683.14-(-528.03--485.61/(503.46/-317.23)*495.46+(-283.88+-477.15--35.19-673.75)**2+391.4+104.05)
294.99-606.09+/275.9346.11/-980.95432.42-915.85740.84-++*/+*^861.58-671.33-641.04+^2*1^1,-606.09+(740.84--915.85+432.42+-980.95*-968.85/346.11*(-641.04**2+-671.33*861.58)**1+275.9)/294.99**1
-117.1-566.47-723.65-288.24205.87494.26180.57-459.37-630.02-+-75.48105.28-827.73-341.45-*-^2++-^1/*-,-630.02--459.37-(-341.45--827.73*105.28**2-75.48)+180.57+494.26+205.87**1--288.24/-723.65*-566.47--117.1
-96.68-598.64-513.97664.87209.415.94706.62303.3-469.7+-403.38818.85//-773.71-43.43*/+^1**+^2---,(818.85/-403.38)+(-43.43*-773.71)*-469.7/303.3**1+706.62*5.94*209.41**2-664.87--513.97--598.64--96.68
326.98-829.79++^607.81156.21+^2954.64-333.92274.07-83.35-374.59-330.36-620.8**-^2-^1/+/2,-829.79+326.98**2+(156.21**2+(-620.8*-330.36*-374.59**2--83.35**1-274.07/-333.92**2+954.64))
187.56-753.82952.03753.19-256.36399.85828.36*+++/-^1*-870.53748.24994.52-^2++-943.46744.91-238.88*+,828.36*399.85+-256.36+753.19+952.03/-753.82**1-187.56*(994.52**2-748.24+-870.53+(-238.88*744.91*-943.46))
456.91-323.7-438.14416.29*+^1++^2812.74127.2-435.06-881.8-885.59881.18-/--+/-47.62-949.49627.72+-,(416.29*-438.14**1+-323.7+456.91**2+(881.18--885.59/-881.8--435.06-127.2+812.74/(627.72+-949.49--47.62)))
391.6596.98304.79-153.03872.16-398.06582.38-160.364.75-117.64127.8-751.64473.03*-+/-*+-^2-^1-//,473.03*-751.64-127.8+-117.64/4.75--160.36*582.38+-398.06**2-872.16**1--153.03-304.79/96.98/391.65
486.87-628.51-592.8-836.53153.68-977.55--^1*-^2++436.55451.65-712.63-784.72997.44-702.02*-+-^2+,-977.55-153.68**1--836.53*-592.8**2--628.51+(-702.02*997.44--784.72+-712.63**2-451.65+436.55)+486.87
-694.1984.89-179.95+*-^1175.71-922.68--^239.59499.74-368.32408.61/+---681.31-282.96+^2*+-599.31,-179.95+84.89*-694.19**1-(-922.68-175.71-(408.61--368.32+499.74-(-282.96**2+-681.31)-239.59*447.13+(-599.31)))
-61.1-645.9683.6-450.98-668.18439.58-548.05456.79-+/85.91562.86-988.75990.28+-^1+//-+/*-700.53-491.21/,456.79--548.05/(990.28+-988.75**1-562.86+85.91)+439.58/-668.18+-450.98/683.6+-645.9/-61.1*(-491.21/-700.53)
-585.57991.79112.88-248.08956.095.71120.34328.17-746.34849.45--^1310.62-936.31-+*+/-^2+/+^2,(849.45**1-(-936.31-310.62)--746.34+328.17-120.34+95.71/956.0**2--248.08+112.88/991.79+-585.57**2)
-141.71713.1190.948.16-803.51-907.84915.64-647.05480.78-175.03*-^1/++--^2*+*855.15-636.43764.41/*,-175.03*480.78**1--647.05/915.64+-907.84+-803.51-48.16**2-190.9*713.1+-141.71*(764.41/-636.43*855.15)
126.13371.72-512.02268.9596.64806.88-+/++^1-667.79--713.27--+-^-910.5861.7-520.16*/2^2,806.88-96.64+268.95/-512.02**1+(-713.27-369.37--667.79)+371.72-(-520.16*861.7/-910.5)**2+126.13**2
307.85590.21938.56-327.69-892.23-703.66267.39-469.39298.33+^809.088.82-^22/-^2*--^1++-,(8.82**2-809.08)**2+298.33/-469.39**2-267.39*-703.66--892.23**1--327.69+938.56+590.21-307.85
368.1152.93+^877.71592.98975.28112.9484.27-901.5*++/-807.68-425.86583.78406.97-246.88**++^2/+2+,(-901.5*84.27/112.94+(-246.88*406.97*583.78+-425.86**2+-807.68)/975.28/592.98+877.71)**2+52.93+368.11
-755.65-539.71519.09*+^-984.75-+-865.4-108.15745.97859.89-186.36342.8-+^1/+^1-+-515.69591.94+,519.09*-539.71**1+-755.65-(342.8--186.36**1+859.89/745.97**1+-108.15--865.4+411.62-(591.94+515.69))
-822.88-319.21662.51-682.37-181.77/545.72-445.98830.77-992.07//++^-95.87*+-++^1-683.1694.21+^2,-992.07/830.77/-445.98+545.72**2+270.0*-181.77+-682.37-662.51+-319.21**1+-822.88-(94.21+683.16**2)
781.34-414.73-732.58374.4-866.31-641.89872.23787.57*--^1*-^1-^1++780.84-209.4883.99--^1,787.57*872.23/-641.89**1--866.31*374.4**1--732.58**1--414.73+781.34+(83.99--209.48**1-780.84)
643.93613.11-677.22590.74-593.0597.85-*+/+/822.3338.92*+^1-796.32-626.52-^1/-790.08-690.58-^1,597.85--593.0*590.74+-677.22/613.11/(338.92*822.3)+643.93**1+(-626.52**1--796.32/(-690.58**1--790.08))
-829.93515.67343.44960.1-130.94-823.21291.47/*+^1*+/682.68-255.96-771.45738.83-519.55-255.82/---/-^1,291.47/-823.21*-130.94**1+960.1*343.44+(-255.82/-519.55-738.83--771.45--255.96/682.68)/515.67**1--829.93
-887.0-206.91346.08-34.012.23170.79623.7458.67-203.57863.2200.77255.62-/-/-***--+^1-33.17-155.97-,255.62-200.77/863.2--203.57/458.67-623.7*170.79*12.23*-34.0-346.08--206.91**1+-887.0-(-155.97-33.17)
154.12348.71269.27*//-238.42216.5-401.66763.89292.8-857.22*+-**--396.67+^1-257.82-471.4-236.43+^2,269.27*348.71/(-857.22*292.8+763.89--401.66*216.5*-238.42)/154.12-(-396.67**1+(-257.82-(-236.43**2+471.4)))
-590.46-367.16758.16-257.97-239.765.74963.64633.61-974.65-*+^1/--^1//--996.84578.24355.53^/*-,-974.65-633.61*963.64**1+5.74/-239.76--257.97**1-758.16/-367.16/-590.46-(831.7/355.53*578.24--996.84)
-581.78-297.22-186.5776.39153.48-49.25-+--1+^2//-586.73186.71-533.63+^2**60.58797.86-788.2*/,-49.25-153.48+776.39**1--186.5**2+-297.22/-581.78/(-533.63**2+186.71*(-788.2*797.86/60.58)*-586.73)
-836.23550.52513.02-463.47-818.1-713.93/+*+/-26.49-632.11-10.09-71.75/*/**557.39/-973.47-^-452.53-941.06873.66/,-713.93/-818.1+-463.47+513.02/(-71.75/-10.09*-632.11/-26.49)+550.52*-836.23*(557.39/(-973.47**2-(873.66/-941.06)))
119.59-932.28287.7494.06785.79-/-/-212.02*-199.93-952.99-+^2120.34428.96837.31-222.23771.8/+^*/-,119.59-(785.79-494.06/287.7-932.28/(-952.99**2+(771.8/-222.23+837.31-428.96*120.34)--199.93/652.42--212.02))
-827.33-966.16*90.48450.79--/-520.05648.12185.5-^2+-627.93-325.55231.89723.01+-^2++^2^+,450.79-(185.5**2-648.12+-520.05)/(723.01+231.89**2--325.55+-627.93)-90.48**2+353.31*-966.16+-827.33
-855.4-533.42224.74*+/-443.11-937.04-254.66537.92-391.65989.66-378.26181.97*+//-+^1706.04-777.79893.26/-*-,224.74*-533.42+-855.4/(181.97*-378.26+989.66/-391.65/537.92**1+(893.26/-777.79-706.04)--254.66*-937.04--443.11)
280.98-784.79-250.91-923.72*+-^2+-744.44-999.52-449.98776.09^***-243.02-821.31265.97-325.6-350.14++**,-923.72*-250.91+-784.79**2-280.98-(-4.23*776.09*-449.98*-999.52-744.44)+(-350.14+-325.6+265.97*-821.31*243.02)
605.89-883.26-535.49-895.84-33.12903.74-747.49-608.17466.06-418.44779.81260.41-622.16/-^2*/*++/*/+*^1,-622.16/260.41**2-779.81*-418.44/466.06*-608.17+-747.49+903.74/-33.12*-895.84/-535.49+-883.26*605.89**1
765.22-929.3-359.33-436.39-675.96*-470.24-653.89-844.91/+^2^^2/**/*/-242.78631.71-*-829.09-118.96-,-844.91/-653.89**2+-470.24**2-966.45/-675.96*-436.39*-359.33/-929.3*765.22/(631.71--242.78*(-118.96--829.09))
435.48968.42477.15-748.3393.03268.15-406.3559.03-66.49623.37508.8-720.06-677.86++^2*/+*+^1/-/*/,-677.86+-720.06**2+508.8*623.37/-66.49+559.03*-406.3**1+268.15/93.03*-748.33/477.15*968.42/435.48
-657.68178.48926.18-510.94-933.85-976.47--^1-*+*-921.98-525.83312.89-643.59+^-239.15-**973.52-936.63-/-679.27,-976.47--933.85**1--510.94-926.18*178.48+-657.68*(-643.59**2+312.89--525.83*-921.98*(-936.63-973.52/(-679.27)))
548.56--939.92-805.53554.54-770.01++++^1943.38734.62196.13-117.48613.34175.43+^2-^2+++^2,548.56-(-770.01+554.54+-805.53+-939.92**1+(175.43**2+613.34**2--117.48+196.13+734.62**2+943.38))
-173.34921.99713.3411.38-774.26-865.97-460.05-698.7664.97-+^2-^2-^2+/-+^2+-915.15170.66/,664.97--698.7**2+-460.05**2--865.97**2--774.26+11.38/713.34-921.99**2+-173.34+(170.66/-915.15)
996.99758.3755.66-414.12-599.02289.32-975.58-455.96-882.52977.44-256.09-382.64291.33-^2---+/-^2+++--,291.33**2--382.64--256.09-977.44--882.52+-455.96/-975.58**2-289.32+-599.02+-414.12+55.66-758.37-996.99
597.16763.63+-948.03-844.01612.9-77.66/+^2-/777.61406.15-692.6-^2//+^2+^2-,-77.66/612.9**2+844.01-(-692.6**2-406.15/777.61)/95.13/-948.03**2+950.37**2+763.63-597.16
-997.03866.49822.04-420.31145.16-117.53149.28147.82-827.8/-+-^1-+^-984.56765.38-666.87500.52-+*1/-*,-827.8/147.82-149.28+-117.53**1-145.16+(500.52--666.87+765.38*-984.56)**1--420.31/822.04-866.49*-997.03
764.1-65.61953.07-650.43-832.48472.37325.09-750.7136.39702.22393.33-+^1/-^2+^2*+-/-^2,393.33-702.22**1+136.39/-750.7**2-325.09**2+472.37*-832.48+-650.43-953.07/-65.61-764.1**2
918.5410.97-990.68220.77906.01980.78962.81-^2*///--+^1992.02--936.65/-^2-101.82-263.47/,962.81**2-980.78*906.01/220.77/-990.68/10.97-918.54**1+(-936.65/-117.39**2-992.02)-(-263.47/-101.82)
660.93-951.0679.75-260.68-533.14480.37-467.86-290.55504.95+/*/--*-^1+^2-562.89990.8-372.37-938.93+**,504.95+-290.55/-467.86*480.37/-533.14--260.68-79.75*-951.06**1-660.93**2+(-938.93+-372.37*990.8*-562.89)
184.27-485.12-703.19541.08-230.7-362.43933.95/-*/-713.41-661.85/231.7996.14691.6946.62/--/-**+^2*,933.95/-362.43--230.7/(946.62/691.6-96.14-231.79/209.48--661.85*-713.41)*541.08*-703.19**2+-485.12*184.27
-538.88-270.44+204.0332.16-154.4854.76476.49*-^2-+-*+-319.07450.75-995.73106.2955.1/+*++1,476.49*54.76**2--154.48-32.16+204.03-89.27*-270.44+-538.88-(955.1/106.2+-995.73*450.75+319.07**1)
+-461.69-868.18-309.34970.62-76.31519.64-688.15-460.4-79.8188.84-900.15-365.97+//*--*--*--^1^1,-365.97+-900.15/188.84/-79.8*-460.4--688.15-519.64*-76.31-970.62--309.34*-868.18--461.69**1--868.73**1
-588.54-603.91-574.93678.09-425.85574.8-717.67*+^2+^2*/-+^2892.51198.2229.32506.46/+^1+,-717.67*574.8**2+-425.85**2+678.09*-574.93/-603.91--588.54**2+(506.46/229.32**1+198.2+892.51)
40.0-369.770.57706.2910.8877.08-667.87-+^1--*++298.71-825.71-482.5-479.32+/-6.65-535.42/*+^-384.26,-667.87-77.08**1+910.88-706.2-70.57*-369.7+40.0+(-479.32*(-535.42/-6.65)+-482.5*-825.71+298.71**1)
594.4351.31-538.33-693.44--535.53533.88372.39-197.52759.49147.25-924.33+^1-^1+/-++/-/^2+,-924.33**1+147.25**1-759.49+-197.52/372.39-533.88+-535.53+-774.6/-693.44--538.33**2+351.31+594.4
-929.64394.1-96.72976.13-822.83526.1960.1-565.59-260.94-167.95-161.05-631.99-886.15-^2//-^2+/+/*/++,-886.15**2--631.99/-161.05/-167.95**2--260.94+-565.59/60.1+526.19/-822.83*976.13/-96.72+394.1+-929.64
-693.17-914.5-643.66343.42949.69-322.99928.66142.19-++/***+654.42-337.11-606.34-979.66502.35/*-*-965.18-334.89*-,142.19-928.66+-322.99+949.69/343.42*-643.66*-914.5*-693.17+(502.35/-979.66*-606.34-(-334.89*-965.18)*-337.11-654.42)
428.25-800.31-^734.06563.51/*351.14358.66-449.33-535.58-105.61--+-2+^1/+953.16-512.19339.59-++,(563.51*(-105.61--535.58--449.33+358.66-351.14)/734.06)**2--800.31**1+(339.59--512.19+953.16+231.13)/428.25
-759.37-523.33-765.76236.45^-660.48-+-*-405.56-812.1833.4-533.11782.74-807.27-/-^2*+//909.54-353.85-+,(-660.48--9.25+236.45-(-807.27-782.74/-533.11**2-33.4*-812.18+-405.56)*-765.76/(-353.85-909.54)/-523.33+-759.37)
112.05454.64-574.77605.22595.87763.29974.07+^2++/-^1**170.94-356.89751.58-370.76-841.0*/-^1/,974.07**2+763.29+595.87+605.22/-574.77**1-454.64*112.05+(-841.0*-370.76/751.58**1--356.89/170.94)
-446.06+122.2976.9713.91-378.86192.19-622.43103.29431.03/--+/*-^1*978.64^724.85+^2260.29*738.42,-446.06+(431.03/103.29--622.43-192.19+-378.86/13.91*976.97**1-122.2*(978.64-(724.85**2+(260.29*(738.42)))))
844.41-725.4356.1725.5-282.41-551.03695.41/++^2-+^1-^2+-912.15716.95-564.35431.76-45.17--//,695.41/-551.03+-282.41**2+725.5-56.1**1+-725.43**2-844.41+(-45.17-431.76--564.35/716.95/-912.15)
-471.15-367.16+-189.09964.43221.91390.23-281.94-720.42+^2**/*-277.12136.43-402.39-+^1+/-^2/,-720.42**2+-281.94*390.23*221.91*(-402.39-136.43**1+-277.12)/964.43+-189.09/-54.24**2--367.16/-471.15
138.08-766.7947.97/-798.46-80.58868.49308.78++****+*-861.45122.24349.470.73-955.26-+-+978.81-241.68--,308.78+868.49+-80.58*-798.46*-555.81*47.97*-766.79+138.08*(-955.26-70.73+349.4+(-241.68-978.81)-122.24--861.45)
-271.5167.53684.9-231.73617.94*-+-+^1708.91964.25-911.73-365.6161.71++^2-+-^1-271.41-848.43/,617.94*-231.73*684.9+167.53--271.5**1+(61.71+-365.61**2+-911.73-964.25+708.91**1-(-848.43/-271.41))
-501.91133.53-239.84282.8434.95951.18-117.68+-*182.02733.07681.62360.05207.64-670.47---+*//-^2-^2,-117.68+951.18-(-670.47-207.64-360.05-681.62+733.07*182.02)*34.95/282.84/-239.84**2-133.53--501.91**2
^773.04181.53-571.12-229.5129.09942.8760.14-771.7-649.17-7.74-688.2-/*+^1*-+^2--+^1*,-688.2--7.74/-649.17*-771.7**1+60.14*942.87-129.09**2+-229.5--571.12-181.53**1+773.04*396.66
-615.15-132.33-286.92-16.48-985.01-92.5-21.96-405.46-576.16-316.93-805.02735.43-985.03-*--^2/*+---^747.6*/,-985.03-735.43*-805.02--316.93**2--576.16/-405.46*-21.96+-92.5--985.01--16.48**1--286.92*-132.33/-615.15
-915.23443.95-406.17-896.71862.13724.46-338.43//-955.36-240.11947.43-///*+^1+--/730.4+-253.32-465.85-,(947.43--240.11/-955.36)/-971.96/-338.43/724.46*862.13**1+-896.71+-406.17-443.95--915.23/(730.4+(-465.85--253.32))
820.85-105.07205.34586.7-747.58*-+-^1**^266.01-886.57-209.9+-^21582.06-286.8287.68-/+-500.5,-747.58*586.7-205.34+-105.07**1-820.85*(-209.9+-886.57**2-266.01)**1-(87.68--286.82/582.06+(-500.5))
-816.11-250.23-605.51-421.26-639.11-82.69-37.76477.89+613.59-409.7-649.7243.82-^-/-^1-++^1-+*+,43.82--649.72--409.7-613.59/-613.48**1-477.89--37.76+-82.69**1+-639.11--421.26+-605.51*-250.23+-816.11
-527.33394.44704.46-460.9-152.33+-3.17-272.47313.09218.86172.78-792.35164.72*++^1+^1*+/*/-^1,(164.72*-792.35+172.78**1+218.86**1+313.09*-272.47+-3.17)+-152.33/-460.9*704.46/394.44**1--527.33
-569.3927.08*+-893.33395.37-557.65-837.27466.07-176.41-176.11+**/+/+-525.32734.69-938.04226.69314.88-721.9/*/-+,(27.08*-569.39+(-176.11+-176.41-466.07*-837.27/-557.65+395.37/-893.33+(-721.9/314.88*226.69/-938.04-734.69+-525.32)))
-933.51927.16858.28625.98-659.55-297.85-408.54731.81549.42-817.42---^2/-*+^2/-849.19882.85/*+*943.51,-817.42-549.42-731.81**2--408.54/-297.85--659.55*625.98**2+(882.85/-849.19)/858.28*927.16+-933.51*(943.51)
-347.94739.24-328.48696.74-577.87-567.05458.84-+^1-565.41^920.06*390.72+^2++^2/+///,(458.84**1+(390.72**2+498.87+920.06**2+-323.4/-565.41)-567.05)--577.87+696.74/-328.48/739.24/-347.94
885.32-933.14594.76-538.93416.01892.08-402.07377.7829.62638.72-397.39435.25+/*^2+^2+^2/+//*/,435.25+-397.39/638.72**2-29.62**2+377.78**2+-402.07/892.08/416.01/-538.93/594.76*-933.14/885.32
809.63114.84-274.08534.39-920.06489.05558.5/-+--^2/+^2-^1--267.54-734.17-608.19-+^1,213.03-558.5+489.05--920.06**2-534.39/-274.08**2+114.84**1-809.63-(-608.19--734.17**1+-267.54)
-78.69-375.61-377.82-793.87238.99355.26-510.17569.41-/-^1*--^2---503.81808.42--736.68124.72-877.07/+,(569.41--510.17/355.26**1-238.99*-793.87--377.82**2--375.61--78.69-(808.42--503.81-(-877.07/124.72+736.68)))
-568.74/-83.1/613.62975.61281.81785.14399.64548.65-139.08-/-640.83-377.03-/-+-^2-^1*-/+,-139.08-(-377.03--640.83)/548.65/399.64-785.14+281.81**2-975.61**1-613.62*-43.53--83.1/-310.17+-568.74
-509.65470.83201.87109.96-735.87302.6-246.38191.28966.144.3*+-^2/+^1-^2+-^2++2,4.3*966.14+191.28**2--246.38/302.6**1+-735.87**2-109.96+201.87**2-470.83**2+-509.65
166.68-579.18934.49-631.72+*969.52-574.35*----283.45792.64+-814.0-457.32-^2+/*+^1-835.74*25.6,-631.72+(-574.35*969.52)*934.49--579.18-166.68-(-457.32**2--814.0+-801.63/792.64*-283.45**1+(-835.74*(25.6)))
*+^1-759.85280.75894.69-979.62-948.8^390.76954.52769.47-615.71-^2--^2+/*+^2**,390.08**1+(-615.71**2-769.47-954.52**2-390.76+-449.67/-948.8*-979.62**2+894.69*280.75*-759.85)
-551.27-308.78-431.13-533.56-824.68/-694.82-519.15871.22-533.47-200.89-73.06-421.15-^2+^1/**/+/*++/,-421.15**2--73.06**1+-200.89/-533.47*871.22*-519.15/-694.82+-429.63/-824.68*-533.56+-431.13+-308.78/-551.27
-133.17924.78901.5344.94-351.85-345.0875.68906.59125.9490.3932.84++-372.77519.02+*-^2--//*++/-73.07,932.84+(519.02+-372.77)+90.3*125.94**2-906.59-75.68--345.08/-351.85/344.94*901.5+924.78+-133.17/(-73.07)
641.18660.68182.1197.02146.93+*----125.74484.47762.5-370.26758.99814.77-366.16-^2+/+-+^2^1,146.93+197.02*182.1-660.68-(-366.16**2-814.77+758.99/-370.26+762.5-484.47**2--125.74)-641.18**1
-283.12-246.16876.0-979.74-757.6+-^1+**-705.92-44.64-652.55479.76-549.41551.32-827.02638.33/-^1-**++,-757.6+-979.74**1-876.0+-246.16*-283.12*(638.33/-827.02**1-551.32--549.41*479.76*-652.55+-44.64+-705.92)
630.76648.89-187.69-715.26-841.76-751.45704.55119.01-577.87+385.7-384.71/-753.07++2-/-/-++/*+^2,(-753.07**2+-762.22--384.71/385.7)+-577.87-119.01/704.55--751.45+-841.76+-715.26/-187.69*648.89**2+630.76
-34.42-728.04358.04203.68-756.17-874.22-893.25-194.35675.9337.16-441.1++**-^1*++^1++^1^1,-441.1+37.16+675.93*-194.35*-893.25**1--874.22*-756.17+203.68**1+358.04+-728.04**1+-34.42**1
344.65592.92288.2495.86339.69389.27651.75^-643.5668.56618.6//++/*/+/++/+^2242.16-541.92*,-777.46/618.6+68.56+-643.56/-459.9*651.75/389.27+339.69/95.86+288.24+592.92/344.65**2+(-541.92*242.16)
50.87372.48-749.94-880.54-254.76227.96602.59-2.45++^2+^1**715.17-799.63639.45-^2*-^2*+,-2.45+602.59**2+227.96**1+-254.76*(639.45**2--799.63*715.17)*-880.54**2--749.94*372.48+50.87
-266.52-152.24-759.26-643.43380.56312.42981.72450.78--^2**//-*-610.32-65.89-541.19-929.91940.14//-^2/,450.78-981.72**2-312.42*380.56*-643.43/-759.26/-152.24--266.52*(940.14/-929.91/-541.19**2--65.89/-610.32)
45.14+^1578.25984.37-69.51-171.76768.05+^2-*+--128.96537.06-806.22-819.27-852.44+-^1+^1-,45.14**1+(768.05**2+-171.76--69.51*984.37+578.25-(-852.44+-819.27**1--806.22**1+537.06--128.96))
-238.55157.44826.45-709.33214.19470.0173.21+/-335.32-810.26-*-+^-740.47-31.39/2-^-375.29+-1/^1,73.21+(-810.26--335.32)/470.01*214.19+(-31.39/-740.47)**2--709.33**1-826.45**1+157.44/-238.55**1
367.24839.76398.56-367.0110.38-538.36-168.83-529.02-312.39964.18342.98-934.19--/-^1/*//-+^1/^1,-934.19-342.98-964.18/-312.39**1--529.02/-168.83*-538.36/10.38/-367.01-398.56**1+839.76**1-367.24
56.32-400.06967.42-838.52*/*+544.29-104.79-728.6-621.07874.54-56.61634.72-526.96371.35-774.71*-++*+*+^2*,-838.52*967.42/-400.06*56.32+(-774.71*371.35--526.96+634.72+-56.61*874.54+-621.07*-728.6**2+-104.79*544.29)
200.53862.24-712.98-79.41837.65*74.11-316.38587.81-/-259.68648.11*-*+^2-/+/*304.04514.31+^1,587.81/(648.11*-259.68)--316.38-74.11*-11.13**2+837.65--79.41/-712.98+862.24*(514.31**1+304.04)/200.53
598.12472.08-522.85-743.97-316.94400.16++^1-+/-*^-723.57-417.55-454.06-15.13*/*1^582.89550.22-1,400.16+-316.94**1+-743.97--522.85+472.08/598.12*(-15.13*-454.06/-417.55*-723.57)**1-(550.22-582.89)**1
-195.34-494.22-235.04-558.31-596.8-60.19-912.06-400.79-949.65-118.6-209.26-545.8*^2++*+^1*---+/^1,-545.8**2+-209.26+-118.6+-949.65*-400.79**1+-912.06*-60.19--596.8--558.31--235.04+-494.22/-195.34**1
-909.22603.75539.88-208.74459.02-973.59++/107.48+-^2**-/-59.93-871.17171.78-627.61-43.94*++-^1,-973.59+459.02+(-167.27**2-107.48)/-208.74*539.88*603.75/(-43.94*-627.61+171.78+-871.17**1--59.93)--909.22
506.4398.26-846.95-979.57-436.34-826.73-901.4177.31--189.99**+^1-^1//-890.41737.41*+^2-*-,-189.99*788.66*177.31**1+-901.4**1--826.73/(737.41*-890.41)/-436.34**2+-979.57--846.95*98.26-506.43
-108.64517.18645.98497.48-604.83-760.63433.08-227.39197.03-201.03428.13-81.84757.143.79**++///*^//*+^1,43.79*757.1*-81.84+428.13+-201.03/197.03/-227.39/433.08*-760.63/-604.83/497.48/645.98*517.18**1+-108.64
-354.81-282.41-372.33-239.02++^2++176.23788.8126.39-565.23-419.48-^1/*-+^2-221.48-431.3-^1,-239.02+-372.33**2+-282.41+-354.81+(-419.48**1--565.23/26.39*788.81-176.23**2+(-431.3**1--221.48))
985.32939.6-136.14337.81184.47+^494.41739.87549.38-776.5472.5-491.85-620.49178.88*+*--++1*/+-^2,(178.88*-620.49+-491.85*72.5--776.54-549.38+739.87+494.41)**1+184.47*337.81/-136.14+939.6**2-985.32
-390.84690.2359.8753.37-286.96-730.31*-^1-^2/-^-142.04+*375.22860.97/572.31+1.43-410.14659.71*-,-730.31*-286.96**1-53.37**2-59.87/690.23**1--390.84*(860.97/375.22)+(572.31+(659.71*-410.14-1.43))
-110.83347.7+*-574.46-17.33906.74467.08-595.72551.08176.03168.08-++-*++-+^1-+--346.77-351.8*,168.08-176.03+551.08+-595.72-467.08*906.74+-17.33+-574.46--420.92**1+-513.53-347.7-(-351.8*-346.77)+-110.83
-616.22-2.73+^72.2-778.12-^2*233.23-959.06*2-*1-^2-834.73-556.98921.17/++^2601.66,(-778.12**2-(-959.06*233.23)*72.2)**2+-2.73**1--616.22**2-(921.17/-556.98+-834.73**2+(601.66))
770.19841.56766.89-666.74847.17-0.74528.51-862.49-118.49193.45292.63402.51884.93+//--/*/+/*-+-718.23-33.1/,884.93+402.51/292.63/193.45--118.49--862.49+528.51*-0.74/847.17+-666.74/766.89*841.56-770.19+(-33.1/-718.23)
697.55979.12-298.25-846.7689.98--916.5-793.87-//-+*-865.86-879.97893.68-37.86+-^1706.93-878.35-+/^2,(-793.87--916.5)-89.98/-846.76/-298.25/979.12+697.55*(-37.86**1-(-878.35-706.93)+893.68+-879.97/-865.86**2)
-884.74-693.66-919.62--768.93623.36240.2193.13*782.53-44.47575.51-690.76409.52386.89+*/-+**//++--*,386.89+409.52*-690.76/575.51--44.47+782.53*617.88*193.13/240.2/623.36+-768.93+-256.9--919.62--693.66*-884.74
-393.5+-388.62968.95187.08++*+^2*-700.42-^2-837.25-111.32+^2*223.37793.43544.61-^1-,187.08+968.95+-388.62*-181.07**2+-393.5*(-700.42**2-(-111.32**2+-837.25*(544.61**1-793.43-223.37)))
-508.41-582.0559.05-746.53451.49-510.33-372.5644.03517.21191.17171.76-568.92-466.06334.74+^764.79+/++*/-++/+*,334.74**1+-466.06+-568.92/171.76+191.17+517.21*44.03/-372.56--510.33+451.49+-746.53/59.05+-582.05*-508.41
-695.07877.31-507.92480.7941.74-677.35488.47-853.23-637.58960.11/*-+/*-/-140.65-595.92-//+571.23-5.0-^1,960.11/-637.58*-853.23*488.47+-677.35/41.74*480.79-(-595.92--140.65)/-507.92/877.31/-695.07+(-5.0**1-571.23)
715.99-593.9638.49-851.03309.28464.97162.67-116.81660.78-+-901.19-141.75543.83-352.75++*/181.51-192.19*+-**/**,660.78-(-352.75+543.83+-141.75+-901.19)-(-192.19*181.51)/-116.81+162.67-464.97*309.28*-851.03/638.49*-593.9*715.99
-965.11-36.89/*/-381.93-826.08148.27661.57-455.33422.57874.59-195.58-+^1-+/**168.86--595.2310.35+^1,-36.89+-965.11/(-195.58-874.59**1+422.57--455.33+661.57/148.27*-826.08*-381.93)*(168.86-(310.35**1+-595.2))
237.26-687.58343.67230.38-413.19807.18-199.23-934.7259.77*+--^1+-^1*-/+++-999.0636.71+,59.77*-934.72+-199.23-807.18**1--413.19+230.38**1-343.67*-687.58/(-662.68+873.62)-237.26-(36.71+999.06)
679.52*277.67525.68402.16599.54-^2*/*403.85-709.08-519.48-931.95-981.09-348.66***-+-^1-984.38+73.46,(679.52*(599.54**2-402.16*525.68/277.67*(-348.66*-981.09*-931.95*-519.48--709.08+403.85**1-(-984.38+(73.46)))))
17.87-356.73234.76-886.16774.09-151.91-264.04-892.15--^2+^1+/*+706.72593.18-432.12383.2632.17++*-,(-892.15-264.04)--151.91**2-774.09**1+-886.16+234.76/-356.73*17.87+(32.17+383.26+-432.12+593.18-706.72)
906.75+-503.67-391.9215.31-614.36++^1+/-860.41-99.99-187.34-490.91-920.96325.27-^2/+^2+^1+,(906.75+(-614.36+215.31**1+-391.9+-503.67/(325.27**2--920.96/-490.91**2+-187.34**1+-99.99+-860.41)))
-333.33-551.69/+786.32457.2-653.29947.89-623.07-50.57780.3591.65-14.28+-^-879.3-+/**+*^840.71582.08-1,-551.69/-333.33+(-14.28+91.65**1-780.35--50.57+-623.07/947.89*-653.29*457.2+786.32*(582.08-840.71)**1)
396.36/-849.89-76.88-482.05-294.48+++/-310.84738.25-*225.07-51.41-+^1^-153.56-58.97260.68-73.96-//1,396.36/(-294.48+-482.05+-76.88+(738.25--310.84)/-849.89*(-51.41-225.07**1+(-73.96-260.68--58.97/-153.56)**1))
832.66684.47-178.02+-+^2707.41-80.06366.64-/+//-491.9-326.99-^1-169.71748.62568.86--^2,-178.02+684.47-832.66**2+(-31.46/366.64+-80.06/707.41/(-326.99**1--491.9-(568.86-748.62**2-169.71)))
-959.35*458.85492.58-332.28849.94553.1551.53-774.16*++^1-/+--387.1292.7-373.56665.49+-+^2-*,-774.16*51.53+553.15**1+849.94--332.28/492.58-(665.49+-373.56-92.7**2+-387.12)+458.85-42.85*-959.35
-665.18-574.15+^2--^-237.94-647.35949.83-493.87656.82+/-+1/61.32-723.71-6.81++*+^2-817.18,-574.15**2+-665.18-(656.82+-493.87/949.83--647.35+-237.94)**1-(-6.81+-723.71+61.32*-511.96**2+(-817.18))
46.44-371.4-929.13-280.75-156.26-964.78-638.35+*+/*/+541.13-126.0*-^1111.79-589.83-544.47444.05*-^2/,-638.35+-964.78*-156.26+-280.75/-929.13*-371.4/46.44+(-126.0*541.13**1-(444.05*-544.47**2--589.83/111.79))
-267.46378.57-583.91953.84646.49-124.54728.15/-^2-^1-+**298.03-804.7634.17-520.66-^1+^2*,728.15/-124.54**2-646.49**1-953.84--583.91+378.57*-267.46*(-520.66**1-634.17**2+-804.7*298.03)
-518.83-705.42-976.01-65.1-231.21-304.74410.64571.51-209.52+-732.08905.48623.72**+//+^-256.21++^1*-/+,623.72*905.48*-732.08+-480.57/-209.52/571.51**1+410.64+-304.74**1+-231.21*-65.1--976.01/-705.42+-518.83
150.24-828.99/-566.39-^1351.22-565.12-815.47439.22661.73-6.12-792.38111.79//-^1-/*-^2+/,-828.99/150.24-(566.39**1-(860.6/111.79**1--792.38--6.12/661.73*439.22**2--815.47+-565.12/351.22))
-355.3511.01-891.9-532.09-954.12394.86361.63971.19-594.26*-*^710.8186.86955.18854.96878.17*-//2++-**-,-594.26*971.19*(878.17*854.96-955.18/186.86/710.8)**2-361.63+394.86+-954.12--532.09*-891.9*511.01--355.3
879.3-254.64973.96-157.84613.7360.18-570.58380.36515.68-^2*/*+/++/-997.51-574.02779.38+/+^1*,515.68**2-380.36*-570.58/360.18*613.7+-157.84/973.96+-254.64+879.3/(779.38+-574.02/-997.51**1+(342.18))
833.67*759.57+^1-273.66205.3776.05303.99933.26-260.57765.95-/*^1/+^1-+^2-331.34-82.06-,833.67*(759.57**1+(765.95--260.57/933.26**1+303.99/776.05**1+205.3--273.66**2+(-82.06--331.34)))
-386.37601.0195.45-/++-746.87381.76-858.5-+^1^290.34-578.63+--21.84160.41254.28-^1-1+-526.78,195.45-601.0/-386.37+(-858.5**1+(-578.63-(254.28**1-160.41--21.84)+290.34)**1-381.76+-746.87)+(-526.78)
266.98950.04753.68-174.45-777.12-394.95-587.12-201.11/++207.25-33.11-972.2126.33+-^2+^1/+-+^1*,-201.11/-587.12+(126.33+-972.2**2--33.11**1+207.25)+-394.95/-777.12+-174.45-753.68**1+950.04*266.98
142.4637.86-814.18-122.33337.92438.74-300.82-++*----^62.73-679.19238.68-397.22291.98-724.63+/+/+1-551.02,-300.82-438.74+337.92+-122.33*-814.18-637.86-142.4-(-724.63+291.98/-397.22+238.68/-679.19+62.73)**1+(-551.02)
833.6-496.0194.91565.5-90.17-761.65244.37410.19-724.45-356.5*/-700.54736.03906.37///-^2*++-2/++,(-356.5/(906.37/736.03/-700.54)*-724.45/410.19**2-244.37*-761.65+-90.17**2+565.5/194.91+-496.0+833.6)
155.51*-746.9-346.32/***711.07-94.9396.84-843.46-231.09///*-^2-106.1693.81-721.88-^2*^1,-346.32/-746.9*-546.87*155.51*(-231.09/-843.46/96.84/-94.93*711.07**2-(-721.88**2-93.81*-106.16**1))
568.18376.51-842.1+/-605.89-382.6838.94+^103.31-/1-+-674.87985.02540.18-450.1-855.92375.24-/++-^2,-842.1+(838.94**1+-382.6**1--605.89)/376.51+(375.24--855.92/-450.1+540.18+985.02**2--674.87)-568.18
-623.454.63-536.25978.23.18-547.15911.43-700.92-684.65*-+-^1-^1++556.71-839.42+^1-^1/,-684.65*-700.92-911.43+-547.15**1-3.18**1-978.2+(-839.42**1+556.71)+-536.25**1-54.63/-623.4
795.01-151.87-782.93-++/^376.67-265.56-580.66*++^238.56122.24/21653.74-^277.09250.01-782.18**,-782.93--151.87+795.01/(-580.66*-265.56+(122.24/238.56)**2+376.67)**1+(653.74**2-(-782.18*250.01*77.09))
52.07-83.21-918.72-250.87-955.55-414.09733.08*+^1+*--61.31-931.88//**770.62-892.92972.5-123.93-886.88/+-/,733.08*-414.09**1+-955.55+-250.87-(-931.88/-61.31)+-918.72/-83.21*52.07*(-886.88/-123.93+972.5--892.92/770.62)
-346.11621.79-962.59443.28*-388.63333.06-106.28-224.44-//+*-/+^2/-997.8125.99-389.98734.0--^2/,(-224.44--106.28/333.06/-388.63+639.8*443.28--962.59/621.79**2+-346.11-(734.0--389.98**2-125.99/-997.8))
-871.91923.85101.1-506.74-136.75-228.49-307.47-88.0-^2/*+^2-^1-^1/+^1^1,88.0**2--280.98/-307.47*-228.49**2+-136.75**1--506.74**1-101.1/923.85**1+-871.91**1
