Formula,Result
*35.29+-72.66-66.37/-7.21/-57.07/84.56/-4.72*69.6+-99.25+61.09*-16.61*-93.14/-80.35*56.44-92.31,-2405.2211937069765
--15.95--88.95*-96.86-47.67+-24.75--92.72--3.51+-27.77/-60.4/-14.06/9.9+-94.78--4.32/*-48.36,4647.576642425982
/-52.66+-10.67*21.01+91.9*93.39/-73.51/-85.54+21.76--86.63*96.88/71.17+-99.35*75.2+59.16-40.67,1899.2765022905694
--24.81--73.02+-79.62+2.97+3.03--21.83//*13.88/49.46/-41.79+-34.03*30.26+++47.4213.68,1276.7551018184583
-6.04+92.09--12.19*-43.53--49.74+-49.15/-18.46+**-74.85+-23.23-97.02+6.84+-10.95--67.76-45.97,-417.8196443254815
-19.83-49.09/31.7*-88.92+65.77--99.56--58.72*32.42*16.21--19.25/63.6/-1.0*75.32/-16.6697.21,10069.620155689663
-47.45+-/11.55/-26.89-*+15.79+-89.27/-40.0-64.61*56.94*17.29-3.26-33.99/-50.78-62.01,-3320.745204907037
*-60.6-45.4--+-88.17+83.92-*-79.16+-68.5--53.18+--58.48*-13.56*80.3/-95.48-40.32,193.93991666666716
--59.69*-30.15*26.46--31.19-+*28.86*58.94/80.29+23.89--80.11+92.26-3.86+-20.17/-20.5554.01,-30573.05937224061
--91.56--51.29+-3.88*69.82/82.02+-7.79+8.6+87.13/-37.79/9.18*65.67+-99.12*37.63+-97.26-,-4329.376107849018
/58.02/-6.31+66.9-25.01/-70.47*35.51/-49.92*73.68-54.61+-80.67*-79.64+-76.35-56.67+-8.55-58.86,152.86386060477344
*44.9/-34.48*-24.93-75.58--96.0/79.86/31.68//+-19.19--8.5--24.9+-8.3-3.39+69.43-10.23,4737.946528798566
/58.43-64.75*35.32+-14.05+-91.97*7.94+38.93*-14.76*---49.27--80.8+38.33-20.27--3.89-56.58,47678.06772582239
--14.58*-71.11+-45.99*-59.07+68.18-54.19+73.52*//-87.79-71.5-43.94/17.62/-44.32+20.54-35.8,-7374.389839546137
*21.56+-70.97*-49.74--8.22*-17.27*-88.92*85.9--79.1*90.47*69.59-79.23--37.7+11.02+-28.2168.34,9935273.99910626
--76.98/*/75.08*-38.55--79.49+-5.02*-60.07+-5.69/61.78*-81.32--10.51+-55.93+66.7+-68.2845.99,32.472654877857224
-19.64-81.85*37.05--50.73+-89.64*26.19/84.53/49.97/-64.42*14.94+-96.08/-67.55*-97.74/30.0334.29,1912.0045726470973
*-20.55*0.05+-32.82*71.88/-14.99+53.43-34.13+98.24/-97.06+-6.68+89.48*-+-64.99*-34.8-92.9,8848.870368895728
-76.07+-83.61--34.43+--46.43+-48.71--44.05--53.41--39.9-26.1/-48.62--29.49/*+-7.45-18.12,297.1926478091765
--39.6/-67.83*41.2-54.66/-50.96/-33.83/-52.07*64.11--76.64--20.18--57.11+19.07/-38.51--3.614.85,10.691362296760689
-25.62*67.45-39.78+21.53*89.97-14.8--56.26/67.31+/-22.75+-77.16+-61.29-49.82/-9.1369.42,-1195.758584586219
*48.62-1.7+3.11*85.64+65.78--65.15--2.87*-96.58*32.6/82.0/71.26+-26.59+-1.57/66.71-16.84,3138.9657366896536
*-4.75+-54.6*72.25+42.3+81.18*-90.75+82.44-58.01*4.64*48.58+19.38*-16.94+68.52+25.25-75.54,-9606.202856
--30.12-21.21*-40.82-77.56+31.75/-68.35/-51.79--89.05+73.91/-35.93--9.38+46.76/64.84/*-84.97,2966.056787292933
*74.98*21.73--84.56/-81.37-79.05-73.1*98.36*49.42--97.75/70.13*89.18--6.32/-8.45*-87.54-18.28,616910.0133357457
/39.75+-15.63--94.73+99.43*48.38/-31.45/11.67/-46.01+57.22/+-4.53+13.04+86.89--94.5629.76,-267.57399332265913
/94.8--33.54+-15.33+45.33+-59.12*16.71*89.2*-5.23+/--59.96+0.54*6.18*82.73+39.9-17.95,149880.90920735028
/-22.03/28.98*-93.47+-45.18-76.55+26.58-35.33/-13.15*41.79*-90.26/47.29+-38.24**+85.27-85.22,6291.94884736949
*21.74*8.22*28.12*11.12-42.71+-41.2-18.96/87.22-77.05/96.98--28.58/-77.87+97.33*-79.39-68.51,2392109.9018981555
*-19.43+-99.2/80.39*90.47/-82.38+-85.72+34.52*72.28+-6.53+**-75.99*-84.09+34.09*86.0575.46,-209947.31475991427
*-30.17-40.19*-50.65/5.69+-47.57/-46.82*39.83+34.52-11.58/41.27/37.69/98.85/-93.88/-13.38-10.41,-1248.676251501401
*8.41*-73.7*16.07-93.69/83.7--72.13*43.32/84.35*99.19/66.23+-85.26*-92.11*37.99+68.7546.67,-129526.59785532567
*-+-26.71*77.0*74.96+70.43*40.64/14.3--68.57+54.77*35.22*-6.63+-9.3/-48.51/-8.3771.7,410132.0364027187
+-38.49--56.03--58.84+//25.14/27.32/67.73+26.29/48.23/96.23-14.59--76.61/-76.88--86.9222.84,112.05308319572006
/-48.78*-11.82-25.68+-8.64+49.3/91.3-73.58+41.36-/*-79.32*-23.19/84.72/-77.11+-27.59-30.23,8.37981604800196
+88.21+-17.25--84.6/12.87*-60.48--10.76-94.56+80.56+-41.14+83.97--41.54--37.8/-48.84/-5.3352.71,-152.1335446692636
+66.85/-98.48/78.47+-55.79+-51.18/-3.8-88.87-99.58*-24.5--80.43/-68.55/-8.31+-48.32--4.43-76.69,-1982.0345459044006
/-86.48/28.71/-93.08+92.7+-52.1/67.33--46.12/1.27*-23.71+-72.81+28.37-27.71+-87.06-84.5343.28,1907.9670247846345
+-79.14-35.97/68.89-90.79*--37.42/50.15-53.69--19.44*-42.69+-37.43+27.67/-94.23+-45.0732.81,1542.83957293989
*25.44+-32.3+57.77+15.66*47.26*32.75--94.6+-64.14+-21.57-74.63/90.59*14.57/-30.83-18.98-53.83,-146164.7971590974
*45.97-64.09/-91.75+85.05/+*23.47*22.26--87.08--38.14/-97.29/-82.54/-15.09+78.34-*-93.69,7221.229383943938
+-95.93*0.85--61.1+-63.16--2.85+54.11/-62.06+-27.62+-29.06-42.88/-6.15/92.45-12.34*-39.44-48.8,-115.22255994158654
+-80.68+85.39*-38.82/-58.55*42.42+-78.14+55.33*-57.65+-27.4-*-6.84/89.59--99.57*-16.17-2.38,-2513.3933444303293
+1.92--56.17/40.36-25.66--96.55+-96.08/63.1*25.06/-65.02+91.87--55.46*20.87*26.78/64.39/,21.004046367128446
*-83.85*86.18+-90.42*-24.07--92.11+-23.39-22.62--86.25/26.94--72.78/48.14+-22.85-99.0*-74.5840.57,658868.9063000063
+3.01*-71.24/51.16--66.99*42.85-73.85+-21.02+4.18+85.84/-8.13+-14.21-43.69*6.14*/1.29,-2650.29662338413
+-5.88/-59.48*97.59///82.1*-99.47*-95.52*69.51+13.21*62.15/69.24-38.24--54.86+53.2439.54,-187.40661603910704
/57.2-94.86--6.79-71.51*-59.91--13.83+40.12+--76.73--3.61/60.42*-36.81-29.66+-81.1859.19,-566.4213228198857
/-53.74*73.86*-73.69--75.29+-45.4+-99.74+54.4+//54.23/-46.74+95.96--25.87-25.53*-65.292.05,-2468.440013160629
/-*-72.49/-90.04/-69.31*-61.41-60.45--42.2*87.88-86.11+32.22+51.72*-32.77*-47.1/+58.09,-7035.983114202384
/0.22--73.23+-35.47/61.44+-64.36*-98.58*11.44--67.38--19.47--92.2+70.97/-1.04+-72.86/-17.54-63.97,78144.04763674382
*75.89*-19.25/-66.0/-55.89-20.26*46.51*12.63+47.48-34.73+-0.83--25.4+-23.82+-90.01*-53.71-45.74,-25575.248123844314
-62.49--48.34+-99.96/19.4+-46.84+-94.38/29.6+90.55-88.86+47.74+-3.62+62.2-32.8-20.37-59.57,288.0227153023015
*-24.05+19.41-42.69/-7.74--+45.71+-48.64/54.21/33.77*93.86/53.01/38.37/63.06/24.12-75.11,-518.1932795764533
*-81.88*55.09*-17.31*-51.51--70.53/-9.77+-63.49/-14.06+60.16--72.48+46.41+-83.0+-30.0-22.33-,283669686.1077043
*-4.42*4.02/25.9/83.07-88.19+74.19+-93.16*97.2+-10.52/*/58.58--30.21+37.72/-69.9380.56,-1192.2959609514387
-12.13*86.63+*--6.47+2.31*-44.71/-22.69--46.61-58.07/-34.71--74.27-51.88*52.43*64.4696.74,-319627.4120905897
/-/-52.05+-58.65+-72.11*55.48/-87.03/55.68--71.07*-30.87**/-67.34/36.28+80.23/87.4797.34,6034.741139364319
-24.44*-56.0-53.4+-75.05--20.62+77.89+33.49-79.26/-31.27--95.18/22.89/75.41*-40.59/-55.9-27.02,3241.8752267344044
/-15.82*19.79*65.72+17.54--5.93--11.08--64.16/98.7/*-53.66*34.15*57.32--85.66*-67.0774.05,166826.33526942824
*38.29*83.89/-60.72-0.95*86.06+3.92+52.1--92.82+77.62/97.43*-74.69/-32.4/-17.95/3.81-12.41,-205763.94320090496
+47.85/-4.34/-61.35+-2.81+-12.31+5.36+-89.64***16.8*-51.79/-62.97/78.31/-18.5/41.4539.18,-97.44384488675438
+-99.72+-73.04*-51.1+-70.76-78.39/-49.23*-76.37/-*-*-12.66/47.34*26.11--40.05/-29.73-57.27,3855.1716419172203
/-11.9/-42.52--27.54--89.27*60.23/-21.49+20.47+79.79*-22.27*44.93/69.67*99.77+12.44//-60.76,-8460.936609465645
/14.68*+-7.6+-77.58/44.28+-40.29-72.28+-39.96*-58.47/28.7--41.06-84.95/23.49*79.24-61.07,83.75324893853268
-*--6.03/8.22/35.48-63.55-79.81*-68.95*-73.85--37.93+94.25+66.17+17.42+-50.03-94.6938.82,-193273.1216206305
+59.87*-52.67/*+-35.35-62.71*-52.26*-50.07/-41.24+-67.95+10.83-7.17/-99.49**+51.429.12,-1547.8152703115284
/42.1/16.8*-51.68/-35.94*-8.31/14.23*-6.34+-85.5+-12.88--84.15+*/79.38-29.01-*63.18,-213.15844115722433
/36.55--30.78+-24.62/90.58/56.95+-10.42+68.83-39.33/64.33-16.33-*/-84.46*39.48+73.45/,205.6729204952555
+30.93-69.66+8.09/1.66*-75.6--98.32+-59.79/49.61/-70.62+93.49*63.18+81.33/45.41+-91.77-74.37,5218.005940200981
+-8.64+52.26+-86.31+-31.76+77.25+-70.19+++-30.33+-50.95--5.98+55.49+62.84/-65.05+92.771.13,-93.19172599784252
/-98.01--87.28-/--53.78*-2.85--72.76/59.44*-13.34+-34.14-52.74-21.18*70.26*-20.02--14.43-22.72,-20493.43615829815
/-56.23/82.23*2.66/-54.34-16.55*-75.58*-35.05+-79.92+-87.11+96.45/47.63*-37.49/-88.7-+47.08,211648.5166508242
/28.96-/--79.48+-30.72-15.02+27.08/-58.04/-78.11/39.46+21.74/-81.26-86.05/0.81*-35.1387.05,-2959.1171366587178
-17.14+88.98-+/70.14+55.87+20.86+*-98.39-3.26/-18.48/61.66+-81.94+-18.64--79.21-49.26,-4.425449270082282
+-79.11*12.65/23.71*84.5/53.59+-86.42--18.68--40.9-56.2/37.68--46.88+-94.3/-*95.27-49.04,-61.814956000391156
*-19.47+-33.43+72.49+88.57*0.48+56.54+12.43+86.13*-91.9*1.31/-9.72*85.69+-58.83-76.1631.5,178.91989100945253
*-54.57/-65.27*6.62--89.23--34.04*-37.82-25.37*-50.66--42.57*-54.72-52.78*-85.79+-16.35*/14.53,-48259.81241495468
*-15.63+54.91*94.01/93.4+-26.48*99.42+14.25*5.66*61.44--76.85+-47.38-*-39.88--32.567.91,475.910936858006
/90.49-15.63+32.66-21.3-9.84*-24.37+35.39--81.58+53.9/12.46--99.32+-69.17+-87.71/-60.0-30.45,685.5734317727903
+84.85--92.36*-19.34/-4.84/-81.7+-45.04-28.74-15.54*-92.62*92.68*0.92*/--14.01//64.94,6754590.29883583
-88.58/-18.18*30.95*-66.65*-3.54--0.47--38.46*25.02/61.0/-76.32*-50.82*49.29*-29.97+9.9970.73,5939.676664499855
+-83.76+34.14*-54.33-17.64--50.68+20.44/52.99--52.07/-70.58/-71.97*-84.22+-14.84/68.69*68.0276.83,347.6520239683101
-17.22*-55.35-21.23*-57.47*-83.99*-60.91*-0.76/-/-28.38-51.18+57.3*-42.23-5.29+-48.96-9.39,-8872.800365271647
-72.8/35.19+-50.61*87.86*73.94*-45.73/-55.21-55.2+-33.18*-96.5--15.69/-37.46/47.88**-88.25,299382.01385078154
*-80.71-45.36**+-86.47/78.63+-30.5--*-89.88/-6.18+-32.59*-71.15/8.55*-26.18/-51.0227.75,4306.763923233662
*99.33+89.78/-61.54+-52.01--73.38+95.63/47.15/-37.17-69.99/-89.66-/+98.99+-21.55+-6.51-96.57,8537.383737025351
+-64.47/-52.28+-19.97/58.91+37.13/-0.05-76.53+-72.28*13.18/14.27+17.4--71.27*70.61/-58.8-,-93.24974316737777
*-60.38--15.83/-40.92+52.65/0.74*-45.53-*--/-52.99/-5.96/17.35*-97.56+8.93-31.235.63,1071.0032608976749
*76.39/-25.27*-30.55/-/-66.4*35.18+-43.4+42.67+-62.57/39.99+27.24+3.34-13.99--24.03.62,129.7132551616824
-1.56*77.68*6.81+*+-8.02*77.85--52.92*81.54*81.36/-64.74+55.57/57.67-15.75*15.22-25.06,-38697.448375171676
--46.19/-30.32/-35.19*-52.69/-60.25+67.42+-81.28-50.6+93.91/41.05--26.38-35.55-7.33--39.9431.35,-206.64071646677849
/++73.49*32.58--32.7/-56.36*-91.53/-32.34--83.79-50.74-12.56-76.79*24.82*-51.82--47.81-37.23,-62661.10144173324
*/*-66.78+-5.79-59.02/41.58/47.86*-49.37*10.39-91.13/58.52+-82.22--88.94/-12.68*-71.0498.81,28934.232936725544
*77.66-77.21--16.71*85.6--33.2--61.16+**77.7/-99.76*-80.54--51.51*-0.31*29.15*63.58-19.65,-7252.044620876209
/-61.56*42.92+-37.35*81.96/99.47*-97.91+99.4+48.54/38.39-85.32/-97.02--41.3-58.41--23.1984.8,-401815.8395222968
+-39.47*-2.75/65.68-23.61-78.48--39.02*58.97--23.09--51.23+-63.78/-77.02*94.04+-13.46/-70.5198.83,-2856.430429851882
/-83.52--67.35+-78.7+66.13+-75.47+-46.61*83.94--61.15/-53.39*59.53/-43.94+31.43+-35.58/-97.46-74.51,-5141.959065525688
+-78.8*-89.71/*+62.32--12.74/-82.87+-*70.29/57.18+-64.53+-11.62+87.05*74.98--4.3153.74,-515.5178829569119
*/*-44.76*1.59*36.4+5.67/-24.09+73.8/-63.6--86.42--71.4/*--24.31+12.37*43.84-,109053.39412208942
+-46.98+-62.36--69.73*55.88/6.24/48.89/73.75-99.8/85.98*99.08+-44.98-35.05/-4.92*-63.7160.53,0.4308805379547538
/-0.64/17.17+17.13+-43.53*-93.55+-82.05+79.47+96.89*32.24-47.85*-41.12--39.39/24.55-64.8134.32,7697.238235516678
*-93.33-25.5--6.88+-9.54/69.67*8.73+-75.98+-83.95+-16.13*11.27+18.99*-0.69/-91.53+-43.2481.61,-2775.768720387024
-*/23.51*-95.19+71.45-90.49--89.47*-80.14/74.43+28.62*50.0*20.95--62.2-81.94*47.7363.74,-67821.7690961501
/-81.07/-30.78--73.06--55.29*18.11-41.67/-25.52+-11.92*-97.53/-62.41--57.06*-30.31*83.11/69.07-67.96,173115.59219106974
-54.74-88.36/59.68/30.65*-28.3+10.79+53.31*-36.52*58.53/-14.38-84.23/69.58+-8.05/91.5682.58,395.107732576712
--86.65+-18.22*85.82*2.04+-58.96+-46.46**/-57.27--60.37-0.27/-17.63/92.08+0.44*49.11-,-11193.194510901081
/**-24.65+22.57-99.53/99.62*93.0/-77.64/80.04/-92.47--73.17/-52.6+21.62*-53.95+39.08-81.82,-2112.8898342388684
+-31.42/49.45--27.99/-21.02--81.04-51.27*-40.64*47.17+87.68*60.25/61.81*47.01-55.36*-27.2462.78,172472.40724706536
/74.87*-27.28/-34.97/-58.01-18.84+-85.64/-73.12+7.42*27.46/63.08+28.32--70.22/--17.32-36.18,103.77367240305128
-40.16*37.13/-66.58//+-76.55*93.94/-31.17/20.75*98.35+-3.53--91.14*63.93+-84.38+79.4964.47,5491.0864020694025
+3.17+-0.83/-15.2*-26.48+-31.52*-3.91+-78.84/-22.6+/+-69.59/67.18+-96.55-28.72/14.78-9.01,-12416.376876038847
+-99.2/-34.59*-5.6+-38.16+-61.72/-9.81+-12.12*-41.29/60.09*-62.64+-75.68+48.63--63.8*11.45-76.0,-2538.4059330851323
-13.08+52.56*46.09*41.16*-98.24/96.22/-61.88-26.4/-79.43-20.07/-84.21/-78.56+-43.51-78.7663.55,10956.658813627255
/62.47+-25.35+-84.23+99.94*-20.61*52.78-**77.49/73.25+81.63+75.22/-*5.14*37.6917.47,-82498.63325284074
/-65.4/-0.86/91.08--28.05-62.44/79.29*60.53+-43.41*20.8*+---45.13+82.95*-45.5-98.05,-26118.95155001065
+-36.65--34.98--31.77+-93.09+-84.92+90.04*75.32+95.25/21.96/-91.84/74.37-71.48/-45.07*14.7730.89,7138.320489888112
+-25.01+-24.09*66.48--93.51/43.02/-27.38*70.83++/-61.33--74.36--74.91*-60.19/-59.08/87.58-59.98,-6191.216684858706
*-15.4--41.25*57.69/84.56*-42.56/70.09-26.65*-8.71*-19.42/15.76+68.16/87.96+*+-47.5420.79,-4215.994582889887
*-35.65*72.17/-56.34-4.21+/*-10.32/76.3*71.4-28.61*-16.11*-28.1-14.95/-47.31-78.2-40.41,27430.70374920054
/-59.96*-60.59+99.41/-53.07*-68.67--77.17/-15.25--/98.96-56.09+5.28*30.82+7.03--50.3-36.45,234.18912140173632
--85.18*41.54*-65.85--66.89*82.52+-94.56+21.39*-25.59-52.37--52.86/-13.47+36.36--86.93+-44.15-5.53,189375.5813720462
-++37.7--*17.28*46.54--67.03*-10.52+87.88--11.95-42.12+-33.32*8.83*-39.0+-33.7-98.26,65215.46192010042
/-36.19*53.03/90.65+-78.82/93.26+-38.38+11.73-20.46+-40.11+47.58+47.59+1.96-3.01*-88.8-45.65,-3885.5424441218197
+-39.41--25.85--86.06--59.83*1.35+-42.22--+48.39--71.07-90.46/45.72*-13.05/-39.4--80.227.31,14.467716306020517
/40.86*-29.51/56.26/17.96+77.95+77.22*-64.07+-71.66+-74.78*68.49-58.43/28.59/-6.07/-68.27-93.86,8518.34691447608
/50.19-40.87+58.0/-92.57--6.83-9.48-9.13**--13.9/-64.19-67.3/-17.84/1.48*92.87-75.26,-927.2701358371571
/29.87--54.83/-83.09-51.03--10.59+*+-42.81-71.49-84.74+-78.23-15.06-19.78+-1.18*-85.66-79.71,6876.742083129172
-16.19*26.03*-54.99/39.86*54.31+82.78+-72.49--94.08--45.74+-87.69+59.7/41.27+49.25+2.62-56.31,93939.3238061239
*-74.63+68.52+-70.73/17.27+-45.11--71.66*20.03+-60.98+-51.89--55.92*17.16-34.9*-22.81+40.5766.85,-3607.97334194192
*-2.09*-71.36/-38.09--45.34--/-49.22/27.83+39.58/85.53+-10.43/-22.07-/+-79.93+-39.4123.5,232.2804938016161
+-18.64+56.64-53.25/-39.31*45.8--49.75+18.2+-24.81*66.21+-83.64/16.37+-64.66/33.71--45.23-3.39,-5528.874506880061
*25.05+-50.67+10.12-28.85-12.19/97.42-46.45/-29.41+-60.98*5.03-17.43--42.52*78.46-11.6717.68,-2048.1983982095103
--85.87+-12.39+37.22+69.35+62.46--34.12+-96.18/98.5+-20.03*93.16-0.26--10.11/-4.85*-99.31-61.82,190.0430782377838
-84.83--53.64*-16.93/43.66-50.04--99.22--64.04-31.81+-2.29/-20.6+-41.88/72.09--65.25+-6.33-97.57,195.1285128131069
*-77.22*60.44-54.25*4.84-**33.54+64.91*86.13**+-78.72*89.13--58.94+-61.26--60.67-43.48,-142739.57949599996
+-8.09+71.39*-88.95*99.84/-62.34/96.04*-66.22*-70.27/-13.51/80.27--93.93/83.07/-72.61/29.57-77.74,74.26033913617502
/-30.35*-17.66+35.04/+/-66.83--21.9*-76.98+0.86*-23.46*-6.98/-17.16*//37.12+-36.42-82.74,-18.632022609517065
*-28.56*-5.51+60.74+60.38*-3.99*11.27*56.2*--93.19+-83.24/-89.64/-67.55+67.94+-40.7738.35,14003481.041054739
-82.81+-45.44*2.45*75.57-39.43+-55.35*-24.41/9.03+14.88/-60.67-86.46-84.71-58.98/-78.91*,7327.031468322469
*--78.71*//-63.24-56.89/89.84/-36.4/-95.74-13.22--62.88/-56.46/96.19*-65.74/-91.6486.29,-3238.2357258998964
+-*84.43+93.4+-81.42+97.59/+*-68.69+-58.61*76.15/49.7+56.93+-4.65/78.88+9.7231.98,8042.438772156772
-79.32--61.1-20.48-64.58/-21.46-56.99++-11.0-32.07/-78.55/-99.15+32.37+-83.34*-38.38-8.41,299.31088265119604
+92.76/-13.16--39.49/-8.47/**-47.53--58.62-69.23/99.65*76.13--23.83/-62.45-63.53+-57.54-66.15,39.10050931804905
*9.82--68.14--43.03--94.49/-91.26--81.86+84.22*88.38/66.1*-57.74/24.35+-17.45/-8.72/-82.5-89.33,-475.76787666771827
/-15.07-++-7.6*//92.28/-36.41/-32.11--30.33/-32.0+-33.08/-3.34--80.34+-72.53+95.89-9.79,164.92069594545384
+-4.45-45.03*/+-91.88/91.41/-60.72*-99.18/-66.97*84.47/20.89+81.78*69.87/14.97+-69.624.22,26.738852702072062
/-89.65+-74.54+-36.39+-30.98+-79.91*83.53*-14.23/-65.75+43.69+-36.21--74.47/-12.18*64.69-25.7-91.56,2049.8406063842453
*-15.94*57.29/56.29--62.76*-63.49*-17.59/-49.43+69.69*87.57/-65.05/-93.82+-76.4--13.53-52.67-49.38,-288.99360132578687
/77.11--54.8+21.07/-31.96/-65.71-//41.64/69.8-9.15-66.2-8.77*40.82+-2.6/-8.7436.59,16.911919390235752
-28.64*65.44*74.16*30.57*40.8*-51.23*68.94/-76.2+8.5*-20.94+93.91-41.11/-14.38/28.8539.67,-191646237990.56097
/23.08-38.78/-83.6--38.22/-33.38*50.16*-39.8*10.0-58.86/4.16+52.85*-62.8*-13.89-82.7640.44,56559.27688835629
/-16.41--84.13/22.16/66.04-9.18/-45.5+-63.76/-71.17*-64.19*-96.81*21.64/-65.79--62.76+17.97-42.56,2311.2054771199623
/-8.03+40.36*-78.15*13.05/-56.85+-55.58--40.97+58.11-75.13--62.86/-93.67*-17.27-11.96*-30.75-90.04,-3838.0494707172343
-24.0-62.15+27.33*-20.84*36.39+50.57-7.43--22.71--76.77/61.39+-73.82*-1.8-41.3*55.61-54.59,-35346.97801455216
-*+-90.24/-71.69--71.58--7.66/69.37/62.7--96.27-76.34*-68.52--35.1/-35.3+9.9-31.21-23.03,-2074.0152509695536
--23.3-72.43-10.16-39.81*-24.35-47.58/21.09+-72.56/-6.7*30.7*-67.24*-70.76*1.72*-90.942.31,376199.7757373832
*-61.42+24.92-3.08/-2.3+-61.94-66.84--19.58*-39.14/-15.08*54.94-15.81*70.67/1.33*-42.4623.0,-1560.0597743209653
*-15.47*-13.41*26.42*86.17--69.94+-60.03--61.25+37.79+5.91/-7.45**-60.14+56.1---54.34,-33031932.40512841
+24.06*32.02/69.56/33.55*-45.09-90.5/78.43+69.46+3.26*79.36+40.71*-50.41*-11.29+94.93-80.04,57071.05615869211
-26.98*49.87--63.72-81.92+-15.68+33.67-48.69+-27.08/41.31--86.61--2.83+-54.09+47.49/-63.2729.79,3318.3494342916515
/-26.01/-72.9/93.86*-91.18/75.23*62.47*56.88+-45.23+94.44-61.25/61.92*-12.96+-64.08--6.6989.07,-246.100836912595
*48.34+9.71-33.79/-86.39/44.42*33.88+-22.91/-84.64+-70.08/-*27.32/-54.28*17.37+43.18-22.15,60.88639207253082
-95.57*3.64+26.46/-54.13+73.51/-49.5+98.87-13.28/87.71--31.72/-79.31*73.28*-15.98+95.24-1.83,-939.4723640492027
*-14.52/43.56+7.59+-1.31/5.79*57.52/-60.05+-82.85*16.99/30.0/-47.5-56.24-36.75/99.6920.44,-63.31417161191085
-73.1*24.04--2.66--59.7-54.64*-77.63+77.7*-79.64+91.12/**-16.44+72.2/-37.2-75.912.5,-1214.3314004833494
+94.22--15.27/72.45-52.49*74.77/-39.47+81.83--41.76/2.38/69.27+-90.12/-46.97/-92.35*+9.57,71.9323354729638
--39.8--5.25++-14.16*-21.13+-77.71-2.21/82.37/-27.59/-95.1--19.76*60.04/94.88/-12.07-86.17,-1705.597827996945
*21.52*8.91+-26.92-40.36/-+-40.03--93.48+30.54+--74.58/46.9+--15.03*47.08-45.03,-3060.305883602094
--70.99+82.3/-87.04*23.53+-65.61+-49.97*-97.76*-89.14*-8.64+65.78/2.83--56.1/24.21-1.69-92.97,-4952628.481714128
/-38.17/19.99*71.94--2.79*-77.48*7.87/-85.34/-16.82+-27.58/79.84/-18.3-86.83/74.54-44.43-83.23,-85245.18354423996
*-41.95*-9.87+-46.57/87.98/20.18/49.86-94.99+-98.3-41.66*89.02+-60.39*-89.42/-76.17*65.88-71.24,-13591.639999417512
/-60.32-/+-3.69+-70.75--11.74/14.09*-44.57/-8.51--27.52/-21.05-34.55/61.06/-28.34-6.11+,-14.719609009291233
-81.66/7.67--44.61+-67.95--30.37*-84.08/95.68/-95.04--33.01+-68.26--45.2+-94.39+-12.46*-94.9532.21,-2927.245415676129
*87.97+-6.31*43.36*79.01+95.24--39.0/77.41*-91.13*-35.72*15.11*-72.72*-94.76-23.82-32.1857.86,-75251821.71101867
/8.67+-23.6--74.63/-62.44--74.38+-40.87+83.24+-30.27--14.22*3.85--72.51-87.42/91.67*88.62-6.64,188.65812785000404
/-4.9/40.69*73.17*32.93/-20.93*-32.82--34.05--33.11+80.41-92.72/41.08/7.94*39.37*-16.64-68.17,-102.47346982268695
/16.5/+*53.82--40.98/-30.69*73.03--64.39/85.01+44.15*-58.97+60.07/-39.25/-58.51-18.4967.87,-3638.8219381021136
+87.17*-4.45--28.96/-78.12+30.02+43.43/40.62*-81.77++/70.33*63.59/60.66+-7.04/65.97-7.83,832.5982271068782
*53.22--80.9/-74.77/-20.77+71.1-49.8+-18.51+57.19+70.37--56.24/21.51*15.37/89.72+45.8822.04,-4246.215364365177
*19.55+61.45+-99.13*-5.05/-9.91*-37.64/-40.69*-62.26--91.9-97.13*-52.14*81.02+54.14*34.74+,230347.13165059788
+46.18-26.39/-53.6-21.44--19.07-98.55--44.28*-11.57/54.37+62.08*-62.99*-81.6-*+-11.0977.53,-88760.61325549948
+74.31+-1.8*-53.4*3.62-*-51.8--0.45+-56.37+-74.98--74.25*-96.66/-79.73+-77.37+-9.8569.05,-6495.029001395889
/80.26/35.45+-23.65*-2.64*-46.23+-59.57/-28.91*-95.22--13.09+-94.88--45.14/-7.01--21.08*-64.0520.98,-7204.593457295307
--69.69/-19.58*-4.79+-43.72+*+-79.18/-73.36+7.16+94.24*-14.04+-5.39+32.06+-19.53+9.289.68,176.12625199373093
*+/-11.04+36.49+4.13+26.22+-27.73+-27.09+-76.05*+*56.25+-80.59+43.43-56.25-94.782.17,-257691.06064778025
//--18.71+76.92*-47.42*-70.62/77.89--86.42*-13.17+22.61*-50.4/-25.82--3.71-7.3*-26.9215.17,-2863.1252114504205
*10.81+-30.35*38.77-79.26*-51.31--59.75+24.49/34.89/81.69+29.91*30.98--88.68*66.31/-87.8190.03,177336.3406831756
+18.36--49.31-83.49*70.22-69.34/-72.55+28.9--92.26+71.83/75.65*-16.3+-36.8*-5.52+-78.8-35.79,-4533.9561619631895
/-66.17/-35.08*93.32-25.6*60.76+-50.76--12.76/53.55*20.76/-16.89+*+3.55+-32.41*-3.5733.87,5325.284780025974
--72.54--17.52*68.6+12.09/-50.8/30.33//+5.97--28.32-29.74/39.85/-47.33/-55.67*15.7399.16,-193.8622028724102
+-67.29*50.86*-22.86/57.71-30.12--70.21--47.86*27.1-7.93++**+50.31--1.26+17.445.96,2671.8998183266935
-38.28--43.28*86.06/12.05*58.46/-54.81*-17.35+-53.58*-79.03/-53.19*68.46/-13.64-*-72.3176.03,-32.83621919239302
-55.02-31.93--27.3+66.71/17.21-++-8.11/51.83+75.2--41.06-0.53/-50.0-1.34/82.5629.23,-14.946122497566723
+28.77--39.04*31.76-9.23*51.06*9.09--18.49/-28.6*47.3/-56.57*-12.73--98.42+52.55-36.51/,8068.067249991667
*42.52--70.42-41.33*45.73----53.42*14.43*-42.62*-17.96--45.02+-79.9*-86.38/34.64/2.53-96.07,498113.14129137434
+-11.32*29.9/87.11*-35.76*80.75*-85.2*/+-24.02/-48.87-67.7--8.65+-49.78+0.63-10.42-6.05,-133363312.61958295
-27.55+82.82*19.1+-99.12+-80.49+51.59+35.02/-93.78*-67.96*19.49--65.99+/+-21.04+51.0654.35,-3685.5113978516774
/-24.44-34.47/-43.18+-+68.07*-6.94+3.74*95.46+-81.56-97.43--39.38--71.15+-16.32--28.8471.3,-7609.959913832643
*23.8*15.04-76.34+-72.53/-13.25+89.4--16.65+5.04-66.63*-66.03--17.34+-84.42--38.22--75.8-85.38,26468.721491345055
+-30.32+-51.41/81.74-40.97*68.3-31.65*-62.33/30.11+13.64+-17.42*-83.42--80.82+80.35*-39.51-46.56,543078.8625624848
--*21.83+-97.01*-36.89+//-70.86/63.94--58.02-31.3--76.91*11.36*-9.09*-84.69*-1.6862.65,921711.4821300782
--88.06-69.94/18.82+44.98*84.8*15.67*-40.19--47.78*-74.74*39.65+-8.48--84.09+-0.49+26.2380.93,2526686.7707679165
--42.89+53.31/-89.22+-90.05-82.64*/--80.83+-58.94*34.49*-45.23/-55.77*55.74*-24.09--68.9435.87,2585406.681104267
+-99.48*54.28/-14.83-6.7-90.22*78.24*-10.16+82.21-72.38-83.77*49.97*92.99+7.67/--53.53,29244.344118060762
///36.05/81.98-82.6--79.96-40.99-53.55+10.56-76.13+23.64*1.99*-86.11*-66.14-11.67-1.34,132292.70800084717
+43.46+5.35*-11.83/-91.76*-54.47/-86.62--55.03/88.6/65.76--44.31+61.56*46.76*68.78*-29.76-33.97,3251316.5794280088
/78.2+19.6+91.0+18.09/19.04+-75.22-16.92+-53.62-76.27+-37.3*21.99-7.74+-32.35/-91.48-19.24,309.87013531567374
+-+88.47+-5.84/-34.76/-15.43--78.93*-39.78/-9.72/-97.96*++98.04/70.09/-67.65+23.0337.24,216.49328466076125
*-14.31/-46.11--77.64--13.85-+/79.47+-65.93-21.04--18.89*-97.22--+53.48*-76.67-97.78-66.6,-15424.621066681255
-76.0/96.44/-14.92+-81.04*-9.82+-43.38/50.92**/3.02*8.98+39.4-65.01+34.02+16.9834.35,545.0443553534432
/21.84--6.1-70.91+-49.24/-30.72/-31.6/-14.58+-79.22/77.44*-59.28+-39.76/-34.92-95.21+14.53-51.3,722.4721367838578
/59.11/-74.54*-18.44+51.3*38.04/-50.62-73.29+-26.91+95.32+-*0.5+-0.47+-14.22-96.4922.63,202.21761455343864
/99.27--42.32+-52.04--5.94/-92.39---20.65*-44.54-21.37+4.58+*/-31.49+-10.2-85.88-18.19,1115.5809388452644
*19.15+17.11--38.24-42.98*11.42+*/-54.86*-66.24-29.19+45.54/-49.1-52.16*53.72+-71.12-73.31,3922.705237745621
+50.39+-68.96+53.56/60.41*-17.66*-22.12--5.39-82.27/87.78*-49.65*12.41/92.69+-27.11/75.9880.18,-180.89366149696335
*28.43+-16.88+9.51*-18.62-77.87-19.94-48.02/50.14+61.71*-28.62/-48.27/31.94*-94.51+-50.1,-1940.666159145132
+-9.21/-65.53/-76.71/74.62+67.08//+-46.03*56.76*85.88*45.64--86.92-0.53+-92.37+33.77-44.5,-19337404.349750254
+-90.6*-12.16*-49.19-47.22*-65.6-19.74--55.77*-15.86/6.16/-+79.81/-43.31*-45.41*-63.886.06,29135.617003612
*82.27+37.85*17.52+7.54/51.3*96.54/40.16/-98.26+-38.97+49.1*52.55*93.34--33.31*14.42-69.47,-159089.2329969029
--44.56/-20.82+28.81*70.23--89.29/1.28*-10.92*26.2/-17.25*-50.91*38.87*-92.92*-36.68/44.1251.78,-5746962.721332282
/-28.07*-79.49+93.82-80.36-36.17*-89.49/21.86+-88.39+-24.25+55.8*71.43+65.34/21.39+74.9595.41,4849.669844061977
/6.15-1.37*78.17/-85.03-75.07+23.12/-2.14/-25.47-13.51/-30.78/+--94.11*-15.09/-64.974.14,56.69658984859915
--59.25--66.16+10.31/-/-82.16*-18.46--76.48+86.4-59.54+39.08--47.36*-82.85-99.42*-51.515.18,9208.91559766795
/20.7*-55.09--35.51+-55.71/-51.79--+-3.68/53.57+6.1/47.25+-41.03-11.6+-46.94++-54.55,131.5250716728358
*64.17*-15.88--20.19/95.55--84.45-49.74*-77.7+-31.69/-14.83/54.43-1.0*-22.99+77.77*-45.9-20.97,20801.035563959587
-98.22/-10.81/-50.76+-54.23/-33.09/6.68+-57.91-86.28--23.34-87.74--29.4--59.32*83.75-8.9423.91,-509.88350246934124
/74.47-20.53-8.38/85.31+-30.32/3.14*5.41*17.22/-46.84+82.11+-28.35*0.3--69.45*-0.4566.14,-27.062434782454407
+-7.84+-12.89*39.13+-49.27+-16.63*0.32**/61.86/-35.24-53.94-37.96--82.47+65.77--53.02/,-2084.1782750248417
/25.1+36.53+6.21+-70.61*-81.95+-35.01-94.43*35.36/18.02/-39.28--84.2-27.19-35.12/37.68-99.86,2837.6612783333544
+32.5+-55.46*86.42/83.6+89.68--7.79/-87.91--48.07+71.52-13.57--25.41-60.91*58.43*24.88-8.43,12245.464110481214
--84.3/-82.93-33.2+-47.42/33.07/53.33--39.66+-52.1+20.22*85.61/5.5--*17.27*-81.3-45.51,-61115.44226380193
/-60.64*-25.25/68.06++/-11.1+89.35/6.88--63.42*27.5+97.79*-18.63*85.43-30.24+-58.4456.5,-50701.54190669603
*-46.24+68.05+14.73-91.62--18.76-50.49/-73.33-6.91---79.09/-95.33+1.94/-0.47-+99.64,-3200.2424861593777
*49.49-55.52/9.07--91.31+71.99+82.13--17.48-*+9.24--/79.46--68.36/-89.87/-78.63-51.47,2830.028713704733
-41.22+15.18+-+75.01/50.84--62.77*83.31-59.04*14.14*88.86--51.02*-45.59/34.22*76.82-87.44,57464.3228646543
+54.38*-36.01--45.12--19.19--37.18/40.59*-41.81*-65.13+39.92*-53.9--9.38+20.94+64.45*43.3289.05,3618.1363139918676
--48.5*53.84-75.21+95.96/-16.81*-65.87-48.66+8.96*-18.11--34.32--62.76/-28.93-80.21+-99.6-0.3,-3467.1753221446797
/-0.77*89.16--87.17/28.14--94.67--89.37/-2.15--19.21+-1.6+2.54+-34.62*-20.4--60.16+-80.43-89.35,1352.4247252884995
*-81.24-12.65-+/40.61*23.6/-47.12+45.39/-22.43--8.36-28.15*65.81*77.86*34.62/-35.34-8.13,-772119.629992467
/-81.26+48.98/56.85*60.25/-37.45/64.64*52.63*-79.02+81.79+-19.18*37.18*-94.44-93.46*-91.3879.13,-320886.96195943555
*65.94/*/44.78--62.27*-6.05/68.56/-67.2/-84.09/81.25+-25.74*-60.78*12.63--61.84--48.43-55.73,47571.42774310499
-19.93-43.55--96.39-9.5*64.01-79.38/15.24+30.94-34.25*-27.03-93.59/-19.66+63.43+55.66-22.74,-2334.018718283128
+99.22/-52.86--70.36/-77.04--22.74/76.48+64.69--17.13+5.88*14.47-74.14+19.7-87.19*81.7214.86,-1.6722374869000305
-**-62.53+-8.31*56.67-19.32+-95.69/-79.74-28.82/17.33*38.98--69.41*95.27*77.28+56.93-69.6,-418573.95455516485
--46.59+98.42*-28.25-56.65-59.2*2.51+-39.67/-73.93*79.59-26.34--10.45-25.28-53.75--36.23-42.2,-1719.61764508104
/-56.17+48.4/-38.14*79.67+68.95+-79.69/4.37/-46.54+1.32/-6.68--34.99*45.8-29.59+21.8799.68,-1391.1508309312192
+43.12/81.55+-65.2/-79.36--70.8-76.72--28.42*-49.88+-13.52/-25.21*54.22*-67.72--29.24--11.21-50.57,-1538.5852181358396
+-71.1/++72.07--32.52--80.99-*/-59.0--63.44+-19.71-73.22-13.78-82.12+22.2--88.787.02,-187.3145984296828
--93.12*-94.21/-86.41*60.87--83.46/-21.14/30.01/-61.58*76.77*67.77*-85.09/92.61*-57.1*-73.663.58,-43766069.54619504
-25.97*86.83-9.07/11.07/-66.68/-42.94+23.41*83.8*90.92*-46.2*96.57/88.14-95.05-4.3-59.34,-31522330.355576105
/-77.19+9.79*-8.26--94.21*-23.2+-64.74/-29.22*-85.44--85.37*93.54/50.01--69.96*93.59/-6.42-98.17,-700.1286616942815
+-19.42+-17.59--59.52/-94.65/*--10.01--68.41*-37.9/12.24--69.13/-7.02--0.48*16.88/-90.7149.48,-8.261984500935007
*-64.77+-74.26*-55.68-55.5/-75.42-23.88+-65.89/78.54--19.45*-/-6.82+-74.91*-74.43-80.75-40.74,-4176.182010762344
-89.17/78.1*-46.44+12.64+69.87*55.56*53.63*73.36-42.0--43.69+79.77*-34.61/-15.78--1.1298.58,9180230.895749507
/-12.94+-93.92/64.34--46.97+-7.12/-51.45+-31.93/90.87+69.22*-40.78+-12.56*-55.48+90.85+36.51-37.74,-4520.57912551019
*16.41+-6.02-41.25--69.94/-18.67--48.18+64.17+-39.7*94.08/-88.78-54.04/-98.53+49.52+95.24+,-140.01600405801886
///44.78-61.3/22.74*8.69--67.04*49.04/-21.67-90.99/28.52-50.46+-27.15*-25.01/-21.378.53,220.51111888848428
*-28.66/43.94+-88.32-93.47-41.11/34.98--36.58*-62.78+-40.51/-89.46*-22.98*-12.93--77.51*19.52-25.59,-432.76942056014184
/-75.95/-44.18--6.33+-26.15*-4.2+78.7--63.81-*--4.55--94.95-+--12.33*69.59--28.6582.66,1782.3719196418929
+43.34*3.31*22.53/-93.71+*/-79.34/26.09*60.34/15.45+79.07-27.74*86.36/80.97--0.01-89.84,699513.3386620951
+-24.81/64.11*15.76+-0.2--63.48/++-55.19*//75.44*-48.28-3.1--20.58/-99.9/-26.5458.51,6887.424475392503
**/11.98*2.58+-62.07*80.12-24.08/-26.73---51.84--76.03--14.95/32.04--75.06/-89.51-95.69,1966.3200902611313
--80.15--0.95/90.39/77.73/46.68-34.1--54.55/2.82/-54.57/68.79/-33.26/53.12-75.27*69.2474.44,-5178.8763305498405
*-72.66/56.9*-52.4/54.54/81.92+-85.83-99.01--90.57--22.17/48.48-/*96.45-92.91+*55.53,-8631.588507504259
+-32.51+38.23-81.42--37.12*-15.02--77.18*/*40.61*-77.25--80.43--68.25--42.17/25.37+*68.02,16518452.560240095
/25.4+-83.82*53.36+91.8*-6.18-25.05/89.95/-51.45+64.41+38.17+-48.06*-85.81/-68.5/-57.690.76,4599.408443382809
--10.94+53.64/49.57-76.04-59.63*32.0-55.65--74.54/24.61+-7.97*76.76**-58.1+29.37-38.97,-1892.7591919001911
*-94.01*-93.93/19.01*-32.33*-97.81+-67.61/-56.57+-58.54*59.57*-57.78--49.73+75.53+-69.03/80.85+,-34164913.90761566
+-0.55-34.11+4.71/16.51/-15.27--82.22/84.7--82.38*-88.44+39.96/65.98+25.76--10.83*91.342.8,3299.933047724683
*28.97+33.83+74.74*-87.69+-58.34--12.08/20.01*56.2--24.37+90.69*70.17--46.22*-*44.67-14.99,58323.304705163704
+-67.88+-27.73+-87.64+76.12*-79.75/45.89*-91.17-0.59/84.92/-11.19/21.01*97.93+13.64/*56.05,-105.80617800243154
-22.19--76.91--37.15/54.94*-60.46+11.54+98.28*-40.18+99.75/21.33+-4.47-61.69+-61.36+-37.4527.55,313.5760664894849
*-23.75--2.31--11.19/-*-80.1-86.44/-/53.43*58.37/51.98*-67.57+-95.05+-54.33-4.87-26.66,-34.0536466746609
+-39.98*56.08/33.11+9.07+95.96+73.95/-95.91/66.05-//7.48--89.06*29.32*-82.5/81.9140.44,21870.659542616515
--31.11*46.28/10.94+-24.96+-56.2+-93.91-9.32--50.62+-12.17*-88.26+-95.57-40.51*-13.04-31.46-48.64,8845.571183333333
*37.55/78.01+-8.9-70.94--88.96+53.95*-86.85/80.55*31.68*37.8/-31.56/63.52--/62.5270.14,-180.027887539272
/59.43*-75.15--51.29/-63.19+95.09/41.63-58.57-42.01*-24.92/-85.18+-79.02+77.25*-49.28+-96.96-19.01,233892.23394408205
-27.14/65.56*91.96+-22.49*-60.39*-18.14*-5.54+-93.38+-78.82*9.95*73.97/46.11/6.54-51.69-39.5,566820.859869531
--58.57/-92.22+30.12/20.17-74.78/-13.66/-50.74/-56.35*-99.96*-8.01*-45.67-97.89*-10.12*21.217.02,-3708.4889222752945
-+*-75.86/-12.69/44.85/1.13+68.11-21.6*14.28+5.73+---87.77+72.7+78.55--32.4193.04,-274.1132834159426
/-17.81--70.49+17.61+30.35-59.84/-77.31/-6.19*-5.23/-63.29+25.0+90.07/71.23--52.41+-60.21-19.17,196.53798191246437
+42.67*55.12-*+-46.88-82.61*-71.37/26.21-23.26/73.86*-73.35+-58.19+12.39*83.23/90.32-94.26,-2424.327583887831
*-86.35*-79.12/-3.99--78.08//+-97.31/-98.02*70.64-15.96*46.41*82.27/65.88-60.21*15.08-8.83,-3717.495001250489
-89.58/6.42/5.21/86.97+**39.56*-35.6/-73.79/*+52.05+92.5-68.0--32.26/-99.92-8.41,206.2190078744547
/-61.73/71.75//-32.8+-66.04-90.2/82.45+-99.53*-42.03+39.83*-34.7*43.35/92.58+90.98-37.18,2248.029788277587
*61.35+23.88/47.44-67.03*-22.58*-9.0--4.46/8.81+-72.67+-0.46+-54.78--42.96*21.93/-47.283.88,992.7181024391672
-95.79/77.4/-89.31--16.0/72.23-6.6*98.81/-82.94-/+0.08/-52.25+84.32/79.21-68.1726.38,-177.95123771824842
/-52.44-30.87--29.96/-57.11/28.68*-12.21-13.46*-25.24+6.14+-57.7+52.9++/91.47--1.0377.28,-6760.53901554031
*93.09+-56.4+24.03-69.99*74.06*68.77+64.82*76.92/44.29--77.41*-10.28--81.26+73.64/-55.53-37.84,-336122.5773375866
--0.64/-39.06-15.18/26.23+26.09/-88.6/-44.2/70.48*-36.77/-68.89--74.99/-39.12*68.83+49.32-0.53,29.435195328415915
/96.6/42.54/95.95***45.55+35.47-23.41*9.08/-98.3/-49.18*-77.05+-+-38.92+-75.9421.58,-20248.2044205956
+4.84*-4.64*70.88*-56.38+-36.36/80.36--26.0*-43.2/20.66//*-11.77+85.01*48.19/21.64-11.24,-674211.7261361019
-10.68--27.86--86.95-81.17-52.32/-17.52*-87.31*-67.88-37.42/75.03/-79.86+-3.48*42.59+-82.81-97.33,-3122.776589494466
*68.27*-96.42/52.66-8.09-*+-19.09+-16.03+-34.15/96.28--43.74-38.08--97.02/**11.83-83.2,-43128.44114999994
--36.2*89.22+98.89-58.15*-100.0+-32.85*-46.89-16.59+-91.27+77.54+51.76+83.72+-59.1+61.67-95.08,-11904.5358
-57.01/62.06+52.48--25.74--14.22+24.59+36.8*11.28/-44.43/-5.76-79.05-98.66*2.86*-85.7718.22,4399.924218217691
--83.23-20.0--17.03*-71.95--77.98*-71.95--75.93/-23.2*-21.7+-70.69*-66.37+-84.58-76.22+-85.0254.07,-4911.993494470046
+88.27*-25.41*/-78.37+69.18--92.1+3.62-55.98-74.25*-50.22+-18.08--64.46/-64.62*-47.11-80.26,123691.95895370559
--54.81--97.65-73.46+29.74*-66.26/-76.57*57.54+92.85-39.8/-4.77*95.6--53.76*9.48-37.0296.53,8160.071802904307
/13.97*34.49*45.68*-59.54*-98.67+-8.83/84.61*-92.69-99.83+/*84.56/-19.49/-72.29*17.1567.83,-959736.4727743744
/-39.34/-51.19*-19.39/77.75-14.26*-67.58/-68.17*-10.55*22.01/-51.96++*27.81--87.81/-13.53+,-8780.445437072822
*41.69*-78.92+-94.11/29.11/90.33*-82.78/-60.97-99.46--36.96-69.05+77.06*77.95/-42.82*-30.35-94.12,299178.1146997887
*23.34+-20.86--89.61/90.69--21.56/-43.91/58.5+-24.16-50.36*-29.23+-7.14--23.96--5.45+-26.2444.57,-653.4076009672866
--84.33--50.29*-7.6+89.67-11.37*26.86-1.68/86.14--46.19-77.01/38.84/-34.18-90.45/94.6921.91,534.2428980942404
+61.68/-90.44+82.32+97.92+32.2+37.71-97.57*74.6-8.1/24.6/20.61--87.86**/-32.4714.58,-207.17846989739755
--49.59+-0.84*85.98--92.17--78.68/97.3--96.21+63.4+21.71--1.34+-58.41+-69.86*-36.97-*49.38,-5411.2740706163595
/--80.18+30.7--83.06-79.62/98.28+*+91.85+-85.99+40.75/-24.39--79.52--70.12*-30.4514.23,357.716264425991
+61.3*17.51*5.93/63.98*50.67/-66.09-10.63*26.78*-+93.44--74.96**+45.71+-83.9641.17,221548.30654964218
*24.34-47.82*51.98*-39.58/-12.91+-68.85-62.77+-41.01/-89.8-49.76--70.92--83.46*0.81*6.7370.72,1420.5534528043115
--53.52+-27.4-*--57.97*-*41.08+-82.94/-95.89/-49.86-69.12+-+-96.86/24.83/58.1171.2,85848.31061716296
*5.8*-73.88*93.0/-76.78--5.79/91.03/54.11*20.16/71.36*-33.52/52.18+-34.11+-35.06/6.45-61.71,-528544.8149335713
**--78.47/-35.27-71.67+-20.03*-59.29*-9.34/37.01*44.69--49.18*69.01/-50.69--31.45/88.7829.77,-26195.42080382243
/9.28--29.32/-94.29+-81.09+31.61+56.59/-*-58.2+-40.48+85.33*-88.4-64.61/-85.15+18.25-4.11,-5560.013041327362
-13.54*-37.17--7.86--81.2/-93.42*41.18----53.82--14.38/-15.05--82.99+-99.91+55.4/60.5225.48,-22.500733162886544
/29.53+22.85*3.26*79.96*-96.56-1.75/-44.88*-37.9/67.73*-68.69*-24.23+73.88--83.19/-90.270.62,-45750.52814854771
+-18.67--3.24+85.75+70.2/94.17+-33.39+-27.88-83.57*14.9+-14.04+-7.6*-6.02/-84.35*6.9299.47,7516.076921397929
+-36.14**/-92.57+39.04/83.0/26.82*46.9*36.59/12.61--33.16-91.68/-74.84*3.14-93.1831.57,2271.044741215754
*73.55*/-49.57/-25.98*-98.08+37.52/-7.73--30.31/-94.86/-44.77*16.32*62.12/92.01/-97.02-71.57,172257.73252225958
*-25.04--7.77+/*4.82*-16.35+-21.27*45.71+19.59/79.68--77.86*54.35-62.46+82.42/80.3932.34,-714.8340091603469
*/+-17.31--86.4/95.73-49.62/78.62*14.93+56.17*-34.39+22.92+36.41+++22.05/-88.08-84.19,-473.2991855130035
/-78.67-21.85/98.28/-6.99*33.03*31.07*-37.68*62.22*-4.52+60.99+-60.44--36.98--76.94*-84.5-74.34,8541578.205239749
-80.92+75.27*-89.14+-34.03/*/75.58/-55.59*48.09*64.47*-2.98+-39.86+-49.29*23.73-10.82-47.87,3297.509852238583
/*/-58.0*-94.13+-38.09*81.39*81.69/87.36--5.15*63.7+-48.16*90.81--86.24-41.54+-79.48-35.97,-115695.05867394361
*-16.08+-46.79/-64.91*36.73/28.25-12.47-65.33+-88.06/-60.9+56.95+36.74-24.01+-21.4-82.2958.42,-2884.505243846879
-82.86+-74.6+-13.06*92.57--31.76-24.96*-66.78+-29.77-13.51/-57.54-65.28--90.17+-6.57/16.54-77.47,-4697.705868177245
*37.72-14.74*36.45*72.58-59.43/72.61+-21.61*-13.71*-2.28*20.8+56.23+65.42+-38.88*-57.85-11.02,-33162.882850392816
-24.84/51.54/-+92.02*-80.56*-81.12*-15.24-8.67/-88.54+-98.95*59.68/-6.34*32.92+-87.74-22.67,-862559.723089299
-58.91--80.44-36.49-65.47/54.21+-49.77+-98.92/-71.26--56.87-6.0*-82.95/*+-17.48/-83.61-72.88,-447.4707340277476
/-89.02-66.9/43.91*80.79--37.99/-94.64*-51.54--74.19*-33.8-8.55/24.9/52.01/-34.64/26.05-43.96,403.2424012577441
*68.66/-15.24+-40.03*-44.61*-34.48+53.01+8.12/-51.92-34.2-34.28/35.29/75.44--37.75/-71.7-61.27,81534.78381608558
/-33.5+46.27/-20.0+-21.87-20.4*-77.44--*-63.44--91.63--95.48*94.33+69.53*87.84-69.252.43,549900.1598395032
+95.5-14.45*-18.32/19.33/-17.26-*-43.2-53.77-32.2+44.5*-56.25--58.27-70.16--29.5763.18,3110.972608662773
/96.91*89.33--8.71*-52.92/-55.99/83.9+46.22*45.14*3.72--61.23-24.29-65.74-18.61+73.4899.88,-10364.919215929684
*-84.9/45.42--87.23--28.65/-56.46--8.66-61.69/-82.6*-60.95/55.35*21.64*0.67+76.15/41.38-69.61,-659865.931406641
/-76.6--20.39+-18.38-65.74*88.88*-86.82*3.15+-90.86+-86.65/-61.85+-98.32/91.56-16.88+/4.09,-2208554.5500568477
--95.26--68.22/15.54--43.68*87.34+-58.3*57.78+45.47+97.82--49.13*68.02-4.68/-19.18---96.66,7519.26145166935
+47.67--65.48*-5.15*-38.13/97.7/69.6--30.42-62.46*-69.83+62.66*-46.24-79.4+75.98/61.67-32.64,269538.6416896152
/19.71--*-11.75*//11.11/57.5+-74.66+61.19-52.43/-24.02-23.86-87.43/48.23--61.942.55,22.547913154750386
+22.3+-4.18/-0.31+-+-70.85/-62.54/93.59*32.89/-75.08/52.27*-69.24/26.08-56.51/-19.6612.31,-51.676819312213254
+77.41/15.11*83.9-84.51+-31.49*2.76*78.0+1.45-11.37-97.94*-15.64--1.5-11.96*6.8772.98,234.4358581644815
+-40.43*8.75*82.59+13.3-/+-33.36+-85.28-*/-9.98+73.58-16.83*-41.98/25.41-17.98-84.2,9835.51457100147
*-94.78+24.89/43.8+52.92*2.11+54.77+-87.8-58.11/-4.06/91.28-95.64+10.76*38.0+-72.18-85.07,-5111.041370538929
-55.9*14.58*55.82/-88.52*-14.08/44.65-43.74-7.57--66.39*37.74-41.28+10.79*2.53+-62.42-,-2470.337670103296
/-75.54*-59.83+-23.08--81.71*-65.26-88.07+45.22+-48.68+-79.35--59.7/67.01/25.74/-63.46--88.1150.21,-225065.4851497307
*85.13-38.58/-17.08-23.87+-44.32*5.72/31.08+-55.83*-65.19-83.35/-80.27--29.22/62.66+-46.48-86.9,-2195.7188083223546
--61.1/84.06+-26.49-69.48+-42.72--25.78*-79.16+64.74/-81.3/57.95//*62.03-54.14*56.8440.16,2809.7362626209865
/27.49/-47.69+-29.41-95.08-49.29-29.88/-39.14--68.65*-28.82+14.37/70.24/-79.47--74.73--80.598.72,501.3846887698079
/69.48/73.02+98.81++*7.46/26.98/-66.17/89.87/7.95*-9.46*44.7/-49.56*30.32/-95.216.72,74.75685181756498
+-31.46/49.93*-16.07/-77.09/3.49+-43.36/-67.52/-96.71*36.46*-70.14+-50.46/-59.79+-26.25/-80.51-67.56,-135.26261670501015
+-73.85-57.15*-94.54--72.53/67.36--20.2/-29.05/33.95+-22.38+-98.22-9.91/-71.69/-49.95+9.0316.99,-6941.868721009152
/-4.82-53.95*35.45/80.0+45.25+-82.42+-69.75+46.8/-80.77+**81.19+-5.71-62.22+40.38-79.22,-29394.19937781584
+-99.12+-57.22+-31.9/-95.97*-14.09/-77.98+-14.07--16.36*41.75*61.82/80.46--15.34*-96.1/3.26-0.83,13684.818064668561
+79.04/4.69*66.92/68.18/-11.11--15.26*-49.95+83.95/-*86.51*64.58/-25.93+-37.71/-29.14-41.26,4272.53061658248
/57.32--*-13.29/-81.73/-14.29+-38.15//--39.1*89.74*---66.56+98.44*13.28*-22.4759.99,72491.69898791515
*48.73/44.93+39.66--66.1--21.94/-14.34/*/91.58+-45.4/-51.86/46.63-17.8-11.75+6.6715.78,6.0323637762454965
+33.86-15.22/72.36-**-41.92+-80.7-20.8*-69.96+-79.38--48.43+63.51/-11.25/34.76+-62.12-9.83,-8993.508491917784
--68.43/-11.43/-20.39*51.64*91.65+19.03*99.65/28.64/37.14*72.68-3.63-74.46/45.63/-43.8398.66,5132.187611139369
/-62.06+85.84/19.78*-66.1/82.96/-73.03--69.8-23.76-92.13-67.06*60.72/-31.02/-14.06/41.5478.08,-183.67788598523046
+-81.18-44.97-73.43+97.85*19.07*29.67+16.48+5.95+-*+--64.12/-74.72/91.24*-5.67*,12693.675923090932
--27.08+-47.35/-24.18*39.48/29.6*35.33/-56.28*71.97-51.47--36.72-4.48+-93.87/28.2+26.79*,212.8656713084585
+-14.61+-87.82+91.97/68.72/-56.98/97.01+2.63/-88.32*-22.56*72.92+-34.57--4.71*-39.44/-8.93-70.93,-9879.046930470438
*-31.11/-26.37--77.83*-40.46/-23.82-36.42/29.16+33.7-35.11+-9.03/25.62-92.41--84.2+41.5574.07,123.26910833656824
*55.58///-71.7-15.49+-98.81-92.0+-12.27*-99.01/33.44*-77.35*10.43+-78.12/31.18-96.93-70.91,-34601.33198883976
/32.04+76.64/-68.09/-18.32-90.92-27.55*80.23*-28.0/-61.87-35.61+12.52--2.0*47.79-27.2756.46,-5304.344036965526
-79.79*-99.54/69.75*51.69/86.12/-65.05*20.85*-19.47-82.5/87.71+-88.95-53.51/-7.08-+38.82,13789.79678428486
-82.29*38.21--26.81+-93.83--84.16-89.58/*/41.25/-66.96+44.21/1.82-+*-23.81--84.7421.6,-1012.5854240453217
*81.83*32.44*-71.26+46.15/-+66.75*-21.03--97.59/-69.91--80.23+-52.03-63.07*-78.74-73.233.55,6211.207592865266
/-64.11/*+76.54+-14.17+-28.4/-59.98/-58.66*-3.79*//-10.66--40.76+90.83+0.93-81.0193.76,-145.89052230790463
*-13.49*16.33+43.6-83.22/20.01/-52.62--15.52+25.24+43.89-81.52/-56.94-56.99+-92.25*81.726.09,-8830.42869951573
+16.85*-97.48+60.0+40.24/-26.44-25.07-20.04+26.4-5.26+-64.57-76.97*69.02*-97.61-29.39*,192231.95561101157
+-81.37-25.23-48.77*38.61+5.24*14.88+47.44+-30.84+-28.79+-57.62*85.21+41.62/-12.42-98.0799.04,3728.704355766289
/-57.03*-11.33/-71.73*-13.06*59.41*-68.54*-20.16/30.62*-97.53-40.65--57.59*-22.38--20.47++-66.27,-28963993.46752033
*73.84*47.61+-67.29--51.9-57.78+-85.4+71.73--1.67--6.38+-4.1*-53.77*-85.81-48.36*18.8264.83,-14590.123964000022
*6.15/19.03*-84.02*-17.83/99.05+3.31+2.41/-46.76*-1.13--27.74+33.77*-15.93--48.55+83.2133.99,-1332.8119477546704
-88.59/-65.74*-4.55/78.42/-51.79+20.35+50.9/17.53+/+-68.16*11.68*-13.97*-42.85/-2.74-50.53,453.9861730729394
+56.0+55.15/-39.84-54.14/72.7--0.06-94.82+-*21.24*-5.07-10.61--6.85*52.8-7.9372.91,-373.0001513000859
-60.99+35.89-77.73*-81.12*4.15+83.33*20.36*36.04/81.82/52.43/36.66*84.12*-88.59*-78.02-,-127707.77537497132
+-2.06/36.04*85.74+-2.33-82.83+-99.45*-39.48*-74.87*-19.36-78.34+-30.32+81.55--54.44+32.11*,4645.070606484722
+-33.63-90.2-2.82-18.52/-99.65/36.28*-19.39+46.75-36.69+-61.78+42.78/46.9--0.64/17.5269.59,2708.185918882637
/-93.78+14.68-+*-51.7*93.82/-9.78*-2.85*70.73/83.36*-31.74--21.12/-17.9+71.73/50.963.91,-16295979.859939462
+-7.67+-7.26*-2.11/-77.49*29.49+38.28*-72.16+-52.27/-46.99+-29.96--90.14/86.97-45.63+8.65-29.97,69.32223642298077
*1.61/12.95-60.46+-20.71/-75.2--10.0/97.07*23.24/38.3/65.18+-41.92--16.18*-47.33/37.92-62.35,-16.331746109319347
/-76.15-71.37--42.44+8.91+-29.71/66.74/25.33+0.32+21.34+83.27*47.44+96.88/-88.96-63.1616.9,4693.275552356471
--99.24/43.67*77.99+*/-67.79*-82.36/-4.69/89.22+84.68/-86.02/22.11*-78.52--10.83+-57.9599.92,22.906024201152434
*30.22+68.86/-6.22/66.83+-7.64--13.4+42.91/7.32+52.71+-98.45-32.09+-13.89*-31.11+62.59-53.49,14.315269487140547
/44.95--85.47*46.46/32.76/98.89+58.24/-44.68+63.21+-72.13--25.41/-96.3*13.02+90.83*92.639.66,1661.1838396492944
-3.78-37.44*-49.09-49.33**/-65.26*89.57+-90.1+78.68/-3.25--19.83/68.94+-78.06-30.62-81.74,2368.6561445014336
+-80.68/21.5/-64.23*67.56*-17.27-67.98-67.16--49.05/88.68/79.08*76.95/5.29/34.12+-34.83-99.8,259.22658960662596
-23.16+-6.08-97.41/12.91-70.93/-12.34*78.15+-98.53+-11.86+0.06/-90.84+71.68-24.32/-69.646.22,-6262.539167482193
-56.46+50.22+-30.71*21.48*-15.56*97.69-91.8+65.81*13.55+-85.25--51.85+77.32-72.03--62.7970.42,-2998654.6806296003
*-37.67+-80.49--35.11*-31.19/-88.24--28.43*24.27+-12.59+-49.71-41.12/62.4/-13.88*-20.59+-11.82-63.85,3336.8358981517767
*-13.27*+-72.41/-58.09*14.08-26.64--28.65+-99.32/-74.17+49.66+-72.04*-64.94+-43.54-15.18.43,-15211.624290191447
*-16.58--33.69--64.23*27.96+18.13*59.68*-1.83/97.67+-3.06*-56.44/88.82+-85.58/-5.63-+-78.39,36740.54196794019
/-26.23+61.71+6.82+42.63*-8.2*89.98/15.25***-55.48*-6.08+89.23*-8.27/-/-10.710.15,15255595.882884806
-15.8+-87.85/+-63.31+-80.5/18.58/+/*/88.8/-92.05--69.05*-26.61*-27.12--36.7122.87,26655.01767075086
+-78.59/-2.34/36.4--15.88--25.13/68.74+-4.64/24.86-63.7--24.66//*37.46+-38.43*87.63-15.93,-1428.5262329896286
-90.86*-42.64+-63.66+-60.25--43.87/56.84+6.11+-50.26-48.67/99.65*-22.24/41.9/-9.38*93.95-39.13,-2738.6097379610774
+-79.74/33.17+50.61+-75.48-64.28/-85.76*31.79*7.99*20.19*3.07--29.38*-95.8-45.5--29.8182.52,206.3576921102811
+15.98----33.22/50.26+-11.51*54.06*35.06+88.61/-78.28--4.58*-43.88-81.87*77.95+-69.11-63.43,176859.23483676312
-25.43/11.8-49.11-62.77+-11.51--41.84*49.93*-60.91*-62.3+-35.4-31.76*9.41+21.54+-58.68-1.12,6706934.773973468
+74.18***95.8*66.98*-75.37+-76.49--61.58+-9.49*-66.01-68.68-33.08/35.91-44.71*84.186.45,-43838032.66548563
+-46.64--46.14/-64.82-44.11--51.56*-76.82*52.42+12.1+9.81*84.37/-62.83--31.57-61.99/-53.5216.15,48804.83821303765
///-30.36+74.11-34.06/77.2+37.7/70.84--17.87/-55.09*37.81--19.32/-38.4/-44.86/52.49-56.52,-0.07623982891096034
/88.2/-25.8--83.76--79.53*-94.29--32.75--69.96*67.84*24.86-53.92+21.44*70.66--36.59*-97.6860.65,-90557.27349371335
-81.24/87.05+-46.13/-11.1*78.11/84.92*50.17*14.11--32.8--55.8/-49.45/-+-74.04/90.97-54.33,248.5833637788196
*-22.34-1.98/-83.37-67.0--21.08--39.26*32.04++/-6.23+76.88*33.51--19.77--53.07+88.0347.96,-2103.0154070216036
-32.67/82.74/-25.73+-9.86+11.66+-17.24/29.45*82.9/2.1+-1.77+-3.12-5.86--66.17+-59.54-41.47,98.18577375209307
+39.8*55.86+-37.11*-88.34*67.35/26.91/-50.73*15.88/-9.07/-80.73/10.36+-14.55*-11.37*30.62-27.99,7623.19542918356
/51.28/-72.53*-1.18+-10.06*-34.21/-55.55*-64.4--18.37*3.12-/+-50.08+98.21*-5.48*1.3420.31,427.6046897896207
*99.3-20.7-2.17--37.66*-98.76/-19.32+/+-34.28--21.79/43.57*73.97/97.92/-85.64--85.67-3.5,2009.2694541437513
*-16.93--90.11*32.61-**-21.14*33.07/53.78*-9.16*-3.85+17.39+71.88--65.34/12.84*-63.5149.83,273170.100253811
+54.66-88.75+/-61.08/40.5+67.55*-93.64*53.51-79.79*24.64+79.1+-98.85/-16.49-6.1-16.94,397920.17312142707
-41.61+54.84*-87.88/39.67+50.79+-19.89*-40.14/-50.68*53.7*80.53-75.02+69.59+24.97/20.5247.22,228716.4548882332
*50.5/28.01/54.51*58.99+-58.43/14.83-64.85--54.53++-4.24*19.49*77.1+97.93+-65.3169.09,-147150.78890554112
/-19.41+15.86/-75.61+28.59+-50.89+-84.85-23.57+-93.98--46.12-32.41*63.37-/+43.65/-95.7595.39,-6379.198630284489
+-37.09/-58.75+-35.47-41.46+52.93+43.7/0.95*0.13/-88.83/66.02+-8.48/-98.29+58.27/96.7673.03,-2.4060444645938524
--36.78+**18.76-71.57+-+65.15+-71.97+-20.36--91.63*55.2+-49.9+79.01+41.43/32.6684.2,3896.9110859857483
*-9.16/-89.96/84.41-30.42+35.15-4.9-48.4*64.71*-41.16*-80.61/-72.74+-35.35+99.36/-56.4851.25,-441773.81907873636
/75.31--32.04*66.03/-27.09-95.2*-32.34/89.87*-84.48*-57.29/11.06-80.61+31.37+-97.95*34.7388.66,3006.2711980117174
-59.25*-27.44-2.19*-69.98+52.79--12.83/80.82/-88.85--60.26+44.71+59.3/30.55+-63.66*-84.75-18.01,5341.200311846343
+66.77-47.91/-76.25*-32.21/-40.97*59.98+-76.79/-87.33+-40.18-7.36/20.67*43.2+-86.0+-38.1-17.07,6011.22037441131
/35.24--22.16*32.82*-49.72+-16.48--38.13*-97.18*-37.58-96.52--40.67--84.72--78.38*32.08*42.98-86.3,-260280.88886464335
/72.72+83.33/-92.3+36.71/-11.41/-53.59+-82.8/65.1*67.97*57.06/-61.26+59.04+0.04-7.94*,113.0188700023363
/-33.55-21.96*-30.75+-39.79-12.41+5.28/-52.33*-13.53-25.32/57.09/-71.32+-58.7*66.91*82.86-95.2,-528864.7891214966
-4.56-54.1/20.77--48.14/31.2/-12.71*-99.58*-54.81+57.94--61.24-82.3/63.45/-94.76+39.0853.25,-130.43846858570703
/74.49/-75.12*2.23/74.84*76.11-23.12/36.73+64.08-+/-69.3/-2.17-35.01+-45.0*81.64-61.86,-5073.504986198343
/97.39+-90.15+-56.97-65.38/58.23+46.19/25.82+14.84/-68.39-93.64*93.85+/*-36.1--54.14-69.84,-4435.374950968015
+-64.57--89.72-79.48-8.81/-43.83--/58.15-76.09--53.0+-6.43*-78.06/-9.91-74.38/76.2162.27,-173.63180622958694
/-93.42/-7.58-57.5+-36.27*25.91/62.76/93.47/25.67+2.72-31.79+-53.4/-83.11+-19.79/17.3578.54,2245.3742733568183
*26.27*-26.65+-5.61-27.39*42.99*-51.27/30.69/16.07/-57.28+-4.91+/*43.44+29.95*37.74-81.26,5332.196061872298
--80.81+-99.18+-94.0-89.69+-96.42-3.85/-43.19/-67.95+42.99-75.67/68.66*82.56*80.86-8.36-90.14,-538.2071602235238
/48.46+46.01/-58.1*13.2-28.72/-36.43*44.15/-+-12.24/57.76*88.66-45.27*-51.26+-83.75-77.33,331889.93582273595
+-63.81--8.45++*-81.43+87.28*8.3/-40.59--70.82*-57.14/-21.27/-53.57/6.21/-/-36.98-32.46,-6467.428849741715
--74.74*53.03-68.91/-31.81+-98.77-9.2-24.96*-17.08--9.82-3.22/80.28+-87.28--28.04--55.11-6.6,-3881.475163004524
+-29.68+-27.38/-54.92-97.63+-57.1*76.1+-92.17-83.78*22.48-74.16+59.91++*32.59+90.2166.87,-5598.222432008603
*-97.22*93.55+88.76/-39.01-45.59--20.63--71.0+89.86*-6.24+58.52/68.34*-34.32+64.93*-75.3891.05,-928.2241300699279
+61.38*-38.09/-97.09--+53.16--69.1/-95.53-36.62/-66.21+76.13/76.08+20.38*-86.89--87.83-57.06,7683.383407164092
/-50.55-83.04/99.32*-8.5+53.98*-85.25*-93.1*96.12*72.95*-49.01-17.47*-68.55+17.74-59.1766.03,827182.2945457549
+37.1--83.39--/58.82/12.97-92.57*61.72+22.27*9.35/-34.58--19.6+25.18--3.37+-56.96-5.89,-1351.809462256659
/34.44+12.04+14.98*-55.25+62.3*75.17+33.74*-+37.99--91.11/59.2/-49.22+-11.3--77.477.26,-2884.2439956709395
--66.23*-21.58+-94.88*89.87+-63.04*0.74/37.0--94.19*-17.91--65.16-72.61-78.39--45.49/-76.75-2.62,-6917.284982162578
*61.29*78.63/-68.61+-92.79+-50.24--26.21/-3.66/97.01-61.24--40.68--62.92-86.86*-96.93-53.84*,8768.748254769353
/-71.2-/+0.11--15.57+69.09/1.25+-95.72/5.46+58.85/15.48-53.51+-98.11-89.61*-3.8718.03,-6235.776867473019
/48.91-5.92*5.28*50.44+68.34+*/-84.53*-93.17--0.04+-22.22+-5.12/70.15+-13.26+23.0773.51,-19087.81095432717
/-3.49+-99.41/-14.1+54.34--61.41/64.66/59.48--34.92*-18.7*53.25--75.79--98.1+-52.45--99.4285.11,-75565.3704894166
+61.26+70.13-14.76*-34.87-22.55--56.32*46.87*-32.3--80.27-77.16+40.91-99.96*-7.22/16.36-42.81,-120547.39562026862
+87.29+-41.67-2.73/62.82+20.05--10.52*-99.01*--39.48**-83.96/-3.73+-45.36/-26.3791.35,-2702.4220680735975
+13.35*-8.83+8.5--44.65*-61.95/61.07-70.09/-60.56*-85.29//+70.49/-34.77-82.59/-5.1942.29,-52.435781299507966
/-14.49+48.91*-16.27*-59.76*-66.61-9.19/-38.59+51.44/-96.76-0.92/17.69--1.49---/5.76,-595290.0977635345
/-46.64*36.53*-95.44--34.91-30.36--69.84+-23.21*-50.03-**25.16-+--28.23*-56.42*-22.315.59,-29925.232882622506
-3.06/7.51/13.54+-41.05/-93.98*97.79/54.75--6.42+-5.33*99.9/-30.84--12.65/-86.63--36.54-63.74,321.5191332730947
/-66.84*-22.99+-44.32*-77.47+72.66+65.25+70.02*-85.9/-49.85*-23.75--71.36/85.48/-51.19*-63.2425.52,-60732.59501601178
/-30.33+-26.57/-45.11-70.6*34.26/-1.42-26.69/+--59.94/-69.5+-23.36*-2.12+-89.75+22.77-2.74,208.07221866539868
/57.83-65.57*-5.91+3.04+-19.98/-48.2*-46.85/95.39/23.66*45.65/-64.32/-40.9*-56.77/-1.74-71.3,-1.131703212849209
/41.62+-93.06-66.52*-58.13+-72.45*-95.63/99.87*8.77-2.62/9.68/-50.75*-28.09+97.15+49.49-49.23,-223689.56598955914
*60.47+43.12/-+35.74+-22.83*-61.97-64.59/-80.78/77.77+-43.58/-45.32+-31.51/56.19*-57.01-7.89,-1406.9898202966378
*82.73-*/-30.33/-98.15-33.29+-23.61*-2.86+78.55-74.13+/--59.9+-29.61+-60.17-55.3-50.25,-4578.038306837287
+94.28*-24.11*-86.53-88.1//*27.09/-99.87*+-84.8+36.77+-68.5*-80.26+-70.4-60.11-23.64,189126.02572689796
--12.57/-35.17+-87.47*-67.26*-27.4*84.81*-89.34-5.02+28.75*90.29--88.14/-65.92*-88.89/15.45-83.42,-70105762.02799802
/-29.15*36.11*-4.58/43.62+-73.89/6.26--84.22/78.21*-/-71.06*-36.05+-19.93+-24.55--63.6249.59,-176.19785511258164
-87.37/-95.08/96.45+8.67-49.02+72.9*-16.87/-2.75+-3.55/99.72+-83.81/-84.17+**+60.97,-5025.676954115676
*-25.58*83.87/-30.45+-80.13*-20.31*-40.27*57.63--67.95*42.18*-10.11/25.81--89.05+48.23*60.1174.28,-3420412.7814078243
*-98.25+-83.06-94.4--50.94-66.2*-44.29/50.41--48.62/97.85*73.04-+/-77.51/-97.36/1.790.0,8231.911219385325
-73.39+-22.42/14.95*0.08*-53.99/75.04/8.85*-0.64-19.99--44.24*37.7-17.27++--83.176.46,2671464.464127193
--64.95-87.97-53.41+72.66+-35.96/-58.67/-35.95+-+34.34***-86.29/-61.95-55.68--54.7138.84,-4457.33551577295
/65.32+78.77--70.99--11.94+-77.4+27.52/8.02*-+-64.94*77.84*-4.15-+--73.92/-25.35-25.47,-28083.01365103155
/-73.87/36.04--40.87*85.95-8.15*88.81*-53.46/-68.4*-35.96*-40.72--49.27*-16.2+90.58+-25.36-91.11,1608962.1450750371
--54.14*90.96+49.96-73.58**--81.79--33.24*-40.0+12.75+79.5----3.79/13.23*10.0538.29,-11609.965441791046
+13.86*-88.17+10.11+-62.94/37.84+19.06/-9.73--52.6-58.51--59.96*94.32+33.86+58.77/-57.39-12.89,-188626.86403631605
*-73.72--62.31+36.02+6.66*66.05*19.36*-91.3-48.11+++-67.24*1.24--81.04+-53.02--0.82,-5612247.138904001
-69.76/-84.89--98.01/-71.4*34.0+10.55+71.07-35.85*-18.87--38.32*-55.96/-86.21*95.06*91.4380.77,-375305.07494345924
*83.53+-29.0/-82.63+75.9--68.03/8.66/-37.16--29.43-*+-29.89+-21.8--66.49+-15.97/-39.06-91.41,-2460.2592824194376
*30.42*79.09+52.97-36.8/-85.72*18.3/-81.39+-46.17--15.05*75.17--28.99*-45.13/54.65--73.33-45.07,129662.08790991487
*18.64/-30.26-14.73--99.55/58.63/+/-92.62*56.33+-90.25/54.52*++36.63*-75.26+28.17-22.45,-2103.6688954050355
*54.2-76.62*-46.45-36.78+-79.68-32.56+**17.51-81.08+-29.38/-85.65*-99.51++*96.9858.77,13184.22613711185
--50.22+48.34--63.65--59.81*-13.51*-21.44*-43.21+58.22*87.92*-63.38*-72.02/36.56+4.01-57.0890.94,59564604.5099646
+17.97*-75.27+6.07+-89.54+32.63+-18.25+76.76/51.08+-14.54-54.66/2.05+44.54+59.44-32.96-24.9,-226.38196740027507
*-72.37--38.47+-71.2*-88.0/72.21+-62.75-93.2+97.66/97.11/-17.72+-39.25*57.15**-7.263.09,16747.776537706504
+-79.47**/70.62/-44.92+38.39+66.09+-1.63*-69.97+95.13+-52.7-57.48/27.0/-53.67*6.0-33.74,-6669.329625625543
+--42.72*-98.34+-57.66-3.73+-58.13+-45.57*-31.66*-96.16+-7.12+-8.37*34.33-45.74/-28.0712.55,-25697.703818613543
*63.52/-23.38*-42.86*-/-96.16/-24.9+59.41+78.33+64.89/3.78*-63.33*-60.32*-64.08*-10.3868.54,2750176.640277652
+76.6/-2.63-60.26-94.47-45.87+/--65.45--61.4/-23.31/7.54+44.28/2.17/30.76+-91.26-60.88,25.045884086830846
--36.45*6.96-94.42--33.85--68.72+---85.02-19.48+18.29*-70.06--31.7*43.15--10.94--26.3831.7,2070.0998000000004
/41.21*-20.58*-35.5--2.95*74.65--86.65*-42.48*12.77+47.06+-17.51+-1.15+-91.21*56.8-95.32-78.43,37170.07344208357
--82.35/-65.55+-46.85--65.66*-6.17+-19.95*+*28.81--19.88+-63.13+41.37*32.22--80.08--85.86-49.9,43453.28515778868
/2.64/52.28-52.51/-18.66*75.29--29.62+-2.86/-19.71*-*29.59-62.41*-98.03*-94.04--17.4568.01,160378.27334224802
/-93.3/-37.94/-75.73++--17.52-26.23+-84.59/70.1/18.84/42.92+-40.3/55.24+-29.7--39.95-50.04,49.07186661338507
+64.25-61.18/53.89-8.64--99.9*94.03+93.54/6.03+81.75/-42.09/83.26+-38.77+-82.14/-90.17-94.62,-8657.573698203754
/14.86/-51.35/29.84/-87.26*66.8+-28.35+21.12/-54.78+-70.82+20.15*57.22-56.12*-7.16+-40.73-26.95,3391.5331528327088
/-17.98/-62.39+-48.05+-38.02*-64.19+-34.68+-16.95-60.01+-74.28-39.35*-54.52--65.5-95.24*-29.6711.81,-971.1240976526426
/15.52+-29.34--+-34.37+66.54/+--66.46+-67.28/20.07/33.09/24.27+91.51+-4.19*7.41-86.45,-566.6996405676246
*92.88*72.68+-87.05/75.67/-53.32*29.44+-58.65/-58.36*96.44+-31.79/-60.45--60.14*-63.05*75.2-81.29,-973034.7112190585
*-27.16+58.14/-10.36+6.9-66.01+48.92+36.2/12.24/4.94--97.52*-73.61+-80.15/-85.94*53.91-,-500659.36020506045
+---63.56+-20.9-5.34+40.83/-72.64+44.17--77.79--43.93+71.19+21.15*-90.96+-78.79*-19.3*,8548.635844872086
+-26.25/-16.01+22.61+44.04/12.75*33.38+-92.63/-41.28*18.53--32.71*-92.71-90.89/-17.91*81.42-14.91,8477.701940963996
-60.81+-91.89+13.19*-35.28-11.91/-20.19/34.19/85.0--29.46--54.53*-28.97*-43.41*30.86*98.76-26.38,-3833018.7087030667
*/+72.29*91.29+-6.14/28.24*23.44+90.96+-42.04/95.85*18.19*-57.93--99.07++-49.755.62,34873.638536278595
/-81.84++/9.76+-51.46*-23.71/98.11/93.23--60.08+11.66--90.68/31.4/21.74+48.04+71.4824.27,-15.626101509423219
--81.89-46.43*/+39.64*-48.68*55.22/98.95/28.03/59.08/-43.57--7.78/-23.79--27.9+1.47-85.84,657.566046693974
*68.06/-95.62+-46.41*-65.22-20.57+92.38--95.67/7.16*-/-18.13*79.26+-88.98*-54.66-/45.14,2918.827373360015
-67.33/-94.68-14.95--5.41--26.68-19.14*-28.49*-10.8+-89.92+-85.18/44.31/-20.86/-27.73--77.5,27591.59634638048
/8.8--75.44*95.47+21.24/-58.47--82.27-16.01--29.9/30.81*-70.51+99.91*59.86+-35.75+18.7960.9,215110.5096750553
+-1.34+30.83*-70.5/45.52*-56.64/-3.28/78.43+19.79+48.42+-71.4/41.45*72.79+68.02-40.9731.24,54.85400787201428
--/-54.68-7.89+-4.65+84.38-90.03-48.84*81.76-63.4*-57.32--8.48/-93.53-95.98+29.68-59.42,-5543.002834643043
*-74.11+51.59+-92.73--23.88--13.34*-81.87*-67.04+26.01--41.78/-54.27-/--47.28*-73.54-53.26-11.57,5964460.925042734
--60.89/19.34/-94.56/-19.63--82.97*33.81-81.7--92.07+-92.43*-81.58*-49.11--94.65*-10.92/92.71-7.11,-382005.512153659
/1.46--70.69--50.08*-40.69+-58.6*94.75+97.66+++-4.03/-30.17--88.98/-12.9--5.08/-2.65-66.08,6973.8099384163215
*85.75/90.47/-54.45-1.06-94.16--8.0*26.77--21.99--82.66+-15.19+2.43/-66.67-45.43*-81.43-41.38,-2902.6596812053403
--72.11/-63.34--98.68*38.21/-83.77*78.52/68.66/47.69/90.44+92.9*21.94*47.67*-0.55/-77.81-46.42,-1036.9617978161752
+30.61--5.34*76.77/-64.01+82.28*18.97*-17.01/34.4*-54.41+-99.35/36.19*-85.72*-3.05+-24.8813.23,404043.4382108028
--91.01/-93.47/-21.04+68.65+81.49*-34.36+31.82*76.76*76.98/7.87/65.94--78.45+27.78*-66.75-37.98,1366.8932022199197
*-75.04/-44.41/+-16.87--+*+-25.27*-9.31+6.28/56.45/-59.36+-99.69+96.54--7.38-97.94,16.16622210320857
--75.85+-76.58+-87.89-56.01+79.44/-93.75/++9.62*-25.27/47.82-36.89--76.19*83.85/20.69-97.96,-49.21838319720926
*5.69*54.57+85.42+-21.36+-11.26/19.25*0.3/67.69/78.23/92.83--24.26*94.75-77.16+7.68-19.84,19152.117232333552
/-41.84*30.29--30.76+47.29-*--76.75*43.01--9.36*-4.12*-97.53+8.69-70.41+56.95/9.96-29.18,-2813.96559611431
+91.37--44.24/-43.49+85.48*86.49/18.83/49.44+73.6*23.24--37.58-78.06--10.12+-57.45*35.24-13.62,-1249.4922700860595
+*+-34.54+-31.6+-81.85/-0.41*34.02--68.9*-97.41-46.76*-29.33+-80.62+-39.44+-8.45-85.17-87.9,-6816.925835508525
+-41.85/20.19-0.91+-32.58+40.63-16.33*-40.07+-65.63/-46.98*-20.85+57.7+85.54/-29.06*17.5691.11,-2498.957112144999
+26.67*41.14-40.11*42.22*-41.05/13.22/-92.63+13.42/-73.15--74.31*92.72/-20.77+-87.86+43.5822.09,1487.6013090468339
-**23.16*58.76+6.52/-1.21--39.94*85.53*8.96/-33.89+-38.89*28.56+-94.76--18.77*51.2961.29,-15499.06849163526
*-40.3/94.42+65.14/--19.2/83.75+-93.49+-97.19/-41.02-13.8/-50.73+58.55/67.79+-63.531.45,-122.09432928728894
+5.74*88.21*15.72*-31.58-8.29/14.94/-37.06--80.85/-43.68*-24.7+-93.47+-21.49*-65.14*70.3417.52,-443225.1815290405
*49.24/-27.54-40.09/-55.73/67.64+23.83*-47.67/-7.7*25.14*-66.2*9.83/96.06+0.97-8.2563.79,-19875.212961530855
/-51.0+-24.17-53.72/21.9--29.89/-44.49-14.37-89.54--59.28+-43.95-97.13*6.41+-67.33*-47.2775.02,-2944.1313262941626
--51.98+81.42*-14.47+35.67*54.35+-43.29/-91.01+91.45+24.64-66.49-54.92++*5.73+72.03-46.95,-11009.439
+58.17*-57.78*-45.94+-35.35--76.91/55.33--6.07/80.49*-55.93*68.81*-83.36+-83.9/33.34/35.1766.86,-86750.18725052272
+62.65*95.5--19.98-20.08-90.34+80.09/-97.64/68.42/86.85/-89.53--46.69+30.94/92.48+6.0869.37,-1982.3094776150238
/-11.69*35.02/71.35+32.87+78.39/++-99.73-58.1--90.15-94.75/41.18-78.0+82.15--94.9448.18,-85.78043687257389
--28.98+46.94/**-41.8--32.28--81.54/44.87*-34.77--+-53.08+-53.3-20.29/87.87+0.4920.55,-241.70529935227677
/1.87*80.7--78.18///-64.69-89.49--37.26*-43.72+27.86--92.59/-32.87*0.84+//23.43-94.71,4672.2902751803385
/99.0+85.49*-42.04--46.55/-71.56-68.0-63.07--51.18+-64.03-67.85-85.34*-94.47+-11.81+32.5831.38,942.0916831201446
-22.8+31.3/51.48/-75.32/-65.08-65.37*-37.05-31.62-10.23+45.65/83.23*64.95+26.07*-72.73-19.9,2653.2558324636675
/79.48/-14.46+-77.56/46.33+-47.59*33.85/96.24--50.08-86.74+/*-13.4+-60.31/-66.69+-36.49-78.15,592.3985690552296
*-98.44*63.36--67.33+-70.32-77.75*-53.44-31.1/-77.6*71.32+31.5-10.83+46.52--66.36**-96.9,418220.16376801796
+58.7+-1.33+75.75-33.24--0.98--42.57/-4.34*-92.49-45.29/6.06/10.4*26.71/-65.5/+-72.58,207.78501322265862
*77.2--85.41--87.79+-26.99/36.48-37.04+-42.56*-24.85+26.27/63.76-39.93+60.19--27.87/29.3171.08,-7175.012176679436
/-92.35//*64.6/41.62--66.77*-96.47/-18.91/28.46+3.16*-74.26+90.1/-37.57+**-5.89-78.32,-6250.252062347845
/75.11*-21.21*74.59+15.17/-82.47+-69.82/-74.78+-99.63+41.5--29.05+2.59--16.56*12.47+-0.5481.28,-3918.61078559129
*-38.08*-13.02*1.08+50.83/24.37-96.33*/*-88.98*43.04*-95.3-82.61+58.97*-4.41+/53.79,827348918.472148
*-48.49+-28.84-71.46-70.23/69.87+82.6--6.52--77.58-95.55+-32.86+-40.05--89.02/-40.56/-72.95-1.81,1278.442897028504
/94.12/30.84/83.79+4.93+-63.51/-52.06-20.32*49.38*83.37+83.22+18.86*99.37*-5.77+-69.6614.69,-302629.39132220263
*45.85*75.32/26.3/-6.25+-82.71*16.21/10.31/37.2+83.87/33.45*4.84+51.26+26.09/60.81-,1202323.1477770505
/-53.87*-28.51+55.9-74.85+62.08/-16.31+25.7*-51.55+27.53+-16.41*84.49/49.64+9.14-/-50.35,-55221.34388132999
--18.66-93.85-//-10.27/70.19/-12.69+-30.02+35.25+*/96.48--1.79/1.7+58.78+25.8224.93,-38.214823885265716
/6.8*51.12*-29.87/-41.8+17.41--66.29/-65.88-83.84/99.64--35.86+76.16-83.93+27.49-97.34-46.56,70.9939797907508
/58.01/-40.48*-12.62-8.91+-29.48*-94.49/-14.48+89.64-42.64-61.64*66.76-94.07*31.99*-84.9226.52,65731.67002835778
*37.36--0.74*65.56-7.15+72.7///87.97*62.48*93.34/-+-72.11+-48.76*+*30.3193.04,-19061.396042558565
+58.57+31.53*-13.52/-1.66/-60.36/14.99-93.68*78.42/-49.53+-74.65*-56.82*5.92/75.14+47.3-7.61,1252.711629244434
+++29.81+89.9+-76.62*-1.78+-41.36/-3.31+-30.82-20.29*-44.9/-21.92--18.62*-44.28/79.29-89.4,54.89327365203049
--81.19*-77.8--71.79+15.0/-4.71*50.84/-68.49*-63.67/**93.71+35.12*28.34--13.73+1.826.93,-6048.7915888905545
*-56.35-15.04--3.23+-8.75-53.07*97.05+-14.68/-36.84+-/-18.19+-64.56+20.93+27.39+51.24-92.89,642.9582508696117
++--41.63+-94.23-44.58-31.76/7.13--11.4+16.28+49.04*-8.93*61.43+-26.66/32.61+17.4432.15,14835.25881204603
/78.75/-6.02--19.99/-78.11+-19.79-31.8+18.57/-89.91+53.47+54.22*-38.14-39.9+54.26*-14.44-3.07,-1469.239249581435
-24.01/-78.85+-89.53+-55.38*/--+-82.35+-72.28*12.7/-28.4*41.84-71.4+41.01/+45.26,-1210.7212289729362
--34.42*43.13/-29.22/-1.07/51.38+62.64+34.98*48.87+66.95/-21.92--30.6/17.54-11.43/90.92-73.77,13.54954405443543
/-46.92/38.61*38.01*-81.72/77.98+-24.17*20.78/95.34/71.28*-81.15+70.61*81.02*-40.85-38.53-90.03,-127464.05302514006
+-32.7+46.39+76.52*-63.04-93.77/-71.79--78.75/10.29-1.89-31.93*61.41/13.66+-58.88*-86.65-51.36,47983.119264507935
+-38.92-26.13*76.46-15.72*-4.69--27.45/-33.4+50.12--29.36*8.54*-51.78+53.85--15.5+-11.89-94.92,-4267.598299361532
+-71.99+92.84/42.35--15.67+90.84+13.59/-83.02/-/-77.97+33.52+88.06--11.47/-61.59+*-65.74,-48.920150231264174
+21.15/-/-49.45+-53.49+-85.43--73.89-81.07+-59.66*-82.16/10.02/76.99/95.32+-56.67*-38.29-90.49,3305.3169178249664
/-61.24--63.56-49.89+-83.39+-46.89*-98.55+-54.41--5.82*-97.03*-69.76+37.14+45.6+-90.47/65.7417.21,-246257.67852077668
/94.38*62.16+-66.44+-62.9/70.56/+--75.43+17.47--11.37*-96.26/-47.67--49.79+93.73+75.1-5.34,40.97888336586067
--38.19/-34.38/46.18+19.9/-42.38+36.08/-73.54*-40.79*24.54+-44.61*85.35*-/97.31+-8.97-30.23,17107.557136042902
/50.71/-87.49*-52.62-19.84+-48.47*-68.16/-63.29*26.46/7.15-65.46*27.18/32.13+56.92/-32.2950.07,50.50874919404719
--42.21-78.68+-12.78*-49.06+-83.46*-91.52*-29.12+/+-21.87+-81.65*-86.66+9.2-33.71/27.4510.07,88803.83767857002
/17.64/22.95*77.43*-99.99/-94.16/-50.64-16.21/38.05+-94.11--44.21*36.57+17.34*24.19*-76.6823.32,-43934.059485117185
/67.66*-11.73+30.06--7.16--20.44*-87.51*80.51--86.25-38.28/-6.56*88.63+95.23*35.78-/-39.64,-608496.4102746472
-81.31+-70.15+-84.99+77.38/-58.67*24.63+-82.77+-67.92-9.65+++-31.74*22.84*-40.9*-49.6258.87,2729024.308429518
--89.23*-7.24+-94.94+-49.24*-16.41*-26.76+-41.41*10.8/-49.76/*+84.57/38.24*-91.48*20.112.61,-19032.119160156628
/-52.36+69.56+22.97*55.53/-99.55-21.36-6.27*11.8*74.16-6.34+-47.99/37.02+82.92*-79.8690.5,-12746.010438909681
/87.42/-47.16*22.01+70.84--*-46.53/-59.51-**7.28*-54.9+-67.48+48.84/11.13+48.9661.15,-26843.288643447853
/-91.29+88.38+19.7-44.82+24.69-78.58*92.84/56.23*36.01-83.84*-43.13-46.28/-43.4+11.68-25.42,1867.9721710500703
+63.28-+-46.24/49.84--58.25-8.16*52.2--53.44/-81.83--75.16-37.09/68.14/-95.97-98.55-91.82,2779.162082907015
-76.92+89.87/51.84/-59.99+-76.15--0.09+93.98-63.19-11.13+-15.23*-98.38*66.57-76.59/94.784.24,-501661.99911550374
--43.43/-97.98/65.1+97.2/-63.44--63.27/13.22-//-89.09*-13.57+42.17/87.23+5.7*+-61.56,-949.3053032005998
--48.56-27.92+-30.21*-79.64/-54.09--20.39--91.91/-32.18/-46.67+51.26--64.69--43.87/-21.09*41.39*,-212.0799717527484
/-37.28/24.75-38.61+-48.73--91.99-13.62//-*+65.74*-46.89/90.7-*-34.57-46.3196.87,2200.0739663417467
+-48.41+74.88*-52.4*-53.08/-44.64--63.19/-0.02*-87.64/-84.55--88.67--81.8+-48.83+23.12/-26.8769.75,180.8205783581524
-38.02/12.45+-67.13-25.47/-99.4/-98.91+/+54.21*93.19--83.13/-30.32*39.08+48.95--51.7726.02,-7668.793218371967
*-27.54/-58.11--32.66-70.5*-76.29*84.99+-61.39/-31.37--26.94+-31.11+-63.73/75.71/-3.4/-97.44-64.19,-397303.8593401459
*-31.15+-86.28/-49.72*40.15+-46.3/-44.09--49.53+-77.72/-67.38/-65.07/77.8+56.28-4.09-7.9490.83,2728.8882944781985
--89.78/-5.66*-41.67/4.62*-25.73-27.3-50.14/59.67-64.1+61.43/70.6/-99.86*-91.5/44.41-49.97,-201.62193475212595
-74.86+1.25*-80.13*50.56--78.94*-11.98+76.84*59.43/-21.89/-94.88*-31.64/-33.1+-4.5+-13.24-5.41,320571.85349684453
+38.74*40.93--78.6+-92.8/96.62*-95.44*62.78/16.41/-95.25-28.95--59.55+88.65+-49.92--47.38-80.83,-3130.749772639045
//-58.06+60.05-19.75*-*-66.81-95.88/31.69+61.44+67.91+-42.93/-58.97+-23.73/43.0413.53,-583828.2164110393
+27.53/47.02-**63.98+14.29/27.14--31.52/-43.57--65.02*-66.61+-42.57-97.4+44.86-3.92-48.46,-3670.521094669745
+-9.98+-14.68*/-**-62.9/62.06--55.66+9.79/8.8+70.52*-70.71+-26.09+73.29+-92.49-67.17,2051.141804362297
*15.3-85.91+-17.88+-89.96--62.92*83.26*41.54/-17.21--44.1--56.3-27.21-//-4.85+18.11-67.29,-178.3338425898673
+37.85+6.25+---44.26*66.61+-37.45--56.97/-43.37-88.85+27.36+34.01*68.18--61.68/-4.9662.67,-1778.8506292185068
+-40.87/-15.66*-81.86/7.62--25.9*-37.71--92.93+-4.45+-52.52+-77.13*36.61--17.95/68.09+-27.57-3.62,-4328.816369282403
--10.09*-0.39+23.86*-68.23*-3.89*56.91+-57.11+70.87-78.42*-49.58*23.92--56.88/78.31--85.461.27,-929948.9661295101
--56.94+40.91-21.07*-75.51/-95.53*17.84+9.77--33.52++/49.33--32.44+-0.22/-33.61*42.65-79.82,-3905.835404556598
+48.18+-58.51-19.58-19.47*-38.93+68.97-16.13*-21.43/33.12+-33.69/-35.06*-18.67--26.36*31.3870.77,41007.532957336996
+38.02-/--86.83+21.44/-24.61+94.42+89.03+-30.07*-7.77/84.28/-22.78/71.84+-17.63-96.64-38.31,256.8364349299778
+64.89/33.13/-12.32*-24.74--58.46-/+71.62/6.36/45.14/-84.61+-38.8/98.52+-35.61-63.6728.7,-33.35092681423747
*26.22*-23.71+-17.32*27.75--32.88+67.36/34.0--80.29--/13.06-98.44/29.18*-29.16--53.06-16.95,9768.244596388648
+-52.6-45.85/-72.16-41.15+-78.24*67.68--63.81*-63.72+14.51+28.69+23.98*72.04+-0.19/--73.94,3992891.519411624
*-43.95+88.34*-82.89*-23.86-38.68*2.43-90.62+/-37.0-18.86+-96.28+78.64/-65.39/-23.0241.51,72613.53770306273
/81.17+-80.08+-50.17*-6.43/-99.58-55.94-4.93*-15.6--71.65+12.86-31.9--80.11--80.81-56.74-19.46,-1019.7274297654437
/-41.69-87.38--3.41--8.07/25.84*-33.68+59.0--45.62*-29.27--18.68+-1.22-58.67/34.45/-10.4798.52,-476.19128039133113
--7.15--83.52*-69.19/-18.08/81.97-89.21+35.84*16.1+-87.84+70.03+38.47*-13.86+-67.99--79.585.87,-628.2831233309626
-40.71*-75.63*-69.13+-82.61-48.06+---47.31+-41.35/-21.05+-12.47*-61.5*-38.65+24.61*-46.18-41.25,492332.1577603231
*19.46*92.12+6.88*-33.33+/+-64.22-67.47/-53.33*55.9*+*-62.1*90.79/86.76+*47.18,2723128.8222142253
*-4.23+-32.69+-21.41--33.29--72.22/-34.87/29.73+88.22--46.04*-14.24+-62.17+-32.02*58.0*68.08-35.09,181.69423265311934
+36.7+77.63*31.95-32.81+-85.02/*+-27.08+46.04-18.43/-75.95+99.37+-10.13*65.79*-46.23/,792.5325270025089
/-95.07+-39.03--62.03+-50.42+-91.64+89.4*52.71*-44.94-5.45+52.08--92.72/44.4*-29.18--96.2421.53,-13129.913345531892
-10.87+-14.81+-90.62/-0.37*74.58/-82.27-5.25*-61.21*-32.47+-52.82*-62.05-74.28-12.39+52.02-95.19,100145.61687704358
/-23.8/55.53/42.49/38.69*-46.94*61.54--52.38*91.53+-12.18/96.04/-38.87+3.08/-67.49-88.2-21.96,1136.7404811797464
/-60.53-16.93*76.42-75.22*-14.59/-94.73/80.77*-81.44*67.99*68.11*-34.09-48.43*71.53*78.1-28.23,-1454440.298908169
/89.97+82.83*88.97+64.39*-67.74+17.13--16.95*-66.62+-99.7+-91.63*-78.72/-69.24+/*44.33-26.41,-3296.8425006100524
/95.26+13.01+26.39*-18.74+18.89/-42.41/-75.57+-8.58/37.14/-27.52/-40.79-91.11/-90.28*-29.0398.1,-262.07622380408407
-35.91*83.8/33.74-5.13*-18.46/+-30.8/82.06--42.31-99.85*23.44/14.31*60.22/-16.5165.15,-55.6310268735111
*-71.9/-73.42+46.64-77.17/-13.14--64.28--11.24-24.07+61.58+56.3-93.03*-15.62*37.11++-36.88,57756.0410396003
*80.62-66.42*48.02/-2.48+-76.28-74.81+0.48*17.34/-79.38--7.77/25.09--6.47*-17.7+6.5224.04,5709.599070609386
-71.69--33.71*95.8+-83.77+39.59+82.57+-99.19/-56.36-73.07+-34.75-+/1.98*-31.74*66.96-70.5,7925.119921117666
/-35.09+52.9+-20.88+-26.54--43.23-65.35-24.45*-89.71+**86.93/22.48*-89.23*17.59/75.7347.43,-7278.643818015261
*24.37+-95.75*-58.13--45.42+73.67/54.28*64.63/-19.98*-1.17//*-61.13*-97.52+-28.58-11.664.45,-61764.41282499215
/8.2/81.3-30.36+57.02/23.19+-/-32.0+-19.62--92.39--55.12-24.28+-82.0--19.14--19.91-96.61,61.70223095456112
+7.95+32.49*34.41/45.08+29.38/12.75--49.31-64.04+37.79/76.66/-22.42+30.23-7.75+-46.4576.85,122.086240256362
-22.49+36.8/12.62--92.79*87.6+-37.17-70.63*88.02*-46.28+-85.39+-94.41+-70.36*-22.71/19.2568.17,-344700.6734916047
--42.06-47.75--87.62+39.81+79.71+8.96+43.46-19.27/66.94-35.23/+/-26.12-70.38*-33.0-45.91,-1407.5249446072344
--0.8/27.48+-8.89/42.03--21.04*61.94+30.13--9.14*-2.41+-42.36-77.28*99.15*-27.68+-34.4845.96,-2907.5027099633458
+-76.53+33.22-11.75+-57.26+-85.51+-74.17*-58.98-88.27*-88.23/-93.63--91.27--73.99-29.75+-99.68-,-5064.173206332858
/93.4+-67.99--83.64/-44.9--94.97*1.84+-45.38+51.08*4.8--41.0/52.63+-57.99--52.64-69.51-25.85,-243.09974203852855
*4.87/-22.72-14.42+88.83--66.71/25.61/3.53/-54.08/83.75--67.89*68.05+-73.37/-22.22+-15.56/,4763.983376305485
*71.39*55.99/4.74+98.24*78.01--46.45--1.01*-28.16/82.65/-95.36+-40.95/-94.31/80.38/*-95.95,-3429.100261781386
*62.67///-23.18/-59.28--71.28--8.52--87.92/-20.72+40.69*96.18-37.83*-97.46+23.58-*-58.21,-1158.9728232612088
--35.7*98.31+-44.94+29.45*9.11*-63.25*-29.16--72.73/62.85+-40.37/-88.3+88.27/60.35*-58.4230.18,-1219669.2070963986
+-3.26/-90.72--24.8*-11.03-59.34+88.25*-17.15/79.66/++-40.34+-93.61-67.5+-58.41-15.95-59.14,673.6794885298626
+-93.72*63.43/---10.05*64.67--37.01/-70.39-19.75*-41.84/-61.42+77.25-20.51+37.82--94.979.72,1200231.4808349793
+62.05--92.84-64.44*69.2/-62.05/37.83--93.44-57.13--57.89+-51.84--64.67/52.71/+*49.6289.85,-111.668899372822
/29.54+-31.45+-68.27+59.99--65.16+88.87+-98.87-**-68.95+-32.67-80.53*-25.65*-73.25*-95.13-7.16,-1282106.7634836803
/96.46-2.0+61.07*-35.73+33.49-27.34--47.58*+/-88.02/-54.02+76.86*-22.58*-/-26.3278.69,-708.5790841185914
*-8.01--60.77--97.14*89.35*63.02*-60.22*-55.79--90.2*-12.27/86.04-57.81-*/-26.19+90.8685.93,-206979848.98686746
+-1.89/-*24.45--3.17-79.17-54.98/-58.91*93.89--98.7+59.15-1.52*-68.33+35.59/-0.92-88.03,2182.307312962189
+-0.49--61.73*-55.98+-43.34+-24.64+-93.3--2.9/-28.88+-75.32*13.48-76.3*37.38+-35.37-10.16-54.38,-194.42203069569857
--98.82*19.31-71.69+40.01+61.88*-31.38+-54.43*-83.46+-1.15+-78.55*-44.91+73.55*33.92/-39.0960.67,-4304.234799999999
*45.95/77.11+-69.29+--81.73-57.39/-44.4+-96.55/-76.7+-7.78*43.26+-57.04/-67.04+68.3697.78,-2478.8282149688566
*-36.91*-25.41--5.75+-84.81*96.0*71.98--92.6+79.42/-41.46*37.54*-31.21+8.02+86.5--90.79-13.31,-639745.6666517106
/10.99--47.07-65.96--/85.73/-30.25/-28.27+-23.19/-2.14*-89.34--7.15*94.12-55.47*-72.58-56.67,-9438.885426160916
/96.38--77.37*-97.7*-32.84*85.1+-11.07--1.22/-41.23+-58.99/44.81+-62.68+++0.0/-23.2787.36,3022432.5240415093
-33.74*-46.91+78.72+-10.32*66.21--87.99*79.93/14.61/-77.01/-74.84+-24.91+13.57--68.51/83.3951.53,-6206.453162869247
+26.61*40.41+30.29-29.23/-63.21+-4.77/31.75*-95.94-//22.03+-30.14-62.84/55.59+-62.09-87.22,1106.2904605976278
*11.46+-83.7*43.54//+-98.63*55.14*30.95/-71.15*48.67*-45.35/-2.62*76.98--40.16-28.1763.42,366317567.87149626
*-20.99/-58.91/-51.19/-22.0/-46.83/-64.14*-57.88/28.07/1.55-72.57*-93.9/71.06/80.73+35.75-7.69,-29.533527887380718
+-72.74+27.32/-6.81/-98.66/49.17-30.18*69.0+-57.23/92.72/25.59/-42.86--8.01--89.17*89.82-80.58,11203.006181434575
*+*84.22/-75.4*33.46/--24.71+15.56--45.67*-4.74/74.68+-13.32-90.79+76.51*-83.5330.34,24565.920222865665
/35.47+36.8+13.73*19.75*15.98*51.28*-46.67--6.62*56.78+35.33+-51.58*63.0/58.4+-89.81-85.24,5000130.902333781
+-46.05--87.44*-17.65*-12.32/+/22.56+61.6+83.95--9.22+-66.31--29.13--69.09*24.57-45.09-51.73,-164.8984739536848
+-90.61*-72.8--12.52*57.56*67.32/64.65+-67.14-26.39+-9.74+-78.29--78.91-24.39--64.41/47.9152.41,4470.112413755637
/44.54*-33.05--9.66*18.71-/+-57.89/-4.18--77.11--69.03+90.99+-8.61--87.35+35.12*71.9978.27,5669.891556231533
/++-70.65*-24.81-88.86--1.38*-29.52--0.4-76.31-68.63*-25.59--86.5--54.25*83.38*2.49-,-12217.260886233546
/11.51/-82.52+53.82*23.7-30.1*-87.63*56.02--14.22--57.88*-57.68*-27.52/3.36*41.64*72.31-96.54,825109.6833876873
/-66.24*58.24/-48.01/-20.55+71.24+-93.24/-13.86--48.06+**55.53-24.09+-70.71/27.09*88.0770.39,1427.1304893561742
-88.5/-76.06/-3.18/-6.39--87.02*2.74/36.15-82.28*-44.32--/-18.21*64.22+12.07/-94.0196.68,4014.8135081410187
--87.77/-46.86+92.31*-78.2*-41.04-**50.59+30.33+93.41/-76.4/50.89/-53.08/-91.28*46.51-67.03,242314.1550341586
*-78.36+81.12+1.38+35.19/19.45+-44.06*-88.74/-20.14-7.09--63.35/38.69*91.66*10.02*22.2699.99,-17835.754807364374
*-6.38*57.8+-64.31-49.61*82.35**--7.17+35.58*-53.18+-6.51+-58.84/-83.26-21.16*-67.96-13.37,21266.179875245973
--29.08+-7.22*44.32/-82.58*-24.0+86.77/-13.31/66.52+-78.38+63.35/55.38*75.12/77.56+-52.97-44.71,13227.931417521682
-34.52/47.74*55.57+69.57/56.04--93.62+27.95--57.14/-53.64*-15.44+4.03--66.64-31.67**64.4,2322.485461211967
--30.79+94.99--58.04/-18.62+-52.03/-8.37-28.53*31.65--53.2--77.36--39.0/31.27+28.13-7.8847.9,1456.193539802667
/86.84*58.91/-38.56+-+-76.53+54.1-99.11+21.7*-81.91/74.35+-56.25*-10.0/50.59*28.7946.87,-506.56093334887174
/33.94/74.38/-12.94+77.39/-58.16--26.79+24.42*/-78.64-88.57+-59.12-54.32/48.22+55.8167.39,-673.9621117243348
+-49.07-26.55+-13.05-28.82-50.08-//80.87+62.59-21.59*34.71+5.83/-51.34--61.48*-6.9734.29,-163.98293168510085
-32.75-0.3/92.64--92.52*-17.85/69.29*-20.22-82.16/-80.78*-36.26--87.45+84.67/-20.09/89.8-31.27,156.51816542924098
*53.55/-58.95--29.31+-83.0+-29.77/99.29--70.29/69.81*28.96/**36.69+-74.37*94.07--71.46-17.66,-6543.696812904606
+-57.62*52.71+66.89*86.31/-66.6/-39.52+93.71*-95.73*31.84--47.92+-38.82+84.5-94.55--67.0620.21,149837.0741896496
+13.27/-98.07+36.17-71.05*-83.01+63.07+-42.78+-25.81+12.99/15.39*-43.03+72.16--33.96*60.59-29.36,6980.60317552324
*+-63.12/56.22-36.75+**-6.8/-84.0/88.44/9.21/5.53--65.72*35.48/50.7+-20.54-6.89,5141.557089716567
//+14.58+-62.72--40.63/-51.46-94.03+84.09/-92.47+23.76+88.02-87.8*-97.73/37.32/29.39-85.22,-19.465369271362206
*-1.5+73.16+31.81*54.67--84.11*29.18/-99.96*-96.08*51.87+-31.8-19.31--98.13/-26.38*81.955.36,49906.75107230151
--39.94/-61.35--49.85++-21.07+34.36/13.28--46.87+-65.27*44.81/76.15/-59.5-45.21+15.5585.68,217.7042796373072
/-34.48*30.65-94.62*72.42-*+10.59//+-70.32+-45.36+86.04--34.64*-84.13*39.95/28.0766.27,52145.72268853804
*71.66--80.87*49.1-33.98+75.78-97.81/-14.27--17.83/48.12*-49.66/-39.2*-24.77*99.26--41.31/,-13776.13312638814
/-35.66/-92.16/-75.9--28.57*-45.74+52.11+71.75-*+88.82+-14.65*-36.44*78.08/77.24*90.29-,-216182.67468970257
+97.73--32.54+-7.92-85.02*18.33/+/-71.7/18.38/59.39+81.12*-25.94/-62.42+26.98*-4.572.67,120.92202228695021
--20.0/-39.78/-41.17+41.34+43.36/97.28*38.68*23.73*24.06/-42.79/3.24/58.8+88.34/-32.97-0.78,61.95501603491544
+45.9*91.22*22.06*-36.77+-25.87/35.07+83.63/-3.12/-89.98*99.45--72.95*-91.62/30.04*64.7253.93,1916532.3132965476
*5.8+84.13*+-30.95*/+-49.62-27.27*-36.86*-83.77--52.81*-62.03*-61.5+-8.52*-48.1442.36,195569.59688199998
-65.93/53.02/-41.02+70.96*70.65--86.11+-40.31/-85.6*75.84*5.42-85.64*-95.56/89.3/71.51-12.79,-6510.647073802289
*-49.5/-17.35/57.08+0.88+-62.22/-85.14+77.9*-46.5--96.03+-17.27/60.62-3.99*36.02-22.562.02,3579.1727565250108
+-37.47*67.7/-91.35/3.84-85.82-++42.69+98.19+-26.02+69.38-83.05*---56.42/86.7-33.46,2121.390304126046
/-71.3/-83.25-64.39/-95.53*95.91+-4.42+-3.54/6.91-47.02+-69.79/5.91--13.31*-79.88*-22.5831.05,-55943.02317497661
/-86.47*37.81*13.15+-84.18/-85.11+96.25-9.17-70.71+-22.14+-12.55+*/17.03+29.72+96.08-34.86,2590.169246733455
/-22.47+-90.13*87.22--67.69/28.38/29.84*-38.9*-60.57/89.16+-83.62-53.66*10.85/-55.41/34.732.93,-5842.525427954883
*-69.22+-78.11--4.1*-82.43+51.44--57.27/+/-97.64*-5.65*97.58+94.9*-87.56/63.62--1.64,9727.080095409412
/98.34/76.45*/+70.64--48.97***-44.4/-36.3/87.6*27.8/47.55--56.06/-91.74/-25.82-49.0,-80.96427764412698
*-51.61--41.6+-72.35+-97.33*-63.32*59.76*-0.28-33.24/-70.38*98.6--93.44*90.34+-80.91--42.4717.9,-2353.178216736772
+-73.57+29.84--84.26--31.65-52.7-56.67/-74.62--52.2/9.52--74.37/-55.31-29.75*81.6/-88.75-48.28,-3232.2913336462234
/-6.01*-88.91-29.98/-34.62/-91.96/1.04+61.62-83.78-2.99/65.29/65.13/-65.12/-83.3+-52.57-8.63,135.4445564717747
+-76.1+66.8*69.58+44.61--90.02/9.6/-11.65*23.72/9.67+55.9-50.84/-90.81+-45.54+65.5-41.87,3080.5009584252616
-53.41+-3.87--52.82/-63.54+24.19/33.07/35.0*++-79.24-95.83*-38.79-*-24.04+24.0872.49,-1853.7860949611857
*22.36+29.3/36.71*45.03*-96.06/-24.4--91.5*3.49/-93.76--18.99*-/94.93*49.71-24.37-46.5,3644.809639400917
/-31.59+28.38+75.51+18.22*-1.13-27.78+-17.93*-19.29/-77.63--50.56*-72.6*/-28.42+36.79-36.9,31007.75923902885
-60.47-76.63*6.82*92.82*-61.92*4.66*-36.89-87.92-75.82*-20.26--11.98/33.47/11.88*47.17-71.38,-592433188.4730594
+-18.12/-51.77+41.44--62.97*-95.42*-96.22/64.01--67.12+-24.18-38.2+-61.22+12.27/-7.12/71.8240.39,-332.7649233218101
/-53.33*-22.62-91.95+-10.35--11.2--57.3/20.96+**98.64+-76.38*45.47/-77.3//-64.0165.38,-7326.495222485975
*75.99/-28.71+10.54*-24.38+98.85/-12.55*-*88.65+-39.52-87.11/-25.57+-14.03/-35.07/-24.7166.72,-2042.99914217386
*15.34+97.43+79.29--73.89/73.29+-28.8+21.63/-52.55/-8.94*-41.16/83.48/-8.62-9.16/95.2264.99,1498.7796895335753
/6.09*-20.37/11.06/39.89/-69.17/-97.21*-29.95*69.75--29.05+5.4/50.53/52.34/80.43/67.8457.24,-5.380837798129027
/32.6*-44.65--45.21/-52.41/-87.19*-13.04*-0.79*71.69*-46.5*-7.01*62.29-19.3+94.31/-21.4*,-1023122.7762904861
/97.85+36.4*-69.48+-32.66+-47.09--58.31*98.46--88.75*92.32*-52.65+-42.21*98.7+-93.59*-43.4-70.0,-200462.45509318679
--63.25+-31.18*95.82*-8.25+50.22+-5.45+82.43/-4.31--37.35/53.39+35.11-+*-13.49+-7.7683.12,-39567.46095447465
-75.86*-52.6-12.11-96.52*-25.96/73.43--76.23+-33.39/66.29/58.07/69.83*51.07*32.41/-14.5849.68,674.7096862545593
+28.03/34.63+-65.17-62.21*-47.03--59.65/-12.22*65.19/72.82/-42.47*-67.95*-32.26+49.66*23.42-51.08,-3919.502229162877
+89.79+-40.61+83.84-/+74.94/97.92-67.12+-2.27-6.79+-56.42+-0.96*61.67/19.41*24.9197.41,4878.418194231199
+94.97--29.16+-70.19/1.83*-38.76*-51.65*92.6/64.99/89.17-13.17/1.65+39.61-93.36--64.02-6.18,270.79656433154634
/36.14--86.95+57.32/-37.96/93.89+-54.04*84.48+72.48-/+-80.24*-7.21/-14.35*20.34-11.0730.02,6114.462021349358
-87.37*/+56.82/88.26+-6.79+-99.89+-54.36+37.95*71.08/44.38--67.79+67.79-28.46+64.13-7.04,1196.5368123026565
+3.97/-5.04/20.09*-71.56/47.55/-17.38/-+92.92-13.67+31.76-21.22/5.27+-57.13/--53.74,6.954063786290466
-8.54/84.0/-10.89-86.81/-88.16*40.51-9.91*-6.97-45.29/-13.46+-63.89*-27.47*89.58+73.55-9.18,-180652.6130846212
--53.73*81.71*-99.0-9.76+72.01*59.66/37.64-91.08+61.7+-18.02/-67.34-9.41++*76.2888.14,85456.14865769332
-33.47--5.06/-24.25--28.01-46.04/79.05+-24.0/-31.74//+-13.76--32.7--65.87--48.94+-75.1786.26,238.70861710174262
/-67.32-*+-19.96-19.7*64.61/-42.5--34.04-96.75--0.15*-29.94*++-69.88/68.11/17.3443.71,-200716.6390251464
+16.95+-44.98*-10.62*3.85*-77.89*-64.0-77.85+24.08--0.64+68.65+-53.33-/*13.68/40.18-37.19,-15867520.923787955
*-83.57/14.62/-90.22+73.12+99.47/-31.96*-34.89+48.66*-49.41*-92.68/-9.93/88.05--15.24--59.79-7.78,245.68603645660215
-45.19/36.15/24.4--6.67*-29.27/90.44/11.09/25.79--76.84+-84.91+-35.64*18.47+-98.16*-33.18-,-3693.6589291818455
*-25.15*76.5/-18.41*-28.13+55.4*-46.31/-64.06*-60.33--69.49/98.95-51.92/63.62+18.52/--30.99,-66346.53517185053
+-61.07*4.16-12.76*-84.76/74.15/-7.49--66.2+78.6/74.95*53.6+87.04+-73.18*-95.06+-2.3529.01,227.0178689272068
/3.04-60.82--72.31+94.71*-85.51*96.32/-5.57/-70.19-55.41/-98.61--37.57*18.54+-62.4/-84.2927.21,1128.443322475685
+-84.38+1.88*-54.29/-74.94*-56.31-22.22-1.82/-88.14/-22.31*-64.99+-84.01-+-82.2/82.626.86,-1695.9831650633184
+92.8*-16.05/-24.71*9.19-//-54.15/67.6*84.01*-45.13*95.58+26.67-34.55*-13.65*-48.08-60.87,35280.95926680697
-16.11-//3.93/50.82--74.01-12.1/-73.33*77.79+92.82/49.19/-41.05/17.73*-41.19+72.56.87,61.86827720463793
*-73.78*20.77+8.51*44.55/-43.58*-99.94*-45.39/-15.49+-65.83-58.08+-78.99/59.18*-54.47-25.69-98.04,-13041.099000164919
+10.16/-6.32--55.91+-8.87+97.75/13.54/-79.6-18.97*86.02/-29.74*64.11*14.78/***11.21,-13716.238460681663
+10.78/51.52*-23.12-56.58--44.77+87.23/-1.37+58.38+15.11+-46.66--12.27+51.28*-75.24/-86.91-88.03,-201.12557776091492
*-52.76+95.22*67.06-31.01---20.85--45.31*1.45/64.92/78.63--76.91---20.26/-62.86-3.44,-2996.4942898712925
-78.78+-56.54*12.0+65.38/34.13*-35.83/-28.71+1.0+-66.11--86.48--5.99/-23.11++/-61.0441.38,-2747.389984867202
+46.76*66.28*56.89-76.52--6.91*-66.93/85.34-66.14/8.65+-59.81/-87.78+5.39-96.56*16.66-2.59,312.87455269119147
*-31.55-33.09-14.07*94.38/71.19+17.75/-88.73-48.62/-31.11*-53.56+73.18+51.13--36.97/-83.7,-1437.5186215055676
/74.78--9.93/80.05*70.24*42.54*-24.47*64.06+70.66+13.61/-49.18-15.23+-86.16+72.26+50.14-21.09,357.82263058976224
+-44.05*85.46*-42.16--5.35/--+/37.07*22.22--30.06/-19.35-47.74*53.73*-68.08*74.71-74.66,-20384901.07671147
+79.75/-44.0*-23.06+-15.86+/*61.4/-77.61/13.18+-71.48/-11.97--52.91*-70.84/11.08+70.09-82.28,55.12095439769388
/71.8*-95.19/13.63*15.81-11.47+52.48/11.04--15.29*-68.55+84.66*-69.36+86.65/3.9+-77.39-30.32,-93627.68459465714
-+*85.35/-98.0*67.82+-49.38*73.15/92.7*11.04*-81.17/-24.16--85.93*80.33/3.28+4.28+,-2381.5071846937335
**-5.52--31.06+80.4*74.92*53.39+-25.2/48.96/70.13--4.47/-77.26/43.12+-38.76*-46.0281.07,-101269.53742586904
-75.15/-57.56*-8.96+-4.78+-82.43*-71.4+-97.73+/*-34.71-37.97*-99.61/*--25.56*-40.1429.69,6009.649675335346
+90.18*40.0*4.39**/-6.97/0.57/11.29+18.61*+-21.93/-22.3*-8.21+5.92+-48.09-78.84,953.9503290155025
*-39.5*-55.16/-70.49+82.98*19.22+3.31+-95.53+94.97+-/-0.81+0.8-12.93--23.15/-99.91-25.42,-1629.9426114602604
+48.09/98.58/22.4*19.04--14.01+85.67-14.42/7.1+-5.33-56.39--51.57--96.92+-61.55/-39.33-8.57,245.9530854055149
*-51.21-20.52/30.44*82.68/-86.77--21.11*29.8+-6.33*61.65*35.79-79.33+-92.85--33.57+29.34/,174236.0076532152
/20.05/-28.94+26.78+90.25/-7.58*43.27/-64.26+-43.23+-21.66--83.08/88.16--13.78*96.15/93.786.88,-1318.867673898177
+-*24.45--84.12+-64.1--40.54+-42.0-95.89*-56.93-/+-8.8--90.33*-56.97*-96.17*-18.9216.34,2185237.9319227203
+-12.15+20.53+52.6--61.33/-94.83/-10.67-/-86.98/-97.64*-48.73+62.91*-72.31-94.17/74.6669.85,-7023.671776612129
/88.3--63.84+-95.66--77.75*/*-12.63*-53.53*-30.51+-8.34--8.62*-92.39/96.26/13.29+87.6197.68,-6466563.905168736
/-65.23/8.5+28.6*17.55*79.64*+-/--44.3+-93.52+57.47-//38.0*70.23*-12.77-26.27,4508976.074269068
/79.03-97.66-89.52+-99.62/98.77*-16.05--13.15/-35.75-86.95/70.49--+-86.45+--31.668.06,204.96680274107965
*-61.17/-35.86*-18.39/91.48--85.7*88.43-23.0/77.21--65.44+-0.28+-48.09+84.6*83.71*-93.4948.34,-380179.75101192313
*-92.09*-13.98/90.01/51.12/-7.02/85.49--11.59/-20.34*91.88/44.38/-99.65-84.65+57.74*-15.87-,-1032.3093651959068
+11.37-82.35--75.76/-16.84*-41.27--35.89/92.77--35.56--13.77/--69.82-32.27*--40.8834.96,3149.105982479002
+-99.62*-83.46+22.28+-6.39/27.37+53.26--14.29--5.5//*43.12*-73.02/-25.38*67.75-62.5126.73,-5015.056760952298
--76.45+42.33+-38.94*82.39/-53.23/-27.6+-36.14*-23.65/33.28+42.7/-32.1/-73.68+-13.57*-64.854.11,-2719.139769440104
*/*-89.38/-90.86-69.47/-20.13-1.67-84.82--51.61--29.34+-81.66--*-82.56+8.66+18.9677.04,-6046.964282305806
/-54.98*39.67*47.66/-65.04/87.68/78.89+-35.11+-55.65+-74.84///-36.07--1.02-6.58--1.12-22.92,-110.54438743268067
*-19.77/-32.22/-86.02+49.77+-53.93-95.43-74.31/37.44+-28.15*39.66*+*-56.62*77.29*-5.88-65.7,-319821016.8997492
*3.18+74.15+-27.76*-70.6+-36.07*37.02*-44.66+98.42+-11.01*5.81/12.85*79.26/-/21.7275.98,165462.60878439178
*72.86/-29.34/15.98-94.47+91.08-23.41/44.46+-75.53*69.48--52.14+-16.52/-63.41+29.96*66.9773.47,1425.6648016312242
-*/-64.08/-63.97*4.33*-70.0-45.96+-47.99/1.99+79.8*-46.02+-37.93+-61.82-0.62-21.2722.0,705.010497108841
-76.14/81.31*44.16-53.18/-53.24-28.66+-81.09+-41.18+76.03*97.54+32.57/--71.64-62.62-16.69,3227.2586023086437
*65.96--41.58*33.75/77.25*0.13+18.97/-15.05/-32.1+--89.34*6.83*39.98--5.9+-67.44-60.54,-381484.13137077296
--69.94+-11.09-1.82-39.69+87.25--73.34-55.93/-79.62+85.28-67.15*-79.48-82.85+-24.43/-87.91-49.78,6365.9576006631805
-89.85/-63.52-9.68-4.53*-24.01/-3.9-90.12+-66.37*82.47+++61.03/45.02/22.24/-13.55-79.92,340.874804821781
-59.25+74.54*-8.28/-17.45-*/-5.68+-62.98+-32.87/26.84+65.19-53.21+-20.88/62.97*40.2361.19,118.67837982307823
+-30.2/26.91+48.66*/+47.11+-94.0--/-27.16+-62.69--22.72*8.68/20.87--66.76/-7.22-75.26,-3957.2932809400077
+-60.73--51.48*-*22.39*69.83*-39.79--66.34*-53.25*-17.92--58.05+1.12/23.64+-13.63--32.87-67.11,-395073706.8904561
--12.17+28.3-81.37*-60.04*-34.84--71.69/-33.75*-87.05+-3.45+98.03*-26.5/36.84*-71.81*18.078.52,138069.08169333715
+7.28*85.17*20.06+10.97*-70.08*6.08+96.59--73.07-29.48+-65.12+-86.48*48.81*-97.86/-19.4,-3344.983684474224
+-44.94+51.61+55.11+-43.25+84.44/98.04--1.81*-73.83*-61.26+15.05-53.75*-94.49*55.63+81.8571.94,425769.1800491436
*93.06*25.84-61.69/-37.45*71.62+94.05/-50.62/-54.18/-17.74/-19.27*-66.83*-64.7/62.26/78.6172.82,148393.29562108632
--73.37/-38.1/-22.32+-94.28*-67.45--30.09-90.39+-94.46/-67.5+-7.89-22.23--22.34*-23.1*75.47-3.26,-3765.935176167463
--85.07*-23.41+90.97--48.6+-69.48*64.89--68.44/-76.92*36.25-66.19/33.52--38.72--3.54--91.2-96.59,-2665.1142664861786
+31.59/-33.59/+/11.17+-95.98/-35.78*-36.58/-96.05--17.88+-19.83/95.45+/*-71.54/-24.67-60.67,25.991521576576297
/-96.09+-94.28/-32.18*54.68--53.47/8.02/-30.44/-80.63*-70.48+-9.79+0.52/-12.6*-+15.0319.74,70.52861292942383
/79.14*-6.0*93.9+-90.6/73.34*-71.09*-70.61--70.71-18.3-45.87*-23.4--59.17--40.38*-14.96-74.02,104545.25102703615
*75.37/-36.15*-88.14--21.51*-68.2-27.71/-28.13*16.6+-95.61+45.89--71.0--44.45-40.77+-20.7559.28,1121.4760415679057
*-69.01+35.78*-70.52--+76.14+31.73*-62.51-59.14+73.85+34.57*34.43+-96.1-36.65+-48.3337.64,-9433.55556
-64.53-91.19/-16.48--39.34--17.98-31.18/18.25-41.13*35.94*44.12/39.29/-78.25+99.7--67.4164.52,-172.7586535302135
/-24.57+-3.77--99.41-69.54*14.34*-*3.31+-97.78-11.06/70.78/52.82/-33.18/-34.31-8.18-81.04,-51807.54771449882
-18.04*-38.8/28.17/24.43--94.04*16.98+4.7--23.47+89.1*-47.49-45.99-63.56*-78.09++-85.38,-885.8875540402679
+98.41+96.98-/+-99.3--39.46*-84.45-25.78/-45.9-9.06/-65.64//+-57.33+-28.77*76.07-1.6,2260.6567973334204
+-42.48*86.97--80.52*-84.39+95.86-53.84*-95.15-++-19.89-35.85+-58.82/-62.76/-9.26--38.59-14.18,9645.468537796976
---32.45/40.35*-90.98-56.57/-26.56*-72.81*-94.67+-67.48--10.02/-97.91-49.06+-64.09*73.66-86.75,-7893.888324087182
/94.8--79.74/80.93*79.3*63.2+-75.54/-34.07*52.89--18.95-48.9-93.49-54.86--19.9*99.6530.09,1707.459112184365
/54.46/1.61/49.63*-17.78+17.68*-41.58-36.03--2.83/56.06+-38.87*83.45*-21.8/-86.09*52.8919.14,56678.59063529345
/43.08*87.97/61.09-26.11*-99.7+-18.93--47.83+46.65*21.13*66.49/++-62.92-77.54/-96.3-68.87,-953.2994345636265
/26.1-69.61*35.17+-53.9*5.68--19.94*77.35--56.72-73.46+73.72-79.64+35.86*7.69/-4.53-87.26,498687.37358431536
+19.57+-33.47+-36.29+-53.42*-53.93+-96.33+79.6/-96.75*17.09/90.89*15.39+-6.61*/*+0.11,5407.47466098464
/-86.65--0.5+17.07-57.92*-28.88/-18.88*-95.25--0.8-31.19*2.18--12.29/8.05*-65.22-67.0332.7,-848.7983591173185
--16.09+36.58+-7.47+-33.76/-97.91/-82.65--89.77--81.84+49.65+72.7/-62.57+88.23*-40.25+-69.98-32.38,-2018.9165834938224
+-30.91/37.77+-13.22+23.58+-87.95--7.96-10.45*87.1+-17.09*-96.32//-90.55*13.43-15.6327.51,1233.5397322390234
*81.87*-20.82+-73.36+-/-6.57-93.45*81.04*-80.93*-43.53*-35.28*-53.23--44.04+5.5+30.72-62.3,23611973756.27964
*++-87.08--10.98+-87.13*-89.42+22.97+81.97*45.46/68.8+-90.41-87.6--45.6*-12.61+54.6338.03,-46325.18437733083
+52.67/26.19--77.18*-66.24+7.81*-61.57/70.44--54.22+46.11/-24.69--34.87+-26.4+59.05+28.8-32.78,685.7218861809262
--69.84--79.23--87.82/-70.12*24.12/-90.26*42.08--34.91/54.68/47.29+35.29//+84.08*78.4126.8,2417.181179050297
-94.61+-*69.2/-30.24/-74.28+-56.76*23.12--86.54*-56.65*-5.53/75.45-80.84/0.81+47.689.42,845.0525352669589
*78.44*-52.95/-66.09--63.34--32.24/27.63/61.26*72.13--19.23*-90.92+-70.5*48.34--94.91*-12.132.84,-8084.230129233894
/-74.03/-19.81+88.0--36.01/2.38--34.39+98.35/13.33*65.61--43.19++/-45.52*-91.9/45.3365.15,-110.02861700239237
+65.28-**-20.37/-96.34+27.18+-10.51/22.7+-10.86*37.2+-22.76/17.51--58.94/41.48/78.75-46.36,-830.799791680664
/12.01/65.64/10.49*+//+38.26+67.63/-79.69*-26.44-13.08*39.63*-7.17*/*-68.7410.0,3000263.977661601
-11.76+50.91/65.0--38.94-91.08/-46.2/31.47/23.0/-28.5/-44.34+57.17*6.93*-24.34/56.9714.51,-794.165471879307
+-+54.14/-*9.13/-20.21/-60.19+-11.52*-13.54--97.17*-42.08-92.12--17.07/-94.4*-83.2343.08,5218.975023153639
/-98.56*82.22+-5.19*-43.89*-30.37/-63.75+-68.45--64.6*-45.32--83.89-43.81+-60.68--68.7+99.8287.9,-165397.91440768368
*-83.43-65.52--71.84/81.74+75.12--93.07/11.81--40.89**/++-39.68/47.56--8.96+13.9837.63,-5388.783926617907
+-49.67-19.19-//24.19--20.87*60.56--78.0--83.61-17.65--5.27+-76.19/82.7+-44.86*-75.0524.94,2923.338566867138
-91.92+++-42.11*71.62*71.85+-21.84+44.84--61.29/-28.83/-16.21*-14.78-89.24+-77.92/--32.65,-112223.95239256282
*59.61+56.9-89.84-11.17+-71.24+79.9+-10.12+61.67--32.19--69.02+-23.82--29.39*75.19+-78.56-61.97,9549.385400000001
--91.6/22.92--61.66+17.24/90.46--62.5*74.66*57.81-67.19+74.62*20.37*-55.87/-89.87*-93.35-23.97,-263920.3055297359
*-96.85/20.94+-80.3/-78.88/87.12/63.06-8.97--49.98+11.17/33.0/95.92*11.01*39.65+-13.6172.09,128.24904434743337
*73.79*-9.47/74.88+24.46+50.58*-97.29*3.96/-29.39/32.23+-65.45-27.97--13.31*46.98/35.28-29.23,-1996.0308846199612
-93.3*48.59/*/41.55+18.29--20.4/75.82+-81.49+-62.61+-91.11+66.12-9.5+-3.19+65.09-13.9,54.5905887374823
-99.5+-35.8--30.74/66.65-2.48-20.78-61.34/88.53--37.82+32.8/91.0+-31.69+-21.03+-26.2490.66,5.624256642257038
-92.74+16.49--91.2*-3.84/-60.53+-28.82/41.82/7.66+55.34*4.95/-88.21*-24.36*-18.86+3.9779.57,-1269.2948204316715
*12.53/59.53+-16.43/51.74*34.4--76.22--32.24*-/84.16/82.87-24.3/-23.8*-95.61*-69.3925.31,308.5181852329463
--13.37/-32.32--23.94/40.3+-67.62/9.77*-99.82*-34.79+--10.04+69.86/93.48--93.74+9.05-1.58,133.8541396740662
-11.26-26.16/-98.09--6.72--54.01+-84.26-58.88/90.68*-64.3+34.41*-93.36***29.33*-10.71-90.26,-29064043.445823397
/97.69/*/37.17*-9.75-7.46-9.55--82.58+90.45+8.89+-33.67-76.53*-21.43/82.24/93.3622.87,44.43743638987647
/-12.26+-99.49*36.94/-25.59-64.04+86.26/47.91*-42.08/-39.67*44.75-92.86-21.36*62.89/-37.22-30.13,-106.22319608577084
+-48.6*-82.36+93.58/-79.23--80.84/1.0*-82.16-83.46+23.73--35.92/-83.98/80.53+13.87*-87.84+,-5440.534685970637
--56.48*-98.3/-96.94/-15.96--13.87/-93.47+**-80.58+-92.1+-42.63*-83.19**--37.79-93.3613.7,-164034.23831249913
/-32.63/50.86*-43.05+-92.49*77.61/---9.09*-15.12-92.32+-95.61-50.26+59.36/-91.58/-72.06-55.45,-652899.1133432608
+13.28--94.27+1.02+61.54+-80.29*78.46*-47.19+17.18/-9.47/43.02*67.58/-26.85+-53.38--57.62-44.44,-112.7778863865185
+-0.96/-63.98-88.36*-98.51+-89.26/-91.64*90.72+-22.19+-20.12*87.68+-43.33+-87.09+-32.74+-78.17/,-12756.016052431414
/73.95*36.83*84.04+30.47*40.13+*+-97.08/74.97+-12.94-1.03*4.7/-16.81--79.69/93.02-17.39,6688.447290328395
+37.05*-24.36--70.74-26.04+88.1+-93.3--5.97--87.78+-66.51*81.32--60.93*14.71-21.3/5.66-70.42,-3566.9138251065033
*35.89+-60.61/-74.53*-10.65/47.5+8.79+-60.65/-56.97/33.73+5.36+-30.85/-33.52*-53.92*-14.9798.93,-3149.960965149504
/-56.27/-51.46-95.54+-41.56+54.78/74.01*87.24-*/94.7+-30.25-12.37--79.38/23.03*-40.54,179.58623014711242
+3.98--16.6/-56.25--82.9-45.94*69.46--77.73+-48.16*-69.55/14.84/-22.31*86.4--20.14+/67.09,5490.8533384595385
*42.52*40.84*55.26-18.88*-17.64-47.69-67.32+32.12+-+59.46--13.65--58.4/79.3/90.513.97,1811693.755953506
+71.46--11.34--19.29+48.42-18.53+78.64+-75.13*-13.06/-52.17--8.89*+/-94.91+7.16/25.4585.37,-41205.364650259355
*44.2/-73.14*71.39/23.39+51.04/86.04--77.61+-50.45+64.96-67.65*-27.78--47.74/97.5*-17.4318.73,-1178.1539895137864
/83.66+-56.8/69.98*-96.0+29.7/-42.94/-96.72/81.95+-33.03+-38.62+-7.33-35.02+51.21*25.3815.58,-2410.7878539953786
/-6.31--51.0+-31.17*16.48+-61.43*-11.1*-69.88+-63.03+45.34+87.68-**82.49-87.72*-56.52-,-62146.343363529406
+95.05+92.47/50.98+-65.97/35.25-5.89+-61.1/-28.7/73.49/32.43+**4.33/-60.85+6.733.36,245.41225495222568
+14.48--74.33---31.64*8.83/98.71/-68.96-20.48-6.38-45.31/60.85/18.7*35.34--89.584.2,-101.06456265456538
-66.7-*/16.2*65.87*32.4-31.9+17.35-89.58/55.54*-31.28--31.45--43.17/-84.11/-99.3828.26,-79.9244789797216
+77.07+**63.35/-1.37--70.94*63.18*-44.84*-86.56/68.57--+-45.35-93.75-*/25.64-86.71,-538402.4953363253
*43.5*86.17-91.4/++75.44*-71.51*24.47-82.59--71.55+-15.37-97.02-1.21/-43.75/12.6812.22,198284.9139271262
*5.46/-30.79+59.49*-38.68*-99.75*20.9*-78.12+-81.13/30.54*-99.14-68.55+-86.59*24.86/-68.46-81.46,-511080481.7423636
+-8.83+-72.09/72.0/44.85--29.13/-85.75*82.14*50.23*-70.29*61.76+41.13-**-50.77*91.458.95,-9089168.695356695
*36.67+69.76/33.47+-87.63/31.26/49.16-79.73*16.48/12.94/-35.91*5.67+0.27/-63.8/77.9+,2557.971726850833
--59.46+36.81-69.96+-30.31-31.79--10.51-70.92+53.75*-93.88-26.0/18.44+94.42+26.71*74.6945.51,906.4066023935602
*31.18*-72.29+98.69*-2.02/40.66*66.24/-84.41-20.3+-83.5*12.12+-47.64+81.67*7.41+-9.1233.02,-222814.7262955315
*72.57*-72.75/-90.29-27.7--94.83*-26.04+99.51*-47.05--49.1*-46.84*40.38*22.61*-18.81/2.95-72.84,37576.352727303296
/82.79-+*8.9*20.37-76.7-96.59*-99.59+-10.77--76.23--28.0--10.86-90.46/-60.04--17.37-79.47,-14934.003641114912
*-88.3--11.01+44.82-54.8*88.95/-89.54*9.63*67.78*56.51+73.4*24.69/61.43/-24.08--93.69-78.52,232520755.57201138
+-76.06-*+24.46-29.39/-98.31--40.73+3.32*15.05/32.06-74.85/19.84*17.14+-30.96/-74.1-97.15,-55.3002832900478
*-80.06/50.27/63.51-69.62/48.06/50.13--0.37+-76.43/-73.52+72.23*90.66+41.99/74.46*-98.52-23.01,3899.0606652729734
*-9.25+-67.85*3.77+//-4.84+-5.75/-78.52+-76.28*26.98/-9.38/-25.53+-82.12+21.36+61.01-60.17,264.5831100326993
*84.34+56.79*-47.44/-99.88*-16.18--44.47+-20.27/-72.56/91.11*30.51/-18.89+55.33*//-45.33-37.6,17736.885937677813
--68.36/84.92*52.26-*--63.21/-84.33/-47.76/81.59+-40.6/*+-76.26/-18.1+-68.68*-40.52-41.51,1778.5573738270027
*-10.85/65.13+66.5+35.49/48.33--86.18-71.45/-99.25+77.55--60.34+0.06/-35.9/41.84+-68.42-49.59,-155.844916543371
/46.53+-89.56*-51.26*54.28*-37.02*-29.41-45.67+-74.82+-75.12+23.97+85.52-87.6+26.69+-29.316.01,-138350394.15181926
/-48.53+-7.91-93.81-53.09*-64.07+-99.81+-53.87-15.94+-67.48*-65.87-65.37*42.61+98.44*-96.33-38.08,-11150.625328192164
/16.3-89.39+72.43+-37.98*1.54+22.3--59.42/11.63--98.34/96.76--41.87/-34.77/7.85*-88.9182.37,-160.11543417952342
*-37.75-5.7*-19.83/-11.6/3.29+46.13-16.75+17.19+38.56--36.57+-15.77/-62.58+-49.23+30.1148.48,-116.47816541772445
+30.84*-87.59/-23.0+53.21+-13.34*-21.67*42.88*-2.81--10.09+14.45/58.0/56.49/-74.6-99.1-71.25,-26233.626266259034
/-25.95/26.92/--81.39+44.47-3.26+-1.74/11.38*80.41+41.26+99.8+23.13+-33.37+59.3484.59,173.11140992672824
/-39.8+34.21*77.26/67.32*-20.41++--44.94-18.6*38.31/62.52/56.44*89.65*-33.02+1.44*,13527.57277413175
-63.28-75.46+48.55+55.54*-61.1+54.79+-66.25+-90.51--99.15+79.57--38.02+0.23+-35.22*38.08*,-1495.6260696195345
+87.52/13.71/-94.24*66.76*-97.67/-24.83--58.21+-76.96/28.36/-54.96*23.38--88.64-38.67--87.55-80.88,217.5579838590931
+86.0/71.53*4.89/92.42--80.99-25.15-*-50.33/-67.85*68.83/-85.7/-84.08+-14.13*-74.7162.0,-4651.3633214407
*44.13--2.68+-97.47*-52.47/-11.16/51.63-++-27.12/80.49*40.56/93.67-87.45-78.21--59.23-89.47,3573.3215683552885
+-1.93+92.48+30.85//+99.01-5.17/-1.11--0.55/-23.28/-29.11/62.97*5.69-47.83/79.769.9,123.13720135080725
/33.22+-1.18--43.57/-53.12--35.19--38.43*60.3+85.12+-41.28+70.88*28.95/19.14+-/17.8237.95,-4897.59706833399
--11.38/3.32+-66.99*-73.5*/*8.09+-60.45+-49.34*21.52*19.36*-8.36/22.91+-12.81--76.13-93.51,-352899.4478558682
/42.53*-3.68/-24.08--26.16-37.29+-26.45+-76.08--34.68*28.42+71.16*-7.53/-59.97+-7.33-+22.56,-2261.5216440555077
+21.06+12.59*-44.12--98.72--20.81+21.81*47.17*40.54+16.55/-49.5-0.64--96.55+-60.99*-31.1337.63,34945.04904
/96.77/-19.36*65.91*-17.05/53.36*-2.31*15.5-31.0+74.22*22.82*79.59+-82.19-29.19*-18.85-47.41,-164567.56392315825
/41.88+12.7*11.4-93.95*49.37+-21.2-7.81--55.07*+-96.21/-64.78/32.77+-40.34+*67.97,11208.533434125065
*72.67-87.29-9.15*-97.11++/71.32-89.48/-30.93+24.59*8.03*35.93/42.61+5.63+-90.61-69.41,17968.897837685832
-54.95/53.21+-95.59/-4.81*-99.64/-61.68/36.15-85.16+-11.0+95.42-38.86/41.57+-37.98+-95.432.36,56.352500373642485
+-0.67*+/22.85-49.77/-13.14/42.49/-35.67+71.93+-31.8--30.65-30.69*4.53+0.54+-82.0+,-224.48439567575554
/-4.64+74.92*62.91*-96.85-83.77-87.12/-63.88/45.71/92.04--8.38--78.6/-54.4*-2.2+71.0862.28,-512100.5805850778
-98.3/53.37-90.38*94.55--45.05--45.96--12.68*-20.61-60.15+-38.32*-68.52+-5.31+-28.17*60.7648.47,8882.62689325072
*11.88+-26.05/-91.3/-82.49/-*70.52*-45.83*-53.99*+/64.17+-21.35/36.48+-72.2-54.93-39.52,-649.1548863104672
--57.36/6.4/7.71/15.43*+/-86.07*0.55*-15.26+-19.46*-26.11+-74.1--89.92/-98.37*-86.94-72.3,1828.9140681820575
/+/-+-11.46-25.42/-17.95/36.26--59.8-55.54+-65.75*90.15+-74.22+-52.45+-21.69--52.15-38.03,-6743.297934061224
+51.84+-85.44/46.97+-43.39--72.66-39.55*0.88*77.08-17.84-87.41-79.73*-48.23-0.56/*-57.03,-371.5676828014448
--44.41/59.37+91.47/95.4/29.98/83.88*53.24*-12.62---67.52/3.9+-35.85*42.99+-3.2458.57,-160.37442720979877
--73.5+-70.85+-97.44++-88.81+-73.42*97.99/-65.21/66.05/-67.35/43.65-4.25*-85.1/+-72.4,-6279.106556590364
*26.14/95.48+77.89**+-83.29+46.4*-19.73/-39.56*-67.26+-28.63+32.48-29.52*46.98-41.7282.61,1932.7928205324401
+-70.02+-80.3*43.54+-89.54-37.35*60.04*-24.85/17.71*15.93/-9.52+-7.79/-35.54*32.97/55.4377.17,-2059.9430436110783
*30.03*91.02+93.4/21.33-54.41-28.04+-90.44-68.33-39.54-23.63+-60.24/-82.3+36.56+84.7972.88,255604.35092677557
+-69.62+16.42-97.63+-15.69+-6.24-57.33*-40.17/-0.96--86.48/-2.92*-32.11*23.56*-94.71*-3.4198.79,-69334.99575259455
--36.04+-95.01-74.36+-53.19-66.22+41.17--36.43-71.97/-52.74--13.45*71.77*71.45/-28.48/-36.09,128.29785297734298
*47.86*-12.11+---57.64+78.29/26.54-70.28/-65.22*9.72*-13.06/-46.26+-83.13/56.52*95.09-68.59,6976.013778593812
-65.45+5.5/86.64*-35.28+-3.82/+-87.64*15.35/96.15/77.17--34.62*-82.72*-30.23+72.6958.45,-3040.840661843654
//-42.83/88.27/98.62/-37.58--27.46*-65.25*78.53--50.41*-36.01-79.63+7.19*77.94--1.67-97.92,-255337.26698527203
+-41.13-84.25-51.04+-81.7*30.12/72.39+49.85+-21.48+10.05+-90.36/31.43*94.83--10.91/-72.46-49.64,10.653284917054687
*+*84.93*21.85/-40.08+48.04*16.31+87.42/-5.88*-39.33*-64.91/98.83--96.52--42.46+-36.33-7.91,26108.113490891967
/82.04--16.99+60.34+90.88*47.68+-65.72/27.43--62.22/10.29--*-13.48/-10.09-14.74/-76.18-0.14,-3661.7489121750386
+42.88*-26.54+-98.38+8.53/99.65*-65.6*-43.73+-64.6/-55.94/-37.15/-59.45*51.86--19.79/94.5-35.03,-1626.143676970162
+69.68--50.66--30.45/23.86+38.26+-59.09*-2.73--85.1*72.84/17.65/-53.14+-80.73/-23.95*-33.7596.95,263.2021896257027
-79.67*45.24/35.17-18.66+88.91/64.45*92.48+84.05+-3.51*4.29/28.34/12.08/-29.56--62.68/,-134.87695755881668
+71.73--67.37*-38.38--54.03/-59.58*-71.91+97.4/-64.02-6.03+/*69.24/44.71+62.02+-18.24-,-2112.8728170189224
+72.7/-79.45*-40.72*83.14/-54.46+73.92+87.57*79.66-72.63/75.03*30.69*-6.65+49.3*10.08-64.19,5980.934226375113
/75.63+92.11--77.67--90.08/3.51+-69.47--27.84-39.13*12.3+-93.61+-32.25-+-98.1*-74.62-85.5,-5314.165391106215
+97.9+55.94/-1.11/4.49+-79.91+-41.73+28.44*14.69--67.32--53.48*-61.93-79.2-45.03--14.12-66.0,4186.646100698698
+-42.33+---27.07/56.46*84.05+65.1+-33.42*73.58*86.49-56.68/96.9/14.4+-36.49-78.44-82.35,359789.65289729583
+-18.56--21.92+31.5/-40.14+-99.91+-21.55-5.1-37.74*85.01+*-78.73-28.35*70.29*-87.21-46.43,-289788.0653254146
/+/-36.44/-21.03/-48.08/47.98+62.38/-12.9+-35.55-42.23/-34.42/1.09+78.5*51.32--52.0687.24,-2715.9640642107593
-78.75--8.13-21.07/0.45-59.51--73.03/87.74/30.52+61.25--47.15*-67.39/-7.23*-55.17+49.19-21.31,563.1653824424379
+-89.85/75.56-29.24/15.55*-71.27*22.19+28.85+-47.51-67.23+-2.14+-15.29*-15.39*-86.91/28.25-3.06,43.50894313407014
*86.43--60.27*-85.62+-66.24*53.42/-0.03*-43.53+-21.09-74.36*90.44*-17.12/51.67/73.29*24.7846.69,-10806.07786881744
*-54.69--/-61.33+74.2*11.68-22.41--76.93+-45.3*2.92--98.7/**48.89*-43.83*94.764.11,445042.6142168339
*-47.28/14.03+-21.5/92.54--57.13*-6.18*70.29/-6.31-95.06*-41.98/-1.66-57.18+34.77/91.91-73.05,-22.859559901734922
*-52.97/-97.2-99.0--61.29-94.12-94.96*40.19/26.73-48.92*-24.43*45.0+---34.08*-63.6+,92932.76550107781
--68.21*52.24-7.87+-16.48-55.12-45.78**-//12.19+30.57/4.0/-6.04-75.56+44.5875.46,3050.182678468863
*-43.29/87.96--95.2+-71.1+-29.58-26.58*-7.16-82.21+36.62/-25.47/97.16-62.22+-+42.83-5.88,61.80933308077328
/96.63/-29.75--68.83*-8.66/48.1+-29.41+76.96+28.07--74.45*72.59/28.94*83.26+31.43+-43.46-99.44,-886.284721544793
+-7.42/-54.43--16.77+10.85+-49.97*56.24/-56.42*39.96/94.44*-33.27-67.66*-64.51*-55.74*-96.6157.53,20001385.55333257
+-10.76*39.14*94.3/-16.36*29.29/-27.02/-72.79//*26.07/7.95-68.7*-62.82*4.25--45.8748.04,-13070.874606955247
-**-12.14-25.13-45.9--44.91-*/-11.1/-4.62+-84.62+-3.45*-75.51*-99.75/-67.41/-28.29-22.72,-534.6749057249731
+-/-20.85/99.44+39.99-99.47+-26.13-38.08*83.9*-53.36/55.09-54.18/42.61--83.36+-17.7166.67,4892.963391300943
-33.03-60.81*-24.22/18.18/11.02/-87.15+37.55--60.53-62.54/18.74--52.27-70.13+-51.88+65.32-43.95,-251.1436867618121
*73.7/-90.24/-32.38*-70.33+-6.39/-68.32*-7.42--25.51*-25.15--67.63*74.02+42.1/-31.36+-26.37-42.28,-5074.450151086672
-95.28*81.47--37.83*-70.78-1.53--8.7--83.3/78.11+76.38--86.93--57.58/24.57+16.68*-31.0-78.67,5784.507828508913
/-27.95+52.68+-19.04/69.46/-19.69/-2.96/51.97--+-95.48-8.06*-10.45+89.89*-15.5--41.2554.48,1608.2160411540976
-88.64/-19.24+-21.01+61.56+-17.6--53.3--62.94--40.28+-95.47*-18.83*74.88/32.58---+76.39,237.65476910184327
-40.6+-13.22/-44.45/-5.27-38.58*-35.15+9.1/50.34+-81.98-21.5+86.25+-53.9*-5.76/-30.076.85,256.8881084505504
/-0.67+-83.7+-98.19--18.47/-6.41/-71.98/8.0/-80.56-+*-12.76--*83.05-7.39/94.11-79.32,-1734.0550369084863
+85.08/-81.15/-76.91*-27.04/-45.33+16.02--6.79*44.97/41.68*77.17*-48.97--87.58+98.67--68.3575.14,-177.34044612653418
+-78.62*-54.02/48.17+-45.38/-44.33/54.24*13.65-8.24+-87.95+-52.1-51.47-/-21.9*-41.4196.2,-48.171718116111016
*-32.18*+/-99.6-38.61-1.91--8.75--79.96*47.22*-9.99*4.37/-65.26/17.7/77.77+-80.68+,8129.445311688771
-99.93*89.38+-61.28*90.49--94.54+21.84*-*-4.5*-22.82+-47.36--56.65+17.31*-33.78*-53.12-49.45,-523092.52183200006
+-42.61+83.9-97.0*-45.62+-65.15*97.99*-26.29-0.23*-29.59+48.81/98.82*64.04/-8.66*-15.35-91.84,289110.9797394663
*-56.53*9.01+-92.46--11.48+11.62--20.8--16.22/55.56/*+36.46+-63.29/-70.67/26.85-+-9.17,47011.29475382332
*-32.97*77.8+36.19*88.26/15.13/30.57/2.77--2.83/62.98+82.4--40.86+-97.56-67.59--68.75-94.27,-2247.9027065857244
/76.8-51.69--62.31*72.75/-0.32+-39.89/47.07/76.58*25.94+-83.77+-97.34///-70.32--6.4591.49,-127.46897941346265
+-86.5/-56.13*-22.1+84.39/8.02*-35.11/-88.2--97.57/-34.5--44.05-76.79*82.97*/+48.25-60.37,-43045.81623859221
+-29.6--72.35*-63.76--19.78*58.82*-35.19*71.41*64.21*-42.66/-39.45*-23.22-2.35*-0.94-73.49-96.09,-1616515292.1445353
*-61.71--15.17/81.55+-41.12+58.24--56.46*32.51+21.01/81.98/-20.32--75.02/24.15+80.06+-77.3-92.86,86.46094939096652
+40.1*98.83--89.1/-72.38--94.59-26.03+56.62-37.14*-80.32--71.59+-2.4+42.78--2.94/34.3529.38,204751.04347213753
--26.22-46.66/-7.65+56.82--47.62/82.07+-47.81*-84.9-/--24.83-28.14/28.1--57.35/76.9690.68,-1812.6765026961239
*90.22+99.76--37.39--66.07/68.1+-1.54/52.28+-13.78/7.08/18.29/65.26/*/7.16+29.69-46.97,9022.484074466909
--18.3-86.21/11.36/49.11+22.85/3.04*-94.99*46.07+-24.9*-69.29+-86.8/6.37-26.72/59.86-3.74,337186.1208752951
-93.82--80.23+30.64*-10.58*+*66.83/62.09*-65.05+22.71-37.6-39.49-49.13/-16.81*70.39*,190733.82840789005
-8.72/-54.34*10.27-62.36+-46.65/62.55*-17.83/-67.55/-62.54*27.39+67.71+38.82*-46.87+17.97-63.99,-491.4655369510198
-50.06*-37.45-8.85/55.85-5.85--/-79.35--31.6--32.13/69.27/15.8--66.09*-20.54+-64.7-0.71,-1204.2797480276938
*47.71+-9.86*86.51--17.1+-35.32-47.73/80.97--68.57/2.71-18.24*12.39*-35.69----57.141.02,-1393.8202374606308
*45.85*-7.54-17.57/40.97/74.25/36.23/-63.55+17.55+-25.29+82.8/52.76*85.89+58.38/16.67-76.29,-5980.954304374576
/-96.09-25.55--65.57+-0.24--69.96*48.38-29.59*-81.6*-90.42+42.91/22.14+72.09*-73.25/8.55-47.89,-318041.12583251455
*-48.19-55.47*-4.47///4.55-31.75+15.07/-4.65--91.85+97.3/89.19+-23.97/-8.22/60.4839.18,-2788.5096554406023
+81.52/-92.97/-58.26--11.16/43.27/-53.96/45.56/-30.32*-97.95/-74.99-78.21-81.54*-27.93*-37.9899.78,-10.794199148106243
--71.84+52.71/-81.86+-52.59*62.36/-59.94+-3.11*-44.31+62.33*59.36*-43.34/-18.22+-11.44-30.057.69,-10700.813791848408
*63.85/-68.32--36.42+5.05/58.41*98.93-72.5//-35.8+-41.28*-29.98*-50.96--27.72*61.118.03,-42641.25284180441
+52.63+-66.26+61.74/4.46*82.17-71.2-37.82--92.46+82.84+35.7+-14.45*/*-25.58-61.888.33,19385.26733344529
+-38.27-73.03*48.89+-20.93+90.04/-33.1*-45.34*90.08*90.34*-14.27+-34.95+-11.11-48.0+-7.78-47.51,2964107.3179407516
+-61.08--24.08+33.74/-19.29+76.08*-31.53-16.29--94.98*-88.44*18.74*+/-62.96+53.7*20.33*,-129915.00534325118
*4.59-56.72*-8.68/83.39--43.13+26.65-90.74*++14.92*5.65-10.78/+*76.35+34.01-1.72,-165.19052232909115
--91.5*69.77*-39.12+-61.9+15.18/-80.33--66.42-21.11/18.1/15.91/30.55-88.61/35.23*-9.6-54.97,-168987.58976371775
+3.27*47.89*45.83/44.74-25.17+43.91*-69.89-14.06*69.59*-7.66+-40.22+1.56--56.09+22.7518.25,-18566.18725152096
+-9.6-26.28+43.39-94.6+-57.91/63.62/-85.38+-22.5-/+14.69*+*17.89/81.37*-75.0782.7,-117904.59117137828
-22.78+-79.81*-66.89/-65.18*-31.54/-8.05/-70.55+-98.07+-1.34+98.57--95.26/14.73-53.01+62.19-90.14,-47.887038585879225
-70.84/55.14--63.57-39.58+-99.0*-76.1/-55.53---93.4+-23.09-91.61+-13.21+3.54/83.73-9.78,207.73202898968606
+89.95+-89.91+-90.95/-32.57+64.38+-49.47/76.03+-14.39+89.39/-37.94--0.91*5.25*+/-7.36-67.72,41.3779429355607
/-36.28+-83.04/-64.27/-94.72+-52.06/-58.95+5.83+57.7+82.24/-91.06+81.04--20.44/96.73*-13.49-82.67,-1115.1178421670736
*-21.91*90.91--51.69/-88.77/71.84/44.26/33.32+-15.84+28.49*+*3.76--30.13*-99.94/80.68-96.37,111841.14594176911
+95.44/-7.12*19.32*-46.52+72.81/-60.82-+-64.96*-92.36/92.75-32.75*85.46/46.45*-0.4-92.16,-913047.9763220338
*58.17*-54.9-82.45/68.38/44.86--54.4/-12.15+49.62/82.98/53.8/47.69/-33.19/8.35*85.138.72,-263315.2429702472
/60.72*44.44+-89.3/-59.18+65.8-10.41*-97.83+19.11/-70.1*-9.38+32.69+26.24--26.37*5.37-13.79,2287.934275879682
*53.17+66.64/-17.17/78.31*-46.28*-34.97**/-56.86*-42.29--20.07+38.85/31.24*-97.07*-24.8713.96,3869.977830510115
-+/5.55*-41.92+76.52--81.06*75.7/54.5*46.37/-26.57*-3.17-47.35--53.23/++59.4973.86,-35176.17891464748
/-65.17-52.06/97.98+99.18/94.76*-32.7+38.87*-75.04+11.6/-17.24/-42.0+-0.37-56.84/*-59.86,-4319.492009628704
*//-45.86/24.89+39.37/-40.96*-65.11-31.21/-55.84+-71.12+-26.75+-28.44*-55.52-21.29*-53.85-41.42,-3342.262845456976
-17.92+-47.11+-72.07--97.56-37.66/-12.4*-42.97/12.48*9.53*+/-56.9*59.35/34.5--75.0390.0,-327.89436466601023
*-0.89/-17.61-49.25+-50.26--67.7/46.94*-62.58*-58.24/-81.69/99.54*51.29-2.62+84.77--46.953.57,-301.2078664089643
--83.83+-97.18+-97.44-6.87/-33.42/4.45+-43.52--82.8*-38.08/-*-76.39--85.36+17.29/64.23-14.19,1396.2260026412575
--/78.45*-66.61+88.67/21.95+-59.56*-51.9/-16.52+-35.93/-15.77+40.01*-67.93/65.24+-90.0780.84,223.17920141178004
/-21.88/*-15.11--29.37*-61.58--9.55+-95.08-63.84*98.94+48.51/-62.63--59.86+95.48+-18.51-48.99,-5361.2809644456665
--91.1//+72.43-16.38/-14.49+*/33.0+57.25+-76.75/86.02--76.94+22.13+18.21*3.7457.16,58.065624002547764
/24.85+50.82*58.96--42.57--86.59+35.89-45.06*45.78*55.39/-55.8/20.88+50.92*59.76/-42.41-62.68,-2416.116913455216
--+-94.71*15.67*-25.93+14.82*-68.07--83.27*26.15-50.3*-11.15/1.76--32.94*-21.48+71.27-50.33,-171.4505918482094
*8.82*69.85--53.12+-72.05*-3.8*-2.96*-0.83/-75.91*69.2-17.07/**80.97+22.05*-7.82-51.1,-32071.016352002607
/42.42--20.16*15.28+71.47*66.33--65.7+9.89-42.0+-11.68--96.4*45.54/15.88-41.91-46.8-77.43,-5491.282199737533
-2.83/-65.31+66.44-11.4+31.49-42.18/82.31/*+35.68--5.41+44.31-22.12*1.89+-60.3184.13,196.3939931489013
/83.79-31.15/-76.36+-61.11*2.15/5.7-64.34+-18.12*-24.96+-53.93-97.06--98.32+86.04--4.2565.23,1405.7036101385288
--74.16/48.52*33.66/+*39.96-47.04--93.55+50.26-82.36///-79.03/75.09+39.05+-53.65-97.37,-4260.896188423474
--11.14/-14.17+-63.38*54.5+-79.03--11.49/49.66*-96.05--50.32/34.02--32.8--9.76//+19.96-83.41,-4432.351410288363
+-1.2*-33.37+**-16.5*24.15--68.18/94.38--72.37--22.8*8.5--61.21-38.0--88.6*1.3335.52,24946.531531546218
+-64.06*/*39.69+-51.49/-9.39/-48.46--75.45/35.39/34.15/-71.39-0.17*-16.21*-55.33/94.3365.39,-14294.051144153525
+-14.55+-60.46-27.99/-47.6/66.38/83.26*-48.38+47.67-30.06*55.58-19.05+-92.5*-98.12*75.51-9.35,68291.26773381323
-12.77/82.13--97.69--30.09*29.72*36.79/-44.16-58.44+3.91/-63.6*24.07+-95.26--26.72/52.0148.61,1087.5989046728305
/-73.58/-23.58*-62.87--66.01+-82.19-77.43*33.36-15.77*53.89+-61.7/-37.23/-18.65--14.93+-89.186.45,3199.922459695607
+65.24*-0.33--10.25-46.34+82.74+-98.7/22.58/-34.43*2.73*-98.14+-85.07*-66.26*15.42-38.73-47.88,-41506.18235549519
*29.16*95.37*+*-48.16/75.52--56.04-35.43*14.43+-56.83+-12.69*-28.11--8.23*70.71*26.110.71,15885887.91190732
/-19.28+-78.34/26.63*-99.25/-63.52*-26.33--17.51*-79.69*88.11+-10.91-50.15+-82.06*-50.47*-64.62-49.84,-239007.37155427507
*49.43+37.67*23.92-16.45/87.71-98.22*21.14+21.35*-11.3+90.43*-61.12+-11.17*94.64--38.9741.98,-2451.0062999999996
*-35.83/-44.44/29.08+57.1/-*-33.34*44.18+-75.94--61.85//+-83.86-47.7--65.45+-98.11-19.65,-4184.174516197227
+13.13+-20.94+-53.84/93.26/80.58-75.36/-70.84+-67.82*42.06/-44.83*33.18+-10.1*-66.94-27.161.18,-1634.064030155917
--28.18--70.08/13.78/-33.48/-58.32+-7.24*-12.54+-18.62-44.41/99.88+71.68/-83.54/40.86/51.13-96.5,71.88976058284689
-10.46-61.97-29.01*-5.2/-23.65/1.78/27.48-71.56+-8.46/-34.31/-42.36/-46.88*-82.85*99.7885.52,-707046.5393713374
/-52.98*77.77/-68.04--27.21--31.67-84.54*22.32*-0.32/-49.67+54.05/97.96/-34.91-36.65-9.76-4.13,-66.84364640431473
/-70.95/88.25+-41.76*-42.91-22.21*12.13-85.67/1.21--27.32*12.51*-93.69+-37.71/96.52/-97.196.6,-46190.609197175225
*-18.89-25.13*49.64+-98.6+44.92-12.12+-76.41/-6.85*33.62/-6.71+-31.16/+*37.27-10.78-41.81,4528.163273858933
*-12.77*-70.64+-33.24-16.41+*--76.29--80.05*58.27/-29.65-60.95*-69.06+34.82-55.72*72.07-92.57,-482840.61152388423
-74.02--82.81--97.12*-20.63--26.98*94.56-75.31/-0.28/33.43*87.05/40.0/3.08/30.24/69.4970.1,-7423.957172219315
/95.61+27.25--27.45-83.74/51.26+22.26-+/56.75/74.72/-93.11*2.04*-52.0*-17.24/36.33-87.91,-47.77555421858383
/-4.73/-21.89*-89.31+54.39/-73.88+24.55+22.39+68.7/44.46*-19.52/-6.61+34.4/56.03--20.53-40.55,63.28318956443711
