Formula,Result
*33.67+-56.7+86.26-8.72/-69.96-41.81+34.23--95.27+33.37/-6.27-13.19--0.33-31.23*12.53/-16.17,-1814.1382830995228
/-17.5540.98-+-34.25+51.65*-86.07*-17.67/58.09*11.63/-7.31*-97.91/-14.022.94/-96.91-53.6122.93,83.11079056203486
*24.59*85.41+-98.56-50.81/50.53/88.76+-70.72*91.61+-33.01+55.09/17.05--91.54-10.1*-76.15/-26.13,438177.9852761329
/98.78+69.71*-41.59+-79.89--56.05--90.95/45.31+-16.62+54.52*23.0116.41-+55.97*62.4/*56.45,-53100.63556319932
/46.2/54.65-77.43--42.6355.17+-48.11--52.13+-13.12+51.25*-96.04/-96.1112.57+70.74/21.69--23.85,127.76435860121781
+42.32*-62.1*-87.0--10.73/99.57*-72.23-54.25+13.0/-43.3--86.1839.05++-19.77+++63.8532.28,-57805.606478083806
-90.45--55.46-97.11*63.37+-82.11+6.02*-29.76+-14.8/58.81/-43.99+51.02-15.09++17.8294.91/12.33,5698.728594210485
-26.7*38.0811.31/-6.79+16.27+-79.51*-20.36+18.36*1.0-46.85-57.15/-37.0342.58+-54.28-87.38,-702.9099192772327
--95.83*-65.94*19.75/-2.36*16.2564.63+--54.95--54.99/-89.13-15.94/68.56*-24.87*77.43*-57.3*57.3,9100114183296.592
-95.62+-90.01-72.47/-34.64*-61.31+-80.2126.44--96.5616.77*/-66.74/44.94+30.99+-16.07-6.14,-1.573747083950141
/-14.7/24.76*+/17.63*-47.51/64.31/95.06-12.37**+-83.13*-65.56*29.1292.89-28.52*-94.46,4.70973101297604e-06
-54.6*-10.87/-84.074.57+--27.24+//28.24--55.63--66.65-90.06*+-29.6/78.62--13.4457.2/-99.75,54.596075814694316
/18.67-55.43//*/-88.45/-76.84/52.71*24.0--85.21*23.81*-75.23/-73.2185.43*+-74.36+42.144.34,-64680.88955338383
+82.15+-95.88--73.88*-46.56*40.99/66.67/62.21*/+-43.33/17.93-66.44-*3.14*-46.26--83.65,-1104.0573685804275
*16.48+51.26+17.03/-31.79*35.71/-9.14--81.35/70.46*85.53+4.64--24.9+88.28+-38.6345.76+-78.44,1056.6223264915852
*-2.66/45.63/37.03++-35.7/*-19.82-28.12/-55.53-15.04+/-43.08/15.72-36.2916.88**3.41-13.01,11.267409363455956
+13.39*-34.96-95.51*-58.85+/+-50.79+-17.25/94.96*-10.45--83.5/-14.2219.1-52.25-37.86+15.55,-2542.400755449221
/-9.18+82.83/-9.51/93.9159.92/+/59.22-81.1/54.39-98.0*-46.17*64.78-9.64/--29.2267.24*,7.629590823514853
/81.12/-83.86/13.15-60.87/35.5--33.91+22.46/-52.4/*+88.26-42.59//30.75*-35.85-15.8*22.99,-21.41856897980396
+61.6+56.58--99.95/69.78/95.72+-45.78+-81.46--46.08+17.62+-69.73--92.2137.45*/+83.88*-90.51,4184.147852031967
/-85.814.3-60.33*-19.5584.19//+46.92/-76.39-89.69-//47.03*93.62*-74.8614.83/97.9--0.11,61.32007942911032
/-46.06+0.9194.03/72.89-83.23+17.74-29.81*85.43--67.9697.18+-54.12/-58.33/64.29/--+-78.43,-164111.96353613457
--8.35+51.58*-19.91/-11.45*13.95+-66.26-49.03*15.87-10.25+-64.11-37.56**-33.99/-40.35-65.36--87.09,2609.1155229190454
--0.3+3.3-43.97*+66.35--49.29/73.05+43.68-2.92*/61.43--73.86*81.55+74.46*-58.53-24.55/83.03,0.8550144872285137
+-90.1*-95.4-76.64--60.53/-32.55-76.16//6.83+-8.69--87.47+-6.48-52.71+--72.92*-78.76/+-43.01,-10907.135136553485
--57.72/47.83-72.47//*46.84-71.31-49.58/32.05+-60.98-12.57-+-0.51*-24.78-29.97--89.14--0.62,687.9597713872561
--0.13+10.1--94.63-91.28-58.51/74.69-92.68-79.96+47.43+-72.72/26.27+70.71-69.02+--94.6277.55,-696.3843737729657
-79.93+71.21--9.69/-62.22*40.45/-*-77.57/-53.08+--16.29/-26.39+76.976.35/+28.0/,-29.70985935606583
-10.26+48.71-53.72-+-1.19/-87.29+*/12.56-44.41/-42.86+72.29/*/9.13+-14.88+73.6628.5,195.1755628804181
/48.53-27.14**39.78*26.86-*--4.83--84.59+-41.48/-81.35+-28.7296.09-+-18.05--92.66-43.22+/,-4685.635700552382
+89.62-10.9283.01/--*14.75*70.2/52.78*-15.18-40.91-/-77.9711.23--95.57--14.0*26.21*-21.47,80981.4842481098
*-21.59/-51.64*64.0*75.89/13.65-79.8--86.13/-44.88/25.69-70.61-+49.88*-2.77/11.96-81.84+-59.8,-81941.26964345246
*-92.41/13.58--95.97-50.9/-92.87+60.06+-59.06+93.76+-10.01/78.49*-91.91+4.84--76.687.31/-24.87,-11.581494178951434
*18.78*-1.4585.0/--76.79*-66.42-28.45-66.6*0.3+52.54-50.12+28.23/79.55+95.2784.31*-15.11,-1175.8298162576841
+99.75/87.41--97.14*-47.4*31.96*-54.27*-11.74+81.59--73.83/-27.92+25.14+-24.95-/-72.04-61.48,78749790.6111188
+-16.99--12.62+-46.37/52.13-4.59/-91.85*5.22+-18.69/-12.93+*-22.71*-53.43+6.41*74.65-47.1,-91875.43356586943
/67.11+-26.6+98.47*+/93.72+-+-99.14--91.15/-75.96*-76.17*72.98/3.66/85.9+-49.79-6.9,36.364764779024185
--16.15*-41.11+-76.57/-37.89+1.27-59.93--34.18-70.07-82.56--66.91-55.26/*-*/66.7879.25*86.69,2369.9266460680574
/-61.35+10.85-52.23*79.58--63.0651.99*+-9.5510.46--62.41/-77.16--55.74*0.92+86.9-77.2246.24,293454.9843424985
+50.41/72.44+71.13/-17.9-5.29*59.46/32.78/3.15+-78.02+63.41-51.3-59.773.44+5.57/-,-1.509898512632479
/-39.87/-55.24-23.04/-39.53-22.96+-81.65-48.18*3.66+-79.28*-89.98-56.41/-82.03-3.72*++72.13,5700.234657126975
--45.87+36.2/99.2-63.71/-93.0/26.272.09*+-33.66*-21.4-76.69/77.33/++12.11-30.16/4.65,-80.52482177383278
*-30.46+-39.71+57.77/50.3-75.22//-6.88*-75.2594.28//-99.52-/99.42*+*/-47.1/28.7229.03,1607.7306142151565
*37.68+-95.53/-55.76*-11.35+84.36+67.55-52.86*-51.07/-13.46/-81.35-95.61-36.3--5.29*-9.33+41.86,-1718.0009270950359
/-72.52/+/89.5--16.7122.24*+-72.84/69.42-3.08+55.67-60.76+18.5358.44-+-89.22+87.4162.79,-2709.378894207888
+45.9139.62*+99.11+-*-25.47/-47.09+30.35+26.79*-23.73-29.79/47.63+-88.13+83.0319.99/-67.79,1199.408497858156
/-55.34-15.06.66+/-7.79/43.38-86.85*--27.3*-48.46/-41.1889.29/*60.36-30.91*11.87-85.97-34.65,-1089.4300433962476
+73.01*-64.14--20.67*-66.73+-95.89--9.04/-53.29-59.3/+9.12*73.65/-94.21-82.05+-95.77-11.27--88.25,-4434.306932442881
*-96.89/30.97/-55.05+-68.11/38.38-45.0--9.75/-1.45/54.3910.94/+-36.04*-70.72+-84.15/40.5536.28,5959.500499263759
-12.17+68.25/21.9/18.49+25.8+39.03*-58.04-5.07-+-79.03+-27.79+-1.94+4.67/-24.26+--60.4,-506.85424855621403
+53.64/58.97/11.81--64.02*6.47/99.06+44.63-3.35+70.542.08-+-26.42*-23.83-10.15*-85.28/43.27,42.553389359355776
+92.06/-32.34/17.62*16.15+-18.16/91.25+-42.21/++95.63*-34.068.93/*95.78+-73.4688.12-16.57,0.8098970937115126
/-*59.78*51.68*22.85*52.21-34.44*-91.82+-70.7/-59.26-36.11+-77.3393.44+-29.03*38.15+40.43,4842473080.229159
/17.78*20.42*-16.72/-71.57//+-44.54-47.37*65.12/*21.94//-32.14-43.46//-62.12-73.02,73.04543337609917
/22.5-17.79/60.59*-70.17*18.92*31.26-**-74.85-17.82/71.72--31.14/---15.21-84.12-68.64,-17931.88100763644
*71.03-27.98-+-14.17--88.08+-68.98*45.41+30.95-47.01*8.64--80.54/-57.28-27.88+6.17--7.77-94.75,238.83021936872308
++*-99.09*12.47-6.61*49.99*-21.55--82.7287.6*+76.793.76*+-82.7--24.3285.87*/11.24-25.13,-153352657.62993976
*66.0-75.88+-93.93+-38.57+-58.18--81.17/40.324.19-14.91-39.37+*-92.6828.32/++*--4.94/,2344.6864223232737
*-21.71/60.62+21.42-85.51+-70.52-14.33**65.0-74.47+-99.87*78.92/-17.54+48.89-72.52/-98.46*-50.47,2123967963.8020225
-36.02*-98.93+81.9/79.34/-74.46+80.52--62.43+-11.15/-40.94/91.92-28.2+--35.44+2.32--71.9440.38,7937.029560659752
+-82.7*24.27/23.38+-46.54/67.76+70.09--67.4+-72.89+31.45+-98.67+88.31/13.8--47.9189.81--48.16,-3061.3590664564085
+15.17*-46.0776.88/+-31.63+/-60.04**-70.95/-44.8-43.22+79.52-17.64/56.11+-65.2992.57*54.24,-5035.429287413377
*-8.41/24.0/41.78-*/72.22+84.91*-68.67/-30.66+82.27+70.75--35.02*-17.92/-52.35-41.96*-4.91,415.3854414012701
+-45.04-85.89+50.31*53.08*-22.8--19.86-33.75-95.01--76.32/-20.45*-61.88+-59.68+44.99+/-59.85,23973.14854737585
/-29.87--1.91/5.32+22.26*/41.06****-58.2/-0.78*47.59*43.34/63.5970.08--30.79/96.72,106.90181525865022
+55.52-85.97--63.22/1.52/42.99/68.81/69.3639.98/*10.16*-45.61+-25.1-35.74**21.51-+73.11,10679441.789698176
+-46.74--67.4*+76.48+31.83*46.65/87.32/44.12/-97.01*24.17-/+94.3/-68.44*84.23-41.41,-11806.535744908351
-39.14/+*37.67+-86.97*76.86/-47.5/++-90.76-93.8292.98/-37.1/94.98*88.91/-49.67+-68.31,110.09505858375803
+-56.92+-16.56--89.26+-+-93.53*-56.3*-5.23--30.63+-78.89--1.43+29.0*-96.39*15.2364.98*82.0,-7831444.721562002
*4.4/-69.19/-0.99*-36.64/11.42/-10.13+-16.24-69.21*+-47.18/-18.11/34.48*78.2126.57+76.83-43.02,-27405.621624739062
-+/-83.16--61.92+64.64*41.85/37.91--50.79/53.24--54.11/57.6453.95*/-76.76-9.82--10.41-67.62,20.467123199878714
/-37.36--87.77*-75.65*32.24--15.04/-53.64--51.81*49.1+-77.19/-84.5871.56/*43.15--25.46-40.4+96.47,-4517.048491480749
*64.34*-14.07*-77.02-37.78+-50.5265.96---29.36+-80.49+70.23*85.64*-80.12*68.97/-60.1193.16+-91.76,30662602.012668587
-68.91-38.55-87.48/+-24.85/67.47*69.01*66.47-51.18/*45.29-75.97--82.09*92.7912.45/-90.0831.5,-31.463124546045574
/-92.15+*/82.03*86.16*24.31+26.99--67.17*88.45*-8.17-85.18//40.56-87.81---82.71-91.04--28.06,-8311.819810083189
+43.61+-2.7476.65+*-26.69/99.28+-21.4-63.53-+77.49*-44.27*31.08--61.34-93.55+-3.22*26.198.22,-4384.270244859813
-1.97/-22.19/-+/+*+98.03/-98.73*66.54/-56.73/24.2554.65-+85.28*31.3--58.2-98.0,-1468.0291567296395
-51.96*-78.64--82.48*18.77-66.57**-5.75*22.34*-75.35--63.1158.77+/9.41-89.68//3.26-34.272.63,39420529.004381284
--60.66-59.56/-79.07/-39.08*25.15/41.25*18.26+-23.69/-75.5674.01*--20.2925.21*-82.33/-31.94-94.77,94.76996451405286
*20.23*45.67*-75.76*-51.79/19.83*-4.74*-28.85/-13.27*-3.41/91.09/-40.87-58.3327.02*-57.22*50.8,475297827.806377
+-26.72+40.2+35.39+-93.36/-78.64+-84.13+-7.13*44.03*/--18.05+-18.15+-76.35*70.7380.8*72.5,361385.0924088488
/26.98*3.9443.83*/-41.4196.23/+-78.41+-36.63+30.84/-27.75/40.58--53.95+-3.4--16.6945.31/-46.12,9227.59976228152
+-87.88--68.68+-99.88*-59.2+-99.97+42.09/83.96+4.85-97.44+-90.36+91.8256.86/86.19--22.92+-73.86,5633.553660818153
--77.17-64.3--51.68*71.92/50.26+5.45--51.61-69.5+-2.41-29.29-64.81--20.32/-88.12-22.72+83.2,-3816.277365381452
+84.67*-50.95/-11.27+23.43*75.71--56.61/26.55+63.07--83.22+47.8349.19*--58.54-99.12----68.27,-5772.864839162835
--72.5/37.46/28.1*7.62/69.93*-79.87+-79.02+61.1*6.18/-95.16+-91.34/-92.65/--66.7-61.08,43.98798291424054
/*/68.79-91.25-39.96-72.64*/95.67-96.06-14.02/+55.21+1.68/-67.22/-71.11*-38.2845.96--31.03,1629.721477144701
/52.05/48.07-14.56--78.0+65.62/74.44/-83.6*95.55/-24.88/82.95/14.61+-90.2223.04/-11.31+65.47,11.35359493945367
+-15.65/-7.24-40.93+28.69/-91.153.99*/-64.84/49.93*15.88/-12.01/-72.45-57.49*/12.65-44.57/-27.69,-4.262620975771798
--18.98--89.23-45.23/-35.33/-5.22-++44.69*-89.86*68.93-99.38*/*71.13+-87.0+85.25-29.18,-654823.8271700438
+58.93*-67.3--43.8+-53.4/-52.05-25.46*+-26.36*-36.1*65.87-77.72*+-63.1458.52--48.28-68.14/7.72,58.93000080336692
/67.86*-82.23--46.11/-49.43*-22.92+-23.34-21.89--76.11-16.46-84.37+-24.38*0.48/11.78/-58.0432.23,109.93486768519901
*25.64/-55.97++--26.91+-82.43+7.56/-60.91+8.6930.56**-47.74-83.05+45.69*54.65+-56.94+5.2,73647.25375506969
/61.44--73.51-63.22-69.59/49.7117.42/*5.96--25.94/-7.4+-81.13*-26.046.51/79.54--/7.04,1.0875374931149178
+-80.72--19.47-80.11-+4.86*53.1+59.16--23.51+68.85*-6.25--32.04--12.2798.44*-24.63+25.36-37.13,-2267.873576010208
+-20.45-+--0.82/-68.22+21.16-69.69-16.27*+27.81*-22.21+86.03-39.3-12.33/-92.8--40.5386.63,-4253.203911695226
/1.85--29.39+57.66-44.5*-93.83/22.73/-84.05--24.18/-81.39*29.52-19.55/53.25***-14.11+68.57,6441.898794396799
/82.9/-58.92--58.93*-89.81*-72.32*70.82*-73.75-71.47*/-73.58/--50.43--89.9539.89+-43.64*-88.77,-52748736.31222256
*35.93*19.38+-74.58-76.94--88.56--13.09+85.07+++49.67+-29.1*19.91+45.71-46.35+-38.7+4.45,-50973.503072
/-94.05/89.58/77.49*61.82+-17.6426.76/--99.07-57.61+-28.61/-31.24//-67.08-9.59+-62.44+88.53,-6116.336252451953
+-7.24--34.56/54.25/-67.49-85.12++-80.98+69.23+-34.66--86.293.31**-17.5-23.05*6.7-12.45-69.72,-8397.006643406821
*-44.91/68.81-60.04++6.02*38.6312.41*-18.87-94.63**-43.04+-+99.24*-94.03-58.23/42.47-18.76+,-29745052.125752293
+-52.45*-11.48-25.48/*-42.06/-35.4--82.88-++-61.56/77.79/54.67+-5.87-50.4676.92/++/-66.34,-52.45226283671419
*32.4/-37.32*65.4/26.07+32.767.2/-14.88+3.9*79.4/-41.28-41.88*-68.46*43.53-89.99--12.64,2915.659762535948
*-*-52.63--/-18.48/93.49*-50.64-88.95/-*-63.56*-0.98*95.9562.32*+-38.2-59.28+55.78,-14250448.083269266
/-66.54*-20.8*89.95*97.39/-96.5-*+61.7/11.78+-57.8574.73--80.18-34.24-20.68*-66.49*34.72,-1129549.708130804
+-35.04-4.99+76.24+-42.51+-78.99+-23.21*-40.49+60.64+-13.32+-73.56+92.44*/52.62-89.16+-82.12,-2487.126740180808
*15.55+11.61+-1.26-78.75+-53.13*-8.54/69.77++*7.18/-71.96--89.49*1.67+62.23/-3.97-97.41,-22.462540241050913
-78.84/-3.5*99.78*-35.3*-91.34*63.36+-25.352.4*--96.98--87.6--98.03*15.16/-83.72*-87.6-31.28,12852591.34176494
--81.7139.31/-9.84+-45.34/49.2/38.72+14.38/++-96.32+-61.4786.18+83.39/33.02*36.38+-15.01,541.3573402024998
--76.92+-65.521.42/+93.16*98.78*-41.14-97.91+-65.5+68.94+25.17/90.16/-75.2746.09+-12.91*-70.44,766.5856662078284
*4.2--54.66+46.96*91.5-51.82--81.09--41.48*-40.23/-54.06*-24.96+-2.08*52.91/-5.3/53.86-84.71,4423.325312836685
*-20.81/60.96+18.78/-47.06-42.29-48.32--42.31-13.34*91.12+89.86+-23.76/-66.08+-13.92/86.8176.71,-8291.711009200844
/91.7--75.27+-55.71*-59.2293.64//-16.97/74.67++/16.29-38.38/-29.9563.78//55.42-10.19-44.43,43.297007990825705
+49.59*20.61-45.46--10.05--79.44*3.38+45.64/80.6--70.36-8.1317.56*-81.02*-12.23/52.06-+,1108.381016267275
*77.49*//-96.57*71.4697.11-+-55.52*66.45-57.35-32.38/-18.42/1.24*50.5835.77--14.07*72.35,137183.00834424442
*-35.05-46.5+63.43/-69.46/70.46+32.22/76.33--42.6*-34.29/-69.03--0.32/-92.1857.73+91.33/-25.53,-241962.1650542723
/6.96/87.24+-8.17/-76.22/-24.43*-72.46+-3.45*22.47*84.98+32.22/-52.63+95.54+-75.19-23.37-47.72,61529.42361781181
/87.25--95.19-8.54/+42.08/64.62*-49.65*-41.64*97.75*-63.7*27.29/14.11+-72.81+43.5617.16/82.95,1784655.8079157604
+-74.85*31.75*75.04*-20.79*58.2/45.8+-29.4+41.96/-98.52/86.83/94.531.9-69.95+-63.04--46.65,-112648.66528250728
/-+80.71-25.56*+-92.13-11.64+9.49/-11.98*-36.38+-25.0383.57//-90.7-5.29-28.73-10.82*-90.65,-37.29842392205091
--81.01*39.4234.22++/--48.11+14.68*-58.81--44.72++--20.51--78.88+-67.76-77.25*38.14-93.48,-12644.6002
+5.01-28.5+-29.24+-48.97--59.41--43.12+/-60.1*65.46/-+5.05/-19.87+91.297.18*43.34,-75283.34809663368
/76.69+45.55--88.02/-32.89--93.17*7.81-52.86*55.85+28.612.29-+0.87-83.64-85.03-47.68/--,-115.8194870409301
+65.49/62.48+-14.8--42.26*58.02*23.34/40.67*-71.19+56.62+16.53/*+1.96+33.13-48.87-61.63,44129.30811869697
--35.21+-45.91-27.07*79.36/86.78-67.37--74.22*2.79/43.5856.59*+-91.6/-30.16/52.9-42.5240.44,-77.0622677107572
/75.12*-32.7*---23.24-45.8*-65.33*22.66+-70.69--99.7/-86.56/96.05*61.58-87.9929.38*+-74.95,-259231.1791798867
*30.12*25.27*37.92+98.48*57.19+-49.87-82.47/75.5*-82.54*59.65/-52.28-41.37/-30.0131.97*9.93,2842343.614282566
/36.24--78.09-83.85*-75.73+1.93*6.64/---34.33/-41.07*-58.64+96.81*70.4232.05/26.88+-60.42,-24.83389264203102
-90.89+9.77-41.63+18.77*49.61*-66.81--69.68*22.71--28.0-68.88+-72.44*-0.694.59-10.23/71.29,122.7520723235306
+55.9+93.94-36.11*/11.48-25.59+46.29-67.85/-46.53/10.13*-6.01+-25.3/85.72-90.55/-29.43*+,797.4623065467658
*19.54*-89.11/-34.74*-55.36/90.82-13.17/-99.64/-36.51++*35.61/-85.25-19.98--23.21*88.05-83.25,8979.170792199136
+-69.34*20.7*-/-41.5+98.84+17.15-82.95*-30.2839.08/-22.26--99.67-85.99*84.2633.79/-93.2,-1827.5802002822697
-88.09--63.04/4.36+6.16--39.8-*+18.8942.96*+-71.96-91.98*+12.6738.52**66.94/78.4198.93,-9810524.019966114
*-73.66/-81.46+86.88*56.6/-13.68*70.2+-68.3511.04//-92.73-*48.92/*49.36+60.11*-22.14-29.67,521966.7471288944
/-34.89+57.61--93.18-73.19---34.15*91.2+1.88/46.97/17.13+-53.98-62.17/-83.09+-23.28--96.4384.51,-183.24335956634548
-61.48+89.16/-61.44-97.23*39.61/-44.59+-23.92+-82.77+-25.49--20.82/-+27.79+-91.11--84.6856.63,-23.224177331205766
--50.92-81.56/-87.82*24.97*92.31*95.58--95.34--28.32/20.75+43.55+80.11+-3.2648.95/-96.71-40.12,-172.5999673111
*-5.26*2.69+-39.8121.49--4.5/95.09*-62.66+79.22+12.69*-88.18-58.01-54.28-70.97/-67.48*74.26,-1.189544979031788
-94.1781.87//70.13*46.99+-30.45--55.12*-0.99--39.58+-28.77*61.22+-23.83+-30.39-11.31-96.73,3409.1796880996994
-56.96*92.38*-4.36-31.96-*+-13.93-13.07++-97.95--51.48/-79.31*-2.13+-92.41/-99.02--0.6199.46,16279.94688511537
--35.23/92.33-98.8858.65//-73.33*47.63***-32.6*-0.04+-79.69+-82.88/-3.84/7.25/+94.59,-112.03205390775356
*-89.72*-74.22-3.87--37.44*49.35-72.2*--56.96*61.71+-34.15/74.03/85.45/31.37*+-98.74*-8.33,16935954.20336889
-77.6--92.15/-32.45/43.32*-78.0325.39-+54.55+-41.15+67.16+86.55/-96.43+68.43+-9.33--33.15-30.45,2146.427389832974
-99.36/-57.19*++-57.48+87.52-89.8**73.76+19.96*44.69*99.47+-42.120.5**52.672.48*79.58,690276222396.4672
+-52.22/78.77*-20.09-64.06*80.73+-54.94+-96.271.29-+33.27-24.12**62.32/---78.0*78.788.96,2619.55500461977
*-89.4--71.61/-12.41/+*-82.37/20.92/12.25/-36.0656.95+58.2829.93*-61.8/-**-12.01/87.96,-17.781460190432785
/-6.52+-67.29-67.95*88.71/92.07--11.96+0.84/9.01-25.83/+-40.96-7.1-46.49-/-26.96*67.7886.94,68.04638936119701
-47.7140.08/*33.75/-58.58--32.533.19/+-32.96--48.39+62.32-64.95-21.45/--1.11-90.3/49.51*32.57,-48.522818321536185
*62.54/80.1+-78.833.29/*48.22/-1.24--99.83*++/*-17.47-3.394.11*-7.2/-99.69/33.32,-673.2124408008272
/-95.3*-10.13//--34.0+88.29*74.77*-69.89+-26.3+83.546.32-+47.36-16.39*+-41.71-90.1*-98.15,563231151.6623226
-18.97/70.74*64.3/16.76/-6.12-85.04--76.48/53.56*-10.98*38.88*-47.92+-23.2380.09/32.23+70.16,-127.6344187267922
-14.66--13.15*-12.78+53.0/45.65-84.8+-38.47/-48.31*-+36.58-74.1*79.91-98.51+25.74*-7.42,-17170.194765555967
*-48.74*-75.15+23.48+-83.71-4.18/+-46.96--96.62/84.65-23.81-1.17*/21.18--82.72*64.74-64.61-9.82,-4303.287994091838
*-90.14--89.38+-21.77/-2.06+98.04*-55.91-33.12--44.91-24.67*+-30.51/-98.54*59.4910.48*90.72--69.47,-186665.47562744652
/-23.18-1.87--99.44-**-84.35/30.6--70.36*-3.43*-13.0*-43.42*-60.51/12.58/29.73-67.07+-16.84,2859.1613337860827
*75.66+70.5*//99.45+76.73/2.43/-96.16--18.81--84.72+-70.45+71.14*-39.88-62.47--8.82/-17.18,5391.146568501835
/-64.52+21.34+-91.16+60.4-46.55-+-10.02*-4.47--1.3498.67*/39.52+-12.0/-45.91-97.34/-6.02/-54.79,-538.9739748052299
-75.9172.74/*+-69.24*++-7.68*52.89*-52.37+-54.96/15.43-76.71*62.48-91.38*-61.2150.76,149106.5558549884
--53.55*60.17*-25.09*67.43/-79.3+69.8/47.94*32.31/-44.11+-39.37*81.27+-40.0162.93/-57.937.49,-91.04050037096462
*--69.57/11.48-96.59*-1.16/+++-28.34--70.64+18.31-89.58+54.13-17.31/-12.93-25.85,-1740.5588735397832
+-35.31*74.92*60.7//--25.23-52.72-0.02/-19.1+78.39+95.45/65.47-45.26+76.4--4.92/-2.99,-17710.87637306535
+-19.57+95.66/56.62*-18.67--98.2/70.31+-60.14/8.12-87.48/81.73*37.04--23.53/-53.14/11.18-3.56,-169.87195245838944
*37.18+-92.58*-19.34.57--26.02*75.09-21.68++90.82/-34.87+-26.23-65.67/---79.25-83.55-57.42-8.13,44.966107732803444
/26.69-8.71*-38.96/42.16*-93.19*-96.91/-52.58/28.16-99.93+2.2-28.63**86.82-42.97/+32.7935.49,-5514.247218821618
*58.1*-0.26-19.45-38.0/+93.36*33.08/25.32+44.74/44.97*-99.19*-70.72-60.93-40.49+-6.15+94.97,16089.144365170192
--17.36-92.92*-17.49+-59.97/-18.3+-79.81/-67.84*-88.7+-78.39-24.32**-29.3252.95*42.29-42.48/53.97,-1158.9257202116746
-7.24*-34.7-24.8974.39*-72.74*-21.71*35.892.4*+50.73*-48.52+4.08+-17.95-*--9.54-71.56,199097.44087999998
--47.11-38.14++51.095.91//75.465.99*-45.54/-75.59/-84.11+*--40.96-8.04*98.84*92.1827.67,-252152.17148950638
+21.74*5.79/-45.89--63.29--45.37-62.72*--38.7827.5+-90.3+-36.57+-63.26/-19.92/-92.26+81.33-7.39,-5168.890341986083
--60.58+73.64*-43.27*76.55--26.53/-57.55*46.27*12.59/67.41-60.17/-47.62/79.51*-73.69/78.6722.86,87759.10532020548
+-79.3-95.74--11.62+41.81-97.27/*-90.71-24.25*-23.31/13.05/-60.07*-52.18/-71.59+13.020.09--72.17,-29.568510671859137
/8.99/22.1/98.27--69.36*47.72/-33.99*-18.93--49.85*-22.38/11.4/-30.64-13.65+-98.5249.59*37.76,-172.89985858492724
/93.15+19.35*45.22*-96.2--87.39/43.51/3.42/-54.03+75.67-32.95//25.22+88.0+81.49++/,380159.47461041843
/62.75/-28.27+-70.74+-31.13-58.93//46.33/52.16-88.02*64.39+93.8143.77/-40.930.31/--75.56/-9.17,0.03137805732912677
*-51.56+63.03-0.05---/8.06/1.35+54.65/97.66-96.67-+52.77-32.36*+61.63*52.44-91.45/6.2,2814.58355860864
/25.97+-99.48/-25.42+79.44+71.76/30.28/-6.86*11.47-74.83*-40.39*++-62.01*50.6157.64*-27.07,-145492.8643677277
+79.95+/-37.83-*3.75*-75.94-31.63/65.01--7.59+28.37+-59.98+-52.2+68.31*-27.27/-61.49-78.59,28553.021868420965
--58.98+-65.51--11.77*-18.13--85.15*-88.07-27.17*+41.57/-38.46+-42.56-4.22//-78.04/-45.5515.26/*,-5.2400499146339055
*3.55*-39.54-71.82*-21.06*82.44*-56.35/-37.6+-50.89/43.98-+--61.87+43.03+77.7329.2/-,-82365.74107677383
/8.26+-99.89--44.31--44.38+-51.37*//11.58+-29.72--90.34*81.63--17.6222.83*+56.07+33.2192.04,74161.85845103995
/-38.65-51.59*17.38/-31.04+69.91--44.38*79.0*-50.7430.08*+-67.16-28.8180.58-/-82.43/41.92,-8094793.913387758
-19.53/10.74+-76.9///63.03+-42.2410.17///-65.62/-50.3348.77--41.66+60.29/--86.96*89.28,-1166.4949549338626
*-24.33**25.79/--15.92/98.16-41.79+-14.48--68.08+-70.58--40.8-18.2939.66*--18.67-51.9*-55.72,5209.297878586078
--20.34-78.6/7.37/-88.1/21.83+59.69/43.37-91.5593.71--89.24*-83.99/-69.93/-1.51//71.8,-93.91667354449207
+79.86*66.89/94.67/-76.6*4.4*-95.2/40.62-27.47*--22.52*26.08*-5.58--37.27+-98.49+76.78-54.26,-414678.13570749614
+36.85/55.04+82.53*-88.55+//-57.939.8/-1.33-53.43-78.85**29.78*83.77-40.27+-72.02*13.21,16593784007.08446
+92.39--5.25-26.52/*/-34.39--47.88*78.07*-39.92--78.2747.09//22.86+-54.01+-90.9525.39/-62.79,-118.53257821931682
/-10.67/44.64-54.25+10.63-43.48--24.74/64.87//-68.35*--38.24+8.98-35.08//-15.66--49.1442.09,-65.68257352367834
+-50.17+59.06/-90.56+18.69--55.92*-10.43--65.68+-96.59/77.51*-43.74*-69.28/-47.21/-61.02+-74.81-,-651.1733442269721
+85.6+70.01+-93.37/-89.52/-33.46+11.72-83.0*-31.2-67.52+51.31+-67.37/-80.5+42.16-81.92-60.83,-1855.000040563884
*45.93--29.27+-86.92/89.98-78.72+-53.82/89.96/89.03+-+-45.84/-6.19-60.14/-98.52+77.36-53.97,-1179.288259401288
--84.43--34.53*-9.95/89.16--91.9**+3.84+-86.97+15.74/-33.61-47.61/-7.99*-95.16-91.83*93.6,1828.2201643118437
/33.54+29.76*17.97/94.62*67.71--96.73/12.56/16.87*1.08+-70.19/-40.71/-98.39/-75.79-99.44-4.31,-2415.9657799332585
--20.98+54.37-67.32/88.4*37.93--2.32--82.91+-68.85/-61.7++-74.35-98.45**/68.42*-55.23,-15.721875065567003
*66.22/-91.51--68.54+74.24-75.28/99.27--75.2/-58.45*63.41/**52.19/78.93//+83.17-76.58,28.178341050305832
*-91.92--88.65*70.09*21.1/-80.48+22.64+-18.34-82.3/-95.1+56.08+-5.51*-62.93/93.52--98.8942.63,13482.88278755007
*-29.52--67.17*39.28+56.2*-94.65--77.35/-18.65-39.61*67.43--67.45*-92.33--27.19-82.16+-20.76--32.86,8576.950440696795
*-72.35+2.1+-20.93/35.55+-82.0*39.69*-12.64/44.53+43.66/82.94-98.15-61.42*-63.65+73.87--94.23,414530.8413995182
+42.93/90.9*5.3/44.13--64.69/35.32+-79.13--1.25+59.57+27.33/-41.57*-11.02-6.33--8.2*-17.48,6885.767187920098
/-54.07*7.4*53.44+-54.19//---10.38--69.75-41.5/92.1+-39.13/-25.46+-22.37/87.2689.81,-256.23296823727014
*-97.6-38.09--90.71+29.44--31.56/-27.53*-14.39-94.17+/--77.91-54.84/--93.39/-5.49/-98.2637.97,-3627.3506906758644
+-50.74/-58.58/-39.19/-95.9163.94-/-11.06+29.06/84.11+-5.7672.37/+44.38-7.67*-57.3179.2--13.78,-208.69688606700603
--89.09--63.38-95.77*21.28*-63.8681.46**-7.58+-18.07/66.09/92.24+-*10.69-2.49--12.15--11.94,15162622.703849297
+94.39/-24.68--30.07*46.98+59.64-28.36/-24.37+67.68*-37.15/52.14+-86.64-23.6798.55/-*66.66,117.21162995901544
+88.24/-86.97/28.83*28.61+-32.3795.07*+-49.66/-37.75/-46.41/20.9397.89/66.93/14.33+92.74*85.92,-167588.38235672418
/-92.8/81.84--15.46*62.966.14-+-42.2*-63.9--7.42--28.16*-13.86/35.37-57.45/-41.64+54.62/-27.6,372.16759964058224
-91.11--43.78+18.91-26.1*61.78-86.2/13.45+-77.68*34.69-72.164.87++32.42/*--37.43-29.62,-109953.55824619983
/-7.24+-80.84/-15.47-14.95/66.17+-60.63/-26.56/-57.216.2/+74.97*-36.77-91.08-48.97/9.24+38.68,75.19062241116276
*65.65/52.2-58.21/13.46++*-2.6+-9.39/*/89.67/-26.2*-62.38/82.67*-79.0527.9+32.21,-2122.0724545134417
+72.64--23.19+74.32+92.88*-83.9*70.91*11.72--14.86+66.1863.33/+64.77*-+-86.02/-82.8263.86,12720.60848835359
*-80.59--12.65/+*-55.34/19.31*-90.82/-44.19-54.37+86.56/6.92/19.33--84.48*-86.9958.16/-21.13,901.2832545005
/48.63--19.97+75.66--90.95+-91.15*-42.59*48.26-73.47++-29.26-72.67/*50.92--29.68+35.4534.14/93.43,-4.095154112823504e-07
+68.18--40.08+22.15/-9.78*/+-6.3998.1//7.34/98.847.9-+*+-10.5759.83*-95.34*-97.67,558159.1213411897
/-43.22/81.93+94.74+-20.1113.02//-73.99/-59.5/-17.56/-17.86*-12.54+79.34/29.18.21+25.92-54.4,57.07741850051759
/-89.12--72.8/32.62+-10.4481.35/-12.42*10.38-38.14*-45.32-52.06/-6.12--55.564.97+-35.71+-58.35,372.3877025153133
*-27.21--43.2-8.73-52.85*90.4-8.51+-98.7-94.46//-62.14/-40.85-4.57+-86.01+61.4449.62*17.36,1353.4429232400967
+-65.22+82.04+80.27/-41.67-27.38/-80.65--24.45/29.03--43.99-32.34--41.73+-5.8/1.87-55.92*-34.83,-100.85929672761182
-16.2/7.29+**-32.45/18.69--62.19/-95.0623.18*--90.64*12.77-99.6/0.02-18.2+79.06+32.32,-1665.210860169648
+-14.4/-35.25/76.1-6.98/52.37/-41.1--76.05/-36.62/-89.47*87.67*9.25*+16.65---27.6729.5,422.9123085632146
/-20.83*+--57.5-66.81-59.92+17.91-87.3841.19++62.67/32.12+92.0+/47.96+47.66+-67.42,125.7903970942666
--76.14*40.94*0.47+-66.11-77.74/92.19-89.85*46.3149.21*-8.61-9.93---63.07+12.93*77.67,-43786300.93235173
/-63.01--9.31--59.12+48.97+83.39+-99.02/65.91-95.34*81.84+-38.47+48.44*76.24+-59.81/4.13-20.89,968.4802002320068
-59.13--23.1--95.35/55.58/-14.48/-67.97+-+-14.96-75.95/27.46/-10.19+33.49*36.1-59.26*-60.76,-131982.68948445222
*66.96/26.72*9.05*-29.59*-9.2/-3.53-99.06*/42.84*-99.17-18.44/--3.42/-20.78-73.83+-92.36+96.01,-24134.601654696613
*99.33+-30.33*-27.91+62.32+-91.92--77.04/-22.04-47.8/-38.34*93.14-8.29*-1.84/52.79/19.1756.58,-4917.026975964574
--41.8+-94.04/-28.31*69.02+32.58-36.66/-47.14/-20.02+-49.9*57.76-21.2-/86.81+-91.67/70.78,102.26334226004072
--/-82.55+96.53/17.14-71.44/29.74*-97.53-97.23/1.27*-92.06-77.23-22.59*0.72+5.83/65.69,12.114946457928697
/-26.78/21.3486.35-+-27.41/93.32*-96.44*76.24+*--20.41/-41.8261.09/*-78.56-51.8410.3+-16.16,-53.85508319324981
+-4.89*49.88/60.43/23.02/-14.76*-16.12-/+-79.0824.72/0.46/-79.69-57.88*-+56.25/-12.7837.08,-5.262281740193731
/-5.01--52.52+23.01-/*6.184.7*-44.93+97.72/---86.53+/*-41.22/48.38+27.1921.63,-379.1353298322063
/2.9725.27+--9.49-8.53+98.76*-7.58*60.07--4.12/-18.13*-83.49-59.66-+-29.81/-55.6+80.8916.5,-1689.6047427722192
-98.61/45.73/-59.19*10.8/-90.09/-73.616.56/*-68.96*-45.86+57.69+-21.89/-38.36+36.4295.71*-69.91,-127521.53544990435
/-22.46/-91.74-67.14*-4.6*7.41***36.11-59.56*17.35-61.51-87.35--93.32*45.86+-32.24*99.52,-549329724.1217926
/-3.33+-52.83-44.69*-14.2+23.41+-96.21*-67.49//*11.97-63.94*--84.25/66.92/***92.04,26640348789.264545
*-62.13-72.25+-13.61*-92.68*-27.8457.27**-32.86-25.0737.81*-38.02+84.91*47.72/-24.77/62.33*-83.82,306311748.0506515
*-9.86*45.91--17.3/75.43/44.04*-3.143.49/*-/53.94-98.09/50.8327.72/90.75/-15.75*-79.06,8422.382531909896
+-81.53--72.3+28.42/35.87*56.05/-51.85*74.7--88.61/-55.06+21.8453.59-33.21/15.32*-87.31--72.8,-576.1735334703493
--95.39-13.47/42.85*-84.26*65.9641.33**61.69-35.51-34.14/81.9+6.97+-70.29/-57.33+-49.9521.92,3036852.783163065
*-54.09-26.77/9.41-99.42+-36.0193.87*+--16.96/57.79--7.59/47.48-36.38--25.26-90.35-65.18,2316.493499547173
-81.8-56.14*6.42+-17.64-71.39/-84.3+23.6-17.28*-10.76-84.35/46.06--86.56/-*-83.8*,1020.0816824109731
*71.81*-69.14/9.72+-19.71+93.02/-72.19+32.03*41.89-11.02/-9.75--69.64+/-6.83*90.28/-98.41,2541.4512273166024
/+/-78.88+7.42--25.09*-8.12*-36.75-**-7.9161.64*+-8.0*20.92+-71.45*-14.59-33.54-78.36,-27860.428717173585
/-33.85+88.12--50.3+66.26-96.03/34.72+63.15--4.9+-1.2++--65.88+-39.06+32.124.75/25.16,-0.004082631289907156
-//-0.49*-0.15++46.67++-13.49/12.63*3.74*58.1823.66**-8.65+-63.9/-16.94-12.74*-76.15,2588285.017818711
+49.69-77.51/-88.89+15.54-53.81-/-66.55*-8.5/-90.54/-45.03*-87.47*60.98*-54.14*-97.9197.32--69.72,9183.73455204266
/-30.218.89+/49.79/-71.55/24.05-39.88/-90.47/-81.87*99.25+80.87/3.58-93.27+98.61--61.87+,-102.53585311110447
+0.81/97.85+*-53.52/*64.94-10.78--15.01-11.1/-55.83*53.39--57.970.1+0.89+22.63/-10.17,15.254847964627105
*-93.01/-51.4+21.04*-32.75/-+49.6+45.59-70.53*+64.14/-94.97--67.78/-97.17--35.55+-81.4385.72,-1176.7885858063282
-61.74*42.24/80.09-39.07++-8.48--89.926.77+-32.62*1.94/-0.38*97.22*-72.08/-28.83-41.02*-41.92,-146.53492105345285
+40.58/-85.11*+--8.45-78.99+73.05-56.33/----86.96+-21.86+35.71-+-7.04-17.56/-45.31,2.8350177518766175
/-42.69+-55.37*-75.91-9.99/34.76--64.25*-48.72*/--57.0*-60.51/-14.0713.83-83.6864.23/53.34/,100417.2102294989
/68.11--93.55+59.15-6.68--68.48+30.97+-54.41-4.27+85.77/15.33+52.42+---8.55--8.97-73.23,-264.96104231717715
*35.7-38.42-47.05-56.8-+4.86+-65.56/-90.3-96.24//75.09+-27.25--5.87/18.57-96.5+1.27/-15.02,1376.6550267472628
/2.46-15.61*-28.68/81.47-33.71*25.43-68.55/-34.07*-69.57--0.15-83.52+51.98--4.07/+/-27.65,-27.802479854987233
+/*-18.77-30.49-65.82*42.57*-91.35--98.21*-42.67/42.11/23.56/57.1949.35/-22.99+-91.14--79.2,3224.47506255621
*48.21/---21.5*-4.47-3.12/-29.7443.87+-71.86+91.92/-71.05*38.23/-12.09+75.2660.82*--72.92,-4465.196984396215
+-70.66-75.43+-17.0+-59.15--43.09-91.83-8.07-44.71/-85.5-68.11*-29.08+82.84+-26.38-22.96/49.95,5.027679801748102
*-71.4+++83.03-29.94/--1.17*-++--76.9+92.09-45.27*+24.81+51.2-80.86--49.34--56.95,-558423.8456142925
+55.75-60.71/-23.28+-95.62/-96.41/17.84*-81.08+-55.85/90.01+**69.64+91.43/13.04*-50.87+,6474.797864131475
+-15.08+25.59-++*+6.7/1.63--17.35*64.13*48.38*58.99+27.42-71.54/14.72*-28.67*13.71,560.4003413916926
*26.8+-0.93/-23.72-16.014.89/+*/26.94*85.86+97.01--91.01--81.59/56.71/9.94--11.5934.64,-8403.064706707728
+16.11*53.26-80.71/-74.15+-43.58*67.3--58.74*82.67+-61.52+48.01+---32.02*-99.33/35.2171.04,1294.69648126752
/64.17*-33.85--0.14/-47.53*48.4/48.2+11.12/-88.42+-56.31*47.08/+*13.09*-88.93/64.88-52.14,37342.63063224267
-44.778.45/-94.7*72.47--23.83/67.65/44.16+15.37--53.4-6.12*-42.3/-97.35-51.61*43.2+/,5086.454876000801
/15.37+-52.36-80.11++87.48--28.91*-92.556.99/-//-47.59--76.43+92.34-59.6*-47.94--14.98/71.14,1212.0982230889617
*98.9436.44+35.04***76.18*52.69*62.81/-92.83--88.49*82.33/5.64-75.1+34.4133.8+44.87/,22.548519451943264
+84.63/36.18+-68.43/-97.5/43.77*62.77/78.7747.35**/28.68++-99.1*67.0/-92.07+58.5326.27,3719.380698584947
-45.37-78.35-63.04++75.25--27.77--10.56/++-87.26-62.37*82.17--54.17+12.12/-91.968.17*-43.15,8917.177870547788
--47.2*51.99+-78.33--87.07-25.7/10.46/-89.35*59.0*-76.3/29.4++*-0.53-62.74*65.69/90.06,4880.622017821906
-37.3--52.463.14/*9.31/-98.95+86.4*-79.08-12.92/-50.5*4.7-/+24.16-66.84--13.13+66.41,-804.6973832192764
---65.14/69.79+51.31+95.65-70.05/-54.33/57.11--85.65*-48.07-83.07+46.05//*-59.14/-32.48,0.01018871164126859
*-22.1/19.54--2.75--79.39*-8.75*-99.79*42.89/96.12--59.21/-59.178.34//-99.89--91.72*31.32-67.63,63151.31016140023
+64.35*27.76/-80.26--60.1+//4.95*++-66.9/-58.49+48.98/-68.13+-21.26-19.16*87.5+-89.39,-1413.5473503419162
/48.65/4.62-97.81/-87.73/-15.17+17.46/-56.3138.17*/25.81*48.01+65.77*-18.28/-42.53*-68.17-20.86,237.89913499205966
+-25.83/++-11.66/-58.06*79.25*-+53.79/-99.78/-14.38/52.27-97.0*/60.52-39.36*-38.18/40.15,2620.97107814103
*11.35+55.24/90.98*-57.54*84.6/-97.09+-72.40.22/+46.22-62.83+13.24-46.27--43.85/-69.06/2.25,627.3042315705814
--/-66.22/3.28**+81.24*95.91-62.17/61.54+-9.66-41.78/++28.29-38.79+7.03-25.55,5951.178679020272
/26.79*-5.53/-15.95*3.85-38.6959.62*-46.99+-70.23+-41.7/99.23/-0.33*-57.62+6.33-1.35+*,-91912.54197785999
+59.16*30.72*-25.54/72.59*97.15*85.96+-*-18.37+/*-68.09/69.54+26.8/54.16-76.51+97.16,4372109.18140811
--8.21+-27.32/-75.27*25.18*-61.27+-0.62+54.2-54.01/*1.02++/79.36-64.85-68.12-37.62/-26.96,0.009093037207475235
+10.27*-90.79**/40.91+-73.83+-43.23--22.64/-95.59--64.0*45.53/-72.3824.36/-75.41+81.52*65.84,9942.55882809084
-91.74*/*7.5/-85.31*-58.76-45.88/91.59+2.86-81.1+28.6/7.13-51.45+/-25.66-20.47,-12419.510313138207
*96.51*-21.61+91.09*-71.75-87.97--56.7+56.77/50.66/-53.32+10.9+-16.07*-50.48/60.7266.7/23.41,-196287.53223856125
*-17.59-5.5-61.24/65.07+-34.11/-80.89+92.28/1.73+19.5390.75**-18.68/27.74--34.66--46.06+,-187.26974542178186
+-37.56+-16.98/60.15*6.04-25.86--61.76*-43.71*18.36-1.36--21.55+-15.63*-28.32-66.85*44.59--33.66,-85686.10984423841
*-28.97*58.06-75.32/--78.85/-45.0+19.7+-12.44--91.63+-24.08*49.36-77.72++-4.3543.7*-67.7--47.7,-231392.97424662532
+-20.89+36.0//+60.36--7.38*96.9--2.03/-65.2+56.61/-59.210.24///-62.97/-62.58*-14.27,204.41746298167809
/5.7--75.42/8.33/4.54+30.91-8.49/33.14/10.78-6.56++-51.69-10.58/*-76.52+-19.71-46.56-32.36,78.08876471747928
+-4.73+-49.39+92.69*59.45*--98.92/55.49*36.4654.13/+-20.4776.79+68.3+46.12+7.37*51.07,565260.7212878731
+-38.67--26.63-22.47+81.51/38.97+-66.95+78.35-++-94.16+13.06*18.5978.15*-66.89/58.0/-58.72,-87.49202500225682
+-57.44*99.24-+*77.89*-51.75*-89.94--20.33/12.72*-11.17-32.74--22.87/-69.51-36.47--65.03-13.19,7367794.582476144
--22.54/-66.5517.81/-97.18+-18.22*-11.77+-25.68/-68.97-+*93.51--77.358.37*+-87.47+86.4699.63,-7134.4675305517185
-86.04*-25.56*-81.47--68.66+-79.76--36.37--90.08*-79.33-71.06*-36.22--10.72/57.1388.35+53.08/+,143179.32544702038
--21.02+-97.74+-96.9/78.8+-1.31/-17.86+28.34+-31.1322.16/+-5.75+12.59-21.798.99/-46.9/-89.9,-1127.4713303184112
*-53.74--45.88-0.8+-55.34/-95.7427.6-+-97.25*-88.97+-82.47+-87.47-74.08+93.27/-25.8770.94/64.71,2427.2150271378664
*97.64/42.59--60.2*-37.08*85.41/-5.3114.7*-57.83+15.0*17.42+-79.66*92.2/**-43.3384.38,177629.6619632172
++-62.73+-78.73+27.74/1.25*27.04-48.16*67.6367.71**55.51*-18.1569.59--77.84/77.1*1.52,-21977.049436820707
/2.72///15.98*-63.83-36.5/+-7.16/-68.85/53.76-64.66--26.43+-80.2*-19.295.28/+-97.77-71.41,-66.16645599608596
-48.01--84.31-//-65.99-31.68/-82.65*60.81*22.07+-18.61+-12.38/97.4-52.47-63.39*65.8-49.61,4409.327478759916
*15.98+-93.66-11.12/-4.81/-50.36--66.74+-73.29/-47.5*8.62/-34.77/-48.6-2.72+-65.48/-82.91*-88.23,-1484.4777728871518
/-9.04/-52.07--38.46/-77.88-96.87++-43.54+72.42/-4.03+-54.65-38.9/16.95/29.85*19.05/-35.1-86.81,74.17993585026178
--53.56/24.94*-13.8/-13.23/-89.38*-4.52-45.03/*-1.55+-0.9*60.66*-80.1158.49+53.05/-74.99/-71.99,-53.57220129226749
-/*55.61/24.62-33.91*-72.22+-46.1769.44-+-46.06/-94.12-95.3*-97.02/-70.52--99.16/39.58-85.33,3257.266773639571
+-23.55*63.31+55.48*50.97/-90.17/-49.03/1.377.31*/-21.78*-77.347.26*+-17.78*-99.38/29.3461.42,483.2146450037076
+50.87+-14.79*-21.77/-87.67*99.92*-23.58-98.76-87.24-+38.2114.51/+-74.3*29.38-73.23+-23.1888.17,3299465.6727886945
--41.95-81.21/-25.48+-97.03--56.62+-85.71/-49.35+22.97--64.56-46.6-41.02/-84.98+9.92+70.02*14.35,-21664.921904495397
--9.43*-0.3*-/-20.34-23.33-7.7+18.89+-90.11+-40.74*93.59/-75.8/47.93--84.64-21.08*-37.62,2299.535106943007
/-4.49+-18.96*-32.26-*+1.38/-51.04+93.99+-11.06+53.68--16.26/17.26-48.31-73.7+-45.26*93.1,-1421.9730944184569
--32.71+58.17+-29.0132.1+--96.57*62.58-+/16.84-/*-41.17*-26.78+22.54+59.83+-51.42-35.93,-23833.82107957992
--73.56-20.78+68.59*-5.52*-19.07+-32.96--58.02/33.53+*-48.57-77.56-//-47.9883.39/-34.61,-3725.7100878906085
+-78.73/-32.33/-55.69-/-54.79+*-64.6370.14/+81.7*97.1*-34.9+-22.7645.97/+64.56--89.59-52.72,105222.89086812244
--27.47*22.86*39.73+31.08-98.06-69.78/96.28-81.92/10.81-91.922.73-+0.954.13/-1.7+12.67,-28100.057309029566
*44.83*-56.74*85.64+-33.19/-37.18-68.69/+0.11/+--8.32*93.96/-70.54-86.71+53.7922.28--53.64,-38.3396927868104
+-74.14*46.07-66.43--5.33--76.3352.22+///-49.84*42.66/7.9*28.23/-25.4297.14/31.32*-4.0,3015.6186616303503
/-22.43--77.26/-67.27-80.2--77.75*-62.59/-82.64/88.39/52.23+69.68-67.55/21.64-6.86-89.96+22.22,0.47589427391778827
--35.51*55.78/21.19+56.35/54.832.73+--41.3818.74+*-39.26/-93.49+60.8*-73.9125.86--29.42-14.72,-220.46658443835642
-45.02+15.05-66.92*--63.25/7.55/--74.25/+23.23/78.0/-42.89*50.52*-3.24-88.1/-91.08+21.59,734.4674861674795
-2.33+-27.75*52.97*85.68-32.77/*23.9/50.1*-75.67+-79.01*-59.08--50.368.55/*-48.4132.24/-24.67,30.07999999988203
+-86.98+-83.03**/59.87/55.66+-3.9998.95**9.3464.7//11.99+-98.34*52.55+4.8313.89+32.32,169.36650492845243
+19.64--31.91/65.23--92.39+-24.23++-51.28/-20.01-65.51*2.9/-64.37--71.51-99.34/83.46-94.1,-161.63933637637635
*-62.72-56.73/*-35.04-19.09+-94.88+*11.72++44.36+74.49/-82.08/-25.0*85.96/-98.4174.29-58.16,-451.6277592040461
-74.75/-98.81/-95.13*80.37/57.0940.09**-95.54-50.37--39.53+32.01+5.46/26.14/23.3/35.77-0.51,-5677.195772664647
+-33.66*-36.72/-35.982.64*+30.25+-38.34*19.24*-47.38/81.86-86.43-22.55*-98.79+-72.37/88.18+-84.84,-364.86815490426477
//--20.57-/+31.92+-17.43-79.99-63.68*-70.53+98.72-17.88--6.56+-86.918.21*-64.29-0.83,1263.97730889645
+58.71*11.09-98.3+-45.53*-65.11/-33.74*-67.3/-9.75/-83.82/-7.62+-12.89-85.12+-1.5159.13-57.28,1105.868343121716
+82.96/-34.96+-99.64/*--50.4+69.72+90.07*-97.81-94.91*83.72+27.096.51+-72.68-+/-2.41,83.31065058957446
+0.11/86.21+-37.71+48.57-24.976.32+93.18--82.4+-33.57/57.93/45.89+32.86/0.74+45.4454.74+,94.11857072183881
+7.07-97.02/-13.39/-75.82-27.5116.56**22.4475.2//36.04*-80.04*-78.57/-18.96-13.92-16.49*/,103.71428678905147
/94.25/-4.7/-13.04/18.65+-80.41+89.072.47/+-34.55+-33.94-71.6//76.57+97.23/33.18-30.55-16.5,-96.14369703672034
+-11.28+37.3-17.45+-24.6/60.17+-91.6423.99--36.67*-76.38*-13.6--39.58+31.86-85.51+61.13--4.13,41343.540848991695
+73.88/-16.81--24.06/**31.31*19.08+-11.79+-34.57/78.47*-95.74*-35.64.67*68.64*-11.13/80.41,-77711.46768672846
+33.32/-32.24+13.11*61.75--16.45+-42.54/-33.61-85.17*--87.22/-6.77/52.1238.39+32.88/-60.18--98.47,33.43511449674622
+90.36+91.38-4.46/-85.99/23.98+-89.14/72.61-76.28--40.62*-9.0--37.78+-63.5659.05*-36.8--,3791.657465132255
/60.05+9.11-26.56*-35.79*-39.95+31.32-63.53-32.64//64.3--45.3982.84/+-0.95--70.62*+44.08,1676.1160015573896
*-+-69.71*40.61+-71.88/-12.81+21.2369.83---13.42*54.67--37.32*53.73/24.57+-10.83/2.08-64.42,2648.8024041596673
/+3.97**-62.65/-75.83--71.4352.3/-9.3+-96.14++--67.75-72.4++-9.41+32.03/-26.6376.07,543.465449076427
*7.15*66.48/-54.08-20.28/+48.63*-78.09/-80.12*59.00.73+-14.01*-90.25/-99.21/13.27/-80.8838.15,126.8255284697807
/-67.57/*/91.17*-81.99+37.3/88.63-96.01*-8.09+-55.8--50.12/-92.4+99.66/-52.8916.67+-62.24,-482.180143279088
--16.15*85.15+-10.38-5.85*7.69/14.27/53.96*24.44/25.88+-30.36*84.8360.64*-52.4+*+-47.2,-267999.27395825234
+-88.83+49.37+85.96*0.79-/-97.78-28.51//38.3219.5*-77.37/-79.19-87.3656.31/+-*-25.24,1891.507954825711
*-30.38--5.02/-17.36/75.48-59.56-38.71-36.78--50.12/-31.73+-81.22-13.11-85.83-75.21*-+34.86,-4432.014405760179
*-39.84*-28.24/*/-64.31/17.0273.34*+1.5926.33+-14.43-49.97*-28.9*45.98+-42.686.73+50.5,15690.268452146953
+63.39*86.75*-97.85--99.65-94.91*+62.15/-97.3*5.43/-28.12/-33.14**+-0.92-20.05--33.97-77.95,53083207.12669534
/-20.91*-75.15-25.3*61.5222.41*+-78.51//*-71.87-56.89*67.08/64.01+-47.8976.49-22.38/31.58,-216.3198167816382
*-/27.51/64.55--55.91+-48.27*-32.49*29.81-14.03-4.99/-90.46*-74.3992.35+-38.16-71.08/-63.32,-0.003118956822699967
-71.81+-97.86+15.01*-28.01+96.73*15.88--52.79+-11.7--86.02*-25.51-50.35--46.6519.17/--71.75-71.26,-605.1141068200952
+90.06-66.24--62.47*30.5+-26.18/-99.67*48.86*-49.47+82.0432.25---92.08+-92.67*34.38/62.196.13,-8684.023382188163
+89.21*59.5/-59.03--34.46-30.26*--85.76/58.91+-28.7774.04+++*-37.6+-15.123.51/-42.58--7.47,96.6793023921024
/-72.33-/-65.58-16.08/-58.26+22.69+81.92/19.74+-99.3/-26.89/-+-79.5779.91*67.89*61.24,-1948.6344430173676
-+/97.56*-81.25*38.55-11.76/+-45.71-65.69/--73.2163.43**-85.63--28.81/84.3*-16.0961.36*-41.8,-199159.30706543112
--75.26-44.55+-82.22*89.22+49.43*62.97*92.57/75.55*-68.99/-98.8-27.31*+-42.64/-1.6478.27/-9.35,2320621.2226590295
--58.94+-61.36+-16.15*1.27*2.22-79.1+80.87*72.58+30.59*-56.51*-68.17*--28.81--37.09+47.56,-10725916.229860114
--42.43--21.93+-52.58+-51.7621.05*+-75.72+-4.78-83.72*+-29.75/7.37/30.25/-13.7984.18+-54.52-82.38,-8810.663590121032
*-48.0/-26.95*82.29+93.18+17.87--52.05+34.21/81.44+/85.23-+-18.77/5.2419.21*/4.9-28.85,54.83406306081619
-24.93--66.38*-1.32*15.74*46.63*-64.2-44.44-17.33/-52.95*55.95/54.07-72.76+-54.56--89.11+78.31,-134067.31433290849
*-55.1+-69.67*85.49/-52.17+-95.6/75.6/92.11+-68.98/71.86-37.43*61.87*51.31/13.84/-92.71-26.03,3859.197506510428
-48.62/-69.31-27.03+-98.18-44.39-72.28//91.84-52.84+-10.22+-62.83-1.53*-70.94/-38.98/-53.5853.93,181.59105630602411
/72.36/-29.5--28.34*-15.61+30.99--44.7-47.1/-76.97+57.06+9.26*47.6721.03*--83.68-22.75-96.81,-33.70462225607921
*-70.4/81.73+56.71*/+85.04+-21.72+72.21/14.13+33.3149.9+/-89.6+-86.48+-64.2171.3/87.61,-3530.0673973813578
-15.83+13.23/9.09*64.48-15.41-15.39+-8.32.36/-94.04-23.13//18.73*-9.16/-19.3947.93+-81.54,-49.01486889104548
-41.74-47.95--21.88/57.35*17.3491.7/+-54.4--50.99*62.55+7.46/-81.95+54.29-37.85/-94.67--49.52,-65.18938721774873
*-5.78*8.53--42.37-14.64/71.13+-42.55*44.56-57.01-92.27-66.62--78.7+-5.83*88.45-+-26.05,11322.114338376028
--*-81.18-*+90.77--4.18-37.6/*99.67-19.41--11.83--34.58-57.88//9.1-10.02*40.43-78.93,3241.0553971589284
/**99.87-3.5*51.24-36.84*--17.63*-20.75+-45.66-88.15*-78.43*-3.76-88.68-75.71+37.46*-84.62,-632120192.2321963
+62.24+89.452.66*-81.06+-55.88/-74.74*47.2541.82//-71.73+-85.65/*20.1-81.3/-66.42*-45.22,143.2531838680305
--29.34*93.22/-97.61*++-96.2133.47*+81.52/-55.67+0.78/64.5/26.84/53.26.88-89.22-26.17,-723709.612028549
*-19.99-69.48--58.27/40.25*65.23+26.86+48.58--18.95/-64.53-91.12*54.47-17.71/80.71+10.75+50.35,0.597407729197613
/14.11+-37.17--42.6/14.36-47.01--95.82/-27.72--97.28/56.9-*66.49*24.84+-3.13--11.19--79.87,24.51243383260652
+7.89*-21.59*-35.74*-94.93/70.38--79.7--76.94*-58.54*-27.53-78.6**34.04*+/-25.52--72.39-73.69,-148054028.6486955
*-53.05/-76.87--11.98--95.73***20.76/69.94*36.04*43.91*59.34*-12.23-26.87/*-21.88/-96.6818.43,-264.53895292347084
/12.55+83.12*-97.89/-70.75/17.46-30.02*-57.45*-88.02*-96.3590.51*+10.86--74.152.69/-41.56+-52.02,-51.86901420396128
-76.56-43.81*+71.08*-7.83*-47.77+-71.63/18.9*56.47*-13.72/-26.03*/-48.62--78.89+61.84+59.28,474802.8385983677
+76.07+-37.02*-91.19-58.57+-6.79/***+87.64/45.21+-81.73-15.4--80.29-15.27--92.36-85.07,-4952.32687330106
*-96.63+-57.2+-96.28+35.12-47.5/*5.29--70.64*-31.78+93.88/-94.75-17.75*12.05--65.93+17.09-20.89,3516.9357223796414
/-50.3115.08**57.83-87.63--30.67*22.32-0.5/-43.09*-58.25+7.82/-54.47+13.53*45.11-8.04-32.04,-16502.281446947974
-98.48-6.29*-4.4--*9.53-15.3/-67.33-54.31-3.86*+2.09+*28.65*-81.67+23.46+-90.21,4137.457188995216
+-4.6*83.5/32.52+19.66/14.7/-70.54*-69.19-43.2+-70.1832.75/-12.15*+/52.11-42.24-22.41,115.62445398336638
-10.1+-67.87*33.17+-22.3+5.86+96.22/13.93-35.3*6.8735.93**36.54-65.87+-11.02--43.97,362494.4654861149
+-77.85*36.92*-37.59-54.72**-57.43*-43.5587.57//-7.9979.89+-30.4+-13.17/32.69/24.35*34.8952.77,2406.9670066887165
/-80.47+-71.99-86.7--96.25+-8.58-28.38+65.89/-32.9789.88+--86.71*-89.93*-44.08-74.1+-4.74*-52.2,-15310954.520476291
+-54.46+81.88+78.33*55.26/-67.62+74.9240.94+++*-78.97+71.71*7.282.25/+-84.44-8.77/45.94,137.229942522601
+37.62*-1.36*-2.02--11.51*25.3744.94+--93.61+69.57+-90.76+86.0--18.47/*-50.61--87.8930.26,58587.30122599999
*88.4/-19.83--17.54+92.64*10.76--74.34-92.59/-5.47-40.71*-27.11/3.97*-80.97/-49.5393.03+-64.76,-884.8101952113553
--10.13/-22.73/13.38--83.73/-14.27-61.38--69.04*94.08-46.21//-48.39/-18.83/97.19+31.52*-9.64,5.076689200019246
*-10.91*-28.25/81.87+78.86*-58.18/-3.22/-8.73--33.38*//53.13-44.11++64.0*35.55-13.83--57.64,-477.9151948626582
+18.57/-74.91+89.17-40.85--18.82*+/27.49--85.19+26.05-66.31-*-73.79/43.59*7.36/41.9447.35,351.9838508305337
--29.78-**-6.21/-59.08+38.11-28.42*+81.33--46.34/-1.83/49.11/-62.12--62.8-68.8796.41--98.63,1926.4026147473935
/-34.56-13.77-+22.03-/*-95.6+8.32+-69.39+46.69+5.89*-97.09/24.4332.18+47.8+-40.24/-25.25,843.7554203416302
--34.06/+*88.53--5.155.16/*52.37+68.46+-14.39--35.48/93.81-93.732.93*--39.34/-13.56*,690.9541810396568
*54.34*-2.95-39.49*-72.57/80.09-75.08**-83.17/73.33+42.13/-57.57-10.77++-92.26/-38.7748.38-51.3,-17488.346394000324
+-85.5419.63+72.23*-80.25*54.29+82.11*44.07+72.89/-96.25+-72.5696.23*+-11.82/48.78-81.48+93.44/,0.0001859043305137483
*-38.15/41.51*-48.78--63.96-48.58--23.78--92.95+77.57*-57.18-50.3474.96/+-87.15-91.09/10.29--7.89,-1.1157950412471456
*25.86--45.51/--7.43-*72.5541.48+*10.84/-66.41-*+-46.06*-85.74+12.91*-11.26+-4.6350.89,-10325.1151862854
/-6.77*-5.58*51.24+-4.73--13.76**/-87.05-49.37/73.89--88.0--85.56*-10.7662.71/-52.12/2.31,-324.54650754379225
+-50.89+88.36--51.44--5.82*/*97.4-21.26/16.69*-94.73/64.62/95.81/64.8125.97+-67.0+/,199.15229568203313
*57.92+5.19-66.89/-54.03--76.24+-57.82+32.8-23.03--53.86+78.74*-93.22*-93.71-22.72--33.82/-19.59,-50.7197975277331
*-78.02*0.85--50.04-58.55-91.38//81.0+-78.29/89.38/-24.94///-20.79+23.3254.85/+73.02-71.17,-4843.237871698212
*-50.26*46.96+-24.08/-21.16/91.01+-27.87+/*88.61--31.28+-23.93/-70.02-+*-1.78*24.89-4.69,53923.251475327925
*13.47+-88.49*-23.21/-61.13***10.61/-33.21/-70.76+-81.82/-97.230.69*--54.68+22.85*45.58-77.09,-3367.156583274491
/2.36-73.96+-87.46+-0.25/81.2--59.71+42.5350.12//-65.24+42.17-69.81.91*-52.41-56.26--41.6,295.4964982895476
+99.97--29.57/-79.84+-34.41/21.68+-64.52+-73.76/-60.37/-16.96-80.19+45.62-76.22/78.25-68.36*10.46,-231.12614113913818
*7.16-67.68/-58.03-53.63*16.79+52.98+-8.52/-12.57*-81.71+23.08*-30.62*62.85-8.03*-+-16.35,-11440.73672941568
+7.84--47.06+32.29+-58.84/57.46-*45.91*--37.63/12.94*79.5553.61+-21.56+-21.97*21.07--58.37,5063.312976905944
*91.13/3.16+35.57/-86.66*62.18+59.82--50.16*19.08*-96.45-95.71+-90.17--95.85--84.26-+-93.67,176098.18387169894
+-46.27--55.9*12.83/-63.39/-75.12/30.22-36.74**92.17--9.75/86.82/40.62--52.0151.86+/--20.79,394.9730151779387
+-26.34*-17.77*24.12*-65.93/-73.39+83.11/-87.63-31.52/+-82.56-79.14+-26.1-95.5862.35-93.34+10.75,-4557.372817295929
+-38.89*-77.31+-22.12/-21.73+-/9.73*0.12+20.3166.09*+-80.56+43.41+86.5-89.5*-32.778.39,-559916.6145569762
**--95.2*-98.15*24.76-31.41-49.37*-8.57/90.1649.0--39.62/-19.23-29.68-43.92+-60.75++,-76324.52539314236
/-49.39-84.14--19.89*-25.76/98.1682.77*-46.83-77.1/6.47+-64.63/+/-43.17-34.62/95.67-11.34,-28524.761817236104
+31.7+--37.32/*86.32*-60.21/-15.95*-22.84*---82.5+88.35*-92.01/90.2751.66--40.56+27.25,103239.69684070119
*50.66/*44.96+/81.73-2.96--2.84-73.12*13.67-74.83-+-53.41-38.74/-77.57*64.03-34.43+53.14,968.0568357061584
*-14.88/-38.73+-68.49--57.63*-86.42*81.57*-87.37--70.16/-45.06/-93.18-4.3/+-68.85-28.64/-42.76+-54.66,-616032.5497083282
*65.47-82.41*22.0/90.25/-63.2-98.16*+-40.26+8.93-54.45++77.83+96.91/-15.5/-62.36+-2.760.9,353.1379549958567
*40.77+-79.29+-11.64-92.15*-17.42--90.31//--80.39/13.98-92.54--12.65+40.69*25.18/-14.37-80.91,-58063.940497431184
--38.41*-75.7293.42--13.74+-83.71/*42.42//-76.3678.62*+-11.59+80.04*18.06-13.716.57--13.3,120.97833012059999
/-24.11-96.1//-48.81-72.92+-46.86+95.41--49.09-82.3286.7+-89.93+-66.72/77.26+-2.58/-12.3143.39,4376.5551422863
/-26.81+61.45/-4.91/52.11--85.19+-38.49+-39.96/-22.78**/-23.67/18.21-61.66/-35.25*-77.0578.87,76.51522867074894
-48.94+-7.94/11.1+47.16/+/67.77+-62.42/81.71*68.24/86.51/-83.49*36.21-44.05/-40.49*-60.99,3863.6904725412332
--6.43--52.95--72.85+29.96/++-60.54-*-47.11/+66.93+*+-7.31-62.73*73.96*-43.66-72.04,-232555.28540926223
+-74.3141.62*-18.86/75.09-22.15/10.3+81.05+-88.51*-89.11-15.94--62.09*66.59-25.52-27.46-58.39,-6008.054049768209
*3.8/-33.8554.91/*9.25--27.96+31.6*-31.99/-4.95+12.5281.85*-50.07+-30.12--29.3+33.4466.2,60444.60832852752
/11.83*23.29--94.53*34.21+-31.47/-52.28+-45.96/-15.03/50.27/87.94-66.46+-15.277.28/-56.26*-89.59,956.7722767762896
--35.03**-27.3251.13/-82.5*-70.77/20.09+*--8.93/7.23+-2.83+26.63+-55.14-28.68+-99.18,2009.5633941104254
--66.9--40.63*-93.93/-12.44/3.07+63.15+10.24/46.16/19.07*-4.28*-47.6/46.04-66.02+44.63--7.78,269.03409651779634
*/--67.11-17.95+-66.666.24/+-20.94/81.6-91.32--7.84/-77.57-55.61/-34.34+91.36/12.7585.22,927.1996685502395
*54.33-12.89/++/17.96*-33.23/-84.85+46.36*-14.66--99.56+36.84--44.16*-62.54*59.2-12.88+-,3336.8937457382326
/93.43/-29.73+-+65.71-46.27*11.2972.71--58.08--58.28-74.98*++-64.177.89+-87.94*--30.09,371253.43435890577
+50.26--18.98-0.06+--55.96*13.85+-44.99+81.79/27.42+83.41--31.15++--84.65*48.07+8.3546.59,154.12573756144351
/-82.0*49.89+-80.24--6.66--57.78*-67.78*77.43/-62.18*41.08--34.08/71.16/66.1718.23-96.84--25.69,-244.35020843130815
/66.51+82.1/90.99*1.04-55.01*36.52/22.02*53.81-72.97-+-74.5764.24*//-79.45+61.09+48.13,2.125975024890537
--64.35/3.96*-45.42*-34.17-88.24*-27.03/-95.09-82.92-/-70.51*/--46.2862.35+56.94--39.57*-59.96,428270.3939270578
+10.8953.76/*-25.22/+46.48/-15.82+89.69/-91.4*-50.88--85.02-92.6398.35/-*-63.49+6.34,-113.32729696131878
+-57.18/46.12--54.95/-36.39/-54.67/65.2/-69.98/47.0/-15.51/+*42.98-17.27/87.07+-37.61-1.99,-56.154258874353914
/73.1351.4*-53.89--20.09.3/*-71.1--36.05-75.93+-50.52*99.6/-74.99/19.2280.46/-2.15-19.83,-4459.828414888418
+67.34**--29.17-98.21-95.24*--91.32+-15.56*-24.49+-91.18-78.16/+24.38*14.65-+-21.58-2.97,-8565.002314812285
/9.74-34.45/-76.44*-83.23-13.13*-11.89+-8.61+9.86/-84.18/8.17+15.03/-62.05/68.44-88.23--45.24,-159.3983327003051
*-68.59/-68.29+-88.8*24.56+90.7325.09//59.38-90.4776.89*-66.76--64.04+-17.36--83.85-4.68*+3.42,-323971.3690793769
+-23.0/-46.72-41.8/-38.42-73.79--74.21/-10.88+70.95--90.55*60.27+-28.09+10.07-29.05-87.69+-69.47,1850.6506490418176
*58.11/28.29--38.27/-31.28/67.25-79.51--38.74+-10.22+-32.87+-86.0/-70.07//30.99--85.8-98.45,-210.74634972719184
--63.65+13.87-5.7*--2.45+85.52*-40.41--30.97*-84.69*//-19.22+-16.1-35.31/95.02--62.61-85.88,-743.8013414969133
*85.79+-31.99--23.76*85.29-99.51/97.25/-26.72/-16.67/50.7982.5/-39.38+-*-89.58/-27.17+27.08,-11257.978941866673
-33.56/-17.24/-73.742.08++-61.07/-39.17--69.89/-35.92/-75.44/92.36-79.15/-64.47*-19.48-75.87/-39.73,94.91975914886869
/91.53++/-37.49-/*-6.58*-40.66/-52.05--64.46*-11.6323.74+-69.26*++-45.68-78.06--63.69,-3387.0206508718775
+-25.02*---45.01*/--73.48*60.62/-38.73/-36.27+-58.93-29.63++56.0965.25*17.1--5.66/-52.17,-25.019923256864697
/-72.64/-12.41*11.19+30.4/93.08-94.63/--77.0564.81**-30.72*//8.57-3.0+-63.55*-65.658.86,-1036160.2149057029
+-96.9/-30.1312.57+--14.23*-16.86+-40.95-3.31/-48.34-99.5/74.61+30.14/49.38/99.23/9.34--9.54,-94.61612320740382
/52.04*0.18--91.5/26.78--58.37-86.49*-55.99/-42.22/-93.41-69.69-3.18*-91.01+-67.35-9.34*90.3,-164213740.6340481
/97.3--41.3+46.84+-95.03/*/-77.62*-60.0623.61*+61.11-55.8838.8/*16.06/55.88/30.6821.36,-52017.22032683924
*8.29--83.97/71.85+41.79--12.99+/-52.56+/61.94+96.2/-10.22/19.99-83.13+-30.281.69/-97.76,-979.5355316901868
/-54.74+-41.61*-83.76-83.22+6.39*23.15/90.21/23.37*56.77+72.94+36.46+42.55-93.55*-93.45+-0.88,1.322882665733592
*28.14*42.89-51.72+-82.45*-8.09/-42.08/29.74+3.46/62.07*14.71+-9.33-6.42/48.91*62.22--73.42,62645.48784887497
-59.16*77.85-57.55+*/-91.52+-18.15+11.35--5.71*60.05+-92.07/79.43+-21.08/-54.59-85.33-47.78,10219.515646124162
*-68.55-73.9/-60.7*47.16/96.88/13.77-39.68--94.2--47.64/-35.88/-66.15/23.8738.42/-66.44*7.91,-3855.7681594373844
/-15.82-56.72--63.58*6.23*-1.21-71.85--49.51--1.16+-35.6+51.93+-92.35+-34.6629.68-28.44-66.68,554.896855
-44.54*-71.39/41.15*-29.9+60.58/98.5128.98*/-56.75/54.79/38.71/-57.57-27.17/+32.2*52.58,0.09405340310367055
/-47.95--4.3589.35++*--50.8--18.21+-19.92**/36.07*-37.21/40.13+-92.67*51.5969.69/-29.95,-0.008331773983049115
/37.5/38.57-37.25+-66.61-11.28/+17.16*67.1494.33/--73.28*-41.21*-14.26+-90.06++9.74/-21.31,-387.7064883027047
/93.39-7.59/64.84--79.07/38.1*56.3-98.36+-21.77+/*-12.17/-67.52+1.38-73.01/+-19.24*-49.16,36.29305307761713
*-52.82-52.32/+-93.58*-75.51+-97.82-90.71/*-6.46+-26.74/94.81*-11.23--10.34/97.65--35.87-83.05-22.55,-226.9785593891023
/90.96/37.06+-97.91-71.51/27.84+-49.69/-94.64+51.5-18.01/-20.58*-38.0/2.78--52.3322.35*/,701.8116923880406
-*/75.68+-46.78*-67.15*-15.6760.25//-5.31/-32.88-88.22--63.3*-20.0+42.57+86.13+-93.25-62.57,890.1700000774453
/-98.93+-70.96*-37.21/-30.13/*-94.64/--89.49+-67.77--40.82/-91.6771.84++**62.2-91.619.82,8945.17077236041
+50.76*-19.87/72.55+-69.0885.46*--12.47/-60.1769.02-*92.69*53.99+-92.54/51.65-55.65/1.68/90.2,10560.704574320393
+-*-70.9--1.59+-89.5+-49.09/49.98*-46.83-6.81*-28.68*-20.156.56/--18.42/-65.0/-17.1645.39,116.13221254239728
/23.04/-96.42/-33.4/-95.24*-66.26-/-65.6+*24.3*97.43*-27.0657.37/-74.4125.19/-84.42+-89.9,1712.7364887442154
+15.79*92.69+32.82*-57.48/31.63+-32.21-88.22+87.49-10.1*12.65*-70.099.26+-37.55+-16.46--5.66,-11214.793590220434
--53.65*-17.45/88.73/-43.59+17.9+49.0849.41*-6.42+45.2382.59//-84.2367.43++/76.81-92.97,-31.64620734601158
/-56.39+50.11--81.78++--18.92*4.44--8.51*5.91/74.09-70.23/*74.4829.85+-54.13+43.67*-51.99,-6252550.537563031
+6.03-23.59+78.42/51.47-49.84**6.51*-51.21+-0.78-38.58-75.2/63.31+33.574.46//65.0821.09,-24.60140688619176
/66.98*76.0--6.96*43.31-69.88+-98.04*-20.45--59.88-65.04*+--55.71*+-63.79-88.58+-62.8*48.95,-7200102.200953132
/81.99/-3.63+94.55/-73.99--97.4/-22.07/-76.36+99.6477.11**-70.8*66.52-6.51-41.4+35.3--93.67,-511673.7448628141
+-98.16/-56.67+-9.83/-81.95/75.0-24.2*17.7+-59.1791.96*-60.11-79.34*-10.04*86.51-45.48+2.1,-4106.275084449381
*-84.72-91.86-12.13*-/--63.91*-58.91-7.59++-22.5*-15.48-67.8--47.79--41.86-32.94*/21.5,-421557.925816021
*27.53--87.77--65.61+-10.23/0.6*-35.21-78.0/-86.9+38.41-*-//-11.0+24.35+54.591.88,-2308.595522470166
/7.24/32.0/10.63*-72.44+-+51.66*39.55*48.7/-47.84+64.55-78.92+-62.41*60.21/-29.64-37.95,1329.1451519048521
--49.86*-44.96+-14.93+31.16+-54.71*+/57.73--48.64/57.5978.66*+13.02--53.44+-55.3-67.4/-71.75,-42.017835537296676
+11.34/-53.5149.21/-//33.86-88.4-82.25---15.52/36.86-94.07+-48.41+0.14--38.3/80.54/96.84,75.60083157481714
/34.7-54.07--67.74/-84.64--3.48/-65.46*99.83+-2.9610.28*+-80.58+52.6/-44.17-55.55--67.85*+,-17403.21750719494
/-71.03+70.17*-88.43+25.71--11.48/47.04/99.9-44.15/+-87.81+90.22--80.32+/37.0/98.4*-59.36,73782.41214217915
*--26.3*-52.035.27-++-9.3-39.13/86.37+47.05+-6.16*-46.97+-99.45/50.95*-58.04/99.41-67.4,6270.343646411929
+-78.89*-31.09/-2.39/-99.1*-55.36*54.89+-66.5+-92.31+39.2432.03*+51.12--99.5760.19--67.84-96.35,-3557.2939297648127
*21.96*39.46-93.81*68.48--88.61/-61.03/61.12/-34.2--5.38-92.44/-41.56--40.53/-77.05/79.73/73.95,-271263.1913340155
/-37.72--61.32--66.73*71.24*-59.92+-26.724.83//-90.31--94.2256.57*--28.44-55.12+-31.3669.03*+,-150111.4624996827
--98.95--78.91/-64.35*-44.9--23.06/*/35.07/8.321.54*-86.7772.75/-44.130.84+10.65*88.39,-2843.7474827654705
/79.28/++-70.07*-49.15/-88.58+-80.55/81.5*-64.66-63.91/-28.32-2.87*1.68--74.94-35.83-72.47,33075.13038960191
/-58.3*57.41+-83.7-74.87-33.78--99.28-20.56---91.15*29.58+-71.94-59.87*-88.12*-36.8--47.2293.64,-3435445.972617799
/54.61+-22.16+-75.85/66.36//+91.3/-83.13-96.61*24.66/37.11*2.7714.13*7.61*68.99/79.77,-78.3143501932568
-42.99-90.72+-79.38*-44.8/-90.14+64.23/-79.26*-55.23/39.97+-43.62+76.5/-76.53-99.5193.24+94.29,182.47083693906836
+0.51+7.68*-3.38/32.48*30.26/83.82+64.77+-90.52-90.66---45.98**+62.5+30.44-65.74/-29.88,0.5113712780644605
*83.01*98.38+26.9*76.83+13.22*-75.26-34.71+6.44/69.73+13.1448.12//+-4.6-0.66/60.7567.57,220755.7971678274
--45.12/67.74-70.01-//+-16.74-61.89//-39.68-38.86+29.72/87.16*-76.15-52.95-17.35/-6.9*82.09,-70.88857168187901
-86.3*-19.74+39.48+-72.08--23.18+99.54*-41.71/-12.14-73.72+52.62+-72.61+-70.14-19.23--91.11+-51.75,804.5298771568094
/22.99--33.85*-20.81/-94.9453.01-+-80.96/41.25-21.3--96.85/3.95-44.36*86.59-53.24-*-,-1541.1646231687337
/48.34+-55.48+-63.95+74.02-90.87*67.01+15.93-57.24-59.35++-24.1-24.6/*-43.05-98.13*-28.43-36.0,-3280.9797116482764
+97.51/85.8/31.36-5.74++54.96/72.57+-39.57+39.13*-92.5+-87.2876.52+72.43+19.52*-95.84/52.19,93.6077189682169
/-48.78*-56.39/12.31/-1.93/8.9*-84.77/-45.98-46.27+-93.88*-25.68+77.29-2.4*36.36/-3.28-,-1889.8758328032613
*25.32-85.71--52.67-24.1*-18.7847.86-74.42/63.22-80.54**29.54*95.58+25.8--45.0461.73/58.12*,-96182546.92411637
/52.24--56.58+57.26+98.92*-2.67-18.51/*7.8/-41.51+-59.99--10.23*-70.5829.54*/26.59--40.79-36.16,-1334.1101026218653
*72.25*-66.89*-12.79+47.6130.43//-69.18*-66.41+74.87*-43.03/-88.74*-25.87/2.69-7.31/-/-35.01,-0.00010365111135985969
+-30.52+-84.37/-5.84--74.08*-28.4444.97*--97.96+91.87-49.98-99.33+53.03+18.16/-42.34-91.92-38.31,-117144.26107106231
+9.62/98.54*7.05--40.46--87.69-36.72*-24.69-86.67+29.96/33.04-95.19**99.87*--87.79+-32.59,-500554794.20120734
-60.4/27.86*99.9-79.91*38.88-99.54/-23.95-70.14+11.09/0.33--56.92-32.41+-52.91-90.68+-57.53,-2414.8155012202283
-21.86-40.31/-38.55-41.21+67.42+36.19-64.11*+-32.1-68.43-51.02*13.99/29.9981.69+-80.63/28.5,811.5706935690195
+2.9843.23/+++-29.26*-58.65+-23.51+-90.11/-78.44+98.97*70.32/68.89+61.98+-39.375.29--41.65,4280.138120919219
/-50.84+-79.17/76.67+-95.2348.43--49.43--65.6+-30.55+-32.47+-73.74+62.37+-41.64/34.64*-34.49-14.3,27.479457808750418
/48.55*-64.31/8.24--58.91*-2.43+**29.26+9.66/77.61+-62.87-*/-19.04/-69.45+-20.97-61.17,444.4727179399767
*-57.76/-47.41+76.11*29.13+-32.15+36.26-6.49--70.27*+4.67*+-24.11-85.32-+37.15**41.74,51420.57652133309
-4.18*22.15-78.27+-+61.57-29.74+63.47-46.33+-11.51+87.47+22.89-72.78**-44.92-99.76,2677.131100000001
/-20.2*-87.13+34.8+7.79+-86.29+-36.14-71.77--17.57+26.12.64/--38.86-10.78*-69.5682.47-53.78,55499.34946406562
-93.58*-3.89//+-38.34+-37.78**/-8.8163.33-+-80.99-14.05/1.89-72.28-63.21/-54.95*46.68,196.20943044341445
+-33.89*-70.85/17.64/-92.68*-10.88/-9.96+-99.31--5.48/52.88+22.4210.42*-95.13+-18.05-45.03/42.64,-16.79029734981853
+-87.15/99.5-22.9731.64*-75.37-/+-65.9+-43.2-33.51-+-76.39/-6.85+35.48/38.0580.12/65.56,-0.00038026099863567263
*-36.48-70.6+-31.6/22.78/96.04/0.56/44.83*10.38*63.27-16.41+-46.36--82.78*5.73+-82.99-79.2,-2184.9875844052576
--63.2-60.81*9.01-1.23/68.09+-27.21+67.84-/*-33.6423.5/-60.82-39.1876.55+30.61+-59.27,2906.0983839165647
-82.49--10.1/26.81--69.77--70.32*-3.37-11.15--64.2695.35-+27.12/93.06*27.836.99*86.51-99.9,-3268.7758043128347
+96.64/69.1--96.46-7.19+68.28--81.39*83.74/23.35--31.85*3.6+99.41/-58.2676.03-62.93--55.79,178.84523678587482
--23.55*60.51-68.28+-65.5178.65*/-60.72*-83.83/64.74-82.28-20.29-92.41/-66.68--52.3*69.54+-4.36,-132793.9648781524
+89.79/-46.47/-27.87-33.86/-58.2718.58/+98.26/39.3--13.62--10.68+28.91--99.64/-68.8887.58+2.35,-43.87813350780742
--40.34-42.94/-95.94----20.49-17.36+--21.82-15.74*+-7.24/17.41-6.24++86.37*-12.77/61.8233.38,69.72694800721119
-25.12*27.6379.03/+64.27*-55.01-34.21+88.78/-12.92*-*36.75/-10.8/-61.68-31.3-22.27*--11.52,-1851.1849181092882
/-0.76*-78.37/-68.05/-28.83+36.11/-6.72+51.28/54.18-44.02-/--55.26+-35.55--4.73/28.29--3.59,-0.004794987163324729
*-5.92*-62.35-48.69--75.65/20.74/-10.82+-57.07+12.85/-48.57+-11.85-67.53/50.14-53.45/-11.5912.59,18132.140925908316
--96.57/-61.75/93.95+11.55--24.52/-66.84+23.69-10.62++-48.6186.36+*85.8-79.31/-59.84--69.63+-26.06,-31.45075069910257
/-49.5865.14*--32.9/84.61/-14.99/19.12/-99.71+20.39.28*-37.69*//66.44+22.81/87.15/76.94,25.042540796170982
*-88.04/0.7+37.02+-94.06-21.16*42.54+14.09+-40.8-7.3+-22.54/43.01+-10.17*-41.49*99.6770.04,-290371.21575898345
*-49.61*33.49*6.6/73.15-32.65+/59.03-99.97--4.5-45.29+-16.29+-52.54+-98.19--57.04*-57.65-80.52,-54384.72375879021
*-93.55/76.34*61.46*-12.94*/*-16.27+10.04/5.5-33.94---99.99-41.12+90.94-11.55*15.57+-24.35,3989151676.5174055
*-96.85/44.07+9.8-+--78.37+-87.85+-18.27*-94.25*-38.98*0.44*-58.58+30.67-54.12-+47.38-59.82,174651.74056359183
/30.0*-71.12--18.44/79.58/-93.07+78.26+/+-+-54.82/-29.4957.88*+-81.77+51.59/-0.02-52.97,154.2917188853983
/35.7*62.25/53.55+-25.11+18.12-1.31*92.31*-14.11/-37.62*96.33*12.13-15.1-+/-4.31/-29.94,4926.949645973834
*23.98+98.7227.89**68.69*91.95-56.95+41.96+-+-92.2640.05/-80.74+71.124.55*1.69-72.13,43.20080389751477
/-72.91/80.51+*-30.06*+68.42*86.81+-9.73+-47.49+-90.21-29.33*--80.63+29.2/-47.78-61.45-56.84,-851.2434910549777
+-6.87--62.81/94.2-69.96*-22.97+93.35*92.13/**97.61-85.89--37.02/25.71*21.53-93.15*75.77,5239.188604177951
+-0.29-6.86-26.4*82.82-82.6/*-92.86+-19.15-*+52.76/-54.4/18.2277.26-17.99*-30.59*89.88-,699.4426231911771
+41.64--+-11.3+30.56/-75.87+-40.03/80.25/38.34/-6.73-70.3--11.3316.99**46.5/93.41-85.17,132.6459082261865
+-35.67-83.15-/-65.69+20.5*-87.23--81.55+-51.02/-31.45-73.32*81.54/-55.08/69.26+-89.42-43.36+-34.82,-7257.536234166943
*14.51-39.15+99.69/-10.85--61.39-2.36*88.84+18.4122.37---92.0+69.99*-54.69/33.99-55.04+61.98,1096.7650183122134
*49.62*22.78-48.56/-87.34/7.82+-93.47*80.72*47.8+-40.44/14.73+-46.91-40.77/95.73/53.57/30.94,1.3878582122748768
+-91.88--28.76-87.39/82.25*64.7--87.58*-34.21-54.6//-81.24+-10.28--80.39*56.25+41.9-79.49-87.88,-125.29439486179038
/-61.54/87.971.71//-91.5/-92.4661.71/-97.08-*--38.81/90.07+16.04-35.73*--35.51--66.0129.37,-2023.8589281726213
--13.64-+*97.42+89.07+-35.36--5.57*26.56/-68.85*74.7*97.9-8.73-95.71/-97.52-43.87-88.16,-8698.683811584431
-76.79*39.73*-9.46*75.3549.5/-54.78/-40.89*-19.64/45.5*20.06+-14.534.57/-6.88+60.9--81.29,103.37769119815535
-10.26/62.39-61.57*27.75--61.26-30.77+-59.17-13.49+16.72--73.5516.2**-61.1174.18/41.03*53.18,29569.89982024749
*80.06*-19.23--53.74/61.51/-97.97/27.07/55.53*42.48*-55.83-83.1/*34.59+*-47.49--52.85--47.99,75716.82656200006
--28.44*22.97-/-78.73*-71.04*-59.84*-39.91*-74.09--27.64*-80.49+-17.42+-45.16-+87.9*39.28,347379461.54557526
-42.16*-41.04--4.36*-1.8*10.8625.67-+-93.54/3.62+78.77+54.2752.5*-**-60.0/-13.49-91.89,-9637.228082180869
/-16.68*-38.47-74.82+-20.93*-77.48-62.27*-68.24+21.41/77.91-18.97/-36.65+28.7769.68/-71.86*3.79,-263.839439700099
--38.52+1.9/75.89*--9.77/+-16.81***37.83+32.02-94.06*72.64*-93.8/-24.55*-65.65*-78.63,-40.37306240605327
/-53.57/-68.26--69.84*66.51--30.82*-61.97+-12.11-76.19/-87.44*71.04/89.58/-27.88+38.85*0.86-1.56,1485.196362465772
*14.41*-65.75+77.24+0.64-2.24/28.08+-10.15-93.9/+-32.49/7.0--29.62+-69.96-40.34+-9.61-0.09,30832.75341573678
+52.97--55.07*85.72+-41.43/5.6717.31**-88.61/-20.17--84.96+16.12/-21.24/-43.63+74.48-29.04-64.33,-309706.55447992845
/89.22*24.895.1*+88.73*99.91*11.07*54.75--87.99*0.47*22.76-54.06/-55.33-68.37+-95.79*42.26,-5324622.330160046
/-97.46*-3.09+-/-63.83/-2.36+50.6+-30.07+77.38--62.16-53.92/-54.622.32*78.63/58.0/36.02,-2398.636753211696
**+21.28-90.04/58.36+22.88/-17.73--51.04-29.69++83.38/98.28--32.6/-94.63/97.35-87.14/-67.12,6082.473019509675
*-13.65-95.5*-79.76+-44.81*-34.63-39.93*-90.12+32.03*-10.66+*/47.57*75.78-81.61+-7.89-58.12,-3253.0953863552395
*-13.21/-68.32-84.83++91.76+-47.9-+*50.39*-42.56*-50.21/-83.4/-25.4719.79+23.77-8.74/-82.39,-1180.8712441425128
/-70.47*-15.18--96.39/-88.89/-98.08-37.81+--29.84+-89.02+-46.12+-98.92*-76.5624.05-+-40.52*/18.94,1908.567565049396
/67.81-87.23+33.41/97.8895.39/--73.46--34.76+99.59*45.18//-57.88*-52.72/-45.24/-58.72-94.08,2074.241587083604
/6.37/-11.62/-61.04+-11.0255.85*+5.94--55.28+-83.88*47.23--/-39.71-42.53/-12.5537.43--42.48,-2584.9300430005947
*13.16*-2.23/4.07/-32.87*61.34/54.74+89.57*17.09-64.29+72.56--89.05+75.96+81.99-42.312.88,862.7971339185075
*67.87+/*49.5117.5*+93.85/-44.72+32.58/-6.17-75.46/-74.38/-2.54*-3.68*-91.13+-33.565.47,23380.196004120597
+38.89//--47.29--98.31----98.58*-24.45--13.01-90.1-21.93-73.57--36.44-50.49/-37.1-11.62,-302.2381669700886
+78.5--67.12/-58.05--46.78+-65.73*-58.15+44.39*-94.7+-92.51*-24.41//-92.06--11.2399.59/-38.6,78.73153979964864
+17.49/-69.55+-98.44+-95.6/38.94/-55.84*-91.15+46.8977.97//69.7-38.5*-10.6976.04+-40.57**,68014.99269028797
*36.85-7.74++-36.62+27.25/43.46-77.1189.33/--60.45--68.55*57.65--99.4918.52*-55.46+51.2254.32,5890920.462674365
+73.63/86.69*-94.16-80.5+99.7586.22//39.5*-5.96*+*-35.6183.8-+57.7513.93//-10.13-66.71,73.63007627827545
--77.64+-51.32+-21.1/-49.6737.75+-52.31/53.81-24.25/55.712.43*11.48+-96.97-25.62-68.0/-98.19,-77.36374049098814
*-77.61+-82.5/-90.0/70.06--84.65-83.73--62.67-50.92/93.87/4.65-16.4--44.117.56+-90.87*/-24.36,14827.43857064485
*33.55/-68.26-62.81+-33.04--79.65-67.83+--21.06*-89.65*-4.59+-31.9+57.2*10.7-37.5264.92*25.59,4511.4205691593725
/9.42-*+-54.13+-84.08*-15.69-7.43/24.38/82.36/69.13--11.35*-58.23--98.87/-47.18*3.3398.23,-4511.3344569157125
/-47.21+52.22*14.63+-46.51--25.16/36.5+-9.69-66.74*-32.01+-19.4891.79*++-18.5*-39.7/17.33,-0.8993531552036244
--98.47/65.13/-94.49+-75.78+20.94--64.11+43.51/-11.89*73.04+-73.86+-85.1133.63--40.55/55.8/-22.88,-98.51481927037409
/65.68*-89.58-//-57.77+78.43/10.02*27.04*3.28+-75.39+-53.48+-12.02+-36.0186.03--73.5+-11.88,-139.1311305448971
+-63.19+26.07/-31.23*-3.91-38.26/72.3/71.41*34.97--90.12*31.52/75.23-40.27+43.97/-13.46/52.87,-26.082707178366327
-60.61+*+-42.8--37.06+75.3/17.72--4.85-39.75--54.02*-73.31-69.71*-19.52/-73.02+76.8910.78,5104.6561819110975
--81.14+79.06*-77.92+-31.05-27.44+-53.81-*--77.89/-70.87+31.81/47.51/72.75-11.95-27.92*59.73,4313.336364989868
--40.42*87.88-76.51+-92.8--76.53--22.84*68.22/-56.83+-70.51-64.71/93.29+-0.48-24.47+54.79--74.31,-6601.305432389406
/-15.51+-99.03/25.89-3.2*65.51+77.69/-71.4528.81-/17.44+-4.031.86+-74.73+0.76*-59.23/33.68,0.1566217213661931
-81.99+22.74+-64.4/42.7*-93.62+-41.93-56.54/-34.65+++-42.84*17.2+-10.99/-88.26-70.738.49,-165.6349147257876
*-5.01*44.12*78.01*99.66-22.43--48.8949.01//-57.97-50.62/96.72--5.9677.23/+74.02/-65.35-89.28,-135.49405605375108
-87.02/17.3-62.1-15.95*21.24*-1.61*-14.33*62.55-47.79++4.24*99.34*77.71*-93.33*-98.79-1.81,-127364126.25080167
--14.9/30.92--1.99/-45.86+-97.28+-62.3375.04++-33.64/37.46*-67.86--70.5+6.99+**-75.1677.04,-5745.904639787308
--38.77*-14.46+85.61/85.52+76.27*-38.74*-89.69*-73.98+-51.2*-44.86+-55.69+26.49*-17.52-12.43+-10.91,13164902.763385264
*34.02-9.3421.68*+-23.9--13.16+-73.82/56.19+*82.77**80.16+59.22+-46.01*70.4840.22--76.62,-14797.397019441956
/60.27+98.97--97.21+94.78/-24.95*42.31+17.4/-72.22/54.8359.99/*-63.33--43.96-3.14-29.49,-2287.8214868286664
--42.19*63.96*-14.13*16.74--8.25-59.12+29.46/+*-3.97/-97.4286.07*--40.04*-67.2971.98/99.28,-124943.80251551323
--43.23+-43.78*10.65-47.94/56.04*-67.72+*-46.06-86.15--62.22+0.82/85.43+75.94*-17.9169.37,1212.9883443385759
-39.34/-91.25/-15.89+33.59-46.61*-73.23-47.47*--74.0723.86*+-67.17+++-99.24--37.7-64.78+42.65,-141682.75132675684
+29.22+-8.6/45.31/44.78*-85.06/-77.26*12.71/91.02+-16.7574.94-+-35.88/-63.32-86.01*92.0--92.27,63.817527460432125
-78.18+-75.1-41.4--33.91--36.26/42.12+-3.66*-72.63-33.03*75.86/98.46**/-17.83-63.92/85.61,0.42409156700881745
/-74.23*55.89/66.79/77.9-17.18*5.38*12.82--49.1--5.95-91.08+/66.25-89.35/-8.49-57.35+-1.06,722.9952224178905
/22.17-2.03/26.3*42.76/51.5/-83.92/-54.29*-8.33-35.22*--33.55+28.73--50.52+20.11-2.03--,129.22398949353462
/21.86*-63.85*17.6513.39**-41.7/6.67+73.19+-1.12--65.01+-79.32/-99.79-*95.71*69.9--53.11,5946.778444040528
/35.64*-24.66++-52.16*78.91--94.04+21.62-29.52+-69.39/62.1*-25.09-2.89+-78.35/-52.6271.6,8918.989607576705
-10.56*-92.82*-30.54+-11.91/89.68+96.07*54.09/-+*+-98.58*-35.34+-7.69*-22.8772.68*-71.71,-3222651.027714421
--86.01/94.32--44.21--66.14+-6.66--40.21*77.34+56.16+63.2+*+-9.86/2.23*64.11-32.78/75.95,-83.85960933337309
/-10.75+-84.67-74.4+-34.3/53.02/18.75*26.82+26.7764.18/-26.04/-64.97/-12.94+-78.0-30.5231.3,-71.30111424447432
/49.01*-71.33*-23.5/-97.74/5.98+10.36/-48.46*-57.45/0.0761.76*/66.66+59.79/81.76*75.4555.88,-1698.505879267116
**--16.56+62.3/-89.04*90.33*-+-/-13.5*-24.0-53.73//88.014.82-+90.52/-32.1-66.72,-1260.3968829298447
+-29.24+-8.87*36.47+2.32+43.86+90.67--21.77/15.31/-93.18-22.98/+71.17/-29.16/-51.4/2.41-57.51,161.5304200834841
+-19.25/1.81/-77.76-93.21+*27.24+-92.11-49.28++-81.19*27.2-41.99-*-75.62--50.8956.07*-28.33,3146751.5746639613
/38.16+-83.18+87.5*39.64+77.18+49.87+-8.9--24.2-95.4/+-32.9593.02//22.08-4.87*-20.66*-59.33,3918619.2033484434
-19.54+-79.74-34.97/85.98--87.66*40.13-84.61+14.6/29.43*-11.16-84.17-15.651.46*15.19+-74.49,3158.1641040231566
--57.2370.84-+-27.2*-39.36/86.35-+/79.3671.65*--68.08/32.05*80.74/93.44*78.4146.13--4.24,-387817.75072342274
*57.81*-33.89/-78.05/39.34-12.07+-95.44*-89.5+91.13-77.37*-84.71-13.66/*-6.1243.1*55.38//,3135.2510170614437
*4.71-40.87+/-99.98+96.18*-10.5413.44/+86.35*45.99--70.82-48.46-47.52*--60.69/34.41-,-221.49413731713184
+92.98/77.26-35.63/28.75+-65.0/-93.95--98.83-91.5442.37-62.68--18.25--37.27--86.13+84.53++,-57.374856667322746
--31.81--2.53/-41.18+8.99+28.98--22.23*83.97+47.99/73.05*71.46-26.7886.78/-+-55.54--54.33,117.99744548995892
*-89.3279.53+--19.97-13.3/-5.0/20.76/62.99+31.54/88.86-3.65+-69.67-35.02/-11.08/*-99.2,-7137.488797341361
*90.24*-91.82*20.9-70.98/98.45-10.4/--33.77*-16.61--33.82-81.68+-98.52--67.0*-74.4766.18--82.34,-12296181.190319417
+-27.99+-14.52+-99.27+-69.79/--78.13-6.14+79.88/26.76*-79.35+-97.81--+-17.55-93.26-39.65,-3.2819627193008714
*73.36--54.81/29.38-28.34-63.04/-47.05/59.02/-65.43/79.95/-31.22--85.41+-20.0*-80.93+-23.6939.29,-2044.3467292343735
+-18.85/0.1+85.48--38.01-55.626.7+-3.58/49.04+-10.92/-10.77-22.4935.19/++-89.7497.43--18.59,-124.51596719902629
+//-53.45--84.93*-11.48--78.84-17.02+1.55+98.48/-79.82-/+25.535.5*--39.44/-13.921.85,433.79751997976007
*-46.4--66.79-1.02-5.99-12.08+92.48+-54.25/-98.23/-17.52-49.48--83.12//28.98/36.66/-40.17,3022.150416773358
*-68.84/-56.1/-52.01+-9.67-78.56---87.54/-71.95*43.53--93.35+-22.17*-98.88-87.32-73.51-98.19,8870.106936203203
+9.29+-95.89/90.35*16.03+-85.9759.6-48.98--6.23-89.95++-18.6871.53*/+-51.373.3**-/,-981437.4841690683
--95.34*85.44*17.36+-46.15--76.7354.16/+7.33+-49.88--99.04+30.61/-15.95-*+-15.3181.17--16.75,-186.21842395843203
*-54.56+-54.61/12.24--80.58*84.9--99.68-74.86*44.12--50.83+15.92-66.95/23.11-80.43+82.92*80.01,3319.1509167169097
--36.04/-43.77-//59.9/-63.37/35.09*-41.83-57.37/52.61+53.08/65.52--82.83*25.44-64.34/--3.24,-49.59006961240507
/-82.38/-66.61/99.14*-54.26+/-40.55*82.7/22.8/-25.2467.69--53.81+-64.26+89.14/9.69--81.59,-81.26371565326922
/51.6*63.23-27.74+12.78*-61.83*-73.26-55.49/97.1460.23*+70.46+76.53-15.81//-2.36-27.5-24.05,-8.113556851077117
+76.97+78.98+-21.05*-4.53-71.89/+-30.88/-7.69/-92.11--92.67*+-94.88+-19.3539.27--77.99/-82.52,134.80517756187987
/98.46*2.49/88.28*-14.32/-83.98-32.95*--67.25--77.14+-55.32+-58.25*-10.49--89.33+57.2155.77+10.28,-3965.1676520984106
+-81.74+31.71/-17.81/47.22+-96.6--82.74-22.2+-68.45-77.62/-+-71.88+*+80.69-86.22+51.84*-65.64,4401.762922457347
*91.99*62.65/58.52/--61.01*/+37.16/-17.85/-23.97*76.03--34.65*13.06*3.0313.96--27.9,2882.9754052381863
*-32.12+34.56+84.61+-88.59-1.26//-63.77/29.56*-31.73-11.07/-51.4589.61/-71.02-73.99-37.76/-12.11,-1025.1228951881844
/18.27/64.53*+/-39.92*-95.5970.84/+-37.4-76.88*+-59.5-19.2*81.21-51.87+60.17*-79.8114.07,-5353.0081802804
--76.89+-23.35+-/-75.35/80.81*6.26-0.13/-73.74/-62.7*84.37-89.56*+-1.84/39.31-74.17*42.57,-71.26527835689538
*-31.9/-18.24-32.73+-60.9*34.43*14.77*-28.35+1.13-72.69++76.9248.75*-34.2-92.36*-87.98/91.89,17.777505919878895
*13.06-92.1922.49+-24.9+-24.29/92.92-77.14*+-56.29+-3.29-74.07*/-61.14-36.05-50.3*+71.54*--49.92,-512498.6639913389
/44.58/85.11--20.24-95.55*-66.82*-62.53+-10.56-30.18--95.39/-82.0-57.28*71.64+-22.54*61.08*-72.99,15241309.16403742
*5.12/-27.04/-25.42/60.82/18.26/40.49*89.75+-34.17-2.0577.78*-14.23+20.2170.7+-58.66/-40.22,1.813985119832114e-06
+18.58+74.2699.23+*-81.2--51.61/10.7386.05-*/-*56.03+58.71-32.71-70.83/+-+71.95,-5652.698587475913
/-14.8/-47.99+-68.51*-41.67--57.25*-26.99*-81.86/-60.7-80.32-61.49*-25.12-8.03--38.95-4.69--40.44,4192.331092775567
+-22.51*-41.17/91.52-18.81+11.66++--61.42+-33.21*8.18-84.67*/*50.562.88+-63.56+14.96,97247.90217268752
*/-44.93/-70.41-+/74.09*52.95/20.33+-26.9/-44.24/74.9+-76.73*-29.94-8.35*/-63.21-86.98,-1257.3020292030628
--44.35/+*-30.52/62.62-25.26**-58.18+32.72/47.53+-98.13/-89.4--91.2345.16--28.58/2.04+-50.26,-20884.32990517716
/69.16*45.87/69.48--87.84*-83.18+89.7*-29.92+85.11--39.01/-18.39--55.04+-88.48/3.9289.48--29.95,4873.75543879142
-71.85*48.7*-67.95--22.02/-47.56/66.21+26.19/11.55*-68.98-32.63--96.4/-36.54/52.74+-92.38,-72612.63119149783
/11.76+-97.04/71.24--63.58--48.957.46-+-49.13+7.28*82.39*-87.27*-70.32*92.73/-20.58*18.59*,-964902911.589153
+-6.31/-82.23+-47.34+32.48/75.384.71+--75.73+63.85--49.32*-90.9-44.57*-0.3718.84*--59.8,-71437.75810594326
/72.79-95.83*--19.82+-16.12+80.62/-15.46--38.7-83.55--55.92/72.97*-19.17*-38.94-99.06/-76.86+75.06,-1520.7583425581734
/-82.45+93.86*41.96*-79.47+-35.69-78.23*27.54--97.33*-57.13--36.45-/-15.26*-51.16-5.97/19.33,119088.26861502268
/-8.8*95.37*-61.86-49.72+57.7/-46.38-34.12--0.37-73.05*+/-59.45--85.02-13.09/43.74*84.48,23642.40499574899
+69.23*-96.53-37.76*13.32*-52.01-82.84**79.81-7.37/-75.7+2.49/-49.29*93.04/-30.5636.94+39.89,-1485.752078689153
+12.92+-36.92/-49.53-74.59--78.89+-17.13*47.42+-10.0370.5/*62.52*-51.58/29.8*46.79-52.94-+,-364.36655541674924
--50.32/+/-72.88*-99.32--84.2348.17*-98.44-35.7947.57/+-96.47/-96.51/-33.99/13.07/3.42-47.22,-49.171811226866474
--37.18*16.93*-30.92-27.16//-3.89/76.92*30.3*89.35-37.62-42.65/94.63*-39.31-90.15+-99.83-60.25,-105527.48958047462
*66.74+79.28/78.13*76.33/-57.87*28.31*-62.76--36.16*64.3/-7.3+-29.85/20.02*-91.61*-31.5149.7,869.255897875843
*-58.24+58.92+-19.68-70.56--71.52-48.06/*-26.2870.08+/84.53-90.17*-71.34-99.3+60.3565.9/-3.67,1821.3876767209783
-24.61+69.89--47.49/*+22.5/-48.78*-73.86--61.0-7.67--42.84--31.52+40.73-61.18*-24.11/-32.27,-93.96870047685283
-18.95--63.38/-49.22*-15.49--78.76*65.47+-39.61+6.32+-63.13+-88.56/96.28+-76.8618.56*60.0+-31.39,3315.0632022125196
+59.84+83.97*-87.42+-35.95*82.11--11.6645.38-+63.73/-38.26-15.94/-2.77/-95.462.4*-91.57--48.96,-22231.18753112398
-*+-11.16--21.92*92.23-9.99/--64.55+68.42+-0.77--66.93*48.17*-64.3791.43*45.95+-59.27*-31.13,-69.85289145119187
+-94.84--55.53*-61.38*-97.14+-79.67+*--80.62+-12.73-13.26*/51.19+-47.57-75.46/21.59-80.09-+,-511527.49334235117
*-10.01+75.37+-76.37--1.56/42.03+-55.44-*/-38.14-60.1*/56.55-96.11*75.31-68.84*+-60.03-98.7,291580.3742875658
*23.51+39.45*-17.29/-74.95--5.64--99.32*-36.3*-53.67/-76.92/59.94*-82.56-52.19+/+-67.28-62.51,-3144.53499340264
--20.67/-77.72*-31.49+47.73+30.19-21.53+-92.77+-64.6*-97.32/-87.46*-55.07*-93.87**+40.46-81.7,58396111.133906
/-84.69*42.25*-44.65/2.91*90.14*48.28*85.47--91.64+-67.44-0.88+-42.13-84.995.23*--26.31-73.45,546213.1959631499
/-65.26/+--25.29/47.59-25.14*58.8/-40.61-49.61-73.0372.65*-17.44/26.63-46.6*-29.72/93.56,-1.8151648306036647
*69.51--52.2/-98.47+3.84*70.01/95.78+-31.42+-77.58/-7.36/-21.42/73.0872.16//99.8638.61--4.49,-3836.4953819997027
/34.16+-44.43--97.72*-36.64--45.79/-44.25-+--35.35+-68.18+58.64/84.86*-46.38//-69.48/-90.18,-1639.6269144616165
+-21.9*-18.64+16.28--32.95*-81.86*88.3*-87.54-8.49/-16.787.23*-43.88-34.36-59.45+67.38/-34.49,-365.76271215622035
+-51.28+-52.35--91.7/51.01*-36.64/-34.32+-26.83*67.63--86.82+-7.97-69.49-72.63/-17.17*-1.0-,-5242.892053590371
--*-44.2+14.9+29.99+-96.14*-/82.86/23.47--0.18*-20.86*72.3+-68.76-45.5214.86-15.01,104360.88326203213
*20.85/4.12/-18.5-99.81-71.98--61.98-66.03*+-76.52+28.79-42.22/+-92.09+78.8-13.14/25.89/59.09,430.6161212893297
*/--72.49/89.18*-59.22/-60.77/-63.1+27.24-11.47---25.19*-7.24+/+14.66*54.19--99.0326.45,-7023.204474579476
*88.32+89.96--11.68-32.75*-47.57*-7.78*64.68--92.92+-17.67-96.8+6.98+25.985.18*/-70.21-33.1,2232227.2308196574
-29.14/75.99--4.28-98.74-49.68*+95.42-58.01/+63.04*-52.72*-98.29*-*45.05/98.21-15.08/35.9,29.140138146334074
-73.68*84.24/96.89/36.23*80.88+17.4*/-40.43/-18.48--41.68-63.83*-51.73//57.67/15.5,-2227.03011908802
*48.91+43.5+-98.85/48.28/35.8/-37.79+-80.33/6.62+94.13*-52.44/71.88-93.9/-96.51-53.26,1931.5487444538182
*4.43+-13.6218.24/+-43.52*-41.43+24.04*76.21/89.63+-7.35*95.6*33.92/-45.7830.82+93.84+-90.63,-2766.6135877068737
+-97.15--1.73/-89.01/61.52+-78.47+-83.03+76.54--59.26*27.28--24.74+-55.5-14.7+97.73/-91.33*-89.84,-172.05132576099678
+-11.17+46.07+16.52*-3.18/-59.31/42.41-50.33+42.81+1.15--6.45+69.02*-12.11/99.55-97.57/67.6,8.777287356125292
+-6.36+-11.06--49.58/-12.11+43.52--93.8*-8.44-57.48/-29.83-60.9*40.72*40.16-80.34/85.04-3.62,-463.23601785681166
--67.7568.44++25.3/72.44/5.51-60.02+17.65-92.56//98.3/-21.74--58.72+-32.31--90.54-87.6/44.04,-111.10899704477775
/26.77+31.34-21.8+91.13+78.43-90.25/+89.78/39.72-88.14+-48.74/42.8237.87+59.9-62.38/90.38,-0.838729110565121
-87.53/-74.66*-16.91+86.58*-51.95/-59.14*-1.51+0.11-29.34*65.73-13.9-37.02*-13.411.35+54.32,-1268.0613413827
+95.14*-79.4--12.26*54.61*9.54/+/+/47.23--43.71/-88.53+-52.38-24.53+-84.67-95.83-90.21,1238.8777169320715
/-55.51--77.46-2.35+-40.12*-56.63-/--49.8*16.97--44.6*-57.74*-92.0543.02+39.85-43.88+20.6,-3487.0046720630007
+4.49/-65.49*-97.08--38.27*+--15.96+53.72--31.76*-16.38/80.01*-77.06*-90.53/-39.3-49.95*0.92,-179.4591299515282
-99.72*-39.67*-94.57/-2.92*39.92--3.56+-63.24*-*9.34*49.78+23.22-83.07/-67.93-19.4754.51,-412758.31965971773
/-87.51*55.45+68.2*-34.33--11.1-29.54*-91.58+-26.63*31.93/72.13-58.2---89.35+36.83-78.55+-73.27,1961.3929758585641
*96.65-51.48*64.1+-76.12/-15.44*/-91.36*-68.02+-87.21/28.39*98.12/86.75-62.22/19.29-52.33,3966.7766591463537
*-12.19--86.95+65.96/-24.92/-35.21+-+-64.54+50.4/52.37*6.16*72.95*--96.74-79.54--22.68,-1375276.8349843821
*58.16+2.36-/+31.68*24.66+39.06+-92.49-15.9/--86.43*-18.61*24.13/64.94/51.35/23.2930.43,1138.725914793316
*52.93*80.06/67.25*30.85/54.24/9.5*7.43/-8.7--50.86/-10.21*-19.56-55.51+86.82+-73.3/24.35,0.03602824003943326
--90.07*50.93-31.61*38.83+-88.44*80.66*18.1*93.0953.87**41.0517.83*/34.3+-53.0583.31*22.57,4320273495.179221
-88.59/58.78*32.94/-62.3/93.1+-38.79/5.16/-89.15/-86.5218.64*-17.3+-39.66+-15.34/-9.26/-37.73,-0.4256678071732828
/-97.8--37.21--18.9214.39//-73.11/-+-91.41+38.97-62.29/+-19.29+78.56*55.23/18.62/32.063.97,79.0622867743534
+-18.03--81.28*54.58*-56.72+58.25-83.44*+34.92--56.17--11.29+71.98/58.84+10.73/-94.9412.45+-53.48,-362640410.5858286
-57.52--6.35+-64.98+96.82/90.48/-39.07*11.7--1.51--21.89+1.93+-82.76/-65.96/*9.65*-41.11,219.78040013988044
--75.85*25.36/88.91--55.04--39.23/72.91*70.44*-85.34-11.1854.42/+-99.64--85.07/79.65-35.43-3.22,-139.60521912697052
-85.26+-85.07--82.27+45.89*-42.36*-22.74+-15.96-40.06+76.14/2.18/-45.27*-77.27**-59.8483.04,-15288.21058221326
/48.22+-46.27*40.07+-55.55+-73.53+50.55--75.87+-5.1340.04*+54.17--22.14--51.91-57.31/-+15.03,50524.86852013632
*-69.75*-32.06/11.52--12.02-57.21*96.34-38.64/-18.57+-94.13/-54.2/-71.85-38.78/18.0362.35/9.34,-2127.7371049297076
/-72.38/98.73/70.91-46.38*-12.77-65.39-60.93+27.16--25.78/-8.61/-71.72+0.4966.91/79.77/26.1,-5.168837731579185e-07
*-70.21/-94.43/24.22/11.91/-23.59/2.11+52.52/-38.96-33.05-8.62/-14.03*-66.38/-2.66-68.68-78.23,4.237226191567056
*-64.02-9.42*27.91/28.78+-58.91+-61.69-32.61**/+46.9*9.41-14.16+-7.23+-91.91+74.64+63.16,5239893.6393271955
/-62.87--49.08*-88.84*98.69-29.26+-92.51-55.48+81.14*/--15.23/-11.14-22.27+76.06*-90.22*16.63,1.6341944769874924e-07
+57.12*-84.07*-91.53-5.06/-45.38*99.92*26.67/11.95--81.88*-86.564.86**+--28.0129.81+-10.55,-455343.8517605519
--25.45--35.09/-17.86/84.0*-49.26*-82.26*++-83.11+7.59/42.69+72.84*-84.94-85.08-*--53.12,7049.684194352186
/-63.18/0.38/-28.64+-49.35+-61.33-6.24-47.41-37.46/-88.58*9.64-48.9-+78.14+-13.38+21.78-68.71,41.548441622886045
/2.48--10.85*-63.05/-45.02+/-46.91--85.56+-45.99*72.25-21.35*73.04--13.08/-27.82+26.42/-29.05,-0.0015739404301612038
*-90.8+-98.96*22.2*34.76+54.68/++28.38+-50.71+-31.72+63.48-69.37/53.92-15.04-9.2/-22.64,51180.591277446714
+35.46*-92.4/-38.51-20.1+38.51--99.0994.6---*-8.84*50.87*31.48*69.97*-71.71-68.07+-0.94,66768181.30342408
*54.5826.07*+-17.67--63.43-75.89*87.73+47.6545.09*/-49.3*31.7+-84.98-86.96--43.07--77.2,-35872.964788119876
--79.19*-11.37+-47.97/-5.02*-61.87+-18.9/85.58/-32.3386.57+-83.48*-60.2983.55--*--16.46-20.03,-12809.796850730327
+-3.08+/-66.11--3.29+-38.97*85.1+89.11+49.26+-13.2283.06++9.76/75.8888.45/-71.38-5.68,-122.1493015268893
+-92.03-6.71-80.86--49.59/24.5741.98**-95.08*31.28+88.3--25.6+70.76-16.34/+-70.3--85.7362.33,153594.20126737474
--87.49**+-93.22/-2.31--89.57/73.5620.81++93.99*-48.89--86.75+-78.42-37.48*-0.11-46.36+-13.69,204107.0919289047
--52.77/-52.14*-35.21/-58.98-58.51++++88.88*/-73.23/-14.51/65.29/-86.2231.58*3.84+2.7,10165.907260478636
/37.56+-41.96+-50.31*-30.05+-67.79+73.81+33.79/18.73+5.97/56.33+*-81.08-54.02+91.9596.64,-111164.31408930404
/7.71--63.32--7.3+53.35--3.06+-13.4524.78+--69.59*47.41/75.31*-62.06++*29.66+-8.120.56,-36.408655711732195
+--46.58/*-32.07-54.84/-72.84-18.23-19.25/-61.61+-1.61/37.68-26.84/+-41.32--9.18-63.5/-6.72,860.3138672283899
-*+48.25-91.53/-30.96-53.2//-47.73-78.74/97.06-80.08*-58.46*-58.79--33.27/52.24+2.64-80.02,-1884.8227996125413
/3.11+/+94.93-41.43*68.98+-89.34-89.82-+-11.85*74.03*-77.53--70.19-10.88-86.390.5+88.2,43340.722116552985
/-94.95+-95.92/-87.16+-66.01*3.18+-76.76+-10.3*30.29*86.99+-22.74-91.21/-95.99/71.32*-72.77*+,10.04118665468099
*92.69+39.98-26.93*-9.81-29.35-7.56//82.18--18.28--61.53-18.19*66.82/10.56-37.95*-26.0-69.06,594.7960811102072
-56.45*-71.09*-36.5+-73.1-70.07/94.13/-59.32--27.65+84.2-72.47*39.57--52.72+-37.93--49.52-91.29,191959.3465105873
*96.56*-38.74/-38.76/-61.44+-40.05*77.41-77.97+-40.96+-92.17--84.18*-87.77+-98.8342.18*97.02/-32.35,5959.191018294096
--48.97-++77.62/98.79-59.58/-53.84*31.26-94.13-38.38*56.94+*/-61.64/50.7927.11+12.73,-812.6400448348728
/33.87/66.5--93.29+8.1/-37.05+33.85+-54.49/-32.88+17.35+93.22+-62.62*-80.56+-52.38-52.36*-28.31,5667.059304853236
*-57.87/50.9/-49.11-59.81--43.99-57.6/-71.94/-6.09/-46.25*9.34*68.55-55.56-+*91.5331.04+,-3168.6137735349866
+-73.61+95.87--65.24*83.21/99.59/-98.73*22.85-91.86/29.1--1.14*62.5-27.61/-62.44-96.31*-35.37,-61666.70426782934
-30.26*-69.2471.19+--30.4+70.46-69.97-60.28-*34.26-12.24---82.09*61.42/-6.21-90.15+-60.08/82.79,4929.141577056438
--81.12--31.55+23.69-58.03-34.52*-75.7*-48.18-79.56*93.98+86.35/-11.11/88.89*-30.7764.63*19.55,-298325.50974044774
+*+-36.19-40.96--68.78+28.12+-48.92+-12.7--38.84+-70.54*47.08*-31.599.6/46.14/76.86-56.86,23820.037506788034
*-7.63+-94.98/-17.5*45.28*92.21*-58.37--21.76--52.17--86.63+-95.74-39.32--15.58/81.81+87.12/-2.25,-407099.0100295173
-49.06/-1.31/93.47-24.94*-50.5+-13.5/62.2173.75*+-75.0/-14.9469.91/+-98.87--11.32+40.780.17,-6299.866426898894
+65.22/6.48-25.98/69.2-6.86--54.98-64.716.96*/96.61/-41.78/-36.42*-32.92/-72.33-76.2+23.22,160.9501338368078
+54.83--41.267.09/-42.8/-40.3--97.05-36.93+16.33*16.56/-90.17*6.462.6+-80.46/76.22--85.3,128.1189355343525
/-34.57*88.01-53.6/-76.59*-60.63-81.59*-16.3/80.16*91.17--53.76*-7.33*70.63+-65.517.35*97.38,-3298359.0194631172
/22.95+-36.61-20.92*48.11*13.75--91.29/49.12/74.8349.35**88.67*69.4148.45--45.89---14.31,374351750.1357198
*14.19*+-34.67*96.43+-66.04-73.5460.63+-3.12*-79.25/25.19-98.52-+-4.81*38.84/--93.21,23108.170002125054
+90.33*-33.876.62+--66.27*29.0-69.14-34.36+-85.61*-33.54*-46.15*/-35.85++-83.89-28.67*-27.81,3784995.2069739
+-23.06+61.89*-96.96*0.07--75.68*61.95*-96.88*50.3-74.5945.89*--28.51/54.67+-82.36-69.75/-49.05,-247014000.7743081
+12.15*47.61*-48.64*22.77-37.89*89.66*66.2588.41*/61.8*38.99/8.44+12.98/50.53/78.310.86,-1081355230833.3403
*-58.82*-5.2-9.08/--67.7913.61*/-11.16*19.52-79.32/--86.29+34.29/-/14.24+-33.0860.15/-59.96,-7615.826445417646
--61.85*-59.24*-50.53+-13.07--22.16--14.49/91.1+1.92*-47.3/51.55-63.56+-55.34-60.17*53.3--44.07,9323153.276403235
+43.24*-2.9428.82--91.42*-83.56+85.8795.75/+-28.28+94.51--8.01/51.69-36.43/-55.53-47.22+-47.33,-2181.131365152514
*-39.53*27.18*36.63+56.4698.33/+-77.35-19.91+15.07*-10.52+12.07-46.01/*-25.6637.5/-5.24**,-6466023.717924102
--64.98-46.61-17.18*-*/-51.26/-51.22*62.34+-6.24*-0.35--82.68-70.76/22.66--13.07-29.1466.03,-138.9856153927853
/-65.58*-85.91+53.61*46.63-72.03+0.53-25.11--3.1/-30.39--89.0/56.4349.3*--35.47-1.48+-28.27+,-3218.404030718127
--7.34*18.62/1.42*28.41*99.67-95.02*56.33+61.71+74.13*-44.45--34.81*15.4514.86+-32.12*44.31,44741.425463776504
+67.29/40.13/-50.65--39.81-63.07+-90.48*61.9*-98.4559.16*+78.16*-10.19-36.81+73.0632.45--46.26,2184743.161859837
--1.2/45.89/-86.6*24.51/28.07+-79.35/-44.73/-34.19/1.63-31.72/-61.11+2.6386.74-65.82*87.16,47548.61493590595
/70.49-66.15-7.57--26.74+99.68/-78.2497.52*--84.36/20.91+-23.86+-14.38*57.13/-46.72/98.091.49,-10752.778693497243
-41.2-99.53--44.56+51.23--4.343.24+*35.77+92.31+94.144.39/-71.74*98.73-87.39/-63.1488.34,8377.818535664048
/-23.19+-18.92/-96.31-4.53--22.45--83.72-96.19/79.36-16.21+-/47.02/-12.64*-0.7776.54+-32.72,-1121.4278863481602
*33.16+-29.71+-15.9+51.78+-26.13*41.34*-46.0/47.3/-72.87/-78.431.41//-74.64-*+-1.0510.06,1021.2883861232954
/+/-14.28--17.45/-41.85/-39.6--69.44/-33.49*-22.48/+95.15---52.46-0.23//-56.378.3-27.36,27.359990325827955
/-80.66+-96.95+53.08/-60.04-39.96*-94.31/97.48*15.92--61.612.51*+33.24/-53.25-62.92/-36.1-13.93,-84755.12439570398
*-13.7227.22**-90.37/78.75*30.61*-47.66/-82.55-98.29*6.33-11.28/93.46-53.19-33.52--21.22/-30.3,2657983.8525618576
*-12.53/-40.48+32.84/10.23/-69.18-1.04--64.47+2.127.99*+91.7/-*51.29*93.67-*42.08,365100.81604476564
*-36.88-23.92/-5.34--55.68/-19.78/30.46/97.37+-97.18*-90.83--95.16/74.35+-94.18*--14.9248.58,-873.8919401909518
-27.6+9.41+-63.99--16.73--70.36/18.04--50.07-62.58+48.4*27.72-9.3827.25*+-71.06*-2.1790.03,-48164.91081277382
--99.75-32.07+-76.22*-66.42*20.85**/-71.97/86.82*71.77-98.53+/*-93.04+98.63-51.7-20.42,-97662.67249796826
++*53.71-56.62+-54.96-92.33*+-30.97*83.47/78.09-98.27/-33.39-8.58-54.24*/6.73-25.77-16.5,-170441.44995164633
/-89.71**--71.16-16.03+67.66--80.93*29.15/61.7*-68.53+-9.47+-52.61--67.3452.04-+13.570.54,636.32956260235
/11.19*90.81/-19.94-46.39/15.53+-17.83--98.6+-58.46+60.24+-44.18/34.01+28.17-77.35-48.69-64.93,3225.210328451654
/6.13--28.91--60.14/12.56/72.67+40.7721.09+-44.43/-28.58*-97.8-*42.87-92.62+97.34+8.29,21.464556817172912
*-72.34+41.92-10.05+-14.15/-12.38+-7.76/-71.34+*-27.18*-21.95--13.89+40.46/58.58*-91.63--86.74,7105.981579122916
--17.78/-71.56+62.89*22.45--92.97-8.1171.13/*23.67+*+-62.18-77.48*83.56/-85.12-59.08+-35.42,-96.17634840097851
*-16.39-13.44+0.63--70.85/-44.97/-15.91-+*94.27-47.58/62.26*-42.67--69.9994.21+-19.41-34.71,4516.374996806531
+86.53-*--70.03+71.89/-66.03*-64.8473.48/-67.16++*46.43/21.89/-38.598.62*-76.55*46.6,-22948.326278148495
--84.81-95.45+56.4716.07//+77.1--41.37+-10.59--70.17+-16.2-57.13+31.63*26.63/26.8289.18*+-76.54,-5700.478021315283
--83.56+-98.94+-9.95+-50.1*7.42*-5.61-18.63*--22.72+35.21/19.73/18.35*6.96/-24.78-33.17--55.38,17554.31611987018
*11.42+-65.47*-24.0823.14---84.84--96.79+42.75*+-84.18-14.92/78.98/-66.324.02+-59.6860.08,4834.87595804932
*67.49/-18.41*-66.64-92.99+33.62/-91.16--60.25+22.57+-48.8+78.78/24.8/-82.94/-99.99+82.86-30.84,1678.24500977844
*18.43-94.99/-6.71--47.71--60.68--89.53*/-41.51--81.76-79.7/93.99/62.08-91.11//-93.5289.99,1750.6657854905827
*-46.99*-68.78+1.95-60.93*--61.39-17.35*-0.88/-14.26*51.05*-73.34+4.0+15.19*-40.05/25.19-21.32,-71629.42076485071
*71.78*-22.89/-57.32/57.8+-85.11/41.01--67.19/-28.28+-20.32+96.67+54.03/-77.09-93.2*+49.6472.11,-547399.0574514724
*-4.11*93.51-92.39-32.11+36.43*48.57/-47.49*-9.92/15.93/68.73-29.67+-42.225.04/-13.66/70.26*,421010693.9780244
*-66.17/4.36+-3.08/47.7/70.78*93.37-59.63/-44.31*31.44*27.67/58.8975.26/-54.8*76.41/-57.34,93.66922072960698
/99.93-34.23/-32.21-65.7-4.41*--69.48-64.46+-81.3185.16*/95.0445.69/+35.32/20.52+48.53-35.88,-35.95947838643426
-24.51/-96.1276.73-+-99.74/59.62-++80.71/84.51-25.96-63.1++-30.57+-87.59+67.48/--22.64,2477.332563403095
*46.83*19.3*-85.98-60.93+*96.49*38.45/++19.72/28.18*-17.34/8.98/26.29-57.05/37.458.06,4733606.467506997
*10.59*-39.1-//35.44/-9.04/14.41--85.879.2/+77.07--44.12/-62.29--31.06*-80.59/-93.0898.83,1410.7593555797043
*1.24+-2.43--15.48/-89.17--37.78+0.12-49.83/-57.67--26.73+-97.11*10.55/28.26-9.62+77.87-22.02,-857.2715709976488
+-12.91+38.78/-39.11-15.17/-*68.63+-0.93--19.96*-5.64-10.14*--39.89--74.83/-93.4+-36.28-59.67,-4.366684718449839
*3.08*29.58*95.8826.86/*-30.83+-77.3*54.86+-37.58*9.96--70.16-17.22/-67.57-1.06*+--93.35,559334684.35394
/88.61+-45.5+-82.28*4.79*-72.76+28.78*-49.86-93.52*-53.3+-83.1955.99*--59.67+48.1537.43+-8.1,-2017211.8973975272
/39.2*-39.86/-83.42*72.65+-18.69/-23.43+-8.75-68.18/+-5.87*44.77-79.0/--39.15+64.99*-98.89-,2623.44983063939
--0.95-75.8635.91/*98.61*88.26-22.81-+-7.95-31.45+11.41/-10.01*-78.78/92.8760.88+8.07-+-56.69,-67.52489952991759
+80.98--99.09+-20.44/-68.53+69.86+1.75+81.12+/--63.23--67.75/95.18*+33.81--59.2+-71.23,18.11000820698419
+-91.28--34.35-87.44/-1.54*24.52+2.88-18.53/-61.58--28.36-2.18+63.99--63.51-63.19/-51.74+-20.18,-175.4692876536866
*-/15.66+42.64+35.42/-83.99/93.83/56.35+84.13+63.3421.57**-65.06/-62.6136.47-+44.56-40.81,490183.6014367053
/-23.61*---64.22+-68.25/-43.87**88.41/+21.0*-16.09--74.66*-96.73+99.28*83.53/12.6728.63,10887.226035250875
--3.27+75.94+94.29*-49.48*80.7934.02*-81.17/-44.99/-3.58*14.14/72.15+-34.15++82.58*32.0,-11038845.717145668
--19.83--63.19*13.69+-96.02*89.73--6.3150.48/-8.65/-98.08*-48.98-38.81/--18.67/+11.64/95.15,10201.559777169578
/4.71+52.17+36.94-67.17+-37.7*17.69/-62.64--79.03+-98.8*-75.31--15.22--18.07/36.13-5.26/-75.18,837.282513347551
/-1.63*29.01-9.2584.23++-56.06-58.4255.28/+-87.95*-77.39/-64.6563.1/-71.13*45.67-3.36*9.87,-257.2144524822891
+45.12/*-46.81-23.15/64.79-54.57-+-16.28+-50.12-67.25-53.33+79.98+24.21*-25.15-33.09/-83.78,-73.93063180433833
+31.24-65.66+-34.76/93.54+-77.91*-64.03*-42.51+7.03*3.61--42.95-99.38/-80.69-1.4/8.73+-9.25,19212.502413776703
-4.94--3.88-94.39.88/+-12.78+-32.64+69.9346.1---46.89+42.47+78.96+-27.55-97.52-9.54/55.97,-153.544331017348
**-33.73-+-52.87-47.47*32.75+5.75-16.67/-6.97+51.16--92.85/-13.71-6.83*-57.94*-60.71+-93.35,2213.997013233292
--64.88/-9.15*/*11.48/46.42--37.67*29.37-2.39--23.73+62.92-2.4/*92.92**+-11.7665.5,496573.96620789805
+15.42/32.5/-77.02--50.54-22.66//-55.29+-23.81-95.46/64.594.86/-87.73+99.55+3.54--28.67*37.77,5474.089427303542
/72.46-52.71--81.32/27.84-73.14/-53.81/-37.87/20.31/36.09*60.94-76.22+-76.76/-24.58-72.46*98.68,-2450.6966498476236
+-70.12-/*64.71*49.74/-88.45--45.97*45.0+21.43*-68.94/-61.86-38.73-65.42//73.96+41.01*,-7186.379993728312
--+-55.1--9.32+92.78+-69.85--15.57*82.58/-37.02*-88.58*-40.75-47.3+-61.06*-7.65-*89.61,18814.17223514562
*15.88+-84.7+-44.38+-61.6761.32++12.25--18.74-38.19-62.79*/60.93-72.38/93.61*-4.27-27.64--85.31,-1536.408517995475
/19.97/-61.73+-73.61-48.67/-49.8-3.41/-54.46+-71.61--70.02--30.48--93.8-67.52+-70.18*70.12+-21.31,143.34347761306395
+-12.99/-83.36/94.9673.87/*-52.62*4.42-73.47+12.23+-31.12--28.57+-54.02*-31.65+-67.5190.47*20.69,3927073.582863398
+57.91-40.12++66.69+-16.53*-81.48/-87.89*71.39--/41.61-65.77/+/*82.45+60.3-28.25-56.21,-5868.1746912851295
+28.89/-67.82--87.16*56.06*-53.74*-49.82*22.08*-*-3.01*/-0.15*-27.78/38.12+-10.92+-24.16,3626215.9060046324
+-41.09/---35.58/**91.56--83.13*77.42+-47.08/0.11/-1.57-95.0/-93.98*-81.83+-58.8597.9,3748.045093333529
/61.16/-33.0+-69.3*12.89--82.96--90.24--82.2832.58*-2.09+-36.83/-41.9524.44/-91.33++*18.96,-43136.189848424045
-45.78/-73.7/24.13-5.15--50.02/-3.8--16.42*-83.11+0.02/-55.19-4.07/11.36/-55.48--72.7518.26,138.95840269695782
-2.65-57.72--15.49*54.73+56.02--26.32-26.26*-6.72/72.45+81.96*88.9*-84.38-81.37+32.91-85.66,-871677.2477437893
-66.07-35.34/-8.22+-4.25/*-67.89-65.23+-71.15/-75.72/4.11/8.83*-82.2799.84--58.2541.36,8208.022823101319
/73.58+2.0735.64+--67.97+83.69-23.48/+-31.41-*/-73.29--*40.04+-72.67*2.2746.19--37.74,1509.6997379822683
/57.65/-69.53***-53.6/30.69+72.82/7.74/-60.91+-91.78/83.85/60.45+18.32+-76.34**34.6,-2995.851484956247
+1.84*69.4832.02//95.99/53.88/29.29-77.78*+*/-78.8/*-45.9660.12*52.0*51.44+-3.02,-7391001.595247189
+-61.39--57.26--2.47+-6.22/-1.44+42.22/-36.91/56.61--58.05-+*-0.83/-59.77-22.9--65.57+5.69,-203.59266286239506
+69.26+70.7876.27/+39.29-68.93//-55.75--49.49+93.07+54.31*98.95-77.49*/-0.62-77.93/91.05--17.79,-268.80621236093555
*57.73/8.56*-91.63-42.21*96.9/-*-30.95--35.09-32.88*-53.91*4.66*43.45/39.66*-55.04-48.67,383365.6435992659
--39.76-79.8-60.54-33.42---20.76-83.21*84.66/-47.01/-92.45*-3.45*77.73/-65.792.24*-87.86*29.18,1770988.5471530757
+17.99+55.31+7.11+-75.04-17.68-1.91+//48.93*-28.09+-45.47/89.28+-59.85/-58.58-62.73*-,7653.608942493857
*-39.06--98.31/-90.66/-91.37*-6.37/62.71+/+15.64+-72.63--4.79-43.31**-27.665.4/-42.5-1.65,3696.987656365618
--70.34+1.61+61.22/-19.99-98.18*13.44-71.82/-58.71--50.46*61.52+94.64-37.56*39.82*-50.6/-95.97,-10.933714889102866
/49.74*60.04--10.66/40.67*-82.78/-3.46*-63.13+17.9-30.63/+8.17-55.46+-7.8*-20.09--72.77-51.89,1568.2507659508508
*-43.91-27.88+-84.47/-44.76-15.16/*-23.69+9.97--61.69/97.99+76.03/81.29/-43.11--61.7556.04*-20.72,-1065.5951746832152
*-83.03--15.72/55.89*4.89+65.57+58.12/*/-46.41--79.52-/-96.28*-17.96+-30.06/30.61*46.39,1309.1350088796787
--37.25-80.94+-81.65*61.35/-60.15-28.59**-53.43/36.4/-19.78--4.52--93.73*-80.7594.42/*-9.31,1186.8876368792844
-47.13+77.9*-25.1+-91.23+-69.74+-19.17/99.8182.03*-82.92/-/95.42*-14.81-68.62--84.57-14.2,-2224.8461896970753
-*/2.17-35.61/-82.14+16.69/-76.73--59.89+//66.31+-10.48-9.02+-6.28-84.75/-19.98*-46.84-,-322.5655304584163
--14.1--83.3+-67.42--40.77/88.63/24.2-34.57+87.37/16.944.56*--86.47+-95.59+-80.78*23.25-90.56,-24146.422024714295
/88.77/98.97-51.36/+-43.19*-13.41/85.82/-82.64+32.67/+/59.3352.18--52.24-92.98-90.99/--46.87,-48.929293280545544
*28.67-32.95*-53.55/-68.1--77.05-29.2*-0.28--83.15+-83.12*89.01--98.31-56.7-0.82+63.99/64.19,944.6824187140521
*39.6*1.0**+-93.91/86.43*32.26/68.03-51.41-+-3.89+81.67-73.62-58.47-47.77/80.05+87.7,-13900.138677695555
/49.72/14.05-1.57*82.3920.38*+-87.36/-0.34-74.44+-57.19*16.16+9.81/46.61*64.91/74.03-86.61,138.94666766046717
/70.39+-27.78--57.02+-40.55/51.27--90.57/33.07-54.98/34.65/83.23*96.4517.34/+++71.562.67,14.73325649741251
-52.23-7.34/-37.74+-20.38+83.29*-50.36*87.22/-85.08*63.79+-86.34*-11.37-30.53/-30.65/-69.21*21.99,1453.4740565978084
*-87.32/-62.25--38.4*-66.86-99.72+35.28-42.03-9.68*47.24/-75.04*72.75/-57.06-11.68-/-8.78,-149.171420324994
-69.66+95.61+11.74*7.62*4.55/--59.2++-17.71*11.33+51.74--62.3184.4/-64.04+-85.55--26.1,85.60220305371962
/3.06-/--96.53--74.43+-80.15+-24.52+98.92*-19.46+73.9944.32/-68.63*17.66/94.27/-83.04-68.66,-81.0137450891753
*96.79--50.35*61.6/-22.22+-13.24/99.86/57.81+35.0+-52.65+-0.51*19.67-24.05+-67.41-29.32/96.52,-4555.8058776199305
*-63.69--19.5/-62.03*80.51/56.86-76.39-97.75*33.66-75.05+54.11*-16.52-38.89/-69.3+25.7869.72,3870.750844459863
+-/68.64/27.91*-49.37+13.42+48.92+-39.72+-70.84*-3.42/4.178.35*34.61--59.87*75.83+-82.56,286248.98279036395
+23.41--69.18/-42.36-6.34+-14.69*71.54/44.84-75.83-24.7*/48.376.89+-47.0378.58-28.57/+-25.43,-12697.57648090174
*46.12+-19.76*99.3/-80.7*-16.82-85.02*33.19/-84.75---83.36+87.52/-16.25+-20.01/-77.92-19.56,39157.72090308537
-93.09+-54.6*48.09--25.86+-32.67+35.3973.61*+-61.29-69.43*+63.06--61.5+/-8.53-95.04+65.68,231710.39415000007
-76.09*35.79*-40.22*-34.79-72.08-9.34*-74.77-78.88-+90.58*-83.63-+23.04/-30.51-89.83+/,-3604137.52330541
+71.71-92.93*--22.56+86.62+-41.53+-/7.09*56.53*-99.37+37.32/-31.46-77.62/-65.7*35.0769.96,-477.7889207098399
//--77.48+72.7/-97.77/-95.93+-79.51/61.08-55.66/+-2.3/91.39/50.85+-63.28-14.13*/46.97-10.11,-69.6082660107744
-5.3-73.096.23/-15.72+26.46-75.89+20.02--22.54/-95.3--75.66*43.0927.58-+-27.51*/-97.12,12.930597084643326
+-21.02+-43.89--41.17--68.59*64.8479.99/+45.11/58.99*-80.2-73.15--39.82*--15.06/25.97-58.8,-652.9683652110049
/-7.11*-29.31*91.659.69+-87.9136.18++52.84+-51.84-96.18--16.17-77.26+97.62/-46.46-34.15-97.17,-7516.716914181416
-47.13+33.2469.99*+82.73+8.84+57.25/54.46/-42.75---22.2*15.85+68.7-84.56/93.82*23.55,73.74860077981684
+-94.35-36.19/62.06--42.64*-65.47+-29.56*-5.64/-16.02*-94.77+42.9567.3/62.0-18.65--16.6+1.33,1969.3361825757206
*48.21+-32.43+-43.37*51.41/-33.92*50.2--87.11--/-84.04/47.77*72.84--3.45*-44.6918.83*-0.5,10222.014210400463
+9.54//*-9.75--84.47+2.0*74.54/84.87/-65.78-67.68-14.98*+*-41.54/21.7*-5.5--75.87,-46980.87880289774
--42.17-19.15*-95.33+47.92+92.39*83.06/-8.38--78.62*-77.93*-2.63-45.93-37.95*15.64*52.7/42.03,-61.320525084898215
--85.87--54.87-41.04+-50.72--7.43/-93.55+90.89/98.5*97.03-81.32*-67.73--54.58/-74.83-75.84+-20.92,-20979155.719275363
-90.21+4.53*30.21+-87.61+-33.94*-85.8+12.7/-3.6-72.71+56.73/-68.72/-45.92/20.16*-69.96-95.25,-3813.2187886220117
+22.22--84.32/84.98/-43.59+-8.38*75.08/-99.64-69.65+-38.26--66.62*70.08**--75.53-95.75*-36.46,1269.005084985843
/62.0*15.51-92.64/-60.39--74.08/-17.72/-7.07+-72.3535.23/--3.22+-21.85*56.47-41.19/88.12--61.41,369.2555741029002
--72.97*-72.47+39.93--88.99*-8.72+10.7-13.84*16.65+-80.58*-51.85*-64.06/29.43--25.31/-62.66,2820.712637634531
*-49.13*40.07--11.2-29.97+71.1/-48.48*-97.12+*49.0++-23.37*-2.6-20.21-12.77-98.63+-59.76,22088.766170411862
-86.98+34.02*50.17+48.91--23.1*-48.46*-16.45+-0.2*59.44+-23.6593.32+56.6/-94.01+-49.36+-57.39,128.95954421982685
/54.22*-78.32-53.59*52.62*11.83*-80.79*60.57/17.16--23.89*-53.22*-1.5/22.932.71+-20.1+-3.24,14519.059657394719
*92.63/72.04--2.24-15.79**61.18--75.21*-32.2+-87.86*72.09+20.05/89.51-47.39*-2.42--66.88/92.93,-0.00789668184136117
+88.97/*/87.72--77.84-43.22//+94.29-27.46*-21.44--66.83-77.21-64.0--62.826.95+12.18,-1285.5040964694267
*97.47+40.33-89.03/25.58-63.69+49.37+67.64*98.93-30.25/61.5--90.76+-8.98*/--13.27-20.11,4040.109432832389
/10.6/83.58-9.31-65.32/*-5.17*95.4+50.27-96.7591.49-/-33.5/43.63--75.0+43.56/46.1691.53,4.583631838224508
--1.56/4.88/77.45*-77.46--92.62/-90.22-15.82/-78.52/69.65*78.65+48.1+//-92.95-82.95/-81.1,-6.064743488135584
-71.91/-42.83--77.77+99.5--76.51*-30.37--74.67--28.49+-5.11+-30.17/43.51-46.81/69.17/-11.67-10.23,61.12406784908777
/21.51+-49.67/-67.95-35.7-93.74+++*+53.54/14.65-58.63*-17.88+-95.0227.65/89.44*-59.97,-2021.7902884982364
+-37.91*15.02-17.31---9.05+-89.5-31.64**-55.35-**-70.24+12.04+43.83-70.46--96.78+-35.37-43.87,-12079869.915729024
+-68.12--17.32*71.05-2.1*51.68+-38.62+30.32/-0.7/-75.7+37.51+*55.61/36.98*-69.62/-8.97,-85.44086341637842
*66.8--45.99/68.96--76.8*-28.9/+--40.11*39.62--84.86*-37.35/18.5771.89+-90.68+++-44.98,-6341.442515010607
-19.69/-69.51--59.26+-46.739.2*+40.41*-44.55-44.33+23.83-25.82--96.1224.3--34.44*-47.28/-55.54,-146985.1371043035
/48.87/85.73/83.2*-13.71+-29.84-53.53*84.16+38.91/-23.4+-39.01*84.12-89.03*-8.32/-0.6576.84,-3275.553032192468
+-50.04*48.94+-94.09+-20.19-91.52*41.9+97.77/16.29--48.83-71.89/55.71*63.3451.3/-55.31/--9.82,-27609690.436547596
*-32.55--14.36-76.83*85.78-12.02--37.93+98.18-45.12-14.96*+-82.52/93.25--91.31*-63.45--15.074.59,486074.56224169617
--63.39/-45.92-98.86+--39.34-94.83-28.93-58.32/40.66/-99.0/-60.81+97.42+-78.2*70.7540.66*35.6,102046.86743542613
+-30.94*84.37+-48.02+32.47-92.72*-*-88.88+-15.0/40.08+78.01/64.57-89.52*/+*+47.33,-4059563.0323995897
+-56.47--89.19*97.79-69.64--82.92//7.83-1.18/+--22.78*-25.71/*+-35.55-69.47*50.43+50.36,6633.961662434323
/-77.85/65.6194.97*/-41.45*-80.97-72.43+56.17-41.87**53.01*-29.71+-4.7353.95/-31.12--31.81--74.97,-5.665318878860099
//+18.5+45.63--85.81*48.55/44.58/-15.95--44.18+-41.51*-90.61*7.42/-40.43+-81.316.46+39.77,-446.99737537910755
+-1.39--22.16+-48.92+66.07/-69.55--87.08+83.68/-64.03*74.99-9.34+82.51-26.22/87.66*-50.9/85.68,-23.47757174986625
*-79.1+-70.72+++97.21+17.63+-99.53--69.3*76.32-56.49--53.59-97.84-11.16/45.65-65.95--14.15,-566.6408910538293
--88.61+89.1*20.46*83.62+60.44*57.44**/90.58-99.94*61.95--80.3*-3.61*-67.28*-25.65/-47.96,-177.71000055872216
*5.13+49.54+-24.86+-33.16-97.34+/18.07-38.06+31.11*51.65*43.21-94.61+63.62/-97.64-17.8547.35,211101.97181365718
--25.54*-23.45-71.17/-43.06*-59.55--*-74.31--12.01+/*-31.9/80.96-39.99/+-59.16-8.05+-86.14,-306.9194536896204
*17.1/-84.71--59.37-28.87+*9.66/+73.95+-65.18--98.16-20.06++-77.89-1.57*-94.12*-97.7,-10.516444705368329
*42.33*16.53*55.07/-10.0/96.37-83.18/-30.92+95.46*23.74-44.84*-49.41+0.16+6.5846.65*88.05,-380298.82510222803
/88.34/48.39/-21.37+34.78*-64.06-40.1330.7/**-60.24**-85.02-40.79++-22.51-8.81+5.88/67.05,0.0463368901240289
+-7.77/-43.32-84.69*-7.51/97.58-79.51/-61.54/-55.14*-79.31/-61.18+93.9545.44*36.45-82.15-25.33,176.97784898782976
-92.38+-2.36*-67.85+-69.87*-29.76*31.48--57.785.84**-53.24+-35.84-25.62*36.58+4.3-60.44+33.42,-1190974692.5500536
*-24.73*-33.93*54.0335.86/+13.1-97.61+-99.89/-48.92+-95.16/86.92--75.015.0*+58.28*-70.8287.28,11564.115714659996
/-70.29/25.34+54.73*60.96+-26.45/2.3189.76/-3.61+-36.24-40.67--60.72--83.5490.95/40.83/31.65,-1372.1833761480905
*72.99*29.19/-40.67+-75.84-82.35+-*1.39+3.37-20.35/-74.44+-70.69/-5.64/1.2523.61*-38.04,94226.84979889632
+1.3+-52.76+62.86-87.82**-9.54+-71.2+83.44*-9.57*84.05+-14.58-*-65.71+*17.5858.83/-9.37,-3784651.1234504883
/-19.97--52.58/-94.89-92.58*+-87.01*16.17+-34.12/67.63/-47.41+-94.16--25.73*-77.82-50.76----7.55,-4488.838970057379
/78.13--69.86--20.82+-99.32*63.9144.01*--59.87*-46.54--21.01*43.2--49.33/89.47-37.03+-72.97*83.84,-2441968.6332581625
*17.91*33.62--30.87--1.09+26.05-19.94/41.44/49.64+2.12+55.03+-71.08*-59.9-2.2--98.47/80.77,-18540.714577602663
-18.47+-59.64-61.39/77.39--50.31/0.83+-86.06-30.89*+-42.79+-27.6+-17.37-14.41--98.84/-73.32/22.96,8.941043397089656
*42.26+27.5*-12.42--78.52/-32.68*25.1+1.0833.38/-//62.15-15.84*+-41.32*44.55--92.23-39.13,-9725.526598479315
/++-88.69*-9.75+12.79*50.26-38.17/*30.27/18.18*-59.77-84.65*-85.61--24.3+-68.42-19.85*-35.58,-73459.53389122256
*-94.03/-29.33+-9.08/-+64.12/78.8825.77*--23.4--5.71/10.01/-36.47*-81.45*-76.03--36.72,3920.106689772576
/47.03-30.22++-*53.85-84.15--30.28/80.03*48.04*-61.92*-65.65+-97.9/62.74-17.67+94.1844.62,667915.033179948
*-64.09+-54.91*49.85*66.23-61.56+22.7/76.69+28.2173.49++16.61+91.85/89.59*-40.5424.84*-16.3,207820.2999821298
*-79.69/93.48/65.95/4.43--48.86*-11.69*56.87--44.35/*+84.8458.77*19.85*-79.83-37.36/80.67,0.5248768718741159
+95.28+//-34.65-71.97--16.29/-83.67*-92.14+54.76*42.46-32.14**98.3+27.72/-96.88/98.4226.07,-151061.7984921485
*65.82-60.11/-47.58/-68.32*37.59-3.38*88.88+-35.68/61.59*91.5+82.47--24.39--10.01-99.27*74.96,471.232246806635
*+-10.0+-48.99/-97.55/-10.01+-56.02*-41.81-88.29*-61.4*48.15/-67.6410.08*-14.85/-79.65+-31.72,-302.68022730860173
+45.05*-77.0+-7.52/-0.71+-85.67*17.28--40.93+60.97/-50.15+7.25-62.96-59.29/51.89/28.05-83.53,-6464.163466595944
/48.33/9.52*-28.04+-59.07--98.08-87.77+20.58-74.45*+60.87/10.39-82.69/-91.4-65.7665.17--26.81,-104.118546386816
-36.53+33.38+-29.29+-98.98+45.8--70.65+77.74/-52.5858.2*--59.41*-29.62*-16.55*6.85/6.5-94.63,12040.21391027892
*8.28--9.2-*+81.82/-92.07*-16.0414.86/*62.26/-19.38+56.29*-21.19-81.4+99.68/7.53+-7.71,-61.128846626006705
/98.86+-+27.97+15.6--42.22/35.51+-49.28-71.63/90.48--62.44-58.61-13.88--34.52-84.85-63.02,17.839823729383376
/94.58/-85.67*-71.61*91.61/84.33*94.73*26.16*16.25+42.77***35.16*-96.95/58.13*91.0691.68,-293619.7217765829
-98.8*-16.13/+--*15.03+94.41-90.47*+-21.49/22.37*-34.63--95.33+-6.18/75.88+-49.27-88.34,28619.554571094737
--65.79-71.51+62.13+-72.66/46.4*-97.05+72.09--74.92+-72.39+62.8*-98.05*-81.9--31.3718.87+-40.02,-252011.23067241113
+32.75+27.9+-21.18+-98.38/67.04/-55.39+48.33--93.6+7.79+-71.02+-19.06-83.77+-1.7769.88--24.11,-258.85504297069696
*-14.81+92.49--48.16/-36.59*-64.67-59.46/-47.78/-94.57+82.93*-98.67-9.25*-54.63*+*+-87.46+8.62,98513.3277638413
*64.47+-67.8--2.9694.81*-74.32/-72.58+-90.53+-8.13+46.5-66.3565.15/+-67.7+94.41--85.782.37,-11721.343410397425
*-67.88/-29.77/-13.54*-62.58/-57.56+81.86+37.03+63.81/82.28*91.45*91.92*6.41--41.57-3.67/-34.33,187.67214781152626
/89.91+22.75*84.28--49.82/96.4+59.29--61.47*-84.7/2.3748.51*/44.71-98.66**23.64**-92.45,333002.5350864094
-24.87/97.68--15.35--71.38+-6.91/69.09/+--96.56+28.34-38.65-29.88-22.96--64.08/21.51-72.28,131.32686115644125
*-98.71/-20.2+43.58*-62.36/-97.67+65.49--39.59*31.54+40.7226.6*+98.95+38.59-53.16--4.02*74.83,-233373368.0000941
*-88.47-97.51--67.79-11.62*8.02/-69.45+36.92-32.77/96.04-14.83-10.18+/-22.699.72--93.54*90.89,-301827.87865948316
--76.45--82.06+72.89*37.71+4.3991.65/76.3--7.5/-36.34/77.2*-6.73-51.48-8.7/+-22.48/80.58,-75.03794879621277
-**98.87--95.45*-10.7*2.36-5.59+31.8148.05*-55.67-72.3999.83*--57.05-6.99++-54.58-26.84,67216.88433618643
+32.63/---5.463.14++-81.09/-31.57+-52.63/89.34*-98.4/13.15/-36.35+47.43/17.97-43.75--48.15,-83.30618184758393
+98.98+-4.38/-9.35+-81.68/-37.47/67.65*-59.5*-10.87+60.98/-47.69+-63.76*-96.85-12.68*-1.73--60.17,2277.6369622295397
*-92.3--28.74/-5.14/3.39+42.48+*+42.93--96.54-60.31-96.5290.78**21.05-54.66--45.782.02,-341641.0079073402
*43.71/20.73+-72.58+86.79+31.87/-8.5147.41---36.82/-69.0/28.6/-49.3+*33.71*-73.08--20.07,2514.28192750882
+-75.99/90.65*74.1990.42++51.51+-96.08*13.2673.51--30.35/-81.71+-4.48-13.57--6.72*--76.53*2.84,-27322.633349342923
+38.04--31.63*47.46/31.58*-58.44*-/60.22*-30.67-94.99/16.07-70.39/*69.13+21.2155.62-59.61,99671.14343084687
*-44.39--11.61*83.99-/*35.56+92.08-*+-59.2/67.65+19.08-84.36+-59.81-28.4//64.65-59.47,-10409.492716461178
*35.9527.95*-1.13/41.18*57.59*64.09+-+14.74-37.59/71.97-96.48--83.99-33.9650.9/72.79,35.31359006977554
*67.18+93.13/55.51+81.17/35.27*-/-65.58-0.95/+-62.34-21.24/5.84+-35.6532.77+*/21.81,0.29990106826550805
--8.19/72.38+11.76-/-16.32*/66.7*-35.25*82.31*-86.74/-86.18/40.82*-70.51+87.5-31.8579.39,-960809.0509570747
--86.49--13.52/-96.39/-23.92-74.17--92.45/30.02-6.93/76.68*-5.33--26.18/-/-51.79-18.97+-26.31,-285.3333869363828
-53.86*35.18*68.53*-63.02/-+-33.05+15.6*6.6261.09-81.88/-89.3271.54--78.28*+40.92*-26.14,1156446.585783034
*4.678.34*/-13.75/-78.63--33.25*-22.6-51.59-77.51--8.83+-84.8*29.1482.39*-22.65*-91.25-1.97,-4961087.041077316
-48.52-69.63*-98.71*-39.1*-4.995.84+/-61.43*-69.25+35.44*8.87+90.39*-13.19/62.09/-63.6458.31,1813323.9065381677
+-56.68*-20.38--+88.48+-1.45*-3.19/87.21--49.41*-35.45-28.31/--15.48*44.09--59.3543.4/94.25,-0.01280913291617163
-*+88.42*++-73.68*23.01*-9.04--44.54-29.05/+-53.18*-46.98+-66.4--54.2140.74/41.57*88.87,-562.9510497731454
*-*-88.85-59.17+-95.36/+/6.33*9.87-51.43/+-81.88/67.82+7.54*12.95/6.86/--66.66,57491.94473090327
/1.05/-58.19--15.13+-24.92-64.28*51.47-66.27*-14.4/-23.89/24.05-19.73--26.96+3.18-20.36/-75.96,-3294.929860031204
--18.44+64.48+57.74+56.45/-64.87/-2.57/49.16/-67.76+-21.87-32.13-+-15.24--15.13-59.64/--6.1,-96.50442082200681
--94.68*-71.03*-56.04/-61.95--34.6-18.09--3.4++52.83*18.29+58.77*83.89-19.29-5.79-62.83,-71505.18558673057
/-48.65+41.42+-49.29/-3.77+-6.81-33.22-41.38+94.76*26.32--11.38-57.91*89.27/-54.1157.59*68.28,25.52652841227099
+88.66/-93.7+15.72*-2.45/-86.37*-5.15/+/-74.16+-19.44/-26.39--81.7756.6**30.88-42.64+12.9,1566.546267909324
/3.78/-73.53*50.72+-89.76-64.05*//98.6*48.33-*-20.35*+43.8*-96.93+-12.7258.59*47.75,959116670.1929414
-74.92/45.19/82.23--81.17--72.26*11.26+-78.91-66.4--70.2----2.68--14.0622.85*-87.97*-28.88,374517.3247425094
/-52.99+94.58-+-0.84*-64.82-81.08--54.39+99.58+21.67--7.1+-56.06+-+--74.67-20.22,-179.0726946004315
/-67.27/-29.34+*/37.56*-57.93+-91.78/-84.7+33.75--96.02-9.91/37.51*-95.9298.57---9.97-88.09,256.25882364518577
/3.94*-74.94*-71.88/-25.99*-29.14+60.81*61.6-90.9/+-9.32+31.58/*-82.89/23.642.11*-33.74,-164.52585073903197
+-45.98-61.7+44.34+//44.44-61.97*32.732.44*-0.86/-58.9*-79.91-25.52+-55.73+-37.46+-99.12,-1003.9745936317973
*97.31*-98.47+42.42*79.82+48.55--29.56/88.02*-68.41-94.14/50.92/-57.42---97.5587.16+-16.85,-402700.0893972896
/-30.41-13.67-11.5--67.01*-21.84+48.4+-38.96-97.79/+93.73--96.74-66.49-83.01*-79.24-8.34+54.96,1191.6394878780234
+-56.36/-47.28/79.78-98.27*-57.09--89.41*64.72/-55.01/-10.14*-53.78+53.44/-97.1829.17/-95.25*92.78,-483278.9561414227
+-93.71+77.84/20.28+14.16/-8.15*-94.05-42.92/*+-17.53--32.16*81.1*-22.85--8.93-94.33*10.3,-169814.70111988368
+30.5--69.99/-18.92--61.08/44.35-96.36--50.85*-91.51*80.79++*-63.0543.75*+--12.1-71.13,-74692.67077091192
+20.06/-51.81/26.43+-84.29/52.82+57.36*32.62/94.7941.73/-57.26-28.71+-41.4794.67--26.14--49.11,26.891331725403095
/50.08+52.3631.0+*-29.25+75.26+-62.59*-77.39-16.6*-88.79-78.5/-7.74*-70.69/-80.07+/57.79,4305.8743009735645
+-42.7+89.26--57.37-10.44+62.58+20.73-1.48/65.12/85.81/10.87-58.3213.53+44.94*32.64-17.97,-419.2796091746686
/88.84*/+-91.41--64.83+-68.98+-66.18*-34.69/49.92--46.76+-71.8355.01---70.82/-70.22/52.2617.28,87.07912186351311
/65.81*-99.53/-33.36-45.67*22.02*87.83/-28.12+97.97*-87.63/-11.23/-80.5521.32-+-66.84-23.17/-87.06,555.5823417345468
/-58.79*91.53+6.8*15.83/38.89*98.86+*+*/7.12--62.49*65.53*-43.86*88.14-36.11-59.91,9147412.920993723
+83.75/67.03*13.61-++-66.02/99.97+-3.28*-80.18/90.45/27.78+16.97--38.0351.8*/39.7594.84,3.5615252845106014
*-65.4/-55.39+-54.4998.14-*1.8*1.05-90.22*23.17*8.05*80.94--72.42+-9.74-20.21-33.84--8.07,121701.00963909853
-65.99--37.55--97.07-55.21//98.03+26.63/3.227.7++-59.89/-73.11+70.64-84.160.13+-20.67+-8.63,97.8511562288047
+**-10.65+97.84*33.1*5.22+-3.61*59.81+91.59+21.26-70.14--42.7381.85*97.76--57.35*68.65,25142139.274809126
*-38.63+3.31--55.57+41.04-96.08-33.66*-62.32-75.06//-11.59+-54.11*-70.21*6.17-37.4-60.65+-24.48,-16389.824526409207
-8.69/+*-46.22--64.62-37.96--65.41/36.52*-43.91-56.76-*-9.437.08--21.18*96.46*25.56+53.77,-61938.90800794849
*1.56/84.34*45.35--74.17/-14.36+-37.3*-98.43/-57.2714.71/-59.66/38.63*72.93-74.5*--51.4-31.57,53.93453401452878
/-52.83//*7.62/-33.42*71.91-67.3*-83.34+21.61/49.49-24.58/-0.9496.71-21.2+50.36*-13.15,-18898.371451332914
-61.02*8.22+18.61+-79.4/13.48-28.98/*-80.56+75.9*-69.48/-24.58+-43.16+65.65/*32.85/-65.74,-2566.828135195142
*-96.56--6.79+54.56+71.41-98.97+7.0/26.05/55.19*-7.4164.86++-55.4/-84.34*26.6192.78/61.88,686.6304287053695
-62.73--81.99-12.22+28.2+-72.0--5.79*-42.79*-98.2+//82.75-80.6732.81+21.5*79.12*97.25,39630810.59231548
/-5.44*39.23--84.95-86.46/-31.8+29.6-97.88*-82.06/20.73-63.18+/57.18-98.19+57.57-13.8/96.89,2.286074951683886
/8.9+-21.7/-88.45*89.38-83.1224.46/-+*-49.88/-16.18+-63.98-24.32*-34.76-76.35+-20.91+-14.47,2655.5942002921583
-50.99-83.17*/-70.76*-37.78+79.6480.75-/-58.76*-48.59--8.94/-89.91--65.3268.25*-28.72+87.91++,18079.964812010203
+80.86+-84.66+-2.7+3.76-87.75/*-33.41--40.33/70.18*20.32**+-67.98*-41.533.83+38.55+34.86,-247758.56598632294
+99.86*-68.33-80.78--46.82-10.25*-++-21.46-55.96--97.17*-37.27*20.26*61.57-79.63/21.41+-7.57,99.16717451373498
*58.67/61.2--90.64+73.17--71.67*-98.17/-43.18+-+59.1/84.37-15.76*-70.5447.59*39.82*68.62,494442.72541244986
--89.32+-89.78*-2.55+5.81*-19.67*5.37*16.35-11.99/42.68-10.05*+41.05*-44.68+*-21.13-62.4,-852590.1220670238
*-35.54+23.47--52.28*77.84*53.9--76.21*-87.2+6.77-/--21.02/78.0576.49+-/-53.75/-62.38,-0.00019570253755358448
-47.61--7.81-10.05+/*-29.69---99.33+-57.22+-25.1/-7.99-+-81.45/36.34/-53.39-57.66,1607.6018688898423
/-93.4*-82.03+-36.59-94.439.18--40.38+-77.44-12.45*--73.7550.08/-14.01/75.87-61.1--14.91*62.09,-3477.765453671283
+53.79+76.13/-80.56/45.52/66.46--23.15/16.72--52.23/-28.18*42.33-24.93/--18.46-99.62/-77.74-74.08,-154.11525155383003
*60.72*90.58/-28.44/54.77--62.44-15.55/*-13.98+//78.51*51.43/-75.48+11.9756.37*+-19.4411.8,196281.25741213
/22.58*11.21/-99.58*+/52.97/-57.0973.06*--69.44/49.68+79.21+-64.15*-30.0927.0*41.68/43.77,0.04254952396450296
+-83.78*-33.24*-8.27*45.14/52.56/-27.29-6.21//67.71-4.33*65.32-24.13*39.89/-72.5/-49.4--52.82,-94217.57094377719
--12.2*32.9888.26/+-64.66*-39.06/83.99+-51.9+-87.98-92.54*-91.34/44.6*76.589.49-+/31.84,0.01739501022086254
+-93.45/-90.82/10.81+79.07--8.45/-91.08--26.74-69.25---15.91+-75.06-+-47.85/--69.2832.9+/,-159.18704873733722
+/+91.66*83.37--54.69*32.91*-30.870.2//-70.08/-5.74*-27.19-72.01+5.96-30.3/-14.73-+,-7528.741447832417
*15.56/63.64-76.3-32.84/-82.82+21.35-78.8320.17/+41.87*45.23/68.11-35.95/10.64+98.9248.16,168.2003590887012
--8.03-64.05-83.61+4.76--7.95/-73.5*-24.96-*+-53.9*-84.97/-16.0462.87+-83.88-69.26*-48.24,-3441.2919569020555
+-20.32+**41.0*-22.38*94.85--58.77-40.19*1.47/78.1/-49.21+3.77+-33.42*-93.81-*77.01,5418974.584235012
*-17.47-26.64/39.0/-49.22+44.04/50.98*47.73+-62.62/-25.61*39.48*-36.8341.55+15.47+-26.04--42.34,1125.5226961171393
