Formula,Result
49.64-63.3846.44---19.64-75.37-20.63-81.19-28.18*-^2*-^2/73.36-95.52-27.0-6.12-37.49**-*,-68464.28881759878
98.18-41.9977.5914.56-38.39-65.88-37.4169.28/-//97.47-43.56-20.5487.58-+^2--/+^2/^2,-1.8633435442260795
^-80.91-57.3756.6595.9589.4211.66/*73.05-28.76-54.86-48.18+^1/++^2-/+/-^258.94,38.05496583941296
-35.58-67.8567.16*7.1365.5388.8*/*+-^2-56.17+--^174.9232.56-38.49+^1-^1,-3720304.009974193
-91.218.78-62.74-97.5182.0683.91-51.89-*//++^1--35.81-35.02-27.9133.1415.0-17.17-1.04/+-*+,885.3924550487059
35.66-51.54-87.07-24.6161.73-8.06-76.4454.23--89.31-79.19*-^1+/-*+^1++/**^1,3758.497831394783
51.1185.0356.32-38.8131.99+-14.79-76.823.4/--*-43.9372.58-95.93*+/-^*//77.59*91.5418.87+,16994.67384335403
9.09-95.7-17.06-83.8453.4296.97.04/-*92.64-48.34-96.966.17--^1-^2*-*2*-^1,374030.1133268607
-57.3133.28+/-0.98-30.74-^2+^263.1358.33-75.3285.39-24.25-93.1713.6643.68+*+*+-/^1,4295.930866418502
-91.224.08-81.94+++^2-91.87-68.0-^2+^234.94-79.1773.91-57.21+^2-*--61.96-71.62/,-5016.881707036799
-54.06-62.5997.5945.54-97.6889.1357.34-*^-20.13-39.63-71.58++*-1/-*-8.53-50.45-22.13/*-/+,3509.0273393687316
-98.8575.4-8.27-1.1274.76-64.8930.94*///-^^1-8.5368.63-17.288.65-69.84++-^1+^2,-102.81028079969568
56.08-^239.53*^22.47-42.568.561.62-13.552.9393.3-53.48-^1-^1*+^2-//1,-372445.545280758
-20.3171.0125.44/-+46.6798.28-21.111.3914.63-19.3816.4+^2+/*-/-88.15-92.17-36.0-3.49----,124.25429686302397
-48.98-7.9958.92-0.0386.6690.14-38.99-42.57+--+^2**//56.94+-53.1-45.82-57.52-78.23+-^1-,-7552.972487742196
75.7299.275.17*/+^1-23.64-21.4754.0986.138.61-86.3823.9560.5/*+-^2+^-30.26-+^2,1684.61676837475
-27.37-48.95-97.64-72.1959.64*76.42-4.16-24.11-57.75-63.94-5.07/**+-^1*/*+++*77.84^1,5010.950976581887
22.45-22.72-74.0328.59-96.0580.65-24.2666.376.44+48.979.6276.73/-^1++*//+-^1+^1,66.65620057759904
75.51-58.14-99.9639.53-44.7352.56-91.768.57^52.64-87.8862.74+-^1//+-+^2+^2/+/,-4881.353456301877
74.8950.8364.23-52.6140.6140.51*/97.7282.27-63.51--+^1+^1/+-^125.7969.81-47.16--,264.76752076410435
96.8--28.33+66.57-60.26+^2+-20.0686.14-48.72-73.6386.99-48.38-33.52-55.94*-+^2*/+^1/,-723.4526299671599
-63.3741.8-30.28/++*5.5649.39-16.8-96.1817.47-^-^2-+70.48-75.77/--4.5742.77-^1,5505.225352361781
55.3-12.7751.5-57.3561.751.03-75.7579.19-56.95-78.5+^2^**++^1////-63.36-67.4-++,-12336.051795637637
-14.779.5-74.6129.5842.7656.33-16.46-10.62-58.0373.82*+^1+//*-+/^234.0931.57++^1,1402.515360795258
/-3.0632.9920.37--/-99.478.5287.72-26.67-80.92-18.18-85.17//-/+++/-3.09-^234.38*3.85,23.575969144309468
-61.8977.59++--11.0711.6445.81**-*-18.39-66.18-37.85-*+^2-58.5951.7725.9114.67+^1//,495306.9338911206
43.63-87.8491.4--92.9564.66-85.79-98.25-15.92+/*-*84.17-51.89/+^1+^1-^2/^2,16108.313796945657
-84.18-73.1219.08-52.877.49-73.44^-65.877.22-86.22-24.8443.43-60.1/*-^1-++-+-^1**/,1001.578079413329
-19.4732.42+75.6-43.44+*++^2--19.26-18.42-^1+20.26-10.95-2.08-4.5184.88-^1*//,-2960.019884998219
-74.362.732.26-21.9859.2521.47-49.73-68.6333.4530.22-7.8761.3*++2*+^2**+-+-^2+,103302.212933
-85.02-14.08-1.22-41.07-7.6195.6877.77//***-43.06/42.53-95.35-77.71/*-+^2-25.68-1.21/*,-304.5346210709106
-25.58-52.38+--92.25-98.9955.2++/-66.26.4355.45+^1-^2+28.59*/*/-84.585.83-31.52,-32.696389658406694
41.5248.2557.19-12.47-80.44-**-^2*-65.6790.06-2.23-89.0++^1*9.9893.2530.66-10.66-+//,1662166.1010567062
-33.9893.5881.062.4229.12-39.17-7.2665.94-35.35+-^2**----^2-92.74-61.3--+52.25-24.31/,-10632.891967157897
-60.31-18.4158.35-22.97-78.92-36.75+-+-^2--/32.12-0.27-^2-96.46-30.5613.9-49.38++++56.45,163.0248812867058
23.37*-98.06-38.6342.7421.28-61.96-79.43-73.8546.31-11.19-67.897.4/+/--/+++--68.14-67.39--+,-1310.4963667485888
27.16-15.33-99.31-++80.74-92.19-93.94-++/-11.733.04-14.511.51-*50.61-95.25-5.24+++^1+-,-198.41100987091878
-31.16-85.37-10.6910.8+-38.67-99.98-+^1-+^1+-69.5546.22-39.114.193.9868.87+-/--^2,-2077.8554843989773
-85.44-2.6435.583.69-68.27+-/2-++^-63.856.8-2+50.22-5.938.09-//-77.09-71.45*^1,6852.896302842882
-2.57-93.95-66.84-59.3338.5++^2-^1*/40.45+^2-1.8488.31-95.1377.079.55-57.5/+*-*,-3548.3461916246692
29.61--72.8691.7160.31*//-77.85-43.31^/60.7875.2/*64.9358.0372.89-88.8991.43+^2++/+46.92,29.609883799536593
29.9-2.280.3396.58-23.74-68.96-16.05-35.8848.18-46.52-28.03/-^2*-*-87.03-50.79/-+**+^1+,1078.0309656355178
68.74-19.53^-12.3861.898.33-81.7863.26-43.44-94.66++*+^1-+*/-^1-85.78-78.35+^2,642.2452299539154
62.6421.09-57.9-15.6676.26-81.85-1.0282.63-46.1-44.15--^1+++*+**+-70.24-17.818.14-*+57.09,-79023.21664
63.58-64.746.0452.97-55.03-4.9-/+--^1+^2-97.4970.52/-^2-15.337.2397.57-+^2,-3965.5120298616803
-55.85-57.76-42.18+^1/*64.76/-70.0-79.51-8.7760.75-25.9247.6//+^1/++-8.9+79.4378.86*,-99.35522578303302
-26.0991.954.9331.92--*+98.63-64.32-3.481.51-65.9367.43+-^1-+-*//47.5786.92-95.07--,2547.85515872283
65.186.551.85-56.45-88.9668.124.6-18.62-90.59--^2****+/-^-2.1575.4511.3-71.96*+^1,-666387.9655933813
44.3325.22-21.33-38.8610.45/*-^2-+-+^18.41-2.2452.49/-+56.1916.1-75.5-^1-,-43.63550599220649
-62.44--3.0269.1510.31**--31.319.26-34.11-7.89-/-/78.6569.488.25-99.12.54-40.47//-^1/-,2084.2054230674503
74.69+^1/98.8581.66-**-80.4427.2-10.1928.16-13.48/*-82.629.8998.25-3.07/+-^1*-,4799947.274207672
-44.18-9.72-27.09-56.69-49.67-82.19-99.81*--+-^1/-12.6895.02**58.672.41-+80.14-37.7-52.5/-,-9046.356625709795
-7.21-95.44-86.96-58.29-88.2-25.4481.9956.98-9.07-+/-59.7774.545.17-33.77--/+*/-*+^^242.15,-8414.300100856643
92.71/-81.2770.4129.51-37.15-44.8451.18-0.1686.7770.7580.7452.58+^2**//*^^1+-^1*,29366.90749242597
-54.38-66.73-38.94+-^56.72-53.2323.54--1-+-40.5444.722.54-62.62/++^2-^167.99-87.38*,7824.398027861578
-46.2699.64-50.963.1673.3-51.6117.63//-^2+^1*/*-31.79-41.3768.7969.95+^1+-+,15359.323936075598
30.56-40.9686.6570.9853.92-74.47-38.4252.67-29.69-95.24-81.06/+***/-87.81-35.89-*//*+^2^2,1268419.5765760927
-34.78-34.19-34.5-13.0862.053.343.31-20.4755.677.39--+//+^2++^2-^2*14.6631.82+,-783.5214886133306
54.5419.6444.0132.4554.52-53.9554.32-56.3368.160.62-19.53+^2+/*-+^1/+-*/5.68-98.88-,-444.5441452521837
11.839.04-86.7358.066.35-89.4170.7287.1++^2-/--19.0-44.7445.68/+^1+^2/+*,3555.163367224469
32.57-82.3355.24-75.66-64.37-65.46+-66.67-83.22/*/*/-/53.943.1-34.32-68.88-58.86+^2+*-+*,-2589.7589753635093
-63.22-39.4146.35-44.57-38.36-5.18-12.97.61+12.23**-77.06-15.68+/+^1*+^2++--^1,-3910.032250249672
36.2322.759.35-46.9640.44-24.1540.4441.3467.6418.38-6.57/+^2--*-^2*-+^1++61.9,23585.87845202644
-83.52*-36.36-25.18-0.52-2.69+--+-+^-75.59^-79.170.916.124.846.03-79.77-52.78++*-*+1,-10042.2893
30.7817.55-76.5283.2530.38-85.362.4848.39+/---^264.1224.03-47.75-11.21+/+^50.89-32.86//-/,-924.3428721122494
-73.9--^-46.1828.6567.46-8.57/**195.2288.26+^1*-71.2921.2753.95/-78.43-74.73/--/-,-7985.582893018662
-48.967.55-27.918.7561.7653.44-48.6999.974.07-/^1+^2---/+/^-48.0897.3146.22+*1,-2542.646897713604
-66.51-8.71-14.421.2621.76-*/^**46.18-14.02-^1+*-47.61-67.32+-^60.02-55.7837.46*/2,5950495.365721776
48.8296.35-2.1-69.36-86.444.6-60.68-67.8334.6-58.9-42.84--^1/--+^1-^1*^1*/,51.425588329814346
-8.2682.91-**-57.76-33.93-40.832.0-93.4571.0244.263.25-66.13-75.66-4.57****+^2--/-*/,-4075865.0280544027
75.6156.02*+61.94-56.3330.37-92.8487.9492.2559.35-^2**-*+-58.36+-59.58-39.7217.7//**,-750647.5664774481
16.5761.4579.96-38.27-72.5889.832.2738.8181.27++^1*-4.5783.13-15.1269.45*+**-^1+**+,-4331717.3179725995
-63.8473.45-33.1-71.1814.77-72.3529.75-38.82++-^2+/+-//76.6249.49/-60.5-3.1964.0122.18-*+,-5182.166186113605
-9.350.0524.79+*-+14.04-85.4944.57/--^1^95.69-59.77-28.71+/--51.1683.78-86.37-^1-,18.238468698562748
78.31-23.9559.9482.01-14.76+*64.01-65.61-//++-76.80.21-59.7440.21-70.4-51.59-^2/+^1++,-2732.556190754427
94.29/-16.93*-13.2640.77-59.7691.5576.3-19.9674.34++^1-^2+*++^147.56-41.8732.67/*,-0.0016888571519899163
83.3-33.21-57.65-75.78-**+65.1276.25-38.0325.92-24.68-38.77-38.85/--*-40.58-37.852.94/+-+^2*,-1678725.9506849034
98.78-25.888.23-39.2344.5455.629.8-/+^1-***-34.76/64.65*64.76-59.4551.88+^1+^1,-2154.4669997662368
-49.4531.3668.3-76.9433.8228.34-^+^1/**85.2366.85-7.3*-*92.31/-95.6626.825.04/*+*,34062967.37825626
68.2588.13-95.11-69.4581.49/++^-61.35-14.51-29.4546.8531.76+-*+2-^1+^2/-4.9742.55*,160285.29054264625
^--88.89-91.79-/-22.99-27.9586.938.96/+-/70.33-4.0919.94++^238.5334.09-30.03-+/-18.98,-67.17613740543143
-68.4156.99-24.5925.99-57.3-69.0592.1199.56--^2+^2/+***70.5-31.07-52.062.58-93.44*///,-8540.652509567055
-71.3974.06**-12.5696.01-57.316.12-+*/-9.47*-57.949.75-42.59-56.97*+^1+--12.64-^139.9,-388459.04653823085
6.211.74/-^277.36-18.5335.0267.6-65.0632.629.4+*-^2++-^2-99.0510.278.29+-,138332.85337968386
61.29-33.36-72.15-11.35-90.1370.54-62.4-63.6642.0572.72+-+^1---+////-12.6545.1**53.27,146.96999998748944
-80.9564.242.49-42.4439.52-7.8269.78/+-14.26*/-+*+-44.26-47.8846.82+/+*-26.3353.34-^1,-8272.954453173312
32.0293.5512.2166.3939.18-70.81-89.37-86.9190.4229.1247.01-/*-*-39.6954.41-71.08/-*+^-34.7/--*,-449991.9324510566
97.996.77-34.15--84.23--/43.46-72.8576.387.28-78.38-33.1-75.08-49.87/--^1++^2+/--,-155.06956361531056
50.12-68.12-51.56/--^26.0-27.63-91.12-93.11+-*-^1--91.769.5546.23/+^1^2,-2672.693938107372
18.791.84-32.23-44.09-84.13-69.2--^2*-25.52-85.68/++^1-++^2/-68.2663.3-98.72--,-4811.912172061263
-60.76-1.31-51.78-4.7752.7799.68-69.3175.16-21.65-89.61***-/*-^1-+*-28.96-55.265.74-+^1,-10111939.756186092
32.83-31.5840.47-43.9358.39-72.73-52.86-5.25-84.03-88.464.32^-67.5397.46-7.72//--*+--*/--//,287.0255203216612
-85.99.9-18.66-78.9281.37-41.0-39.9956.52-7.0814.19//+*/+*2++^2*/16.7329.09/^2,-42438.940687947266
-34.8-9.7-47.15**-*-49.68-79.13+^184.6826.15*/73.5298.56-74.792.4788.62*--//*^2,-15881.461190732962
88.1913.49-15.9255.42-/^-64.45-30.17-47.1339.06-**1-+*/39.23-1.78+/43.56-28.17/-^1,1676.586820065015
-40.44-14.5584.449.32--1+*73.2134.01-33.44-43.57-41.4-48.42-68.6177.58//*+^2//-^1/,9603.534178000216
12.55//-6.4871.7478.689.9/-/-57.073.62^-43.34-19.57-17.01/*+-^2++-78.3252.9992.25/+,0.0020585292470238527
-14.65-89.1-41.24/**54.144.94+^2*79.9465.4-93.95-94.28+^15.37--^2-^1-77.4335.39/,4897004.282255091
42.8143.6167.64/--^120.095.8250.0172.23-+^1-*-89.6756.1-74.6119.6735.63-+**^1,-81759.11897959183
-50.57-39.7624.32-90.6798.0779.9328.28-35.17-3.515.2344.15*++^2++^2-*+^2-**-20.53,849046.1740189998
-94.18-74.5-15.0-44.89-38.27-18.0+^2+^2-*+^1-^178.46-88.29-81.25-39.63-*^1/,-3085.6576132296714
-78.8197.12-70.5445.6140.2248.09-10.5631.7467.2334.68---^116.76-81.98-/^1++^2--*+,9124.3029
-55.4657.020.93-75.9166.0499.395.2734.34-4.6174.34-13.59***+^2+/--*^-51.4614.78-1/+,5497289.3485664
85.1763.52-31.172.24-27.7517.75-26.46/--^2/-+^2/-16.7433.16^-79.2-21.42-++-^2,-3263.826562004775
-82.12-57.23-52.9+++-0.691.78-22.48-6.58-87.26*+--^2+-66.2837.791.93+-^1+70.42-+,642.6424
-66.077.95-^2+^248.14-64.0-63.437.2337.1-10.9938.65*+^2*+//-24.81-73.3-6.35+/+,6080.132754487706
^-37.6-29.46-4.1-89.84-5.2590.58-46.4114.65-44.84-7.78+*-^2-^1-/-^2//+^1,-9745.029849082286
61.75-12.3-95.35-16.171.8711.82*+/+-^159.7983.0736.78+^2-^1---67.12++*-66.08,-5888.425014263241
-88.65-55.6-55.25-97.7452.78-43.46-9.9558.8-0.1690.0740.3990.12-8.0184.07-^2*/+--/+*+***,26621829.364823055
54.9651.8697.7259.26-27.0623.41-94.0172.6853.19-95.31-32.7-66.32*-^2/*-**/-^1-^1/,69941.9394889457
-98.74-^227.07/-48.68-52.4341.21+*8.59-27.18/+-80.5858.0981.75+-13.46-83.92/-/++^2,-9749.579404307522
52.0383.54+/*-94.5912.92+-50.176.23-62.0669.891.1458.29*//+++^17.3-99.7-50.4753.19--*,78.57804162989247
78.9217.75-*/73.44-14.02--26.6361.3335.19-0.92-65.91-44.51-82.97-34.72--^-46.69--^1+*-*-89.73,-246.4290046376875
66.47/44.6619.6264.88-81.69++-/2*--42.98-55.87/+38.5+-32.86-9.3/*-36.2547.5-88.45//,4662.566568701083
41.05-57.01-8.93-0.98-^29.16-/+-78.1262.01-96.81-27.82+^1-/+^213.74-^2.2375.8/1,-135.51247621769434
3.174.68-72.4999.57-41.2478.48-86.8118.4618.68-79.7131.3612.5832.1459.3729.91++++/++*/^*++*,4180.47959819303
40.1365.51-55.02-98.644.1979.59*/*-+83.7870.2238.82-61.0190.2964.35-99.61/*+^2*//-^2,-14109.572251278549
75.7/-49.62-32.58-84.44-30.0441.153.9368.2-1.09-16.338.38-*+^2+^1++^1-^^2/,95.13441660390166
17.5661.66-^1+94.351.3687.57+40.7667.7386.56+^2+-^1+^1---33.06-3.15*,7752.9826
35.8265.44-47.86-61.63-89.02-19.31+-96.5290.6685.8126.69-/^-26.42-73.28-2//--+*-/+^2,5463.335736979302
-57.9680.21**-65.1698.52-47.82-8.36-25.12+-^1--*99.5-39.58-26.04*^1-^1+^233.42,3259493862.951608
99.73-87.1312.07-73.65-37.1835.74-+*--/-1.5679.18-48.89-57.24-97.2798.75*+**+*1-+^2,-11042.384928666119
-42.96-13.3767.54-46.56-54.46-61.36+++-^87.7934.1556.75/*2++-84.55/--87.53*//+^1,-21433.494590760543
-32.24-97.14-25.06-14.9319.1755.12-55.14+^47.88/////-^2-99.4342.69+^1+31.0155.94-^1,-23.329999923887126
-44.35-49.32-23.5-^1-+54.896.88-98.0-38.56-21.98-/16.2-61.72-62.5-^2+-^1+^2-,9664.725741406828
47.4925.6224.7221.5134.859.05-99.5476.4895.1/-/1+^2/-^2+**+^2/89.1+,1438293.7857664714
-72.05-21.8850.62-3.32-24.5737.83-79.2893.373.4160.91/*+-^1/-^2+^1+^1+^72.34,1091.7290862563993
-9.25*5.7283.0417.6-57.7***++-1.617.4235.0570.13-91.19-+//+^2/87.27-35.75-34.82/-,-476971.54257418495
44.74-76.8984.1487.67-60.45-50.33-57.58-11.35-49.1335.48-16.9638.59-57.02---/+--**+/++-69.41^2,-271537.26021986204
20.27-53.94-56.23-93.69+-70.16-56.63-36.7984.11-76.07-35.8487.35-5.5-10.54/+/+/+^2*/--/+/,-14.410476779239795
-70.081.2+/-37.0363.2524.69--+-97.3133.8460.6716.25-79.2199.15-54.4782.6+^1*--/-^1*,1.1640194309075869
-16.23-18.6468.6215.3849.5381.39-94.4599.77/^+*--//53.4144.217.1529.52-46.3297.23++*+*-78.96,693.1364269238726
32.4874.89*/-97.67+15.6461.895.5197.3940.4532.79-70.38-^2+^1+^2+^2-^2-,0.40168093101874286
54.1999.52-40.34-55.96-98.49-7.1544.8786.24*90.46-5.6751.06+^1*-^1*+^1/++*+-,5942.929875524477
44.2*-80.02+-93.8254.3878.0730.4963.93-67.081.32-^1-^1*-^2--+-/+^2,-59297.06245454144
-23.031.71-25.66-15.12-25.4334.8197.45+-70.61-22.612.83+^1-^1/*+--/-^2-^2,-73.40575925822485
-29.53-19.9-35.07-5.0222.1614.76-4.24/**+^1-/*81.3939.12-37.41-79.55-91.49-+///2.8-85.49+,4.932203481625859
71.88--23.267.997.3411.06-98.08-53.7174.9680.01-33.24+^1-^1**-^2/++-^2+,-38730248.89095022
5.53-9.7498.98-41.73-48.2710.2985.67-93.63-72.26---69.76+77.56-69.15/-++^2*+^2+*-+,-4404.127779181538
-50.33-79.71-86.1231.51+-+-^214.7497.53-24.94-27.9420.9-^2**--35.425.44+-^1-97.23,65189.19680800002
53.98-78.36-99.79-36.3293.85-29.61-99.0458.84***+-+^1+/-59.6727.18--^2-^1--74.8,519272.0428597145
54.4461.5710.0642.4-86.89-93.5586.37-1.01-46.45-/*/+/-^2**22.092.06*/-64.6224.61*^2,-44.534210484416136
-42.18-56.1960.02-72.6947.24--/--*36.06-59.1383.94-60.4-67.97/+*--74.0150.1288.54-6.73-/*^1,-210831.59869201918
-63.248.98-33.01-14.2334.2-6.5-97.1157.0390.93^^1--+^2+-/-+^0.86-18.88+2^1,581.8243485504288
80.98-91.4973.3914.868.94*--^2-/-43.5182.36-23.81---^2.4199.32-74.99-87.96-+^2+2,-4274.290097451767
-12.6246.7363.5824.02+^1-*-+^59.0270.9279.9418.22-^1+^1-1-92.1798.68*^2,838944.5948520001
47.19-62.8516.1957.98*-^2++-28.9572.17**5.02*-7.9312.323.9335.68+^2--2*-/,-2852385.5316407764
-25.06-16.3535.49-+^2-23.018.09-89.3595.1225.49-66.8739.0+-*^1+++/^-44.5911.86-1,-1221.800463153233
-74.6365.43-28.030.93-72.44-81.59-53.11-78.2919.64/+^2/-^2/-+*-31.7-3.7227.82+^2/,-5659.650072607051
-87.2-5.49-27.69-7.25*/-^2*0.8/50.1485.8465.2-71.67-92.28-95.289.2585.67+/+//-/^1,-5.820570161628591
8.34-49.358.71+^2/+^1-26.37+-78.57-40.6724.6787.74+/43.8398.92-58.22+^1+-^2^,93.55572432210916
*-47.81-59.18-**60.45-11.1259.5-7.2196.23-5.13-49.1538.31-60.7775.87+^2+^2---/-*-,651606.5360447223
83.3160.8616.8985.14-^2*-+62.69-85.7336.6821.49/+*-^/21.84-1.8897.81-86.52-98.6+--+,1022.9663778625945
43.13-1.859.4774.4883.1849.8288.7944.71-52.84-^2----+*/--95.7492.33-*37.6959.539.23*+,-222119.270411674
-5.8715.3243.71/--+2.24-88.79-17.6881.86-57.6284.61-83.96-26.01-*-*/*/2+^2--14.93-,-311621596.13044083
-79.73-32.94-11.33-28.3426.56/++++^2-4.4826.84*35.7-39.56-68.5964.72+*+^2//-0.3176.73-,107434.27349547626
--5.58**-5.7-21.45/-^1-31.36-34.43-85.83-71.32-75.38+/+*+^1-92.2821.1823.53-^1/,-323320.419018968
90.34-6.099.4460.3458.3**--5.3596.86-31.71*-^2--+^2*+-11.32-36.65*-^2/,-1046773897.5369313
-24.11*-56.7530.62+65.38-82.61-42.1541.12-33.92-29.26-75.3881.23**-+--+++^2//+^2,178838.8611309252
33.1755.85/-^20.4813.86-99.5621.96-14.1486.72-/98.33-^2*+-/*+^2/^2,-4104.527890215806
87.1839.197.4484.96-+--+19.12-97.7265.1317.0264.659.09+*-^2--88.1775.2-^50.98^1,13158.483839999995
73.23-49.7444.5632.0892.53-17.83.6624.5++-/62.6283.37-80.1+^1*/+^1+--^2*,1943.0623411444144
-40.93-58.72-8.19-56.1875.05^^2/++2*/97.1864.51+^2*63.1357.04/-^1-84.75-44.56*,3500.9288432119292
-16.89-37.71-2.49-35.3899.2393.01-67.9-11.5/*58.97-45.94*^11.05/+--/*-49.59-90.21-26.96/+^1,85.64535633619846
5.0395.1147.69-99.67-77.11/++^32.58-11.69-96.2869.9-71.11//-/2+++^2+-66.0263.14+,2147.9625380761486
22.72+^1-30.26-^2/92.1-67.83--69.3191.57-15.5819.82**/-+-36.68-^1-30.42/,-893.4590386810626
-12.79-29.15-67.2-70.44*-+^-1.3326.545.74-57.8680.4945.79-79.29-*64.2775.63/-^2/*++2+,6322050.7807695195
33.7941.85+-31.8529.7-69.77-18.59-64.6-78.09--66.12-57.8651.34**+/----^210.21-75.26/*-,201174.65793959823
-50.2310.3222.43-61.69-42.7850.8598.34-68.2157.2529.45---+^2*+++++^143.2534.27-49.71++,-11867.189280252165
59.272.38*+^117.8594.3-25.7935.3523.81-83.2139.162.56+/+-33.96/*+^2*-*++-50.65,7588.465569163631
-16.3118.0397.09-64.474.64-64.7-89.8940.2726.82-45.5873.07+-^1-+-*26.6127.3265.08+++***+,-18330.143928452584
^26.956.04-^1*/-78.77-90.0135.3695.0822.750.1722.6554.69/**1.98-63.4+*+^1**/,5.519670598234779
59.2680.09-17.5537.51-44.35-9.15-52.97-18.78-18.18+/*+//42.834.84-2.59-*+^2/+^1-50.95,-13.333022098337281
37.9661.16.69-84.62+/-*11.41*-47.5-99.72-21.45-31.95-75.12/+-^2//-*-30.0999.92-67.21-+,-68132.26766787533
77.3220.48-97.830.11-63.6727.2819.4819.33-27.12-64.93-87.1-36.52-+++*-+**-++-81.3998.15+^2,187780.06306343392
-85.5142.5597.13-61.4694.47**+/*27.86-80.18-58.345.96+^1/+/-67.9577.08/*-47.35--77.28/-,-563952.4943180647
-85.65-89.76-93.8495.11-12.76-13.01-79.88-7.94+^2++-54.28-97.66-42.57-95.1886.6----/+^2++/,235.76429135598806
-13.9116.45-40.9810.08-47.9126.123.71-93.29/-+1/*-47.75-14.9860.8527.08//--^2/-+^2,-180.18413876738987
-68.43--98.0770.7156.83-47.7343.71+*57.65-33.5776.53-+-81.3263.25+-^1-^1*-/--61.19,7905.445619245944
28.4219.19-31.9421.49-63.37-6.8359.97-91.6711.04+*-*-66.51-45.97+-^1+**36.6867.75+/**2,-3023152.8453132
-83.430.26-64.8417.6-4.3782.8373.53-**/*-51.43-52.9646.51-+1+^1*-^1/98.19-99.65-,-1863.8152504385246
-66.84/-81.08-99.33/-+*-31.03-74.92--36.8841.0-34.91-41.3645.348.43-//+++-^-51.0650.85*2,-6741442.453241776
-38.6353.2778.3816.12-67.81-84.93-16.01-15.79*-^2*-^-50.04-12.96-0.7525.3895.33/*+^1/*//,-1713.3795669526696
57.7-4.4228.71+--+/-76.81*/22.28-68.29-41.92-86.44-5.81-53.96-*--+24.46-86.97-17.71-81.86/+/,333.6385304677453
35.95-40.94-98.62-9.75-53.28-62.38-59.62-10.5290.49*-/+^1*****-95.15-^2-48.0885.78+^2,-1233845465004.7385
29.3358.1870.2656.48/++*-43.342.4123.7829.41-75.83-96.25*-^1/*--16.45*88.44+*^2,-42654715.96888062
37.92-93.04+96.19-2.650.79-73.19-55.224.6359.9*-^1-*+-^2--++^2-92.18-78.12/,-306101.96536366333
-50.79-94.9380.64---98.63-30.489.88-26.69-41.289.0418.8461.296.58*++-/-96.02-61.1655.67***-/-,211871.3792025378
99.89+^22.2430.86-10.62*-+^-^242.755.24-17.22-/+11.9187.0476.52+^2-^1,13254.845973099415
^-11.04-89.0-31.72-^1/-*23.99+-98.57-63.51/+-20.2952.5735.194.62--^-31.41-58.71*2*+,268005538.84782958
39.319.347.09-81.03-42.1568.562.07+59.16-31.89*+/+^2*-+^2*-/-77.0756.62-38.57*-,1929.0971365267096
-33.7-94.63^3.85+*79.6955.78-44.5970.49+^1*79.64-69.3621.6397.23+^2+*/++--,-115430.19409107209
63.7379.4620.1893.04-88.08-66.5425.98-8.2837.45-79.6823.187.9+^1-*-*44.8342.59**-*///,593810.3170266286
-43.15*-93.21^-52.98+/+^282.31-41.93-80.92-21.86-84.07/**//-15.64-15.24-25.69-74.26+-+^1,2353.865372817386
70.28-33.0733.6-63.0631.0391.390.66.64-41.2-67.08-21.62-^2+-*---^1--/+71.8^1,-466.21785361411486
*95.929.11+-26.89100.056.73-48.5549.5361.71-60.39-48.8569.03-44.61///--+///+^1/-85.64,-2.3170111634074657
/-86.91-7.7381.3-/--/*-90.2699.08*38.5740.33-26.146.0548.24-32.38-+-+*-39.94-21.71-33.48//,304.66078876218035
35.06-73.0-13.3453.85-42.56-74.9533.41-*+^1-+*27.3674.62-69.54-48.7692.32-68.65-46.15+*-+-/-,-88685.72602467836
-30.64-3.83-98.09-61.4370.03-86.5633.0392.619.491.07--++++^1/++^-25.1431.05-97.5*+2+,9317809.551486595
22.2888.81-97.5-22.1513.4694.112.8352.64-33.783.21-69.71^-/+^2+^2-*---^2^1,-7241.63603819209
-76.62-45.3651.8914.97*19.5875.98+^1*/-21.38-36.51-30.88/+-*-40.4289.3826.8634.58*/+-^1,-4900.42126708259
67.23-78.31-54.29+-75.08-47.67-22.5255.15/39.01-17.0-***+***+^2-28.54-22.27-30.62-*^1,1398238310.7886617
-48.9483.49-31.31-42.76+//-^1/79.4450.59-79.28-63.38/-/24.74-4.74+-89.192.42-83.7325.94///,-42.7604672755595
49.3537.999.59**/-15.36-40.0778.5-84.2666.46*+*^1-/-46.9217.57-71.178.26/-^1/*-64.64,-98562700.59767272
-55.5136.54-22.0714.9971.58-56.13-95.8***++^1+-60.0780.48-94.04-62.53/-82.39/++^2+-,5773649.47701931
98.8992.7664.9287.41-29.98*21.0-28.22+^2*--29.75-88.16*-^2+^2+^2-11.28/+,2031509.7343831195
-65.1139.17-18.24-25.62-22.6-12.9892.63-75.67-//*^/83.67-76.97-26.01-40.3898.5-+^2-+^1++,-101.61023798675328
95.18+*0.7-30.14-18.93-53.2556.1333.7844.91-98.56-45.23-11.88*-+-+/*-^1-^2*^2,1774.4224997183098
93.762.71-51.5229.83-32.1520.89-9.7122.08-50.24/**+///^+^292.62*-89.31-97.4-57.34/*^1,-13187.866443361676
57.97-73.4350.6277.94+-21.4371.14-8.0622.8716.1-22.55-^2-/+^1-^2/-^2++-,4380.422779118903
-67.0741.28-51.8211.5517.073.1938.22-99.21-81.4249.4514.1341.69-^1-*---^1+^2//-*,1526.614096652415
52.1268.4431.26-16.77-72.87-95.84-61.9944.582.87//-/^50.7742.0727.3+-2/+^2/+-^1,-121.11460400292785
16.22-25.551.92-87.916.0728.04-73.0382.7723.73/+-^2-^1+^2+^2-^1-^-77.81,-13334.539101920986
89.695.4983.57-93.1763.6725.57-97.8360.3236.2824.3690.09-/-^1-^2+*/*-^1+^2,2931.599655238004
-29.0916.5648.18-67.0285.1994.94-13.19++//-95.89-34.1395.489.4869.85+*+-/+^2/--10.2-75.18*,-685.6552678527914
-85.164.0311.22-63.8/*-^2-14.5645.9178.18*+/-87.69-21.54+*-73.0-76.2489.53-50.37-40.59-//*,-26816.96877517335
57.21-6.89/-99.79/80.942.65-59.2348.8-/+-^2/-93.16-20.43-90.8540.82+//*-^2-*,-4384.040879493685
-2.72-44.32-98.3-48.9461.27-^1+/---65.4169.51-11.492.464.83/*++/-38.34-18.07*95.1398.29+-,252.1879800201705
-66.4232.9-89.7583.15-68.63-45.122.1-3.8261.2-60.18-71.81-7.6/+^1++-^2/**/-/*41.6,-56.397295197020924
34.6252.280.38-10.28-66.25-43.31--^95.87-71.6688.88-12.02-89.5150.9+-/2*/*1+^1+-/,-6622.139686291192
74.86-94.8961.829.6-83.23-81.44-78.23*+/-++^2*80.82-23.7489.07-24.2643.111.4749.37/--/-*,138061.32696427678
95.1835.9233.1-3.6934.6-60.2457.65-68.87-93.55-68.492.065.15-24.4541.3826.58+--+++/+*+*/--,-3610.035836686046
-32.9230.6515.48-17.32-25.86-++^2-^2-24.38-65.654.1631.3314.5446.18-36.5297.86-**+-++,-23351.994044000006
-88.76-77.14-97.83+^2-*25.53-93.01-50.16-9.816.993.48+*^2*/---23.2-88.3895.59-89.47---,6661.756533910335
0.4881.5/-/99.050.04-39.4934.73-50.8166.39+^2*/+/-+^2-41.2125.78-27.295.2++*,-1076.1449171941026
-29.5645.6248.63-3.9870.32-16.0638.16-29.73*--++^-59.22-97.2-6.07-84.9-/+^21-//^2,-1336.856222530237
84.3946.8370.39-64.81-84.481.25-*-68.52-22.1780.27+*+^1+***84.5431.91-18.8734.772.65*-*-,703395954.8331017
36.28+*84.32-24.1681.82//94.4340.3264.686.25/+-+--9.4281.7447.46-25.4385.93++^2/^*,-141.72335371790476
-34.75-17.51++^161.0835.2292.56-70.88-^1/++-61.9926.19-73.2141.1613.234.33-----^2,-665.4641522430437
-13.08+84.8548.9931.6310.24-38.47-50.27+^1-+-**-31.15+^2^85.06-73.08-48.37+^1+1,8943.648
46.5866.23-79.32-55.682.55-93.0956.867.5653.75-31.9718.1945.54-17.1+/-*-*//+^2-++^2,6138.548788855622
90.82-21.5-25.1418.87-74.47-/31.08-84.8931.5566.28+15.29***/+^2/+++-15.47-88.96-25.04*+,2206.073597890177
86.55-91.749.2822.54-81.0264.54-36.5378.064.55-1.8241.4314.32-34.43/+--^2++-/*+^2//,423.96242976144543
63.8195.87-31.69-61.71-63.31-3.67*57.77-^1/-*32.02-93.71-42.94-89.8*++^2/*+^1-,-158989.94122128765
54.4-32.29-81.35-92.04-^2-+/-65.96-73.13-83.23//-56.6276.592.27-20.48-52.36-38.3418.22/+/-+*+,-8358.54633898664
16.24-48.5-44.2289.75-75.51-94.177.5-2.5-56.4296.5-63.24-59.6-67.29-**-++^1++--+-^2,-366308.106
4.0997.0923.9465.8871.0425.06+-^2++^1//70.76-28.17^+-+-8.31-7.8421.820.98/+/,5029.6209265576135
-41.6524.09-50.67-^2--^98.92-46.36-31.26-31.3312.8129.84-85.67--*+^1+^2*/1,-3899.62971589163
35.04-27.55-42.9989.5592.38/*-+/-29.97-80.6492.12++^-22.67*-33.2143.75-^2+^297.28^2,1.609655485756559
-12.8989.71-97.26-29.99+-93.7748.9716.4659.16+/*-^2/+^1/44.55-38.3810.4375.66+^^1+,-870.7505653553912
-85.37-11.66-62.74-42.7186.9963.53-85.8561.34-77.03-55.59-61.5855.6455.29-^2*/-*+++//*-^2,7779.00531869252
37.8-42.31-11.85*++^1-8.4116.53-46.98+/90.76-59.12-0.2866.97*/-1.4531.95+^1*/-^2,703.5145219449571
22.1973.16-56.43-74.93*-^2-^1/-40.89-29.2941.28-73.3921.66+*/+++^2+^2-6.11,238529.81233265577
-3.86-89.24-7.9198.2539.2-97.06-16.67+^1/**+*-12.443.16-++-2.6327.02/-96.018.86-^1,578.4500660985879
-84.23-5.0630.09-27.226.0525.8597.3590.35-96.322.02*-*-+*+^2*-^2/17.52-74.43+^1,-15421.558976229131
87.6329.0964.01-37.558.02-10.39-3.7451.21/+++^2++^2-**-81.98-66.611.77*-^1,-64349.429173368975
-54.85-53.56-32.02++-+-73.95-19.95-46.23-3.4460.0/-//-45.3984.07-50.1157.8456.31+/+/+74.42^2,-5770.201733974749
45.39-76.7913.8-12.28-45.3639.96-5.61/-84.6283.7198.25+^2+--^1/-^2/+/+--88.28,9858.952491298258
-96.1-9.6290.43-56.9158.8826.47/+//71.1736.86++*-37.44-57.98-85.030.0428.5***++^1^1,-53802.2395589756
**-91.2779.32-9.0547.45/*+^2-4.4175.59-69.76-73.124.56/+^1+^2+33.6765.79+^1,15777770106.74827
-4.93-11.02-55.7453.17-24.4677.32*/-98.41-88.2744.52-18.7475.59-3.56+^2-/++//-^2-/+,-13.384300479577401
+-85.6118.582.47-9.88-/+^2+--29.6670.05-+^219.7890.9723.87--^-0.6688.91*2/,-4530.785161282273
60.2222.6848.3-88.3477.68-8.1-93.68-82.7829.84-57.06-97.09-^1--*-^2-/2+*-+--11.48,-730772.2538720004
75.7-27.7298.72-87.8693.0463.28-95.9364.7673.3315.0260.46-71.75-81.52-44.15/**+**++-^2**--,879824.8766356439
54.14-36.24-12.62-45.62-78.768.72-44.4386.8294.4697.2635.66-+^274.3513.25+///+*-^2-//,-424225.5273651763
-60.449.4540.01-64.56-71.992.74-75.728.812.9534.33--*/+**///4.92-72.3158.01-+35.9469.91-+,826.9671711981995
46.3989.553.342.87-3.5344.98-12.2-*71.73-49.55--63.14-61.61-32.55+++-95.24-50.28-21.28-+-/++/,24.271637070781487
47.92-38.0248.24-36.16*---59.7314.14++-76.8613.6683.3632.49-91.11-84.22-9.48-83.66++^1*+*/*,13497.143672035141
10.2524.92-69.5281.8766.53++^1-/*-29.7968.77-82.81-68.9389.17-60.0444.99-++^2++/+11.04,-19160.11466808315
+30.8431.5125.5821.46+//++^2^-31.4572.32-/31.81-97.82-1/15.86-5.0615.9-33.43***,-3556.504462415905
94.47-34.72-1.49-10.92-89.9945.78-4.89-20.5981.8/+^1/-18.19-2.71/-^2//*-^1-,36.45109575432946
-89.38-18.3152.1973.96-20.35-59.353.9186.92-74.9582.53/**/+^1**--^1+^1+^2,2124.9116476645186
41.24-^1-92.79*-49.5678.35+^1-^1-3.7-54.9376.58-58.69-29.4761.5942.4161.62/*/-/*/,1938.685560216235
92.8264.287.07-40.8-31.782.616.25--25.5422.81-15.13-3.74-84.25++-^1*+-^1++//**,562.2723569312046
0.531.94+-61.61+-*--69.7659.42-7.84--+54.28-80.0-53.94-70.16-52.69-13.4+*+-^1+^1,-3908.7203999999997
45.0247.85-40.78+89.63-93.64+^2-+-27.48-98.77-+*+^1-93.1898.68-56.9743.34-79.83-+*-,-12086.5622
-75.61-65.2398.31-38.03-55.97-23.2559.11-57.45***+^2--^2//31.91*5.40.03-/68.81/94.55,-247344125.59967086
63.514.3830.53-25.6973.67-20.6196.9516.09-6.34-*/-++^2*-^2/-69.6-20.3145.79-^1-,5648.361485191728
-87.9385.97/^56.07*-40.2629.17+-0.8284.8+^2*-32.5120.91-41.38+*+-^1/--21.35-7.73/,-2.237195907917116e-06
93.5497.29-51.42-82.0-81.02-80.67-79.5388.786.97-35.55+-^1//++^1++^2-^1^1,-2831.8802379609683
72.3831.4-^2+65.26+68.3842.44/-83.62-68.6633.1329.59**+^2-+^2++^1*,-4612088.52504652
53.43-94.456.57-*/45.9935.37*+^294.7847.39-54.1620.071.4/--+-88.48-95.87-32.8976.15+*-,6.640309812386046
35.15-45.98-3.662.6480.8537.83-63.31-67.86-7.11-66.1687.13-46.52+^1---+^2-//++*/84.26,4478.154100892151
96.0-17.58-84.32-20.044.77+^2/--^2+9.53*-76.99-++^-54.39-92.18-1+-0.52-48.34/,2254.678030112392
37.23-4.59-17.4-34.2249.03+-^1*++^241.3420.3^19.77*/-^1/-9.7127.23-73.13++,1285.8626461561557
49.36-77.89-69.32-85.5151.0797.7986.22*////-^1/-99.03+**/-43.35-97.65-37.18*+^210.42,-261.79908451255363
7.8-77.36-++*-4.64-45.16-20.44+//-78.1820.185.01/---3.43+37.8-14.42--45.1599.71-*/*,-11464.325006511579
83.7173.5-62.282.0111.11-13.9+--^2*+^2-^171.2538.87-56.0698.44**+^2+65.0,8674237.03723816
-56.33-39.778.09-59.0-86.5792.5820.815.06-85.63-61.54-*-/-*-/+/13.03-97.67**-74.52-35.35-95.32/*,-14408863.040514898
79.12-3.639.769.6921.1143.2-76.994.66-18.52*+*-71.6267.84-53.75+/-54.680.43*++^1--+//,260.440187001566
56.29-61.85-74.4-99.28-60.7516.19-38.4858.5415.84--*+^1//*+*^44.71-41.98+^-82.741^2,2875.1279243428494
-6.2345.28-81.19*+^2-^2-96.29-67.28-73.29+++-30.7939.5-90.0-8.68-28.6222.52-+^2+/*,-167167.15502637974
2.5187.998.56*-^2+-11.8663.59-7.81-44.45-25.83-6.3813.21-85.6930.03//-^2/+/+*-,65788.93927108811
85.11-89.39--96.7153.97-35.68-23.5422.9663.42/-/*-+^2+^2*--37.07-65.53-4.292.15+*-,557.5984061084969
80.55-26.87/+-37.92-53.5296.87-17.1-80.67-28.09+///++^2-18.0559.9340.3139.17-^2-*,-3342.9789114829673
-32.37-61.5254.34-72.6963.11-90.79-73.145.83-++*64.56-6.94-21.7599.634.38-27.33*//*--^1/^+,6224.180497806889
-30.57-68.7924.31-78.93-0.24-62.55-79.91-93.8277.87-16.61*+^2-^1-*/--*-+181.01-87.04/,-102858.53557990245
-38.5541.58-57.84+-^1+-8.85+^231.45-98.1381.42-^2-*-91.32-18.25-85.91-25.08+^2/+,29177.531536164377
^-37.0778.76-83.95-24.77-47.92-82.8531.8136.63-33.31-3.93-4.93-45.9167.64-*/+^1-**---/*-,96584.19400951262
-25.0519.5834.0850.3740.52-64.2364.75-85.1279.2928.88-20.26-12.7-40.11-28.4/-^2++/*/+/-*+-,-1776.860566211111
17.85-29.5753.65-73.9362.9985.22-22.5993.28-41.44/**+/+^1-^2+*65.4272.98++-^2,99357.25051867451
-10.9669.14-49.1351.6895.0235.04-96.69-28.8799.57-/++-51.9496.59-82.98+^2*-^2///-^2,-10586.451975271979
+88.3550.2766.91-1.47-42.32-61.36-*/+-/21.2812.79-58.29*+--^212.2318.74++91.73^2,-14702.94492868162
-52.12-79.81-11.09-57.86-55.48-10.6872.9543.7389.6//-+/+++^2*-85.59-94.54-28.90.19-++^1,1503.1456530918404
-60.9670.13-10.3768.91-39.05-1.2693.417.5/+++^1--++^1-83.3683.0285.91-56.55-++^1,-234.83970881061984
67.11-71.32-45.9-19.2-27.587.54-31.0637.55-68.8310.2317.7588.0297.84-++^47.62*+/^1/*/+--,-382.88020969651967
-84.3174.815.3459.3647.4699.61-83.68+*+/***-57.47-82.93/-^2-54.1781.0797.9975.33-84.56+^-+,-2964231.6375050535
-45.4618.0136.25-4.2948.7871.71-84.98-55.29-90.54-93.16--/*/+^1-+-+-5.8646.79-21.34+^2*,-710.2314621528776
-8.12-*-25.7614.5468.5933.09--^2++^1+/*-66.7-63.6137.31-79.7351.25/++^1+,-4194.084470020989
27.61-23.84-83.2780.0679.07--^242.3286.87-16.66-/-17.6297.52-68.8*+/^1*///96.54-92.76+,6146.287982481283
-82.06-67.2-85.14-10.98-98.0988.0974.45-83.343.69+93.25-35.959.27++*+^2*+*-*+-^1-,-418846.84462499997
-68.7166.4317.64-37.76-22.912.1244.084.5-66.1369.99++^2-^2+-/1*-^1-^1+,-5332.3809
81.6112.1279.9937.25-21.5199.0214.3627.76-86.9340.71-10.73*+^2+^2--^1*+/-*-61.85,-26376.546265324396
97.54-29.22-83.0730.1940.13-44.8843.26-85.18-87.48-50.11-+22.9439.24+-/+^2/+^2**+^1,73477.45767349415
40.29-91.58+-84.25//-7.58-8.32-33.33-96.73-/++31.556.82+^2**+^2-27.1777.2261.42*/,-418.66127859640517
82.872.04-16.1-39.81-74.949.54-68.6893.75-7.39-^2/+-^31.4-4.47-1+/-+2+//-72.6,48.309847540720526
+-75.85/-20.12--4.99-//-9.77-40.85-85.880.1186.17*+-+-^1+97.98-40.17-65.76+^1+,-88.23716914708109
-8.0335.31/*11.22/82.71-49.79-91.9170.64**+-1+^2+-^276.94-55.92-77.3526.72///,0.009908672767087666
96.59-98.6384.8113.1370.11-63.5-71.62-6.3164.3856.8673.83-19.24-+^1/+*-*+^-44.06*-^1+,-3183.401406461633
-4.43-82.69-91.51-55.81-74.1291.01-94.23*/-^2+-+^-61.3781.69-14.4-34.33*/+^11-^1,-11.197422755244752
-1.0125.77-87.02-94.01+19.14*/+73.96-16.81-15.07-75.0725.9-+^2+//*---48.03-31.41-73.0++,10233.223639201262
69.2138.9778.26+/-29.1856.01-64.4362.07++^1*--^2/-90.62-58.72-20.4//-61.878.55-^1,4826.284364859012
-11.84-99.3146.82-7.11-95.35-85.37-74.3-^44.2/*-13.217.69*5.83-43.31-49.0523.9+^1/*++--*,-1435.706644098671
-38.85-70.1243.82-85.112.691.3189.0-48.7878.4219.4149.0528.9788.43*-/*--2-*-*+^2-*,3758.673193049457
72.33-90.61*/-50.17-^2-35.72-49.4633.62*+84.96-23.2621.4972.52-74.5231.4481.41-*-/++^1,-3.938167327269251
-68.2445.633.5967.56-2.9629.951.25-72.92-80.96-18.46+^-53.14-70.78-/11*+*/*/-^2+*,-1640.4185446340946
40.61-20.06*-0.6-95.5*+^1/-^1/7.9114.874.69-93.2155.93-10.3974.71+/-^1+**,61.94698835292746
9.45--58.4-55.8275.62-30.7269.77-76.5868.4739.8985.58--^1-^1+^2.49+^2+*-*+,-3917.9735
5.0389.2779.6384.47/*/30.175.4612.85-78.02-37.18*-*+*59.04-22.13-11.52-*/--20.28-66.66-26.07+*,-1325.794339832448
-10.2984.447.8451.369.7775.75-77.65-^2++-2.4974.867.37-94.84-24.94//-^1+^1/++-,-6039.8665931105625
12.5373.333.03-92.58-4.52-68.7884.0492.3458.4-46.7828.27-27.67+**++++^2/+^1//--41.0,-81734.33265726437
49.06-89.87-5.7534.134.3787.03-41.53-90.42-2.6138.17*-+**-22.13-87.320.94*/-//-^2+^1,-298436.2927071252
17.26-5.946.07*-38.47-63.9938.6840.73-43.14-76.94-77.11-73.14-59.17*+-^^1++^2/++**/,5936.525929856399
-47.12-5.95-58.5655.83-45.08-6.38+8.49-1.15/*41.219.14-78.6343.01-82.93*/--+^2++^2++,2919.5835435356757
-30.34+-49.04+81.2764.7916.21/*+20.76-70.26-21.9994.82-66.56-87.95+/-79.42-86.93*/+--^2/,436.3495799948704
29.2-3.81-57.13-74.95-42.88--+*1*-89.07-22.41-11.45/*^-27.33-37.34/2+++-13.4514.37-9.19*+,-115.8705079459997
-49.07-56.4762.110.69-^1-^1+^1/81.7777.7542.98-66.67-^2/-+^158.51^1,5.070980817991996
-44.6589.88-83.78-19.32--8.1422.87-96.858.69.52/**-++^2*+-22.3124.1524.77+/19.83^-89.41,-10997.044628151718
10.25-69.2992.8*/-72.38-65.75/**74.06/45.344.81-21.27-6.2564.08-**-82.04-86.7640.71//+--+,-11336639.254197339
73.6152.5916.964.55-88.29-12.51-62.42-98.42++-96.44-50.56-33.45-45.6116.094.58*-*++^2+/-//+,-4186.9890362314745
-77.48-13.26-57.2877.62-30.89-65.74-35.672.0116.5690.5945.776.4271.35-0.27*-**+^1+-/-+-*^,-317035.71128722845
-61.136.49/6.7724.0*29.118.9545.1940.54-+^51.0268.1897.94/*1*--^2-^1/-,-184109.61519697378
-51.82++^82.92-62.9489.86-92.2114.33-12.0547.29--++2+^1-*239.95-8.74+*+4.49*,25694786.15578581
/-92.54-71.15-22.88+/*4.79-37.87-/-50.36-27.24-28.1896.7374.0195.22/++/+--64.95-2.1-^2*,-97.69677850754688
57.599.4358.31/---75.0848.9983.3-56.15-34.7828.79-20.3217.3957.86//*/*--+^15.78*61.135.2*,26305.654203664042
-61.4414.32-51.042.59^-15.2375.12-24.4244.0791.14-67.95*++^2+*/-++*/-46.1668.7679.04**,-4250.051369779889
-2.491.15-40.73-15.3571.7644.27/-^1/+----36.37-2.6552.9821.5**//-44.55/-86.328.24+,5.2342899843317365
26.9392.86-52.97-*7.24-75.44-21.059.65-47.8929.52-24.24-^2-/-^1-^2-^2-^2,-292611.7441822799
-84.328.84-57.5520.0321.3372.52*++^1+^1-+^169.742.89+/12.85-75.9185.9386.4-+*,1619.6531301492805
35.22-34.33-90.77-96.0173.66-60.1880.35/---^1++74.794.02-32.35-//-79.76-3.8985.74++^1,-32.580879126372785
43.4152.9217.2493.4-11.74-99.46-38.3933.02+/*/-+^-75.03-14.4527.5399.27+^31.75+/1+^1/,9899.206046918862
+-36.662.05*++77.99-35.78-6.2--85.41-79.7269.6744.02-****--+^35.8879.69-12.78+/1,-125556652.55097884
24.2/-20.11*65.65-95.8512.87--3.6430.19-*+60.7-^2-71.61-41.6429.6+++-73.931.38+^1,-0.0001202852965386607
0.53-6.7916.5-24.5855.64+/+-/59.78-40.8347.0214.6442.7283.06--**6.72+-87.77+++^1*,53.62003169398714
1.5153.34-83.59-25.855.6480.69-35.7592.34-38.8-43.8/*+^1+---38.04-50.6657.55++/-^1+*,3781.371989147287
80.9913.46-58.1938.5968.3520.884.58-85.743.9-50.42-72.03-95.7752.14+*/+^2/+*/*/-^1-,-46.463661276373145
-72.3488.52-90.377.7813.5336.5228.7-13.49-58.72/-*+^2*+/-+^2-2.85-81.7181.5479.85*+*,-25244.87423448417
-22.22-16.9856.12/-^2-/-42.53-42.6976.34---5.61-42.83+94.7586.94+-/*+-80.3-10.2-^2,-163.0735312590791
-26.04--75.845.0-74.04-58.98-22.2990.79/*+/*+*+69.39-69.55+--^44.0451.58+2-13.14^1,-563.2771798984481
-74.3-76.7^29.5743.84-61.36-61.65-34.15-32.0-63.18-24.81-10.37+*-**----94.4136.8652.93++*//*,68972.83981425987
71.79-36.55-57.87-27.2724.88-28.63-93.52-18.04-17.78+///71.94-79.8*-^2-^1*+/-91.9956.5/-,-1692.520553322953
24.5-55.85--23.7541.8780.9414.1776.2471.1196.57*-16.85-91.98+/-^1/+-^1/+/-++,-96.88053929689298
18.033.8-52.6855.2645.3785.88-++*^-57.276.2833.75*+1*+^1++-^2-24.49-23.94-,16235.4555
43.62-90.68-76.77-60.6412.74-67.6618.94-86.7662.61***-39.05-86.51-81.5359.5/+^2/^-*/++^2,-225267.95162660425
44.12+-91.0-74.8-49.73+-41.7+-72.27-37.09-0.48--^2*+^1/*-^1/+81.34-68.78*,-5282.709010513267
*+^218.79-+^2-55.1348.6-61.94-5.16-11.738.5670.7572.26*/+^2*/-36.5996.34+/,2118.7955351537926
7.25-89.08-68.1281.023.327.3316.0745.9-74.2531.35-72.63/+^1+^2+^2*-/-/++-50.23,-3013.1615829776183
-55.3625.79-3.2493.03/-53.159.12*//+-^1--^1-87.58-47.54-1.01/*36.0416.23+^2/,6317.795880784203
-64.7181.68-90.952.656.15-11.3227.81/++/+-^1++-34.42-33.769.15**-60.8790.66-48.16-41.04/+-,80562.70588782176
0.0671.1987.89-81.3-53.22-16.766.0464.6651.04-84.142.06+^1/+-^1/-+^1-+^1-,1139.5559800461772
87.4850.66-44.6859.64-36.8774.37-66.24++^254.3617.21-23.82+71.6/+^2*+^1*-*-/,-4821.193458255764
-57.2891.08-66.0816.16-51.76-84.3-62.57+-96.59-90.6469.97-^2/+^1-/*/-^1++^1,5083.739841641279
55.88-73.56-47.97-56.2+85.5646.1927.93-33.071.0699.42+^1+-+^2-//+^1/-28.1619.83+,-758.7691099794727
86.2873.4358.3216.4659.6-34.04-99.32-43.3322.17-*+/13.22-6.78*/++--67.2-34.57-^1/-/78.81,53.14189781079386
+95.5584.53-49.98-46.12-93.9850.09-0.539.86-17.69-12.63-^1-+^2*/-+-^1*+^1,-9589.114607129177
78.92-50.8272.86-+*-62.3237.2119.49/71.51-15.931.78-24.16-16.84-52.93-+^1-/+-/*-^1,3947.2936024176247
-18.942.68*-12.24-0.99-23.3173.0455.51+-*28.075.21-40.97-70.3-*-+-^1--^2-^1,219817.365148
74.21-9.81-71.36-91.0274.79-76.98-62.928.04-95.1-97.730.67-^-^1-^2*+-^2//+^2,72.75375390871385
-41.28*-75.55-25.63-92.78-90.4491.0949.4942.368.7-94.48-70.2819.51*/+^+//-//++^2^1,11498.550238319562
7.07-68.58-28.7877.43-57.21-7.84-99.4149.24-30.79-^1/*//*+*/15.55-85.29-81.68-87.78*+*^2,-30.779189957740215
-15.2324.32-82.1328.14-62.0531.3654.08-28.73//**--/*-73.76-79.58*-66.1454.76-26.61--^2^2,21301.22873982473
9.9598.7655.489.5426.35-47.6916.1-+***--86.48-93.81*22.88-3.47-58.29*-++//43.67^1,1377247.8040334794
-93.0418.4465.66-69.4980.45-16.24-29.38-48.7275.61**//-33.782.2581.89+^1/--++^2-/1,4488.442798063585
^-38.31-72.63-99.4753.44-4.33-88.9464.37-59.06-94.68-98.6826.86-16.51-++^2--*+++-/-^2,7686.387208691939
-83.71-58.72-+^292.6875.4-63.61-11.284.81-39.22//***-^-78.64//-29.66-13.53/+33.3138.88-,-314370.42296107434
-79.767.1333.73-55.7511.1587.8-4.1968.54-92.5927.57-8.2853.3262.58-4.24+-+/*--++/-+^2+,-1094.2056747551683
12.19-68.86-44.0464.22*/-/3.56-41.48-90.1-+^1+60.51-86.5110.6751.79-62.01-26.86-51.54-*-/**,41.07193292712416
-5.462.56-81.16-4.36-73.819.9-/+*-64.14-0.09-25.18-*-^2+^1--6.84-91.77-34.5-94.37+--,-6020.883150458715
-62.94-41.78-69.470.2186.64-51.6125.06-/**-/-^1-84.03-47.662.87-17.02-15.5389.6545.47--+-+-,-2806.004704076212
70.38-57.8556.69-+/^-88.53.6137.84+^2-1/80.3-37.952.2-76.69-14.22-48.51+/--+^1,60.70976022885534
-94.63+-14.77-98.75+^2/*+50.71-45.14-14.2496.3699.77-^1-/80.5112.4246.43+++^2/,-9782.173093664547
-25.8720.3449.87-51.50.94-50.95/-*41.19-70.4128.7350.5754.41++-/+-^15.66*+-21.04/-27.061.71/,3474.0057036851044
8.16-98.21-37.8-12.5783.59-3.5280.0549.32-49.9144.4467.5444.6229.27**^/+^2-//-/-^1*,89059.72587593381
60.8524.23-^1/21.5252.01-8.24-74.680.56-25.79-32.32-18.0744.47^-^2+*+^1*/*^2,24.235485736802907
57.9366.75-49.32-87.027.6-52.14+-*-21.57-0.92-37.96+/-^2/*+^160.8*42.79-65.22+^2,-100845.31297934521
-48.5978.6312.09-38.4598.91*-56.55-71.5753.93-**+*/-/44.1682.04-8.27-45.9/*+-34.3433.3-47.93+*,15187061.620420458
97.06-53.89-69.9179.13-72.2471.88-42.3/*+-+-*^-15.2-84.32-1/-98.03-63.46-30.8559.56-38.77*++,-4667.366861630034
-71.19/5.47-43.45--+^2^-3.8458.0*2-51.93.92-41.9156.8379.52.48*+^2-++^1,-0.0021013782166242707
-56.1829.4993.7-//0.6155.12---85.6366.98-18.9783.6561.7742.24-+*-^2*+^1-93.244.17*,-4022.943978522896
-96.411.3197.0246.48-61.51-+--^81.59-51.378.61-67.4356.56++/-2+^1+44.96-^2-95.21,942.9811999999995
-36.01-52.75-63.8937.771.3298.95-75.21-77.38-79.42//*//-^2-^1**31.5159.75-79.21-+^2,-1621980.8227660712
90.97-69.0398.34-28.06+21.2540.7772.5853.98*--^1+*1/-/66.7780.72-10.46-17.28/+^1*,3826.3469286004306
-0.9918.34+^2/-91.0-12.5745.613.93-18.74-5.93*/*+*-*88.41-53.351.3-52.09-++1-,336.3557469474716
48.4458.89-69.66*/*25.0992.7614.61-69.15**-/-0.4692.46-91.18-72.53+*++/269.867.81+++,37681.62708376046
-29.99-29.6869.3---18.1212.8267.35-50.65-95.2786.85*/+-//-30.9529.8282.12-77.07--+/50.242.46-,-101.7441301424573
0.8567.86-10.3656.7-36.1698.9195.59.9162.4834.082.5834.5178.53-/-*++-^2+/*/+^1,6968.032993406009
-86.4816.24-80.5355.3887.5823.37-65.99-54.89-4.050.1432.87-79.14-36.89-22.29-11.7*+++***+-*-/-+,-2287.706605972929
87.8197.99-60.42+-+^23.07/-9.7410.77*-^2-98.95+-^-32.0139.81-5.595.4*+/119.94,-7673.029251485678
58.1497.1394.59-40.48/39.66-3.41//+/*-*/-52.43-30.19-18.95+/37.9-48.63-99.83*-/-71.33-92.17+,-41.56381355718264
-73.27-57.5618.81+---88.06-72.52-88.541.6850.6347.51*+-54.6-98.52.0115.8578.16-93.88-*+***/+,-14425.548561644717
-15.12-62.08-99.6333.2153.143.0926.95-43.0579.94/-+/-74.034.3265.89+//+80.2898.7914.69*//+-/,-91.56082656113891
-6.7448.9760.09/-35.68-92.4978.2689.02-46.4483.86--+/-^1-*+^2/+-42.7541.74-38.88*-,278651.3475548358
-32.93-53.5-90.4-17.8-94.129.3325.11/**+^1--*^71.53-38.6246.2121.8923.0448.92+*-+*1,-119289.15159955675
-32.88-82.48/+^1-22.8875.838.79-2.5352.79++*-6.75-65.77/-32.97/*-^1-^-94.29-^1,81.3935576680202
50.96+--55.47-3.01*/59.62-98.3282.0-85.99++/37.86-22.72+/-88.63-52.59-+70.44-10.86+^2^1,-1.2833093045943582
48.48+30.574.2518.3820.9342.3997.11-34.21-19.94-66.78-27.9477.24*-//**+*+^1/*-^2,-2670.943239260741
39.82-53.31-42.81-44.0476.0945.666.62-32.0513.942.3-/-^1+-+^1--+**-66.36.41-,-157942.8201846521
3.0691.08-72.42-3.111.3246.88-50.33-*-74.0719.97*71.8648.259.34-53.77+*+-/*+^1+^2*,-152744.7572787879
2.68.93-88.5415.25-70.3458.4289.3-20.578.31-1.3482.33-66.01-55.17+-*-^2*-/+/-++^1,291.51740288295616
95.96-17.97-74.6+^-52.127.73-71.479.4332.3591.92-*/82.5+*/**2-^1+^1^1,8612.08372634176
45.193.3230.5543.34-93.2634.78-77.0^45.3868.89-3.37-35.37+^2/+-/*-^1-^1---,-1234.8694662809662
9.3861.57/-20.6713.42//-73.1464.7164.66-14.9429.06-73.1610.88-77.83-/--+-^1-^2^2,6.563393825166418
62.23-67.26-*-38.8145.3946.7111.4438.93-19.8452.0218.9740.29-26.19---*+/**-/18.0340.29-88.18+*,-506650.93565089663
80.46-70.6222.65-21.370.9327.52-+/^-59.1-85.15-1-45.84-67.27+^1/*-/+-18.86-^1-5.04,-126.12302247755011
-13.6369.22/*-68.29-78.475.2351.17-49.99/8.75-74.1564.59**---+^1/-^2*-24.38-89.93/,211277.92737056036
-1.87-63.29-94.9591.89-46.1396.71-74.06-80.5674.03+*+/+-+++/83.2489.3745.87-+6.29-82.26-22.62+-,6050.5400776291945
12.35-73.0-55.36-99.29+79.15-93.29-95.37-15.46-0.2136.396.137.9719.04+^2-***-/++--+-,-166.74771746603065
-43.01-51.32-24.8857.36-51.9-41.21^96.88-37.83**--*/++^125.2257.56-19.44+^2/+^2,-251517.5082561331
-44.817.28-88.05-46.7-3.0760.72-59.78+-62.8585.75-28.662.93-30.6692.97-48.64**--+/+-*-+///,142302.37974256102
75.4444.35-18.89-0.0797.38-21.0669.72-54.89*-//*+^1*/-6.96--40.73-41.1814.5623.16-^1/*,-4040.883793626826
65.77/51.6555.62-19.23-95.7-66.5754.39-36.74-80.0611.33-42.61-85.2/*//**+^2/-*+^1+,-4563.499937671219
+/-25.876.53-46.14-46.4721.0530.2940.39-62.97+/*+--^2/+++51.36*-71.736.21+^1,202.4245990885429
-4.25-29.42+^1*30.05-25.95^68.9292.73-43.54*--^1-+^2/-69.595.43-57.27/*^1,215.2016785138474
-94.4792.5592.2619.2756.0-86.46/*-//-35.49-66.58-20.25*/83.16-6.98-1.06+^^1--22.419.35-,7.472436788843819
-64.5685.38-^13.26-85.14-51.6**2--^1-27.37-75.99-62.25-84.22-/+--56.88-1.6294.0356.05--/,3393546073.765198
20.16-29.5232.81-55.71-18.49-68.0278.26-62.83-78.37***++-^2/^^1--73.46-81.42+^2^1,-26208029.16118706
64.68-78.65-36.35-74.8344.4789.7380.26+-*11.0416.79-78.9121.379.03+^2+^2/-*^1**+,-510922.6170938011
75.75-86.6+/96.34-18.59-75.851.3489.35-67.1622.95-50.45+--^1**-*29.17-50.2247.12-*+^1,220.32323605884352
-79.97-7.97-2.59-9.9-94.0284.0627.7549.2-21.4148.47-+*+-^1*+^1-+83.2-56.9145.22-/*,-5.604885576922925
-5.61*47.01-63.3128.8-26.446.49*/+^2+*^70.8710.87-65.71/-97.28-64.89-84.78-/*/+/1,-30546.90134890893
56.18-21.71-94.3228.58-51.9230.39-76.04*+/93.03-58.993.74-91.37/+*//-11.69-55.62-45.85++/++^2,3134.4823999735304
-86.29-11.05-29.59-50.68/*-/-72.08-54.09-49.7641.52-28.1844.66+-/++/41.235.0326.41-60.06//*^2,-21.278177926232853
7.5-16.19-20.21-31.5947.5998.04-+*8.6273.312.27-68.047.74**++^1//**6.362.03+^1,38809.084405225956
94.2516.993.794.77-^1-^1--^233.21/-75.62-19.58-19.58+-+^1-89.5817.3129.12+-,-8899.228686803368
-65.49-96.8-46.35-85.945.0837.31-11.91-85.61*+-^-30.9324.3176.53+31.4/+-+^22*-+//,-294967.42972059274
-66.02-32.1827.3-87.91-53.19-45.0818.38-^-17.61*-^1----31.2150.1517.5969.4-82.53-26.3*-/-+,-4048.8243764639
43.49^-8.2824.45-7.9720.884.2685.8622.3-49.6385.96/--+*67.66-74.97-68.51*-***+/-^1,-776776.3933011355
2.18^-27.84-78.49-11.9175.79-24.71-56.78-82.03*+^1//-^1-/+*-85.53-6.3480.81+^2/,18971.36518357273
-29.5447.43-16.2-25.07-62.76-36.51-4.71-13.52*-19.862.72++^1+-^1+^----^1-65.95,2241.0776
-32.7860.33-80.97-64.83-93.36-47.2421.03-1.71-58.5728.84-42.02-15.56-46.7-*-^2*-+-*+*/+*,-26858.458687060396
-61.91-45.48-60.24-14.92+45.84-9.9-24.93-43.8670.14+^1*71.79-6.21+++/---^1-^2/,779.8641852366341
-88.6881.42-12.06-91.95-66.2654.9742.3781.5552.3284.69*+-++*+///15.5619.28-*-55.39-69.95/^2,10617.737888256996
17.74-63.6475.83-44.027.864.77**^-65.0474.16*/+*-22.6-43.8260.7127.69/-^1/+/++/,-11487.530837073158
-87.78-4.58-19.65-46.8923.4624.24//-/-^2/-41.1687.57-78.77+^2-^2+-87.44-57.6726.63--,-1.296082488643372
47.830.5154.5180.8667.5671.53-/*-^1*/-61.2347.94-70.7326.9751.358.32+^2+*--^2,26.34832137290516
-35.378.6572.4573.5469.71+^1/52.9881.2882.09*-+*^-3.3661.1875.88+^1-2/*^1,1774559.7359070398
64.96-91.2-41.13-0.6624.17+/+^2*+-21.12-2.5336.2422.66+-**-16.1914.21-53.72-30.98-23.28--/*,58011.880251950446
-50.0222.8421.02-60.0498.53-45.6876.9-16.65-12.0676.33-31.39+**+-+**-*+^1^-36.1998.61-2,-90832.522354
11.7987.86-57.6581.96-49.3113.51*+/-/+^176.9478.5783.24-13.2247.489.61-+*/9.62-18.93-+*,5450.877995442584
-99.51-30.089.2616.43*-^2*/99.75-19.24*+^-96.89-25.63-81.9814.82-^2+^2-^21,130902.85189165494
14.7965.04-55.693.88-28.8690.982.91-98.08-58.3127.1991.83*//-2.045.42++/+-+^2---^1,4532.79803974997
47.56-88.270.2983.08-^1-/-^2-36.29/92.1326.8929.227.0270.16+*-^2--*--67.2,-24244.317007157708
-54.11-40.3560.887.57--+*-67.98-16.33++77.9777.62-+44.18-19.42-33.6226.1371.77-^1/+/^2,723.0811084936543
90.662.8--34.5893.38-60.79-64.55-18.38++/*+-^2/-19.875.265.78+^1/-9.43-46.31/,-8736.95807890829
76.645.22-34.3177.35-69.07++*-8.1418.6484.75-+*--^2^-37.03-5.49-73.6547.88*-^1--92.4,6887.218896
47.71-49.98*26.97-57.91-64.49-^2-+^2++^79.66-42.4346.6992.1598.4645.78*/--/1/,-4851.491140626374
64.4830.957.4621.07-96.5237.41-70.022.61-30.66-77.66***+/-16.41-78.9-85.91*+-+^1+*+*,528041.7923415069
4.6738.37-17.97-63.4220.7493.5-63.9611.71-2.5536.58+^1+/****-/-/^28.4733.06*228.73,-2210007.116598451
-5.1396.08-90.9343.31-54.64^-63.53-85.6//-19.8932.06/*-++/*-76.27-18.9122.5750.52/++^1,78.69157965435542
-14.89-36.16-16.0499.1868.21+-+*-^137.6697.69-65.3559.9169.31-25.9961.04-^1*+^2*+-,-124377.217439
40.26-92.4398.3459.62+40.3817.0748.85+/--**11.51-44.0691.8812.37-68.4140.91-13.38+*-+/-+24.83,-10468441.29815992
19.0380.51-18.04-57.34-*^-85.84-44.64-34.33-60.492.53-61.21/-^2-*-1-^*-41.6-88.81*^2,2920191.2892165734
-34.8514.43-5.72-9.72-72.49-38.59-70.43-3.3529.45/-*++^2-94.0362.6123.05-32.86//+/+^1/*,-104965.08946390191
-0.82-31.9-14.194.12-30.4910.3236.29-76.9824.4672.8333.4^^1+--++^2+^1*+++90.49,-1021.9296000000002
-17.38-60.41-7.07-11.7843.44-+*-80.32-5.0-0.85-^2//-*67.6698.0330.8191.6284.76+^1//*,1563.9284561268462
22.8472.38-20.9454.94+^-+^155.79-71.69/-31.3710.6233.36--^14.6860.1915.89-81.17--*2+,87.60076810826912
*-52.4239.1552.47-65.77-3.2269.32-^1+^1--/*+-31.05-56.4141.6438.9795.6+*-^1*,-9.53711701640583
-10.486.7373.9765.9982.78-72.78-^2-^1*---^170.35-15.6-47.5320.565.55-^1+/+,-10315.625494871792
-64.94-0.243.42-89.6232.44-82.951.3-71.89-32.989.97^+^1/-^-49.81*+^2*/---24.96-78.04/,106814.09747291349
-8.9491.97-90.1-77.6442.14-97.0515.6543.06-23.17-36.8377.349.590.2+-/-^1-*-+/^-/*-19.18,-829.7355565650312
83.61-49.7945.04-65.62-6.69---++-2.4430.87*-70.65-79.1552.6834.42-28.52-//++^1*-^2,56332.20276894494
-80.57-79.7524.78-0.42-10.5-78.87-13.9-*82.22-62.65-39.79-65.4289.3217.0-26.76/++*+^1+-++/-,-37505.04050570901
2.5196.8242.5-37.21-49.32-72.36-23.54-+-+^1*++^2-70.2410.8865.5489.97-27.25-86.74*-*/*,44589.49919117647
-8.2739.64-95.910.8553.962.77-82.5215.3339.733.9626.4888.53-81.3+^2*/-^2*--+/-++,-6917.271116436112
-84.27-65.71+^2*-64.583.013.2133.24*+/--31.44-10.71+--68.86-36.97-13.9847.3434.67-6.01+/-+*,-260132.91507786853
-35.42-60.0153.96-3.4275.27-21.93-41.5881.33+*/+++^1/-16.75-57.6344.12-34.39-^1*-^1+,66.4881329390498
35.12-39.63*+^194.65--50.98+/^85.9988.7447.96+*^28.3637.17/2-13.4843.7470.01+/,-1379.1357568018925
45.7714.27-42.46-49.78-47.7426.86-65.062.3-5.629.9719.78-1.33+^2++-**+-/+^1-^-26.11,4150.588282449364
88.16-89.9440.69-45.24-18.08-64.59-94.1-96.91-26.721.0968.1268.4351.83-64.1/+^1+//*-*+/+//,-5998.607772055503
70.34.070.8615.2831.3320.66-71.68-9.78++/-/*+^1*-76.1598.5844.48-82.59-11.32-60.3*-+**,-27436839.32345401
-25.31-12.2163.53.7534.2128.09-13.42++++54.6685.37+^1+^2+-^1+-58.21-93.28-88.33-*,-5238.5863
-31.67-4.31-78.54-60.48-40.26-98.72-99.1669.0321.37++-^2-^2+^2-*-97.9191.89+^1--,1126.8896000000002
47.6850.82-29.92*-44.29-41.34-37.0849.19-46.9955.1427.8395.1975.27+*+*-*++47.23-26.8+^1+*/,-62977.942158261736
-92.5834.1921.69++^2/32.54-12.18-69.5596.34-10.0-23.4449.45-3.1979.595.29-1.53/-*/-////+,1188.187294466141
-96.24-88.14*-33.94-5.31-44.77-75.0140.0727.28-58.97-0.53-27.09-83.85-76.07//-*//-^1-+//,8452.127479785313
86.75-9.92-3.35*18.76-14.27-76.57+++++81.9297.69+^2*++-55.7616.321.44-96.43/-+/-51.72,9731.818545005252
81.03-44.97-58.51+-^1/-56.0251.72-44.6763.65-2.856.66-95.19/*+//53.5349.89++^2+--89.0,-104.12599632027984
24.37-40.59-+-2.9263.36-38.0130.1-56.71-88.1130.63-83.6+^2-+^2-11.6148.7728.69**++/**,-22182.65650294475
71.64-33.92-75.07-82.1481.2978.1141.73/*+^2-+^74.9587.77/2+--^1-64.75/-27.6918.57*,3418.9510440424247
79.36-47.43-24.6427.9-43.52*++-^-63.13+-20.24-62.49-75.56-*++^-13.75-53.0566.38/+245.9-3.45*,-4841.487326844752
-95.73-89.1-78.3680.42-49.73*+*/*^68.82*71.611.187.23+^2+-/-58.8-22.16+^1+-58.94,-15731.90067321052
41.31-79.25--39.08-53.82-38.4891.3346.09*/*--^2**-97.98-59.0540.93-81.99-50.22+-*+^1,-292525.24147297296
42.653.9841.7460.91*39.2679.35-88.32-79.37-92.69++++/+--^1-47.5859.5-14.6731.02-91.91*/--,-360604.7400985726
75.3742.6590.826.5618.0345.45+^1//+^1*42.17-44.04---7.83-6.56-3.78-^1+^1/,147.4690488784592
64.41-31.5614.04+21.75-1.179.69++-+-+^2-+^92.0143.2-50.37+-2-68.2743.93+^1,11086.976000000002
-28.03-71.1-96.065.12-56.83-/^-20.1-68.88*+^1+^21-+^2+-39.11-38.544.48-+,279203.728952
58.43--72.7844.87-54.97**+-98.44-66.79+-48.5339.67-80.62-79.04-13.2545.9687.04***/+^1/^2,-231254.4326561903
-53.21-61.1350.23-^1*-^279.79+17.96+12.25-27.56-4.29-70.638.43-10.75+//-^1*^1,-173452.126517447
-71.24-48.48-^2/*88.060.02-34.48+-3.5713.14+-91.52-13.33*++--/+^2+58.02-31.53/,-181113.44376567524
-77.38-5.6587.943.69+94.38-48.87-92.81-90.08+-19.89-70.31+^1*+^1-^1/+*/*^1,7062.762437525856
38.0293.43+/63.67-5.3585.8815.1924.9391.2-69.5614.8968.75+**25.6162.71-+^2-^1//-+,93.4299541198318
64.450.3873.32-67.8*-25.37-20.21//*-/36.18-58.1-94.758.682.78-74.0-76.02-67.62-+*-^1*+-,-1.0193062140014555
-61.11-19.896.728.95-88.7577.4391.71-42.08--^53.38-53.87/1*--+^1/+/2-^247.03,-10843.855206867893
-53.519.1424.2850.2420.76-40.24-37.4770.3522.9321.8+^2*41.81+92.54*-^2-+*++-//,19974613.173456967
94.4982.98-10.739.365.79-57.577.93-37.4594.4756.42-7.79/-76.19-98.34--**++^2*//^1+/,199257.0177845476
-36.36-47.166.34-34.15-32.086.22-73.5127.86-91.64-^1-^1+*///--56.63-62.43-40.22+*++,1012.5035434299152
-29.64-24.492.9919.582.0441.6795.84-87.17/+^1***-^1++-26.47-74.150.51-^1-^1,1750.232263272121
-41.83-76.39-24.3989.2413.7268.08-82.09-71.35-53.27-^1*-+^2-*48.36-63.49-+^1/*^1,-12182.455492355022
87.2121.6374.0280.13+-51.12-40.81-3.7281.16--+^2*-+^1-/+62.27-90.65^13.02/**,-80997.92697201582
-14.547.03-3.7965.47-58.1634.63-50.62-48.23-78.76-57.542.334.7/-^1/-*/-////+13.5^2,-253.36833187147977
-83.0946.17-80.97-70.2+*+/-59.9679.57-55.04-15.09++//29.54-89.39/--13.67-/+45.8273.29-32.15++,-3808.0353985257984
95.77-30.8-88.48-84.3978.8920.53-78.79-10.6747.1929.22-20.5392.13-63.57+^2+^1+/*+----+-,-4090.1657010171652
54.6267.6960.3261.0459.3670.45-^2-***-^1-8.9467.4284.58+^1/--39.53-80.53-^1,-13608158.502004815
-26.7663.752.31-88.38-3.8920.89-64.02-15.8-78.2181.32-*++--^^92.86+--^2-54.59-25.71-57.18/+,-220.78443733955635
48.41-41.25-3.2166.9-79.53-82.46-33.079.27-78.09*-/-32.68-66.357.46-20.48/-+*/-**^-^2-,-438918.5307499945
-21.78-26.77-77.1215.42-7.83-28.4950.65-20.74-50.88-95.56-78.83*-+++-^2*//++*1-82.51-33.43+,6664.44318314829
-12.09-31.91--16.25-8.41-62.69+/-61.23-73.92+/-^218.2842.58*/-80.6647.3*--67.5663.96+^1,42.60493473805491
-90.7440.27-76.6840.63-2.65-//+^1+-19.21-34.2765.28-51.98-7.05-36.9585.25-17.6-^67.85*+*+--,3524.229657794175
34.94-23.5276.6679.52-79.165.85++//+^2-35.94-97.6797.88-11.1335.73*^1-*+^1/26.86,-9586.449524280355
65.9529.9657.150.7-24.69-21.99-7.7455.48-29.6593.745.6311.05+^1--^1++--/-++^2,4419.8439285714285
-25.03-40.51-21.34-23.0812.6615.4663.07+/*+^2*-^2+^1-24.6711.88-22.99-76.38-53.86/**/,34457.87771088149
-28.99++*-0.6-49.71-60.8951.31+-+-48.7471.382.69*-^2-39.5244.0710.44///59.2112.4*/+,509528.3068582843
38.19/91.92-26.1543.63-85.93-^1+-+^1-^1/95.44-94.85-50.98-93.42/-/-69.74^2,-281.96214333535
30.3184.5543.3827.06-3.08-*--^/-88.5388.17-95.3214.01-89.1/-^2+^2-^79.68+2+,-288541644.1787679
-74.777.757.2856.6-68.4572.03-39.836.389.94-23.565.3-16.29-^1+-*-^2+*+**/^1,-11877.742830923695
37.0416.11-49.952.18^2.0317.5934.6729.1-93.4183.75///+^2+--+-^2*-+^2,-160.08138521454444
91.3294.3231.34*-*^11.598.12-58.12-78.94-86.97-^1+-^1*90.8695.68-89.52**/2-77.42,1.3032912357004195e+17
62.99--32.7+15.52+94.53-31.3710.44-56.2741.67-99.2556.42/+-^1*-*/-90.46*42.4295.84+^2,-548.3867840334595
74.0310.07-68.9579.09*-/-22.75+-67.82-*--^275.54-82.79-82.13-^2*70.0333.43-29.32-+,-7184.28057593543
42.472.6264.93/-22.783.61-68.646.7517.77-35.36-11.53-67.95/*-*-+*-^2+/1*//-40.41,-2039.3960050237124
29.77-18.78-20.2380.966.85-41.97-95.578.01-10.08-/58.72-79.48-67.37*-^2--^-92.75/--*-^2,-6710.3002375539545
-28.59-14.84-16.7360.16*-^1/-86.72-69.8160.8-14.13-*+^2+^140.32-59.1610.34+^2-,-297391.9363426093
-46.97-22.3283.28+--^1^-70.78-10.81+^21*73.7-99.233.49^-56.9232.9-++^2-/,248.60206929165759
-71.6850.11-37.24-98.82-+*/25.662.32-66.5982.22-69.658.5/+^1---^1/80.65-59.3-^-85.9,-86.21015154115851
-97.19-78.15-43.73-55.6529.5492.0729.95*-87.35-30.64+--0.1677.89-91.52-7.36-52.35-----^2/**/+,-77850.9807677882
-21.61-48.583.9669.82-81.47*+//*^2^-2.63+--99.9450.11+/2.353.5462.7725.2--^1*,-5700.830858511492
-65.36-94.6114.9154.69-89.54-*/14.7172.0480.0114.95-17.51-65.871.12-96.07-///--*-73.7948.07--+-,-103.87390273034005
-70.5873.5158.97-0.4472.2-94.8-10.7267.52-59.0424.23*-**+^1++*-47.3120.11+^2**^1,-376089.23137000005
22.48-80.47-6.5939.99-41.8-52.7230.88+^2///+*-10.23-70.5616.07-81.2-58.717.06+-+**-+,-77561.54678588547
71.18-32.05-63.2171.96*5.842.3231.770.2257.31/+-+^2-+-^2-57.3760.78-^2+/+,-7779.014919865534
0.5726.3121.46-34.14--21.1321.49/*/+*-2.4620.7899.52-82.27-67.48///---+^1-^2,773.2434374697319
80.38-74.04-63.35-97.78-84.0722.9922.17//+^2--^1+-21.11-41.3574.55-65.37/--1-+^1,58.40672472608581
55.03-35.6631.2425.4573.96-6.183.01*-*43.162.67-74.75-53.54-12.28-70.98-^2*-++-+^2++,406794.200436
12.89-6.6-76.3835.2151.38-28.13-80.7895.0-97.678.12-^2//+^2-^2//-/21.36-79.4+*,5396.506202960574
-7.7530.9++-39.26^-54.420.1967.25-42.93-+-+^2*-/-42.36-90.66-^1-18.57-35.7-/60.37,2807.767500113871
-44.5986.0999.8955.2336.66-47.29*31.9955.1832.47-43.16-90.4944.27^/+/-^1+^2---+--,-988.3550449220194
-6.97-3.14-+^45.722.7764.56-29.26-8.85-+^81.4825.69.81+--44.28-10.62+2*-^2*2,16429310323.68013
4.8650.86-84.8957.14-29.8284.0249.4986.29*+^2*+^2-+^1/*29.05+^193.66^1,138059.54045589722
-38.45-44.36-86.8957.7285.6134.4214.22-71.1-69.04-+*-^1///+--90.58-30.7250.36-77.35+^1*/,24.29326818481651
85.6475.4624.638.64-26.76-2.67-39.8939.08-36.3-^2+--^38.39-74.24+/2--^2*++,-7360.422583895923
/93.48-35.48-14.4458.7699.9-11.43*++^1*-^2+/*-4.5981.2-**46.2741.1985.41/+,34692.88187234232
-93.37-84.81-68.28--92.35-6.5117.5816.01*-86.2639.888.72-40.2681.09//++/+/-+*///^1,45.79537413791639
-57.8672.988.01/**-9.3435.91-33.85*-/-4.13-68.49--**93.66-47.5344.52-65.6560.1252.11**/+*,-38262314.52281575
82.8537.65-63.5635.4552.4-63.72-36.6+-^1+^1-/-56.6881.0-84.88**--^2+^1,-177.430309030458
-57.14-42.64-2.53-63.48++-41.96-60.32-71.7331.8-20.24++^2++**/-10.9+/1-20.2843.53-^2,753.5082195832462
-78.4459.52-+^2-71.353.35-76.2748.440.2263.36-97.62/*+**-14.376.03*-37.08-15.95+//-^2,6282.105301819767
-81.0-63.88-35.1987.353.99-25.72-+*--18.5272.2939.54-66.8-55.74*+++^1+**-^2/+,-1063787.6555696437
69.03-88.47-75.3477.45-75.57-59.2677.61-2.0964.3142.44*/-*78.78+-36.88-^2/*-/*-/--12.91,-6251510.292135461
16.34-^2-80.6399.9827.59-76.8663.247.33-35.7582.67-16.91-19.18-0.74--^1-*+*-^1-*+,-2952.8446999999987
-87.655.17-19.73-5.85-1.7692.5129.82--/-13.5991.2468.270.32-24.44--^2-^2-^2//+^,-2.5895923975501205
10.52-83.13.0719.2226.33-87.949.13-19.558.3435.79-59.18--*+/*++^1//-^216.62-27.47*,1515.6974648659004
-17.6477.8530.38-14.22-54.7620.6912.621.12-+^1-28.16-5.67-9.89-65.5/++----***47.3*34.43,-966145933.1153634
23.32^70.6727.2749.35-5.8173.3375.9727.03*++-*95.02-98.37-59.36++-+----2.0561.9+^2,1338.7076000000025
65.8933.86-20.6481.1597.3159.235.1640.5848.67-14.19+^1+-+-+/38.79-80.68^+^2+*^1,2212.185084158596
-4.27+^1-70.26-73.88/+^1-25.5576.5117.4*-6.84-55.54-/+^2++^1*-75.2-47.9*,-91997.99374115959
-36.3594.13-16.0-12.89-46.14-16.07*-83.235.78-+^2-^2///++^1+^1-^2,5663.1380783346485
-27.9596.2155.0/-+6.54+-85.45-39.4937.89+/+^1-75.06/-44.01-82.26-+^120.1795.2160.1*+,118.89850705502116
92.49-55.0-36.23-44.0762.4134.8651.5668.830.75-22.5746.32-86.1-61.75+^1*//*-*-^1/+*/,-1440.8193885653332
-94.663.81-45.9765.2414.08-20.2864.9190.27+^1/*-+^2--^1-7.56-37.42-23.691.54//-+,-4422.995057129329
-75.89-21.13-43.0493.7522.67-17.5125.45-53.87/-/*-+^2+--19.5463.46-96.93+/*-49.34-33.21+^2,-1984.8824563950043
-15.99-59.7224.7145.2784.27-12.3986.39-33.6942.8-16.4830.24-45.32+**+///+/--^40.75-26.36+^2,-21951.47973469684
57.3353.76-*-60.6529.61/*60.69-79.514.98-95.25/*+--47.31-41.22-11.77-40.4925.19*-^2/-^2,1170458.303080155
*-27.7771.04-36.05+++^278.35-52.39-28.2412.81-77.5153.16-28.69-^-24.29--^1/++*^1,4963.557911898018
64.2748.7458.699.4*++-13.99--86.25-93.1461.75-21.3999.64/-^1*+-38.74/-10.457.3132.91-/,6321.661901073313
-31.16-/-24.33-57.0170.83-4.65//*/--73.78--92.3-97.29-13.96-85.99-6.98-96.51-82.01//-^1+*+,1425.5166821928951
-99.85-27.73-54.03+-^1/52.29-99.75-14.94-+*54.85-+235.6973.7726.5589.6273.39+//+^2,-81.75934177837237
80.21-16.6154.85-77.06^*+^1*-29.9747.01+-/12.53-67.2-2.52-94.810.23**+/-18.65-83.89///,4540.025483204459
-21.22-62.74-57.7849.47-93.45-75.030.6636.833.41-38.18-^2+*-*-/38.5-41.58/+^1+/^1,-8577.666068587023
-14.13-88.93-21.3678.15-37.8-52.55-82.26-87.25/72.84-48.7*-+^1--+^2+/-^2*--70.79,-1984.8476878214037
-75.24//*88.1771.78-14.8129.89-84.61-^44.15-^1*+^2*-64.5356.92-+59.27-58.2827.46++,9.756918825268584e-06
48.63-59.69-16.7182.6-67.71-48.4945.23-23.49-80.9482.358.02-10.7-80.07-^2++^2/*//+/*-*,-117.77294093131468
44.3438.218.36-/-68.19-78.7355.81---^1*46.13-82.03-0.65-2.1458.6-32.0733.66++-+++^1,-1022.9919442491632
85.36-96.084.78-39.2-70.6-66.94-1.12-38.73-^2+/-+^1-^2++-64.16-24.55**57.23-49.88,8027.427658640227
-22.79-50.46-15.26-55.79-49.84-45.28-89.735.86-7.87/++^1**-+-+^1-27.3918.3173.53+/^1,-125887.47207258453
58.2743.41-7.3222.3174.15-1.34-4.13-43.33-98.95-5.71-61.0146.5-49.06+-*+--^2-^1^-*-*,-934.4316285232637
-76.87/-73.4993.5432.78-26.19+/51.0818.02-45.62*+^1+^2-+-97.483.12*+-97.047.38+^2,-0.03874790320964971
-99.3426.06/+*^-14.9577.860.64-45.4567.26+-/-90.461.09-^2/+5.694.39+*+^2100.0,964.0007849475726
-46.93-77.66-27.1661.3984.42-57.46-39.640.07-44.2739.7436.453.88+/+/-*-^2+***/-4.96^1,1093622.886412125
89.7997.228.53-38.26-63.3240.4170.9489.1973.0367.8731.3424.7+-//*+/----^162.1720.8++,-6.007369303363831
29.14-4.6988.17-63.0618.3157.57-37.64-53.790.48-59.76-35.5262.61--+//*+^1*-/-^2^2,-1844.446824459858
--84.7387.5271.3832.2750.5336.0+/+^1+/*+^2-26.09-95.63-4.56-46.4--*+-87.74^1,-148.62793672458474
51.66-33.493.51-88.46/+--^1-74.1750.7359.82-5.23+-+/95.51-50.59++^8.53-78.32--6.16-1,-61.41181075473758
-44.24-88.79-69.3355.4198.6226.92-75.35-^1----^1/-^1-81.0-94.111.91//-20.7549.74-/,-188.9770107878266
-89.8823.232.98+-91.64-37.3674.1991.3-44.14-47.5-71.63-87.37//---44.57-43.13+++*/*+-^1+,1468.3916312517977
13.99--44.983.72-51.1290.311.37-19.1147.2759.64-5.77++**+*+-2----34.62-72.41-8.89-//,-237040.96417971115
-53.31-35.6967.2642.51-93.9582.54-15.2635.9360.9499.14/*/-^1--^1+*92.1220.26-14.45-+-/,-2366.3290246693955
-47.4417.37-94.0527.94-94.9195.09-44.8194.64-62.57-58.77*/-^1++^2-++++-19.16-30.97-5.25//,8934.674270421618
-86.55-67.33-62.1377.12-20.5690.26*-54.58-26.3+^83.8-52.36-92.18--1**//-*/+^-71.44+66.25,-132.00503268939286
48.27-73.0331.4332.82-36.87+^2*+^1^+^188.74+-62.67-75.19-9.37-8.91+^2*+--,32.84790000000021
86.19-2.74+-10.82-36.2285.66++^1/+^1+-46.77-90.5+^1-+48.17-63.1-^1-65.46,216.9395132127956
20.933.82-15.72-98.03-59.92-48.8-62.6189.33-35.12-76.0699.78^/*/--+^1*+^2**-^1,227283.58641952227
11.08-96.3786.05-21.53-^2--*85.8261.12-43.0614.7815.78-20.72-0.93--/+/-+-84.5278.5651.41-+,-7206.436476364515
27.1245.2-88.87-73.75-69.8873.5239.4334.6927.39-2.06-8.73*^^2*+^2-^1*+^1/+*,-26520.311087153932
-51.52-71.75*12.5-97.0264.77-3.2521.29/+/*+-82.13*^9.5-61.26-1.1173.87.74-*++-1,-539578.9628555061
-86.38-84.8732.88-14.6533.8278.89-53.0-93.9199.55-26.6325.7396.22*/-*-^1-+^1++^1-/,9280.949877255847
-18.4-81.39-24.15-45.4637.8271.3851.91-63.84-68.74**-/+**-+-39.27-92.97-+^1-9.65-39.4-11.39//,138407.88932768648
69.22-65.43.61-*/-24.83-98.95-9.77-84.9181.43+++-^296.1996.878.91^-^2*--^1,-3.6630089455506294
-45.44-51.5329.2655.52-8.0846.28*-74.41**-^1+-16.81-66.5-22.69-89.58+^1*+/*-^2,-18160.280842058783
-58.86+*-43.12-42.6353.9-26.67-49.03*++-^2-98.74^55.12-33.59-/-21.15-52.97**60.9990.33-+-61.0,27606.091003588255
-85.89-19.01-44.8484.2-26.5159.9123.49-2.38-18.98-90.93-32.9761.7744.5+*/*+^1//*-/+^1*,1254.096943536407
12.9811.6-81.44-*-10.9127.59/98.06+-/+^2+^2-96.7356.676.83-15.9179.93/-/-^1,-16638.422401086147
69.3180.16-0.2431.6452.898.0473.0666.15-40.17*67.73/+-^1*+-+40.5578.29---^1/+,-4843.525563248946
1.06-24.12-3.86-14.8237.3678.08-55.18-61.41-48.926.7714.06-60.68*+*+-^1-/30.814.24-/*/*+,-1190.3626961110967
60.5688.52+*-40.0383.78-13.41/*+-67.71-39.6-72.2317.17-*+^2/-99.7-62.7-55.97--+74.59-89.85*,-112774.47138124284
67.8-44.5790.0474.423.06-6.01-37.2536.88-31.26/*+-+**--^2-11.84-82.36-22.42+*80.07-79.45+/,-303149.5894731337
36.741.65-92.12-46.86-1.56-13.5342.47-31.63-84.65/+-*++^2/++-18.2912.57-/-28.3-14.74//-89.19,-5256.740763482828
-95.25*-78.68--83.05+^2/*/+^189.48-92.827.84-82.08-23.29-46.74/+^1+*-^2,-17567.551878385515
41.440.96-17.9487.2491.54-71.37-27.05-31.98-78.05-51.31/-++^1+^2/-^2+**-86.79^2,-12778268.770023681
20.3367.0221.037.76-26.5338.424.5620.69-^1+--8.61-40.47-^1+^1*//-*-71.0281.44*,117671.75092443169
63.79-30.5887.71-81.95-46.7360.3868.560.5843.46-+*///-34.7311.95-+-^1---91.05-14.3594.82+,255.46053553714148
-7.39-^1-25.92-49.01-15.0680.589.9793.18/*+/35.22-68.9133.311.11++/*/-^1-57.13-74.78/,20.43081367179984
+--16.5385.5263.1387.32-44.22-74.5955.98-^1-^2+^2+*-^1+-35.47-91.6329.53--,13246.2541
-49.67-58.34-44.588.1615.01+-53.84-34.96**+*+/+*-87.3-86.21-48.52/**-85.36-79.3794.15+*^1,16667610.008611396
92.836.93-98.454.63-57.6-15.7739.83-96.99+^1/-^2/*-^1/+65.35-80.77+-46.02-6.13/,-1048.9293874279465
91.47-8.073.3395.05-11.47-/+^1+/88.96-62.3129.87-89.58-28.8356.77-52.79-*/-^2*-+/,76.60570134814972
45.24-35.3721.16-5.9445.8-16.7-14.7557.35-15.79-76.4334.33++-++^2-^1-^1-^1+*,-2010.6613
-24.34-85.11-9.36-23.72-99.34-27.7759.591.1715.62-46.84-70.8513.3992.4354.24-++^2***+-+-/-*,58902.68880756579
14.96-70.68-48.435.6952.2180.1+*/+*/49.43-12.0--1.81-17.77-77.43-63.69/+^1+^2--/,44.767845623766355
85.39-44.1919.384.6463.7660.472.42-40.24-84.1988.14-61.88/+/--^1*+++^2/--41.89-62.71-,-3454.2293534975083
+-45.3-24.3974.6762.8392.01-4.5958.87-88.775.12-^2*+^2-/-*+^1*/61.7930.11/,313517.5448432658
-59.22-14.0548.47-67.6857.0917.5896.89-80.4312.0-57.8124.72*+^1*+-/*53.25-38.57-//-^2-,-2224.063377823735
-78.5266.44-48.6-65.72-70.91-53.17/+-*++-^187.77-2.321.7225.72-^2-^1*^1,2279.199023720209
-86.16-90.62-57.62-55.2213.66-55.74-79.45++//--/-78.64*-28.3-27.81-74.99-47.55--^2*+^239.12,-44.565641027767214
-12.63-14.32-73.7994.67+/*-38.0945.6871.67-70.73-86.69-13.13+*/+-^2^53.88-16.36+1-+/2,5662.52820407713
-87.6490.9523.815.84-29.4328.4-60.91-/-^2/+^1//-92.9986.25-32.38-17.9762.8/+/-^1,-61.5544011234258
19.37-58.21-57.74-37.96-88.16-34.8346.14-5.82-53.27-77.13-70.28+^1*+/+^1+--^-36.45*+^2,-191673.80377184137
-22.599.03-39.21-61.16-64.957.3-^1-++-18.56-97.3-41.6943.3459.78-21.13-10.38-17.25///+*++*-,-2193.1422156377857
58.43-57.1168.9986.86*70.858.49-*///-84.96/-52.79-81.3212.4751.97--^2-^2**+-92.49,-92.48981029101208
38.64-12.8660.6221.2-92.31-27.8751.96-5.37-37.55---^2+/+/-29.476.03--*-13.12+-46.97-*,-2476.323050297866
47.09-72.8-56.7566.81-61.94-85.24-42.8956.63-74.75-16.1816.8220.1--^1-/+*/-^1-+^2-,2995.618519534606
77.7511.8654.361.59+-34.3235.91-62.22-50.7847.8317.19//-^1//---+/^-3.26-27.93-1/,1.3684630839217164
11.7+-98.77^86.53+*/-63.33*-6.8272.74--72.3693.1-^1+^189.4912.91+*72.2972.0+,98.26860451576827
54.2968.8684.11-45.72-79.4693.66-89.63-92.71-35.473.4970.7525.2298.38-^2--//-////-^1+,9568.10549473884
76.37+-91.9277.86-66.08-81.5182.2346.74+////-39.69-89.52+81.92-12.95-58.6-25.7/-^2//*^1,201.16991926119755
-5.074.15-6.6549.25-41.6183.62-34.8-73.96-59.17-1.67-70.8-37.33*/*-^2*-+*+/+/-54.24^/,5536157.5531472275
59.25-62.06-55.7633.7824.31-29.15-0.241.110.7272.22++*-/++^-51.15-67.48-^12*+^2-,-104798.78533297738
-25.590.15-11.9736.45--^1--20.5865.46-84.32++*21.37-48.67-78.41-93.4436.65-88.68//*+*--,-87703.41529544097
40.76-46.0180.49-3.06*/-*-51.56-43.79-89.18-76.35-+^-26.7971.3281.3274.6385.83-^1/-/1+*,-96115.56583745415
-12.05-13.736.9228.4440.1252.3842.75-65.2377.28-75.7747.9470.59+-/*-/-*-*/*94.51-8.08/^2,-1087.2472676595496
58.48-85.910.3541.3895.16*--^2/66.7-30.6//+^1-82.73-65.5672.66*/1.45-11.7-56.5-+*,-5153.330686540417
-4.9625.83-55.55*-83.98-70.33-18.477.18-71.1894.65-13.34-^2++^2///+^1-++^1,-5234.178065817452
36.41-24.47-77.1766.11-13.7563.0299.8984.6969.12+/-13.88-23.73/+-*/-/^61.8368.68-10.75/+-99.24/-,129.67905734504615
-80.61-92.18-87.61**-9.4493.32/*+*41.6797.7976.68-94.23-34.557.07/**+-^1-54.6626.58-^2,7517567684234.055
-7.7753.1557.8934.33-29.4-21.58-87.6343.1599.8-81.93-44.03*/-*-/81.6538.95-^1*//+*^2,-3261.5463080539957
^-24.49-93.8-38.84-59.24-81.430.518.31-75.95-85.67-33.4418.72/-/+^1*--^1*-^2+-,-88901.49103154597
-74.8414.78-42.99-97.8791.9617.2312.799.2885.6889.9524.06-60.53+-^1*--^1/+-+^1*+,-8273.810509924551
50.03-26.71-45.8240.4268.19-64.0-28.86*+-^92.79^64.43-54.129.11-72.63++*2*-**-97.3416.13/+,118388.32759013766
74.2345.35-60.1838.31-/-8.3815.4136.61^+^1-+^1*70.73-83.197.24-5.7771.67+^2*//,381282.38128539425
54.08-50.4786.7280.2680.7-1.29++-^2--*+^43.98-68.92-236.44-33.9269.51+^2+^2,15459.643900000003
72.53-30.04-1.27-54.542.3638.3981.05-95.5683.1380.47-84.84-94.935.63/+^2**++++/+-^2*,-565333.7070512407
-11.74-68.68-9.89/-28.9*-^1*/-19.8761.77-54.6292.82//+*75.35-24.1597.22-^2/^1,-189115.51687491123
7.43-+/-73.7719.52-16.23/-+^43.7144.74-94.362.81+^1-*1-62.6545.222.21++62.79**,-563.6046913693349
-44.865.8391.61-14.96-97.8581.56/+--*+90.0493.8683.73-74.7143.71+^2-*+-5.5677.542.92/*,18010.10481891971
40.43-53.12-31.99-63.6787.89-38.8472.08+*+-++-/88.21+^278.6494.64-25.22-^2**-11.14,-3520.6680489514056
43.45-94.1/+-76.19-83.76**-65.2125.46-38.83-72.9343.6949.5818.2832.54*+^2-+^2-^2+*,13236080.244059047
68.71-31.65-54.15/-14.8276.69/+^1*-+*65.88-66.75+/-29.52-37.45-29.1725.17+*/-74.2370.76-,-10483.501392929364
-85.41-42.6361.7-76.1-3.33-28.8419.68-3.12-47.84-3.0387.67/+//+*28.9247.9982.5-+/+^1/+*,4147.819145097694
50.9823.41-61.15-65.739.7421.7729.4565.23-10.6633.74-46.34-20.72+^2-**-////+^1.58+^2,25607.881731861442
38.0170.64-^1+40.63+-51.98-43.22+/21.39-48.32-13.04-85.1-67.4-83.81-47.53//*++^2+^2,30.046324642089424
-77.07-18.25-64.9534.6537.36--/^29.3518.338.55-30.53+/*-78.27**/97.35-52.06-55.61-50.22+^2*+,231.546733938562
*0.95/59.78-25.453.3722.92-46.19-42.06-24.62**-^1*++^1++//53.4377.55+*-7.3,-48968.509900225006
66.13-38.46-18.2871.2849.1477.12*-92.12-^1*-^1+-/**29.34-36.2579.11-/*58.27-59.87+,-2990.9912880745096
-30.8-27.52-41.01-30.3617.61-*/-14.8-75.58-61.796.69-74.97**-**-+-79.1-52.8650.01-37.77-81.49*--/,3075.6858341146403
72.11-42.06-95.36-24.0514.6377.08-47.150.37-^1-*-26.16+-13.29-63.3949.04//+//*//+^1,261.6106948881146
-88.8460.72-33.71-80.6899.71+/*-+-79.7156.69-95.4624.13-73.09-61.12-17.08-^2+^2*-*+^2,1072.0841209136756
68.1895.59-61.92-69.6847.2464.48-68.4995.633.8157.64-44.0+---/*-^2+-^2/+^217.76,-1462.0654526497065
23.5765.56+-44.58+14.5914.5979.74-22.1272.2139.33-92.65+/*/*--*+/+^1+-29.48-66.48*,-1834.8746618548723
-69.76-78.0620.2389.0-39.37-80.9-48.5790.7694.7-**++^2+**-19.3-91.0++-23.37-16.3953.93/-,-6044587.6419303045
51.55-36.55-+-13.6289.95+^2*92.1122.09-67.67-34.04.545.62-25.99-65.78-^1-^-71.79-/*+/,-104.86539828054501
-60.6-55.510.5527.370.590.6686.66-88.26-55.43*-^1-+^1*+^1+-^1+^2-76.95,10282.4988
20.71-13.82-81.0796.45-92.93-55.7938.8381.010.5277.16/49.4889.9156.1-/*+/-^2-*+^2//,864554.3782329619
-16.51-94.433.3589.1-*++*/-92.43-54.49+^-69.46-22.54-1/-69.5817.773.062.28-18.11/+++-,316.8801094306008
10.1372.15-*-59.4871.7765.12-57.66-62.3455.05-98.22+-^1*+-++^1-41.2793.81-61.49-38.36*//,37591.28191646034
62.72-48.55-81.8159.99+^2+++^253.04+-77.29-24.5337.11+-*-97.727.81-55.28-+36.0647.62*,-303132.1174880001
-2.3244.1661.4-99.22-63.83-15.49-94.96-++^2-^2-^*-65.7843.0-3.2464.61+^1+-^2,-9519.239299999997
-18.39-57.9878.01-57.41/++^2--8.02-90.55-44.5981.019.99-67.39-+^26.739.82-^11^--*,-2715.9353312908597
-23.45-66.3419.2882.32-93.02--/63.39-56.14+-++8.4567.22-81.3568.89//-+^2-98.57+-54.4819.29+,-285.9395807155536
34.67-21.2427.8940.8-13.78-60.7223.6726.16+-98.08-62.31-94.79-44.88-*+-**--^2^*/+^2,58197.49340091617
-99.39+/-86.3-85.0151.26-64.54+--+^28.1963.4977.01-6.31--+^-34.98-7.8963.97+-2-,99.38708041665616
-23.96-55.8498.65-74.3550.51-64.86-29.44---^2/+^2+^1-*/-^2-2.4690.84/,892.0667285748402
69.96-14.35-66.1281.61-62.7392.39-0.24-87.5822.67/-^1-*/*-87.38-45.22+/*-+--^2-59.64,8153.3428008657565
-93.66-12.51-32.6689.88++^2-^2--13.13-46.11*-*86.9661.72-66.253.21*/*39.98-27.5471.14-+,3003823.8854272566
46.73--/35.65-77.87-11.14-71.06-56.730.95-78.23-49.44-9.48-*///+++-83.01-49.92+14.3-12.83+-,98.03407927831525
-19.1874.86*-87.4512.63-73.73-92.6310.61-^1---0.98-83.3859.34-21.0670.81+*+*/+-^2/52.82,6269809.367511991
73.79-7.92-^2-^274.9715.54--7.1-79.9773.1258.89+^2++-+++-86.2883.17-^1,-9264.1626
-84.3632.7425.4+/-26.69-31.37-38.99/-63.2984.07-36.6158.54***+-/*-89.3325.8422.43-36.28+*-*,-11424125.238315916
--18.91-38.03/*-40.24-77.4179.38---63.23-26.6126.0831.92-42.8815.97-60.25-/-++^2++^2-5.94,678221.4483910002
-50.72-29.71-2.74-55.7351.72-88.78-82.1893.71--/--+^1-^1+-79.47--69.3244.7341.47+^1/,136.79181897821687
86.13-7.21-72.72-8.92-68.6444.7-^2*////74.26-90.3529.1815.25+*/38.4964.728.08/+^1/,1998.089054388147
-77.8721.1864.564.6443.6381.717.82-86.91/+^1/29.61-9.1988.5747.1975.65-/+^2-+-*//,33.14872990414483
-37.0642.3-44.2961.34-49.31+^2-*-+83.23+-14.3996.05-+93.1-79.34+/78.2745.4857.08-+^2,-344.090046887399
-0.3279.38-91.849.4785.0791.37-79.36-34.91-86.8795.56+/+/73.3963.7679.96*++*+^2+^1-/,661457.9336941623
14.8320.7-44.76-65.23-99.94-29.05-*^118.0758.5546.75-^1-^1-*-^1*-32.863.85+,-3162.6258
-28.14-10.538.0-76.12**+*-94.7517.8891.44-24.31-14.02-^1/++^1--25.14-69.92-49.28-^1-,4113.894477727784
36.8145.3425.69+-27.62-50.256.6/+^2++-^126.7620.43*-*-^2/+34.76^2,2335.286309531033
-64.12-55.7982.955.16*47.9891.69-71.3387.09-97.09+*+*20.57//+-^1*/-15.73-9.21-3.11--/,149347.3833614557
-35.1964.5652.59/-/-96.622.41-12.27-^2+-*^-18.14-69.78-78.4625.51**-280.769.78-17.74+*,0.8145910780482482
40.856.2454.72-61.0885.9715.0781.589.3952.22+^1++/1+^1+-^1-^2/^2,-2731.24218508266
-83.95/-4.499.9797.15-86.8671.9188.64-10.64-31.91-/*/+^1*-+^2-10.68/9.24-^1-63.86,-0.08781549302679949
80.3418.22-19.81-19.4322.1792.0684.3950.1+^-4.9581.2133.6*-^21/--+-*-/-17.1129.44*,221242.917232236
-54.28-28.7273.8526.246.5760.971.71-11.28/*/++*--74.7-75.92*/80.22-92.8710.66+-^1--6.49,-1973.687235467713
-49.94-47.3855.576.34-97.6334.5339.0179.28-98.0880.418.26-13.39-13.89-+^2+^1--/**-+++,7085.206506357345
66.34-79.486.9513.9823.4-30.2658.2375.0957.5646.46-32.4261.48-16.5-10.9969.44**/-+/*++*/-/+,12820.419533304344
-31.4-43.28-16.220.5517.5695.39-18.3686.3-59.1199.4897.48/60.499.17-^1-^2^++--++--,-1706.693800769056
-24.6656.76-36.9119.5141.66-3.9517.6689.4-86.0514.945.55+---+//*+*+90.616.3622.95+^1/,-1420.1967242948087
-65.6884.88/44.08-48.8371.94-38.11-67.78**+*65.7440.41-81.35-12.79-^1+-/-70.2240.5536.89*--*,-6216194.6415710505
-52.38-26.61/*-93.0162.49-+*1-81.9720.7-84.36**+^143.53-26.99-5.11-+^-80.56-71.25-1/,72799.32936472361
17.51-64.55-88.2997.3819.1461.61-83.83++^1+/-59.2594.6999.24-28.1511.05//-+^1+^2-*,1038.8842660912392
-49.82^-11.23-49.48-59.46+/31.01-65.36-83.1381.66+-+--23.39-22.4669.08-20.4/-/-^2*-^1,-771.7470748894094
-77.8218.149.39-87.38-60.7863.0738.89-65.46-95.84-29.44-43.04-+//-^2+/+^1+*/-35.45^2,-221.53574944323964
-40.8261.48-16.6283.1830.0710.9323.1325.51+-**+/1+/-^231.3998.9-16.58-10.4994.26*///,-27306.3991248798
78.5840.28-75.62-4.49-17.4180.35-7.16*--*^47.63-13.0839.6456.22-+^1-+^1-+-^2,-10387.706464
-62.13-65.8775.9447.27-73.4567.422.53-43.89-35.03-42.65-36.27-3.9210.0-85.92-*+/+^2-*-**+/*,234136.6526097543
-15.8383.88-85.98-/-+-25.91-98.3773.7-3.78-/-*+-72.24+-11.954.4-43.4440.72-77.24+^2/--,5308.361072487846
-71.9491.08-35.1-45.1325.3532.2318.48+--+78.15-79.58-25.4716.8110.43//*+/+^2+/+^1,-712.2872887585916
-30.3290.98-75.18-25.1171.0492.36-57.4990.6173.3259.41-10.98-54.63-71.21-1.81+--+**-^2-/**+/,35760619.6754942
5.75-27.16-98.46-48.394.09-34.09/-^1.77/-/--41.8258.43-19.42-3.666.78-73.4-62.46+**/+^1+,958.3687675812554
55.0372.15-54.9962.69///+^2-26.9841.04-79.5759.16-72.57+*+/*-91.26-30.9518.01-76.32-*+^1,-4391.622831978264
-38.78-47.8633.44-27.01-8.592.4627.47*+*--*2^75.1253.07-23.0-23.66+*+^21*-^2,74164.965159
-55.1929.3-15.74-64.75+40.09-70.5962.12+/-*/-++^2-70.43-^120.6^53.6896.03+*-81.94,-3060.537487870374
52.7-76.9920.7786.9468.6612.16-43.27+*+^2+^1-*/24.0430.76/+^2-64.326.69-0.9+/,54173.66854922516
32.1918.6586.4479.44++-^2+-24.6757.6734.5464.95-63.9-89.3515.34-^2**/+-/-54.35^1,-9962.196451129072
-50.95-5.52-76.64-73.73-26.8621.910.4548.993.8566.72/-+74.0779.22-^1++*-*+-^2+,-4156.989078316461
-53.9319.95*-^1-2.257.76-51.55-52.09.91-*--^1+10.2292.577.2644.44*+^1-+1,-1915.4179
-34.2339.22--69.91-12.0434.63-70.56*13.9/+---79.4721.62/--^1*46.48+^271.06--95.15,162818.6334617477
-23.93-21.03/-89.2-89.05-19.922.71+-/-60.95-30.88-31.3565.5245.19-*+*--/14.1269.39-28.71*-+-,161.271623226756
-64.53-81.93-42.37-23.53*--23.65-71.5554.55-74.0734.81+*+/^14.6-27.22+^12*++26.5-94.06*,204.4934786420563
-24.1976.88-13.42-1.5858.58-18.9142.8925.92-73.28-+-1.0729.88-99.02-45.12*//+^2+^1-*/+,1671.7662787786658
-68.31-33.93-+/^78.8-20.83-92.8947.07/+^2*1-30.2-4.36*-71.61+/-^1-^2-55.78,4696.018330892045
-10.25-27.14*55.8181.31-13.7457.3432.38-94.02-79.66-98.46*-/--+-**+*-43.37^79.0552.49+*+,151403.43944922485
-4.6290.0458.7572.8-51.01-54.02-96.1977.92-48.28/-56.0252.97--+^2/++^2*+//-^2,2465.1995429891927
-77.33.476.58/+^1+21.17-14.8996.9814.96/-^1*91.5494.4771.1271.9881.31--/+^1/,15.79557912586558
80.5234.9814.33-74.22-43.3385.0559.91-93.81-11.19-27.338.34-8.25+/69.69-81.45**++*+*-^2*-/,-145655.93949173306
77.3337.4324.318.4-86.2-74.32-53.0889.4195.57-81.71+-^2^+^2+^1-+^1-^2-,261270.670024
-26.4447.16-29.84-21.37-40.9358.1-41.02-99.85-62.66-74.18--^2*/-^1*--/96.2473.46-+^1,-1135.2354209833195
37.68-22.7-24.62*-89.9-29.15-66.82-96.1647.459.43-52.6376.86-^2-**+^1**+-/+/,138609.99671560817
-51.36/99.2797.93-54.88-79.53-66.8730.78-37.02-52.63//-^2-*-+/-37.3199.3873.84/-+^2*,4989.264485145372
-66.96-28.65-40.619.82-25.6190.09-52.9882.8374.116.96-12.2619.9-^2/++^2////+^2-*,3931.0595959778466
-93.834.47-49.3712.458.71-35.58-91.79-96.28-19.57+^2-^2-*-80.97-14.3936.66++^*-^1-+,-10081.050152324984
-85.71-65.5266.42-29.29-32.53-21.91-21.8-60.1-73.29.916.46-^2*+^2+//-2.29-89.21*--+/+,53232.50873414148
54.214.72-89.03-87.9233.6319.0310.68+/**+-^1/-65.1995.375.86*/+*--32.5977.95-86.84*+,11308.942664242431
-40.22-46.2433.8651.5659.1870.68-76.6235.41-43.38.43-19.27/-+^2*--*1/-+-^2^2,-1466.687072732226
45.4116.22.2416.2914.3310.15-53.9837.49-57.62-1.4257.01---^1+/-^78.64//+-^2--0.82,295.49332215158114
-88.33-0.178.3^-77.03/-+^2*+^*-54.19-5.23-25.36-26.77+*81.84-60.1999.14-38.43-+/-/,-208319.38161536158
/73.06/+/-58.9-31.62-35.2982.09+^2-/34.0325.0849.2725.76-43.76-42.53-^1/*+-^1,32.21761184294302
-20.240.81-77.8177.030.1772.32/-*---37.12-94.91-^2/--91.36-3.34-59.17--18.23**-/+,110888.62621179972
-44.86-24.51++-91.439.130.5187.63*+^1/^^29.54*-26.57*44.07-64.38*+-28.0662.58+-44.92,-719205.909169895
52.178.17-35.0973.415.99-14.79-/+-/-89.8171.39*-^1*76.96-44.68-21.8-9.2744.36/***+/,31896526.692474373
-62.964.996.9-57.0677.83+-^2-^1/*-19.3446.76-85.142.32-29.34+^2++^1+^1,-3343.1054430749687
47.5334.3275.35-89.341.88-36.79-13.3869.743.43+^1+^2--2*-^1+++--75.56/,5004.684395203836
56.0912.29-40.09-6.91-43.9916.1952.38-5.7778.08/75.56-82.09/-44.4-27.85----+-^2+*+++*,-155.87441331967216
37.18-8.94-36.2232.1714.9145.02-^2///+*35.32-57.6521.21-60.49-*^67.72-65.17-1*+^1,2050.6738822604702
-92.0-82.02-32.56-23.98-56.083.18-2.2210.29-55.814.74+--*+^2*/-+*++-1.78-12.181.81-+,8531.031472857141
83.0864.56-57.5362.8195.4633.88-39.5244.1-59.91-62.6526.9284.39-93.2/+/*+^1-^2/+**/*,-441921.63624249137
93.9266.93*39.656.55-83.2-76.2349.96*22.18-/-/*+**72.5-66.0-96.66-14.96-+-+^1-,127614.08488160282
*45.25+**71.3679.41-70.41-8.19*-41.27--^37.0727.7736.3775.62+^2**1-39.39-39.48-,-10254381540.938904
-54.5389.8969.01-1.6-54.41-77.684.7-46.21*--+-^2*+-^1-64.63^-17.239.0489.63**/-,-9909.047477944863
-41.83-85.56-25.510.76+-2.15-57.117.6437.03-45.741.15/+-+^1+--^2-*91.29+62.27-48.36+,5278.850662363239
66.9439.49-60.19-62.2855.323.84-71.18-76.43-87.64---/21.9-84.4911.53**+*-++-+--^2,5279.685878089144
58.06-53.64/**+/^52.32-44.92-61.34-7.67-54.77/*/+^22-47.4378.2776.45-46.97+//-72.17,110.0847673699218
69.5675.6961.39-35.858.9396.26+-1.0175.3993.64+-^1-++*-^1-+-^1-31.37-16.47+,-1787.8040000000003
-86.744.8845.12-38.9338.0173.2878.49-37.084.3886.728.54-76.38*/^-/+^1+-+/*+^1-66.43,-640.8698494963394
27.9523.4783.6418.86-37.888.27-17.64-13.4150.497.61-90.3424.61-86.88+*/-*---/*-*/67.96-78.74-,479.87130887196633
58.02-5.5369.19-^2*/61.3-34.054.14-12.72-1.9310.835.093.0777.74*+^2+-^1/++/,4787.256576403448
-60.08-80.01-11.95-64.5894.58--^1+//-18.9678.9270.9287.7367.2-42.8**+^2-^2+^1,171.10999740059736
-35.51-96.265.3226.37-28.93-49.2578.5873.693.1187.20.499.41+-+--*/*+^1+-+-72.7136.22/,-3641.323191701708
18.9761.68-41.06+-7.5810.35-61.8172.82--+-+/-97.63-68.2633.7138.9244.4115.49^+^1+--/*,13.674712337466957
68.4754.42+-17.5794.5410.53-59.1--///^84.0492.76-96.0363.370.59+-+*/-3.9772.6675.41/+1,1591.4374819085162
83.7871.5455.82-21.27-50.75-38.5830.99-74.61-80.51-94.23-^2+-^2/-+^1**-^2/-66.59,-6090836.289711432
-95.3-64.02-39.6146.5762.6181.9967.38-+^1***-*^85.390.9866.0583.74+^1-^1+2,9373008.783673476
-45.41+^2*28.99-78.2463.29/-/77.7-9.1247.923.38+*+^1*-92.29*82.040.63+^2,5004.649319884574
-67.5857.8676.9150.99-69.426.456.84-77.8-74.16-92.4591.77-18.49-18.77*/+^1+^2^//-*/-+,-8698.559876537161
-45.38-78.020.0897.65+-*-^2-32.0867.637.72-60.16^-6.32+/-^29.17----21.8546.89.08**,-169716.62038897764
19.6872.06-71.7845.93-77.1771.71+-+-/46.04-97.45-67.23*-//53.7310.7172.16-24.2589.33-+^2+/,-51.40591743063851
-41.538.4340.63-^1*-^1-62.22*74.18-46.49-98.7944.47-^2/++-0.86-53.05-39.49*-^1,259564.7783609404
-20.4474.5-63.870.48-2.655.19+//-47.47-27.32-61.74^-86.6578.99-16.71///-^2/*/*-^2,75.65991535464346
-49.1638.21-81.45-60.08-92.367.0695.41**/++-^1+/-23.5-17.7-^169.6-81.74-64.41+^^1,9578.93595494513
19.016.4667.945.6519.2923.217.76-23.2376.45-47.9271.01-24.01-56.58/*-/+^1-^1/+*++,581.5614707346544
16.4967.18+^2/65.9-31.5652.0675.24-46.7591.28+/+-^2+^1*37.84-37.8434.88-^2+,231653.07424779178
40.11-39.4177.19-32.0526.63+-69.86-34.03-24.641.19+/+^1//*+^1--^198.81-90.97*-,8866.962634692783
50.253.21-78.25-57.45^-45.2216.54-81.838.36-73.5434.4923.08-^2-^1+//-*+^47.97*-/,3015.949642678627
55.75-81.23-88.0174.7**/+-7.98-45.77-65.38--^2-14.56-4.16-37.2539.0670.71+-^1/-/^2,5188.450092827948
-93.518.04++^1*+-15.5211.5826.163.29---^2*42.7273.12-23.54-37.8911.37*/-^2-,-2687.6575847501927
-86.61-67.5622.82^99.57-92.0895.0486.4447.49-39.8-35.86-14.69-*-^1-*-^2*/-^2+*,-776440.4919210578
-42.8172.24/-52.2824.0641.92-^2/++^1/-77.63-73.64--6.78-36.94-32.384.89*-/22.8^2,-2278.3521896861575
51.2-53.78-79.9838.2275.8231.54+^2*-+^262.6565.18--^1+^1+78.41-64.01-^2,107762.03158799995
0.44-46.17-51.0334.1795.83-34.47-7.27-35.66**/++/-+--^1-30.61-44.59-48.47-26.1+/-^1,-111.51319143796778
51.862.38-1.12-5.3523.3-27.66/-+^1+^1++-75.56-10.54-91.9-80.2699.53+^1*/+^2,-6252.30091421684
14.73-0.1445.75-64.53-30.4370.57/*-***31.080.65-40.617.32-19.27-+/*/72.4259.12/-^1-50.22,-3331.304921663664
-48.5114.2816.95-51.91-^36.1**51.2-60.62-73.39-92.86-^2*-^1+-80.69+-75.75-47.33-^2,-63447.28439714287
62.58.82-18.3143.1181.43-77.869.47-99.48-42.67-14.94-48.09-4.3571.88--/+--^2+*/-^1*-,9869.066835609105
28.04-5.57-36.64--^^227.55-65.0*--42.1110.1615.82-66.8696.89+^1+*/*-30.7235.75+^1,-2618.892408928996
-88.67.764.95-15.961.91-87.6-78.05-92.91-36.81-36.0/++^2+-^-35.71*-^1+*-2.33-63.72-,-8493.691104889975
-65.612.05-25.79-30.048.1129.91-76.78-49.98-57.67*+++///--97.8888.660.27-62.7559.3353.06+--/*,-197.43696316267926
49.0276.3-58.6821.4762.51-74.77---+//-52.55-93.8313.34-/-55.65-5.48**--37.55-94.08--43.14--+,-100.07607854948687
36.4-23.15*-81.37-3.43/+-//-22.2652.3733.39-43.4358.01/-^1/**-37.5146.29-9.0911.03/--,8.954083663561244
-50.66-56.96-60.58-86.07-23.67-96.92-21.3392.6893.81-89.141.68-70.46-+/-^1/+/+^1-+-^1,-136.4401036598478
73.44-42.79-61.6430.94/-25.42-96.37-1.56-9.39-73.1/-*-^2//-^1+^1/*-89.19^2,-9873.91480346851
7.6250.64-92.34-0.62-26.3960.2848.36-77.43-28.74/+^1/--++^2*-^19.46-80.22-^1,-8092.50988602743
-32.34*-66.38-71.01-21.84-17.4874.0961.057.66-7.9189.56-76.18-13.07-35.06^-^2-^2//+++-/*,-385839.99399249244
39.29-84.1926.39-^1*+59.94-16.92-^1-4.3634.6-^2*68.3839.0153.9999.43+^1-+,2857.1594999999998
-44.8954.9217.22-34.26-72.6310.82.767.0-^1//-+^20.2618.9-20.94+^49.71-2/-^2-,193519.48144005798
18.747.57-55.439.47+^2-^1*+0.46-60.96-88.7269.3289.88-77.7594.57--^2/-^1**,2795.177052500866
-63.1638.93-91.99-36.77-92.61-45.5-60.01-92.574.8469.31-89.835.9456.01+^1+/**+^2/--//*,829841.8087468994
84.71-61.64-+45.64-46.52**-93.32-85.6779.06-36.295.02-^1*+^2+/89.48-14.6558.51-^2-,-481428245.3455801
-42.9-19.17-68.66-82.7144.716.089.88-51.98//--+-/0.3611.1-1.71/++^1-^78.5383.89++,-245.98602939904515
-16.36-70.21-92.93-79.5336.74-+^1--/22.475.678.57-63.82^-84.0/*-+*--35.75-28.7346.51-+,93.53923872960587
45.0-25.82-97.1933.15-32.95-25.1353.9-44.21+-^1-*//+**90.360.9952.25-1.11/-^1*,6399053.584242326
-92.9583.97-5.4158.03-58.7478.5413.2165.113.4*/-^2+/+*++-51.6-80.575.53+^2-^2,11614.849930589513
16.12-27.69-78.38+//-71.48-22.25**84.66-68.52^-27.7831.09-34.4377.56-+-^2+//+92.115.7+,-79.57492061451774
-29.2981.87--27.3184.28-6.45/*--^35.73-93.1822.5744.1184.2967.54**+-^2-1-^2+,-251911.04577497963
-79.07-36.02-79.5930.11++^+^1-53.61+99.54-17.11-14.1-43.22-4.8126.91-90.8588.66-87.35/*+-*--*,1774.2508855236276
39.2334.71-88.73-7.7461.8661.57**-*-+-11.5471.22-72.89-18.68-58.88-35.0/--^1+*-57.0794.51**,4406609.189074507
-97.96-26.2492.2174.4988.0/*++-17.0324.51-83.2426.0443.5991.6-^2-^2/--+-17.76^6.62,-6446.750913750332
52.82*57.32-32.9330.54-54.21*55.5370.47++/-+^1//93.39-0.63-62.85++^2+46.9-44.54/,4947.648530313728
24.2195.61-56.23.0269.347.4486.47-95.05/*+/+-^29.17-16.6-54.2752.96-++^12-^2*,-19854.398321950423
74.81-25.85-78.53-10.7229.48-68.83-88.65-22.56-77.27-91.19+^2*-^1/+-+^-72.42*35.84-56.41//*,-6891.196037838125
-49.6610.69-76.14/27.5-0.17-67.17*--^1/+-77.1-5.8374.74*-^1+-46.34*-58.6860.83+^-70.21,-169110.36415784585
11.6814.0125.55*--30.1583.73-85.6-51.57-66.99-72.55**+-^1+^1--45.4351.5919.5375.86--/,251197.94429785793
1.9669.872.04-65.7471.93+-^1^-55.2478.29-75.55-43.361.984.56*--^2+^2/2*-*,-57691874.51671319
12.096.549.478.3411.3744.54-0.0270.386.2387.14-26.5/++^2^-72.7994.54*1/^//---+,-6982.693450104739
50.189.06-32.834.02-21.0712.1361.639.2895.78^++^1++59.47-81.476.04*+^1/-^1+-,-5884.817293532339
-76.6238.48+^2/92.5913.97-54.04-27.72-+^1-^2+^295.3-95.33-^1*67.3966.15-,1480.7195996417347
-3.82-18.94-42.77.39+--53.08-49.24--37.7611.4-30.68/+/++++^2^-70.6272.0*1/^1,-6903.040754646112
-64.352.8//10.7794.93-+-89.62/-86.1410.54+*---21.69-25.2671.98*/^1/76.07*17.1-77.18-,7.492032009187026e-06
-43.25-31.49-32.63-27.23-25.4282.8613.83-83.94-91.76-82.3125.11-55.57-73.94+++^2/*/*+^1/*/-,94.10064121487919
92.98-79.34-27.44+^1+^2-52.76*-21.0523.56-9.87+-97.34+-^1/-^2+86.2150.76*,-233666.43784402215
16.77-97.36-41.0-49.467.58-34.5561.351.91-20.13-^2*-40.17-5.03-62.59--^2/+-^2/*-*,27.434648005817508
-4.1-80.19+-12.29-37.26++*-^142.59-66.1926.5159.84-89.2-97.1490.39--^1++^1+-,-181.18539999999996
-51.5615.4240.6778.22-44.94-*++/59.8344.4140.7926.89-80.7834.11-94.2**-+*^23.9987.08*1/+,-7156.527280892695
52.4-27.6359.62-92.24-11.755.31-37.48-97.5-40.99-^1^//^2+-/41.295.88++^2-^2,-938.5546998404269
26.390.3317.580.1427.475.0396.8320.3-82.063.84-80.3-*+*+^1*//+/*-86.6950.94-^1,3037.4729671284113
82.59+^2-96.86-39.89-58.3532.41-95.58/+^1-^1/*89.1393.7749.8711.31-97.53--/+^1,6768.145234936247
-96.7864.0588.43-96.3530.64-89.03-2.63-19.77-^2+/-+^^-10.9147.7143.47/59.34++/*2-/,1955.593769810307
75.2-86.217.43-32.42-25.5-90.4-49.4664.4422.4422.4-22.2368.62-^2-^1+/**/-+^1/-,4604.60921572339
86.8668.65/-7.35-5.16-35.25*^1*-**-^1-76.431.59+^1+^113.59-39.67-^2,286289.27015000005
+^28.87-78.99-7.96-32.66-26.028.6990.42-31.13-37.8931.06*/+/--/++2-70.53-53.18-24.98*-^2,10492.872401881243
98.981.07-97.2814.8710.0762.17-64.21-21.38-89.52-89.24-6.2673.13*-+^2/**/+^1/+^2+,5946.194556998647
53.99--51.1345.48-88.92-41.78-93.0860.69/+^1-^2/*+^2-14.39-60.451.26-77.9121.6+**-,92282.62139812071
45.18-92.92-90.48-17.38-83.46-61.61*62.0-96.87-57.3*-+---5.3630.94-3.4258.16**/+^2*+76.58,-334195.2017428358
-77.53/18.19-97.62+-29.8895.87-88.93-12.7-*^2-^2+-/-6.08-1.613.6217.7*+/+78.88,0.04710990322714581
46.83-4.4535.08-24.0542.28-28.18^66.5421.923.991.9769.23-69.71+/-+^1-^1+*+//*/,1897.397507534768
71.6216.8168.62-61.1499.1198.6423.04-43.22-86.2694.67^22.55-/+/-/--^2-+^2/^1,-14445.1662431981
69.4514.7565.8718.0561.71-7.1-98.11/-41.0985.726.2-65.11-89.53-*+*+^1+///+-^1-,-1874.638594274301
26.5270.52*--58.7157.5358.65**-5.971.0++-^238.8213.93-/-72.03-59.6*-^1-73.8370.43/,-214434.80451874202
-11.3531.14-30.94-6.3458.8332.870.1266.1763.16**+-*+/--8.86/46.818.149.6264.35-37.96***/,293468.45847561094
-73.46-82.59-31.876.0973.88-27.7-47.19-83.45-32.09-51.8169.61-13.3586.66-^1--+^1/+/-+-//,117.18386642465774
-2.4897.945.5416.09-23.1381.28-70.6340.16+-20.68-37.0-67.32+/^-66.96-14.87+2//-++^1//,-6726.067872377563
-43.87-12.213.79-14.0984.75-35.89-30.5918.8852.3678.66-51.9968.6817.28+**//*-**+^1/-+-80.78,-34186.75325222363
-72.49-32.93-31.18-^80.15-38.3-79.46+*2/*+22.35-9.0664.84-10.1632.9559.6652.32-+^2-*+*,9914543.007486707
47.37-57.533.8726.79--66.2820.02-*/29.03-30.6652.27*-^1-+-49.58-76.324.98-9.25/--^1-,221.0286879677396
62.6474.51-96.87-84.7214.14-53.05-38.11-4.6224.8524.4718.4884.2148.58-82.47/***+//-+*/-+*-73.36,-69249.69135029682
1.5994.24.7690.97-97.280.7367.96/+*-12.15-89.4-***/33.6386.8273.462.7692.75++/*/+89.62,1555367.5926593188
-71.5619.86-80.9192.7---27.5220.466.89-28.77-//-^2*++7.6395.67+84.2162.78+-++-81.59,8249.867463276045
58.29-88.268.93-9.85-54.5989.53-74.8650.52-35.5991.3712.1831.6275.28+-/+/-*+*-^1-^2-,2624.5546223761785
3.4413.15-22.9767.11-91.92+++--^159.09+73.0165.6250.6447.15-26.18+-^2-*++^1,2619.9937
91.7135.793.19-81.5732.8739.15+/41.16-80.29-52.2472.88*+^1+-^2-71.07-60.67-53.43*-+++/,44.876375939195626
74.77-^154.64-^2-48.5340.65-56.1449.91-10.69-2.1-84.84/-^2+/-/+-22.42-73.37-7.9*/,-2906.735849782913
+-29.43-91.69-14.213.584.89-52.77-98.918.4816.4-82.21-81.48-92.72+***--+-++*/--60.495.55+,2030127.6780514456
-51.4/21.4196.9681.1794.9537.7798.08-33.95-73.16-51.04-3.47++^2+-*+++*/*-95.97-96.7*,4664.070751029749
43.62-66.42*86.48*-60.5911.0180.621.7773.01-73.8328.5843.92+-+^2/-+^1+^-23.34+/*,-15636576.087279491
26.98-33.82-91.48++*54.83-18.4872.386.14-73.7215.4-98.2856.61-^1+/---^2+^2^2,-773482.9072521542
-31.3/-+^1-46.7210.88-*-63.383.17-77.2-79.5--/+93.96+^1-20.62-65.53-5.86/*^2,2663.7836310899934
-6.22-85.91-44.83-51.38-21.1538.1610.71*33.93-42.8311.5144.22-22.34-89.66/*-*-//*/+^2-*/,6660.1554902696125
-72.670.82+*-26.56-55.7465.6532.013.9141.42/+^1-+^2--^1^-5.3272.59*2^1,11139129.818603493
-95.82.9-86.19-12.24-90.56-55.12-76.9234.0628.153.5+-/*--*/+-16.93-17.36-^2-^151.53,115791.84660865755
-42.22-67.8-64.1739.01-25.26-9.6229.7990.7-/+*+^1*16.6923.91+/+/55.48-10.1375.46+^1/,-853.7305020336673
-65.1548.64-5.88*++^31.23-4.87-^21-67.1/-27.2362.74/-^291.28-76.8688.4561.62/-*,-275.8096630879103
+20.4716.4346.6915.5-54.5396.5335.5535.15--^74.63+*//+-/-71.3813.6962.81-+^2^2,-77.57895221577076
-54.04-29.8792.01+26.2182.2314.81-72.13++^-73.4124.74-72.515.65-3.1-^1++-1*-^1-/,1227.833561287935
99.6664.21+-7.52-71.1178.27-23.374.51-86.13-41.6176.761.91---^1+-+^1*+-**+-78.74,361613.024568
10.76-62.4622.8347.5-56.9-71.5-28.69-37.5+*+*+^2-^2//-21.55-65.2493.5923.9315.64-+-*,-125845.5854955293
55.33*-99.78+-19.49-49.29-16.1314.09-63.8518.382.94*81.47-88.4513.96-74.86/-^1-++//-*-+,8227.099381121503
-13.9688.03-56.82+^1*-^278.8382.5956.6758.93-/94.56-41.78*-+-73.08-58.22-16.31-29.23-/++,-17380.701534635515
-79.2-47.01-44.28*-^1+^1-29.81-68.4983.1+65.7/-11.2260.387.24++++/-^1*/,2085.1654691315744
59.5752.24-84.61*---63.54-97.4465.3829.763.32-50.21+--+^2^77.89-64.9781.73-^2*2+-,-137838237.4385584
76.46-71.8328.3660.24-3.74-3.3732.2334.82*96.76-49.41+-++/-6.9279.8681.66-85.94**/*/+/-53.98,-44433.81225716812
96.235.71-69.28-43.11-34.01-91.91-8.05+++^1-^1-*+^268.8-47.9113.0884.13/-+^2,-50751.575601813456
-76.41*-57.6940.0135.1545.5876.37-35.71-59.751.12/-+*-*/34.06-48.0----*-32.38+^1-31.3,-1323.9523934226331
42.46-25.04-31.0445.42-66.44/24.73+-+*+^2-*-34.2-83.43-10.0867.77-64.43-4.2-^1++-/,-46674.39665094737
65.1561.59-21.61-5.2-16.03-23.75-42.6693.06/-40.09+^2-+-^1/+^--^2--82.8764.53*,-344.34606766734487
76.310.59-21.8438.6172.56-54.07-73.0397.8-96.2739.24-91.74-90.64-*+*+*-^2--/++^1-21.5,207547.66856994617
89.176.442.5240.97-62.88-53.84*+^2--+-^2-39.76/-11.93-61.9970.11-83.19-56.06+^1-//,220740.00517138123
60.22-81.7-33.11-73.36*-^1**71.98-45.25-26.36-7.6387.22-31.74-^2++-64.7956.86*-+^1*,-39440864.849128
64.8-10.6380.41*//58.14-81.7253.48-9.8696.1512.76/-^2+-1-*/78.09-0.2577.46-19.05+++,-0.1343077910402139
35.32-48.4175.46*+*-13.82-60.75-1.89**+^2-72.5433.34-42.3984.17*-+^1^40.96-5.8-1*,813140.08597284
-79.98-43.6-34.5747.5521.51-34.15*+/*86.67-50.4867.9779.38+/+++^1-^18.22-31.66*+88.64,-938.995074949378
-30.9-46.82-57.0290.81-4.12-86.7570.0924.64-64.05-36.46--+^2-^2+^1*+*+-^171.57,6612.887700000001
-41.2694.67-42.36-94.02-28.8287.419.7276.3//-/--^29.71-67.0*2/*-^275.5-86.56-*2,-3955562.7852471014
97.3685.38-61.44-44.73-63.0787.01+-91.94-52.51-22.49+/+*++^1+^1/-^1-^114.6,-4158.7185731173795
-16.92-9.9677.57/*/43.59-52.6617.0119.1625.9525.41*/+^2**^-37.2346.4728.26-*2+^2,-6418.845366996548
24.6+14.28-^13.862.8-+-87.7974.67-*29.8142.2-26.7-56.78+//*59.33-33.54-22.15+^1-,-573591.1036455849
+-41.4762.0439.21-23.57-^1--*-0.18-80.2873.24+*/54.9541.6194.1536.02-94.87+^1*//,71.49829643496625
-29.7532.54/-^2-28.47-31.82-76.1941.457.75-64.12++*-/*+-92.14-57.92-94.1229.35/+*^1,-1686.877702283609
-6.7317.66-25.76/-^50.18*10.76-75.1551.852.943.68-80.279.5++-/32.3168.66-16.99/-/+/^1,-144.09076518534442
65.47-52.3155.38-14.9181.52-95.31-1.71-88.56+^1/-//***-37.2292.25+/76.2384.88-10.53-25.09--*,-85.67291228743716
-35.65-44.2918.4-65.3189.6-35.82-*^39.8446.48-1/****-77.77-84.67-87.470.14++/-20.3-11.89*+,-6694352.207954649
26.068.1381.9752.84-*-0.3-69.4170.2518.36-70.35-^2/-+/+*86.26-71.62*--54.71-88.53-*1,-153822.65337416544
70.72-57.5556.22-3.2193.3930.1389.44-2.0470.87-23.96--24.04-//*-+^2/42.89-23.31*-+//-,-8220.809918726463
-57.369.0776.79-3.4638.7533.38-46.33-94.16/++^1++^235.85-88.0742.36**/*-^1--13.04,-132136.6642191788
-1.4114.73-94.55-23.69++-^2/-5.75-85.63-21.59-41.812.21-9.1110.6223.32-21.64-62.18-*/+-*-*-,98.73186048007504
-56.27-33.53-66.33-41.6238.4289.08-63.2-51.33-72.91++-^-41.4*-^1*++-86.1620.5-26.87-69.88/-+,-10459.648869892075
-49.1+43.4960.92-+-16.116.09++--86.8351.56-90.31*+^127.23-82.43-0.09-14.0364.47*/+^1*,2365.535811111111
93.21-19.74-73.5-1.370.2781.31-97.1448.62-34.4527.85-26.0249.53-^2/*+--+^1-*+-^-75.02,2272.1095804308798
47.01-42.7892.18-8.66-19.04-5.39-58.68-//+^1-+45.0491.35-23.33-37.49-78.72-24.41*/*-++^2,3435.7252062438856
-94.6494.418.61-44.4481.588.6625.89-*+-+87.9278.28-81.14*//*+-57.72-93.38-66.22^-19.75^--/,-7233.535075326338
-9.9894.765.21-90.27-84.9-46.0982.54-23.64-29.5291.21-67.19-48.72-^1//+--93.8419.99+-/*--//,-60.23861244738705
-69.09-42.26-87.82-80.92-48.9197.2515.79*----**34.07-9.0538.25-/*-19.82*73.7228.8857.5*++-,-1492908.2820556823
20.66+^1^28.79-4.8687.32--/+-89.11-27.13-96.21-68.949.59+-+-^59.6894.63-^21-,-8683.803910449791
-44.31/-30.7597.28--96.72-89.63-51.125.48-86.19-99.82+-++*-91.66-55.87/-+^1+*-+*82.74,-6691.50204346498
67.25/^64.5931.2241.0630.5893.78-28.177.85-13.79-25.6-43.8621.02-^2+-^2-++/*++1,-1.6774557465002937
-65.4738.44+-60.66-28.8860.47--/-9.9742.75+/-25.6356.91-/66.75+27.32+^1-63.45-44.32/^2,-116.37054973524417
15.0332.71*--56.92-92.96-47.34-38.37*++--^2*-34.6611.4281.9917.26-15.78/+/-38.7630.35++/,-725.5897328048866
12.08-33.1-24.9433.1825.18/^+/--16.6392.1434.2479.84-24.86+/--+60.472.9361.2717.31/-+^1,13.294528978559757
-74.57-79.42-16.7233.6360.5451.365.07-23.4-94.45-79.2463.21-10.36**/-^2/+-^1-**-^1,-44593.16915358876
77.2151.32-1.4640.745.9/-61.89-87.28-14.16-5.21-52.4957.96-60.28+/*+-/-*-^2+//^2,2199.976251246538
90.48-6.3888.44-92.8214.3227.49-64.34-39.25-97.58-78.13/+^1---**+/-^2*^2,77605.44881498236
-90.09--55.1/29.293.4567.8292.86-43.52-2.18-50.8-25.16-26.1577.35+*+--+-^2^+^1^1,-90.08408238497198
-11.4443.13-53.58-55.83/-+*/66.67-88.35.91-92.33-23.0480.45/+^1-//73.18-35.1855.253.39**+,-820.0241338660813
19.11-87.43-24.9686.481.5538.27-18.43-35.16-7.44-27.28-53.3689.4513.14-^1-/-^1*+--+*-*,1297.7897771586838
-82.37-58.03+-23.0115.3140.27*/73.2781.880.74-11.64*+++*-4.0-75.29/+^1-^1*^2,-393732.2013764129
83.252.3255.2576.5192.03-53.575.44-96.17++/-++^2-31.75-20.55-**--60.42-85.23-55.05-^1/,4863.554193446362
-62.5675.8436.34-3.08-+--*-78.685.43/-22.19-92.29-89.2757.2111.56-40.197.87*++^1-^1/+,239.10638367721288
-77.9929.4436.37-77.6-56.38-90.44-11.0173.2346.72-35.25-18.2726.5671.610.53+-*+-^2--+**-+/,-396513.8175042928
5.38-12.75-90.39-3.75*23.39/+*-/-^277.9627.69---88.1757.15+^2+-58.85-45.7933.5-+,3547.5923530825007
52.84/-21.89-75.45-45.2953.9689.99-69.79*+++-^1-34.329.89--+^284.67-2.9*-+^1,-0.008260415056154095
-40.21-26.99+-52.5213.89-^256.72-61.27-20.1224.03-60.1614.63-84.27-78.99-^2/^^1//-*,2831.762148257331
-45.8858.2735.859.89+47.64/-***--29.1994.9736.83--*^-41.5910.69-62.8384.99-30.67---/1,942954.5915111034
16.2843.6731.8856.67-7.871.1-90.81*-^1*//*/27.9849.5333.07-+--8.34-26.73-92.82-^2/,-6456.275384495056
78.5493.27-*18.2931.687.96+-/88.66-78.86-^2+^1-32.0630.92-58.3992.5841.14-^1+-*,-3020.3203385935644
32.9734.0876.34-19.4153.96-28.6651.76-60.7571.08+/63.6195.860.6240.17/-*-/--+*+^2^1,88836.77089344505
-20.2195.0173.3240.6-+-*-9.38-95.617.81/+--89.86-8.07+^1/*-80.1-64.15-^2-^2,3562.991176167728
-45.4162.4360.1183.53^-94.9899.2340.5374.27-37.78/*/----/+--7.8211.298.08-39.06-^1++,31.709391954811963
--78.62-62.95-1.2281.55-65.84-37.68-48.69+*-21.6529.37+^1-*//-95.9841.12**-^1-^1,-406.2733615879822
81.67-55.7343.08-+*^-6.841.5945.41-^2*2+-92.63-50.97-+^1-40.33-75.23**-85.96-12.89*,309791266.4819768
94.6681.25-20.83-79.75-20.3391.3438.2660.77-21.73----++-^1^80.64-97.81-39.1-17.35+**1/+,-308557.04380923085
-5.62-41.87-1.7629.2-50.23-27.97+80.7582.7141.89-90.89-19.546.35+-^1*-+-^2+^1+++,-765.1211697541178
-33.78-23.95-22.2751.647.53-42.2-54.88-16.9875.8+^2-+*67.98-69.054.44-89.4//+-*-^2//,-117118.2437419434
28.01-59.8139.6711.4322.1886.47-14.44-39.2154.38-40.6887.389.24-+^1-^1-^2//+*+-*,8736.357555502473
78.1753.5445.3515.56-79.14*-25.54-60.27-35.64-80.16-18.69*/--**++*-98.74-38.14*+*22.53-18.48--,20349.64134832324
-97.7694.9787.66-40.1669.4966.03-52.35-22.4637.4297.42+^2+-^-72.7652.76-23.6**+++^1*+*,-720.1793999999991
60.864.6760.3475.75-20.1883.48-91.3491.52-81.18-83.1310.47//*-/+19.9475.4+**/*---^1,-28748.1958433679
30.2889.6460.04-51.3262.7442.0369.93-89.13-23.0846.87-24.59-++-//++^2-^2+/37.4878.67+,786.6180192817565
16.93-55.08***+^295.6542.140.57+^1+^2++^2^-28.67-80.4/285.5^2,1548700.8294936256
96.62-8.23-93.49-85.74-69.9175.72-63.92--36.69-38.82+-*/+-**+^1/59.49-59.08-14.5274.79+//,121050.82969458445
-12.0-37.42-53.83-40.4775.19-25.2-25.39-3.88--88.61-88.75*----^1--28.8841.3283.81-/-//-,7869.708339083786
-92.36-83.41//11.2169.3243.9670.64/86.05-60.7958.39-81.71++^2//+^2/+^1*-43.81,0.00022229808090853235
31.792.3-63.59-68.2-83.8582.6881.75-^2+-+/-92.67-46.73+^148.48-89.9-29.6-88.76*++-/-,9256.39489527708
67.7132.3338.3668.2325.3552.09-18.343.77.05.351.67-71.14-^1/+^2-*+--^1/--,-1430.3724203460793
^-32.4326.9313.89-89.6546.03+*---/-^2--66.2+-26.6438.06-2.79-31.88*+++29.92-72.1-,-919.074993957849
-99.93-46.3422.29-92.827.92-31.7242.4-8.937.76-^1/++^1-*-/^-51.49+92.9-^1-0.4,2053.117321970828
-74.21-67.131.95-67.2658.16*36.81-33.7419.62-64.48-99.42*-+-*-**//*60.72+-37.0148.83-42.35--,5363.094272534703
-69.6880.23-^/-30.24-14.35-31.81-84.81/*+-2*+-42.74+72.88-^224.7378.14-12.65//^2,34930.43921051506
-70.5143.8299.6788.74--18.8717.44-11.5984.5619.58+--^2-^1+^2+^2++^2+,10942.6723
-2.4869.9766.99-97.53-81.41-91.94-/+++^55.34*-14.5266.52-64.1144.19-2.34.74+^1/-/+^1,4892.009511123603
-13.5760.6814.4973.8355.08-71.56-38.1760.8-/*-*/+-70.9414.52-77.53-91.2-76.51-^2/-+^2,-64060.42052910649
-46.5931.48-75.23-88.7171.5677.78/--14.83-45.22-28.51-86.921.9772.6628.97^/+///+-^2+^2,-7675.839549445373
-48.711.8832.71-+^1/-53.8559.73**77.57-46.38/--86.086.26+^2-^184.61-18.07-82.44/*,20.829990325622756
-35.64-1.86-97.2811.8261.514.76--^2-+^1^-53.47-37.67^2++-74.03-47.9623.72*^+-13.31,-2244.9388
46.08-48.326.57^-90.995.7768.37-28.937.38-29.28-42.72///+^1*+/-/-^2+84.61-0.5/,347.4365696717326
17.56-69.4182.73-75.4320.12-10.97-51.8783.79-7.63-+--+^2-*24.92.75*/*/63.62-45.39/--26.2,-556.3320070998255
89.67-91.7350.3637.35+-+^1+^2-80.5724.0995.4181.9473.66-49.532.09-40.74*-*-^2//-,276955.1927175296
42.75-94.18.3926.36-49.54-3.2514.8-80.9329.47-6.0114.888.079.11^*-/++^2///+-++-86.57,-5178.241476592964
13.93-23.27-59.73--+^19.4-32.83*/-24.32-62.2*++-57.19--6.42-44.5-49.58-28.892.47/*+/,-345.0502937353518
-50.6796.7351.0545.43-15.64-74.31-41.09-57.65-39.21/*/-++*-^2/46.4569.91+-^2-39.24-28.73-,477710.15395159763
62.72--8.74-74.4172.7+**-52.83-64.69-66.5628.6-18.9246.3147.57*+*93.5-93.7186.12+^1-*//*,-996210.9176039926
-1.16-6.44-44.87-80.68-75.538.1-3.97.31-64.18-12.3745.68-92.74--^1/+-^2*/*-+^2-,2081.6449124845476
24.29-17.1953.4254.9232.32-15.56-6.84-46.78-6.07-6.26-99.979.15--+^1**-+^2-+*-^2,-15800.843262000004
17.8978.14-58.071.72-68.2938.13-56.616.72-53.0622.3-^2-+^1-**/-+-28.35-85.39+^2,7602.756147804374
-57.8232.0625.44-30.91--^10.1216.24-35.13***+^198.55/-45.964.77-69.92-10.3-6.2346.16*+^*/,148702.1623985125
79.3250.174.8527.13^86.78-53.159.89-45.6358.15/*+-*+/-^2++-34.47-85.97-59.5655.18++*,1089.8942368008352
90.4196.59-81.3942.04-46.0334.4950.1637.18-73.0855.4495.95-38.49*+^2/*+^1/*/+-+^2,-363704.8382071597
97.5876.8487.5981.56///-89.3621.7948.82---^2-23.76-55.1112.0-86.27-20.2-47.37/-^1/*+,7540.569798691489
-79.66-97.4130.8328.2269.37-4.36-51.19-48.7828.3-74.9339.12-25.63**---^2*-*+-^2-/,70827.92128600653
-31.18-*-57.617.38-60.12-30.8416.7891.9-99.1425.17-29.9-65.02**--^-56.72--^2/--32.54-14.12*,22375135.107843086
69.23-53.41--87.91-50.5-71.42-+^19.2115.0861.06++*-82.64-8.4424.141.98+^2+-+/^2,1503.53797581554
-69.93-57.9723.56-58.3-0.09-8.85-99.0398.42-14.6-91.5721.14-^1/-^2*+^1+^2//*+,9618.986718177355
-^-86.55-73.77-7.99*-/-44.65-8.964.15-63.1^-15.53-^1-^2/*-2-33.967.16-^2,493684.2414627713
-76.01-82.93-82.61-70.15-41.489.52-95.4579.43/+-^1+^2+^1/-*-94.738.6584.95/+^1,-4720.4536111296875
77.14-23.68-18.36/-*-23.37-53.36-66.31-46.47-59.65-55.09*+-/37.1865.0646.94-8.65/--1-+/+-50.79,-250058.2367784021
23.28-9.150.87-36.2267.4781.2410.71-33.5512.7861.2991.8842.5880.8373.21+/*//-^2--+-**/,69.91214390814632
--56.28/*28.84-6.73-23.5990.071.59-43.35+++^264.45-27.6711.01-38.13-^1-^2/-+/,-215.7134212564939
75.6-22.9949.43-99.8375.96-46.4-90.65-15.66-81.17++^2**-/+/-^221.2-84.7264.8-^1/,-319893.09982519853
-73.4-13.78-89.51-4.04-52.92-78.98-80.56-25.68-0.05-96.963.1+^1^-/27.775.12-23.92**/+*//-+,-81.86195931785181
84.6576.95-26.61-43.79-75.4545.15-35.0241.2672.07/-*-/^--40.2918.83-69.1241.71++*-1-///,75.09046364822555
20.0613.160.8666.3432.25-71.089.6616.746.9446.521.88-38.37-27.29*/+-+-++-^2*+^1*,1789.8857872340425
49.68-32.0881.51-+*4.4154.97*57.0676.56-34.79+*-9.8931.00.42+-^2-^1-*-^2,181843494.9303232
-18.46-65.36-69.772.8811.51-88.21/+----7.06-75.383.48-91.3944.0435.35+-*/-64.64--^1+*,3082.690229365769
-56.9619.61-55.444.7446.04-93.8177.78-92.3874.8-27.69+-64.7430.9775.48++-+^1++*++*+^1,-9604.578016
89.748.647.89-56.9449.41-72.85-65.8997.95-61.0591.46-78.2697.61-44.14-65.93-+-/*/+-+*-/+^2,5239.079510952667
