Formula,Result
-40.6720.950.455.05-58.84-71.32-90.3-+/**/+/--52.35-29.8547.867.010.15-56.01-2.55+*+*-/,577752.0951788616
*-15.89-21.68--76.784.9132.53-1.71-26.46-45.38-54.6275.59-75.88/10.74-79.08//--+*+++--*39.66,5434.321407659154
50.18-86.87-25.51-53.64+*23.7924.293.5366.5360.85-68.74/+-68.73-13.5886.22-77.11-3.46-/--/**--,-11907.344783241138
61.3588.7943.27-//-50.51.57-+-76.260.82+*-66.49-32.02-82.9/72.86-85.0537.59-98.04*//+-+*,43.27000878732631
-31.8988.8817.76-13.37-71.56-96.42.95-96.2656.8862.5369.68**+-+/-/+**52.12-7.97/+-8.17+96.92,247487.26467647395
20.09-59.2*/-91.21+81.0**-85.19-99.36+*-12.341.8868.65-46.0-53.75/**+*-94.56-20.92*52.11/-66.38,6.273779659989101e-05
39.79-78.32-62.67*-69.7416.2344.587.01-28.8197.47-+*-*+*-60.43-93.49-45.03*--44.2879.76/+++,4835257.559467467
-8.1276.57-19.2532.65--*-53.96-13.03--/-13.2217.427.1450.5344.882.5514.8*+++/*9.64--99.28,-470.90774383423417
52.5872.7355.6536.822.25.16/***72.41-43.94++//86.5739.0327.0215.86+-+/-54.39-37.051.24*+,13552.169649467647
74.0796.732.48-4.2595.02-17.76-94.9955.8292.4581.8310.43-76.510.0978.7152.26/-++++*+/+***-,-10643.031874604188
44.9383.88-44.283.09+++*-70.2514.3981.64-64.476.46++-*/-31.5190.2282.3893.4-50.86-7.28--/+/,5400.083474978638
8.63-32.36-88.5824.9765.3940.3374.11/++//-2.62-17.2591.1745.85/+/+83.1-31.73-44.56**/*+*,-212.038474784814
-30.55-25.5859.32-13.247.85-54.511.8967.7475.7867.61-86.47**/-*+/-33.1998.16-46.8794.01-//--+-,-6526.527311981943
-78.16-36.772.73-77.1334.731.34-2.83-29.9632.8240.5479.82-88.54/-42.089.65*---/+-+---/++,-3755.638421854259
86.94+63.08-87.52-24.06/*+-/-55.66*-91.51-23.05*+-92.49-33.25-42.22**59.54-70.27-6.7535.6*-*,53.991234285701154
99.88-95.2253.11-51.33-61.73-1.9529.59-59.35-34.6-97.9639.97-79.56-52.02-53.25-41.63-/--+*/**-+-/+,43.4524869049593
56.5943.07-25.4214.726.0773.26/*73.64-4.68+--80.0364.48-74.16-67.7229.69*-+98.6168.77+/+-/*-,5177.102164961308
-54.6438.94*+26.9*/95.6960.333.5412.92-41.6733.63-62.93*+/+/*36.6351.06-74.7352.718.56--/*,-2127.9350730098595
16.23-10.88+29.73-22.4377.443.554.36-47.436.66//-+30.2743.09-57.9*///-+-+/53.63-59.56,-190.50636041661994
98.15-67.0252.1*-99.51-3.247.6895.8968.4469.54++*+/91.9432.1313.2*+*+-*//11.21-38.42+,442.48195841828635
87.7264.09-56.58-41.0665.047.9466.1488.48-16.8898.7180.87-+13.4675.62-43.7636.1*/---/*/++-*,5488.861034687359
-3.36-37.49-18.13-68.27-75.8-13.8-89.82-51.2735.49-*+//*+//-1.6963.21-9.5-23.917.57/*+*+,-4569.4730812137495
-41.82-16.560.45*++33.552.81+*96.8739.0247.31-31.7467.1380.1636.39+97.22-++/////+26.76,4268.087992952268
-55.9444.87-62.7771.6674.44-83.4426.75/+*/*///-69.2642.86/68.3-64.76/*//39.96/-67.1983.62-,0.769057081755272
30.23-85.2*-+-9.3-39.4751.42++/-61.93-30.2-70.15/**96.21/-55.3326.83-40.490.0229.31/+/*,9.504141550188784
70.13-0.11-79.8778.9472.3536.68-12.175.46-39.64-18.46-66.7860.0----++-8.25-93.35-43.12-/+//--,-4041.2366266481813
94.4921.4899.79-21.9763.75*+-+-+46.53-70.68--51.73+61.9684.44/-32.279.85-51.7-31.7853.49+/*/,-1240.9526854379458
63.65-27.11-56.8137.7-33.6643.04-21.36-83.6927.47-35.33+*/-+++/**/+-89.8148.6691.15-12.52++/,149.00602158379616
-50.1968.5526.39-39.76--//-65.6-9.65-66.05-66.06-93.05-+-**53.67-59.07-63.32-39.92-92.7943.04/+---,-66.15001309370614
83.15-59.1764.87-2.7795.17.53-53.67-93.27-91.29-62.9--17.6535.2546.54-85.0862.02**+*/-+-+-+-*,-246026.47435096465
-64.35-54.83-9.46-86.91-19.8759.93++++**-94.81-58.8646.88**+-20.0527.26/+-36.65--13.98-27.76*/+,922951805.5703254
1.46-74.4452.5779.86-33.92*+-+-15.6-32.53-46.83-15.03-+-*/-44.6696.5925.1**+-37.63*92.8672.79+,-2641.412265088771
70.58+*-34.08-96.827.48-42.59-60.58*/--79.2862.0+*45.15-80.3767.78-68.39-+*+-50.36+-56.87-89.08*,47212737.55420006
-54.73+--27.06-80.5740.33-26.621.97+/*+/-36.2452.8923.29//48.532.01/+39.64-66.57/+35.948.65/,-82.81189891860306
-43.09-69.42+-12.8619.38-17.0-65.966.75-/-61.35-8.84-48.0634.5337.85-46.0483.04*++-*---++/-,88.26802614948295
34.6-83.54-49.7943.5379.233.8631.953.38-49.0916.9312.15/**-*+**-*/68.3236.11**-72.47+-23.21,-172855.72560557222
77.54-97.97-10.97-15.73-99.4192.8755.85-46.7333.72-48.9282.91-91.99//**-/*--+*/81.9721.5-66.63--,95.40455998850658
47.845.8369.5360.9394.332.96-51.28-41.02-98.51++--+//+-14.5572.6989.62-81.09/++/-89.01-90.3/,-311.96459336338364
73.5898.13-66.3-58.0919.3145.5926.12*-40.7669.03*46.54-50.1-49.21-++/+*+/++--23.4549.25+/,4395.44626673273
-82.09*28.8-70.28*/89.36-79.36-6.42-15.681.7222.32-69.15-86.79/+/-/-*/-34.6-32.76-43.5831.93++/,-255.31697377696366
37.9241.4551.96-93.0743.7227.9294.2362.2885.4271.42-79.09-67.82/-58.89+-+*--+-//*-//-72.08,-5635.585189010148
-64.0691.8753.42-95.79-81.5982.8983.79-95.3998.97-79.6-30.6459.7783.66-22.0+*++*+//*-*/-/,-2874.913386511048
96.5844.75-34.82-69.955.7742.27-96.614.57-76.0175.0791.2126.1893.47-14.3*/+**+*-*+//++67.34,-523136.70432941953
-8.63-41.8846.59-80.02-74.96+-81.1-24.642.16--+-//*++26.548.11-73.1333.82-60.62/+/--2.08,75.34963327735493
14.6246.0230.0684.46-23.5846.4843.5715.1184.4741.91++51.0292.57-26.03-40.71*-*/-/*-+*//72.06,1004.5884393361645
**48.04--43.58-77.2374.5-66.3-3.84-85.69-97.82--++-+/55.9853.262.17-66.71-16.5944.22*++*-,166448.0563718428
94.157.07*/81.76-63.5-93.3669.86-37.77-74.4417.136.71-47.81-41.41*/+**/++---78.3-38.59-74.3+*,-0.2420106773006094
35.0558.991.2434.9248.67-92.3590.0580.03/-75.986.03+-*-+*-3.38-28.57---/+-79.79-70.0720.13*/,7405.174021173067
13.3940.257.9227.1375.872.4443.2677.31-64.37-33.55-*-49.05*+*+/-*-/-72.4748.85-*-+-,-3556.3197713677687
-96.2836.478.2-66.08-35.1-53.1538.43*+/*+-/-93.7480.78-89.0899.27-90.57-96.18-56.4190.01/+++*-+,-2001.7393290416526
-49.6980.36-9.1134.670.771.2989.66-12.84-88.38-65.74-68.29-7.0289.8965.3173.16//+-/++/+*++--,-51.776534989641505
33.99+6.86*-21.73+38.76-21.2196.87*-1.5645.81+//-/36.04-23.35*+/-49.3+-61.951.54-27.82*+,-73.1801439134027
78.3920.9-30.15-9.820.5-91.0593.3392.454.53-89.33-++-/+/83.39-18.74-42.54-92.62-17.12/*-/*//,68.26070885366084
17.1817.43-57.65-95.89-67.93-71.69-*+-+--52.4376.2*++/9.7-44.97-1.4830.68+++/40.23-38.71+,3822.6411863325484
-77.98-18.06-3.95-55.59-30.0792.7-19.26-+/-+**-28.71-27.23-82.63++/+-74.1178.09*/22.92-34.22/,1879.4667297173537
20.72-92.34-40.165.57-46.04-7.3386.7794.7240.02-68.915.98-52.7458.7930.7+++++--++*/-//-94.89,-3275.276037689661
-1.87-67.32-30.8114.0839.288.95-62.8420.97/+/++---3.61-10.4812.11+*+5.396.65-39.0+*/-,-84.20373001462224
12.6117.4880.4166.321.915.0417.7358.81-*/*-**57.11-34.8481.56**-/**-60.21-46.31-36.76-/,-3111468105.8350506
76.71-78.49-1.7762.3191.9939.1960.39-48.63-24.66-37.94-12.25-*-*/*-+/-+*-94.67+-27.76*+,-85522.41664210471
-77.68-17.2610.3524.5-23.65-55.68-35.37-90.41-89.674.47-*++/-4.85-93.97-81.02+*/-+-/--65.51+44.87,-8109.8986765777245
-51.147.1243.76**-39.2956.62-+49.8654.0793.67-26.0318.197.0522.3952.35/**-*--+-50.7933.78*,-105423.34000593604
-96.0613.83-15.35-69.9829.6398.29*-*+--3.9359.0590.8643.43-47.49-86.520.8-29.7937.43+-+--/*-,2012.3748981069775
8.121.99-/0.9549.39/*96.84-57.69-39.78-60.8746.98-84.59*/-*-6.51-22.51-68.4513.375.8+/-*+-,23579.630083014836
70.58-3.7854.8983.8175.18-95.4120.44*/*---+22.710.07*96.57//+*/7.86-55.5559.79/+-,-1713.6446314392288
62.98-50.97-4.46-12.49-20.2895.24-43.37-7.270.53-50.2-94.01-83.7---///-*-/+*86.8438.68++,-187.1100140296004
-89.5253.61-89.31-50.38-23.86-96.3-52.5520.2827.54-16.1659.3347.5766.86+/-/-//++-11.1399.46**//,-1063.542783518298
--15.83+*43.72-20.71-71.4269.1584.7661.6+*+/34.07-37.3562.9397.3187.35/*/-56.5148.3-///-,-394255011.0481777
93.97-89.41-9.7689.22-9.26+82.75+**-36.9667.37*-**-65.2262.71+---5.7972.12-43.67*/-*+,49616296.5593789
-72.97-8.05-40.98-17.6937.6720.6-86.19-85.29-30.0552.6*+*-51.9656.77-58.1533.4352.06+**/--+///*,-174771365.54438803
29.03-19.57//-30.39--23.71--34.15-87.59/*44.91-22.58-7.7373.7656.82-22.7440.089.68-63.71-+-/+**/,-1.297643480021689e-06
76.01-81.51-52.49-94.51-91.8114.22-55.982.44-20.71-53.09-29.66+-21.2557.86-24.23-74.47-++-**-/***/,-4763363.706375762
-17.47-90.92/+*-0.8-57.74-49.6-*-7.23-71.91-57.33-67.82*+/+14.55-2.74+--71.2321.95--2.4837.85+,-379592.30768156564
77.5930.95-24.72///50.07-12.52-0.46/*/8.65-55.35-46.29-18.8833.9139.57-47.86/*-75.2717.47+++-*+,14.832072305030891
-40.36/-55.5991.3410.24**/-/93.768.8120.85-7.8959.12-8.38+//*-77.11-45.168.9858.69---+/,26.138374541787293
-55.9381.85-6.8-7.0739.65-73.98--+/+-24.61-96.9129.7631.3943.70.38*--*14.9536.1688.32/*+*,3441.669260135365
-34.8-20.6718.979.67-29.65-14.99-12.92-16.58-39.913.2914.98-//+--**+/+11.9677.1182.1431.54/--,-9.588990214653279
11.897.57-47.91/+--4.5793.08-69.96-90.5877.22++45.7467.53-++*28.74-59.6-39.6886.65-71.3/-*+-,217597.23893694527
89.7854.9282.43-/43.83-42.0-29.441.28-33.53-7.34-46.13**58.7-36.38-*78.97-65.7-22.29/-*-//-/,10626.228040284794
/75.3572.16-17.74.4114.4378.28-8.7139.07-69.94--*-///-92.53-39.49--/*+57.74-77.03+,-1266.5904302047663
-53.38++-53.91-23.2638.36+*-72.23-89.59+*//-/82.7549.8188.87+*--25.15-43.99-/14.4667.8+,3097.3046973365012
3.241.43-4.5659.5899.84-56.0-39.05/+/***---88.4694.2-+-*57.7797.72/-90.34+0.59/-37.6,-374.84230162950814
-49.3785.5553.0654.91-81.68-11.65-1.2131.3274.0-*/++--10.371.76+-//34.07/-*-60.2542.86+,4058.0672591852394
36.08-54.123.24-36.3232.56-42.4416.7629.3614.36-*+++/+*--32.7511.56-97.14-++-53.54-52.9980.36-/,-1899.5310954127624
2.9791.74-48.09-94.7-98.8235.55+**+*-67.36--2.8+73.86--82.96-11.75-55.81***-78.0777.63-91.66++,-4560344.01792
-71.242.55-41.78--+96.3119.92-78.2198.7197.4778.9-25.12*++-**-42.28-57.87-0.58-50.47+-+//,-3401.711638087967
67.93-28.749.0867.3854.3742.2483.08/-**+*/1.34+61.08/6.44-98.18-/-50.36-47.63-88.68-42.64+*+,-35981.683860478835
-14.92-2.193.87-70.2625.98-50.4886.56-*/-/+/20.6941.82-26.4247.428.21***+/32.38--26.19-77.45/,1512.990434685502
-81.52-11.4726.39-31.7164.6650.07-77.45-56.073.3418.11-+9.66-/-+-+/--/+-75.19/33.0149.35-,-94.97251525147036
-30.6135.4-29.993.58-36.28-14.11/-*///96.09-24.13+-21.7843.38*/-96.4493.46-30.962.519.7*+**,22.165237331872586
81.960.67-14.63++-71.79-96.8-87.27-97.38++-+37.18-+-42.54-71.03-52.19-92.02/+--32.0165.77++/,623.7970252786317
-54.23-20.9422.76-11.84**/-22.2474.4535.71**//19.65--0.55-10.36-15.9-91.53+/**-4.539.87-0.15+/,56334.07382263115
-83.62-16.59*90.36-24.0114.86-16.4380.04-17.5-94.05///-46.3799.07-+///+*71.82-21.52****-17.35,1029697793.0860947
-86.41-62.19-66.88-95.25-66.27*+*-7.8593.81//**-2.06/33.03/-65.22-26.17++19.38-60.02-9.8//*-65.24,-75965.85479608706
12.25+-68.2-*41.3585.12-81.48-90.61-12.25/*-+/-76.6888.96-41.6612.0433.11/64.53-/+/+-/,3708.7409945766267
-76.0731.88-*55.59-7.97/-29.4725.36-75.89*/***-6.27*49.6963.6972.49+//+16.2--59.0951.07+,3890949.2271933784
70.5-71.18**-88.1568.3862.49-+*69.99/-74.7750.1895.4-76.66-23.05++--11.33-81.64***++-57.08+,29557.78149458918
9.92-46.62-57.0520.04-74.35-19.7599.3192.4692.82-68.9632.72-19.06-71.9129.76-62.37*/*/+/-+-+*--/,-10606.45583114377
40.4940.36-86.61//*-12.13-25.17-54.1232.587.87-69.9760.95-37.09*+/*/*-/*-33.814.71--44.81-69.8+,120.7218163454926
50.14-42.85-53.1241.63-59.85-46.29-36.28-44.21-22.41-3.74-48.9697.82-7.5788.21-27.73+-*/++-/+-*++,-2402.8423838725316
-37.09-40.621.17*/--59.83*48.93-96.86-71.63-52.2637.777.4988.24-26.2557.01*-/-//+*--67.48-89.67-,-91758.65703809197
43.5849.69+-12.0-62.66-8.2166.61**--34.0369.42**--80.5774.21**17.2366.53-2.44**/-54.68-52.55*,32962.551506475975
67.626.9119.013.44-54.6845.8729.17-60.32-15.21-74.47***+/-///+20.163.84*83.06-52.39-+/-,-1993162.6565271528
-68.04-30.2396.73-5.24-30.14-+**-+-11.7749.66-75.0889.20.46-34.9388.49-12.1-87.13-+-+-*+*,124008.066691
16.95-39.1114.67-19.11-41.7349.09-89.63/--+*19.1819.04-/++--73.65-31.18-10.53/*-35.4992.21+*-20.08,883.5256931234464
-84.8-82.02-50.28-82.5895.2751.92*-36.868.34-11.2-19.8891.21-29.04-+-++/*+/-*94.81.23*+-,5911.588720278285
39.84-62.44-2.92-38.46*5.51--+/++-40.7521.4628.64-32.4341.44-16.52+/++++-27.125.5847.79-*,853.8769357237774
24.63-37.2-2.32-70.56-75.2685.9655.65-42.2648.7895.1750.73-1.03-42.92++-+/37.7473.53*-/*+*/++,-2180.7092824256447
93.38-90.9558.85-23.15/72.55--+/-58.2147.96-41.93---//-20.15/-45.4728.04/*-69.13-90.1980.75//,3.172219481667929
80.6318.0675.43-9.735.88-12.61--+-+*53.9190.09-52.93***87.65-82.74--53.9218.85-5.6575.28/+-,2528660085.3666844
8.6890.1761.64-93.265.533.8/-29.9882.8932.8359.34/++-+-/-+-52.99-96.4736.07-28.2*++/,-1163.9272983819308
63.8561.0541.6652.92-60.63-48.71+-+--59.08-99.66-77.9323.6717.49-++**/*20.19-72.48-*-19.45*,573352.3639139065
30.91-75.15-14.28-18.0686.22-0.14-53.27-7.8876.49-/-//+***13.4--74.49-35.79/--54.319.158.26/*,-5065428.907357436
48.88-1.536.28-76.0775.0389.5444.95-20.6459.46-10.286.7738.0830.4387.4416.46*+*/---+-+/++/,1200.2316390102499
80.44/82.9119.51-42.14-50.98-12.54-0.82-29.9**/**-***20.57-64.4714.517.66-9.8452.96/-++-,19865134.613795176
82.2-47.16-37.01-26.4532.1843.1655.8-55.6-7.74-31.7641.33*-+++/-14.2-52.57*/57.54-94.36+--**+,44895.53474603664
39.0718.86-62.56*/+-25.7556.56-41.0856.99-45.55-70.78++-+*/-66.9668.73/-29.3984.88/+-97.9779.5/,-1468.8376098642639
18.4320.0845.9473.2124.9435.9963.485.4961.294.9-51.64-37.9289.55-4.9-5.49-*/-+*/*+//+++,304.3478586990312
52.4958.5985.6492.18*-69.8123.3424.79/-12.2996.63-28.2273.1897.93/-+*+-+/-*+/-14.68*98.66,-4970.668020925735
48.2880.8524.2710.3944.43-41.8460.59-14.85-93.79/-23.1-49.4/*/*++*-/--*81.7+76.4517.85+,-10385.451979925769
-80.6868.4495.45-83.57-1.05-50.6420.84-*-/*-/95.12*-59.58+14.6515.92-81.46+-+66.49-85.33-44.94-/,-32.325276059761954
-49.48-52.9145.03-39.61*-39.190.28-*-*-19.35-30.57-71.64-30.76--/++/-3.64-37.32-60.89*-*-61.55,-46507.545938020296
-64.0938.943.2-40.1936.025.5415.342.2382.27-12.21///*//+**+25.35-93.83-19.327.37*//+-34.93,2463.9944791142198
+33.36-24.2-2.3568.77-11.49-63.682.74-/+***+--26.5-71.92-98.8995.18-82.56-44.0193.66/-/+-/,130525.4711592192
32.06*94.96+-/34.9994.4577.22.2132.5-49.05-20.54+-25.5768.56-52.5618.31-21.92/-**+//*/,176.59034768568338
/80.49-82.9647.3157.7446.2747.07-4.26-30.7184.0832.39+*+-*/---63.0-39.19-/2.8315.8949.59+-,1.5912386427191958
81.4716.9189.67-26.5673.8596.85-10.8726.78-82.47-97.6248.03***///+/--+-*28.9-33.79**-88.8,-7064783.229540728
-95.21+25.0821.0492.65-/--68.8545.51-2.39-91.759.47-52.068.3260.32-67.53-56.76-53.86-*+*+*-//-,3806.6032160904574
86.2812.0674.2396.72-31.910.998.3467.6382.22-45.39-/-35.52-98.92-49.71/-*-30.1-50.52+-+///*/+,-63.55566055175191
-73.2883.63/-10.1251.9326.252.9381.93-81.67+-/-36.34-78.59-7.44+**-21.9495.29+-26.83-/*/--,91.88702036204222
60.06-59.25+--25.63-75.2896.94-20.43-36.15-30.87+*//*-27.8165.36-72.128.14*/+-75.2894.45-2.48-+/,31.739789611189618
-52.65-17.09-79.5396.64-0.79-68.6929.73//**-++-6.4761.33-93.1892.1++-/-32.98*-12.274.14-35.33/*,-4186.088516661556
-90.83-87.06-43.94-17.550.4748.2519.3-17.06-79.3561.6396.25-98.6781.1999.91-50.47++-*+-*-/-****,-2857709.8854415817
-39.84-36.1-48.93/+--62.4338.1120.197.5852.03/*-/-86.9921.83--+-3.12-26.71/-93.3310.6970.04*-,-1090.5236502188268
27.56-70.93+/-52.65-74.79-11.1/**52.65-53.6830.24*-+-81.73+-20.9939.78/-+--76.8324.8352.7*/,-70.92788068984923
99.19-18.5723.52-7.4295.181.7933.68-27.3573.56-87.9577.56+/+*++/*-73.33-14.24-//+55.33-59.07/,-2556.9302965820125
91.4867.6134.5199.2821.1952.61*36.14-94.6527.1893.25-74.96/22.97-21.48-29.2*++-/*/*+*+*/,215617.32097863962
-52.7355.4932.5345.89-28.9760.129.53-76.3313.5654.7894.36-65.3+/****-++/-*-77.97-1.98-19.4-+,-1021480.3597506827
-67.6430.3437.4182.1574.1976.03-33.82-55.91-57.86-87.8161.3846.96+87.1145.49*-**+/-*----*+,-2289.838871240926
-19.8847.07-28.64-51.72-80.2799.84-61.8-70.330.83-16.0***-/+/-+--47.72--90.68-7.11-37.9432.92*/*,-14949.784945131345
-12.59-19.53-58.82-62.76-48.73-45.29///+**-45.59-82.28/+-40.62*81.93--36.5-64.9259.24-63.84-67.49-//-,-1127539.354067888
-52.47-46.52-87.382.6453.8560.9759.7-62.11--49.12-99.76-99.0397.79-54.6721.76*/*+/++/-*-/*/,-2047.3932882838276
-11.87-9.1637.31-71.0923.15-54.67-66.822.52-60.2412.6623.91+-*+-++/-**11.74-26.8659.76-54.44/-*,-32784.93526340187
89.8758.04-52.99-60.66-77.5560.85-63.41-60.76-74.34//**--/+-/-34.72-80.7384.8448.012.1///+,53.451157763616266
-41.28-58.06-69.66-72.64-17.08-1.1811.88-90.14**---85.75-25.1427.8230.32*+**+/---9.95/10.41+*,-2361.886730682742
7.11-60.01//55.752.2518.3238.1385.35-17.08-69.66-*-/-9.7724.37-39.14-73.92-15.58+*/-+*+-/,-0.0012229364031521792
-92.5738.08++--33.36-88.25-32.11-8.0831.42-41.03-38.26--+-*+*/91.082.36-42.64*-+-53.96-55.04-,-2926.2390772621434
62.26/-29.9293.4961.4-48.62-38.77*+/-+-94.7379.61-47.52*-*45.5774.04-72.5543.56/+//*73.8+,-0.00020667032760948592
-92.95-32.63//81.0575.980.1-10.92+/-*/10.4/+33.41-5.32+-12.76-9.0296.22-6.69/*/++-,7.831025539795277e-05
29.5730.046.22-74.4-20.0296.87-58.5829.774.7757.3-45.49-35.07-+-+-+-*--*+-73.99-56.593.49+*,1945.8761
/-42.0388.07-44.3-21.17-12.16-60.96-94.06-93.08///-2.875.72-9.1326.38-+/-/++-/+-99.12-6.81*,543.7248970509063
42.54+-76.1777.85-2.4119.249.64-9.5192.49-5.18****-*//-53.69*-91.84-42.27-13.8161.322.66*//*,4342524.845459858
37.61+*99.280.2340.5735.67-16.56-73.9-38.64+/*-*//15.99-75.7630.01-57.89+--66.3611.58-/*-0.18,4533.336549942793
-15.67-11.9-51.59--/3.04--60.3452.1-53.5183.5531.8123.17-70.4-44.3540.63-26.09***--+-++**,-39.69000475092007
-99.36-14.37-47.5430.63-47.07-67.6312.32-22.1668.59//31.0276.13*-/-/-51.9257.35**+-*39.65+38.82,-365.9588281506868
31.86-81.78-49.45-11.74-65.19-8.2789.46-34.83-71.73-43.0-59.583.46-69.25-71.99-27.1***+*+-*//+*-/,-463892.72430019925
40.1915.3-9.47.8935.7139.95-66.08-57.53+**-**-*52.6254.46+*-56.39-83.6524.9246.2785.19-++-,-172741.52728399998
-14.3647.2626.39*+--6.3456.85-98.23+**0.7586.929.3-40.8145.9685.1542.9-43.76-61.66+*++-//+,27655.633677991962
/+/88.2723.61/24.6-3.31-14.66**+++-16.05-90.57+/-7.5380.08*/-26.593.39-24.7556.31*+*,0.14775756552430655
-48.61-77.438.14-63.5486.74--3.2-22.9837.179.54+/**//-5.068.5698.93-39.7*--*-*/*,-168.94888639256524
-95.74-9.71-19.4569.688.9812.27-41.9646.57-7.6262.73-40.97-11.93-19.1774.56-61.19+/**//-+-*--*-,-1400.2470602180463
-37.59-53.8899.36-71.74-62.9235.87-26.1958.8112.14/-/*/66.3238.62--++-/-23.9245.1885.13/-+-68.04,118.19491415050344
78.77-80.9582.48-51.198.61-73.2971.55*+//1.086.33/+--*-49.3735.2163.2792.86++*/-55.95**,-17347.847238782422
-93.21-28.9695.6217.85*+*67.64-61.07/+*46.8682.76-77.72+-+-69.8-65.36-72.5++-50.5-73.54/+29.99,2113.441534861028
-14.92-41.7617.04-93.22--/*-92.61*-11.5977.41++-68.02-18.12*83.3-8.831.9386.92-54.4314.37-**-+,-43387643.21130367
71.2272.71-47.2941.77-89.12-44.8412.65-0.74-**-*//-58.8272.23-63.5634.51-/*-92.8162.65-28.51--/,-50628.2349367025
-26.810.5459.066.5842.2314.2745.148.18-86.04//*+*5.6643.651.55+-+//*51.53-65.73-72.99//*,-4.32068303012076
-87.5-54.95-0.1-89.1336.8729.69-75.5332.7-43.0776.64+-+/**+--/-72.9150.5276.0+-*--67.59,10442.011570742023
-62.2335.17+*39.149.8512.2--/-4.62-73.5937.68-76.91/**/20.85-79.5-67.4+*/2.233.08-*60.13,-776.5061937582391
-51.29-64.3736.7888.54-55.48-55.84*-+/74.97-4.19-/-15.223.35/-31.21-2.11-69.02*-/-*/46.56-46.86+,11124.17212908736
-5.21-76.57-55.6366.44+-57.0311.77-99.5464.2610.21-43.82*/+///--+18.43-69.17-/*+0.0656.3-,-100.9634245697528
/72.9836.55-86.9377.96-1.85-16.77-84.96//*-90.74-44.11-25.24-17.61//-//-18.78-6.63*++/-3.9927.8+,-3.6310278312580593
-64.3834.57-/-18.98-86.37/+79.7152.8764.2289.04/-+-29.28-47.8149.0120.24+/-43.02-92.3383.17*+/*/,32.74548408848471
-3.17-95.3+/33.5390.38-39.38-49.043.53-++*-+-18.29-44.53-74.49+*65.2775.75+*+93.583.86+,-9604.924834685193
12.6-72.7313.1656.6-52.8188.751.43-67.7-63.3343.0-27.83-51.82-75.52/*-/***-*-//*-74.73-78.75-,-206746.42749804078
-43.241.1261.562.22-13.23-64.5+97.7-11.64-36.5378.85--//-*/-**--44.4188.327.2428.25/-/,3074.143685427935
77.72-13.5429.2951.9850.83-97.65-77.89-46.8390.59*--/-65.0641.21-49.9541.97///----18.551.66//*+,-4106.200021157374
/95.7779.82-78.4639.874.5299.6462.43-45.3+*+/**+//22.97-*7.3528.01/16.689.69/-27.91,-5550.782802495818
92.69-51.31-11.3443.24-29.53-53.0+*/**--43.7575.5847.98-18.89-81.13*+/-/76.4-13.080.2166.75+//,-537190.3213070079
64.13-7.01-93.341.13-14.1933.56*-41.6261.4631.3746.38-57.372.0967.69-1.47-82.98++**-/*+/++++,661263.9902822623
38.74-+-87.46-81.12-58.6-92.7925.11-18.7-96.53-16.13-49.4***++-68.87-9.11-**-+-19.64*78.7984.51+,1578187.0035819998
-83.14-12.6886.9820.51-10.4921.54-47.98-25.46-82.9824.2-34.99/-//+--*++*-40.751.36-91.1371.17/+/,-2671.4339578207378
-98.46-5.07-38.2212.19-+-34.7239.812.5661.0+*+*-44.31-52.0221.91-*+-/82.93-63.57-*-25.1169.51*,-86726.64944452637
81.9818.63-82.52-6.06-28.1-26.8446.92-2.86/*-+*-/++-42.5315.95+-10.85+-40.8571.76//21.3289.6+,492.1341394547271
24.6817.7338.4-44.44-4.3972.2557.12-47.4589.68-46.085.0584.17/*/-/-+/-+*/32.75-72.1420.22*+,-110.22863926707002
-57.64-5.73/--23.13+-46.2585.17-40.1990.35-2.61//+/*51.62-7.5791.05+43.6180.45-38.23/*/+*+,-1190.3778034318652
12.07-30.3-76.54-28.66-75.2175.22-97.2411.2363.2794.9149.75---+/+/*+/--92.1/77.98-11.71-61.48-,78.00356134507253
-57.65-89.3716.22-75.24-59.6743.4828.33-23.44.83/-/*48.0789.743.06-56.44-85.8573.35/+*-/**/--,438938.01576712856
72.46-94.2767.11-15.673.56-80.879.04-9.7-42.9-39.93-40.49-79.97*-84.9371.762.25//-/*/*/-+/++,28615.699024687143
-65.9883.3549.5-93.65-67.4711.0258.1324.93--+-13.95-21.9150.05++-87.8396.44-15.38-22.92*-*+*/+*/,-8896.4369066922
61.5168.38-21.17-+--90.62-44.0398.6-23.56-41.2939.655.1212.67//-/*27.987.2549.11-9.22++*--*,4476.87800618216
35.0415.33-21.48-57.17-3.9258.39-35.85-8.3984.29-84.83--++-++/-/46.659.37-17.9545.66-1.82+--*,-226.47948197750992
29.63--46.7745.0363.9796.22/++69.2654.35***/-29.837.1790.5278.57+-13.68*+*+++*-19.21,3224.2177825252083
-36.29-88.86-15.46-20.86-82.79-69.14+++/-+*55.63-29.23-90.97-82.51+--40.943.57--*-*91.7985.51*,-555024.2118414561
-34.4-58.9837.36/---1.69-52.48-57.7-44.91-25.6359.1741.413.86+/-47.8131.93-41.9795.37-+**+++/,-125.04115798594009
66.55+27.4325.12**-77.75-2.06/-*69.6489.2871.2891.21-*+40.5--20.92-35.79-9.398.86-+-*20.18,-15428.892125855691
69.77-12.92-93.42-+/3.57/93.84-47.49-94.2390.5-78.59-52.69-61.438.12*-*-*21.1278.0562.25+/-/*,-80.50154667705681
53.99-28.63-23.6941.34--60.9912.7588.44-80.39+-+-/+/-65.22-18.355.9926.13/*///92.3264.35/,9.243892190036293
10.8869.43-21.7446.89-68.088.62**--/+*73.31-80.45*+2.69-54.18-+/67.9913.732.32/+*75.1,37061.25745295689
-3.435.7899.29-55.8710.5128.05--/*-32.2123.13-24.369.2654.48*/-5.992.4931.5879.39*-/+////,17.533396336583515
61.561.37-*4.88-23.95-33.57---19.3*45.81-27.91-81.8483.18+*+*-10.42/10.69-11.53-/-1.4933.65/,-45628.78760917454
-6.66-66.68-89.73-77.3568.0890.77**-*-**54.17-34.45-49.1-+54.27--68.7855.87/+12.4298.3437.23*+,-963568.6425719197
-83.49-39.91-*41.13-28.79+/55.2210.2479.07//*-33.07--90.61-70.1544.44-84.144.47-38.685.29+-+-/*,-1184.5602287843112
-89.0819.1968.18-64.04+59.85+---61.6868.4885.7697.88-75.589.12*//47.5470.023.02/*//*//+,29.374215413929974
1.9215.89-7.84*29.1-4.0995.76-6.8653.69*-43.26-72.7++--+/*/-*+/53.337.7456.73+/,-95.52449113033202
64.87-90.327.716.5847.544.5*+*+--*-51.5177.47*80.8912.84*--23.8936.18-0.6283.7215.83**/*,1979780.609457672
-50.47-61.7736.66//-0.26/-58.04-23.921.21-18.6992.676.07----84.6457.14-94.46*/*///-5.44-69.09+,49.87974574008467
34.36-61.3895.5180.09-53.04-46.69-1.2440.8117.08/--+/+*-91.63-5.86**+/-21.4516.03*/-22.17+*,-6364.346256729497
79.74-91.99-93.6568.87-98.3160.114.59-45.44-58.6+79.796.42-25.92-63.74-78.4***-+/--++---/,-831619.0881253567
-4.73*23.22-35.82-62.0927.75-42.12-2.03-85.76-2.44-22.19-*+/*+++*3.14+-6.7730.7685.566.94--+,13963.47637989459
75.198.6554.78-91.78-34.1-71.72-7.227.59++*64.728.33-+-/+/+-86.35-51.94-47.46-67.7+*-,-1872.8135219411502
-2.6991.0249.3-17.18-71.863.88-36.6525.15+25.2988.4899.9484.47/-+/*7.39-14.61++-**/++/,-246151.02214649488
41.8714.42-33.81-24.85-89.861.9787.22-22.5920.87-55.1190.83-59.8926.7/11.51/--/++-/+-*---,-2283.9405043845854
92.165.8271.84++-93.82-48.09-49.16--+11.84-18.55-20.53-84.3721.08**+/-43.0940.19++/-34.99++,-12376.107544778139
-48.6754.1591.52-83.293.8781.09-98.5854.47-9.6922.07//*-+*-50.0820.04--80.86-60.14/-**/*/,24424.09773776891
-4.51-49.02++28.1937.04-53.463.5516.021.72+/+*/+36.82-74.64-88.9231.91-9.22-73.66-15.97++/*++,-203.48035052970948
63.77-58.07-43.7941.51-90.881.8999.4784.18-+/78.9168.4-37.6315.04-*/*+++*20.8971.9-//-41.42,-9545.71507464034
-60.7-90.63+-81.1922.91//-23.8133.0874.7486.3536.42-25.67-48.92-74.47-79.21***-/11.7331.56--*-/,-151.32999904365337
35.5423.83-98.01-61.43//*/87.69-59.649.6882.39-66.0450.93-21.1653.07+-*/7.07-72.932.24+*+-/+,0.004762612050470999
86.21-56.8895.75-15.57-31.171.6*-38.79-50.12-62.4650.2447.42-48.21-*++/*/-+//**-40.38-26.04-,-2528.6844611107317
31.89+33.89-56.61*/-55.08-30.38-74.816.6466.4397.77-32.17-64.17////+*-+20.9749.5299.47---*,30.329743070600145
-43.92-36.6423.4871.43-10.71-46.56-14.48-39.4//-/---+/78.01-16.07-47.29-69.45//-56.4591.0455.16+*,57.156460615755776
-92.26-13.04-15.99/+26.659.4926.98-9.06-4.534.93+/+*/***-70.144.76-28.94//+25.79/-10.96,22226.526594030212
53.87-21.28*-87.81-9.01-71.795.2536.73-45.3637.41-24.0995.61*//---+/+-12.7443.5-62.41-37.23*/-,-1153.4826548062288
58.17-16.7438.85-99.46-69.5-79.6924.07+*+-*+*70.46-19.54*+-10.527.51-57.07-8.21-1.31*+/+*,-92153.29739273856
-25.54-98.53-21.140.9777.95-74.89-81.2264.440.58-39.54-+----++--12.02-67.497.85-42.56-16.2*///*,2516.717931260334
-98.62-50.99/--95.18-40.54-63.33-54.94+/**63.68-18.8312.17-99.7597.98**--/-65.74-98.73-47.398.33*--,-17682442.192683306
-11.78-98.8770.2469.61*-*//96.75-11.33-13.27*-45.67/-53.0176.38*+-68.06*84.61-32.89-50.57-0.6+*+,63396.79651465617
1.28-18.1749.68-25.4618.4418.36-33.62++//21.41-59.386.390.32--/-+--/*82.73*25.68-31.47*,-93.08338676837454
-43.53+5.17-95.43+-39.81-95.18/12.3-*--27.93-14.0939.17-37.86-*+-26.49+-10.31-52.56-29.31--,2592.0678999999996
-52.0548.55-74.46-98.036.1943.4-95.3***/12.87-10.2125.3715.6-60.5+-*-34.39-45.220.6*--/+*/,1124.4721294464068
-71.9355.0684.6391.67-92.8647.63-98.0691.07-74.36+*/**/*//-80.57+-46.764.3962.93-//-12.87-8.86+,741.069493040659
-98.65-74.72**/10.7388.2654.8654.3186.55-65.14-4.8366.27-32.75//****+*40.19-41.8573.4+*+/,-13.835394872066653
-80.09-18.58-96.524.0488.7*-/+/39.379.96-30.21/+*26.55-2.961.9256.4731.146.3987.17/-++-/,353.1034603902459
-28.99--64.61-45.6366.14-98.63-2.63/-//-91.78-99.58-43.46+*/78.6129.926.24++*85.392.21-10.75/*,6484.942059492786
22.03-79.04-12.352.32-22.78-*13.5643.894.595.97+*-*93.03*/-74.97-64.04+*-*+///3.09,2148889.9387222202
53.84-52.7-3.8468.65-18.1848.0993.82--/*++-/66.9993.2493.54*/-/*-58.6893.42+55.4199.64+,73.27785261752558
-97.1554.454.41-31.76--5.45/*-++-71.04*35.61-82.3491.2270.9721.8130.7118.94/*/*+---34.72,5147.640711884201
21.0238.5132.47-91.9-5.6736.423.7578.56-*79.6925.4350.86-+/++/**--69.58--56.31-84.05-61.75/*,8333.669051198212
-28.09-41.05-37.28+/+7.921.0-84.0743.064.4896.0317.95///-++*-19.7894.79-96.38*-94.57/--+,-63.5778616889366
98.0549.2248.11-66.3435.01-40.08-6.22*/++/-*38.85-73.69-48.32-67.05/-/+-32.1276.87-48.09-90.0--/,3494.3430984818315
-44.4-0.5841.2967.5295.36-39.01****---80.85-9.27--6.67-12.37--60.98-58.41-67.2-/-++--6.57,-2100.2289910344375
43.14-95.08-8.844.0-90.643.9657.5122.0370.888.37-36.63/***--*42.8612.9516.21*+-/*/**,-37220.31224738257
-50.1989.74-+-87.2*51.07--70.96+-43.89-84.86*/17.03-14.03-34.4534.52-79.28+-*-*-26.220.01-92.24+/,38680.3840907655
-70.6252.41-51.65-57.66+*86.4726.14-19.7-48.01-97.72*/++**/-70.4390.5781.7+-/-27.5766.6589.49*/,-158245.50571399427
-84.78-45.42*62.2670.9780.63-33.91/-64.2825.13-/-*/55.07-98.29-85.0638.66+--**/*-+19.69,2871747.6895958674
-8.85*41.08-97.78-69.06-10.2311.9626.15-37.33*-/-*+-/49.63--73.0739.9849.82-+/+-43.43-50.8/,68470.9829205333
-25.18-60.6752.793.0780.9139.99-93.34-10.910.28***+*+-*/39.62-81.07-55.09-16.9858.43-85.62+-***,418553.9410547497
-*-11.2-16.58-65.77-87.09-84.91-26.398.1842.13-89.86-23.69-53.89-61.48-60.13+/+---/*///-**,-75423.57128040769
65.64-42.31-93.92-0.21/*50.55-12.795.2837.86-/+*-*18.6-96.95-6.6470.19-76.44/+*52.6-10.5++/,-3795.9043419890504
58.21-77.73-48.7386.193.61-33.1954.3576.3255.0437.36-40.8910.91-77.0939.8552.22--*+++----/*+-,673.5529175194338
36.27-59.139.7172.36-57.98-66.8283.6-97.65*+//+*-50.4810.42/*/--55.59-22.94-75.9513.93++-/90.1,-8075.913461521956
50.21-0.07-92.1747.3571.14-35.65-79.49-7.4719.21-41.93-26.8220.59*-/+-94.93-51.95*///-/*++-,4776.765781876028
64.39-17.2970.69-93.69-18.1-74.065.33--++*/*/34.7-64.325.64+-72.3648.41-84.17-66.91-91.03*+//,1162.4346558398695
89.23-21.0327.62-10.233.433.3582.2744.14-45.21-19.843.68-92.04+*/+/*---*-28.11-50.76++/*-84.0,14457.769169095025
-44.63-9.0-25.54-47.4851.434.65-76.91-71.957.1833.44-63.2299.85-+-*-//-/63.0213.31-39.63*/+-+,-2229.1381006873976
93.88*50.7625.52-27.85++*-65.2927.59-66.73/*+38.98-59.1282.2256.74-47.39*-+/-3.56+/+21.07,749616.7343596013
55.838.94-25.8751.78-76.4732.10.88-24.75-1.1155.49-/++-+-*--56.8861.0587.32++-9.33+*,763.3409515151516
44.01/55.78-48.03-88.1*-+-2.4131.48-69.27//*95.8438.1-63.1161.52-76.64-76.23///+*49.34-67.11-/,0.010538658822428697
-17.2-31.846.7264.3435.6565.2-93.4289.2530.66-44.79-82.61-36.9-6.9719.6475.0+++-+/---/-*--,-5312.49585292211
-87.25*-53.6617.02-9.05-41.47-17.3+*52.3349.9398.05+*---+47.5426.25-1.1238.14-89.2189.93/*+-*,4203846.012751393
-16.8722.03---59.0-95.45-35.1238.8889.57-32.43-80.7492.1525.1659.6614.9464.22-/---+*//---,22.22214805580341
82.59-94.0356.54-59.94-87.4560.52-9.7365.04-36.9491.23-92.75-16.71-3.07*-/+*+-*+*+*/-53.2425.39*,-450.77979752126356
9.322.64**/-11.28-42.19-49.6751.71-28.2932.74++--*-40.1848.9883.82-//-45.21-59.0440.574.86+/+,-0.1952052606863212
-72.16-68.96*+-33.01/-97.530.9593.2-49.81+++-7.87-59.27-/6.5-83.5568.62*+*-72.64-6.48-2.09+/,4975.239414044828
-49.88-88.04-97.8721.0278.55/-+/*-43.56-6.41-79.3-/-18.9866.683.1386.55-45.07-+--19.55-64.16/*-,24.91494949830134
44.09-80.733.75-32.2796.3352.9788.4574.62*/+-*-**62.54--13.9127.717.08-61.52++/*-81.87/62.08,-4011.6726379982465
-82.476.99*-13.28+*/1.94-95.01-17.09-*+*67.9815.195.84-76.58-79.7810.97-9.18///-**-70.94,6829874629.588906
72.5978.29-59.52-91.73-90.54-97.47++--+*43.0572.6595.41-89.86-92.08-11.61-82.38*/-++++51.33-13.37*,-29022.305177857503
-5.74-42.44-22.3788.2532.52-76.986.53-49.5861.92-46.54-77.8288.98*--/*//+-++-23.9257.17/---4.59,-6978.306863150768
36.82-82.45-29.4686.18-83.27-1.156.5669.6824.6510.7681.5139.52-72.83-55.93-69.31//+-*+*-**/*//,1685.7816168473364
-84.5511.48++70.74-91.72-52.4214.124.0340.78-58.66-64.3-95.79+*///--/-37.58-46.21+-+-47.5737.32-,-63.342630329925825
-21.99-71.4921.04-91.724.8535.674.2573.97-65.71-72.6918.4275.5434.4-*//*+//46.3-7.54-+/+/+,-9.524376206717475
-44.05-44.6145.54-50.880.6378.03-34.87-30.9519.959.57+--+-/-+*-5.7730.9-34.63-78.0631.35+--+*,4408.453117924528
-34.37-94.47-17.61-45.25-22.8312.53-92.217.83-44.45+/--**+*--36.83+46.4381.95-57.48+/-32.65*3.94,21614.748469086317
-47.1347.19-65.3255.736.6845.8-34.04-82.0878.04-89.4718.95-31.96///-+-*/-+--68.62-89.8699.7-/,-2442.1017466928556
-66.0778.28-84.67-49.328.35++-86.4358.77*/--+-81.5180.66-90.23+-*-17.7894.38--22.27-15.39-5.04-*,-138238.93505845906
36.11-64.0250.1530.05*//*-38.54*-44.72-16.4134.8272.570.5453.21+/*++-27.78+-16.64-96.03-38.08+-,2060.876210572394
-46.22-53.1-46.1++-*-78.4680.27-66.64-/-0.32/-20.03/39.94+58.1897.1824.0399.77*//*52.21-46.86,2400.348474972858
55.66-29.291.5794.4480.7522.422.4412.05-76.02/+++++57.95*/*+/-48.02-7.61-63.0-21.7/+*,-153.82444496500574
+88.234.358.78-20.44*--/-86.5797.715.7420.45-51.49/-75.47*+*/*++-28.746.31/+65.14,-29.811171532768654
-83.5-74.03-99.0454.38-41.82-6.25-32.73-16.19-96.7758.44/-/84.2639.91-84.61*-*/+/-69.9689.12****+,-16674153.221617837
7.2771.99-26.56-56.8143.34-67.18*-*+-**-73.8813.63-81.16/**-64.3186.82-50.9962.66**+++-77.84,-8787009686.637922
63.1738.878.97-78.83-35.553.672.49-82.67-*/*-76.859.5534.15-*-*75.8156.44-99.81-94.55+-/---,-38705.32875609787
42.48-27.1614.87-12.5483.37-71.94/+*+/--31.1+--46.52-/11.18-94.664.0779.16/+-+84.5344.21*,-3850.408639187416
-36.97-65.07-68.11-9.39-60.752.62-65.71-75.1-72.37-33.32-36.7743.2711.8155.69-99.93-*///-//+*+/-*,-2664.5927758902626
56.48-16.87-43.65-25.21-8.92-88.39-76.8-37.0879.51-89.5*+-**--+//-67.62-38.67-/--36.8-28.68-+,53467.73029554906
79.0964.8584.75-+-**75.9478.7*-64.23-85.99-12.9833.52-0.2371.16-30.53-50.34+*++-++*2.37,621814.3035759999
34.2983.2630.9452.43*-*-10.6463.8136.17-80.06-66.16**25.63-97.79-71.35-76.49-*+*--++8.21-29.47+,112108535829.95003
--72.6649.01-79.01/--3.7438.76-90.7515.3667.27++*-+*--71.1890.31-76.57-5.9289.2177.77/*//-,-830.7461736543177
15.442.53+/-74.51*4.9660.76-62.34/++64.71-24.81-76.21*++-4.36-53.1772.46*+*/+-25.13-79.08-,42.52992627709743
-2.66-27.7591.66-31.715.7454.35-41.0354.67//-++-//70.9772.15-47.9388.3444.91-83.84-19.65/*///+,54.038487671057
6.58-65.75-78.0856.02-89.35-96.45-57.7-55.15/-15.95//+---/+*/46.6895.69-85.51-+--63.11+-46.43,241.6141707129497
-75.78-74.7528.6354.53-26.91-79.45-9.72-93.26-86.715.592.42-74.36-55.19-34.97-33.0--++/-/-*/-*+-,-1566.399643745667
87.09-22.42-79.1974.6----63.2885.860.115.4663.35/24.22-73.38/++-/**-*95.36--2.42-75.78*,-832232.082268502
-97.59-31.516.7987.79-9.3887.81-55.3176.3989.917.44*+++-24.7-93.59+*-+/-*/-75.6665.548.01/*,-3783.3329057578703
55.6561.264.6752.4626.92***-4.8528.5720.9154.92-49.49-++/+78.24+*/-+-3.93--29.18*/,-873600.8446702114
*-1.41-21.8588.1197.98//--/80.63-35.3984.09*+/-29.44*0.2182.7696.0-32.3-22.8-38.96++--*,1.3686734300361532
-52.39--67.937.5734.118.1978.79-76.7-91.66-5.3-79.8-28.43-20.17/*-81.76-89.29*++/+++/*+--,5097.678827126614
-9.22-55.65-52.68**++-27.0817.82-55.8947.1971.06-++*5.68/-24.08-13.29-27.9-77.53*//-86.98-/,-27543.375684339764
-73.95-3.05-17.04-81.1-47.46+65.87+-*22.396.020.5317.1217.19-39.02**-*/-+-/-79.27/41.03,-545044.5791793211
-36.63-3.89-94.38-98.73-56.68-77.0376.5612.84+13.8197.2230.0669.8456.7142.84*+-*/*-*/-+-/-,-15365.416774719433
-49.374.3534.39-11.641.9174.03-35.125.8430.1-69.9181.09-58.97*-24.2783.06*+-+/--+//////,-1974.1061200291356
53.4-96.62-62.62-85.91-64.7233.3217.186.5-6.5682.5356.65//*/+**/++46.8-29.46*/*-54.921.59+,-4277.015296838137
-98.675.6637.73-44.05-56.96-18.16-96.02-89.85-5.8996.46-95.18*+//*///---46.1432.9565.5332.63+**-,99616.4208553414
57.55-63.4317.8-80.9336.13-9.2372.2529.3683.7756.25-29.42-29.9*/-+/*++/-/+59.43//-8.42,-47.91552884766702
-25.63-63.4961.22-91.5334.2184.01/96.73-62.35-26.32--/-//-65.96-62.58*/-+-65.9462.8729.85+++-,229.3688737738478
55.11-69.6544.04--48.79-64.6254.11++**-*--4.98-19.2923.97-45.3387.52-42.14-33.34*+/--//-,180669.14844752825
65.41-38.17-72.98-7.19+++-76.9456.61-92.5838.76-+/-+/71.29-85.84-57.4330.2521.45**++-70.63*-,-402.13213187375595
-48.63-+-91.18-91.1172.13---83.2341.7351.81-92.52-41.879.0655.25+/--++*-65.11-8.38/*-12.3992.38/,-335.3534660730646
-64.09/-87.93*94.2940.2579.79-27.3616.97/-*+++-21.0731.28-29.4213.7772.77+**//*25.7-39.54/,274830.7896437782
-33.54-78.95-79.71*/+-18.91++-52.7176.22-14.05--*-76.46-69.56-40.59+-93.42-25.37-/48.78-+*-38.01,928.0817277498013
31.42*26.18-7.08-39.2194.17-95.48-13.3568.4-1.03-69.0710.8447.2576.7-70.06--/+**-/*+-/+,147324.66539501335
-73.92-42.7442.2290.3877.51-37.78-18.444.77-71.6-90.71--45.45**/*/*/*/83.5-32.5519.54-//+/,438.18441957668455
84.734.98-25.1874.5789.8490.488.48-70.4215.74-79.88-39.5259.8-85.36-84.26+---/++*+/++++17.6,614.8103023630971
81.7738.48*-89.6387.53-58.1433.69+/53.21-33.5482.045.3672.23-26.07*-*17.88-58.41*//***+-58.45,462097.3804221728
38.46/-64.49-85.2436.02-23.5587.86*-+//30.57-16.8-60.18*+-/61.81-97.35-17.23-74.3977.11+*+*61.15,-0.006652010054243054
8.54-7.7-58.9576.3785.61-86.4621.26+*+*+++-/12.8762.68-96.61*//-88.15-57.28+/-37.1289.98-,-7190.370120646071
-99.58-58.737.96-36.6669.2911.8434.0594.87-16.8991.2559.17+**-48.56-81.79-2.0-*/--+/+-*/68.0,64512.21248697799
8.5623.62-85.3722.58-97.03-82.02-3.11-16.9696.27-8.5684.4545.1163.84-7.86-13.76/*/+--//-++*--,-1870.5707898466587
73.6-37.7-21.41-9.96-15.8933.5461.31-46.14*++-/**/-59.7597.5618.77-51.9566.89+-//+-9.7748.47/,-2940.5055360476986
82.222.9678.94-32.56-44.89-54.75-77.81+69.9592.7884.09**--+*-++-44.7487.568.8*---54.94*79.87,548454.92989
-98.562.38-6.13-53.01-91.6414.52-38.6351.0196.0-6.66-61.06-48.21-+*+/*-**-*-*4.01-72.54/+,29461.056391485512
39.95-4.05-73.68-74.5-3.4968.0623.7518.74-16.0274.36-48.669.1640.3583.09*--/////-/+-/+,3453.2357516965094
-28.6520.9-95.245.876.65-75.9957.4873.91-70.68-97.27+-31.09-12.99//**74.9-54.1-28.71-///-*-+-,-3364.7504328672476
14.62-79.96*/+-31.427.5439.0841.55+-+--3.04-31.63-81.66+-*+-27.3635.4143.8897.63+-/-,-0.3701835704436583
73.63-27.7948.96-33.295.1562.13-93.59-13.7768.5140.1480.825.4322.12+-/+*/*-/-*++-46.82-18.1-,100822.87230577305
69.0929.435.73*-66.1470.5657.8422.1-74.0327.34*--*/-7.15-80.25-37.56*-++/*+*-98.49--55.58,-5129.098958722285
-38.5575.56-51.1852.43-34.8312.8-2.594.96+-74.6648.34-65.295.19--*-49.4926.75/--*/**-+-*,66830.60569441295
51.5985.6135.62*/-23.84-36.08+/96.54-59.1776.54+/+/18.16-37.866.39-73.38+/**13.84/-65.0843.23-,-126.11928801591186
33.3146.78-27.54-79.85-+//-10.24-15.61-20.56-76.0280.5265.42-85.557.6873.42-53.37-11.29+/*-///++/,-5.99101139930791
75.65-81.39+*-31.8618.5721.6-88.1777.89-+/2.974.63-39.891.87-86.68-98.76-66.13**-*+-++*-,-42779766.0120946
69.78-8.65-99.721.16-10.0+-*-12.0689.2852.8633.02/----/-/-34.33-65.88-52.7791.7-37.47/*//,-8054.9785990279925
98.4541.086.1383.385.5435.42-47.5286.04//-//++*/-78.73-/27.18-6.1932.56-35.290.57*+/*,-4727.785389833652
8.6611.6295.39-2.3531.7810.3630.097.635.06//-51.4238.746.97*/-*-*-66.6134.09-11.09+*///-,-347.30923756814286
-78.78-31.48-25.4396.1326.0494.45-86.7353.52-99.11/+-/*+-/-16.35-40.6244.14-93.3814.06/+/-/*,-481.6719858734593
17.55-26.6997.9492.22-76.73-65.57/**//-32.06-*-68.0889.7699.48-79.19+*-47.855.8397.84//+53.64,-285880.7676362651
/19.9-72.97-/50.52-32.2910.01-7.02-81.01-66.597.75-29.89/**++/*43.83+95.193.15-20.96+/*-36.93,44.97692984372567
-10.077.63+/58.42*54.6576.8-/96.2-50.374.53-82.3729.6267.2-8.72-73.05+*+-++++31.22-17.76/,7.6277592992222925
86.31-6.2590.225.49-21.4550.85-71.19-97.031.27-29.83-17.22-6.3-57.16+--*-+/-91.6180.46-**-/*-,78439.87067305241
-62.85+-85.4139.99-99.26-63.799.59-79.48-/-/-++*/-80.1516.6674.97*--87.48-86.7-35.4*++-10.46,-206.03207287247318
/+27.39*/51.1697.4568.1476.8-20.24-28.46-31.27-17.93/-7.91///**/+-/76.87-34.83+/17.74,-62.29835267771413
+66.27-88.1695.79++//-19.28-24.2971.93-62.09-7.1651.2229.56-92.2638.82+-*-7.9149.36//-/+*/,58.083392077109345
64.391.52--/95.89-48.0157.7665.3282.89+*+*52.2446.5131.26-32.3987.99-21.6-62.7628.97+-/-+/-,13.034271680294253
86.3996.55-96.47.6585.71-43.6576.87-50.2888.9974.4364.71-*//+/*/*-*64.83-45.27--13.01-44.4-,-4693.003148305247
19.57-34.06-98.27-32.2198.257.42-76.5662.13-73.72++-13.64-25.78//--/*/--53.9-31.67**-90.9-37.95-,90245.50309905232
84.2697.72-27.96-73.517.4815.4543.11/+--99.0864.88-57.8-24.79*/-*+82.96-30.18-100.0*/-++**,-229250.30696435738
/25.4181.41-67.4821.09-73.16*/-//-*-88.4662.18.12**-39.2427.09-+-16.8353.7255.4191.96***,-205492295758.0622
*71.3140.1245.47-32.1964.61-32.2576.05-27.1252.23-34.08-46.3-23.2748.46-30.87-/*+/+*-+/**//,-2154.5062927226927
1.3634.8736.012.66-7.52-36.95-18.6674.53/19.2370.18-52.49-17.81-*58.5666.85+*/*//-**+*+,1632.257044370194
28.07-90.2628.62-52.73-54.54-37.6390.5883.72-56.3-82.8178.5947.31*//-+*//*/+-83.19-11.7812.82**,12508.843830650721
68.56-44.25-8.27-6.4871.3/67.35-69.1264.7778.6443.299.04-77.25-65.832.58/+++-++-/*-/+*,-3160.248005786512
-12.8928.08-67.38-86.32-25.1729.69-28.46-71.1211.16*24.7234.58-81.082.18+*+-**/++/++-/-99.86,-5243.634880839408
-73.49-39.8675.81*/*--59.47+/-34.0892.2862.67-76.58+/++81.56-8.62-12.076.73+-/66.51-33.55*/,-2484.519764120628
-89.82-9.6190.0390.82-56.2538.5-9.98+--64.3-75.6447.82-*++--*+/-21.4921.34/27.15-29.86+/-54.57,5709.989469447048
68.66-93.76-27.0675.15-75.78-22.97-50.0484.1480.86-65.7734.05+55.4-21.76-12.93*//-//*-/*/---,54.979069294727026
-74.0876.2789.9//*14.355.035.97-**/75.5295.8995.5-64.1-99.7955.97-33.9519.41--*++-++,-0.15414977956320303
-63.46-58.77-23.5215.13-57.7532.91-2.09-0.8873.1585.174.05-52.77-49.7415.0598.14/*//+/+/+**-*-,-30072.502304621292
32.2718.39-46.6260.71+++-94.7917.8*+/31.17-61.11-3.08*+-97.91-82.55-12.77-92.94-25.12*-/*/-47.37,-2251.5788720289192
27.95/65.6358.0619.8172.2346.62.6-++*-69.62-68.41-61.1721.0425.0881.415.015.28*+//++/+-,-0.011881290022060552
-26.03-84.02-86.4665.22-+**-84.1873.27-88.34-25.45-17.21-22.145.6115.58-*--//-/28.4355.2140.78+/,80679.13618441296
--45.39-22.87-31.34-69.62-41.0374.87-20.82+/+/-23.53-35.8776.11-92.18-72.42-/**-/*//-5.1397.13+,-90.41696192904674
53.56**-60.42-15.21/-31.44/-26.66-7.33-63.55-98.32-92.9-94.8979.03-48.0629.17+++-/**+*-91.16-5.03-,0.1529736121306634
*19.51-99.69-85.67-82.13*89.73-13.953.1169.15-34.37-71.46-*18.6433.553.16*/-/-/*+***+,-13681664.875582345
61.17-63.8984.47-70.1885.2551.8482.079.43-96.915.4572.33-55.33+/60.5923.5793.31-//-/++--+-+,425.8302636981459
26.03-81.37-9.01-77.69-24.84-89.5567.86-/-/***-52.37-40.46+-8.2354.5860.6498.03*//-*-/-39.59,-43138643.55519597
-3.3/-*30.5772.8323.7548.58-36.2391.06//40.2234.13-92.5250.12-40.42//**+/-53.77-40.14*+/-,10.13541438160211
15.48/32.51-64.42-30.22**/-73.26*53.11-91.97+*19.5899.5329.5673.71-28.14-40.77**84.7398.46/-+//,-1196.9502717011314
--44.0217.51-67.0989.559.33**+**85.6490.2*56.55-66.89-68.3872.0231.3180.07-16.57+---*++-,-616765516.6623344
-70.3744.13-41.3516.3350.17.6449.3257.6947.7779.33-20.1192.476.18-5.7569.18//-/++/--*/++-,83.200129154029
39.55-65.9334.0760.64-58.916.9994.18**+-/-37.5945.25-93.55-58.36*/-+-72.63-50.87-30.45*+-/+27.92,-94251.40787856346
54.26-37.9770.77*82.05-8.248.35//////41.1124.44-80.9828.1-+-/-68.657.03+/-68.15-36.5/,-185.1146575342175
86.8475.6454.27-45.7370.9562.6162.7788.92-3.384.1384.21-94.216.55/+/-+-*/+-/--15.6147.5*,-995.3737116567708
-75.66-3.08-13.2430.2320.95-80.99-70.65**-/**+/-61.54-16.3-65.52-63.615.2970.07*/*--*55.02,120340.80091896946
-35.7185.3883.42-58.644.29-50.82-37.29-24.5-/-/*+*/65.66-51.5-87.59-27.1+*/-64.6648.43-72.87*//,98.85555874538133
39.0+68.05-54.7378.552.69-71.84-34.1993.75+--+-+-45.3865.02-35.8413.64-8.9770.21-20.3-/-++/,379.5100084410451
-82.988.42-6.32-82.45-96.413.8816.077.49-21.14-67.79-/-**21.72-4.3874.23-41.989.24/--++-*/*,-1230.2047954231325
-74.7947.44-20.417.63-4.0-41.0-66.0542.4345.311.81-55.29-18.99-43.92*+****//--*-/-43.464.45/,78549.8816690901
50.2395.84-49.7170.29-5.0-72.5939.3536.03--+-82.52-84.336.56-66.4969.37-11.3545.88/*/*/---+-,173.64903291769815
92.4648.6837.9744.0-74.458.51*/33.81-46.4986.9326.2-/*/---+**-44.92-66.72--76.94.18+-23.29,-146683.252001377
-54.14--74.4+/++3.23-46.7393.91-32.8770.66/-*-+26.5538.33*-37.2758.0++15.44-60.174.88*,-5124.02651944022
92.71/-26.34--48.495.3142.186.0**+//-10.4742.8684.5723.4844.05-/-*-83.0769.6//-80.26-41.68*,-0.0038470503505924924
-41.81-91.3999.99//*-2.24-+19.23-12.1-57.37-72.96+-1.618.49-30.76*+*-*29.2683.85+/*-/,464.2170654347698
-89.87-83.99-88.3514.84-67.76-19.67-65.41-53.15-5.714.4559.6644.8624.64/+//-++-*-+-59.9384.76///,970.4271117507117
-68.28-11.65-26.66-94.63*-11.8226.57-51.05-11.11++-*91.34-23.4970.39-49.6844.14-56.98-+*-/+--/*,-42253.15273013651
76.7979.8-11.82-26.93-68.39-43.46-20.77-88.2865.2743.87+-//**+-*77.9367.877.76*-*-+85.86+,-2749612.021194401
77.75-85.5214.41-64.8390.38-70.5661.6619.3268.7462.9522.21-11.6495.33-/--/+/*+++/-19.95-80.87-,-0.3338468019455689
23.16-9.8383.89-81.34-68.89-91.5413.57---+--*70.39-21.31-54.2797.93//+-/-17.5930.35*+62.58,-94.56532755241574
-48.8269.27-46.6319.4155.51-/-29.4517.56-37.2-61.65*+//----93.02-51.4180.14**-25.2191.88//-56.73,-383263.0644372973
17.95/22.2211.17-65.98-90.32-88.3129.2874.48-62.6119.24*+///+*-/--75.58-90.45*-*-57.1*-17.06,-0.0007855647617557919
-75.8817.845.7955.91-13.76-37.77-76.498.79-82.1385.31-47.08-2.48-88.16*-64.6752.47--*-**//-//-/,-10422.225552287975
*41.8584.6937.1225.33-42.86-40.3388.84-64.6712.2273.88-71.92+-+-**+--+*7.43-10.8792.08++/,-153634.0247117817
53.7490.9397.21/74.81-91.07-41.68-/56.58-57.59-57.72*-/*---4.54-23.42/++-42.3430.2-0.28-*,1357.993608455696
33.04-91.05-4.5155.1974.1917.22*34.16-57.9-7.42-58.95-95.02-/-*/+*--*//-88.9633.64-15.28++,52236.64473584116
-79.057.8787.7166.24+/-72.419.66-94.32-78.970.58-47.1931.6655.8217.63**++*-+/-+/+*+,26267.484392731818
-32.47-69.9-33.628.57-88.5850.77-50.77++/*/*+78.37--90.97+*24.9848.88-65.92**74.57-21.6675.02-+,13784095.400702635
-57.7845.93+67.059.02-92.053.07-90.86-68.4895.92--++*-+-+/50.79-55.92-3.2335.58-70.97-+-/,-5209.519342529852
81.65-7.1+*-71.1758.51-80.23-56.7114.61+++++-77.25-28.21-99.48/-*-11.87-95.5757.168.5625.77//*,-386726.2113095752
17.11-6.0886.4681.82+-81.07-23.39+*57.34-69.6443.38--2.4489.171.8828.32-62.493.85++*-*/*/,4121.230269060713
-49.65-59.9671.9787.2685.5130.4471.88*--64.1782.5411.43//+////+/*/*82.19-62.6161.79*+,-5544.241406392726
58.58-46.7-90.34-25.4--34.34-45.32+-*/*-67.287.24+/34.14-3.55-/96.640.02-10.67/-+-42.57-20.33+,-6343.8280554358125
-82.91-99.12*-61.944.450.1733.6668.3180.29-33.3-/++/**/--*32.01.95-5.68*+77.6286.97-,-60.293010687532814
16.55-99.12+*72.34+39.526.67*-55.97+-97.2264.13-95.91+-75.79-37.06-12.0261.0325.85-**+-++/,469715.02570361743
-46.4747.13/+-54.8275.7350.2680.02-82.8911.76*/*-75.7390.9548.0459.27-82.12-//+*++--2.8745.24*,96802.7272481054
90.62*44.3155.22-30.463.7355.05+*+*+++19.0251.46-55.33-55.7461.0-39.0345.4663.61*-*-***,-3010784.0998586398
-1.325.5661.5585.98-65.49-89.7748.05-66.1767.05-45.8538.5639.9862.0875.48-33.05-/--+//*+/*/-/,-106.18235836788155
-74.1582.8493.46-59.44-60.09-73.41-25.54****-/+-23.15-*+-51.6122.1741.61-+/-79.02*12.7--41.25,625868803.1093677
-30.76-46.03-99.8967.887.32-67.9794.7-58.89-68.6797.45//+/****/--64.44-61.25-*9.7812.35-27.03/-,-7314.600637959341
-56.649.169.17+-47.26-30.883.19-40.07+*--/45.53-91.11-22.58+-/*-/30.3731.1414.61-14.52/*-,-182.43452521537984
-27.675.43+*+-89.82---83.58*39.62-20.27+/-85.9465.82-39.7166.48++2.96-77.561.7778.0+/+-+,49282.832039357
63.76-2.06**-53.83-4.94++89.5344.2355.91-62.08*-+-24.41/-86.69-53.36-2.6-14.17/+---13.9580.35-,457597.9749954954
-33.1157.04-*19.61-87.24-86.28-*/66.31-89.43-86.2-56.3++/*-15.3-39.9+/37.8753.92-42.8269.82+-*,-549.3634917962181
-42.48-26.3897.653.38-12.9535.72//++-/-54.2274.86-15.13-//18.23-4.58-52.7353.4/60.09***/+,70.09776608877672
-98.4181.647.96-11.5291.2855.3621.2311.88-65.3696.12-87.8733.860.99*-/++*/+/+*+/70.55/+,570.5628336697923
-16.1351.28-55.8574.77-69.52-78.6629.9745.3395.197.99**///**+/-5.71-42.71-1.19-39.18/-/+,-10771.735772643844
33.26-73.24-27.688.133.9731.1838.09-21.5929.4214.3723.9*/-+-+*22.9141.23*/*--*-62.45-+,-1282.82553952949
-35.99-66.9555.9352.85-91.9747.662.55-43.7514.71-2.49-91.04-18.2110.93-18.7-87.66-/-//**+*+*---,-4829.718057520758
66.51-69.2619.22-74.96/-+--26.38-46.87-85.97-*74.4--45.43-49.11*+/89.93-44.39-60.21/*//+-,3937.6660874778336
-94.9485.2-43.3624.76*67.240.5699.3876.29-18.69+-40.46-77.39-/+-+*14.03-46.38+*-*/--+,2177.716958125264
-72.51-56.831.44-51.5931.15-75.6128.2844.3242.2846.220.23-61.77--/+/***//--68.0722.3978.52/*,-169.42260120807404
-13.4292.4965.15-25.7953.59/-60.88*++++-+/94.32++-78.25-16.21-74.834.1147.4//-*+-53.19,-5470.100620629632
41.87-8.89-75.09/**-/-18.38-33.9550.65-75.31--95.7815.6213.94-63.778.5720.2-**-/+-+/+,-58597.553156972
-27.05-64.95-73.5849.1484.1-47.28-14.8-65.9221.72-81.512.3930.2138.5161.0-31.04-///++-**/-+/*,377.843371542083
--71.6388.362.28-89.5572.8-84.8786.03-14.84+/-*--+*+31.0635.275.8626.3460.79.27-+*++,9687.849332037233
-82.980.4860.01-13.0337.16-50.396.57*-/+--*-95.59-71.09+*+*-46.71-5.78*-89.5271.43-*88.76,3840624.5181261
-87.63-33.09*-54.9292.1625.9754.381.4484.9259.59-23.32-68.54+***--/46.44-11.72-++//-+*,6171905.714366965
36.53-61.86*-/-66.42-75.76-20.72-69.88-45.0738.46-//-*-0.3612.58-/-67.7747.7760.8386.86-75.94*+-*,-1862.803717154151
-50.9779.9953.02-83.4511.98-70.6427.43-4.2-53.77-48.0170.0+-32.82-77.4376.63-15.23++-*-++++**/-,-3949.2345520690087
34.55-81.07-34.54-7.64-56.21-64.2567.9290.51-83.11+/*+/**-/46.83*/42.7898.83*/-33.44-+22.18,20462.816116638543
85.71/23.5814.46-89.56-27.37*-+/-57.8660.1969.04-82.18-16.52-18.8-1.7764.38-77.87-89.1*+**-++*+,0.03463259651646213
-26.92-9.3568.58-53.0738.7362.66--60.85-++36.786.03+/90.93-35.177.07**-*++*-62.21-73.6+,1996.3281611714012
-61.6-15.81-94.8139.86-73.06-79.5-30.69-17.92-82.04-26.51-88.01-25.29--/*-+--+**+-19.1137.5139.94*-,-90764.91977979524
-81.38-98.19-6.51-64.7227.6419.05-86.51-50.2-52.34-68.78-63.39-82.54-43.4686.2751.49*///+*/-///+*-,652.9794463696046
-84.4831.6928.376.49+-23.8218.25-30.3689.34-+--+/**-65.99-42.73-9.0317.8+/81.147.74/*/,-490.65262114050626
-1.72-97.2537.6995.3228.8+-*-/31.7254.268.744.24-40.02-98.73-46.7767.3-0.44-44.15**/-//--/,179.5870765445696
46.77-19.46-93.7-95.96-11.98-16.63-36.4646.63-/-*-58.34+44.11-68.9928.31/-/-+-/-96.64-69.32-**,397.19779812352334
-9.0-51.78-85.411.45-37.36-56.98-49.65-69.01-*++*-/++3.549.81-8.46-*19.43-30.89-92.499.58---,-3848.6677333333337
-42.2474.0398.13-6.0915.34**-**91.26-51.18-96.86*-*/*-86.7953.0763.57-56.13-24.9119.95/--+*,783794248.2106352
53.1414.1317.83-5.225.11-+--/20.8636.75--25.02-2.16/*34.5561.4948.1670.62*-5.87*/*+/,66.3848047289689
41.2119.24-14.1636.49-71.14-74.54-*-33.71-35.04-*42.63-6.58+-+-48.5629.9245.56-76.44+/*/+*,572.7043058141691
-67.2893.24-53.61-3.72-82.62/-+//3.0489.4783.6218.0799.04-84.3728.7287.193.28/**/++*+//,75.81888170228903
-80.75/-30.05-98.29-44.9363.2734.41-75.46//-/-/-7.68-86.9742.0785.9+/+-//-62.88-69.1847.29--,30.014223556113787
91.39-60.5228.5-62.96-48.259.6487.17-/--81.45-9.49-12.3314.384.8789.49+-+/-*+/-51.88-35.31*/-,-15.016699008388173
47.0844.71-71.13-71.570.71-46.17/*/-++46.6969.27+*-53.8536.9732.21-22.6312.67-99.5-34.38/*///-,800.2472143405083
/55.85-33.09-65.43-61.59-39.876.0259.37*/-*///*-60.994.91-*30.36-90.8-13.27+/--5.42-16.21/,-115.81970040799371
41.27/0.7552.62-99.94-5.553.67-68.1816.016.4816.42+*-*-/*-+/92.64-74.7814.91+-13.73-50.79/,0.011174594073137067
-36.78-48.19-23.0144.41--11.7359.388.2432.7-/-*-28.9839.069.56++-48.05-65.44+-+-*-13.97-44.12*,31668.461074293424
-37.64-58.84-42.61-74.04-20.77-2.57-10.978.71/-48.89-61.07++-++-*+/-62.9715.61*/-0.02-96.63*-+,-192.85651174803655
-6.09-58.3625.66-18.3-83.48-54.49-70.83-98.9362.96-9.2863.28*-52.14-47.83-59.12+/**+/**+-++-+,2360.6187301879554
--13.12-60.22-40.87+-+35.2123.74/+37.0193.44//32.95+-57.8610.2697.11/++-97.71-65.48-72.45+-,-90.81111532007928
64.52-44.6662.35-32.8583.2451.4-73.93++-*-+-+23.19-44.92*/65.83-16.84-13.0-+++-55.5187.91*,931.4427000000001
83.43-54.2111.04-55.4--5.327.8135.2486.0657.8481.88/+-53.471.8745.0330.2+-++/*+/*//,23.998539128333295
22.378.32-48.7155.1850.46-24.25-89.59-5.83/-77.08-44.8+/*/*/-+*84.68-66.4783.83-47.1271.79/-/+,-680.1115825988637
-32.5661.97-13.64-85.0-98.79-93.6657.5773.44-76.88-18.0156.0/**/-+*-72.16-44.6548.064.81*/-*-*+,656578.408429891
-98.69-79.6593.59+--46.31-33.27---96.27-54.384.24*++4.9644.2752.8***76.61*21.79-62.35*--,-17058310.993635844
-13.3-71.5652.92-29.849.9298.47*--*-+*89.13-80.3629.25-51.04-27.35+*-/48.68-9.7268.9-+*-42.32,-13456.739661505664
-99.8215.22-39.12-22.21-21.3267.746.924.9969.15//+//*-+/-55.4+31.23-82.18-25.345.0169.17--//,-31.925576600652228
-82.1754.2233.9258.62-/*+72.7-41.5818.9685.2269.6584.1658.89*+**--/51.65-47.6363.95-85.03*-,-284889.90396649577
82.3494.65-2.0454.8346.1981.98-0.47-+-*/---81.9776.1320.51-36.21-72.4565.9-69.97-39.83-/+-+*+,-1357.1863042998446
10.72/-24.24-34.96+--40.2747.0888.7-28.09-48.48-58.82-/57.2946.243.29-46.86//*/****-97.23-42.98+,-1212884024.1186793
88.42--70.9125.3*-82.49/+/+-57.5241.1762.14-66.7676.04-82.8967.23/++*++/+/-86.84-30.47*,248.61137397520275
44.44-85.3941.6886.01*39.5-53.34/-92.8--+/*//-71.064.77-94.5683.69-51.0456.326.69*-+-+*,-1.2360758997519734
-70.547.77-43.069.08-85.3715.6150.67-58.58-52.185.03-51.92-58.51-43.2365.8524.4-*/*--*//+/++-,2607.384737376631
86.78-34.1576.83-19.68.42-29.75-64.0223.7-21.53-61.69-76.9/+/*+---*/65.77-82.43+-60.72-8.3*-/,-155.46421481019013
-72.71+-25.4938.36-27.59-12.5-95.053.46-4.1339.741.5374.47-53.2938.84-30.22/--+////-**/-/,496.991695281396
-47.79*4.28-99.5454.03-37.47*+-/-80.1154.733.61-15.45-78.96-+-/--7.08-61.47//-89.2-41.13-86.89-/,101501.01451217127
66.2761.5443.265.44-36.76-71.7350.1345.03-/**-+/--*90.0386.3366.679.3257.6+/-/*-84.75,-567481.5314534763
-82.78-58.35-76.48-38.98-*-76.8162.4+-7.7469.8694.85-56.79/+-/30.0968.44-96.97+/++*/86.44-42.77/,-10950.564709520824
73.988.46-81.84-77.93-68.59+-+*39.72-30.564.772.34-3.2945.54+-*+/*/-92.6876.7951.7970.34//*,-13143.426042094352
94.05-92.46-24.9233.6251.04-71.79+--/-97.23-86.31//-50.66/*43.36-18.1-92.0-50.45//82.42-27.93*,148.15047797664369
-53.52-71.55-59.3992.73-58.9311.2434.6516.76-83.3655.4536.31-85.1427.72/+/+*///-+32.5-46.06+-++,-171.5798840859901
61.54-81.37+/87.92-75.96-32.5245.1898.0-57.32-37.4328.82-48.314.54+*+-*/+-**36.86-78.89*+*,1572365397.3416245
-38.984.5693.75-27.813.69-46.98-44.8559.33-75.3866.9730.3253.6-1.644.41-58.78-*---/++*-+*/*,24296.97896352376
-2.06-61.1645.4990.61-0.8876.326.2540.5520.5988.5985.23-92.0215.26-+/*-**++//+/-5.31-66.74-,-81090.37121188815
-83.96+81.68-7.85-53.7399.48-4.1+-/**23.21-19.27-35.74-59.53-28.73-37.34--*39.36-68.894.62-++*/,-3286027.636287418
-89.31-87.75-69.0288.830.7810.11-61.3133.4137.483.23-85.72-19.84+//*++*/+*/--73.5-68.73-93.2*+,-6481.931677332439
74.24-3.074.08-68.871.1772.6298.73*85.0-98.24++++/*+--7.6-79.78-95.49-6.0230.45/**//,5103.876894897212
75.3645.172.3249.08-16.820.97*//--/-28.62-36.1781.816.86-24.02-48.9640.96-41.05-9.65///+/--/,-44.23612158557311
7.56-51.64-73.773.7889.49-20.7461.53-27.4-17.68-90.573.28-44.81/**/*/*-//*+-68.021.0666.7+*,4047.748559668922
49.6-51.35-95.01-4.211.60.1519.278.81-61.27/--+--/27.9952.49-6.6384.84-6.6560.68+*-+*-/,-118.74498493648079
-9.3419.13/--50.37-92.43-75.71-69.65-33.696.43*///+44.3*93.72-48.1633.34-97.44-59.9383.6--*-*,-350276.4764674599
86.51+50.8747.7-67.76+-+44.78-84.3/-86.89*-7.36-38.69-4.2--+-1.5825.19-90.71+9.66/*--,60.515363157941906
41.19-53.8419.632.62-+*-86.02*27.14-10.0830.14-10.74-++-83.8921.17+/+-53.07-40.83-32.73-91.15**+,-566132074.9433126
88.04*-10.4887.54*-90.84-40.0147.6-*-/35.1228.031.01-4.683.18-+/+-83.2498.8440.14*+-8.61,253643.60766364826
-67.32-79.4-82.2151.74-86.598.6524.10.79*-//-76.7-81.9-77.33-86.74-68.36-7.56*+/*/-****54.6,-23992886.11132633
-64.99-35.6141.07-24.61-94.4413.46**73.1764.9-66.86+//-+*-+-97.39*56.34-43.85-78.0/+*-44.91,3328.9945243946186
-82.8221.84-98.39-7.3676.13-91.24-82.36-53.82-86.1+72.72-54.8741.6-33.67/-++*-6.65-+/+*/+-*,2557.3466475594946
92.1577.7678.140.3896.2873.13*39.5318.8859.79-22.94//-+//+*20.97-89.2-15.59-*-/98.48-76.56+,603480.2242281191
-58.982.38*-44.14-5.7-85.5-47.03-18.2975.34+++75.02-11.46-82.454.1630.5689.7831.34*//-*+-+/+,-1896.1850014609383
62.07*52.2230.239.3-76.8940.29-81.6718.64-17.78-75.1433.83/+*+-+*-78.21-58.58+-//*/+-97.77,9966.18724293816
-92.03+/56.42-5.9/-82.41//*-+-90.28*4.05-78.3-39.79+/*-67.06-68.67-13.28-56.38-15.48/--*,-8010305.045369067
-34.235.54-31.188.0736.0745.69-68.31-88.6682.8633.71--//*++-/*-15.57-22.8299.65*-*68.8-72.32+,1304.818460876064
-46.3578.06-7.5734.6869.74*/**+52.88*-80.96-38.3999.88/-*51.3150.13**85.5885.74-18.0497.41**-,-644602596.0359206
85.4279.25-54.2850.3240.8688.9413.0262.33-86.15*/---22.1257.3595.4-91.63-81.0557.07*-+++*++*+,406.52784327337196
76.2428.18-23.3663.1153.3954.3437.24-40.56-82.55-32.79-27.182.590.7352.9524.05*-/*/**/--++/+,-1400.4937699888476
25.9494.98-+35.69/95.3140.6--56.8510.2-79.14-1.01-55.43-81.0-/--/*-44.1833.39-84.81-80.32/++,203.6318046781891
79.5169.96+/-77.81*/+-4.89-88.41-/-18.81-52.17-49.18*---77.83-85.0-19.2328.79-27.92*/*-/,69.05335966159987
27.536.29+-74.02-64.34-70.56-*+*-/41.79-13.351.755.13-40.1284.3724.3311.5-91.91/*-*-*--,-4640.604672354758
61.6665.78*-81.73-88.88-75.7996.15+-*57.0483.528.86-31.66*+**-53.3117.74++*/**-46.945.75*,-17110550.52934154
53.04-23.47-40.63-57.6197.3276.76-+--++10.82*72.5759.67+--41.71-44.17*45.1111.710.4769.82/-+,19435.09144208511
-56.51/-17.3864.7-/45.79-16.32-*-55.1899.42**16.537.9195.2/99.0465.63+//*81.99-65.06*/+,-0.8734130274392801
-39.45-35.48-15.05/-/-46.0659.0688.39-48.2883.6540.53-67.8*/*---+-13.12-62.48-4.769.74-67.24++/-,0.45157233985262607
-39.1134.36-19.56+/17.0799.79**/58.7424.94-+/-11.62-/51.83-36.72-14.439.4471.95++*-+59.83,-93.36588861226004
-57.39-85.4962.8-39.55-51.75-+-45.6888.83-+-/--52.32+35.38-72.9525.67-12.11-48.04++*48.0-94.01/*/,192.4267999279839
-50.4-9.96-94.23*28.016.0532.69-8.59-*+*/*+--95.2130.83-41.5121.89-+/73.87-3.04-23.25//+,-628.5003834172803
-10.76-14.19-59.64-51.36-7.793.11-26.95-4.54-80.8176.21-90.5437.49//-+/-*+-/-11.8446.33/*//*,746.5610266501079
-89.5250.29-78.0999.07-49.3424.2329.21-56.7-29.14*-++++-**/-36.89-36.15-14.43-/-9.76-44.79-21.65-+,-2290.022741035691
-43.88-36.19-36.46-66.17-6.25-77.1565.1696.65-/*-47.7842.49//-56.711.2210.18*+**/-67.9495.63/*-/,-44.05586151594145
-76.75--10.56-96.43-14.26-++-23.952.32/16.5522.84--*+--11.4143.8*/-50.7724.68*--/63.19,-1995.3017079078732
40.12-42.3572.53/20.9548.6151.83-52.45-92.9197.9410.96-49.8730.6+*---/-44.76-32.38-*/++*-+,-3514.84036394516
42.27-56.8232.190.55-78.41-79.2967.1243.14-74.43-91.06-86.05-43.5393.0513.19-62.95/+/*++/-+*+*//,6236.38467838486
-43.65-94.3487.47-7.1674.34-29.6366.792.69-90.1/-+/65.8257.5-22.4-40.83-37.09/*+*///+/*,39.48092024661556
92.2690.11+*22.590.6934.38*-64.26-49.39---+*-62.02-69.853.56-93.69-+*52.1441.1763.11*-//,13400.199298365947
42.92-86.4132.49+-/6.04-61.6827.7210.02+//*-10.4797.03/89.53-81.21-63.5784.22-93.61+-+*+-/,-53.998172792260384
63.5747.8117.697.4877.0-79.74-48.8833.07++/*-*/-93.75-15.48-32.79-84.04-25.31/--*35.9128.34--,44.23574937395705
-27.88/-56.2-22.61-0.97-25.3+///30.6676.4543.4278.6--96.639.04-1.9741.3691.56/-/--*-/*,1.1019762797264874
5.14-6.38-71.24--94.0317.4994.39-50.76-37.67-92.7-95.05-42.3443.1369.9434.06+--+---/-//+/+,155.3765517675889
58.03-82.9729.2348.66-8.71-65.8559.5588.1391.9649.68-77.1619.79-90.56-27.8-2.62+/+-+++/-/**/*,7758.660556978908
-77.7830.19+-55.91-71.6716.32-38.326.26++*-/59.37-62.235.4466.08-*84.640.4787.18+*/-+*,3949.68849651057
6.82*-5.622.03++-40.9958.15-11.62-*--72.9332.22-44.46-**-36.52-56.1645.86-54.5629.15-43.78+/++-,306428.2417335699
95.9584.29-10.26-1.9420.922.28-2.61-83.5180.2718.0368.49/-/*-//--*-64.889.34+-91.9645.67-/,727.6767519694242
22.8813.0650.82-87.67-95.22-16.251.35-18.98*-///+*32.4224.99*--78.05-42.3265.9638.29/+//*,-128.1913556984069
-90.29-52.4450.8-49.07*57.59**//*++*64.2170.77-92.541.3626.64+/---41.05-39.34-22.04-//,2607.8414752109347
-75.1981.46-39.94-39.39-29.2458.59-19.43-18.0613.03***/78.44-32.56-88.65/+///++/71.8132.61-24.62-*,-75.29617587100809
72.2646.86-45.78-93.04-13.41-74.7559.56-/+--23.39-22.06+/-*/55.36-73.35-19.91++-*41.738.81*-7.23,144699.52097600477
84.16+-56.11-45.18-/+-79.4281.42-13.7716.54-36.1681.7283.32*-+++--*-44.39-8.27-46.27/-64.82,10872.472121914874
61.1455.71-15.56-+/-35.835.5156.94-78.9189.71-0.045.38-1.97-98.63+/23.38-11.6258.96-**++/*+-,-71.3272821043845
-57.49-39.58-52.6124.61-67.3218.74-54.872.1773.83-69.88--37.2458.79/-41.31-91.93-*-/++*/++-*/,-110.33196497842403
-83.2996.7383.51+/97.67-10.95-22.05/*-22.99/++-48.6820.57-93.4-10.67***+/-70.1715.54-*-,97.21563742513774
-41.9982.842.99/-50.0248.9-80.64-29.18-42.95-43.96/*//+-/+*/90.02-10.58+*76.61--92.22-40.39*,-49.92234172814371
-93.1336.349.28*56.8584.07-97.82//4.952.34+-45.5893.41-69.24--++-++/**-1.62-99.54+-92.03,-3453.253062892006
-58.5748.5826.74+-*/12.89-68.9319.5414.234.0++**40.9416.9-67.0279.2582.32-+-/+-50.5882.9/,75.5432814054456
-12.387.2764.8438.6912.03-17.57-70.0751.771.559.4846.66-1.31**/-/-+*/+/-32.05-70.47+-/-64.47,54.46820060672467
-39.2738.0160.11+51.32-10.25-16.33-61.6682.0491.07-5.7692.17+/-*+/*-----25.88.03-43.19-*/,4926.418588338773
-4.59/-55.39-75.2993.67-95.2532.6312.04++++/*/-93.71-11.3292.4-17.3625.29-2.58/-/*+--,47.466970598927034
35.21-53.4391.425.86-77.7538.9322.8311.7779.37-15.91-60.23-70.33-90.4-46.0718.59**//+++/+*//+/,79.4548146789699
-47.87-46.9-19.5-7.4681.777.64*/**/-24.76*11.4794.52-64.3870.53-50.93/+++-46.9899.0467.66///,5997.619462002536
-77.3522.450.08-42.9-1.5942.989.0846.27-96.62-*-43.6154.26/+*-/**-17.247.85-+//-34.17-45.06*,3782.4070174849253
89.1418.79/+51.98-94.6557.5-23.09-59.9442.3-88.88*---/-*-19.0264.07-13.9396.28*/-44.4488.79**-,-5796.418792030266
48.3255.16-67.03-84.7-91.6117.27*/*-*+*-55.9620.476.51-16.86-/+/-58.06-9.47*59.14+-79.2-98.76-,79909.20319950132
20.01-52.828.4566.2582.3876.51-1.9561.0/+-+/-68.54-53.7241.48-81.64-67.25-42.19--*/++/+--2.26,133.98250988080989
-8.637.35-32.62+-//*41.5876.6971.0-*/-19.66--27.25/-93.67/56.9970.89-58.3738.574.28-**/,-72.3491200602571
-44.47-17.9555.29-32.89-0.4-63.4513.24-65.537.7110.83-94.0435.91-37.98+*/-28.5547.58--+-*+*+/-*,38.310612120829205
-47.881.43-36.9289.76-24.0937.27-73.71-19.9921.0546.52-//+-/*36.05-91.82++/-24.6146.91--+-96.76,-173.96356576950174
70.53-20.84-27.4821.8528.84*-+-/53.45-80.65+*-98.9-15.9667.9318.0-/-79.6824.5517.29-7.69-*/+*,636.7931723487079
81.5965.64-28.12-+*39.28-2.2545.4647.7627.6783.09+-12.392.41--*-+/+/*76.39-55.94-99.12/-,286394.53673832363
-70.9-26.5317.01-58.33*84.35-25.13-51.5153.98/55.78-29.64-56.02-43.6+++-**29.8210.76++-+-**,11997398.77659408
*29.19-25.12-66.52**/+*-9.36-1.7914.96-42.12-0.9584.0599.5479.9147.92-60.27/*+-/+*+/38.76,1296103.5555295723
-1.3632.68-10.63-75.23-57.36-32.19-18.4791.58*++-*-4.0110.4190.09+++-34.5852.6876.7691.86-/-+-/,14893.77311875028
-49.4141.81-51.61+/-2.4123.38-71.8/**--89.641.87-14.42-57.68///-30.82-94.45-93.48+/**-25.2695.18-,-71.75876701269222
90.9148.12-52.03-30.72-90.67-0.27-74.16-39.22-11.11-92.08+25.5323.93-5.92-99.8-12.04-/*/+---*/+*+,-2429.628283130741
-81.55-86.39-93.05-55.07-86.07-30.36/*-96.1950.65-75.985.91-86.2977.62-50.66-+*//*66.126.66*-+*-+,5035.411975392981
-96.03+-72.57-+*97.9356.8-38.01---93.85-47.0++-93.17-42.83*+*13.18-69.824.21-82.52++/,-13194.029320030348
51.5527.45-12.37++*-85.43-44.78+/-95.7431.1347.4875.26-84.113.2718.6414.1332.97-55.65-/*-+/+--,-2398.3658141832207
-70.89-10.6662.1-37.29-82.0824.69-2.4398.7366.7-68.59+++++++/+/-97.55-81.83/-31.754.6689.27/*,-5.978802468746562
61.66-59.235.26-62.8558.0274.74*-5.680.7-65.13+//--/*+*+13.05-21.47-24.07-19.0916.11*-/*,-4109.303066928948
61.1521.8497.4249.65-5.96-22.56-61.3427.94-51.04-51.06-8.06//*/-74.64-16.22--*---/*/-15.55--,-1435.5538897010808
34.490.3334.2719.88*-56.4840.91-/10.572.78//-*-41.7182.4710.27-19.2273.9425.65-55.17//--++,-131.7331021531057
15.93-50.10.25-3.4778.89-85.75*76.8285.8814.51+*+*-96.5770.3++-+5.09-18.39+//+11.72-36.53*,-569480.1862867532
-55.75-17.75-*-15.7726.11-92.19-86.21+/+*41.9112.134.48*+-+-39.68-18.6294.2971.2*+*82.2778.71-,-6644658.95743878
8.022.2294.9970.7243.3259.67---*-56.0943.0234.3827.94-95.07-93.26*++-+-22.48-26.51--/++-32.69,-381976.71540705656
-48.07-49.43-7.37-56.96-85.27-26.2955.2662.01-51.88-96.6638.1659.2351.91*+-+*///-/*/*-39.2891.96-,2067.2769379634587
-30.57+-20.5268.6227.9774.18/-++23.88-72.37-56.8693.6140.16+++*43.87-83.12-11.12-36.286.36*/++*,-418066.4190420734
47.6957.4282.9-83.94-60.27+++*25.87-33.47-//7.2-*58.98-73.01++-44.06-5.5137.1-+-95.19-71.94+,-62.59330823929765
-20.2771.11-83.3630.15/*-+-59.99-65.42-29.41-+/71.6315.39--52.51-78.47-32.5*/+/+*-50.1649.9+,30.560966718307412
-59.92-40.6239.8319.71-44.14-20.04++///-47.6765.4518.139.84-+-*39.1959.93/+*4.1-11.9439.44/-,-1466.3080936699178
74.215.6118.3324.44-24.44-41.7652.08-67.38/*+*--//-64.56-78.7182.9494.99-+*-57.4536.37-97.05+*,-561.6154216117899
-93.5969.56-11.22/++86.241.5372.98-36.2475.45/*-12.1528.24-56.53-4.86-21.0273.9734.35/*+*/*++-,200.97332187094167
-2.98-12.75-71.53-54.56--/*49.1-79.79-26.8599.9333.21-44.09-7.137.43-54.7798.9984.8--//*-/-//,-1880.6824595076848
46.03-51.84-11.75-*-35.197.5446.41-31.2-+-7.48+-***62.8-46.5-51.2995.2479.67-/-+*-55.08,94678992.0476544
--74.7949.67-75.87-89.83+/+*-24.68-71.9+-*-96.01-29.63/42.39/-71.1667.29-45.0+*/60.2295.04/,-5874.917934443475
-24.3923.312.3894.319.11-61.0822.03-58.48-*-+/+*/-20.92-80.8-98.0925.2739.86--+-67.83*24.78,1317.2407524679886
-86.55-73.3910.78-20.13**++/95.08-48.02-62.7598.5626.0563.65/+/-*-*92.64/90.1-86.92-31.63*+,20402.782652556965
-87.92-30.01-*9.45-32.26-55.9798.5369.47-8.15-57.9931.13-61.97-+/-81.595.45++/-*+-/21.65-17.78*,485588.9153574324
70.8166.8822.66-50.25-18.049.55-2.3-5.53-3.67-43.53-0.7946.09-91.42-56.05+--*******-*-+-94.11,71940873.60116605
-45.7121.2522.3977.5335.65+--22.9714.251.28/+92.64*+/+++--24.140.13-+82.12-45.4147.78++,-266.9703534342111
63.3427.57-27.34-68.99-73.82-87.0497.97-21.2-24.7854.86-89.21-6.46+++*--+*54.04-35.1420.4-+/*-*,-4478.349601768372
97.66-47.85-23.982.1140.9695.41-15.64-43.77-62.7898.54-32.68+/+-/*71.2355.19--//-/*35.21-7.2*,-154.91785881165643
9.5332.6968.7489.73-60.3212.61-17.7676.37-76.5897.95-3.33**-/+**--/-91.03-82.9194.639.04/*,23903.22908605885
-82.5583.81-61.4349.8-1.37-62.4883.18-99.39-10.81-18.1758.3688.7154.44-+/-/---52.01-*/+-**,-427696.51885560015
23.8812.9563.58-37.2127.9**7.89--+*-/94.3221.0*-/9.9941.37-37.06-22.9649.98**/*-56.09,1893.283714616563
-10.41-58.06-32.04-72.49-64.26-48.83-69.0719.9765.6943.0760.47-2.74///+/-92.7563.31////*-+*-,1942.7713421258193
11.44-98.72-74.25-42.0159.3552.7923.58/60.86-35.52/+//-*-87.11/18.04-67.4524.96/*/+/-/*,-132.05771605307757
6.43-79.87-23.17-30.454.0-2.92-19.7990.09+-0.98-42.2936.97-51.8242.07+-+/+-*+/*+*//*,-26.30396635407859
-20.475.7116.78++-*-73.49-13.94-9.75-3.74/+-97.3243.76**-76.95-37.86-25.36-21.87-*+*-92.68*+,-49643594585.0556
-47.06-*-87.4484.545.31-98.3451.82-95.44-/-16.1852.52/24.6954.13-65.28/+-+---+/32.43-62.17-,3650.907399452207
-5.25-89.8366.0114.6960.78-54.68*48.58/1.73-90.1567.1522.966.64-*---29.9167.99*/*-/-+*/,650.9338246133598
29.0398.9+/*-34.8-1.3587.23-30.42-10.6766.7432.84//51.0322.57***-/*-/-42.3290.64-2.16/*,98.88724482332054
-7.26-50.45-20.83-+++33.05-0.26-14.27/---21.48-12.05-11.65-13.34/-/70.57-28.02-39.08-63.55+/+*,-360.67623059916974
-39.6677.7336.4230.5170.1982.1/*-+*-55.546.2116.21-38.6873.2-41.6338.36/-*+/+*/64.1118.71+,3765374.3771580975
-47.2121.7720.19-99.8472.97-5.59-28.87***-85.48-44.2987.8164.0*+/+----82.87-32.2527.42-*--,-2978.1893671034154
75.62-28.64-98.36-67.45-91.19-15.4777.9193.78-64.57+-*-/*+-/-8.1497.4124.1577.0890.6817.31*+-*/,-160275.02789872047
90.73-51.86-11.4438.24-72.2855.76/+**-*21.83-63.0241.522.2157.5516.2/-40.37-83.18+***++/*,-134957176.67524675
-10.7360.6355.6524.16-59.0256.58+/-//*53.89/-0.99-60.25-53.03-59.57-81.22.03-6.37/*/*+-/*,53.76025615269463
/91.57-80.81-31.07-18.62-92.58-83.44-8.56-41.2511.42//+/+/+-+-14.081.34-/-76.76-65.5199.54+/,-219.46684318403177
-29.4799.9699.6558.5516.35/-0.8-13.0661.31-94.19-30.89-46.96/*+/+//-*--+-5.58-12.66++84.11,-5987.011009861966
-30.56-70.36-51.14-88.08-74.69-93.1922.6468.05-98.04-20.5-87.06*-**+--*/+/-17.59-70.0348.01-75.66--/,152876.01097064337
-95.6869.1625.54-29.36-98.762.33-31.7213.3968.66-25.08-++/***/*-4.63/*72.813.77**+/,-138129.23664673968
8.84-49.779.32-61.35+-41.9265.31-50.93/77.9977.3937.37/-/*+-/+/-13.286.4811.69-67.39-/-*,-439.9100205190265
-89.5851.444.1480.7589.6742.7579.1459.3943.82-26.9749.772.35-3.8146.06-35.92*/*+-*****-*-+,21293478415.898464
63.16-16.3729.93.44-73.4844.674.12*40.3-64.28+++*-28.722.0784.29-73.43-99.09-30.19*-+*+*-+/,-1237787.9212259073
-8.1159.4217.59-70.81-83.51-7.098.65-19.51-46.0810.54-5.170.29-62.36-30.22-14.91+/++++/-*/-//*,-7.687349687471844
-95.53-74.2152.87-85.92-42.8*/-/+-33.1696.1111.96+*/-85.39-91.1966.34//+-48.74.53-60.8626.21-/+,-3734.329432010817
98.73-70.2618.3424.6394.15-60.74-84.4445.1968.15-66.894.050.6594.76*++--/-37.8571.98-//*//++,1160.8561591476084
-57.0432.7-7.8-1.99-80.2565.4361.04-84.0617.31/++----+/-6.0-66.1974.76-80.28-38.7639.04*+-/+,183.63976266489524
-64.244.617.9180.6913.53-69.1260.44-17.27+-+*-*+*-47.02-44.46-98.1692.6-73.4516.8397.45*//++-,6255.522633877746
-78.38+92.9652.29-92.08-94.8414.4497.68-70.74-34.360.178.83-80.65-34.9341.4/+/++-+-**+***,26707492.7678233
-97.53-99.79-86.3519.43-66.4372.79/-77.24-91.62-65.8117.87++/-+/*33.74-54.4898.25-19.99-/-//*-,133.99153136256538
63.54-63.0394.48-49.9172.3552.14-27.155.77-93.26-50.43-76.84-23.1533.4850.3/-+/---+/*+***-71.67,27118988.42781125
-53.5690.95*90.9728.8822.2340.46+/48.37-77.89.19*+53.9-48.64+//-+*-/-51.5-81.16-+50.71,133.72277905083095
17.0-77.07/-99.2-49.8734.46-77.9-28.9420.27-99.3810.6616.22+-6.38-27.08-/--//****/-50.3,-12081.34191268886
45.03-37.9729.4882.30.44-46.03+/-*--81.74-93.31-28.9141.0631.03-23.81///+*-17.69-14.06-79.13/-,395.96952624437324
-63.1427.5249.14-39.1-14.59////*-6.78+35.872.2646.02-68.03-79.5260.91-63.01*+//+/++-61.54,0.00793746023267518
63.24-87.17-95.9149.17/+/-53.2+-42.4676.4298.96-63.98-37.43+++7.2143.54-43.3297.71+/-*-94.86,7460.202211522428
88.17-45.67.8896.47-65.35-58.2648.9818.47/*+*85.0946.55-38.0540.0945.75-41.1-95.02-/+///+**/,-39680.613653696186
-41.763.33-87.08-82.6339.21-33.64-52.160.56-35.26-+/-+++**73.69-44.22-72.58-97.9557.54-36.79-+*-*,-971700.0332373137
-12.5884.16-84.3553.0840.06*--*/-62.47-39.75/*76.5179.6939.56-86.47-27.46-72.87-89.32+/--/**19.69,2208.510515306407
20.468.0777.4960.18--57.267.7278.45*+-++-/46.9561.51+9.65/+/-96.72-86.57**24.22-96.96+,439.23391412773054
84.7948.81-56.3539.57-39.5656.8839.9616.1588.8687.3174.86-3.5/48.08-50.77-*/*/**-+++-++,-1229867.5339907755
-26.72*-23.2-53.576.1-23.47-56.663.6+90.79++*-**-+91.86-24.41-38.62*-+-68.77-73.32/+-11.48,2621842.6625521053
4.45+98.51-73.5621.95-58.3330.3966.63-37.81-77.0911.89-6.43++/-//*-/**+6.39-10.4619.2/-,130.88895820179098
-9.91-20.13-62.9423.3252.22-16.4645.2834.55+**-*+*/79.13-41.5427.05-90.44*-*-99.2421.48-30.18-+*,-37417.714200387774
-82.02-38.3139.56-46.28-29.441.38-11.63-36.0790.52//-+*97.4638.4412.58--+/-68.42-70.31-+*++5.55,-2155.340072697121
-9.8519.240.94-60.466.2249.4977.49+55.1485.57-20.79.0-89.12-+/+/-/+*+*-+93.0242.99/,-4072.6867526422566
-19.9-55.2973.9419.2-40.6252.28-18.3194.32-15.37-98.12*-*-45.590.8962.72-/--*-++*+-50.12-25.59+,-1374.8333736263728
-42.5845.8651.8924.322.56*3.89-19.7155.941.1115.531.8550.33*57.37/*-*+/++*-+++-,-214.41967892409514
-3.56-67.58-82.7872.75-62.596.5374.14-55.132.9384.19+*-+-**/*+-79.24-+*-13.61-36.39*+-89.44,-52006.91820177094
-20.0695.63-99.0826.2144.14-24.97/+*11.92-22.1386.3/++/**50.8933.81-6.89-14.98-51.8**+/*69.68,-112671.09945067215
0.9437.1113.1833.22-79.41-19.83*---*95.745.13/-+26.26-7.59-64.13-86.341.45-53.25*//-/-+,1505.3492501189307
-31.8768.93-84.33-68.5554.06/+/-/1.918.03-98.791.83***/-81.1362.88*50.15+++--17.55-46.85-,-2.003590503765659
-41.85--28.19-44.7-71.5710.88--32.9978.76+**+//+88.0826.0392.68/++-45.11+26.36-51.2593.86/,-34690.25771722276
-97.1894.62-38.25-37.04-44.38-21.138.2684.75-99.7578.5218.87-51.55*-/-/39.0521.0463.08*--//*--/,-947.6108624373209
-10.47-55.75-90.19-8.679.5287.25-84.4-48.63-42.4262.4131.36-91.12++++*--*22.78-31.07-82.9+//--/,-2882.142043550727
-31.06-55.9433.7757.94-67.3++--*73.0792.5523.12-87.5423.8668.93/-/--/37.7799.55*-50.74-++,-2654.931000207856
-43.2-87.96-41.06**/38.0332.2443.18-66.36-72.6-51.9592.9*-/*/*--91.3862.72+-82.063.1332.29+/,2.479206469985316
-18.81-95.2313.17-70.24-57.7665.49/-/**--17.6-24.6279.21-86.9-96.46-85.83++-34.49-37.41/+++*/,9480.531119502812
-30.55-*-91.5861.7810.02---24.7561.5-19.27-52.516.9679.8131.4-97.78+**92.23-55.13+/+--+*-13.02,-14704.539419540231
23.29-91.94-77.5-20.62/-/-3.6-27.31-10.65-89.38*-56.38-92.3551.95+/-94.89-9.882.45--+--/+-,222.8716519682047
-52.4328.95-50.8156.66-88.811.2625.59+-/**---22.53-42.6984.0911.77/*/---4.1-/59.4668.43/,-2255.1688197712897
42.0/-76.52-4.672.0668.2577.23*-/***/25.7469.8219.41/-*56.73-10.5535.747.1323.03*-*+,5273.419845966273
-24.35-28.99-64.3971.51-45.08-35.4518.97-74.41-40.33-71.1165.5296.4-11.1123.16+-+-///-//*/-/57.57,-18.430212599021814
45.5291.32-29.64-69.8113.73-29.98+-+++/31.1621.16+*21.9327.13-93.88*80.9942.34-+/+*--13.64,509.79947026630856
16.96-52.56-0.72+//-49.84/50.6159.0577.36-0.7690.6-88.133.47-30.820.98-19.33**+////-/-/,-0.720248097902107
-57.39-79.17-44.8-51.17-70.98-77.9222.74-41.4174.5162.1842.3349.4-95.27+-+/**/+-+-81.0-8.07+*--,-2350.0793799869757
32.21*-20.9294.6657.85-52.82//*-31.4740.1-47.9983.1263.0625.1215.98-*31.24-7.17*++*+**/,173250.2408442567
61.7372.95-24.25-26.3842.87-82.0-85.174.2527.3363.58*-/++-*+++-60.68-*0.06++-23.1378.06+,1170.8889029377199
-39.5775.9820.36-93.0-7.26-88.02-85.15-76.487.13-39.7816.29//+//*/+-/-*76.2741.9688.58+/8.21,-75.11823954742198
-23.0772.25-+//-17.5650.84+-66.5292.8-18.09-3.28/**-16.61--99.07--1.1468.7153.04-26.9951.45****,95.31999999994797
70.3646.52-63.69-71.24--++-22.23-26.66.36--+97.74-33.87-17.57-56.92-+--83.17*63.4517.0812.82-*,88967.77201999999
-71.1556.327.691.88-5.6-7.97-/+/+--68.9390.2-40.16-61.52-53.24/+/**-7.86--62.79-51.72-77.28/-,-1802.4194800031705
-46.49-78.61-55.1912.9-47.21-25.9557.6760.892.55-51.57-0.81-12.2257.23*+--*+/-//6.3395.61*++*,2806.2844551394637
33.9219.0350.3-35.47////88.3792.86-67.64-66.51-19.11-37.47-69.24-54.16-38.41+--+-+/-+32.8113.01-,-19.799958146519383
*25.74/*93.5732.8-13.9660.8643.66-87.5874.01-16.1884.5231.15//*++//-*/91.412.2684.53+-,1424965.592710138
-47.761.83-95.2110.033.22-76.0220.84-63.95-68.26*12.19-42.11-6.62-38.14*-/+**-/-+-+/*55.42,-396757.4674387538
-24.36-71.2727.12-/-24.37-52.16-65.95-62.01+-**31.37-2.8/-34.13-36.8552.23*+/+*-66.62*78.3233.39*,4244028.61398974
-91.21-9.16-17.36-3.95-98.0417.49*/-/-*-6.2755.1165.51-87.96//*+/-88.1313.18-43.66-+65.69/-91.45,-446.5265683258881
77.023.95-38.46--77.253.9-74.35-67.48-46.9489.48+-+**/-*-13.62-43.94*--+99.35-59.1745.01/-,17188.147611814493
55.3681.33-29.93-56.89-2.1485.12.62***-/40.0991.6421.68++/*+-64.15+90.48-9.55-54.8314.7***,696585.7312978664
-31.7658.66-47.67-84.5520.6127.9497.3739.3530.38-1.419.77++/-+---29.577.0388.5668.78/+/+/-*,1783.3683902893335
*29.07-27.0-20.0748.47-23.37-33.3173.92-37.78/*+++-+*+20.7365.11-49.68+-16.2763.13+--*+,1969.1681102813855
97.5663.91-7.1420.2-90.81-13.6331.2965.24-20.7710.25-45.65-49.03-95.8392.77-95.6/+++/***+*+-*/,-832.130017623484
-3.48/47.62-8.05-72.48-28.03/-4.68-1.55-91.33+/-86.78-88.62-1.97-40.3220.3681.25++*-**+-/--,700.2804054396863
96.54-64.42-48.11-29.58-48.7525.96-19.78-62.3338.1112.56-77.38-23.55-15.48+*/-/**/*//-*-34.9746.08*,155702.29324228512
37.5886.6-58.75++/-76.43--61.03-51.27//+*55.42-85.17-95.77-36.85---/95.5772.95-55.696.96**/,27.36184721875545
-9.95-29.245.4-82.34*/*/47.26*-53.57-42.39*-19.2411.26--/-+34.8389.9868.9434.34-**/0.71,1.0524755460322533e-05
-18.52-92.1224.5822.3420.0685.656.54-10.3294.3626.42-29.3611.05-38.43/*//--/+//80.568.84/+-*,-1663.598910333397
*6.24-29.84-62.47/-*/86.29-18.36---25.0582.3957.96-99.9621.26+/*-95.55-56.32-60.1524.97-*/*+,2.0809377468186816
-33.7937.39-0.3198.71-36.09-21.23-36.9474.75+*-**+-/-84.9154.78+*++-50.12-91.418.4276.45*/+,-268.7502885074546
-65.7631.71-62.19-10.93-/-40.54-93.21/-40.082.16-44.13-92.06+-***/*24.923.57-+-+63.1951.28-,-1242.1968278595316
-60.72*60.82+/-**16.4678.3274.12-74.19*+/-5.72-37.7916.1173.83-27.11/-/*-1.77-77.03-58.31-+,-5797.7030560767125
-80.948.78-77.529.53-4.04-5.21+-62.224.5593.67-9.95---*-0.4378.4156.6960.08*//*//+/--29.3,-35.84940119159283
55.86-35.6627.2941.152.9177.92-93.22***+-/*29.88-86.45-/-41.5940.646.03-67.7-//45.5430.46*-,-15798957.815914847
90.34-98.09-75.789.09/++/*+/78.1748.7115.89-6.41-42.26-86.6825.43/*/+/*-62.14-35.9367.4/-,230.2000607857024
95.66-26.2386.1588.69/-25.7810.5823.92-90.2491.9587.4-71.25.6539.8645.2-/*++-++--/++-,841.6035122535789
-42.08-8.98-2.6359.057.71*-//55.57-2.67-91.9622.37-95.08*+*95.25-16.31-22.353.32-63.01-*+//+,-40.79000797904827
-94.38-4.5769.5**94.95-16.58--/-/39.31-7.64-80.52+/-1.78-70.7596.522.41-/*+11.24-26.4-,3200.499475653083
82.2866.36-55.36-+*+*-15.87-97.580.44-28.13-86.1314.1/++-++-21.02-22.8189.8330.46-++*-59.04,96054.79729219925
-10.45-13.5-49.0688.933.7225.6440.49-97.399.6459.534.25/*--*+*//*-34.53-0.12-28.18--//,-883.4692686601106
-83.88-28.82-45.74-65.91-22.4849.9785.16/-/-/-*-9.33-86.069.3793.9759.61+-+/*67.8191.5765.22+/,5341.77359838795
60.17-97.2799.2115.36-95.8655.454.51-58.5945.51-53.2114.59/-/++/+**++67.95-66.68*/38.9561.86/,-151019.7913765779
-20.65-41.5119.94-9.4180.59-33.56-41.0625.72-+*/-*43.74-57.3372.5423.9/+-*79.3739.05-53.44---/,-195245.7185576521
15.51-14.62**---59.9947.38-17.1531.833.9-57.7164.95-6.537.8964.59*-/*++*-2.15-11.59**-+,423.4483485373363
52.31-76.7326.93+*+-69.7820.1183.5158.9979.09-12.91-87.54-83.37**+/*--/*-54.87-13.49-36.66++-61.0,-97994.71398475402
58.93-16.28-86.03-23.43-53.847.4713.552.26-10.27+++-/-/39.7884.4974.84-+*/--23.93-66.17.68*+,542.1933377280864
81.6355.44-16.39-7.3-64.71-48.79-41.4770.3/+-/*-74.5374.231.2874.5521.26*/+*72.4553.59+*-//,6178127.1224325225
-32.9261.728.74-86.38+*-/47.4276.19*/-80.17-34.9316.593.8518.5329.32+/18.8518.520.34/*+--*,427.68814944625007
-53.09-6.08-85.97-18.03-95.97-51.18-29.8869.7/-15.567.26-78.6-/-/-+/-/-*++/-31.4892.53-,-1587.6268652005265
60.88-79.71-79.98-10.25-92.48+*-++-+81.4366.04-79.1942.47-43.07-13.440.649.015.24**+*-/++,4066.382305089026
87.55-20.821.46-9.4-81.14---22.81-56.5242.52*+-+/19.82/-45.3796.8228.62-92.2854.26-8.22/*--/,2252.777171539203
99.585.49-85.89-28.8965.9787.8353.8238.06-78.3776.28-87.35-57.0-2.4156.62-54.69--////---/++--,-466.2313658223196
-96.4495.29-5.12-42.63++36.2815.1372.21-3.6716.513.96-60.79-66.5223.46--+*-//-/-*///,381.9330282401352
-70.17-90.782.6686.04-/-+74.21+-95.199.3163.5243.85*/-+5.07-95.3524.54-+**21.79-44.43+-80.31,9691.853634216079
6.3362.4629.98/-/-2.57-62.0+24.2964.7780.59-10.79-43.78--+-/-/-33.23-51.3933.58.47*/**,0.5914927086271943
-90.9414.78-75.11*-46.97-9.4653.08-74.024.3614.28//*-/-/45.77-20.75/++-93.76+-40.4216.9*-95.63,-2246.8331946866456
45.08-75.18-12.5895.0836.22-31.96-88.12-58.61-49.7852.79+-44.89-92.13*+/*+***---/*60.11-93.45*,1087.8203471832603
-41.01-96.86-78.3273.0729.5623.68-45.826.88+/+*+**///-70.72-5.29-*-49.555.22+/97.2118.49/,75.01533231666556
-82.4344.1890.75-24.43+47.14-67.7-57.7820.7458.1/-+*--+*44.2-25.3-62.2473.38-*//++-76.76,-3274.206406603409
-51.054.8-31.22-23.43-48.7255.94*+-*4.8-9.46-1.2613.13-40.0893.9912.95-79.769.12+-*-+***+-,7587.688021527997
73.32-49.01-80.89-63.36-66.06-68.71-9.22--/-4.2695.8721.67-71.86---+/-/--/10.478.0266.85**,39.029792604913375
43.2527.686.67-40.1477.3489.2417.01-81.02*-+-*-30.1474.57-20.9996.1864.78-20.9836.93++**-***-,-12339881444.063845
76.8554.4459.07-82.6421.67-38.6129.85-+++-++83.79-99.6484.94-61.46//*/-*+5.17-72.49/+,248.65663032721892
8.44-13.5550.697.05+///-45.314.41-89.844.16++-/-+-22.8859.0549.4-3.2289.9216.44+*++/,7.052069855193207
21.0798.2-36.5733.71-+/*-69.16-15.85-72.8638.3344.9234.58-25.2748.76-46.9445.52+/-+-/+-*-15.33,-4968.5433102764555
98.4957.65-97.65-45.8518.8674.33-97.6517.6312.7533.86-52.75+3.4341.33-10.25**/****+**--+*,-8396656.601154221
85.42*70.78/51.72-97.0-34.015.710.1287.62-73.3373.462.7-85.0889.3151.6788.73-++/+-/--/*-,21.495758117508597
-19.79-53.3286.9873.2450.35-88.3-40.65-75.082.11-20.1-57.1823.04-21.17-12.572.65--*++/+---//+/,502.1883927524261
-51.16.4286.31-92.120.0182.13-20.19-83.74-56.57*-12.7449.27-77.97+*+*-41.43-2.8966.7/*-/*----,39970.71346435572
-64.25-79.62-58.11.952.26-48.35/-49.81-65.3445.81-6.61--*---*-/++*-42.8759.28-60.44**-75.5,-9872139.497988151
-30.275.1283.4923.47-/**-33.582.955.0950.7318.74+39.76-18.43//*+-+-94.62-50.2+*+-62.31,-1401653.6650611875
45.54-88.1248.58-31.45-38.0434.76-22.53+--***--20.32-62.145.2283.5251.35/-+**-18.8330.33-81.97+/,-6025611.720373613
+-56.6853.39-56.43-7.92-31.09-86.89+/+*-59.5525.13-73.6219.08-47.76-3.03-42.31-16.88.25+/**----,-3003.5111918769358
52.5798.19-27.06-43.5668.58--*30.17-58.4410.14-64.6234.7143.06*-+-*97.1-7.54-/++-60.36-58.89+,37364.5772992549
27.2-5.82+*--71.02.4717.14-99.21*/+45.2390.51-0.11-52.1914.06-49.114.05++-+*+90.11-45.09--,5797509.580263493
43.17-99.12-21.6123.63-60.53--93.4479.7968.4-14.25-3.1868.67+//++*52.46-17.32/-*-+*-*-61.07,4663.535190601795
36.7124.9++/94.07+/-70.54-9.9179.3258.79/+//+-87.5314.8399.99--++-17.02-53.09-16.1+*,61.21579743812518
*97.57-81.57-93.7951.28-45.35-7.57/+/+/-21.51-15.56+*-45.2918.53-91.8137.962.16*/79.75-5.3-*//,16.160274968322888
-39.88-**61.24-69.4560.3543.27-2.06-72.38+/*/*-38.41-26.38**-2.42*-92.59-44.52++*33.2767.13-,4300323.935696219
15.1733.0271.71-18.12++-+/89.67-48.18-2.83-79.38+-+28.27-92.82-78.4262.4467.65-82.78+*/-/-23.8,60.63910451068665
-12.638.15++14.48-5.985.76-3.62-21.45.92/++-+--56.82-82.29-33.8516.08-28.5529.71-**/+/29.16,-47.92431568956968
-55.81-22.05-33.98++--83.62-70.1414.75*+--7.95-24.5987.11/*-26.44-1.0796.698.88**-*6.4350.09-,698749.5083680879
-44.01-32.7246.54-11.45-45.8765.0528.48*-++///-73.51-72.01*--7.02-80.8391.86-41.13-47.6/+///95.53,1887.0440061068546
-22.23-2.647.71-0.01-15.77-29.0-6.11-//+-/*14.07-13.79-0.0371.5265.59-*--*-89.41-50.8955.7*,-4709.962731226769
-12.9275.11-35.66+++-76.0764.17-54.54-40.011.9582.23/-/--/91.63-71.5966.68-91.14//+*-67.13-25.33*,-22003.356795549887
-3.59-32.98+-43.77+*11.81-41.551.0662.0686.83/-95.68-26.3812.412.4385.19**/--*++**,26341.407495981806
-25.3-28.49-2.47-79.58-45.6328.32*-*10.1234.065.21+-/--/-61.89+-28.95-64.92-///71.4449.19+,-115129.94155706209
64.43*-54.2448.4/-84.47-10.69-*-90.1434.96-94.41-50.37+*++32.67-35.044.1917.23+//29.3499.34++,-18455606.88156805
74.86-59.02-81.98-17.35-38.3645.54-77.27-12.17/--*94.3972.68-51.21*/-/-*44.3115.09-54.06-15.27-+-/,-1559.2132297361698
54.96/85.2-13.3112.71-43.88-87.31*-+*/+--54.62*-37.8961.1557.2368.58-68.22-88.06-51.87/+*/--,-1843.2691510779318
-11.55-41.3277.25/*++42.1-47.4+**-45.693.6216.89/+76.35-99.46-*-37.6666.62--34.7636.86-49.57/+,-22493435.597526018
64.98-59.1-75.6777.78-74.85+/-/13.4647.09-82.32/-*//+20.6672.9322.2412.6934.54*-/-/-87.85,-74.88226658817888
12.99-3.1-59.3530.56-53.35-80.2638.1467.4-/+*++//40.84-19.6914.1911.15+-++-96.3841.5219.42/-,-1621.8521005043992
-56.5630.54-49.21-23.0933.69-57.0-27.6521.44-37.35-32.09-49.35****//*/--+-43.33-93.3-69.9746.11+--,-8428.867525540236
48.06-28.7-38.21+/87.9185.41-47.7321.59*++/***-57.742.82*/74.03-17.59---95.53-85.67+*,0.5416045908644276
25.32-19.2821.13-86.77-0.3226.1132.93-81.8-//*+-*7.87-68.11-57.86*/-60.64-18.96****50.59-2.53+,-540417.0687933309
-77.36-36.98-60.0587.290.44-/--+*32.76-2.13-32.16-22.67-36.5456.3372.62+-*/**-18.9597.15-82.97+-,112.36145675082017
8.71-79.08-70.62-10.5712.38-74.147.94-62.22-73.87-88.54-16.4/-41.29//+*-///--*+*-33.91-53.29-,797.532648600172
/31.0850.2138.6642.79-65.31-99.18--*-*-+74.79-87.07-93.744.4350.9552.03-72.71-77.68*/+*//*,-3143.985048182767
74.9746.56-96.761.47-46.23+/**/-19.1230.0520.12*/+92.51-40.4332.3972.15-65.9727.69-//-*--8.41,3731.754545961656
-19.87-96.0824.62-4.5664.3390.67-99.39-39.32-52.6668.02-43.0/-/++-*/-//-44.181.8362.9826.71/*-,307.212005492393
17.11-63.54-54.13-70.48-67.45-23.52-39.71+/*++*--18.63-11.72-57.08*---24.4-8.97-39.8+-/-32.4656.92-,238.9084306893992
98.320.3413.7548.2698.29-/17.05-88.2335.25/+*-75.26-39.51+57.0666.3752.69-16.06++/**-/+/,9960.727929316196
-90.0868.24.48-31.05-18.54-51.2118.9714.1-16.04-52.47-75.8517.533.67/*/-/+-//++-60.62-55.74*-+,3248.1366575566026
-21.9476.78//34.45*43.55/-14.32-29.37-28.769.0921.89-90.93-40.057.78+/--/+*-63.13-33.5699.48*/+,-0.1631591179527269
57.1475.1373.7332.95-62.7548.35-73.55-56.07-50.07*/--/-/-*-67.5963.3354.43++/+2.29-85.74+,15.695506689396211
-16.9836.26-56.83-25.9228.12-36.8275.3--72.85-60.5744.38*/*-50.7340.64-++-/++-91.25-60.97*++,9020.049099619166
91.027.33-59.39-//89.3814.36-26.297.52-7.85/-+*-41.15/47.54-10.32-53.5480.08/+-/-*,-59.389967272177586
39.2724.3567.7183.7423.7615.0390.5651.8159.9910.38+*/+/94.7216.3247.87+-4.0*+-*-++/-,43.32059358383011
39.03-24.0331.4564.77-70.28-62.3276.0714.26-24.4179.1852.8513.4-36.3561.51-45.47/*+*+////*-/**,-28826.381188787567
82.54-72.5498.38-48.6-44.98*24.776.21-55.1969.07-50.23-56.17-93.94-64.97-44.23-**/**+--*-/-+,26017627.919214573
-18.3640.0884.96-87.9661.51-26.2881.814.69-87.23+*/-93.52-43.8551.63+//++*+/91.4458.31*-/+,-13.854610702760043
4.51-80.8*-91.86-43.2+++91.29-76.44-79.99-27.67-65.74+--++/86.77-68.94-83.5314.37//+25.47-10.02*,10726.220661480565
-56.7979.61-18.8366.19-3.9-91.84-65.61-2.2119.48-6.0*+/-----57.52-71.53-97.773.19-91.71/-++*/-,83.94251716449736
28.5245.9-49.77*-*61.19-66.1812.81-42.0312.2679.2117.32-15.69-58.8920.69**++*-/+-/29.57-36.13-,-573934.7701897989
11.6664.9682.413.8151.26+-++/35.27+-87.981.07/82.55-54.2286.59++-79.3711.88-78.89+-+4.5,37.950592127683734
4.43-98.05-95.7781.1956.94+/--+-66.1675.13-16.95-92.25-92.52/**57.9421.8168.07-75.62+///+72.38,-1324.2622487529356
-28.41-3.69-49.59**+/-45.4470.5-40.9856.06-33.7756.2921.2175.4384.6-47.7926.97-62.99**/+/--/*,-5198.614233391562
-8.8*58.3644.7814.12-63.4647.23-5.43+*-0.1125.11+/***+/11.54-32.12+-41.7/-42.63-97.72-52.76+,6042343.420999127
33.59-50.0771.18-97.24.27-64.04-31.7236.97-37.13-67.0150.5654.0328.5428.352.4/*/++//+-**-/*,93154.62464663548
-85.413.24--74.05-2.74---33.6253.96-72.71-87.16+*--13.28-43.6129.92--43.1697.4-64.59--/+-/,-3673.464537620368
-3.42-79.05-73.6452.5988.42-90.7318.05-2.08--/-25.828.44/*-*-+--11.262.51-25.28-79.16-82.73+/+*,163.75686479069182
2.4414.9342.64-31.04-3.4419.88-96.91-97.15-69.4317.66-+/9.22-11.36++-//+/-41.75-54.91-60.31/-/*,-9.38632269047396
57.73-61.3214.0721.568.4577.5390.1763.92-52.51---//-/-10.0943.16*+//*--50.9482.9885.14+/,-117.88961605455643
-42.47*0.94-30.8-32.18++/45.25-84.4728.7519.29-29.34+*///-88.14-39.28-80.79/+*88.2865.46*/10.85,1369.2769570181276
-23.12-17.45-66.65-32.5321.15-90.64*/-/29.54-35.1486.55-41.4-51.9619.95-86.31-42.3479.68++++-+/-*/,49.48134779649466
24.09-64.2195.9-57.59-83.7-43.85+*/36.4787.31*-95.75-0.96/*16.3294.4868.1166.44/*--+//+25.02,555.2242773080085
88.07-14.12+-36.726.74-19.76+*//61.7554.1/*-7.73/+70.251.53-71.497.71-42.01+++*+*,-1245.026232756937
-77.12-1.06-77.43-96.1321.23-1.36-43.0514.59-72.7911.87+/-41.4886.64+++/-57.7187.41--//+-+/*,-5508.521880486712
37.26-78.1-36.2399.16//-48.043.3713.56*--92.9934.5390.15-79.85-26.64-84.94/-***--+-6.76-69.28+,-35.19999988158782
29.48-93.27-22.41-55.991.04-7.9817.1395.77//+/-52.8777.72-54.25+-/5.9524.7329.45-22.76-+*++/+,-26.663946944964568
91.58/-65.7478.37+*-51.7543.44-89.75-9.42-9.97+-0.41---21.32-32.13-92.0594.01-*//+*+**-10.02,-0.0016628264925169622
-58.04-30.17-63.75-30.1-55.11-67.0-99.98+*28.7427.9667.361.74-54.6348.5946.37****////*+-*82.53,1799726.3677635065
-82.2853.5533.5132.1953.82-*/-/-19.46-91.0839.133.0621.36-24.26-66.08**/-***47.3592.89-14.83-+,49888.759994410524
-29.4-32.72-25.88/+-41.71-35.36-38.92+*17.4313.53-44.61-35.34-22.61-6.9*++-/-/-98.1444.23-4.15-+,2936.4709962455013
-83.13-10.13-51.3814.5133.43-21.34-71.4522.22*+/*-74.5421.9864.69-85.8110.36-17.27/*//-/-/+-,-1503.7606541002474
7.8*-92.4883.53-36.3657.28-74.09/-----86.62-5.9927.047.5383.89-37.5276.6-89.65--*+//-/,-22911.97979645097
-89.4716.5140.0955.05-88.99///**-10.8664.0768.96/--/-38.197.64-58.77-24.59+-/14.1539.0**88.9,-10719.934795974501
-76.19*9.9528.227.94*-/-37.47-23.083.192.47-59.92-37.96/-/*-44.5344.75-12.52+-+/-9.35-1.8+-,-1641.4815421913686
55.7785.7326.61-89.648.428.66-66.45-28.61-22.82+**++**/-84.5312.98--/-49.5710.99-25.1719.0//*,14392.78544478333
-27.7357.4693.5468.187.51-46.81-49.51-82.0-32.94-59.091.83-89.1-78.1362.2684.39+///-++**-*+-+,2415.127987226851
90.58-50.29-64.18-30.99/+*+++43.3965.66+/-22.3186.47+53.3718.8314.72-60.3+45.24-**-/,-22835.15973750813
-34.6626.22-82.1423.9527.53-99.57-81.8181.29/77.74-71.79-15.26+*//*-81.4579.68-49.94/*///+--+,30.0290808034392
60.7716.38-68.8634.81-77.41-56.27-21.03-36.86+*/+-**+-27.5763.99-60.59-48.49-4.27*+--26.3477.7/*,1908.9404104197968
42.6940.37*--3.8-77.2228.98-31.6460.2-+*+/-70.9934.8687.2964.59-93.44+-60.8353.08*//+*-+,3869.391586760279
-41.48-76.6158.41+--14.64-83.29-40.31-25.72/*/+27.574.2941.8196.9-45.1+++/+-86.08/+*-,2843.745573258193
29.5493.9398.46-68.8822.1957.48*+/45.5220.31-43.96+-/**/+--14.44*-72.54+27.37-41.17*--85.08,-16247.833031745757
89.5947.35-30.36-32.48-93.53/*-*-39.09--34.6964.9517.01-20.88/-+/*+/-65.4-93.8721.42-22.35/--,-30.786576055537402
-78.9246.89+*98.2247.61--25.2569.85-73.42-29.04-93.0616.59-70.539.7370.85-+*-39.13-59.44-+-*-+-,-2351.3361000000004
-93.88-41.2192.6247.74-12.5610.7-25.4544.89-45.14-22.264.6570.26*/+++-**+*---12.849.7-19.05+/,2482.3808181998825
61.24-65.1319.65*-/7.56-45.46-63.6522.52-70.94-51.68+-/-8.574.728.57-/*-*/+//*19.96,-1281.1651582130692
-2.62-9.13-3.0863.1844.9858.3483.5223.758.8685.22-29.81-65.24-87.6772.7867.19-/--*+-+/-/++/,2536.1042535699607
37.66-46.4581.4659.27-61.41-46.59-26.4842.7778.497.2583.1798.21-39.11+/+-/***-*63.67-95.08*-//,497740.5593024818
-81.44*-91.2+-26.9-26.3649.78/*/-49.15*-/12.97/55.2651.4-34.31----65.2420.11-84.6356.6-/*,7409.062368673045
-57.8893.143.01-66.18-2.7199.0810.0985.7646.32-32.42**-73.07-76.55+/+-/-50.86-94.28++-+*/*,2552.6054898720754
29.4587.69++*3.36-72.92-36.79-94.47-52.64/-*/90.72-68.56-3.03-50.1-99.55+//*11.167.586.73-*,4.609497642215629
64.93-55.4886.03-65.2660.39-59.95-26.23+*-//-85.61-41.9235.3711.84-77.5*-*/-+*-58.83--61.87-96.91+,2898.5632851941614
62.04-28.84-21.2827.5777.3715.9-38.14-12.3190.37-94.3264.57/*++*/++*-*-61.33-87.347.45-68.02+*-,41342.69222913003
-4.47-27.6-38.6747.5857.33-78.67-62.59-18.11/-*/*-/17.1955.1147.27-75.86-77.08-47.5940.24-//+/+/,-3631.1512833168276
-72.75-96.67+6.41-85.64-85.41-75.395.52-67.6657.87/+*-*/*//*46.9762.8114.2962.9986.8++-/,-8964.304605935293
-82.1-83.76-*-44.6494.48-44.4528.9788.96+-*-/-*-82.52-13.4637.81-82.09-31.8675.7962.93*+-+-*,312452.9507226362
-49.65+91.67-21.274.9234.8112.62*+/*+6.1241.31+/70.7655.9170.545.1539.71++/*/84.6-1.56/,107.00259187860448
24.41-66.7753.4887.0486.6582.8377.1940.0-47.4128.16-5.624.7495.11-+/*-25.9626.93/****/+/+*,-30507.65252645306
-66.2-73.0757.16-18.55-94.57-71.9928.7-58.78/66.85-4.62-94.04-13.93+/+*-54.5836.45*/+-////*-75.91,-48.01560443190609
90.1211.9-90.45-8.37+--*87.432.96-*+-17.8424.79-17.32-53.58-67.99---49.89-52.71/+*+--14.28,611.3332843535777
71.9679.58+*-41.2397.1762.17-66.4-54.77-45.21/*/--+-63.47-4.17-12.99-71.61-2.52-23.82*/-/*--84.27,8822.802699370477
44.36-48.25-20.52-81.685.89-76.5863.6444.4289.06+69.41--+-/-50.6-27.32-74.114.1*///**+++,-551.9147893390082
-1.7443.37-11.23-49.6197.32-//+*-0.8324.91---33.43-56.261.58/-/-39.56-97.65-+-50.71-29.06*/-49.39,102.39476732624274
36.36-98.862.0960.8-76.27-47.5988.92*+*+*/+26.3--78.71-93.04-63.98*36.9*-/--4.7177.61-,-10909.426540319173
-92.84-10.0-49.45-75.62//+**-2.04-90.77-87.6286.58+**++-68.2690.04-48.77-4.24-9.0/---*-77.57,792592.6105789316
-67.15-71.82-99.6217.9590.825.97**/--/41.99//72.98-54.36-15.7792.84+-*-///-55.12-58.82-,-25.858712748364308
-53.19*--21.14*/56.92-21.8699.78-38.74***-81.28-62.18///-46.632.7197.25-/+--27.01-15.46++,-907.7386818058143
41.455.3*--50.2991.0599.51----24.7669.23+86.72-47.42-81.48-93.47-66.16///--/*32.2370.69*+,147.52609646835504
-63.8715.05-79.77-54.28-71.3775.1633.1215.84-93.4986.08-52.06-10.45-86.72*--+*/*++//++42.0416.16-,-2649.470456521238
+85.7287.83-49.62/-+/33.2925.8451.1914.1816.9228.57/-*-14.56-71.1941.18*/---2.6496.43/-,-40.449997803282585
-20.9852.05-26.595.4240.546.56*--/-*86.39-68.1411.79/---88.4695.5699.1/*--29.56-58.0272.8+*,37763.059770323554
-32.24-28.4974.9828.5-34.99-0.0543.43/*+/-+-7.88-58.31-93.67/*-39.89-30.5232.2-18.6473.17++--+,30128.63220631663
43.4996.7898.93-89.03***/-8.18/8.17+-*12.08-20.56-99.27-24.22-6.5437.36+-----60.1326.52*,-4149.161850128967
68.09-24.81+37.07-57.18-63.9990.26/*+/73.87-49.6*//50.1797.58--68.81/95.741.6988.29+*-+,-284.4205812719913
-82.88-78.688.4-14.3147.59*-39.59*/-/58.0-70.84-6.02-93.63-32.61-92.65//+//--//-31.09+,-94.5353516326888
+-28.41+62.05-68.52-95.4963.8843.21-30.426.0934.76-+**/-/*-2.0216.19*/+-20.86-86.3180.33-/,1026.5169217542655
-76.736.8758.97-40.65-7.81-15.7993.22+-*-+-/94.05-70.58-99.66-43.6532.89--*/*-37.643.91-68.49+*,-292.1459037074772
72.9523.42-5.61-41.41-51.16-70.88*/-+85.01-80.22-15.13-70.0-26.95-27.55-8.81-1.0+++/--///*85.84,-108.1882043416657
42.39-56.95-37.961.72-99.713.3545.69-53.56--+/*+++/-64.39-62.83+-22.4946.8*-/+78.5733.35*,2073.044591996413
-33.0927.8191.83-20.3645.94-24.45+/-77.7650.16-14.3549.6+59.88-27.06-16.02-78.13-/*/--/---*+,-2520.095634242164
-21.22-77.3580.86-36.0617.82-3.6437.75-99.07-33.4-66.35-22.4465.2567.35-67.18-31.64-+/+**-**+-*++,-60470.63451609196
94.6740.8874.31-0.51-45.4-12.4273.4858.66-53.4688.83-91.25-96.493.373.5127.29----/***-+-/*-,-236833.63692416187
-13.68+50.560.48-57.09-51.49*25.72-74.57-95.97-60.14/*+/+*-**/-81.61-66.61+-73.11+76.190.56+,4807.295599983579
--19.1-79.5-57.51-94.6-56.86+-*+//-32.35-9.96-67.5784.6761.8333.725.27*++--/*-94.52-55.73,-4723.505221843805
-5.5489.3870.7889.1131.81-23.08-95.73-34.89-86.8154.7514.76-19.15/-**/8.15-58.21+*-**/*-+,-56447.183170544035
-42.1192.7485.6739.2924.9860.36-24.35-63.76-77.7-58.7-84.7692.25-22.07-+77.59-97.91*-+--*-/+//*,-9162.577476545985
-2.05-55.26-45.55*-42.3186.311.2583.14-96.9187.69-74.54-*/**+/*-88.0870.79++14.0557.88-9.96--+,27399.576519265167
7.1211.7-31.1629.5571.8541.37+---*-*-24.129.6246.1483.76-+/-83.15-56.34/*37.22/58.46-62.15+,280.2387427796675
24.35-39.45-24.321.168.58-83.0259.1479.3*+-47.3896.09*/-65.1892.1268.03-90.688.94-*+/-++-+,4626.146442612976
4.0851.2849.73-85.85-38.5688.56-10.54-15.967.8-*49.1958.54//-**+*+*-39.4767.6139.38-11.93++/,-289672.9572133891
-8.97-28.31-62.6519.98-74.98-59.13-93.94-14.23-91.15-9.38-12.3734.2129.86*--*/-+/-77.249.49*+/*-/,502.20142950306956
0.03-49.4860.68*--74.5821.31-/47.58-3.79-68.52//65.06*-47.2-50.65-97.1214.46-22.2211.5/*//*,-3022.080162231958
62.38-42.69-8.9545.19-69.63-92.4-70.11-51.75-98.74//*---/-12.49-56.72-75.44/+--58.473.83++/*,-46.635882613949406
-87.74-41.9659.8633.17-96.27/-**/56.27-26.54++-1.083.99-54.8371.27-44.58/+*+*74.33-92.85+/46.98,2416.2390317141985
72.5432.0346.19-5.5155.22-72.17-64.78-69.03+-32.39*--+--//+-*-26.25-54.4/43.81-55.6823.63//,-2052.278200438438
-72.34-13.58**26.5321.09/*54.81+-13.6356.69*+**-47.4/-53.3-9.02-91.04*56.642.76+-*+-,48595.257240702995
73.6-55.55-43.6268.2832.08-73.9555.44-80.9690.618.73-15.5826.05/--/+***--++30.99-14.25/-/,-8980025.181082284
-30.0141.19+34.3320.67-90.7937.69+/-/*73.31-80.51/-42.52-36.88-54.23-83.2231.67-87.5458.34-+/*+--,74.58801933703037
23.3165.055.33-87.59-53.33-57.83-/+*--/-32.13-85.7622.7951.35/-63.35-+**-*-34.82-24.42--54.49,3592.5011628715183
-39.6-36.23++-36.6743.59+/79.5635.62+*51.45-21.33-99.8980.4594.8438.38-16.08-39.02-/-+/-//-41.38,44.508343533655065
43.48/8.19-47.24*/56.592.54+*-96.58-91.49-40.396.21-45.37-13.71-22.881.62/++-+//--58.69-1.97-,679.8119483315671
66.48-48.6-26.730.61-67.9732.83-26.5244.53*/+/12.58-42.57-53.7-3.9730.6585.59//-**-/-+/-46.48,-20.77622100337951
91.660.123.4-10.5423.04-25.97-43.6-90.9-62.59-//*+*-*-2.52-51.43+-*86.49*+-14.5989.15+,1973.5021430249435
66.41-29.6380.3811.12/+-+71.8444.6-89.59+--29.11-32.3328.64+**-+*-47.7448.7-*12.0398.06-,330954.9328068714
--97.524.5518.3-70.82-77.1*/-35.3531.3+/**/*65.0382.9341.66-5.919.8886.17/*/--+-91.66,449779.09353770595
98.286.2716.11-99.36+-+*53.59--0.81-77.41-/+*53.61-41.592.84+-22.17*-**-73.16-51.92+/,-659444.5791154125
-27.525.34*-/-3.35-28.3168.59-8.36--96.81-37.21-34.16-61.4983.13-*--+*/+--61.0455.0789.53++,-83.48301363328571
-90.8279.691.3279.25-79.76-73.6532.91-69.16-84.22-51.5174.21-36.628.79*+/+++/+**-*+93.62-6.75*,-577720.4908323959
-28.2773.38-/-36.1*30.78+-75.4-1.39-29.79-51.7-43.54+-15.699.52-1.9386.61-83.09-99.77--**-***,73.37999459184304
-25.59-67.567.6962.4897.8344.52+14.9630.7-92.3393.76-0.5796.16-/+-*+/*40.42-18.86/---+*,1104.6086617881524
-99.77-27.7764.9923.9760.23-92.68-*-*/+63.3255.98-33.69-53.67-14.2986.39-38.86+-/+-/96.91-8.89*-,-1619.618644123584
-43.982.377.2575.36+**-83.38-60.99--*5.93-21.93+/65.18-22.97-18.8//-47.13*-46.84-91.89/-1.3,333.38640283997836
-95.4937.86-12.56-55.9448.5265.3692.854.4750.36//-/*39.9739.61-27.08-3.7931.15-86.64/*-*/----,71.10003917623247
-43.03-64.9793.38-37.9310.5563.38-29.18-77.6840.26-38.22-77.93-63.01-79.76--98.7784.96++/*/+--*/-+/,-47.43399279044754
-30.6/94.2276.2611.82/*--20.46/-67.584.81-41.31*-/48.5313.6598.63-84.29+--*-88.6-0.03-25.11-*,-2.110248926054411
-91.692.1-81.17--0.8485.99//**49.76-65.82-1.8229.859.16-26.79--/81.5626.23-45.32**-/-*/,38572.186148917426
30.3722.6888.42-93.05-68.9314.67+-+*//-59.38-70.21-21.5557.05-92.74+/-**36.6958.58-79.49*-/-67.77,38.79000340173413
83.36-60.41-45.16-58.12-79.681.2360.31/48.05-17.33-33.64-96.0775.14-85.5513.61+*-*+*//*/*-+/,-9592.755663787986
-3.64-8.8811.23-98.136.86--0.98-72.24++++/--77.59+-30.7378.39-46.455.99-8.11-79.0+--+-+58.14,-207.56043956043956
23.56-4.777.2-83.5310.9491.85-97.5940.3647.4471.46/*/-*+---+50.88*51.7224.05+---77.75,-1297.9519657511628
78.85-88.0+*81.73-12.07-*96.2461.88-77.0975.26++*8.3340.0-87.31-45.54-85.37-54.251.99//-//--,669798.8091599845
-95.1/85.0777.1414.35-87.26/++*-77.6898.0531.02+/70.03-14.8486.27-4.7629.1930.03**++//-+,41.49860171442464
-2.01-8.219.58-4.71-67.019.18-24.71-17.2583.64+-**/*////48.77-18.09-46.22/+-40.13-56.42**36.92,66.39089360172761
-38.0542.4218.242.07++-95.1415.68-**+7.54-56.32-54.3954.89-29.122.8118.29+*31.3454.65-+/--/,-29182.827359555384
-89.97-95.27-22.958.51-60.35-61.4-8.25//**-*-56.9590.73-19.94+-*/-52.0645.06-13.26-89.7811.21****,55.54559272920511
-5.65-76.6967.0488.1646.52-6.9214.44-39.63*-58.8+-6.43-41.26-75.4558.17-32.94--+/*///*//+-,-80.28353798920148
20.08-64.28.9178.27-31.7-26.4456.322.75-/*++59.9414.6*/-/--90.98-3.26-98.85/+/4.1817.71/,787.8530442914489
-62.9179.72-35.6429.1161.9461.96-90.43-91.8-71.2-58.18/-/*-**-*-/65.7798.2-83.9640.45**/56.45,64142.01539014331
-30.8684.76-22.22-11.2756.09+-/*-53.2284.667.9195.03+-+*/99.7356.1211.34**--28.625.89-20.12-*,44.816761310267026
+-92.63+//21.75-13.62-34.71-5.2-40.9/++*-49.7322.12--29.98-48.4187.05+/8.22--19.97-80.89*,-92.63028144869575
65.04-83.53-8.5-/**-*-89.43-59.48*65.5263.05--33.84-88.636.56//23.93*-57.34/*-42.7151.44+*,46.20531518145978
-21.74-13.88--84.5820.54/*40.650.42*/74.93+98.3563.33-52.53-94.68-99.43*/*-67.9597.53-36.18+**/,7.85999652820059
-83.39-58.2397.72-25.9539.9672.11-34.69-39.4125.7556.7778.01--*+--++*---57.9874.1933.4652.92//-,-4801.509418101607
64.97-77.4428.67**33.99-99.67-52.63-73.253.34+*+/*-42.21+64.8457.44-97.14/*7.26-54.2717.11*++,-8684930.591874331
-23.26-38.3136.0989.84*+*21.96-5.91-+/12.0-50.19-84.7744.76-8.16-72.15+++/42.54-53.78-**+/,4310.025817548667
/-9.28-97.29-48.126.0621.5451.452.88-37.43/*/-+-+--0.53-58.4677.3179.8764.29-*+--43.08,6156.810637186139
96.9657.98-90.02-82.8934.06/35.46/-+/*+/8.29*-75.18-98.88-62.46-99.4-85.76-+***-49.69-26.14+,20.031427449065713
65.77-96.7-25.4399.85-7.7128.61*+*/+/-24.37+-47.59-57.72-/91.57-58.57**20.0852.56-27.7-73.53-/*,-194.31533865349923
-63.69-43.15-10.4*27.6923.8145.1280.8821.4-89.3820.3950.82-92.8358.09-86.74/*+/*-////+-+-,-125.65678791127445
28.3488.41-80.95-29.0458.95-51.07/*+*-**49.8913.8626.2659.65***97.69-66.96/-/8.3594.83**,407801.0163612973
+83.3968.79/53.6398.6336.41*/*18.1260.97*+/3.78-44.3-44.07-89.4959.296.13-60.79+++**-*,-25608.93857291921
+63.95-74.38--88.95-83.57+/93.97-46.62*-58.95***-58.21-41.125.25-84.89-12.01-67.09-0.82/*/*+*,-221.90000015345473
65.1717.131.4974.785.69-64.56//*-***/*-52.9647.17-77.7814.6696.46-5.71-74.73/*-++**,-131.558171789968
35.71-74.26-44.23-9.9491.12-20.17/61.6492.35-83.27+-+--**+---98.06-73.26-2.46-60.569.54+*+-,-39896.741744
44.36-61.97/--69.22/46.916.97-20.5276.05+/*--*69.9839.7692.16-46.0471.95+-61.44-++-+*,-182074.78144157334
-33.68-18.81-37.39-94.3-58.43*/*+/-5.67/*45.5272.65/19.74-0.48-5.83-33.71++-16.4628.6730.36--/-,2685.745689010794
-58.8650.2169.6857.7841.82-92.6478.27*++-*24.955.6657.32/+*//10.71-23.337.81-22.36-9.47*/-/,-7080.150791004632
85.13-41.6721.111.5829.18-96.17/***/+96.6279.4513.8274.8484.237.27-86.94--**/*-22.45-19.61--,-3324.555623045682
10.72-70.16-24.447.9-13.56-26.26-1.64-50.2632.7297.43-+88.78-93.99///-++*-+/31.89-4.5610.07+*,-990.0048475905797
83.9**43.0196.4724.3139.0158.48*+**-76.24-9.49-17.12-38.45-97.1439.3440.774.99-87.93-+*-+-//,31758039982290.887
-53.81-7.4918.62-8.2398.67+///+61.0*86.06-49.9-97.94-30.246.7480.08*/**//-31.9395.0534.61*/,698.7867065006157
92.69*30.13-24.74/--71.53-18.16-54.3912.7679.0873.6425.8653.51-43.5931.1+/++/--83.9939.13**-*,355336.32807629876
83.0253.98-4.37/*/34.53-25.45+/-76.49-59.3489.7271.3483.6/-//72.6622.22-*--*43.97-17.39+,0.26426110847857537
32.47-1.35-94.7579.63-1.4331.2--*-*--30.57-66.8-40.96-5.77-0.09*+--8.72/73.83*+-/*19.07,14301.845188354595
39.86-19.42-48.62-3.16-66.143.6-29.6-62.02-55.7-87.55-0.8318.0-17.81-*-/*//+/---+-27.45-97.67-,-24.894446266341106
-63.0114.43-50.4577.8456.13-66.3165.22-60.14-18.29+23.7-3.260.16++-+-/-/-50.76+-/**-,653.2725907847334
53.2468.3790.91-92.64-49.15-68.58-39.95-29.76-37.35+-*++/+//36.62-36.5-32.2-30.93-++-50.7654.98*,-2857.0504901908657
92.33+85.27-90.52-16.26/++-60.3-12.21*/0.89-86.13-81.6951.94-23.81-25.87-55.02-23.99-77.17-++/--/*,-117719.44869353618
-72.11-83.6231.09-73.436.747.97-84.314.76-97.21-9.3239.17-9.74-78.9421.24-77.77+++---+//-/+-/,-47.918967038029095
56.5545.227.2227.81-67.3991.221.65-3.4784.1243.23-26.021.2265.36-78.92-5.32**--/-*+/***/+,-17199.65264354032
26.6173.33-44.93*/--58.3391.0780.3720.824.4598.93+-*/*/-72.82-96.0444.88-13.27-20.08-9.07*--/*,-87802.43201193448
-63.02-67.05-13.12-20.9212.91*-44.09-26.787.65-84.4185.4841.76--/*+*+-*/---58.5953.9817.41//,-2369.871084181384
*93.748.89-84.4-85.512.3863.33+-52.6397.84-++//--73.3911.03-25.1961.14-3.73-*+***,-76630.3841502251
-98.3436.84-38.78*/*-24.66-39.22-14.16-12.4456.6756.7727.4444.02*/*/*+-*96.8718.9348.53-+--92.79,97920.0969623682
10.14-1.81-45.71-2.69-28.92-59.258.51----/-+49.1874.19/--3.67*37.82/-50.56-20.1197.72-18.83+-/,67.25271610585885
89.89-26.64-18.2469.8381.5463.3951.78-78.65---**/-+25.79-45.35-9.07/-/55.7372.5926.42-88.05*+-,-4182.062128405681
-51.96-62.8222.048.46-4.05-59.5244.8-32.7518.15-46.2358.48**++*/++-34.8450.884.97-64.76++/*/*,-48424.36329012003
99.5874.83-67.56-94.1937.64-73.855.5176.0489.869.72-23.44+-/-*-++*63.21-54.92-60.6*-/-+,317400.64659774944
14.39+84.779.7925.4813.3660.58----++--3.08/-92.6-63.35-97.54-33.58*32.670.38-+*++-,7.327069204296798
24.8387.0-40.3731.6216.62+*80.8545.2583.11-20.42-30.1+*//54.2837.44+78.23-77.53*/**/+*/,-4972.893829788364
-22.3410.49-/-21.4643.83-98.6979.4125.67-70.6++++/-89.6161.0195.28-90.27+-**63.4--21.92-50.54+,10.490044412473392
90.87-28.3939.24-62.95-88.13-6.970.3175.72-61.2690.5546.39-85.97-82.11/+*/-++89.76-89.36/+++/+/,-241.65736385416105
28.7876.0879.6//-+/-11.95-10.68-37.89-88.8875.7234.47/--+31.4538.4-53.09***+/-63.5820.6*,-75.4441327656353
21.9237.2522.54-82.7720.6683.7-62.92+-26.12+73.38-/-68.2922.3719.2189.0-41.84-//+*-**+*/,144152.2744912377
-84.39-56.69-9.68-38.4519.9466.36-51.36/-24.5244.82-85.326.82-/----*//--63.76*52.355.96-26.68--,-8691.188865091559
15.313.25-60.9875.88-73.2414.7329.05-+--+*-0.4937.0-30.78//**49.52-2.64-42.95+/*-44.1377.67+,-2257.326796340133
61.45-2.3943.94-65.2833.287.25-78.05-3.4-90.635.76-2.35-30.41-6.9120.93-18.23/-++/*++/++--+,-394.3436359913793
-96.4221.05-*12.3440.56**-61.48-89.2532.61-57.7+/++*-68.9236.95--31.63-19.93-88.7-24.4478.37*--*,-12559329379.54194
/-29.91-14.05-9.56-66.2-1.25-86.7*+-+/+--32.77-80.87-67.26-10.6-41.23-27.32+/4.2396.21///-*,2691.9354163165794
13.56/32.59+64.0556.3139.35//--60.149.74*-+-26.31-24.28-/78.7742.8-13.3563.9-49.24-//*,0.1127480975739549
7.59-56.97+*72.167.86+-/42.2328.21-26.95*-/-89.3855.733.7594.2898.12+**+/-0.29-78.8*,-150288.03321793737
-77.28+9.87-53.86-54.64-69.766.028.811.96+*---40.94-95.98+//-*-65.64+-54.4840.11-60.16-90.1*--,52918.455336254716
16.19-53.98-65.547.62+**/62.85-60.67*-/61.46-36.93--97.0383.5317.5+-/-20.32-75.32-65.0367.35*--,-911.8019514045641
47.2653.2313.1256.281.5664.8510.5540.79-88.22-86.0*/-/**//+*-58.7925.547.3216.44-21.43/*++,-4302.442277364415
35.3943.3-1.08-5.8266.6-63.5312.89//-97.63-12.98-3.5455.9920.92-51.67-54.5618.8*//--*/*+/-+,35.762077679127025
-23.7639.19-18.4585.17-80.68-86.68-76.262.61-19.376.7150.27*-*+++*-**-59.4188.02*---71.22-92.35+,-3783991.6738850996
-23.4414.3/*-84.45--90.44-40.52-28.84-20.14-16.2866.639.81+-+*--/*+30.7190.7137.17+/+82.78,-265.0829555324975
20.79-40.1612.3993.96-95.1743.2915.8252.76**--23.17-11.12-58.092.6713.58-++**-+-/64.14-75.42+,36387.706290926726
98.94-1.92-1.0-82.41//+*50.7+64.59-73.77//-48.6554.65-61.55-54.48-23.1-84.3632.84-86.88*+*+/++,93662.75029981471
-10.8-63.02-94.28//+-34.7576.1642.55*++-23.3572.08-44.52+-/20.244.28-16.48**-59.7376.18-16.02+*,111.38026700201678
*-75.5640.33-31.736.9914.06-63.1873.76-42.55-52.09*/+/-19.66-72.48-+-++*-/13.89-41.56**-48.52,-3040.489972890449
14.6810.6445.64-94.11-43.51-19.96-19.495.8114.82-74.3898.35*48.63-17.0533.91-*-*-///+***-*,-3727756.7725120373
7.92/-52.21+48.261.74-/++*-17.34-47.08/-75.0747.15-+/-68.06-39.89--2.57-20.1347.16-++-41.5,104.15392694947079
97.4868.4962.4397.65-30.2614.08-95.3492.71++-**+-+-88.0851.12-*-18.2-72.8336.24-66.62-67.7--/+,182852.94622644654
-22.71-5.8159.59---**-64.643.23-17.26*--**-79.9314.013.13-84.62*/*+81.2252.93*/95.08,19159980.299476657
73.0388.26-49.55-28.2142.56-84.24*--++*22.06-86.19-63.3622.9926.47-94.054.4620.53-37.01/-/-++/+,-57455.651754192964
-91.85+-17.7720.1428.9276.48*-48.16/+-**/-11.03+6.17-54.8928.1169.8810.845.8638.6//*---,-703.6619220269533
-57.5194.0450.56-/*37.32-99.34-2.3953.75-55.09++/-*0.7365.1367.761.04-89.8729.93-20.53*+*+*-,103276.39260069882
17.5990.9535.0923.7163.54-86.65-76.8186.8439.8531.92-37.76-52.7650.8-71.61/*+-*/*+-/+*/*,2652.233342750887
42.7790.6559.4329.03-85.5356.01-28.34-63.6930.25-61.82.41-4.790.62+-36.28-**--+-/-/*-/-,-209.87669388828377
78.68-39.3795.6269.4-31.215.73-16.48+*/--//-74.14-86.65-16.76-32.47**+/89.97-52.31-39.28-8.04//*,-1784.8835895320922
-73.2822.75-69.2426.33-85.19/17.43-9.89+-++*+44.6-94.99-32.39-76.53-37.5120.27-*+/*/67.9248.12/,-4591.683359019966
70.08-55.19-80.2349.9547.9815.18-93.54-13.4-14.7228.59-17.59+/***-///++33.11-19.097.64-76.47*+-,-44366.55079366417
-61.05-78.4-33.197.42-82.7628.1110.1410.2489.5754.75-71.01-72.96+*+/++/-/-71.17-19.5-57.0-*/*/,-3942.785482100922
83.2186.51/-59.8-22.37+/+93.61*-89.7485.64-41.08-16.84-47.9297.19-85.92-93.2-*++*23.3580.58-++*,-45000.39783488276
45.68-72.58-43.0989.42-27.9622.97+-61.75-69.643.6669.5934.5134.43**++20.74-74.15-//*+*-++*,79224.75328839503
*-1.2139.37-55.1-70.71-98.5125.65-89.9-22.6911.42+-+++-39.6794.25//*87.63-50.9981.9*-+-*-62.87,367510.9261071401
-58.61-98.5732.0914.1-28.2376.35-13.5861.67+--///+++63.32-85.31*/70.5622.23-28.2546.93/*+/,-138.59081801216263
15.68-78.47-94.2-//36.1735.08-28.43*/+73.8589.96+*93.4727.43//69.784.33-61.6685.18*+*+/,-94.1197778865402
8.6957.5822.6561.31+-26.55-98.342.9414.48-39.54/--/+*-/-94.3472.1599.11-71.64*---83.8428.64*,1316.1248055469728
53.054.47+-56.089.28---87.4894.8-72.1232.0769.0124.3569.48-88.63--+++-+**-50.84*-41.81+-5.19,6898614.8467999995
-32.94-68.75+-39.6540.4269.94-26.337.61-5.484.2-55.6/---71.3673.7-35.56-92.77-*//+---++/,-42.78882731359439
20.44-89.15-83.75-71.639.67-58.3935.43-56.02++/*+/-29.0947.08-47.66**+-*70.6976.67-95.95-33.21+*+,-4995312.648618038
84.6-62.79-60.02**89.12-13.63+*-96.77-53.93-19.79-*/-69.7122.75++-90.0135.74*/+-17.7820.84**,24068477.6204981
-54.264.44.4276.0611.69-58.6148.49-82.57-11.634.44+++-///++*66.3797.7285.82**42.56-90.65/*,116517995071.24832
32.52-9.5974.33-89.57-+*/82.56-88.7217.41+-*-83.7596.6944.63+---51.1141.77---79.4467.7380.69--,-163.88443299967585
74.7130.74-25.1120.3547.02-4.78-48.14-44.02-*/***-57.97-88.5137.6170.19-24.63+**/71.0280.96/-+*,-452512.62988802604
73.61-27.4722.44-/42.99-44.75-17.32/-73.7327.79-26.1-44.35-17.24-*-++*/89.5298.8-1.66-90.56**-,-16807.51343935509
64.46-79.010.978.68-27.41-85.95+-/+--35.04-64.75-16.327.41-25.16/--*+52.4-38.32-82.28*//10.64,-2555.6557261119806
-42.3257.7810.95-52.56-57.65-55.8513.1460.67-89.0-56.8544.74//--**71.3981.84-*-41.8964.37+*+-/*,64434594.788882434
33.7-2.51-83.8965.9296.844.2-89.8-61.25-61.15-59.4986.8739.78+*-*+*37.46-79.7946.7+//-+*-/,-14590.859827897682
70.7917.59-4.36+**88.24-43.65-28.8361.0799.7439.37-90.03-37.48-99.35-1.5849.6630.13+//+-*/+//*,43444.09703687638
-64.3744.0383.263.9625.32-+*+-21.12-81.5585.34+//-95.8950.5442.33-96.4292.04-14.67*/+**+,3474.9249728957534
-50.1424.51/-5.87-64.62-39.241.47-56.5912.41*/+*+--18.07-94.01-97.66-33.13-97.098.62-//*++//,2064.3141517417057
-38.2246.0533.6558.09-18.86-9.2922.03-31.8874.87//+*/-***36.25-5.16/+/-58.6441.52--84.23-74.92+,-9425746.87687039
83.932.2689.64-29.5847.64-16.56-47.8476.74-45.8284.793.64-*/-+-/+-*-67.7-72.17-54.84-73.09++/,349319.24855729245
/-28.56-76.11-0.71-79.51-93.23+1.15-20.71-*26.57-62.2564.8844.0768.41-87.44/-**-+/+-*/-,-3685608.8570620725
92.3133.8179.9959.5---*-20.97+98.03-83.4418.28-62.82-62.5-81.2589.72-26.4173.7553.91/+*+/--//,214623.86517017861
-30.29-82.3-5.43-39.52-59.876.1162.3567.2330.9247.488.19-71.8--*--70.84-36.6753.29+--//-/-/,-1596.2046226628968
76.81-73.35-88.4722.87+/-*38.8881.9947.18+/42.2781.4873.03-82.03/*+*-47.2977.03**/-7.3654.89+,20.69177373743081
-84.65-44.95-5.99-+-/11.928.365.985.9-5.45-*-/-16.71-62.655.25-46.6710.9787.947.64+---*+,-404.4826452952582
20.8961.67-82.3316.07-12.63-22.788.0939.43-8.381.76-49.1399.189.496.4175.48--//--+*-/**+-,5967.793024147863
-23.8317.68-86.21-28.3748.48+/-11.385.9462.1891.49/++-81.37-55.23-65.8599.889.64/-+-/--**-45.86,-19237.020328091596
-77.2863.25*70.24-3.39-48.262.2-70.49-39.655.26-10.09-1.32/-//*-+*/-55.5819.3-50.84-*++,910.7276703197115
-86.6681.3-84.85-8.880.922.782.67-43.34-23.66*+-/94.1567.73-/-56.95-16.67+-/*/*+73.2-92.94*,-4946.652581954463
6.59-13.889.9755.9226.73-88.04-76.2610.45/55.25-7.0675.9251.17++*-/+///+*//-14.4538.8+,-261.2071385461914
19.09-0.94-67.438.2931.1221.54-54.77+*+/+++-77.0147.9939.991.6490.1184.7248.61-91.57-/-/---,530.277167302651
-28.862.01-36.4288.615.8455.66/34.69.2810.2161.55/+/+*+*/+60.7940.4711.654.766.97//*-,1350.3703190210872
-98.29-61.8416.57-3.41-40.6677.08-26.7810.4523.8-26.42-94.85//+**-***32.75-34.3281.41-***/-25.16,8729187973.270403
-76.16-43.11-4.4434.81-95.6175.1550.2-52.01-46.25-97.69-89.03+*/+--//35.833.96+-87.7181.89////,-200.85103715397395
44.4146.4786.27-43.7-42.45-48.36.3596.39-30.13-37.6763.33-77.63-16.35-42.3-27.38++-+/-+--++*/+,79.22123365226052
-14.46-82.9517.885.871.7295.73-36.26-41.26-24.30.21-/**-**-/+90.0-92.6163.320.98-46.77-**-,211.17547724063024
4.5372.8580.1943.8260.381.51-34.1140.231.32-31.55-60.04/++++*/+/*-49.04*/-74.28-50.53+,151.87760077498064
71.4577.55-91.5258.250.17-69.11-44.414.041.91-55.1691.4740.3537.662.9498.41-+-/+--**-+//+,-378.6955421276933
-61.76-58.7471.5999.4381.99-70.1526.3756.4998.6855.0-36.18-+///+*+/76.3481.97*-**34.75-87.37+,190875.62172413588
-69.54-95.0898.8586.48-75.87-49.0138.7652.77--/-/*//15.2197.3949.69+*+-99.5682.8853.22+-*9.36,13.364200644801894
38.4-21.26-93.76-24.42//*97.26+6.78-5.2612.54-/*29.0-91.0120.22-6.27-71.61*+-28.42-58.47++*,-140.63225206822972
-3.322.15-79.56-71.52-89.5223.28-97.64/99.51/27.6511.088.16/*/*-+*-34.423.7121.97+++*--,5339.424373091786
-62.35-42.03-42.3486.2829.33-60.2120.33-31.77-40.0480.64+-4.6712.18*/*-56.1376.02-82.55**+//-+//+,-1137325115.3347597
-74.35-55.2230.3243.78--*++*42.2126.2839.81----97.65+-38.3385.81-/-12.5735.88*-2.32*/-,-5564.5220923390725
80.1-86.7363.89-42.5486.73-27.8868.49-61.1736.84-33.8687.0748.39-+*-+-*+/*+-77.6454.2639.93++,5715.362805133823
58.9677.92-98.36-50.21-9.8773.48-85.76-98.2528.0438.8834.1868.3223.42-44.35-93.48+/+//--*++/+*/,-8576.165576959167
85.25-55.3559.33/--89.9532.6137.6819.6143.39-84.69-56.85***+*//11.43-67.15-33.394.6618.4/*+-,-2262.215172317449
84.5866.29-17.89+/67.92-30.41-45.3124.1372.91-18.88-82.42-84.0993.5-25.32-88.17*/**//-+/+-/-68.87,-25.30751240181118
53.39-72.37+-52.02-91.97-88.978.38-40.34-51.39*/32.68-79.6174.365.22-46.7+-+----*//**31.27,1713.3670469207043
-5.7717.437.0381.5964.19*+/-33.97-38.74/+*+-17.24-9.0577.8770.11--/+*-92.5535.21-34.27*/66.03,5351.464301577617
9.029.14-99.48-32.5674.67-54.0452.67--+--/+/-52.79-87.2253.01-///49.47--42.085.725.74*-,148.73263404825772
34.3-45.91-8.2659.6811.5939.71-49.9262.35-96.01+-+/94.02-2.14-+/+--++*-14.91-41.98*/-61.35,-510.7777553605941
